model,feature,mean_importance,median_importance,sd_importance,mean_rank,median_rank,number_of_folds_nonzero,number_of_folds_top10,number_of_folds_top20,number_of_folds_top50,stable_top20,stable_top50,rank_by_mean_importance
ESM-2 Random Forest,esm2_0017,0.026784946352842055,0.022794194299091502,0.007012166164909632,3.4,4.0,5,5,5,5,True,True,1
ESM-2 Random Forest,esm2_0941,0.025431098164884647,0.026370290339518744,0.005489265899855649,3.4,2.0,5,5,5,5,True,True,2
ESM-2 Random Forest,esm2_0511,0.023981342937347428,0.02354753517504365,0.0029123110596800785,3.8,4.0,5,5,5,5,True,True,3
ESM-2 Random Forest,esm2_0902,0.02190812269567651,0.020974021115658683,0.005392543730445052,7.4,7.0,5,4,5,5,True,True,4
ESM-2 Random Forest,esm2_0880,0.02164064587038609,0.019822636210723263,0.0077622395843686565,7.0,6.0,5,3,5,5,True,True,5
ESM-2 Random Forest,esm2_0837,0.021106092497186917,0.02134597023630247,0.0018590465788430374,6.2,5.0,5,5,5,5,True,True,6
ESM-2 Random Forest,esm2_0742,0.020346987103718593,0.019063841357974256,0.0036404262430844996,6.8,7.0,5,4,5,5,True,True,7
ESM-2 Random Forest,esm2_0126,0.017685476121320855,0.020052584878538657,0.006763156197612711,11.4,4.0,5,3,4,5,True,True,8
ESM-2 Random Forest,esm2_0826,0.01757092002104127,0.017944536873737368,0.003926053104605496,11.0,8.0,5,3,5,5,True,True,9
ESM-2 Random Forest,esm2_0642,0.01646784653984698,0.016789246047038943,0.003446022410477266,12.4,13.0,5,2,5,5,True,True,10
ESM-2 Random Forest,esm2_0739,0.01606996672456943,0.01660969743413397,0.0014785823736665853,12.2,14.0,5,2,5,5,True,True,11
ESM-2 Random Forest,esm2_0647,0.015905340242506835,0.015365415540657696,0.0016313716460092326,13.2,13.0,5,0,5,5,True,True,12
ESM-2 Random Forest,esm2_1129,0.01525185424651233,0.014414585254099714,0.0023330137558268847,14.4,13.0,5,1,4,5,True,True,13
ESM-2 Random Forest,esm2_0801,0.014829532407850348,0.01544572430338899,0.0017563452438795416,14.8,13.0,5,2,4,5,True,True,14
ESM-2 Random Forest,esm2_0761,0.013849690875576155,0.013509792904012915,0.0047801674814801215,19.6,16.0,5,1,3,5,True,True,15
ESM-2 Random Forest,esm2_1213,0.01384890637120569,0.013636087037502352,0.0036345320199251915,18.0,16.0,5,1,3,5,True,True,16
ESM-2 Random Forest,esm2_0061,0.012860747987511707,0.012460036155133657,0.003848099326402957,20.8,19.0,5,1,3,5,True,True,17
ESM-2 Random Forest,esm2_0924,0.012455781084565732,0.011759476520212177,0.004525167153643147,23.2,22.0,5,1,2,5,False,True,18
ESM-2 Random Forest,esm2_0074,0.01189039237486883,0.012524804611135037,0.0017012112868707906,22.6,23.0,5,0,2,5,False,True,19
ESM-2 Random Forest,esm2_1055,0.01172574451669146,0.010108413123267171,0.0025321032891103316,22.4,26.0,5,0,2,5,False,True,20
ESM-2 Random Forest,esm2_0026,0.011703547560976777,0.012280030308160973,0.002834610455931919,23.8,20.0,5,0,3,5,True,True,21
ESM-2 Random Forest,esm2_0003,0.011362353273287532,0.012021728272007766,0.002640378740757318,24.2,21.0,5,0,2,5,False,True,22
ESM-2 Random Forest,esm2_0158,0.01116194917007069,0.012157106834659688,0.005444437249659044,29.2,20.0,5,1,3,4,True,True,23
ESM-2 Random Forest,esm2_0362,0.011019533703140388,0.010172309025618366,0.0022037130107441134,26.0,27.0,5,0,1,5,False,True,24
ESM-2 Random Forest,esm2_1076,0.010514860962471062,0.010330156702324886,0.0020809466720897963,26.2,23.0,5,0,1,5,False,True,25
ESM-2 Random Forest,esm2_0244,0.010423341139403783,0.008207645301518776,0.005647256401074035,30.0,34.0,5,1,1,5,False,True,26
ESM-2 Random Forest,esm2_0201,0.00998110648769376,0.010451284896585398,0.002073846608511933,28.0,24.0,5,0,0,5,False,True,27
ESM-2 Random Forest,esm2_0753,0.00992280313862052,0.010079400627496345,0.0026087410771062107,29.6,28.0,5,0,1,5,False,True,28
ESM-2 Random Forest,esm2_0037,0.009837296127649543,0.007620169502793866,0.004194476882366621,32.0,36.0,5,0,1,5,False,True,29
ESM-2 Random Forest,esm2_0038,0.009808887791332084,0.01068162691886393,0.0033134750518945912,30.6,28.0,5,0,1,4,False,True,30
ESM-2 Random Forest,esm2_0627,0.00935455515048556,0.007913733879909075,0.0027703414339238378,32.4,36.0,5,0,1,5,False,True,31
ESM-2 Random Forest,esm2_1034,0.009215039255606064,0.009331450257396042,0.0009910165872502033,31.4,30.0,5,0,0,5,False,True,32
ESM-2 Random Forest,esm2_0948,0.008874477179673941,0.009552871075361288,0.0028414222189023846,36.0,34.0,5,0,0,4,False,True,33
ESM-2 Random Forest,esm2_0945,0.008665739076255913,0.010411861425685207,0.002887725687272168,36.8,29.0,5,0,0,4,False,True,34
ESM-2 Random Forest,esm2_0143,0.008358929363008976,0.00973969117232791,0.0031416946276682373,38.4,32.0,5,0,0,3,False,False,35
ESM-2 Random Forest,esm2_1007,0.008232330894546967,0.008564777945941722,0.0022991350898005198,37.0,36.0,5,0,0,4,False,True,36
ESM-2 Random Forest,esm2_0620,0.007573594301831526,0.006723437319183237,0.003092770435508296,42.8,45.0,5,0,0,3,False,False,37
ESM-2 Random Forest,esm2_1173,0.007483471621111131,0.0065803033885984945,0.002450892806466996,40.4,41.0,5,0,1,4,False,True,38
ESM-2 Random Forest,esm2_0467,0.007381367009200246,0.007581706940302537,0.0016762444192359276,41.2,39.0,5,0,0,4,False,True,39
ESM-2 Random Forest,esm2_0807,0.0071812440417644285,0.007486925504971261,0.0017571709091192018,42.4,43.0,5,0,0,4,False,True,40
ESM-2 Random Forest,esm2_1192,0.007109046497794746,0.007490220246977044,0.0018334641012309402,42.2,40.0,5,0,0,3,False,False,41
ESM-2 Random Forest,esm2_0240,0.007047754613856791,0.0054796519015963534,0.0051252193467450895,50.2,52.0,5,0,1,2,False,False,42
ESM-2 Random Forest,esm2_0756,0.006984919427003693,0.007307066663184856,0.003214575077428091,45.0,40.0,5,0,0,4,False,True,43
ESM-2 Random Forest,esm2_1219,0.006784118502800539,0.006721700175193745,0.0008909659768801443,42.8,43.0,5,0,0,5,False,True,44
ESM-2 Random Forest,esm2_0348,0.006410272467876196,0.007387031108869877,0.0029819227539223136,51.4,42.0,5,0,0,3,False,False,45
ESM-2 Random Forest,esm2_0122,0.005613147994226827,0.006994569899008699,0.0030102274865910234,92.6,41.0,5,0,0,4,False,True,46
ESM-2 Random Forest,esm2_0674,0.005545479416384372,0.005532669057796438,0.004049886282631939,77.2,54.0,5,0,0,2,False,False,47
ESM-2 Random Forest,esm2_0707,0.005503697409734579,0.004839484930607296,0.0029506873228834335,55.4,61.0,5,0,0,2,False,False,48
ESM-2 Random Forest,esm2_0692,0.0054050243344099125,0.005513517235512652,0.0003266495160844358,52.8,52.0,5,0,0,0,False,False,49
ESM-2 Random Forest,esm2_1141,0.0053870955324499875,0.00574867520422138,0.001704164469885589,53.6,51.0,5,0,0,2,False,False,50
ESM-2 Random Forest,esm2_0135,0.005295564475665472,0.005142961170790175,0.00037530290762819124,54.0,55.0,5,0,0,1,False,False,51
ESM-2 Random Forest,esm2_1078,0.005084720316697703,0.0032282024609509128,0.004712374122593346,75.6,74.0,5,0,1,2,False,False,52
ESM-2 Random Forest,esm2_0400,0.004936357505660024,0.005148055036752328,0.0014065290011152044,57.8,56.0,5,0,0,2,False,False,53
ESM-2 Random Forest,esm2_1145,0.004869378782544466,0.0038469714019588185,0.0032567501773142268,62.2,67.0,5,0,0,1,False,False,54
ESM-2 Random Forest,esm2_0665,0.004711490668098358,0.004723814306519944,0.002280175533900478,64.4,61.0,5,0,0,2,False,False,55
ESM-2 Random Forest,esm2_0177,0.004677861745864212,0.005166719827909613,0.003036311299373737,172.6,56.0,5,0,0,2,False,False,56
ESM-2 Random Forest,esm2_0352,0.004673358123983118,0.005061978618203419,0.0013993709984085009,57.8,54.0,5,0,0,2,False,False,57
ESM-2 Random Forest,esm2_0237,0.0046127380250997,0.003866372398436321,0.002187304348761585,60.2,64.0,5,0,0,1,False,False,58
ESM-2 Random Forest,esm2_0280,0.004601516408259763,0.00347446268903567,0.0029313714607505023,63.0,65.0,5,0,0,1,False,False,59
ESM-2 Random Forest,esm2_0608,0.004512559301656064,0.0029693056072478932,0.003358838894906207,72.8,74.0,5,0,0,2,False,False,60
ESM-2 Random Forest,esm2_0809,0.004284628626677942,0.0043551317375551644,0.002328368089019254,71.2,67.0,5,0,0,1,False,False,61
ESM-2 Random Forest,esm2_0844,0.004253403169939632,0.004624623805669546,0.0010072785831234956,64.6,60.0,5,0,0,0,False,False,62
ESM-2 Random Forest,esm2_0380,0.004138873527102746,0.00436982624355959,0.0017422264018987369,66.8,66.0,5,0,0,1,False,False,63
ESM-2 Random Forest,esm2_1011,0.004129192420251777,0.005168985902854657,0.002379660832148414,82.6,55.0,5,0,0,2,False,False,64
ESM-2 Random Forest,esm2_0078,0.004067611225870436,0.0032800783267447585,0.0020556810980091014,63.2,70.0,5,0,0,1,False,False,65
ESM-2 Random Forest,esm2_0392,0.004029291572226916,0.004203820226294333,0.0010491321021364054,65.6,62.0,5,0,0,0,False,False,66
ESM-2 Random Forest,esm2_1195,0.00374502410572658,0.004487624473348058,0.0026508424030273143,120.2,60.0,5,0,0,1,False,False,67
ESM-2 Random Forest,esm2_0785,0.0035493809374343467,0.0026512835168756733,0.0025263768914036504,96.0,80.0,5,0,0,2,False,False,68
ESM-2 Random Forest,esm2_0601,0.00354059547196543,0.0024623810926139955,0.001960665348491905,78.4,88.0,5,0,0,1,False,False,69
ESM-2 Random Forest,esm2_0687,0.003531078301516869,0.003132022388089995,0.0012275759166515486,68.2,67.0,5,0,0,1,False,False,70
ESM-2 Random Forest,esm2_0934,0.0033559872775063776,0.0028439936136751805,0.0011977228882926348,69.8,74.0,5,0,0,0,False,False,71
ESM-2 Random Forest,esm2_0810,0.0033058332309803167,0.0022955692178577435,0.0020312061832171296,83.2,89.0,5,0,0,1,False,False,72
ESM-2 Random Forest,esm2_0009,0.003192784162165772,0.0038204782786316026,0.0010736170195649634,80.2,71.0,5,0,0,0,False,False,73
ESM-2 Random Forest,esm2_0787,0.0031818305257843363,0.002177072559293903,0.003736549675034537,352.4,99.0,4,0,0,1,False,False,74
ESM-2 Random Forest,esm2_0303,0.003053857704521041,0.002467797633853243,0.0024335792779920326,280.2,82.0,4,0,0,1,False,False,75
ESM-2 Random Forest,esm2_0179,0.002992734209075563,0.00303541434789192,0.0009829626549808157,81.2,71.0,5,0,0,0,False,False,76
ESM-2 Random Forest,esm2_0337,0.002985528544814323,0.002637812458932722,0.0009979114269765051,82.0,82.0,5,0,0,0,False,False,77
ESM-2 Random Forest,esm2_1146,0.002894071068463217,0.0027352454108964253,0.00039925478943695475,76.2,78.0,5,0,0,0,False,False,78
ESM-2 Random Forest,esm2_0419,0.0028663121325225743,0.001245512449572656,0.003165219294692709,118.2,119.0,5,0,0,1,False,False,79
ESM-2 Random Forest,esm2_0877,0.002863890616512739,0.003027803947689903,0.0009247000017579077,79.8,72.0,5,0,0,0,False,False,80
ESM-2 Random Forest,esm2_1190,0.002754059896211734,0.0022386697562466426,0.002414798619851054,138.4,95.0,5,0,0,0,False,False,81
ESM-2 Random Forest,esm2_0710,0.0027097737404349733,0.001992929633588319,0.002570680431850347,130.8,101.0,5,0,0,1,False,False,82
ESM-2 Random Forest,esm2_0172,0.0026554118511462267,0.00268407809433819,0.0022491691884143536,108.6,77.0,5,0,0,1,False,False,83
ESM-2 Random Forest,esm2_0319,0.0025288613738330733,0.0021824605692887986,0.0009723304226286134,93.4,101.0,5,0,0,0,False,False,84
ESM-2 Random Forest,esm2_0579,0.002521198531896811,0.002455855166032709,0.001648113424789266,103.2,87.0,5,0,0,0,False,False,85
ESM-2 Random Forest,esm2_0404,0.0024924510268689738,0.0023558138590317234,0.0006705277400300425,90.2,87.0,5,0,0,0,False,False,86
ESM-2 Random Forest,esm2_0373,0.002483746255791572,0.0020895374734309557,0.002092126185999305,134.2,103.0,5,0,0,1,False,False,87
ESM-2 Random Forest,esm2_0853,0.0024672422604591934,0.00223540585342108,0.0014206288200323911,97.8,95.0,5,0,0,0,False,False,88
ESM-2 Random Forest,esm2_0663,0.0024654869898751565,0.0022559214972805,0.0014588019854016548,102.6,95.0,5,0,0,0,False,False,89
ESM-2 Random Forest,esm2_1172,0.00241407269937438,0.002319823921219099,0.00021725759647859478,87.8,93.0,5,0,0,0,False,False,90
ESM-2 Random Forest,esm2_0688,0.002256640921166618,0.0020121373139495653,0.0018154403008758594,127.0,106.0,5,0,0,0,False,False,91
ESM-2 Random Forest,esm2_0062,0.0022458411746226255,0.0023295968641496158,0.00032856352044974393,94.2,92.0,5,0,0,0,False,False,92
ESM-2 Random Forest,esm2_0245,0.0021318552896048347,0.0021292958637592367,0.00019352551562252203,98.8,99.0,5,0,0,0,False,False,93
ESM-2 Random Forest,esm2_0640,0.00209632241221614,0.0022608319385101095,0.0009721264974212033,113.4,94.0,5,0,0,0,False,False,94
ESM-2 Random Forest,esm2_0537,0.0020146373500512346,0.002525597599796403,0.0009610955995641042,100.4,83.0,5,0,0,0,False,False,95
ESM-2 Random Forest,esm2_1186,0.0019163332883399132,0.001660535285919209,0.0007904581594143772,102.8,113.0,5,0,0,0,False,False,96
ESM-2 Random Forest,esm2_0187,0.0018959100724709216,0.0005277928291900178,0.0022921322666382853,337.2,191.0,5,0,0,0,False,False,97
ESM-2 Random Forest,esm2_0422,0.0018903740394498956,0.0002649876343480947,0.002917560429494575,394.4,306.0,4,0,0,1,False,False,98
ESM-2 Random Forest,esm2_0378,0.0018839093901493003,0.0024064212700407738,0.0016009070044762416,187.4,88.0,5,0,0,0,False,False,99
ESM-2 Random Forest,esm2_0081,0.0018666701844015394,0.002429560645458009,0.0011760958953128972,118.8,89.0,5,0,0,0,False,False,100
ESM-2 Random Forest,esm2_0176,0.0018215532784368975,0.00010352585539080934,0.002850179089489183,551.8,651.0,4,0,0,1,False,False,101
ESM-2 Random Forest,esm2_0371,0.001803645189154552,0.0021441719055250883,0.0009880021445508726,223.4,98.0,5,0,0,0,False,False,102
ESM-2 Random Forest,esm2_0262,0.0018020050145852555,0.0010156037721108639,0.0016087519850745623,260.8,127.0,5,0,0,0,False,False,103
ESM-2 Random Forest,esm2_0182,0.0017875668455149013,0.002267927096890063,0.0009656271750608505,195.0,93.0,5,0,0,0,False,False,104
ESM-2 Random Forest,esm2_1026,0.0016918928779499358,0.0016375353679663586,0.0004499228622033563,110.8,110.0,5,0,0,0,False,False,105
ESM-2 Random Forest,esm2_0591,0.001667232550604358,0.0011296977333934023,0.0012885066344124761,128.6,127.0,5,0,0,0,False,False,106
ESM-2 Random Forest,esm2_1247,0.0016657825796533576,0.0010913405077309665,0.0018013400042532282,159.0,124.0,5,0,0,0,False,False,107
ESM-2 Random Forest,esm2_0438,0.0016652815816137526,0.000739276049268144,0.0017039613635062769,157.6,150.0,5,0,0,0,False,False,108
ESM-2 Random Forest,esm2_0149,0.0016299613719383843,0.0014165699940015108,0.0007994809109003549,111.4,113.0,5,0,0,0,False,False,109
ESM-2 Random Forest,esm2_0892,0.0015819031262886813,0.001350784742054826,0.0010402049189937811,131.6,119.0,5,0,0,0,False,False,110
ESM-2 Random Forest,esm2_0731,0.0014983635317333442,0.0016615854384715962,0.000656128256927798,127.0,113.0,5,0,0,0,False,False,111
ESM-2 Random Forest,esm2_1158,0.0014738453135094104,0.0013059839435310612,0.0005071448133257049,118.2,116.0,5,0,0,0,False,False,112
ESM-2 Random Forest,esm2_0076,0.0014512113362294525,0.002060474536735717,0.000995856826407211,254.6,101.0,5,0,0,0,False,False,113
ESM-2 Random Forest,esm2_0967,0.001434113336429347,0.001445351964686575,0.0005522950209969525,124.0,111.0,5,0,0,0,False,False,114
ESM-2 Random Forest,esm2_0673,0.001389256370998087,0.0011987902384889024,0.00036687536080792283,117.8,117.0,5,0,0,0,False,False,115
ESM-2 Random Forest,esm2_0466,0.001386469296875004,0.0011929685559560318,0.0006594975307212242,122.4,127.0,5,0,0,0,False,False,116
ESM-2 Random Forest,esm2_0605,0.0013688591994385107,0.00044319466546239564,0.0016732906413491142,341.6,241.0,5,0,0,0,False,False,117
ESM-2 Random Forest,esm2_0800,0.0013173965668695719,0.0014704744071152975,0.0006589250266525651,129.8,118.0,5,0,0,0,False,False,118
ESM-2 Random Forest,esm2_0409,0.0013053139916085468,0.001056289063349042,0.0009086362281470766,128.2,134.0,5,0,0,0,False,False,119
ESM-2 Random Forest,esm2_0092,0.0013049310212076349,0.0009643966472688422,0.0006771976343695885,132.2,142.0,5,0,0,0,False,False,120
ESM-2 Random Forest,esm2_0629,0.001298362289640486,0.00183888814816803,0.0011333273853670037,363.2,108.0,5,0,0,0,False,False,121
ESM-2 Random Forest,esm2_0565,0.0012696592587719113,0.0008800973640015276,0.000823400478735141,142.2,138.0,5,0,0,0,False,False,122
ESM-2 Random Forest,esm2_0661,0.0012330128435650376,0.00012932960656804795,0.0017498358802541772,507.4,548.0,5,0,0,0,False,False,123
ESM-2 Random Forest,esm2_0231,0.0012138995483155968,0.0007653206338025145,0.000960567911295484,147.0,149.0,5,0,0,0,False,False,124
ESM-2 Random Forest,esm2_0336,0.0012029351818380898,0.0011185977560144097,0.0006684225304613299,161.4,120.0,5,0,0,0,False,False,125
ESM-2 Random Forest,esm2_0793,0.0011263084623021045,0.0009091976931113379,0.00042018925886408724,129.8,131.0,5,0,0,0,False,False,126
ESM-2 Random Forest,esm2_0116,0.0011241845377435952,0.00022019065149120082,0.0020886855931838335,479.8,406.0,4,0,0,0,False,False,127
ESM-2 Random Forest,esm2_0275,0.001123883552142333,0.0009869691147525552,0.0003883173126906537,129.8,130.0,5,0,0,0,False,False,128
ESM-2 Random Forest,esm2_0440,0.0011215685037417394,0.0004482603053377508,0.0011791002146899227,248.6,203.0,5,0,0,0,False,False,129
ESM-2 Random Forest,esm2_1089,0.0011159278097435947,0.0002510538193424473,0.0013122982357375457,345.8,367.0,5,0,0,0,False,False,130
ESM-2 Random Forest,esm2_0909,0.0011046062836232039,0.0004294384074216888,0.0012905132070979296,428.4,222.0,5,0,0,0,False,False,131
ESM-2 Random Forest,esm2_0702,0.0010896444207432892,0.0009659491038395484,0.000698269169005547,146.2,138.0,5,0,0,0,False,False,132
ESM-2 Random Forest,esm2_0343,0.001054478887722692,0.0010230572726155835,0.00028089221689559586,133.6,136.0,5,0,0,0,False,False,133
ESM-2 Random Forest,esm2_0990,0.001017318454531888,0.00024300947510688393,0.001245389284625432,456.4,334.0,4,0,0,0,False,False,134
ESM-2 Random Forest,esm2_0759,0.0010098710600175208,0.000665020084717548,0.0008400846177621563,154.0,168.0,5,0,0,0,False,False,135
ESM-2 Random Forest,esm2_1136,0.000984277605137631,0.0005481457855444214,0.0008324880013286991,203.0,189.0,5,0,0,0,False,False,136
ESM-2 Random Forest,esm2_1099,0.0009825654156292649,0.00030808487807962174,0.0011810687698478681,507.0,316.0,4,0,0,0,False,False,137
ESM-2 Random Forest,esm2_0979,0.0009265093975753489,0.00013391538609475138,0.0011903188384487376,523.4,496.0,5,0,0,0,False,False,138
ESM-2 Random Forest,esm2_0504,0.0009212795545320074,0.0010569845316191907,0.000716971792091353,212.4,131.0,5,0,0,0,False,False,139
ESM-2 Random Forest,esm2_0246,0.0009177649858997914,0.000910594826384587,0.0005025733289926946,179.2,134.0,5,0,0,0,False,False,140
ESM-2 Random Forest,esm2_0055,0.0009126422051851636,0.0008630521201215093,0.00026907791211858693,142.6,149.0,5,0,0,0,False,False,141
ESM-2 Random Forest,esm2_0632,0.000912131216923322,0.0006839989309311628,0.0006346266942394333,175.6,157.0,5,0,0,0,False,False,142
ESM-2 Random Forest,esm2_1174,0.0008959472640448866,0.0007166471508426986,0.000854303681194472,363.8,157.0,4,0,0,0,False,False,143
ESM-2 Random Forest,esm2_1056,0.0008946707555012362,1.8526559559994204e-05,0.0012497545525830944,738.0,1013.0,3,0,0,0,False,False,144
ESM-2 Random Forest,esm2_1270,0.0008538271919456685,0.0010027878255775917,0.0004022142552609243,161.4,130.0,5,0,0,0,False,False,145
ESM-2 Random Forest,esm2_0398,0.0008400013568649582,0.0006656426854904908,0.00039158995782253875,160.0,164.0,5,0,0,0,False,False,146
ESM-2 Random Forest,esm2_0091,0.0008255174807308143,0.0004317524437639947,0.0010355294408298812,303.6,210.0,5,0,0,0,False,False,147
ESM-2 Random Forest,esm2_0133,0.0008171289200359311,0.00045166780839476405,0.0009919504250873723,313.2,200.0,5,0,0,0,False,False,148
ESM-2 Random Forest,esm2_0962,0.0008119704537243985,0.0008106487599653198,0.00020009843980672062,151.6,144.0,5,0,0,0,False,False,149
ESM-2 Random Forest,esm2_1046,0.0007995941022815055,0.0007367671474569763,0.0003062328141816616,161.4,153.0,5,0,0,0,False,False,150
ESM-2 Random Forest,esm2_0119,0.0007993305186726963,0.0006228800430933779,0.000314184590237643,163.8,176.0,5,0,0,0,False,False,151
ESM-2 Random Forest,esm2_0040,0.000787236920241521,4.5416315092690783e-05,0.0010579563077058015,634.8,812.0,3,0,0,0,False,False,152
ESM-2 Random Forest,esm2_0893,0.0007844465817040871,0.0007611424481888761,0.00037431408210393107,172.6,146.0,5,0,0,0,False,False,153
ESM-2 Random Forest,esm2_0195,0.0007771283713360207,0.0004656921260403727,0.0007661469563786129,331.6,198.0,5,0,0,0,False,False,154
ESM-2 Random Forest,esm2_0184,0.0007662487622959382,0.00028546890831501894,0.0011377573954419863,363.2,322.0,5,0,0,0,False,False,155
ESM-2 Random Forest,esm2_1200,0.0007653065445766988,0.0009265208848457059,0.00040427012846091967,218.6,143.0,5,0,0,0,False,False,156
ESM-2 Random Forest,esm2_1072,0.0007545472615511601,0.00030134053660652824,0.0008904335101150245,263.6,310.0,5,0,0,0,False,False,157
ESM-2 Random Forest,esm2_1209,0.0007361270526631986,0.0003790113794190947,0.0009353087886999516,255.2,251.0,5,0,0,0,False,False,158
ESM-2 Random Forest,esm2_0930,0.0007314688581045744,0.0002055316469346399,0.0010340738488384068,335.8,431.0,5,0,0,0,False,False,159
ESM-2 Random Forest,esm2_0938,0.0007263563887418993,0.0006026457619030312,0.0003872526411236102,180.0,190.0,5,0,0,0,False,False,160
ESM-2 Random Forest,esm2_0861,0.0007176150233094685,4.0026826338550143e-05,0.0009619020711663166,656.6,827.0,4,0,0,0,False,False,161
ESM-2 Random Forest,esm2_0506,0.0007159206522610788,0.0006804871464621267,0.00033519116955598246,187.2,159.0,5,0,0,0,False,False,162
ESM-2 Random Forest,esm2_0067,0.0007135308955958709,0.000375182155451118,0.0008193424118628986,305.6,273.0,5,0,0,0,False,False,163
ESM-2 Random Forest,esm2_1226,0.0007123090986616402,0.0006634466872499673,0.00026433478180639514,170.2,176.0,5,0,0,0,False,False,164
ESM-2 Random Forest,esm2_1222,0.0006988951986033507,0.0003589014070557838,0.0010205805157944051,441.8,248.0,4,0,0,0,False,False,165
ESM-2 Random Forest,esm2_0716,0.00069523605540164,0.0007712166310040496,0.00027707425751017023,187.0,144.0,5,0,0,0,False,False,166
ESM-2 Random Forest,esm2_0258,0.0006726318941909673,0.0007264672669908021,0.0004355313516239616,284.4,156.0,5,0,0,0,False,False,167
ESM-2 Random Forest,esm2_0538,0.0006701434961526862,0.0007279696111634125,0.0003807039731888449,215.2,158.0,5,0,0,0,False,False,168
ESM-2 Random Forest,esm2_1018,0.0006580424192332657,0.0004923264403954207,0.000611736500956246,330.2,192.0,5,0,0,0,False,False,169
ESM-2 Random Forest,esm2_0282,0.000633711852637961,0.00015701426411812507,0.0011195682057790865,470.0,555.0,5,0,0,0,False,False,170
ESM-2 Random Forest,esm2_0722,0.0006291914851137713,6.611974369530981e-05,0.0011590835514892362,636.8,753.0,4,0,0,0,False,False,171
ESM-2 Random Forest,esm2_0678,0.0006249649224818225,0.00017039805443848352,0.000933408699104889,382.0,426.0,5,0,0,0,False,False,172
ESM-2 Random Forest,esm2_1230,0.0006180180432876971,0.0005614457685007439,0.0002983473215083976,204.8,185.0,5,0,0,0,False,False,173
ESM-2 Random Forest,esm2_0369,0.0006162753656070131,0.00033178973594629493,0.000751222785913453,334.4,280.0,5,0,0,0,False,False,174
ESM-2 Random Forest,esm2_0748,0.0006156110878056696,0.0006496475433662472,0.00027447521489275213,204.2,170.0,5,0,0,0,False,False,175
ESM-2 Random Forest,esm2_1149,0.0006137233190250418,0.0004139489171443828,0.00059233083284533,311.8,259.0,5,0,0,0,False,False,176
ESM-2 Random Forest,esm2_0059,0.000609541616645815,0.00040241349846673155,0.0005133795182010547,324.4,254.0,5,0,0,0,False,False,177
ESM-2 Random Forest,esm2_1108,0.0006088043036701645,0.0006262265882011683,0.00012652201104100807,181.0,179.0,5,0,0,0,False,False,178
ESM-2 Random Forest,esm2_0136,0.0006055816748677237,0.0005717810677226561,0.00041972639504402916,335.2,203.0,5,0,0,0,False,False,179
ESM-2 Random Forest,esm2_1102,0.00060437950097636,0.00014313016560713369,0.0010834965856743961,493.6,484.0,5,0,0,0,False,False,180
ESM-2 Random Forest,esm2_0529,0.0006019421415359354,0.00043739947312984427,0.0006650007864272159,347.0,246.0,5,0,0,0,False,False,181
ESM-2 Random Forest,esm2_1079,0.0005977225031512789,0.00019306588976266773,0.0009640493977929258,473.8,473.0,5,0,0,0,False,False,182
ESM-2 Random Forest,esm2_1184,0.000597401828794042,0.0003369336954935141,0.0007886096786452141,359.4,298.0,5,0,0,0,False,False,183
ESM-2 Random Forest,esm2_0367,0.0005962586290635156,0.0005268886563406319,0.00016993056925873699,186.8,180.0,5,0,0,0,False,False,184
ESM-2 Random Forest,esm2_0512,0.0005956600308945767,0.0006395375302919567,0.00026823636506773563,201.8,171.0,5,0,0,0,False,False,185
ESM-2 Random Forest,esm2_0170,0.0005861040236567092,0.00044001226935182073,0.0003977123288345468,250.4,244.0,5,0,0,0,False,False,186
ESM-2 Random Forest,esm2_0310,0.0005739946187726522,0.0005914262230686564,0.00014077710608835031,192.0,181.0,5,0,0,0,False,False,187
ESM-2 Random Forest,esm2_0649,0.0005702816646244976,0.0007050410124701795,0.00026819313779975973,216.6,169.0,5,0,0,0,False,False,188
ESM-2 Random Forest,esm2_1060,0.0005684779823314681,0.0006294762552112718,0.000230817796038114,211.4,173.0,5,0,0,0,False,False,189
ESM-2 Random Forest,esm2_0897,0.0005617903691955361,0.000599251577366598,0.00032136709887183837,246.6,178.0,5,0,0,0,False,False,190
ESM-2 Random Forest,esm2_0157,0.0005530923028794288,0.0007525701350638272,0.000336657155076235,296.2,151.0,5,0,0,0,False,False,191
ESM-2 Random Forest,esm2_0598,0.0005486883116648832,0.000332505413794159,0.00037943179080075675,257.0,279.0,5,0,0,0,False,False,192
ESM-2 Random Forest,esm2_0896,0.0005463803043829439,0.0005469074041542321,0.00018875612739723392,210.2,176.0,5,0,0,0,False,False,193
ESM-2 Random Forest,esm2_0220,0.0005456785385990128,0.0003766989876677489,0.000563548945946872,285.8,253.0,5,0,0,0,False,False,194
ESM-2 Random Forest,esm2_0951,0.0005422665866608339,0.0004108446344438343,0.00040468468400954143,283.2,261.0,5,0,0,0,False,False,195
ESM-2 Random Forest,esm2_0321,0.0005348621028033992,0.0004149023701371658,0.0002561159381635445,219.8,220.0,5,0,0,0,False,False,196
ESM-2 Random Forest,esm2_0205,0.0005317676897026232,0.0006250708898537674,0.00021746367848694947,220.6,175.0,5,0,0,0,False,False,197
ESM-2 Random Forest,esm2_1020,0.0005248149150387643,0.00067467627106031,0.00031565308056905327,288.2,168.0,5,0,0,0,False,False,198
ESM-2 Random Forest,esm2_0160,0.0005245881515996682,0.0003931704528482863,0.00025486361214007423,229.2,232.0,5,0,0,0,False,False,199
ESM-2 Random Forest,esm2_0657,0.0005240071220748406,0.000476843340032303,0.00021215027040791948,224.6,207.0,5,0,0,0,False,False,200
ESM-2 Random Forest,esm2_0180,0.000522937922627554,0.0005145243678019109,0.00018977475433267467,219.8,221.0,5,0,0,0,False,False,201
ESM-2 Random Forest,esm2_0227,0.0005227362152330489,7.455667256331707e-05,0.000852168632313215,559.0,753.0,5,0,0,0,False,False,202
ESM-2 Random Forest,esm2_1235,0.0005166489549429064,0.00029120156150269015,0.0003871912170326054,258.6,297.0,5,0,0,0,False,False,203
ESM-2 Random Forest,esm2_0130,0.0005115394525826389,0.00040968187966174255,0.00045080610217588645,296.4,264.0,5,0,0,0,False,False,204
ESM-2 Random Forest,esm2_0248,0.0005076037886345289,0.00010165349219078181,0.0009442699476685476,659.4,659.0,3,0,0,0,False,False,205
ESM-2 Random Forest,esm2_1088,0.0005047361081639218,0.0004473450745884128,0.00022767470551675589,221.4,223.0,5,0,0,0,False,False,206
ESM-2 Random Forest,esm2_1156,0.0005010782003976165,0.00042509808029055464,0.0003785153246425765,304.0,214.0,5,0,0,0,False,False,207
ESM-2 Random Forest,esm2_1208,0.0004905532859170883,0.00041997488037382423,0.0004641119871196608,357.6,252.0,5,0,0,0,False,False,208
ESM-2 Random Forest,esm2_0451,0.0004823031130284048,0.0005366572450457586,0.00030142725399875296,376.8,211.0,4,0,0,0,False,False,209
ESM-2 Random Forest,esm2_1009,0.0004811947830353753,0.0004154111033577465,0.0002872921932433627,269.0,258.0,5,0,0,0,False,False,210
ESM-2 Random Forest,esm2_0551,0.0004803065490379503,0.000511506845675289,0.0001254618008961658,220.6,215.0,5,0,0,0,False,False,211
ESM-2 Random Forest,esm2_0727,0.0004768666180678443,0.00034720291011332196,0.0004338022892616157,311.2,286.0,5,0,0,0,False,False,212
ESM-2 Random Forest,esm2_0273,0.0004739962343961606,0.0004011726817227974,0.0002537982128265925,243.2,234.0,5,0,0,0,False,False,213
ESM-2 Random Forest,esm2_0494,0.00047135907491772255,0.0004506530858459089,0.00014260354773307856,223.6,228.0,5,0,0,0,False,False,214
ESM-2 Random Forest,esm2_0599,0.00047134529149109956,0.000297364240529611,0.00031278281830748644,256.8,305.0,5,0,0,0,False,False,215
ESM-2 Random Forest,esm2_0908,0.0004622461227543115,0.0003832081854511978,0.00025548110991028693,252.4,262.0,5,0,0,0,False,False,216
ESM-2 Random Forest,esm2_1272,0.000454602348941911,5.7195748619578055e-05,0.0009183161110971669,743.8,837.0,4,0,0,0,False,False,217
ESM-2 Random Forest,esm2_1245,0.0004517084362419413,0.00027029499941675397,0.0004801933311732415,338.8,301.0,5,0,0,0,False,False,218
ESM-2 Random Forest,esm2_1233,0.00044912106792351065,0.00011115935735996525,0.0008215474032043302,643.6,628.0,4,0,0,0,False,False,219
ESM-2 Random Forest,esm2_0617,0.00044114984826982407,0.0004041882289078488,8.294763091122504e-05,226.4,232.0,5,0,0,0,False,False,220
ESM-2 Random Forest,esm2_0791,0.00043372938645049334,0.0004035674609109798,0.0001933880704450289,254.4,260.0,5,0,0,0,False,False,221
ESM-2 Random Forest,esm2_1105,0.00043175742116261396,0.00046703500527769346,0.00034413842960255976,390.4,212.0,5,0,0,0,False,False,222
ESM-2 Random Forest,esm2_0891,0.0004294294347496094,0.00010694204242591342,0.000800451946205236,674.8,641.0,4,0,0,0,False,False,223
ESM-2 Random Forest,esm2_0018,0.0004292738852623027,0.00029290998244354063,0.0003933333383773837,378.6,282.0,5,0,0,0,False,False,224
ESM-2 Random Forest,esm2_0998,0.0004277554073479074,0.0004364585631952385,0.00039043136229379826,386.0,232.0,5,0,0,0,False,False,225
ESM-2 Random Forest,esm2_0192,0.00042583203452529203,0.000432234921389254,0.00023514124267580753,327.2,222.0,5,0,0,0,False,False,226
ESM-2 Random Forest,esm2_0391,0.0004246487331387022,0.0004159720190286934,0.0001214028572440237,249.0,231.0,5,0,0,0,False,False,227
ESM-2 Random Forest,esm2_0922,0.0004202563629320342,0.00018187051775148835,0.00041861858687843257,444.2,425.0,5,0,0,0,False,False,228
ESM-2 Random Forest,esm2_0311,0.000418793895571018,0.0005113398664248596,0.0002040346534695023,300.4,206.0,5,0,0,0,False,False,229
ESM-2 Random Forest,esm2_0108,0.0004181648289641,0.000323455718791503,0.00038854893728822827,440.2,313.0,4,0,0,0,False,False,230
ESM-2 Random Forest,esm2_0875,0.0004167272047584538,0.0005152606006909012,0.0002171817228427981,295.2,196.0,5,0,0,0,False,False,231
ESM-2 Random Forest,esm2_1070,0.0004155864692211368,0.00037860326128967,0.00023960164828690206,294.8,263.0,5,0,0,0,False,False,232
ESM-2 Random Forest,esm2_1044,0.00041439479197086904,0.0003974873783316042,0.00031482232953284445,421.0,246.0,4,0,0,0,False,False,233
ESM-2 Random Forest,esm2_1163,0.000412068243048662,0.0003789936970586036,0.0003024484460558426,320.2,240.0,5,0,0,0,False,False,234
ESM-2 Random Forest,esm2_0798,0.0004091215833916511,0.0003026361913153764,0.00029763008200513685,293.8,320.0,5,0,0,0,False,False,235
ESM-2 Random Forest,esm2_1187,0.0004083681449430215,0.00010391070924834813,0.0007112923105079372,622.8,650.0,4,0,0,0,False,False,236
ESM-2 Random Forest,esm2_1081,0.0004078424237459469,0.0003755527122266213,0.00040482256390289665,387.2,273.0,5,0,0,0,False,False,237
ESM-2 Random Forest,esm2_0726,0.00040622433560407405,0.00027881440043116,0.0003870085843620668,367.8,320.0,5,0,0,0,False,False,238
ESM-2 Random Forest,esm2_0525,0.00039177754551487963,0.00039234165195628447,0.00019718109597209233,304.4,236.0,5,0,0,0,False,False,239
ESM-2 Random Forest,esm2_0070,0.00038928803433085506,0.0003274597805664806,0.0002232970478664158,292.6,285.0,5,0,0,0,False,False,240
ESM-2 Random Forest,esm2_0368,0.00038789413259381674,0.0004436201116314815,0.00027869457711722246,363.2,207.0,5,0,0,0,False,False,241
ESM-2 Random Forest,esm2_1100,0.00038744981249742795,0.00037688744967789704,0.00026967431269972296,364.8,271.0,5,0,0,0,False,False,242
ESM-2 Random Forest,esm2_0532,0.0003846417521281962,0.0003255086706374601,0.00021023736817864783,300.0,290.0,5,0,0,0,False,False,243
ESM-2 Random Forest,esm2_0478,0.00038456932952167457,0.0003355594792051488,0.00029075135099109503,372.2,299.0,5,0,0,0,False,False,244
ESM-2 Random Forest,esm2_1042,0.0003788322595335306,0.0002822123597000149,0.00025094909047191483,319.2,326.0,5,0,0,0,False,False,245
ESM-2 Random Forest,esm2_0413,0.0003785309443674079,0.0001458815586419753,0.0006754907048882302,659.6,528.0,4,0,0,0,False,False,246
ESM-2 Random Forest,esm2_0155,0.00037797116300566144,4.217347134894704e-05,0.0004986702050283555,658.4,850.0,3,0,0,0,False,False,247
ESM-2 Random Forest,esm2_1073,0.0003743677194527356,0.0004199323438145855,0.0001993403889381589,308.0,215.0,5,0,0,0,False,False,248
ESM-2 Random Forest,esm2_0202,0.0003738598854215713,0.00029116904775788096,0.00017805338538777157,291.2,313.0,5,0,0,0,False,False,249
ESM-2 Random Forest,esm2_0329,0.0003712971402174144,0.00028346812192462246,0.00019914051975631773,296.0,307.0,5,0,0,0,False,False,250
ESM-2 Random Forest,esm2_1021,0.0003711400344683227,0.0003838630113414061,0.0001984658118902373,307.2,264.0,5,0,0,0,False,False,251
ESM-2 Random Forest,esm2_0592,0.0003691342453912648,0.00018783896534546813,0.0003853140446492048,405.4,483.0,5,0,0,0,False,False,252
ESM-2 Random Forest,esm2_0496,0.00036313280354120466,0.00033800785366753806,0.00020410396590610127,318.4,257.0,5,0,0,0,False,False,253
ESM-2 Random Forest,esm2_1048,0.00036306644887116506,0.00032732310755144694,0.0001487604202838068,286.4,286.0,5,0,0,0,False,False,254
ESM-2 Random Forest,esm2_0958,0.0003609533627303629,0.00037034191166313105,0.00022061938269095268,349.8,260.0,5,0,0,0,False,False,255
ESM-2 Random Forest,esm2_1039,0.0003604199534108184,0.00029908399315271015,0.00021300587862151102,325.2,342.0,5,0,0,0,False,False,256
ESM-2 Random Forest,esm2_0796,0.00035893236549892156,0.00010031206296794572,0.0004388347568293149,465.4,580.0,5,0,0,0,False,False,257
ESM-2 Random Forest,esm2_0199,0.00035757746273462577,0.0003337373455411928,0.00015517023586234844,287.4,265.0,5,0,0,0,False,False,258
ESM-2 Random Forest,esm2_0377,0.00035350287968967273,0.0002808193271930759,0.00018004197993315058,321.6,292.0,5,0,0,0,False,False,259
ESM-2 Random Forest,esm2_1169,0.0003534748628323969,0.0002832349084881733,0.0002850443331874604,368.0,320.0,5,0,0,0,False,False,260
ESM-2 Random Forest,esm2_0775,0.00034771383507444236,0.00031641575128243883,0.0003449272840515383,462.4,310.0,5,0,0,0,False,False,261
ESM-2 Random Forest,esm2_1045,0.0003439514292161559,0.00021180203966753722,0.00032303064336399573,490.4,355.0,4,0,0,0,False,False,262
ESM-2 Random Forest,esm2_0662,0.0003430998515991136,0.00027306500763488195,0.00027720729436820734,354.6,317.0,5,0,0,0,False,False,263
ESM-2 Random Forest,esm2_0911,0.0003429855070581536,0.0001763731423294454,0.00034068402949388174,402.0,506.0,5,0,0,0,False,False,264
ESM-2 Random Forest,esm2_0985,0.0003413659954948406,0.00029811540698803697,0.0001690219745916311,324.0,344.0,5,0,0,0,False,False,265
ESM-2 Random Forest,esm2_0752,0.00033919806912191064,0.00022526654967648983,0.000300185560816208,379.8,361.0,5,0,0,0,False,False,266
ESM-2 Random Forest,esm2_0252,0.0003391635916155581,0.0001922655878376982,0.0002757172705616333,373.0,435.0,5,0,0,0,False,False,267
ESM-2 Random Forest,esm2_0888,0.0003374456311109542,0.00040714617001491723,0.00021196629840108207,439.8,231.0,4,0,0,0,False,False,268
ESM-2 Random Forest,esm2_1162,0.00033712573277568656,0.0003224302291089001,0.0002717053271635121,384.4,264.0,5,0,0,0,False,False,269
ESM-2 Random Forest,esm2_0829,0.0003346227618521051,0.00040918690299885985,0.00015730943888538556,317.6,250.0,5,0,0,0,False,False,270
ESM-2 Random Forest,esm2_0783,0.0003315862126119117,1.736132042487009e-05,0.0007107866284148674,858.4,976.0,4,0,0,0,False,False,271
ESM-2 Random Forest,esm2_0141,0.00033095234436966107,0.00023688921107416637,0.00023352512689327326,361.0,411.0,5,0,0,0,False,False,272
ESM-2 Random Forest,esm2_0686,0.0003307947599328371,0.00022372510028282198,0.0002176840058570996,358.6,336.0,5,0,0,0,False,False,273
ESM-2 Random Forest,esm2_1122,0.0003295335577269619,0.0003562059336605915,0.00016473611302626623,329.6,249.0,5,0,0,0,False,False,274
ESM-2 Random Forest,esm2_0304,0.0003288194279271393,0.00027813290313193886,0.00017894931500877785,332.0,295.0,5,0,0,0,False,False,275
ESM-2 Random Forest,esm2_0456,0.00032771114378405823,0.0003371331571733448,0.00024073637084376097,414.8,297.0,5,0,0,0,False,False,276
ESM-2 Random Forest,esm2_0906,0.00032770919401047167,0.00042219355523824813,0.00026455812041580924,473.6,238.0,5,0,0,0,False,False,277
ESM-2 Random Forest,esm2_0080,0.00032722145439961797,0.00022080284670046685,0.00023080251395867245,365.0,378.0,5,0,0,0,False,False,278
ESM-2 Random Forest,esm2_0782,0.0003264863418612288,0.0003251627287242943,0.0001861760487533693,343.8,261.0,5,0,0,0,False,False,279
ESM-2 Random Forest,esm2_0183,0.00032559310633516794,0.0004042786824429638,0.00017844556589797204,355.0,252.0,5,0,0,0,False,False,280
ESM-2 Random Forest,esm2_0005,0.00032520566598468533,0.00015834710667440193,0.0003973526075068431,483.0,552.0,5,0,0,0,False,False,281
ESM-2 Random Forest,esm2_1032,0.00032377498706194757,0.00025054161200413575,0.00032569752960562537,520.8,331.0,5,0,0,0,False,False,282
ESM-2 Random Forest,esm2_0082,0.00032184190592597563,0.00027388230864263297,0.0002808007276110469,450.4,300.0,5,0,0,0,False,False,283
ESM-2 Random Forest,esm2_0383,0.00032156162173922254,0.00029068513808295767,0.0002884973461685699,479.8,351.0,5,0,0,0,False,False,284
ESM-2 Random Forest,esm2_0211,0.0003209990107963421,0.00015948623698222738,0.0003227182625494076,402.2,503.0,5,0,0,0,False,False,285
ESM-2 Random Forest,esm2_1024,0.0003209659861384504,6.721154549629948e-05,0.00046068057348196736,664.6,792.0,4,0,0,0,False,False,286
ESM-2 Random Forest,esm2_1201,0.0003202860437358698,0.00029151034987250855,0.0002598775853807308,417.4,348.0,5,0,0,0,False,False,287
ESM-2 Random Forest,esm2_0971,0.000320174238950413,0.0001851577385060659,0.0004183125819989535,658.0,487.0,3,0,0,0,False,False,288
ESM-2 Random Forest,esm2_0045,0.00031887214586670683,0.00020857361342269796,0.0002770589117360148,397.0,360.0,5,0,0,0,False,False,289
ESM-2 Random Forest,esm2_0242,0.0003167701240336925,0.00011721010997491799,0.00033322155122114525,480.4,642.0,5,0,0,0,False,False,290
ESM-2 Random Forest,esm2_0256,0.00031548740935075195,0.0003238526986277288,0.0002538421211898626,465.4,277.0,4,0,0,0,False,False,291
ESM-2 Random Forest,esm2_0820,0.00031240189583090454,0.0002425088498895214,0.00021831640515926568,349.8,402.0,5,0,0,0,False,False,292
ESM-2 Random Forest,esm2_0760,0.00031195038776279054,0.0002747561094474538,0.00015734495495360175,345.8,335.0,5,0,0,0,False,False,293
ESM-2 Random Forest,esm2_0789,0.0003118750387759027,0.00019951494335534897,0.00023939435220927922,399.2,431.0,5,0,0,0,False,False,294
ESM-2 Random Forest,esm2_0238,0.000310115859335188,0.00028928425094054986,0.000237486506839526,393.6,353.0,5,0,0,0,False,False,295
ESM-2 Random Forest,esm2_1250,0.0003096368291599097,0.0003469823474972054,0.0002488961908007742,447.4,288.0,5,0,0,0,False,False,296
ESM-2 Random Forest,esm2_1205,0.0003089208874758419,0.00019974987674394317,0.00038758877929832353,483.8,404.0,5,0,0,0,False,False,297
ESM-2 Random Forest,esm2_0522,0.00030835363301737526,0.0003533379015518432,0.0001863279224840309,392.8,284.0,5,0,0,0,False,False,298
ESM-2 Random Forest,esm2_1114,0.00030548440301206634,6.416404522867064e-05,0.0004706672834039962,650.8,705.0,4,0,0,0,False,False,299
ESM-2 Random Forest,esm2_1112,0.00030432401993741676,0.0001743124799003503,0.0002539188247058009,423.4,435.0,5,0,0,0,False,False,300
ESM-2 Random Forest,esm2_0876,0.00030353538687921504,0.00013168516198508982,0.0003029106257187626,441.6,563.0,5,0,0,0,False,False,301
ESM-2 Random Forest,esm2_0106,0.0003017458710239506,0.00035785399895256904,0.0001469346002496652,355.2,266.0,5,0,0,0,False,False,302
ESM-2 Random Forest,esm2_0946,0.00030170046229447675,0.0003544189051722991,0.00011388751578833293,323.6,258.0,5,0,0,0,False,False,303
ESM-2 Random Forest,esm2_0154,0.0002971733171757417,0.00021615687972125226,0.00019920178536006274,383.0,385.0,5,0,0,0,False,False,304
ESM-2 Random Forest,esm2_0919,0.0002969829145189458,0.00026614512203625975,0.00010837196981930388,331.2,352.0,5,0,0,0,False,False,305
ESM-2 Random Forest,esm2_0032,0.0002946017088879834,0.00028326942375219317,0.0002022924220762383,431.2,289.0,4,0,0,0,False,False,306
ESM-2 Random Forest,esm2_0740,0.0002928810770371351,0.0003394412003741674,0.00012052473724569737,363.2,266.0,5,0,0,0,False,False,307
ESM-2 Random Forest,esm2_1218,0.00029136406257900574,0.0003422147109435356,0.0002604607876146506,523.6,283.0,4,0,0,0,False,False,308
ESM-2 Random Forest,esm2_0604,0.00029107573782430546,0.00035100542946268193,0.0001808279291467181,396.6,289.0,5,0,0,0,False,False,309
ESM-2 Random Forest,esm2_0667,0.0002870527925587062,0.0003324346127549557,9.318232097175992e-05,332.4,300.0,5,0,0,0,False,False,310
ESM-2 Random Forest,esm2_0671,0.00028476386053245654,0.0002771735826647717,0.00016333892416510128,389.0,297.0,5,0,0,0,False,False,311
ESM-2 Random Forest,esm2_1124,0.00028469003281775864,0.0001580695620884648,0.00026895991253541153,467.2,440.0,5,0,0,0,False,False,312
ESM-2 Random Forest,esm2_1127,0.00028406606119479573,0.0003185921115643553,8.558496749984598e-05,331.2,306.0,5,0,0,0,False,False,313
ESM-2 Random Forest,esm2_0361,0.00028371089185828786,0.00021658148998892924,0.0001528387055476522,361.0,383.0,5,0,0,0,False,False,314
ESM-2 Random Forest,esm2_0975,0.00028213499516699847,0.0002231964241211395,0.0002780066878454635,494.0,380.0,5,0,0,0,False,False,315
ESM-2 Random Forest,esm2_0138,0.00028010758422719666,0.000307912662087427,8.748030822580504e-05,346.0,298.0,5,0,0,0,False,False,316
ESM-2 Random Forest,esm2_1277,0.0002798413974251086,0.00029880476412371526,0.00012919717813921034,368.2,278.0,5,0,0,0,False,False,317
ESM-2 Random Forest,esm2_0590,0.00027808628366377794,0.00019159334057888068,0.00024459075510493755,445.4,394.0,5,0,0,0,False,False,318
ESM-2 Random Forest,esm2_0016,0.00027800990135434296,0.0002899493955152668,0.00020798546225437879,443.8,316.0,4,0,0,0,False,False,319
ESM-2 Random Forest,esm2_1080,0.00027776536698284333,0.00014817257690724348,0.00025267446588931897,444.4,509.0,5,0,0,0,False,False,320
ESM-2 Random Forest,esm2_0056,0.0002762266332286091,0.00023591139022782797,0.000130606757496475,357.4,361.0,5,0,0,0,False,False,321
ESM-2 Random Forest,esm2_0124,0.0002747842960309879,0.00027868981126276843,9.593148619287314e-05,348.0,329.0,5,0,0,0,False,False,322
ESM-2 Random Forest,esm2_0664,0.0002728804468834254,0.0003032745408240541,0.00010027448863107417,360.2,301.0,5,0,0,0,False,False,323
ESM-2 Random Forest,esm2_1234,0.000272786021189534,0.00022425897031058017,0.00019981976409443915,498.6,335.0,4,0,0,0,False,False,324
ESM-2 Random Forest,esm2_0418,0.0002711766238264389,0.000266255906311436,0.00024190629763290556,505.6,372.0,4,0,0,0,False,False,325
ESM-2 Random Forest,esm2_0452,0.00027070843582933316,0.0002643493208129501,0.0002493319334613224,534.4,356.0,4,0,0,0,False,False,326
ESM-2 Random Forest,esm2_0949,0.00026968316981118817,9.066065885450264e-05,0.00039877654215342046,577.4,671.0,5,0,0,0,False,False,327
ESM-2 Random Forest,esm2_0222,0.0002696275290450118,0.00014300890553419732,0.0002579547650957658,495.8,508.0,5,0,0,0,False,False,328
ESM-2 Random Forest,esm2_0955,0.00026952797176128546,0.00025142377838599565,0.00015748510695939229,399.6,318.0,5,0,0,0,False,False,329
ESM-2 Random Forest,esm2_0376,0.00026889890582414166,6.503706294343448e-05,0.00031974695744342645,627.0,793.0,4,0,0,0,False,False,330
ESM-2 Random Forest,esm2_0983,0.0002682193157346162,0.00021320900931249604,0.00018183058808774824,398.2,388.0,5,0,0,0,False,False,331
ESM-2 Random Forest,esm2_0822,0.0002676378385325277,0.0003449707989915835,0.00015589375853125023,470.6,297.0,4,0,0,0,False,False,332
ESM-2 Random Forest,esm2_0327,0.00026689678315969234,0.0001557316035772236,0.0002666372641331965,543.2,484.0,4,0,0,0,False,False,333
ESM-2 Random Forest,esm2_1249,0.0002651703872023387,0.00014418147566450662,0.0002097065581628485,431.2,545.0,5,0,0,0,False,False,334
ESM-2 Random Forest,esm2_0330,0.00026507167671358607,0.00012437857326676757,0.0003071898432559769,620.6,625.0,4,0,0,0,False,False,335
ESM-2 Random Forest,esm2_0308,0.0002638673807676712,0.00020292691833798248,0.0001846583622728605,415.4,374.0,5,0,0,0,False,False,336
ESM-2 Random Forest,esm2_1238,0.0002638504341252807,0.0002461302630055178,0.000214413404567728,468.6,374.0,5,0,0,0,False,False,337
ESM-2 Random Forest,esm2_0886,0.0002635733508302859,0.00012755930126771435,0.0004044948289169446,651.8,615.0,4,0,0,0,False,False,338
ESM-2 Random Forest,esm2_0325,0.00026273188359646215,0.0003073540889907802,0.00025340661430854334,572.0,289.0,4,0,0,0,False,False,339
ESM-2 Random Forest,esm2_0712,0.00026175678872665303,4.22418677314131e-05,0.00038345963961073097,669.0,873.0,4,0,0,0,False,False,340
ESM-2 Random Forest,esm2_0287,0.00026173202481788986,6.514425738685423e-05,0.00040444437939201277,642.6,759.0,4,0,0,0,False,False,341
ESM-2 Random Forest,esm2_1103,0.0002609644038785466,0.0002595997179858894,0.00017193540720348934,416.8,340.0,5,0,0,0,False,False,342
ESM-2 Random Forest,esm2_0156,0.000259753895781199,7.256797782535736e-05,0.0004455451005894461,648.2,701.0,5,0,0,0,False,False,343
ESM-2 Random Forest,esm2_0322,0.00025839455781240445,0.00022058318982125176,9.975487161861621e-05,370.4,343.0,5,0,0,0,False,False,344
ESM-2 Random Forest,esm2_0286,0.00025602363502131307,0.0001095446133456925,0.0004176836420117575,681.8,607.0,3,0,0,0,False,False,345
ESM-2 Random Forest,esm2_0917,0.0002550667475774886,0.0002670625178429137,7.962614562504063e-05,366.0,322.0,5,0,0,0,False,False,346
ESM-2 Random Forest,esm2_0956,0.00025463482116887536,0.0002618048334151578,0.0001414238025746166,409.6,358.0,5,0,0,0,False,False,347
ESM-2 Random Forest,esm2_0683,0.00025459111185912936,0.00030686348350111896,0.00014553911694917507,467.8,316.0,4,0,0,0,False,False,348
ESM-2 Random Forest,esm2_0030,0.00025178800121549344,0.00028661547754268686,0.00015263985023844835,449.6,302.0,4,0,0,0,False,False,349
ESM-2 Random Forest,esm2_0834,0.00025010872051680255,0.0002288535263347695,9.660225485561291e-05,373.0,363.0,5,0,0,0,False,False,350
ESM-2 Random Forest,esm2_0299,0.00024994254608552496,0.00023708766142266789,0.0002261946119058773,533.2,366.0,4,0,0,0,False,False,351
ESM-2 Random Forest,esm2_1221,0.0002499374707015784,0.00010559803724940097,0.00028524344868238136,526.6,644.0,5,0,0,0,False,False,352
ESM-2 Random Forest,esm2_0410,0.0002496098663819796,0.0001261449275362319,0.00033028933358538896,544.2,599.0,5,0,0,0,False,False,353
ESM-2 Random Forest,esm2_0631,0.00024906703129953946,0.00021626026548552744,9.633090401538468e-05,375.6,371.0,5,0,0,0,False,False,354
ESM-2 Random Forest,esm2_0314,0.000248410942548388,0.0002820355379347826,0.00012551188390863256,408.0,359.0,5,0,0,0,False,False,355
ESM-2 Random Forest,esm2_0543,0.0002483745095375676,0.00020318105166308346,0.000158651429145822,420.4,396.0,5,0,0,0,False,False,356
ESM-2 Random Forest,esm2_1279,0.0002479752074205331,0.00028863331871558116,0.00014967239613261448,424.2,330.0,5,0,0,0,False,False,357
ESM-2 Random Forest,esm2_0871,0.00024601982512682113,0.0002668090762176001,0.0001237140084725834,406.4,351.0,5,0,0,0,False,False,358
ESM-2 Random Forest,esm2_0401,0.0002454191188091407,0.00014156816398114234,0.00018794834269514126,468.2,514.0,5,0,0,0,False,False,359
ESM-2 Random Forest,esm2_0464,0.0002444230872617048,0.00019785724249427362,0.00023319650615026154,547.2,385.0,4,0,0,0,False,False,360
ESM-2 Random Forest,esm2_0776,0.00024399688057397524,0.0001752402267456363,0.00024611286337182265,502.4,446.0,5,0,0,0,False,False,361
ESM-2 Random Forest,esm2_1134,0.0002438579392180883,0.00029654988505254076,0.00012537279904865247,423.8,347.0,5,0,0,0,False,False,362
ESM-2 Random Forest,esm2_0819,0.00024254470082291237,0.00027378006118614366,0.00015311763062387672,446.2,321.0,5,0,0,0,False,False,363
ESM-2 Random Forest,esm2_0250,0.00024250471920175178,2.8533737608738997e-05,0.00046864750838523586,757.6,923.0,4,0,0,0,False,False,364
ESM-2 Random Forest,esm2_0689,0.00024167648878165322,0.00022575887647663338,0.00016843706003596664,496.8,398.0,4,0,0,0,False,False,365
ESM-2 Random Forest,esm2_0575,0.0002413242507753513,0.0002687783195526835,0.00021979578340165253,559.2,369.0,4,0,0,0,False,False,366
ESM-2 Random Forest,esm2_0472,0.00024036722428283746,0.0001690102944814676,0.00024095947786797588,490.6,514.0,5,0,0,0,False,False,367
ESM-2 Random Forest,esm2_0454,0.00024022908714209254,0.000164631098777015,0.00017240634272754757,428.8,464.0,5,0,0,0,False,False,368
ESM-2 Random Forest,esm2_0584,0.00024010680790896333,0.00022243333057195004,0.00020956400086289106,459.8,364.0,5,0,0,0,False,False,369
ESM-2 Random Forest,esm2_0519,0.00023988845265260583,0.00016797127616934151,0.00020170080405989521,498.4,467.0,5,0,0,0,False,False,370
ESM-2 Random Forest,esm2_1119,0.0002378108183776578,0.0002080009896647046,0.00016301697920347342,449.2,423.0,5,0,0,0,False,False,371
ESM-2 Random Forest,esm2_0638,0.00023719822899602238,0.0002973579556252552,0.0001963355700130032,508.8,346.0,5,0,0,0,False,False,372
ESM-2 Random Forest,esm2_1106,0.00023586520104859195,0.00014873872345631532,0.0002218466162912957,493.6,489.0,5,0,0,0,False,False,373
ESM-2 Random Forest,esm2_0952,0.00023578752620761345,0.00021239738913808682,0.00011036154331165722,404.4,380.0,5,0,0,0,False,False,374
ESM-2 Random Forest,esm2_0865,0.0002353101333819743,0.00022840975074198296,3.57134212142744e-05,373.6,365.0,5,0,0,0,False,False,375
ESM-2 Random Forest,esm2_0033,0.00023473745754367908,0.00013697853034384526,0.00024784463043954025,527.2,511.0,5,0,0,0,False,False,376
ESM-2 Random Forest,esm2_1113,0.0002340433627998941,0.00020798443444903632,0.0001159464662310436,418.2,373.0,5,0,0,0,False,False,377
ESM-2 Random Forest,esm2_0546,0.00023350495078943776,0.00017345112230821968,0.0002341960441265792,551.0,517.0,5,0,0,0,False,False,378
ESM-2 Random Forest,esm2_0966,0.0002334998657004429,0.0001781328823204882,0.00019302746019757237,547.6,438.0,4,0,0,0,False,False,379
ESM-2 Random Forest,esm2_0039,0.00023334573964636294,0.00011116422058162615,0.0002830157463855418,588.0,547.0,5,0,0,0,False,False,380
ESM-2 Random Forest,esm2_1118,0.00023309727763517405,0.00010359654142336289,0.0002802455579847119,642.6,692.0,4,0,0,0,False,False,381
ESM-2 Random Forest,esm2_0563,0.0002330044764611619,9.307316938340218e-05,0.00035831289385937,632.8,599.0,5,0,0,0,False,False,382
ESM-2 Random Forest,esm2_0114,0.00023244375225915754,0.00024480971733246916,6.707869526446882e-05,382.4,377.0,5,0,0,0,False,False,383
ESM-2 Random Forest,esm2_0533,0.00023146457998931658,0.00021277784748687057,0.0001260167958860914,425.6,409.0,5,0,0,0,False,False,384
ESM-2 Random Forest,esm2_0257,0.00023131378103444878,0.00017885671337512007,0.00010621428958266116,410.2,493.0,5,0,0,0,False,False,385
ESM-2 Random Forest,esm2_0189,0.00023009032107380346,0.00015089312984077396,0.00018175784870103165,453.6,482.0,5,0,0,0,False,False,386
ESM-2 Random Forest,esm2_1240,0.00022915668907899262,0.0001796408374931942,0.0002725666727493006,638.8,405.0,4,0,0,0,False,False,387
ESM-2 Random Forest,esm2_0755,0.00022878621327747538,0.00020159659493558453,0.00015430407675516702,429.2,399.0,5,0,0,0,False,False,388
ESM-2 Random Forest,esm2_0104,0.0002254457184133176,0.00013312417122403168,0.00020051915924237213,520.4,498.0,5,0,0,0,False,False,389
ESM-2 Random Forest,esm2_0159,0.0002245900404155819,0.00022347324925915687,0.00021842944173614662,585.6,339.0,4,0,0,0,False,False,390
ESM-2 Random Forest,esm2_0973,0.00022437494056606723,0.00015232354456068054,0.00014908203001899912,455.8,461.0,5,0,0,0,False,False,391
ESM-2 Random Forest,esm2_0878,0.00022252169668680703,0.00020110670276248007,0.00012710081499548302,418.6,428.0,5,0,0,0,False,False,392
ESM-2 Random Forest,esm2_0217,0.00022246459177304101,0.0002308397999205619,0.00012664018796577778,460.0,372.0,5,0,0,0,False,False,393
ESM-2 Random Forest,esm2_0749,0.0002217704911937203,0.0001430450119201777,0.0002058616552110697,565.0,498.0,4,0,0,0,False,False,394
ESM-2 Random Forest,esm2_0804,0.0002215332692120799,0.00017518151553801923,0.0002339998411882196,600.2,512.0,5,0,0,0,False,False,395
ESM-2 Random Forest,esm2_0276,0.0002213146326410074,6.735195689646026e-05,0.00023962939794843985,585.8,693.0,5,0,0,0,False,False,396
ESM-2 Random Forest,esm2_0475,0.00022071131117813082,0.0001697418285519757,0.0001702778684119401,509.0,524.0,5,0,0,0,False,False,397
ESM-2 Random Forest,esm2_0264,0.00022042055123971263,0.0002397025709620362,0.00016889706425066647,499.6,341.0,5,0,0,0,False,False,398
ESM-2 Random Forest,esm2_0913,0.00022035512328689205,0.00021997635860099797,0.0001426363911894989,462.6,345.0,5,0,0,0,False,False,399
ESM-2 Random Forest,esm2_0974,0.00022015245747850952,0.0002506133994467982,0.00011706434837173156,464.8,368.0,5,0,0,0,False,False,400
ESM-2 Random Forest,esm2_0693,0.00022000900913278447,0.0001314165787005048,0.0002304744494097866,554.4,541.0,5,0,0,0,False,False,401
ESM-2 Random Forest,esm2_0870,0.00021994198743100125,0.000156956077653505,0.00015210915629345443,471.2,510.0,5,0,0,0,False,False,402
ESM-2 Random Forest,esm2_0164,0.0002197323178984362,0.00019308076736998381,0.0001461978172333124,478.2,413.0,5,0,0,0,False,False,403
ESM-2 Random Forest,esm2_0585,0.00021807716812757694,0.00022844170931846713,0.00017179232988060266,537.2,362.0,4,0,0,0,False,False,404
ESM-2 Random Forest,esm2_0557,0.00021767532072801735,6.945784294809957e-05,0.0002741289401880275,684.2,733.0,3,0,0,0,False,False,405
ESM-2 Random Forest,esm2_0426,0.00021670121261752718,0.00020402052242661563,0.00020683613127350347,534.6,373.0,4,0,0,0,False,False,406
ESM-2 Random Forest,esm2_0384,0.00021624455818141088,9.176289517830794e-05,0.0003306682364492101,668.4,710.0,4,0,0,0,False,False,407
ESM-2 Random Forest,esm2_0624,0.00021595731332679958,0.00016029501759761775,0.00016901956051867598,482.8,466.0,5,0,0,0,False,False,408
ESM-2 Random Forest,esm2_0396,0.000215583970693786,6.798899481217762e-05,0.0003135315647680753,625.8,729.0,5,0,0,0,False,False,409
ESM-2 Random Forest,esm2_0932,0.00021435557518139554,1.5432284822106744e-05,0.0003769453847627021,742.8,988.0,5,0,0,0,False,False,410
ESM-2 Random Forest,esm2_0393,0.0002142587279738653,0.0002172931072777661,0.00011071122181015373,448.6,411.0,5,0,0,0,False,False,411
ESM-2 Random Forest,esm2_0944,0.00021424114045551446,0.00011088303030578164,0.0002073654845283758,600.8,599.0,4,0,0,0,False,False,412
ESM-2 Random Forest,esm2_0356,0.00021334355336195677,0.000216442926222264,7.134508068859444e-05,417.0,350.0,5,0,0,0,False,False,413
ESM-2 Random Forest,esm2_1094,0.00021135600825018369,0.000247082735068447,0.000164907545215036,537.2,395.0,5,0,0,0,False,False,414
ESM-2 Random Forest,esm2_0680,0.0002113268219753114,0.00015824522460424102,0.0002670281605781709,645.4,506.0,4,0,0,0,False,False,415
ESM-2 Random Forest,esm2_0146,0.00021104865282930898,0.00016122584183980533,0.00020990568224731922,588.6,436.0,5,0,0,0,False,False,416
ESM-2 Random Forest,esm2_0770,0.0002108326707496042,0.000194586409154237,0.00016646466666388472,509.8,429.0,5,0,0,0,False,False,417
ESM-2 Random Forest,esm2_0867,0.00021053535943503935,0.00023325715261062645,0.00013144103649779512,463.4,354.0,5,0,0,0,False,False,418
ESM-2 Random Forest,esm2_0614,0.0002100959903266337,0.00016129277151981505,9.015336257912359e-05,427.0,485.0,5,0,0,0,False,False,419
ESM-2 Random Forest,esm2_0602,0.00020976395519694516,0.00019628578888149714,7.982349334595161e-05,428.8,397.0,5,0,0,0,False,False,420
ESM-2 Random Forest,esm2_0895,0.0002093477369737081,0.00019795152917276884,0.00012527689890803501,452.4,463.0,5,0,0,0,False,False,421
ESM-2 Random Forest,esm2_1179,0.0002088069041118551,0.0002793215887461917,0.00016927354814978625,585.2,360.0,4,0,0,0,False,False,422
ESM-2 Random Forest,esm2_1130,0.00020873454509317546,0.00020417283283983296,0.00015858968309841008,545.6,441.0,4,0,0,0,False,False,423
ESM-2 Random Forest,esm2_0699,0.00020803172102419493,0.00022539983040894106,0.00013519691910474766,473.8,385.0,5,0,0,0,False,False,424
ESM-2 Random Forest,esm2_0960,0.0002074973332670151,0.00012122149828436595,0.00023935686555888973,553.8,634.0,5,0,0,0,False,False,425
ESM-2 Random Forest,esm2_0925,0.0002069822654207979,0.00021957042408542112,0.00016925611436634255,575.0,408.0,4,0,0,0,False,False,426
ESM-2 Random Forest,esm2_0589,0.00020656053038073906,5.934370260745971e-05,0.000271149550967909,661.0,767.0,4,0,0,0,False,False,427
ESM-2 Random Forest,esm2_0577,0.00020650033507745995,0.00017036812226508164,0.00011735156698314039,450.2,434.0,5,0,0,0,False,False,428
ESM-2 Random Forest,esm2_0825,0.00020636693108524624,0.00024649459961644036,0.00019720708399192154,602.4,372.0,4,0,0,0,False,False,429
ESM-2 Random Forest,esm2_0713,0.00020595925116381362,0.0001304312123742616,0.00015524536405704475,477.2,526.0,5,0,0,0,False,False,430
ESM-2 Random Forest,esm2_0830,0.0002058596568518087,0.00014675343118951962,0.00023343960991439118,659.0,574.0,4,0,0,0,False,False,431
ESM-2 Random Forest,esm2_1049,0.00020500009777954238,0.0,0.000326907265757313,839.6,1231.0,2,0,0,0,False,False,432
ESM-2 Random Forest,esm2_1217,0.0002049214508833606,0.00017344052151152138,7.440060752103765e-05,431.0,438.0,5,0,0,0,False,False,433
ESM-2 Random Forest,esm2_0777,0.0002042655840178295,0.0001587300697640784,0.0001707409441049504,489.2,470.0,5,0,0,0,False,False,434
ESM-2 Random Forest,esm2_0414,0.00020398378596035138,0.00023475112941862293,0.00015454766167618254,534.8,370.0,4,0,0,0,False,False,435
ESM-2 Random Forest,esm2_0035,0.00020359442697940518,0.00017192470758011776,0.00022568221166362795,619.8,519.0,4,0,0,0,False,False,436
ESM-2 Random Forest,esm2_0415,0.0002028276384718464,0.00021894244045090046,0.00012562058809486188,501.8,429.0,5,0,0,0,False,False,437
ESM-2 Random Forest,esm2_1151,0.00020261937657852424,0.00013221839647577083,0.0002058573192322632,525.0,522.0,5,0,0,0,False,False,438
ESM-2 Random Forest,esm2_0799,0.0002019434498530074,0.00022076675861649287,7.408494619729199e-05,437.8,427.0,5,0,0,0,False,False,439
ESM-2 Random Forest,esm2_0521,0.00020133261937769356,0.00020217486455102347,0.00017968847771958707,553.6,397.0,5,0,0,0,False,False,440
ESM-2 Random Forest,esm2_1041,0.00019945247593866638,0.0002726533154390823,0.00012956857052151617,519.2,337.0,5,0,0,0,False,False,441
ESM-2 Random Forest,esm2_1165,0.0001988392760698337,0.00015937525093661568,0.00020728448082439643,643.8,503.0,4,0,0,0,False,False,442
ESM-2 Random Forest,esm2_0042,0.00019862270334748694,8.076900490263654e-05,0.00029922207358554974,682.6,750.0,3,0,0,0,False,False,443
ESM-2 Random Forest,esm2_0096,0.00019807915064307168,0.00017217949898948258,7.112927301475127e-05,436.2,443.0,5,0,0,0,False,False,444
ESM-2 Random Forest,esm2_0732,0.00019804885902196943,0.0001973010246889881,9.971734624348415e-05,470.8,417.0,5,0,0,0,False,False,445
ESM-2 Random Forest,esm2_0568,0.00019804441686197506,0.00020518620829263295,1.4088386277199772e-05,418.4,427.0,5,0,0,0,False,False,446
ESM-2 Random Forest,esm2_1098,0.00019774783718386484,0.00013475394648039914,0.00012269410190464717,487.8,570.0,5,0,0,0,False,False,447
ESM-2 Random Forest,esm2_0433,0.00019773429763794668,0.00013597690996926989,0.00017727172937478998,532.6,485.0,5,0,0,0,False,False,448
ESM-2 Random Forest,esm2_0986,0.00019677336737798754,0.00015719499394076873,0.00010323538558442315,480.4,515.0,5,0,0,0,False,False,449
ESM-2 Random Forest,esm2_0424,0.0001949011923066553,0.00015932802993221312,8.925920892534295e-05,454.0,444.0,5,0,0,0,False,False,450
ESM-2 Random Forest,esm2_0827,0.0001948759977695212,0.00028663723132765567,0.00017996941985826497,647.4,312.0,3,0,0,0,False,False,451
ESM-2 Random Forest,esm2_0029,0.00019464857386476233,6.835080383002217e-05,0.0002400337041637275,621.6,781.0,5,0,0,0,False,False,452
ESM-2 Random Forest,esm2_0052,0.00019450329621546915,0.00019085265965924745,0.00016473191020197262,545.2,452.0,5,0,0,0,False,False,453
ESM-2 Random Forest,esm2_0390,0.0001932249624091292,0.00015835105642693557,0.0002113084310362428,609.0,473.0,5,0,0,0,False,False,454
ESM-2 Random Forest,esm2_1254,0.00019156262440970143,0.00017630805834787492,4.7051881957237155e-05,439.0,486.0,5,0,0,0,False,False,455
ESM-2 Random Forest,esm2_0480,0.000190612001956372,0.0001783875249082502,8.130573431268089e-05,463.6,430.0,5,0,0,0,False,False,456
ESM-2 Random Forest,esm2_0505,0.00019010834458043607,0.00013206003323876868,0.00022794881156676375,604.6,564.0,5,0,0,0,False,False,457
ESM-2 Random Forest,esm2_0586,0.00018976171085940415,0.00017409140061605733,0.00013369021950602992,530.2,436.0,4,0,0,0,False,False,458
ESM-2 Random Forest,esm2_1232,0.00018944030789458418,0.000193439742089483,0.00010447672823033466,482.6,443.0,5,0,0,0,False,False,459
ESM-2 Random Forest,esm2_1150,0.00018937745610855724,0.00018184191899167827,0.00017514025201699403,611.0,426.0,4,0,0,0,False,False,460
ESM-2 Random Forest,esm2_1029,0.00018797675860987036,5.5226972936806054e-05,0.00022875698982659074,671.0,758.0,4,0,0,0,False,False,461
ESM-2 Random Forest,esm2_0856,0.0001877726504060352,0.00014930837004354446,0.00010223768852356128,464.2,478.0,5,0,0,0,False,False,462
ESM-2 Random Forest,esm2_0363,0.00018755133810444043,0.00013527992898371445,0.0001778158423246054,575.4,530.0,5,0,0,0,False,False,463
ESM-2 Random Forest,esm2_0353,0.00018713025380788864,2.083961456361028e-05,0.00027096677918496035,720.0,978.0,4,0,0,0,False,False,464
ESM-2 Random Forest,esm2_1128,0.00018693457785268824,4.496372278986557e-05,0.00021805441663672436,676.2,789.0,4,0,0,0,False,False,465
ESM-2 Random Forest,esm2_0656,0.00018689862072345054,2.0837352884429876e-05,0.0002520653199606832,761.4,1029.0,3,0,0,0,False,False,466
ESM-2 Random Forest,esm2_0603,0.0001859315894316179,0.00016023513050397693,0.00013304131194241805,545.8,437.0,4,0,0,0,False,False,467
ESM-2 Random Forest,esm2_0297,0.00018535674758952996,0.00011030792901202823,0.00025038205450365143,645.0,587.0,5,0,0,0,False,False,468
ESM-2 Random Forest,esm2_0278,0.00018522962863095558,6.816967793727533e-05,0.00021507709645094292,642.2,687.0,4,0,0,0,False,False,469
ESM-2 Random Forest,esm2_0144,0.00018428842469610235,0.0002046703434331719,9.87367512803121e-05,495.2,389.0,5,0,0,0,False,False,470
ESM-2 Random Forest,esm2_1126,0.00018376511007275198,0.00017641014247660205,8.551890935526804e-05,477.2,445.0,5,0,0,0,False,False,471
ESM-2 Random Forest,esm2_0021,0.00018366739967652358,0.00019669629177644003,0.00018778763984866417,610.4,388.0,3,0,0,0,False,False,472
ESM-2 Random Forest,esm2_1004,0.00018345210750917682,0.00015857983660586057,0.00015415768375234016,522.0,471.0,5,0,0,0,False,False,473
ESM-2 Random Forest,esm2_0860,0.00018327322596930714,0.00017735271238312802,7.606208750452101e-05,473.6,432.0,5,0,0,0,False,False,474
ESM-2 Random Forest,esm2_0562,0.00018203587334717836,0.00015687028703156118,0.00013251420436588974,530.4,511.0,5,0,0,0,False,False,475
ESM-2 Random Forest,esm2_0010,0.00018173573177878883,0.0001528179154628343,0.00013267441638602215,512.4,459.0,5,0,0,0,False,False,476
ESM-2 Random Forest,esm2_0002,0.00018137929645967247,9.493770914261575e-05,0.00019592614561678842,611.0,652.0,4,0,0,0,False,False,477
ESM-2 Random Forest,esm2_0868,0.0001810993177325784,0.00015970774336765,5.455217540384069e-05,453.0,490.0,5,0,0,0,False,False,478
ESM-2 Random Forest,esm2_1071,0.00018078855954090485,0.00023120941760272935,0.0001178708579912138,566.6,393.0,4,0,0,0,False,False,479
ESM-2 Random Forest,esm2_0439,0.0001805614440682102,0.00020816965770096234,7.62382670903393e-05,479.6,419.0,5,0,0,0,False,False,480
ESM-2 Random Forest,esm2_0728,0.00018023869691108,0.00015058537688847836,0.00017617983456463197,584.6,525.0,4,0,0,0,False,False,481
ESM-2 Random Forest,esm2_0795,0.00017916041336577088,6.873709715777098e-05,0.00020510743570481763,613.6,734.0,5,0,0,0,False,False,482
ESM-2 Random Forest,esm2_0272,0.00017907498054867986,0.00018969793882506094,8.37897212210265e-05,482.0,482.0,5,0,0,0,False,False,483
ESM-2 Random Forest,esm2_1216,0.00017889832919996203,0.00018773539587961746,0.00014931899197427988,606.2,457.0,4,0,0,0,False,False,484
ESM-2 Random Forest,esm2_1092,0.0001776187302585744,0.00019535676549807968,0.00011559215080433653,511.8,439.0,5,0,0,0,False,False,485
ESM-2 Random Forest,esm2_1203,0.00017537628359161063,8.503907945203367e-05,0.000219027147354724,693.2,710.0,4,0,0,0,False,False,486
ESM-2 Random Forest,esm2_0641,0.00017529705300176317,0.00017881075575365213,5.4303865122602955e-05,472.0,472.0,5,0,0,0,False,False,487
ESM-2 Random Forest,esm2_0832,0.00017516365208972335,0.00019274216923201014,0.00017843979484506392,648.8,392.0,4,0,0,0,False,False,488
ESM-2 Random Forest,esm2_0862,0.0001747901859140567,0.00019477026746236268,8.74150456826069e-05,505.6,390.0,5,0,0,0,False,False,489
ESM-2 Random Forest,esm2_0289,0.00017445584710132892,9.905725885714409e-05,0.00020449065390003423,611.8,621.0,4,0,0,0,False,False,490
ESM-2 Random Forest,esm2_0209,0.00017393928493944044,0.00017273667149301155,0.0001241514300185791,543.2,418.0,4,0,0,0,False,False,491
ESM-2 Random Forest,esm2_0792,0.00017268572541366753,8.769047002450872e-05,0.00015218982834764577,557.6,685.0,5,0,0,0,False,False,492
ESM-2 Random Forest,esm2_0750,0.00017234604938700022,3.98935466189221e-05,0.00027598485216217194,704.2,829.0,5,0,0,0,False,False,493
ESM-2 Random Forest,esm2_1053,0.00017202188973178525,8.767138228467652e-05,0.00015367599514584356,558.0,624.0,5,0,0,0,False,False,494
ESM-2 Random Forest,esm2_0407,0.0001717426761326741,9.391540223953642e-05,0.00019998483899209013,634.0,641.0,4,0,0,0,False,False,495
ESM-2 Random Forest,esm2_0331,0.00017118686180403014,5.9289715627069025e-05,0.00020875337940903565,693.2,734.0,3,0,0,0,False,False,496
ESM-2 Random Forest,esm2_0270,0.00017042051505218792,7.834852294300348e-05,0.0001880119711076303,641.0,718.0,4,0,0,0,False,False,497
ESM-2 Random Forest,esm2_0069,0.00017009404216227503,0.0001708989032753034,0.00014787560008417316,571.0,479.0,5,0,0,0,False,False,498
ESM-2 Random Forest,esm2_0198,0.00016967217995316044,0.0001242107696765669,9.107734164495118e-05,509.6,553.0,5,0,0,0,False,False,499
ESM-2 Random Forest,esm2_1189,0.00016956759352327588,0.00020340410794620346,0.00010937740483391572,585.6,455.0,4,0,0,0,False,False,500
ESM-2 Random Forest,esm2_1120,0.0001693642789590567,0.00013307844989887463,9.278236182384585e-05,509.8,499.0,5,0,0,0,False,False,501
ESM-2 Random Forest,esm2_0341,0.00016893973448521923,0.00019396195652511403,0.00011517151780156309,539.0,441.0,5,0,0,0,False,False,502
ESM-2 Random Forest,esm2_0469,0.0001688497983001543,0.00012380241186476439,0.00011020967006267936,527.8,554.0,5,0,0,0,False,False,503
ESM-2 Random Forest,esm2_0729,0.0001685948989978748,0.00019027629877681987,7.952779539381868e-05,507.4,453.0,5,0,0,0,False,False,504
ESM-2 Random Forest,esm2_0230,0.00016858160540905132,2.588467257224822e-05,0.00023622252443009515,696.8,896.0,5,0,0,0,False,False,505
ESM-2 Random Forest,esm2_0482,0.00016856646708100472,0.00012715593526667042,0.00020701382619972152,640.0,510.0,5,0,0,0,False,False,506
ESM-2 Random Forest,esm2_1019,0.00016775058520958672,0.0002526479935580955,0.00013173036370908508,578.4,362.0,5,0,0,0,False,False,507
ESM-2 Random Forest,esm2_1010,0.00016773922861894837,0.00020481615704578602,0.00011226046791958584,585.6,386.0,4,0,0,0,False,False,508
ESM-2 Random Forest,esm2_0715,0.00016770504356505584,4.0008612965291155e-05,0.00022861935627731337,702.6,828.0,4,0,0,0,False,False,509
ESM-2 Random Forest,esm2_0370,0.00016707036589754543,0.00011804279512427934,0.00015685114607416064,594.2,575.0,5,0,0,0,False,False,510
ESM-2 Random Forest,esm2_0115,0.00016627973845826527,0.000137685873413233,0.00011715315222213813,542.4,551.0,5,0,0,0,False,False,511
ESM-2 Random Forest,esm2_0358,0.0001659973305979948,0.00015505662286287216,0.00011433799072989484,561.6,452.0,4,0,0,0,False,False,512
ESM-2 Random Forest,esm2_1031,0.0001654422976377738,0.0,0.00035745831236046714,956.6,1226.0,2,0,0,0,False,False,513
ESM-2 Random Forest,esm2_0484,0.00016484407757026305,6.753616379802366e-05,0.00020296156619401497,624.4,739.0,5,0,0,0,False,False,514
ESM-2 Random Forest,esm2_0394,0.00016463708630278174,0.00019838933950417275,8.309660309105137e-05,520.2,456.0,5,0,0,0,False,False,515
ESM-2 Random Forest,esm2_0580,0.00016315698677876086,3.450171593463029e-05,0.0002650512449767871,713.2,853.0,5,0,0,0,False,False,516
ESM-2 Random Forest,esm2_0186,0.00016309994472346023,8.511129322842019e-05,0.00025698617435626696,713.2,709.0,4,0,0,0,False,False,517
ESM-2 Random Forest,esm2_0625,0.00016206373772170837,0.00013858187897800573,0.000124690140385094,590.4,510.0,4,0,0,0,False,False,518
ESM-2 Random Forest,esm2_0883,0.0001619873812606849,0.00013445518810210075,5.100981020964841e-05,492.0,493.0,5,0,0,0,False,False,519
ESM-2 Random Forest,esm2_0044,0.0001616698602872618,0.0001342423564757486,0.0001330430191320182,574.2,494.0,5,0,0,0,False,False,520
ESM-2 Random Forest,esm2_0107,0.00016145672024319945,0.00011651934401959092,0.000148860857813074,580.2,532.0,5,0,0,0,False,False,521
ESM-2 Random Forest,esm2_0101,0.0001614011819407976,0.00013785891250841774,8.513444142886097e-05,524.2,522.0,5,0,0,0,False,False,522
ESM-2 Random Forest,esm2_0342,0.00016138299135803435,8.601423039524808e-05,0.0001726043703432926,631.0,633.0,4,0,0,0,False,False,523
ESM-2 Random Forest,esm2_0831,0.00016091345202777068,0.00016356211082015583,0.00014454447632009817,627.0,533.0,4,0,0,0,False,False,524
ESM-2 Random Forest,esm2_0034,0.00016058490621733332,3.705311911998841e-05,0.00030104728293903486,782.6,924.0,4,0,0,0,False,False,525
ESM-2 Random Forest,esm2_0816,0.00016056657914347808,5.15356967093924e-05,0.0001813693979860691,640.4,787.0,5,0,0,0,False,False,526
ESM-2 Random Forest,esm2_0249,0.000160452749447437,0.00013492003312871978,0.00011760124458243663,547.6,561.0,5,0,0,0,False,False,527
ESM-2 Random Forest,esm2_0109,0.0001604123024123389,0.00012865442694806123,8.955917694438853e-05,523.0,596.0,5,0,0,0,False,False,528
ESM-2 Random Forest,esm2_1083,0.00016016076200996192,0.00018211510915261636,7.171912462940734e-05,521.2,494.0,5,0,0,0,False,False,529
ESM-2 Random Forest,esm2_0685,0.00016010738846479767,0.00018321324513329102,8.83749014112206e-05,539.4,492.0,5,0,0,0,False,False,530
ESM-2 Random Forest,esm2_0340,0.0001587980788918517,9.828735405407527e-05,0.00016885377577355385,629.2,626.0,4,0,0,0,False,False,531
ESM-2 Random Forest,esm2_0218,0.00015861615159112218,0.00017815389425801338,0.00010776049221500203,561.4,473.0,5,0,0,0,False,False,532
ESM-2 Random Forest,esm2_0470,0.00015850382038732366,0.0001022807595651482,8.841473827596991e-05,537.0,627.0,5,0,0,0,False,False,533
ESM-2 Random Forest,esm2_1280,0.0001584854719140225,0.00012948067897321236,0.00014362355832292539,604.4,547.0,5,0,0,0,False,False,534
ESM-2 Random Forest,esm2_0812,0.00015843656321833986,0.00012670359800794588,0.00018457371965449552,646.8,570.0,5,0,0,0,False,False,535
ESM-2 Random Forest,esm2_0900,0.0001583437232384528,0.00018016667626438767,9.686171175835231e-05,544.8,476.0,5,0,0,0,False,False,536
ESM-2 Random Forest,esm2_0425,0.00015818114584754186,0.0001915769576541504,0.00012097554195833268,583.0,449.0,5,0,0,0,False,False,537
ESM-2 Random Forest,esm2_1077,0.00015759149277996213,0.00010246157978047949,0.0001639021889164284,617.4,570.0,5,0,0,0,False,False,538
ESM-2 Random Forest,esm2_0120,0.0001574807022279709,0.00012153216395871659,0.00013205454564964428,591.0,567.0,5,0,0,0,False,False,539
ESM-2 Random Forest,esm2_1005,0.00015721890888491163,4.3770818846806864e-05,0.0002808046905910441,799.6,814.0,4,0,0,0,False,False,540
ESM-2 Random Forest,esm2_1194,0.00015706511539649744,0.00011794088729785418,0.0001400776181900953,598.6,641.0,5,0,0,0,False,False,541
ESM-2 Random Forest,esm2_0347,0.00015587938366632494,0.00016236089593161556,5.697730255025869e-05,509.6,462.0,5,0,0,0,False,False,542
ESM-2 Random Forest,esm2_0495,0.0001556594396895919,0.0001341464584356881,9.854580766802591e-05,546.2,564.0,5,0,0,0,False,False,543
ESM-2 Random Forest,esm2_0474,0.00015549136372051332,9.126538937859686e-05,0.00013883568016243364,592.2,685.0,5,0,0,0,False,False,544
ESM-2 Random Forest,esm2_0767,0.00015530209463890295,0.00021387521017123361,8.714128417055271e-05,544.6,439.0,5,0,0,0,False,False,545
ESM-2 Random Forest,esm2_0223,0.00015425061046690067,8.798555230002008e-05,0.00017531032879043593,647.0,668.0,4,0,0,0,False,False,546
ESM-2 Random Forest,esm2_0497,0.000152816639074235,0.00014250301120035676,7.526801960977226e-05,540.2,510.0,5,0,0,0,False,False,547
ESM-2 Random Forest,esm2_1027,0.00015271425403195186,0.00012717914232124718,0.00010371820407856451,569.4,617.0,5,0,0,0,False,False,548
ESM-2 Random Forest,esm2_0535,0.00015232062065653366,0.00010871370675783154,0.00013870716902488676,636.0,670.0,4,0,0,0,False,False,549
ESM-2 Random Forest,esm2_0121,0.00015190829637183194,0.00016049954957287252,0.0001399559684028521,616.8,500.0,4,0,0,0,False,False,550
ESM-2 Random Forest,esm2_0697,0.00015139655495240124,0.00011225070932475576,0.00013380560837007572,594.0,544.0,5,0,0,0,False,False,551
ESM-2 Random Forest,esm2_0850,0.00015046390042416441,0.0001338664594508264,0.0001080284184066378,608.8,556.0,4,0,0,0,False,False,552
ESM-2 Random Forest,esm2_0560,0.0001496756791900695,0.00013391970603457526,0.00012024631062103375,586.8,597.0,5,0,0,0,False,False,553
ESM-2 Random Forest,esm2_0746,0.00014925839753822764,0.00014031606988967405,0.00013112978298854906,615.4,585.0,5,0,0,0,False,False,554
ESM-2 Random Forest,esm2_0306,0.0001492440761369003,9.04366832022036e-05,9.785929371349443e-05,564.6,642.0,5,0,0,0,False,False,555
ESM-2 Random Forest,esm2_0487,0.00014907531132328866,0.00011596177345505931,0.00016549715832594683,694.6,581.0,3,0,0,0,False,False,556
ESM-2 Random Forest,esm2_1278,0.00014680843406460667,0.00017404098419334242,0.00014078040315361373,685.6,430.0,4,0,0,0,False,False,557
ESM-2 Random Forest,esm2_0216,0.00014643880182906745,3.476413500072426e-05,0.000241764564588835,750.0,911.0,4,0,0,0,False,False,558
ESM-2 Random Forest,esm2_0524,0.00014594325581879006,0.00014718948992540487,0.00010011436615416769,604.2,573.0,4,0,0,0,False,False,559
ESM-2 Random Forest,esm2_0720,0.0001444054543889729,0.000169002597189618,0.00013742881699514633,670.2,526.0,4,0,0,0,False,False,560
ESM-2 Random Forest,esm2_0569,0.0001438927319615902,0.00013243009607466158,9.530487932965661e-05,584.2,521.0,5,0,0,0,False,False,561
ESM-2 Random Forest,esm2_0743,0.00014335646773825885,9.998350201396249e-05,0.00010884307187218053,590.6,634.0,5,0,0,0,False,False,562
ESM-2 Random Forest,esm2_0171,0.0001433166866623642,4.32742196795695e-05,0.00020015854738326548,718.8,862.0,5,0,0,0,False,False,563
ESM-2 Random Forest,esm2_0228,0.00014300525356885228,0.00011292367449294333,9.604437720177787e-05,580.0,622.0,5,0,0,0,False,False,564
ESM-2 Random Forest,esm2_1258,0.00014232446720938247,2.443793344121624e-05,0.0002152896143052254,732.2,899.0,5,0,0,0,False,False,565
ESM-2 Random Forest,esm2_0954,0.00014227649045801355,6.24743767543768e-05,0.00014923064014983446,685.2,756.0,4,0,0,0,False,False,566
ESM-2 Random Forest,esm2_0128,0.00014214574163173805,9.15925519660295e-05,0.00017941393723550645,680.0,681.0,5,0,0,0,False,False,567
ESM-2 Random Forest,esm2_1017,0.00014208242813434175,9.441700870058553e-05,0.00013357221882293112,607.0,594.0,5,0,0,0,False,False,568
ESM-2 Random Forest,esm2_0334,0.00014208153206880214,9.673218524654945e-05,0.00010106121920622289,590.4,645.0,5,0,0,0,False,False,569
ESM-2 Random Forest,esm2_0014,0.00014203298169893286,0.00013316583258620007,0.00012685980951312564,608.6,571.0,5,0,0,0,False,False,570
ESM-2 Random Forest,esm2_0253,0.00014135038708775128,0.00011885941699542877,0.00011832254082979689,626.8,608.0,5,0,0,0,False,False,571
ESM-2 Random Forest,esm2_0694,0.00014076062433118135,2.8996027178977972e-05,0.00017076893521348412,716.0,870.0,4,0,0,0,False,False,572
ESM-2 Random Forest,esm2_0461,0.00014071216902508473,0.00014378970914997186,5.2037591718914545e-05,543.2,507.0,5,0,0,0,False,False,573
ESM-2 Random Forest,esm2_1261,0.00014032860477465565,2.164251207729469e-05,0.00019495680780812688,815.2,934.0,3,0,0,0,False,False,574
ESM-2 Random Forest,esm2_0473,0.00014006801185181573,0.00015228583879653825,0.00010859282608220459,607.2,523.0,5,0,0,0,False,False,575
ESM-2 Random Forest,esm2_0885,0.00013992209545792396,0.00010164433657648746,0.00013141436420342187,682.0,660.0,4,0,0,0,False,False,576
ESM-2 Random Forest,esm2_1191,0.00013975340500816327,9.26865331207922e-05,0.00011798774281492599,601.8,648.0,5,0,0,0,False,False,577
ESM-2 Random Forest,esm2_0095,0.00013940662100277504,0.0001249722629032974,0.00010607540343625789,597.0,552.0,4,0,0,0,False,False,578
ESM-2 Random Forest,esm2_1164,0.00013893056654896226,0.0001296368618372272,0.00011996362149541568,649.4,528.0,4,0,0,0,False,False,579
ESM-2 Random Forest,esm2_1121,0.0001388445049214869,0.00013009600771594123,0.0001073411101764632,646.6,505.0,4,0,0,0,False,False,580
ESM-2 Random Forest,esm2_0965,0.00013841199264141464,6.441128062668506e-05,0.00014070279088020216,654.4,795.0,5,0,0,0,False,False,581
ESM-2 Random Forest,esm2_1199,0.00013827989757107603,0.0,0.00028022512716945275,950.6,1259.0,2,0,0,0,False,False,582
ESM-2 Random Forest,esm2_0208,0.00013825232118452427,0.00015768226343575132,8.1929394566685e-05,582.6,478.0,5,0,0,0,False,False,583
ESM-2 Random Forest,esm2_1008,0.00013820983317388186,0.0001203411526553942,5.614901516761411e-05,554.4,572.0,5,0,0,0,False,False,584
ESM-2 Random Forest,esm2_0995,0.00013797830880206576,0.00011193716240656882,0.00012314261002819055,618.6,581.0,5,0,0,0,False,False,585
ESM-2 Random Forest,esm2_0150,0.00013783831635196865,0.00012095157622120172,4.157811974679767e-05,550.2,556.0,5,0,0,0,False,False,586
ESM-2 Random Forest,esm2_0388,0.00013765778778770867,0.00012644016312700465,0.00010665996444303652,612.6,547.0,5,0,0,0,False,False,587
ESM-2 Random Forest,esm2_0884,0.00013661761857590378,0.0001971432608901217,0.00011725617199002836,664.2,459.0,4,0,0,0,False,False,588
ESM-2 Random Forest,esm2_1033,0.0001365169033916857,7.087574674617671e-05,0.0001881944915957279,725.0,774.0,4,0,0,0,False,False,589
ESM-2 Random Forest,esm2_0481,0.00013645921746352697,9.147649482232262e-05,0.00010873637157925877,602.2,682.0,5,0,0,0,False,False,590
ESM-2 Random Forest,esm2_1104,0.00013615363977950685,7.946724680455007e-05,0.00014253047119555605,639.6,715.0,5,0,0,0,False,False,591
ESM-2 Random Forest,esm2_0993,0.00013588759274472725,0.00016458872962467995,9.022043528711314e-05,639.6,530.0,4,0,0,0,False,False,592
ESM-2 Random Forest,esm2_0824,0.00013572018152042237,9.914625158333755e-05,8.720676442293335e-05,593.4,702.0,5,0,0,0,False,False,593
ESM-2 Random Forest,esm2_0510,0.00013571766834255696,0.00010561452506222771,0.00011728384996837927,648.2,685.0,4,0,0,0,False,False,594
ESM-2 Random Forest,esm2_0928,0.00013536290318847497,0.00017727506232805473,0.00010749796676298837,656.8,474.0,4,0,0,0,False,False,595
ESM-2 Random Forest,esm2_0372,0.00013492066498865834,8.540724449158224e-05,0.0001271623380534392,628.6,694.0,5,0,0,0,False,False,596
ESM-2 Random Forest,esm2_0942,0.0001347278271039667,8.162513800745374e-05,0.00011077365608952595,621.6,709.0,5,0,0,0,False,False,597
ESM-2 Random Forest,esm2_0915,0.00013451331224266207,6.237898841748885e-05,0.0002285476917330788,831.8,774.0,3,0,0,0,False,False,598
ESM-2 Random Forest,esm2_0430,0.00013428618957028962,3.9174261471501746e-05,0.0001728251843530849,745.2,895.0,3,0,0,0,False,False,599
ESM-2 Random Forest,esm2_0803,0.00013405995079509236,0.0001399157625216894,8.160265253516143e-05,618.4,477.0,4,0,0,0,False,False,600
ESM-2 Random Forest,esm2_0387,0.00013374758778920636,0.00017157824588015736,8.459192569480835e-05,605.8,520.0,4,0,0,0,False,False,601
ESM-2 Random Forest,esm2_0049,0.00013356374932050008,0.00013280252197659956,0.00010712919476469715,620.4,520.0,5,0,0,0,False,False,602
ESM-2 Random Forest,esm2_0068,0.00013348459981583422,6.66100468128215e-05,0.00017050703002600693,694.4,796.0,4,0,0,0,False,False,603
ESM-2 Random Forest,esm2_0874,0.0001327566939874189,0.00011229522433099552,0.00011497888410465295,621.4,543.0,5,0,0,0,False,False,604
ESM-2 Random Forest,esm2_0420,0.00013271079773867196,0.000101355466950521,0.00010800750176311914,635.4,662.0,5,0,0,0,False,False,605
ESM-2 Random Forest,esm2_1110,0.0001324996469632931,8.74447451452477e-05,0.00014346625811231418,705.2,671.0,4,0,0,0,False,False,606
ESM-2 Random Forest,esm2_0937,0.0001323389374927552,0.00010838492462403414,0.00015144235321393488,706.4,558.0,4,0,0,0,False,False,607
ESM-2 Random Forest,esm2_0622,0.00013205108880082948,9.382887176853279e-05,0.00013850289249337286,681.2,675.0,4,0,0,0,False,False,608
ESM-2 Random Forest,esm2_0098,0.00013166591741130176,0.00015638202755910555,8.779669275812192e-05,610.4,448.0,5,0,0,0,False,False,609
ESM-2 Random Forest,esm2_0087,0.00013158758003533718,0.0001415072420113409,8.962173084540508e-05,611.2,543.0,4,0,0,0,False,False,610
ESM-2 Random Forest,esm2_0324,0.00013053000523878018,6.675373222720803e-05,0.00016340811780155888,674.4,747.0,5,0,0,0,False,False,611
ESM-2 Random Forest,esm2_0718,0.0001297658450580116,0.00013151148216446727,6.63082725989559e-05,582.6,602.0,5,0,0,0,False,False,612
ESM-2 Random Forest,esm2_1087,0.00012964092538398506,6.168791339980137e-05,0.00011447702323228546,637.0,725.0,5,0,0,0,False,False,613
ESM-2 Random Forest,esm2_0493,0.00012961182627078963,0.00011478446536622474,0.00013014049149546994,657.4,647.0,5,0,0,0,False,False,614
ESM-2 Random Forest,esm2_0724,0.00012936792494769062,0.0001448916408668731,6.699646129452557e-05,591.6,538.0,5,0,0,0,False,False,615
ESM-2 Random Forest,esm2_0706,0.00012763233306343968,0.0,0.00023728495615515843,872.4,1161.0,2,0,0,0,False,False,616
ESM-2 Random Forest,esm2_0031,0.00012734709880399785,0.000137549170427904,8.206924573788569e-05,610.6,481.0,4,0,0,0,False,False,617
ESM-2 Random Forest,esm2_1015,0.00012734690709704393,0.00012503915537965518,9.214161282650425e-05,626.6,557.0,5,0,0,0,False,False,618
ESM-2 Random Forest,esm2_0923,0.00012721139059923304,6.0103692322537315e-05,0.0001441599564047067,723.6,828.0,4,0,0,0,False,False,619
ESM-2 Random Forest,esm2_0416,0.00012714463503305743,0.00013841836019012514,0.00014236927846290615,695.6,520.0,4,0,0,0,False,False,620
ESM-2 Random Forest,esm2_0527,0.00012684782366046256,9.842492691710445e-05,0.0001131702517641283,668.8,641.0,4,0,0,0,False,False,621
ESM-2 Random Forest,esm2_0851,0.00012645623892744955,0.00015659772433494916,7.475850507127468e-05,637.2,513.0,4,0,0,0,False,False,622
ESM-2 Random Forest,esm2_0041,0.00012628088294526773,7.12465455166163e-05,0.00012813337909562452,660.6,677.0,4,0,0,0,False,False,623
ESM-2 Random Forest,esm2_1183,0.0001261289221576334,0.00013643642900510835,8.266401222896459e-05,608.6,555.0,5,0,0,0,False,False,624
ESM-2 Random Forest,esm2_0733,0.00012593453887978912,0.00014286117877491627,4.71347078900198e-05,580.6,543.0,5,0,0,0,False,False,625
ESM-2 Random Forest,esm2_1202,0.0001259179798754351,0.0001354363259877147,0.00010081130861846917,633.4,537.0,5,0,0,0,False,False,626
ESM-2 Random Forest,esm2_0513,0.0001257926917604491,0.0001111593573599653,7.914741690714038e-05,602.0,562.0,5,0,0,0,False,False,627
ESM-2 Random Forest,esm2_1211,0.00012555855956433368,0.00012473043107775285,0.00012752508805196418,703.4,520.0,4,0,0,0,False,False,628
ESM-2 Random Forest,esm2_0507,0.00012490907930891505,6.476777623720087e-05,0.00019312003585045202,765.6,746.0,3,0,0,0,False,False,629
ESM-2 Random Forest,esm2_0659,0.00012484648193850393,0.00012924382896880405,6.990488734682082e-05,605.0,549.0,5,0,0,0,False,False,630
ESM-2 Random Forest,esm2_0019,0.0001247580730996858,0.00014390018546883184,4.8816599726815635e-05,586.0,506.0,5,0,0,0,False,False,631
ESM-2 Random Forest,esm2_0503,0.0001245839746244893,6.238716095013387e-05,0.00015388044495807718,734.8,817.0,4,0,0,0,False,False,632
ESM-2 Random Forest,esm2_0705,0.00012454170381894875,0.00012871142313880356,7.92751534154964e-05,623.8,583.0,5,0,0,0,False,False,633
ESM-2 Random Forest,esm2_0050,0.00012419611544517195,8.483106721291403e-05,0.00017162349047401365,728.2,698.0,3,0,0,0,False,False,634
ESM-2 Random Forest,esm2_0118,0.00012387638263805864,0.00011178677589661073,3.96900089329063e-05,585.4,660.0,5,0,0,0,False,False,635
ESM-2 Random Forest,esm2_0015,0.00012337845123856745,0.00012407600985773614,8.0293933312033e-05,627.6,561.0,5,0,0,0,False,False,636
ESM-2 Random Forest,esm2_0864,0.00012282340316101538,0.00013593576459540476,6.396239803695535e-05,598.2,526.0,5,0,0,0,False,False,637
ESM-2 Random Forest,esm2_1241,0.0001220318330597409,0.0,0.00016712111108935942,887.6,1269.0,2,0,0,0,False,False,638
ESM-2 Random Forest,esm2_0573,0.00012189797474732291,8.158463192075795e-05,0.0001045597068334474,653.6,746.0,5,0,0,0,False,False,639
ESM-2 Random Forest,esm2_1237,0.00012185227873753404,0.00014633807776111442,8.445056070316254e-05,635.2,550.0,5,0,0,0,False,False,640
ESM-2 Random Forest,esm2_0232,0.00012181203034583356,0.00016464133421362288,0.00011973674540690408,685.4,490.0,4,0,0,0,False,False,641
ESM-2 Random Forest,esm2_0515,0.00012178653591802245,7.886798375990949e-05,0.00014769801635015897,698.0,717.0,5,0,0,0,False,False,642
ESM-2 Random Forest,esm2_0058,0.00012177317201754229,5.852469010363751e-05,0.00012957787939283147,686.0,786.0,4,0,0,0,False,False,643
ESM-2 Random Forest,esm2_0283,0.00012158962338365626,6.621234518948267e-05,0.0001116919301575153,652.4,763.0,5,0,0,0,False,False,644
ESM-2 Random Forest,esm2_0500,0.00012089015146894413,8.430285030248021e-05,0.0001431013557267973,735.8,699.0,3,0,0,0,False,False,645
ESM-2 Random Forest,esm2_0320,0.0001208072686328404,0.00011540828745129821,0.0001012793921429991,663.8,616.0,4,0,0,0,False,False,646
ESM-2 Random Forest,esm2_1097,0.00012015648963171529,2.3063221982766742e-05,0.00019858431982159905,860.0,942.0,3,0,0,0,False,False,647
ESM-2 Random Forest,esm2_0357,0.00012014173490631914,0.00011961095198817768,4.046466906323994e-05,597.8,639.0,5,0,0,0,False,False,648
ESM-2 Random Forest,esm2_0191,0.00012003851409899847,5.4265370653679796e-05,0.0001371769475834737,708.6,779.0,4,0,0,0,False,False,649
ESM-2 Random Forest,esm2_1168,0.00011989799590418233,9.378830290954881e-05,0.00010695859894182837,661.0,642.0,5,0,0,0,False,False,650
ESM-2 Random Forest,esm2_0113,0.00011939179001898663,0.00011111082587402424,0.00010650736402137153,663.8,644.0,4,0,0,0,False,False,651
ESM-2 Random Forest,esm2_0212,0.00011907376623340954,8.373590982286635e-05,0.00012424182427688544,672.6,722.0,5,0,0,0,False,False,652
ESM-2 Random Forest,esm2_0379,0.00011820467180551817,0.00011344781014856266,0.00012423852309995253,715.2,588.0,3,0,0,0,False,False,653
ESM-2 Random Forest,esm2_0815,0.0001180647680979617,8.535712343812101e-05,0.00010248666918798818,644.2,708.0,5,0,0,0,False,False,654
ESM-2 Random Forest,esm2_0374,0.00011793323870944316,0.00010727584991793679,9.493631279141408e-05,655.0,617.0,4,0,0,0,False,False,655
ESM-2 Random Forest,esm2_0421,0.00011704538146169662,9.793242233727688e-05,6.890088530767874e-05,619.0,669.0,5,0,0,0,False,False,656
ESM-2 Random Forest,esm2_0302,0.00011686768603596186,6.73873888620236e-05,0.00016907364640788729,739.6,714.0,4,0,0,0,False,False,657
ESM-2 Random Forest,esm2_0349,0.00011680848264740099,3.8685187200038694e-05,0.00013883038109803865,735.4,842.0,4,0,0,0,False,False,658
ESM-2 Random Forest,esm2_0166,0.00011643122328863628,0.00010406469178011165,5.7877635996370973e-05,620.8,628.0,5,0,0,0,False,False,659
ESM-2 Random Forest,esm2_0006,0.00011640657841772231,9.633857959128923e-05,0.00011241515844572812,686.2,707.0,4,0,0,0,False,False,660
ESM-2 Random Forest,esm2_0381,0.00011613924076892435,8.193682783980925e-05,7.665023170347149e-05,627.6,689.0,5,0,0,0,False,False,661
ESM-2 Random Forest,esm2_0001,0.00011597095718459977,0.00012569148446419016,9.239166287137895e-05,649.4,530.0,5,0,0,0,False,False,662
ESM-2 Random Forest,esm2_0735,0.00011584718088660751,9.143208588451704e-05,0.00011557980694597955,695.4,645.0,4,0,0,0,False,False,663
ESM-2 Random Forest,esm2_1253,0.00011554775798563544,0.00011239938732201531,7.63742734156929e-05,690.2,579.0,4,0,0,0,False,False,664
ESM-2 Random Forest,esm2_1138,0.00011540555426843861,8.334237655995661e-05,9.9639780119207e-05,701.2,687.0,4,0,0,0,False,False,665
ESM-2 Random Forest,esm2_0060,0.00011449124364455153,0.00011384095105588074,9.974663523975522e-05,666.0,618.0,4,0,0,0,False,False,666
ESM-2 Random Forest,esm2_0088,0.00011436907432718034,0.00011806532563175469,4.272178512197589e-05,609.8,557.0,5,0,0,0,False,False,667
ESM-2 Random Forest,esm2_0630,0.00011380252312452672,0.00011476608440435647,8.036692914075749e-05,658.0,567.0,4,0,0,0,False,False,668
ESM-2 Random Forest,esm2_1178,0.00011346874625977714,0.00010248869338989867,5.5292533234962166e-05,625.8,623.0,5,0,0,0,False,False,669
ESM-2 Random Forest,esm2_0847,0.00011307133461639778,5.651157141051496e-05,0.00010905006551413782,700.4,752.0,5,0,0,0,False,False,670
ESM-2 Random Forest,esm2_0879,0.00011298323392028258,0.00010907818520727287,2.4180638583019155e-05,604.2,636.0,5,0,0,0,False,False,671
ESM-2 Random Forest,esm2_0725,0.00011243925815833728,0.00011269880193385577,0.00010008915885775019,691.0,578.0,4,0,0,0,False,False,672
ESM-2 Random Forest,esm2_0147,0.00011179599221980394,6.692965526074169e-05,7.063899764338682e-05,634.8,729.0,5,0,0,0,False,False,673
ESM-2 Random Forest,esm2_1085,0.00011168449113274417,0.00011669022859333505,6.902157906976894e-05,630.2,531.0,5,0,0,0,False,False,674
ESM-2 Random Forest,esm2_1093,0.0001116673429896346,4.77070853074555e-05,0.00011031145780469066,694.2,848.0,5,0,0,0,False,False,675
ESM-2 Random Forest,esm2_0841,0.0001116384181629939,9.765043316241573e-05,0.00010665802940063715,713.2,632.0,4,0,0,0,False,False,676
ESM-2 Random Forest,esm2_0719,0.0001116371694465173,0.00010200610144368033,7.791419830149618e-05,649.8,613.0,5,0,0,0,False,False,677
ESM-2 Random Forest,esm2_0226,0.00011067089335673963,3.711265478707339e-05,0.00013374831468045327,741.2,904.0,4,0,0,0,False,False,678
ESM-2 Random Forest,esm2_0828,0.00011016821990575937,6.349019067276431e-05,0.00012120671362296825,696.4,782.0,5,0,0,0,False,False,679
ESM-2 Random Forest,esm2_0386,0.00011004969124869278,0.00011677529074438791,9.808793566243325e-05,693.2,606.0,4,0,0,0,False,False,680
ESM-2 Random Forest,esm2_0866,0.00010933064809699584,4.330996062978344e-05,9.983912656103717e-05,681.0,835.0,5,0,0,0,False,False,681
ESM-2 Random Forest,esm2_0988,0.00010923421045318588,5.83134078803272e-05,9.028079194934348e-05,681.4,817.0,5,0,0,0,False,False,682
ESM-2 Random Forest,esm2_1059,0.00010918120882474787,9.262216112061317e-05,7.835418652142854e-05,702.4,680.0,4,0,0,0,False,False,683
ESM-2 Random Forest,esm2_1115,0.00010865140934053624,8.10614832455545e-05,0.00012168513763004492,704.6,712.0,5,0,0,0,False,False,684
ESM-2 Random Forest,esm2_1002,0.00010846103058033216,9.049190566919392e-05,8.401847382442805e-05,708.2,715.0,4,0,0,0,False,False,685
ESM-2 Random Forest,esm2_0978,0.0001083720168944256,8.41454740487861e-05,0.00011372198667889094,717.6,640.0,4,0,0,0,False,False,686
ESM-2 Random Forest,esm2_0298,0.00010826291804498602,0.00012185338792368638,9.995689763977756e-05,692.0,631.0,5,0,0,0,False,False,687
ESM-2 Random Forest,esm2_1065,0.0001080806953453679,0.000109423285398676,4.3967199647109216e-05,624.6,590.0,5,0,0,0,False,False,688
ESM-2 Random Forest,esm2_0762,0.00010761947533721081,8.54789439292204e-05,5.808442900857305e-05,640.8,683.0,5,0,0,0,False,False,689
ESM-2 Random Forest,esm2_1180,0.00010706386143556035,5.5289867964460036e-05,0.00013872059194551607,730.2,796.0,5,0,0,0,False,False,690
ESM-2 Random Forest,esm2_0025,0.00010697229138046883,0.00012066029822471291,5.335301359741921e-05,639.8,596.0,5,0,0,0,False,False,691
ESM-2 Random Forest,esm2_0309,0.00010668335547795508,8.100960222938882e-05,9.025844909458766e-05,680.2,734.0,5,0,0,0,False,False,692
ESM-2 Random Forest,esm2_0814,0.00010665930625733753,0.00011020247832152517,8.109241900518977e-05,693.2,552.0,4,0,0,0,False,False,693
ESM-2 Random Forest,esm2_1263,0.00010656605821736968,8.334237655995659e-05,0.00012905553417974383,772.6,726.0,4,0,0,0,False,False,694
ESM-2 Random Forest,esm2_0084,0.00010636742788848984,0.00011943850606140679,6.87287040035794e-05,662.0,606.0,5,0,0,0,False,False,695
ESM-2 Random Forest,esm2_1167,0.00010617668823034533,6.009719667224953e-05,9.7432385796514e-05,695.0,732.0,5,0,0,0,False,False,696
ESM-2 Random Forest,esm2_1035,0.00010501375965993112,0.00015229894383282107,7.826751831531229e-05,719.2,565.0,4,0,0,0,False,False,697
ESM-2 Random Forest,esm2_0127,0.00010476316493119834,0.00010826552663143831,6.921149382379758e-05,672.0,612.0,5,0,0,0,False,False,698
ESM-2 Random Forest,esm2_0839,0.00010466914840901823,0.00012329923249860183,4.721213501971908e-05,639.6,627.0,5,0,0,0,False,False,699
ESM-2 Random Forest,esm2_0976,0.00010460536579792563,0.00011414534732778934,4.445227456740742e-05,636.8,584.0,5,0,0,0,False,False,700
ESM-2 Random Forest,esm2_0574,0.0001042924073796558,7.64573871832718e-05,5.822760182618805e-05,658.4,663.0,5,0,0,0,False,False,701
ESM-2 Random Forest,esm2_0769,0.0001041332621391477,0.00012551253672810764,7.237452572951589e-05,686.4,549.0,4,0,0,0,False,False,702
ESM-2 Random Forest,esm2_0366,0.00010321377725859741,0.00013422858150082044,9.873228606153568e-05,729.0,596.0,3,0,0,0,False,False,703
ESM-2 Random Forest,esm2_1047,0.00010315846725280633,6.593007546448426e-05,0.00010373104487936552,698.0,696.0,5,0,0,0,False,False,704
ESM-2 Random Forest,esm2_0644,0.00010312817635949158,8.374237448957688e-05,9.576905980434768e-05,702.2,721.0,5,0,0,0,False,False,705
ESM-2 Random Forest,esm2_1082,0.00010264737372878149,0.0001073336415734088,8.421970674271363e-05,689.0,617.0,5,0,0,0,False,False,706
ESM-2 Random Forest,esm2_1074,0.00010250237745956003,2.3176504460940746e-05,0.00012990555158316143,790.4,889.0,4,0,0,0,False,False,707
ESM-2 Random Forest,esm2_0241,0.00010196813427495557,9.087166561646713e-05,5.628551822094064e-05,655.0,613.0,5,0,0,0,False,False,708
ESM-2 Random Forest,esm2_0526,0.00010195693674867372,0.00011587189826721948,7.663960808641345e-05,679.8,566.0,5,0,0,0,False,False,709
ESM-2 Random Forest,esm2_0284,0.00010162271174856876,2.0834338075717395e-05,0.00020335163397857965,869.4,992.0,3,0,0,0,False,False,710
ESM-2 Random Forest,esm2_0972,0.00010161178730316578,7.264703343706818e-05,6.561692668644517e-05,664.4,709.0,5,0,0,0,False,False,711
ESM-2 Random Forest,esm2_0267,0.00010159376918521113,6.762137192673844e-05,7.268942533826378e-05,672.2,710.0,5,0,0,0,False,False,712
ESM-2 Random Forest,esm2_1063,0.00010157548985959916,5.293983486046019e-05,0.000114971969536483,774.6,851.0,4,0,0,0,False,False,713
ESM-2 Random Forest,esm2_0994,0.00010153117615615901,7.331042382588774e-05,8.322643287784963e-05,696.0,717.0,5,0,0,0,False,False,714
ESM-2 Random Forest,esm2_0621,0.0001014137952873057,6.837606837606837e-05,9.261775871206847e-05,706.2,684.0,4,0,0,0,False,False,715
ESM-2 Random Forest,esm2_0940,0.00010140251634148914,5.310077961258038e-05,0.00015022569074939085,798.8,849.0,4,0,0,0,False,False,716
ESM-2 Random Forest,esm2_0611,0.00010108389098916063,0.00011031337431013287,7.490758015517452e-05,681.8,666.0,5,0,0,0,False,False,717
ESM-2 Random Forest,esm2_0333,0.0001008345010836951,2.027907875042248e-05,0.00018921377904843457,853.6,1034.0,3,0,0,0,False,False,718
ESM-2 Random Forest,esm2_0079,0.0001007201067359237,0.00012704124067359934,8.266496912109313e-05,694.2,618.0,4,0,0,0,False,False,719
ESM-2 Random Forest,esm2_1251,0.00010011384357887088,8.821871029644559e-05,0.0001169362583941691,822.2,722.0,3,0,0,0,False,False,720
ESM-2 Random Forest,esm2_1133,9.993646414379828e-05,9.295570079883803e-05,3.794801361305034e-05,652.6,678.0,5,0,0,0,False,False,721
ESM-2 Random Forest,esm2_1101,9.977932446363102e-05,8.434206556497156e-05,8.421214655183768e-05,738.6,684.0,4,0,0,0,False,False,722
ESM-2 Random Forest,esm2_0435,9.855929342293256e-05,0.00011049747060627049,8.17187418387136e-05,703.8,663.0,5,0,0,0,False,False,723
ESM-2 Random Forest,esm2_0730,9.836104617052463e-05,0.0001254037520208675,5.535331240617077e-05,701.8,593.0,4,0,0,0,False,False,724
ESM-2 Random Forest,esm2_0947,9.830813003625465e-05,6.722531574869727e-05,7.946000339153854e-05,707.4,780.0,5,0,0,0,False,False,725
ESM-2 Random Forest,esm2_0682,9.818223567628001e-05,5.3771085280148974e-05,0.00010963895937608892,723.6,841.0,5,0,0,0,False,False,726
ESM-2 Random Forest,esm2_0845,9.806973361808688e-05,0.00013490892715039554,9.570729389829262e-05,764.4,562.0,3,0,0,0,False,False,727
ESM-2 Random Forest,esm2_0764,9.783126006656165e-05,1.7515051997810616e-05,0.0001204552609148051,798.0,1025.0,4,0,0,0,False,False,728
ESM-2 Random Forest,esm2_0436,9.769833286606426e-05,0.00010529449228809572,5.4867068523247354e-05,676.0,605.0,5,0,0,0,False,False,729
ESM-2 Random Forest,esm2_0523,9.732898857512363e-05,7.952711740087155e-05,6.034113137881814e-05,672.8,715.0,5,0,0,0,False,False,730
ESM-2 Random Forest,esm2_0953,9.712893288243181e-05,5.3424600358946546e-05,0.0001034345209004393,754.6,781.0,4,0,0,0,False,False,731
ESM-2 Random Forest,esm2_1147,9.707380547198796e-05,4.113472693391393e-05,0.00011183180617667546,786.2,888.0,4,0,0,0,False,False,732
ESM-2 Random Forest,esm2_0690,9.692113909707299e-05,7.494769824848107e-05,7.976284787235395e-05,719.0,712.0,4,0,0,0,False,False,733
ESM-2 Random Forest,esm2_1166,9.630178514788753e-05,0.00010234411686317312,7.579109864817149e-05,739.4,658.0,4,0,0,0,False,False,734
ESM-2 Random Forest,esm2_0063,9.61888681205162e-05,8.381790560008381e-05,6.812620957241777e-05,691.8,643.0,5,0,0,0,False,False,735
ESM-2 Random Forest,esm2_1086,9.602421299422111e-05,5.207141210843175e-05,8.869967703830831e-05,709.8,785.0,5,0,0,0,False,False,736
ESM-2 Random Forest,esm2_0399,9.557060406692721e-05,8.363450882759987e-05,6.50655054466715e-05,710.2,711.0,4,0,0,0,False,False,737
ESM-2 Random Forest,esm2_0271,9.539293227818125e-05,6.40137807444658e-05,6.401580136574434e-05,692.2,799.0,5,0,0,0,False,False,738
ESM-2 Random Forest,esm2_0613,9.5341807505423e-05,8.872513719500472e-05,6.15677538107188e-05,682.2,720.0,5,0,0,0,False,False,739
ESM-2 Random Forest,esm2_0779,9.488224579690018e-05,9.115572436245252e-05,6.858694990765127e-05,713.2,668.0,4,0,0,0,False,False,740
ESM-2 Random Forest,esm2_0449,9.48754986044702e-05,6.029532810377143e-05,0.00012102518073767114,770.4,812.0,4,0,0,0,False,False,741
ESM-2 Random Forest,esm2_1125,9.451875992542348e-05,7.068670686201692e-05,0.00010013883616232197,770.4,728.0,4,0,0,0,False,False,742
ESM-2 Random Forest,esm2_0458,9.443728497935936e-05,0.00012592744414839107,7.855139915199142e-05,722.4,548.0,4,0,0,0,False,False,743
ESM-2 Random Forest,esm2_1028,9.40194702400445e-05,0.0,0.00019127658748237507,967.4,1225.0,2,0,0,0,False,False,744
ESM-2 Random Forest,esm2_0615,9.398781189355031e-05,2.2432803246548656e-05,0.00013223268022653233,830.8,968.0,3,0,0,0,False,False,745
ESM-2 Random Forest,esm2_0635,9.392091343708827e-05,0.00011346936874685297,7.751111856141147e-05,705.2,575.0,5,0,0,0,False,False,746
ESM-2 Random Forest,esm2_0036,9.39047566411331e-05,0.00011344566521013008,9.327886640219997e-05,722.2,581.0,3,0,0,0,False,False,747
ESM-2 Random Forest,esm2_0737,9.384201413800179e-05,9.256058946858005e-05,0.00010106103334595191,793.0,663.0,3,0,0,0,False,False,748
ESM-2 Random Forest,esm2_0094,9.281156310822299e-05,6.714013532631207e-05,8.996739063132874e-05,719.6,743.0,4,0,0,0,False,False,749
ESM-2 Random Forest,esm2_0744,9.279456891747377e-05,8.335845825444106e-05,8.341443888367286e-05,745.2,725.0,4,0,0,0,False,False,750
ESM-2 Random Forest,esm2_0823,9.266260192763914e-05,8.54953538234339e-05,6.20971956836688e-05,695.0,635.0,5,0,0,0,False,False,751
ESM-2 Random Forest,esm2_0132,9.242924367073143e-05,8.467299087918275e-05,5.06950596285599e-05,679.8,734.0,5,0,0,0,False,False,752
ESM-2 Random Forest,esm2_0554,9.233290229961517e-05,0.00011595651019793704,8.743051158135952e-05,760.0,614.0,3,0,0,0,False,False,753
ESM-2 Random Forest,esm2_0981,9.220984220550919e-05,3.7878787878787886e-05,0.00014845345224373104,833.2,898.0,4,0,0,0,False,False,754
ESM-2 Random Forest,esm2_0097,9.185501843148093e-05,9.154321840779863e-05,5.377768975710118e-05,698.8,607.0,5,0,0,0,False,False,755
ESM-2 Random Forest,esm2_0072,9.183628505991172e-05,0.0,0.00014451988196175435,800.8,1065.0,2,0,0,0,False,False,756
ESM-2 Random Forest,esm2_0582,9.159535295123183e-05,4.613151716118283e-05,9.591359632308763e-05,752.2,868.0,4,0,0,0,False,False,757
ESM-2 Random Forest,esm2_0903,9.139272208002663e-05,8.494227553228313e-05,6.933542597516717e-05,694.2,711.0,5,0,0,0,False,False,758
ESM-2 Random Forest,esm2_0075,9.111443182386276e-05,6.713335186030678e-05,5.693180457056225e-05,693.0,791.0,5,0,0,0,False,False,759
ESM-2 Random Forest,esm2_0773,9.11122684271078e-05,4.6396831965799856e-05,0.00010332913896971798,737.4,798.0,5,0,0,0,False,False,760
ESM-2 Random Forest,esm2_0643,9.097395913464775e-05,8.222838306806533e-05,7.14055975808255e-05,725.2,649.0,4,0,0,0,False,False,761
ESM-2 Random Forest,esm2_0561,9.071357920682075e-05,6.368403907089711e-05,7.250861674123242e-05,738.6,751.0,4,0,0,0,False,False,762
ESM-2 Random Forest,esm2_0550,9.028312442411473e-05,7.202427603946865e-05,0.00010042656723589598,762.0,674.0,4,0,0,0,False,False,763
ESM-2 Random Forest,esm2_0117,9.026569489068344e-05,8.512166429166165e-05,7.879053325937276e-05,719.8,680.0,4,0,0,0,False,False,764
ESM-2 Random Forest,esm2_1050,9.023112416401383e-05,0.0,0.00014313869748923484,908.8,1234.0,2,0,0,0,False,False,765
ESM-2 Random Forest,esm2_1271,9.002883681412879e-05,4.161089669174791e-05,8.481876977770324e-05,728.0,882.0,5,0,0,0,False,False,766
ESM-2 Random Forest,esm2_0547,8.981851146645355e-05,5.145415397141694e-05,0.00010157363128778585,764.6,770.0,4,0,0,0,False,False,767
ESM-2 Random Forest,esm2_0022,8.977177982727801e-05,9.136172475467688e-05,9.596497694948301e-05,738.2,610.0,4,0,0,0,False,False,768
ESM-2 Random Forest,esm2_0013,8.977072020713497e-05,9.726898615787504e-05,6.491922671054681e-05,712.2,633.0,5,0,0,0,False,False,769
ESM-2 Random Forest,esm2_0636,8.972682826364047e-05,0.0001021702549941753,6.889042779896177e-05,732.0,591.0,4,0,0,0,False,False,770
ESM-2 Random Forest,esm2_0556,8.959698945135384e-05,0.0,0.00014250776864717943,867.8,1132.0,2,0,0,0,False,False,771
ESM-2 Random Forest,esm2_0064,8.95395157468318e-05,6.763285024154592e-05,8.244578201156605e-05,732.4,786.0,4,0,0,0,False,False,772
ESM-2 Random Forest,esm2_0004,8.945354827322321e-05,6.816656952365404e-05,7.737571172477534e-05,718.6,782.0,5,0,0,0,False,False,773
ESM-2 Random Forest,esm2_0131,8.930643495553208e-05,9.769865392965698e-05,8.531129595327707e-05,741.8,631.0,5,0,0,0,False,False,774
ESM-2 Random Forest,esm2_0301,8.910350745953536e-05,4.573038456967277e-05,0.0001115775271300257,771.2,784.0,4,0,0,0,False,False,775
ESM-2 Random Forest,esm2_1132,8.888516725376197e-05,0.0,0.00014377488686890706,917.4,1244.0,2,0,0,0,False,False,776
ESM-2 Random Forest,esm2_0558,8.847015662264939e-05,5.70163855430886e-05,6.72804548753739e-05,710.4,789.0,5,0,0,0,False,False,777
ESM-2 Random Forest,esm2_0167,8.841702070731342e-05,2.3093289414845334e-05,0.00011405623027401445,776.4,892.0,3,0,0,0,False,False,778
ESM-2 Random Forest,esm2_0704,8.773437822961634e-05,5.936707427536232e-05,7.514804235894276e-05,728.2,784.0,5,0,0,0,False,False,779
ESM-2 Random Forest,esm2_1175,8.729492144926103e-05,2.4238607068255583e-05,0.00012319268084891983,863.2,885.0,3,0,0,0,False,False,780
ESM-2 Random Forest,esm2_0046,8.667057763389113e-05,6.64691517917019e-05,5.298462933554794e-05,702.0,775.0,5,0,0,0,False,False,781
ESM-2 Random Forest,esm2_0345,8.654633791188505e-05,7.281429094025101e-05,4.86357626487848e-05,700.6,769.0,5,0,0,0,False,False,782
ESM-2 Random Forest,esm2_0723,8.652283454469554e-05,4.222380169392835e-05,0.0001053134003779211,793.0,849.0,4,0,0,0,False,False,783
ESM-2 Random Forest,esm2_0463,8.649576302493218e-05,9.526685938646076e-05,6.464200708544697e-05,734.8,650.0,4,0,0,0,False,False,784
ESM-2 Random Forest,esm2_0235,8.645696516689268e-05,2.299199585645529e-05,0.00012080607817314204,790.8,945.0,4,0,0,0,False,False,785
ESM-2 Random Forest,esm2_0428,8.645309764919836e-05,4.227868701188668e-05,8.753275332331685e-05,760.4,825.0,4,0,0,0,False,False,786
ESM-2 Random Forest,esm2_0405,8.626816368358555e-05,4.631639889998553e-05,0.00010372045173861115,758.0,813.0,5,0,0,0,False,False,787
ESM-2 Random Forest,esm2_1152,8.6127123847433e-05,0.0,0.00015122371169480378,933.4,1249.0,2,0,0,0,False,False,788
ESM-2 Random Forest,esm2_1067,8.599393266630973e-05,6.951232757684371e-05,8.237913309585657e-05,788.2,770.0,4,0,0,0,False,False,789
ESM-2 Random Forest,esm2_1154,8.586155616263759e-05,4.445796550090673e-05,0.00010868805376514125,820.0,867.0,4,0,0,0,False,False,790
ESM-2 Random Forest,esm2_1075,8.569602502075797e-05,4.6040699099058e-05,0.00011146160084951948,852.6,778.0,3,0,0,0,False,False,791
ESM-2 Random Forest,esm2_0548,8.533945751300143e-05,7.467247614641816e-06,0.0001576457606373169,870.8,1002.0,3,0,0,0,False,False,792
ESM-2 Random Forest,esm2_1224,8.522029922433795e-05,2.0833584509844113e-05,0.00012138326562239836,874.8,951.0,3,0,0,0,False,False,793
ESM-2 Random Forest,esm2_0093,8.464736629087132e-05,2.223419143360959e-05,0.00010727823867704258,784.8,920.0,3,0,0,0,False,False,794
ESM-2 Random Forest,esm2_1051,8.452427176136219e-05,9.049931324422716e-05,5.544049578588468e-05,724.0,673.0,5,0,0,0,False,False,795
ESM-2 Random Forest,esm2_0904,8.433987305357904e-05,0.0,0.00012968728457977104,900.0,1206.0,2,0,0,0,False,False,796
ESM-2 Random Forest,esm2_0432,8.404208472148403e-05,2.259760025909695e-05,0.0001378002255957626,837.6,960.0,3,0,0,0,False,False,797
ESM-2 Random Forest,esm2_0162,8.386680384769808e-05,0.0,0.00011629575067557217,805.6,1046.0,2,0,0,0,False,False,798
ESM-2 Random Forest,esm2_0194,8.36146974340614e-05,5.838778594966575e-05,8.991859362687369e-05,776.4,815.0,4,0,0,0,False,False,799
ESM-2 Random Forest,esm2_0161,8.360950186790252e-05,8.877584912028165e-05,5.1211713882798085e-05,721.6,666.0,5,0,0,0,False,False,800
ESM-2 Random Forest,esm2_0541,8.31351802586176e-05,6.035970945271438e-05,9.097302832373128e-05,796.6,730.0,3,0,0,0,False,False,801
ESM-2 Random Forest,esm2_0991,8.291269485536884e-05,4.5811664083246705e-05,7.731102287372687e-05,780.2,806.0,4,0,0,0,False,False,802
ESM-2 Random Forest,esm2_0838,8.251764321503744e-05,4.357298474945535e-05,0.00010301443780190019,839.6,856.0,3,0,0,0,False,False,803
ESM-2 Random Forest,esm2_0765,8.240562821770401e-05,8.648804482963656e-05,9.311728061855529e-05,822.4,703.0,3,0,0,0,False,False,804
ESM-2 Random Forest,esm2_0996,8.231036618135052e-05,4.449859233291277e-05,9.29676845172841e-05,802.4,883.0,4,0,0,0,False,False,805
ESM-2 Random Forest,esm2_0670,8.218628607777363e-05,4.5008332500527125e-05,6.853041268726088e-05,739.4,844.0,5,0,0,0,False,False,806
ESM-2 Random Forest,esm2_1181,8.205040598194159e-05,2.3221796534453488e-05,0.00010851763195537874,836.6,940.0,4,0,0,0,False,False,807
ESM-2 Random Forest,esm2_0219,8.190499958058032e-05,9.25970581142995e-05,2.7668920163910687e-05,704.4,643.0,5,0,0,0,False,False,808
ESM-2 Random Forest,esm2_0406,8.158361780473864e-05,9.091176394011299e-05,8.29641385925157e-05,774.6,686.0,3,0,0,0,False,False,809
ESM-2 Random Forest,esm2_0593,8.146728728123366e-05,8.603629226150437e-05,4.7032418486536175e-05,723.2,706.0,5,0,0,0,False,False,810
ESM-2 Random Forest,esm2_0508,8.139698524997036e-05,8.695652173913044e-05,5.440273195802862e-05,736.8,699.0,4,0,0,0,False,False,811
ESM-2 Random Forest,esm2_0653,8.136398978885536e-05,0.00010932529936529215,5.8237153777306574e-05,761.2,665.0,4,0,0,0,False,False,812
ESM-2 Random Forest,esm2_0437,8.134084328901798e-05,3.974051376343011e-05,0.00011460194231198607,807.6,835.0,4,0,0,0,False,False,813
ESM-2 Random Forest,esm2_0984,8.11744272806197e-05,9.43124888271117e-05,4.6165123911460305e-05,763.4,654.0,4,0,0,0,False,False,814
ESM-2 Random Forest,esm2_0714,8.111157353960518e-05,4.421657394276571e-05,0.00010263990612636698,806.0,827.0,4,0,0,0,False,False,815
ESM-2 Random Forest,esm2_1003,8.1067941026276e-05,2.8701644268350422e-05,0.00010310809997447973,859.6,950.0,3,0,0,0,False,False,816
ESM-2 Random Forest,esm2_0741,8.077447172288884e-05,4.511227672907734e-05,9.209992036938035e-05,792.4,878.0,4,0,0,0,False,False,817
ESM-2 Random Forest,esm2_0462,8.075789983124405e-05,5.637369247564204e-05,8.164809806308118e-05,769.4,840.0,4,0,0,0,False,False,818
ESM-2 Random Forest,esm2_0024,8.075394473070884e-05,7.150438522987541e-05,4.448674033172852e-05,729.8,719.0,5,0,0,0,False,False,819
ESM-2 Random Forest,esm2_1001,8.06249567717929e-05,6.497063803141253e-05,7.090001368255573e-05,793.0,794.0,4,0,0,0,False,False,820
ESM-2 Random Forest,esm2_0417,8.059336200107501e-05,0.0,0.00014637355501817743,878.2,1116.0,2,0,0,0,False,False,821
ESM-2 Random Forest,esm2_1276,8.057879010435283e-05,8.006716245646456e-05,3.8147144777869725e-05,723.4,697.0,5,0,0,0,False,False,822
ESM-2 Random Forest,esm2_0477,8.040645405030165e-05,3.472892147404978e-05,9.049615506708706e-05,795.4,912.0,4,0,0,0,False,False,823
ESM-2 Random Forest,esm2_0423,7.939758243402257e-05,6.517090891654621e-05,8.423986105571314e-05,770.6,700.0,4,0,0,0,False,False,824
ESM-2 Random Forest,esm2_0992,7.936779608890484e-05,9.014607702883326e-05,8.005524359875273e-05,831.0,630.0,3,0,0,0,False,False,825
ESM-2 Random Forest,esm2_0747,7.920990361136471e-05,4.382761139517897e-05,9.06191911808424e-05,831.4,854.0,3,0,0,0,False,False,826
ESM-2 Random Forest,esm2_0112,7.916989209361271e-05,0.0001061386465553587,4.853619598035059e-05,736.8,616.0,5,0,0,0,False,False,827
ESM-2 Random Forest,esm2_0344,7.911037484161867e-05,7.265522078682769e-05,2.4186469740430014e-05,710.6,742.0,5,0,0,0,False,False,828
ESM-2 Random Forest,esm2_0890,7.891590169764531e-05,6.722187562778587e-05,7.651017817395616e-05,801.8,742.0,4,0,0,0,False,False,829
ESM-2 Random Forest,esm2_0634,7.873307478015571e-05,8.239413185567998e-05,5.268046398452141e-05,757.0,739.0,4,0,0,0,False,False,830
ESM-2 Random Forest,esm2_0043,7.863144375951476e-05,4.834139558500258e-05,6.944440740070082e-05,748.6,816.0,5,0,0,0,False,False,831
ESM-2 Random Forest,esm2_0842,7.862067496577141e-05,6.405137639538757e-05,8.696109401553387e-05,810.2,763.0,4,0,0,0,False,False,832
ESM-2 Random Forest,esm2_1188,7.861287017836235e-05,6.586459615456292e-05,7.495429824810445e-05,798.4,755.0,4,0,0,0,False,False,833
ESM-2 Random Forest,esm2_1135,7.811469980480998e-05,9.410603583501972e-05,7.660206404199071e-05,854.2,656.0,3,0,0,0,False,False,834
ESM-2 Random Forest,esm2_0612,7.806201802599264e-05,4.4823207170156885e-05,8.846772466307617e-05,789.2,862.0,4,0,0,0,False,False,835
ESM-2 Random Forest,esm2_1269,7.792088234507153e-05,7.958660829882362e-05,2.9631922458781905e-05,715.0,753.0,5,0,0,0,False,False,836
ESM-2 Random Forest,esm2_0465,7.781434409505426e-05,5.892895312320164e-05,8.687987282196196e-05,803.4,785.0,3,0,0,0,False,False,837
ESM-2 Random Forest,esm2_0292,7.777565396179005e-05,4.408098821946185e-05,8.062346977335511e-05,780.6,871.0,4,0,0,0,False,False,838
ESM-2 Random Forest,esm2_1022,7.716330750458028e-05,6.777872307184246e-05,8.679650875542067e-05,843.2,733.0,3,0,0,0,False,False,839
ESM-2 Random Forest,esm2_0453,7.68104360434348e-05,9.356027401220781e-05,4.801942277792051e-05,760.8,679.0,4,0,0,0,False,False,840
ESM-2 Random Forest,esm2_1157,7.666893707273121e-05,0.0,0.00015210698781602532,992.8,1250.0,2,0,0,0,False,False,841
ESM-2 Random Forest,esm2_0137,7.66275734030601e-05,2.27413560632957e-05,8.743579316687352e-05,784.8,926.0,4,0,0,0,False,False,842
ESM-2 Random Forest,esm2_0794,7.661261704486803e-05,2.2977240010228486e-05,0.00013512753733648186,869.2,963.0,4,0,0,0,False,False,843
ESM-2 Random Forest,esm2_0090,7.6567369509801e-05,6.753549866952148e-05,6.910605121497951e-05,760.4,789.0,4,0,0,0,False,False,844
ESM-2 Random Forest,esm2_0312,7.640388820002586e-05,4.14647084310224e-05,0.00012497081708716165,849.2,910.0,3,0,0,0,False,False,845
ESM-2 Random Forest,esm2_1064,7.62242615259466e-05,0.00011348758040789067,6.212792512954984e-05,800.2,620.0,4,0,0,0,False,False,846
ESM-2 Random Forest,esm2_0999,7.612957331164347e-05,2.106002106002107e-05,0.00010389403491561144,873.6,948.0,3,0,0,0,False,False,847
ESM-2 Random Forest,esm2_0869,7.579128597688843e-05,0.00010200000509854156,7.10204199306824e-05,824.6,608.0,3,0,0,0,False,False,848
ESM-2 Random Forest,esm2_0887,7.554276977405525e-05,6.1030929194372816e-05,8.374862580463963e-05,821.8,807.0,4,0,0,0,False,False,849
ESM-2 Random Forest,esm2_0243,7.544827079063086e-05,6.481323554494286e-05,6.966456125073214e-05,767.2,802.0,4,0,0,0,False,False,850
ESM-2 Random Forest,esm2_0514,7.51977684760429e-05,8.907920767318277e-05,4.9787139543515045e-05,754.4,678.0,5,0,0,0,False,False,851
ESM-2 Random Forest,esm2_1220,7.503342225637556e-05,0.0,0.00013526564423727052,978.4,1263.0,2,0,0,0,False,False,852
ESM-2 Random Forest,esm2_0738,7.498387587631392e-05,9.123444868300349e-05,7.985184323640691e-05,821.2,667.0,3,0,0,0,False,False,853
ESM-2 Random Forest,esm2_1142,7.473008148109758e-05,6.621740000137955e-05,5.28572581670835e-05,757.6,751.0,5,0,0,0,False,False,854
ESM-2 Random Forest,esm2_0648,7.456354433165013e-05,6.034694657879561e-05,7.041358198355592e-05,776.0,778.0,4,0,0,0,False,False,855
ESM-2 Random Forest,esm2_0717,7.439396306240717e-05,2.629774247293158e-05,0.00010523982274595532,860.2,931.0,3,0,0,0,False,False,856
ESM-2 Random Forest,esm2_0651,7.409721427650116e-05,7.92184868196541e-05,7.60411562032307e-05,821.4,743.0,3,0,0,0,False,False,857
ESM-2 Random Forest,esm2_0848,7.383406532140493e-05,6.327833580749574e-05,4.918095947861321e-05,752.4,711.0,5,0,0,0,False,False,858
ESM-2 Random Forest,esm2_0907,7.365846889901143e-05,2.8612260257102154e-05,9.192197829925015e-05,869.6,925.0,3,0,0,0,False,False,859
ESM-2 Random Forest,esm2_0959,7.35902378303083e-05,5.998631890972236e-05,8.080824060730329e-05,809.8,805.0,4,0,0,0,False,False,860
ESM-2 Random Forest,esm2_0840,7.350241867231215e-05,6.895841096630282e-05,5.51685250677589e-05,767.8,681.0,4,0,0,0,False,False,861
ESM-2 Random Forest,esm2_1038,7.334960251644265e-05,4.038099860462295e-05,8.725163459794442e-05,856.8,891.0,3,0,0,0,False,False,862
ESM-2 Random Forest,esm2_0359,7.322365291564484e-05,8.507599478386675e-05,4.4162255150163e-05,757.4,687.0,5,0,0,0,False,False,863
ESM-2 Random Forest,esm2_0498,7.290117634136e-05,3.739768890340812e-05,7.253676059989565e-05,790.6,847.0,4,0,0,0,False,False,864
ESM-2 Random Forest,esm2_0745,7.238325193574462e-05,0.0,0.00011307762453318689,906.8,1168.0,2,0,0,0,False,False,865
ESM-2 Random Forest,esm2_0023,7.181385111001605e-05,0.0,0.00013865331964201674,865.4,1053.0,2,0,0,0,False,False,866
ESM-2 Random Forest,esm2_1116,7.140487626290959e-05,6.07223780130895e-05,4.288048690897453e-05,747.6,780.0,5,0,0,0,False,False,867
ESM-2 Random Forest,esm2_1252,7.122610353202518e-05,5.802778080005803e-05,4.428607589820748e-05,756.4,746.0,5,0,0,0,False,False,868
ESM-2 Random Forest,esm2_0296,7.11635133213447e-05,7.652274600867173e-05,2.6680272229980856e-05,740.8,761.0,5,0,0,0,False,False,869
ESM-2 Random Forest,esm2_0587,7.076827463043844e-05,0.0,0.0001254811404045918,902.4,1142.0,2,0,0,0,False,False,870
ESM-2 Random Forest,esm2_0859,7.074543252640753e-05,3.9865959301540695e-05,7.591035366878516e-05,800.0,887.0,5,0,0,0,False,False,871
ESM-2 Random Forest,esm2_0140,7.062617277583334e-05,8.643655441310674e-05,4.938900153007465e-05,767.4,708.0,4,0,0,0,False,False,872
ESM-2 Random Forest,esm2_0365,7.047820853847731e-05,5.591245621208102e-05,5.861935563512666e-05,775.6,791.0,5,0,0,0,False,False,873
ESM-2 Random Forest,esm2_0701,7.044180497640874e-05,6.86594769372017e-05,7.721915566248787e-05,829.8,722.0,3,0,0,0,False,False,874
ESM-2 Random Forest,esm2_0103,7.042063639155583e-05,1.5628284194918358e-06,0.00010397274936816777,831.6,1016.0,3,0,0,0,False,False,875
ESM-2 Random Forest,esm2_1040,7.026898574322382e-05,8.233034610776358e-05,6.746113188050017e-05,825.8,708.0,4,0,0,0,False,False,876
ESM-2 Random Forest,esm2_1196,7.023065846276683e-05,0.0,0.00012200384954989046,979.6,1258.0,2,0,0,0,False,False,877
ESM-2 Random Forest,esm2_0255,7.001094538431241e-05,4.7260909420523125e-05,4.420292676868016e-05,759.8,861.0,5,0,0,0,False,False,878
ESM-2 Random Forest,esm2_0441,6.999289841097917e-05,2.2888938216790132e-05,0.0001033751270642835,858.8,947.0,3,0,0,0,False,False,879
ESM-2 Random Forest,esm2_0450,6.932904942484376e-05,4.63236624645636e-05,8.143836004491638e-05,816.0,800.0,3,0,0,0,False,False,880
ESM-2 Random Forest,esm2_0483,6.930879705488057e-05,6.07751993355235e-05,8.058790644711078e-05,811.4,736.0,4,0,0,0,False,False,881
ESM-2 Random Forest,esm2_0233,6.910521635099987e-05,4.6422224640046416e-05,5.502111226790416e-05,781.8,834.0,5,0,0,0,False,False,882
ESM-2 Random Forest,esm2_0790,6.894088823180695e-05,0.0,0.0001440201048625128,975.6,1183.0,2,0,0,0,False,False,883
ESM-2 Random Forest,esm2_1057,6.886645142595784e-05,6.0702497008716845e-05,6.589652483293387e-05,821.2,727.0,4,0,0,0,False,False,884
ESM-2 Random Forest,esm2_0307,6.871173026143974e-05,6.932294976618144e-05,3.386073168965967e-05,759.0,738.0,5,0,0,0,False,False,885
ESM-2 Random Forest,esm2_0169,6.854686042712811e-05,6.542316949030539e-05,6.103983871228107e-05,785.8,699.0,4,0,0,0,False,False,886
ESM-2 Random Forest,esm2_0564,6.847713090364991e-05,4.508448207467663e-05,6.942475591822292e-05,794.6,879.0,5,0,0,0,False,False,887
ESM-2 Random Forest,esm2_0681,6.840643625893997e-05,8.805053100980607e-05,6.85774918242507e-05,821.2,681.0,3,0,0,0,False,False,888
ESM-2 Random Forest,esm2_0933,6.81927589083456e-05,7.592605095151863e-05,6.360649336584206e-05,813.8,762.0,4,0,0,0,False,False,889
ESM-2 Random Forest,esm2_1012,6.775065185753195e-05,2.8457335144269452e-05,8.499602089989456e-05,886.0,951.0,3,0,0,0,False,False,890
ESM-2 Random Forest,esm2_0152,6.76423134772977e-05,5.130138215103333e-05,6.0399362271169886e-05,791.8,790.0,5,0,0,0,False,False,891
ESM-2 Random Forest,esm2_0926,6.750475609911693e-05,4.229551790242763e-05,7.09017732804681e-05,809.6,884.0,5,0,0,0,False,False,892
ESM-2 Random Forest,esm2_0288,6.749282775141141e-05,0.0,0.00010743572644384811,858.4,1094.0,2,0,0,0,False,False,893
ESM-2 Random Forest,esm2_0637,6.739920413218335e-05,6.135761700282072e-05,5.440436584004221e-05,806.4,820.0,4,0,0,0,False,False,894
ESM-2 Random Forest,esm2_0920,6.737817030793723e-05,6.602196858024506e-05,4.877552449936214e-05,809.6,789.0,4,0,0,0,False,False,895
ESM-2 Random Forest,esm2_0977,6.716610201454162e-05,6.798319733474966e-05,8.118969850126269e-05,863.2,784.0,3,0,0,0,False,False,896
ESM-2 Random Forest,esm2_0607,6.703773888944963e-05,5.180474134243041e-05,7.384933927270989e-05,838.6,809.0,3,0,0,0,False,False,897
ESM-2 Random Forest,esm2_1215,6.703010544004695e-05,3.4137802253344894e-05,9.697315928860249e-05,911.2,943.0,3,0,0,0,False,False,898
ESM-2 Random Forest,esm2_0921,6.697627643680189e-05,0.00010926850089272276,6.116043038727377e-05,859.2,653.0,3,0,0,0,False,False,899
ESM-2 Random Forest,esm2_0672,6.696157444188769e-05,6.313816406057317e-05,6.892577676590975e-05,837.4,812.0,3,0,0,0,False,False,900
ESM-2 Random Forest,esm2_0447,6.690241547798996e-05,2.6309183416831848e-05,0.00010083193780599788,856.0,930.0,4,0,0,0,False,False,901
ESM-2 Random Forest,esm2_0616,6.67087642545012e-05,0.0,0.00010400843482559136,901.4,1145.0,2,0,0,0,False,False,902
ESM-2 Random Forest,esm2_0553,6.666757282387212e-05,6.180290666795422e-05,7.238566111701253e-05,832.6,724.0,3,0,0,0,False,False,903
ESM-2 Random Forest,esm2_0089,6.635243083052398e-05,4.227511854490552e-05,7.713257284951531e-05,810.6,874.0,4,0,0,0,False,False,904
ESM-2 Random Forest,esm2_0910,6.629091274328665e-05,8.697647501744521e-05,3.8587647374714384e-05,800.2,713.0,4,0,0,0,False,False,905
ESM-2 Random Forest,esm2_0012,6.607756469758384e-05,0.00010099879494504001,6.0778593027419875e-05,787.6,632.0,3,0,0,0,False,False,906
ESM-2 Random Forest,esm2_0492,6.600341360993626e-05,6.889844024772002e-05,4.8550283236332426e-05,793.0,774.0,4,0,0,0,False,False,907
ESM-2 Random Forest,esm2_0700,6.598763351134559e-05,7.230129106393428e-05,6.450601921831182e-05,848.6,764.0,3,0,0,0,False,False,908
ESM-2 Random Forest,esm2_0618,6.593414279694321e-05,4.599886238759218e-05,5.207101147748792e-05,802.2,825.0,4,0,0,0,False,False,909
ESM-2 Random Forest,esm2_1185,6.566548346259352e-05,3.0870152421377577e-05,7.096500057829168e-05,854.2,887.0,4,0,0,0,False,False,910
ESM-2 Random Forest,esm2_0855,6.552071228183002e-05,6.251884369083081e-05,6.593324692891574e-05,815.0,755.0,4,0,0,0,False,False,911
ESM-2 Random Forest,esm2_0969,6.547006414633983e-05,2.2343248149699763e-05,9.489244486575285e-05,892.2,915.0,3,0,0,0,False,False,912
ESM-2 Random Forest,esm2_0239,6.539848501102018e-05,8.60006287922346e-05,6.215804094782191e-05,800.6,681.0,3,0,0,0,False,False,913
ESM-2 Random Forest,esm2_0675,6.539682878031554e-05,0.0,0.00010370915777997568,903.6,1161.0,2,0,0,0,False,False,914
ESM-2 Random Forest,esm2_0305,6.525513718495723e-05,2.1768971926286766e-05,7.316456661901697e-05,823.4,947.0,4,0,0,0,False,False,915
ESM-2 Random Forest,esm2_1159,6.520748307827403e-05,2.1709633649932165e-05,0.00011243821160348676,944.4,932.0,3,0,0,0,False,False,916
ESM-2 Random Forest,esm2_0221,6.494534257364631e-05,6.624537271541811e-05,5.4645628939640964e-05,800.0,750.0,4,0,0,0,False,False,917
ESM-2 Random Forest,esm2_0989,6.490301172932938e-05,8.345817404255227e-05,5.286864130143578e-05,834.8,724.0,4,0,0,0,False,False,918
ESM-2 Random Forest,esm2_0518,6.482523852852066e-05,2.1752791608256397e-05,8.046598451371066e-05,859.4,1014.0,3,0,0,0,False,False,919
ESM-2 Random Forest,esm2_0520,6.44853051430303e-05,2.3299060388563882e-05,8.387447549350628e-05,823.6,903.0,4,0,0,0,False,False,920
ESM-2 Random Forest,esm2_1016,6.442416098772435e-05,6.362304367055002e-05,4.817460696127671e-05,811.0,801.0,4,0,0,0,False,False,921
ESM-2 Random Forest,esm2_0402,6.431757052050225e-05,5.852469010363748e-05,5.06235002919951e-05,781.0,769.0,5,0,0,0,False,False,922
ESM-2 Random Forest,esm2_1207,6.39910259246829e-05,5.436681994744119e-05,6.697158984870007e-05,896.2,828.0,3,0,0,0,False,False,923
ESM-2 Random Forest,esm2_1037,6.383003166677823e-05,3.876940274438341e-05,8.805263316510534e-05,906.4,899.0,3,0,0,0,False,False,924
ESM-2 Random Forest,esm2_0502,6.374374474426283e-05,0.0,8.868883556879706e-05,886.8,1122.0,2,0,0,0,False,False,925
ESM-2 Random Forest,esm2_1062,6.330055449501007e-05,1.5479876160990716e-05,8.69795752919641e-05,896.6,979.0,3,0,0,0,False,False,926
ESM-2 Random Forest,esm2_0476,6.315290090909064e-05,2.2853925951661225e-05,8.283096001326104e-05,860.6,949.0,3,0,0,0,False,False,927
ESM-2 Random Forest,esm2_1256,6.313631056652215e-05,5.210469524485387e-05,6.023731657497663e-05,856.6,807.0,4,0,0,0,False,False,928
ESM-2 Random Forest,esm2_1144,6.286574474602714e-05,6.199823208166329e-05,4.947299376386877e-05,838.8,818.0,4,0,0,0,False,False,929
ESM-2 Random Forest,esm2_0595,6.284061575434132e-05,2.2496192925854067e-05,7.76854000081069e-05,860.8,943.0,3,0,0,0,False,False,930
ESM-2 Random Forest,esm2_0203,6.27551201795421e-05,2.3049502330454274e-05,8.517188426550923e-05,838.6,944.0,5,0,0,0,False,False,931
ESM-2 Random Forest,esm2_0395,6.22953722247225e-05,5.889039633827644e-05,4.671695407492155e-05,803.0,792.0,4,0,0,0,False,False,932
ESM-2 Random Forest,esm2_1248,6.228940267652822e-05,2.036289589469474e-05,9.931827220769605e-05,904.0,965.0,4,0,0,0,False,False,933
ESM-2 Random Forest,esm2_0784,6.210327567457639e-05,7.364196081161935e-05,6.612547808842712e-05,858.0,757.0,3,0,0,0,False,False,934
ESM-2 Random Forest,esm2_0442,6.200257243177839e-05,8.727550104969741e-05,5.748032828379354e-05,825.8,699.0,3,0,0,0,False,False,935
ESM-2 Random Forest,esm2_0695,6.186320034005524e-05,4.596349262740149e-05,6.009657092116428e-05,828.8,781.0,4,0,0,0,False,False,936
ESM-2 Random Forest,esm2_0805,6.185647182731197e-05,0.0,0.00013694405334351467,980.6,1187.0,2,0,0,0,False,False,937
ESM-2 Random Forest,esm2_0774,6.154919321029038e-05,8.576440304224937e-05,5.715249453053334e-05,865.2,707.0,3,0,0,0,False,False,938
ESM-2 Random Forest,esm2_0754,6.127032476682151e-05,1.4704978108209588e-05,0.00010128771266443359,908.0,989.0,3,0,0,0,False,False,939
ESM-2 Random Forest,esm2_0427,6.119811046540278e-05,8.531879914281472e-05,3.729153121878086e-05,786.0,732.0,5,0,0,0,False,False,940
ESM-2 Random Forest,esm2_0905,6.099022854764867e-05,2.9715412024256756e-06,0.00010518119754189882,886.8,1041.0,4,0,0,0,False,False,941
ESM-2 Random Forest,esm2_1260,6.092437535486448e-05,8.497537245737818e-05,3.6621845109335994e-05,802.8,725.0,5,0,0,0,False,False,942
ESM-2 Random Forest,esm2_1139,6.066536355882799e-05,6.754474839581224e-05,4.681264600229911e-05,805.4,788.0,5,0,0,0,False,False,943
ESM-2 Random Forest,esm2_0173,6.038059896433315e-05,5.0510531248458536e-05,6.322046558494613e-05,819.2,838.0,3,0,0,0,False,False,944
ESM-2 Random Forest,esm2_0251,6.036880783061285e-05,4.34048709910779e-05,6.29637766466613e-05,827.0,841.0,5,0,0,0,False,False,945
ESM-2 Random Forest,esm2_0854,6.0327765295919715e-05,4.34048709910779e-05,7.2512204408787e-05,866.6,859.0,4,0,0,0,False,False,946
ESM-2 Random Forest,esm2_1068,6.024844579234077e-05,2.8147741407833188e-05,7.828031704368722e-05,838.8,926.0,5,0,0,0,False,False,947
ESM-2 Random Forest,esm2_0020,5.9843485648640046e-05,6.812568864742792e-05,3.625600332149267e-05,793.2,737.0,4,0,0,0,False,False,948
ESM-2 Random Forest,esm2_0898,5.9653856832756405e-05,6.29139371233422e-05,3.800018056559649e-05,810.4,813.0,5,0,0,0,False,False,949
ESM-2 Random Forest,esm2_0540,5.9558386766399406e-05,2.1185772192762062e-05,7.570351677924633e-05,857.4,979.0,4,0,0,0,False,False,950
ESM-2 Random Forest,esm2_0316,5.9524473999054465e-05,5.9664799839788995e-05,6.0560644656937955e-05,821.2,733.0,3,0,0,0,False,False,951
ESM-2 Random Forest,esm2_0134,5.8490146607408184e-05,5.3439160944231935e-05,6.571182040236191e-05,835.4,848.0,3,0,0,0,False,False,952
ESM-2 Random Forest,esm2_0145,5.848328932676161e-05,6.753659355860702e-05,3.7557745168130515e-05,794.0,738.0,4,0,0,0,False,False,953
ESM-2 Random Forest,esm2_0889,5.8259358268501955e-05,1.8518518518518515e-05,6.50257145903918e-05,870.6,970.0,4,0,0,0,False,False,954
ESM-2 Random Forest,esm2_0698,5.803421617949811e-05,2.3214117446601975e-05,5.9812581036009185e-05,843.8,925.0,4,0,0,0,False,False,955
ESM-2 Random Forest,esm2_0403,5.787869687953156e-05,2.117884542200505e-05,7.263570866569612e-05,867.0,1021.0,3,0,0,0,False,False,956
ESM-2 Random Forest,esm2_0181,5.77689504539459e-05,5.146266544442838e-05,5.598263726102398e-05,815.8,769.0,4,0,0,0,False,False,957
ESM-2 Random Forest,esm2_0279,5.769670077023678e-05,1.543879963332851e-05,7.300176446340138e-05,854.4,1061.0,3,0,0,0,False,False,958
ESM-2 Random Forest,esm2_0268,5.748429204596927e-05,4.349098449866446e-05,5.971478877451252e-05,838.2,857.0,4,0,0,0,False,False,959
ESM-2 Random Forest,esm2_1111,5.746279556571422e-05,4.24019145960149e-05,4.7208943895011386e-05,859.4,845.0,4,0,0,0,False,False,960
ESM-2 Random Forest,esm2_1275,5.724228211977476e-05,3.400021733093463e-05,6.445638775659122e-05,853.6,911.0,4,0,0,0,False,False,961
ESM-2 Random Forest,esm2_0501,5.697473545793938e-05,6.429982942153463e-05,6.0748196527929505e-05,858.4,761.0,3,0,0,0,False,False,962
ESM-2 Random Forest,esm2_0709,5.651982432344039e-05,4.578269955217916e-05,4.260279276170718e-05,845.2,807.0,4,0,0,0,False,False,963
ESM-2 Random Forest,esm2_0443,5.6320328004084495e-05,4.7827780780709395e-05,5.385287041484971e-05,831.6,776.0,4,0,0,0,False,False,964
ESM-2 Random Forest,esm2_0821,5.625401691355741e-05,4.4235762725405715e-05,5.171638060064523e-05,847.4,870.0,4,0,0,0,False,False,965
ESM-2 Random Forest,esm2_0446,5.5797805317862195e-05,1.9329507701600725e-05,7.065672685607963e-05,867.4,1006.0,3,0,0,0,False,False,966
ESM-2 Random Forest,esm2_0259,5.551861749378356e-05,4.43725440934438e-05,6.57305231615469e-05,852.6,885.0,3,0,0,0,False,False,967
ESM-2 Random Forest,esm2_1259,5.524027280991259e-05,3.969450393068623e-05,4.2526033137670206e-05,835.0,924.0,5,0,0,0,False,False,968
ESM-2 Random Forest,esm2_0429,5.504459335743752e-05,5.738708366365279e-05,3.745719488143765e-05,830.2,747.0,4,0,0,0,False,False,969
ESM-2 Random Forest,esm2_0846,5.5027298426611615e-05,5.2150924702009646e-05,6.206496015088536e-05,888.6,783.0,3,0,0,0,False,False,970
ESM-2 Random Forest,esm2_1236,5.5005225787626734e-05,5.964658777762221e-05,3.2543133248972155e-05,824.6,813.0,5,0,0,0,False,False,971
ESM-2 Random Forest,esm2_0139,5.484637579869603e-05,3.788609615350885e-05,6.646547532746837e-05,857.6,845.0,3,0,0,0,False,False,972
ESM-2 Random Forest,esm2_0606,5.4767627711461165e-05,6.040357532013206e-05,5.579675810207387e-05,870.4,825.0,3,0,0,0,False,False,973
ESM-2 Random Forest,esm2_0364,5.435687321682021e-05,2.226025014956107e-05,6.534714074171472e-05,866.8,949.0,3,0,0,0,False,False,974
ESM-2 Random Forest,esm2_0313,5.4334144001016107e-05,7.14664997687546e-05,5.3384192872971476e-05,851.8,765.0,3,0,0,0,False,False,975
ESM-2 Random Forest,esm2_1123,5.428074538040967e-05,2.7886710239651414e-05,5.420875772524038e-05,877.8,893.0,4,0,0,0,False,False,976
ESM-2 Random Forest,esm2_0110,5.424323066817695e-05,5.592605656352636e-05,5.561674554256838e-05,840.6,756.0,3,0,0,0,False,False,977
ESM-2 Random Forest,esm2_0048,5.413904998701948e-05,5.706630289163087e-06,7.38878040528562e-05,854.8,1032.0,3,0,0,0,False,False,978
ESM-2 Random Forest,esm2_1264,5.4073691396351394e-05,6.141823590866337e-05,4.382792905658396e-05,861.2,819.0,4,0,0,0,False,False,979
ESM-2 Random Forest,esm2_0375,5.399164571518661e-05,2.2693512626707414e-05,6.626884223869714e-05,849.2,958.0,5,0,0,0,False,False,980
ESM-2 Random Forest,esm2_1117,5.363503881526299e-05,5.852599116780395e-05,3.639943004208828e-05,852.0,834.0,4,0,0,0,False,False,981
ESM-2 Random Forest,esm2_0485,5.3123988551574156e-05,2.5542117984789843e-05,5.4577580224611605e-05,854.4,933.0,4,0,0,0,False,False,982
ESM-2 Random Forest,esm2_0583,5.300733014283963e-05,3.750520880722775e-05,4.738432562591592e-05,858.2,934.0,4,0,0,0,False,False,983
ESM-2 Random Forest,esm2_0065,5.2947119143863e-05,4.4319331987099046e-05,3.0150967591746852e-05,816.4,842.0,5,0,0,0,False,False,984
ESM-2 Random Forest,esm2_0881,5.259929596162408e-05,1.9291053773812398e-05,6.378058338672554e-05,914.8,964.0,3,0,0,0,False,False,985
ESM-2 Random Forest,esm2_0808,5.254500293702439e-05,3.922107538543249e-05,5.626675940637264e-05,881.6,928.0,4,0,0,0,False,False,986
ESM-2 Random Forest,esm2_0174,5.2362996190281244e-05,4.5032502310702654e-05,3.700148814682509e-05,827.2,788.0,4,0,0,0,False,False,987
ESM-2 Random Forest,esm2_0057,5.2351393106816414e-05,5.0760018863056335e-05,4.531900728525617e-05,840.4,792.0,4,0,0,0,False,False,988
ESM-2 Random Forest,esm2_0295,5.23246415219105e-05,7.395709375986128e-05,3.8745049815153246e-05,848.6,756.0,4,0,0,0,False,False,989
ESM-2 Random Forest,esm2_0545,5.2132014015285584e-05,1.9842226738778466e-05,8.525714510726969e-05,914.6,1026.0,4,0,0,0,False,False,990
ESM-2 Random Forest,esm2_0836,5.212846219016921e-05,2.121939163039678e-05,6.142083638605456e-05,888.0,973.0,4,0,0,0,False,False,991
ESM-2 Random Forest,esm2_0445,5.20109243070416e-05,5.145583842866733e-05,5.3920593362002096e-05,867.6,788.0,3,0,0,0,False,False,992
ESM-2 Random Forest,esm2_0190,5.178354792457301e-05,2.3206101025316626e-05,6.107538905759736e-05,853.8,888.0,3,0,0,0,False,False,993
ESM-2 Random Forest,esm2_0077,5.175238339978071e-05,2.2558450556710342e-05,6.710892868558175e-05,863.0,907.0,3,0,0,0,False,False,994
ESM-2 Random Forest,esm2_0654,5.15955340479679e-05,0.0,7.56707533327396e-05,935.6,1153.0,2,0,0,0,False,False,995
ESM-2 Random Forest,esm2_0434,5.155205289025665e-05,5.1261956434370236e-05,4.0754821777413414e-05,838.0,836.0,5,0,0,0,False,False,996
ESM-2 Random Forest,esm2_0658,5.143727042376397e-05,4.282834412001363e-05,4.0621136225777576e-05,850.0,843.0,4,0,0,0,False,False,997
ESM-2 Random Forest,esm2_0153,5.104389080346378e-05,4.475820619994212e-05,4.7485857491068206e-05,844.2,790.0,4,0,0,0,False,False,998
ESM-2 Random Forest,esm2_0185,5.076451026871568e-05,3.9838157485216315e-05,3.637111574996959e-05,841.8,830.0,5,0,0,0,False,False,999
ESM-2 Random Forest,esm2_0163,5.072153449806351e-05,4.431515757905935e-05,2.4165592220765825e-05,825.6,826.0,5,0,0,0,False,False,1000
ESM-2 Random Forest,esm2_0872,5.063529793253225e-05,4.18623359823145e-05,6.0934915308866416e-05,904.4,879.0,3,0,0,0,False,False,1001
ESM-2 Random Forest,esm2_0215,5.062149821417769e-05,2.2896782715017887e-05,5.905734039439146e-05,851.8,933.0,4,0,0,0,False,False,1002
ESM-2 Random Forest,esm2_0431,5.05496440228223e-05,0.0,8.336014674902286e-05,915.0,1100.0,2,0,0,0,False,False,1003
ESM-2 Random Forest,esm2_0168,5.039492413727452e-05,4.4488689133282054e-05,5.200789833240211e-05,857.6,824.0,3,0,0,0,False,False,1004
ESM-2 Random Forest,esm2_1052,5.037964406596144e-05,2.22408018450781e-05,5.366196766937244e-05,890.8,968.0,4,0,0,0,False,False,1005
ESM-2 Random Forest,esm2_1228,5.014611772885955e-05,0.0,0.00010209289118757885,1036.8,1269.0,2,0,0,0,False,False,1006
ESM-2 Random Forest,esm2_0696,5.00537932959797e-05,3.969450393068622e-05,5.894052974370221e-05,893.0,896.0,3,0,0,0,False,False,1007
ESM-2 Random Forest,esm2_0335,4.9892860949647284e-05,4.4073676662419445e-05,5.3188420754724796e-05,869.0,872.0,3,0,0,0,False,False,1008
ESM-2 Random Forest,esm2_0619,4.9675342334207085e-05,5.913043478260869e-05,4.9723593249708166e-05,886.6,831.0,3,0,0,0,False,False,1009
ESM-2 Random Forest,esm2_0360,4.937963288188952e-05,6.4309925606510406e-06,9.838793435218546e-05,932.2,1059.0,3,0,0,0,False,False,1010
ESM-2 Random Forest,esm2_1265,4.9022070337031486e-05,5.526249880496759e-05,3.894361345462592e-05,896.8,797.0,4,0,0,0,False,False,1011
ESM-2 Random Forest,esm2_0028,4.89733397050264e-05,2.0624869080420877e-05,6.60477844299028e-05,879.8,969.0,4,0,0,0,False,False,1012
ESM-2 Random Forest,esm2_0204,4.889261683813056e-05,4.333503907975303e-05,4.9550835789830484e-05,859.2,811.0,4,0,0,0,False,False,1013
ESM-2 Random Forest,esm2_0679,4.88522505425495e-05,3.4926024739267523e-05,4.3111711052246306e-05,867.8,911.0,4,0,0,0,False,False,1014
ESM-2 Random Forest,esm2_1140,4.8624774514499716e-05,4.157735623252865e-05,3.6046570753147876e-05,877.8,841.0,4,0,0,0,False,False,1015
ESM-2 Random Forest,esm2_0479,4.847101435260808e-05,6.847863796976101e-05,4.5072920671260215e-05,867.0,780.0,3,0,0,0,False,False,1016
ESM-2 Random Forest,esm2_0509,4.8442240745345976e-05,1.8556327393536692e-05,6.584695474699658e-05,903.6,966.0,3,0,0,0,False,False,1017
ESM-2 Random Forest,esm2_0833,4.835609161816186e-05,2.150467381311281e-05,5.909989151784324e-05,918.6,937.0,3,0,0,0,False,False,1018
ESM-2 Random Forest,esm2_0350,4.82628519369049e-05,4.592567757770532e-05,2.7414027834698937e-05,845.2,871.0,5,0,0,0,False,False,1019
ESM-2 Random Forest,esm2_0772,4.821199922649198e-05,0.0,7.463927769194054e-05,956.0,1178.0,2,0,0,0,False,False,1020
ESM-2 Random Forest,esm2_0536,4.8022192289499904e-05,4.76220965067939e-05,3.3417785469612355e-05,856.2,796.0,4,0,0,0,False,False,1021
ESM-2 Random Forest,esm2_0517,4.791140223112259e-05,7.741141939596465e-06,7.629966914575876e-05,886.2,1033.0,5,0,0,0,False,False,1022
ESM-2 Random Forest,esm2_0736,4.7876457607194915e-05,2.271353439992795e-05,7.577150785615592e-05,927.2,955.0,3,0,0,0,False,False,1023
ESM-2 Random Forest,esm2_1176,4.7809582188952133e-05,6.145829854036544e-05,2.797356528941267e-05,865.6,778.0,4,0,0,0,False,False,1024
ESM-2 Random Forest,esm2_0766,4.769762636746218e-05,6.0776308547097664e-05,3.1195923572001295e-05,835.8,822.0,5,0,0,0,False,False,1025
ESM-2 Random Forest,esm2_0931,4.747448341436338e-05,4.3841718244621435e-05,5.854453420837485e-05,911.8,853.0,3,0,0,0,False,False,1026
ESM-2 Random Forest,esm2_1244,4.7423523038485003e-05,0.0,9.662456041166373e-05,1037.4,1272.0,2,0,0,0,False,False,1027
ESM-2 Random Forest,esm2_0051,4.7346581935319896e-05,3.419145056687221e-05,3.563301864405652e-05,850.8,915.0,5,0,0,0,False,False,1028
ESM-2 Random Forest,esm2_0457,4.721064852737151e-05,2.17959524235226e-05,6.198021796276189e-05,891.4,1007.0,4,0,0,0,False,False,1029
ESM-2 Random Forest,esm2_0086,4.713805208739952e-05,2.163101733378398e-05,4.764661062155336e-05,870.4,936.0,4,0,0,0,False,False,1030
ESM-2 Random Forest,esm2_1223,4.6987744125833776e-05,0.0,7.390315228087954e-05,1024.0,1266.0,2,0,0,0,False,False,1031
ESM-2 Random Forest,esm2_0652,4.6923542745249484e-05,3.716608594657374e-05,5.435790303217126e-05,909.8,905.0,3,0,0,0,False,False,1032
ESM-2 Random Forest,esm2_0266,4.665897952876707e-05,6.552770655119477e-05,4.329504695116207e-05,870.6,748.0,3,0,0,0,False,False,1033
ESM-2 Random Forest,esm2_0655,4.643905795085992e-05,2.0600968889318076e-05,5.717407848496658e-05,909.6,1032.0,3,0,0,0,False,False,1034
ESM-2 Random Forest,esm2_0315,4.6365779560318154e-05,5.34291099600766e-05,4.834413480213098e-05,869.0,811.0,3,0,0,0,False,False,1035
ESM-2 Random Forest,esm2_0721,4.621659139542903e-05,4.303421857679013e-05,3.977385369988905e-05,854.6,868.0,5,0,0,0,False,False,1036
ESM-2 Random Forest,esm2_0666,4.619738346688618e-05,2.285207709544064e-05,5.5238923234453624e-05,892.2,922.0,4,0,0,0,False,False,1037
ESM-2 Random Forest,esm2_0633,4.6123373845772304e-05,5.226850876575367e-05,5.135335651582356e-05,896.6,846.0,3,0,0,0,False,False,1038
ESM-2 Random Forest,esm2_0102,4.5993705838848813e-05,0.0,8.813722077649607e-05,901.8,1069.0,2,0,0,0,False,False,1039
ESM-2 Random Forest,esm2_0459,4.5919432608042256e-05,6.56691425331134e-05,4.257622024465842e-05,874.8,707.0,3,0,0,0,False,False,1040
ESM-2 Random Forest,esm2_0178,4.5679411790027046e-05,1.999191299352866e-05,6.348247538859622e-05,889.4,991.0,3,0,0,0,False,False,1041
ESM-2 Random Forest,esm2_1153,4.5360931117746104e-05,1.9892194135562046e-05,5.716656334000089e-05,923.0,973.0,4,0,0,0,False,False,1042
ESM-2 Random Forest,esm2_0964,4.505475743771774e-05,0.0,6.30529064701192e-05,962.6,1218.0,2,0,0,0,False,False,1043
ESM-2 Random Forest,esm2_0274,4.499413991931787e-05,2.1626015546988196e-05,6.257010185224142e-05,890.0,956.0,4,0,0,0,False,False,1044
ESM-2 Random Forest,esm2_0099,4.494217016167978e-05,2.311981292079453e-05,6.74853861352062e-05,886.6,908.0,3,0,0,0,False,False,1045
ESM-2 Random Forest,esm2_1014,4.4921047584551926e-05,2.289703432050638e-05,3.9524725425769554e-05,861.6,897.0,5,0,0,0,False,False,1046
ESM-2 Random Forest,esm2_0758,4.453119762640362e-05,0.0,7.398068390798591e-05,959.2,1172.0,2,0,0,0,False,False,1047
ESM-2 Random Forest,esm2_0448,4.446057351297047e-05,2.281527571568308e-05,5.0960587956440485e-05,883.4,976.0,5,0,0,0,False,False,1048
ESM-2 Random Forest,esm2_0781,4.440369034330669e-05,5.3463815210016814e-05,2.615252340995616e-05,880.4,831.0,4,0,0,0,False,False,1049
ESM-2 Random Forest,esm2_0444,4.4377145492417605e-05,4.038099860462295e-05,4.5433563052093784e-05,888.0,822.0,3,0,0,0,False,False,1050
ESM-2 Random Forest,esm2_0328,4.413226157990775e-05,2.235020560443044e-05,6.258968545799065e-05,904.0,971.0,4,0,0,0,False,False,1051
ESM-2 Random Forest,esm2_0811,4.4130345230309156e-05,0.0,6.071027929596069e-05,947.2,1196.0,2,0,0,0,False,False,1052
ESM-2 Random Forest,esm2_0397,4.412482245854485e-05,4.550100133053316e-05,2.13275496017519e-05,856.2,810.0,5,0,0,0,False,False,1053
ESM-2 Random Forest,esm2_0516,4.411666468137461e-05,3.3970295931229705e-05,5.1730745524167134e-05,895.6,944.0,4,0,0,0,False,False,1054
ESM-2 Random Forest,esm2_0229,4.392893948744038e-05,1.5436751528600198e-05,5.0118355007055555e-05,889.2,1003.0,4,0,0,0,False,False,1055
ESM-2 Random Forest,esm2_1066,4.386471281109361e-05,3.086568603809984e-05,4.210781005338569e-05,908.2,865.0,4,0,0,0,False,False,1056
ESM-2 Random Forest,esm2_1013,4.3484478251660204e-05,4.563726773594246e-05,3.421261737217941e-05,893.8,831.0,4,0,0,0,False,False,1057
ESM-2 Random Forest,esm2_0175,4.3159154395787237e-05,2.2933884899140626e-05,4.694636905287061e-05,869.4,894.0,4,0,0,0,False,False,1058
ESM-2 Random Forest,esm2_0530,4.295126822862953e-05,0.0,9.604195547904262e-05,995.2,1132.0,1,0,0,0,False,False,1059
ESM-2 Random Forest,esm2_0818,4.295074298027643e-05,0.0,5.888899890616095e-05,978.4,1187.0,2,0,0,0,False,False,1060
ESM-2 Random Forest,esm2_1000,4.29382097052999e-05,2.496159754224272e-06,8.516140802360256e-05,985.6,1044.0,3,0,0,0,False,False,1061
ESM-2 Random Forest,esm2_0961,4.2820532365460675e-05,6.06878406422232e-05,4.016003935936158e-05,936.8,823.0,3,0,0,0,False,False,1062
ESM-2 Random Forest,esm2_1229,4.254588707790678e-05,0.0,5.906615085011092e-05,1010.0,1266.0,2,0,0,0,False,False,1063
ESM-2 Random Forest,esm2_0083,4.2361339300484535e-05,2.3060074457460948e-05,3.978116724785501e-05,871.0,936.0,5,0,0,0,False,False,1064
ESM-2 Random Forest,esm2_0111,4.213895577094639e-05,6.083789750295274e-05,2.924747904156012e-05,871.2,808.0,4,0,0,0,False,False,1065
ESM-2 Random Forest,esm2_0200,4.198417773839384e-05,2.2418212718149194e-05,6.955956655065229e-05,907.2,989.0,3,0,0,0,False,False,1066
ESM-2 Random Forest,esm2_0486,4.196119727433175e-05,4.5289355417739496e-05,4.117199571153503e-05,891.6,814.0,3,0,0,0,False,False,1067
ESM-2 Random Forest,esm2_0224,4.1800027019581674e-05,2.5362052067774695e-05,4.7402303415229496e-05,880.2,935.0,3,0,0,0,False,False,1068
ESM-2 Random Forest,esm2_1006,4.176243652212988e-05,2.027907875042248e-05,5.1419492181279846e-05,925.0,985.0,4,0,0,0,False,False,1069
ESM-2 Random Forest,esm2_0559,4.150147536585167e-05,5.2304058001367644e-05,2.3702303246166738e-05,873.6,805.0,4,0,0,0,False,False,1070
ESM-2 Random Forest,esm2_1239,4.105759527063927e-05,4.2882694228640795e-05,4.080603827113298e-05,955.2,842.0,3,0,0,0,False,False,1071
ESM-2 Random Forest,esm2_0100,4.102117428779959e-05,3.361834839444604e-05,3.39622748065433e-05,870.0,878.0,4,0,0,0,False,False,1072
ESM-2 Random Forest,esm2_1262,4.088427679159974e-05,1.7361111111111118e-05,7.151189766502318e-05,997.2,1016.0,3,0,0,0,False,False,1073
ESM-2 Random Forest,esm2_0285,4.07328669845488e-05,3.186464835859681e-05,4.33950958876517e-05,894.0,946.0,4,0,0,0,False,False,1074
ESM-2 Random Forest,esm2_0263,4.071662533517108e-05,2.6701991770802786e-05,3.602529313267655e-05,879.8,932.0,4,0,0,0,False,False,1075
ESM-2 Random Forest,esm2_0852,4.0215870165341326e-05,2.229953294394377e-06,7.830387905446152e-05,989.8,1047.0,3,0,0,0,False,False,1076
ESM-2 Random Forest,esm2_1095,4.019719656149846e-05,1.7374517374517377e-05,5.5115432440545094e-05,973.6,1015.0,3,0,0,0,False,False,1077
ESM-2 Random Forest,esm2_1204,4.0005093842103936e-05,0.0,6.037338659386233e-05,1016.2,1262.0,2,0,0,0,False,False,1078
ESM-2 Random Forest,esm2_1137,3.976540797144396e-05,2.243015411126618e-05,4.1540033702168625e-05,945.2,965.0,4,0,0,0,False,False,1079
ESM-2 Random Forest,esm2_1170,3.976053520351787e-05,0.0,5.445285923303431e-05,1005.0,1253.0,2,0,0,0,False,False,1080
ESM-2 Random Forest,esm2_1177,3.975196223409208e-05,2.223999740822947e-05,3.5645687478830925e-05,924.8,972.0,4,0,0,0,False,False,1081
ESM-2 Random Forest,esm2_1084,3.974433347077376e-05,4.625906472733414e-05,2.1296781725645832e-05,864.6,821.0,5,0,0,0,False,False,1082
ESM-2 Random Forest,esm2_0734,3.958464724067444e-05,1.8575851393188854e-05,3.8506827713944314e-05,921.6,975.0,4,0,0,0,False,False,1083
ESM-2 Random Forest,esm2_0894,3.9308030049483644e-05,2.1504042346421857e-05,3.7110205109211295e-05,920.4,1020.0,4,0,0,0,False,False,1084
ESM-2 Random Forest,esm2_0534,3.926697885558286e-05,3.0239207138465647e-05,3.737638215555163e-05,891.0,867.0,5,0,0,0,False,False,1085
ESM-2 Random Forest,esm2_0628,3.920008622772791e-05,2.2222222222222237e-05,4.210775218917559e-05,912.4,977.0,4,0,0,0,False,False,1086
ESM-2 Random Forest,esm2_0206,3.880599504995884e-05,2.0279078750422484e-05,4.317161960669796e-05,910.2,1013.0,4,0,0,0,False,False,1087
ESM-2 Random Forest,esm2_0354,3.878692999691963e-05,4.3415863674188066e-05,3.276561879624378e-05,893.4,803.0,4,0,0,0,False,False,1088
ESM-2 Random Forest,esm2_1148,3.8722019207572896e-05,4.2566129522651256e-05,4.4423579685156056e-05,960.4,903.0,3,0,0,0,False,False,1089
ESM-2 Random Forest,esm2_0539,3.868580400618812e-05,2.1799370571559345e-05,4.031062022344953e-05,907.2,963.0,4,0,0,0,False,False,1090
ESM-2 Random Forest,esm2_1143,3.850652979557819e-05,4.66805245226958e-05,3.995117524515308e-05,954.0,865.0,3,0,0,0,False,False,1091
ESM-2 Random Forest,esm2_0857,3.838459343695259e-05,1.3717451583686154e-06,5.209307431190663e-05,959.4,1085.0,3,0,0,0,False,False,1092
ESM-2 Random Forest,esm2_0293,3.833871097477236e-05,3.0056655472301878e-05,4.239743130844875e-05,907.2,923.0,3,0,0,0,False,False,1093
ESM-2 Random Forest,esm2_0918,3.8228515218470223e-05,2.778313717923983e-05,3.184070616226475e-05,917.0,930.0,4,0,0,0,False,False,1094
ESM-2 Random Forest,esm2_0105,3.814761001283949e-05,0.0,7.334616930937713e-05,930.8,1040.0,2,0,0,0,False,False,1095
ESM-2 Random Forest,esm2_0123,3.807523697782742e-05,3.112245477777428e-05,4.336268629825591e-05,888.8,885.0,4,0,0,0,False,False,1096
ESM-2 Random Forest,esm2_0047,3.806173526607223e-05,1.9841509056994395e-05,5.01720923647719e-05,912.0,1010.0,3,0,0,0,False,False,1097
ESM-2 Random Forest,esm2_0610,3.804760899360056e-05,3.153206877450513e-05,4.591343753102937e-05,911.8,920.0,4,0,0,0,False,False,1098
ESM-2 Random Forest,esm2_0332,3.8013110048689606e-05,2.2927845536751566e-05,5.329127991084017e-05,919.8,945.0,4,0,0,0,False,False,1099
ESM-2 Random Forest,esm2_0411,3.7644428158890735e-05,2.0849420849420854e-05,5.967188316217766e-05,930.4,976.0,3,0,0,0,False,False,1100
ESM-2 Random Forest,esm2_0346,3.761908038536358e-05,3.956908518940521e-05,3.814587040155434e-05,919.0,897.0,3,0,0,0,False,False,1101
ESM-2 Random Forest,esm2_0073,3.751590818680358e-05,2.222853714754824e-05,4.6285234201760234e-05,908.4,922.0,3,0,0,0,False,False,1102
ESM-2 Random Forest,esm2_1212,3.7271724218860876e-05,2.795607595704666e-05,3.877708090223626e-05,928.0,952.0,4,0,0,0,False,False,1103
ESM-2 Random Forest,esm2_0849,3.716215231734607e-05,2.2727438039797378e-05,5.198301482118589e-05,944.2,948.0,4,0,0,0,False,False,1104
ESM-2 Random Forest,esm2_0588,3.689230292158774e-05,1.7366345469675222e-05,3.7893070265969514e-05,908.8,1026.0,5,0,0,0,False,False,1105
ESM-2 Random Forest,esm2_0225,3.665977633789034e-05,1.9860665021955354e-05,4.894225916692977e-05,919.4,1006.0,3,0,0,0,False,False,1106
ESM-2 Random Forest,esm2_1030,3.6630646455682543e-05,2.271233040463808e-05,4.5359116543801855e-05,967.6,980.0,3,0,0,0,False,False,1107
ESM-2 Random Forest,esm2_1161,3.62133376506588e-05,1.9928003169106067e-05,4.8540934945485804e-05,966.8,976.0,4,0,0,0,False,False,1108
ESM-2 Random Forest,esm2_0916,3.6072125487452714e-05,1.196168357443213e-06,6.821009333473142e-05,994.8,1050.0,3,0,0,0,False,False,1109
ESM-2 Random Forest,esm2_0901,3.599002093413799e-05,1.1574632264287437e-05,4.438230549030515e-05,958.6,1028.0,3,0,0,0,False,False,1110
ESM-2 Random Forest,esm2_0210,3.592566826235496e-05,2.305768561676608e-05,4.6418626884380426e-05,905.2,968.0,3,0,0,0,False,False,1111
ESM-2 Random Forest,esm2_0455,3.57319258335216e-05,0.0,7.866252014817993e-05,970.0,1126.0,2,0,0,0,False,False,1112
ESM-2 Random Forest,esm2_0660,3.554756854637192e-05,4.1809041806983404e-05,2.268972209261727e-05,916.8,875.0,4,0,0,0,False,False,1113
ESM-2 Random Forest,esm2_0806,3.5388905086792806e-05,2.0611916264090174e-05,5.6318494640021825e-05,981.4,1006.0,3,0,0,0,False,False,1114
ESM-2 Random Forest,esm2_0594,3.519805447143376e-05,1.5447183905965268e-05,4.168315091500817e-05,954.2,981.0,3,0,0,0,False,False,1115
ESM-2 Random Forest,esm2_0982,3.514621512709749e-05,0.0,4.812770297635985e-05,1015.8,1214.0,2,0,0,0,False,False,1116
ESM-2 Random Forest,esm2_0813,3.511105082841947e-05,0.0,4.8152428000641434e-05,983.4,1189.0,2,0,0,0,False,False,1117
ESM-2 Random Forest,esm2_0207,3.5026372051151524e-05,2.210902072172355e-05,3.785837302178013e-05,925.6,1005.0,4,0,0,0,False,False,1118
ESM-2 Random Forest,esm2_0929,3.493194311923193e-05,2.2109855102514832e-05,4.2582110200942684e-05,958.0,953.0,3,0,0,0,False,False,1119
ESM-2 Random Forest,esm2_0763,3.4881113734966466e-05,0.0,5.992444016944201e-05,995.6,1173.0,2,0,0,0,False,False,1120
ESM-2 Random Forest,esm2_1227,3.481605419793727e-05,2.135902072820061e-05,3.307968967873601e-05,962.6,987.0,4,0,0,0,False,False,1121
ESM-2 Random Forest,esm2_0650,3.481173732634134e-05,3.9448656734264375e-05,2.4706366706434743e-05,922.4,839.0,4,0,0,0,False,False,1122
ESM-2 Random Forest,esm2_1268,3.470256316715626e-05,4.4235747942751386e-05,3.352855374427509e-05,891.2,819.0,5,0,0,0,False,False,1123
ESM-2 Random Forest,esm2_1131,3.4653467178365636e-05,0.0,7.74875082668834e-05,1094.8,1248.0,1,0,0,0,False,False,1124
ESM-2 Random Forest,esm2_0555,3.453350464169506e-05,0.0,4.852695635149058e-05,976.0,1131.0,2,0,0,0,False,False,1125
ESM-2 Random Forest,esm2_0054,3.444969258051952e-05,2.2878760774742147e-05,4.3396446468934444e-05,898.2,920.0,3,0,0,0,False,False,1126
ESM-2 Random Forest,esm2_0639,3.4367992808958374e-05,1.8518741786528084e-05,3.9378752632430576e-05,953.2,1012.0,3,0,0,0,False,False,1127
ESM-2 Random Forest,esm2_0596,3.4204945021402833e-05,2.2633574921820487e-05,3.372862712198586e-05,935.4,934.0,4,0,0,0,False,False,1128
ESM-2 Random Forest,esm2_0269,3.4200930721723105e-05,2.230398563108617e-05,4.325748665827366e-05,920.8,917.0,3,0,0,0,False,False,1129
ESM-2 Random Forest,esm2_0835,3.3976451596826064e-05,2.2343383661239262e-05,3.746183344920518e-05,960.0,914.0,3,0,0,0,False,False,1130
ESM-2 Random Forest,esm2_0786,3.389804917919736e-05,2.0834338075717395e-05,4.386370418776314e-05,981.8,993.0,3,0,0,0,False,False,1131
ESM-2 Random Forest,esm2_1107,3.353204525200988e-05,2.1642512077294695e-05,4.019866946155527e-05,970.4,984.0,4,0,0,0,False,False,1132
ESM-2 Random Forest,esm2_0542,3.3462172110796554e-05,0.0,4.7841403020604924e-05,966.8,1129.0,2,0,0,0,False,False,1133
ESM-2 Random Forest,esm2_0858,3.342308469943758e-05,2.0972587686815816e-05,3.904013190906763e-05,951.0,1020.0,4,0,0,0,False,False,1134
ESM-2 Random Forest,esm2_1043,3.298925154809813e-05,4.274638063865277e-05,3.110561031166661e-05,974.8,870.0,3,0,0,0,False,False,1135
ESM-2 Random Forest,esm2_0294,3.2918942705616076e-05,2.2134387351778665e-05,3.745652711211819e-05,935.6,1004.0,3,0,0,0,False,False,1136
ESM-2 Random Forest,esm2_0645,3.264708165952344e-05,4.02808036794965e-05,3.282932529106382e-05,951.8,884.0,3,0,0,0,False,False,1137
ESM-2 Random Forest,esm2_0797,3.2632419111299894e-05,4.273968028715722e-05,2.1360818206152434e-05,934.4,886.0,4,0,0,0,False,False,1138
ESM-2 Random Forest,esm2_0129,3.248170129240855e-05,1.8519411622859895e-05,4.219530111807385e-05,936.6,1014.0,4,0,0,0,False,False,1139
ESM-2 Random Forest,esm2_0572,3.240655251374808e-05,2.1140330587335285e-05,3.7348556537886647e-05,940.2,958.0,4,0,0,0,False,False,1140
ESM-2 Random Forest,esm2_0291,3.2335442710972714e-05,3.741641596531185e-05,2.3042450813825442e-05,925.6,901.0,4,0,0,0,False,False,1141
ESM-2 Random Forest,esm2_1197,3.209483572292294e-05,3.086568603809983e-05,2.5175735701789835e-05,944.6,921.0,4,0,0,0,False,False,1142
ESM-2 Random Forest,esm2_0071,3.200650491934666e-05,0.0,4.737811395843485e-05,919.4,1062.0,2,0,0,0,False,False,1143
ESM-2 Random Forest,esm2_0873,3.188743156700984e-05,2.2586009907847326e-05,4.632543490920667e-05,981.0,961.0,3,0,0,0,False,False,1144
ESM-2 Random Forest,esm2_0566,3.1825637112465135e-05,4.3034618615083714e-05,2.974427009517876e-05,957.4,867.0,3,0,0,0,False,False,1145
ESM-2 Random Forest,esm2_0597,3.164880168459904e-05,2.2734184038525833e-05,3.7685212153326295e-05,947.8,952.0,3,0,0,0,False,False,1146
ESM-2 Random Forest,esm2_0623,3.1606011936158695e-05,4.341115184256222e-05,3.0482344990756195e-05,960.0,896.0,3,0,0,0,False,False,1147
ESM-2 Random Forest,esm2_1255,3.144982897507974e-05,2.2468631135949464e-05,3.407792447374181e-05,998.8,910.0,3,0,0,0,False,False,1148
ESM-2 Random Forest,esm2_0213,3.103489064681632e-05,2.2311275750769685e-05,3.7034393440067396e-05,934.0,948.0,3,0,0,0,False,False,1149
ESM-2 Random Forest,esm2_1096,3.064933545043372e-05,4.293818305945877e-05,1.956520005997544e-05,958.4,890.0,4,0,0,0,False,False,1150
ESM-2 Random Forest,esm2_0214,3.0562127985228694e-05,3.307875327557186e-05,3.0465134210614533e-05,923.8,918.0,3,0,0,0,False,False,1151
ESM-2 Random Forest,esm2_0326,3.02901755199044e-05,1.9841509056994388e-05,3.771779868768916e-05,953.4,958.0,3,0,0,0,False,False,1152
ESM-2 Random Forest,esm2_1036,2.989205131967522e-05,2.2155998720600866e-05,3.629351435084133e-05,996.6,923.0,3,0,0,0,False,False,1153
ESM-2 Random Forest,esm2_0281,2.9674633117997516e-05,1.8522091452826543e-05,4.4564441596018455e-05,951.4,967.0,3,0,0,0,False,False,1154
ESM-2 Random Forest,esm2_0980,2.9552001956599045e-05,2.215623508583406e-05,3.889823476823624e-05,1002.2,975.0,3,0,0,0,False,False,1155
ESM-2 Random Forest,esm2_0600,2.9522214536642018e-05,2.112629563609956e-05,2.4023204334409802e-05,951.6,946.0,4,0,0,0,False,False,1156
ESM-2 Random Forest,esm2_0708,2.9048953714574325e-05,1.7366345469675226e-05,3.5907385369214215e-05,980.4,1054.0,3,0,0,0,False,False,1157
ESM-2 Random Forest,esm2_0260,2.8872931421843354e-05,3.4816668480034815e-05,2.8308915878718986e-05,933.6,849.0,3,0,0,0,False,False,1158
ESM-2 Random Forest,esm2_1058,2.8871465985072698e-05,1.5441220821521198e-05,3.719563920414583e-05,1004.4,983.0,3,0,0,0,False,False,1159
ESM-2 Random Forest,esm2_0234,2.8702615742348653e-05,1.5432284822106747e-05,4.4405909011534216e-05,955.4,1021.0,3,0,0,0,False,False,1160
ESM-2 Random Forest,esm2_1025,2.8688033239999797e-05,1.6586134980323248e-05,3.263621408552835e-05,1004.0,1057.0,3,0,0,0,False,False,1161
ESM-2 Random Forest,esm2_0151,2.8568039819153076e-05,2.5927623088135494e-05,1.7350663216926803e-05,915.2,876.0,5,0,0,0,False,False,1162
ESM-2 Random Forest,esm2_0711,2.8521367772689212e-05,2.030972328002031e-05,3.288852641485168e-05,980.0,1000.0,3,0,0,0,False,False,1163
ESM-2 Random Forest,esm2_0355,2.7889455956999116e-05,2.1997370928255277e-05,3.1693089118199585e-05,957.2,957.0,3,0,0,0,False,False,1164
ESM-2 Random Forest,esm2_0544,2.7779788349290507e-05,2.1991801302146123e-05,9.765075397073995e-06,949.4,962.0,5,0,0,0,False,False,1165
ESM-2 Random Forest,esm2_0552,2.759859619582606e-05,2.9566291422879817e-05,1.7690760724930482e-05,938.0,909.0,4,0,0,0,False,False,1166
ESM-2 Random Forest,esm2_1274,2.753145125531304e-05,2.3064861492809044e-05,2.8034015548961376e-05,971.2,967.0,4,0,0,0,False,False,1167
ESM-2 Random Forest,esm2_0788,2.719551495479109e-05,2.1492938301087696e-05,3.135875561459274e-05,989.0,968.0,3,0,0,0,False,False,1168
ESM-2 Random Forest,esm2_0488,2.7175385422494335e-05,0.0,6.076600911945418e-05,1010.0,1130.0,1,0,0,0,False,False,1169
ESM-2 Random Forest,esm2_0571,2.707548907873818e-05,0.0,4.8846121041305796e-05,1007.6,1136.0,2,0,0,0,False,False,1170
ESM-2 Random Forest,esm2_0912,2.672927617277382e-05,9.598614790391009e-06,4.1033247427084326e-05,972.0,999.0,4,0,0,0,False,False,1171
ESM-2 Random Forest,esm2_1246,2.6720781299969652e-05,0.0,3.951023409926255e-05,1055.2,1273.0,2,0,0,0,False,False,1172
ESM-2 Random Forest,esm2_1210,2.6545061475936074e-05,2.1221438475914874e-05,3.65681808762132e-05,1036.4,971.0,3,0,0,0,False,False,1173
ESM-2 Random Forest,esm2_1091,2.6515565922097005e-05,2.275849054910755e-05,2.3298584430854304e-05,957.6,918.0,4,0,0,0,False,False,1174
ESM-2 Random Forest,esm2_0863,2.6455560360841614e-05,2.2401732079151523e-05,2.2011985429960193e-05,942.6,991.0,5,0,0,0,False,False,1175
ESM-2 Random Forest,esm2_0676,2.6196866174269663e-05,0.0,5.857797356313182e-05,1043.8,1162.0,1,0,0,0,False,False,1176
ESM-2 Random Forest,esm2_0578,2.6148610539808883e-05,0.0,3.584634767600653e-05,990.4,1140.0,2,0,0,0,False,False,1177
ESM-2 Random Forest,esm2_0236,2.6143826954418273e-05,0.0,4.678125201699915e-05,966.0,1062.0,2,0,0,0,False,False,1178
ESM-2 Random Forest,esm2_1273,2.6070848145142747e-05,0.0,5.8296188683613485e-05,1129.2,1279.0,1,0,0,0,False,False,1179
ESM-2 Random Forest,esm2_0669,2.597472951144247e-05,2.271672460858873e-05,3.438387506181249e-05,983.2,954.0,3,0,0,0,False,False,1180
ESM-2 Random Forest,esm2_1243,2.5974166503813608e-05,2.2391361095631748e-05,2.7798056345867327e-05,1028.8,946.0,3,0,0,0,False,False,1181
ESM-2 Random Forest,esm2_1023,2.5386535193375034e-05,1.8377085153096283e-06,3.674710273382952e-05,1011.8,1015.0,3,0,0,0,False,False,1182
ESM-2 Random Forest,esm2_0193,2.489012647755917e-05,5.282833755153123e-07,3.7326446272130695e-05,966.4,1051.0,3,0,0,0,False,False,1183
ESM-2 Random Forest,esm2_0007,2.4847678233959955e-05,0.0,4.388736319616367e-05,940.8,1052.0,2,0,0,0,False,False,1184
ESM-2 Random Forest,esm2_1225,2.4836119949376343e-05,0.0,3.4309522712803386e-05,1082.2,1267.0,2,0,0,0,False,False,1185
ESM-2 Random Forest,esm2_0318,2.4280811034733345e-05,2.261681830258477e-05,2.476111145874454e-05,953.6,935.0,3,0,0,0,False,False,1186
ESM-2 Random Forest,esm2_0408,2.38964819415787e-05,1.737137342421135e-05,3.418225935004651e-05,996.0,1040.0,3,0,0,0,False,False,1187
ESM-2 Random Forest,esm2_0471,2.387007682585972e-05,0.0,3.6123186871233155e-05,1000.2,1112.0,2,0,0,0,False,False,1188
ESM-2 Random Forest,esm2_0339,2.38555404699309e-05,3.472389679286232e-05,2.1994249113993912e-05,972.4,914.0,3,0,0,0,False,False,1189
ESM-2 Random Forest,esm2_0943,2.377648822155669e-05,1.543507621068879e-05,2.8892116643939987e-05,1017.0,1018.0,3,0,0,0,False,False,1190
ESM-2 Random Forest,esm2_0468,2.35198938134147e-05,3.768329153000193e-06,3.968807439495846e-05,995.2,1074.0,3,0,0,0,False,False,1191
ESM-2 Random Forest,esm2_0626,2.3312242240484653e-05,2.8326332222812367e-05,2.2291636270592194e-05,983.8,878.0,3,0,0,0,False,False,1192
ESM-2 Random Forest,esm2_0027,2.3256925306746588e-05,0.0,4.579871032067587e-05,959.4,1054.0,2,0,0,0,False,False,1193
ESM-2 Random Forest,esm2_0843,2.3252820617570597e-05,2.227672193347723e-05,2.9108652022021786e-05,1006.6,1000.0,3,0,0,0,False,False,1194
ESM-2 Random Forest,esm2_0963,2.3209064775096373e-05,1.8532818532818533e-05,2.9785796164679042e-05,989.2,1022.0,4,0,0,0,False,False,1195
ESM-2 Random Forest,esm2_0277,2.3137914917231015e-05,1.3531025184494637e-06,3.961789131988022e-05,973.6,1070.0,3,0,0,0,False,False,1196
ESM-2 Random Forest,esm2_0957,2.253154415806722e-05,0.0,3.222725846583092e-05,1053.4,1210.0,2,0,0,0,False,False,1197
ESM-2 Random Forest,esm2_1214,2.2490222271751036e-05,2.3141282656853484e-05,1.5669820635150073e-05,985.8,962.0,4,0,0,0,False,False,1198
ESM-2 Random Forest,esm2_0053,2.2378618573372227e-05,0.0,3.447816537397546e-05,960.6,1034.0,2,0,0,0,False,False,1199
ESM-2 Random Forest,esm2_0254,2.2188275844442596e-05,2.0833333333333343e-05,2.4644759832197646e-05,965.6,1030.0,3,0,0,0,False,False,1200
ESM-2 Random Forest,esm2_0148,2.165115410044281e-05,2.306878555250254e-05,2.1312906345180807e-05,954.4,910.0,3,0,0,0,False,False,1201
ESM-2 Random Forest,esm2_0196,2.1410447688778193e-05,0.0,3.0493130072827635e-05,978.2,1053.0,2,0,0,0,False,False,1202
ESM-2 Random Forest,esm2_1090,2.116560395372221e-05,2.194826463363437e-05,1.6687958594590656e-05,1006.6,985.0,4,0,0,0,False,False,1203
ESM-2 Random Forest,esm2_0188,2.114030400536029e-05,1.4459436948193317e-06,3.5874930599615375e-05,976.4,1049.0,3,0,0,0,False,False,1204
ESM-2 Random Forest,esm2_0914,2.1136089657967996e-05,0.0,3.000000778969553e-05,1041.2,1212.0,2,0,0,0,False,False,1205
ESM-2 Random Forest,esm2_0011,2.1074007391608547e-05,2.2559859398772824e-05,2.462180088786763e-05,955.6,963.0,3,0,0,0,False,False,1206
ESM-2 Random Forest,esm2_1257,2.0841364624329732e-05,1.929221679628625e-05,2.547506948058287e-05,1050.2,1043.0,3,0,0,0,False,False,1207
ESM-2 Random Forest,esm2_0389,2.077769904712927e-05,2.2791576883505205e-05,2.3229842936475778e-05,978.2,977.0,3,0,0,0,False,False,1208
ESM-2 Random Forest,esm2_0066,2.0763166347416945e-05,0.0,2.9059026453088493e-05,973.0,1037.0,2,0,0,0,False,False,1209
ESM-2 Random Forest,esm2_0125,2.059915496081511e-05,2.057613168724279e-05,2.345205841383693e-05,967.6,981.0,3,0,0,0,False,False,1210
ESM-2 Random Forest,esm2_1267,2.041917877825736e-05,0.0,3.4485596961693646e-05,1100.0,1278.0,2,0,0,0,False,False,1211
ESM-2 Random Forest,esm2_0939,2.0370184642301587e-05,3.2096643668790475e-06,3.281474934155951e-05,1036.6,1010.0,3,0,0,0,False,False,1212
ESM-2 Random Forest,esm2_0499,2.0356343220240558e-05,0.0,3.569144696870061e-05,1027.6,1119.0,2,0,0,0,False,False,1213
ESM-2 Random Forest,esm2_0668,1.9977067542518625e-05,1.987577639751554e-05,2.0003633187109466e-05,1015.2,1005.0,3,0,0,0,False,False,1214
ESM-2 Random Forest,esm2_0570,1.9926315073285e-05,2.8119883233814194e-06,3.403867633463175e-05,1016.0,1078.0,3,0,0,0,False,False,1215
ESM-2 Random Forest,esm2_1109,1.9703783630596886e-05,0.0,4.405899961196224e-05,1114.4,1246.0,1,0,0,0,False,False,1216
ESM-2 Random Forest,esm2_0549,1.948619725227532e-05,0.0,3.259956514755963e-05,1018.6,1147.0,2,0,0,0,False,False,1217
ESM-2 Random Forest,esm2_0317,1.9133728095207218e-05,0.0,3.163198754500947e-05,997.8,1083.0,2,0,0,0,False,False,1218
ESM-2 Random Forest,esm2_0490,1.865603269604084e-05,0.0,4.171615729880599e-05,1029.4,1132.0,1,0,0,0,False,False,1219
ESM-2 Random Forest,esm2_0677,1.817285940638696e-05,0.0,3.182957090915891e-05,1044.0,1170.0,2,0,0,0,False,False,1220
ESM-2 Random Forest,esm2_0899,1.776984842319397e-05,0.0,3.560832852738307e-05,1077.6,1203.0,2,0,0,0,False,False,1221
ESM-2 Random Forest,esm2_0531,1.7577364348064842e-05,0.0,3.930418154755426e-05,1052.4,1133.0,1,0,0,0,False,False,1222
ESM-2 Random Forest,esm2_0987,1.7565300512267792e-05,0.0,3.927720599064266e-05,1117.4,1224.0,1,0,0,0,False,False,1223
ESM-2 Random Forest,esm2_0385,1.7519959137060708e-05,2.088267994392615e-05,1.834609000173309e-05,1006.0,975.0,3,0,0,0,False,False,1224
ESM-2 Random Forest,esm2_0609,1.7327135117803636e-05,2.1145747061622238e-05,1.8176093200347017e-05,1021.0,1008.0,3,0,0,0,False,False,1225
ESM-2 Random Forest,esm2_0581,1.721563460693895e-05,0.0,3.849532925691336e-05,1063.2,1141.0,1,0,0,0,False,False,1226
ESM-2 Random Forest,esm2_0085,1.673202613782702e-05,2.065682239974179e-05,1.3621598510732484e-05,989.4,995.0,4,0,0,0,False,False,1227
ESM-2 Random Forest,esm2_0567,1.618925782559026e-05,0.0,3.1629749532490265e-05,1044.0,1137.0,2,0,0,0,False,False,1228
ESM-2 Random Forest,esm2_0576,1.6120986579041113e-05,0.0,2.623404159025334e-05,1039.6,1153.0,2,0,0,0,False,False,1229
ESM-2 Random Forest,esm2_0968,1.6075891315045934e-05,1.986066502195535e-05,1.6667334055827147e-05,1056.2,995.0,3,0,0,0,False,False,1230
ESM-2 Random Forest,esm2_0936,1.589855857840323e-05,1.736132042487009e-05,1.7414605327234684e-05,1033.8,1048.0,4,0,0,0,False,False,1231
ESM-2 Random Forest,esm2_0165,1.5640953604300474e-05,0.0,2.7165705944411355e-05,1012.4,1058.0,2,0,0,0,False,False,1232
ESM-2 Random Forest,esm2_1266,1.5234127756144495e-05,1.543284301904992e-05,1.4192046212228531e-05,987.6,1024.0,5,0,0,0,False,False,1233
ESM-2 Random Forest,esm2_0382,1.5182580699822085e-05,0.0,3.394928251867851e-05,1040.2,1110.0,1,0,0,0,False,False,1234
ESM-2 Random Forest,esm2_0197,1.502609282616051e-05,1.8004464333901594e-06,1.9882943116603958e-05,991.4,1046.0,3,0,0,0,False,False,1235
ESM-2 Random Forest,esm2_0300,1.4903264903264903e-05,0.0,2.086949565475319e-05,1009.4,1097.0,2,0,0,0,False,False,1236
ESM-2 Random Forest,esm2_0882,1.4409546324439942e-05,0.0,3.222072510637995e-05,1118.2,1203.0,1,0,0,0,False,False,1237
ESM-2 Random Forest,esm2_1054,1.4297499847977291e-05,0.0,2.1147964652052444e-05,1088.6,1235.0,2,0,0,0,False,False,1238
ESM-2 Random Forest,esm2_0935,1.4191947905222599e-05,1.1336487145131757e-05,1.5838164988898618e-05,1062.4,994.0,3,0,0,0,False,False,1239
ESM-2 Random Forest,esm2_0646,1.397756600087257e-05,1.111437264617734e-05,1.547041602171014e-05,1036.0,1030.0,3,0,0,0,False,False,1240
ESM-2 Random Forest,esm2_0997,1.3603239985735438e-05,0.0,2.1313945292188544e-05,1100.4,1218.0,2,0,0,0,False,False,1241
ESM-2 Random Forest,esm2_0817,1.3589180449178462e-05,0.0,3.0386331242874167e-05,1112.0,1190.0,1,0,0,0,False,False,1242
ESM-2 Random Forest,esm2_1206,1.3518670617907317e-05,0.0,2.020522188036658e-05,1124.6,1260.0,2,0,0,0,False,False,1243
ESM-2 Random Forest,esm2_1069,1.3383171455313606e-05,1.1583011583011582e-05,1.5076267595113007e-05,1084.0,1066.0,3,0,0,0,False,False,1244
ESM-2 Random Forest,esm2_0802,1.329734985414471e-05,0.0,2.014816755604202e-05,1077.4,1185.0,2,0,0,0,False,False,1245
ESM-2 Random Forest,esm2_0489,1.3294256264233998e-05,0.0,1.9572658628637233e-05,1043.2,1118.0,2,0,0,0,False,False,1246
ESM-2 Random Forest,esm2_0412,1.3161416861980644e-05,0.0,2.184961304122801e-05,1041.6,1098.0,2,0,0,0,False,False,1247
ESM-2 Random Forest,esm2_0780,1.3157242631466406e-05,3.762382528736221e-06,1.787768779661254e-05,1060.4,1075.0,3,0,0,0,False,False,1248
ESM-2 Random Forest,esm2_0008,1.2603878942048837e-05,0.0,1.830592682492573e-05,996.2,1024.0,2,0,0,0,False,False,1249
ESM-2 Random Forest,esm2_0261,1.2533559688379959e-05,0.0,1.8170938517111554e-05,1017.0,1089.0,2,0,0,0,False,False,1250
ESM-2 Random Forest,esm2_0338,1.2117144139039125e-05,1.2691221999634746e-06,1.665049468002641e-05,1015.0,1019.0,3,0,0,0,False,False,1251
ESM-2 Random Forest,esm2_0771,1.2041036222616324e-05,0.0,2.6924575513307392e-05,1106.4,1179.0,1,0,0,0,False,False,1252
ESM-2 Random Forest,esm2_0703,1.1850458118909947e-05,0.0,1.7063870154104975e-05,1083.8,1160.0,2,0,0,0,False,False,1253
ESM-2 Random Forest,esm2_1193,1.1677111344630234e-05,0.0,1.699224420738523e-05,1140.8,1257.0,2,0,0,0,False,False,1254
ESM-2 Random Forest,esm2_0768,1.149588910262659e-05,0.0,1.675098776290718e-05,1094.2,1176.0,2,0,0,0,False,False,1255
ESM-2 Random Forest,esm2_1155,1.1436066350852669e-05,0.0,1.6984247701168498e-05,1137.6,1249.0,2,0,0,0,False,False,1256
ESM-2 Random Forest,esm2_0528,1.1141693320377024e-05,0.0,1.6028423662496245e-05,1064.4,1126.0,2,0,0,0,False,False,1257
ESM-2 Random Forest,esm2_0323,1.0590611759218704e-05,2.0158231619131666e-06,1.855133874014487e-05,1024.6,1079.0,3,0,0,0,False,False,1258
ESM-2 Random Forest,esm2_0778,1.0423076043741996e-05,0.0,2.3306706568456677e-05,1113.0,1182.0,1,0,0,0,False,False,1259
ESM-2 Random Forest,esm2_0950,9.174333731912672e-06,0.0,1.8478441688935794e-05,1113.6,1216.0,2,0,0,0,False,False,1260
ESM-2 Random Forest,esm2_0757,9.052581435620649e-06,0.0,1.9320971975552336e-05,1094.4,1171.0,2,0,0,0,False,False,1261
ESM-2 Random Forest,esm2_1242,8.800294620382565e-06,0.0,1.206215076583131e-05,1145.6,1270.0,2,0,0,0,False,False,1262
ESM-2 Random Forest,esm2_0684,8.608808925975567e-06,0.0,1.9249881963788323e-05,1113.4,1164.0,1,0,0,0,False,False,1263
ESM-2 Random Forest,esm2_0460,8.03310188034375e-06,0.0,1.100057689200219e-05,1076.8,1107.0,2,0,0,0,False,False,1264
ESM-2 Random Forest,esm2_0247,7.938900786137244e-06,0.0,1.77519218244294e-05,1044.0,1087.0,1,0,0,0,False,False,1265
ESM-2 Random Forest,esm2_0265,7.654424389079939e-06,1.3625588962105957e-06,1.3943932035564697e-05,1039.8,1050.0,3,0,0,0,False,False,1266
ESM-2 Random Forest,esm2_0491,7.47723938981661e-06,0.0,1.0271105798006209e-05,1078.0,1126.0,2,0,0,0,False,False,1267
ESM-2 Random Forest,esm2_0351,5.889874304068636e-06,0.0,1.3170159322826736e-05,1073.0,1107.0,1,0,0,0,False,False,1268
ESM-2 Random Forest,esm2_1171,5.625171825879223e-06,0.0,9.770655170353038e-06,1153.8,1254.0,2,0,0,0,False,False,1269
ESM-2 Random Forest,esm2_0142,5.303767628128871e-06,0.0,9.114457742921236e-06,1050.8,1045.0,2,0,0,0,False,False,1270
ESM-2 Random Forest,esm2_1182,4.514228952253574e-06,0.0,1.0094122803236644e-05,1200.2,1257.0,1,0,0,0,False,False,1271
ESM-2 Random Forest,esm2_0290,4.513587624752347e-06,0.0,1.009268875134806e-05,1069.4,1095.0,1,0,0,0,False,False,1272
ESM-2 Random Forest,esm2_0970,4.276804276804276e-06,0.0,9.563225089396188e-06,1167.6,1220.0,1,0,0,0,False,False,1273
ESM-2 Random Forest,esm2_0927,4.0557997703788245e-06,4.5481292179536965e-06,2.5245407926395453e-06,1072.6,1039.0,4,0,0,0,False,False,1274
ESM-2 Random Forest,esm2_0691,3.47427468484227e-06,0.0,7.768714367813975e-06,1135.4,1172.0,1,0,0,0,False,False,1275
ESM-2 Random Forest,esm2_1198,2.15409146654624e-06,0.0,4.816694948949607e-06,1214.8,1259.0,1,0,0,0,False,False,1276
ESM-2 Random Forest,esm2_0751,1.6970529068728713e-06,0.0,3.7947256611813604e-06,1151.2,1176.0,1,0,0,0,False,False,1277
ESM-2 Random Forest,esm2_1061,0.0,0.0,0.0,1240.0,1239.0,0,0,0,0,False,False,1278
ESM-2 Random Forest,esm2_1160,0.0,0.0,0.0,1254.6,1254.0,0,0,0,0,False,False,1279
ESM-2 Random Forest,esm2_1231,0.0,0.0,0.0,1270.8,1270.0,0,0,0,0,False,False,1280
ESM-2 XGBoost,esm2_0837,0.11595760252457485,0.10035294425230222,0.053638871219747974,2.8,3.0,5,5,5,5,True,True,1
ESM-2 XGBoost,esm2_1129,0.10172346074406309,0.11243236062895275,0.05816415821030589,3.8,2.0,5,5,5,5,True,True,2
ESM-2 XGBoost,esm2_0511,0.07711477384646248,0.07151866652711711,0.046934908654180534,4.2,5.0,5,5,5,5,True,True,3
ESM-2 XGBoost,esm2_0739,0.06327268837472799,0.07333157333815624,0.05107877690540405,16.6,4.0,5,4,4,4,True,True,4
ESM-2 XGBoost,esm2_0647,0.04736338097137442,0.0512134916049305,0.024687471709933285,5.8,6.0,5,5,5,5,True,True,5
ESM-2 XGBoost,esm2_0902,0.0372551221114371,0.0,0.08330498555122885,781.2,974.0,1,1,1,1,False,False,6
ESM-2 XGBoost,esm2_0742,0.03696268613797315,0.0006682196095950824,0.05151848988189365,364.8,131.0,3,2,2,2,False,False,7
ESM-2 XGBoost,esm2_0924,0.02115746985918806,0.0,0.03936269418839611,601.0,989.0,2,1,2,2,False,False,8
ESM-2 XGBoost,esm2_0201,0.019877225846699063,0.0,0.03410761249972353,255.2,417.0,2,2,2,2,False,False,9
ESM-2 XGBoost,esm2_0026,0.018407272875941117,0.001783829021116427,0.03709030979558749,138.4,74.0,3,1,1,2,False,False,10
ESM-2 XGBoost,esm2_0017,0.016616174275881752,0.009548330415530134,0.011392043552051171,11.6,9.0,5,3,4,5,True,True,11
ESM-2 XGBoost,esm2_1145,0.013262984919429358,0.0,0.029656935864398618,938.6,1171.0,1,1,1,1,False,False,12
ESM-2 XGBoost,esm2_0941,0.009785091752569338,0.008603486071716494,0.010602163010535893,66.6,12.0,5,1,3,3,True,False,13
ESM-2 XGBoost,esm2_0158,0.009439707487536888,0.0005947138504712311,0.018946059114103686,185.6,142.0,3,1,1,1,False,False,14
ESM-2 XGBoost,esm2_0948,0.008764059570935057,0.0016059933319438548,0.011075737022781194,245.4,64.0,4,2,2,2,False,False,15
ESM-2 XGBoost,esm2_0756,0.007812205924874432,0.0011111563446152264,0.015036514264347298,229.0,109.0,4,1,1,2,False,False,16
ESM-2 XGBoost,esm2_0877,0.007702346117580116,0.0072924115767456655,0.0008911469142285906,18.0,19.0,5,1,3,5,True,True,17
ESM-2 XGBoost,esm2_1278,0.0070662740211601665,0.0,0.015168833006874414,786.0,1278.0,2,1,1,1,False,False,18
ESM-2 XGBoost,esm2_0126,0.006939334187865081,0.005081686671928268,0.008084034311681062,145.6,31.0,3,2,2,3,False,False,19
ESM-2 XGBoost,esm2_1186,0.006918508900419609,0.006687046347703872,0.002517082658544367,22.8,22.0,5,0,2,5,False,True,20
ESM-2 XGBoost,esm2_0055,0.005264952657616117,0.006580706584020166,0.00294742634545643,71.2,23.0,4,0,2,4,False,True,21
ESM-2 XGBoost,esm2_0003,0.005163565073682756,0.004467488551788228,0.0021108557729889255,34.2,27.0,5,0,1,4,False,True,22
ESM-2 XGBoost,esm2_0608,0.004620348428778738,0.005876251452675442,0.002771041353886441,44.0,29.0,5,0,1,4,False,True,23
ESM-2 XGBoost,esm2_0546,0.004596340017214887,0.0,0.00972696121107473,439.8,684.0,2,1,1,1,False,False,24
ESM-2 XGBoost,esm2_1072,0.004454019464426674,0.0037308308339453512,0.005091689883504985,460.4,28.0,3,0,1,3,False,False,25
ESM-2 XGBoost,esm2_1226,0.004422095894449368,0.0031443336228983193,0.0032966038419306866,43.6,51.0,5,1,1,2,False,False,26
ESM-2 XGBoost,esm2_0116,0.004146654955195063,0.000770632545222429,0.0068781139774559555,177.0,107.0,3,1,1,2,False,False,27
ESM-2 XGBoost,esm2_0687,0.004064234219144802,0.0033189553410509394,0.004328408678086413,341.8,56.0,3,0,1,2,False,False,28
ESM-2 XGBoost,esm2_0093,0.003785405678778331,0.0,0.008464424420162082,263.6,324.0,1,1,1,1,False,False,29
ESM-2 XGBoost,esm2_0343,0.0036992375500074642,0.003809206778887411,0.0012060795178508651,44.4,41.0,5,0,0,3,False,False,30
ESM-2 XGBoost,esm2_1011,0.0036290322141466296,0.0036983078529098925,0.0016973137687866936,48.2,48.0,5,0,0,4,False,True,31
ESM-2 XGBoost,esm2_0348,0.003433312391791006,0.0,0.004929763542785306,319.2,509.0,2,0,1,2,False,False,32
ESM-2 XGBoost,esm2_0244,0.0034016265956586128,0.0021517596668851123,0.0034840960845560977,130.2,74.0,4,0,1,2,False,False,33
ESM-2 XGBoost,esm2_0934,0.00329434807206302,0.0010296901864749641,0.00466304376234021,259.0,103.0,4,0,1,1,False,False,34
ESM-2 XGBoost,esm2_0752,0.0030350119288397362,0.003044681907014288,0.002185515106003472,201.8,44.0,4,0,0,3,False,False,35
ESM-2 XGBoost,esm2_0184,0.0030233169273370607,0.002929030895011335,0.00039658989218919344,51.8,52.0,5,0,0,1,False,False,36
ESM-2 XGBoost,esm2_1161,0.0029940536522629884,0.0,0.006654767854353655,759.2,1182.0,2,1,1,1,False,False,37
ESM-2 XGBoost,esm2_0352,0.0029299967817673204,0.0023037677059620804,0.003949167501248965,237.0,67.0,3,0,1,1,False,False,38
ESM-2 XGBoost,esm2_0045,0.0029227464021976102,0.0020089590454884544,0.004403561980064385,151.0,76.0,3,0,1,1,False,False,39
ESM-2 XGBoost,esm2_0149,0.0028638745438390803,0.0010891129960828097,0.003678937923558884,180.6,94.0,3,0,1,2,False,False,40
ESM-2 XGBoost,esm2_0880,0.002835867828302982,0.002235111572669639,0.0037616404675639655,410.0,71.0,3,0,1,2,False,False,41
ESM-2 XGBoost,esm2_0136,0.0027331363800822545,0.0009049049695015251,0.0032278674775839235,93.0,105.0,5,0,1,2,False,False,42
ESM-2 XGBoost,esm2_0556,0.0026407515566190406,0.0,0.004212808384058073,436.8,701.0,2,0,1,2,False,False,43
ESM-2 XGBoost,esm2_0349,0.002624505128944269,0.00017817363271259426,0.005590775368353537,284.4,177.0,3,0,1,1,False,False,44
ESM-2 XGBoost,esm2_0305,0.0026039311010520485,0.0,0.005771348886192155,342.6,476.0,2,1,1,1,False,False,45
ESM-2 XGBoost,esm2_0575,0.0025595367235857263,0.0,0.005572244598207543,467.8,702.0,2,0,1,1,False,False,46
ESM-2 XGBoost,esm2_1213,0.002519095658486225,0.003108670579310778,0.001552872607516155,76.0,60.0,5,0,0,2,False,False,47
ESM-2 XGBoost,esm2_0367,0.0025167493606850088,0.002307605186871512,0.0025869175458381392,237.8,66.0,3,0,0,2,False,False,48
ESM-2 XGBoost,esm2_0127,0.00246218904146818,0.00044522649085053926,0.003241009870004789,186.6,139.0,3,0,0,2,False,False,49
ESM-2 XGBoost,esm2_0710,0.0023908191742754254,0.0038079495437007057,0.0020809168577865054,222.6,47.0,4,0,0,3,False,False,50
ESM-2 XGBoost,esm2_0005,0.0023430089941793458,0.0,0.004955742335596926,186.6,233.0,2,0,1,1,False,False,51
ESM-2 XGBoost,esm2_1270,0.0022745072071321273,0.000875191610709004,0.002822251517895466,313.0,100.0,4,0,1,1,False,False,52
ESM-2 XGBoost,esm2_0119,0.0022604016895232597,0.0029257474484043564,0.0014632460048007113,118.0,63.0,4,0,0,2,False,False,53
ESM-2 XGBoost,esm2_0016,0.0022522173395179423,0.0022386105352603,0.002271644038523067,140.2,52.0,3,0,0,2,False,False,54
ESM-2 XGBoost,esm2_0949,0.002193671886444321,0.0,0.004684045278766745,639.6,1007.0,2,0,1,1,False,False,55
ESM-2 XGBoost,esm2_0892,0.0021683017126599017,0.0025431645975086277,0.0016180287299146754,241.6,58.0,4,0,0,2,False,False,56
ESM-2 XGBoost,esm2_0522,0.002138853029874714,0.0,0.00425263474321769,430.4,672.0,2,0,1,1,False,False,57
ESM-2 XGBoost,esm2_0632,0.00213708570775409,0.002264429206019613,0.0022182481459907906,332.2,51.0,3,0,0,2,False,False,58
ESM-2 XGBoost,esm2_1020,0.002101715085559926,0.002107125206013448,0.0010846333116527464,76.2,74.0,5,0,0,1,False,False,59
ESM-2 XGBoost,esm2_0160,0.0020977379159570885,0.0012934493112772205,0.0019172904675854516,132.2,101.0,4,0,0,2,False,False,60
ESM-2 XGBoost,esm2_0023,0.002096025826777186,0.001808984525173675,0.0019839647485380613,110.8,83.0,4,0,0,2,False,False,61
ESM-2 XGBoost,esm2_1026,0.002083654051801407,0.0013350376800237444,0.0020867937973957436,110.2,84.0,5,0,1,2,False,False,62
ESM-2 XGBoost,esm2_0097,0.0020237719045634018,0.0,0.003136575382014392,209.2,305.0,2,0,1,1,False,False,63
ESM-2 XGBoost,esm2_0686,0.0019958179632982498,0.0,0.0027938306934104542,500.6,805.0,2,0,0,2,False,False,64
ESM-2 XGBoost,esm2_0173,0.001982191422318615,0.0,0.004432314764721416,319.4,394.0,1,0,1,1,False,False,65
ESM-2 XGBoost,esm2_0860,0.0019655797193713197,0.002242327937404712,0.0011645363705893648,242.6,66.0,4,0,0,0,False,False,66
ESM-2 XGBoost,esm2_0138,0.0019489349022885588,0.0,0.0027489821151987772,234.0,360.0,2,0,0,2,False,False,67
ESM-2 XGBoost,esm2_0195,0.0019485974100275285,0.002199755915749291,0.002091051266713352,189.4,58.0,3,0,0,1,False,False,68
ESM-2 XGBoost,esm2_0698,0.0018942628464734767,0.0,0.003964174338507467,523.4,806.0,2,0,1,1,False,False,69
ESM-2 XGBoost,esm2_0769,0.001891031137364942,6.908931887580439e-05,0.0041353447795614675,446.0,253.0,3,0,1,1,False,False,70
ESM-2 XGBoost,esm2_0685,0.0018882507572387218,0.0,0.004139455263850988,529.2,799.0,2,0,1,1,False,False,71
ESM-2 XGBoost,esm2_0801,0.0018547592233086108,0.0,0.002574843846262944,549.6,884.0,2,0,0,2,False,False,72
ESM-2 XGBoost,esm2_0642,0.0018520130225525462,0.0,0.004141227013642344,618.4,762.0,1,0,1,1,False,False,73
ESM-2 XGBoost,esm2_0506,0.0018425662561365169,0.00013621866699764057,0.003593003141952725,249.4,185.0,4,0,1,1,False,False,74
ESM-2 XGBoost,esm2_0807,0.0018374278998854368,0.0009637601501638844,0.00211566154992403,394.2,118.0,3,0,0,2,False,False,75
ESM-2 XGBoost,esm2_0357,0.0018354124225560796,0.001566147744939618,0.001553677884477927,160.2,66.0,4,0,0,1,False,False,76
ESM-2 XGBoost,esm2_0886,0.0018342685689964004,6.864388818051294e-05,0.0031292371483698906,452.0,231.0,3,0,0,1,False,False,77
ESM-2 XGBoost,esm2_0505,0.001824278820200546,0.0,0.0040792114518815375,527.2,657.0,1,0,1,1,False,False,78
ESM-2 XGBoost,esm2_1257,0.0017568497831847523,0.0,0.0039284355414568725,1014.0,1262.0,1,0,0,1,False,False,79
ESM-2 XGBoost,esm2_0280,0.0017441857869948366,0.0,0.002448587465241633,294.2,453.0,2,0,0,2,False,False,80
ESM-2 XGBoost,esm2_0962,0.0017411966819950464,0.0,0.0031847045369421015,636.4,1019.0,2,0,1,1,False,False,81
ESM-2 XGBoost,esm2_1070,0.0016983084316703379,0.0013988040397223918,0.001284202090778896,97.6,83.0,5,0,0,1,False,False,82
ESM-2 XGBoost,esm2_0078,0.0016820112202753257,0.0,0.0037610914274530003,256.6,312.0,1,0,1,1,False,False,83
ESM-2 XGBoost,esm2_0565,0.0016700003917733386,0.0,0.002307793707496241,445.4,709.0,2,0,0,2,False,False,84
ESM-2 XGBoost,esm2_0498,0.001660947953990571,0.0,0.0037139925322121105,529.8,652.0,1,0,1,1,False,False,85
ESM-2 XGBoost,esm2_0246,0.001659959335442767,0.0,0.003711781913935403,358.4,436.0,1,0,1,1,False,False,86
ESM-2 XGBoost,esm2_1200,0.0016254429230376333,0.0,0.003634600869458107,976.4,1216.0,1,0,1,1,False,False,87
ESM-2 XGBoost,esm2_0579,0.0016173344115100626,0.000551869815478118,0.0022381555419945464,227.2,145.0,4,0,0,1,False,False,88
ESM-2 XGBoost,esm2_0800,0.001608535386061397,0.0,0.0035967944674471517,719.8,892.0,1,0,0,1,False,False,89
ESM-2 XGBoost,esm2_0172,0.0016058909375864714,0.0,0.002629938606122086,251.6,363.0,2,0,1,1,False,False,90
ESM-2 XGBoost,esm2_0719,0.0016028950782799878,0.0006513115531568214,0.002468710308764792,257.2,134.0,4,0,0,1,False,False,91
ESM-2 XGBoost,esm2_0311,0.0016006077620431692,0.00024208966097685587,0.0019892793619360858,187.2,169.0,4,0,0,2,False,False,92
ESM-2 XGBoost,esm2_1247,0.0015825138234714705,0.0022833534783247037,0.001292810634092698,117.8,73.0,5,0,0,0,False,False,93
ESM-2 XGBoost,esm2_1207,0.0015577118440420143,0.0,0.0033104446720393786,774.4,1221.0,2,0,0,1,False,False,94
ESM-2 XGBoost,esm2_0030,0.0015510481389246018,0.0,0.002628256779957285,186.0,253.0,2,0,0,1,False,False,95
ESM-2 XGBoost,esm2_0908,0.0015357549274050892,0.0010146374520242725,0.0022496526675308028,437.2,110.0,3,0,1,1,False,False,96
ESM-2 XGBoost,esm2_0595,0.0015340482186374407,6.859384514227253e-05,0.0033526501016012127,394.8,252.0,3,0,0,1,False,False,97
ESM-2 XGBoost,esm2_0791,0.001531966918528964,0.0015637102082968271,0.0015702318077067186,394.4,87.0,3,0,0,0,False,False,98
ESM-2 XGBoost,esm2_0759,0.001514109858779012,0.0,0.0029286124504118074,542.2,851.0,2,0,1,1,False,False,99
ESM-2 XGBoost,esm2_1054,0.0014949891459644913,0.0014778374084494718,0.001239295865146149,284.4,91.0,4,0,0,1,False,False,100
ESM-2 XGBoost,esm2_0734,0.001468289922411489,0.0,0.0021274665437043035,517.2,830.0,2,0,0,2,False,False,101
ESM-2 XGBoost,esm2_0388,0.0014639024535923245,0.001975932011713543,0.0012670125973955645,187.0,80.0,4,0,0,0,False,False,102
ESM-2 XGBoost,esm2_0362,0.001453793556036089,0.0,0.0032507812165478447,435.4,530.0,1,0,0,1,False,False,103
ESM-2 XGBoost,esm2_0538,0.0014219513692706443,0.0013128423176418291,0.0015132953741954275,319.2,104.0,3,0,0,1,False,False,104
ESM-2 XGBoost,esm2_0831,0.0014026815778369593,0.0,0.0020626248805356803,570.0,912.0,2,0,0,2,False,False,105
ESM-2 XGBoost,esm2_0870,0.001385603651728538,0.0,0.002881867212328081,603.4,946.0,2,0,0,1,False,False,106
ESM-2 XGBoost,esm2_0035,0.0013772297371899798,0.000522666132677231,0.0018785620535533248,160.6,120.0,3,0,0,1,False,False,107
ESM-2 XGBoost,esm2_0014,0.0013593629457096593,0.0,0.003039627952701154,216.6,268.0,1,0,1,1,False,False,108
ESM-2 XGBoost,esm2_0676,0.0013082345508673942,0.0,0.0029253013862534,643.4,791.0,1,0,0,1,False,False,109
ESM-2 XGBoost,esm2_0413,0.0012966709101630987,0.0,0.0028063528925164442,394.8,565.0,2,0,1,1,False,False,110
ESM-2 XGBoost,esm2_0146,0.0012614718388623421,7.502976356998314e-05,0.0023209751012332504,229.8,249.0,3,0,0,1,False,False,111
ESM-2 XGBoost,esm2_0447,0.0012508448660011721,0.0,0.00264702108032533,404.2,596.0,2,0,0,1,False,False,112
ESM-2 XGBoost,esm2_0583,0.0012301574836719776,0.001451150836316544,0.0012214229133251408,330.8,93.0,3,0,0,0,False,False,113
ESM-2 XGBoost,esm2_0617,0.0012218673812153732,0.0015576840467928083,0.0011533167318006094,344.2,96.0,3,0,0,0,False,False,114
ESM-2 XGBoost,esm2_0619,0.0011851986200991896,0.0,0.002650184681380736,608.0,750.0,1,0,0,1,False,False,115
ESM-2 XGBoost,esm2_1233,0.001175064736678635,0.00030894632036010237,0.0016630288716082383,552.6,149.0,3,0,0,1,False,False,116
ESM-2 XGBoost,esm2_0211,0.0011749580670147035,0.0,0.0019574567693446134,271.4,395.0,2,0,0,1,False,False,117
ESM-2 XGBoost,esm2_0761,0.001172827105504482,8.860671741322142e-05,0.002502631839612987,447.6,254.0,3,0,0,1,False,False,118
ESM-2 XGBoost,esm2_0614,0.001167078642945082,0.0,0.0016510622074655016,466.0,734.0,2,0,0,1,False,False,119
ESM-2 XGBoost,esm2_0590,0.0011575673264287293,0.0,0.002251049381939885,469.0,718.0,2,0,0,1,False,False,120
ESM-2 XGBoost,esm2_0967,0.001149915485491737,0.0014251429781222075,0.0009664696883898901,285.8,82.0,4,0,0,0,False,False,121
ESM-2 XGBoost,esm2_0108,0.0011473526198306958,0.0,0.0025655584521039093,278.4,338.0,1,0,0,1,False,False,122
ESM-2 XGBoost,esm2_0124,0.0011436531265255987,0.0005207140496468184,0.0014523744839480205,189.4,128.0,3,0,0,1,False,False,123
ESM-2 XGBoost,esm2_1136,0.001133028583617838,0.00044715276672167636,0.001448696586573215,524.0,161.0,3,0,0,0,False,False,124
ESM-2 XGBoost,esm2_0061,0.0011329594125993583,0.0,0.0024493069833574684,226.8,278.0,2,0,0,1,False,False,125
ESM-2 XGBoost,esm2_0798,0.001122440274673606,0.0003698150514082889,0.0014029312283755444,271.8,163.0,4,0,0,0,False,False,126
ESM-2 XGBoost,esm2_1178,0.0011064098894799403,0.0,0.0024740077238551757,964.2,1198.0,1,0,0,1,False,False,127
ESM-2 XGBoost,esm2_1180,0.0011040120970141672,0.0014377518251370725,0.0009763873465230703,327.6,92.0,4,0,0,0,False,False,128
ESM-2 XGBoost,esm2_0218,0.001100488726796117,0.0,0.0023896490523330313,303.4,401.0,2,0,1,1,False,False,129
ESM-2 XGBoost,esm2_0527,0.0010956369048014155,0.0,0.0015182915849947488,430.6,663.0,2,0,0,0,False,False,130
ESM-2 XGBoost,esm2_0368,0.0010747743398956432,0.0,0.0024032684844791223,439.8,535.0,1,0,0,1,False,False,131
ESM-2 XGBoost,esm2_0466,0.0010664690750445984,0.0,0.001717377019833585,399.0,614.0,2,0,0,1,False,False,132
ESM-2 XGBoost,esm2_0876,0.0010650742696325364,0.0006327483521113518,0.0015767431243484428,436.4,138.0,3,0,0,1,False,False,133
ESM-2 XGBoost,esm2_0832,0.0010579448127315694,0.001349450763613649,0.0005729026795259996,111.2,98.0,5,0,0,0,False,False,134
ESM-2 XGBoost,esm2_0673,0.0010493814694767147,0.0,0.0023464883000785548,640.4,788.0,1,0,1,1,False,False,135
ESM-2 XGBoost,esm2_0076,0.001042318471248016,0.0004472961200093167,0.00157342801046151,181.6,130.0,3,0,0,1,False,False,136
ESM-2 XGBoost,esm2_0487,0.001039982678121987,0.00046791758122743417,0.0014639170023184214,312.4,126.0,3,0,0,0,False,False,137
ESM-2 XGBoost,esm2_0222,0.001030253662410705,0.0006786469805489158,0.001391021667720885,221.4,129.0,3,0,0,0,False,False,138
ESM-2 XGBoost,esm2_0649,0.0010270488116096645,5.781185010797324e-05,0.0018268249844150361,287.4,248.0,4,0,0,1,False,False,139
ESM-2 XGBoost,esm2_0389,0.0010269875455957824,2.0095535623823387e-05,0.0017515141207690764,305.6,266.0,3,0,0,1,False,False,140
ESM-2 XGBoost,esm2_0336,0.0010188760048436985,0.001406265982138617,0.000896088241651733,199.4,94.0,4,0,0,0,False,False,141
ESM-2 XGBoost,esm2_0198,0.0010148472289572593,0.0,0.002269267390725725,329.4,401.0,1,0,0,1,False,False,142
ESM-2 XGBoost,esm2_0034,0.0010085242303221656,0.0,0.001697117829842359,193.2,256.0,2,0,0,1,False,False,143
ESM-2 XGBoost,esm2_0337,0.0010043173106283033,0.0,0.002044013421271917,350.0,511.0,2,0,0,1,False,False,144
ESM-2 XGBoost,esm2_0027,0.0009961681722574964,0.0,0.002227499750189482,224.4,272.0,1,0,0,1,False,False,145
ESM-2 XGBoost,esm2_0159,0.0009916122979236595,0.0,0.0022173125054820763,306.2,376.0,1,0,0,1,False,False,146
ESM-2 XGBoost,esm2_0133,0.0009735045695557297,0.0,0.0015630154845553278,241.8,333.0,2,0,0,1,False,False,147
ESM-2 XGBoost,esm2_0050,0.0009696270124323486,0.0,0.0016151657251646688,203.2,269.0,2,0,0,1,False,False,148
ESM-2 XGBoost,esm2_0135,0.0009682059827179892,0.0,0.0014707677193315635,239.4,335.0,2,0,0,1,False,False,149
ESM-2 XGBoost,esm2_1087,0.0009543686852131557,4.232745426731789e-05,0.0020268665533786814,546.0,228.0,3,0,0,1,False,False,150
ESM-2 XGBoost,esm2_0230,0.0009532456791813722,0.0,0.0013344369974622756,283.8,411.0,2,0,0,0,False,False,151
ESM-2 XGBoost,esm2_0760,0.0009470014466536909,0.0,0.001394950521091938,543.0,855.0,2,0,0,1,False,False,152
ESM-2 XGBoost,esm2_0414,0.0009363610196353584,0.0,0.0020937668913856766,472.6,576.0,1,0,0,1,False,False,153
ESM-2 XGBoost,esm2_0073,0.0009175953116209695,0.0,0.001750880096430149,226.4,310.0,2,0,0,1,False,False,154
ESM-2 XGBoost,esm2_0082,0.0009044000730082132,0.0,0.0020223000421021376,269.0,324.0,1,0,0,1,False,False,155
ESM-2 XGBoost,esm2_0011,0.0008992642293331396,0.0,0.0012784672299850747,188.4,239.0,2,0,0,0,False,False,156
ESM-2 XGBoost,esm2_1279,0.0008980243418292295,0.0,0.0016988213187505092,803.4,1279.0,2,0,0,1,False,False,157
ESM-2 XGBoost,esm2_0154,0.0008951707558993241,0.0011940424243400767,0.0008872075128365039,196.8,105.0,3,0,0,0,False,False,158
ESM-2 XGBoost,esm2_1261,0.0008677255469165663,0.0008419347887959134,0.0005535156823826676,123.4,102.0,5,0,0,0,False,False,159
ESM-2 XGBoost,esm2_0240,0.0008640933084088254,0.0,0.0019321713765048244,358.8,431.0,1,0,0,1,False,False,160
ESM-2 XGBoost,esm2_1055,0.0008588050710899729,0.0009224384925858458,0.0008518577452631844,493.4,94.0,3,0,0,0,False,False,161
ESM-2 XGBoost,esm2_0504,0.000849296386288258,0.0,0.001899084452785465,534.0,656.0,1,0,0,1,False,False,162
ESM-2 XGBoost,esm2_0607,0.0008305374028188073,0.0005779094106351431,0.0010589351511068033,249.8,126.0,4,0,0,0,False,False,163
ESM-2 XGBoost,esm2_0558,0.0008227763919594772,0.0,0.0011267865125971844,455.2,703.0,2,0,0,0,False,False,164
ESM-2 XGBoost,esm2_1041,0.0008147276583831357,0.0,0.0013605092457189244,685.8,1089.0,2,0,0,0,False,False,165
ESM-2 XGBoost,esm2_0020,0.0008106375484675207,0.0,0.0018126406634871566,226.6,269.0,1,0,0,1,False,False,166
ESM-2 XGBoost,esm2_1251,0.0008070143547113164,0.0,0.0017717057310406075,813.4,1257.0,2,0,0,1,False,False,167
ESM-2 XGBoost,esm2_0534,0.0008061215296614065,0.0,0.0018025425384490179,556.8,683.0,1,0,0,1,False,False,168
ESM-2 XGBoost,esm2_1039,0.0007920141851421536,7.163689368776979e-05,0.0015429416310970261,517.6,213.0,3,0,0,1,False,False,169
ESM-2 XGBoost,esm2_0680,0.0007612220174782745,0.0,0.0015999475321441814,523.6,795.0,2,0,0,1,False,False,170
ESM-2 XGBoost,esm2_0291,0.0007556671278006813,0.00012049456329261897,0.001444353154864965,280.6,226.0,3,0,0,1,False,False,171
ESM-2 XGBoost,esm2_0287,0.0007554375820335733,7.194171169408403e-05,0.0016018876692968714,294.0,255.0,3,0,0,1,False,False,172
ESM-2 XGBoost,esm2_1118,0.0007534241785183809,0.0007720006242948147,0.00047179215295897585,317.4,120.0,4,0,0,0,False,False,173
ESM-2 XGBoost,esm2_0129,0.0007176084233305988,0.0,0.001604621215793665,293.0,360.0,1,0,0,1,False,False,174
ESM-2 XGBoost,esm2_1078,0.0007056680472707578,0.0,0.0015779217232469492,904.4,1119.0,1,0,0,1,False,False,175
ESM-2 XGBoost,esm2_1125,0.0006963891280701822,0.00019093655326918795,0.0010294465018942534,534.4,180.0,3,0,0,0,False,False,176
ESM-2 XGBoost,esm2_1140,0.0006942560978030726,0.0,0.0015524038284814125,943.4,1166.0,1,0,0,0,False,False,177
ESM-2 XGBoost,esm2_0229,0.0006859834078901809,0.00011863166762940607,0.001038677843055,256.0,208.0,3,0,0,0,False,False,178
ESM-2 XGBoost,esm2_0412,0.0006694836847199469,0.0,0.0014970110288608385,475.2,575.0,1,0,0,0,False,False,179
ESM-2 XGBoost,esm2_0519,0.000667735496796639,0.00012218219862425992,0.001289301281652717,360.8,224.0,3,0,0,0,False,False,180
ESM-2 XGBoost,esm2_0363,0.0006652705145615995,0.0005683074976625033,0.000765690140627582,279.2,119.0,3,0,0,0,False,False,181
ESM-2 XGBoost,esm2_0224,0.0006605947968088735,0.0,0.0009257275717011904,286.0,406.0,2,0,0,0,False,False,182
ESM-2 XGBoost,esm2_0391,0.000657660406958978,0.0,0.0014705733760704506,461.8,562.0,1,0,0,1,False,False,183
ESM-2 XGBoost,esm2_0640,0.0006511063344490587,0.0,0.0014559180244088081,626.6,768.0,1,0,0,1,False,False,184
ESM-2 XGBoost,esm2_0063,0.0006498009619604054,0.0,0.0014529991227882214,259.0,308.0,1,0,0,1,False,False,185
ESM-2 XGBoost,esm2_0452,0.0006481958687605409,5.956078032712992e-05,0.001373031826215377,353.0,269.0,3,0,0,1,False,False,186
ESM-2 XGBoost,esm2_1240,0.000642321113937796,0.0,0.0014362736741482995,1010.8,1249.0,1,0,0,0,False,False,187
ESM-2 XGBoost,esm2_0488,0.0006401361179588416,0.0,0.0010884797819770782,424.2,642.0,2,0,0,0,False,False,188
ESM-2 XGBoost,esm2_0921,0.0006389177717678013,0.0,0.0014286635697054995,800.2,988.0,1,0,0,1,False,False,189
ESM-2 XGBoost,esm2_0141,0.0006364919289038994,0.00035970228492662016,0.0008490070301936074,183.2,170.0,4,0,0,0,False,False,190
ESM-2 XGBoost,esm2_0740,0.0006324174811867886,0.00025444720471714806,0.000705150623227103,279.0,171.0,4,0,0,0,False,False,191
ESM-2 XGBoost,esm2_0018,0.0006320674944804396,0.0002939644171216738,0.0006624086388084534,161.8,165.0,4,0,0,0,False,False,192
ESM-2 XGBoost,esm2_0661,0.0006294253319112939,0.0,0.0010636630163850533,513.4,775.0,2,0,0,0,False,False,193
ESM-2 XGBoost,esm2_0951,0.0006144693139963312,0.0,0.0013739951561834594,818.8,1011.0,1,0,0,1,False,False,194
ESM-2 XGBoost,esm2_0946,0.0006007201419887113,0.0,0.001343251072940084,821.0,1008.0,1,0,0,0,False,False,195
ESM-2 XGBoost,esm2_1221,0.0006005315798443586,0.0004034017369254701,0.0006959314187736868,163.2,143.0,5,0,0,0,False,False,196
ESM-2 XGBoost,esm2_0275,0.0005918171679719238,0.0001439305956225432,0.0008889590469958227,264.8,199.0,3,0,0,0,False,False,197
ESM-2 XGBoost,esm2_0397,0.0005915122288586625,0.0,0.001322661553250382,466.2,561.0,1,0,0,0,False,False,198
ESM-2 XGBoost,esm2_1254,0.0005905649830133656,0.0,0.001320543447148894,1018.0,1260.0,1,0,0,1,False,False,199
ESM-2 XGBoost,esm2_0341,0.0005834236729421679,0.0,0.0013045749923812921,430.6,515.0,1,0,0,0,False,False,200
ESM-2 XGBoost,esm2_0365,0.0005830709132762315,0.0,0.0013037861977885383,446.8,546.0,1,0,0,0,False,False,201
ESM-2 XGBoost,esm2_0893,0.0005810435393170204,0.0,0.0012992528517999293,786.6,965.0,1,0,0,0,False,False,202
ESM-2 XGBoost,esm2_0980,0.0005738541404910725,0.0,0.0012831768673077525,845.8,1037.0,1,0,0,0,False,False,203
ESM-2 XGBoost,esm2_1019,0.0005737746934195378,0.0,0.0012829992182551877,869.8,1072.0,1,0,0,0,False,False,204
ESM-2 XGBoost,esm2_1119,0.0005712371483268515,4.775356858091258e-05,0.0009568352292169028,556.4,273.0,3,0,0,0,False,False,205
ESM-2 XGBoost,esm2_1141,0.0005660462915095875,0.00029676819739687433,0.0009017396708556445,542.0,151.0,3,0,0,0,False,False,206
ESM-2 XGBoost,esm2_0424,0.0005567967285620946,0.0002483177856777355,0.000745523357634068,166.8,182.0,5,0,0,0,False,False,207
ESM-2 XGBoost,esm2_1162,0.0005563397298078346,0.0,0.0009414634327613107,751.4,1183.0,2,0,0,0,False,False,208
ESM-2 XGBoost,esm2_0106,0.0005562234869285144,0.0001783053761916768,0.0008919947326968879,221.6,213.0,3,0,0,0,False,False,209
ESM-2 XGBoost,esm2_0770,0.0005543978899777335,0.00033097432593649057,0.0006115893156264701,288.4,160.0,4,0,0,0,False,False,210
ESM-2 XGBoost,esm2_0875,0.0005523529579721817,0.0,0.0012350987615988827,778.0,951.0,1,0,0,0,False,False,211
ESM-2 XGBoost,esm2_0237,0.0005510241557454283,0.0,0.0012321274694912091,365.6,444.0,1,0,0,0,False,False,212
ESM-2 XGBoost,esm2_0585,0.0005464343935134531,0.00036091466040534504,0.000529555771540907,257.2,143.0,4,0,0,0,False,False,213
ESM-2 XGBoost,esm2_0086,0.0005449220062231162,0.0,0.0010187243461969432,238.4,327.0,2,0,0,1,False,False,214
ESM-2 XGBoost,esm2_0917,0.0005411564730846155,0.0005814601511970092,0.0003774044531858071,303.8,145.0,4,0,0,0,False,False,215
ESM-2 XGBoost,esm2_1158,0.0005362092142044142,0.0,0.0009164948754436926,748.6,1180.0,2,0,0,0,False,False,216
ESM-2 XGBoost,esm2_0697,0.0005356814904995226,0.0,0.0011978202270453403,666.8,814.0,1,0,0,0,False,False,217
ESM-2 XGBoost,esm2_1154,0.0005295725416967479,0.0,0.001006317990844812,751.4,1176.0,2,0,0,0,False,False,218
ESM-2 XGBoost,esm2_0670,0.000523583240332111,0.0,0.0008453650696772297,515.0,784.0,2,0,0,0,False,False,219
ESM-2 XGBoost,esm2_0395,0.0005205770056153084,0.0,0.0009471587490113932,383.0,548.0,2,0,0,0,False,False,220
ESM-2 XGBoost,esm2_0532,0.000516214610040042,6.84927444689146e-05,0.0010004944731337006,368.0,217.0,3,0,0,0,False,False,221
ESM-2 XGBoost,esm2_1103,0.0005148492508175726,0.0,0.0010895262207291756,739.2,1135.0,2,0,0,0,False,False,222
ESM-2 XGBoost,esm2_0081,0.0004889501711605101,0.0003284484122317625,0.0004925728053210797,184.0,145.0,4,0,0,0,False,False,223
ESM-2 XGBoost,esm2_1105,0.00048339810393359134,0.0,0.0010809110205900186,926.0,1142.0,1,0,0,0,False,False,224
ESM-2 XGBoost,esm2_0850,0.00048298685301218283,0.0,0.00107999143557394,757.2,929.0,1,0,0,1,False,False,225
ESM-2 XGBoost,esm2_0084,0.0004760602375377415,0.0,0.001064503052519087,267.0,317.0,1,0,0,0,False,False,226
ESM-2 XGBoost,esm2_0390,0.0004743305192438085,0.0,0.0010606352848319279,462.8,555.0,1,0,0,0,False,False,227
ESM-2 XGBoost,esm2_0012,0.0004717387465862576,0.0,0.001054839904987419,226.6,275.0,1,0,0,1,False,False,228
ESM-2 XGBoost,esm2_0301,0.0004685851651986792,0.0,0.0010477882826322156,404.8,482.0,1,0,0,0,False,False,229
ESM-2 XGBoost,esm2_0164,0.0004582819520225452,0.00041368145700186343,0.0005667885125924335,226.0,164.0,3,0,0,0,False,False,230
ESM-2 XGBoost,esm2_0074,0.0004522773009097895,0.0,0.0010113227895144168,269.4,318.0,1,0,0,0,False,False,231
ESM-2 XGBoost,esm2_0261,0.00044840245078403855,0.00011527340171747472,0.0008042896778066346,239.0,221.0,4,0,0,0,False,False,232
ESM-2 XGBoost,esm2_1230,0.00044753780959757493,0.0,0.000948602931271598,801.8,1239.0,2,0,0,0,False,False,233
ESM-2 XGBoost,esm2_0844,0.000447271112960376,0.0,0.0010001286129513879,758.2,923.0,1,0,0,0,False,False,234
ESM-2 XGBoost,esm2_0342,0.00043393377755969535,0.0,0.0009703054243567515,431.8,529.0,1,0,0,0,False,False,235
ESM-2 XGBoost,esm2_0120,0.00043282962117706684,0.0,0.0008646685633378603,261.6,321.0,2,0,0,0,False,False,236
ESM-2 XGBoost,esm2_0032,0.0004283289244918229,0.0,0.0009577725918930905,238.6,276.0,1,0,0,0,False,False,237
ESM-2 XGBoost,esm2_0727,0.0004244493192772495,0.0005663984644610879,0.0003065300039675164,167.6,144.0,5,0,0,0,False,False,238
ESM-2 XGBoost,esm2_0674,0.0004212900978111733,0.0,0.0005769558276521787,518.4,788.0,2,0,0,0,False,False,239
ESM-2 XGBoost,esm2_0144,0.0004148030275268037,0.0,0.0009275277668226496,308.6,364.0,1,0,0,0,False,False,240
ESM-2 XGBoost,esm2_0170,0.0004130559781726261,0.00019073968741683222,0.00050361621295428,209.4,181.0,4,0,0,0,False,False,241
ESM-2 XGBoost,esm2_0169,0.00041262171115565,0.0,0.000721903112479491,278.8,360.0,2,0,0,0,False,False,242
ESM-2 XGBoost,esm2_0163,0.00041006941493209264,0.0,0.0006828100542341747,277.4,386.0,2,0,0,0,False,False,243
ESM-2 XGBoost,esm2_0508,0.00040814513418776474,0.00021439712912901915,0.0006176331268453817,353.4,175.0,3,0,0,0,False,False,244
ESM-2 XGBoost,esm2_0083,0.00040578385091049826,0.0,0.0009073602748075139,276.6,325.0,1,0,0,0,False,False,245
ESM-2 XGBoost,esm2_0731,0.00040412390993203407,0.0,0.0009036485339410306,687.8,840.0,1,0,0,0,False,False,246
ESM-2 XGBoost,esm2_1182,0.0004033097939401607,0.0,0.000901828115241632,977.0,1201.0,1,0,0,0,False,False,247
ESM-2 XGBoost,esm2_1107,0.00040055206265968564,0.0003399484727714322,0.00011689640918711522,157.0,161.0,5,0,0,0,False,False,248
ESM-2 XGBoost,esm2_1046,0.00040018170545474225,0.0,0.0005502329617497133,693.8,1089.0,2,0,0,0,False,False,249
ESM-2 XGBoost,esm2_0217,0.00039638451715093455,0.0,0.0008863427255779208,353.6,415.0,1,0,0,0,False,False,250
ESM-2 XGBoost,esm2_0181,0.00039574821858236967,6.902127209287396e-05,0.0007681196917629441,262.8,216.0,3,0,0,0,False,False,251
ESM-2 XGBoost,esm2_0258,0.00038851024671839333,0.00012248936037780793,0.0007310523536013713,283.4,225.0,3,0,0,0,False,False,252
ESM-2 XGBoost,esm2_0312,0.000386618812486854,0.0,0.00055576524641355,344.0,482.0,2,0,0,0,False,False,253
ESM-2 XGBoost,esm2_0199,0.00038549464266084165,0.0,0.0008619922259516323,341.4,402.0,1,0,0,0,False,False,254
ESM-2 XGBoost,esm2_0031,0.00038405943765240164,0.00015296320533182066,0.0004358468404224074,184.8,219.0,5,0,0,0,False,False,255
ESM-2 XGBoost,esm2_0776,0.00038201366791406895,0.0,0.0007256157659293215,574.8,868.0,2,0,0,0,False,False,256
ESM-2 XGBoost,esm2_0468,0.0003796836988788567,0.0,0.0008489985606416843,517.6,624.0,1,0,0,0,False,False,257
ESM-2 XGBoost,esm2_0543,0.0003782210677504943,0.00028097722091075347,0.0002245359925374569,162.2,163.0,5,0,0,0,False,False,258
ESM-2 XGBoost,esm2_0419,0.0003758967684255406,0.0,0.0008405307267220054,485.6,581.0,1,0,0,0,False,False,259
ESM-2 XGBoost,esm2_1173,0.0003743944006828777,0.0,0.0005639115826986155,764.4,1191.0,2,0,0,0,False,False,260
ESM-2 XGBoost,esm2_0131,0.00037201435150872837,0.0,0.0006662824225212786,263.4,331.0,2,0,0,0,False,False,261
ESM-2 XGBoost,esm2_0324,0.000371061585586619,0.0002817292052054849,0.0003137516816232239,175.6,186.0,5,0,0,0,False,False,262
ESM-2 XGBoost,esm2_0321,0.0003687909298716398,0.00018872596590752074,0.0004566976963104708,242.8,207.0,4,0,0,0,False,False,263
ESM-2 XGBoost,esm2_1133,0.0003684835510201325,0.00017141787425562069,0.0005520186797827358,559.0,211.0,3,0,0,0,False,False,264
ESM-2 XGBoost,esm2_0008,0.00036711680968804606,0.0,0.0008208981421453244,229.2,265.0,1,0,0,0,False,False,265
ESM-2 XGBoost,esm2_1250,0.0003660534052126644,0.0,0.0007888729346388966,816.0,1256.0,2,0,0,0,False,False,266
ESM-2 XGBoost,esm2_1232,0.00036055904488638344,0.0,0.0008062345342683513,1008.0,1241.0,1,0,0,0,False,False,267
ESM-2 XGBoost,esm2_0064,0.0003594494368726399,0.0,0.0008037533753212423,260.4,301.0,1,0,0,0,False,False,268
ESM-2 XGBoost,esm2_0741,0.00035861230377034163,0.0,0.000801881488798288,691.4,840.0,1,0,0,0,False,False,269
ESM-2 XGBoost,esm2_0228,0.0003519848669360879,0.0,0.0005527149317150319,306.0,410.0,2,0,0,0,False,False,270
ESM-2 XGBoost,esm2_0563,0.00034463744251397394,0.0,0.0007706327490529217,578.6,697.0,1,0,0,0,False,False,271
ESM-2 XGBoost,esm2_1275,0.0003437322388759979,0.0,0.0007544078765810955,830.8,1275.0,2,0,0,0,False,False,272
ESM-2 XGBoost,esm2_0374,0.00034020055431974405,0.0,0.0005200837675763467,375.2,532.0,2,0,0,0,False,False,273
ESM-2 XGBoost,esm2_1124,0.00033890491700599827,0.0,0.0007578144323343365,941.6,1155.0,1,0,0,0,False,False,274
ESM-2 XGBoost,esm2_1090,0.0003387719231350379,0.0,0.0007575170489982784,922.8,1129.0,1,0,0,0,False,False,275
ESM-2 XGBoost,esm2_0140,0.0003359882716098655,0.0,0.0007151756255033268,290.4,362.0,2,0,0,0,False,False,276
ESM-2 XGBoost,esm2_0755,0.0003332432604221185,0.00015650728908210467,0.0003862995324482249,306.8,212.0,4,0,0,0,False,False,277
ESM-2 XGBoost,esm2_0485,0.00032939196940369664,0.0,0.0007365428348291965,530.8,640.0,1,0,0,0,False,False,278
ESM-2 XGBoost,esm2_0638,0.00032768293531739107,0.0002711395257992969,0.0002931083230505472,280.0,171.0,4,0,0,0,False,False,279
ESM-2 XGBoost,esm2_1218,0.0003270588924011421,0.0,0.0006581905327371541,798.0,1231.0,2,0,0,0,False,False,280
ESM-2 XGBoost,esm2_0655,0.00032421949477536005,0.0,0.000632727513599203,529.4,770.0,2,0,0,0,False,False,281
ESM-2 XGBoost,esm2_1134,0.0003237696779690269,0.000313437980231699,0.00033578551655984417,544.4,147.0,3,0,0,0,False,False,282
ESM-2 XGBoost,esm2_0253,0.0003210958852620894,0.0,0.0007179922267415048,377.4,443.0,1,0,0,0,False,False,283
ESM-2 XGBoost,esm2_0325,0.0003148365707109723,0.0,0.0004913640851722179,352.6,515.0,2,0,0,0,False,False,284
ESM-2 XGBoost,esm2_0732,0.00030920134643391866,0.0,0.0006913952293607043,693.0,841.0,1,0,0,0,False,False,285
ESM-2 XGBoost,esm2_1159,0.00030917218812551205,0.00026641093115677817,0.0003999752117414625,566.4,191.0,3,0,0,0,False,False,286
ESM-2 XGBoost,esm2_0707,0.0003044292421591938,0.0,0.0004174019772132359,545.2,813.0,2,0,0,0,False,False,287
ESM-2 XGBoost,esm2_0048,0.0002994095981185841,0.0,0.0006695002145090473,256.4,297.0,1,0,0,0,False,False,288
ESM-2 XGBoost,esm2_0878,0.00029591154624593726,0.0,0.0006616783327329884,778.6,953.0,1,0,0,0,False,False,289
ESM-2 XGBoost,esm2_0028,0.0002957716559334118,0.0,0.000532891547077213,222.8,251.0,2,0,0,0,False,False,290
ESM-2 XGBoost,esm2_1168,0.00029485099265261466,0.0,0.0004057006045545256,761.8,1188.0,2,0,0,0,False,False,291
ESM-2 XGBoost,esm2_0007,0.0002924744450584162,0.0,0.000653992740832146,227.4,264.0,1,0,0,0,False,False,292
ESM-2 XGBoost,esm2_0913,0.0002900955576394708,0.0,0.0006486733868525652,808.0,983.0,1,0,0,0,False,False,293
ESM-2 XGBoost,esm2_0103,0.00028872226064250215,0.0,0.000645602601414047,292.4,342.0,1,0,0,0,False,False,294
ESM-2 XGBoost,esm2_0797,0.0002849789164268954,0.0,0.0006372322292847695,730.8,885.0,1,0,0,0,False,False,295
ESM-2 XGBoost,esm2_0792,0.0002829076668118282,0.00037258989209472534,0.00026563668575950563,437.4,149.0,3,0,0,0,False,False,296
ESM-2 XGBoost,esm2_0281,0.00028262717745873085,0.0,0.0004372376402943492,340.0,467.0,2,0,0,0,False,False,297
ESM-2 XGBoost,esm2_0403,0.00027882851012193683,0.0,0.00058023263758247,409.4,555.0,2,0,0,0,False,False,298
ESM-2 XGBoost,esm2_0688,0.0002750814833962391,0.00011911634823101701,0.0003392017784040854,413.0,207.0,3,0,0,0,False,False,299
ESM-2 XGBoost,esm2_0874,0.00027491650975608624,0.0,0.000614732003951593,783.4,950.0,1,0,0,0,False,False,300
ESM-2 XGBoost,esm2_0295,0.0002693571177339963,0.0,0.00036895006901454006,342.0,477.0,2,0,0,0,False,False,301
ESM-2 XGBoost,esm2_1073,0.00026692318655887595,0.0,0.0005968583899165048,914.4,1116.0,1,0,0,0,False,False,302
ESM-2 XGBoost,esm2_0547,0.0002660330957820295,0.0,0.00038557478756717165,468.6,695.0,2,0,0,0,False,False,303
ESM-2 XGBoost,esm2_0977,0.0002642304661889166,0.0,0.0005908372841248773,847.4,1033.0,1,0,0,0,False,False,304
ESM-2 XGBoost,esm2_1122,0.00026295166298430324,0.0,0.000497653101086853,751.2,1151.0,2,0,0,0,False,False,305
ESM-2 XGBoost,esm2_0726,0.00026127696122683257,0.00010820023187956664,0.000333601891813821,437.4,241.0,3,0,0,0,False,False,306
ESM-2 XGBoost,esm2_0319,0.000260008331894691,0.0,0.0005813963048328557,422.0,498.0,1,0,0,0,False,False,307
ESM-2 XGBoost,esm2_0331,0.00025915895472681757,0.0,0.0005794970397469544,432.8,521.0,1,0,0,0,False,False,308
ESM-2 XGBoost,esm2_1199,0.00025785962594176585,0.0,0.0005765916522584567,994.4,1216.0,1,0,0,0,False,False,309
ESM-2 XGBoost,esm2_0578,0.00025645697414126273,0.0,0.0005734552274837692,590.2,710.0,1,0,0,0,False,False,310
ESM-2 XGBoost,esm2_1259,0.0002519868357735786,0.0,0.0004121167029242055,817.0,1264.0,2,0,0,0,False,False,311
ESM-2 XGBoost,esm2_1167,0.00025118759033683664,0.0,0.000561672527097536,970.4,1187.0,1,0,0,0,False,False,312
ESM-2 XGBoost,esm2_1114,0.0002511146234171429,0.0,0.0005615093681049921,937.4,1148.0,1,0,0,0,False,False,313
ESM-2 XGBoost,esm2_0188,0.00025080447022757837,0.0,0.0005608158444896874,337.2,393.0,1,0,0,0,False,False,314
ESM-2 XGBoost,esm2_0277,0.000250235246134982,0.00022562718897608532,0.0002675983173959602,280.4,191.0,3,0,0,0,False,False,315
ESM-2 XGBoost,esm2_0654,0.0002485259189787585,0.0,0.00046502188100593946,525.8,769.0,2,0,0,0,False,False,316
ESM-2 XGBoost,esm2_0966,0.00024128184741344688,0.0,0.00037486865208204693,678.6,1026.0,2,0,0,0,False,False,317
ESM-2 XGBoost,esm2_0938,0.00024042512235061724,0.0002298509736758362,7.353812142173727e-05,185.8,188.0,5,0,0,0,False,False,318
ESM-2 XGBoost,esm2_0900,0.0002370921103784457,0.0,0.00035118096453890896,639.4,970.0,2,0,0,0,False,False,319
ESM-2 XGBoost,esm2_0054,0.0002368037866497764,0.00023887821719666103,0.00016160196905440867,201.0,185.0,4,0,0,0,False,False,320
ESM-2 XGBoost,esm2_0611,0.0002361774237458109,0.0,0.00044947824930371906,505.6,731.0,2,0,0,0,False,False,321
ESM-2 XGBoost,esm2_0692,0.0002320503082809115,0.0,0.0004459909267213563,546.6,800.0,2,0,0,0,False,False,322
ESM-2 XGBoost,esm2_0022,0.00023023526511846637,0.0,0.00043574772602686715,227.0,247.0,2,0,0,0,False,False,323
ESM-2 XGBoost,esm2_0302,0.00022855295890840104,0.0,0.0005110599525779008,412.2,483.0,1,0,0,0,False,False,324
ESM-2 XGBoost,esm2_0065,0.0002269253968848361,0.0,0.0005074206132556125,264.8,302.0,1,0,0,0,False,False,325
ESM-2 XGBoost,esm2_0266,0.00022638235891835222,0.0,0.0004706653616575414,346.2,441.0,2,0,0,0,False,False,326
ESM-2 XGBoost,esm2_0956,0.00022569330792691645,0.0,0.0005046655785913773,830.6,1016.0,1,0,0,0,False,False,327
ESM-2 XGBoost,esm2_0038,0.00022561935316204232,0.0,0.00038282879110324323,226.0,259.0,2,0,0,0,False,False,328
ESM-2 XGBoost,esm2_0576,0.00022537065399616052,0.0,0.0005039441024689995,589.6,708.0,1,0,0,0,False,False,329
ESM-2 XGBoost,esm2_0358,0.0002249747260880996,0.0,0.00036789655315452993,380.0,518.0,2,0,0,0,False,False,330
ESM-2 XGBoost,esm2_0143,0.00022454134606460685,0.0,0.00044766453207752127,284.2,371.0,2,0,0,0,False,False,331
ESM-2 XGBoost,esm2_1080,0.00022254481144857725,0.00022751691842025443,0.00010295983794415493,189.0,189.0,5,0,0,0,False,False,332
ESM-2 XGBoost,esm2_0979,0.00022221760877911152,0.0,0.0004968936790275474,849.6,1035.0,1,0,0,0,False,False,333
ESM-2 XGBoost,esm2_0100,0.0002218980545689117,0.0,0.00030405483897176104,256.4,331.0,2,0,0,0,False,False,334
ESM-2 XGBoost,esm2_0551,0.00022119501675095326,0.0,0.0004946070937393362,573.6,688.0,1,0,0,0,False,False,335
ESM-2 XGBoost,esm2_0380,0.00022065370009055973,0.0,0.0003162883961933588,387.6,536.0,2,0,0,0,False,False,336
ESM-2 XGBoost,esm2_0895,0.00021947393929977306,2.6416057445648325e-05,0.0004050823596372691,506.0,282.0,3,0,0,0,False,False,337
ESM-2 XGBoost,esm2_0433,0.00021562944592164488,0.0,0.0004821620990314128,497.4,593.0,1,0,0,0,False,False,338
ESM-2 XGBoost,esm2_1224,0.0002147614298370931,0.0,0.0002943989328737171,796.6,1235.0,2,0,0,0,False,False,339
ESM-2 XGBoost,esm2_1234,0.00021454296787659584,0.0,0.000479732660266622,1015.4,1243.0,1,0,0,0,False,False,340
ESM-2 XGBoost,esm2_0080,0.0002140711720746253,0.0,0.00047867769278191685,273.6,314.0,1,0,0,0,False,False,341
ESM-2 XGBoost,esm2_0981,0.00021343324515994602,0.0,0.0004312954473068325,686.8,1034.0,2,0,0,0,False,False,342
ESM-2 XGBoost,esm2_1184,0.0002125898183740058,0.0,0.0004753652852086108,979.6,1202.0,1,0,0,0,False,False,343
ESM-2 XGBoost,esm2_0983,0.00021213493113106,0.0,0.0004743481264112865,855.4,1039.0,1,0,0,0,False,False,344
ESM-2 XGBoost,esm2_0873,0.0002096562959207058,0.0,0.00046880572958951004,786.2,949.0,1,0,0,0,False,False,345
ESM-2 XGBoost,esm2_1169,0.00020946503519849507,0.0,0.0004344485322108724,784.2,1189.0,2,0,0,0,False,False,346
ESM-2 XGBoost,esm2_1084,0.00020899372378928427,0.0,0.00041050966749698193,740.2,1119.0,2,0,0,0,False,False,347
ESM-2 XGBoost,esm2_0233,0.00020876506110430775,3.479081358652547e-05,0.00027312117674168875,281.6,263.0,3,0,0,0,False,False,348
ESM-2 XGBoost,esm2_0904,0.00020817362442062648,0.0,0.0004654903753270311,805.0,976.0,1,0,0,0,False,False,349
ESM-2 XGBoost,esm2_0393,0.00020758825185930317,0.0,0.00046418144248774895,468.8,564.0,1,0,0,0,False,False,350
ESM-2 XGBoost,esm2_0385,0.00020701048620902756,0.0,0.00028347320579086673,392.8,541.0,2,0,0,0,False,False,351
ESM-2 XGBoost,esm2_0471,0.00020260920220206282,0.0,0.00045304794899081257,526.2,628.0,1,0,0,0,False,False,352
ESM-2 XGBoost,esm2_0704,0.00020128887063241028,0.0,0.0004500955978482305,678.4,814.0,1,0,0,0,False,False,353
ESM-2 XGBoost,esm2_0767,0.0001997236016935612,0.0,0.0004465955500978949,714.6,861.0,1,0,0,0,False,False,354
ESM-2 XGBoost,esm2_0633,0.0001966726959902136,0.0,0.0003601203439140103,526.6,751.0,2,0,0,0,False,False,355
ESM-2 XGBoost,esm2_0372,0.00019608648863963293,0.0,0.00027165211376926294,385.6,530.0,2,0,0,0,False,False,356
ESM-2 XGBoost,esm2_0123,0.00019228128564690694,0.0,0.00042995402550753854,303.4,350.0,1,0,0,0,False,False,357
ESM-2 XGBoost,esm2_0684,0.0001917924818881407,0.0,0.00042886102707527984,667.6,803.0,1,0,0,0,False,False,358
ESM-2 XGBoost,esm2_0925,0.00019002745813282408,0.0002086009750183719,0.00021054286749030548,509.0,203.0,3,0,0,0,False,False,359
ESM-2 XGBoost,esm2_0935,0.00018982856450560636,0.0,0.00042446957430573954,827.4,1002.0,1,0,0,0,False,False,360
ESM-2 XGBoost,esm2_0316,0.00018836417389361118,0.0,0.0004211950973517058,426.8,509.0,1,0,0,0,False,False,361
ESM-2 XGBoost,esm2_1048,0.00018477185177400763,0.00013155241372482754,0.00024416422813736675,551.6,221.0,3,0,0,0,False,False,362
ESM-2 XGBoost,esm2_0087,0.0001843444084126442,5.099584879691472e-05,0.0003372791075577725,249.4,272.0,3,0,0,0,False,False,363
ESM-2 XGBoost,esm2_1274,0.00018426544701555004,0.00012490685050571982,0.0002347823452132587,617.8,230.0,3,0,0,0,False,False,364
ESM-2 XGBoost,esm2_0626,0.00018401920074915702,0.0,0.00041147944204029534,626.4,749.0,1,0,0,0,False,False,365
ESM-2 XGBoost,esm2_0568,0.00018381557584120029,0.0,0.0004110241229041919,590.4,701.0,1,0,0,0,False,False,366
ESM-2 XGBoost,esm2_1094,0.0001825962997087977,0.0,0.00040829773858879674,927.2,1133.0,1,0,0,0,False,False,367
ESM-2 XGBoost,esm2_0625,0.00018259331807544868,0.0,0.00040829107145394424,627.4,748.0,1,0,0,0,False,False,368
ESM-2 XGBoost,esm2_0559,0.00018151924544667304,0.0,0.0004058893720432301,581.2,693.0,1,0,0,0,False,False,369
ESM-2 XGBoost,esm2_0155,0.00017946552430175811,0.0,0.0004012971119563716,324.4,372.0,1,0,0,0,False,False,370
ESM-2 XGBoost,esm2_0438,0.00017816804066510546,0.0,0.00039839585034512267,501.4,597.0,1,0,0,0,False,False,371
ESM-2 XGBoost,esm2_0015,0.00017703937953095016,0.00011394838330460657,0.00011853472560811962,208.2,235.0,5,0,0,0,False,False,372
ESM-2 XGBoost,esm2_0002,0.00017552034270055535,0.0,0.00035317794283256244,233.8,263.0,2,0,0,0,False,False,373
ESM-2 XGBoost,esm2_0496,0.00017299913524301274,0.0,0.00038683782645205616,545.6,649.0,1,0,0,0,False,False,374
ESM-2 XGBoost,esm2_0681,0.000172687594289274,0.0,0.00038614119970172114,662.8,796.0,1,0,0,0,False,False,375
ESM-2 XGBoost,esm2_0205,0.0001722481018336298,0.0,0.0003345675954753651,317.8,389.0,2,0,0,0,False,False,376
ESM-2 XGBoost,esm2_0894,0.00016844752775913892,0.0,0.0003766601227112174,801.4,971.0,1,0,0,0,False,False,377
ESM-2 XGBoost,esm2_0478,0.00016813838011730167,0.0,0.0002513549028578162,446.4,624.0,2,0,0,0,False,False,378
ESM-2 XGBoost,esm2_1203,0.00016727981632241054,0.0,0.0002426247249708922,796.0,1217.0,2,0,0,0,False,False,379
ESM-2 XGBoost,esm2_1047,0.00016691456972805173,0.0,0.00037323232434705223,897.8,1095.0,1,0,0,0,False,False,380
ESM-2 XGBoost,esm2_1000,0.00016684855685764126,0.0,0.00037308471508142456,870.4,1055.0,1,0,0,0,False,False,381
ESM-2 XGBoost,esm2_0174,0.0001650277176054556,0.00011734672803385996,0.00014991711369426874,237.2,195.0,4,0,0,0,False,False,382
ESM-2 XGBoost,esm2_0345,0.0001644170932751377,0.00012043862498612182,0.00014529702955656625,264.0,210.0,4,0,0,0,False,False,383
ESM-2 XGBoost,esm2_0317,0.0001621253379891833,0.0,0.000290102850959788,369.8,486.0,2,0,0,0,False,False,384
ESM-2 XGBoost,esm2_0529,0.00016116174755938264,0.0,0.0002843578319145015,474.0,665.0,2,0,0,0,False,False,385
ESM-2 XGBoost,esm2_0672,0.000160293600749274,0.0,0.00035842738763358786,657.0,787.0,1,0,0,0,False,False,386
ESM-2 XGBoost,esm2_0399,0.0001598353694350464,0.00013642082990504554,0.0001101821992408008,271.0,216.0,4,0,0,0,False,False,387
ESM-2 XGBoost,esm2_0953,0.00015966026180555158,0.0,0.00035701119870262663,833.4,1013.0,1,0,0,0,False,False,388
ESM-2 XGBoost,esm2_0705,0.0001593758023392433,0.00013956795798138844,0.0001292862738657533,322.6,213.0,4,0,0,0,False,False,389
ESM-2 XGBoost,esm2_0226,0.0001582071056453075,0.0,0.0003537618427463983,366.2,421.0,1,0,0,0,False,False,390
ESM-2 XGBoost,esm2_0589,0.00015702112117911505,0.0,0.00035110990085973317,605.8,717.0,1,0,0,0,False,False,391
ESM-2 XGBoost,esm2_0161,0.00015686740884836878,0.0,0.0003507661896392046,325.8,377.0,1,0,0,0,False,False,392
ESM-2 XGBoost,esm2_0294,0.00015683698360444235,0.0,0.00021989235040994202,353.0,466.0,2,0,0,0,False,False,393
ESM-2 XGBoost,esm2_0077,0.00015554923326241673,0.0,0.0003478186594227352,275.8,321.0,1,0,0,0,False,False,394
ESM-2 XGBoost,esm2_0777,0.00015401768346264748,0.0,0.000344394009959525,722.6,874.0,1,0,0,0,False,False,395
ESM-2 XGBoost,esm2_0914,0.0001534755088556586,8.942097911400398e-05,0.0001983594448341458,368.6,241.0,4,0,0,0,False,False,396
ESM-2 XGBoost,esm2_0467,0.00015285859728208752,0.0,0.00030363657004003533,447.2,623.0,2,0,0,0,False,False,397
ESM-2 XGBoost,esm2_0789,0.00014968773039850607,0.00012358159690511105,8.646617250645227e-05,211.4,205.0,5,0,0,0,False,False,398
ESM-2 XGBoost,esm2_0562,0.00014923643903575243,0.0,0.0003337028224039456,589.2,696.0,1,0,0,0,False,False,399
ESM-2 XGBoost,esm2_0421,0.000149071422479956,0.0,0.00033333383416777186,495.4,583.0,1,0,0,0,False,False,400
ESM-2 XGBoost,esm2_0406,0.0001485083586706552,0.0,0.00026707774239964795,413.6,558.0,2,0,0,0,False,False,401
ESM-2 XGBoost,esm2_1222,0.0001466363098089009,0.0,0.00032788875670242156,1014.4,1234.0,1,0,0,0,False,False,402
ESM-2 XGBoost,esm2_0019,0.00014561761838070123,7.368842413858762e-05,0.0002273465892497866,230.2,244.0,3,0,0,0,False,False,403
ESM-2 XGBoost,esm2_0552,0.00014512218335247757,0.00016541050200019234,9.336359822908612e-05,300.2,204.0,4,0,0,0,False,False,404
ESM-2 XGBoost,esm2_0252,0.00014424039841932993,0.0,0.00021234529077450413,336.4,442.0,2,0,0,0,False,False,405
ESM-2 XGBoost,esm2_1149,0.000143389143738312,0.00021344592299758766,0.00011421181255367636,401.6,198.0,4,0,0,0,False,False,406
ESM-2 XGBoost,esm2_0293,0.00014266686281757588,0.0,0.00031901280339673686,411.6,476.0,1,0,0,0,False,False,407
ESM-2 XGBoost,esm2_0243,0.0001425740743458864,0.0,0.00019819072004264654,332.4,434.0,2,0,0,0,False,False,408
ESM-2 XGBoost,esm2_0708,0.00014242024317051924,0.00013053110406018777,3.617235145004509e-05,210.8,224.0,5,0,0,0,False,False,409
ESM-2 XGBoost,esm2_0098,0.00014025804869146415,0.0,0.00031362653126558926,292.8,329.0,1,0,0,0,False,False,410
ESM-2 XGBoost,esm2_1241,0.00014021733453696076,0.0,0.0002312166412193969,815.8,1249.0,2,0,0,0,False,False,411
ESM-2 XGBoost,esm2_0778,0.00014010538315004504,0.00015572724270720582,0.00013976279258545496,463.0,215.0,3,0,0,0,False,False,412
ESM-2 XGBoost,esm2_0852,0.00013815736138901894,0.0,0.00022155395338089806,633.0,931.0,2,0,0,0,False,False,413
ESM-2 XGBoost,esm2_1101,0.00013814205779897275,0.0,0.00030889503179020806,933.6,1138.0,1,0,0,0,False,False,414
ESM-2 XGBoost,esm2_1003,0.0001369382246560854,8.80344013512049e-05,0.00010868240243718408,217.4,217.0,5,0,0,0,False,False,415
ESM-2 XGBoost,esm2_1151,0.00013494612997771318,0.0,0.0003017487199306888,963.6,1177.0,1,0,0,0,False,False,416
ESM-2 XGBoost,esm2_0885,0.00013332992003410593,9.681126262140084e-05,0.00016662729856604884,501.2,222.0,3,0,0,0,False,False,417
ESM-2 XGBoost,esm2_0304,0.0001323174449158478,0.0,0.00029587080144091965,420.2,485.0,1,0,0,0,False,False,418
ESM-2 XGBoost,esm2_1227,0.00013220441054757144,0.0,0.00029561804890965995,1017.6,1237.0,1,0,0,0,False,False,419
ESM-2 XGBoost,esm2_1244,0.0001318098923911286,0.0,0.00029473587949349584,1024.8,1252.0,1,0,0,0,False,False,420
ESM-2 XGBoost,esm2_0915,0.0001301551403360387,0.0,0.00029103574141240736,813.8,987.0,1,0,0,0,False,False,421
ESM-2 XGBoost,esm2_0033,0.00012836613827546753,0.0,0.00022740653779770848,243.4,255.0,2,0,0,0,False,False,422
ESM-2 XGBoost,esm2_0853,0.00012834305468011094,0.0,0.00023033268536056594,640.6,932.0,2,0,0,0,False,False,423
ESM-2 XGBoost,esm2_0716,0.00012807788526630225,0.0,0.0002863908578698706,687.0,828.0,1,0,0,0,False,False,424
ESM-2 XGBoost,esm2_1256,0.00012787665506264878,0.0,0.0002859408934553753,1037.0,1262.0,1,0,0,0,False,False,425
ESM-2 XGBoost,esm2_0591,0.00012618437085042995,0.0,0.00018149744673286847,503.6,713.0,2,0,0,0,False,False,426
ESM-2 XGBoost,esm2_0384,0.0001251068927604268,0.0,0.0002797475166660906,472.0,549.0,1,0,0,0,False,False,427
ESM-2 XGBoost,esm2_1217,0.00012492059499915237,0.0,0.00027933094220782494,1012.8,1230.0,1,0,0,0,False,False,428
ESM-2 XGBoost,esm2_1007,0.00012457868321697285,0.0,0.00022491809426213133,712.0,1060.0,2,0,0,0,False,False,429
ESM-2 XGBoost,esm2_1123,0.00012425952859485223,0.0,0.00027785275279016856,948.0,1155.0,1,0,0,0,False,False,430
ESM-2 XGBoost,esm2_0524,0.00012396890965508917,0.0,0.0002772029090853094,568.4,674.0,1,0,0,0,False,False,431
ESM-2 XGBoost,esm2_0968,0.00012365494395522828,0.0,0.0002136278644996492,695.4,1027.0,2,0,0,0,False,False,432
ESM-2 XGBoost,esm2_0186,0.00012363229668591128,0.00013746556759073204,7.924971218838148e-05,243.2,215.0,4,0,0,0,False,False,433
ESM-2 XGBoost,esm2_1110,0.00012335677374188705,0.0001211860771708476,0.00014320767847957874,576.6,234.0,3,0,0,0,False,False,434
ESM-2 XGBoost,esm2_1074,0.00012255821553559335,5.286019847939999e-05,0.00017522962430141455,571.0,271.0,3,0,0,0,False,False,435
ESM-2 XGBoost,esm2_1139,0.00012205834985518046,7.796633593192333e-05,0.00015223138122043436,588.6,227.0,3,0,0,0,False,False,436
ESM-2 XGBoost,esm2_0059,0.00012047855194524525,0.0,0.0002693982319803079,269.0,297.0,1,0,0,0,False,False,437
ESM-2 XGBoost,esm2_1128,0.00011934744941226381,0.0,0.0001760887015998584,769.8,1158.0,2,0,0,0,False,False,438
ESM-2 XGBoost,esm2_1263,0.00011814452300001263,0.0,0.00026417918459731564,1035.6,1265.0,1,0,0,0,False,False,439
ESM-2 XGBoost,esm2_0700,0.0001176963207509037,0.0,0.0002631769739006397,679.2,810.0,1,0,0,0,False,False,440
ESM-2 XGBoost,esm2_0957,0.00011738555750338627,0.0,0.0002624820861542822,845.8,1020.0,1,0,0,0,False,False,441
ESM-2 XGBoost,esm2_0292,0.00011716567700796494,0.0,0.00026199041841959376,412.2,488.0,1,0,0,0,False,False,442
ESM-2 XGBoost,esm2_0494,0.0001151158864414419,0.0,0.00025740694737321043,548.0,647.0,1,0,0,0,False,False,443
ESM-2 XGBoost,esm2_0663,0.00011396532155078547,0.0,0.00025483420606517806,653.4,779.0,1,0,0,0,False,False,444
ESM-2 XGBoost,esm2_0434,0.00011245767977989382,0.0001351004198149747,8.764119692539195e-05,292.4,223.0,4,0,0,0,False,False,445
ESM-2 XGBoost,esm2_0462,0.00011235784317271441,6.887094446676945e-05,0.00014886500834851665,377.2,254.0,3,0,0,0,False,False,446
ESM-2 XGBoost,esm2_0058,0.00010965668973921421,0.0,0.00024519981244448667,266.4,296.0,1,0,0,0,False,False,447
ESM-2 XGBoost,esm2_1027,0.00010809743162672899,0.0,0.0002417132053105017,893.6,1077.0,1,0,0,0,False,False,448
ESM-2 XGBoost,esm2_0992,0.00010703449531323359,0.0,0.00023933640745777297,864.8,1047.0,1,0,0,0,False,False,449
ESM-2 XGBoost,esm2_1255,0.00010616072305991255,0.0,0.00023738259330249392,1038.8,1261.0,1,0,0,0,False,False,450
ESM-2 XGBoost,esm2_0401,0.00010510182597516791,0.0,0.00023501482743982857,486.2,565.0,1,0,0,0,False,False,451
ESM-2 XGBoost,esm2_0009,0.00010492300372566034,0.0,0.0002346149687340402,242.2,266.0,1,0,0,0,False,False,452
ESM-2 XGBoost,esm2_0489,0.00010298424380299022,0.0,0.00023027976975489758,548.0,643.0,1,0,0,0,False,False,453
ESM-2 XGBoost,esm2_0969,0.00010279045609084011,0.0,0.0002298464472573258,849.6,1027.0,1,0,0,0,False,False,454
ESM-2 XGBoost,esm2_0111,0.00010174760282347869,0.0,0.00022751455646094788,303.2,341.0,1,0,0,0,False,False,455
ESM-2 XGBoost,esm2_0238,0.00010172752958524994,0.0,0.00015296092104702966,336.2,417.0,2,0,0,0,False,False,456
ESM-2 XGBoost,esm2_0351,0.00010160303009631641,0.0,0.00022719128201532048,452.4,522.0,1,0,0,0,False,False,457
ESM-2 XGBoost,esm2_0666,0.00010128665187796414,0.0,0.00022648383881248457,659.6,782.0,1,0,0,0,False,False,458
ESM-2 XGBoost,esm2_0702,0.0001011180776170758,0.0,0.00022610689530588144,681.2,819.0,1,0,0,0,False,False,459
ESM-2 XGBoost,esm2_0517,0.00010095726874931759,0.0,0.0002257473157461893,561.8,665.0,1,0,0,0,False,False,460
ESM-2 XGBoost,esm2_0010,0.00010011454654837272,0.0,0.00022386293161872836,242.0,274.0,1,0,0,0,False,False,461
ESM-2 XGBoost,esm2_1038,9.773028023430912e-05,0.0,0.00013839348142140895,723.0,1083.0,2,0,0,0,False,False,462
ESM-2 XGBoost,esm2_1258,9.734182733646845e-05,0.0,0.00021766294297839074,1041.2,1263.0,1,0,0,0,False,False,463
ESM-2 XGBoost,esm2_0089,9.698602493233019e-05,0.0,0.00016896593457135152,271.6,297.0,2,0,0,0,False,False,464
ESM-2 XGBoost,esm2_1181,9.693761384593054e-05,0.0,0.0002167590941361255,985.4,1200.0,1,0,0,0,False,False,465
ESM-2 XGBoost,esm2_0978,9.685089634879068e-05,0.0,0.00021656518791768215,862.4,1036.0,1,0,0,0,False,False,466
ESM-2 XGBoost,esm2_0862,9.659785855126425e-05,0.0,0.00015890701073085478,645.2,946.0,2,0,0,0,False,False,467
ESM-2 XGBoost,esm2_1127,9.601046603747735e-05,0.0,0.00019766959745104974,778.2,1156.0,2,0,0,0,False,False,468
ESM-2 XGBoost,esm2_1164,9.456441093965356e-05,0.0,0.00021145245111329014,976.8,1185.0,1,0,0,0,False,False,469
ESM-2 XGBoost,esm2_1004,9.432258452510504e-05,0.0,0.0002109117108116046,875.0,1057.0,1,0,0,0,False,False,470
ESM-2 XGBoost,esm2_0369,9.376240431170242e-05,0.0,0.00020965910977478597,465.8,536.0,1,0,0,0,False,False,471
ESM-2 XGBoost,esm2_0013,9.375944720423279e-05,0.0,0.0002096524974814671,245.0,276.0,1,0,0,0,False,False,472
ESM-2 XGBoost,esm2_0313,9.289336355418439e-05,0.0,0.00020771587556575775,429.8,493.0,1,0,0,0,False,False,473
ESM-2 XGBoost,esm2_1179,9.281671038975943e-05,0.0,0.00020754447387941308,990.2,1199.0,1,0,0,0,False,False,474
ESM-2 XGBoost,esm2_0881,9.281428881312414e-05,0.0,0.00020753905906944383,801.2,960.0,1,0,0,0,False,False,475
ESM-2 XGBoost,esm2_0234,9.134852141724455e-05,0.0,0.00013173408503687923,337.8,427.0,2,0,0,0,False,False,476
ESM-2 XGBoost,esm2_0418,9.134823720141626e-05,0.0,0.0002042608680071419,498.0,580.0,1,0,0,0,False,False,477
ESM-2 XGBoost,esm2_0743,8.961690569557815e-05,0.0,0.00020038949306850083,711.2,849.0,1,0,0,0,False,False,478
ESM-2 XGBoost,esm2_0942,8.933785745923101e-05,0.0,0.00019976552224302717,834.0,1007.0,1,0,0,0,False,False,479
ESM-2 XGBoost,esm2_0481,8.691844578291848e-05,0.0,0.00016435410930452278,461.2,636.0,2,0,0,0,False,False,480
ESM-2 XGBoost,esm2_0509,8.596522586172401e-05,0.0,0.00019222408872793782,563.4,663.0,1,0,0,0,False,False,481
ESM-2 XGBoost,esm2_0679,8.564296106521651e-05,0.0,0.0001915034827361919,669.0,794.0,1,0,0,0,False,False,482
ESM-2 XGBoost,esm2_0006,8.507037820039233e-05,0.0,0.00019022314852769348,240.6,263.0,1,0,0,0,False,False,483
ESM-2 XGBoost,esm2_0085,8.468467156708337e-05,0.0,0.00018936068227624206,289.6,318.0,1,0,0,0,False,False,484
ESM-2 XGBoost,esm2_0841,8.394006247175611e-05,0.0,0.00018769568572242568,769.6,921.0,1,0,0,0,False,False,485
ESM-2 XGBoost,esm2_1068,8.363567711288465e-05,0.0,0.00018701505936863342,922.4,1111.0,1,0,0,0,False,False,486
ESM-2 XGBoost,esm2_0250,8.180846143145164e-05,0.0,0.00018292928089539562,390.2,454.0,1,0,0,0,False,False,487
ESM-2 XGBoost,esm2_0811,8.118506714794071e-05,0.0,0.0001815353289006804,756.8,903.0,1,0,0,0,False,False,488
ESM-2 XGBoost,esm2_0215,8.103671532993518e-05,0.0,0.00018120360415103436,368.0,428.0,1,0,0,0,False,False,489
ESM-2 XGBoost,esm2_0525,8.093756162087798e-05,0.0,0.00018098188971736124,570.2,675.0,1,0,0,0,False,False,490
ESM-2 XGBoost,esm2_0375,8.029304605836807e-05,7.749578421588054e-05,9.780309955574292e-05,351.4,259.0,3,0,0,0,False,False,491
ESM-2 XGBoost,esm2_0326,7.811249492289377e-05,0.0,0.00017466484853969765,439.4,516.0,1,0,0,0,False,False,492
ESM-2 XGBoost,esm2_0117,7.806833416530162e-05,0.0,0.00017456610208378372,309.2,346.0,1,0,0,0,False,False,493
ESM-2 XGBoost,esm2_0842,7.801435928230046e-05,7.319231264046488e-05,6.967587344189398e-05,374.0,245.0,4,0,0,0,False,False,494
ESM-2 XGBoost,esm2_0213,7.761275592184406e-05,0.0,0.00013437679881511498,333.6,412.0,2,0,0,0,False,False,495
ESM-2 XGBoost,esm2_0157,7.644420753057056e-05,4.812069289004214e-05,0.00010296008685864952,287.2,263.0,3,0,0,0,False,False,496
ESM-2 XGBoost,esm2_1091,7.628248110851236e-05,0.0,0.00017057281325097716,937.2,1129.0,1,0,0,0,False,False,497
ESM-2 XGBoost,esm2_0052,7.606484160210326e-05,8.798344593254247e-05,7.425716534911835e-05,247.2,231.0,3,0,0,0,False,False,498
ESM-2 XGBoost,esm2_0121,7.561775463607095e-05,0.0,0.0001690864396721545,314.0,348.0,1,0,0,0,False,False,499
ESM-2 XGBoost,esm2_0501,7.324580512904489e-05,0.0,0.00016378259933524713,560.6,655.0,1,0,0,0,False,False,500
ESM-2 XGBoost,esm2_1021,7.300027717009928e-05,0.0,0.00016323358212866796,891.6,1071.0,1,0,0,0,False,False,501
ESM-2 XGBoost,esm2_0518,7.29128256203976e-05,0.0,0.0001630380345187973,567.2,669.0,1,0,0,0,False,False,502
ESM-2 XGBoost,esm2_0582,7.058023000339852e-05,7.422997227102938e-05,5.2971953737564346e-05,334.2,250.0,4,0,0,0,False,False,503
ESM-2 XGBoost,esm2_0214,7.01979196649673e-05,0.0,0.00015696732024993615,370.6,413.0,1,0,0,0,False,False,504
ESM-2 XGBoost,esm2_0833,6.990504180272796e-05,0.0,0.00015631242544086416,770.6,914.0,1,0,0,0,False,False,505
ESM-2 XGBoost,esm2_1050,6.978684959034558e-05,0.0,0.0001136309642409536,740.6,1097.0,2,0,0,0,False,False,506
ESM-2 XGBoost,esm2_0947,6.906444593383115e-05,6.800323905186063e-05,6.994681977629588e-05,541.4,265.0,3,0,0,0,False,False,507
ESM-2 XGBoost,esm2_0597,6.9049361096911e-05,0.0,0.00015439906521562242,617.2,724.0,1,0,0,0,False,False,508
ESM-2 XGBoost,esm2_0787,6.872156574056172e-05,0.0,0.00015366609251611668,736.2,877.0,1,0,0,0,False,False,509
ESM-2 XGBoost,esm2_0459,6.850569763030508e-05,0.0,0.0001531833967474084,528.6,618.0,1,0,0,0,False,False,510
ESM-2 XGBoost,esm2_1018,6.837680925065344e-05,0.0,0.00015289519356899753,891.0,1070.0,1,0,0,0,False,False,511
ESM-2 XGBoost,esm2_0724,6.794603244665127e-05,0.0,0.00015193194735211858,700.4,828.0,1,0,0,0,False,False,512
ESM-2 XGBoost,esm2_0180,6.787371912943217e-05,0.0,0.00011361235107824307,322.2,390.0,2,0,0,0,False,False,513
ESM-2 XGBoost,esm2_1043,6.640868080665402e-05,0.0,0.00010299365112246108,745.2,1091.0,2,0,0,0,False,False,514
ESM-2 XGBoost,esm2_0699,6.556146531451129e-05,0.0,0.00014659989314774188,686.6,809.0,1,0,0,0,False,False,515
ESM-2 XGBoost,esm2_1092,6.548228823475503e-05,0.0,9.373083165843992e-05,764.4,1130.0,2,0,0,0,False,False,516
ESM-2 XGBoost,esm2_0660,6.539026146852407e-05,0.0,0.00010479016456151481,552.8,777.0,2,0,0,0,False,False,517
ESM-2 XGBoost,esm2_1135,6.215157423191463e-05,0.0,0.0001389751448911854,961.0,1163.0,1,0,0,0,False,False,518
ESM-2 XGBoost,esm2_1183,6.160597685998491e-05,0.0,0.0001377551520792053,992.0,1201.0,1,0,0,0,False,False,519
ESM-2 XGBoost,esm2_0721,6.132868584671363e-05,0.0,8.680360763673222e-05,579.0,825.0,2,0,0,0,False,False,520
ESM-2 XGBoost,esm2_0592,6.123094843547754e-05,0.0,8.395746097623363e-05,516.8,714.0,2,0,0,0,False,False,521
ESM-2 XGBoost,esm2_0976,6.103791080509507e-05,7.218387123448894e-05,6.273893713554368e-05,545.4,244.0,3,0,0,0,False,False,522
ESM-2 XGBoost,esm2_0695,6.092554475994619e-05,0.0,0.0001362336596494458,683.6,807.0,1,0,0,0,False,False,523
ESM-2 XGBoost,esm2_0758,6.090751960989278e-05,0.0,0.00013619335418862174,725.8,860.0,1,0,0,0,False,False,524
ESM-2 XGBoost,esm2_0725,6.047400871579741e-05,0.0,9.958017148356451e-05,581.8,829.0,2,0,0,0,False,False,525
ESM-2 XGBoost,esm2_1143,6.037045751015523e-05,0.0,0.00013499244682546978,971.8,1168.0,1,0,0,0,False,False,526
ESM-2 XGBoost,esm2_1260,6.0141736172449293e-05,0.0,0.00013448101036645465,1044.2,1263.0,1,0,0,0,False,False,527
ESM-2 XGBoost,esm2_0223,5.881738431201486e-05,0.0,8.500183773430872e-05,341.2,419.0,2,0,0,0,False,False,528
ESM-2 XGBoost,esm2_0378,5.875035601856949e-05,0.0,8.061953413364212e-05,412.2,555.0,2,0,0,0,False,False,529
ESM-2 XGBoost,esm2_0560,5.8592939836758234e-05,0.0,9.026428004935614e-05,506.4,689.0,2,0,0,0,False,False,530
ESM-2 XGBoost,esm2_0520,5.768999095232127e-05,0.0,0.00012899874139073818,575.8,670.0,1,0,0,0,False,False,531
ESM-2 XGBoost,esm2_1023,5.7542793044969035e-05,0.0,0.00012866959686375288,891.2,1073.0,1,0,0,0,False,False,532
ESM-2 XGBoost,esm2_0824,5.730735743560248e-05,0.0,0.00012814314683688515,764.2,916.0,1,0,0,0,False,False,533
ESM-2 XGBoost,esm2_0618,5.6480021907054636e-05,0.0,9.305373400094698e-05,537.0,738.0,2,0,0,0,False,False,534
ESM-2 XGBoost,esm2_0828,5.60663649809664e-05,0.0,0.00012536820334875455,769.8,911.0,1,0,0,0,False,False,535
ESM-2 XGBoost,esm2_0919,5.405092843895652e-05,0.0,0.00012086155023648338,828.8,986.0,1,0,0,0,False,False,536
ESM-2 XGBoost,esm2_0236,5.371584630400005e-05,0.0,7.35682308684707e-05,347.0,416.0,2,0,0,0,False,False,537
ESM-2 XGBoost,esm2_0794,5.2998439011251936e-05,0.0,0.00011850811233053607,745.8,882.0,1,0,0,0,False,False,538
ESM-2 XGBoost,esm2_0714,5.27683981958056e-05,4.1524152246640246e-05,5.712433477635011e-05,471.0,266.0,3,0,0,0,False,False,539
ESM-2 XGBoost,esm2_0202,5.25605026590023e-05,0.0,0.00011752885687708759,365.6,404.0,1,0,0,0,False,False,540
ESM-2 XGBoost,esm2_0232,5.156811221632159e-05,3.837435692154503e-05,6.457179392427843e-05,316.2,259.0,3,0,0,0,False,False,541
ESM-2 XGBoost,esm2_0912,5.080156239430161e-05,0.0,6.964488033286097e-05,675.4,980.0,2,0,0,0,False,False,542
ESM-2 XGBoost,esm2_0931,5.048853789833414e-05,0.0,0.0001128958028252495,834.0,997.0,1,0,0,0,False,False,543
ESM-2 XGBoost,esm2_0871,5.04142890008783e-05,0.0,0.00011272977724328382,800.0,947.0,1,0,0,0,False,False,544
ESM-2 XGBoost,esm2_0278,4.948824108924218e-05,0.0,0.00011065907116244376,412.6,464.0,1,0,0,0,False,False,545
ESM-2 XGBoost,esm2_0322,4.944450421017137e-05,0.0,0.00011056127252771773,441.8,500.0,1,0,0,0,False,False,546
ESM-2 XGBoost,esm2_1079,4.942557581515039e-05,0.0,0.00011051894734974584,929.0,1121.0,1,0,0,0,False,False,547
ESM-2 XGBoost,esm2_0542,4.9382298884293016e-05,0.0,0.00011042217719049121,593.0,691.0,1,0,0,0,False,False,548
ESM-2 XGBoost,esm2_0706,4.9191504363901796e-05,0.0,0.00010999554767316197,692.0,815.0,1,0,0,0,False,False,549
ESM-2 XGBoost,esm2_0271,4.8931060774507405e-05,0.0,0.00010941317810297207,410.0,471.0,1,0,0,0,False,False,550
ESM-2 XGBoost,esm2_0600,4.8894301708403096e-05,0.0,0.00010933098233237342,623.4,727.0,1,0,0,0,False,False,551
ESM-2 XGBoost,esm2_0428,4.8865650007935505e-05,0.0,0.00010926691518245692,509.0,588.0,1,0,0,0,False,False,552
ESM-2 XGBoost,esm2_0430,4.874004518147381e-05,0.0,0.00010898605425218651,510.6,590.0,1,0,0,0,False,False,553
ESM-2 XGBoost,esm2_0572,4.774949469165325e-05,0.0,6.54265292991398e-05,511.8,705.0,2,0,0,0,False,False,554
ESM-2 XGBoost,esm2_0866,4.7553106825517375e-05,0.0,0.00010633197940316608,793.0,943.0,1,0,0,0,False,False,555
ESM-2 XGBoost,esm2_0738,4.6103222808516255e-05,0.0,0.00010308994018166111,718.0,847.0,1,0,0,0,False,False,556
ESM-2 XGBoost,esm2_0422,4.6062866142033496e-05,0.0,0.00010299969993206037,507.0,583.0,1,0,0,0,False,False,557
ESM-2 XGBoost,esm2_0464,4.4748918500873205e-05,0.0,0.00010006162368755047,535.8,620.0,1,0,0,0,False,False,558
ESM-2 XGBoost,esm2_0553,4.461299159537232e-05,0.0,9.975768188687929e-05,594.6,689.0,1,0,0,0,False,False,559
ESM-2 XGBoost,esm2_0299,4.4248741171392564e-05,0.0,9.894319317802744e-05,428.0,480.0,1,0,0,0,False,False,560
ESM-2 XGBoost,esm2_0183,4.2439480040800646e-05,0.0,9.48975623009758e-05,356.6,403.0,1,0,0,0,False,False,561
ESM-2 XGBoost,esm2_0773,4.202324782680018e-05,0.0,6.187955613706653e-05,617.8,862.0,2,0,0,0,False,False,562
ESM-2 XGBoost,esm2_1246,4.140662942601832e-05,0.0,9.258803811572007e-05,1043.8,1254.0,1,0,0,0,False,False,563
ESM-2 XGBoost,esm2_0296,4.097653916428058e-05,0.0,9.162632705401379e-05,426.8,492.0,1,0,0,0,False,False,564
ESM-2 XGBoost,esm2_1146,4.076039609597241e-05,0.0,9.114301646041135e-05,976.2,1170.0,1,0,0,0,False,False,565
ESM-2 XGBoost,esm2_1059,4.0417850292856215e-05,0.0,9.037706075923628e-05,923.2,1103.0,1,0,0,0,False,False,566
ESM-2 XGBoost,esm2_0441,4.0219743340561483e-05,0.0,8.993408014708994e-05,519.8,600.0,1,0,0,0,False,False,567
ESM-2 XGBoost,esm2_0075,3.978399122123611e-05,0.0,5.9901234743175495e-05,280.4,319.0,2,0,0,0,False,False,568
ESM-2 XGBoost,esm2_0747,3.9559632798753595e-05,0.0,8.84580281029433e-05,720.2,844.0,1,0,0,0,False,False,569
ESM-2 XGBoost,esm2_0168,3.928302480615307e-05,0.0,8.783951382836877e-05,347.2,382.0,1,0,0,0,False,False,570
ESM-2 XGBoost,esm2_0944,3.882268936143684e-05,0.0,8.681017248153068e-05,843.0,1006.0,1,0,0,0,False,False,571
ESM-2 XGBoost,esm2_0107,3.787430920438525e-05,0.0,8.468952998185139e-05,313.6,346.0,1,0,0,0,False,False,572
ESM-2 XGBoost,esm2_1036,3.768727241406344e-05,0.0,8.427130300439846e-05,905.8,1085.0,1,0,0,0,False,False,573
ESM-2 XGBoost,esm2_0631,3.703507439795176e-05,0.0,8.281294390558223e-05,652.2,761.0,1,0,0,0,False,False,574
ESM-2 XGBoost,esm2_1262,3.678809160055482e-05,0.0,5.201509709612466e-05,843.8,1264.0,2,0,0,0,False,False,575
ESM-2 XGBoost,esm2_0405,3.6625574854633915e-05,0.0,8.189727508996842e-05,497.2,569.0,1,0,0,0,False,False,576
ESM-2 XGBoost,esm2_0425,3.623968942901888e-05,0.0,8.103440904676677e-05,509.6,585.0,1,0,0,0,False,False,577
ESM-2 XGBoost,esm2_0270,3.6184857867952224e-05,0.0,8.091180194890928e-05,412.4,470.0,1,0,0,0,False,False,578
ESM-2 XGBoost,esm2_0990,3.617849054598312e-05,0.0,5.1193918306860576e-05,714.2,1043.0,2,0,0,0,False,False,579
ESM-2 XGBoost,esm2_0036,3.527665979511964e-05,0.0,7.888100932102131e-05,266.2,279.0,1,0,0,0,False,False,580
ESM-2 XGBoost,esm2_0901,3.527598753306361e-05,0.0,7.887950609736534e-05,824.4,976.0,1,0,0,0,False,False,581
ESM-2 XGBoost,esm2_0653,3.2069079598917614e-05,0.0,7.170864195903148e-05,664.4,771.0,1,0,0,0,False,False,582
ESM-2 XGBoost,esm2_0208,3.195153544226209e-05,0.0,7.144580523439184e-05,373.2,423.0,1,0,0,0,False,False,583
ESM-2 XGBoost,esm2_0994,3.1911774419770234e-05,0.0,7.135689688524515e-05,882.4,1049.0,1,0,0,0,False,False,584
ESM-2 XGBoost,esm2_0922,3.164722366178663e-05,0.0,7.076534340689472e-05,838.8,992.0,1,0,0,0,False,False,585
ESM-2 XGBoost,esm2_1215,3.1553188744076426e-05,0.0,7.055507493863611e-05,1025.6,1228.0,1,0,0,0,False,False,586
ESM-2 XGBoost,esm2_0745,3.132161944483285e-05,0.0,7.003727024402549e-05,721.4,842.0,1,0,0,0,False,False,587
ESM-2 XGBoost,esm2_1061,3.0818030510587914e-05,0.0,6.891121115433713e-05,923.4,1105.0,1,0,0,0,False,False,588
ESM-2 XGBoost,esm2_0182,2.9074638705288328e-05,0.0,6.501286856627117e-05,357.2,402.0,1,0,0,0,False,False,589
ESM-2 XGBoost,esm2_0629,2.8888904064972416e-05,0.0,6.459755328474832e-05,647.0,752.0,1,0,0,0,False,False,590
ESM-2 XGBoost,esm2_0290,2.8868210499772434e-05,0.0,6.455128106626434e-05,428.4,475.0,1,0,0,0,False,False,591
ESM-2 XGBoost,esm2_0836,2.885097032085334e-05,0.0,6.451273085425698e-05,783.2,917.0,1,0,0,0,False,False,592
ESM-2 XGBoost,esm2_0819,2.7692417535055726e-05,0.0,6.192212806969177e-05,773.8,911.0,1,0,0,0,False,False,593
ESM-2 XGBoost,esm2_0622,2.764497576667475e-05,0.0,3.797797731610746e-05,554.0,741.0,2,0,0,0,False,False,594
ESM-2 XGBoost,esm2_0644,2.6980712175914974e-05,0.0,6.033070650670215e-05,660.6,764.0,1,0,0,0,False,False,595
ESM-2 XGBoost,esm2_0150,2.6916254409377182e-05,0.0,6.018657455904583e-05,341.4,376.0,1,0,0,0,False,False,596
ESM-2 XGBoost,esm2_0029,2.6370099347720893e-05,0.0,5.8965334714926784e-05,266.8,274.0,1,0,0,0,False,False,597
ESM-2 XGBoost,esm2_0323,2.612600266265871e-05,0.0,5.841951793404538e-05,450.2,501.0,1,0,0,0,False,False,598
ESM-2 XGBoost,esm2_0733,2.5743605154437975e-05,0.0,3.7234071878861976e-05,600.6,834.0,2,0,0,0,False,False,599
ESM-2 XGBoost,esm2_0847,2.5046293488487765e-05,0.0,5.600521482466899e-05,791.0,926.0,1,0,0,0,False,False,600
ESM-2 XGBoost,esm2_1185,2.44013545772143e-05,0.0,5.4563087577726815e-05,1009.2,1203.0,1,0,0,0,False,False,601
ESM-2 XGBoost,esm2_0863,2.4393350524152034e-05,0.0,5.454518997098407e-05,802.4,940.0,1,0,0,0,False,False,602
ESM-2 XGBoost,esm2_0785,2.4322895214611342e-05,0.0,5.43876471094753e-05,752.2,882.0,1,0,0,0,False,False,603
ESM-2 XGBoost,esm2_0715,2.431853357600502e-05,0.0,5.437789418905827e-05,705.6,820.0,1,0,0,0,False,False,604
ESM-2 XGBoost,esm2_1120,2.4192479224170365e-05,0.0,3.3127083507601966e-05,788.8,1149.0,2,0,0,0,False,False,605
ESM-2 XGBoost,esm2_0162,2.3937970987732863e-05,0.0,5.3526930371988464e-05,348.6,378.0,1,0,0,0,False,False,606
ESM-2 XGBoost,esm2_0928,2.3780240925908543e-05,0.0,5.317423523165404e-05,844.6,994.0,1,0,0,0,False,False,607
ESM-2 XGBoost,esm2_0355,2.3548436612117885e-05,0.0,5.2655905028540435e-05,470.0,538.0,1,0,0,0,False,False,608
ESM-2 XGBoost,esm2_0128,2.3511324083039694e-05,0.0,5.257291889070467e-05,329.8,353.0,1,0,0,0,False,False,609
ESM-2 XGBoost,esm2_0986,2.3337515137651476e-05,0.0,5.218427027371906e-05,877.2,1041.0,1,0,0,0,False,False,610
ESM-2 XGBoost,esm2_0950,2.2941273676357827e-05,0.0,5.1298247430762615e-05,857.4,1010.0,1,0,0,0,False,False,611
ESM-2 XGBoost,esm2_0483,2.2377619933283008e-05,0.0,5.0037879345475107e-05,557.2,638.0,1,0,0,0,False,False,612
ESM-2 XGBoost,esm2_0587,2.1975467943398066e-05,0.0,4.913864015880558e-05,623.2,715.0,1,0,0,0,False,False,613
ESM-2 XGBoost,esm2_0125,2.1084372409111314e-05,0.0,4.71460899696939e-05,330.4,351.0,1,0,0,0,False,False,614
ESM-2 XGBoost,esm2_0241,2.0833465851202613e-05,0.0,4.6585045850209556e-05,398.6,432.0,1,0,0,0,False,False,615
ESM-2 XGBoost,esm2_1152,2.0718177936365214e-05,0.0,4.632725423564893e-05,985.2,1174.0,1,0,0,0,False,False,616
ESM-2 XGBoost,esm2_0991,2.0608999183205287e-05,0.0,4.608312312188467e-05,887.8,1046.0,1,0,0,0,False,False,617
ESM-2 XGBoost,esm2_0490,2.0583131282796397e-05,0.0,4.6025280738135186e-05,563.0,643.0,1,0,0,0,False,False,618
ESM-2 XGBoost,esm2_0550,2.042442722416177e-05,0.0,4.5670407674723056e-05,600.4,687.0,1,0,0,0,False,False,619
ESM-2 XGBoost,esm2_0479,2.0125729696772334e-05,0.0,4.500249969876917e-05,558.6,635.0,1,0,0,0,False,False,620
ESM-2 XGBoost,esm2_1235,1.9905658152903453e-05,0.0,4.4510404766765026e-05,1035.2,1244.0,1,0,0,0,False,False,621
ESM-2 XGBoost,esm2_0274,1.9847998226933698e-05,0.0,4.4381473252719044e-05,421.8,462.0,1,0,0,0,False,False,622
ESM-2 XGBoost,esm2_1029,1.9797749839005307e-05,0.0,4.426911444155138e-05,911.8,1078.0,1,0,0,0,False,False,623
ESM-2 XGBoost,esm2_1228,1.976085815000022e-05,0.0,4.418662211713122e-05,1040.8,1238.0,1,0,0,0,False,False,624
ESM-2 XGBoost,esm2_0041,1.9642898308413443e-05,0.0,4.392285589272809e-05,275.8,283.0,1,0,0,0,False,False,625
ESM-2 XGBoost,esm2_0212,1.9303688868773007e-05,0.0,4.3164360527082454e-05,382.0,411.0,1,0,0,0,False,False,626
ESM-2 XGBoost,esm2_0763,1.926714383987426e-05,0.0,4.3082643358225166e-05,733.6,857.0,1,0,0,0,False,False,627
ESM-2 XGBoost,esm2_0268,1.878174119115244e-05,0.0,4.199725003922473e-05,418.0,456.0,1,0,0,0,False,False,628
ESM-2 XGBoost,esm2_0190,1.854310618135297e-05,0.0,4.146364593550179e-05,367.8,395.0,1,0,0,0,False,False,629
ESM-2 XGBoost,esm2_0775,1.8461434475657584e-05,0.0,4.1281022449728545e-05,746.8,867.0,1,0,0,0,False,False,630
ESM-2 XGBoost,esm2_1131,1.8130210436116386e-05,0.0,4.0540382981532346e-05,978.6,1161.0,1,0,0,0,False,False,631
ESM-2 XGBoost,esm2_1166,1.804952820550435e-05,0.0,4.035997202930752e-05,1000.8,1186.0,1,0,0,0,False,False,632
ESM-2 XGBoost,esm2_0683,1.7419466738323673e-05,0.0,3.8951111758688275e-05,691.8,798.0,1,0,0,0,False,False,633
ESM-2 XGBoost,esm2_0711,1.7129427331592084e-05,0.0,3.830256392908273e-05,710.8,824.0,1,0,0,0,False,False,634
ESM-2 XGBoost,esm2_0581,1.685927607418924e-05,0.0,3.769848735332293e-05,621.2,721.0,1,0,0,0,False,False,635
ESM-2 XGBoost,esm2_0940,1.6398061762239557e-05,0.0,3.6667180799607646e-05,850.2,1004.0,1,0,0,0,False,False,636
ESM-2 XGBoost,esm2_0998,1.5983909101240745e-05,0.0,3.574110729655187e-05,894.2,1053.0,1,0,0,0,False,False,637
ESM-2 XGBoost,esm2_0049,1.5093782455982042e-05,0.0,3.375072360916957e-05,283.6,289.0,1,0,0,0,False,False,638
ESM-2 XGBoost,esm2_1095,1.4641093862673413e-05,0.0,3.273848114189272e-05,957.0,1132.0,1,0,0,0,False,False,639
ESM-2 XGBoost,esm2_0115,1.4511991751344804e-05,0.0,2.8610699448340134e-05,310.8,345.0,2,0,0,0,False,False,640
ESM-2 XGBoost,esm2_1065,1.4022474330453035e-05,0.0,3.135520581563884e-05,931.4,1110.0,1,0,0,0,False,False,641
ESM-2 XGBoost,esm2_0753,1.3885656473804943e-05,0.0,3.104927178763788e-05,729.8,850.0,1,0,0,0,False,False,642
ESM-2 XGBoost,esm2_0955,1.3682006297647778e-05,0.0,3.059389615012065e-05,861.0,1015.0,1,0,0,0,False,False,643
ESM-2 XGBoost,esm2_0137,1.3644532357881599e-05,0.0,3.0510101873418742e-05,339.8,359.0,1,0,0,0,False,False,644
ESM-2 XGBoost,esm2_1249,1.3641101894386785e-05,0.0,3.050243112385001e-05,1048.2,1255.0,1,0,0,0,False,False,645
ESM-2 XGBoost,esm2_0960,1.3585729273170652e-05,0.0,3.037861417871839e-05,869.6,1020.0,1,0,0,0,False,False,646
ESM-2 XGBoost,esm2_0187,1.3051196179839235e-05,0.0,2.91833618458061e-05,367.2,405.0,1,0,0,0,False,False,647
ESM-2 XGBoost,esm2_0025,1.2885791443714001e-05,0.0,2.881350561202966e-05,270.0,283.0,1,0,0,0,False,False,648
ESM-2 XGBoost,esm2_1044,1.2692386740592957e-05,0.0,2.838103954868284e-05,926.0,1092.0,1,0,0,0,False,False,649
ESM-2 XGBoost,esm2_1051,1.2667145540811022e-05,0.0,2.832459851013678e-05,930.2,1096.0,1,0,0,0,False,False,650
ESM-2 XGBoost,esm2_0668,1.2039535246266948e-05,0.0,2.6921219228157565e-05,685.0,784.0,1,0,0,0,False,False,651
ESM-2 XGBoost,esm2_0857,1.194317666178021e-05,0.0,2.6705754883029566e-05,806.0,936.0,1,0,0,0,False,False,652
ESM-2 XGBoost,esm2_0220,1.182060006490748e-05,0.0,2.6431665279971552e-05,391.0,432.0,1,0,0,0,False,False,653
ESM-2 XGBoost,esm2_1082,1.168340140488139e-05,0.0,2.6124879749731332e-05,946.2,1121.0,1,0,0,0,False,False,654
ESM-2 XGBoost,esm2_1205,1.1136032033877788e-05,0.0,2.4900924627365974e-05,1028.6,1220.0,1,0,0,0,False,False,655
ESM-2 XGBoost,esm2_0682,1.1043658946516268e-05,0.0,2.469437212473409e-05,688.8,801.0,1,0,0,0,False,False,656
ESM-2 XGBoost,esm2_1211,1.0955612900594063e-05,0.0,2.4497495180901972e-05,1033.4,1225.0,1,0,0,0,False,False,657
ESM-2 XGBoost,esm2_0330,1.0942482616004633e-05,0.0,2.4468134971996087e-05,459.6,520.0,1,0,0,0,False,False,658
ESM-2 XGBoost,esm2_1030,1.0919154891532882e-05,0.0,2.4415972594316864e-05,917.2,1079.0,1,0,0,0,False,False,659
ESM-2 XGBoost,esm2_1081,1.0902846625910427e-05,0.0,2.4379506203789933e-05,945.6,1120.0,1,0,0,0,False,False,660
ESM-2 XGBoost,esm2_0448,1.0877729040527137e-05,0.0,1.8246909840157023e-05,468.0,606.0,2,0,0,0,False,False,661
ESM-2 XGBoost,esm2_0001,1.0534153938533898e-05,0.0,2.3555084292008937e-05,261.6,268.0,1,0,0,0,False,False,662
ESM-2 XGBoost,esm2_0970,9.847715855805407e-06,0.0,2.2020162076683406e-05,877.6,1029.0,1,0,0,0,False,False,663
ESM-2 XGBoost,esm2_1229,9.458503498700793e-06,0.0,2.1149856788514567e-05,1047.0,1239.0,1,0,0,0,False,False,664
ESM-2 XGBoost,esm2_0645,9.25304619497125e-06,0.0,2.069044029090149e-05,667.0,765.0,1,0,0,0,False,False,665
ESM-2 XGBoost,esm2_0329,9.192669045069615e-06,0.0,2.0555432879433737e-05,461.4,519.0,1,0,0,0,False,False,666
ESM-2 XGBoost,esm2_0516,8.806507871687288e-06,0.0,1.969195024547977e-05,584.2,664.0,1,0,0,0,False,False,667
ESM-2 XGBoost,esm2_0210,8.589203200826627e-06,0.0,1.920604222960712e-05,386.8,410.0,1,0,0,0,False,False,668
ESM-2 XGBoost,esm2_0194,8.457701487592283e-06,0.0,1.891199545965744e-05,375.2,411.0,1,0,0,0,False,False,669
ESM-2 XGBoost,esm2_1111,8.438329513519011e-06,0.0,1.8868678408771237e-05,967.6,1146.0,1,0,0,0,False,False,670
ESM-2 XGBoost,esm2_1193,7.70477040621235e-06,0.0,1.7228390379319482e-05,1024.0,1210.0,1,0,0,0,False,False,671
ESM-2 XGBoost,esm2_1096,7.269046521964949e-06,0.0,1.6254082154722045e-05,961.0,1134.0,1,0,0,0,False,False,672
ESM-2 XGBoost,esm2_1201,7.090269380491597e-06,0.0,1.5854324313564533e-05,1025.4,1218.0,1,0,0,0,False,False,673
ESM-2 XGBoost,esm2_0882,6.423070733340247e-06,0.0,1.4362422784038218e-05,818.6,956.0,1,0,0,0,False,False,674
ESM-2 XGBoost,esm2_1272,6.095854918915082e-06,0.0,1.3630745979670593e-05,1075.4,1274.0,1,0,0,0,False,False,675
ESM-2 XGBoost,esm2_0427,5.8315037093785015e-06,0.0,1.3039638705212508e-05,525.8,587.0,1,0,0,0,False,False,676
ESM-2 XGBoost,esm2_0060,5.809031120523591e-06,0.0,1.2989388468902524e-05,294.4,305.0,1,0,0,0,False,False,677
ESM-2 XGBoost,esm2_1223,5.175662002512881e-06,0.0,1.157313206618149e-05,1041.6,1235.0,1,0,0,0,False,False,678
ESM-2 XGBoost,esm2_0132,4.851890848856058e-06,0.0,1.0849157757451304e-05,340.8,356.0,1,0,0,0,False,False,679
ESM-2 XGBoost,esm2_0603,4.281181629801568e-06,0.0,9.573013148259646e-06,639.4,737.0,1,0,0,0,False,False,680
ESM-2 XGBoost,esm2_0717,3.0015706211680876e-06,0.0,6.711715948198114e-06,716.8,822.0,1,0,0,0,False,False,681
ESM-2 XGBoost,esm2_0189,2.320800821431248e-06,0.0,5.189468398957621e-06,374.2,394.0,1,0,0,0,False,False,682
ESM-2 XGBoost,esm2_0888,2.0982122190112038e-06,0.0,4.691745152929728e-06,827.4,967.0,1,0,0,0,False,False,683
ESM-2 XGBoost,esm2_0046,1.812455042606946e-06,0.0,4.052772681431409e-06,286.4,295.0,1,0,0,0,False,False,684
ESM-2 XGBoost,esm2_0310,1.472231584212713e-06,0.0,3.2920099009218326e-06,452.8,505.0,1,0,0,0,False,False,685
ESM-2 XGBoost,esm2_0918,1.4512204765159343e-06,0.0,3.245027635829266e-06,839.2,989.0,1,0,0,0,False,False,686
ESM-2 XGBoost,esm2_0004,0.0,0.0,0.0,264.2,270.0,0,0,0,0,False,False,687
ESM-2 XGBoost,esm2_0021,0.0,0.0,0.0,274.6,280.0,0,0,0,0,False,False,688
ESM-2 XGBoost,esm2_0024,0.0,0.0,0.0,276.4,282.0,0,0,0,0,False,False,689
ESM-2 XGBoost,esm2_0037,0.0,0.0,0.0,284.6,287.0,0,0,0,0,False,False,690
ESM-2 XGBoost,esm2_0039,0.0,0.0,0.0,286.2,289.0,0,0,0,0,False,False,691
ESM-2 XGBoost,esm2_0040,0.0,0.0,0.0,287.2,290.0,0,0,0,0,False,False,692
ESM-2 XGBoost,esm2_0042,0.0,0.0,0.0,289.0,292.0,0,0,0,0,False,False,693
ESM-2 XGBoost,esm2_0043,0.0,0.0,0.0,290.0,293.0,0,0,0,0,False,False,694
ESM-2 XGBoost,esm2_0044,0.0,0.0,0.0,291.0,294.0,0,0,0,0,False,False,695
ESM-2 XGBoost,esm2_0047,0.0,0.0,0.0,293.2,296.0,0,0,0,0,False,False,696
ESM-2 XGBoost,esm2_0051,0.0,0.0,0.0,296.4,300.0,0,0,0,0,False,False,697
ESM-2 XGBoost,esm2_0053,0.0,0.0,0.0,297.8,301.0,0,0,0,0,False,False,698
ESM-2 XGBoost,esm2_0056,0.0,0.0,0.0,299.2,302.0,0,0,0,0,False,False,699
ESM-2 XGBoost,esm2_0057,0.0,0.0,0.0,300.2,303.0,0,0,0,0,False,False,700
ESM-2 XGBoost,esm2_0062,0.0,0.0,0.0,304.2,307.0,0,0,0,0,False,False,701
ESM-2 XGBoost,esm2_0066,0.0,0.0,0.0,307.6,310.0,0,0,0,0,False,False,702
ESM-2 XGBoost,esm2_0067,0.0,0.0,0.0,308.6,311.0,0,0,0,0,False,False,703
ESM-2 XGBoost,esm2_0068,0.0,0.0,0.0,309.6,312.0,0,0,0,0,False,False,704
ESM-2 XGBoost,esm2_0069,0.0,0.0,0.0,310.6,313.0,0,0,0,0,False,False,705
ESM-2 XGBoost,esm2_0070,0.0,0.0,0.0,311.6,314.0,0,0,0,0,False,False,706
ESM-2 XGBoost,esm2_0071,0.0,0.0,0.0,312.6,315.0,0,0,0,0,False,False,707
ESM-2 XGBoost,esm2_0072,0.0,0.0,0.0,313.6,316.0,0,0,0,0,False,False,708
ESM-2 XGBoost,esm2_0079,0.0,0.0,0.0,318.6,322.0,0,0,0,0,False,False,709
ESM-2 XGBoost,esm2_0088,0.0,0.0,0.0,324.8,329.0,0,0,0,0,False,False,710
ESM-2 XGBoost,esm2_0090,0.0,0.0,0.0,326.4,330.0,0,0,0,0,False,False,711
ESM-2 XGBoost,esm2_0091,0.0,0.0,0.0,327.4,331.0,0,0,0,0,False,False,712
ESM-2 XGBoost,esm2_0092,0.0,0.0,0.0,328.4,332.0,0,0,0,0,False,False,713
ESM-2 XGBoost,esm2_0094,0.0,0.0,0.0,330.2,334.0,0,0,0,0,False,False,714
ESM-2 XGBoost,esm2_0095,0.0,0.0,0.0,331.2,335.0,0,0,0,0,False,False,715
ESM-2 XGBoost,esm2_0096,0.0,0.0,0.0,332.2,336.0,0,0,0,0,False,False,716
ESM-2 XGBoost,esm2_0099,0.0,0.0,0.0,334.6,338.0,0,0,0,0,False,False,717
ESM-2 XGBoost,esm2_0101,0.0,0.0,0.0,336.2,340.0,0,0,0,0,False,False,718
ESM-2 XGBoost,esm2_0102,0.0,0.0,0.0,337.2,341.0,0,0,0,0,False,False,719
ESM-2 XGBoost,esm2_0104,0.0,0.0,0.0,339.0,343.0,0,0,0,0,False,False,720
ESM-2 XGBoost,esm2_0105,0.0,0.0,0.0,340.0,344.0,0,0,0,0,False,False,721
ESM-2 XGBoost,esm2_0109,0.0,0.0,0.0,343.0,347.0,0,0,0,0,False,False,722
ESM-2 XGBoost,esm2_0110,0.0,0.0,0.0,344.0,348.0,0,0,0,0,False,False,723
ESM-2 XGBoost,esm2_0112,0.0,0.0,0.0,345.8,350.0,0,0,0,0,False,False,724
ESM-2 XGBoost,esm2_0113,0.0,0.0,0.0,346.8,351.0,0,0,0,0,False,False,725
ESM-2 XGBoost,esm2_0114,0.0,0.0,0.0,347.8,352.0,0,0,0,0,False,False,726
ESM-2 XGBoost,esm2_0118,0.0,0.0,0.0,350.6,355.0,0,0,0,0,False,False,727
ESM-2 XGBoost,esm2_0122,0.0,0.0,0.0,353.2,356.0,0,0,0,0,False,False,728
ESM-2 XGBoost,esm2_0130,0.0,0.0,0.0,358.6,361.0,0,0,0,0,False,False,729
ESM-2 XGBoost,esm2_0134,0.0,0.0,0.0,361.6,365.0,0,0,0,0,False,False,730
ESM-2 XGBoost,esm2_0139,0.0,0.0,0.0,364.6,369.0,0,0,0,0,False,False,731
ESM-2 XGBoost,esm2_0142,0.0,0.0,0.0,366.4,370.0,0,0,0,0,False,False,732
ESM-2 XGBoost,esm2_0145,0.0,0.0,0.0,368.8,372.0,0,0,0,0,False,False,733
ESM-2 XGBoost,esm2_0147,0.0,0.0,0.0,370.2,373.0,0,0,0,0,False,False,734
ESM-2 XGBoost,esm2_0148,0.0,0.0,0.0,371.2,374.0,0,0,0,0,False,False,735
ESM-2 XGBoost,esm2_0151,0.0,0.0,0.0,373.4,377.0,0,0,0,0,False,False,736
ESM-2 XGBoost,esm2_0152,0.0,0.0,0.0,374.4,378.0,0,0,0,0,False,False,737
ESM-2 XGBoost,esm2_0153,0.0,0.0,0.0,375.4,379.0,0,0,0,0,False,False,738
ESM-2 XGBoost,esm2_0156,0.0,0.0,0.0,377.6,381.0,0,0,0,0,False,False,739
ESM-2 XGBoost,esm2_0165,0.0,0.0,0.0,383.0,388.0,0,0,0,0,False,False,740
ESM-2 XGBoost,esm2_0166,0.0,0.0,0.0,384.0,389.0,0,0,0,0,False,False,741
ESM-2 XGBoost,esm2_0167,0.0,0.0,0.0,385.0,390.0,0,0,0,0,False,False,742
ESM-2 XGBoost,esm2_0171,0.0,0.0,0.0,387.6,393.0,0,0,0,0,False,False,743
ESM-2 XGBoost,esm2_0175,0.0,0.0,0.0,390.2,395.0,0,0,0,0,False,False,744
ESM-2 XGBoost,esm2_0176,0.0,0.0,0.0,391.2,396.0,0,0,0,0,False,False,745
ESM-2 XGBoost,esm2_0177,0.0,0.0,0.0,392.2,397.0,0,0,0,0,False,False,746
ESM-2 XGBoost,esm2_0178,0.0,0.0,0.0,393.2,398.0,0,0,0,0,False,False,747
ESM-2 XGBoost,esm2_0179,0.0,0.0,0.0,394.2,399.0,0,0,0,0,False,False,748
ESM-2 XGBoost,esm2_0185,0.0,0.0,0.0,397.8,404.0,0,0,0,0,False,False,749
ESM-2 XGBoost,esm2_0191,0.0,0.0,0.0,402.2,408.0,0,0,0,0,False,False,750
ESM-2 XGBoost,esm2_0192,0.0,0.0,0.0,403.2,409.0,0,0,0,0,False,False,751
ESM-2 XGBoost,esm2_0193,0.0,0.0,0.0,404.2,410.0,0,0,0,0,False,False,752
ESM-2 XGBoost,esm2_0196,0.0,0.0,0.0,406.4,412.0,0,0,0,0,False,False,753
ESM-2 XGBoost,esm2_0197,0.0,0.0,0.0,407.4,413.0,0,0,0,0,False,False,754
ESM-2 XGBoost,esm2_0200,0.0,0.0,0.0,410.0,416.0,0,0,0,0,False,False,755
ESM-2 XGBoost,esm2_0203,0.0,0.0,0.0,412.4,419.0,0,0,0,0,False,False,756
ESM-2 XGBoost,esm2_0204,0.0,0.0,0.0,413.4,420.0,0,0,0,0,False,False,757
ESM-2 XGBoost,esm2_0206,0.0,0.0,0.0,415.0,421.0,0,0,0,0,False,False,758
ESM-2 XGBoost,esm2_0207,0.0,0.0,0.0,416.0,422.0,0,0,0,0,False,False,759
ESM-2 XGBoost,esm2_0209,0.0,0.0,0.0,417.8,424.0,0,0,0,0,False,False,760
ESM-2 XGBoost,esm2_0216,0.0,0.0,0.0,423.2,429.0,0,0,0,0,False,False,761
ESM-2 XGBoost,esm2_0219,0.0,0.0,0.0,425.6,431.0,0,0,0,0,False,False,762
ESM-2 XGBoost,esm2_0221,0.0,0.0,0.0,427.4,433.0,0,0,0,0,False,False,763
ESM-2 XGBoost,esm2_0225,0.0,0.0,0.0,430.0,436.0,0,0,0,0,False,False,764
ESM-2 XGBoost,esm2_0227,0.0,0.0,0.0,431.8,438.0,0,0,0,0,False,False,765
ESM-2 XGBoost,esm2_0231,0.0,0.0,0.0,434.4,439.0,0,0,0,0,False,False,766
ESM-2 XGBoost,esm2_0235,0.0,0.0,0.0,436.8,442.0,0,0,0,0,False,False,767
ESM-2 XGBoost,esm2_0239,0.0,0.0,0.0,439.8,445.0,0,0,0,0,False,False,768
ESM-2 XGBoost,esm2_0242,0.0,0.0,0.0,442.4,448.0,0,0,0,0,False,False,769
ESM-2 XGBoost,esm2_0245,0.0,0.0,0.0,444.2,450.0,0,0,0,0,False,False,770
ESM-2 XGBoost,esm2_0247,0.0,0.0,0.0,446.0,451.0,0,0,0,0,False,False,771
ESM-2 XGBoost,esm2_0248,0.0,0.0,0.0,447.0,452.0,0,0,0,0,False,False,772
ESM-2 XGBoost,esm2_0249,0.0,0.0,0.0,448.0,453.0,0,0,0,0,False,False,773
ESM-2 XGBoost,esm2_0251,0.0,0.0,0.0,449.8,455.0,0,0,0,0,False,False,774
ESM-2 XGBoost,esm2_0254,0.0,0.0,0.0,452.2,456.0,0,0,0,0,False,False,775
ESM-2 XGBoost,esm2_0255,0.0,0.0,0.0,453.2,457.0,0,0,0,0,False,False,776
ESM-2 XGBoost,esm2_0256,0.0,0.0,0.0,454.2,458.0,0,0,0,0,False,False,777
ESM-2 XGBoost,esm2_0257,0.0,0.0,0.0,455.2,459.0,0,0,0,0,False,False,778
ESM-2 XGBoost,esm2_0259,0.0,0.0,0.0,456.6,460.0,0,0,0,0,False,False,779
ESM-2 XGBoost,esm2_0260,0.0,0.0,0.0,457.6,461.0,0,0,0,0,False,False,780
ESM-2 XGBoost,esm2_0262,0.0,0.0,0.0,458.8,462.0,0,0,0,0,False,False,781
ESM-2 XGBoost,esm2_0263,0.0,0.0,0.0,459.8,463.0,0,0,0,0,False,False,782
ESM-2 XGBoost,esm2_0264,0.0,0.0,0.0,460.8,464.0,0,0,0,0,False,False,783
ESM-2 XGBoost,esm2_0265,0.0,0.0,0.0,461.8,465.0,0,0,0,0,False,False,784
ESM-2 XGBoost,esm2_0267,0.0,0.0,0.0,463.4,467.0,0,0,0,0,False,False,785
ESM-2 XGBoost,esm2_0269,0.0,0.0,0.0,465.2,469.0,0,0,0,0,False,False,786
ESM-2 XGBoost,esm2_0272,0.0,0.0,0.0,467.8,472.0,0,0,0,0,False,False,787
ESM-2 XGBoost,esm2_0273,0.0,0.0,0.0,468.8,473.0,0,0,0,0,False,False,788
ESM-2 XGBoost,esm2_0276,0.0,0.0,0.0,471.0,475.0,0,0,0,0,False,False,789
ESM-2 XGBoost,esm2_0279,0.0,0.0,0.0,473.2,477.0,0,0,0,0,False,False,790
ESM-2 XGBoost,esm2_0282,0.0,0.0,0.0,475.4,479.0,0,0,0,0,False,False,791
ESM-2 XGBoost,esm2_0283,0.0,0.0,0.0,476.4,480.0,0,0,0,0,False,False,792
ESM-2 XGBoost,esm2_0284,0.0,0.0,0.0,477.4,481.0,0,0,0,0,False,False,793
ESM-2 XGBoost,esm2_0285,0.0,0.0,0.0,478.4,482.0,0,0,0,0,False,False,794
ESM-2 XGBoost,esm2_0286,0.0,0.0,0.0,479.4,483.0,0,0,0,0,False,False,795
ESM-2 XGBoost,esm2_0288,0.0,0.0,0.0,480.8,485.0,0,0,0,0,False,False,796
ESM-2 XGBoost,esm2_0289,0.0,0.0,0.0,481.8,486.0,0,0,0,0,False,False,797
ESM-2 XGBoost,esm2_0297,0.0,0.0,0.0,487.6,493.0,0,0,0,0,False,False,798
ESM-2 XGBoost,esm2_0298,0.0,0.0,0.0,488.6,494.0,0,0,0,0,False,False,799
ESM-2 XGBoost,esm2_0300,0.0,0.0,0.0,490.4,496.0,0,0,0,0,False,False,800
ESM-2 XGBoost,esm2_0303,0.0,0.0,0.0,493.0,498.0,0,0,0,0,False,False,801
ESM-2 XGBoost,esm2_0306,0.0,0.0,0.0,495.4,501.0,0,0,0,0,False,False,802
ESM-2 XGBoost,esm2_0307,0.0,0.0,0.0,496.4,502.0,0,0,0,0,False,False,803
ESM-2 XGBoost,esm2_0308,0.0,0.0,0.0,497.4,503.0,0,0,0,0,False,False,804
ESM-2 XGBoost,esm2_0309,0.0,0.0,0.0,498.4,504.0,0,0,0,0,False,False,805
ESM-2 XGBoost,esm2_0314,0.0,0.0,0.0,501.8,507.0,0,0,0,0,False,False,806
ESM-2 XGBoost,esm2_0315,0.0,0.0,0.0,502.8,508.0,0,0,0,0,False,False,807
ESM-2 XGBoost,esm2_0318,0.0,0.0,0.0,505.2,510.0,0,0,0,0,False,False,808
ESM-2 XGBoost,esm2_0320,0.0,0.0,0.0,507.0,512.0,0,0,0,0,False,False,809
ESM-2 XGBoost,esm2_0327,0.0,0.0,0.0,511.2,517.0,0,0,0,0,False,False,810
ESM-2 XGBoost,esm2_0328,0.0,0.0,0.0,512.2,518.0,0,0,0,0,False,False,811
ESM-2 XGBoost,esm2_0332,0.0,0.0,0.0,515.6,522.0,0,0,0,0,False,False,812
ESM-2 XGBoost,esm2_0333,0.0,0.0,0.0,516.6,523.0,0,0,0,0,False,False,813
ESM-2 XGBoost,esm2_0334,0.0,0.0,0.0,517.6,524.0,0,0,0,0,False,False,814
ESM-2 XGBoost,esm2_0335,0.0,0.0,0.0,518.6,525.0,0,0,0,0,False,False,815
ESM-2 XGBoost,esm2_0338,0.0,0.0,0.0,520.4,526.0,0,0,0,0,False,False,816
ESM-2 XGBoost,esm2_0339,0.0,0.0,0.0,521.4,527.0,0,0,0,0,False,False,817
ESM-2 XGBoost,esm2_0340,0.0,0.0,0.0,522.4,528.0,0,0,0,0,False,False,818
ESM-2 XGBoost,esm2_0344,0.0,0.0,0.0,525.0,530.0,0,0,0,0,False,False,819
ESM-2 XGBoost,esm2_0346,0.0,0.0,0.0,526.2,531.0,0,0,0,0,False,False,820
ESM-2 XGBoost,esm2_0347,0.0,0.0,0.0,527.2,532.0,0,0,0,0,False,False,821
ESM-2 XGBoost,esm2_0350,0.0,0.0,0.0,529.2,534.0,0,0,0,0,False,False,822
ESM-2 XGBoost,esm2_0353,0.0,0.0,0.0,531.4,536.0,0,0,0,0,False,False,823
ESM-2 XGBoost,esm2_0354,0.0,0.0,0.0,532.4,537.0,0,0,0,0,False,False,824
ESM-2 XGBoost,esm2_0356,0.0,0.0,0.0,534.2,539.0,0,0,0,0,False,False,825
ESM-2 XGBoost,esm2_0359,0.0,0.0,0.0,536.0,541.0,0,0,0,0,False,False,826
ESM-2 XGBoost,esm2_0360,0.0,0.0,0.0,537.0,542.0,0,0,0,0,False,False,827
ESM-2 XGBoost,esm2_0361,0.0,0.0,0.0,538.0,543.0,0,0,0,0,False,False,828
ESM-2 XGBoost,esm2_0364,0.0,0.0,0.0,540.2,545.0,0,0,0,0,False,False,829
ESM-2 XGBoost,esm2_0366,0.0,0.0,0.0,542.0,547.0,0,0,0,0,False,False,830
ESM-2 XGBoost,esm2_0370,0.0,0.0,0.0,545.0,549.0,0,0,0,0,False,False,831
ESM-2 XGBoost,esm2_0371,0.0,0.0,0.0,546.0,550.0,0,0,0,0,False,False,832
ESM-2 XGBoost,esm2_0373,0.0,0.0,0.0,547.6,551.0,0,0,0,0,False,False,833
ESM-2 XGBoost,esm2_0376,0.0,0.0,0.0,549.6,553.0,0,0,0,0,False,False,834
ESM-2 XGBoost,esm2_0377,0.0,0.0,0.0,550.6,554.0,0,0,0,0,False,False,835
ESM-2 XGBoost,esm2_0379,0.0,0.0,0.0,552.2,556.0,0,0,0,0,False,False,836
ESM-2 XGBoost,esm2_0381,0.0,0.0,0.0,553.8,557.0,0,0,0,0,False,False,837
ESM-2 XGBoost,esm2_0382,0.0,0.0,0.0,554.8,558.0,0,0,0,0,False,False,838
ESM-2 XGBoost,esm2_0383,0.0,0.0,0.0,555.8,559.0,0,0,0,0,False,False,839
ESM-2 XGBoost,esm2_0386,0.0,0.0,0.0,558.2,560.0,0,0,0,0,False,False,840
ESM-2 XGBoost,esm2_0387,0.0,0.0,0.0,559.2,561.0,0,0,0,0,False,False,841
ESM-2 XGBoost,esm2_0392,0.0,0.0,0.0,562.4,563.0,0,0,0,0,False,False,842
ESM-2 XGBoost,esm2_0394,0.0,0.0,0.0,564.2,565.0,0,0,0,0,False,False,843
ESM-2 XGBoost,esm2_0396,0.0,0.0,0.0,565.8,566.0,0,0,0,0,False,False,844
ESM-2 XGBoost,esm2_0398,0.0,0.0,0.0,567.6,567.0,0,0,0,0,False,False,845
ESM-2 XGBoost,esm2_0400,0.0,0.0,0.0,568.8,568.0,0,0,0,0,False,False,846
ESM-2 XGBoost,esm2_0402,0.0,0.0,0.0,570.6,569.0,0,0,0,0,False,False,847
ESM-2 XGBoost,esm2_0404,0.0,0.0,0.0,572.2,571.0,0,0,0,0,False,False,848
ESM-2 XGBoost,esm2_0407,0.0,0.0,0.0,574.6,573.0,0,0,0,0,False,False,849
ESM-2 XGBoost,esm2_0408,0.0,0.0,0.0,575.6,574.0,0,0,0,0,False,False,850
ESM-2 XGBoost,esm2_0409,0.0,0.0,0.0,576.6,575.0,0,0,0,0,False,False,851
ESM-2 XGBoost,esm2_0410,0.0,0.0,0.0,577.6,576.0,0,0,0,0,False,False,852
ESM-2 XGBoost,esm2_0411,0.0,0.0,0.0,578.6,577.0,0,0,0,0,False,False,853
ESM-2 XGBoost,esm2_0415,0.0,0.0,0.0,581.8,578.0,0,0,0,0,False,False,854
ESM-2 XGBoost,esm2_0416,0.0,0.0,0.0,582.8,579.0,0,0,0,0,False,False,855
ESM-2 XGBoost,esm2_0417,0.0,0.0,0.0,583.8,580.0,0,0,0,0,False,False,856
ESM-2 XGBoost,esm2_0420,0.0,0.0,0.0,586.4,582.0,0,0,0,0,False,False,857
ESM-2 XGBoost,esm2_0423,0.0,0.0,0.0,589.0,585.0,0,0,0,0,False,False,858
ESM-2 XGBoost,esm2_0426,0.0,0.0,0.0,590.8,586.0,0,0,0,0,False,False,859
ESM-2 XGBoost,esm2_0429,0.0,0.0,0.0,593.4,589.0,0,0,0,0,False,False,860
ESM-2 XGBoost,esm2_0431,0.0,0.0,0.0,595.2,591.0,0,0,0,0,False,False,861
ESM-2 XGBoost,esm2_0432,0.0,0.0,0.0,596.2,592.0,0,0,0,0,False,False,862
ESM-2 XGBoost,esm2_0435,0.0,0.0,0.0,598.2,594.0,0,0,0,0,False,False,863
ESM-2 XGBoost,esm2_0436,0.0,0.0,0.0,599.2,595.0,0,0,0,0,False,False,864
ESM-2 XGBoost,esm2_0437,0.0,0.0,0.0,600.2,596.0,0,0,0,0,False,False,865
ESM-2 XGBoost,esm2_0439,0.0,0.0,0.0,602.0,598.0,0,0,0,0,False,False,866
ESM-2 XGBoost,esm2_0440,0.0,0.0,0.0,603.0,599.0,0,0,0,0,False,False,867
ESM-2 XGBoost,esm2_0442,0.0,0.0,0.0,604.8,601.0,0,0,0,0,False,False,868
ESM-2 XGBoost,esm2_0443,0.0,0.0,0.0,605.8,602.0,0,0,0,0,False,False,869
ESM-2 XGBoost,esm2_0444,0.0,0.0,0.0,606.8,603.0,0,0,0,0,False,False,870
ESM-2 XGBoost,esm2_0445,0.0,0.0,0.0,607.8,604.0,0,0,0,0,False,False,871
ESM-2 XGBoost,esm2_0446,0.0,0.0,0.0,608.8,605.0,0,0,0,0,False,False,872
ESM-2 XGBoost,esm2_0449,0.0,0.0,0.0,611.0,608.0,0,0,0,0,False,False,873
ESM-2 XGBoost,esm2_0450,0.0,0.0,0.0,612.0,609.0,0,0,0,0,False,False,874
ESM-2 XGBoost,esm2_0451,0.0,0.0,0.0,613.0,610.0,0,0,0,0,False,False,875
ESM-2 XGBoost,esm2_0453,0.0,0.0,0.0,614.4,612.0,0,0,0,0,False,False,876
ESM-2 XGBoost,esm2_0454,0.0,0.0,0.0,615.4,613.0,0,0,0,0,False,False,877
ESM-2 XGBoost,esm2_0455,0.0,0.0,0.0,616.4,614.0,0,0,0,0,False,False,878
ESM-2 XGBoost,esm2_0456,0.0,0.0,0.0,617.4,615.0,0,0,0,0,False,False,879
ESM-2 XGBoost,esm2_0457,0.0,0.0,0.0,618.4,616.0,0,0,0,0,False,False,880
ESM-2 XGBoost,esm2_0458,0.0,0.0,0.0,619.4,617.0,0,0,0,0,False,False,881
ESM-2 XGBoost,esm2_0460,0.0,0.0,0.0,621.2,619.0,0,0,0,0,False,False,882
ESM-2 XGBoost,esm2_0461,0.0,0.0,0.0,622.2,620.0,0,0,0,0,False,False,883
ESM-2 XGBoost,esm2_0463,0.0,0.0,0.0,623.6,621.0,0,0,0,0,False,False,884
ESM-2 XGBoost,esm2_0465,0.0,0.0,0.0,625.4,623.0,0,0,0,0,False,False,885
ESM-2 XGBoost,esm2_0469,0.0,0.0,0.0,628.4,626.0,0,0,0,0,False,False,886
ESM-2 XGBoost,esm2_0470,0.0,0.0,0.0,629.4,627.0,0,0,0,0,False,False,887
ESM-2 XGBoost,esm2_0472,0.0,0.0,0.0,631.2,629.0,0,0,0,0,False,False,888
ESM-2 XGBoost,esm2_0473,0.0,0.0,0.0,632.2,630.0,0,0,0,0,False,False,889
ESM-2 XGBoost,esm2_0474,0.0,0.0,0.0,633.2,631.0,0,0,0,0,False,False,890
ESM-2 XGBoost,esm2_0475,0.0,0.0,0.0,634.2,632.0,0,0,0,0,False,False,891
ESM-2 XGBoost,esm2_0476,0.0,0.0,0.0,635.2,633.0,0,0,0,0,False,False,892
ESM-2 XGBoost,esm2_0477,0.0,0.0,0.0,636.2,634.0,0,0,0,0,False,False,893
ESM-2 XGBoost,esm2_0480,0.0,0.0,0.0,638.6,636.0,0,0,0,0,False,False,894
ESM-2 XGBoost,esm2_0482,0.0,0.0,0.0,640.2,637.0,0,0,0,0,False,False,895
ESM-2 XGBoost,esm2_0484,0.0,0.0,0.0,642.0,639.0,0,0,0,0,False,False,896
ESM-2 XGBoost,esm2_0486,0.0,0.0,0.0,643.8,641.0,0,0,0,0,False,False,897
ESM-2 XGBoost,esm2_0491,0.0,0.0,0.0,647.4,645.0,0,0,0,0,False,False,898
ESM-2 XGBoost,esm2_0492,0.0,0.0,0.0,648.4,646.0,0,0,0,0,False,False,899
ESM-2 XGBoost,esm2_0493,0.0,0.0,0.0,649.4,647.0,0,0,0,0,False,False,900
ESM-2 XGBoost,esm2_0495,0.0,0.0,0.0,651.2,649.0,0,0,0,0,False,False,901
ESM-2 XGBoost,esm2_0497,0.0,0.0,0.0,653.0,651.0,0,0,0,0,False,False,902
ESM-2 XGBoost,esm2_0499,0.0,0.0,0.0,654.8,653.0,0,0,0,0,False,False,903
ESM-2 XGBoost,esm2_0500,0.0,0.0,0.0,655.8,654.0,0,0,0,0,False,False,904
ESM-2 XGBoost,esm2_0502,0.0,0.0,0.0,657.6,656.0,0,0,0,0,False,False,905
ESM-2 XGBoost,esm2_0503,0.0,0.0,0.0,658.6,657.0,0,0,0,0,False,False,906
ESM-2 XGBoost,esm2_0507,0.0,0.0,0.0,661.4,661.0,0,0,0,0,False,False,907
ESM-2 XGBoost,esm2_0510,0.0,0.0,0.0,663.6,664.0,0,0,0,0,False,False,908
ESM-2 XGBoost,esm2_0512,0.0,0.0,0.0,664.6,665.0,0,0,0,0,False,False,909
ESM-2 XGBoost,esm2_0513,0.0,0.0,0.0,665.6,666.0,0,0,0,0,False,False,910
ESM-2 XGBoost,esm2_0514,0.0,0.0,0.0,666.6,667.0,0,0,0,0,False,False,911
ESM-2 XGBoost,esm2_0515,0.0,0.0,0.0,667.6,668.0,0,0,0,0,False,False,912
ESM-2 XGBoost,esm2_0521,0.0,0.0,0.0,672.2,671.0,0,0,0,0,False,False,913
ESM-2 XGBoost,esm2_0523,0.0,0.0,0.0,673.8,673.0,0,0,0,0,False,False,914
ESM-2 XGBoost,esm2_0526,0.0,0.0,0.0,676.4,676.0,0,0,0,0,False,False,915
ESM-2 XGBoost,esm2_0528,0.0,0.0,0.0,678.0,678.0,0,0,0,0,False,False,916
ESM-2 XGBoost,esm2_0530,0.0,0.0,0.0,679.6,679.0,0,0,0,0,False,False,917
ESM-2 XGBoost,esm2_0531,0.0,0.0,0.0,680.6,680.0,0,0,0,0,False,False,918
ESM-2 XGBoost,esm2_0533,0.0,0.0,0.0,682.0,682.0,0,0,0,0,False,False,919
ESM-2 XGBoost,esm2_0535,0.0,0.0,0.0,683.8,684.0,0,0,0,0,False,False,920
ESM-2 XGBoost,esm2_0536,0.0,0.0,0.0,684.8,685.0,0,0,0,0,False,False,921
ESM-2 XGBoost,esm2_0537,0.0,0.0,0.0,685.8,686.0,0,0,0,0,False,False,922
ESM-2 XGBoost,esm2_0539,0.0,0.0,0.0,687.2,688.0,0,0,0,0,False,False,923
ESM-2 XGBoost,esm2_0540,0.0,0.0,0.0,688.2,689.0,0,0,0,0,False,False,924
ESM-2 XGBoost,esm2_0541,0.0,0.0,0.0,689.2,690.0,0,0,0,0,False,False,925
ESM-2 XGBoost,esm2_0544,0.0,0.0,0.0,691.0,692.0,0,0,0,0,False,False,926
ESM-2 XGBoost,esm2_0545,0.0,0.0,0.0,692.0,693.0,0,0,0,0,False,False,927
ESM-2 XGBoost,esm2_0548,0.0,0.0,0.0,694.2,696.0,0,0,0,0,False,False,928
ESM-2 XGBoost,esm2_0549,0.0,0.0,0.0,695.2,697.0,0,0,0,0,False,False,929
ESM-2 XGBoost,esm2_0554,0.0,0.0,0.0,698.8,699.0,0,0,0,0,False,False,930
ESM-2 XGBoost,esm2_0555,0.0,0.0,0.0,699.8,700.0,0,0,0,0,False,False,931
ESM-2 XGBoost,esm2_0557,0.0,0.0,0.0,701.4,702.0,0,0,0,0,False,False,932
ESM-2 XGBoost,esm2_0561,0.0,0.0,0.0,704.4,705.0,0,0,0,0,False,False,933
ESM-2 XGBoost,esm2_0564,0.0,0.0,0.0,707.0,708.0,0,0,0,0,False,False,934
ESM-2 XGBoost,esm2_0566,0.0,0.0,0.0,708.6,710.0,0,0,0,0,False,False,935
ESM-2 XGBoost,esm2_0567,0.0,0.0,0.0,709.6,711.0,0,0,0,0,False,False,936
ESM-2 XGBoost,esm2_0569,0.0,0.0,0.0,711.4,713.0,0,0,0,0,False,False,937
ESM-2 XGBoost,esm2_0570,0.0,0.0,0.0,712.4,714.0,0,0,0,0,False,False,938
ESM-2 XGBoost,esm2_0571,0.0,0.0,0.0,713.4,715.0,0,0,0,0,False,False,939
ESM-2 XGBoost,esm2_0573,0.0,0.0,0.0,715.0,716.0,0,0,0,0,False,False,940
ESM-2 XGBoost,esm2_0574,0.0,0.0,0.0,716.0,717.0,0,0,0,0,False,False,941
ESM-2 XGBoost,esm2_0577,0.0,0.0,0.0,718.4,718.0,0,0,0,0,False,False,942
ESM-2 XGBoost,esm2_0580,0.0,0.0,0.0,720.4,720.0,0,0,0,0,False,False,943
ESM-2 XGBoost,esm2_0584,0.0,0.0,0.0,722.8,723.0,0,0,0,0,False,False,944
ESM-2 XGBoost,esm2_0586,0.0,0.0,0.0,724.0,725.0,0,0,0,0,False,False,945
ESM-2 XGBoost,esm2_0588,0.0,0.0,0.0,725.8,726.0,0,0,0,0,False,False,946
ESM-2 XGBoost,esm2_0593,0.0,0.0,0.0,729.4,729.0,0,0,0,0,False,False,947
ESM-2 XGBoost,esm2_0594,0.0,0.0,0.0,730.4,730.0,0,0,0,0,False,False,948
ESM-2 XGBoost,esm2_0596,0.0,0.0,0.0,731.8,731.0,0,0,0,0,False,False,949
ESM-2 XGBoost,esm2_0598,0.0,0.0,0.0,733.6,732.0,0,0,0,0,False,False,950
ESM-2 XGBoost,esm2_0599,0.0,0.0,0.0,734.6,733.0,0,0,0,0,False,False,951
ESM-2 XGBoost,esm2_0601,0.0,0.0,0.0,736.4,735.0,0,0,0,0,False,False,952
ESM-2 XGBoost,esm2_0602,0.0,0.0,0.0,737.4,736.0,0,0,0,0,False,False,953
ESM-2 XGBoost,esm2_0604,0.0,0.0,0.0,739.2,738.0,0,0,0,0,False,False,954
ESM-2 XGBoost,esm2_0605,0.0,0.0,0.0,740.2,739.0,0,0,0,0,False,False,955
ESM-2 XGBoost,esm2_0606,0.0,0.0,0.0,741.2,740.0,0,0,0,0,False,False,956
ESM-2 XGBoost,esm2_0609,0.0,0.0,0.0,742.4,741.0,0,0,0,0,False,False,957
ESM-2 XGBoost,esm2_0610,0.0,0.0,0.0,743.4,742.0,0,0,0,0,False,False,958
ESM-2 XGBoost,esm2_0612,0.0,0.0,0.0,745.0,743.0,0,0,0,0,False,False,959
ESM-2 XGBoost,esm2_0613,0.0,0.0,0.0,746.0,744.0,0,0,0,0,False,False,960
ESM-2 XGBoost,esm2_0615,0.0,0.0,0.0,747.6,746.0,0,0,0,0,False,False,961
ESM-2 XGBoost,esm2_0616,0.0,0.0,0.0,748.6,747.0,0,0,0,0,False,False,962
ESM-2 XGBoost,esm2_0620,0.0,0.0,0.0,751.4,751.0,0,0,0,0,False,False,963
ESM-2 XGBoost,esm2_0621,0.0,0.0,0.0,752.4,752.0,0,0,0,0,False,False,964
ESM-2 XGBoost,esm2_0623,0.0,0.0,0.0,754.0,754.0,0,0,0,0,False,False,965
ESM-2 XGBoost,esm2_0624,0.0,0.0,0.0,755.0,755.0,0,0,0,0,False,False,966
ESM-2 XGBoost,esm2_0627,0.0,0.0,0.0,757.6,758.0,0,0,0,0,False,False,967
ESM-2 XGBoost,esm2_0628,0.0,0.0,0.0,758.6,759.0,0,0,0,0,False,False,968
ESM-2 XGBoost,esm2_0630,0.0,0.0,0.0,760.4,760.0,0,0,0,0,False,False,969
ESM-2 XGBoost,esm2_0634,0.0,0.0,0.0,763.2,763.0,0,0,0,0,False,False,970
ESM-2 XGBoost,esm2_0635,0.0,0.0,0.0,764.2,764.0,0,0,0,0,False,False,971
ESM-2 XGBoost,esm2_0636,0.0,0.0,0.0,765.2,765.0,0,0,0,0,False,False,972
ESM-2 XGBoost,esm2_0637,0.0,0.0,0.0,766.2,766.0,0,0,0,0,False,False,973
ESM-2 XGBoost,esm2_0639,0.0,0.0,0.0,767.4,767.0,0,0,0,0,False,False,974
ESM-2 XGBoost,esm2_0641,0.0,0.0,0.0,769.2,769.0,0,0,0,0,False,False,975
ESM-2 XGBoost,esm2_0643,0.0,0.0,0.0,771.0,771.0,0,0,0,0,False,False,976
ESM-2 XGBoost,esm2_0646,0.0,0.0,0.0,773.6,773.0,0,0,0,0,False,False,977
ESM-2 XGBoost,esm2_0648,0.0,0.0,0.0,774.6,774.0,0,0,0,0,False,False,978
ESM-2 XGBoost,esm2_0650,0.0,0.0,0.0,775.8,775.0,0,0,0,0,False,False,979
ESM-2 XGBoost,esm2_0651,0.0,0.0,0.0,776.8,776.0,0,0,0,0,False,False,980
ESM-2 XGBoost,esm2_0652,0.0,0.0,0.0,777.8,777.0,0,0,0,0,False,False,981
ESM-2 XGBoost,esm2_0656,0.0,0.0,0.0,780.8,780.0,0,0,0,0,False,False,982
ESM-2 XGBoost,esm2_0657,0.0,0.0,0.0,781.8,781.0,0,0,0,0,False,False,983
ESM-2 XGBoost,esm2_0658,0.0,0.0,0.0,782.8,782.0,0,0,0,0,False,False,984
ESM-2 XGBoost,esm2_0659,0.0,0.0,0.0,783.8,783.0,0,0,0,0,False,False,985
ESM-2 XGBoost,esm2_0662,0.0,0.0,0.0,786.0,786.0,0,0,0,0,False,False,986
ESM-2 XGBoost,esm2_0664,0.0,0.0,0.0,787.8,787.0,0,0,0,0,False,False,987
ESM-2 XGBoost,esm2_0665,0.0,0.0,0.0,788.8,788.0,0,0,0,0,False,False,988
ESM-2 XGBoost,esm2_0667,0.0,0.0,0.0,790.6,790.0,0,0,0,0,False,False,989
ESM-2 XGBoost,esm2_0669,0.0,0.0,0.0,792.4,792.0,0,0,0,0,False,False,990
ESM-2 XGBoost,esm2_0671,0.0,0.0,0.0,794.0,793.0,0,0,0,0,False,False,991
ESM-2 XGBoost,esm2_0675,0.0,0.0,0.0,797.2,796.0,0,0,0,0,False,False,992
ESM-2 XGBoost,esm2_0677,0.0,0.0,0.0,799.0,798.0,0,0,0,0,False,False,993
ESM-2 XGBoost,esm2_0678,0.0,0.0,0.0,800.0,799.0,0,0,0,0,False,False,994
ESM-2 XGBoost,esm2_0689,0.0,0.0,0.0,807.6,807.0,0,0,0,0,False,False,995
ESM-2 XGBoost,esm2_0690,0.0,0.0,0.0,808.6,808.0,0,0,0,0,False,False,996
ESM-2 XGBoost,esm2_0691,0.0,0.0,0.0,809.6,809.0,0,0,0,0,False,False,997
ESM-2 XGBoost,esm2_0693,0.0,0.0,0.0,811.2,810.0,0,0,0,0,False,False,998
ESM-2 XGBoost,esm2_0694,0.0,0.0,0.0,812.2,811.0,0,0,0,0,False,False,999
ESM-2 XGBoost,esm2_0696,0.0,0.0,0.0,814.0,813.0,0,0,0,0,False,False,1000
ESM-2 XGBoost,esm2_0701,0.0,0.0,0.0,818.0,818.0,0,0,0,0,False,False,1001
ESM-2 XGBoost,esm2_0703,0.0,0.0,0.0,819.8,820.0,0,0,0,0,False,False,1002
ESM-2 XGBoost,esm2_0709,0.0,0.0,0.0,823.2,823.0,0,0,0,0,False,False,1003
ESM-2 XGBoost,esm2_0712,0.0,0.0,0.0,825.2,825.0,0,0,0,0,False,False,1004
ESM-2 XGBoost,esm2_0713,0.0,0.0,0.0,826.2,826.0,0,0,0,0,False,False,1005
ESM-2 XGBoost,esm2_0718,0.0,0.0,0.0,830.0,829.0,0,0,0,0,False,False,1006
ESM-2 XGBoost,esm2_0720,0.0,0.0,0.0,831.2,830.0,0,0,0,0,False,False,1007
ESM-2 XGBoost,esm2_0722,0.0,0.0,0.0,832.8,832.0,0,0,0,0,False,False,1008
ESM-2 XGBoost,esm2_0723,0.0,0.0,0.0,833.8,833.0,0,0,0,0,False,False,1009
ESM-2 XGBoost,esm2_0728,0.0,0.0,0.0,836.6,837.0,0,0,0,0,False,False,1010
ESM-2 XGBoost,esm2_0729,0.0,0.0,0.0,837.6,838.0,0,0,0,0,False,False,1011
ESM-2 XGBoost,esm2_0730,0.0,0.0,0.0,838.6,839.0,0,0,0,0,False,False,1012
ESM-2 XGBoost,esm2_0735,0.0,0.0,0.0,842.4,844.0,0,0,0,0,False,False,1013
ESM-2 XGBoost,esm2_0736,0.0,0.0,0.0,843.4,845.0,0,0,0,0,False,False,1014
ESM-2 XGBoost,esm2_0737,0.0,0.0,0.0,844.4,846.0,0,0,0,0,False,False,1015
ESM-2 XGBoost,esm2_0744,0.0,0.0,0.0,848.4,850.0,0,0,0,0,False,False,1016
ESM-2 XGBoost,esm2_0746,0.0,0.0,0.0,850.2,851.0,0,0,0,0,False,False,1017
ESM-2 XGBoost,esm2_0748,0.0,0.0,0.0,852.0,853.0,0,0,0,0,False,False,1018
ESM-2 XGBoost,esm2_0749,0.0,0.0,0.0,853.0,854.0,0,0,0,0,False,False,1019
ESM-2 XGBoost,esm2_0750,0.0,0.0,0.0,854.0,855.0,0,0,0,0,False,False,1020
ESM-2 XGBoost,esm2_0751,0.0,0.0,0.0,855.0,856.0,0,0,0,0,False,False,1021
ESM-2 XGBoost,esm2_0754,0.0,0.0,0.0,857.0,858.0,0,0,0,0,False,False,1022
ESM-2 XGBoost,esm2_0757,0.0,0.0,0.0,858.4,859.0,0,0,0,0,False,False,1023
ESM-2 XGBoost,esm2_0762,0.0,0.0,0.0,861.8,862.0,0,0,0,0,False,False,1024
ESM-2 XGBoost,esm2_0764,0.0,0.0,0.0,863.6,864.0,0,0,0,0,False,False,1025
ESM-2 XGBoost,esm2_0765,0.0,0.0,0.0,864.6,865.0,0,0,0,0,False,False,1026
ESM-2 XGBoost,esm2_0766,0.0,0.0,0.0,865.6,866.0,0,0,0,0,False,False,1027
ESM-2 XGBoost,esm2_0768,0.0,0.0,0.0,867.4,868.0,0,0,0,0,False,False,1028
ESM-2 XGBoost,esm2_0771,0.0,0.0,0.0,869.0,869.0,0,0,0,0,False,False,1029
ESM-2 XGBoost,esm2_0772,0.0,0.0,0.0,870.0,870.0,0,0,0,0,False,False,1030
ESM-2 XGBoost,esm2_0774,0.0,0.0,0.0,871.6,872.0,0,0,0,0,False,False,1031
ESM-2 XGBoost,esm2_0779,0.0,0.0,0.0,875.2,876.0,0,0,0,0,False,False,1032
ESM-2 XGBoost,esm2_0780,0.0,0.0,0.0,876.2,877.0,0,0,0,0,False,False,1033
ESM-2 XGBoost,esm2_0781,0.0,0.0,0.0,877.2,878.0,0,0,0,0,False,False,1034
ESM-2 XGBoost,esm2_0782,0.0,0.0,0.0,878.2,879.0,0,0,0,0,False,False,1035
ESM-2 XGBoost,esm2_0783,0.0,0.0,0.0,879.2,880.0,0,0,0,0,False,False,1036
ESM-2 XGBoost,esm2_0784,0.0,0.0,0.0,880.2,881.0,0,0,0,0,False,False,1037
ESM-2 XGBoost,esm2_0786,0.0,0.0,0.0,882.0,883.0,0,0,0,0,False,False,1038
ESM-2 XGBoost,esm2_0788,0.0,0.0,0.0,883.8,885.0,0,0,0,0,False,False,1039
ESM-2 XGBoost,esm2_0790,0.0,0.0,0.0,884.8,886.0,0,0,0,0,False,False,1040
ESM-2 XGBoost,esm2_0793,0.0,0.0,0.0,886.6,888.0,0,0,0,0,False,False,1041
ESM-2 XGBoost,esm2_0795,0.0,0.0,0.0,888.4,889.0,0,0,0,0,False,False,1042
ESM-2 XGBoost,esm2_0796,0.0,0.0,0.0,889.4,890.0,0,0,0,0,False,False,1043
ESM-2 XGBoost,esm2_0799,0.0,0.0,0.0,891.4,891.0,0,0,0,0,False,False,1044
ESM-2 XGBoost,esm2_0802,0.0,0.0,0.0,893.8,894.0,0,0,0,0,False,False,1045
ESM-2 XGBoost,esm2_0803,0.0,0.0,0.0,894.8,895.0,0,0,0,0,False,False,1046
ESM-2 XGBoost,esm2_0804,0.0,0.0,0.0,895.8,896.0,0,0,0,0,False,False,1047
ESM-2 XGBoost,esm2_0805,0.0,0.0,0.0,896.8,897.0,0,0,0,0,False,False,1048
ESM-2 XGBoost,esm2_0806,0.0,0.0,0.0,897.8,898.0,0,0,0,0,False,False,1049
ESM-2 XGBoost,esm2_0808,0.0,0.0,0.0,899.2,900.0,0,0,0,0,False,False,1050
ESM-2 XGBoost,esm2_0809,0.0,0.0,0.0,900.2,901.0,0,0,0,0,False,False,1051
ESM-2 XGBoost,esm2_0810,0.0,0.0,0.0,901.2,902.0,0,0,0,0,False,False,1052
ESM-2 XGBoost,esm2_0812,0.0,0.0,0.0,903.0,904.0,0,0,0,0,False,False,1053
ESM-2 XGBoost,esm2_0813,0.0,0.0,0.0,904.0,905.0,0,0,0,0,False,False,1054
ESM-2 XGBoost,esm2_0814,0.0,0.0,0.0,905.0,906.0,0,0,0,0,False,False,1055
ESM-2 XGBoost,esm2_0815,0.0,0.0,0.0,906.0,907.0,0,0,0,0,False,False,1056
ESM-2 XGBoost,esm2_0816,0.0,0.0,0.0,907.0,908.0,0,0,0,0,False,False,1057
ESM-2 XGBoost,esm2_0817,0.0,0.0,0.0,908.0,909.0,0,0,0,0,False,False,1058
ESM-2 XGBoost,esm2_0818,0.0,0.0,0.0,909.0,910.0,0,0,0,0,False,False,1059
ESM-2 XGBoost,esm2_0820,0.0,0.0,0.0,910.8,912.0,0,0,0,0,False,False,1060
ESM-2 XGBoost,esm2_0821,0.0,0.0,0.0,911.8,913.0,0,0,0,0,False,False,1061
ESM-2 XGBoost,esm2_0822,0.0,0.0,0.0,912.8,914.0,0,0,0,0,False,False,1062
ESM-2 XGBoost,esm2_0823,0.0,0.0,0.0,913.8,915.0,0,0,0,0,False,False,1063
ESM-2 XGBoost,esm2_0825,0.0,0.0,0.0,915.6,917.0,0,0,0,0,False,False,1064
ESM-2 XGBoost,esm2_0826,0.0,0.0,0.0,916.6,918.0,0,0,0,0,False,False,1065
ESM-2 XGBoost,esm2_0827,0.0,0.0,0.0,917.6,919.0,0,0,0,0,False,False,1066
ESM-2 XGBoost,esm2_0829,0.0,0.0,0.0,919.4,920.0,0,0,0,0,False,False,1067
ESM-2 XGBoost,esm2_0830,0.0,0.0,0.0,920.4,921.0,0,0,0,0,False,False,1068
ESM-2 XGBoost,esm2_0834,0.0,0.0,0.0,922.8,924.0,0,0,0,0,False,False,1069
ESM-2 XGBoost,esm2_0835,0.0,0.0,0.0,923.8,925.0,0,0,0,0,False,False,1070
ESM-2 XGBoost,esm2_0838,0.0,0.0,0.0,925.6,927.0,0,0,0,0,False,False,1071
ESM-2 XGBoost,esm2_0839,0.0,0.0,0.0,926.6,928.0,0,0,0,0,False,False,1072
ESM-2 XGBoost,esm2_0840,0.0,0.0,0.0,927.6,929.0,0,0,0,0,False,False,1073
ESM-2 XGBoost,esm2_0843,0.0,0.0,0.0,929.6,931.0,0,0,0,0,False,False,1074
ESM-2 XGBoost,esm2_0845,0.0,0.0,0.0,931.4,932.0,0,0,0,0,False,False,1075
ESM-2 XGBoost,esm2_0846,0.0,0.0,0.0,932.4,933.0,0,0,0,0,False,False,1076
ESM-2 XGBoost,esm2_0848,0.0,0.0,0.0,934.2,934.0,0,0,0,0,False,False,1077
ESM-2 XGBoost,esm2_0849,0.0,0.0,0.0,935.2,935.0,0,0,0,0,False,False,1078
ESM-2 XGBoost,esm2_0851,0.0,0.0,0.0,937.0,937.0,0,0,0,0,False,False,1079
ESM-2 XGBoost,esm2_0854,0.0,0.0,0.0,939.2,939.0,0,0,0,0,False,False,1080
ESM-2 XGBoost,esm2_0855,0.0,0.0,0.0,940.2,940.0,0,0,0,0,False,False,1081
ESM-2 XGBoost,esm2_0856,0.0,0.0,0.0,941.2,941.0,0,0,0,0,False,False,1082
ESM-2 XGBoost,esm2_0858,0.0,0.0,0.0,943.0,943.0,0,0,0,0,False,False,1083
ESM-2 XGBoost,esm2_0859,0.0,0.0,0.0,944.0,944.0,0,0,0,0,False,False,1084
ESM-2 XGBoost,esm2_0861,0.0,0.0,0.0,945.2,945.0,0,0,0,0,False,False,1085
ESM-2 XGBoost,esm2_0864,0.0,0.0,0.0,947.6,947.0,0,0,0,0,False,False,1086
ESM-2 XGBoost,esm2_0865,0.0,0.0,0.0,948.6,948.0,0,0,0,0,False,False,1087
ESM-2 XGBoost,esm2_0867,0.0,0.0,0.0,950.4,950.0,0,0,0,0,False,False,1088
ESM-2 XGBoost,esm2_0868,0.0,0.0,0.0,951.4,951.0,0,0,0,0,False,False,1089
ESM-2 XGBoost,esm2_0869,0.0,0.0,0.0,952.4,952.0,0,0,0,0,False,False,1090
ESM-2 XGBoost,esm2_0872,0.0,0.0,0.0,954.8,955.0,0,0,0,0,False,False,1091
ESM-2 XGBoost,esm2_0879,0.0,0.0,0.0,959.4,959.0,0,0,0,0,False,False,1092
ESM-2 XGBoost,esm2_0883,0.0,0.0,0.0,962.4,962.0,0,0,0,0,False,False,1093
ESM-2 XGBoost,esm2_0884,0.0,0.0,0.0,963.4,963.0,0,0,0,0,False,False,1094
ESM-2 XGBoost,esm2_0887,0.0,0.0,0.0,965.2,966.0,0,0,0,0,False,False,1095
ESM-2 XGBoost,esm2_0889,0.0,0.0,0.0,967.0,968.0,0,0,0,0,False,False,1096
ESM-2 XGBoost,esm2_0890,0.0,0.0,0.0,968.0,969.0,0,0,0,0,False,False,1097
ESM-2 XGBoost,esm2_0891,0.0,0.0,0.0,969.0,970.0,0,0,0,0,False,False,1098
ESM-2 XGBoost,esm2_0896,0.0,0.0,0.0,972.2,972.0,0,0,0,0,False,False,1099
ESM-2 XGBoost,esm2_0897,0.0,0.0,0.0,973.2,973.0,0,0,0,0,False,False,1100
ESM-2 XGBoost,esm2_0898,0.0,0.0,0.0,974.2,974.0,0,0,0,0,False,False,1101
ESM-2 XGBoost,esm2_0899,0.0,0.0,0.0,975.2,975.0,0,0,0,0,False,False,1102
ESM-2 XGBoost,esm2_0903,0.0,0.0,0.0,978.4,978.0,0,0,0,0,False,False,1103
ESM-2 XGBoost,esm2_0905,0.0,0.0,0.0,980.2,980.0,0,0,0,0,False,False,1104
ESM-2 XGBoost,esm2_0906,0.0,0.0,0.0,981.2,981.0,0,0,0,0,False,False,1105
ESM-2 XGBoost,esm2_0907,0.0,0.0,0.0,982.2,982.0,0,0,0,0,False,False,1106
ESM-2 XGBoost,esm2_0909,0.0,0.0,0.0,983.6,984.0,0,0,0,0,False,False,1107
ESM-2 XGBoost,esm2_0910,0.0,0.0,0.0,984.6,985.0,0,0,0,0,False,False,1108
ESM-2 XGBoost,esm2_0911,0.0,0.0,0.0,985.6,986.0,0,0,0,0,False,False,1109
ESM-2 XGBoost,esm2_0916,0.0,0.0,0.0,989.0,988.0,0,0,0,0,False,False,1110
ESM-2 XGBoost,esm2_0920,0.0,0.0,0.0,991.8,990.0,0,0,0,0,False,False,1111
ESM-2 XGBoost,esm2_0923,0.0,0.0,0.0,994.4,993.0,0,0,0,0,False,False,1112
ESM-2 XGBoost,esm2_0926,0.0,0.0,0.0,996.4,994.0,0,0,0,0,False,False,1113
ESM-2 XGBoost,esm2_0927,0.0,0.0,0.0,997.4,995.0,0,0,0,0,False,False,1114
ESM-2 XGBoost,esm2_0929,0.0,0.0,0.0,999.2,997.0,0,0,0,0,False,False,1115
ESM-2 XGBoost,esm2_0930,0.0,0.0,0.0,1000.2,998.0,0,0,0,0,False,False,1116
ESM-2 XGBoost,esm2_0932,0.0,0.0,0.0,1002.0,1000.0,0,0,0,0,False,False,1117
ESM-2 XGBoost,esm2_0933,0.0,0.0,0.0,1003.0,1001.0,0,0,0,0,False,False,1118
ESM-2 XGBoost,esm2_0936,0.0,0.0,0.0,1005.0,1003.0,0,0,0,0,False,False,1119
ESM-2 XGBoost,esm2_0937,0.0,0.0,0.0,1006.0,1004.0,0,0,0,0,False,False,1120
ESM-2 XGBoost,esm2_0939,0.0,0.0,0.0,1007.0,1005.0,0,0,0,0,False,False,1121
ESM-2 XGBoost,esm2_0943,0.0,0.0,0.0,1009.6,1008.0,0,0,0,0,False,False,1122
ESM-2 XGBoost,esm2_0945,0.0,0.0,0.0,1011.4,1010.0,0,0,0,0,False,False,1123
ESM-2 XGBoost,esm2_0952,0.0,0.0,0.0,1016.0,1015.0,0,0,0,0,False,False,1124
ESM-2 XGBoost,esm2_0954,0.0,0.0,0.0,1017.8,1017.0,0,0,0,0,False,False,1125
ESM-2 XGBoost,esm2_0958,0.0,0.0,0.0,1021.2,1021.0,0,0,0,0,False,False,1126
ESM-2 XGBoost,esm2_0959,0.0,0.0,0.0,1022.2,1022.0,0,0,0,0,False,False,1127
ESM-2 XGBoost,esm2_0961,0.0,0.0,0.0,1024.0,1023.0,0,0,0,0,False,False,1128
ESM-2 XGBoost,esm2_0963,0.0,0.0,0.0,1025.6,1024.0,0,0,0,0,False,False,1129
ESM-2 XGBoost,esm2_0964,0.0,0.0,0.0,1026.6,1025.0,0,0,0,0,False,False,1130
ESM-2 XGBoost,esm2_0965,0.0,0.0,0.0,1027.6,1026.0,0,0,0,0,False,False,1131
ESM-2 XGBoost,esm2_0971,0.0,0.0,0.0,1031.6,1030.0,0,0,0,0,False,False,1132
ESM-2 XGBoost,esm2_0972,0.0,0.0,0.0,1032.6,1031.0,0,0,0,0,False,False,1133
ESM-2 XGBoost,esm2_0973,0.0,0.0,0.0,1033.6,1032.0,0,0,0,0,False,False,1134
ESM-2 XGBoost,esm2_0974,0.0,0.0,0.0,1034.6,1033.0,0,0,0,0,False,False,1135
ESM-2 XGBoost,esm2_0975,0.0,0.0,0.0,1035.6,1034.0,0,0,0,0,False,False,1136
ESM-2 XGBoost,esm2_0982,0.0,0.0,0.0,1040.8,1038.0,0,0,0,0,False,False,1137
ESM-2 XGBoost,esm2_0984,0.0,0.0,0.0,1042.6,1040.0,0,0,0,0,False,False,1138
ESM-2 XGBoost,esm2_0985,0.0,0.0,0.0,1043.6,1041.0,0,0,0,0,False,False,1139
ESM-2 XGBoost,esm2_0987,0.0,0.0,0.0,1045.4,1043.0,0,0,0,0,False,False,1140
ESM-2 XGBoost,esm2_0988,0.0,0.0,0.0,1046.4,1044.0,0,0,0,0,False,False,1141
ESM-2 XGBoost,esm2_0989,0.0,0.0,0.0,1047.4,1045.0,0,0,0,0,False,False,1142
ESM-2 XGBoost,esm2_0993,0.0,0.0,0.0,1050.6,1048.0,0,0,0,0,False,False,1143
ESM-2 XGBoost,esm2_0995,0.0,0.0,0.0,1052.4,1050.0,0,0,0,0,False,False,1144
ESM-2 XGBoost,esm2_0996,0.0,0.0,0.0,1053.4,1051.0,0,0,0,0,False,False,1145
ESM-2 XGBoost,esm2_0997,0.0,0.0,0.0,1054.4,1052.0,0,0,0,0,False,False,1146
ESM-2 XGBoost,esm2_0999,0.0,0.0,0.0,1056.2,1054.0,0,0,0,0,False,False,1147
ESM-2 XGBoost,esm2_1001,0.0,0.0,0.0,1058.0,1056.0,0,0,0,0,False,False,1148
ESM-2 XGBoost,esm2_1002,0.0,0.0,0.0,1059.0,1057.0,0,0,0,0,False,False,1149
ESM-2 XGBoost,esm2_1005,0.0,0.0,0.0,1060.8,1059.0,0,0,0,0,False,False,1150
ESM-2 XGBoost,esm2_1006,0.0,0.0,0.0,1061.8,1060.0,0,0,0,0,False,False,1151
ESM-2 XGBoost,esm2_1008,0.0,0.0,0.0,1063.4,1062.0,0,0,0,0,False,False,1152
ESM-2 XGBoost,esm2_1009,0.0,0.0,0.0,1064.4,1063.0,0,0,0,0,False,False,1153
ESM-2 XGBoost,esm2_1010,0.0,0.0,0.0,1065.4,1064.0,0,0,0,0,False,False,1154
ESM-2 XGBoost,esm2_1012,0.0,0.0,0.0,1066.4,1065.0,0,0,0,0,False,False,1155
ESM-2 XGBoost,esm2_1013,0.0,0.0,0.0,1067.4,1066.0,0,0,0,0,False,False,1156
ESM-2 XGBoost,esm2_1014,0.0,0.0,0.0,1068.4,1067.0,0,0,0,0,False,False,1157
ESM-2 XGBoost,esm2_1015,0.0,0.0,0.0,1069.4,1068.0,0,0,0,0,False,False,1158
ESM-2 XGBoost,esm2_1016,0.0,0.0,0.0,1070.4,1069.0,0,0,0,0,False,False,1159
ESM-2 XGBoost,esm2_1017,0.0,0.0,0.0,1071.4,1070.0,0,0,0,0,False,False,1160
ESM-2 XGBoost,esm2_1022,0.0,0.0,0.0,1074.8,1074.0,0,0,0,0,False,False,1161
ESM-2 XGBoost,esm2_1024,0.0,0.0,0.0,1076.6,1075.0,0,0,0,0,False,False,1162
ESM-2 XGBoost,esm2_1025,0.0,0.0,0.0,1077.6,1076.0,0,0,0,0,False,False,1163
ESM-2 XGBoost,esm2_1028,0.0,0.0,0.0,1079.4,1078.0,0,0,0,0,False,False,1164
ESM-2 XGBoost,esm2_1031,0.0,0.0,0.0,1082.0,1081.0,0,0,0,0,False,False,1165
ESM-2 XGBoost,esm2_1032,0.0,0.0,0.0,1083.0,1082.0,0,0,0,0,False,False,1166
ESM-2 XGBoost,esm2_1033,0.0,0.0,0.0,1084.0,1083.0,0,0,0,0,False,False,1167
ESM-2 XGBoost,esm2_1034,0.0,0.0,0.0,1085.0,1084.0,0,0,0,0,False,False,1168
ESM-2 XGBoost,esm2_1035,0.0,0.0,0.0,1086.0,1085.0,0,0,0,0,False,False,1169
ESM-2 XGBoost,esm2_1037,0.0,0.0,0.0,1087.8,1087.0,0,0,0,0,False,False,1170
ESM-2 XGBoost,esm2_1040,0.0,0.0,0.0,1089.8,1089.0,0,0,0,0,False,False,1171
ESM-2 XGBoost,esm2_1042,0.0,0.0,0.0,1091.4,1091.0,0,0,0,0,False,False,1172
ESM-2 XGBoost,esm2_1045,0.0,0.0,0.0,1093.8,1093.0,0,0,0,0,False,False,1173
ESM-2 XGBoost,esm2_1049,0.0,0.0,0.0,1096.6,1096.0,0,0,0,0,False,False,1174
ESM-2 XGBoost,esm2_1052,0.0,0.0,0.0,1099.0,1099.0,0,0,0,0,False,False,1175
ESM-2 XGBoost,esm2_1053,0.0,0.0,0.0,1100.0,1100.0,0,0,0,0,False,False,1176
ESM-2 XGBoost,esm2_1056,0.0,0.0,0.0,1101.6,1102.0,0,0,0,0,False,False,1177
ESM-2 XGBoost,esm2_1057,0.0,0.0,0.0,1102.6,1103.0,0,0,0,0,False,False,1178
ESM-2 XGBoost,esm2_1058,0.0,0.0,0.0,1103.6,1104.0,0,0,0,0,False,False,1179
ESM-2 XGBoost,esm2_1060,0.0,0.0,0.0,1105.4,1106.0,0,0,0,0,False,False,1180
ESM-2 XGBoost,esm2_1062,0.0,0.0,0.0,1107.2,1107.0,0,0,0,0,False,False,1181
ESM-2 XGBoost,esm2_1063,0.0,0.0,0.0,1108.2,1108.0,0,0,0,0,False,False,1182
ESM-2 XGBoost,esm2_1064,0.0,0.0,0.0,1109.2,1109.0,0,0,0,0,False,False,1183
ESM-2 XGBoost,esm2_1066,0.0,0.0,0.0,1111.0,1111.0,0,0,0,0,False,False,1184
ESM-2 XGBoost,esm2_1067,0.0,0.0,0.0,1112.0,1112.0,0,0,0,0,False,False,1185
ESM-2 XGBoost,esm2_1069,0.0,0.0,0.0,1113.8,1114.0,0,0,0,0,False,False,1186
ESM-2 XGBoost,esm2_1071,0.0,0.0,0.0,1114.8,1115.0,0,0,0,0,False,False,1187
ESM-2 XGBoost,esm2_1075,0.0,0.0,0.0,1117.4,1118.0,0,0,0,0,False,False,1188
ESM-2 XGBoost,esm2_1076,0.0,0.0,0.0,1118.4,1119.0,0,0,0,0,False,False,1189
ESM-2 XGBoost,esm2_1077,0.0,0.0,0.0,1119.4,1120.0,0,0,0,0,False,False,1190
ESM-2 XGBoost,esm2_1083,0.0,0.0,0.0,1123.6,1123.0,0,0,0,0,False,False,1191
ESM-2 XGBoost,esm2_1085,0.0,0.0,0.0,1125.2,1124.0,0,0,0,0,False,False,1192
ESM-2 XGBoost,esm2_1086,0.0,0.0,0.0,1126.2,1125.0,0,0,0,0,False,False,1193
ESM-2 XGBoost,esm2_1088,0.0,0.0,0.0,1127.6,1127.0,0,0,0,0,False,False,1194
ESM-2 XGBoost,esm2_1089,0.0,0.0,0.0,1128.6,1128.0,0,0,0,0,False,False,1195
ESM-2 XGBoost,esm2_1093,0.0,0.0,0.0,1131.8,1132.0,0,0,0,0,False,False,1196
ESM-2 XGBoost,esm2_1097,0.0,0.0,0.0,1135.2,1135.0,0,0,0,0,False,False,1197
ESM-2 XGBoost,esm2_1098,0.0,0.0,0.0,1136.2,1136.0,0,0,0,0,False,False,1198
ESM-2 XGBoost,esm2_1099,0.0,0.0,0.0,1137.2,1137.0,0,0,0,0,False,False,1199
ESM-2 XGBoost,esm2_1100,0.0,0.0,0.0,1138.2,1138.0,0,0,0,0,False,False,1200
ESM-2 XGBoost,esm2_1102,0.0,0.0,0.0,1140.0,1140.0,0,0,0,0,False,False,1201
ESM-2 XGBoost,esm2_1104,0.0,0.0,0.0,1141.6,1141.0,0,0,0,0,False,False,1202
ESM-2 XGBoost,esm2_1106,0.0,0.0,0.0,1143.4,1143.0,0,0,0,0,False,False,1203
ESM-2 XGBoost,esm2_1108,0.0,0.0,0.0,1144.4,1144.0,0,0,0,0,False,False,1204
ESM-2 XGBoost,esm2_1109,0.0,0.0,0.0,1145.4,1145.0,0,0,0,0,False,False,1205
ESM-2 XGBoost,esm2_1112,0.0,0.0,0.0,1147.6,1147.0,0,0,0,0,False,False,1206
ESM-2 XGBoost,esm2_1113,0.0,0.0,0.0,1148.6,1148.0,0,0,0,0,False,False,1207
ESM-2 XGBoost,esm2_1115,0.0,0.0,0.0,1150.4,1149.0,0,0,0,0,False,False,1208
ESM-2 XGBoost,esm2_1116,0.0,0.0,0.0,1151.4,1150.0,0,0,0,0,False,False,1209
ESM-2 XGBoost,esm2_1117,0.0,0.0,0.0,1152.4,1151.0,0,0,0,0,False,False,1210
ESM-2 XGBoost,esm2_1121,0.0,0.0,0.0,1154.6,1154.0,0,0,0,0,False,False,1211
ESM-2 XGBoost,esm2_1126,0.0,0.0,0.0,1158.2,1157.0,0,0,0,0,False,False,1212
ESM-2 XGBoost,esm2_1130,0.0,0.0,0.0,1160.4,1160.0,0,0,0,0,False,False,1213
ESM-2 XGBoost,esm2_1132,0.0,0.0,0.0,1162.2,1162.0,0,0,0,0,False,False,1214
ESM-2 XGBoost,esm2_1137,0.0,0.0,0.0,1165.2,1165.0,0,0,0,0,False,False,1215
ESM-2 XGBoost,esm2_1138,0.0,0.0,0.0,1166.2,1166.0,0,0,0,0,False,False,1216
ESM-2 XGBoost,esm2_1142,0.0,0.0,0.0,1168.8,1168.0,0,0,0,0,False,False,1217
ESM-2 XGBoost,esm2_1144,0.0,0.0,0.0,1170.6,1170.0,0,0,0,0,False,False,1218
ESM-2 XGBoost,esm2_1147,0.0,0.0,0.0,1173.2,1173.0,0,0,0,0,False,False,1219
ESM-2 XGBoost,esm2_1148,0.0,0.0,0.0,1174.2,1174.0,0,0,0,0,False,False,1220
ESM-2 XGBoost,esm2_1150,0.0,0.0,0.0,1175.4,1176.0,0,0,0,0,False,False,1221
ESM-2 XGBoost,esm2_1153,0.0,0.0,0.0,1178.0,1178.0,0,0,0,0,False,False,1222
ESM-2 XGBoost,esm2_1155,0.0,0.0,0.0,1179.6,1179.0,0,0,0,0,False,False,1223
ESM-2 XGBoost,esm2_1156,0.0,0.0,0.0,1180.6,1180.0,0,0,0,0,False,False,1224
ESM-2 XGBoost,esm2_1157,0.0,0.0,0.0,1181.6,1181.0,0,0,0,0,False,False,1225
ESM-2 XGBoost,esm2_1160,0.0,0.0,0.0,1183.6,1182.0,0,0,0,0,False,False,1226
ESM-2 XGBoost,esm2_1163,0.0,0.0,0.0,1185.8,1184.0,0,0,0,0,False,False,1227
ESM-2 XGBoost,esm2_1165,0.0,0.0,0.0,1187.6,1186.0,0,0,0,0,False,False,1228
ESM-2 XGBoost,esm2_1170,0.0,0.0,0.0,1191.4,1191.0,0,0,0,0,False,False,1229
ESM-2 XGBoost,esm2_1171,0.0,0.0,0.0,1192.4,1192.0,0,0,0,0,False,False,1230
ESM-2 XGBoost,esm2_1172,0.0,0.0,0.0,1193.4,1193.0,0,0,0,0,False,False,1231
ESM-2 XGBoost,esm2_1174,0.0,0.0,0.0,1195.0,1194.0,0,0,0,0,False,False,1232
ESM-2 XGBoost,esm2_1175,0.0,0.0,0.0,1196.0,1195.0,0,0,0,0,False,False,1233
ESM-2 XGBoost,esm2_1176,0.0,0.0,0.0,1197.0,1196.0,0,0,0,0,False,False,1234
ESM-2 XGBoost,esm2_1177,0.0,0.0,0.0,1198.0,1197.0,0,0,0,0,False,False,1235
ESM-2 XGBoost,esm2_1187,0.0,0.0,0.0,1204.8,1204.0,0,0,0,0,False,False,1236
ESM-2 XGBoost,esm2_1188,0.0,0.0,0.0,1205.8,1205.0,0,0,0,0,False,False,1237
ESM-2 XGBoost,esm2_1189,0.0,0.0,0.0,1206.8,1206.0,0,0,0,0,False,False,1238
ESM-2 XGBoost,esm2_1190,0.0,0.0,0.0,1207.8,1207.0,0,0,0,0,False,False,1239
ESM-2 XGBoost,esm2_1191,0.0,0.0,0.0,1208.8,1208.0,0,0,0,0,False,False,1240
ESM-2 XGBoost,esm2_1192,0.0,0.0,0.0,1209.8,1209.0,0,0,0,0,False,False,1241
ESM-2 XGBoost,esm2_1194,0.0,0.0,0.0,1211.6,1211.0,0,0,0,0,False,False,1242
ESM-2 XGBoost,esm2_1195,0.0,0.0,0.0,1212.6,1212.0,0,0,0,0,False,False,1243
ESM-2 XGBoost,esm2_1196,0.0,0.0,0.0,1213.6,1213.0,0,0,0,0,False,False,1244
ESM-2 XGBoost,esm2_1197,0.0,0.0,0.0,1214.6,1214.0,0,0,0,0,False,False,1245
ESM-2 XGBoost,esm2_1198,0.0,0.0,0.0,1215.6,1215.0,0,0,0,0,False,False,1246
ESM-2 XGBoost,esm2_1202,0.0,0.0,0.0,1219.0,1219.0,0,0,0,0,False,False,1247
ESM-2 XGBoost,esm2_1204,0.0,0.0,0.0,1220.6,1221.0,0,0,0,0,False,False,1248
ESM-2 XGBoost,esm2_1206,0.0,0.0,0.0,1222.4,1223.0,0,0,0,0,False,False,1249
ESM-2 XGBoost,esm2_1208,0.0,0.0,0.0,1224.0,1225.0,0,0,0,0,False,False,1250
ESM-2 XGBoost,esm2_1209,0.0,0.0,0.0,1225.0,1226.0,0,0,0,0,False,False,1251
ESM-2 XGBoost,esm2_1210,0.0,0.0,0.0,1226.0,1227.0,0,0,0,0,False,False,1252
ESM-2 XGBoost,esm2_1212,0.0,0.0,0.0,1227.8,1229.0,0,0,0,0,False,False,1253
ESM-2 XGBoost,esm2_1214,0.0,0.0,0.0,1228.8,1230.0,0,0,0,0,False,False,1254
ESM-2 XGBoost,esm2_1216,0.0,0.0,0.0,1230.6,1231.0,0,0,0,0,False,False,1255
ESM-2 XGBoost,esm2_1219,0.0,0.0,0.0,1233.0,1233.0,0,0,0,0,False,False,1256
ESM-2 XGBoost,esm2_1220,0.0,0.0,0.0,1234.0,1234.0,0,0,0,0,False,False,1257
ESM-2 XGBoost,esm2_1225,0.0,0.0,0.0,1237.2,1237.0,0,0,0,0,False,False,1258
ESM-2 XGBoost,esm2_1231,0.0,0.0,0.0,1241.2,1241.0,0,0,0,0,False,False,1259
ESM-2 XGBoost,esm2_1236,0.0,0.0,0.0,1245.0,1245.0,0,0,0,0,False,False,1260
ESM-2 XGBoost,esm2_1237,0.0,0.0,0.0,1246.0,1246.0,0,0,0,0,False,False,1261
ESM-2 XGBoost,esm2_1238,0.0,0.0,0.0,1247.0,1247.0,0,0,0,0,False,False,1262
ESM-2 XGBoost,esm2_1239,0.0,0.0,0.0,1248.0,1248.0,0,0,0,0,False,False,1263
ESM-2 XGBoost,esm2_1242,0.0,0.0,0.0,1250.4,1250.0,0,0,0,0,False,False,1264
ESM-2 XGBoost,esm2_1243,0.0,0.0,0.0,1251.4,1251.0,0,0,0,0,False,False,1265
ESM-2 XGBoost,esm2_1245,0.0,0.0,0.0,1253.2,1253.0,0,0,0,0,False,False,1266
ESM-2 XGBoost,esm2_1248,0.0,0.0,0.0,1255.0,1255.0,0,0,0,0,False,False,1267
ESM-2 XGBoost,esm2_1252,0.0,0.0,0.0,1258.0,1258.0,0,0,0,0,False,False,1268
ESM-2 XGBoost,esm2_1253,0.0,0.0,0.0,1259.0,1259.0,0,0,0,0,False,False,1269
ESM-2 XGBoost,esm2_1264,0.0,0.0,0.0,1266.8,1267.0,0,0,0,0,False,False,1270
ESM-2 XGBoost,esm2_1265,0.0,0.0,0.0,1267.8,1268.0,0,0,0,0,False,False,1271
ESM-2 XGBoost,esm2_1266,0.0,0.0,0.0,1268.8,1269.0,0,0,0,0,False,False,1272
ESM-2 XGBoost,esm2_1267,0.0,0.0,0.0,1269.8,1270.0,0,0,0,0,False,False,1273
ESM-2 XGBoost,esm2_1268,0.0,0.0,0.0,1270.8,1271.0,0,0,0,0,False,False,1274
ESM-2 XGBoost,esm2_1269,0.0,0.0,0.0,1271.8,1272.0,0,0,0,0,False,False,1275
ESM-2 XGBoost,esm2_1271,0.0,0.0,0.0,1273.0,1273.0,0,0,0,0,False,False,1276
ESM-2 XGBoost,esm2_1273,0.0,0.0,0.0,1274.8,1275.0,0,0,0,0,False,False,1277
ESM-2 XGBoost,esm2_1276,0.0,0.0,0.0,1276.8,1277.0,0,0,0,0,False,False,1278
ESM-2 XGBoost,esm2_1277,0.0,0.0,0.0,1277.8,1278.0,0,0,0,0,False,False,1279
ESM-2 XGBoost,esm2_1280,0.0,0.0,0.0,1280.0,1280.0,0,0,0,0,False,False,1280
