ID,sequence,class,original_class,label,binary_class,inactive_source,is_virtual_inactive,length,AAC_A,AAC_C,AAC_D,AAC_E,AAC_F,AAC_G,AAC_H,AAC_I,AAC_K,AAC_L,AAC_M,AAC_N,AAC_P,AAC_Q,AAC_R,AAC_S,AAC_T,AAC_V,AAC_W,AAC_Y,molecular_weight,net_charge_pH7_4,isoelectric_point,aromaticity,instability_index,mean_eisenberg_hydrophobicity,hydrophobic_moment,charge_density,aliphatic_index,boman_index,hydrophobic_ratio,split
1,AIGKFLHSAKKFGKAFVGEIMNS,mod. active,mod. active,1,Active,active,0,23,0.1304347826086956,0.0,0.0,0.0434782608695652,0.1304347826086956,0.1304347826086956,0.0434782608695652,0.0869565217391304,0.1739130434782608,0.0434782608695652,0.0434782608695652,0.0434782608695652,0.0,0.0,0.0,0.0869565217391304,0.0,0.0434782608695652,0.0,0.0,2480.9238,2.6355271293782248,10.001705741882326,0.1304347826086956,3.5869565217391304,0.1852173913043478,0.4588864603132566,0.001247516052448,76.52173913043478,0.3813043478260868,0.4782608695652174,test
2,FAKALAKLAKKLL,mod. active,mod. active,1,Active,active,0,13,0.3076923076923077,0.0,0.0,0.0,0.0769230769230769,0.0,0.0,0.0,0.3076923076923077,0.3076923076923077,0.0,0.0,0.0,0.0,0.0,0.0,0.0,0.0,0.0,0.0,1414.8203,3.5474304968978063,10.477740287780762,0.0769230769230769,-3.830769230769232,0.16,0.698863959540103,0.0028236607931694,150.76923076923077,-0.5923076923076924,0.6923076923076923,development
3,FAKALKALLKALKAL,mod. active,mod. active,1,Active,active,0,15,0.3333333333333333,0.0,0.0,0.0,0.0666666666666666,0.0,0.0,0.0,0.2666666666666666,0.3333333333333333,0.0,0.0,0.0,0.0,0.0,0.0,0.0,0.0,0.0,0.0,1599.0558,3.5474304968978063,10.477740287780762,0.0666666666666666,-7.646666666666666,0.2533333333333333,0.6477162672076247,0.0024983427763811,163.33333333333331,-0.962,0.7333333333333333,development
4,FAKFLAKFLKKAL,mod. active,mod. active,1,Active,active,0,13,0.2307692307692307,0.0,0.0,0.0,0.2307692307692307,0.0,0.0,0.0,0.3076923076923077,0.2307692307692307,0.0,0.0,0.0,0.0,0.0,0.0,0.0,0.0,0.0,0.0,1524.9324,3.5474304968978063,10.477740287780762,0.2307692307692307,2.7,0.2123076923076923,0.6882992608836195,0.0026197752042703,113.07692307692308,-0.5330769230769232,0.6923076923076923,development
5,FAKIIAKIAKIAKKIL,inactive - exp,inactive - exp,0,Inactive,experimental,0,16,0.25,0.0,0.0,0.0,0.0625,0.0,0.0,0.3125,0.3125,0.0625,0.0,0.0,0.0,0.0,0.0,0.0,0.0,0.0,0.0,0.0,1769.3078,4.5449249042305215,10.602486610412598,0.0625,0.1875000000000004,0.2674999999999999,0.7424862799351125,0.0028231344422401,171.25,-0.7493750000000001,0.6875,development
6,FAKKFAKKFKKFAKKFAKFAFAF,mod. active,mod. active,1,Active,active,0,23,0.2608695652173913,0.0,0.0,0.0,0.3478260869565217,0.0,0.0,0.0,0.391304347826087,0.0,0.0,0.0,0.0,0.0,0.0,0.0,0.0,0.0,0.0,0.0,2775.4238,8.534902533561377,10.90329608917236,0.3478260869565217,3.030434782608696,-0.0078260869565217,0.6546208268490785,0.0032405789373178,26.08695652173913,0.6630434782608695,0.6086956521739131,development
7,FAKKLAKKLAKAAL,inactive - exp,inactive - exp,0,Inactive,experimental,0,14,0.3571428571428571,0.0,0.0,0.0,0.0714285714285714,0.0,0.0,0.0,0.3571428571428571,0.2142857142857142,0.0,0.0,0.0,0.0,0.0,0.0,0.0,0.0,0.0,0.0,1500.9129,4.5449249042305215,10.602486610412598,0.0714285714285714,-2.8428571428571434,0.0071428571428571,0.5675189584710523,0.0033279588519041,119.28571428571428,0.0685714285714285,0.6428571428571429,development
8,FAKKLAKKLAKAL,inactive - exp,inactive - exp,0,Inactive,experimental,0,13,0.3076923076923077,0.0,0.0,0.0,0.0769230769230769,0.0,0.0,0.0,0.3846153846153846,0.2307692307692307,0.0,0.0,0.0,0.0,0.0,0.0,0.0,0.0,0.0,0.0,1429.835,4.5449249042305215,10.602486610412598,0.0769230769230769,-3.830769230769232,-0.0399999999999999,0.7000772229428655,0.0034933978626979,120.76923076923076,0.213076923076923,0.6153846153846154,development
9,FAKKLAKKLAKLAL,inactive - exp,inactive - exp,0,Inactive,experimental,0,14,0.2857142857142857,0.0,0.0,0.0,0.0714285714285714,0.0,0.0,0.0,0.3571428571428571,0.2857142857142857,0.0,0.0,0.0,0.0,0.0,0.0,0.0,0.0,0.0,0.0,1542.9926,4.5449249042305215,10.602486610412598,0.0714285714285714,-8.907142857142858,0.0414285714285714,0.580931972128121,0.0032372002592352,140.0,-0.1535714285714285,0.6428571428571429,development
10,FAKKLAKKLAKLL,inactive - exp,inactive - exp,0,Inactive,experimental,0,13,0.2307692307692307,0.0,0.0,0.0,0.0769230769230769,0.0,0.0,0.0,0.3846153846153846,0.3076923076923077,0.0,0.0,0.0,0.0,0.0,0.0,0.0,0.0,0.0,0.0,1471.9147,4.5449249042305215,10.602486610412598,0.0769230769230769,-10.361538461538462,-0.003076923076923,0.7164995081472946,0.0033935268221098,143.07692307692307,-0.0261538461538461,0.6153846153846154,development
11,FAKKLAKKLKKLAKKLAK,inactive - exp,inactive - exp,0,Inactive,experimental,0,18,0.2222222222222222,0.0,0.0,0.0,0.0555555555555555,0.0,0.0,0.0,0.5,0.2222222222222222,0.0,0.0,0.0,0.0,0.0,0.0,0.0,0.0,0.0,0.0,2055.6818,8.534902533561377,10.90329608917236,0.0555555555555555,-14.138888888888893,-0.301111111111111,0.7735983971826441,0.004375173299476,108.88888888888889,1.113888888888889,0.5,development
12,FAKKLAKKLKKLAKKLAKKWKL,mod. active,mod. active,1,Active,active,0,22,0.1818181818181818,0.0,0.0,0.0,0.0454545454545454,0.0,0.0,0.0,0.5,0.2272727272727272,0.0,0.0,0.0,0.0,0.0,0.0,0.0,0.0,0.0454545454545454,0.0,2611.3939,10.529891348226808,11.000127601623536,0.0909090909090909,-13.609090909090911,-0.2959090909090909,0.6526570489310181,0.0042100022976181,106.8181818181818,1.0863636363636366,0.4545454545454545,test
13,FAKKLAKKLKKLAKKLAKLAKKL,inactive - exp,inactive - exp,0,Inactive,experimental,0,23,0.217391304347826,0.0,0.0,0.0,0.0434782608695652,0.0,0.0,0.0,0.4782608695652174,0.2608695652173913,0.0,0.0,0.0,0.0,0.0,0.0,0.0,0.0,0.0,0.0,2609.4195,10.529891348226808,11.000127601623536,0.0434782608695652,-16.273913043478263,-0.2434782608695651,0.7690407505457075,0.0042131806563119,123.4782608695652,0.8478260869565217,0.5217391304347826,development
14,FAKKLAKKLKKLAKKLAKLALALKALALKAL,mod. active,mod. active,1,Active,active,0,31,0.2903225806451613,0.0,0.0,0.0,0.032258064516129,0.0,0.0,0.0,0.3548387096774194,0.3225806451612903,0.0,0.0,0.0,0.0,0.0,0.0,0.0,0.0,0.0,0.0,3346.3614999999995,10.529891348226808,11.000127601623536,0.032258064516129,-12.232258064516133,0.0412903225806452,0.5215132910732396,0.0032853509922692,154.83870967741936,-0.2393548387096774,0.6451612903225806,development
15,FAKKLAKKLKKLAKKLIGAVLKV,mod. active,mod. active,1,Active,active,0,23,0.1739130434782608,0.0,0.0,0.0,0.0434782608695652,0.0434782608695652,0.0,0.0434782608695652,0.391304347826087,0.217391304347826,0.0,0.0,0.0,0.0,0.0,0.0,0.0,0.0869565217391304,0.0,0.0,2537.3103,8.534902533561377,10.90329608917236,0.0434782608695652,-19.96521739130435,-0.0104347826086956,0.6343178898810873,0.0035446849431683,144.3478260869565,0.0517391304347827,0.5652173913043478,test
16,FAKKLAKKLKKLAKLALAK,inactive - exp,inactive - exp,0,Inactive,experimental,0,19,0.2631578947368421,0.0,0.0,0.0,0.0526315789473684,0.0,0.0,0.0,0.4210526315789473,0.2631578947368421,0.0,0.0,0.0,0.0,0.0,0.0,0.0,0.0,0.0,0.0,2111.745,7.537408126228662,10.845339012145995,0.0526315789473684,-12.86842105263158,-0.1157894736842104,0.5225888380621676,0.0037854859713507,128.94736842105263,0.4089473684210526,0.5789473684210527,development
17,FAKKLAKKLKKLAKLALAL,inactive - exp,inactive - exp,0,Inactive,experimental,0,19,0.2631578947368421,0.0,0.0,0.0,0.0526315789473684,0.0,0.0,0.0,0.3684210526315789,0.3157894736842105,0.0,0.0,0.0,0.0,0.0,0.0,0.0,0.0,0.0,0.0,2096.7303,6.539913718895949,10.778420829772951,0.0526315789473684,-12.86842105263158,0.0210526315789474,0.5822319957114909,0.0033356543968255,149.4736842105263,-0.1421052631578947,0.631578947368421,development
18,FAKKLAKKLL,inactive - exp,inactive - exp,0,Inactive,experimental,0,10,0.2,0.0,0.0,0.0,0.1,0.0,0.0,0.0,0.4,0.3,0.0,0.0,0.0,0.0,0.0,0.0,0.0,0.0,0.0,0.0,1159.5069,3.5474304968978063,10.477740287780762,0.1,-7.98,-0.0259999999999999,0.6447193522537001,0.003445420910557,137.0,0.0839999999999999,0.6,development
19,FAKKLAKLAKKALAL,inactive - exp,inactive - exp,0,Inactive,experimental,0,15,0.3333333333333333,0.0,0.0,0.0,0.0666666666666666,0.0,0.0,0.0,0.3333333333333333,0.2666666666666666,0.0,0.0,0.0,0.0,0.0,0.0,0.0,0.0,0.0,0.0,1614.0705000000005,4.5449249042305215,10.602486610412598,0.0666666666666666,-1.9866666666666668,0.08,0.5791321280119752,0.003094642149088,137.33333333333331,-0.2640000000000001,0.6666666666666666,development
20,FAKKLAKLAKKL,inactive - exp,inactive - exp,0,Inactive,experimental,0,12,0.25,0.0,0.0,0.0,0.0833333333333333,0.0,0.0,0.0,0.4166666666666667,0.25,0.0,0.0,0.0,0.0,0.0,0.0,0.0,0.0,0.0,0.0,1358.7571,4.5449249042305215,10.602486610412598,0.0833333333333333,-12.058333333333334,-0.0949999999999999,0.778656529379512,0.0036761458977302,122.5,0.3816666666666665,0.5833333333333334,development
21,FAKKLAKLAKKLAKLAL,mod. active,mod. active,1,Active,active,0,17,0.2941176470588235,0.0,0.0,0.0,0.0588235294117647,0.0,0.0,0.0,0.3529411764705882,0.2941176470588235,0.0,0.0,0.0,0.0,0.0,0.0,0.0,0.0,0.0,0.0,1855.4004,5.5424193115632345,10.699318122863769,0.0588235294117647,-10.564705882352944,0.0470588235294118,0.6623655720203274,0.0032310917802534,144.11764705882354,-0.1958823529411765,0.6470588235294118,test
22,FAKKLAKLAKKLAKLALAL,mod. active,mod. active,1,Active,active,0,19,0.3157894736842105,0.0,0.0,0.0,0.0526315789473684,0.0,0.0,0.0,0.3157894736842105,0.3157894736842105,0.0,0.0,0.0,0.0,0.0,0.0,0.0,0.0,0.0,0.0,2039.6359,5.5424193115632345,10.699318122863769,0.0526315789473684,-8.4,0.1326315789473684,0.6046772737292629,0.0029392441803455,154.73684210526315,-0.5294736842105264,0.6842105263157895,development
23,FAKKLAKLAKKLLAL,mod. active,mod. active,1,Active,active,0,15,0.2666666666666666,0.0,0.0,0.0,0.0666666666666666,0.0,0.0,0.0,0.3333333333333333,0.3333333333333333,0.0,0.0,0.0,0.0,0.0,0.0,0.0,0.0,0.0,0.0,1656.1502,4.5449249042305215,10.602486610412598,0.0666666666666666,-7.646666666666666,0.112,0.6072084700185816,0.0030160129456091,156.66666666666663,-0.4713333333333335,0.6666666666666666,development
24,FAKKLAKLALKLAKL,mod. active,mod. active,1,Active,active,0,15,0.2666666666666666,0.0,0.0,0.0,0.0666666666666666,0.0,0.0,0.0,0.3333333333333333,0.3333333333333333,0.0,0.0,0.0,0.0,0.0,0.0,0.0,0.0,0.0,0.0,1656.1502,4.5449249042305215,10.602486610412598,0.0666666666666666,-18.96666666666667,0.112,0.6261788837795225,0.0030160129456091,156.66666666666663,-0.4713333333333334,0.6666666666666666,development
25,FAKKLKKLAKLAKKL,inactive - exp,inactive - exp,0,Inactive,experimental,0,15,0.2,0.0,0.0,0.0,0.0666666666666666,0.0,0.0,0.0,0.4666666666666667,0.2666666666666666,0.0,0.0,0.0,0.0,0.0,0.0,0.0,0.0,0.0,0.0,1728.2593000000002,6.539913718895949,10.778420829772951,0.0666666666666666,-18.96666666666667,-0.2026666666666666,0.7199286945376694,0.0040468213878618,124.0,0.7173333333333333,0.5333333333333333,development
26,FAKKLLAKALKL,inactive - exp,inactive - exp,0,Inactive,experimental,0,12,0.25,0.0,0.0,0.0,0.0833333333333333,0.0,0.0,0.0,0.3333333333333333,0.3333333333333333,0.0,0.0,0.0,0.0,0.0,0.0,0.0,0.0,0.0,0.0,1343.7424,3.5474304968978063,10.477740287780762,0.0833333333333333,-12.058333333333334,0.1216666666666667,0.5233058500979805,0.0029730232558139,154.99999999999997,-0.4908333333333333,0.6666666666666666,development
27,FAKLAKKALAKLL,inactive - exp,inactive - exp,0,Inactive,experimental,0,13,0.3076923076923077,0.0,0.0,0.0,0.0769230769230769,0.0,0.0,0.0,0.3076923076923077,0.3076923076923077,0.0,0.0,0.0,0.0,0.0,0.0,0.0,0.0,0.0,0.0,1414.8203,3.5474304968978063,10.477740287780762,0.0769230769230769,-3.830769230769232,0.16,0.5687265324767867,0.0028236607931694,150.76923076923077,-0.5923076923076924,0.6923076923076923,development
28,FAKLF,inactive - exp,inactive - exp,0,Inactive,experimental,0,5,0.2,0.0,0.0,0.0,0.4,0.0,0.0,0.0,0.2,0.2,0.0,0.0,0.0,0.0,0.0,0.0,0.0,0.0,0.0,0.0,624.7706999999999,0.5549472748996638,8.750052070617677,0.4,-8.98,0.524,0.8162808107616273,0.0015941866606911,98.0,-1.4280000000000002,0.8,development
29,FAKLFAKLAKKFAL,inactive - exp,inactive - exp,0,Inactive,experimental,0,14,0.2857142857142857,0.0,0.0,0.0,0.2142857142857142,0.0,0.0,0.0,0.2857142857142857,0.2142857142857142,0.0,0.0,0.0,0.0,0.0,0.0,0.0,0.0,0.0,0.0,1596.0103,3.5474304968978063,10.477740287780762,0.2142857142857142,-2.8428571428571434,0.2414285714285714,0.5744157135029234,0.0025031014648939,112.14285714285714,-0.6242857142857144,0.7142857142857143,development
30,FAKLLAKALKKAL,mod. active,mod. active,1,Active,active,0,13,0.3076923076923077,0.0,0.0,0.0,0.0769230769230769,0.0,0.0,0.0,0.3076923076923077,0.3076923076923077,0.0,0.0,0.0,0.0,0.0,0.0,0.0,0.0,0.0,0.0,1414.8203,3.5474304968978063,10.477740287780762,0.0769230769230769,-3.830769230769232,0.16,0.6692892516125144,0.0028236607931694,150.76923076923077,-0.5923076923076924,0.6923076923076923,test
31,FAKLLAKALKKFAL,mod. active,mod. active,1,Active,active,0,14,0.2857142857142857,0.0,0.0,0.0,0.1428571428571428,0.0,0.0,0.0,0.2857142857142857,0.2857142857142857,0.0,0.0,0.0,0.0,0.0,0.0,0.0,0.0,0.0,0.0,1561.9941,3.5474304968978063,10.477740287780762,0.1428571428571428,-2.8428571428571434,0.2342857142857143,0.5740475098530925,0.0025576184379001,140.0,-0.7628571428571428,0.7142857142857143,development
32,FAKLLAKALKKFL,mod. active,mod. active,1,Active,active,0,13,0.2307692307692307,0.0,0.0,0.0,0.1538461538461538,0.0,0.0,0.0,0.3076923076923077,0.3076923076923077,0.0,0.0,0.0,0.0,0.0,0.0,0.0,0.0,0.0,0.0,1490.9162,3.5474304968978063,10.477740287780762,0.1538461538461538,-3.830769230769232,0.2046153846153846,0.710155772803611,0.0026795535642422,143.07692307692307,-0.6823076923076924,0.6923076923076923,development
33,FAKLLAKALKKL,inactive - exp,inactive - exp,0,Inactive,experimental,0,12,0.25,0.0,0.0,0.0,0.0833333333333333,0.0,0.0,0.0,0.3333333333333333,0.3333333333333333,0.0,0.0,0.0,0.0,0.0,0.0,0.0,0.0,0.0,0.0,1343.7424,3.5474304968978063,10.477740287780762,0.0833333333333333,-12.058333333333334,0.1216666666666667,0.7461443454495983,0.0029730232558139,154.99999999999997,-0.4908333333333334,0.6666666666666666,test
34,FAKLLAKALKKLL,very active,very active,1,Active,active,0,13,0.2307692307692307,0.0,0.0,0.0,0.0769230769230769,0.0,0.0,0.0,0.3076923076923077,0.3846153846153846,0.0,0.0,0.0,0.0,0.0,0.0,0.0,0.0,0.0,0.0,1456.9,3.5474304968978063,10.477740287780762,0.0769230769230769,-10.361538461538462,0.1969230769230769,0.7030773034640158,0.0027421236872812,173.0769230769231,-0.8315384615384616,0.6923076923076923,development
35,FAKLLAKALKLKL,inactive - exp,inactive - exp,0,Inactive,experimental,0,13,0.2307692307692307,0.0,0.0,0.0,0.0769230769230769,0.0,0.0,0.0,0.3076923076923077,0.3846153846153846,0.0,0.0,0.0,0.0,0.0,0.0,0.0,0.0,0.0,0.0,1456.9,3.5474304968978063,10.477740287780762,0.0769230769230769,-23.423076923076927,0.1969230769230769,0.4192857934218045,0.0027421236872812,173.0769230769231,-0.8315384615384617,0.6923076923076923,development
36,FAKLLAKFLKKAL,mod. active,mod. active,1,Active,active,0,13,0.2307692307692307,0.0,0.0,0.0,0.1538461538461538,0.0,0.0,0.0,0.3076923076923077,0.3076923076923077,0.0,0.0,0.0,0.0,0.0,0.0,0.0,0.0,0.0,0.0,1490.9162,3.5474304968978063,10.477740287780762,0.1538461538461538,-3.830769230769232,0.2046153846153846,0.6897343151003337,0.0026795535642422,143.07692307692307,-0.6823076923076924,0.6923076923076923,development
37,FAKLLAKLAKAKL,inactive - exp,inactive - exp,0,Inactive,experimental,0,13,0.3076923076923077,0.0,0.0,0.0,0.0769230769230769,0.0,0.0,0.0,0.3076923076923077,0.3076923076923077,0.0,0.0,0.0,0.0,0.0,0.0,0.0,0.0,0.0,0.0,1414.8203,3.5474304968978063,10.477740287780762,0.0769230769230769,-10.361538461538462,0.16,0.4321146957638214,0.0028236807509082,150.76923076923077,-0.5923076923076924,0.6923076923076923,test
38,FAKLLAKLAKKAA,inactive - exp,inactive - exp,0,Inactive,experimental,0,13,0.3846153846153846,0.0,0.0,0.0,0.0769230769230769,0.0,0.0,0.0,0.3076923076923077,0.2307692307692307,0.0,0.0,0.0,0.0,0.0,0.0,0.0,0.0,0.0,0.0,1372.7406,3.5474304968978063,10.477740287780762,0.0769230769230769,-3.830769230769232,0.1230769230769231,0.6523372537091026,0.0029102167182662,128.46153846153845,-0.3530769230769233,0.6923076923076923,test
39,FAKLLAKLAKKAL,inactive - exp,inactive - exp,0,Inactive,experimental,0,13,0.3076923076923077,0.0,0.0,0.0,0.0769230769230769,0.0,0.0,0.0,0.3076923076923077,0.3076923076923077,0.0,0.0,0.0,0.0,0.0,0.0,0.0,0.0,0.0,0.0,1414.8203,3.5474304968978063,10.477740287780762,0.0769230769230769,-3.830769230769232,0.16,0.657497747831644,0.0028236607931694,150.76923076923077,-0.5923076923076925,0.6923076923076923,development
40,FAKLLAKLAKKFAL,inactive - exp,inactive - exp,0,Inactive,experimental,0,14,0.2857142857142857,0.0,0.0,0.0,0.1428571428571428,0.0,0.0,0.0,0.2857142857142857,0.2857142857142857,0.0,0.0,0.0,0.0,0.0,0.0,0.0,0.0,0.0,0.0,1561.9941,3.5474304968978063,10.477740287780762,0.1428571428571428,-2.8428571428571434,0.2342857142857143,0.567302406594784,0.0025576184379001,140.0,-0.7628571428571431,0.7142857142857143,test
41,FAKLLAKLAKKGL,inactive - exp,inactive - exp,0,Inactive,experimental,0,13,0.2307692307692307,0.0,0.0,0.0,0.0769230769230769,0.0769230769230769,0.0,0.0,0.3076923076923077,0.3076923076923077,0.0,0.0,0.0,0.0,0.0,0.0,0.0,0.0,0.0,0.0,1400.7937,3.5474304968978063,10.477740287780762,0.0769230769230769,-10.361538461538462,0.1492307692307692,0.6473645474315981,0.0028519417475728,143.07692307692307,-0.5253846153846156,0.6153846153846154,development
42,FAKLLAKLAKKIL,inactive - exp,inactive - exp,0,Inactive,experimental,0,13,0.2307692307692307,0.0,0.0,0.0,0.0769230769230769,0.0,0.0,0.0769230769230769,0.3076923076923077,0.3076923076923077,0.0,0.0,0.0,0.0,0.0,0.0,0.0,0.0,0.0,0.0,1456.9,3.5474304968978063,10.477740287780762,0.0769230769230769,4.453846153846155,0.22,0.7142949480742884,0.0027421236872812,173.07692307692307,-0.8315384615384617,0.6923076923076923,development
43,FAKLLAKLAKKL,inactive - exp,inactive - exp,0,Inactive,experimental,0,12,0.25,0.0,0.0,0.0,0.0833333333333333,0.0,0.0,0.0,0.3333333333333333,0.3333333333333333,0.0,0.0,0.0,0.0,0.0,0.0,0.0,0.0,0.0,0.0,1343.7424,3.5474304968978063,10.477740287780762,0.0833333333333333,-12.058333333333334,0.1216666666666667,0.7419279732664577,0.0029730232558139,154.99999999999997,-0.4908333333333335,0.6666666666666666,test
44,FAKLLAKLAKKLL,very active,very active,1,Active,active,0,13,0.2307692307692307,0.0,0.0,0.0,0.0769230769230769,0.0,0.0,0.0,0.3076923076923077,0.3846153846153846,0.0,0.0,0.0,0.0,0.0,0.0,0.0,0.0,0.0,0.0,1456.9,3.5474304968978063,10.477740287780762,0.0769230769230769,-10.361538461538462,0.1969230769230769,0.6923859362710444,0.0027421236872812,173.0769230769231,-0.8315384615384617,0.6923076923076923,development
45,FAKLLAKLAKKSL,inactive - exp,inactive - exp,0,Inactive,experimental,0,13,0.2307692307692307,0.0,0.0,0.0,0.0769230769230769,0.0,0.0,0.0,0.3076923076923077,0.3076923076923077,0.0,0.0,0.0,0.0,0.0,0.0769230769230769,0.0,0.0,0.0,0.0,1430.8196999999998,3.5474304968978063,10.477740287780762,0.0769230769230769,-3.830769230769232,0.0984615384615385,0.5998923231971769,0.0027920857124885,143.07692307692307,-0.1915384615384617,0.6153846153846154,development
46,FAKLLAKLAKKVL,mod. active,mod. active,1,Active,active,0,13,0.2307692307692307,0.0,0.0,0.0,0.0769230769230769,0.0,0.0,0.0,0.3076923076923077,0.3076923076923077,0.0,0.0,0.0,0.0,0.0,0.0,0.0,0.0769230769230769,0.0,0.0,1442.8733999999995,3.5474304968978063,10.477740287780762,0.0769230769230769,-10.361538461538462,0.1969230769230769,0.6923859362710444,0.0027687680195165,165.3846153846154,-0.7638461538461541,0.6923076923076923,test
47,FAKLLAKLAKLKL,inactive - exp,inactive - exp,0,Inactive,experimental,0,13,0.2307692307692307,0.0,0.0,0.0,0.0769230769230769,0.0,0.0,0.0,0.3076923076923077,0.3846153846153846,0.0,0.0,0.0,0.0,0.0,0.0,0.0,0.0,0.0,0.0,1456.9,3.5474304968978063,10.477740287780762,0.0769230769230769,-23.423076923076927,0.1969230769230769,0.4221552409279093,0.0027421236872812,173.0769230769231,-0.8315384615384617,0.6923076923076923,test
48,FAKLLFKALKKAL,inactive - exp,inactive - exp,0,Inactive,experimental,0,13,0.2307692307692307,0.0,0.0,0.0,0.1538461538461538,0.0,0.0,0.0,0.3076923076923077,0.3076923076923077,0.0,0.0,0.0,0.0,0.0,0.0,0.0,0.0,0.0,0.0,1490.9162,3.5474304968978063,10.477740287780762,0.1538461538461538,-15.392307692307693,0.2046153846153846,0.6664246225881205,0.0026795535642422,143.07692307692307,-0.6823076923076924,0.6923076923076923,test
49,FAKLLKLAAKKLL,inactive - exp,inactive - exp,0,Inactive,experimental,0,13,0.2307692307692307,0.0,0.0,0.0,0.0769230769230769,0.0,0.0,0.0,0.3076923076923077,0.3846153846153846,0.0,0.0,0.0,0.0,0.0,0.0,0.0,0.0,0.0,0.0,1456.9,3.5474304968978063,10.477740287780762,0.0769230769230769,-16.892307692307693,0.1969230769230769,0.5568200530604908,0.0027421236872812,173.0769230769231,-0.8315384615384616,0.6923076923076923,development
50,FAKLWAKLAFGKGIGKVGKKLL,mod. active,mod. active,1,Active,active,0,22,0.1363636363636363,0.0,0.0,0.0,0.0909090909090909,0.1818181818181818,0.0,0.0454545454545454,0.2727272727272727,0.1818181818181818,0.0,0.0,0.0,0.0,0.0,0.0,0.0,0.0454545454545454,0.0454545454545454,0.0,2373.9645000000005,5.5424193115632345,10.699318122863769,0.1363636363636363,-25.11363636363637,0.2222727272727272,0.1769606847830692,0.0025253057115296,115.45454545454548,-0.5827272727272728,0.5,test
51,FAKLWAKLAKKL,inactive - exp,inactive - exp,0,Inactive,experimental,0,12,0.25,0.0,0.0,0.0,0.0833333333333333,0.0,0.0,0.0,0.3333333333333333,0.25,0.0,0.0,0.0,0.0,0.0,0.0,0.0,0.0,0.0833333333333333,0.0,1416.7947,3.5474304968978063,10.477740287780762,0.1666666666666666,-4.850000000000002,0.0975,0.718030060266848,0.0028197346132128,122.5,-0.2750000000000001,0.5833333333333334,development
52,FALAAKALKKLAKKLKKLAKKAL,mod. active,mod. active,1,Active,active,0,23,0.3043478260869565,0.0,0.0,0.0,0.0434782608695652,0.0,0.0,0.0,0.391304347826087,0.2608695652173913,0.0,0.0,0.0,0.0,0.0,0.0,0.0,0.0,0.0,0.0,2495.2307,8.534902533561377,10.90329608917236,0.0434782608695652,-8.891304347826088,-0.0591304347826086,0.62717205776259,0.0036044628973565,132.17391304347825,0.2078260869565216,0.6086956521739131,development
53,FALAKLAKKAKAKLKKALKAL,mod. active,mod. active,1,Active,active,0,21,0.3333333333333333,0.0,0.0,0.0,0.0476190476190476,0.0,0.0,0.0,0.3809523809523809,0.238095238095238,0.0,0.0,0.0,0.0,0.0,0.0,0.0,0.0,0.0,0.0,2253.9008,7.537408126228662,10.845339012145995,0.0476190476190476,-6.647619047619048,-0.0457142857142856,0.4710419895992131,0.0035467254681863,126.19047619047618,0.1976190476190475,0.6190476190476191,development
54,FALALKALKK,inactive - exp,inactive - exp,0,Inactive,experimental,0,10,0.3,0.0,0.0,0.0,0.1,0.0,0.0,0.0,0.3,0.3,0.0,0.0,0.0,0.0,0.0,0.0,0.0,0.0,0.0,0.0,1102.4125,2.5499360895650924,10.302063941955566,0.1,-7.98,0.186,0.5234139870774399,0.0027167504217993,147.0,-0.652,0.7,development
55,FALALKALKKAL,inactive - exp,inactive - exp,0,Inactive,experimental,0,12,0.3333333333333333,0.0,0.0,0.0,0.0833333333333333,0.0,0.0,0.0,0.25,0.3333333333333333,0.0,0.0,0.0,0.0,0.0,0.0,0.0,0.0,0.0,0.0,1286.648,2.5499360895650924,10.302063941955566,0.0833333333333333,-4.983333333333334,0.2983333333333334,0.5270839680472563,0.0023277503594606,163.33333333333331,-1.1041666666666667,0.75,test
56,FALALKALKKALKKLKKALKKAL,inactive - exp,inactive - exp,0,Inactive,experimental,0,23,0.2608695652173913,0.0,0.0,0.0,0.0434782608695652,0.0,0.0,0.0,0.391304347826087,0.3043478260869565,0.0,0.0,0.0,0.0,0.0,0.0,0.0,0.0,0.0,0.0,2537.3104000000003,8.534902533561377,10.90329608917236,0.0434782608695652,-12.582608695652176,-0.0382608695652173,0.6393088461929213,0.0035446849431683,144.7826086956522,0.0726086956521738,0.6086956521739131,test
57,FALALKALKKL,mod. active,mod. active,1,Active,active,0,11,0.2727272727272727,0.0,0.0,0.0,0.0909090909090909,0.0,0.0,0.0,0.2727272727272727,0.3636363636363636,0.0,0.0,0.0,0.0,0.0,0.0,0.0,0.0,0.0,0.0,1215.5701,2.5499360895650924,10.302063941955566,0.0909090909090909,-14.063636363636364,0.2690909090909091,0.5503528291140778,0.0024638646889936,169.09090909090912,-1.04,0.7272727272727273,development
58,FALALKALKKLAKKLKKLAKKAL,mod. active,mod. active,1,Active,active,0,23,0.2608695652173913,0.0,0.0,0.0,0.0434782608695652,0.0,0.0,0.0,0.391304347826087,0.3043478260869565,0.0,0.0,0.0,0.0,0.0,0.0,0.0,0.0,0.0,0.0,2537.3104000000003,8.534902533561377,10.90329608917236,0.0434782608695652,-12.582608695652176,-0.0382608695652173,0.631876058841103,0.0035446849431683,144.7826086956522,0.0726086956521737,0.6086956521739131,development
59,FALALKALKKLKKALKKAL,mod. active,mod. active,1,Active,active,0,19,0.2631578947368421,0.0,0.0,0.0,0.0526315789473684,0.0,0.0,0.0,0.3684210526315789,0.3157894736842105,0.0,0.0,0.0,0.0,0.0,0.0,0.0,0.0,0.0,0.0,2096.7303,6.539913718895949,10.778420829772951,0.0526315789473684,-12.86842105263158,0.0210526315789474,0.582231995711491,0.0033356543968255,149.4736842105263,-0.1421052631578948,0.631578947368421,development
60,FALALKALKKLLKKLKKLAKKAL,mod. active,mod. active,1,Active,active,0,23,0.217391304347826,0.0,0.0,0.0,0.0434782608695652,0.0,0.0,0.0,0.391304347826087,0.3478260869565217,0.0,0.0,0.0,0.0,0.0,0.0,0.0,0.0,0.0,0.0,2579.3901000000005,8.534902533561377,10.90329608917236,0.0434782608695652,-16.273913043478263,-0.017391304347826,0.6437638814205566,0.0034868574086996,157.39130434782606,-0.0626086956521739,0.6086956521739131,development
61,FALALKKALKALKKAL,mod. active,mod. active,1,Active,active,0,16,0.3125,0.0,0.0,0.0,0.0625,0.0,0.0,0.0,0.3125,0.3125,0.0,0.0,0.0,0.0,0.0,0.0,0.0,0.0,0.0,0.0,1727.2281,4.5449249042305215,10.602486610412598,0.0625,-6.54375,0.14375,0.5989436322959629,0.0028919136420743,153.125,-0.555,0.6875,test
62,FALALKLAKKAL,inactive - exp,inactive - exp,0,Inactive,experimental,0,12,0.3333333333333333,0.0,0.0,0.0,0.0833333333333333,0.0,0.0,0.0,0.25,0.3333333333333333,0.0,0.0,0.0,0.0,0.0,0.0,0.0,0.0,0.0,0.0,1286.648,2.5499360895650924,10.302063941955566,0.0833333333333333,-4.983333333333334,0.2983333333333334,0.4901485957825848,0.0023277503594606,163.33333333333331,-1.1041666666666667,0.75,development
63,FALKALKKLKKALKKAL,mod. active,mod. active,1,Active,active,0,17,0.2352941176470588,0.0,0.0,0.0,0.0588235294117647,0.0,0.0,0.0,0.4117647058823529,0.2941176470588235,0.0,0.0,0.0,0.0,0.0,0.0,0.0,0.0,0.0,0.0,1912.4948,6.539913718895949,10.778420829772951,0.0588235294117647,-15.558823529411766,-0.0776470588235293,0.6506575029597205,0.0036569934640522,138.23529411764707,0.2370588235294116,0.5882352941176471,development
64,FALLKALKKAL,inactive - exp,inactive - exp,0,Inactive,experimental,0,11,0.2727272727272727,0.0,0.0,0.0,0.0909090909090909,0.0,0.0,0.0,0.2727272727272727,0.3636363636363636,0.0,0.0,0.0,0.0,0.0,0.0,0.0,0.0,0.0,0.0,1215.5701,2.5499360895650924,10.302063941955566,0.0909090909090909,-6.345454545454546,0.2690909090909091,0.5124901881544028,0.0024638646889936,169.09090909090912,-1.04,0.7272727272727273,development
65,FALLKALLKKAL,inactive - exp,inactive - exp,0,Inactive,experimental,0,12,0.25,0.0,0.0,0.0,0.0833333333333333,0.0,0.0,0.0,0.25,0.4166666666666667,0.0,0.0,0.0,0.0,0.0,0.0,0.0,0.0,0.0,0.0,1328.7277,2.5499360895650924,10.302063941955566,0.0833333333333333,-4.983333333333334,0.3383333333333334,0.3919271302263066,0.0022540320456375,187.50000000000003,-1.3633333333333335,0.75,development
66,FAVGLRAIKRALKKLRRGVRKVAKDL,inactive - exp,inactive - exp,0,Inactive,experimental,0,26,0.1538461538461538,0.0,0.0384615384615384,0.0,0.0384615384615384,0.0769230769230769,0.0,0.0384615384615384,0.1923076923076923,0.1538461538461538,0.0,0.0,0.0,0.0,0.1923076923076923,0.0,0.0,0.1153846153846153,0.0,0.0,2963.6617,8.545245797218659,11.999967765808105,0.0384615384615384,39.40769230769232,-0.2753846153846153,0.8131974561331737,0.0030350882520658,123.84615384615384,2.394230769230769,0.5,development
67,FKLAFKLAKKAFL,inactive - exp,inactive - exp,0,Inactive,experimental,0,13,0.2307692307692307,0.0,0.0,0.0,0.2307692307692307,0.0,0.0,0.0,0.3076923076923077,0.2307692307692307,0.0,0.0,0.0,0.0,0.0,0.0,0.0,0.0,0.0,0.0,1524.9324,3.5474304968978063,10.477740287780762,0.2307692307692307,-26.953846153846158,0.2123076923076923,0.5025754469180348,0.0026197752042703,113.07692307692308,-0.5330769230769231,0.6923076923076923,test
68,FKRLAKIKVLRLAKIKR,mod. active,mod. active,1,Active,active,0,17,0.1176470588235294,0.0,0.0,0.0,0.0588235294117647,0.0,0.0,0.1176470588235294,0.2941176470588235,0.1764705882352941,0.0,0.0,0.0,0.0,0.1764705882352941,0.0,0.0,0.0588235294117647,0.0,0.0,2081.6825000000003,7.544849549530399,11.999967765808105,0.0588235294117647,25.28235294117647,-0.3152941176470588,0.4171274170084164,0.0038406294885405,143.52941176470588,2.19235294117647,0.5294117647058824,test
69,FKVKFKVKVK,inactive - exp,inactive - exp,0,Inactive,experimental,0,10,0.0,0.0,0.0,0.0,0.2,0.0,0.0,0.0,0.5,0.0,0.0,0.0,0.0,0.0,0.0,0.0,0.0,0.3,0.0,0.0,1250.6174,4.5449249042305215,10.602486610412598,0.2,-55.17000000000001,-0.18,0.1480230204348789,0.0039940189665925,87.0,0.967,0.5,development
70,FLGALFHALSKLL,mod. active,mod. active,1,Active,active,0,13,0.1538461538461538,0.0,0.0,0.0,0.1538461538461538,0.0769230769230769,0.0769230769230769,0.0,0.0769230769230769,0.3846153846153846,0.0,0.0,0.0,0.0,0.0,0.0769230769230769,0.0,0.0,0.0,0.0,1429.7469,0.5915737160757106,8.757208061218265,0.1538461538461538,-3.830769230769232,0.58,0.4823871653403376,0.0007651687357929,165.38461538461542,-1.654615384615385,0.6923076923076923,test
71,FLGALFKALSHLL,mod. active,mod. active,1,Active,active,0,13,0.1538461538461538,0.0,0.0,0.0,0.1538461538461538,0.0769230769230769,0.0769230769230769,0.0,0.0769230769230769,0.3846153846153846,0.0,0.0,0.0,0.0,0.0,0.0769230769230769,0.0,0.0,0.0,0.0,1429.7469,0.5915737160757106,8.757208061218265,0.1538461538461538,-8.861538461538462,0.58,0.4959455698523743,0.0007651687357929,165.38461538461542,-1.654615384615385,0.6923076923076923,development
72,FLGALFKALSKLL,mod. active,mod. active,1,Active,active,0,13,0.1538461538461538,0.0,0.0,0.0,0.1538461538461538,0.0769230769230769,0.0,0.0,0.1538461538461538,0.3846153846153846,0.0,0.0,0.0,0.0,0.0,0.0769230769230769,0.0,0.0,0.0,0.0,1420.7799,1.552441682232378,10.002737236022949,0.1538461538461538,-15.392307692307693,0.4953846153846153,0.5659568803708914,0.001404158279255,165.38461538461542,-1.5861538461538462,0.6923076923076923,test
73,FLGMIPGLIGGLISAFK,very active,very active,1,Active,active,0,17,0.0588235294117647,0.0,0.0,0.0,0.1176470588235294,0.2352941176470588,0.0,0.1764705882352941,0.0588235294117647,0.1764705882352941,0.0588235294117647,0.0,0.0588235294117647,0.0,0.0,0.0588235294117647,0.0,0.0,0.0,0.0,1734.1524,0.5549472748996638,8.750052070617677,0.1176470588235294,6.13529411764706,0.6776470588235294,0.3746471301432167,0.0005743414679153,143.52941176470588,-2.026470588235295,0.5882352941176471,development
74,FLGMIPKLIKKLIKAFK,very active,very active,1,Active,active,0,17,0.0588235294117647,0.0,0.0,0.0,0.1176470588235294,0.0588235294117647,0.0,0.1764705882352941,0.2941176470588235,0.1764705882352941,0.0588235294117647,0.0,0.0588235294117647,0.0,0.0,0.0,0.0,0.0,0.0,0.0,1988.6104,4.5449249042305215,10.602486610412598,0.1176470588235294,-21.100000000000005,0.2505882352941176,0.7047108092279283,0.0025117920970321,143.52941176470588,-0.7547058823529409,0.5882352941176471,development
75,FLGWLFKWAKK,mod. active,mod. active,1,Active,active,0,11,0.0909090909090909,0.0,0.0,0.0,0.1818181818181818,0.0909090909090909,0.0,0.0,0.2727272727272727,0.1818181818181818,0.0,0.0,0.0,0.0,0.0,0.0,0.0,0.0,0.1818181818181818,0.0,1423.744,2.5499360895650924,10.302063941955566,0.3636363636363636,4.199999999999999,0.2563636363636363,0.5538646754349942,0.0021035996488147,80.00000000000001,-0.5963636363636363,0.4545454545454545,development
76,FLGWLFKWAWK,mod. active,mod. active,1,Active,active,0,11,0.0909090909090909,0.0,0.0,0.0,0.1818181818181818,0.0909090909090909,0.0,0.0,0.1818181818181818,0.1818181818181818,0.0,0.0,0.0,0.0,0.0,0.0,0.0,0.0,0.2727272727272727,0.0,1481.7816,1.552441682232378,10.002737236022949,0.4545454545454545,4.199999999999999,0.4663636363636362,0.45594708221257,0.0013463537097274,80.00000000000001,-1.3127272727272727,0.4545454545454545,development
77,FLKLLAGLLKNFA,mod. active,mod. active,1,Active,active,0,13,0.1538461538461538,0.0,0.0,0.0,0.1538461538461538,0.0769230769230769,0.0,0.0,0.1538461538461538,0.3846153846153846,0.0,0.0769230769230769,0.0,0.0,0.0,0.0,0.0,0.0,0.0,0.0,1447.8052,1.552441682232378,10.002737236022949,0.1538461538461538,-21.923076923076923,0.4492307692307692,0.5776864699394826,0.0013779432384083,165.38461538461542,-1.3369230769230769,0.6923076923076923,development
78,FLKLLKKLAAKFLPTIICKISYKC,very active,very active,1,Active,active,0,24,0.0833333333333333,0.0833333333333333,0.0,0.0,0.0833333333333333,0.0,0.0,0.125,0.25,0.2083333333333333,0.0,0.0,0.0416666666666666,0.0,0.0,0.0416666666666666,0.0416666666666666,0.0,0.0,0.0416666666666666,2783.5687000000003,5.490906983795277,9.928985404968262,0.125,-0.0791666666666664,0.21125,0.2994180886172191,0.0021048434030996,138.33333333333334,-0.5037499999999999,0.5833333333333334,test
79,FLKLLKKLAAKLF,mod. active,mod. active,1,Active,active,0,13,0.1538461538461538,0.0,0.0,0.0,0.1538461538461538,0.0,0.0,0.0,0.3076923076923077,0.3846153846153846,0.0,0.0,0.0,0.0,0.0,0.0,0.0,0.0,0.0,0.0,1532.9959,3.5474304968978063,10.477740287780762,0.1538461538461538,-23.423076923076927,0.2415384615384616,0.616260710868612,0.0026060013046314,165.38461538461542,-0.921538461538462,0.6923076923076923,development
80,FLKWLFKWAKK,mod. active,mod. active,1,Active,active,0,11,0.0909090909090909,0.0,0.0,0.0,0.1818181818181818,0.0,0.0,0.0,0.3636363636363636,0.1818181818181818,0.0,0.0,0.0,0.0,0.0,0.0,0.0,0.0,0.1818181818181818,0.0,1494.865,3.5474304968978063,10.477740287780762,0.3636363636363636,-14.736363636363636,0.0763636363636363,0.7128266034647883,0.0026724731916487,80.00000000000001,-0.0063636363636367,0.4545454545454545,test
81,FLSLIPKLVKKIIKAFK,very active,very active,1,Active,active,0,17,0.0588235294117647,0.0,0.0,0.0,0.1176470588235294,0.0,0.0,0.1764705882352941,0.2941176470588235,0.1764705882352941,0.0,0.0,0.0588235294117647,0.0,0.0,0.0588235294117647,0.0,0.0588235294117647,0.0,0.0,1986.5714000000005,4.5449249042305215,10.602486610412598,0.1176470588235294,-17.8,0.2388235294117646,0.7411741742144727,0.0025143714323108,160.58823529411765,-0.5988235294117649,0.5882352941176471,development
82,FLSLIPSLVGGSISAFK,inactive - exp,inactive - exp,0,Inactive,experimental,0,17,0.0588235294117647,0.0,0.0,0.0,0.1176470588235294,0.1176470588235294,0.0,0.1176470588235294,0.0588235294117647,0.1764705882352941,0.0,0.0,0.0588235294117647,0.0,0.0,0.2352941176470588,0.0,0.0588235294117647,0.0,0.0,1736.0591000000004,0.5549472748996638,8.750052070617677,0.1176470588235294,12.47058823529412,0.5341176470588235,0.361026156400934,0.0005737095854429,137.64705882352942,-1.1258823529411768,0.5294117647058824,development
83,FLWWLFKWAWK,mod. active,mod. active,1,Active,active,0,11,0.0909090909090909,0.0,0.0,0.0,0.1818181818181818,0.0,0.0,0.0,0.1818181818181818,0.1818181818181818,0.0,0.0,0.0,0.0,0.0,0.0,0.0,0.0,0.3636363636363636,0.0,1610.9402,1.552441682232378,10.002737236022949,0.5454545454545454,14.509090909090904,0.4963636363636363,0.4387124200217259,0.0012384073894744,80.00000000000001,-1.4390909090909092,0.4545454545454545,development
84,GIGAVLKVLTTGLPALISWIKRKRQQ,mod. active,mod. active,1,Active,active,0,26,0.0769230769230769,0.0,0.0,0.0,0.0,0.1153846153846153,0.0,0.1153846153846153,0.1153846153846153,0.1538461538461538,0.0,0.0,0.0384615384615384,0.0769230769230769,0.0769230769230769,0.0384615384615384,0.0769230769230769,0.0769230769230769,0.0384615384615384,0.0,2847.4471000000003,4.5498858530983455,11.999967765808105,0.0384615384615384,44.73076923076924,0.1126923076923077,0.3589698816442937,0.0017541949667422,135.0,0.5700000000000002,0.4230769230769231,development
85,GIGKFLHAAKKFAKAFVAEIMNS,mod. active,mod. active,1,Active,active,0,23,0.217391304347826,0.0,0.0,0.0434782608695652,0.1304347826086956,0.0869565217391304,0.0434782608695652,0.0869565217391304,0.1739130434782608,0.0434782608695652,0.0434782608695652,0.0434782608695652,0.0,0.0,0.0,0.0434782608695652,0.0,0.0434782608695652,0.0,0.0,2478.951,2.585177699013698,10.00138339996338,0.1304347826086956,10.556521739130435,0.2260869565217391,0.4479700526606609,0.0012485074386032,85.21739130434781,0.1169565217391303,0.5652173913043478,development
86,GIGKFLHSAKKFAKAFVAEIMNS,mod. active,mod. active,1,Active,active,0,23,0.1739130434782608,0.0,0.0,0.0434782608695652,0.1304347826086956,0.0869565217391304,0.0434782608695652,0.0869565217391304,0.1739130434782608,0.0434782608695652,0.0434782608695652,0.0434782608695652,0.0,0.0,0.0,0.0869565217391304,0.0,0.0434782608695652,0.0,0.0,2494.9504,2.585177699013698,10.00138339996338,0.1304347826086956,10.556521739130435,0.1913043478260869,0.4577817165013594,0.001240500849713,80.8695652173913,0.3434782608695652,0.5217391304347826,development
87,GIGKFLHSAKKFGKAFVGEIMNS,mod. active,mod. active,1,Active,active,0,23,0.0869565217391304,0.0,0.0,0.0434782608695652,0.1304347826086956,0.1739130434782608,0.0434782608695652,0.0869565217391304,0.1739130434782608,0.0434782608695652,0.0434782608695652,0.0434782608695652,0.0,0.0,0.0,0.0869565217391304,0.0,0.0434782608695652,0.0,0.0,2466.8972000000003,2.585177699013698,10.00138339996338,0.1304347826086956,-0.1043478260869558,0.1791304347826086,0.4586310607350617,0.0012546059645467,72.17391304347825,0.4191304347826087,0.4347826086956521,development
88,GIGKFLKKAKKFAKAFVKIINN,very active,very active,1,Active,active,0,22,0.1363636363636363,0.0,0.0,0.0,0.1363636363636363,0.0909090909090909,0.0,0.1363636363636363,0.3181818181818182,0.0454545454545454,0.0,0.0909090909090909,0.0,0.0,0.0,0.0,0.0,0.0454545454545454,0.0,0.0,2464.0457000000006,6.539913718895949,10.778420829772951,0.1363636363636363,-7.199999999999998,0.0345454545454545,0.6839899685814352,0.0028384049089713,97.72727272727272,0.5527272727272726,0.5,test
89,GIGKFLKKAKKFGKAFVKILKK,inactive - exp,inactive - exp,0,Inactive,experimental,0,22,0.0909090909090909,0.0,0.0,0.0,0.1363636363636363,0.1363636363636363,0.0,0.0909090909090909,0.4090909090909091,0.0909090909090909,0.0,0.0,0.0,0.0,0.0,0.0,0.0,0.0454545454545454,0.0,0.0,2478.1585000000005,8.534902533561377,10.90329608917236,0.1363636363636363,-6.163636363636362,-0.0509090909090909,0.7088747699407729,0.003629290968739,93.1818181818182,0.4931818181818181,0.4545454545454545,development
90,GLFAVIKKVAAVIKKL,mod. active,mod. active,1,Active,active,0,16,0.1875,0.0,0.0,0.0,0.0625,0.0625,0.0,0.125,0.25,0.125,0.0,0.0,0.0,0.0,0.0,0.0,0.0,0.1875,0.0,0.0,1698.1867000000002,3.5474304968978063,10.477740287780762,0.0625,-11.85,0.365,0.5337684330905158,0.0023525047256196,170.625,-1.1843749999999995,0.6875,test
91,GLFAVIKKVAAVIRRL,mod. active,mod. active,1,Active,active,0,16,0.1875,0.0,0.0,0.0,0.0625,0.0625,0.0,0.125,0.125,0.125,0.0,0.0,0.0,0.0,0.125,0.0,0.0,0.1875,0.0,0.0,1754.2135000000003,3.552391445765631,11.999967765808105,0.0625,34.5625,0.2399999999999999,0.6137653853350615,0.0022773654387705,170.625,-0.0131249999999997,0.6875,test
92,GLFAVIKKVAKVIKKL,very active,very active,1,Active,active,0,16,0.125,0.0,0.0,0.0,0.0625,0.0625,0.0,0.125,0.3125,0.125,0.0,0.0,0.0,0.0,0.0,0.0,0.0,0.1875,0.0,0.0,1755.2811000000002,4.5449249042305215,10.602486610412598,0.0625,-17.15625,0.2325,0.6659764988734207,0.002845683619231,164.375,-0.7243749999999998,0.625,development
93,GLFAVIKKVASVIGGL,very active,very active,1,Active,active,0,16,0.125,0.0,0.0,0.0,0.0625,0.1875,0.0,0.125,0.125,0.125,0.0,0.0,0.0,0.0,0.0,0.0625,0.0,0.1875,0.0,0.0,1571.9441000000002,1.552441682232378,10.002737236022949,0.0625,6.475,0.5625,0.4257949306057206,0.0012691243360157,164.375,-1.67,0.625,development
94,GLFAVIKKVASVIKGL,mod. active,mod. active,1,Active,active,0,16,0.125,0.0,0.0,0.0,0.0625,0.125,0.0,0.125,0.1875,0.125,0.0,0.0,0.0,0.0,0.0,0.0625,0.0,0.1875,0.0,0.0,1643.0650999999998,2.5499360895650924,10.302063941955566,0.0625,-11.85,0.4387500000000001,0.5018404394272568,0.001822807305836,164.375,-1.2643749999999996,0.625,development
95,GLFAVIKKVASVIKKL,mod. active,mod. active,1,Active,active,0,16,0.125,0.0,0.0,0.0,0.0625,0.0625,0.0,0.125,0.25,0.125,0.0,0.0,0.0,0.0,0.0,0.0625,0.0,0.1875,0.0,0.0,1714.1861,3.5474304968978063,10.477740287780762,0.0625,-11.85,0.315,0.5836427145392723,0.0023305467888623,164.375,-0.8587499999999996,0.625,development
96,GLFDIAKKVIGVIGSL,mod. active,mod. active,1,Active,active,0,16,0.0625,0.0,0.0625,0.0,0.0625,0.1875,0.0,0.1875,0.125,0.125,0.0,0.0,0.0,0.0,0.0,0.0625,0.0,0.125,0.0,0.0,1629.9802,0.5528881663873828,8.59094409942627,0.0625,11.78125,0.4862499999999999,0.4880617873885867,0.0006110466935379,164.375,-1.066875,0.5625,development
97,GLFDIIKKIAESF,mod. active,mod. active,1,Active,active,0,13,0.0769230769230769,0.0,0.0769230769230769,0.0769230769230769,0.1538461538461538,0.0769230769230769,0.0,0.2307692307692307,0.1538461538461538,0.0769230769230769,0.0,0.0,0.0,0.0,0.0,0.0769230769230769,0.0,0.0,0.0,0.0,1480.7458,-0.4459910726727725,6.069006156921386,0.1538461538461538,20.47692307692308,0.3061538461538461,0.6741081329980378,-2.026000337666723e-06,127.6923076923077,0.1261538461538461,0.5384615384615384,development
98,GLFDIVKKIAGHIAGSI,mod. active,mod. active,1,Active,active,0,17,0.1176470588235294,0.0,0.0588235294117647,0.0,0.0588235294117647,0.1764705882352941,0.0588235294117647,0.2352941176470588,0.1176470588235294,0.0588235294117647,0.0,0.0,0.0,0.0,0.0,0.0588235294117647,0.0,0.0588235294117647,0.0,0.0,1739.0664000000002,0.5895146075634297,8.598357963562016,0.0588235294117647,30.835294117647056,0.4235294117647058,0.4669403105902714,0.000629646880229,143.52941176470588,-0.5988235294117645,0.5294117647058824,development
99,GLFDIVKKIAGHIASSI,mod. active,mod. active,1,Active,active,0,17,0.1176470588235294,0.0,0.0588235294117647,0.0,0.0588235294117647,0.1176470588235294,0.0588235294117647,0.2352941176470588,0.1176470588235294,0.0588235294117647,0.0,0.0,0.0,0.0,0.0,0.1176470588235294,0.0,0.0588235294117647,0.0,0.0,1769.0924,0.5895146075634297,8.598357963562016,0.0588235294117647,42.16470588235294,0.3847058823529411,0.5046082884577622,0.0006189587926064,143.52941176470588,-0.3435294117647057,0.5294117647058824,development
100,GLFDIVKKIAGHIVSSI,mod. active,mod. active,1,Active,active,0,17,0.0588235294117647,0.0,0.0588235294117647,0.0,0.0588235294117647,0.1176470588235294,0.0588235294117647,0.2352941176470588,0.1176470588235294,0.0588235294117647,0.0,0.0,0.0,0.0,0.0,0.1176470588235294,0.0,0.1176470588235294,0.0,0.0,1797.1455,0.5895146075634297,8.598357963562016,0.0588235294117647,37.17058823529412,0.4129411764705882,0.5036883970558701,0.0006092980552541,154.70588235294116,-0.4747058823529411,0.5294117647058824,development
101,GLFDIVKKVVGAFGSL,mod. active,mod. active,1,Active,active,0,16,0.0625,0.0,0.0625,0.0,0.125,0.1875,0.0,0.0625,0.125,0.125,0.0,0.0,0.0,0.0,0.0,0.0625,0.0,0.1875,0.0,0.0,1649.9698,0.5528881663873828,8.59094409942627,0.125,-5.9375,0.4549999999999999,0.4940266847701825,0.0006036436805294,133.75,-0.8906249999999999,0.5625,development
102,GLFDVIAKVASVIKKL,mod. active,mod. active,1,Active,active,0,16,0.125,0.0,0.0625,0.0,0.0625,0.0625,0.0,0.125,0.1875,0.125,0.0,0.0,0.0,0.0,0.0,0.0625,0.0,0.1875,0.0,0.0,1701.1012,1.5503825737200971,9.703023719787598,0.0625,1.1687499999999995,0.3525,0.5753965075966142,0.0011733515175385,164.375,-0.660625,0.625,development
103,GLFDVIKAVASVIGGL,mod. active,mod. active,1,Active,active,0,16,0.125,0.0,0.0625,0.0,0.0625,0.1875,0.0,0.125,0.0625,0.125,0.0,0.0,0.0,0.0,0.0,0.0625,0.0,0.1875,0.0,0.0,1558.8592000000003,-0.4446062409453315,5.835682106018066,0.0625,19.49375,0.6000000000000001,0.4584283569699565,-2.565961241155453e-06,164.375,-1.4718750000000005,0.625,test
104,GLFDVIKKVAAVIGGL,mod. active,mod. active,1,Active,active,0,16,0.125,0.0,0.0625,0.0,0.0625,0.1875,0.0,0.125,0.125,0.125,0.0,0.0,0.0,0.0,0.0,0.0,0.0,0.1875,0.0,0.0,1599.9542,0.5528881663873828,8.59094409942627,0.0625,14.1875,0.5175000000000001,0.4653530904197137,0.000622515562889,164.375,-1.3375,0.625,development
105,GLFDVIKKVASVIGGL,mod. active,mod. active,1,Active,active,0,16,0.0625,0.0,0.0625,0.0,0.0625,0.1875,0.0,0.125,0.125,0.125,0.0,0.0,0.0,0.0,0.0,0.0625,0.0,0.1875,0.0,0.0,1615.9536000000005,0.5528881663873828,8.59094409942627,0.0625,14.1875,0.4675,0.5153089915263588,0.0006163518898982,158.125,-1.011875,0.5625,development
106,GLFDVIKKVASVIKGL,mod. active,mod. active,1,Active,active,0,16,0.0625,0.0,0.0625,0.0,0.0625,0.125,0.0,0.125,0.1875,0.125,0.0,0.0,0.0,0.0,0.0,0.0625,0.0,0.1875,0.0,0.0,1687.0746,1.5503825737200971,9.703023719787598,0.0625,-4.137500000000001,0.34375,0.5832398848161179,0.0011831092775683,158.125,-0.60625,0.5625,development
107,GLFDVIKKVASVIKKL,mod. active,mod. active,1,Active,active,0,16,0.0625,0.0,0.0625,0.0,0.0625,0.0625,0.0,0.125,0.25,0.125,0.0,0.0,0.0,0.0,0.0,0.0625,0.0,0.1875,0.0,0.0,1758.1956,2.547876981052811,10.00138339996338,0.0625,-4.137500000000001,0.22,0.67160872357108,0.0017040154703674,158.125,-0.2006249999999999,0.5625,development
108,GLFKVIKKVAKVIKKL,mod. active,mod. active,1,Active,active,0,16,0.0625,0.0,0.0,0.0,0.0625,0.0625,0.0,0.125,0.375,0.125,0.0,0.0,0.0,0.0,0.0,0.0,0.0,0.1875,0.0,0.0,1812.3755,5.5424193115632345,10.699318122863769,0.0625,-31.856250000000003,0.1,0.7893310870625011,0.0033078052064136,158.125,-0.264375,0.5625,development
109,GLFKVIKKVASVIGGL,mod. active,mod. active,1,Active,active,0,16,0.0625,0.0,0.0,0.0,0.0625,0.1875,0.0,0.125,0.1875,0.125,0.0,0.0,0.0,0.0,0.0,0.0625,0.0,0.1875,0.0,0.0,1629.0385000000006,2.5499360895650924,10.302063941955566,0.0625,-8.225,0.43,0.551149291163389,0.0018384948282741,158.125,-1.21,0.5625,development
110,ILPWKWPWWPWRR,inactive - exp,inactive - exp,0,Inactive,experimental,0,13,0.0,0.0,0.0,0.0,0.0,0.0,0.0,0.0769230769230769,0.0769230769230769,0.0769230769230769,0.0,0.0,0.2307692307692307,0.0,0.1538461538461538,0.0,0.0,0.0,0.3846153846153846,0.0,1907.2693,2.554897038432917,11.999967765808105,0.3846153846153846,76.27692307692308,0.0315384615384615,0.2723116914062445,0.0015708316074808,60.0,1.0692307692307692,0.1538461538461538,development
111,KKKFPWWWPFKKK,mod. active,mod. active,1,Active,active,0,13,0.0,0.0,0.0,0.0,0.1538461538461538,0.0,0.0,0.0,0.4615384615384615,0.0,0.0,0.0,0.1538461538461538,0.0,0.0,0.0,0.0,0.0,0.2307692307692307,0.0,1834.2568,5.5424193115632345,10.699318122863769,0.3846153846153846,25.084615384615383,-0.3023076923076923,0.2310125940916118,0.0032683479986479,0.0,1.5653846153846152,0.1538461538461538,development
112,KKKFPWWWPFKKKCKKKFPWWWPFKKKC,very active,very active,1,Active,active,0,28,0.0,0.0714285714285714,0.0,0.0,0.1428571428571428,0.0,0.0,0.0,0.4285714285714285,0.0,0.0,0.0,0.1428571428571428,0.0,0.0,0.0,0.0,0.0,0.2142857142857142,0.0,3856.7841000000008,11.478379020458847,10.489538002014156,0.3571428571428571,24.364285714285717,-0.2599999999999999,0.2199669999820566,0.003074569591371,0.0,1.362142857142857,0.2142857142857142,development
113,KKKFPWWWPFKKKKKKFPWWWPFKKKK,very active,very active,1,Active,active,0,27,0.0,0.0,0.0,0.0,0.1481481481481481,0.0,0.0,0.0,0.4814814814814814,0.0,0.0,0.0,0.1481481481481481,0.0,0.0,0.0,0.0,0.0,0.2222222222222222,0.0,3778.670600000001,12.524880162892234,11.079294776916504,0.3703703703703703,24.896296296296292,-0.3466666666666666,0.094208760064228,0.0034385023341484,0.0,1.712962962962963,0.1481481481481481,development
114,KKVVFKVKFK,inactive - exp,inactive - exp,0,Inactive,experimental,0,10,0.0,0.0,0.0,0.0,0.2,0.0,0.0,0.0,0.5,0.0,0.0,0.0,0.0,0.0,0.0,0.0,0.0,0.3,0.0,0.0,1250.6174,4.5449249042305215,10.602486610412598,0.2,-40.92,-0.18,0.2258682015320238,0.0039940189665925,87.0,0.967,0.5,test
115,KLAKKLAKLAKLAKAL,mod. active,mod. active,1,Active,active,0,16,0.3125,0.0,0.0,0.0,0.0,0.0,0.0,0.0,0.375,0.3125,0.0,0.0,0.0,0.0,0.0,0.0,0.0,0.0,0.0,0.0,1708.2266000000002,5.5424193115632345,10.699318122863769,0.0,-11.85,-0.0249999999999999,0.5147870615831971,0.003509480573459,153.125,-0.021875,0.625,development
116,KLALKLALKALKAAKLA,inactive - exp,inactive - exp,0,Inactive,experimental,0,17,0.3529411764705882,0.0,0.0,0.0,0.0,0.0,0.0,0.0,0.2941176470588235,0.3529411764705882,0.0,0.0,0.0,0.0,0.0,0.0,0.0,0.0,0.0,0.0,1764.2898,4.5449249042305215,10.602486610412598,0.0,-20.552941176470597,0.1658823529411765,0.4324250174924781,0.0028311511647678,172.94117647058823,-0.7429411764705883,0.7058823529411765,development
117,KTKLFKKFAKKLAKKLKKLAKKL,mod. active,mod. active,1,Active,active,0,23,0.1304347826086956,0.0,0.0,0.0,0.0869565217391304,0.0,0.0,0.0,0.5217391304347826,0.217391304347826,0.0,0.0,0.0,0.0,0.0,0.0,0.0434782608695652,0.0,0.0,0.0,2730.5561000000007,11.52738575555952,11.041516304016112,0.0869565217391304,-19.117391304347827,-0.3604347826086957,0.6581165887363628,0.0043921232563164,97.82608695652172,1.442608695652174,0.4347826086956521,development
118,KWKKFLKIGIGKFLHLAKKF,very active,very active,1,Active,active,0,20,0.05,0.0,0.0,0.0,0.15,0.1,0.05,0.1,0.35,0.15,0.0,0.0,0.0,0.0,0.0,0.0,0.0,0.0,0.05,0.0,2431.0605000000005,6.576540160071996,10.778420829772951,0.2,-7.48,0.0594999999999999,0.4994571168094083,0.0029176453166712,102.5,0.1974999999999999,0.45,development
119,KWKLAKKALALL,inactive - exp,inactive - exp,0,Inactive,experimental,0,12,0.25,0.0,0.0,0.0,0.0,0.0,0.0,0.0,0.3333333333333333,0.3333333333333333,0.0,0.0,0.0,0.0,0.0,0.0,0.0,0.0,0.0833333333333333,0.0,1382.7785,3.5474304968978063,10.477740287780762,0.0833333333333333,2.091666666666667,0.0891666666666667,0.3550361112223754,0.0028891074502089,154.99999999999997,-0.4366666666666667,0.5833333333333334,development
120,KWKLFAKIGIGKFLHLAKKF,very active,very active,1,Active,active,0,20,0.1,0.0,0.0,0.0,0.15,0.1,0.05,0.1,0.3,0.15,0.0,0.0,0.0,0.0,0.0,0.0,0.0,0.0,0.05,0.0,2373.966100000001,5.579045752739281,10.699318122863769,0.2,-7.48,0.1655,0.3474999683911332,0.0025665867723686,107.5,-0.1704999999999999,0.5,development
121,KWKLFKKALKKLKKALKKAL,mod. active,mod. active,1,Active,active,0,20,0.15,0.0,0.0,0.0,0.05,0.0,0.0,0.0,0.5,0.25,0.0,0.0,0.0,0.0,0.0,0.0,0.0,0.0,0.05,0.0,2412.1437,9.532396940894092,10.954419517517088,0.1,-19.24,-0.2815,0.6466709033358555,0.0041431917583898,112.5,1.0080000000000002,0.45,development
122,KWKLFKKIGAVLKVL,mod. active,mod. active,1,Active,active,0,15,0.0666666666666666,0.0,0.0,0.0,0.0666666666666666,0.0666666666666666,0.0,0.0666666666666666,0.3333333333333333,0.2,0.0,0.0,0.0,0.0,0.0,0.0,0.0,0.1333333333333333,0.0666666666666666,0.0,1771.2821000000004,4.5449249042305215,10.602486610412598,0.1333333333333333,-28.986666666666668,0.1673333333333333,0.4139307319247934,0.0028199786596209,149.33333333333331,-0.538,0.5333333333333333,development
123,KWKLFKKIGIGAFLHLAKKF,very active,very active,1,Active,active,0,20,0.1,0.0,0.0,0.0,0.15,0.1,0.05,0.1,0.3,0.15,0.0,0.0,0.0,0.0,0.0,0.0,0.0,0.0,0.05,0.0,2373.966100000001,5.579045752739281,10.699318122863769,0.2,-14.995,0.1655,0.2819798642783512,0.0025665867723686,107.5,-0.1705,0.5,development
124,KWKLFKKIGIGAFLHSAKKF,mod. active,mod. active,1,Active,active,0,20,0.1,0.0,0.0,0.0,0.15,0.1,0.05,0.1,0.3,0.1,0.0,0.0,0.0,0.0,0.0,0.05,0.0,0.0,0.05,0.0,2347.8858000000005,5.579045752739281,10.699318122863769,0.2,-14.995,0.1015,0.2251228308438261,0.002595096022386,88.0,0.2454999999999999,0.45,development
125,KWKLFKKIGIGAVLKVLKKG,very active,very active,1,Active,active,0,20,0.05,0.0,0.0,0.0,0.05,0.15,0.0,0.1,0.35,0.15,0.0,0.0,0.0,0.0,0.0,0.0,0.0,0.1,0.05,0.0,2254.886900000001,6.539913718895949,10.778420829772951,0.1,-31.975000000000005,0.0935,0.2856103026790219,0.0031016896536431,131.5,-0.1884999999999999,0.45,development
126,KWKLFKKIGIGAVLKVLTTG,mod. active,mod. active,1,Active,active,0,20,0.05,0.0,0.0,0.0,0.05,0.15,0.0,0.1,0.25,0.15,0.0,0.0,0.0,0.0,0.0,0.0,0.1,0.1,0.05,0.0,2200.7501000000007,4.5449249042305215,10.602486610412598,0.1,-27.730000000000004,0.2385,0.2153849044479404,0.0022696704774714,131.5,-0.4864999999999999,0.45,development
127,KWKLFKKIGIGKFKLAKKF,very active,very active,1,Active,active,0,19,0.0526315789473684,0.0,0.0,0.0,0.1578947368421052,0.1052631578947368,0.0,0.1052631578947368,0.4210526315789473,0.1052631578947368,0.0,0.0,0.0,0.0,0.0,0.0,0.0,0.0,0.0526315789473684,0.0,2308.9359000000004,7.537408126228662,10.845339012145995,0.2105263157894736,-28.68947368421053,-0.0531578947368421,0.3774014306466189,0.0034621947733592,87.36842105263156,0.5136842105263156,0.4210526315789473,development
128,KWKLFKKIGIGKFLHLAKKF,very active,very active,1,Active,active,0,20,0.05,0.0,0.0,0.0,0.15,0.1,0.05,0.1,0.35,0.15,0.0,0.0,0.0,0.0,0.0,0.0,0.0,0.0,0.05,0.0,2431.0605000000005,6.576540160071996,10.778420829772951,0.2,-14.995,0.0595,0.2543734147443813,0.0029176453166712,102.5,0.1974999999999999,0.45,test
129,KWKLFKKIGIGKFLHSAKKF,mod. active,mod. active,1,Active,active,0,20,0.05,0.0,0.0,0.0,0.15,0.1,0.05,0.1,0.35,0.1,0.0,0.0,0.0,0.0,0.0,0.05,0.0,0.0,0.05,0.0,2404.9802000000004,6.576540160071996,10.778420829772951,0.2,-14.995,-0.0045,0.2150980479726766,0.00294928461241,83.0,0.6134999999999999,0.4,development
130,KWKLFKKIGIGKFLHSATTF,mod. active,mod. active,1,Active,active,0,20,0.05,0.0,0.0,0.0,0.15,0.1,0.05,0.1,0.25,0.1,0.0,0.0,0.0,0.0,0.0,0.05,0.1,0.0,0.05,0.0,2350.8434,4.581551345406568,10.602486610412598,0.2,-8.825000000000001,0.1404999999999999,0.1250938186803018,0.0021668758108769,83.0,0.3154999999999999,0.4,development
131,KWKLFKKIKFLHSAKKF,inactive - exp,inactive - exp,0,Inactive,experimental,0,17,0.0588235294117647,0.0,0.0,0.0,0.1764705882352941,0.0,0.0588235294117647,0.0588235294117647,0.4117647058823529,0.1176470588235294,0.0,0.0,0.0,0.0,0.0,0.0588235294117647,0.0,0.0,0.0588235294117647,0.0,2177.7200000000007,6.576540160071996,10.778420829772951,0.2352941176470588,-14.411764705882351,-0.1441176470588235,0.1336752433612986,0.0032570612518539,74.70588235294116,1.1217647058823528,0.4117647058823529,development
132,KWKLFKKIPKFLHSAKKF,mod. active,mod. active,1,Active,active,0,18,0.0555555555555555,0.0,0.0,0.0,0.1666666666666666,0.0,0.0555555555555555,0.0555555555555555,0.3888888888888889,0.1111111111111111,0.0,0.0,0.0555555555555555,0.0,0.0,0.0555555555555555,0.0,0.0,0.0555555555555555,0.0,2274.8352000000004,6.576540160071996,10.778420829772951,0.2222222222222222,-9.938888888888888,-0.1294444444444444,0.5060128582102217,0.0031180214872254,70.55555555555554,1.0594444444444442,0.3888888888888889,development
133,KWKLFKKKTKLFKKFAKKLAKKL,mod. active,mod. active,1,Active,active,0,23,0.0869565217391304,0.0,0.0,0.0,0.1304347826086956,0.0,0.0,0.0,0.5217391304347826,0.1739130434782608,0.0,0.0,0.0,0.0,0.0,0.0,0.0434782608695652,0.0,0.0434782608695652,0.0,2879.704300000001,11.52738575555952,11.041516304016112,0.1739130434782608,-18.269565217391307,-0.3478260869565218,0.5547651606428573,0.0041646410067645,76.52173913043478,1.5043478260869565,0.391304347826087,development
134,KWKSFAKTFKSAKKTVLHTALKAISS,mod. active,mod. active,1,Active,active,0,26,0.1538461538461538,0.0,0.0,0.0,0.0769230769230769,0.0,0.0384615384615384,0.0384615384615384,0.2692307692307692,0.0769230769230769,0.0,0.0,0.0,0.0,0.0,0.1538461538461538,0.1153846153846153,0.0384615384615384,0.0384615384615384,0.0,2907.4545,6.576540160071996,10.778420829772951,0.1153846153846153,9.823076923076924,-0.053076923076923,0.3913378403466022,0.0024395864431496,71.53846153846155,1.1726923076923077,0.3846153846153846,development
135,KWKSFLKTFKSAKKTVAHTAAKAISS,mod. active,mod. active,1,Active,active,0,26,0.1923076923076923,0.0,0.0,0.0,0.0769230769230769,0.0,0.0384615384615384,0.0384615384615384,0.2692307692307692,0.0384615384615384,0.0,0.0,0.0,0.0,0.0,0.1538461538461538,0.1153846153846153,0.0384615384615384,0.0384615384615384,0.0,2865.374799999999,6.576540160071996,10.778420829772951,0.1153846153846153,6.557692307692308,-0.0715384615384615,0.4072561574088283,0.0024754047442058,60.38461538461539,1.2923076923076926,0.3846153846153846,development
136,KWKSFLKTFKSAKKTVAHTALKAISS,mod. active,mod. active,1,Active,active,0,26,0.1538461538461538,0.0,0.0,0.0,0.0769230769230769,0.0,0.0384615384615384,0.0384615384615384,0.2692307692307692,0.0769230769230769,0.0,0.0,0.0,0.0,0.0,0.1538461538461538,0.1153846153846153,0.0384615384615384,0.0384615384615384,0.0,2907.4545,6.576540160071996,10.778420829772951,0.1153846153846153,3.2923076923076926,-0.053076923076923,0.3974000713952055,0.002439578052396,71.53846153846155,1.1726923076923077,0.3846153846153846,development
137,KWKSFLKTFKSAKKTVLHTALKAISS,very active,very active,1,Active,active,0,26,0.1153846153846153,0.0,0.0,0.0,0.0769230769230769,0.0,0.0384615384615384,0.0384615384615384,0.2692307692307692,0.1153846153846153,0.0,0.0,0.0,0.0,0.0,0.1538461538461538,0.1153846153846153,0.0384615384615384,0.0384615384615384,0.0,2949.5342,6.576540160071996,10.778420829772951,0.1153846153846153,6.557692307692308,-0.0346153846153845,0.4006561814688358,0.0024047736095336,82.6923076923077,1.0530769230769232,0.3846153846153846,development
138,KWKSFLKTFKSAKKTVLHTLLKAISS,very active,very active,1,Active,active,0,26,0.0769230769230769,0.0,0.0,0.0,0.0769230769230769,0.0,0.0384615384615384,0.0384615384615384,0.2692307692307692,0.1538461538461538,0.0,0.0,0.0,0.0,0.0,0.1538461538461538,0.1153846153846153,0.0384615384615384,0.0384615384615384,0.0,2991.6139,6.576540160071996,10.778420829772951,0.1153846153846153,6.557692307692308,-0.0161538461538461,0.4182008668649545,0.0023709562043307,93.84615384615384,0.9334615384615386,0.3846153846153846,development
139,KWKSFLKTFKSLKKTVLHTALKAISS,very active,very active,1,Active,active,0,26,0.0769230769230769,0.0,0.0,0.0,0.0769230769230769,0.0,0.0384615384615384,0.0384615384615384,0.2692307692307692,0.1538461538461538,0.0,0.0,0.0,0.0,0.0,0.1538461538461538,0.1153846153846153,0.0384615384615384,0.0384615384615384,0.0,2991.6138999999994,6.576540160071996,10.778420829772951,0.1153846153846153,3.2923076923076926,-0.0161538461538461,0.4097974589285517,0.0023709562043307,93.84615384615384,0.9334615384615385,0.3846153846153846,test
140,KWKSFLKTFKSLKKTVLHTLLKAISS,very active,very active,1,Active,active,0,26,0.0384615384615384,0.0,0.0,0.0,0.0769230769230769,0.0,0.0384615384615384,0.0384615384615384,0.2692307692307692,0.1923076923076923,0.0,0.0,0.0,0.0,0.0,0.1538461538461538,0.1153846153846153,0.0384615384615384,0.0384615384615384,0.0,3033.6936,6.576540160071996,10.778420829772951,0.1153846153846153,3.2923076923076926,0.0023076923076923,0.4271052740293019,0.0023380690246233,105.0,0.8138461538461539,0.3846153846153846,development
141,KWKSFLKTFKSLKKTVLHTLLKLISS,very active,very active,1,Active,active,0,26,0.0,0.0,0.0,0.0,0.0769230769230769,0.0,0.0384615384615384,0.0384615384615384,0.2692307692307692,0.2307692307692307,0.0,0.0,0.0,0.0,0.0,0.1538461538461538,0.1153846153846153,0.0384615384615384,0.0384615384615384,0.0,3075.7733,6.576540160071996,10.778420829772951,0.1153846153846153,0.026923076923077,0.0207692307692308,0.441392674685589,0.002306081709355,116.15384615384616,0.6942307692307692,0.3846153846153846,development
142,KYKKALKKLAKLL,inactive - exp,inactive - exp,0,Inactive,experimental,0,13,0.1538461538461538,0.0,0.0,0.0,0.0,0.0,0.0,0.0,0.4615384615384615,0.3076923076923077,0.0,0.0,0.0,0.0,0.0,0.0,0.0,0.0,0.0,0.0769230769230769,1545.0085,5.539913718895949,10.398315238952636,0.0769230769230769,-10.361538461538462,-0.2384615384615384,0.7018851503821844,0.0038795614296255,135.3846153846154,0.78,0.4615384615384615,test
143,LGGIVSAVKKIVDFLG,mod. active,mod. active,1,Active,active,0,16,0.0625,0.0,0.0625,0.0,0.0625,0.1875,0.0,0.125,0.125,0.125,0.0,0.0,0.0,0.0,0.0,0.0625,0.0,0.1875,0.0,0.0,1615.9536000000005,0.5528881663873828,8.59094409942627,0.0625,-20.04375,0.4675,0.5153089915263591,0.0006163518898982,158.125,-1.011875,0.5625,development
144,LPKWKVFKKIEKVGRNIRNGIVKAGPAIAVLGEAKALG,mod. active,mod. active,1,Active,active,0,38,0.131578947368421,0.0,0.0,0.0526315789473684,0.0263157894736842,0.131578947368421,0.0,0.1052631578947368,0.1842105263157894,0.0789473684210526,0.0,0.0526315789473684,0.0526315789473684,0.0,0.0526315789473684,0.0,0.0,0.1052631578947368,0.0263157894736842,0.0,4070.913300000001,6.542105004308892,10.728973579406738,0.0526315789473684,25.43684210526316,0.0660526315789473,0.2880770780198202,0.001718771877679,115.52631578947368,0.6823684210526315,0.4473684210526316,development
145,MPKWKVFKKIEKVGRNIRNGIVKAGPAIAVLGEAKALG,inactive - exp,inactive - exp,0,Inactive,experimental,0,38,0.131578947368421,0.0,0.0,0.0526315789473684,0.0263157894736842,0.131578947368421,0.0,0.1052631578947368,0.1842105263157894,0.0526315789473684,0.0263157894736842,0.0526315789473684,0.0526315789473684,0.0,0.0526315789473684,0.0,0.0,0.1052631578947368,0.0263157894736842,0.0,4088.951700000001,6.2695406194974,10.72878017425537,0.0526315789473684,31.931578947368426,0.0539473684210526,0.3000237863788378,0.0017111930662075,105.26315789473682,0.7499999999999997,0.4473684210526316,test
146,RAGLQFPVGRLLRRLLRRLLR,very active,very active,1,Active,active,0,21,0.0476190476190476,0.0,0.0,0.0,0.0476190476190476,0.0952380952380952,0.0,0.0,0.0,0.3333333333333333,0.0,0.0,0.0476190476190476,0.0476190476190476,0.3333333333333333,0.0,0.0,0.0476190476190476,0.0,0.0,2560.1481,6.557277039933336,11.999967765808105,0.0476190476190476,117.8238095238095,-0.3166666666666667,0.5486275199411291,0.0027326523836493,148.57142857142856,3.087142857142857,0.4761904761904761,development
147,VAKKLAKLAKKLAKLAL,very active,very active,1,Active,active,0,17,0.2941176470588235,0.0,0.0,0.0,0.0,0.0,0.0,0.0,0.3529411764705882,0.2941176470588235,0.0,0.0,0.0,0.0,0.0,0.0,0.0,0.0588235294117647,0.0,0.0,1807.3576,5.508117265098505,10.699253654479982,0.0,-10.564705882352944,0.0411764705882353,0.6585976675655884,0.0033169927407932,161.1764705882353,-0.2582352941176471,0.6470588235294118,test
148,VAKLLAKLAKKLL,mod. active,mod. active,1,Active,active,0,13,0.2307692307692307,0.0,0.0,0.0,0.0,0.0,0.0,0.0,0.3076923076923077,0.3846153846153846,0.0,0.0,0.0,0.0,0.0,0.0,0.0,0.0769230769230769,0.0,0.0,1408.8572,3.513128450433076,10.477675819396971,0.0,-10.361538461538462,0.1892307692307692,0.6863913514848103,0.0028356259670939,195.38461538461544,-0.9130769230769232,0.6923076923076923,development
149,VAKLLAKLAKKVL,inactive - exp,inactive - exp,0,Inactive,experimental,0,13,0.2307692307692307,0.0,0.0,0.0,0.0,0.0,0.0,0.0,0.3076923076923077,0.3076923076923077,0.0,0.0,0.0,0.0,0.0,0.0,0.0,0.1538461538461538,0.0,0.0,1394.8306,3.513128450433076,10.477675819396971,0.0,-10.361538461538462,0.1892307692307692,0.6863913514848103,0.00286414831915,187.69230769230768,-0.8453846153846155,0.6923076923076923,test
150,VALALKALKKALKKLKKALKKAL,inactive - exp,inactive - exp,0,Inactive,experimental,0,23,0.2608695652173913,0.0,0.0,0.0,0.0,0.0,0.0,0.0,0.391304347826087,0.3043478260869565,0.0,0.0,0.0,0.0,0.0,0.0,0.0,0.0434782608695652,0.0,0.0,2489.2676,8.500600487096646,10.90323162078857,0.0,-12.582608695652176,-0.0426086956521738,0.6355629912170403,0.0036130929425376,157.3913043478261,0.0265217391304347,0.6086956521739131,development
151,WALAL,inactive - exp,inactive - exp,0,Inactive,experimental,0,5,0.4,0.0,0.0,0.0,0.0,0.0,0.0,0.0,0.0,0.4,0.0,0.0,0.0,0.0,0.0,0.0,0.0,0.0,0.2,0.0,572.6962000000001,-0.4425471324330503,5.525000190734862,0.2,-22.06,0.85,0.1831050567923979,-6.984459577440195e-06,196.0,-3.1580000000000004,0.8,development
152,AADIFSKFKKDMEVKFA,inactive - virtual,inactive - virtual,0,Inactive,virtual,1,17,0.1764705882352941,0.0,0.1176470588235294,0.0588235294117647,0.1764705882352941,0.0,0.0,0.0588235294117647,0.2352941176470588,0.0,0.0588235294117647,0.0,0.0,0.0,0.0,0.0588235294117647,0.0,0.0588235294117647,0.0,0.0,1975.3103,0.5997936565121877,8.473998451232912,0.1764705882352941,-6.117647058823529,-0.0070588235294117,0.3155959081765526,0.000504728347812,57.647058823529406,1.421764705882353,0.5294117647058824,development
153,AAQKDNVKSSWAKASA,inactive - virtual,inactive - virtual,0,Inactive,virtual,1,16,0.3125,0.0,0.0625,0.0,0.0,0.0,0.0,0.0,0.1875,0.0,0.0,0.0625,0.0,0.0625,0.0,0.1875,0.0,0.0625,0.0625,0.0,1661.8137000000002,1.600732004084624,9.703926277160644,0.0625,10.21875,-0.16,0.0712445377442732,0.0012010927777978,49.375,2.0206250000000003,0.375,development
154,AASQRKLIAEKFAQALMSSL,inactive - virtual,inactive - virtual,0,Inactive,virtual,1,20,0.25,0.0,0.0,0.05,0.05,0.0,0.0,0.05,0.1,0.15,0.05,0.0,0.0,0.1,0.05,0.15,0.0,0.0,0.0,0.0,2163.5396,1.603886755303376,9.994936561584474,0.05,46.48500000000001,0.058,0.1927721165062644,0.000923020036514,103.0,1.0025,0.55,development
155,AAYATLYEALVLVATLAAP,inactive - virtual,inactive - virtual,0,Inactive,virtual,1,19,0.3684210526315789,0.0,0.0,0.0526315789473684,0.0,0.0,0.0,0.0,0.0,0.2105263157894736,0.0,0.0,0.0526315789473684,0.0,0.0,0.0,0.1052631578947368,0.1052631578947368,0.0,0.1052631578947368,1921.2364,-1.39608812646325,4.0500284194946286,0.1052631578947368,28.10526315789474,0.5652631578947368,0.1384142874078051,-0.0005225791676209,149.4736842105263,-1.4842105263157892,0.6842105263157895,development
156,AEAHESIRLVFHDS,inactive - virtual,inactive - virtual,0,Inactive,virtual,1,14,0.1428571428571428,0.0,0.0714285714285714,0.1428571428571428,0.0714285714285714,0.0,0.1428571428571428,0.0714285714285714,0.0,0.0714285714285714,0.0,0.0,0.0,0.0,0.0714285714285714,0.1428571428571428,0.0,0.0714285714285714,0.0,0.0,1610.7253999999998,-2.3162819319151087,5.275533866882324,0.0714285714285714,30.735714285714288,3.9650822308041295e-18,0.3348129310531575,-0.0011193682367622,90.71428571428572,2.35,0.4285714285714285,development
157,AEGEREARVFTLWLNSL,inactive - virtual,inactive - virtual,0,Inactive,virtual,1,17,0.1176470588235294,0.0,0.0,0.1764705882352941,0.0588235294117647,0.0588235294117647,0.0,0.0,0.0,0.1764705882352941,0.0,0.0588235294117647,0.0,0.0,0.1176470588235294,0.0588235294117647,0.0588235294117647,0.0588235294117647,0.0588235294117647,0.0,1991.2071,-1.3888856557157363,4.786207008361816,0.1176470588235294,26.164705882352944,-0.0058823529411764,0.4138787847211558,-0.0005022072006468,97.64705882352942,2.0123529411764705,0.4117647058823529,development
158,AEGVATADPLMRLAKQLK,inactive - virtual,inactive - virtual,0,Inactive,virtual,1,18,0.2222222222222222,0.0,0.0555555555555555,0.0555555555555555,0.0,0.0555555555555555,0.0,0.0,0.1111111111111111,0.1666666666666666,0.0555555555555555,0.0,0.0555555555555555,0.0555555555555555,0.0555555555555555,0.0,0.0555555555555555,0.0555555555555555,0.0,0.0,1912.2580000000005,0.6043332394583807,8.634008979797365,0.0,8.955555555555554,0.0044444444444444,0.361077177684928,0.0005213726166943,103.33333333333331,1.1294444444444445,0.5,test
159,AEHAKVLMDSLTGVWDNFLT,inactive - virtual,inactive - virtual,0,Inactive,virtual,1,20,0.1,0.0,0.1,0.05,0.05,0.05,0.05,0.0,0.05,0.15,0.05,0.05,0.0,0.0,0.0,0.05,0.1,0.1,0.05,0.0,2247.525,-2.356063124309908,4.536627006530763,0.1,-0.6449999999999996,0.2185,0.3821538259561841,-0.0008467072742076,97.5,0.7290000000000002,0.45,development
160,AEHLAKAELTTVFSTLYQKF,inactive - virtual,inactive - virtual,0,Inactive,virtual,1,20,0.15,0.0,0.0,0.1,0.1,0.0,0.05,0.0,0.1,0.15,0.0,0.0,0.0,0.05,0.0,0.05,0.15,0.05,0.0,0.05,2297.603700000001,-0.3608465170146449,6.79904613494873,0.15,5.73,0.143,0.1907664307679497,4.1782547952002295e-05,88.0,0.799,0.45,development
161,AEKAKYDEIFLKT,inactive - virtual,inactive - virtual,0,Inactive,virtual,1,13,0.1538461538461538,0.0,0.0769230769230769,0.1538461538461538,0.0769230769230769,0.0,0.0,0.0769230769230769,0.2307692307692307,0.0769230769230769,0.0,0.0,0.0,0.0,0.0,0.0,0.0769230769230769,0.0,0.0,0.0769230769230769,1555.7695,-0.3995320667029722,6.2235513687133786,0.1538461538461538,35.730769230769226,-0.133076923076923,0.1149627735560494,-1.285537065247434e-06,75.38461538461539,1.9430769230769231,0.3846153846153846,development
162,AFFTIAAVARVLD,inactive - virtual,inactive - virtual,0,Inactive,virtual,1,13,0.3076923076923077,0.0,0.0769230769230769,0.0,0.1538461538461538,0.0,0.0,0.0769230769230769,0.0,0.0769230769230769,0.0,0.0,0.0,0.0,0.0769230769230769,0.0,0.0769230769230769,0.1538461538461538,0.0,0.0,1393.6287,-0.3905070248548339,6.132438468933105,0.1538461538461538,9.230769230769232,0.4715384615384614,0.3748682734934879,-2.870202277505507e-06,135.3846153846154,-0.3776923076923077,0.7692307692307693,development
163,AFRHSVKEELNYIRRRLERFPNRL,inactive - virtual,inactive - virtual,0,Inactive,virtual,1,24,0.0416666666666666,0.0,0.0,0.125,0.0833333333333333,0.0,0.0416666666666666,0.0416666666666666,0.0416666666666666,0.125,0.0,0.0833333333333333,0.0416666666666666,0.0,0.25,0.0416666666666666,0.0,0.0416666666666666,0.0,0.0416666666666666,3100.5409000000004,3.642629127192244,11.344711112976077,0.125,85.75000000000001,-0.4858333333333333,0.5084647638299263,0.0013217052513433,81.24999999999999,4.395416666666667,0.3333333333333333,development
164,AGDVLHNVLQMLIIESHS,inactive - virtual,inactive - virtual,0,Inactive,virtual,1,18,0.0555555555555555,0.0,0.0555555555555555,0.0555555555555555,0.0,0.0555555555555555,0.1111111111111111,0.1111111111111111,0.0,0.1666666666666666,0.0555555555555555,0.0555555555555555,0.0,0.0555555555555555,0.0,0.1111111111111111,0.0,0.1111111111111111,0.0,0.0,1976.2569,-2.31737757462158,5.15293216705322,0.0,75.82222222222222,0.3116666666666667,0.2839297786189595,-0.0009133413619665,146.1111111111111,0.3361111111111111,0.5,development
165,AGEMVRQARILAQATSDLVNAIKADA,inactive - virtual,inactive - virtual,0,Inactive,virtual,1,26,0.2692307692307692,0.0,0.0769230769230769,0.0384615384615384,0.0,0.0384615384615384,0.0,0.0769230769230769,0.0384615384615384,0.0769230769230769,0.0384615384615384,0.0384615384615384,0.0,0.0769230769230769,0.0769230769230769,0.0384615384615384,0.0384615384615384,0.0769230769230769,0.0,0.0,2713.075,-0.3927398019527013,6.166143989562988,0.0,15.0,0.035,0.3853511427523627,-7.371695637430522e-07,109.23076923076924,1.523461538461538,0.5384615384615384,development
166,AGNLDIMTSAALATAERMAQSMLN,inactive - virtual,inactive - virtual,0,Inactive,virtual,1,24,0.25,0.0,0.0416666666666666,0.0416666666666666,0.0,0.0416666666666666,0.0,0.0416666666666666,0.0,0.125,0.125,0.0833333333333333,0.0,0.0416666666666666,0.0416666666666666,0.0833333333333333,0.0833333333333333,0.0,0.0,0.0,2480.8363,-1.3906555752070475,4.37037296295166,0.0,28.29583333333333,0.15875,0.2630663784353652,-0.0004038954547653,89.99999999999999,0.945,0.5416666666666666,test
167,AHAIGVLLDNL,inactive - virtual,inactive - virtual,0,Inactive,virtual,1,11,0.1818181818181818,0.0,0.0909090909090909,0.0,0.0,0.0909090909090909,0.0909090909090909,0.0909090909090909,0.0,0.2727272727272727,0.0,0.0909090909090909,0.0,0.0,0.0,0.0,0.0,0.0909090909090909,0.0,0.0,1135.3131,-1.3551247767374717,5.078188896179198,0.0,1.3727272727272726,0.4945454545454545,0.4012201711318436,-0.0007971320861078,186.3636363636364,-0.7509090909090907,0.6363636363636364,test
168,AIEKEILIEAISS,inactive - virtual,inactive - virtual,0,Inactive,virtual,1,13,0.1538461538461538,0.0,0.0,0.2307692307692307,0.0,0.0,0.0,0.3076923076923077,0.0769230769230769,0.0769230769230769,0.0,0.0,0.0,0.0,0.0,0.1538461538461538,0.0,0.0,0.0,0.0,1415.628,-2.391341011916276,4.252716255187988,0.0,121.27692307692308,0.2969230769230769,0.0926791765781346,-0.0014127985419919,165.3846153846154,0.3507692307692305,0.5384615384615384,development
169,AKQEKIIIQVALNDITHVVELL,inactive - virtual,inactive - virtual,0,Inactive,virtual,1,22,0.0909090909090909,0.0,0.0454545454545454,0.0909090909090909,0.0,0.0,0.0454545454545454,0.1818181818181818,0.0909090909090909,0.1363636363636363,0.0,0.0454545454545454,0.0,0.0909090909090909,0.0,0.0,0.0454545454545454,0.1363636363636363,0.0,0.0,2487.9315,-1.357894440192354,5.447187614440917,0.0,21.75909090909091,0.2331818181818181,0.3697933873567896,-0.0003625489360675,172.72727272727272,0.3731818181818182,0.5454545454545454,test
170,AKVVRTALEDAASVAGLLIT,inactive - virtual,inactive - virtual,0,Inactive,virtual,1,20,0.25,0.0,0.05,0.05,0.0,0.05,0.0,0.05,0.05,0.15,0.0,0.0,0.0,0.0,0.05,0.05,0.1,0.15,0.0,0.0,1998.324,-0.3931611678743332,6.114193153381346,0.0,14.885000000000002,0.283,0.406621699469199,-1.0008356978076694e-06,146.5,0.1375000000000002,0.6,test
171,ALAVAAKPFL,inactive - virtual,inactive - virtual,0,Inactive,virtual,1,10,0.4,0.0,0.0,0.0,0.1,0.0,0.0,0.0,0.1,0.2,0.0,0.0,0.1,0.0,0.0,0.0,0.0,0.1,0.0,0.0,1000.2344,0.6052967052641909,8.795051002502444,0.1,20.72,0.5600000000000002,0.3176760392684503,0.0009957610173558,147.0,-1.8550000000000004,0.8,development
172,ALGKVIKKWGTTVAKLA,inactive - virtual,inactive - virtual,0,Inactive,virtual,1,17,0.1764705882352941,0.0,0.0,0.0,0.0,0.1176470588235294,0.0,0.0588235294117647,0.2352941176470588,0.1176470588235294,0.0,0.0,0.0,0.0,0.0,0.0,0.1176470588235294,0.1176470588235294,0.0588235294117647,0.0,1784.1933,3.597779927262333,10.47786922454834,0.0588235294117647,-21.65882352941177,0.1958823529411765,0.5937853786406634,0.0022390987557448,120.58823529411764,-0.3023529411764706,0.4705882352941176,development
173,ALYGLLKEEMGEILAK,inactive - virtual,inactive - virtual,0,Inactive,virtual,1,16,0.125,0.0,0.0,0.1875,0.0,0.125,0.0,0.0625,0.125,0.25,0.0625,0.0,0.0,0.0,0.0,0.0,0.0,0.0,0.0,0.0625,1778.1175000000003,-1.396352197250847,4.786207008361816,0.0625,38.50000000000001,0.23,0.1789650752067653,-0.0005629541313297,134.375,-0.0487500000000001,0.5,test
174,AMFEQMRANVGKLLKG,inactive - virtual,inactive - virtual,0,Inactive,virtual,1,16,0.125,0.0,0.0,0.0625,0.0625,0.125,0.0,0.0,0.125,0.125,0.125,0.0625,0.0,0.0625,0.0625,0.0,0.0,0.0625,0.0,0.0,1793.1618000000003,1.603886755303376,9.994936561584474,0.0625,-9.83125,0.006875,0.359790304885181,0.0011136702041635,79.375,1.1218749999999995,0.5,development
175,APDAEGRAIQAVYWANKWAKEQG,inactive - virtual,inactive - virtual,0,Inactive,virtual,1,23,0.2608695652173913,0.0,0.0434782608695652,0.0869565217391304,0.0,0.0869565217391304,0.0,0.0434782608695652,0.0869565217391304,0.0,0.0,0.0434782608695652,0.0434782608695652,0.0869565217391304,0.0434782608695652,0.0,0.0,0.0434782608695652,0.0869565217391304,0.0434782608695652,2559.7888000000003,-0.3970515922690603,6.224460792541504,0.1304347826086956,12.473913043478262,-0.0513043478260869,0.304754344226066,-7.813110399249941e-07,55.65217391304347,1.73304347826087,0.3478260869565217,test
176,APDLLISLATVLYHLQQ,inactive - virtual,inactive - virtual,0,Inactive,virtual,1,17,0.1176470588235294,0.0,0.0588235294117647,0.0,0.0,0.0,0.0588235294117647,0.0588235294117647,0.0,0.2941176470588235,0.0,0.0,0.0588235294117647,0.1176470588235294,0.0,0.0588235294117647,0.0588235294117647,0.0588235294117647,0.0,0.0588235294117647,1895.2024,-1.3576303694047571,5.07813205718994,0.0588235294117647,54.07058823529412,0.3758823529411765,0.3344041138769572,-0.0004780472876356,166.47058823529412,-0.3888235294117646,0.5294117647058824,development
177,APEDVRKSSKEVL,inactive - virtual,inactive - virtual,0,Inactive,virtual,1,13,0.0769230769230769,0.0,0.0769230769230769,0.1538461538461538,0.0,0.0,0.0,0.0,0.1538461538461538,0.0769230769230769,0.0,0.0,0.0769230769230769,0.0,0.0769230769230769,0.1538461538461538,0.0,0.1538461538461538,0.0,0.0,1457.6283,-0.3945459996017746,6.225370216369629,0.0,67.04615384615386,-0.3230769230769231,0.5344739121744981,-6.860451554921345e-07,82.3076923076923,3.103846153846154,0.3076923076923077,test
178,APLLNFVRDFVREDAKYLYSSLV,inactive - virtual,inactive - virtual,0,Inactive,virtual,1,23,0.0869565217391304,0.0,0.0869565217391304,0.0434782608695652,0.0869565217391304,0.0,0.0,0.0,0.0434782608695652,0.1739130434782608,0.0,0.0434782608695652,0.0434782608695652,0.0,0.0869565217391304,0.0869565217391304,0.0,0.1304347826086956,0.0,0.0869565217391304,2716.0934,-0.3977509872872726,6.164381980895995,0.1739130434782608,24.873913043478264,0.0782608695652174,0.3893766834316481,-1.4726998269577703e-06,114.34782608695652,1.3904347826086951,0.4782608695652174,development
179,AQTSRWAAMQIGMSFISAY,inactive - virtual,inactive - virtual,0,Inactive,virtual,1,19,0.2105263157894736,0.0,0.0,0.0,0.0526315789473684,0.0526315789473684,0.0,0.1052631578947368,0.0,0.0,0.1052631578947368,0.0,0.0,0.1052631578947368,0.0526315789473684,0.1578947368421052,0.0526315789473684,0.0,0.0526315789473684,0.0526315789473684,2119.4222,0.6052715870308174,8.792601203918458,0.1578947368421052,61.00526315789473,0.2378947368421052,0.1706463967496112,0.0004694658469494,62.105263157894726,0.5726315789473683,0.4736842105263157,test
180,ARDEAEMEYLKIAQ,inactive - virtual,inactive - virtual,0,Inactive,virtual,1,14,0.2142857142857142,0.0,0.0714285714285714,0.2142857142857142,0.0,0.0,0.0,0.0714285714285714,0.0714285714285714,0.0714285714285714,0.0714285714285714,0.0,0.0,0.0714285714285714,0.0714285714285714,0.0,0.0,0.0,0.0,0.0714285714285714,1666.85,-2.393425238661931,4.407375144958496,0.0714285714285714,-2.8428571428571434,-0.1935714285714286,0.1686032803566374,-0.0011998680145184,77.14285714285714,2.691428571428571,0.4285714285714285,development
181,ASLPEAIEALTKG,inactive - virtual,inactive - virtual,0,Inactive,virtual,1,13,0.2307692307692307,0.0,0.0,0.1538461538461538,0.0,0.0769230769230769,0.0,0.0769230769230769,0.0769230769230769,0.1538461538461538,0.0,0.0,0.0769230769230769,0.0,0.0,0.0769230769230769,0.0769230769230769,0.0,0.0,0.0,1299.4698,-1.3924617728561202,4.531568336486816,0.0,64.68461538461538,0.2192307692307692,0.4251687989285841,-0.0007710835956197,113.07692307692308,0.3084615384615384,0.4615384615384615,development
182,ATLKNLGSVHVSKG,inactive - virtual,inactive - virtual,0,Inactive,virtual,1,14,0.0714285714285714,0.0,0.0,0.0,0.0,0.1428571428571428,0.0714285714285714,0.0,0.1428571428571428,0.1428571428571428,0.0,0.0714285714285714,0.0,0.0,0.0,0.1428571428571428,0.0714285714285714,0.1428571428571428,0.0,0.0,1410.6179999999997,1.6394175537729518,10.00344638824463,0.0,-2.8428571428571434,0.0992857142857143,0.158559382239638,0.0014844536444967,104.28571428571428,0.7257142857142856,0.3571428571428571,development
183,AVDTLVLALAEAT,inactive - virtual,inactive - virtual,0,Inactive,virtual,1,13,0.3076923076923077,0.0,0.0769230769230769,0.0769230769230769,0.0,0.0,0.0,0.0,0.0,0.2307692307692307,0.0,0.0,0.0,0.0,0.0,0.0,0.1538461538461538,0.1538461538461538,0.0,0.0,1286.4709000000005,-2.390630456973674,4.0500284194946286,0.0,-13.892307692307693,0.4800000000000001,0.2999518637166329,-0.0015561964134414,165.3846153846154,-0.7238461538461537,0.6923076923076923,development
184,DAAALFRLHKFLTKW,inactive - virtual,inactive - virtual,0,Inactive,virtual,1,15,0.2,0.0,0.0666666666666666,0.0,0.1333333333333333,0.0,0.0666666666666666,0.0,0.1333333333333333,0.2,0.0,0.0,0.0,0.0,0.0666666666666666,0.0,0.0666666666666666,0.0,0.0666666666666666,0.0,1817.1402000000005,1.589489489330056,9.99435634613037,0.2,25.12,0.1013333333333333,0.3916999781455834,0.0011529106177839,98.0,0.8993333333333331,0.5333333333333333,development
185,DAAGLASRHKG,inactive - virtual,inactive - virtual,0,Inactive,virtual,1,11,0.2727272727272727,0.0,0.0909090909090909,0.0,0.0,0.1818181818181818,0.0909090909090909,0.0,0.0909090909090909,0.0909090909090909,0.0,0.0,0.0,0.0,0.0909090909090909,0.0909090909090909,0.0,0.0,0.0,0.0,1082.1712,0.5919950819973421,8.754887199401857,0.0,57.91818181818181,-0.1418181818181818,0.1929609899209173,0.0010118558082371,62.727272727272734,2.2745454545454544,0.3636363636363636,test
186,DAENRDLFLALLSV,inactive - virtual,inactive - virtual,0,Inactive,virtual,1,14,0.1428571428571428,0.0,0.1428571428571428,0.0714285714285714,0.0714285714285714,0.0,0.0,0.0,0.0,0.2857142857142857,0.0,0.0714285714285714,0.0,0.0,0.0714285714285714,0.0714285714285714,0.0,0.0714285714285714,0.0,0.0,1575.7607,-2.4405585214165693,4.0500284194946286,0.0714285714285714,9.285714285714286,0.1385714285714286,0.2012643647570704,-0.0012704980453876,146.42857142857142,1.3492857142857144,0.5714285714285714,development
187,DAHAWMIGQLKGL,inactive - virtual,inactive - virtual,0,Inactive,virtual,1,13,0.1538461538461538,0.0,0.0769230769230769,0.0,0.0,0.1538461538461538,0.0769230769230769,0.0769230769230769,0.0769230769230769,0.1538461538461538,0.0769230769230769,0.0,0.0,0.0769230769230769,0.0,0.0,0.0,0.0,0.0769230769230769,0.0,1439.6806,-0.4079797997692846,6.743628120422364,0.0769230769230769,7.853846153846151,0.2769230769230769,0.1962868186355896,6.59864276337267e-05,105.3846153846154,-0.0361538461538462,0.4615384615384615,development
188,DALEIFKTLFSLVMRFSSYL,inactive - virtual,inactive - virtual,0,Inactive,virtual,1,20,0.05,0.0,0.05,0.05,0.15,0.0,0.0,0.05,0.05,0.2,0.05,0.0,0.0,0.0,0.05,0.15,0.05,0.05,0.0,0.05,2380.798,-0.4460161909061457,6.069006156921386,0.2,17.475,0.2895,0.5268653414178979,-1.2600806451612903e-06,117.0,0.3585000000000001,0.55,development
189,DAMLRTSMVATQLVGLAMMRYV,inactive - virtual,inactive - virtual,0,Inactive,virtual,1,22,0.1363636363636363,0.0,0.0454545454545454,0.0,0.0,0.0454545454545454,0.0,0.0,0.0,0.1363636363636363,0.1818181818181818,0.0,0.0,0.0454545454545454,0.0909090909090909,0.0454545454545454,0.0909090909090909,0.1363636363636363,0.0,0.0454545454545454,2457.9964,0.5553435225879215,8.745345878601075,0.0454545454545454,2.8500000000000028,0.215,0.2511300301283408,0.0004052074857607,106.36363636363636,0.4604545454545454,0.5909090909090909,test
190,DARAKKLLDKWAKWING,inactive - virtual,inactive - virtual,0,Inactive,virtual,1,17,0.1764705882352941,0.0,0.1176470588235294,0.0,0.0,0.0588235294117647,0.0,0.0588235294117647,0.2352941176470588,0.1176470588235294,0.0,0.0588235294117647,0.0,0.0,0.0588235294117647,0.0,0.0,0.0,0.1176470588235294,0.0,2013.3452,2.548298346974443,9.9971284866333,0.1176470588235294,-18.258823529411764,-0.2070588235294117,0.4930763599797687,0.0014880671517619,86.47058823529412,2.0829411764705883,0.3529411764705882,development
191,DATAALALTMA,inactive - virtual,inactive - virtual,0,Inactive,virtual,1,11,0.4545454545454545,0.0,0.0909090909090909,0.0,0.0,0.0,0.0,0.0,0.0,0.1818181818181818,0.0909090909090909,0.0,0.0,0.0,0.0,0.0,0.1818181818181818,0.0,0.0,0.0,1048.2112000000002,-1.4421006482780456,4.0500284194946286,0.0,20.30909090909091,0.4490909090909091,0.0833350878323348,-0.0009578233369267,116.36363636363636,-0.670909090909091,0.7272727272727273,development
192,DATLISELQQM,inactive - virtual,inactive - virtual,0,Inactive,virtual,1,11,0.0909090909090909,0.0,0.0909090909090909,0.0909090909090909,0.0,0.0,0.0,0.0909090909090909,0.0,0.1818181818181818,0.0909090909090909,0.0,0.0,0.1818181818181818,0.0,0.0909090909090909,0.0909090909090909,0.0,0.0,0.0,1248.403,-2.4409798873382007,4.0500284194946286,0.0,73.74545454545455,0.1172727272727272,0.2824662326412644,-0.0016036398298635,115.45454545454544,1.2418181818181817,0.4545454545454545,development
193,DDADLEKFVIEY,inactive - virtual,inactive - virtual,0,Inactive,virtual,1,12,0.0833333333333333,0.0,0.25,0.1666666666666666,0.0833333333333333,0.0,0.0,0.0833333333333333,0.0833333333333333,0.0833333333333333,0.0,0.0,0.0,0.0,0.0,0.0,0.0,0.0833333333333333,0.0,0.0833333333333333,1456.5489000000002,-4.443977343422919,4.0500284194946286,0.1666666666666666,38.70833333333333,0.0,0.2278434381716003,-0.0027469019257835,97.49999999999996,2.2333333333333334,0.4166666666666667,development
194,DDETLGVLMWILDRSIH,inactive - virtual,inactive - virtual,0,Inactive,virtual,1,17,0.0,0.0,0.1764705882352941,0.0588235294117647,0.0,0.0588235294117647,0.0588235294117647,0.1176470588235294,0.0,0.1764705882352941,0.0588235294117647,0.0,0.0,0.0,0.0588235294117647,0.0588235294117647,0.0588235294117647,0.0588235294117647,0.0588235294117647,0.0,2013.2739,-3.403485596085518,4.219238090515137,0.0588235294117647,49.41176470588236,0.1505882352941176,0.2837591817998924,-0.0014414289120241,131.76470588235296,1.4270588235294115,0.4117647058823529,development
195,DDETREELEELLIQA,inactive - virtual,inactive - virtual,0,Inactive,virtual,1,15,0.0666666666666666,0.0,0.1333333333333333,0.3333333333333333,0.0,0.0,0.0,0.0666666666666666,0.0,0.2,0.0,0.0,0.0,0.0666666666666666,0.0666666666666666,0.0,0.0666666666666666,0.0,0.0,0.0,1802.8872,-6.436075477657191,4.0500284194946286,0.0,52.8,-0.2386666666666666,0.2231561759533877,-0.0033257714003627,110.66666666666669,3.535333333333333,0.3333333333333333,test
196,DDRVQSHILHLEHDLVHVTRKN,inactive - virtual,inactive - virtual,0,Inactive,virtual,1,22,0.0,0.0,0.1363636363636363,0.0454545454545454,0.0,0.0,0.1818181818181818,0.0454545454545454,0.0454545454545454,0.1363636363636363,0.0,0.0454545454545454,0.0,0.0454545454545454,0.0909090909090909,0.0454545454545454,0.0454545454545454,0.1363636363636363,0.0,0.0,2661.9288,-1.2961369834580363,6.426523399353028,0.0,47.53181818181818,-0.2454545454545454,0.3720787585563348,-0.0002276535158568,110.45454545454544,3.334090909090909,0.3181818181818182,development
197,DDYLKEQVLHMKQYVSDN,inactive - virtual,inactive - virtual,0,Inactive,virtual,1,18,0.0,0.0,0.1666666666666666,0.0555555555555555,0.0,0.0,0.0555555555555555,0.0,0.1111111111111111,0.1111111111111111,0.0555555555555555,0.0555555555555555,0.0,0.1111111111111111,0.0,0.0555555555555555,0.0,0.1111111111111111,0.0,0.1111111111111111,2225.4333,-2.413482848521288,4.658717155456543,0.1111111111111111,20.183333333333337,-0.2188888888888888,0.2605061050069643,-0.0008555611474584,75.55555555555554,2.77,0.2777777777777778,test
198,DEAAFQKLMSNLD,inactive - virtual,inactive - virtual,0,Inactive,virtual,1,13,0.1538461538461538,0.0,0.1538461538461538,0.0769230769230769,0.0769230769230769,0.0,0.0,0.0,0.0769230769230769,0.1538461538461538,0.0769230769230769,0.0769230769230769,0.0,0.0769230769230769,0.0,0.0769230769230769,0.0,0.0,0.0,0.0,1481.6262999999997,-2.441769684558424,4.274371910095215,0.0769230769230769,36.5,-0.0438461538461538,0.3080720028531845,-0.0013512145407422,75.38461538461539,2.045384615384615,0.4615384615384615,test
199,DEAGLMRELRLFRRRIMVRIAWAQTL,inactive - virtual,inactive - virtual,0,Inactive,virtual,1,26,0.1153846153846153,0.0,0.0384615384615384,0.0769230769230769,0.0384615384615384,0.0384615384615384,0.0,0.0769230769230769,0.0,0.1538461538461538,0.0769230769230769,0.0,0.0,0.0384615384615384,0.2307692307692307,0.0,0.0384615384615384,0.0384615384615384,0.0384615384615384,0.0,3201.8152999999998,2.5599901642014027,11.698964881896972,0.0769230769230769,52.40384615384615,-0.1673076923076923,0.2230087557332549,0.0009366547775952,112.6923076923077,2.693461538461538,0.5,development
200,DEETMERIMRELKKK,inactive - virtual,inactive - virtual,0,Inactive,virtual,1,15,0.0,0.0,0.0666666666666666,0.2666666666666666,0.0,0.0,0.0,0.0666666666666666,0.2,0.0666666666666666,0.1333333333333333,0.0,0.0,0.0,0.1333333333333333,0.0,0.0666666666666666,0.0,0.0,0.0,1936.2581000000005,-0.4451846189872714,6.311481285095215,0.0,20.38,-0.642,0.5707042431564867,5.164595663805481e-07,52.0,4.698666666666666,0.2666666666666666,development
201,DEFTKQHIVGK,inactive - virtual,inactive - virtual,0,Inactive,virtual,1,11,0.0,0.0,0.0909090909090909,0.0909090909090909,0.0909090909090909,0.0909090909090909,0.0909090909090909,0.0909090909090909,0.1818181818181818,0.0,0.0,0.0,0.0,0.0909090909090909,0.0,0.0,0.0909090909090909,0.0909090909090909,0.0,0.0,1301.4474,-0.4093646314967256,6.751130867004395,0.0909090909090909,47.37272727272727,-0.16,0.1333484487830635,7.37638787506243e-05,61.81818181818183,2.410909090909091,0.2727272727272727,development
202,DEKAFKNTYRQAMND,inactive - virtual,inactive - virtual,0,Inactive,virtual,1,15,0.1333333333333333,0.0,0.1333333333333333,0.0666666666666666,0.0666666666666666,0.0,0.0,0.0,0.1333333333333333,0.0,0.0666666666666666,0.1333333333333333,0.0,0.0666666666666666,0.0666666666666666,0.0,0.0666666666666666,0.0,0.0,0.0666666666666666,1830.9715,-0.4468059881263686,6.223096656799316,0.1333333333333333,-4.779999999999999,-0.4773333333333334,0.4338633344372998,-1.6384668319697648e-06,13.333333333333334,4.19,0.2666666666666666,development
203,DEKKILKDFLIQ,inactive - virtual,inactive - virtual,0,Inactive,virtual,1,12,0.0,0.0,0.1666666666666666,0.0833333333333333,0.0833333333333333,0.0,0.0,0.1666666666666666,0.25,0.1666666666666666,0.0,0.0,0.0,0.0833333333333333,0.0,0.0,0.0,0.0,0.0,0.0,1489.7544,-0.448050181185053,6.120445442199705,0.0833333333333333,4.783333333333334,-0.1408333333333334,0.3389418269396493,-1.3424981205026313e-06,129.99999999999997,1.981666666666667,0.4166666666666667,development
204,DEKSIITYVSSLYDAM,inactive - virtual,inactive - virtual,0,Inactive,virtual,1,16,0.0625,0.0,0.125,0.0625,0.0,0.0,0.0,0.125,0.0625,0.0625,0.0625,0.0,0.0,0.0,0.0,0.1875,0.0625,0.0625,0.0,0.125,1835.0363,-2.448050181185053,4.0500284194946286,0.125,36.2125,0.134375,0.3478546658632692,-0.0010920742872089,97.5,1.243125,0.375,development
205,DELLSKMRFAL,inactive - virtual,inactive - virtual,0,Inactive,virtual,1,11,0.0909090909090909,0.0,0.0909090909090909,0.0909090909090909,0.0909090909090909,0.0,0.0,0.0,0.0909090909090909,0.2727272727272727,0.0909090909090909,0.0,0.0,0.0,0.0909090909090909,0.0909090909090909,0.0,0.0,0.0,0.0,1322.5725,-0.4435105982388601,6.0697450637817365,0.0909090909090909,31.872727272727275,-0.0054545454545454,0.3783247378393211,-1.5121958596077364e-06,115.45454545454544,1.5909090909090908,0.5454545454545454,development
206,DEPQVQAKIMAYLQQEQSNR,inactive - virtual,inactive - virtual,0,Inactive,virtual,1,20,0.1,0.0,0.05,0.1,0.0,0.0,0.0,0.05,0.05,0.05,0.05,0.05,0.05,0.25,0.05,0.05,0.0,0.05,0.0,0.05,2376.601,-1.444895429966301,4.679122352600097,0.05,94.075,-0.2865,0.1013399969086161,-0.0004216089303672,63.5,3.0420000000000003,0.3,development
207,DEQYREGAVRTVASFRERLDR,inactive - virtual,inactive - virtual,0,Inactive,virtual,1,21,0.0952380952380952,0.0,0.0952380952380952,0.1428571428571428,0.0476190476190476,0.0476190476190476,0.0,0.0,0.0,0.0476190476190476,0.0,0.0,0.0,0.0476190476190476,0.238095238095238,0.0476190476190476,0.0476190476190476,0.0952380952380952,0.0,0.0476190476190476,2553.7447,-0.4409230651376594,6.281015586853028,0.0952380952380952,-0.58095238095238,-0.5295238095238096,0.3508691365914352,0.0,55.71428571428571,4.932380952380953,0.2857142857142857,development
208,DERLLQKYRAQVFEWG,inactive - virtual,inactive - virtual,0,Inactive,virtual,1,16,0.0625,0.0,0.0625,0.125,0.0625,0.0625,0.0,0.0,0.0625,0.125,0.0,0.0,0.0,0.125,0.125,0.0,0.0,0.0625,0.0625,0.0625,2038.2651,-0.4449205481996747,6.181319999694824,0.1875,-1.4062499999999978,-0.244375,0.3326337816955753,-9.812242735260785e-07,73.125,2.9381250000000003,0.3125,development
209,DEVLLALAEQLGT,inactive - virtual,inactive - virtual,0,Inactive,virtual,1,13,0.1538461538461538,0.0,0.0769230769230769,0.1538461538461538,0.0,0.0769230769230769,0.0,0.0,0.0,0.3076923076923077,0.0,0.0,0.0,0.0769230769230769,0.0,0.0,0.0769230769230769,0.0769230769230769,0.0,0.0,1371.5323,-3.439859126398356,4.0500284194946286,0.0,17.51538461538462,0.3030769230769231,0.2957763424816562,-0.0021880513874914,157.69230769230768,0.1669230769230769,0.5384615384615384,development
210,DFAALAQTAHRLKGVFAMLN,inactive - virtual,inactive - virtual,0,Inactive,virtual,1,20,0.25,0.0,0.05,0.0,0.1,0.05,0.05,0.0,0.05,0.15,0.05,0.05,0.0,0.05,0.05,0.0,0.05,0.05,0.0,0.0,2174.5239,0.5919950819973421,8.754887199401857,0.1,-7.004999999999999,0.202,0.2168351191743465,0.0005035570904977,98.0,0.575,0.6,development
211,DFLEEQYKGQRDLAGKASTLKK,inactive - virtual,inactive - virtual,0,Inactive,virtual,1,22,0.0909090909090909,0.0,0.0909090909090909,0.0909090909090909,0.0454545454545454,0.0909090909090909,0.0,0.0,0.1818181818181818,0.1363636363636363,0.0,0.0,0.0,0.0909090909090909,0.0454545454545454,0.0454545454545454,0.0454545454545454,0.0,0.0,0.0454545454545454,2525.8108,0.5480342761868462,8.378907585144042,0.0909090909090909,14.686363636363636,-0.3068181818181818,0.367301533983041,0.0003951192088113,62.27272727272727,2.8240909090909083,0.2727272727272727,development
212,DFPALIKQASLDALFK,inactive - virtual,inactive - virtual,0,Inactive,virtual,1,16,0.1875,0.0,0.125,0.0,0.125,0.0,0.0,0.0625,0.125,0.1875,0.0,0.0,0.0625,0.0625,0.0,0.0625,0.0,0.0,0.0,0.0,1777.0681000000002,-0.446665349457612,5.959761619567872,0.125,28.8125,0.203125,0.1660651992463658,-2.250883471762667e-06,116.25,0.400625,0.5625,test
213,DFSETINAYFVAKLL,inactive - virtual,inactive - virtual,0,Inactive,virtual,1,15,0.1333333333333333,0.0,0.0666666666666666,0.0666666666666666,0.1333333333333333,0.0,0.0,0.0666666666666666,0.0666666666666666,0.1333333333333333,0.0,0.0666666666666666,0.0,0.0,0.0,0.0666666666666666,0.0666666666666666,0.0666666666666666,0.0,0.0666666666666666,1730.9532000000004,-1.4459910726727725,4.3702592849731445,0.2,11.486666666666668,0.2966666666666667,0.0723010318082172,-0.0005794472431483,110.66666666666666,0.3633333333333333,0.5333333333333333,development
214,DGALKRAEELKTQANDYFK,inactive - virtual,inactive - virtual,0,Inactive,virtual,1,19,0.1578947368421052,0.0,0.1052631578947368,0.1052631578947368,0.0526315789473684,0.0526315789473684,0.0,0.0,0.1578947368421052,0.1052631578947368,0.0,0.0526315789473684,0.0,0.0526315789473684,0.0526315789473684,0.0,0.0526315789473684,0.0,0.0,0.0526315789473684,2197.403600000001,-0.4494601311458677,6.212922477722167,0.1052631578947368,18.50526315789473,-0.3136842105263158,0.4158783775506474,-9.101624184835784e-07,56.84210526315789,3.0699999999999994,0.3157894736842105,development
215,DGFSVLMRAMQQ,inactive - virtual,inactive - virtual,0,Inactive,virtual,1,12,0.0833333333333333,0.0,0.0833333333333333,0.0,0.0833333333333333,0.0833333333333333,0.0,0.0,0.0,0.0833333333333333,0.1666666666666666,0.0,0.0,0.1666666666666666,0.0833333333333333,0.0833333333333333,0.0,0.0833333333333333,0.0,0.0,1382.6076999999998,-0.4421257665114191,5.83636417388916,0.0833333333333333,12.650000000000002,0.0416666666666666,0.5884112584974525,-2.8930790316864484e-06,64.99999999999999,1.5608333333333333,0.5,development
216,DGGGFVISKHPVRLAKKLNR,inactive - virtual,inactive - virtual,0,Inactive,virtual,1,20,0.05,0.0,0.05,0.0,0.05,0.15,0.05,0.05,0.15,0.1,0.0,0.05,0.05,0.0,0.1,0.05,0.0,0.1,0.0,0.0,2192.5658000000008,3.586958778429397,11.097216987609862,0.05,25.785,-0.1289999999999999,0.4814575035363016,0.0018676712716127,92.5,1.9730000000000003,0.35,test
217,DHAVLEVLATPVREALLARFG,inactive - virtual,inactive - virtual,0,Inactive,virtual,1,21,0.1904761904761904,0.0,0.0476190476190476,0.0952380952380952,0.0476190476190476,0.0476190476190476,0.0476190476190476,0.0,0.0,0.1904761904761904,0.0,0.0,0.0476190476190476,0.0,0.0952380952380952,0.0,0.0476190476190476,0.1428571428571428,0.0,0.0,2277.6206,-1.4032829216890566,5.445482444763183,0.0476190476190476,18.695238095238096,0.1976190476190477,0.1084929838605369,-0.000396027432144,134.76190476190476,0.7833333333333333,0.5714285714285714,test
218,DIFDFMERWIEKKLEYSASH,inactive - virtual,inactive - virtual,0,Inactive,virtual,1,20,0.05,0.0,0.1,0.15,0.1,0.0,0.05,0.1,0.1,0.05,0.05,0.0,0.0,0.0,0.05,0.1,0.0,0.0,0.05,0.05,2544.8337,-2.409207336362691,4.898407173156738,0.2,58.265,-0.0825,0.4119805500785364,-0.000747001776143,63.5,2.4139999999999997,0.35,development
219,DIHAAIEMLLG,inactive - virtual,inactive - virtual,0,Inactive,virtual,1,11,0.1818181818181818,0.0,0.0909090909090909,0.0909090909090909,0.0,0.0909090909090909,0.0909090909090909,0.1818181818181818,0.0,0.1818181818181818,0.0909090909090909,0.0,0.0,0.0,0.0,0.0,0.0,0.0,0.0,0.0,1182.3895,-2.404353446162154,4.353093910217285,0.0,60.25454545454545,0.4836363636363636,0.3120124730220268,-0.0016094520420504,160.00000000000003,-0.5818181818181819,0.6363636363636364,development
220,DIIGTEITSALKNVYSIAIAWIRGYESRKN,inactive - virtual,inactive - virtual,0,Inactive,virtual,1,30,0.1,0.0,0.0333333333333333,0.0666666666666666,0.0,0.0666666666666666,0.0,0.2,0.0666666666666666,0.0333333333333333,0.0,0.0666666666666666,0.0,0.0,0.0666666666666666,0.1,0.0666666666666666,0.0333333333333333,0.0333333333333333,0.0666666666666666,3382.8184,0.5500682664657539,8.430031013488772,0.1,19.0,0.0723333333333333,0.2930391853373857,0.0002947236485427,110.66666666666666,1.4686666666666666,0.3666666666666666,development
221,DILREIGMIARALDSISNIEF,inactive - virtual,inactive - virtual,0,Inactive,virtual,1,21,0.0952380952380952,0.0,0.0952380952380952,0.0952380952380952,0.0476190476190476,0.0476190476190476,0.0,0.238095238095238,0.0,0.0952380952380952,0.0476190476190476,0.0476190476190476,0.0,0.0,0.0952380952380952,0.0952380952380952,0.0,0.0,0.0,0.0,2376.7268000000004,-2.4394628787100983,4.316716957092285,0.0476190476190476,88.05714285714286,0.159047619047619,0.479712693778269,-0.0008414923024491,139.5238095238095,1.4290476190476191,0.5238095238095238,development
222,DIRAVLRDLSFHLNGHILHSIFWPNM,inactive - virtual,inactive - virtual,0,Inactive,virtual,1,26,0.0384615384615384,0.0,0.0769230769230769,0.0,0.0769230769230769,0.0384615384615384,0.1153846153846153,0.1153846153846153,0.0,0.1538461538461538,0.0384615384615384,0.0769230769230769,0.0384615384615384,0.0,0.0769230769230769,0.0769230769230769,0.0,0.0384615384615384,0.0384615384615384,0.0,3102.5713,-0.3318250770616466,7.024583244323729,0.1153846153846153,35.550000000000004,0.1865384615384615,0.1947548572626106,9.44375326341303e-05,120.0,1.133461538461538,0.4615384615384615,development
223,DIRTSLANDMAIYGDIIEATREHTELAENL,inactive - virtual,inactive - virtual,0,Inactive,virtual,1,30,0.1333333333333333,0.0,0.1,0.1333333333333333,0.0,0.0333333333333333,0.0333333333333333,0.1333333333333333,0.0,0.1,0.0333333333333333,0.0666666666666666,0.0,0.0,0.0666666666666666,0.0333333333333333,0.1,0.0,0.0,0.0333333333333333,3375.6737000000003,-5.402654024166644,4.192807960510254,0.0333333333333333,26.99,-0.0063333333333333,0.2824950803747947,-0.0014512631529054,104.33333333333334,2.2486666666666664,0.4,development
224,DIYQQVRDELKRAS,inactive - virtual,inactive - virtual,0,Inactive,virtual,1,14,0.0714285714285714,0.0,0.1428571428571428,0.0714285714285714,0.0,0.0,0.0,0.0714285714285714,0.0714285714285714,0.0714285714285714,0.0,0.0,0.0,0.1428571428571428,0.1428571428571428,0.0714285714285714,0.0,0.0714285714285714,0.0,0.0714285714285714,1720.8808,-0.4455948249845147,6.121184349060058,0.0714285714285714,34.87857142857143,-0.46,0.6180819549532498,-1.7432839983961786e-06,83.57142857142856,4.183571428571428,0.2857142857142857,development
225,DKETMNIHHTK,inactive - virtual,inactive - virtual,0,Inactive,virtual,1,11,0.0,0.0,0.0909090909090909,0.0909090909090909,0.0,0.0,0.1818181818181818,0.0909090909090909,0.1818181818181818,0.0,0.0909090909090909,0.0909090909090909,0.0,0.0,0.0,0.0,0.1818181818181818,0.0,0.0,0.0,1353.5039000000002,-0.3727381903206788,6.921477317810059,0.0,45.68181818181817,-0.389090909090909,0.1168381376438071,0.0001440698628011,35.45454545454546,3.6781818181818178,0.1818181818181818,development
226,DLAANNGGWQWS,inactive - virtual,inactive - virtual,0,Inactive,virtual,1,12,0.1666666666666666,0.0,0.0833333333333333,0.0,0.0,0.1666666666666666,0.0,0.0,0.0,0.0833333333333333,0.0,0.1666666666666666,0.0,0.0833333333333333,0.0,0.0833333333333333,0.0,0.0,0.1666666666666666,0.0,1318.3502,-1.4421006482780456,4.0500284194946286,0.1666666666666666,17.208333333333332,0.1191666666666666,0.1103033526384502,-0.0007615522315604,49.16666666666666,1.321666666666667,0.25,development
227,DLARIEQFLDALWLE,inactive - virtual,inactive - virtual,0,Inactive,virtual,1,15,0.1333333333333333,0.0,0.1333333333333333,0.1333333333333333,0.0666666666666666,0.0,0.0,0.0666666666666666,0.0,0.2666666666666666,0.0,0.0,0.0,0.0666666666666666,0.0666666666666666,0.0,0.0,0.0,0.0666666666666666,0.0,1832.0605,-3.437345273820028,4.156487846374512,0.1333333333333333,70.45333333333333,0.1613333333333333,0.3434098765002665,-0.0016375009552088,143.33333333333334,1.1993333333333334,0.5333333333333333,development
228,DLEAKKMYFDAVQAIETHL,inactive - virtual,inactive - virtual,0,Inactive,virtual,1,19,0.1578947368421052,0.0,0.1052631578947368,0.1052631578947368,0.0526315789473684,0.0,0.0526315789473684,0.0526315789473684,0.1052631578947368,0.1052631578947368,0.0526315789473684,0.0,0.0,0.0526315789473684,0.0,0.0,0.0526315789473684,0.0526315789473684,0.0,0.0526315789473684,2222.5156,-2.410302979069162,4.751251029968262,0.1052631578947368,68.71578947368421,0.0568421052631579,0.2653351317063809,-0.0008562352644745,92.6315789473684,1.3426315789473684,0.4736842105263157,development
229,DLESDALGWQYITG,inactive - virtual,inactive - virtual,0,Inactive,virtual,1,14,0.0714285714285714,0.0,0.1428571428571428,0.0714285714285714,0.0,0.1428571428571428,0.0,0.0714285714285714,0.0,0.1428571428571428,0.0,0.0,0.0,0.0714285714285714,0.0,0.0714285714285714,0.0714285714285714,0.0,0.0714285714285714,0.0714285714285714,1567.6509,-3.4430389958504817,4.0500284194946286,0.1428571428571428,20.40714285714286,0.1878571428571429,0.0644502163018232,-0.0019149560491433,90.71428571428572,1.0799999999999998,0.2857142857142857,test
230,DLGRKITSALRSLSN,inactive - virtual,inactive - virtual,0,Inactive,virtual,1,15,0.0666666666666666,0.0,0.0666666666666666,0.0,0.0,0.0666666666666666,0.0,0.0666666666666666,0.0666666666666666,0.2,0.0,0.0666666666666666,0.0,0.0,0.1333333333333333,0.2,0.0666666666666666,0.0,0.0,0.0,1630.8444,1.5553435225879215,10.835024070739744,0.0,45.80666666666667,-0.1979999999999999,0.7291960785970094,0.0012239016463807,110.66666666666669,2.7393333333333336,0.3333333333333333,development
231,DLKQAESWLHKQAQKEGWSKAARLH,inactive - virtual,inactive - virtual,0,Inactive,virtual,1,25,0.16,0.0,0.04,0.08,0.0,0.04,0.08,0.0,0.16,0.12,0.0,0.0,0.0,0.12,0.04,0.08,0.0,0.0,0.08,0.0,2946.2819,1.6233462670512209,9.526638221740722,0.08,52.164000000000016,-0.2684,0.1599758843174591,0.00074534414467,62.8,2.584,0.28,development
232,DLKRAESMLQQA,inactive - virtual,inactive - virtual,0,Inactive,virtual,1,12,0.1666666666666666,0.0,0.0833333333333333,0.0833333333333333,0.0,0.0,0.0,0.0,0.0833333333333333,0.1666666666666666,0.0833333333333333,0.0,0.0,0.1666666666666666,0.0833333333333333,0.0833333333333333,0.0,0.0,0.0,0.0,1389.5773999999997,-0.4435105982388601,6.0697450637817365,0.0,88.525,-0.2866666666666666,0.515677315962304,-1.4392838123749625e-06,81.66666666666666,2.889166666666666,0.4166666666666667,development
233,DLKTMTERLRS,inactive - virtual,inactive - virtual,0,Inactive,virtual,1,11,0.0,0.0,0.0909090909090909,0.0909090909090909,0.0,0.0,0.0,0.0,0.0909090909090909,0.1818181818181818,0.0909090909090909,0.0,0.0,0.0,0.1818181818181818,0.0909090909090909,0.1818181818181818,0.0,0.0,0.0,1349.5567,0.5564642835277662,8.745539283752443,0.0,73.71818181818182,-0.5072727272727273,0.4551053500494791,0.0007395002815732,70.90909090909092,4.297272727272728,0.2727272727272727,development
234,DLQLNANAERINVYY,inactive - virtual,inactive - virtual,0,Inactive,virtual,1,15,0.1333333333333333,0.0,0.0666666666666666,0.0666666666666666,0.0,0.0,0.0,0.0666666666666666,0.0,0.1333333333333333,0.0,0.2,0.0,0.0666666666666666,0.0666666666666666,0.0,0.0,0.0666666666666666,0.0,0.1333333333333333,1795.9454,-1.4460161909061455,4.3702592849731445,0.1333333333333333,34.266666666666666,-0.058,0.1186435547253225,-0.0005590356078955,110.66666666666666,2.251333333333333,0.4,development
235,DLRELIARVRALIRRKS,inactive - virtual,inactive - virtual,0,Inactive,virtual,1,17,0.1176470588235294,0.0,0.0588235294117647,0.0588235294117647,0.0,0.0,0.0,0.1176470588235294,0.0588235294117647,0.1764705882352941,0.0,0.0,0.0,0.0,0.2941176470588235,0.0588235294117647,0.0,0.0588235294117647,0.0,0.0,2065.4696000000004,3.556388928827646,11.82919101715088,0.0,54.43529411764706,-0.4341176470588235,0.496292472628917,0.0019356369252518,143.52941176470588,3.930588235294117,0.4705882352941176,test
236,DLSASRSAIDSLNNRMLSQIWSH,inactive - virtual,inactive - virtual,0,Inactive,virtual,1,23,0.0869565217391304,0.0,0.0869565217391304,0.0,0.0,0.0,0.0434782608695652,0.0869565217391304,0.0,0.1304347826086956,0.0434782608695652,0.0869565217391304,0.0,0.0434782608695652,0.0869565217391304,0.2608695652173913,0.0,0.0,0.0434782608695652,0.0,2601.848699999999,-0.4050779594137408,6.747947883605957,0.0434782608695652,53.79130434782609,-0.0826086956521739,0.1871347674418175,3.689668160469818e-05,93.47826086956522,2.5330434782608693,0.3478260869565217,development
237,DLVDFAVEYFTRLREARRGLEHHH,inactive - virtual,inactive - virtual,0,Inactive,virtual,1,24,0.0833333333333333,0.0,0.0833333333333333,0.125,0.0833333333333333,0.0416666666666666,0.125,0.0,0.0,0.125,0.0,0.0,0.0,0.0,0.1666666666666666,0.0,0.0416666666666666,0.0833333333333333,0.0,0.0416666666666666,2967.2593999999995,-1.3310186233761456,6.281015586853028,0.125,25.391666666666666,-0.2245833333333333,0.3360108566502049,-0.0002369189083531,81.25,3.37,0.375,development
238,DMASLQQQRQE,inactive - virtual,inactive - virtual,0,Inactive,virtual,1,11,0.0909090909090909,0.0,0.0909090909090909,0.0909090909090909,0.0,0.0,0.0,0.0,0.0,0.0909090909090909,0.0909090909090909,0.0,0.0,0.3636363636363636,0.0909090909090909,0.0909090909090909,0.0,0.0,0.0,0.0,1333.428,-1.4389125189148777,4.748863792419433,0.0,119.9818181818182,-0.4872727272727272,0.0252518485475274,-0.0007514455201997,44.54545454545456,4.266363636363637,0.2727272727272727,development
239,DMNQVLDAYEN,inactive - virtual,inactive - virtual,0,Inactive,virtual,1,11,0.0909090909090909,0.0,0.1818181818181818,0.0909090909090909,0.0,0.0,0.0,0.0,0.0,0.0909090909090909,0.0909090909090909,0.1818181818181818,0.0,0.0909090909090909,0.0,0.0,0.0,0.0909090909090909,0.0,0.0909090909090909,1311.3742,-3.4430389958504817,4.0500284194946286,0.0909090909090909,-11.472727272727273,-0.1118181818181818,0.4310078018548522,-0.0022891915386844,70.90909090909092,2.735454545454546,0.3636363636363636,test
240,DNAMANQYETLANARQKGIEKYL,inactive - virtual,inactive - virtual,0,Inactive,virtual,1,23,0.1739130434782608,0.0,0.0434782608695652,0.0869565217391304,0.0,0.0434782608695652,0.0,0.0434782608695652,0.0869565217391304,0.0869565217391304,0.0434782608695652,0.1304347826086956,0.0,0.0869565217391304,0.0434782608695652,0.0,0.0434782608695652,0.0,0.0,0.0869565217391304,2641.909200000001,-0.4499066153008728,6.179899024963378,0.0869565217391304,25.191304347826087,-0.1847826086956521,0.2387809939300729,-1.1355377906976744e-06,68.26086956521738,2.474782608695652,0.3478260869565217,development
241,DNKTRFKIIKEKLKEF,inactive - virtual,inactive - virtual,0,Inactive,virtual,1,16,0.0,0.0,0.0625,0.125,0.125,0.0,0.0,0.125,0.3125,0.0625,0.0,0.0625,0.0,0.0,0.0625,0.0,0.0625,0.0,0.0,0.0,2037.4048000000005,2.547587792031842,9.8232572555542,0.125,-6.4437500000000005,-0.431875,0.3030037221392483,0.0014714760406594,73.125,3.34375,0.3125,development
242,DNTYLNTAESLYDEF,inactive - virtual,inactive - virtual,0,Inactive,virtual,1,15,0.0666666666666666,0.0,0.1333333333333333,0.1333333333333333,0.0666666666666666,0.0,0.0,0.0,0.0,0.1333333333333333,0.0,0.1333333333333333,0.0,0.0,0.0,0.0666666666666666,0.1333333333333333,0.0,0.0,0.1333333333333333,1794.8217,-4.444423827577922,4.0500284194946286,0.2,26.64,-0.0386666666666666,0.3593071571507982,-0.0022297376353192,58.66666666666666,2.5686666666666667,0.2666666666666666,development
243,DNVVLQLQVARFLMKTVAQ,inactive - virtual,inactive - virtual,0,Inactive,virtual,1,19,0.1052631578947368,0.0,0.0526315789473684,0.0,0.0526315789473684,0.0,0.0,0.0,0.0526315789473684,0.1578947368421052,0.0526315789473684,0.0526315789473684,0.0,0.1578947368421052,0.0526315789473684,0.0,0.0526315789473684,0.2105263157894736,0.0,0.0,2173.5772,0.5553686408212952,8.74773120880127,0.0526315789473684,39.821052631578944,0.131578947368421,0.2983272306899473,0.0004582302008667,133.15789473684208,0.7973684210526317,0.5789473684210527,development
244,DPARALFAAMSQ,inactive - virtual,inactive - virtual,0,Inactive,virtual,1,12,0.3333333333333333,0.0,0.0833333333333333,0.0,0.0833333333333333,0.0,0.0,0.0,0.0,0.0833333333333333,0.0833333333333333,0.0,0.0833333333333333,0.0833333333333333,0.0833333333333333,0.0833333333333333,0.0,0.0,0.0,0.0,1277.4491,-0.4421257665114191,5.83636417388916,0.0833333333333333,77.88333333333334,0.0925,0.4259546842579007,-3.1312380132294806e-06,65.83333333333331,1.2575,0.5833333333333334,development
245,DPATVKKVVNFL,inactive - virtual,inactive - virtual,0,Inactive,virtual,1,12,0.0833333333333333,0.0,0.0833333333333333,0.0,0.0833333333333333,0.0,0.0,0.0,0.1666666666666666,0.0833333333333333,0.0,0.0833333333333333,0.0833333333333333,0.0,0.0,0.0,0.0833333333333333,0.25,0.0,0.0,1330.5713,0.5528881663873828,8.59094409942627,0.0833333333333333,3.216666666666668,0.1341666666666666,0.3790399138983923,0.0007485457469674,113.33333333333331,0.6000000000000001,0.5,development
246,DPAWQGFRELIEKAL,inactive - virtual,inactive - virtual,0,Inactive,virtual,1,15,0.1333333333333333,0.0,0.0666666666666666,0.1333333333333333,0.0666666666666666,0.0666666666666666,0.0,0.0666666666666666,0.0666666666666666,0.1333333333333333,0.0,0.0,0.0666666666666666,0.0666666666666666,0.0666666666666666,0.0,0.0,0.0,0.0666666666666666,0.0,1772.9967,-1.4423898372990154,4.679122352600097,0.1333333333333333,51.46666666666667,0.0146666666666666,0.5476555945422185,-0.0005645798082346,91.33333333333331,1.5813333333333333,0.4,development
247,DPEKVLFLAGNLLARLTE,inactive - virtual,inactive - virtual,0,Inactive,virtual,1,18,0.1111111111111111,0.0,0.0555555555555555,0.1111111111111111,0.0555555555555555,0.0555555555555555,0.0,0.0,0.0555555555555555,0.2777777777777778,0.0,0.0555555555555555,0.0555555555555555,0.0,0.0555555555555555,0.0,0.0555555555555555,0.0555555555555555,0.0,0.0,1999.3103000000008,-1.440297350642319,4.935523033142089,0.0555555555555555,20.366666666666667,0.135,0.4213713146537934,-0.0005006702278774,135.55555555555554,0.8800000000000002,0.5,development
248,DPETLEAIAEN,inactive - virtual,inactive - virtual,0,Inactive,virtual,1,11,0.1818181818181818,0.0,0.0909090909090909,0.2727272727272727,0.0,0.0,0.0,0.0909090909090909,0.0,0.0909090909090909,0.0,0.0909090909090909,0.0909090909090909,0.0,0.0,0.0,0.0909090909090909,0.0,0.0,0.0,1201.2374000000002,-4.438738365458512,4.0500284194946286,0.0,24.89090909090909,-0.0081818181818182,0.2771488519322586,-0.0033290599713629,89.09090909090911,2.263636363636364,0.3636363636363636,development
249,DPETNINIGTSYLQYVYQQF,inactive - virtual,inactive - virtual,0,Inactive,virtual,1,20,0.0,0.0,0.05,0.05,0.05,0.05,0.0,0.1,0.0,0.05,0.0,0.1,0.05,0.15,0.0,0.05,0.1,0.05,0.0,0.15,2393.5583,-2.448496665340058,4.0500284194946286,0.2,64.99,0.0774999999999999,0.3071698187422469,-0.0008376608998274,73.0,1.5835,0.25,development
250,DPKRLQASLQTIVGMVVYSW,inactive - virtual,inactive - virtual,0,Inactive,virtual,1,20,0.05,0.0,0.05,0.0,0.0,0.05,0.0,0.05,0.05,0.1,0.05,0.0,0.05,0.1,0.05,0.1,0.05,0.15,0.05,0.05,2291.6669,0.5528630481540096,8.58978366851807,0.1,46.14000000000001,0.1409999999999999,0.316805139695445,0.0004341811866455,107.0,0.7734999999999996,0.4,development
251,DPLRERQVAEKQLAALGDILSA,inactive - virtual,inactive - virtual,0,Inactive,virtual,1,22,0.1818181818181818,0.0,0.0909090909090909,0.0909090909090909,0.0,0.0454545454545454,0.0,0.0454545454545454,0.0454545454545454,0.1818181818181818,0.0,0.0,0.0454545454545454,0.0909090909090909,0.0909090909090909,0.0454545454545454,0.0,0.0454545454545454,0.0,0.0,2393.6946,-1.441968471377384,4.782910346984862,0.0,43.12727272727273,-0.0763636363636363,0.2187409671879101,-0.0004181810586121,120.0,2.004999999999999,0.4545454545454545,development
252,DPLWKKEMFEKYLSN,inactive - virtual,inactive - virtual,0,Inactive,virtual,1,15,0.0,0.0,0.0666666666666666,0.1333333333333333,0.0666666666666666,0.0,0.0,0.0,0.2,0.1333333333333333,0.0666666666666666,0.0666666666666666,0.0666666666666666,0.0,0.0,0.0666666666666666,0.0,0.0,0.0666666666666666,0.0666666666666666,1928.2108000000003,-0.4498814970674991,6.179899024963378,0.2,25.12,-0.174,0.1309524671583278,-1.0372260426714797e-06,52.0,2.111333333333333,0.2666666666666666,test
253,DPQKADAVAVN,inactive - virtual,inactive - virtual,0,Inactive,virtual,1,11,0.2727272727272727,0.0,0.1818181818181818,0.0,0.0,0.0,0.0,0.0,0.0909090909090909,0.0,0.0,0.0909090909090909,0.0909090909090909,0.0909090909090909,0.0,0.0,0.0,0.1818181818181818,0.0,0.0,1127.2051,-1.4441597567903264,4.207813453674317,0.0,18.881818181818183,-0.0681818181818181,0.181514448969347,-0.0008898075780023,80.0,1.96909090909091,0.4545454545454545,development
254,DPQKRAVVNQRLYFDMGT,inactive - virtual,inactive - virtual,0,Inactive,virtual,1,18,0.0555555555555555,0.0,0.1111111111111111,0.0,0.0555555555555555,0.0555555555555555,0.0,0.0,0.0555555555555555,0.0555555555555555,0.0555555555555555,0.0555555555555555,0.0555555555555555,0.1111111111111111,0.1111111111111111,0.0,0.0555555555555555,0.1111111111111111,0.0,0.0555555555555555,2138.4057000000003,0.553284414075641,8.588687705993653,0.1111111111111111,36.20555555555556,-0.2338888888888889,0.216761256561235,0.0004657666209941,59.44444444444444,2.898888888888889,0.3333333333333333,development
255,DPTKLNHAVAGL,inactive - virtual,inactive - virtual,0,Inactive,virtual,1,12,0.1666666666666666,0.0,0.0833333333333333,0.0,0.0,0.0833333333333333,0.0833333333333333,0.0,0.0833333333333333,0.1666666666666666,0.0,0.0833333333333333,0.0833333333333333,0.0,0.0,0.0,0.0833333333333333,0.0833333333333333,0.0,0.0,1235.3893,-0.4079797997692846,6.743628120422364,0.0,2.091666666666667,0.1258333333333333,0.2538629640169381,7.689879309367891e-05,105.83333333333331,0.8083333333333335,0.4166666666666667,development
256,DPYVILITEILL,inactive - virtual,inactive - virtual,0,Inactive,virtual,1,12,0.0,0.0,0.0833333333333333,0.0833333333333333,0.0,0.0,0.0,0.25,0.0,0.25,0.0,0.0,0.0833333333333333,0.0,0.0,0.0,0.0833333333333333,0.0833333333333333,0.0,0.0833333333333333,1401.6856000000002,-2.443485480005487,4.0500284194946286,0.0833333333333333,73.36666666666667,0.6074999999999999,0.2016520488711779,-0.0014289892914981,219.16666666666663,-1.2766666666666666,0.5833333333333334,development
257,DQDKIQKAIAAG,inactive - virtual,inactive - virtual,0,Inactive,virtual,1,12,0.25,0.0,0.1666666666666666,0.0,0.0,0.0833333333333333,0.0,0.1666666666666666,0.1666666666666666,0.0,0.0,0.0,0.0,0.1666666666666666,0.0,0.0,0.0,0.0,0.0,0.0,1257.3933,-0.446665349457612,5.959761619567872,0.0,11.066666666666668,-0.1133333333333333,0.3389053285409911,-3.181167488468268e-06,89.99999999999999,1.9508333333333332,0.4166666666666667,development
258,DQEDVAQTIRDYD,inactive - virtual,inactive - virtual,0,Inactive,virtual,1,13,0.0769230769230769,0.0,0.3076923076923077,0.0769230769230769,0.0,0.0,0.0,0.0769230769230769,0.0,0.0,0.0,0.0,0.0,0.1538461538461538,0.0769230769230769,0.0,0.0769230769230769,0.0769230769230769,0.0,0.0769230769230769,1567.5666,-4.440901834481787,4.0500284194946286,0.0769230769230769,57.07692307692308,-0.4007692307692308,0.3888800969146734,-0.0025523581084098,60.0,4.586923076923076,0.2307692307692307,development
259,DQGTLFELILAANYLD,inactive - virtual,inactive - virtual,0,Inactive,virtual,1,16,0.125,0.0,0.125,0.0625,0.0625,0.0625,0.0,0.0625,0.0,0.25,0.0,0.0625,0.0,0.0625,0.0,0.0,0.0625,0.0,0.0,0.0625,1795.9819000000002,-3.441769684558423,4.0500284194946286,0.125,16.106250000000003,0.2975,0.0477457447542106,-0.001671501511701,134.375,0.4375000000000001,0.5,development
260,DQHLMAEYRELPRVFGAVRKHVANG,inactive - virtual,inactive - virtual,0,Inactive,virtual,1,25,0.12,0.0,0.04,0.08,0.04,0.08,0.08,0.0,0.04,0.08,0.04,0.04,0.04,0.04,0.12,0.0,0.0,0.12,0.0,0.04,2894.2732,0.6283072159190453,8.602290534973147,0.08,3.052000000000002,-0.1307999999999999,0.4337570619712087,0.0004132288513896,78.0,2.3876000000000004,0.4,development
261,DQNGEIYMWPVAQA,inactive - virtual,inactive - virtual,0,Inactive,virtual,1,14,0.1428571428571428,0.0,0.0714285714285714,0.0714285714285714,0.0,0.0714285714285714,0.0,0.0714285714285714,0.0,0.0,0.0714285714285714,0.0714285714285714,0.0714285714285714,0.1428571428571428,0.0,0.0,0.0,0.0714285714285714,0.0714285714285714,0.0714285714285714,1621.7677,-2.443485480005487,4.0500284194946286,0.1428571428571428,52.06428571428572,0.1378571428571429,0.1588075041909526,-0.0012350703243986,62.85714285714285,1.0850000000000002,0.3571428571428571,test
262,DQQGVFVKGYAM,inactive - virtual,inactive - virtual,0,Inactive,virtual,1,12,0.0833333333333333,0.0,0.0833333333333333,0.0,0.0833333333333333,0.1666666666666666,0.0,0.0,0.0833333333333333,0.0,0.0833333333333333,0.0,0.0,0.1666666666666666,0.0,0.0,0.0,0.1666666666666666,0.0,0.0833333333333333,1342.5188999999998,-0.4471118336126172,5.834943199157714,0.1666666666666666,28.4,0.1483333333333333,0.1022973646814154,-3.724339302207788e-06,56.66666666666666,0.6991666666666667,0.4166666666666667,development
263,DRASYEARERHVAERLLMHLEEM,inactive - virtual,inactive - virtual,0,Inactive,virtual,1,23,0.1304347826086956,0.0,0.0434782608695652,0.217391304347826,0.0,0.0,0.0869565217391304,0.0,0.0,0.1304347826086956,0.0869565217391304,0.0,0.0,0.0,0.1739130434782608,0.0434782608695652,0.0,0.0434782608695652,0.0,0.0434782608695652,2842.1741,-2.365850026827509,5.471571540832519,0.0434782608695652,50.46086956521739,-0.3382608695652174,0.1595606613646098,-0.0006333166794502,76.52173913043478,3.755652173913043,0.391304347826087,development
264,DRAVIEHNLLSASKL,inactive - virtual,inactive - virtual,0,Inactive,virtual,1,15,0.1333333333333333,0.0,0.0666666666666666,0.0666666666666666,0.0,0.0,0.0666666666666666,0.0666666666666666,0.0666666666666666,0.2,0.0,0.0666666666666666,0.0,0.0,0.0666666666666666,0.1333333333333333,0.0,0.0666666666666666,0.0,0.0,1665.8883999999998,-0.4068841570628132,6.75204029083252,0.0,38.69999999999999,-0.0093333333333333,0.1695639338803779,5.762685411401713e-05,136.66666666666666,1.7839999999999998,0.4666666666666667,development
265,DRQLRSSIERVISIFQS,inactive - virtual,inactive - virtual,0,Inactive,virtual,1,17,0.0,0.0,0.0588235294117647,0.0588235294117647,0.0588235294117647,0.0,0.0,0.1764705882352941,0.0,0.0588235294117647,0.0,0.0,0.0,0.1176470588235294,0.1764705882352941,0.2352941176470588,0.0,0.0588235294117647,0.0,0.0,2034.2766,0.5589447579616786,9.510327720642092,0.0588235294117647,116.5058823529412,-0.2329411764705883,0.5878806262446302,0.0004905912657058,108.82352941176472,3.427647058823529,0.3529411764705882,development
266,DRTSFDKLANS,inactive - virtual,inactive - virtual,0,Inactive,virtual,1,11,0.0909090909090909,0.0,0.1818181818181818,0.0,0.0909090909090909,0.0,0.0,0.0,0.0909090909090909,0.0909090909090909,0.0,0.0909090909090909,0.0,0.0,0.0909090909090909,0.1818181818181818,0.0909090909090909,0.0,0.0,0.0,1253.3185,-0.4441848750236996,5.960443687438965,0.0909090909090909,-1.9818181818181813,-0.3699999999999999,0.3417895464351652,-2.393642485558357e-06,44.54545454545456,4.019090909090909,0.2727272727272727,development
267,DSEQVVHQLERLIAR,inactive - virtual,inactive - virtual,0,Inactive,virtual,1,15,0.0666666666666666,0.0,0.0666666666666666,0.1333333333333333,0.0,0.0,0.0666666666666666,0.0666666666666666,0.0,0.1333333333333333,0.0,0.0,0.0,0.1333333333333333,0.1333333333333333,0.0666666666666666,0.0,0.1333333333333333,0.0,0.0,1792.9898000000003,-1.4032829216890566,5.445482444763183,0.0,42.82666666666667,-0.2159999999999999,0.6406327161034694,-0.0005030702904087,123.33333333333331,3.111333333333333,0.4,development
268,DSGYRSAMSVQSSL,inactive - virtual,inactive - virtual,0,Inactive,virtual,1,14,0.0714285714285714,0.0,0.0714285714285714,0.0,0.0,0.0714285714285714,0.0,0.0,0.0,0.0714285714285714,0.0714285714285714,0.0,0.0,0.0714285714285714,0.0714285714285714,0.3571428571428571,0.0,0.0714285714285714,0.0,0.0714285714285714,1487.5910999999994,-0.4446313591787048,5.835682106018066,0.0714285714285714,112.81428571428572,-0.0678571428571428,0.4209604991025574,-2.6888948642108098e-06,55.71428571428571,2.3042857142857143,0.2857142857142857,development
269,DSMVVLQQRAYEILMTIME,inactive - virtual,inactive - virtual,0,Inactive,virtual,1,19,0.0526315789473684,0.0,0.0526315789473684,0.1052631578947368,0.0,0.0,0.0,0.1052631578947368,0.0,0.1052631578947368,0.1578947368421052,0.0,0.0,0.1052631578947368,0.0526315789473684,0.0526315789473684,0.0526315789473684,0.1052631578947368,0.0,0.0526315789473684,2270.6875000000005,-2.440297350642319,4.426586723327637,0.0526315789473684,61.694736842105264,0.1678947368421053,0.3446700599340422,-0.0008816703292831,117.89473684210525,0.9384210526315788,0.5263157894736842,development
270,DSSVIISALKTYLVSG,inactive - virtual,inactive - virtual,0,Inactive,virtual,1,16,0.0625,0.0,0.0625,0.0,0.0,0.0625,0.0,0.125,0.0625,0.125,0.0,0.0,0.0,0.0,0.0,0.25,0.0625,0.125,0.0,0.0625,1652.8829000000003,-0.4471118336126172,5.834943199157714,0.0625,28.14375,0.336875,0.1821350619359933,-3.0250046887572677e-06,140.0,0.004375,0.4375,development
271,DSVASLLDVVKSTG,inactive - virtual,inactive - virtual,0,Inactive,virtual,1,14,0.0714285714285714,0.0,0.1428571428571428,0.0,0.0,0.0714285714285714,0.0,0.0,0.0714285714285714,0.1428571428571428,0.0,0.0,0.0,0.0,0.0,0.2142857142857142,0.0714285714285714,0.2142857142857142,0.0,0.0,1390.5356,-1.4441597567903264,4.207813453674317,0.0,14.921428571428573,0.1935714285714286,0.4098819957295438,-0.0007213025155694,125.0,0.7892857142857145,0.4285714285714285,test
272,DSVTNDIFNVAKASIEKHIWMLQAEL,inactive - virtual,inactive - virtual,0,Inactive,virtual,1,26,0.1153846153846153,0.0,0.0769230769230769,0.0769230769230769,0.0384615384615384,0.0,0.0384615384615384,0.1153846153846153,0.0769230769230769,0.0769230769230769,0.0384615384615384,0.0769230769230769,0.0,0.0384615384615384,0.0,0.0769230769230769,0.0384615384615384,0.0769230769230769,0.0384615384615384,0.0,2973.3582999999994,-2.407797386401876,4.751251029968262,0.0769230769230769,63.42307692307693,0.1388461538461538,0.2455712119189018,-0.0006396782102462,108.84615384615384,1.1246153846153844,0.4615384615384615,development
273,DTAFLMEQLELREELDEIEQAK,inactive - virtual,inactive - virtual,0,Inactive,virtual,1,22,0.0909090909090909,0.0,0.0909090909090909,0.2727272727272727,0.0454545454545454,0.0,0.0,0.0454545454545454,0.0454545454545454,0.1818181818181818,0.0454545454545454,0.0,0.0,0.0909090909090909,0.0454545454545454,0.0,0.0454545454545454,0.0,0.0,0.0,2650.9080000000004,-6.437460309384631,4.0500284194946286,0.0454545454545454,72.52272727272728,-0.1413636363636363,0.1774476260201285,-0.0022614875646476,97.72727272727272,2.6759090909090903,0.4090909090909091,development
274,DTMKDAGMQMKKVLDS,inactive - virtual,inactive - virtual,0,Inactive,virtual,1,16,0.0625,0.0,0.1875,0.0,0.0,0.0625,0.0,0.0,0.1875,0.0625,0.1875,0.0,0.0,0.0625,0.0,0.0625,0.0625,0.0625,0.0,0.0,1798.1106,-0.448724457969893,6.0384836196899405,0.0,2.0,-0.1912499999999999,0.483861561794825,-1.6684092274153006e-06,48.75,2.2225,0.375,development
275,DTRAWALAEKLFG,inactive - virtual,inactive - virtual,0,Inactive,virtual,1,13,0.2307692307692307,0.0,0.0769230769230769,0.0769230769230769,0.0769230769230769,0.0769230769230769,0.0,0.0,0.0769230769230769,0.1538461538461538,0.0,0.0,0.0,0.0,0.0769230769230769,0.0,0.0769230769230769,0.0,0.0769230769230769,0.0,1477.6625,-0.4435105982388601,6.0697450637817365,0.1538461538461538,-20.423076923076923,0.0661538461538461,0.3461813672677405,-1.3534913308880257e-06,83.07692307692308,1.311538461538461,0.4615384615384615,development
276,DVALADSFDAL,inactive - virtual,inactive - virtual,0,Inactive,virtual,1,11,0.2727272727272727,0.0,0.2727272727272727,0.0,0.0909090909090909,0.0,0.0,0.0,0.0,0.1818181818181818,0.0,0.0,0.0,0.0,0.0,0.0909090909090909,0.0,0.0909090909090909,0.0,0.0,1136.2085,-3.441207679968036,4.0500284194946286,0.0909090909090909,30.1,0.3163636363636364,0.234096569244091,-0.0026429973332394,124.54545454545456,0.660909090909091,0.6363636363636364,development
277,DVEAVEIMQRIHVLRSQGGFN,inactive - virtual,inactive - virtual,0,Inactive,virtual,1,21,0.0476190476190476,0.0,0.0476190476190476,0.0952380952380952,0.0476190476190476,0.0952380952380952,0.0476190476190476,0.0952380952380952,0.0,0.0476190476190476,0.0476190476190476,0.0476190476190476,0.0,0.0952380952380952,0.0952380952380952,0.0476190476190476,0.0,0.1428571428571428,0.0,0.0,2398.6958000000004,-1.4032829216890566,5.445482444763183,0.0476190476190476,66.12380952380953,0.0085714285714285,0.0859865827381461,-0.0003760370200525,101.9047619047619,2.002857142857143,0.4285714285714285,development
278,DVLAEDTITALLH,inactive - virtual,inactive - virtual,0,Inactive,virtual,1,13,0.1538461538461538,0.0,0.1538461538461538,0.0769230769230769,0.0,0.0,0.0769230769230769,0.0769230769230769,0.0,0.2307692307692307,0.0,0.0,0.0,0.0,0.0,0.0,0.1538461538461538,0.0769230769230769,0.0,0.0,1410.5684,-3.4039069620071487,4.0500284194946286,0.0,12.484615384615388,0.3076923076923077,0.1894402198030531,-0.0020580332773276,157.69230769230768,0.5161538461538462,0.5384615384615384,development
279,DVRVKEYFDDIARYFSIGLLNLIHLFG,inactive - virtual,inactive - virtual,0,Inactive,virtual,1,27,0.037037037037037,0.0,0.1111111111111111,0.037037037037037,0.1111111111111111,0.074074074074074,0.037037037037037,0.1111111111111111,0.037037037037037,0.1481481481481481,0.0,0.037037037037037,0.0,0.0,0.074074074074074,0.037037037037037,0.0,0.074074074074074,0.0,0.074074074074074,3214.6679,-1.4110274923207489,5.42939701080322,0.1851851851851851,14.911111111111111,0.1925925925925925,0.3908546671114855,-0.0002812099493573,126.29629629629628,1.044074074074074,0.4814814814814814,development
280,DWGEAFTAINL,inactive - virtual,inactive - virtual,0,Inactive,virtual,1,11,0.1818181818181818,0.0,0.0909090909090909,0.0909090909090909,0.0909090909090909,0.0909090909090909,0.0,0.0909090909090909,0.0,0.0909090909090909,0.0,0.0909090909090909,0.0,0.0,0.0,0.0,0.0909090909090909,0.0,0.0909090909090909,0.0,1236.3292,-2.4409798873382007,4.0500284194946286,0.1818181818181818,-7.1909090909090905,0.3418181818181817,0.2378329132512198,-0.0016193087606059,89.09090909090911,0.4572727272727272,0.4545454545454545,development
281,DWLKRLQKIFPPILSI,inactive - virtual,inactive - virtual,0,Inactive,virtual,1,16,0.0,0.0,0.0625,0.0,0.0625,0.0,0.0,0.1875,0.125,0.1875,0.0,0.0,0.125,0.0625,0.0625,0.0625,0.0,0.0,0.0625,0.0,1967.3992000000003,1.552863048154009,9.994291877746583,0.125,83.33750000000002,0.145,0.6160450030647344,0.0010145317956094,146.25,0.5531250000000003,0.4375,development
282,DWYRTYAELRETA,inactive - virtual,inactive - virtual,0,Inactive,virtual,1,13,0.1538461538461538,0.0,0.0769230769230769,0.1538461538461538,0.0,0.0,0.0,0.0,0.0,0.0769230769230769,0.0,0.0,0.0,0.0,0.1538461538461538,0.0,0.1538461538461538,0.0,0.0769230769230769,0.1538461538461538,1673.7796,-1.4449205481996747,4.679122352600097,0.2307692307692307,29.253846153846155,-0.293076923076923,0.4073577608108996,-0.0005986449832116,45.38461538461539,3.594615384615385,0.2307692307692307,test
283,DYERFKSYIQTL,inactive - virtual,inactive - virtual,0,Inactive,virtual,1,12,0.0,0.0,0.0833333333333333,0.0833333333333333,0.0833333333333333,0.0,0.0,0.0833333333333333,0.0833333333333333,0.0833333333333333,0.0,0.0,0.0,0.0833333333333333,0.0833333333333333,0.0833333333333333,0.0833333333333333,0.0,0.0,0.1666666666666666,1562.7205,-0.4485217835734314,6.068267250061035,0.25,-9.641666666666667,-0.2083333333333333,0.4415142652742654,-2.5596232234615064e-06,64.99999999999999,2.9141666666666666,0.25,development
284,EALVHKLTERM,inactive - virtual,inactive - virtual,0,Inactive,virtual,1,11,0.0909090909090909,0.0,0.0,0.1818181818181818,0.0,0.0,0.0909090909090909,0.0,0.0909090909090909,0.1818181818181818,0.0909090909090909,0.0,0.0,0.0,0.0909090909090909,0.0,0.0909090909090909,0.0909090909090909,0.0,0.0,1326.5646,-0.2973820894571446,6.855487251281737,0.0,40.409090909090914,-0.1245454545454545,0.4053299422966578,7.312090579464333e-05,106.36363636363636,2.116363636363636,0.4545454545454545,development
285,EAQKIDRLVQSFSGAYFQQN,inactive - virtual,inactive - virtual,0,Inactive,virtual,1,20,0.1,0.0,0.05,0.05,0.1,0.05,0.0,0.05,0.05,0.05,0.0,0.05,0.0,0.2,0.05,0.1,0.0,0.05,0.0,0.05,2329.5228,-0.3371884000853167,6.1673376083374025,0.15,28.84,-0.11,0.3537039416091658,-1.2878134215914798e-06,63.5,2.367,0.35,development
286,EDDIMYLM,inactive - virtual,inactive - virtual,0,Inactive,virtual,1,8,0.0,0.0,0.25,0.125,0.0,0.0,0.0,0.125,0.0,0.125,0.25,0.0,0.0,0.0,0.0,0.0,0.0,0.0,0.0,0.125,1029.1845,-3.3342112050296526,4.0500284194946286,0.125,62.425,0.1875,0.3396916417398724,-0.0029168569457534,97.5,1.2312499999999995,0.5,development
287,EDDSKLASRKYARIIQKI,inactive - virtual,inactive - virtual,0,Inactive,virtual,1,18,0.1111111111111111,0.0,0.1111111111111111,0.0555555555555555,0.0,0.0,0.0,0.1666666666666666,0.1666666666666666,0.0555555555555555,0.0,0.0,0.0,0.0555555555555555,0.1111111111111111,0.1111111111111111,0.0,0.0,0.0,0.0555555555555555,2134.4356,1.6582217805017434,9.52747631072998,0.0555555555555555,45.26666666666667,-0.3583333333333334,0.5748420206926377,0.0009356084031408,97.77777777777776,3.3288888888888883,0.3333333333333333,development
288,EDKEAVFDVVDTLTAVLQVATGVISTL,inactive - virtual,inactive - virtual,0,Inactive,virtual,1,27,0.1111111111111111,0.0,0.1111111111111111,0.074074074074074,0.037037037037037,0.037037037037037,0.0,0.037037037037037,0.037037037037037,0.1111111111111111,0.0,0.0,0.0,0.037037037037037,0.0,0.037037037037037,0.1481481481481481,0.2222222222222222,0.0,0.0,2834.1750999999995,-4.332643959934803,4.0500284194946286,0.037037037037037,13.192592592592591,0.2937037037037037,0.3172138853343177,-0.0014113429633968,133.33333333333331,0.417777777777778,0.5185185185185185,test
289,EDLPKWSGYFEKLLKKN,inactive - virtual,inactive - virtual,0,Inactive,virtual,1,17,0.0,0.0,0.0588235294117647,0.1176470588235294,0.0588235294117647,0.0588235294117647,0.0,0.0,0.2352941176470588,0.1764705882352941,0.0,0.0588235294117647,0.0588235294117647,0.0,0.0,0.0588235294117647,0.0,0.0,0.0588235294117647,0.0588235294117647,2095.3960000000006,0.6564407010860447,8.473418235778809,0.1764705882352941,17.088235294117645,-0.1864705882352941,0.4832871605683233,0.0004762813782571,68.82352941176471,1.982941176470588,0.2352941176470588,development
290,EDMIFEIFKNYLTKVAYYARQVAEMN,inactive - virtual,inactive - virtual,0,Inactive,virtual,1,26,0.1153846153846153,0.0,0.0384615384615384,0.1153846153846153,0.0769230769230769,0.0,0.0,0.0769230769230769,0.0769230769230769,0.0384615384615384,0.0769230769230769,0.0769230769230769,0.0,0.0384615384615384,0.0384615384615384,0.0,0.0384615384615384,0.0769230769230769,0.0,0.1153846153846153,3187.641,-1.3424636562074852,4.871124458312988,0.1923076923076923,33.74615384615385,0.0515384615384615,0.4179911866389416,-0.0003143381487929,78.84615384615384,1.4634615384615384,0.4615384615384615,development
291,EDNLLRQLAQKV,inactive - virtual,inactive - virtual,0,Inactive,virtual,1,12,0.0833333333333333,0.0,0.0833333333333333,0.0833333333333333,0.0,0.0,0.0,0.0,0.0833333333333333,0.25,0.0,0.0833333333333333,0.0,0.1666666666666666,0.0833333333333333,0.0,0.0,0.0833333333333333,0.0,0.0,1426.6174,-0.334682807418031,6.168474388122559,0.0,50.24166666666667,-0.2583333333333332,0.5546518783619102,-1.4019150159117357e-06,130.0,2.7591666666666668,0.4166666666666667,development
292,EELHTSLVEEL,inactive - virtual,inactive - virtual,0,Inactive,virtual,1,11,0.0,0.0,0.0,0.3636363636363636,0.0,0.0,0.0909090909090909,0.0,0.0,0.2727272727272727,0.0,0.0,0.0,0.0,0.0,0.0909090909090909,0.0909090909090909,0.0909090909090909,0.0,0.0,1298.3956,-4.292609856676796,4.0880537033081055,0.0,61.5090909090909,0.0736363636363636,0.3702996940277991,-0.0030036968576709,132.72727272727272,1.733636363636363,0.3636363636363636,development
293,EEMIAEFKAAFDMF,inactive - virtual,inactive - virtual,0,Inactive,virtual,1,14,0.2142857142857142,0.0,0.0714285714285714,0.2142857142857142,0.2142857142857142,0.0,0.0,0.0714285714285714,0.0714285714285714,0.0,0.1428571428571428,0.0,0.0,0.0,0.0,0.0,0.0,0.0,0.0,0.0,1678.9217,-3.332416167304969,4.0500284194946286,0.2142857142857142,30.65,0.2514285714285714,0.3903775986166832,-0.0017868629833464,49.28571428571428,0.7649999999999999,0.6428571428571429,development
294,EERVKNGLERLKKAIKSGKQST,inactive - virtual,inactive - virtual,0,Inactive,virtual,1,22,0.0454545454545454,0.0,0.0,0.1363636363636363,0.0,0.0909090909090909,0.0,0.0454545454545454,0.2272727272727272,0.0909090909090909,0.0,0.0454545454545454,0.0,0.0454545454545454,0.0909090909090909,0.0909090909090909,0.0454545454545454,0.0454545454545454,0.0,0.0,2499.8648000000003,3.657064741404136,10.1668737411499,0.0,35.36363636363636,-0.4763636363636364,0.5015200664523116,0.0015996831835255,70.9090909090909,3.5036363636363634,0.2272727272727272,development
295,EESDIKYKTSKNFINKVY,inactive - virtual,inactive - virtual,0,Inactive,virtual,1,18,0.0,0.0,0.0555555555555555,0.1111111111111111,0.0555555555555555,0.0,0.0,0.1111111111111111,0.2222222222222222,0.0,0.0,0.1111111111111111,0.0,0.0,0.0,0.1111111111111111,0.0555555555555555,0.0555555555555555,0.0,0.1111111111111111,2206.4500000000003,0.653935108418759,8.429966545104982,0.1666666666666666,29.438888888888886,-0.2627777777777778,0.2900047627394672,0.0004518550075686,59.44444444444444,2.8116666666666665,0.2222222222222222,development
296,EEVKKHGTTVLTALGRILKQ,inactive - virtual,inactive - virtual,0,Inactive,virtual,1,20,0.05,0.0,0.0,0.1,0.0,0.1,0.05,0.05,0.15,0.15,0.0,0.0,0.0,0.05,0.05,0.0,0.15,0.1,0.0,0.0,2221.599,1.697606725208284,9.70225009918213,0.0,32.135000000000005,-0.0699999999999999,0.5753547588925376,0.000943910047218,112.0,1.5825,0.35,development
297,EFPEMLAEIIT,inactive - virtual,inactive - virtual,0,Inactive,virtual,1,11,0.0909090909090909,0.0,0.0,0.2727272727272727,0.0909090909090909,0.0,0.0,0.1818181818181818,0.0,0.0909090909090909,0.0909090909090909,0.0,0.0909090909090909,0.0,0.0,0.0,0.0909090909090909,0.0,0.0,0.0,1292.4969,-3.3303570587926874,4.0500284194946286,0.0909090909090909,59.909090909090914,0.3827272727272727,0.5142040862738079,-0.002321083172147,115.45454545454544,0.0999999999999999,0.5454545454545454,development
298,EFRDLHLFLGEAAETAEEVADELAERVQAL,inactive - virtual,inactive - virtual,0,Inactive,virtual,1,30,0.2,0.0,0.0666666666666666,0.2333333333333333,0.0666666666666666,0.0333333333333333,0.0333333333333333,0.0,0.0,0.1666666666666666,0.0,0.0,0.0,0.0333333333333333,0.0666666666666666,0.0,0.0333333333333333,0.0666666666666666,0.0,0.0,3372.6482,-7.288404842013998,4.09754581451416,0.0666666666666666,15.19,0.0339999999999999,0.4212897011614386,-0.0020440899589343,104.33333333333331,1.909333333333333,0.5,development
299,EGDQQLLKRVLVRKL,inactive - virtual,inactive - virtual,0,Inactive,virtual,1,15,0.0,0.0,0.0666666666666666,0.0666666666666666,0.0,0.0666666666666666,0.0,0.0,0.1333333333333333,0.2666666666666666,0.0,0.0,0.0,0.1333333333333333,0.1333333333333333,0.0,0.0,0.1333333333333333,0.0,0.0,1795.1347999999998,1.6627864816813096,9.9877161026001,0.0,32.586666666666666,-0.284,0.2632558558446683,0.0011124480541907,142.66666666666666,2.5899999999999994,0.4,development
300,EGHVAAVEVLRGIHRIADMS,inactive - virtual,inactive - virtual,0,Inactive,virtual,1,20,0.15,0.0,0.05,0.1,0.0,0.1,0.1,0.1,0.0,0.05,0.05,0.0,0.0,0.0,0.1,0.05,0.0,0.15,0.0,0.0,2160.4561000000003,-1.2578286896921798,6.019954109191894,0.0,34.535,0.115,0.4658016517476011,-0.0003716801051627,117.0,1.418,0.5,development
301,EGKDRELYGKLHETLKKVTEDLEA,inactive - virtual,inactive - virtual,0,Inactive,virtual,1,24,0.0416666666666666,0.0,0.0833333333333333,0.2083333333333333,0.0,0.0833333333333333,0.0416666666666666,0.0,0.1666666666666666,0.1666666666666666,0.0,0.0,0.0,0.0,0.0416666666666666,0.0,0.0833333333333333,0.0416666666666666,0.0,0.0416666666666666,2802.0972000000006,-2.303149208996744,5.094388008117675,0.0416666666666666,-2.270833333333337,-0.2983333333333333,0.3345743561016327,-0.0006777060062096,81.24999999999999,2.964166666666667,0.25,test
302,EGNKRLDSVNSIVS,inactive - virtual,inactive - virtual,0,Inactive,virtual,1,14,0.0,0.0,0.0714285714285714,0.0714285714285714,0.0,0.0714285714285714,0.0,0.0714285714285714,0.0714285714285714,0.0714285714285714,0.0,0.1428571428571428,0.0,0.0,0.0714285714285714,0.2142857142857142,0.0,0.1428571428571428,0.0,0.0,1517.6402999999998,-0.334682807418031,6.168474388122559,0.0,51.114285714285714,-0.1828571428571428,0.3577945663180282,-1.3178269034362336e-06,97.14285714285714,2.901428571428571,0.2857142857142857,test
303,EGQQRRIRQQRLISIGKWIADNQ,inactive - virtual,inactive - virtual,0,Inactive,virtual,1,23,0.0434782608695652,0.0,0.0434782608695652,0.0434782608695652,0.0,0.0869565217391304,0.0,0.1739130434782608,0.0434782608695652,0.0434782608695652,0.0,0.0434782608695652,0.0,0.217391304347826,0.1739130434782608,0.0434782608695652,0.0,0.0,0.0434782608695652,0.0,2794.1361,2.6652418378818483,11.539083290100098,0.0434782608695652,48.9304347826087,-0.4026086956521739,0.0457088801534052,0.0010729598373739,89.13043478260869,3.820869565217392,0.2608695652173913,development
304,EGVAWLEAVLRLLAQ,inactive - virtual,inactive - virtual,0,Inactive,virtual,1,15,0.2,0.0,0.0,0.1333333333333333,0.0,0.0666666666666666,0.0,0.0,0.0,0.2666666666666666,0.0,0.0,0.0,0.0666666666666666,0.0666666666666666,0.0,0.0,0.1333333333333333,0.0666666666666666,0.0,1667.9455000000005,-1.3315029379659054,4.531682014465332,0.0666666666666666,30.4,0.3279999999999999,0.4559012123925096,-0.0006001378938217,162.66666666666666,-0.1586666666666668,0.6,development
305,EHEIQEWYKGFLRD,inactive - virtual,inactive - virtual,0,Inactive,virtual,1,14,0.0,0.0,0.0714285714285714,0.2142857142857142,0.0714285714285714,0.0714285714285714,0.0714285714285714,0.0714285714285714,0.0714285714285714,0.0714285714285714,0.0,0.0,0.0,0.0714285714285714,0.0714285714285714,0.0,0.0,0.0,0.0714285714285714,0.0714285714285714,1849.9946,-2.2970511257375232,4.964169883728027,0.2142857142857143,28.37142857142857,-0.2228571428571428,0.5440919447795519,-0.0010281081081081,55.71428571428571,3.1335714285714285,0.2142857142857142,development
306,EIEKFRVWISIL,inactive - virtual,inactive - virtual,0,Inactive,virtual,1,12,0.0,0.0,0.0,0.1666666666666666,0.0833333333333333,0.0,0.0,0.25,0.0833333333333333,0.0833333333333333,0.0,0.0,0.0,0.0,0.0833333333333333,0.0833333333333333,0.0,0.0833333333333333,0.0833333333333333,0.0,1532.8237,-0.3340085306331914,6.241796684265137,0.1666666666666666,77.88333333333334,0.2291666666666666,0.3258406313486441,-1.3047761330349743e-06,154.16666666666663,0.7050000000000001,0.5,development
307,EISEMVRMRERILDSIHLG,inactive - virtual,inactive - virtual,0,Inactive,virtual,1,19,0.0,0.0,0.0526315789473684,0.1578947368421052,0.0,0.0526315789473684,0.0526315789473684,0.1578947368421052,0.0,0.1052631578947368,0.1052631578947368,0.0,0.0,0.0,0.1578947368421052,0.1052631578947368,0.0,0.0526315789473684,0.0,0.0,2284.6580000000004,-1.293359488161757,5.533980751037597,0.0,52.54736842105264,-0.111578947368421,0.411040644570933,-0.000394369402887,117.89473684210525,2.688947368421052,0.4210526315789473,development
308,EISKLVKKMISSWKDAIN,inactive - virtual,inactive - virtual,0,Inactive,virtual,1,18,0.0555555555555555,0.0,0.0555555555555555,0.0555555555555555,0.0,0.0,0.0,0.1666666666666666,0.2222222222222222,0.0555555555555555,0.0555555555555555,0.0555555555555555,0.0,0.0,0.0,0.1666666666666666,0.0,0.0555555555555555,0.0555555555555555,0.0,2090.4856,1.6578255328134857,9.531279945373536,0.0555555555555555,42.63888888888889,-0.0272222222222222,0.6475121862074538,0.0009552784275456,108.33333333333331,1.3533333333333335,0.3888888888888889,development
309,EKETFREKFMQH,inactive - virtual,inactive - virtual,0,Inactive,virtual,1,12,0.0,0.0,0.0,0.25,0.1666666666666666,0.0,0.0833333333333333,0.0,0.1666666666666666,0.0,0.0833333333333333,0.0,0.0,0.0833333333333333,0.0833333333333333,0.0,0.0833333333333333,0.0,0.0,0.0,1609.8036000000002,-0.2987669211845851,6.861625862121582,0.1666666666666666,13.166666666666668,-0.4983333333333333,0.1208031557194723,6.087674943005697e-05,0.0,4.2425,0.25,test
310,EKNSYRKLVGNLYFVYSAMEEEMAKF,inactive - virtual,inactive - virtual,0,Inactive,virtual,1,26,0.0769230769230769,0.0,0.0,0.1538461538461538,0.0769230769230769,0.0384615384615384,0.0,0.0,0.1153846153846153,0.0769230769230769,0.0769230769230769,0.0769230769230769,0.0,0.0,0.0384615384615384,0.0769230769230769,0.0,0.0769230769230769,0.0,0.1153846153846153,3147.5772,-0.3442949720899309,6.383780479431152,0.1923076923076923,20.238461538461543,-0.0499999999999999,0.2956203945756415,-6.354087902452043e-07,60.0,1.7757692307692308,0.3846153846153846,development
311,EKVQYLTRSAIRR,inactive - virtual,inactive - virtual,0,Inactive,virtual,1,13,0.0769230769230769,0.0,0.0,0.0769230769230769,0.0,0.0,0.0,0.0769230769230769,0.0769230769230769,0.0769230769230769,0.0,0.0,0.0,0.0769230769230769,0.2307692307692307,0.0769230769230769,0.0769230769230769,0.0769230769230769,0.0,0.0769230769230769,1619.8664,2.662314879292932,10.903747367858884,0.0769230769230769,74.76153846153846,-0.4876923076923077,0.5782213463461954,0.0018495311352145,90.0,4.083076923076924,0.3076923076923077,development
312,EMNYYTVLFGVSRALGVLAQLIWSRAL,inactive - virtual,inactive - virtual,0,Inactive,virtual,1,27,0.1111111111111111,0.0,0.0,0.037037037037037,0.037037037037037,0.074074074074074,0.0,0.037037037037037,0.0,0.1851851851851851,0.037037037037037,0.037037037037037,0.0,0.037037037037037,0.074074074074074,0.074074074074074,0.037037037037037,0.1111111111111111,0.037037037037037,0.074074074074074,3071.5919999999987,0.6623399975263058,8.686357307434083,0.1481481481481481,25.322222222222223,0.3114814814814815,0.1958354766143001,0.0003242609714806,130.0,0.0692592592592592,0.5185185185185185,development
313,EPEEVFKSVLKEMEG,inactive - virtual,inactive - virtual,0,Inactive,virtual,1,15,0.0,0.0,0.0,0.3333333333333333,0.0666666666666666,0.0666666666666666,0.0,0.0,0.1333333333333333,0.0666666666666666,0.0666666666666666,0.0,0.0666666666666666,0.0,0.0,0.0666666666666666,0.0,0.1333333333333333,0.0,0.0,1750.9631,-3.3331267222475693,4.3251859664917,0.0666666666666666,39.81333333333333,-0.076,0.4653759051118113,-0.0017121938125724,64.66666666666666,1.9519999999999995,0.3333333333333333,development
314,EPEKVDKLQEPLLEALRLYARRRR,inactive - virtual,inactive - virtual,0,Inactive,virtual,1,24,0.0833333333333333,0.0,0.0416666666666666,0.1666666666666666,0.0,0.0,0.0,0.0,0.0833333333333333,0.2083333333333333,0.0,0.0,0.0833333333333333,0.0416666666666666,0.2083333333333333,0.0,0.0,0.0416666666666666,0.0,0.0416666666666666,2979.4394,1.663567817133437,9.689678764343263,0.0416666666666666,127.1,-0.4945833333333334,0.374344780818412,0.0006716027172891,101.66666666666669,3.9616666666666673,0.3333333333333333,development
315,EPGQRKIVMHK,inactive - virtual,inactive - virtual,0,Inactive,virtual,1,11,0.0,0.0,0.0,0.0909090909090909,0.0,0.0909090909090909,0.0909090909090909,0.0909090909090909,0.1818181818181818,0.0,0.0909090909090909,0.0,0.0909090909090909,0.0909090909090909,0.0909090909090909,0.0,0.0,0.0909090909090909,0.0,0.0,1322.5792,1.698991556935726,9.9959680557251,0.0,84.76363636363637,-0.3409090909090909,0.2065639140782027,0.0015847812608689,61.81818181818183,2.7981818181818183,0.2727272727272727,test
316,EQEILRQVKKAYDRAARLG,inactive - virtual,inactive - virtual,0,Inactive,virtual,1,19,0.1578947368421052,0.0,0.0526315789473684,0.1052631578947368,0.0,0.0526315789473684,0.0,0.0526315789473684,0.1052631578947368,0.1052631578947368,0.0,0.0,0.0,0.1052631578947368,0.1578947368421052,0.0,0.0,0.0526315789473684,0.0,0.0526315789473684,2244.5528,1.6613765317204954,9.695803260803224,0.0526315789473684,73.30526315789474,-0.3831578947368421,0.7098656176369683,0.0008901521901842,92.6315789473684,3.381578947368421,0.3684210526315789,test
317,EQEVYAQVARL,inactive - virtual,inactive - virtual,0,Inactive,virtual,1,11,0.1818181818181818,0.0,0.0,0.1818181818181818,0.0,0.0,0.0,0.0,0.0,0.0909090909090909,0.0,0.0,0.0,0.1818181818181818,0.0909090909090909,0.0,0.0,0.1818181818181818,0.0,0.0909090909090909,1305.436,-1.334008530633191,4.531682014465332,0.0909090909090909,51.92727272727273,-0.0799999999999999,0.4326878846722424,-0.0007675572986885,106.36363636363636,2.1036363636363635,0.4545454545454545,development
318,EQPSLVRTLDQLEDK,inactive - virtual,inactive - virtual,0,Inactive,virtual,1,15,0.0,0.0,0.1333333333333333,0.1333333333333333,0.0,0.0,0.0,0.0,0.0666666666666666,0.2,0.0,0.0,0.0666666666666666,0.1333333333333333,0.0666666666666666,0.0666666666666666,0.0666666666666666,0.0666666666666666,0.0,0.0,1770.9346999999998,-2.333115562323181,4.316773796081543,0.0,55.03333333333334,-0.3126666666666666,0.4327865092191987,-0.0011299084102228,97.33333333333331,3.318666666666666,0.2666666666666666,development
319,ERQEVKQMVVATLAES,inactive - virtual,inactive - virtual,0,Inactive,virtual,1,16,0.125,0.0,0.0,0.1875,0.0,0.0,0.0,0.0,0.0625,0.0625,0.0625,0.0,0.0,0.125,0.0625,0.0625,0.0625,0.1875,0.0,0.0,1818.0573,-1.3328877696933468,4.786434364318848,0.0,58.462500000000006,-0.1168749999999999,0.0383565874052771,-0.0005500368524691,91.25,2.18375,0.4375,development
320,ERVRAAMEKLA,inactive - virtual,inactive - virtual,0,Inactive,virtual,1,11,0.2727272727272727,0.0,0.0,0.1818181818181818,0.0,0.0,0.0,0.0,0.0909090909090909,0.0909090909090909,0.0909090909090909,0.0,0.0,0.0,0.1818181818181818,0.0,0.0,0.0909090909090909,0.0,0.0,1273.5053,0.6659663511334353,8.8454008102417,0.0,1.3727272727272726,-0.2981818181818181,0.4872595968772806,0.0007836670592854,89.0909090909091,2.933636363636363,0.5454545454545454,development
321,ESLYESIRRRYEEL,inactive - virtual,inactive - virtual,0,Inactive,virtual,1,14,0.0,0.0,0.0,0.2857142857142857,0.0,0.0,0.0,0.0714285714285714,0.0,0.1428571428571428,0.0,0.0,0.0,0.0,0.2142857142857142,0.1428571428571428,0.0,0.0,0.0,0.1428571428571428,1843.0022,-1.3343228378875347,4.948596000671387,0.1428571428571428,125.75714285714288,-0.4785714285714286,0.5237365412625505,-0.0005425935973955,83.57142857142857,4.594285714285715,0.2142857142857142,development
322,ESPVRKILRIVFHDAI,inactive - virtual,inactive - virtual,0,Inactive,virtual,1,16,0.0625,0.0,0.0625,0.0625,0.0625,0.0,0.0625,0.1875,0.0625,0.0625,0.0,0.0,0.0625,0.0,0.125,0.0625,0.0,0.125,0.0,0.0,1893.2363,0.7019185155246426,8.849978065490724,0.0625,74.37500000000001,0.0449999999999999,0.4667241603292107,0.0005789017768481,140.0,1.651875,0.5,development
323,ETNIRVALEKSFL,inactive - virtual,inactive - virtual,0,Inactive,virtual,1,13,0.0769230769230769,0.0,0.0,0.1538461538461538,0.0769230769230769,0.0,0.0,0.0769230769230769,0.0769230769230769,0.1538461538461538,0.0,0.0769230769230769,0.0,0.0,0.0769230769230769,0.0769230769230769,0.0769230769230769,0.0769230769230769,0.0,0.0,1519.7406,-0.3340085306331914,6.241796684265137,0.0769230769230769,31.46923076923077,0.0023076923076923,0.1600357374156133,-1.3160145814415623e-06,120.0,1.7776923076923077,0.4615384615384615,development
324,EVKRRFPTKLGAWALIWWLL,inactive - virtual,inactive - virtual,0,Inactive,virtual,1,20,0.1,0.0,0.0,0.05,0.05,0.05,0.0,0.05,0.1,0.2,0.0,0.0,0.05,0.0,0.1,0.0,0.05,0.05,0.15,0.0,2483.994,2.662339997526305,11.000643348693847,0.2,52.79500000000001,0.179,0.2240504508795404,0.0012065217391304,122.0,0.3575000000000005,0.45,development
325,EVKRSVNRDFAKWFLIVFI,inactive - virtual,inactive - virtual,0,Inactive,virtual,1,19,0.0526315789473684,0.0,0.0526315789473684,0.0526315789473684,0.1578947368421052,0.0,0.0,0.1052631578947368,0.1052631578947368,0.0526315789473684,0.0,0.0526315789473684,0.0,0.0,0.1052631578947368,0.0526315789473684,0.0,0.1578947368421052,0.0526315789473684,0.0,2367.7876,1.6627864816813096,9.9877161026001,0.2105263157894736,39.805263157894736,0.0857894736842104,0.3653626429424763,0.0008434024976877,112.6315789473684,1.3973684210526318,0.5263157894736842,development
326,EVNRNFGERINDLRILILLL,inactive - virtual,inactive - virtual,0,Inactive,virtual,1,20,0.0,0.0,0.05,0.1,0.05,0.05,0.0,0.15,0.0,0.25,0.0,0.15,0.0,0.0,0.15,0.0,0.0,0.05,0.0,0.0,2410.8125,-0.3311066902776476,6.281413459777832,0.05,33.275000000000006,0.013,0.319814792655498,-4.1479662521465723e-07,170.5,1.9849999999999997,0.5,test
327,EVVGRVSKLWNEWWLIV,inactive - virtual,inactive - virtual,0,Inactive,virtual,1,17,0.0,0.0,0.0,0.1176470588235294,0.0,0.0588235294117647,0.0,0.0588235294117647,0.0588235294117647,0.1176470588235294,0.0,0.0588235294117647,0.0,0.0,0.0588235294117647,0.0588235294117647,0.0,0.2352941176470588,0.1764705882352941,0.0,2113.4590000000003,-0.3340085306331914,6.241796684265137,0.1764705882352941,14.03529411764706,0.2629411764705883,0.4841820470638962,-9.46315520520852e-07,137.05882352941177,0.3105882352941174,0.4117647058823529,development
328,EWQTMVAALQA,inactive - virtual,inactive - virtual,0,Inactive,virtual,1,11,0.2727272727272727,0.0,0.0,0.0909090909090909,0.0,0.0,0.0,0.0,0.0,0.0909090909090909,0.0909090909090909,0.0,0.0,0.1818181818181818,0.0,0.0,0.0909090909090909,0.0909090909090909,0.0909090909090909,0.0,1247.4198,-1.332598580672376,4.0500284194946286,0.0909090909090909,25.063636363636363,0.2745454545454546,0.199620146430096,-0.0008040595789709,89.0909090909091,0.1263636363636364,0.5454545454545454,development
329,EYKYYKLKLAEMQR,inactive - virtual,inactive - virtual,0,Inactive,virtual,1,14,0.0714285714285714,0.0,0.0,0.1428571428571428,0.0,0.0,0.0,0.0,0.2142857142857142,0.1428571428571428,0.0714285714285714,0.0,0.0,0.0714285714285714,0.0714285714285714,0.0,0.0,0.0,0.0,0.2142857142857142,1863.1838,1.6534635060303802,9.31228084564209,0.2142857142857142,-5.4785714285714295,-0.3635714285714285,0.2397512106630324,0.0010712809751018,62.85714285714285,2.6535714285714285,0.2857142857142857,test
330,FADLFDPVIQERH,inactive - virtual,inactive - virtual,0,Inactive,virtual,1,13,0.0769230769230769,0.0,0.1538461538461538,0.0769230769230769,0.1538461538461538,0.0,0.0769230769230769,0.0769230769230769,0.0,0.0769230769230769,0.0,0.0,0.0769230769230769,0.0769230769230769,0.0769230769230769,0.0,0.0,0.0769230769230769,0.0,0.0,1586.7452000000003,-2.4039320802405224,4.536513328552247,0.1538461538461538,56.63846153846155,0.0346153846153845,0.3022696741888811,-0.0011993067590987,90.0,2.1323076923076925,0.4615384615384615,development
331,FALRLRRVINRIGQAWR,inactive - virtual,inactive - virtual,0,Inactive,virtual,1,17,0.1176470588235294,0.0,0.0,0.0,0.0588235294117647,0.0588235294117647,0.0,0.1176470588235294,0.0,0.1176470588235294,0.0,0.0588235294117647,0.0,0.0588235294117647,0.2941176470588235,0.0,0.0,0.0588235294117647,0.0588235294117647,0.0,2125.5278,4.557327276400082,11.999967765808105,0.1176470588235294,65.76470588235296,-0.2529411764705883,0.7265414567323439,0.0023504725880133,120.58823529411762,3.128823529411765,0.4705882352941176,development
332,FEVIDTIKAAVENA,inactive - virtual,inactive - virtual,0,Inactive,virtual,1,14,0.2142857142857142,0.0,0.0714285714285714,0.1428571428571428,0.0714285714285714,0.0,0.0,0.1428571428571428,0.0714285714285714,0.0,0.0,0.0714285714285714,0.0,0.0,0.0,0.0,0.0714285714285714,0.1428571428571428,0.0,0.0,1519.6942,-2.442364719065642,4.137389945983887,0.0714285714285714,-7.514285714285714,0.2392857142857142,0.4384460533516456,-0.0013167072448509,118.57142857142856,0.7692857142857141,0.5714285714285714,development
333,FFSFELVESINDVKKSLR,inactive - virtual,inactive - virtual,0,Inactive,virtual,1,18,0.0,0.0,0.0555555555555555,0.1111111111111111,0.1666666666666666,0.0,0.0,0.0555555555555555,0.1111111111111111,0.1111111111111111,0.0,0.0555555555555555,0.0,0.0,0.0555555555555555,0.1666666666666666,0.0,0.1111111111111111,0.0,0.0,2158.4517,-0.4448954299663015,6.181319999694824,0.1666666666666666,29.244444444444447,0.0111111111111111,0.3999615035517129,-4.632932739082494e-07,97.2222222222222,1.856666666666667,0.4444444444444444,development
334,FGLKVLGWYSEMKRNVQRLERAIEEV,inactive - virtual,inactive - virtual,0,Inactive,virtual,1,26,0.0384615384615384,0.0,0.0,0.1538461538461538,0.0384615384615384,0.0769230769230769,0.0,0.0384615384615384,0.0769230769230769,0.1153846153846153,0.0384615384615384,0.0384615384615384,0.0,0.0384615384615384,0.1153846153846153,0.0384615384615384,0.0,0.1153846153846153,0.0384615384615384,0.0384615384615384,3151.6388999999995,0.5543437786243492,8.495917701721194,0.1153846153846153,61.96153846153846,-0.1069230769230769,0.5233848866978067,0.0003172951225393,97.3076923076923,2.141153846153846,0.3846153846153846,development
335,FHSVAEQF,inactive - virtual,inactive - virtual,0,Inactive,virtual,1,8,0.125,0.0,0.0,0.125,0.25,0.0,0.125,0.0,0.0,0.0,0.0,0.0,0.0,0.125,0.0,0.125,0.0,0.125,0.0,0.0,964.0316,-1.4047999303171586,5.240236854553221,0.25,23.4,0.24375,0.5873480357015315,-0.0009377301536259,48.75,1.0749999999999995,0.5,development
336,FIAVHEMLDGFRTALIDHLDTMAERAVQ,inactive - virtual,inactive - virtual,0,Inactive,virtual,1,28,0.1428571428571428,0.0,0.1071428571428571,0.0714285714285714,0.0714285714285714,0.0357142857142857,0.0714285714285714,0.0714285714285714,0.0,0.1071428571428571,0.0714285714285714,0.0,0.0,0.0357142857142857,0.0714285714285714,0.0,0.0714285714285714,0.0714285714285714,0.0,0.0,3200.6449999999986,-3.3657635122030003,4.798995780944825,0.0714285714285714,8.682142857142859,0.1432142857142857,0.2567467985619596,-0.0008754471747926,104.64285714285712,1.3607142857142858,0.5357142857142857,development
337,FKATIADLSKKR,inactive - virtual,inactive - virtual,0,Inactive,virtual,1,12,0.1666666666666666,0.0,0.0833333333333333,0.0,0.0833333333333333,0.0,0.0,0.0833333333333333,0.25,0.0833333333333333,0.0,0.0,0.0,0.0,0.0833333333333333,0.0833333333333333,0.0833333333333333,0.0,0.0,0.0,1377.6313,2.550357455486724,10.289686012268067,0.0833333333333333,16.733333333333334,-0.2658333333333333,0.1551365206148556,0.0021747493884424,81.66666666666666,2.485,0.4166666666666667,development
338,FKEAIEAIAESA,inactive - virtual,inactive - virtual,0,Inactive,virtual,1,12,0.3333333333333333,0.0,0.0,0.25,0.0833333333333333,0.0,0.0,0.1666666666666666,0.0833333333333333,0.0,0.0,0.0,0.0,0.0,0.0,0.0833333333333333,0.0,0.0,0.0,0.0,1278.4075,-2.4416904422808026,4.25265941619873,0.0833333333333333,49.30833333333334,0.2149999999999999,0.5540680836695685,-0.0015644433319514,98.33333333333331,0.7766666666666664,0.5833333333333334,development
339,FKGKIIKKVISTGAKLI,inactive - virtual,inactive - virtual,0,Inactive,virtual,1,17,0.0588235294117647,0.0,0.0,0.0,0.0588235294117647,0.1176470588235294,0.0,0.2352941176470588,0.2941176470588235,0.0588235294117647,0.0,0.0,0.0,0.0,0.0,0.0588235294117647,0.0588235294117647,0.0588235294117647,0.0,0.0,1844.3313000000005,4.5449249042305215,10.602486610412598,0.0588235294117647,-39.38235294117647,0.1676470588235294,0.4800605171144946,0.0027082858908877,137.64705882352942,-0.0935294117647058,0.4705882352941176,development
340,FKSIYRFFEHGLK,inactive - virtual,inactive - virtual,0,Inactive,virtual,1,13,0.0,0.0,0.0,0.0769230769230769,0.2307692307692307,0.0769230769230769,0.0769230769230769,0.0769230769230769,0.1538461538461538,0.0769230769230769,0.0,0.0,0.0,0.0,0.0769230769230769,0.0769230769230769,0.0,0.0,0.0,0.0769230769230769,1671.9373,1.5876581734476105,9.699929237365724,0.3076923076923077,-35.646153846153844,0.0015384615384615,0.8029192693531388,0.001253035396007,60.0,1.6392307692307688,0.3846153846153846,development
341,FKSVQNSLQRILYLWAIRH,inactive - virtual,inactive - virtual,0,Inactive,virtual,1,19,0.0526315789473684,0.0,0.0,0.0,0.0526315789473684,0.0,0.0526315789473684,0.1052631578947368,0.0526315789473684,0.1578947368421052,0.0,0.0526315789473684,0.0,0.1052631578947368,0.1052631578947368,0.1052631578947368,0.0,0.0526315789473684,0.0526315789473684,0.0526315789473684,2372.7677,2.589017886941678,11.00044994354248,0.1578947368421052,43.547368421052624,0.0184210526315789,0.332308528422048,0.0013039611930359,123.1578947368421,1.5236842105263153,0.4210526315789473,test
342,FLDQNMLAVIDELMQAL,inactive - virtual,inactive - virtual,0,Inactive,virtual,1,17,0.1176470588235294,0.0,0.1176470588235294,0.0588235294117647,0.0588235294117647,0.0,0.0,0.0588235294117647,0.0,0.2352941176470588,0.1176470588235294,0.0588235294117647,0.0,0.1176470588235294,0.0,0.0,0.0,0.0588235294117647,0.0,0.0,1964.3057,-3.440533403183196,4.0500284194946286,0.0588235294117647,4.976470588235295,0.3294117647058823,0.3620699257854231,-0.0015282720140914,143.52941176470588,0.1194117647058824,0.6470588235294118,development
343,FLLKKLKKVATGFAKG,inactive - virtual,inactive - virtual,0,Inactive,virtual,1,16,0.125,0.0,0.0,0.0,0.125,0.125,0.0,0.0,0.3125,0.1875,0.0,0.0,0.0,0.0,0.0,0.0,0.0625,0.0625,0.0,0.0,1749.1905000000002,4.5449249042305215,10.602486610412598,0.125,-22.4625,0.090625,0.5464170163626453,0.0028555911273725,103.75,0.0037499999999999,0.5,development
344,FLLSKAKDAKSSAEGAV,inactive - virtual,inactive - virtual,0,Inactive,virtual,1,17,0.2352941176470588,0.0,0.0588235294117647,0.0588235294117647,0.0588235294117647,0.0588235294117647,0.0,0.0,0.1764705882352941,0.1176470588235294,0.0,0.0,0.0,0.0,0.0,0.1764705882352941,0.0,0.0588235294117647,0.0,0.0,1721.9484000000002,0.5515033346599418,8.497658348083494,0.0588235294117647,15.747058823529414,0.0458823529411764,0.251772278021147,0.0005789947443305,86.47058823529412,1.02,0.4705882352941176,development
345,FNQRRISSAKFLGELYNY,inactive - virtual,inactive - virtual,0,Inactive,virtual,1,18,0.0555555555555555,0.0,0.0,0.0555555555555555,0.1111111111111111,0.0555555555555555,0.0,0.0555555555555555,0.0555555555555555,0.1111111111111111,0.0,0.1111111111111111,0.0,0.0555555555555555,0.1111111111111111,0.1111111111111111,0.0,0.0,0.0,0.1111111111111111,2206.458000000001,1.5510066140381902,9.696641349792484,0.2222222222222222,43.58888888888889,-0.1327777777777778,0.1555347226402029,0.0009041632297888,70.55555555555554,2.4794444444444443,0.3333333333333333,test
346,FNRMFEKSTHHYTDSVGGILR,inactive - virtual,inactive - virtual,0,Inactive,virtual,1,21,0.0,0.0,0.0476190476190476,0.0476190476190476,0.0952380952380952,0.0952380952380952,0.0952380952380952,0.0476190476190476,0.0476190476190476,0.0476190476190476,0.0476190476190476,0.0476190476190476,0.0,0.0,0.0952380952380952,0.0952380952380952,0.0952380952380952,0.0476190476190476,0.0,0.0476190476190476,2495.7696000000005,0.6272115732125743,8.603257560729983,0.1428571428571428,51.70952380952381,-0.1104761904761904,0.5633654552425224,0.0004784075519476,50.95238095238095,2.613809523809524,0.2857142857142857,development
347,FPLLVDHTSREADYFRKRLIQLNEG,inactive - virtual,inactive - virtual,0,Inactive,virtual,1,25,0.04,0.0,0.08,0.08,0.08,0.04,0.04,0.04,0.04,0.16,0.0,0.04,0.04,0.04,0.12,0.04,0.04,0.04,0.0,0.04,3018.3840000000005,-0.4078727411019969,6.762384986877441,0.12,25.624,-0.1503999999999999,0.3744185725670176,3.213633758394376e-05,93.6,2.6788,0.36,development
348,FPNLASAAFYWSKKEN,inactive - virtual,inactive - virtual,0,Inactive,virtual,1,16,0.1875,0.0,0.0,0.0625,0.125,0.0,0.0,0.0,0.125,0.0625,0.0,0.125,0.0625,0.0,0.0,0.125,0.0,0.0,0.0625,0.0625,1873.0709,0.5510568505049371,8.497593879699707,0.25,35.306875000000005,0.055625,0.2743864744250487,0.0005317445063745,43.125,1.218125,0.375,development
349,FPQLTQNNSRE,inactive - virtual,inactive - virtual,0,Inactive,virtual,1,11,0.0,0.0,0.0,0.0909090909090909,0.0909090909090909,0.0,0.0,0.0,0.0,0.0909090909090909,0.0,0.1818181818181818,0.0909090909090909,0.1818181818181818,0.0909090909090909,0.0909090909090909,0.0909090909090909,0.0,0.0,0.0,1333.4063999999998,-0.4393590030698826,6.218208503723144,0.0909090909090909,54.76363636363637,-0.3918181818181818,0.4683122479772165,-2.2498706324386348e-06,35.45454545454546,4.014545454545455,0.1818181818181818,test
350,FSALNIAVHELSDVGRAIVRN,inactive - virtual,inactive - virtual,0,Inactive,virtual,1,21,0.1428571428571428,0.0,0.0476190476190476,0.0476190476190476,0.0476190476190476,0.0476190476190476,0.0476190476190476,0.0952380952380952,0.0,0.0952380952380952,0.0,0.0952380952380952,0.0,0.0,0.0952380952380952,0.0952380952380952,0.0,0.1428571428571428,0.0,0.0,2281.5694,-0.4044036826289012,6.753006553649903,0.0476190476190476,28.238095238095237,0.1371428571428571,0.513086237106967,4.251458425557839e-05,130.0,1.379047619047619,0.5238095238095238,development
351,FSEFIQALSVTSRG,inactive - virtual,inactive - virtual,0,Inactive,virtual,1,14,0.0714285714285714,0.0,0.0,0.0714285714285714,0.1428571428571428,0.0714285714285714,0.0,0.0714285714285714,0.0,0.0714285714285714,0.0,0.0,0.0,0.0714285714285714,0.0714285714285714,0.2142857142857142,0.0714285714285714,0.0714285714285714,0.0,0.0,1541.7030000000002,-0.4414514897265791,6.0021066665649405,0.1428571428571428,24.67142857142857,0.1728571428571428,0.4414758211414594,-1.9458912506243066e-06,83.57142857142856,1.2464285714285714,0.4285714285714285,development
352,FTELQRDFLRN,inactive - virtual,inactive - virtual,0,Inactive,virtual,1,11,0.0,0.0,0.0909090909090909,0.0909090909090909,0.1818181818181818,0.0,0.0,0.0,0.0,0.1818181818181818,0.0,0.0909090909090909,0.0,0.0909090909090909,0.1818181818181818,0.0,0.0909090909090909,0.0,0.0,0.0,1438.5866,-0.4410301238049481,6.070427131652831,0.1818181818181818,78.10909090909091,-0.3381818181818182,0.7164331025507301,-1.3902501755190847e-06,70.90909090909092,4.029090909090909,0.3636363636363636,test
353,FTRIIKAAG,inactive - virtual,inactive - virtual,0,Inactive,virtual,1,9,0.2222222222222222,0.0,0.0,0.0,0.1111111111111111,0.1111111111111111,0.0,0.2222222222222222,0.1111111111111111,0.0,0.0,0.0,0.0,0.0,0.1111111111111111,0.0,0.1111111111111111,0.0,0.0,0.0,976.1733000000002,1.5549221566662903,11.000836753845212,0.1111111111111111,-0.5444444444444447,0.1855555555555555,0.7640133217591587,0.0020447048700034,108.88888888888889,0.6288888888888887,0.5555555555555556,development
354,FVPVFFVVVRRR,inactive - virtual,inactive - virtual,0,Inactive,virtual,1,12,0.0,0.0,0.0,0.0,0.25,0.0,0.0,0.0,0.0,0.0,0.0,0.0,0.0833333333333333,0.0,0.25,0.0,0.0,0.4166666666666667,0.0,0.0,1520.8640000000005,2.557377512866829,11.999967765808105,0.25,136.73333333333335,0.1433333333333332,0.2927232400209272,0.00196993806136,120.83333333333334,1.301666666666667,0.6666666666666666,development
355,FYQTFFDEADELLADMEQHLLDL,inactive - virtual,inactive - virtual,0,Inactive,virtual,1,23,0.0869565217391304,0.0,0.1739130434782608,0.1304347826086956,0.1304347826086956,0.0,0.0434782608695652,0.0,0.0,0.217391304347826,0.0434782608695652,0.0,0.0,0.0869565217391304,0.0,0.0,0.0434782608695652,0.0,0.0,0.0434782608695652,2804.0429,-7.403278064484737,4.0500284194946286,0.1739130434782608,35.461304347826086,0.1421739130434782,0.4138874829983489,-0.002460726449243,93.47826086956522,1.4891304347826086,0.4782608695652174,development
356,GAFRKLLQSAKDN,inactive - virtual,inactive - virtual,0,Inactive,virtual,1,13,0.1538461538461538,0.0,0.0769230769230769,0.0,0.0769230769230769,0.0769230769230769,0.0,0.0,0.1538461538461538,0.1538461538461538,0.0,0.0769230769230769,0.0,0.0769230769230769,0.0769230769230769,0.0769230769230769,0.0,0.0,0.0,0.0,1447.6382,1.552863048154009,9.994291877746583,0.0769230769230769,55.04615384615385,-0.2376923076923076,0.5339070690676327,0.0013787958332182,75.38461538461539,2.5338461538461536,0.3846153846153846,development
357,GAGTSVNMNTNEVLANIGLELM,inactive - virtual,inactive - virtual,0,Inactive,virtual,1,22,0.0909090909090909,0.0,0.0,0.0909090909090909,0.0,0.1363636363636363,0.0,0.0454545454545454,0.0,0.1363636363636363,0.0909090909090909,0.1818181818181818,0.0,0.0,0.0,0.0454545454545454,0.0909090909090909,0.0909090909090909,0.0,0.0,2248.5329,-2.440305610553361,4.0500284194946286,0.0,11.109090909090908,0.2718181818181818,0.1553357327482075,-0.0008899107865548,106.36363636363636,0.4463636363636361,0.4545454545454545,test
358,GAPLARMEVTLALESLFGRF,inactive - virtual,inactive - virtual,0,Inactive,virtual,1,20,0.15,0.0,0.0,0.1,0.1,0.1,0.0,0.0,0.0,0.2,0.05,0.0,0.05,0.0,0.1,0.05,0.05,0.05,0.0,0.0,2178.5524000000005,-0.4403558470201085,6.14397678375244,0.1,20.270000000000003,0.2385,0.0978646101464607,-4.590188014101058e-07,107.5,0.5044999999999998,0.55,development
359,GAQYIQAAGVALGLKMR,inactive - virtual,inactive - virtual,0,Inactive,virtual,1,17,0.2352941176470588,0.0,0.0,0.0,0.0,0.1764705882352941,0.0,0.0588235294117647,0.0588235294117647,0.1176470588235294,0.0588235294117647,0.0,0.0,0.1176470588235294,0.0588235294117647,0.0,0.0,0.0588235294117647,0.0,0.0588235294117647,1747.0702,1.5524165639990049,9.994291877746583,0.0588235294117647,9.729411764705882,0.2247058823529412,0.2329999443279909,0.0011419053506422,109.41176470588236,0.028235294117647,0.5294117647058824,test
360,GAVAIARVFSY,inactive - virtual,inactive - virtual,0,Inactive,virtual,1,11,0.2727272727272727,0.0,0.0,0.0,0.0909090909090909,0.0909090909090909,0.0,0.0909090909090909,0.0,0.0,0.0,0.0,0.0,0.0,0.0909090909090909,0.0909090909090909,0.0,0.1818181818181818,0.0,0.0909090909090909,1153.3299,0.5549221566662905,8.747602272033692,0.1818181818181818,1.3727272727272726,0.4290909090909091,0.4316869823031997,0.000862719256414,115.45454545454548,-0.3536363636363636,0.6363636363636364,development
361,GEAEIASLKSQIRA,inactive - virtual,inactive - virtual,0,Inactive,virtual,1,14,0.2142857142857142,0.0,0.0,0.1428571428571428,0.0,0.0714285714285714,0.0,0.1428571428571428,0.0714285714285714,0.0714285714285714,0.0,0.0,0.0,0.0714285714285714,0.0714285714285714,0.1428571428571428,0.0,0.0,0.0,0.0,1472.6428999999998,-0.4428363214540205,6.14323787689209,0.0,25.35,-0.0321428571428571,0.269967235757027,-1.3580959494788309e-06,105.0,1.8071428571428567,0.4285714285714285,development
362,GEAYLLLERYVAFLRA,inactive - virtual,inactive - virtual,0,Inactive,virtual,1,16,0.1875,0.0,0.0,0.125,0.0625,0.0625,0.0,0.0,0.0,0.25,0.0,0.0,0.0,0.0,0.125,0.0,0.0,0.0625,0.0,0.125,1884.1813,-0.4453670323546799,6.1424989700317365,0.1875,11.9875,0.1925,0.2664699462476121,-1.5922045664426965e-06,134.375,0.6668749999999999,0.5625,development
363,GEDAILKKVAEEAAETLMASKD,inactive - virtual,inactive - virtual,0,Inactive,virtual,1,22,0.2272727272727272,0.0,0.0909090909090909,0.1818181818181818,0.0,0.0454545454545454,0.0,0.0454545454545454,0.1363636363636363,0.0909090909090909,0.0454545454545454,0.0,0.0,0.0,0.0,0.0454545454545454,0.0454545454545454,0.0454545454545454,0.0,0.0,2319.5848,-3.4434185870734613,4.483141517639161,0.0,36.33636363636364,-0.0259090909090908,0.2506685892182935,-0.0012924697899197,89.0909090909091,1.6436363636363636,0.4545454545454545,development
364,GEGWAKSILFN,inactive - virtual,inactive - virtual,0,Inactive,virtual,1,11,0.0909090909090909,0.0,0.0,0.0909090909090909,0.0909090909090909,0.1818181818181818,0.0,0.0909090909090909,0.0909090909090909,0.0909090909090909,0.0,0.0909090909090909,0.0,0.0,0.0,0.0909090909090909,0.0,0.0,0.0909090909090909,0.0,1221.3609,-0.4439319641604915,6.001424598693848,0.1818181818181818,17.3,0.2627272727272727,0.2297971471715368,-2.456278247199843e-06,80.00000000000001,0.3236363636363636,0.3636363636363636,test
365,GEKRAEEIKKILMT,inactive - virtual,inactive - virtual,0,Inactive,virtual,1,14,0.0714285714285714,0.0,0.0,0.2142857142857142,0.0,0.0714285714285714,0.0,0.1428571428571428,0.2142857142857142,0.0714285714285714,0.0714285714285714,0.0,0.0,0.0,0.0714285714285714,0.0,0.0714285714285714,0.0,0.0,0.0,1645.9618,0.5532732541512528,8.497271537780762,0.0,63.80000000000002,-0.2592857142857143,0.4094114464170326,0.0006069406303919,90.71428571428572,2.479285714285713,0.3571428571428571,development
366,GFFGWFNRMFEKSTHHYTDSVGGI,inactive - virtual,inactive - virtual,0,Inactive,virtual,1,24,0.0,0.0,0.0416666666666666,0.0416666666666666,0.1666666666666666,0.1666666666666666,0.0833333333333333,0.0416666666666666,0.0416666666666666,0.0,0.0416666666666666,0.0416666666666666,0.0,0.0,0.0416666666666666,0.0833333333333333,0.0833333333333333,0.0416666666666666,0.0416666666666666,0.0416666666666666,2821.0864,-0.372763308554052,6.921477317810059,0.25,35.58750000000001,0.1354166666666666,0.3941535203514257,6.876750203821206e-05,28.33333333333333,1.4466666666666663,0.2916666666666667,test
367,GFKNEVRTPVTKFRIVFFVV,inactive - virtual,inactive - virtual,0,Inactive,virtual,1,20,0.0,0.0,0.0,0.05,0.2,0.05,0.0,0.05,0.1,0.0,0.0,0.05,0.05,0.0,0.1,0.0,0.1,0.25,0.0,0.0,2383.83,2.553512206705476,11.00038547515869,0.2,3.125000000000001,0.1339999999999999,0.3764792262984054,0.0012572205232755,92.0,1.0775,0.5,development
368,GFMIWHPKMDEYMEEIDGYLDEMSERLITL,inactive - virtual,inactive - virtual,0,Inactive,virtual,1,30,0.0,0.0,0.1,0.1666666666666666,0.0333333333333333,0.0666666666666666,0.0333333333333333,0.1,0.0333333333333333,0.1,0.1333333333333333,0.0,0.0333333333333333,0.0,0.0333333333333333,0.0333333333333333,0.0333333333333333,0.0,0.0333333333333333,0.0666666666666666,3693.203500000001,-6.406519330327997,4.116530036926269,0.1333333333333333,77.63666666666666,0.088,0.3069194580567945,-0.0015972555040195,78.0,1.5159999999999998,0.3666666666666666,development
369,GFSVQRRLWLAS,inactive - virtual,inactive - virtual,0,Inactive,virtual,1,12,0.0833333333333333,0.0,0.0,0.0,0.0833333333333333,0.0833333333333333,0.0,0.0,0.0,0.1666666666666666,0.0,0.0,0.0,0.0833333333333333,0.1666666666666666,0.1666666666666666,0.0,0.0833333333333333,0.0833333333333333,0.0,1419.6296,1.5574026311002025,11.999967765808105,0.1666666666666666,86.91666666666669,0.0166666666666666,0.293162921364036,0.0014060001549699,97.49999999999996,1.6866666666666663,0.4166666666666667,test
370,GFYPMVAAQRI,inactive - virtual,inactive - virtual,0,Inactive,virtual,1,11,0.1818181818181818,0.0,0.0,0.0,0.0909090909090909,0.0909090909090909,0.0,0.0909090909090909,0.0,0.0,0.0909090909090909,0.0,0.0909090909090909,0.0909090909090909,0.0909090909090909,0.0,0.0,0.0909090909090909,0.0,0.0909090909090909,1252.4841,0.5549221566662905,8.747602272033692,0.1818181818181818,43.09181818181818,0.280909090909091,0.2491472748820839,0.0007944175202995,80.0,0.1590909090909091,0.5454545454545454,test
371,GGFAAAIARRA,inactive - virtual,inactive - virtual,0,Inactive,virtual,1,11,0.4545454545454545,0.0,0.0,0.0,0.0909090909090909,0.1818181818181818,0.0,0.0909090909090909,0.0,0.0,0.0,0.0,0.0,0.0,0.1818181818181818,0.0,0.0,0.0,0.0,0.0,1060.2102,1.5574026311002025,11.999967765808105,0.0909090909090909,72.38181818181819,0.1509090909090908,0.4075907969380682,0.0018826458909084,80.9090909090909,1.000909090909091,0.6363636363636364,development
372,GGKEALAIENFADAL,inactive - virtual,inactive - virtual,0,Inactive,virtual,1,15,0.2666666666666666,0.0,0.0666666666666666,0.1333333333333333,0.0666666666666666,0.1333333333333333,0.0,0.0666666666666666,0.0666666666666666,0.1333333333333333,0.0,0.0666666666666666,0.0,0.0,0.0,0.0,0.0,0.0,0.0,0.0,1518.6664,-2.442364719065642,4.137389945983887,0.0666666666666666,25.51333333333333,0.2386666666666666,0.3146187152095756,-0.0013176002686561,104.66666666666669,0.5113333333333332,0.5333333333333333,test
373,GGSSGVLMSIFFTAAGQKLEQ,inactive - virtual,inactive - virtual,0,Inactive,virtual,1,21,0.0952380952380952,0.0,0.0,0.0476190476190476,0.0952380952380952,0.1904761904761904,0.0,0.0476190476190476,0.0476190476190476,0.0952380952380952,0.0476190476190476,0.0,0.0,0.0952380952380952,0.0,0.1428571428571428,0.0476190476190476,0.0476190476190476,0.0,0.0,2128.4042000000004,-0.4439319641604915,6.001424598693848,0.0952380952380952,50.62380952380952,0.3033333333333334,0.1576043209722697,-1.4095028683383372e-06,79.04761904761904,0.0819047619047617,0.4285714285714285,development
374,GHNLISLLEVLSG,inactive - virtual,inactive - virtual,0,Inactive,virtual,1,13,0.0,0.0,0.0,0.0769230769230769,0.0,0.1538461538461538,0.0769230769230769,0.0769230769230769,0.0,0.3076923076923077,0.0,0.0769230769230769,0.0,0.0,0.0,0.1538461538461538,0.0,0.0769230769230769,0.0,0.0,1351.5474000000002,-1.4047999303171586,5.240236854553221,0.0,27.446153846153848,0.4292307692307692,0.2860297806827486,-0.0006688616773334,172.30769230769232,-0.4315384615384615,0.4615384615384615,development
375,GIHELAVFAEEH,inactive - virtual,inactive - virtual,0,Inactive,virtual,1,12,0.1666666666666666,0.0,0.0,0.25,0.0833333333333333,0.0833333333333333,0.1666666666666666,0.0833333333333333,0.0,0.0833333333333333,0.0,0.0,0.0,0.0,0.0,0.0,0.0,0.0833333333333333,0.0,0.0,1351.4630000000002,-3.3659319672614227,4.72294521331787,0.0833333333333333,33.25833333333334,0.2916666666666666,0.2882450230475951,-0.0020732979644387,105.83333333333331,0.6941666666666665,0.5,development
376,GKASLRAAELYSKY,inactive - virtual,inactive - virtual,0,Inactive,virtual,1,14,0.2142857142857142,0.0,0.0,0.0714285714285714,0.0,0.0714285714285714,0.0,0.0,0.1428571428571428,0.1428571428571428,0.0,0.0,0.0,0.0,0.0714285714285714,0.1428571428571428,0.0,0.0,0.0,0.1428571428571428,1556.7607999999998,1.5485261396042778,9.526315879821777,0.1428571428571428,16.97857142857143,-0.1099999999999999,0.4386029012175499,0.0012814995150214,77.14285714285714,1.6928571428571428,0.3571428571428571,development
377,GKDAAAEEISQLLYHVQVMMVARG,inactive - virtual,inactive - virtual,0,Inactive,virtual,1,24,0.1666666666666666,0.0,0.0416666666666666,0.0833333333333333,0.0,0.0833333333333333,0.0416666666666666,0.0416666666666666,0.0416666666666666,0.0833333333333333,0.0833333333333333,0.0,0.0,0.0833333333333333,0.0416666666666666,0.0416666666666666,0.0,0.125,0.0,0.0416666666666666,2617.0089,-1.4082689887902542,5.4454256057739245,0.0416666666666666,32.94166666666668,0.1341666666666666,0.0705643669836404,-0.0003450489488043,101.66666666666666,0.8912499999999998,0.5,development
378,GKKGPKFIQAVASLKA,inactive - virtual,inactive - virtual,0,Inactive,virtual,1,16,0.1875,0.0,0.0,0.0,0.0625,0.125,0.0,0.0625,0.25,0.0625,0.0,0.0,0.0625,0.0625,0.0,0.0625,0.0,0.0625,0.0,0.0,1642.9825000000003,3.5474304968978063,10.477740287780762,0.0625,-6.54375,0.044375,0.3490768706214071,0.0024315424926505,85.625,0.435625,0.4375,development
379,GKSNMMDAISFVL,inactive - virtual,inactive - virtual,0,Inactive,virtual,1,13,0.0769230769230769,0.0,0.0769230769230769,0.0,0.0769230769230769,0.0769230769230769,0.0,0.0769230769230769,0.0769230769230769,0.0769230769230769,0.1538461538461538,0.0769230769230769,0.0,0.0,0.0,0.1538461538461538,0.0,0.0769230769230769,0.0,0.0,1412.6734,-0.4446062409453315,5.835682106018066,0.0769230769230769,0.4846153846153845,0.28,0.2647874628423844,-2.83149757906957e-06,90.0,0.2615384615384618,0.5384615384615384,development
380,GKTTAALALARELFG,inactive - virtual,inactive - virtual,0,Inactive,virtual,1,15,0.2666666666666666,0.0,0.0,0.0666666666666666,0.0666666666666666,0.1333333333333333,0.0,0.0,0.0666666666666666,0.2,0.0,0.0,0.0,0.0,0.0666666666666666,0.0,0.1333333333333333,0.0,0.0,0.0,1518.7559000000006,0.5560429176061352,8.74786014556885,0.0666666666666666,3.673333333333333,0.2066666666666666,0.1546888654274552,0.0006564565830019,104.66666666666669,0.3706666666666666,0.5333333333333333,development
381,GKTTFVKRHLTG,inactive - virtual,inactive - virtual,0,Inactive,virtual,1,12,0.0,0.0,0.0,0.0,0.0833333333333333,0.1666666666666666,0.0833333333333333,0.0,0.1666666666666666,0.0833333333333333,0.0,0.0,0.0,0.0,0.0833333333333333,0.0,0.25,0.0833333333333333,0.0,0.0,1344.5616000000002,2.5890430051750517,11.16626262664795,0.0833333333333333,46.11666666666667,-0.1408333333333333,0.2100576699436557,0.0023011245314452,56.66666666666666,2.0475,0.25,development
382,GKTTILYRLQVG,inactive - virtual,inactive - virtual,0,Inactive,virtual,1,12,0.0,0.0,0.0,0.0,0.0,0.1666666666666666,0.0,0.0833333333333333,0.0833333333333333,0.1666666666666666,0.0,0.0,0.0,0.0833333333333333,0.0833333333333333,0.0,0.1666666666666666,0.0833333333333333,0.0,0.0833333333333333,1348.5899000000002,1.5524165639990049,9.994291877746583,0.0833333333333333,17.85833333333334,0.0808333333333333,0.0836301938429245,0.0014793228483082,121.66666666666664,0.8841666666666668,0.3333333333333333,development
383,GLEKLEESIYRE,inactive - virtual,inactive - virtual,0,Inactive,virtual,1,12,0.0,0.0,0.0,0.3333333333333333,0.0,0.0833333333333333,0.0,0.0833333333333333,0.0833333333333333,0.1666666666666666,0.0,0.0,0.0,0.0,0.0833333333333333,0.0833333333333333,0.0,0.0,0.0,0.0833333333333333,1465.6039,-2.4410079055849208,4.687761878967284,0.0833333333333333,31.21666666666668,-0.2333333333333333,0.5992411431677725,-0.0013646195099651,97.5,2.9625,0.25,development
384,GLFDKVKSLVPKIAKAV,inactive - virtual,inactive - virtual,0,Inactive,virtual,1,17,0.1176470588235294,0.0,0.0588235294117647,0.0,0.0588235294117647,0.0588235294117647,0.0,0.0588235294117647,0.2352941176470588,0.1176470588235294,0.0,0.0,0.0588235294117647,0.0,0.0,0.0588235294117647,0.0,0.1764705882352941,0.0,0.0,1813.2311,2.547876981052811,10.00138339996338,0.0588235294117647,11.323529411764708,0.168235294117647,0.579940556374063,0.0016522909267388,131.76470588235293,-0.0058823529411764,0.5294117647058824,development
385,GLFDVIGSQAGGAAPHFLG,inactive - virtual,inactive - virtual,0,Inactive,virtual,1,19,0.1578947368421052,0.0,0.0526315789473684,0.0,0.1052631578947368,0.2631578947368421,0.0526315789473684,0.0526315789473684,0.0,0.1052631578947368,0.0,0.0,0.0526315789473684,0.0526315789473684,0.0,0.0526315789473684,0.0,0.0526315789473684,0.0,0.0,1814.0053000000005,-1.4054742071019986,5.076711082458496,0.1052631578947368,32.81052631578947,0.481578947368421,0.2072982419443165,-0.000498894713921,92.6315789473684,-0.6615789473684209,0.4736842105263157,development
386,GLFKLIKFAKKKSPGAF,inactive - virtual,inactive - virtual,0,Inactive,virtual,1,17,0.1176470588235294,0.0,0.0,0.0,0.1764705882352941,0.1176470588235294,0.0,0.0588235294117647,0.2941176470588235,0.1176470588235294,0.0,0.0,0.0588235294117647,0.0,0.0,0.0588235294117647,0.0,0.0,0.0,0.0,1880.3219,4.5449249042305215,10.602486610412598,0.1764705882352941,11.435294117647056,0.1082352941176471,0.3802403506658681,0.002656448602107,80.58823529411764,0.114705882352941,0.4705882352941176,development
387,GLGKIIGKVKKSLLKSI,inactive - virtual,inactive - virtual,0,Inactive,virtual,1,17,0.0,0.0,0.0,0.0,0.0,0.1764705882352941,0.0,0.1764705882352941,0.2941176470588235,0.1764705882352941,0.0,0.0,0.0,0.0,0.0,0.1176470588235294,0.0,0.0588235294117647,0.0,0.0,1782.2619,4.5449249042305215,10.602486610412598,0.0,-17.25294117647059,0.128235294117647,0.5700377881752207,0.0028026056658082,154.7058823529412,-0.1076470588235293,0.4117647058823529,development
388,GLGLVLKIAVNAFLKLVA,inactive - virtual,inactive - virtual,0,Inactive,virtual,1,18,0.1666666666666666,0.0,0.0,0.0,0.0555555555555555,0.1111111111111111,0.0,0.0555555555555555,0.1111111111111111,0.2777777777777778,0.0,0.0555555555555555,0.0,0.0,0.0,0.0,0.0,0.1666666666666666,0.0,0.0,1839.3112,1.552441682232378,10.002737236022949,0.0555555555555555,-9.422222222222222,0.58,0.330250610350481,0.0010846399756431,195.0,-1.899444444444444,0.7222222222222222,test
389,GLLDIAGGNAETLAGHAV,inactive - virtual,inactive - virtual,0,Inactive,virtual,1,18,0.2222222222222222,0.0,0.0555555555555555,0.0555555555555555,0.0,0.2222222222222222,0.0555555555555555,0.0555555555555555,0.0,0.1666666666666666,0.0,0.0555555555555555,0.0,0.0,0.0,0.0,0.0555555555555555,0.0555555555555555,0.0,0.0,1678.8407000000002,-2.404353446162154,4.353093910217285,0.0,11.583333333333334,0.4072222222222222,0.1763331708524108,-0.0011335140125681,125.0,-0.2955555555555554,0.5,development
390,GLNAELTRYTLSLMVLERKLSSA,inactive - virtual,inactive - virtual,0,Inactive,virtual,1,23,0.0869565217391304,0.0,0.0,0.0869565217391304,0.0,0.0434782608695652,0.0,0.0,0.0434782608695652,0.2608695652173913,0.0434782608695652,0.0434782608695652,0.0,0.0,0.0869565217391304,0.1304347826086956,0.0869565217391304,0.0434782608695652,0.0,0.0434782608695652,2565.9822,0.5546329676453201,8.588945579528808,0.0434782608695652,7.278260869565218,0.04,0.2638053873463665,0.000388933705899,123.04347826086956,1.3330434782608696,0.4347826086956521,development
391,GLTSLMAIDKL,inactive - virtual,inactive - virtual,0,Inactive,virtual,1,11,0.0909090909090909,0.0,0.0909090909090909,0.0,0.0,0.0909090909090909,0.0,0.0909090909090909,0.0909090909090909,0.2727272727272727,0.0909090909090909,0.0,0.0,0.0,0.0,0.0909090909090909,0.0909090909090909,0.0,0.0,0.0,1161.4118,-0.4446062409453315,5.835682106018066,0.0,4.872727272727272,0.3463636363636364,0.2906821832029579,-3.444059857760328e-06,150.9090909090909,-0.4127272727272727,0.5454545454545454,test
392,GLWAIAVKAGKVILKLIVFIWIRV,inactive - virtual,inactive - virtual,0,Inactive,virtual,1,24,0.125,0.0,0.0,0.0,0.0416666666666666,0.0833333333333333,0.0,0.2083333333333333,0.125,0.125,0.0,0.0,0.0,0.0,0.0416666666666666,0.0,0.0,0.1666666666666666,0.0833333333333333,0.0,2707.4326,3.549910971331719,11.263867759704592,0.125,2.325,0.5558333333333333,0.3316589742159591,0.0014755636320657,190.8333333333333,-1.620833333333333,0.6666666666666666,test
393,GLWKSLGAVVKRVEGLWVGLF,inactive - virtual,inactive - virtual,0,Inactive,virtual,1,21,0.0476190476190476,0.0,0.0,0.0476190476190476,0.0476190476190476,0.1904761904761904,0.0,0.0,0.0952380952380952,0.1904761904761904,0.0,0.0,0.0,0.0,0.0476190476190476,0.0476190476190476,0.0,0.1904761904761904,0.0952380952380952,0.0,2314.768,1.553537324938849,9.994291877746583,0.1428571428571428,34.1,0.3685714285714286,0.4027057812108655,0.0008627207022727,134.28571428571428,-0.6104761904761904,0.4761904761904761,development
394,GNFADLLAHSDGLIKNISDDLRALDKLI,inactive - virtual,inactive - virtual,0,Inactive,virtual,1,28,0.1071428571428571,0.0,0.1785714285714285,0.0,0.0357142857142857,0.0714285714285714,0.0357142857142857,0.1071428571428571,0.0714285714285714,0.2142857142857142,0.0,0.0714285714285714,0.0,0.0,0.0357142857142857,0.0714285714285714,0.0,0.0,0.0,0.0,3038.4102000000003,-2.4087245740499243,4.664969444274903,0.0357142857142857,8.653571428571425,0.0892857142857143,0.4204906217264806,-0.0006263123597132,136.07142857142856,1.4210714285714283,0.4642857142857143,test
395,GNYLRAEILYRLK,inactive - virtual,inactive - virtual,0,Inactive,virtual,1,13,0.0769230769230769,0.0,0.0,0.0769230769230769,0.0,0.0769230769230769,0.0,0.0769230769230769,0.0769230769230769,0.2307692307692307,0.0,0.0769230769230769,0.0,0.0,0.1538461538461538,0.0,0.0,0.0,0.0,0.1538461538461538,1608.8816,1.5510066140381902,9.696641349792484,0.1538461538461538,27.607692307692314,-0.1307692307692307,0.1165621872486274,0.0012399930386355,127.6923076923077,2.0530769230769232,0.3846153846153846,development
396,GPDMTAMVALIASV,inactive - virtual,inactive - virtual,0,Inactive,virtual,1,14,0.2142857142857142,0.0,0.0714285714285714,0.0,0.0,0.0714285714285714,0.0,0.0714285714285714,0.0,0.0714285714285714,0.1428571428571428,0.0,0.0714285714285714,0.0,0.0,0.0714285714285714,0.0714285714285714,0.1428571428571428,0.0,0.0,1375.6532999999995,-1.4421006482780456,4.0500284194946286,0.0,1.842857142857143,0.5221428571428571,0.1641131453540669,-0.0007298314990622,118.57142857142856,-1.0214285714285711,0.6428571428571429,test
397,GPKDAVVKVFNQWG,inactive - virtual,inactive - virtual,0,Inactive,virtual,1,14,0.0714285714285714,0.0,0.0714285714285714,0.0,0.0714285714285714,0.1428571428571428,0.0,0.0,0.1428571428571428,0.0,0.0,0.0714285714285714,0.0714285714285714,0.0714285714285714,0.0,0.0,0.0,0.2142857142857142,0.0714285714285714,0.0,1544.7515,0.5528881663873828,8.59094409942627,0.1428571428571428,-11.62857142857143,0.1057142857142857,0.3871639800610008,0.0006447603511225,69.28571428571428,0.777142857142857,0.3571428571428571,test
398,GPKKAQLIVGWRELHG,inactive - virtual,inactive - virtual,0,Inactive,virtual,1,16,0.0625,0.0,0.0,0.0625,0.0,0.1875,0.0625,0.0625,0.125,0.125,0.0,0.0,0.0625,0.0625,0.0625,0.0,0.0,0.0625,0.0625,0.0,1789.0888000000004,1.590163766114896,9.99435634613037,0.0625,-0.0062499999999998,0.0125,0.0558757657467123,0.0011715453107445,97.5,1.079375,0.3125,development
399,GSDFLIHFIDE,inactive - virtual,inactive - virtual,0,Inactive,virtual,1,11,0.0,0.0,0.1818181818181818,0.0909090909090909,0.1818181818181818,0.0909090909090909,0.0909090909090909,0.1818181818181818,0.0,0.0909090909090909,0.0,0.0,0.0,0.0,0.0,0.0909090909090909,0.0,0.0,0.0,0.0,1292.3924,-3.401814475350452,4.310578346252441,0.1818181818181818,4.027272727272728,0.3327272727272726,0.4460788043374855,-0.0022462086041473,106.36363636363636,0.968181818181818,0.4545454545454545,development
400,GSHANEFFFRA,inactive - virtual,inactive - virtual,0,Inactive,virtual,1,11,0.1818181818181818,0.0,0.0,0.0909090909090909,0.2727272727272727,0.0909090909090909,0.0909090909090909,0.0,0.0,0.0,0.0,0.0909090909090909,0.0,0.0,0.0909090909090909,0.0909090909090909,0.0,0.0,0.0,0.0,1282.3627,-0.4048250485505322,6.749653053283692,0.2727272727272727,9.09090909090909,0.0654545454545454,0.4658641059094834,7.48613894585806e-05,18.181818181818183,2.084545454545454,0.4545454545454545,development
401,GTLRHAANAAFIMLEAAEL,inactive - virtual,inactive - virtual,0,Inactive,virtual,1,19,0.3157894736842105,0.0,0.0,0.1052631578947368,0.0526315789473684,0.0526315789473684,0.0526315789473684,0.0526315789473684,0.0,0.1578947368421052,0.0526315789473684,0.0526315789473684,0.0,0.0,0.0526315789473684,0.0,0.0526315789473684,0.0,0.0,0.0,1999.2937,-1.403704287610688,5.399499702453612,0.0526315789473684,25.27894736842105,0.2910526315789473,0.2493745618568302,-0.0004516580803281,113.68421052631578,0.2947368421052631,0.631578947368421,development
402,GTTTAVIIAGGLLQQAQGLIN,inactive - virtual,inactive - virtual,0,Inactive,virtual,1,21,0.1428571428571428,0.0,0.0,0.0,0.0,0.1904761904761904,0.0,0.1428571428571428,0.0,0.1428571428571428,0.0,0.0476190476190476,0.0,0.1428571428571428,0.0,0.0,0.1428571428571428,0.0476190476190476,0.0,0.0,2039.3327000000004,-0.4425471324330503,5.525000190734862,0.0,36.05238095238096,0.4238095238095238,0.2348390109147061,-1.961418890425334e-06,139.52380952380952,-0.5609523809523812,0.4761904761904761,development
403,GVSGLAAARQLQSF,inactive - virtual,inactive - virtual,0,Inactive,virtual,1,14,0.2142857142857142,0.0,0.0,0.0,0.0714285714285714,0.1428571428571428,0.0,0.0,0.0,0.1428571428571428,0.0,0.0,0.0,0.1428571428571428,0.0714285714285714,0.1428571428571428,0.0,0.0714285714285714,0.0,0.0,1404.5703,0.5574277493335762,9.750021171569824,0.0714285714285714,77.71428571428571,0.1971428571428571,0.2636539449754417,0.0007091087727292,97.85714285714285,0.6164285714285713,0.5,development
404,GWQNELLLLLRYLDEN,inactive - virtual,inactive - virtual,0,Inactive,virtual,1,16,0.0,0.0,0.0625,0.125,0.0,0.0625,0.0,0.0,0.0,0.375,0.0,0.125,0.0,0.0625,0.0625,0.0,0.0,0.0,0.0625,0.0625,1989.2308000000005,-2.442389837299016,4.137389945983887,0.125,24.4125,0.05375,0.3755424108937165,-0.0010064145100641,146.25,1.464375,0.375,development
405,GYKKVSKSYTGEWKKYLNSL,inactive - virtual,inactive - virtual,0,Inactive,virtual,1,20,0.0,0.0,0.0,0.05,0.0,0.1,0.0,0.0,0.25,0.1,0.0,0.05,0.0,0.0,0.0,0.15,0.05,0.05,0.05,0.15,2379.7075,3.5385288871685088,9.779354286193849,0.2,-18.765,-0.1879999999999999,0.4326730352951128,0.001678348713294,53.5,1.815,0.15,development
406,HAHASAIAKAYASEIAFEAANQAIQIHG,inactive - virtual,inactive - virtual,0,Inactive,virtual,1,28,0.3571428571428571,0.0,0.0,0.0714285714285714,0.0357142857142857,0.0357142857142857,0.1071428571428571,0.1428571428571428,0.0357142857142857,0.0,0.0,0.0357142857142857,0.0,0.0714285714285714,0.0,0.0714285714285714,0.0,0.0,0.0,0.0357142857142857,2891.1568,-1.3354374723597922,6.265839576721191,0.0714285714285714,26.835714285714285,0.2399999999999999,0.0777028226678891,-0.0002441917977842,91.42857142857142,0.5753571428571427,0.5357142857142857,development
407,HALRTIVFELLTRH,inactive - virtual,inactive - virtual,0,Inactive,virtual,1,14,0.0714285714285714,0.0,0.0,0.0714285714285714,0.0714285714285714,0.0,0.1428571428571428,0.0714285714285714,0.0,0.2142857142857142,0.0,0.0,0.0,0.0,0.1428571428571428,0.0,0.1428571428571428,0.0714285714285714,0.0,0.0,1706.0002000000002,0.6317762743921409,9.611736488342284,0.0714285714285714,30.735714285714288,0.07,0.2421899210519722,0.000700468933177,139.28571428571428,1.614285714285714,0.5,test
408,HDKHIEIVVRQM,inactive - virtual,inactive - virtual,0,Inactive,virtual,1,12,0.0,0.0,0.0833333333333333,0.0833333333333333,0.0,0.0,0.1666666666666666,0.1666666666666666,0.0833333333333333,0.0,0.0833333333333333,0.0,0.0,0.0833333333333333,0.0833333333333333,0.0,0.0,0.1666666666666666,0.0,0.0,1504.7556999999997,-0.3702577158867663,6.922500419616699,0.0,100.35,-0.1374999999999999,0.5130873653633777,0.0001295887716313,113.33333333333331,2.549166666666667,0.4166666666666667,development
409,HDLVTDGLITLYIETK,inactive - virtual,inactive - virtual,0,Inactive,virtual,1,16,0.0,0.0,0.125,0.0625,0.0,0.0625,0.0625,0.125,0.0625,0.1875,0.0,0.0,0.0,0.0,0.0,0.0,0.1875,0.0625,0.0,0.0625,1831.0709000000008,-2.408918147341721,4.536456489562989,0.0625,31.53125,0.209375,0.1787908936916141,-0.0010398234921467,140.0,0.795625,0.375,development
410,HFGSLLLLAAWLAEN,inactive - virtual,inactive - virtual,0,Inactive,virtual,1,15,0.2,0.0,0.0,0.0666666666666666,0.0666666666666666,0.0666666666666666,0.0666666666666666,0.0,0.0,0.3333333333333333,0.0,0.0666666666666666,0.0,0.0,0.0,0.0666666666666666,0.0,0.0,0.0666666666666666,0.0,1654.9052,-1.4047999303171586,5.240236854553221,0.1333333333333333,10.646666666666668,0.5166666666666666,0.1987872029699922,-0.0005462532705706,149.99999999999997,-0.9846666666666664,0.6,development
411,HGLVKAGHPLKRKLGH,inactive - virtual,inactive - virtual,0,Inactive,virtual,1,16,0.0625,0.0,0.0,0.0,0.0,0.1875,0.1875,0.0,0.1875,0.1875,0.0,0.0,0.0625,0.0,0.0625,0.0,0.0,0.0625,0.0,0.0,1748.0866000000003,3.65979029485986,11.263932228088382,0.0,9.056250000000002,-0.1012499999999999,0.4826549600408846,0.0024552511598373,97.5,1.3824999999999998,0.3125,test
412,HHKAYVDGANTALDKLAEARDK,inactive - virtual,inactive - virtual,0,Inactive,virtual,1,22,0.2272727272727272,0.0,0.1363636363636363,0.0454545454545454,0.0,0.0454545454545454,0.0909090909090909,0.0,0.1363636363636363,0.0909090909090909,0.0,0.0454545454545454,0.0,0.0,0.0454545454545454,0.0,0.0454545454545454,0.0454545454545454,0.0,0.0454545454545454,2423.6394,-0.3768815255786144,6.92272777557373,0.0454545454545454,-5.818181818181818,-0.2240909090909091,0.2916984073065951,8.045716171889505e-05,71.36363636363637,2.6972727272727277,0.3636363636363636,development
413,HKEMAKAFEEW,inactive - virtual,inactive - virtual,0,Inactive,virtual,1,11,0.1818181818181818,0.0,0.0,0.2727272727272727,0.0909090909090909,0.0,0.0909090909090909,0.0,0.1818181818181818,0.0,0.0909090909090909,0.0,0.0,0.0,0.0,0.0,0.0,0.0,0.0909090909090909,0.0,1405.5767000000003,-1.4075695937720414,5.497887992858886,0.1818181818181818,57.80909090909091,-0.1572727272727272,0.5733299715517355,-0.0006417279699483,18.181818181818183,2.264545454545454,0.3636363636363636,development
414,HLDLINMMSRLAREELVHHEQVLRLMKRR,inactive - virtual,inactive - virtual,0,Inactive,virtual,1,29,0.0344827586206896,0.0,0.0344827586206896,0.1034482758620689,0.0,0.0,0.1034482758620689,0.0344827586206896,0.0344827586206896,0.2068965517241379,0.1034482758620689,0.0344827586206896,0.0,0.0344827586206896,0.1724137931034483,0.0344827586206896,0.0,0.0689655172413793,0.0,0.0,3625.3035999999993,1.668509774235475,10.612801551818848,0.0,83.37241379310345,-0.2548275862068965,0.4437728988838408,0.0006336009886051,117.58620689655172,3.0165517241379307,0.4482758620689655,development
415,HMKMRSQLLIVLQEHLRN,inactive - virtual,inactive - virtual,0,Inactive,virtual,1,18,0.0,0.0,0.0,0.0555555555555555,0.0,0.0,0.1111111111111111,0.0555555555555555,0.0555555555555555,0.2222222222222222,0.1111111111111111,0.0555555555555555,0.0,0.1111111111111111,0.1111111111111111,0.0555555555555555,0.0,0.0555555555555555,0.0,0.0,2246.7009,1.6292706817248552,10.835024070739744,0.0,95.9388888888889,-0.1399999999999999,0.2588286171066722,0.0009769841234516,124.44444444444444,2.183333333333333,0.4444444444444444,development
416,HPAFIAHADRVLGGLDIAIST,inactive - virtual,inactive - virtual,0,Inactive,virtual,1,21,0.1904761904761904,0.0,0.0952380952380952,0.0,0.0476190476190476,0.0952380952380952,0.0952380952380952,0.1428571428571428,0.0,0.0952380952380952,0.0,0.0,0.0476190476190476,0.0,0.0476190476190476,0.0476190476190476,0.0476190476190476,0.0476190476190476,0.0,0.0,2174.4578,-1.36842640000432,5.978120613098144,0.0476190476190476,11.523809523809524,0.33,0.2520638402499912,-0.000370206855955,125.71428571428572,0.3290476190476193,0.5238095238095238,test
417,HPFYQALGQLARLTLAQWQAQL,inactive - virtual,inactive - virtual,0,Inactive,virtual,1,22,0.1818181818181818,0.0,0.0,0.0,0.0454545454545454,0.0454545454545454,0.0454545454545454,0.0,0.0,0.2272727272727272,0.0,0.0,0.0454545454545454,0.2272727272727272,0.0454545454545454,0.0,0.0454545454545454,0.0,0.0454545454545454,0.0454545454545454,2553.9131999999995,0.5915485978423374,8.75482273101807,0.1363636363636363,31.80954545454545,0.1659090909090909,0.2845300036608582,0.0004283611076306,106.8181818181818,0.5409090909090909,0.4545454545454545,development
418,HQAAMQMLKETINEEAAEWDRLH,inactive - virtual,inactive - virtual,0,Inactive,virtual,1,23,0.1739130434782608,0.0,0.0434782608695652,0.1739130434782608,0.0,0.0,0.0869565217391304,0.0434782608695652,0.0434782608695652,0.0869565217391304,0.0869565217391304,0.0434782608695652,0.0,0.0869565217391304,0.0434782608695652,0.0,0.0434782608695652,0.0,0.0434782608695652,0.0,2752.0464999999995,-3.366895433067233,4.923814201354979,0.0434782608695652,6.956521739130435,-0.1313043478260869,0.3295272996731541,-0.0010177867407932,68.26086956521738,2.478695652173913,0.391304347826087,development
419,HSATRAAMLVRINT,inactive - virtual,inactive - virtual,0,Inactive,virtual,1,14,0.2142857142857142,0.0,0.0,0.0,0.0,0.0,0.0714285714285714,0.0714285714285714,0.0,0.0714285714285714,0.0714285714285714,0.0714285714285714,0.0,0.0,0.1428571428571428,0.0714285714285714,0.1428571428571428,0.0714285714285714,0.0,0.0,1540.7896,1.5940290722762491,11.999967765808105,0.0,3.2214285714285715,-0.0257142857142857,0.205753066439374,0.0013596921059975,97.85714285714285,2.001428571428572,0.5,test
420,HSDWISNANKVRVIYWQMT,inactive - virtual,inactive - virtual,0,Inactive,virtual,1,19,0.0526315789473684,0.0,0.0526315789473684,0.0,0.0,0.0,0.0526315789473684,0.1052631578947368,0.0526315789473684,0.0,0.0526315789473684,0.1052631578947368,0.0,0.0526315789473684,0.0526315789473684,0.1052631578947368,0.0526315789473684,0.1052631578947368,0.1052631578947368,0.0526315789473684,2348.637,0.5894894893300564,8.597133064270022,0.1578947368421052,10.494736842105263,0.0010526315789473,0.1593035084974929,0.0004658014851147,76.84210526315789,1.8652631578947367,0.3157894736842105,development
421,HSRRGLLKMVGKRRRLLAYLRNK,inactive - virtual,inactive - virtual,0,Inactive,virtual,1,23,0.0434782608695652,0.0,0.0,0.0,0.0,0.0869565217391304,0.0434782608695652,0.0,0.1304347826086956,0.217391304347826,0.0434782608695652,0.0434782608695652,0.0,0.0,0.2608695652173913,0.0434782608695652,0.0,0.0434782608695652,0.0,0.0434782608695652,2822.4343000000003,8.583906228673612,11.999967765808105,0.0434782608695652,130.2695652173913,-0.5121739130434783,0.3016946444503429,0.0032216805317384,101.7391304347826,3.753478260869565,0.3478260869565217,development
422,HTFLDDIVGAIAAAAASRLAHSYHD,inactive - virtual,inactive - virtual,0,Inactive,virtual,1,25,0.28,0.0,0.12,0.0,0.04,0.04,0.12,0.08,0.0,0.08,0.0,0.0,0.0,0.0,0.04,0.08,0.04,0.04,0.0,0.04,2622.8446,-2.3325897560484963,5.744057655334472,0.08,10.576000000000002,0.2228,0.102317288754403,-0.0006508187658463,102.0,0.9704000000000002,0.52,development
423,HVVDEKARLIYED,inactive - virtual,inactive - virtual,0,Inactive,virtual,1,13,0.0769230769230769,0.0,0.1538461538461538,0.1538461538461538,0.0,0.0,0.0769230769230769,0.0769230769230769,0.0769230769230769,0.0769230769230769,0.0,0.0,0.0,0.0,0.0769230769230769,0.0,0.0,0.1538461538461538,0.0,0.0769230769230769,1586.7437,-2.406553193343192,4.900396537780761,0.0769230769230769,6.684615384615386,-0.1615384615384615,0.4279392345854334,-0.0011986765400976,112.3076923076923,2.815384615384616,0.3846153846153846,development
424,HWDKVADMVANFAHEIDTYG,inactive - virtual,inactive - virtual,0,Inactive,virtual,1,20,0.15,0.0,0.15,0.05,0.05,0.05,0.1,0.05,0.05,0.0,0.05,0.05,0.0,0.0,0.0,0.0,0.05,0.1,0.05,0.05,2319.5064000000007,-3.37184522201067,4.63615207672119,0.15,-18.565,0.114,0.4711650077975259,-0.0012093071381455,63.5,1.508,0.4,test
425,IAMVNGLMGVLDKLAHLIDE,inactive - virtual,inactive - virtual,0,Inactive,virtual,1,20,0.1,0.0,0.1,0.05,0.0,0.1,0.05,0.1,0.05,0.2,0.1,0.05,0.0,0.0,0.0,0.0,0.0,0.1,0.0,0.0,2152.5763,-2.4043200680177383,4.8100793838500975,0.0,-10.75,0.383,0.3999243439837676,-0.0008840554125746,156.0,-0.3350000000000002,0.6,development
426,IASEFKNIATNS,inactive - virtual,inactive - virtual,0,Inactive,virtual,1,12,0.1666666666666666,0.0,0.0,0.0833333333333333,0.0833333333333333,0.0,0.0,0.1666666666666666,0.0833333333333333,0.0,0.0,0.1666666666666666,0.0,0.0,0.0,0.1666666666666666,0.0833333333333333,0.0,0.0,0.0,1294.4100999999998,-0.4439319641604915,6.001424598693848,0.0833333333333333,36.78333333333334,0.0858333333333333,0.4503216528683675,-2.317658238116207e-06,81.66666666666666,1.5474999999999997,0.4166666666666667,development
427,IDDLRVIARENLERRRK,inactive - virtual,inactive - virtual,0,Inactive,virtual,1,17,0.0588235294117647,0.0,0.1176470588235294,0.1176470588235294,0.0,0.0,0.0,0.1176470588235294,0.0588235294117647,0.1176470588235294,0.0,0.0588235294117647,0.0,0.0,0.2941176470588235,0.0,0.0,0.0588235294117647,0.0,0.0,2152.4608000000003,1.557956173922496,10.61267261505127,0.0,88.12941176470588,-0.6670588235294118,0.3282392903850866,0.0009287048307517,114.70588235294116,5.430588235294118,0.3529411764705882,development
428,IDDSVNNLIPFMQKH,inactive - virtual,inactive - virtual,0,Inactive,virtual,1,15,0.0,0.0,0.1333333333333333,0.0,0.0666666666666666,0.0,0.0666666666666666,0.1333333333333333,0.0666666666666666,0.0666666666666666,0.0666666666666666,0.1333333333333333,0.0666666666666666,0.0666666666666666,0.0,0.0666666666666666,0.0,0.0666666666666666,0.0,0.0,1771.0022,-1.4075333156142795,5.210851097106932,0.0666666666666666,28.066666666666663,0.0446666666666666,0.4961086531802058,-0.0005110078429822,97.33333333333331,1.7160000000000002,0.4,test
429,IEEATEFYENDV,inactive - virtual,inactive - virtual,0,Inactive,virtual,1,12,0.0833333333333333,0.0,0.0833333333333333,0.3333333333333333,0.0833333333333333,0.0,0.0,0.0833333333333333,0.0,0.0,0.0,0.0833333333333333,0.0,0.0,0.0,0.0,0.0833333333333333,0.0833333333333333,0.0,0.0833333333333333,1458.4787,-5.440123197185954,4.0500284194946286,0.1666666666666666,109.88416666666669,-0.0091666666666666,0.3945188088546699,-0.0034275410015906,64.99999999999999,2.6300000000000003,0.3333333333333333,development
430,IEFRKAFLKIL,inactive - virtual,inactive - virtual,0,Inactive,virtual,1,11,0.0909090909090909,0.0,0.0,0.0909090909090909,0.1818181818181818,0.0,0.0,0.1818181818181818,0.1818181818181818,0.1818181818181818,0.0,0.0,0.0,0.0,0.0909090909090909,0.0,0.0,0.0,0.0,0.0,1377.7155,1.553537324938849,9.994291877746583,0.1818181818181818,51.10909090909091,0.1618181818181818,0.4515629333361362,0.0014494962691983,150.9090909090909,0.489090909090909,0.6363636363636364,development
431,IGVQQHADKVQRALGEAIDD,inactive - virtual,inactive - virtual,0,Inactive,virtual,1,20,0.15,0.0,0.15,0.05,0.0,0.1,0.05,0.1,0.05,0.05,0.0,0.0,0.0,0.15,0.05,0.0,0.0,0.1,0.0,0.0,2163.3474999999994,-2.4047218774607453,4.828552055358887,0.0,2.6250000000000013,-0.0735,0.4778363980786226,-0.0008796501738037,102.5,2.2284999999999995,0.4,development
432,IHNVVGKL,inactive - virtual,inactive - virtual,0,Inactive,virtual,1,8,0.0,0.0,0.0,0.0,0.0,0.125,0.125,0.125,0.125,0.125,0.0,0.125,0.0,0.0,0.0,0.0,0.0,0.25,0.0,0.0,879.058,0.5915737160757106,8.757208061218265,0.0,21.937499999999982,0.3125,0.6355077014117548,0.0012445111823993,170.0,-0.25125,0.5,development
433,IKPLNNFAAEVGKIRDS,inactive - virtual,inactive - virtual,0,Inactive,virtual,1,17,0.1176470588235294,0.0,0.0588235294117647,0.0588235294117647,0.0588235294117647,0.0588235294117647,0.0,0.1176470588235294,0.1176470588235294,0.0588235294117647,0.0,0.1176470588235294,0.0588235294117647,0.0,0.0588235294117647,0.0588235294117647,0.0,0.0588235294117647,0.0,0.0,1872.1294000000005,0.5539838090938538,8.589977073669434,0.0588235294117647,-12.511764705882356,-0.0494117647058823,0.3853742888367007,0.0005325484875516,97.6470588235294,1.875882352941176,0.4117647058823529,test
434,IMELLGTVIQHEGIHQGQYYVALKQSG,inactive - virtual,inactive - virtual,0,Inactive,virtual,1,27,0.037037037037037,0.0,0.0,0.074074074074074,0.0,0.1481481481481481,0.074074074074074,0.1111111111111111,0.037037037037037,0.1111111111111111,0.037037037037037,0.0,0.0,0.1481481481481481,0.0,0.037037037037037,0.037037037037037,0.074074074074074,0.0,0.074074074074074,3013.4253000000003,-1.374569506203125,6.003243446350097,0.074074074074074,31.574074074074076,0.2218518518518518,0.1712161273138526,-0.0002671365615376,111.85185185185183,0.4214814814814814,0.3703703703703703,test
435,IPAAKINWDRDIEYMAGILEN,inactive - virtual,inactive - virtual,0,Inactive,virtual,1,21,0.1428571428571428,0.0,0.0952380952380952,0.0952380952380952,0.0,0.0476190476190476,0.0,0.1904761904761904,0.0476190476190476,0.0476190476190476,0.0476190476190476,0.0952380952380952,0.0476190476190476,0.0,0.0476190476190476,0.0,0.0,0.0,0.0476190476190476,0.0476190476190476,2432.7486000000004,-2.4444489458112963,4.316716957092285,0.0952380952380952,57.60476190476191,0.0966666666666666,0.2940016847216982,-0.0008225259480012,107.14285714285714,1.3952380952380952,0.4285714285714285,development
436,IPAVANWIKRR,inactive - virtual,inactive - virtual,0,Inactive,virtual,1,11,0.1818181818181818,0.0,0.0,0.0,0.0,0.0,0.0,0.1818181818181818,0.0909090909090909,0.0,0.0,0.0909090909090909,0.0909090909090909,0.0,0.1818181818181818,0.0,0.0,0.0909090909090909,0.0909090909090909,0.0,1323.5887,2.554897038432917,11.999967765808105,0.0909090909090909,88.54545454545455,-0.11,0.4825617379827797,0.0022635408245755,115.45454545454548,2.018181818181818,0.4545454545454545,development
437,IPEAKSFYGFQIMIENIHSETYSLLIDTYI,inactive - virtual,inactive - virtual,0,Inactive,virtual,1,30,0.0333333333333333,0.0,0.0333333333333333,0.1,0.0666666666666666,0.0333333333333333,0.0333333333333333,0.2,0.0333333333333333,0.0666666666666666,0.0333333333333333,0.0333333333333333,0.0333333333333333,0.0333333333333333,0.0,0.1,0.0666666666666666,0.0,0.0,0.1,3536.9962000000005,-3.412134294951609,4.396973609924316,0.1666666666666666,57.353666666666655,0.2783333333333333,0.1007437307773694,-0.0008207497292911,107.33333333333331,0.5626666666666668,0.4,development
438,IRVNATKAYEMAL,inactive - virtual,inactive - virtual,0,Inactive,virtual,1,13,0.2307692307692307,0.0,0.0,0.0769230769230769,0.0,0.0,0.0,0.0769230769230769,0.0769230769230769,0.0769230769230769,0.0769230769230769,0.0769230769230769,0.0,0.0,0.0769230769230769,0.0,0.0769230769230769,0.0769230769230769,0.0,0.0769230769230769,1479.7429,0.5535373249388496,8.589912605285647,0.0769230769230769,12.923076923076923,0.0607692307692307,0.2450955763928887,0.0006730912187276,105.3846153846154,1.1515384615384616,0.5384615384615384,development
439,KDAENHKAYLKSH,inactive - virtual,inactive - virtual,0,Inactive,virtual,1,13,0.1538461538461538,0.0,0.0769230769230769,0.0769230769230769,0.0,0.0,0.1538461538461538,0.0,0.2307692307692307,0.0769230769230769,0.0,0.0769230769230769,0.0,0.0,0.0,0.0769230769230769,0.0,0.0,0.0,0.0769230769230769,1540.6786999999997,0.6222506243447499,8.44601917266846,0.0769230769230769,20.91538461538461,-0.4076923076923077,0.2159196508694192,0.0007749774451706,45.38461538461539,3.318461538461537,0.2307692307692307,test
440,KDFETLKVDFLSKLPEMLKMFEDRL,inactive - virtual,inactive - virtual,0,Inactive,virtual,1,25,0.0,0.0,0.12,0.12,0.12,0.0,0.0,0.0,0.16,0.2,0.08,0.0,0.04,0.0,0.04,0.04,0.04,0.04,0.0,0.0,3073.6232,-1.4478928860510187,4.996511268615721,0.12,16.355999999999998,-0.0819999999999999,0.3910235445344501,-0.0003250228557113,89.6,1.896,0.44,development
441,KDTVIEDIIDKTFEEAD,inactive - virtual,inactive - virtual,0,Inactive,virtual,1,17,0.0588235294117647,0.0,0.2352941176470588,0.1764705882352941,0.0588235294117647,0.0,0.0,0.1764705882352941,0.1176470588235294,0.0,0.0,0.0,0.0,0.0,0.0,0.0,0.1176470588235294,0.0588235294117647,0.0,0.0,1981.1148,-5.4411407870360105,4.0500284194946286,0.0588235294117647,54.19411764705883,-0.1058823529411765,0.3332355661344378,-0.0025228153771603,91.76470588235294,2.8211764705882354,0.3529411764705882,development
442,KEDIHRSLVEELTKISAKEK,inactive - virtual,inactive - virtual,0,Inactive,virtual,1,20,0.05,0.0,0.05,0.2,0.0,0.0,0.05,0.1,0.2,0.1,0.0,0.0,0.0,0.0,0.05,0.1,0.05,0.05,0.0,0.0,2353.6707,-0.4110386522451374,6.772786521911621,0.0,59.325,-0.3225,0.3134100941920299,4.248665918901465e-05,97.5,3.0789999999999997,0.3,development
443,KEEGYFYFRSRLSQ,inactive - virtual,inactive - virtual,0,Inactive,virtual,1,14,0.0,0.0,0.0,0.1428571428571428,0.1428571428571428,0.0714285714285714,0.0,0.0,0.0714285714285714,0.0714285714285714,0.0,0.0,0.0,0.0714285714285714,0.1428571428571428,0.1428571428571428,0.0,0.0,0.0,0.1428571428571428,1809.9737,0.5521273749780344,8.496240043640139,0.2857142857142857,108.69357142857145,-0.3349999999999999,0.0674957988333139,0.0005508348158543,27.85714285714285,3.5578571428571424,0.2142857142857142,development
444,KEEVQKVLEDA,inactive - virtual,inactive - virtual,0,Inactive,virtual,1,11,0.0909090909090909,0.0,0.0909090909090909,0.2727272727272727,0.0,0.0,0.0,0.0,0.1818181818181818,0.0909090909090909,0.0,0.0,0.0,0.0909090909090909,0.0,0.0,0.0,0.1818181818181818,0.0,0.0,1287.416,-2.443749550793084,4.407318305969238,0.0,48.51818181818182,-0.2772727272727273,0.5335652217305129,-0.0015534945860713,97.27272727272728,2.8163636363636364,0.3636363636363636,development
445,KEIAEKMVEGRMKKFTGEV,inactive - virtual,inactive - virtual,0,Inactive,virtual,1,19,0.0526315789473684,0.0,0.0,0.2105263157894736,0.0526315789473684,0.1052631578947368,0.0,0.0526315789473684,0.2105263157894736,0.0,0.1052631578947368,0.0,0.0,0.0,0.0526315789473684,0.0,0.0526315789473684,0.1052631578947368,0.0,0.0,2210.6160000000004,0.5518884224238114,8.430998039245608,0.0526315789473684,28.331578947368417,-0.2026315789473684,0.1668390003333495,0.0004528141426387,56.315789473684205,2.24,0.3684210526315789,development
446,KFLKKWEGIWATFKPALSAVV,inactive - virtual,inactive - virtual,0,Inactive,virtual,1,21,0.1428571428571428,0.0,0.0,0.0476190476190476,0.0952380952380952,0.0476190476190476,0.0,0.0476190476190476,0.1904761904761904,0.0952380952380952,0.0,0.0,0.0476190476190476,0.0,0.0,0.0476190476190476,0.0476190476190476,0.0952380952380952,0.0952380952380952,0.0,2419.9021,2.548551257837651,10.00138339996338,0.1904761904761904,-1.4190476190476158,0.2528571428571429,0.4127173594913316,0.001238062572575,97.6190476190476,-0.2309523809523809,0.4761904761904761,development
447,KFLRFILKWFKVIFQ,inactive - virtual,inactive - virtual,0,Inactive,virtual,1,15,0.0,0.0,0.0,0.0,0.2666666666666666,0.0,0.0,0.1333333333333333,0.2,0.1333333333333333,0.0,0.0,0.0,0.0666666666666666,0.0666666666666666,0.0,0.0,0.0666666666666666,0.0666666666666666,0.0,2013.5136,3.549910971331719,11.263867759704592,0.3333333333333333,13.673333333333332,0.2573333333333333,0.7788812900904672,0.00198408756804,123.33333333333331,-0.0573333333333333,0.6,development
448,KFLTKLKNIVANIRIWWVILL,inactive - virtual,inactive - virtual,0,Inactive,virtual,1,21,0.0476190476190476,0.0,0.0,0.0,0.0476190476190476,0.0,0.0,0.1904761904761904,0.1428571428571428,0.1904761904761904,0.0,0.0952380952380952,0.0,0.0,0.0476190476190476,0.0,0.0476190476190476,0.0952380952380952,0.0952380952380952,0.0,2582.2213,3.549910971331719,11.263867759704592,0.1428571428571428,44.371428571428574,0.3347619047619047,0.3208555276221849,0.0015471123796098,180.9523809523809,-0.450952380952381,0.5714285714285714,development
449,KGQEYINNIHL,inactive - virtual,inactive - virtual,0,Inactive,virtual,1,11,0.0,0.0,0.0,0.0909090909090909,0.0,0.0909090909090909,0.0909090909090909,0.1818181818181818,0.0909090909090909,0.0909090909090909,0.0,0.1818181818181818,0.0,0.0909090909090909,0.0,0.0,0.0,0.0,0.0,0.0909090909090909,1328.4726,-0.4098111156517303,6.747777366638184,0.0909090909090909,70.04545454545455,-0.0372727272727272,0.364980178407385,7.151029748283753e-05,106.36363636363636,1.843636363636364,0.2727272727272727,development
450,KHFDFLAEFNAKAND,inactive - virtual,inactive - virtual,0,Inactive,virtual,1,15,0.2,0.0,0.1333333333333333,0.0666666666666666,0.2,0.0,0.0666666666666666,0.0,0.1333333333333333,0.0666666666666666,0.0,0.1333333333333333,0.0,0.0,0.0,0.0,0.0,0.0,0.0,0.0,1766.9059000000002,-1.4076488360496624,5.4924314498901365,0.2,5.619999999999999,-0.0626666666666666,0.3635404826049265,-0.0005110616839567,46.0,2.2666666666666666,0.4666666666666667,development
451,KHHAAYVNNLNNALKK,inactive - virtual,inactive - virtual,0,Inactive,virtual,1,16,0.1875,0.0,0.0,0.0,0.0,0.0,0.125,0.0,0.1875,0.125,0.0,0.25,0.0,0.0,0.0,0.0,0.0,0.0625,0.0,0.0625,1835.0743,2.6206833792499005,10.001447868347167,0.0625,4.06875,-0.1875,0.4443878337919169,0.0017394337031628,85.625,2.085,0.375,test
452,KIPDDLQADFNKFR,inactive - virtual,inactive - virtual,0,Inactive,virtual,1,14,0.0714285714285714,0.0,0.2142857142857142,0.0,0.1428571428571428,0.0,0.0,0.0714285714285714,0.1428571428571428,0.0714285714285714,0.0,0.0714285714285714,0.0714285714285714,0.0714285714285714,0.0714285714285714,0.0,0.0,0.0,0.0,0.0,1706.8955,-0.446243983535981,6.039222526550293,0.1428571428571428,24.528571428571432,-0.2992857142857143,0.4651046411989659,-1.7575722069248345e-06,62.85714285714285,3.3392857142857144,0.3571428571428571,test
453,KKAEAVATVVAAVDQARVR,inactive - virtual,inactive - virtual,0,Inactive,virtual,1,19,0.3157894736842105,0.0,0.0526315789473684,0.0526315789473684,0.0,0.0,0.0,0.0,0.1052631578947368,0.0,0.0,0.0,0.0,0.0526315789473684,0.1052631578947368,0.0,0.0526315789473684,0.2631578947368421,0.0,0.0,1982.2882,1.5539586908604806,9.98616886138916,0.0,1.5631578947368423,-0.0694736842105262,0.1993199611779528,0.0010074207103905,107.89473684210526,1.7642105263157892,0.5789473684210527,test
454,KKDVKLILDTILETITEALAK,inactive - virtual,inactive - virtual,0,Inactive,virtual,1,21,0.0952380952380952,0.0,0.0952380952380952,0.0952380952380952,0.0,0.0,0.0,0.1428571428571428,0.1904761904761904,0.1904761904761904,0.0,0.0,0.0,0.0,0.0,0.0,0.1428571428571428,0.0476190476190476,0.0,0.0,2355.809,-0.4494350129124944,6.212922477722167,0.0,24.46666666666667,0.0719047619047618,0.3927563230447474,-4.24480647927261e-07,153.33333333333331,0.8985714285714288,0.4761904761904761,development
455,KKEELQRSLNILTAF,inactive - virtual,inactive - virtual,0,Inactive,virtual,1,15,0.0666666666666666,0.0,0.0,0.1333333333333333,0.0666666666666666,0.0,0.0,0.0666666666666666,0.1333333333333333,0.2,0.0,0.0666666666666666,0.0,0.0666666666666666,0.0666666666666666,0.0666666666666666,0.0666666666666666,0.0,0.0,0.0,1790.0687000000005,0.5546580858786934,8.590106010437015,0.0666666666666666,124.22666666666665,-0.1546666666666667,0.2952535954009381,0.0005575200969794,110.66666666666669,2.221333333333333,0.4,development
456,KKQELLEALTKHFQ,inactive - virtual,inactive - virtual,0,Inactive,virtual,1,14,0.0714285714285714,0.0,0.0,0.1428571428571428,0.0714285714285714,0.0,0.0714285714285714,0.0,0.2142857142857142,0.2142857142857142,0.0,0.0,0.0,0.1428571428571428,0.0,0.0,0.0714285714285714,0.0,0.0,0.0,1712.9863000000005,0.5888040526208282,8.505330085754395,0.0714285714285714,32.52142857142858,-0.215,0.3793180750111292,0.0006404007028645,90.71428571428572,2.073571428571429,0.3571428571428571,development
457,KKTAERLIVEMKDRFKG,inactive - virtual,inactive - virtual,0,Inactive,virtual,1,17,0.0588235294117647,0.0,0.0588235294117647,0.1176470588235294,0.0588235294117647,0.0588235294117647,0.0,0.0588235294117647,0.2352941176470588,0.0588235294117647,0.0588235294117647,0.0,0.0,0.0,0.1176470588235294,0.0,0.0588235294117647,0.0588235294117647,0.0,0.0,2049.4404000000004,2.550068266465753,9.992938041687015,0.0588235294117647,-13.852941176470589,-0.4052941176470588,0.4278618891206108,0.0014628386290889,68.8235294117647,3.234705882352941,0.3529411764705882,development
458,KKVKGYKRALTE,inactive - virtual,inactive - virtual,0,Inactive,virtual,1,12,0.0833333333333333,0.0,0.0,0.0833333333333333,0.0,0.0833333333333333,0.0,0.0,0.3333333333333333,0.0833333333333333,0.0,0.0,0.0,0.0,0.0833333333333333,0.0,0.0833333333333333,0.0833333333333333,0.0,0.0833333333333333,1420.6991,3.548113033593689,10.171579933166504,0.0833333333333333,28.75833333333334,-0.4775,0.5526874343823128,0.0028126979657915,64.99999999999999,2.910833333333334,0.25,development
459,KLDSRFDNNLGKFRFVLLLFV,inactive - virtual,inactive - virtual,0,Inactive,virtual,1,21,0.0,0.0,0.0952380952380952,0.0,0.1904761904761904,0.0476190476190476,0.0,0.0,0.0952380952380952,0.238095238095238,0.0,0.0952380952380952,0.0,0.0,0.0952380952380952,0.0476190476190476,0.0,0.0952380952380952,0.0,0.0,2541.9851,1.553284414075641,9.98616886138916,0.1904761904761904,25.65714285714286,0.0685714285714285,0.2840723680839046,0.0007852115861982,120.47619047619048,1.405714285714286,0.5238095238095238,test
460,KLEEKFPQVAAT,inactive - virtual,inactive - virtual,0,Inactive,virtual,1,12,0.1666666666666666,0.0,0.0,0.1666666666666666,0.0833333333333333,0.0,0.0,0.0,0.1666666666666666,0.0833333333333333,0.0,0.0,0.0833333333333333,0.0833333333333333,0.0,0.0,0.0833333333333333,0.0833333333333333,0.0,0.0,1360.5543999999998,-0.4453167958879329,6.142555809020995,0.0833333333333333,55.075,-0.0516666666666666,0.4379116740448217,-1.469982948197801e-06,73.33333333333331,1.4391666666666667,0.4166666666666667,development
461,KLKELALIFISNLVAN,inactive - virtual,inactive - virtual,0,Inactive,virtual,1,16,0.125,0.0,0.0,0.0625,0.0625,0.0,0.0,0.125,0.125,0.25,0.0,0.125,0.0,0.0,0.0,0.0625,0.0,0.0625,0.0,0.0,1786.1626,0.5535624431722228,8.591073036193851,0.0625,-1.2375000000000005,0.32875,0.2206984114455915,0.0005581775530884,176.875,-0.3481250000000002,0.625,test
462,KNIKRNVEKIIAQWDERTRK,inactive - virtual,inactive - virtual,0,Inactive,virtual,1,20,0.05,0.0,0.05,0.1,0.0,0.0,0.0,0.15,0.2,0.0,0.0,0.1,0.0,0.05,0.15,0.0,0.05,0.05,0.05,0.0,2525.9069000000004,3.55004314823238,10.43306369781494,0.05,45.45,-0.5805,0.6009681361458235,0.0015827959032586,78.0,4.3875,0.25,development
463,KPEEVEQIKLYVMSREYEDYMAR,inactive - virtual,inactive - virtual,0,Inactive,virtual,1,23,0.0434782608695652,0.0,0.0434782608695652,0.217391304347826,0.0,0.0,0.0,0.0434782608695652,0.0869565217391304,0.0434782608695652,0.0869565217391304,0.0,0.0434782608695652,0.0434782608695652,0.0869565217391304,0.0434782608695652,0.0,0.0869565217391304,0.0,0.1304347826086956,2907.2771,-2.449075043381999,4.715101432800293,0.1304347826086956,86.05217391304348,-0.2665217391304348,0.1778820225188399,-0.0006875842712088,63.47826086956521,2.9843478260869567,0.3043478260869565,development
464,KPEQYNIVGEHLLATLDEMFS,inactive - virtual,inactive - virtual,0,Inactive,virtual,1,21,0.0476190476190476,0.0,0.0476190476190476,0.1428571428571428,0.0476190476190476,0.0476190476190476,0.0476190476190476,0.0476190476190476,0.0476190476190476,0.1428571428571428,0.0476190476190476,0.0476190476190476,0.0476190476190476,0.0476190476190476,0.0,0.0476190476190476,0.0476190476190476,0.0476190476190476,0.0,0.0476190476190476,2434.7181,-3.4071231096170376,4.396973609924316,0.0952380952380952,25.44761904761905,0.1066666666666666,0.2162805581553481,-0.0011919186110985,92.85714285714285,1.2309523809523806,0.3809523809523809,test
465,KPQELLSLIIERFE,inactive - virtual,inactive - virtual,0,Inactive,virtual,1,14,0.0,0.0,0.0,0.2142857142857142,0.0714285714285714,0.0,0.0,0.1428571428571428,0.0714285714285714,0.2142857142857142,0.0,0.0,0.0714285714285714,0.0714285714285714,0.0714285714285714,0.0714285714285714,0.0,0.0,0.0,0.0,1714.9988000000003,-1.4396230738574791,5.0095842361450185,0.0714285714285714,62.8,0.0121428571428571,0.4422275326894548,-0.0005830903790087,139.28571428571425,1.59,0.4285714285714285,test
466,KPQERADLISYLKEATS,inactive - virtual,inactive - virtual,0,Inactive,virtual,1,17,0.1176470588235294,0.0,0.0588235294117647,0.1176470588235294,0.0,0.0,0.0,0.0588235294117647,0.1176470588235294,0.1176470588235294,0.0,0.0,0.0588235294117647,0.0588235294117647,0.0588235294117647,0.1176470588235294,0.0588235294117647,0.0,0.0,0.0588235294117647,1949.1657,-0.4474010226335871,6.18063793182373,0.0588235294117647,17.647058823529413,-0.2305882352941176,0.0881456477252544,-1.026077766433918e-06,80.58823529411764,2.6488235294117644,0.2941176470588235,development
467,KPWLSVILFLIRERSR,inactive - virtual,inactive - virtual,0,Inactive,virtual,1,16,0.0,0.0,0.0,0.0625,0.0625,0.0,0.0,0.125,0.0625,0.1875,0.0,0.0,0.0625,0.0,0.1875,0.125,0.0,0.0625,0.0625,0.0,2013.4312000000004,2.555992681139388,11.711342811584473,0.125,62.1125,-0.0481249999999999,0.3856650922470171,0.0014885046909999,140.0,1.873125,0.4375,development
468,KQAEAEEFVQTLGQSLA,inactive - virtual,inactive - virtual,0,Inactive,virtual,1,17,0.1764705882352941,0.0,0.0,0.1764705882352941,0.0588235294117647,0.0588235294117647,0.0,0.0,0.0588235294117647,0.1176470588235294,0.0,0.0,0.0,0.1764705882352941,0.0,0.0588235294117647,0.0588235294117647,0.0588235294117647,0.0,0.0,1849.0034,-2.4416904422808026,4.25265941619873,0.0588235294117647,68.34117647058824,0.02,0.2542414230133434,-0.001081659915306,80.58823529411764,1.4905882352941175,0.4117647058823529,development
469,KQLTAIAALAE,inactive - virtual,inactive - virtual,0,Inactive,virtual,1,11,0.3636363636363636,0.0,0.0,0.0909090909090909,0.0,0.0,0.0,0.0909090909090909,0.0909090909090909,0.1818181818181818,0.0,0.0,0.0,0.0909090909090909,0.0,0.0,0.0909090909090909,0.0,0.0,0.0,1128.3191000000002,-0.441839477503795,6.217469596862792,0.0,30.581818181818186,0.2672727272727272,0.3183955093828917,-2.658820192853092e-06,142.72727272727272,-0.1390909090909091,0.6363636363636364,test
470,KREIIHAVLTGLALDQLAEQ,inactive - virtual,inactive - virtual,0,Inactive,virtual,1,20,0.15,0.0,0.05,0.1,0.0,0.05,0.05,0.1,0.05,0.2,0.0,0.0,0.0,0.1,0.05,0.0,0.05,0.05,0.0,0.0,2218.5519,-1.4057633961229683,5.4454256057739245,0.0,46.98500000000001,0.1055,0.2054761779544821,-0.0004065700274051,146.5,1.0595,0.5,development
471,KREVQNAILTGIQLDKLAED,inactive - virtual,inactive - virtual,0,Inactive,virtual,1,20,0.1,0.0,0.1,0.1,0.0,0.05,0.0,0.1,0.1,0.15,0.0,0.05,0.0,0.1,0.05,0.0,0.05,0.05,0.0,0.0,2254.5394,-1.4431796345192387,4.942173194885252,0.0,28.08,-0.1194999999999999,0.3732108211261294,-0.0004439910403406,122.0,2.208499999999999,0.4,development
472,KSEALAKMWGQRK,inactive - virtual,inactive - virtual,0,Inactive,virtual,1,13,0.1538461538461538,0.0,0.0,0.0769230769230769,0.0,0.0769230769230769,0.0,0.0,0.2307692307692307,0.0769230769230769,0.0769230769230769,0.0,0.0,0.0769230769230769,0.0769230769230769,0.0769230769230769,0.0,0.0,0.0769230769230769,0.0,1532.8089999999995,2.551031732271564,10.289686012268067,0.0769230769230769,41.14615384615385,-0.3461538461538461,0.1125930936518361,0.0019552325467605,45.38461538461539,2.5507692307692307,0.3076923076923077,development
473,KTASTGFAELLKDRREQV,inactive - virtual,inactive - virtual,0,Inactive,virtual,1,18,0.1111111111111111,0.0,0.0555555555555555,0.1111111111111111,0.0555555555555555,0.0555555555555555,0.0,0.0,0.1111111111111111,0.1111111111111111,0.0,0.0,0.0,0.0555555555555555,0.1111111111111111,0.0555555555555555,0.1111111111111111,0.0555555555555555,0.0,0.0,2049.2881,0.5550794518003253,8.589010047912598,0.0555555555555555,34.155555555555566,-0.2938888888888889,0.2929607702878657,0.0004874859097541,70.55555555555554,3.107777777777778,0.3333333333333333,development
474,KTFRTTFKTLL,inactive - virtual,inactive - virtual,0,Inactive,virtual,1,11,0.0,0.0,0.0,0.0,0.1818181818181818,0.0,0.0,0.0,0.1818181818181818,0.1818181818181818,0.0,0.0,0.0,0.0,0.0909090909090909,0.0,0.3636363636363636,0.0,0.0,0.0,1355.624,2.5524165639990044,11.16626262664795,0.1818181818181818,17.863636363636363,-0.0999999999999999,0.6178345357549365,0.0022093048988293,70.90909090909092,1.8636363636363635,0.3636363636363636,development
475,KVAEFERLFRQAAG,inactive - virtual,inactive - virtual,0,Inactive,virtual,1,14,0.2142857142857142,0.0,0.0,0.1428571428571428,0.1428571428571428,0.0714285714285714,0.0,0.0,0.0714285714285714,0.0714285714285714,0.0,0.0,0.0,0.0714285714285714,0.1428571428571428,0.0,0.0,0.0714285714285714,0.0,0.0,1621.8374,0.5571385603126058,8.74566822052002,0.1428571428571428,16.97857142857143,-0.1349999999999999,0.5029282285487905,0.0006153504661372,70.0,2.375714285714285,0.5,development
476,KVNRAVAAEIRNWTWVFLIW,inactive - virtual,inactive - virtual,0,Inactive,virtual,1,20,0.15,0.0,0.0,0.05,0.05,0.0,0.0,0.1,0.05,0.05,0.0,0.1,0.0,0.0,0.1,0.0,0.05,0.15,0.15,0.0,2472.8851,1.5560177993727615,10.835024070739744,0.2,-3.4049999999999985,0.192,0.3938188242598449,0.0008075571497316,117.0,0.7885000000000001,0.5,development
477,KVRETREILDIIDTVYNS,inactive - virtual,inactive - virtual,0,Inactive,virtual,1,18,0.0,0.0,0.1111111111111111,0.1111111111111111,0.0,0.0,0.0,0.1666666666666666,0.0555555555555555,0.0555555555555555,0.0,0.0555555555555555,0.0,0.0,0.1111111111111111,0.0555555555555555,0.1111111111111111,0.1111111111111111,0.0,0.0555555555555555,2164.4151,-1.44447406404467,4.782910346984862,0.0555555555555555,13.58888888888889,-0.1711111111111111,0.4847510203357339,-0.0004624795557239,118.88888888888889,3.000555555555555,0.3333333333333333,development
478,KVRGLIEIISN,inactive - virtual,inactive - virtual,0,Inactive,virtual,1,11,0.0,0.0,0.0,0.0909090909090909,0.0,0.0909090909090909,0.0,0.2727272727272727,0.0909090909090909,0.0909090909090909,0.0,0.0909090909090909,0.0,0.0,0.0909090909090909,0.0909090909090909,0.0,0.0909090909090909,0.0,0.0,1241.4799,0.5560429176061352,8.74786014556885,0.0,51.10909090909091,0.1072727272727272,0.549649197471756,0.0008030737506846,168.1818181818182,1.1509090909090909,0.4545454545454545,test
479,KVSDILTVAIRLEEEGERFYRELS,inactive - virtual,inactive - virtual,0,Inactive,virtual,1,24,0.0416666666666666,0.0,0.0416666666666666,0.2083333333333333,0.0416666666666666,0.0416666666666666,0.0,0.0833333333333333,0.0416666666666666,0.125,0.0,0.0,0.0,0.0,0.125,0.0833333333333333,0.0416666666666666,0.0833333333333333,0.0,0.0416666666666666,2853.1868000000004,-2.441583383613516,4.715101432800293,0.0833333333333333,44.63375,-0.1312499999999999,0.5307728331987102,-0.0007002688219151,109.58333333333331,2.674166666666667,0.375,development
480,KVVDNFENILII,inactive - virtual,inactive - virtual,0,Inactive,virtual,1,12,0.0,0.0,0.0833333333333333,0.0833333333333333,0.0833333333333333,0.0,0.0,0.25,0.0833333333333333,0.0833333333333333,0.0,0.1666666666666666,0.0,0.0,0.0,0.0,0.0,0.1666666666666666,0.0,0.0,1416.6604,-1.4434854800054868,4.3702592849731445,0.0833333333333333,29.70833333333334,0.3333333333333333,0.4473940876293492,-0.0007072974461056,178.3333333333333,0.3016666666666669,0.5833333333333334,development
481,KVWKGVKTIIADVWQV,inactive - virtual,inactive - virtual,0,Inactive,virtual,1,16,0.0625,0.0,0.0625,0.0,0.0,0.0625,0.0,0.125,0.1875,0.0,0.0,0.0,0.0,0.0625,0.0,0.0,0.0625,0.25,0.125,0.0,1870.2409,1.5503825737200971,9.703023719787598,0.125,-13.05625,0.22625,0.5739601128086698,0.001067237000401,127.5,0.0043749999999999,0.4375,development
482,KWEAEKIHIGFRQAY,inactive - virtual,inactive - virtual,0,Inactive,virtual,1,15,0.1333333333333333,0.0,0.0,0.1333333333333333,0.0666666666666666,0.0666666666666666,0.0666666666666666,0.1333333333333333,0.1333333333333333,0.0,0.0,0.0,0.0,0.0666666666666666,0.0666666666666666,0.0,0.0,0.0,0.0666666666666666,0.0666666666666666,1876.1213,0.5887789343874545,8.504556465148926,0.2,54.03333333333333,-0.096,0.3461923944910395,0.0005841812667565,65.33333333333333,2.018,0.3333333333333333,development
483,KWVRIWIKVLRGLFVWVWFF,inactive - virtual,inactive - virtual,0,Inactive,virtual,1,20,0.0,0.0,0.0,0.0,0.15,0.05,0.0,0.1,0.1,0.1,0.0,0.0,0.0,0.0,0.1,0.0,0.0,0.2,0.2,0.0,2679.298,3.552391445765631,11.999967765808105,0.35,-2.094999999999999,0.436,0.5257447906917977,0.0014910610980479,136.0,-0.7050000000000001,0.55,development
484,KYDHFAGRAYVRLHQD,inactive - virtual,inactive - virtual,0,Inactive,virtual,1,16,0.125,0.0,0.125,0.0,0.0625,0.0625,0.125,0.0,0.0625,0.0625,0.0,0.0,0.0,0.0625,0.125,0.0,0.0,0.0625,0.0,0.125,1976.1575000000005,0.6253010150525071,8.511003303527833,0.1875,29.731250000000003,-0.269375,0.44011339362477,0.0006036960569994,55.0,3.2168749999999995,0.3125,development
485,LADLQEQLYNG,inactive - virtual,inactive - virtual,0,Inactive,virtual,1,11,0.0909090909090909,0.0,0.0909090909090909,0.0909090909090909,0.0,0.0909090909090909,0.0,0.0,0.0,0.2727272727272727,0.0,0.0909090909090909,0.0,0.1818181818181818,0.0,0.0,0.0,0.0,0.0,0.0909090909090909,1263.3528999999996,-2.443485480005487,4.0500284194946286,0.0909090909090909,52.36363636363637,0.0490909090909091,0.4326685850236562,-0.0015854546605876,115.45454545454544,1.4436363636363636,0.3636363636363636,development
486,LDAYINLGNVLKEA,inactive - virtual,inactive - virtual,0,Inactive,virtual,1,14,0.1428571428571428,0.0,0.0714285714285714,0.0714285714285714,0.0,0.0714285714285714,0.0,0.0714285714285714,0.0714285714285714,0.2142857142857142,0.0,0.1428571428571428,0.0,0.0,0.0,0.0,0.0,0.0714285714285714,0.0,0.0714285714285714,1532.7359,-1.4459910726727725,4.3702592849731445,0.0714285714285714,-2.8428571428571434,0.22,0.3891990144700328,-0.0006543836528047,146.42857142857142,0.4442857142857143,0.5,development
487,LDEAATRSKAWMVDALA,inactive - virtual,inactive - virtual,0,Inactive,virtual,1,17,0.2941176470588235,0.0,0.1176470588235294,0.0588235294117647,0.0,0.0,0.0,0.0,0.0588235294117647,0.1176470588235294,0.0588235294117647,0.0,0.0,0.0,0.0588235294117647,0.0588235294117647,0.0588235294117647,0.0588235294117647,0.0588235294117647,0.0,1848.0849000000003,-1.443064114083855,4.558112144470216,0.0588235294117647,40.347058823529416,0.0635294117647059,0.2711744695912488,-0.0005421813872701,92.35294117647058,1.3576470588235292,0.5294117647058824,development
488,LEARMKQFKDMLLER,inactive - virtual,inactive - virtual,0,Inactive,virtual,1,15,0.0666666666666666,0.0,0.0666666666666666,0.1333333333333333,0.0666666666666666,0.0,0.0,0.0,0.1333333333333333,0.2,0.1333333333333333,0.0,0.0,0.0666666666666666,0.1333333333333333,0.0,0.0,0.0,0.0,0.0,1908.2924,0.5550794518003253,8.589010047912598,0.0666666666666666,10.046666666666669,-0.3219999999999999,0.2252472102378613,0.0005235025939317,84.66666666666667,2.971333333333333,0.4666666666666667,development
489,LEEFDKVSKNVD,inactive - virtual,inactive - virtual,0,Inactive,virtual,1,12,0.0,0.0,0.1666666666666666,0.1666666666666666,0.0833333333333333,0.0,0.0,0.0,0.1666666666666666,0.0833333333333333,0.0,0.0833333333333333,0.0,0.0,0.0,0.0833333333333333,0.0,0.1666666666666666,0.0,0.0,1422.5359999999998,-2.443154516285865,4.49769229888916,0.0833333333333333,19.941666666666663,-0.2283333333333332,0.5951447038519267,-0.0014066388291366,80.83333333333331,3.018333333333333,0.3333333333333333,development
490,LEPIKAWIEKR,inactive - virtual,inactive - virtual,0,Inactive,virtual,1,11,0.0909090909090909,0.0,0.0,0.1818181818181818,0.0,0.0,0.0,0.1818181818181818,0.1818181818181818,0.0909090909090909,0.0,0.0,0.0909090909090909,0.0,0.0909090909090909,0.0,0.0,0.0,0.0909090909090909,0.0,1382.6494,0.5546580858786934,8.590106010437015,0.0909090909090909,88.46363636363637,-0.1390909090909091,0.2593703574686046,0.0007218023360937,115.45454545454544,1.8854545454545453,0.3636363636363636,test
491,LEQVEFKLNQLLENL,inactive - virtual,inactive - virtual,0,Inactive,virtual,1,15,0.0,0.0,0.0,0.2,0.0666666666666666,0.0,0.0,0.0,0.0666666666666666,0.3333333333333333,0.0,0.1333333333333333,0.0,0.1333333333333333,0.0,0.0,0.0,0.0666666666666666,0.0,0.0,1830.086,-2.4416904422808026,4.25265941619873,0.0666666666666666,-3.5599999999999974,0.0546666666666667,0.4718724480325304,-0.0010928424285144,149.33333333333331,1.248,0.4666666666666667,test
492,LHDAIHMAADNAV,inactive - virtual,inactive - virtual,0,Inactive,virtual,1,13,0.3076923076923077,0.0,0.1538461538461538,0.0,0.0,0.0,0.1538461538461538,0.0769230769230769,0.0,0.0769230769230769,0.0769230769230769,0.0769230769230769,0.0,0.0,0.0,0.0,0.0,0.0769230769230769,0.0,0.0,1377.5251,-2.3684012817709466,5.048518943786621,0.0,21.684615384615384,0.2569230769230769,0.3994090188587212,-0.0013103162907522,113.07692307692308,0.7638461538461538,0.6153846153846154,development
493,LKRAEALIHLANAALE,inactive - virtual,inactive - virtual,0,Inactive,virtual,1,16,0.3125,0.0,0.0,0.125,0.0,0.0,0.0625,0.0625,0.0625,0.25,0.0,0.0625,0.0,0.0,0.0625,0.0,0.0,0.0,0.0,0.0,1733.0207000000005,-0.4041173936212767,6.771536064147949,0.0,32.15625,0.14,0.3376428658113105,5.597165641481345e-05,153.125,0.7337500000000001,0.625,test
494,LKYVGMVLNEALRLW,inactive - virtual,inactive - virtual,0,Inactive,virtual,1,15,0.0666666666666666,0.0,0.0,0.0666666666666666,0.0,0.0666666666666666,0.0,0.0,0.0666666666666666,0.2666666666666666,0.0666666666666666,0.0666666666666666,0.0,0.0,0.0666666666666666,0.0,0.0,0.1333333333333333,0.0666666666666666,0.0666666666666666,1805.1906,0.5535373249388496,8.589912605285647,0.1333333333333333,26.64,0.2593333333333333,0.5949592066087306,0.0005517424758612,149.33333333333331,-0.0753333333333335,0.5333333333333333,development
495,LLNIRREFIEKY,inactive - virtual,inactive - virtual,0,Inactive,virtual,1,12,0.0,0.0,0.0,0.1666666666666666,0.0833333333333333,0.0,0.0,0.1666666666666666,0.0833333333333333,0.1666666666666666,0.0,0.0833333333333333,0.0,0.0,0.1666666666666666,0.0,0.0,0.0,0.0,0.0833333333333333,1593.8670000000002,0.5546329676453201,8.588945579528808,0.1666666666666666,130.13333333333333,-0.1916666666666666,0.400629412857252,0.0006261489330999,129.99999999999997,2.760833333333333,0.4166666666666667,development
496,LLPALLQQIGREN,inactive - virtual,inactive - virtual,0,Inactive,virtual,1,13,0.0769230769230769,0.0,0.0,0.0769230769230769,0.0,0.0769230769230769,0.0,0.0769230769230769,0.0,0.3076923076923077,0.0,0.0769230769230769,0.0769230769230769,0.1538461538461538,0.0769230769230769,0.0,0.0,0.0,0.0,0.0,1464.7084,-0.4414514897265791,6.0021066665649405,0.0,78.75384615384617,0.1,0.4510394003615773,-2.0481870131288785e-06,157.69230769230768,0.9307692307692303,0.4615384615384615,development
497,LLTEVETYVLSI,inactive - virtual,inactive - virtual,0,Inactive,virtual,1,12,0.0,0.0,0.0,0.1666666666666666,0.0,0.0,0.0,0.0833333333333333,0.0,0.25,0.0,0.0,0.0,0.0,0.0,0.0833333333333333,0.1666666666666666,0.1666666666666666,0.0,0.0833333333333333,1379.5939999999998,-2.4428112032206477,4.0500284194946286,0.0833333333333333,25.21666666666667,0.4499999999999999,0.376505302978849,-0.0014511452594955,178.3333333333333,-0.455,0.5,test
498,LMEPVREAAGRLADA,inactive - virtual,inactive - virtual,0,Inactive,virtual,1,15,0.2666666666666666,0.0,0.0666666666666666,0.1333333333333333,0.0,0.0666666666666666,0.0,0.0,0.0,0.1333333333333333,0.0666666666666666,0.0,0.0666666666666666,0.0,0.1333333333333333,0.0,0.0,0.0666666666666666,0.0,0.0,1598.8224,-1.4399093628651034,4.679122352600097,0.0,29.35333333333333,-0.0239999999999999,0.5280546072260407,-0.0006260867389699,98.0,1.8513333333333335,0.5333333333333333,development
499,LMGHQKKILGSIQTMRAQLT,inactive - virtual,inactive - virtual,0,Inactive,virtual,1,20,0.05,0.0,0.0,0.0,0.0,0.1,0.05,0.1,0.1,0.15,0.1,0.0,0.0,0.15,0.05,0.05,0.1,0.0,0.0,0.0,2254.7181,2.5890430051750517,11.16626262664795,0.0,11.115000000000002,0.0115,0.2147184441202569,0.0013722263863078,102.5,1.1425,0.4,development
500,LNNFSRYFLHQSREETEHAEKLMRLQNQRG,inactive - virtual,inactive - virtual,0,Inactive,virtual,1,30,0.0333333333333333,0.0,0.0,0.1333333333333333,0.0666666666666666,0.0333333333333333,0.0666666666666666,0.0,0.0333333333333333,0.1333333333333333,0.0333333333333333,0.1,0.0,0.1,0.1333333333333333,0.0666666666666666,0.0333333333333333,0.0,0.0,0.0333333333333333,3733.0953,0.6300771354103558,8.601452445983888,0.1,44.58333333333333,-0.3919999999999999,0.4284247255578088,0.0003209129141999,55.333333333333336,3.903333333333334,0.2666666666666666,development
501,LPEDQELLFQSASLELFVLRLAYRA,inactive - virtual,inactive - virtual,0,Inactive,virtual,1,25,0.12,0.0,0.04,0.12,0.08,0.0,0.0,0.0,0.0,0.28,0.0,0.0,0.04,0.08,0.08,0.08,0.0,0.04,0.0,0.04,2922.333,-2.4412941945925457,4.407318305969238,0.12,58.18000000000001,0.1304,0.2554841822329715,-0.0006843830628879,132.8,1.0856,0.52,test
502,LPHFYELFSLWA,inactive - virtual,inactive - virtual,0,Inactive,virtual,1,12,0.0833333333333333,0.0,0.0,0.0833333333333333,0.1666666666666666,0.0,0.0833333333333333,0.0,0.0,0.25,0.0,0.0,0.0833333333333333,0.0,0.0,0.0833333333333333,0.0,0.0,0.0833333333333333,0.0833333333333333,1522.7425,-1.4073055229844442,5.240180015563964,0.3333333333333333,44.6675,0.5158333333333334,0.3661428778672639,-0.0005943194877688,105.83333333333331,-0.8208333333333333,0.5,development
503,LPIHYKLSQEFFLKAYEN,inactive - virtual,inactive - virtual,0,Inactive,virtual,1,18,0.0555555555555555,0.0,0.0,0.1111111111111111,0.1111111111111111,0.0,0.0555555555555555,0.0555555555555555,0.1111111111111111,0.1666666666666666,0.0,0.0555555555555555,0.0555555555555555,0.0555555555555555,0.0,0.0555555555555555,0.0,0.0,0.0,0.1111111111111111,2240.5538000000006,-0.4137015400464574,6.754200172424317,0.2222222222222222,59.1888888888889,0.0927777777777777,0.2381710204707447,4.240011425715e-05,92.2222222222222,0.9883333333333332,0.3888888888888889,development
504,LQAPLQRRILEIGKKH,inactive - virtual,inactive - virtual,0,Inactive,virtual,1,16,0.0625,0.0,0.0,0.0625,0.0,0.0625,0.0625,0.125,0.125,0.1875,0.0,0.0,0.0625,0.125,0.125,0.0,0.0,0.0,0.0,0.0,1900.2754,2.5901386478815227,11.00044994354248,0.0,116.73125,-0.2199999999999999,0.418022950034524,0.0016292335866293,128.125,2.25875,0.375,development
505,LQMEFKYLAYLTG,inactive - virtual,inactive - virtual,0,Inactive,virtual,1,13,0.0769230769230769,0.0,0.0,0.0769230769230769,0.0769230769230769,0.0769230769230769,0.0,0.0,0.0769230769230769,0.2307692307692307,0.0769230769230769,0.0,0.0,0.0769230769230769,0.0,0.0,0.0769230769230769,0.0,0.0,0.1538461538461538,1576.8529,-0.4489431494950628,5.999946784973144,0.2307692307692307,16.215384615384615,0.2784615384615385,0.2509920449909588,-3.17085854165874e-06,97.6923076923077,-0.1607692307692307,0.4615384615384615,development
506,LQNAIIEFYTEYY,inactive - virtual,inactive - virtual,0,Inactive,virtual,1,13,0.0769230769230769,0.0,0.0,0.1538461538461538,0.0769230769230769,0.0,0.0,0.1538461538461538,0.0,0.0769230769230769,0.0,0.0769230769230769,0.0,0.0769230769230769,0.0,0.0,0.0769230769230769,0.0,0.0,0.2307692307692307,1666.8231,-2.4478223885552186,4.0500284194946286,0.3076923076923077,110.9623076923077,0.2569230769230768,0.3432115741142647,-0.0012022821763467,97.6923076923077,0.7107692307692308,0.3846153846153846,development
507,LQWYVSEQHEEEALFRGIVDKIKLIG,inactive - virtual,inactive - virtual,0,Inactive,virtual,1,26,0.0384615384615384,0.0,0.0384615384615384,0.1538461538461538,0.0384615384615384,0.0769230769230769,0.0384615384615384,0.1153846153846153,0.0769230769230769,0.1153846153846153,0.0,0.0,0.0,0.0769230769230769,0.0384615384615384,0.0384615384615384,0.0,0.0769230769230769,0.0384615384615384,0.0384615384615384,3101.509000000001,-2.408533059577852,4.960589027404784,0.1153846153846153,33.4076923076923,0.0734615384615385,0.2798176482387999,-0.0006126028527947,116.15384615384616,1.3330769230769224,0.3846153846153846,test
508,LREIVENMIKSSLERAIAAY,inactive - virtual,inactive - virtual,0,Inactive,virtual,1,20,0.15,0.0,0.0,0.15,0.0,0.0,0.0,0.15,0.05,0.1,0.05,0.05,0.0,0.0,0.1,0.1,0.0,0.05,0.0,0.05,2306.6801,-0.4442462714148352,6.228894233703613,0.05,29.9,0.0199999999999999,0.2535856069771399,-4.335235056444761e-07,127.0,1.6489999999999991,0.5,development
509,LRSWFRERLIAHRLASVNL,inactive - virtual,inactive - virtual,0,Inactive,virtual,1,19,0.1052631578947368,0.0,0.0,0.0526315789473684,0.0526315789473684,0.0,0.0526315789473684,0.0526315789473684,0.0,0.2105263157894736,0.0,0.0526315789473684,0.0,0.0,0.2105263157894736,0.1052631578947368,0.0,0.0526315789473684,0.0526315789473684,0.0,2337.7271,2.5950995967493475,11.999967765808105,0.1052631578947368,38.26842105263158,-0.1121052631578947,0.2652842467186275,0.0013243616670873,128.42105263157893,2.474736842105262,0.4736842105263157,development
510,LRTYFMERLRHYRQLSL,inactive - virtual,inactive - virtual,0,Inactive,virtual,1,17,0.0,0.0,0.0,0.0588235294117647,0.0588235294117647,0.0,0.0588235294117647,0.0,0.0,0.2352941176470588,0.0588235294117647,0.0,0.0,0.0588235294117647,0.2352941176470588,0.0588235294117647,0.0588235294117647,0.0,0.0,0.1176470588235294,2282.6684,2.590088411414776,10.834572792053224,0.1764705882352941,70.62941176470589,-0.3211764705882353,0.2751215964982566,0.0013554302636824,91.76470588235291,3.407647058823529,0.3529411764705882,development
511,LSTVSNFFMNA,inactive - virtual,inactive - virtual,0,Inactive,virtual,1,11,0.0909090909090909,0.0,0.0,0.0,0.1818181818181818,0.0,0.0,0.0,0.0,0.0909090909090909,0.0909090909090909,0.1818181818181818,0.0,0.0,0.0,0.1818181818181818,0.0909090909090909,0.0909090909090909,0.0,0.0,1230.3891,-0.4425471324330503,5.525000190734862,0.1818181818181818,-4.572727272727272,0.3536363636363636,0.4433204884006245,-3.251001714903404e-06,70.90909090909092,0.3245454545454543,0.5454545454545454,development
512,LVGALMHVMQKRSR,inactive - virtual,inactive - virtual,0,Inactive,virtual,1,14,0.0714285714285714,0.0,0.0,0.0,0.0,0.0714285714285714,0.0714285714285714,0.0,0.0714285714285714,0.1428571428571428,0.1428571428571428,0.0,0.0,0.0714285714285714,0.1428571428571428,0.0714285714285714,0.0,0.1428571428571428,0.0,0.0,1626.0031999999997,2.591523479608964,11.999967765808105,0.0,101.11428571428571,-0.0821428571428571,0.3555110079766958,0.0019028173258467,104.28571428571428,1.687142857142857,0.5,test
513,LVLPIAQALKVLG,inactive - virtual,inactive - virtual,0,Inactive,virtual,1,13,0.1538461538461538,0.0,0.0,0.0,0.0,0.0769230769230769,0.0,0.0769230769230769,0.0769230769230769,0.3076923076923077,0.0,0.0,0.0769230769230769,0.0769230769230769,0.0,0.0,0.0,0.1538461538461538,0.0,0.0,1334.6890999999998,0.5549472748996638,8.750052070617677,0.0,10.984615384615388,0.5761538461538461,0.4079715284730888,0.0007462407000876,210.0,-2.011538461538461,0.6923076923076923,test
514,MEALKKQILQI,inactive - virtual,inactive - virtual,0,Inactive,virtual,1,11,0.0909090909090909,0.0,0.0,0.0909090909090909,0.0,0.0,0.0,0.1818181818181818,0.1818181818181818,0.1818181818181818,0.0909090909090909,0.0,0.0,0.1818181818181818,0.0,0.0,0.0,0.0,0.0,0.0,1314.6366,0.2809980583607316,8.345384025573733,0.0,70.0090909090909,0.0745454545454545,0.4899078845369564,0.000758382522972,150.9090909090909,0.4681818181818178,0.5454545454545454,development
515,MEKLNQLWEKAQRLH,inactive - virtual,inactive - virtual,0,Inactive,virtual,1,15,0.0666666666666666,0.0,0.0,0.1333333333333333,0.0,0.0,0.0666666666666666,0.0,0.1333333333333333,0.2,0.0666666666666666,0.0666666666666666,0.0,0.1333333333333333,0.0666666666666666,0.0,0.0,0.0,0.0666666666666666,0.0,1924.2305,0.318720142243249,8.365949440002442,0.0666666666666666,14.433333333333332,-0.2993333333333333,0.5711325351355243,0.0005700981691377,84.66666666666667,2.7179999999999995,0.3333333333333333,development
516,MLEEYRKHVAERAAE,inactive - virtual,inactive - virtual,0,Inactive,virtual,1,15,0.2,0.0,0.0,0.2666666666666666,0.0,0.0,0.0666666666666666,0.0,0.0666666666666666,0.0666666666666666,0.0666666666666666,0.0,0.0,0.0,0.1333333333333333,0.0,0.0,0.0666666666666666,0.0,0.0666666666666666,1832.0458000000003,-1.6769709674537387,5.640838050842285,0.0666666666666666,19.793333333333333,-0.3266666666666667,0.2454356715945723,-0.0004917988046177,65.33333333333333,3.3793333333333337,0.4,test
517,MPEVFNYLGIYLTQA,inactive - virtual,inactive - virtual,0,Inactive,virtual,1,15,0.0666666666666666,0.0,0.0,0.0666666666666666,0.0666666666666666,0.0666666666666666,0.0,0.0666666666666666,0.0,0.1333333333333333,0.0666666666666666,0.0666666666666666,0.0666666666666666,0.0666666666666666,0.0,0.0,0.0666666666666666,0.0666666666666666,0.0,0.1333333333333333,1759.0294,-1.7190019416392683,4.0500284194946286,0.2,39.52666666666666,0.3906666666666668,0.3468446999799064,-0.0005707658722939,104.0,-0.3360000000000002,0.4666666666666667,test
518,MPGTATHTVKMFS,inactive - virtual,inactive - virtual,0,Inactive,virtual,1,13,0.0769230769230769,0.0,0.0,0.0,0.0769230769230769,0.0769230769230769,0.0769230769230769,0.0,0.0769230769230769,0.0,0.1538461538461538,0.0,0.0769230769230769,0.0,0.0,0.0769230769230769,0.2307692307692307,0.0769230769230769,0.0,0.0,1407.6571,0.3190093312642195,8.521060371398928,0.0769230769230769,53.56153846153846,0.1976923076923076,0.3145481885713802,0.0007771763067786,30.0,0.5269230769230769,0.3846153846153846,test
519,MPYTDAVVHEVQRYID,inactive - virtual,inactive - virtual,0,Inactive,virtual,1,16,0.0625,0.0,0.125,0.0625,0.0,0.0,0.0625,0.0625,0.0,0.0,0.0625,0.0,0.0625,0.0625,0.0625,0.0,0.0625,0.1875,0.0,0.125,1936.1483,-2.680238339094528,4.745737648010253,0.125,26.81875,0.01625,0.4594547873037933,-0.0009833948815949,85.0,1.93875,0.375,test
520,MTDQQAEARAF,inactive - virtual,inactive - virtual,0,Inactive,virtual,1,11,0.2727272727272727,0.0,0.0909090909090909,0.0909090909090909,0.0909090909090909,0.0,0.0,0.0,0.0,0.0,0.0909090909090909,0.0,0.0,0.1818181818181818,0.0909090909090909,0.0,0.0909090909090909,0.0,0.0,0.0,1267.3682,-1.7135693903830658,4.369065666198731,0.0909090909090909,23.981818181818184,-0.199090909090909,0.2153323578769884,-0.0007906136329564,27.27272727272727,3.030909090909091,0.4545454545454545,development
521,MVFKQMEQVAQFLKAAEDY,inactive - virtual,inactive - virtual,0,Inactive,virtual,1,19,0.1578947368421052,0.0,0.0526315789473684,0.1052631578947368,0.1052631578947368,0.0,0.0,0.0,0.1052631578947368,0.0526315789473684,0.1052631578947368,0.0,0.0,0.1578947368421052,0.0,0.0,0.0,0.1052631578947368,0.0,0.0526315789473684,2276.629,-1.7199402892117046,4.677076148986816,0.1578947368421052,21.87368421052632,0.061578947368421,0.4098888733859281,-0.0004401242186916,66.84210526315789,1.1110526315789473,0.5263157894736842,development
522,MYSNRMRSYKQEMGKLETDFKRSRI,inactive - virtual,inactive - virtual,0,Inactive,virtual,1,25,0.0,0.0,0.04,0.08,0.04,0.04,0.0,0.04,0.12,0.04,0.12,0.04,0.0,0.04,0.16,0.12,0.04,0.0,0.0,0.08,3155.632700000001,3.27494805252023,10.15597858428955,0.12,73.292,-0.4991999999999999,0.2316168509826572,0.001266621034085,31.2,4.1236,0.24,development
523,NAAGWDLLLTLYRSA,inactive - virtual,inactive - virtual,0,Inactive,virtual,1,15,0.2,0.0,0.0666666666666666,0.0,0.0,0.0666666666666666,0.0,0.0,0.0,0.2666666666666666,0.0,0.0666666666666666,0.0,0.0,0.0666666666666666,0.0666666666666666,0.0666666666666666,0.0,0.0666666666666666,0.0666666666666666,1663.8707,-0.4446313591787048,5.835682106018066,0.1333333333333333,35.58,0.2266666666666667,0.3251286544022545,-2.404019520638508e-06,124.0,0.5340000000000001,0.4666666666666667,development
524,NAAQLDALAHALLEIPRFSYATR,inactive - virtual,inactive - virtual,0,Inactive,virtual,1,23,0.2608695652173913,0.0,0.0434782608695652,0.0434782608695652,0.0434782608695652,0.0,0.0434782608695652,0.0434782608695652,0.0,0.1739130434782608,0.0,0.0434782608695652,0.0434782608695652,0.0434782608695652,0.0869565217391304,0.0434782608695652,0.0434782608695652,0.0,0.0,0.0434782608695652,2541.858,-0.4069092752961869,6.75204029083252,0.0869565217391304,20.01304347826087,0.0956521739130435,0.1464281822341156,3.7767618987670445e-05,110.8695652173913,1.2991304347826087,0.5217391304347826,development
525,NAGQANEFFNEFWS,inactive - virtual,inactive - virtual,0,Inactive,virtual,1,14,0.1428571428571428,0.0,0.0,0.1428571428571428,0.2142857142857142,0.0714285714285714,0.0,0.0,0.0,0.0,0.0,0.2142857142857142,0.0,0.0714285714285714,0.0,0.0714285714285714,0.0,0.0,0.0714285714285714,0.0,1660.696,-2.440305610553361,4.0500284194946286,0.2857142857142857,9.285714285714286,0.0914285714285714,0.365415407640877,-0.0012049135906545,14.285714285714285,1.903571428571428,0.3571428571428571,development
526,NAKIARINELAAKAKAGV,inactive - virtual,inactive - virtual,0,Inactive,virtual,1,18,0.3333333333333333,0.0,0.0,0.0555555555555555,0.0,0.0555555555555555,0.0,0.1111111111111111,0.1666666666666666,0.0555555555555555,0.0,0.1111111111111111,0.0,0.0,0.0555555555555555,0.0,0.0,0.0555555555555555,0.0,0.0,1838.1596,2.551031732271564,10.289686012268067,0.0,4.727777777777778,-0.0055555555555555,0.2503771939159889,0.0016304347826086,114.44444444444444,1.1700000000000004,0.5555555555555556,development
527,NAKYVAEATGNFITVMDALKL,inactive - virtual,inactive - virtual,0,Inactive,virtual,1,21,0.1904761904761904,0.0,0.0476190476190476,0.0476190476190476,0.0476190476190476,0.0476190476190476,0.0,0.0476190476190476,0.0952380952380952,0.0952380952380952,0.0476190476190476,0.0952380952380952,0.0,0.0,0.0,0.0,0.0952380952380952,0.0952380952380952,0.0,0.0476190476190476,2269.615,-0.4484966653400581,6.068267250061035,0.0952380952380952,-13.804761904761904,0.217142857142857,0.2122986079653087,-1.3218071747693447e-06,102.38095238095238,0.420952380952381,0.5238095238095238,development
528,NASRTVGVVAALL,inactive - virtual,inactive - virtual,0,Inactive,virtual,1,13,0.2307692307692307,0.0,0.0,0.0,0.0,0.0769230769230769,0.0,0.0,0.0,0.1538461538461538,0.0,0.0769230769230769,0.0,0.0,0.0769230769230769,0.0769230769230769,0.0769230769230769,0.2307692307692307,0.0,0.0,1270.4779999999998,0.5574277493335762,9.750021171569824,0.0,17.51538461538462,0.3330769230769231,0.3770934258088498,0.0007839556702978,150.0,-0.0615384615384615,0.6153846153846154,development
529,NDAEVKKIAAQYGKD,inactive - virtual,inactive - virtual,0,Inactive,virtual,1,15,0.2,0.0,0.1333333333333333,0.0666666666666666,0.0,0.0666666666666666,0.0,0.0666666666666666,0.2,0.0,0.0,0.0666666666666666,0.0,0.0666666666666666,0.0,0.0,0.0,0.0666666666666666,0.0,0.0666666666666666,1649.7995999999998,-0.4492864625602806,6.222357749938964,0.0666666666666666,-14.593333333333334,-0.238,0.2842927171584148,-1.8183912086846363e-06,65.33333333333333,2.526,0.3333333333333333,development
530,NDEETVALTAGGHT,inactive - virtual,inactive - virtual,0,Inactive,virtual,1,14,0.1428571428571428,0.0,0.0714285714285714,0.1428571428571428,0.0,0.1428571428571428,0.0714285714285714,0.0,0.0,0.0714285714285714,0.0,0.0714285714285714,0.0,0.0,0.0,0.0,0.2142857142857142,0.0714285714285714,0.0,0.0,1414.4313000000002,-3.403232685222309,4.13028507232666,0.0,36.0,0.0492857142857143,0.0682090099403535,-0.0020517098760631,62.85714285714285,1.9207142857142856,0.2857142857142857,development
531,NEEVRIEAIIGLSYR,inactive - virtual,inactive - virtual,0,Inactive,virtual,1,15,0.0666666666666666,0.0,0.0,0.2,0.0,0.0666666666666666,0.0,0.2,0.0,0.0666666666666666,0.0,0.0666666666666666,0.0,0.0,0.1333333333333333,0.0666666666666666,0.0,0.0666666666666666,0.0,0.0666666666666666,1761.9724,-1.4417406787475495,4.785979652404785,0.0666666666666666,49.08666666666666,-0.0279999999999999,0.2406085825778314,-0.0005681108752653,130.0,2.2653333333333334,0.4,development
532,NEQDLGIQYKALKPEVDKLNIMAAKRQQEL,inactive - virtual,inactive - virtual,0,Inactive,virtual,1,30,0.1,0.0,0.0666666666666666,0.1,0.0,0.0333333333333333,0.0,0.0666666666666666,0.1333333333333333,0.1333333333333333,0.0333333333333333,0.0666666666666666,0.0333333333333333,0.1333333333333333,0.0333333333333333,0.0,0.0,0.0333333333333333,0.0,0.0333333333333333,3484.9750000000004,-0.4508449628733091,6.278059959411621,0.0333333333333333,55.83,-0.1939999999999999,0.1521930471311745,-2.869448692822648e-07,97.66666666666666,2.276333333333333,0.3666666666666666,test
533,NEYIMSLISDN,inactive - virtual,inactive - virtual,0,Inactive,virtual,1,11,0.0,0.0,0.0909090909090909,0.0909090909090909,0.0,0.0,0.0,0.1818181818181818,0.0,0.0909090909090909,0.0909090909090909,0.1818181818181818,0.0,0.0,0.0,0.1818181818181818,0.0,0.0,0.0,0.0909090909090909,1298.4184999999998,-2.443485480005487,4.0500284194946286,0.0909090909090909,49.03636363636363,0.1127272727272726,0.2926116586664353,-0.00154264413672,106.36363636363636,1.6945454545454546,0.3636363636363636,development
534,NFKDVIETAKKVMNF,inactive - virtual,inactive - virtual,0,Inactive,virtual,1,15,0.0666666666666666,0.0,0.0666666666666666,0.0666666666666666,0.1333333333333333,0.0,0.0,0.0666666666666666,0.2,0.0,0.0666666666666666,0.1333333333333333,0.0,0.0,0.0,0.0,0.0666666666666666,0.1333333333333333,0.0,0.0,1784.0838,0.5515033346599418,8.497658348083494,0.1333333333333333,2.906666666666667,-0.0326666666666666,0.5550814316006148,0.0005588283102309,71.33333333333333,1.660666666666667,0.4666666666666667,test
535,NGETFLTELLD,inactive - virtual,inactive - virtual,0,Inactive,virtual,1,11,0.0,0.0,0.0909090909090909,0.1818181818181818,0.0909090909090909,0.0909090909090909,0.0,0.0,0.0,0.2727272727272727,0.0,0.0909090909090909,0.0,0.0,0.0,0.0,0.1818181818181818,0.0,0.0,0.0,1251.339,-3.4385898151062984,4.0500284194946286,0.0909090909090909,17.3,0.1563636363636363,0.4435198604363886,-0.0023982290984065,106.36363636363636,1.4036363636363636,0.3636363636363636,test
536,NGLEVVKALAQG,inactive - virtual,inactive - virtual,0,Inactive,virtual,1,12,0.1666666666666666,0.0,0.0,0.0833333333333333,0.0,0.1666666666666666,0.0,0.0,0.0833333333333333,0.1666666666666666,0.0,0.0833333333333333,0.0,0.0833333333333333,0.0,0.0,0.0,0.1666666666666666,0.0,0.0,1198.369,-0.4439319641604915,6.001424598693848,0.0,-5.758333333333334,0.2275,0.4522926150314348,-2.5034004522810154e-06,129.99999999999997,0.0933333333333332,0.5,development
537,NIDEIERKIDEAIEKE,inactive - virtual,inactive - virtual,0,Inactive,virtual,1,16,0.0625,0.0,0.125,0.3125,0.0,0.0,0.0,0.25,0.125,0.0,0.0,0.0625,0.0,0.0,0.0625,0.0,0.0,0.0,0.0,0.0,1944.1013000000005,-4.438994176335067,4.388902473449707,0.0,98.49375,-0.3475,0.6125039043028939,-0.0020554392498366,103.75,3.91625,0.3125,development
538,NIDSYLNAVNIINIFKIIG,inactive - virtual,inactive - virtual,0,Inactive,virtual,1,19,0.0526315789473684,0.0,0.0526315789473684,0.0,0.0526315789473684,0.0526315789473684,0.0,0.3157894736842105,0.0526315789473684,0.0526315789473684,0.0,0.2105263157894736,0.0,0.0,0.0,0.0526315789473684,0.0,0.0526315789473684,0.0,0.0526315789473684,2134.4731000000006,-0.4471118336126172,5.834943199157714,0.1052631578947368,76.61052631578946,0.3926315789473684,0.081481661254616,-2.342490911135265e-06,164.21052631578945,0.008421052631579,0.5263157894736842,test
539,NIEQLWRDYNKYEEGIN,inactive - virtual,inactive - virtual,0,Inactive,virtual,1,17,0.0,0.0,0.0588235294117647,0.1764705882352941,0.0,0.0588235294117647,0.0,0.1176470588235294,0.0588235294117647,0.0588235294117647,0.0,0.1764705882352941,0.0,0.0588235294117647,0.0588235294117647,0.0,0.0,0.0,0.0588235294117647,0.1176470588235294,2184.3201,-2.446280261693743,4.407318305969238,0.1764705882352941,110.04117647058824,-0.2705882352941177,0.5314735189903755,-0.0009160703739819,68.8235294117647,3.3723529411764708,0.1764705882352941,development
540,NILKQIFKLLQA,inactive - virtual,inactive - virtual,0,Inactive,virtual,1,12,0.0833333333333333,0.0,0.0,0.0,0.0833333333333333,0.0,0.0,0.1666666666666666,0.1666666666666666,0.25,0.0,0.0833333333333333,0.0,0.1666666666666666,0.0,0.0,0.0,0.0,0.0,0.0,1428.7606,1.552441682232378,10.002737236022949,0.0833333333333333,82.02499999999999,0.2033333333333333,0.683909046249411,0.001396305913478,170.83333333333334,-0.0475,0.5833333333333334,development
541,NINELFIEISRRI,inactive - virtual,inactive - virtual,0,Inactive,virtual,1,13,0.0,0.0,0.0,0.1538461538461538,0.0769230769230769,0.0,0.0,0.3076923076923077,0.0,0.0769230769230769,0.0,0.1538461538461538,0.0,0.0,0.1538461538461538,0.0769230769230769,0.0,0.0,0.0,0.0,1616.8590000000002,-0.4403558470201085,6.14397678375244,0.0769230769230769,150.52307692307693,-0.0246153846153846,0.6706470820568138,-6.184827381467784e-07,150.0,2.504615384615384,0.4615384615384615,development
542,NIPKHTHRFFILVLEI,inactive - virtual,inactive - virtual,0,Inactive,virtual,1,16,0.0,0.0,0.0,0.0625,0.125,0.0,0.125,0.1875,0.0625,0.125,0.0,0.0625,0.0625,0.0,0.0625,0.0,0.0625,0.0625,0.0,0.0,1977.3542,0.6292957999582289,8.76197872161865,0.125,54.400000000000006,0.2281249999999999,0.483757922755379,0.0006043411417243,140.0,0.7006249999999997,0.5,development
543,NKDQWEERIQVWHEEH,inactive - virtual,inactive - virtual,0,Inactive,virtual,1,16,0.0,0.0,0.0625,0.25,0.0,0.0,0.125,0.0625,0.0625,0.0,0.0,0.0625,0.0,0.125,0.0625,0.0,0.0,0.0625,0.125,0.0,2163.2647,-3.366895433067233,4.923814201354979,0.125,70.3,-0.43875,0.1410250530295812,-0.0012947990773227,42.5,4.365625,0.125,development
544,NKEEMMDIVKAIYDMMG,inactive - virtual,inactive - virtual,0,Inactive,virtual,1,17,0.0588235294117647,0.0,0.1176470588235294,0.1176470588235294,0.0,0.0588235294117647,0.0,0.1176470588235294,0.1176470588235294,0.0,0.2352941176470588,0.0588235294117647,0.0,0.0,0.0,0.0,0.0,0.0588235294117647,0.0,0.0588235294117647,2018.3979,-2.4469294202452088,4.316716957092285,0.0588235294117647,46.37058823529412,0.0447058823529411,0.3634733170721414,-0.000991874752279,68.8235294117647,1.347647058823529,0.4705882352941176,test
545,NKLVDRWLHVRKHLLVAYYNLVG,inactive - virtual,inactive - virtual,0,Inactive,virtual,1,23,0.0434782608695652,0.0,0.0434782608695652,0.0,0.0,0.0434782608695652,0.0869565217391304,0.0,0.0869565217391304,0.217391304347826,0.0,0.0869565217391304,0.0,0.0,0.0869565217391304,0.0,0.0,0.1739130434782608,0.0434782608695652,0.0869565217391304,2807.3000000000006,2.621079626938158,9.993002510070802,0.1304347826086956,38.3,0.0465217391304348,0.3203438359416046,0.0011370315355268,139.56521739130434,1.1608695652173906,0.4347826086956521,development
546,NKQADSIKQMEERNKKRVENFKKTG,inactive - virtual,inactive - virtual,0,Inactive,virtual,1,25,0.04,0.0,0.04,0.12,0.04,0.04,0.0,0.04,0.24,0.0,0.04,0.12,0.0,0.08,0.08,0.04,0.04,0.04,0.0,0.0,3007.384900000001,3.5461778420710264,9.99525890350342,0.04,63.964,-0.638,0.4100231054099912,0.0013297244454493,31.2,4.4888,0.2,test
547,NKRAVDWAMRAAMAL,inactive - virtual,inactive - virtual,0,Inactive,virtual,1,15,0.3333333333333333,0.0,0.0666666666666666,0.0,0.0,0.0,0.0,0.0,0.0666666666666666,0.0666666666666666,0.1333333333333333,0.0666666666666666,0.0,0.0,0.1333333333333333,0.0,0.0,0.0666666666666666,0.0666666666666666,0.0,1704.029,1.5553435225879215,10.835024070739744,0.0666666666666666,30.01333333333333,-0.0526666666666666,0.50306927985645,0.0011713408801488,78.66666666666666,1.714,0.6,development
548,NKSVGAVYAILYLS,inactive - virtual,inactive - virtual,0,Inactive,virtual,1,14,0.1428571428571428,0.0,0.0,0.0,0.0,0.0714285714285714,0.0,0.0714285714285714,0.0714285714285714,0.1428571428571428,0.0,0.0714285714285714,0.0,0.0,0.0,0.1428571428571428,0.0,0.1428571428571428,0.0,0.1428571428571428,1497.7331,0.5499360895650922,8.49740047454834,0.1428571428571428,39.35714285714285,0.3857142857142857,0.1788680611200887,0.0006636665909971,139.28571428571428,-0.5807142857142857,0.5,development
549,NLDSIQEELADVIAWTVSIANLEG,inactive - virtual,inactive - virtual,0,Inactive,virtual,1,24,0.125,0.0,0.0833333333333333,0.125,0.0,0.0416666666666666,0.0,0.125,0.0,0.125,0.0,0.0833333333333333,0.0,0.0416666666666666,0.0,0.0833333333333333,0.0416666666666666,0.0833333333333333,0.0416666666666666,0.0,2600.8275000000003,-5.438291881303506,4.0500284194946286,0.0416666666666666,29.41666666666667,0.2504166666666667,0.2477755742666668,-0.0019220713308008,134.16666666666666,0.8233333333333333,0.4583333333333333,development
550,NLEQTARRWLEERG,inactive - virtual,inactive - virtual,0,Inactive,virtual,1,14,0.0714285714285714,0.0,0.0,0.2142857142857142,0.0,0.0714285714285714,0.0,0.0,0.0,0.1428571428571428,0.0,0.0714285714285714,0.0,0.0714285714285714,0.2142857142857142,0.0,0.0714285714285714,0.0,0.0714285714285714,0.0,1757.9044,-0.4392602043136371,6.230372047424316,0.0714285714285714,130.90714285714284,-0.5207142857142857,0.3811041992441986,0.0,62.85714285714285,4.644285714285715,0.2142857142857142,development
551,NLESEIHTVLKHLVENN,inactive - virtual,inactive - virtual,0,Inactive,virtual,1,17,0.0,0.0,0.0,0.1764705882352941,0.0,0.0,0.1176470588235294,0.0588235294117647,0.0588235294117647,0.1764705882352941,0.0,0.1764705882352941,0.0,0.0,0.0,0.0588235294117647,0.0588235294117647,0.1176470588235294,0.0,0.0,1989.1896000000008,-2.368437559928709,5.32526798248291,0.0,41.22941176470589,-0.0111764705882352,0.3956205452347389,-0.0009058963698791,125.88235294117646,1.9664705882352935,0.3529411764705882,development
552,NLFDHFSAVAQRL,inactive - virtual,inactive - virtual,0,Inactive,virtual,1,13,0.1538461538461538,0.0,0.0769230769230769,0.0,0.1538461538461538,0.0,0.0769230769230769,0.0,0.0,0.1538461538461538,0.0,0.0769230769230769,0.0,0.0769230769230769,0.0769230769230769,0.0769230769230769,0.0,0.0769230769230769,0.0,0.0,1517.6863999999998,-0.4054993253353722,6.744537544250489,0.1538461538461538,10.746153846153849,0.1023076923076923,0.5893301625706727,6.259512812234382e-05,97.6923076923077,1.570769230769231,0.5384615384615384,development
553,NLFPIVFGVIFDA,inactive - virtual,inactive - virtual,0,Inactive,virtual,1,13,0.0769230769230769,0.0,0.0769230769230769,0.0,0.2307692307692307,0.0769230769230769,0.0,0.1538461538461538,0.0,0.0769230769230769,0.0,0.0769230769230769,0.0769230769230769,0.0,0.0,0.0,0.0,0.1538461538461538,0.0,0.0,1451.7059,-1.4421006482780456,4.0500284194946286,0.2307692307692307,27.00769230769231,0.7107692307692306,0.3276493457934848,-0.0006915981842103,142.30769230769232,-1.4746153846153844,0.6923076923076923,development
554,NLLYDIVKENG,inactive - virtual,inactive - virtual,0,Inactive,virtual,1,11,0.0,0.0,0.0909090909090909,0.0909090909090909,0.0,0.0909090909090909,0.0,0.0909090909090909,0.0909090909090909,0.1818181818181818,0.0,0.1818181818181818,0.0,0.0,0.0,0.0,0.0,0.0909090909090909,0.0,0.0909090909090909,1277.4225,-1.4459910726727725,4.3702592849731445,0.0909090909090909,6.618181818181817,0.0672727272727272,0.4484477452252622,-0.0007851702245915,132.72727272727272,1.3418181818181818,0.3636363636363636,test
555,NLNQSIDNFVNMAFFA,inactive - virtual,inactive - virtual,0,Inactive,virtual,1,16,0.125,0.0,0.0625,0.0,0.1875,0.0,0.0,0.0625,0.0,0.0625,0.0625,0.25,0.0,0.0625,0.0,0.0625,0.0,0.0625,0.0,0.0,1845.039,-1.4421006482780456,4.0500284194946286,0.1875,30.443749999999994,0.2518749999999999,0.3863532637540056,-0.0005441616441919,79.375,0.964375,0.5625,development
556,NLSTLAALVAAAG,inactive - virtual,inactive - virtual,0,Inactive,virtual,1,13,0.3846153846153846,0.0,0.0,0.0,0.0,0.0769230769230769,0.0,0.0,0.0,0.2307692307692307,0.0,0.0769230769230769,0.0,0.0,0.0,0.0769230769230769,0.0769230769230769,0.0769230769230769,0.0,0.0,1171.3437,-0.4425471324330503,5.525000190734862,0.0,9.230769230769232,0.5361538461538462,0.1921113177230387,-3.414863192043369e-06,150.76923076923077,-1.244615384615385,0.6923076923076923,development
557,NLTQLKASFAVQ,inactive - virtual,inactive - virtual,0,Inactive,virtual,1,12,0.1666666666666666,0.0,0.0,0.0,0.0833333333333333,0.0,0.0,0.0,0.0833333333333333,0.1666666666666666,0.0,0.0833333333333333,0.0,0.1666666666666666,0.0,0.0833333333333333,0.0833333333333333,0.0833333333333333,0.0,0.0,1319.5055999999995,0.5549472748996638,8.750052070617677,0.0833333333333333,-4.191666666666668,0.1275,0.104208642892145,0.0007548256549779,105.83333333333331,0.7299999999999996,0.5,development
558,NLVADMRFNVVRESEARLQVSRLYS,inactive - virtual,inactive - virtual,0,Inactive,virtual,1,25,0.08,0.0,0.04,0.08,0.04,0.0,0.0,0.0,0.0,0.12,0.04,0.08,0.0,0.04,0.16,0.12,0.0,0.16,0.0,0.04,2953.3353999999995,0.5575348080008644,8.741090965270995,0.08,36.324000000000005,-0.1716,0.1385584298636906,0.0003379224877596,101.2,2.8524000000000003,0.44,development
559,NNAITKGFTALEKLLV,inactive - virtual,inactive - virtual,0,Inactive,virtual,1,16,0.125,0.0,0.0,0.0625,0.0625,0.0625,0.0,0.0625,0.125,0.1875,0.0,0.125,0.0,0.0,0.0,0.0,0.125,0.0625,0.0,0.0,1732.0292000000004,0.5535624431722228,8.591073036193851,0.0625,-1.2375000000000005,0.2074999999999999,0.4591391936511378,0.0005756251335138,128.125,0.3168749999999999,0.5,development
560,NPAAEKMQVLQVLDRLRGKLQEKG,inactive - virtual,inactive - virtual,0,Inactive,virtual,1,24,0.0833333333333333,0.0,0.0416666666666666,0.0833333333333333,0.0,0.0833333333333333,0.0,0.0,0.125,0.1666666666666666,0.0416666666666666,0.0416666666666666,0.0416666666666666,0.125,0.0833333333333333,0.0,0.0,0.0833333333333333,0.0,0.0,2722.1712,1.55257385913304,9.696641349792484,0.0,46.491666666666674,-0.2354166666666666,0.2206864994535469,0.0007343379203432,97.49999999999996,2.353333333333333,0.375,development
561,NPAQYLAQHEQLL,inactive - virtual,inactive - virtual,0,Inactive,virtual,1,13,0.1538461538461538,0.0,0.0,0.0769230769230769,0.0,0.0,0.0769230769230769,0.0,0.0,0.2307692307692307,0.0,0.0769230769230769,0.0769230769230769,0.2307692307692307,0.0,0.0,0.0,0.0,0.0,0.0769230769230769,1524.6758000000002,-1.4073055229844442,5.240180015563964,0.0769230769230769,30.84615384615385,0.0346153846153846,0.3055541780195917,-0.0005935671747514,105.3846153846154,1.2684615384615383,0.3846153846153846,development
562,NPARALYQTVRELIENSLDA,inactive - virtual,inactive - virtual,0,Inactive,virtual,1,20,0.15,0.0,0.05,0.1,0.0,0.0,0.0,0.05,0.0,0.15,0.0,0.1,0.05,0.05,0.1,0.05,0.05,0.05,0.0,0.05,2273.5012,-1.442414955532389,4.679122352600097,0.05,39.66,-0.0989999999999999,0.5428459902520462,-0.0004407282132033,107.5,2.398,0.4,test
563,NPEILLARVKRFLERE,inactive - virtual,inactive - virtual,0,Inactive,virtual,1,16,0.0625,0.0,0.0,0.1875,0.0625,0.0,0.0,0.0625,0.0625,0.1875,0.0,0.0625,0.0625,0.0,0.1875,0.0,0.0,0.0625,0.0,0.0,1983.3176000000003,0.5603266896757733,8.743927574157716,0.0625,61.087500000000006,-0.26625,0.4686730187477426,0.0005042050702861,121.875,3.054375,0.4375,test
564,NPERVLLQLKYRYDVEI,inactive - virtual,inactive - virtual,0,Inactive,virtual,1,17,0.0,0.0,0.0588235294117647,0.1176470588235294,0.0,0.0,0.0,0.0588235294117647,0.0588235294117647,0.1764705882352941,0.0,0.0588235294117647,0.0588235294117647,0.0588235294117647,0.1176470588235294,0.0,0.0,0.1176470588235294,0.0,0.1176470588235294,2148.4602,-0.4474261408669604,6.180581092834472,0.1176470588235294,43.00000000000001,-0.1747058823529411,0.2831821760540176,-1.396342513509614e-06,125.88235294117646,2.4958823529411767,0.3529411764705882,development
565,NPGQAIWLGEFSKRH,inactive - virtual,inactive - virtual,0,Inactive,virtual,1,15,0.0666666666666666,0.0,0.0,0.0666666666666666,0.0666666666666666,0.1333333333333333,0.0666666666666666,0.0666666666666666,0.0666666666666666,0.0666666666666666,0.0,0.0666666666666666,0.0666666666666666,0.0666666666666666,0.0666666666666666,0.0666666666666666,0.0,0.0,0.0666666666666666,0.0,1739.9303,0.5926693587821821,8.755016136169434,0.1333333333333333,45.18666666666667,-0.0493333333333333,0.1150792198228661,0.0006299067783946,58.66666666666666,1.912,0.2666666666666666,development
566,NPMIIEGQIHGGLTEGYAVAMG,inactive - virtual,inactive - virtual,0,Inactive,virtual,1,22,0.0909090909090909,0.0,0.0,0.0909090909090909,0.0,0.2272727272727272,0.0454545454545454,0.1363636363636363,0.0,0.0454545454545454,0.0909090909090909,0.0454545454545454,0.0454545454545454,0.0454545454545454,0.0,0.0,0.0454545454545454,0.0454545454545454,0.0,0.0454545454545454,2258.5724,-2.4061847620446,4.507241249084472,0.0454545454545454,46.94545454545455,0.37,0.0672610486236717,-0.0008425647973505,93.1818181818182,-0.1622727272727272,0.4090909090909091,development
567,NPQVLADIGAEAT,inactive - virtual,inactive - virtual,0,Inactive,virtual,1,13,0.2307692307692307,0.0,0.0769230769230769,0.0769230769230769,0.0,0.0769230769230769,0.0,0.0769230769230769,0.0,0.0769230769230769,0.0,0.0769230769230769,0.0769230769230769,0.0769230769230769,0.0,0.0,0.0769230769230769,0.0769230769230769,0.0,0.0,1298.3988000000002,-2.4409798873382007,4.0500284194946286,0.0,2.969230769230772,0.2107692307692308,0.2650027820037613,-0.0015418977202711,105.3846153846154,0.7715384615384616,0.4615384615384615,test
568,NPRWIGRHKHMFNFLD,inactive - virtual,inactive - virtual,0,Inactive,virtual,1,16,0.0,0.0,0.0625,0.0,0.125,0.0625,0.125,0.0625,0.0625,0.0625,0.0625,0.125,0.0625,0.0,0.125,0.0,0.0,0.0,0.0625,0.0,2068.3654,1.6298657162320735,10.835024070739744,0.1875,56.10625,-0.175625,0.3030472829101522,0.0010607386492745,48.75,2.830625,0.3125,development
569,NPVLQQHFRNLEALAL,inactive - virtual,inactive - virtual,0,Inactive,virtual,1,16,0.125,0.0,0.0,0.0625,0.0625,0.0,0.0625,0.0,0.0,0.25,0.0,0.125,0.0625,0.125,0.0625,0.0,0.0,0.0625,0.0,0.0,1863.1241,-0.4048250485505322,6.749653053283692,0.0625,53.25625000000001,0.0724999999999999,0.361685385710996,5.1526195166198816e-05,128.125,1.276875,0.5,test
570,NQDELEGYNLFKGSG,inactive - virtual,inactive - virtual,0,Inactive,virtual,1,15,0.0,0.0,0.0666666666666666,0.1333333333333333,0.0666666666666666,0.2,0.0,0.0,0.0666666666666666,0.1333333333333333,0.0,0.1333333333333333,0.0,0.0666666666666666,0.0,0.0666666666666666,0.0,0.0,0.0,0.0666666666666666,1670.7308000000005,-2.444870311732928,4.137389945983887,0.1333333333333333,-4.193333333333332,-0.0913333333333333,0.1713134821568069,-0.0011982714246381,52.0,2.307333333333333,0.2,test
571,NQPFALEMIKSRQKKD,inactive - virtual,inactive - virtual,0,Inactive,virtual,1,16,0.0625,0.0,0.0625,0.0625,0.0625,0.0,0.0,0.0625,0.1875,0.0625,0.0625,0.0625,0.0625,0.125,0.0625,0.0625,0.0,0.0,0.0,0.0,1933.2357,1.552747527718627,9.699800300598143,0.0625,47.50625,-0.38875,0.0470071888062246,0.0010329809025263,55.0,3.2024999999999992,0.3125,development
572,NQRALLKSLQDYRQHLDQLITLISN,inactive - virtual,inactive - virtual,0,Inactive,virtual,1,25,0.04,0.0,0.08,0.0,0.0,0.0,0.04,0.08,0.04,0.24,0.0,0.08,0.0,0.16,0.08,0.08,0.04,0.0,0.0,0.04,2981.3655,0.5899108552516878,8.596037101745608,0.04,24.872,-0.1516,0.4711678278895814,0.0003672795819385,128.8,2.4508,0.36,development
573,NREANLQALIATG,inactive - virtual,inactive - virtual,0,Inactive,virtual,1,13,0.2307692307692307,0.0,0.0,0.0769230769230769,0.0,0.0769230769230769,0.0,0.0769230769230769,0.0,0.1538461538461538,0.0,0.1538461538461538,0.0,0.0769230769230769,0.0769230769230769,0.0,0.0769230769230769,0.0,0.0,0.0,1370.5111,-0.4414514897265791,6.0021066665649405,0.0,27.77692307692308,0.0184615384615384,0.1254424086067828,-2.188966151286747e-06,113.07692307692308,1.6915384615384603,0.4615384615384615,test
574,NRKMAMGRKKFNMD,inactive - virtual,inactive - virtual,0,Inactive,virtual,1,14,0.0714285714285714,0.0,0.0714285714285714,0.0,0.0714285714285714,0.0714285714285714,0.0,0.0,0.2142857142857142,0.0,0.2142857142857142,0.1428571428571428,0.0,0.0,0.1428571428571428,0.0,0.0,0.0,0.0,0.0,1727.0871999999997,3.551601648545409,11.097152519226071,0.0714285714285714,41.385714285714286,-0.5528571428571429,0.2178587667356422,0.0023137184512677,7.142857142857142,3.9792857142857136,0.3571428571428571,development
575,NSDQDAGIAIIRRAL,inactive - virtual,inactive - virtual,0,Inactive,virtual,1,15,0.2,0.0,0.1333333333333333,0.0,0.0,0.0666666666666666,0.0,0.2,0.0,0.0666666666666666,0.0,0.0666666666666666,0.0,0.0666666666666666,0.1333333333333333,0.0666666666666666,0.0,0.0,0.0,0.0,1612.786,-0.4417044005897876,5.961182594299316,0.0,54.7,-0.0646666666666666,0.3703249755286339,-1.860130581166798e-06,124.0,2.454,0.4666666666666667,development
576,NSNHQMLLVQQAEDKIKELLNT,inactive - virtual,inactive - virtual,0,Inactive,virtual,1,22,0.0454545454545454,0.0,0.0454545454545454,0.0909090909090909,0.0,0.0,0.0454545454545454,0.0454545454545454,0.0909090909090909,0.1818181818181818,0.0454545454545454,0.1363636363636363,0.0,0.1363636363636363,0.0,0.0454545454545454,0.0454545454545454,0.0454545454545454,0.0,0.0,2566.8841,-1.408243870556881,5.4454256057739245,0.0,11.618181818181816,-0.1245454545454545,0.2959314193363199,-0.0003513979952393,106.36363636363636,2.173181818181817,0.3636363636363636,test
577,NSNTFLTRLLVHM,inactive - virtual,inactive - virtual,0,Inactive,virtual,1,13,0.0,0.0,0.0,0.0,0.0769230769230769,0.0,0.0769230769230769,0.0,0.0,0.2307692307692307,0.0769230769230769,0.1538461538461538,0.0,0.0,0.0769230769230769,0.0769230769230769,0.1538461538461538,0.0769230769230769,0.0,0.0,1545.8042,0.594054190509623,9.756532478332517,0.0769230769230769,12.192307692307692,0.1153846153846154,0.3630427095964444,0.0007083664874725,112.3076923076923,1.3284615384615384,0.4615384615384615,development
578,NSREREMFVQEVRRYY,inactive - virtual,inactive - virtual,0,Inactive,virtual,1,16,0.0,0.0,0.0,0.1875,0.0625,0.0,0.0,0.0,0.0,0.0,0.0625,0.0625,0.0,0.0625,0.25,0.0625,0.0,0.125,0.0,0.125,2162.3874000000005,0.5557034921184183,8.586818122863772,0.1875,72.25,-0.591875,0.383154531675848,0.0004615263666591,36.25,5.16,0.25,test
579,NSSDSIDWLTSM,inactive - virtual,inactive - virtual,0,Inactive,virtual,1,12,0.0,0.0,0.1666666666666666,0.0,0.0,0.0,0.0,0.0833333333333333,0.0,0.0833333333333333,0.0833333333333333,0.0833333333333333,0.0,0.0,0.0,0.3333333333333333,0.0833333333333333,0.0,0.0833333333333333,0.0,1355.4269,-2.4416541641230403,4.0500284194946286,0.0833333333333333,51.55,0.0499999999999999,0.2863878016674905,-0.0014777598252952,64.99999999999999,2.1441666666666666,0.25,development
580,NSVLRAVAEVYA,inactive - virtual,inactive - virtual,0,Inactive,virtual,1,12,0.25,0.0,0.0,0.0833333333333333,0.0,0.0,0.0,0.0,0.0,0.0833333333333333,0.0,0.0833333333333333,0.0,0.0,0.0833333333333333,0.0833333333333333,0.0,0.25,0.0,0.0833333333333333,1291.4524,-0.4439570823938648,6.00136775970459,0.0833333333333333,38.66666666666667,0.1933333333333333,0.5217633345470923,-3.0972937395950286e-06,130.0,0.7866666666666666,0.5833333333333334,test
581,NTDTLERVTEIFKALG,inactive - virtual,inactive - virtual,0,Inactive,virtual,1,16,0.0625,0.0,0.0625,0.125,0.0625,0.0625,0.0,0.0625,0.0625,0.125,0.0,0.0625,0.0,0.0,0.0625,0.0,0.1875,0.0625,0.0,0.0,1807.0098000000005,-1.4423898372990154,4.679122352600097,0.0625,4.050000000000003,-0.0193749999999999,0.4521742407256637,-0.0005539537689332,97.5,2.039375,0.375,test
582,NTEKLLKTVPIIQNQMDALLD,inactive - virtual,inactive - virtual,0,Inactive,virtual,1,21,0.0476190476190476,0.0,0.0952380952380952,0.0476190476190476,0.0,0.0,0.0,0.0952380952380952,0.0952380952380952,0.1904761904761904,0.0476190476190476,0.0952380952380952,0.0476190476190476,0.0952380952380952,0.0,0.0,0.0952380952380952,0.0476190476190476,0.0,0.0,2397.7858,-1.4442752772257093,4.780807304382324,0.0,12.147619047619049,0.0371428571428571,0.3535573205040548,-0.0004178848022554,130.0,1.2919047619047617,0.4285714285714285,development
583,NTPEAYSVLFDMAREVNRLKAED,inactive - virtual,inactive - virtual,0,Inactive,virtual,1,23,0.1304347826086956,0.0,0.0869565217391304,0.1304347826086956,0.0434782608695652,0.0,0.0,0.0,0.0434782608695652,0.0869565217391304,0.0434782608695652,0.0869565217391304,0.0434782608695652,0.0,0.0869565217391304,0.0434782608695652,0.0434782608695652,0.0869565217391304,0.0,0.0434782608695652,2668.9313,-2.442083991812768,4.651157569885254,0.0869565217391304,28.843478260869567,-0.1665217391304347,0.3265895215142841,-0.0007493611696029,72.17391304347825,2.781304347826087,0.391304347826087,development
584,NVGKAWAEDVLALVKH,inactive - virtual,inactive - virtual,0,Inactive,virtual,1,16,0.1875,0.0,0.0625,0.0625,0.0,0.0625,0.0625,0.0,0.125,0.125,0.0,0.0625,0.0,0.0,0.0,0.0,0.0,0.1875,0.0625,0.0,1750.0063,-0.4093646314967256,6.751130867004395,0.0625,-0.3937499999999977,0.176875,0.4271394171959645,5.4856829389546345e-05,121.875,0.454375,0.5,development
585,NVKDLADAAKRT,inactive - virtual,inactive - virtual,0,Inactive,virtual,1,12,0.25,0.0,0.1666666666666666,0.0,0.0,0.0,0.0,0.0,0.1666666666666666,0.0833333333333333,0.0,0.0833333333333333,0.0,0.0,0.0833333333333333,0.0,0.0833333333333333,0.0833333333333333,0.0,0.0,1301.4492,0.5533095323090143,8.589848136901857,0.0,26.858333333333334,-0.3391666666666666,0.6280312336895782,0.0007653002420377,81.66666666666666,3.19,0.4166666666666667,development
586,NVKDVTKLVAN,inactive - virtual,inactive - virtual,0,Inactive,virtual,1,11,0.0909090909090909,0.0,0.0909090909090909,0.0,0.0,0.0,0.0,0.0,0.1818181818181818,0.0909090909090909,0.0,0.1818181818181818,0.0,0.0,0.0,0.0,0.0909090909090909,0.2727272727272727,0.0,0.0,1200.3848999999998,0.5528881663873828,8.59094409942627,0.0,-8.963636363636363,-0.0445454545454545,0.5625533844734639,0.0008297303376402,123.63636363636364,1.529090909090909,0.4545454545454545,development
587,NWDDMEKIWHHTFYN,inactive - virtual,inactive - virtual,0,Inactive,virtual,1,15,0.0,0.0,0.1333333333333333,0.0666666666666666,0.0666666666666666,0.0,0.1333333333333333,0.0666666666666666,0.0666666666666666,0.0,0.0666666666666666,0.1333333333333333,0.0,0.0,0.0,0.0,0.0666666666666666,0.0,0.1333333333333333,0.0666666666666666,2036.1845000000008,-2.372291706165674,5.212840461730956,0.2666666666666666,37.48066666666666,-0.0886666666666666,0.3624969661145454,-0.0008864595150747,26.0,2.68,0.2,development
588,NYAHLNRGIALYYG,inactive - virtual,inactive - virtual,0,Inactive,virtual,1,14,0.1428571428571428,0.0,0.0,0.0,0.0,0.1428571428571428,0.0714285714285714,0.0714285714285714,0.0,0.1428571428571428,0.0,0.1428571428571428,0.0,0.0,0.0714285714285714,0.0,0.0,0.0,0.0,0.2142857142857142,1624.7962999999995,0.5865374125077658,8.504105186462404,0.2142857142857142,10.757142857142854,0.1514285714285714,0.221262746799559,0.0006720827178729,97.85714285714286,0.93,0.3571428571428571,development
589,NYEEIYILNHILR,inactive - virtual,inactive - virtual,0,Inactive,virtual,1,13,0.0,0.0,0.0,0.1538461538461538,0.0,0.0,0.0769230769230769,0.2307692307692307,0.0,0.1538461538461538,0.0,0.1538461538461538,0.0,0.0,0.0769230769230769,0.0,0.0,0.0,0.0,0.1538461538461538,1689.9079000000002,-1.4087154729452591,5.399442863464355,0.1538461538461538,121.56923076923076,0.0753846153846153,0.3703353724723895,-0.0005349397305181,150.0,1.7046153846153844,0.3846153846153846,development
590,NYEKFSETKERLLEKF,inactive - virtual,inactive - virtual,0,Inactive,virtual,1,16,0.0,0.0,0.0,0.25,0.125,0.0,0.0,0.0,0.1875,0.125,0.0,0.0625,0.0,0.0,0.0625,0.0625,0.0625,0.0,0.0,0.0625,2061.2937000000006,-0.4481115775761886,6.289825630187988,0.1875,16.700000000000003,-0.3818750000000001,0.4989690656272384,0.0,48.75,3.485,0.25,development
591,PAERYYRDARIT,inactive - virtual,inactive - virtual,0,Inactive,virtual,1,12,0.1666666666666666,0.0,0.0833333333333333,0.0833333333333333,0.0,0.0,0.0,0.0833333333333333,0.0,0.0,0.0,0.0,0.0833333333333333,0.0,0.25,0.0,0.0833333333333333,0.0,0.0,0.1666666666666666,1510.6527,0.8978087679864819,9.002187919616702,0.1666666666666666,15.125000000000002,-0.4924999999999999,0.4759135681105316,0.0006593188362625,49.16666666666666,4.55,0.25,development
592,PALDILKALVDNLYVEN,inactive - virtual,inactive - virtual,0,Inactive,virtual,1,17,0.1176470588235294,0.0,0.1176470588235294,0.0588235294117647,0.0,0.0,0.0,0.0588235294117647,0.0588235294117647,0.2352941176470588,0.0,0.1176470588235294,0.0588235294117647,0.0,0.0,0.0,0.0,0.1176470588235294,0.0,0.0588235294117647,1900.1758,-2.1016693931583927,4.0500284194946286,0.0588235294117647,18.235294117647054,0.2364705882352941,0.2793545579667178,-0.0010541106632003,160.58823529411765,0.4070588235294117,0.5294117647058824,development
593,PATSRKIFKYIRELDE,inactive - virtual,inactive - virtual,0,Inactive,virtual,1,16,0.0625,0.0,0.0625,0.125,0.0625,0.0,0.0,0.125,0.125,0.0625,0.0,0.0,0.0625,0.0,0.125,0.0625,0.0625,0.0,0.0,0.0625,1966.2408,0.8985415411491116,8.90187511444092,0.125,18.75,-0.281875,0.6036699579272908,0.0005075677435104,79.375,3.115,0.3125,development
594,PDEVSALRRTTEKNTTTLINLAKQH,inactive - virtual,inactive - virtual,0,Inactive,virtual,1,25,0.08,0.0,0.04,0.08,0.0,0.0,0.04,0.04,0.08,0.12,0.0,0.08,0.04,0.04,0.08,0.04,0.2,0.04,0.0,0.0,2837.1496,0.9355810883357476,9.004895591735842,0.0,50.964000000000006,-0.2584,0.3574174093152284,0.0003870067250348,82.0,3.026799999999999,0.28,development
595,PDFRKAFKRLL,inactive - virtual,inactive - virtual,0,Inactive,virtual,1,11,0.0909090909090909,0.0,0.0909090909090909,0.0,0.1818181818181818,0.0,0.0,0.0,0.1818181818181818,0.1818181818181818,0.0,0.0,0.0909090909090909,0.0,0.1818181818181818,0.0,0.0,0.0,0.0,0.0,1390.6746,2.896713125280012,11.002964210510251,0.1818181818181818,11.354545454545455,-0.3236363636363636,0.7289890251277925,0.0021543417608651,80.00000000000001,2.913636363636364,0.4545454545454545,development
596,PDIKAQYQQRWL,inactive - virtual,inactive - virtual,0,Inactive,virtual,1,12,0.0833333333333333,0.0,0.0833333333333333,0.0,0.0,0.0,0.0,0.0833333333333333,0.0833333333333333,0.0833333333333333,0.0,0.0,0.0833333333333333,0.25,0.0833333333333333,0.0,0.0,0.0,0.0833333333333333,0.0833333333333333,1545.7397,0.8967382435133842,9.004895591735842,0.1666666666666666,63.59166666666667,-0.2616666666666666,0.1993550998633712,0.0006437046333794,73.33333333333331,2.6641666666666666,0.25,development
597,PDYREVMETFQE,inactive - virtual,inactive - virtual,0,Inactive,virtual,1,12,0.0,0.0,0.0833333333333333,0.25,0.0833333333333333,0.0,0.0,0.0,0.0,0.0,0.0833333333333333,0.0,0.0833333333333333,0.0833333333333333,0.0833333333333333,0.0,0.0833333333333333,0.0833333333333333,0.0,0.0833333333333333,1543.6527000000003,-3.0953013943431,4.2445882797241214,0.1666666666666666,15.125000000000002,-0.2666666666666666,0.4941793085735435,-0.001943445729278,24.16666666666666,3.579166666666667,0.25,development
598,PEALTVAATEVRRIRDRAIQSDAQVAPMTT,inactive - virtual,inactive - virtual,0,Inactive,virtual,1,30,0.2,0.0,0.0666666666666666,0.0666666666666666,0.0,0.0,0.0,0.0666666666666666,0.0,0.0333333333333333,0.0333333333333333,0.0,0.0666666666666666,0.0666666666666666,0.1333333333333333,0.0333333333333333,0.1333333333333333,0.1,0.0,0.0,3267.671799999999,-0.0956379198174701,6.640635871887207,0.0,53.54,-0.1186666666666666,0.2938815854743611,-0.0,88.0,2.513666666666666,0.4333333333333333,development
599,PEDFANHLFTVFD,inactive - virtual,inactive - virtual,0,Inactive,virtual,1,13,0.0769230769230769,0.0,0.1538461538461538,0.0769230769230769,0.2307692307692307,0.0,0.0769230769230769,0.0,0.0,0.0769230769230769,0.0,0.0769230769230769,0.0769230769230769,0.0,0.0,0.0,0.0769230769230769,0.0769230769230769,0.0,0.0,1551.653,-3.058762455355716,4.265789222717285,0.2307692307692307,41.10769230769231,0.213076923076923,0.4852940075711838,-0.001870899552737,60.0,1.416153846153846,0.4615384615384615,development
600,PEKEAVTLGIKALKSSL,inactive - virtual,inactive - virtual,0,Inactive,virtual,1,17,0.1176470588235294,0.0,0.0,0.1176470588235294,0.0,0.0588235294117647,0.0,0.0588235294117647,0.1764705882352941,0.1764705882352941,0.0,0.0,0.0588235294117647,0.0,0.0,0.1176470588235294,0.0588235294117647,0.0588235294117647,0.0,0.0,1784.1023999999998,0.896052806804156,8.903615760803223,0.0,10.988235294117649,0.0735294117647059,0.3306973505163492,0.0005593825492822,120.58823529411764,0.6682352941176471,0.4117647058823529,test
601,PEVQIAILTEQINNLNEHLRV,inactive - virtual,inactive - virtual,0,Inactive,virtual,1,21,0.0476190476190476,0.0,0.0,0.1428571428571428,0.0,0.0,0.0476190476190476,0.1428571428571428,0.0,0.1428571428571428,0.0,0.1428571428571428,0.0476190476190476,0.0952380952380952,0.0476190476190476,0.0,0.0476190476190476,0.0952380952380952,0.0,0.0,2443.7531000000004,-2.058708331311468,4.75284252166748,0.0,50.8952380952381,0.0585714285714285,0.269412853214699,-0.0007778996300782,143.8095238095238,1.6271428571428572,0.4285714285714285,development
602,PEYEHLYTELTGTIVLLIES,inactive - virtual,inactive - virtual,0,Inactive,virtual,1,20,0.0,0.0,0.0,0.2,0.0,0.05,0.05,0.1,0.0,0.2,0.0,0.0,0.05,0.0,0.0,0.05,0.15,0.05,0.0,0.1,2320.5891000000006,-4.062573637472822,4.088167381286621,0.1,34.9,0.2865,0.236531283201438,-0.0016810307679048,131.5,0.4394999999999998,0.35,test
603,PGLRRAWKRLQ,inactive - virtual,inactive - virtual,0,Inactive,virtual,1,11,0.0909090909090909,0.0,0.0,0.0,0.0,0.0909090909090909,0.0,0.0,0.0909090909090909,0.1818181818181818,0.0,0.0,0.0909090909090909,0.0909090909090909,0.2727272727272727,0.0,0.0,0.0,0.0909090909090909,0.0,1380.6434000000002,3.8987471155589177,11.999967765808105,0.0909090909090909,137.94545454545454,-0.5109090909090909,0.7426171450933535,0.0028943098852705,80.00000000000001,3.7209090909090903,0.2727272727272727,development
604,PGRIQRVARGS,inactive - virtual,inactive - virtual,0,Inactive,virtual,1,11,0.0909090909090909,0.0,0.0,0.0,0.0,0.1818181818181818,0.0,0.0909090909090909,0.0,0.0,0.0,0.0,0.0909090909090909,0.0909090909090909,0.2727272727272727,0.0909090909090909,0.0,0.0909090909090909,0.0,0.0,1196.3632,2.901252708226204,11.999967765808105,0.0,1.3727272727272726,-0.3936363636363636,0.5886366970833671,0.0025042629308903,70.90909090909092,3.7318181818181824,0.2727272727272727,development
605,PIAFIHKAI,inactive - virtual,inactive - virtual,0,Inactive,virtual,1,9,0.2222222222222222,0.0,0.0,0.0,0.1111111111111111,0.0,0.1111111111111111,0.3333333333333333,0.1111111111111111,0.0,0.0,0.0,0.1111111111111111,0.0,0.0,0.0,0.0,0.0,0.0,0.0,1009.2445,0.9354489114350856,9.181216621398928,0.1111111111111111,48.91111111111111,0.5399999999999999,0.4790358415693219,0.0010839732474609,152.2222222222222,-1.238888888888889,0.6666666666666666,development
606,PIDIDYMISDTLELLR,inactive - virtual,inactive - virtual,0,Inactive,virtual,1,16,0.0,0.0,0.1875,0.0625,0.0,0.0,0.0,0.1875,0.0,0.1875,0.0625,0.0,0.0625,0.0,0.0625,0.0625,0.0625,0.0,0.0,0.0625,1907.1884,-3.098742434569476,4.0500284194946286,0.0625,39.48125,0.1468749999999999,0.3473888547429539,-0.0015740434880635,146.25,1.3831250000000002,0.4375,development
607,PIEAFLRLNEELEERG,inactive - virtual,inactive - virtual,0,Inactive,virtual,1,16,0.0625,0.0,0.0,0.3125,0.0625,0.0625,0.0,0.0625,0.0,0.1875,0.0,0.0625,0.0625,0.0,0.125,0.0,0.0,0.0,0.0,0.0,1915.1079000000004,-3.093118368841199,4.325299644470216,0.0625,84.31875,-0.1474999999999999,0.4804748376882864,-0.0015649231636825,103.75,2.82,0.375,development
608,PIKFIRKA,inactive - virtual,inactive - virtual,0,Inactive,virtual,1,8,0.125,0.0,0.0,0.0,0.125,0.0,0.0,0.25,0.25,0.0,0.0,0.0,0.125,0.0,0.125,0.0,0.0,0.0,0.0,0.0,972.2277,2.89629175935838,11.16877689361572,0.125,-1.8625000000000005,-0.095,0.7909744075127042,0.0030805467841971,110.0,1.4237499999999998,0.5,test
609,PKAYAQHVFRS,inactive - virtual,inactive - virtual,0,Inactive,virtual,1,11,0.1818181818181818,0.0,0.0,0.0,0.0909090909090909,0.0,0.0909090909090909,0.0,0.0909090909090909,0.0,0.0,0.0,0.0909090909090909,0.0909090909090909,0.0909090909090909,0.0909090909090909,0.0,0.0909090909090909,0.0,0.0909090909090909,1303.4680999999998,1.9329182005344263,10.010280036926268,0.1818181818181818,70.56363636363636,-0.1372727272727272,0.4562324779452061,0.0016064811618219,44.54545454545455,2.1427272727272726,0.3636363636363636,development
610,PKPLVSFFQSLLQLVNHDLLEQQN,inactive - virtual,inactive - virtual,0,Inactive,virtual,1,24,0.0,0.0,0.0416666666666666,0.0416666666666666,0.0833333333333333,0.0,0.0416666666666666,0.0,0.0416666666666666,0.25,0.0,0.0833333333333333,0.0833333333333333,0.1666666666666666,0.0,0.0833333333333333,0.0,0.0833333333333333,0.0,0.0,2808.1905,-1.062983843470065,5.328337287902832,0.0833333333333333,54.38333333333334,0.1075,0.3305556531907725,-0.0003219143935617,121.66666666666666,1.0175,0.4166666666666667,development
611,PLEELFLEQLEA,inactive - virtual,inactive - virtual,0,Inactive,virtual,1,12,0.0833333333333333,0.0,0.0,0.3333333333333333,0.0833333333333333,0.0,0.0,0.0,0.0,0.3333333333333333,0.0,0.0,0.0833333333333333,0.0833333333333333,0.0,0.0,0.0,0.0,0.0,0.0,1430.5978,-4.094188893314297,4.0500284194946286,0.0833333333333333,52.38333333333333,0.2108333333333333,0.2843417703021199,-0.0027946316230952,138.33333333333331,0.6924999999999998,0.5,development
612,PLGRLIHMVNQKKDRLLNEYLS,inactive - virtual,inactive - virtual,0,Inactive,virtual,1,22,0.0,0.0,0.0454545454545454,0.0454545454545454,0.0,0.0454545454545454,0.0454545454545454,0.0454545454545454,0.0909090909090909,0.2272727272727272,0.0454545454545454,0.0909090909090909,0.0454545454545454,0.0454545454545454,0.0909090909090909,0.0454545454545454,0.0,0.0454545454545454,0.0,0.0454545454545454,2638.0960000000005,1.9319547347286168,9.71939868927002,0.0454545454545454,8.3,-0.1422727272727272,0.4677561331135997,0.0007941321405557,119.54545454545456,2.12,0.3636363636363636,development
613,PLTKGILGFVFTLT,inactive - virtual,inactive - virtual,0,Inactive,virtual,1,14,0.0,0.0,0.0,0.0,0.1428571428571428,0.1428571428571428,0.0,0.0714285714285714,0.0714285714285714,0.2142857142857142,0.0,0.0,0.0714285714285714,0.0,0.0,0.0,0.2142857142857142,0.0714285714285714,0.0,0.0,1506.8261,0.8988224702590388,9.179991722106934,0.1428571428571428,10.914285714285716,0.545,0.3187456656699285,0.0006609902908755,132.14285714285714,-1.307142857142857,0.5,development
614,PNDMSRIFNIVKESL,inactive - virtual,inactive - virtual,0,Inactive,virtual,1,15,0.0,0.0,0.0666666666666666,0.0666666666666666,0.0666666666666666,0.0,0.0,0.1333333333333333,0.0666666666666666,0.0666666666666666,0.0666666666666666,0.1333333333333333,0.0666666666666666,0.0,0.0666666666666666,0.1333333333333333,0.0,0.0666666666666666,0.0,0.0,1763.0232999999998,-0.0996354028794854,6.492854499816894,0.0666666666666666,86.02,-0.04,0.5507600388704277,-1.1344106453094955e-06,97.33333333333331,2.13,0.4,test
615,PNGPTHAPWLLAHKIQ,inactive - virtual,inactive - virtual,0,Inactive,virtual,1,16,0.125,0.0,0.0,0.0,0.0,0.0625,0.125,0.0625,0.0625,0.125,0.0,0.0625,0.1875,0.0625,0.0,0.0,0.0625,0.0,0.0625,0.0,1780.0373000000004,0.9720753526111328,9.182377052307132,0.0625,22.11875,0.156875,0.2166905900937312,0.0006702058930928,85.625,0.498125,0.3125,test
616,PQHERDVIYEEES,inactive - virtual,inactive - virtual,0,Inactive,virtual,1,13,0.0,0.0,0.0769230769230769,0.3076923076923077,0.0,0.0,0.0769230769230769,0.0769230769230769,0.0,0.0,0.0,0.0,0.0769230769230769,0.0769230769230769,0.0769230769230769,0.0769230769230769,0.0,0.0769230769230769,0.0,0.0769230769230769,1630.6672,-4.059646678883905,4.245895576477051,0.0769230769230769,83.21538461538464,-0.3776923076923077,0.2387290940067953,-0.0023916549639105,52.30769230769231,4.281538461538462,0.1538461538461538,development
617,PQSYAMAIARQESA,inactive - virtual,inactive - virtual,0,Inactive,virtual,1,14,0.2857142857142857,0.0,0.0,0.0714285714285714,0.0,0.0,0.0,0.0714285714285714,0.0,0.0,0.0714285714285714,0.0,0.0714285714285714,0.1428571428571428,0.0714285714285714,0.1428571428571428,0.0,0.0,0.0,0.0714285714285714,1522.6816,-0.1000818870344897,6.42618236541748,0.0714285714285714,121.42857142857142,-0.0285714285714285,0.2136323591908322,-2.626929972614255e-06,56.42857142857142,1.8028571428571427,0.4285714285714285,development
618,PQYALELLTVYAWEQGS,inactive - virtual,inactive - virtual,0,Inactive,virtual,1,17,0.1176470588235294,0.0,0.0,0.1176470588235294,0.0,0.0588235294117647,0.0,0.0,0.0,0.1764705882352941,0.0,0.0,0.0588235294117647,0.1176470588235294,0.0,0.0588235294117647,0.0588235294117647,0.0588235294117647,0.0588235294117647,0.1176470588235294,1968.1653000000008,-2.101441600528558,4.0500284194946286,0.1764705882352941,51.058823529411775,0.2447058823529412,0.1036594849618711,-0.0010176966420583,97.64705882352942,0.3094117647058823,0.3529411764705882,development
619,PQYSQARVMLVKTISMISIVDDTFDA,inactive - virtual,inactive - virtual,0,Inactive,virtual,1,26,0.0769230769230769,0.0,0.1153846153846153,0.0,0.0384615384615384,0.0,0.0,0.1153846153846153,0.0384615384615384,0.0384615384615384,0.0769230769230769,0.0,0.0384615384615384,0.0769230769230769,0.0384615384615384,0.1153846153846153,0.0769230769230769,0.1153846153846153,0.0,0.0384615384615384,2929.367,-1.102368788176606,4.429428672790528,0.0769230769230769,15.08846153846154,0.1407692307692307,0.1571301943083822,-0.0003427346400944,101.15384615384616,1.1573076923076926,0.4615384615384615,development
620,PRESFAVLASALALMAAVFERLAVEIRELS,inactive - virtual,inactive - virtual,0,Inactive,virtual,1,30,0.2333333333333333,0.0,0.0,0.1333333333333333,0.0666666666666666,0.0,0.0,0.0333333333333333,0.0,0.1666666666666666,0.0333333333333333,0.0,0.0333333333333333,0.0,0.1,0.1,0.0,0.1,0.0,0.0,3260.803,-1.0942642480144178,4.949391746520996,0.0666666666666666,24.10666666666667,0.2233333333333333,0.338794246795181,-0.0003063655962782,130.33333333333331,0.6526666666666666,0.6333333333333333,development
621,PRRQQSLALRWLVQAANQ,inactive - virtual,inactive - virtual,0,Inactive,virtual,1,18,0.1666666666666666,0.0,0.0,0.0,0.0,0.0,0.0,0.0,0.0,0.1666666666666666,0.0,0.0555555555555555,0.0555555555555555,0.2222222222222222,0.1666666666666666,0.0555555555555555,0.0,0.0555555555555555,0.0555555555555555,0.0,2135.4317,2.901252708226204,11.999967765808105,0.0555555555555555,128.07777777777778,-0.2594444444444443,0.4239791699997194,0.0014029895478215,97.77777777777776,2.7999999999999994,0.3888888888888889,development
622,PSALIDQEINVLRQQAAQRF,inactive - virtual,inactive - virtual,0,Inactive,virtual,1,20,0.15,0.0,0.05,0.05,0.05,0.0,0.0,0.1,0.0,0.1,0.0,0.05,0.05,0.2,0.1,0.05,0.0,0.05,0.0,0.0,2297.5688999999998,-0.0971549284455726,6.497856330871582,0.05,67.28,-0.0859999999999999,0.163017410766808,-8.70484903615559e-07,107.5,2.272,0.45,development
623,PSDQQNEMVRE,inactive - virtual,inactive - virtual,0,Inactive,virtual,1,11,0.0,0.0,0.0909090909090909,0.1818181818181818,0.0,0.0,0.0,0.0,0.0,0.0,0.0909090909090909,0.0909090909090909,0.0909090909090909,0.1818181818181818,0.0909090909090909,0.0909090909090909,0.0,0.0909090909090909,0.0,0.0,1332.3969,-2.093916562615658,4.426927757263184,0.0,44.10909090909091,-0.5163636363636364,0.4129664361275744,-0.0015018012608826,26.363636363636367,4.7263636363636365,0.1818181818181818,development
624,PSFFRLHKYMDNIFKKHTD,inactive - virtual,inactive - virtual,0,Inactive,virtual,1,19,0.0,0.0,0.1052631578947368,0.0,0.1578947368421052,0.0,0.1052631578947368,0.0526315789473684,0.1578947368421052,0.0526315789473684,0.0526315789473684,0.0526315789473684,0.0526315789473684,0.0,0.0526315789473684,0.0526315789473684,0.0526315789473684,0.0,0.0,0.0526315789473684,2424.7761,1.9666957359779695,9.555262184143068,0.2105263157894736,66.44736842105262,-0.1836842105263158,0.5206203983610912,0.0009044119466508,41.05263157894736,2.6289473684210525,0.3157894736842105,development
625,PSSQIVGTQAVFNVMMG,inactive - virtual,inactive - virtual,0,Inactive,virtual,1,17,0.0588235294117647,0.0,0.0,0.0,0.0588235294117647,0.1176470588235294,0.0,0.0588235294117647,0.0,0.0,0.1176470588235294,0.0588235294117647,0.0588235294117647,0.1176470588235294,0.0,0.1176470588235294,0.0588235294117647,0.1764705882352941,0.0,0.0,1766.0469000000005,-0.0986719370736752,5.954987144470215,0.0588235294117647,22.288235294117644,0.3523529411764706,0.0477914484015943,-2.264941536196597e-06,80.0,-0.0776470588235294,0.4705882352941176,development
626,PSVVANTVKGG,inactive - virtual,inactive - virtual,0,Inactive,virtual,1,11,0.0909090909090909,0.0,0.0,0.0,0.0,0.1818181818181818,0.0,0.0,0.0909090909090909,0.0,0.0,0.0909090909090909,0.0909090909090909,0.0,0.0,0.0909090909090909,0.0909090909090909,0.2727272727272727,0.0,0.0,1028.1600999999998,0.8988224702590388,9.179991722106934,0.0,19.763636363636365,0.2263636363636363,0.3687074397652358,0.0009687208216619,88.18181818181817,0.2136363636363635,0.3636363636363636,test
627,PTKEREQVIAHLGL,inactive - virtual,inactive - virtual,0,Inactive,virtual,1,14,0.0714285714285714,0.0,0.0,0.1428571428571428,0.0,0.0714285714285714,0.0714285714285714,0.0714285714285714,0.0714285714285714,0.1428571428571428,0.0,0.0,0.0714285714285714,0.0714285714285714,0.0714285714285714,0.0,0.0714285714285714,0.0714285714285714,0.0,0.0,1590.8219,-0.062334684918599,7.179298973083497,0.0,11.592857142857143,-0.0614285714285714,0.1047281684830584,6.097445987314798e-05,111.42857142857142,1.807857142857143,0.3571428571428571,development
628,PTLLDLFAEDIGHANQLLQLVDEEFQALER,inactive - virtual,inactive - virtual,0,Inactive,virtual,1,30,0.1,0.0,0.1,0.1333333333333333,0.0666666666666666,0.0333333333333333,0.0333333333333333,0.0333333333333333,0.0,0.2333333333333333,0.0,0.0333333333333333,0.0333333333333333,0.1,0.0333333333333333,0.0,0.0333333333333333,0.0333333333333333,0.0,0.0,3438.7922,-6.056248117906609,4.0500284194946286,0.0666666666666666,30.29666666666667,0.104,0.396586804717775,-0.0017151331859951,123.66666666666666,1.4359999999999995,0.4666666666666667,development
629,PVSDTMDMLTKL,inactive - virtual,inactive - virtual,0,Inactive,virtual,1,12,0.0,0.0,0.1666666666666666,0.0,0.0,0.0,0.0,0.0,0.0833333333333333,0.1666666666666666,0.1666666666666666,0.0,0.0833333333333333,0.0,0.0,0.0833333333333333,0.1666666666666666,0.0833333333333333,0.0,0.0,1350.6009,-1.100284561430951,4.208154487609863,0.0,5.616666666666669,0.0933333333333333,0.493383839694085,-0.0007426329038945,89.16666666666664,1.079166666666667,0.4166666666666667,development
630,PWTQRFFESFG,inactive - virtual,inactive - virtual,0,Inactive,virtual,1,11,0.0,0.0,0.0,0.0909090909090909,0.2727272727272727,0.0909090909090909,0.0,0.0,0.0,0.0,0.0,0.0,0.0909090909090909,0.0909090909090909,0.0909090909090909,0.0909090909090909,0.0909090909090909,0.0,0.0909090909090909,0.0,1401.5232000000003,-0.097576294367204,6.431184196472167,0.3636363636363636,3.4636363636363656,0.0627272727272727,0.5201724414741304,-2.140517862621564e-06,0.0,1.9118181818181808,0.2727272727272727,development
631,QAGNYASMFWLT,inactive - virtual,inactive - virtual,0,Inactive,virtual,1,12,0.1666666666666666,0.0,0.0,0.0,0.0833333333333333,0.0833333333333333,0.0,0.0,0.0,0.0833333333333333,0.0833333333333333,0.0833333333333333,0.0,0.0833333333333333,0.0,0.0833333333333333,0.0833333333333333,0.0,0.0833333333333333,0.0833333333333333,1388.5459,-0.445052725100336,5.524318122863768,0.25,32.108333333333334,0.3225,0.209137149325517,-3.600878614381909e-06,49.16666666666666,0.0958333333333333,0.4166666666666667,development
632,QAKEVLKQHFEKS,inactive - virtual,inactive - virtual,0,Inactive,virtual,1,13,0.0769230769230769,0.0,0.0,0.1538461538461538,0.0769230769230769,0.0,0.0769230769230769,0.0,0.2307692307692307,0.0769230769230769,0.0,0.0,0.0,0.1538461538461538,0.0,0.0769230769230769,0.0,0.0769230769230769,0.0,0.0,1571.7755,0.5888040526208282,8.505330085754395,0.0769230769230769,12.90769230769231,-0.3261538461538462,0.3987302643285854,0.0006979348254844,60.0,2.7430769230769227,0.3076923076923077,development
633,QARVWVARAVSEHQRFTA,inactive - virtual,inactive - virtual,0,Inactive,virtual,1,18,0.2222222222222222,0.0,0.0,0.0555555555555555,0.0555555555555555,0.0,0.0555555555555555,0.0,0.0,0.0,0.0,0.0,0.0,0.1111111111111111,0.1666666666666666,0.0555555555555555,0.0555555555555555,0.1666666666666666,0.0555555555555555,0.0,2112.3536000000004,1.5951247149827208,11.69902935028076,0.1111111111111111,11.238888888888892,-0.1544444444444444,0.3205428732786645,0.0009922598054299,70.55555555555554,2.700555555555556,0.4444444444444444,development
634,QASTGSLLNILR,inactive - virtual,inactive - virtual,0,Inactive,virtual,1,12,0.0833333333333333,0.0,0.0,0.0,0.0,0.0833333333333333,0.0,0.0833333333333333,0.0,0.25,0.0,0.0833333333333333,0.0,0.0833333333333333,0.0833333333333333,0.1666666666666666,0.0833333333333333,0.0,0.0,0.0,1272.4509,0.5574277493335762,9.750021171569824,0.0,70.80833333333334,0.105,0.3922364482356137,0.00078273580309,138.33333333333331,1.1700000000000002,0.4166666666666667,test
635,QDDVLEALSAAVR,inactive - virtual,inactive - virtual,0,Inactive,virtual,1,13,0.2307692307692307,0.0,0.1538461538461538,0.0769230769230769,0.0,0.0,0.0,0.0,0.0,0.1538461538461538,0.0,0.0,0.0,0.0769230769230769,0.0769230769230769,0.0769230769230769,0.0,0.1538461538461538,0.0,0.0,1386.5072000000002,-2.4405585214165693,4.0500284194946286,0.0,24.04615384615385,0.0146153846153846,0.5095133138921301,-0.0014439131344166,127.6923076923077,1.904615384615385,0.5384615384615384,development
636,QDELVWGAYWLYKAT,inactive - virtual,inactive - virtual,0,Inactive,virtual,1,15,0.1333333333333333,0.0,0.0666666666666666,0.0666666666666666,0.0,0.0666666666666666,0.0,0.0,0.0666666666666666,0.1333333333333333,0.0,0.0,0.0,0.0666666666666666,0.0,0.0,0.0666666666666666,0.0666666666666666,0.1333333333333333,0.1333333333333333,1843.0416,-1.4484966653400582,4.3702592849731445,0.2666666666666666,10.913333333333336,0.208,0.2360544925118735,-0.0005447491929139,84.66666666666666,0.4246666666666666,0.3333333333333333,development
637,QDLLDRVLAAHAYWSQ,inactive - virtual,inactive - virtual,0,Inactive,virtual,1,16,0.1875,0.0,0.125,0.0,0.0,0.0,0.0625,0.0,0.0,0.1875,0.0,0.0,0.0,0.125,0.0625,0.0625,0.0,0.0625,0.0625,0.0625,1886.0714000000005,-1.4075584338476528,5.210851097106932,0.125,16.950000000000003,0.046875,0.3427934580478288,-0.0004798311842551,110.0,1.5675,0.4375,development
638,QEWVELMVEAKE,inactive - virtual,inactive - virtual,0,Inactive,virtual,1,12,0.0833333333333333,0.0,0.0,0.3333333333333333,0.0,0.0,0.0,0.0,0.0833333333333333,0.0833333333333333,0.0833333333333333,0.0,0.0,0.0833333333333333,0.0,0.0,0.0,0.1666666666666666,0.0833333333333333,0.0,1490.6762,-3.4384771946842614,4.329448890686037,0.0833333333333333,5.616666666666669,0.005,0.3310627615931211,-0.0020118335256393,89.16666666666666,1.5699999999999996,0.4166666666666667,development
639,QFRRGANFKFELGEILEND,inactive - virtual,inactive - virtual,0,Inactive,virtual,1,19,0.0526315789473684,0.0,0.0526315789473684,0.1578947368421052,0.1578947368421052,0.1052631578947368,0.0,0.0526315789473684,0.0526315789473684,0.1052631578947368,0.0,0.1052631578947368,0.0,0.0526315789473684,0.1052631578947368,0.0,0.0,0.0,0.0,0.0,2283.4975000000004,-1.4400248833004867,5.010493659973144,0.1578947368421052,27.2,-0.1710526315789474,0.3604623886276581,-0.0004379242391066,66.84210526315788,2.945789473684211,0.3684210526315789,development
640,QFSRQMLDRKLLLG,inactive - virtual,inactive - virtual,0,Inactive,virtual,1,14,0.0,0.0,0.0714285714285714,0.0,0.0714285714285714,0.0714285714285714,0.0,0.0,0.0714285714285714,0.2857142857142857,0.0714285714285714,0.0,0.0,0.1428571428571428,0.1428571428571428,0.0714285714285714,0.0,0.0,0.0,0.0,1705.0336,1.5553435225879215,10.835024070739744,0.0714285714285714,19.964285714285715,-0.1828571428571428,0.2360809904497599,0.0011706470229437,111.42857142857142,2.331428571428571,0.4285714285714285,development
641,QGLAEKIFWSLK,inactive - virtual,inactive - virtual,0,Inactive,virtual,1,12,0.0833333333333333,0.0,0.0,0.0833333333333333,0.0833333333333333,0.0833333333333333,0.0,0.0833333333333333,0.1666666666666666,0.1666666666666666,0.0,0.0,0.0,0.0833333333333333,0.0,0.0833333333333333,0.0,0.0,0.0833333333333333,0.0,1419.6661,0.5535624431722228,8.591073036193851,0.1666666666666666,-4.983333333333334,0.1616666666666666,0.3809026807271976,0.0007022758810146,105.83333333333331,0.3358333333333334,0.4166666666666667,test
642,QHLAKLEMKIFFEEL,inactive - virtual,inactive - virtual,0,Inactive,virtual,1,15,0.0666666666666666,0.0,0.0,0.2,0.1333333333333333,0.0,0.0666666666666666,0.0666666666666666,0.1333333333333333,0.2,0.0666666666666666,0.0,0.0,0.0666666666666666,0.0,0.0,0.0,0.0,0.0,0.0,1876.2223000000004,-1.4075695937720414,5.497887992858886,0.1333333333333333,19.746666666666663,0.126,0.2930098663680738,-0.0004807512938179,110.66666666666669,0.7953333333333332,0.5333333333333333,development
643,QIKQTNAGAVYRLIDQLG,inactive - virtual,inactive - virtual,0,Inactive,virtual,1,18,0.1111111111111111,0.0,0.0555555555555555,0.0,0.0,0.1111111111111111,0.0,0.1111111111111111,0.0555555555555555,0.1111111111111111,0.0,0.0555555555555555,0.0,0.1666666666666666,0.0555555555555555,0.0,0.0555555555555555,0.0555555555555555,0.0,0.0555555555555555,1988.2478,0.5528630481540096,8.58978366851807,0.0555555555555555,-8.78888888888889,0.0155555555555555,0.3663877407818695,0.0005004375685272,113.88888888888889,1.4411111111111108,0.3888888888888889,development
644,QINEMHLLIQQAR,inactive - virtual,inactive - virtual,0,Inactive,virtual,1,13,0.0769230769230769,0.0,0.0,0.0769230769230769,0.0,0.0,0.0769230769230769,0.1538461538461538,0.0,0.1538461538461538,0.0769230769230769,0.0769230769230769,0.0,0.2307692307692307,0.0769230769230769,0.0,0.0,0.0,0.0,0.0,1593.8487999999998,-0.4048250485505322,6.749653053283692,0.0,68.10769230769232,-0.0546153846153846,0.2769999091541637,6.023151488534053e-05,127.6923076923077,1.9853846153846155,0.4615384615384615,development
645,QIPRIAREKIRGLTEYF,inactive - virtual,inactive - virtual,0,Inactive,virtual,1,17,0.0588235294117647,0.0,0.0,0.1176470588235294,0.0588235294117647,0.0588235294117647,0.0,0.1764705882352941,0.0588235294117647,0.0588235294117647,0.0,0.0,0.0588235294117647,0.0588235294117647,0.1764705882352941,0.0,0.0588235294117647,0.0,0.0,0.0588235294117647,2090.4276000000004,1.5546078494119464,9.978303718566895,0.1176470588235294,4.623529411764708,-0.2,0.6828032514556739,0.0009557842166444,97.6470588235294,2.751176470588236,0.3529411764705882,development
646,QLEESMLYSLN,inactive - virtual,inactive - virtual,0,Inactive,virtual,1,11,0.0,0.0,0.0,0.1818181818181818,0.0,0.0,0.0,0.0,0.0,0.2727272727272727,0.0909090909090909,0.0909090909090909,0.0,0.0909090909090909,0.0,0.1818181818181818,0.0,0.0,0.0,0.0909090909090909,1326.4716999999998,-2.4428112032206477,4.0500284194946286,0.0909090909090909,56.23636363636364,0.0663636363636363,0.3126098789185244,-0.0015092575839816,106.36363636363636,1.420909090909091,0.3636363636363636,development
647,QLLRGVGAAATAVTQALNELLQHVKA,inactive - virtual,inactive - virtual,0,Inactive,virtual,1,26,0.2307692307692307,0.0,0.0,0.0384615384615384,0.0,0.0769230769230769,0.0384615384615384,0.0,0.0384615384615384,0.1923076923076923,0.0,0.0384615384615384,0.0,0.1153846153846153,0.0384615384615384,0.0,0.0769230769230769,0.1153846153846153,0.0,0.0,2673.0756,0.5926693587821821,8.755016136169434,0.0,12.492307692307694,0.1888461538461538,0.4874986903294202,0.0004100139165307,131.53846153846155,0.4184615384615384,0.5384615384615384,test
648,QLVDRLDQSWQYYQDRLMA,inactive - virtual,inactive - virtual,0,Inactive,virtual,1,19,0.0526315789473684,0.0,0.1578947368421052,0.0,0.0,0.0,0.0,0.0,0.0,0.1578947368421052,0.0526315789473684,0.0,0.0,0.2105263157894736,0.1052631578947368,0.0526315789473684,0.0,0.0526315789473684,0.0526315789473684,0.1052631578947368,2428.677,-1.4462691017693547,4.428973960876465,0.1578947368421052,35.910526315789475,-0.2257894736842105,0.4434458530577465,-0.0004133932835943,82.10526315789473,2.976315789473684,0.3157894736842105,development
649,QLVSFLIRLLKVWIRVVI,inactive - virtual,inactive - virtual,0,Inactive,virtual,1,18,0.0,0.0,0.0,0.0,0.0555555555555555,0.0,0.0,0.1666666666666666,0.0555555555555555,0.2222222222222222,0.0,0.0,0.0,0.0555555555555555,0.1111111111111111,0.0555555555555555,0.0,0.2222222222222222,0.0555555555555555,0.0,2195.7764,2.554897038432917,11.999967765808105,0.1111111111111111,0.0111111111111108,0.4155555555555555,0.6276755117681332,0.0013644354170272,216.1111111111111,-0.6433333333333333,0.6666666666666666,development
650,QMSFWGATVITGLFG,inactive - virtual,inactive - virtual,0,Inactive,virtual,1,15,0.0666666666666666,0.0,0.0,0.0,0.1333333333333333,0.2,0.0,0.0666666666666666,0.0,0.0666666666666666,0.0666666666666666,0.0,0.0,0.0666666666666666,0.0,0.0666666666666666,0.1333333333333333,0.0666666666666666,0.0666666666666666,0.0,1614.8611000000003,-0.4425471324330503,5.525000190734862,0.2,20.39333333333333,0.5586666666666666,0.1628155905302055,-2.4769795711109874e-06,78.0,-1.0046666666666666,0.4666666666666667,development
651,QPNAILEKVFTA,inactive - virtual,inactive - virtual,0,Inactive,virtual,1,12,0.1666666666666666,0.0,0.0,0.0833333333333333,0.0833333333333333,0.0,0.0,0.0833333333333333,0.0833333333333333,0.0833333333333333,0.0,0.0833333333333333,0.0833333333333333,0.0833333333333333,0.0,0.0,0.0833333333333333,0.0833333333333333,0.0,0.0,1330.5283,-0.4439319641604915,6.001424598693848,0.0833333333333333,34.19166666666667,0.1866666666666666,0.3413659567673036,-2.25474059209488e-06,105.83333333333331,0.5524999999999998,0.5,development
652,QRAFLKLYMITMTE,inactive - virtual,inactive - virtual,0,Inactive,virtual,1,14,0.0714285714285714,0.0,0.0,0.0714285714285714,0.0714285714285714,0.0,0.0,0.0714285714285714,0.0714285714285714,0.1428571428571428,0.1428571428571428,0.0,0.0,0.0714285714285714,0.0714285714285714,0.0,0.1428571428571428,0.0,0.0,0.0714285714285714,1745.114,0.555629811595546,8.590299415588383,0.1428571428571428,40.24285714285713,0.0907142857142857,0.2761928189082874,0.0005707343907582,90.71428571428572,0.9892857142857144,0.5,development
653,QTREHLLLARQI,inactive - virtual,inactive - virtual,0,Inactive,virtual,1,12,0.0833333333333333,0.0,0.0,0.0833333333333333,0.0,0.0,0.0833333333333333,0.0833333333333333,0.0,0.25,0.0,0.0,0.0,0.1666666666666666,0.1666666666666666,0.0,0.0833333333333333,0.0,0.0,0.0,1477.7106,0.595149833216094,9.605354118347169,0.0,18.933333333333337,-0.2141666666666667,0.4105217913229241,0.0007416881526145,138.33333333333331,2.789166666666666,0.4166666666666667,development
654,QVIAKWGAWVKRIEAKFRSL,inactive - virtual,inactive - virtual,0,Inactive,virtual,1,20,0.15,0.0,0.0,0.05,0.05,0.05,0.0,0.1,0.15,0.05,0.0,0.0,0.0,0.05,0.1,0.05,0.0,0.1,0.1,0.0,2386.8375000000005,3.55100661403819,11.097152519226071,0.15,50.855,-0.0004999999999999,0.4783838775048715,0.0016745990514655,102.5,1.2694999999999996,0.45,development
655,QVIEVLNKQVADWSVLFTKLHNFHWYV,inactive - virtual,inactive - virtual,0,Inactive,virtual,1,27,0.037037037037037,0.0,0.037037037037037,0.037037037037037,0.074074074074074,0.0,0.074074074074074,0.037037037037037,0.074074074074074,0.1111111111111111,0.0,0.074074074074074,0.0,0.074074074074074,0.0,0.037037037037037,0.037037037037037,0.1851851851851851,0.074074074074074,0.037037037037037,3314.7886,-0.3752437829879644,6.920454216003418,0.1851851851851851,33.69259259259259,0.2285185185185185,0.327174731319716,5.852540123084349e-05,115.18518518518518,0.5225925925925926,0.4444444444444444,development
656,QVTQELRALMDETMKELKAYKSELEE,inactive - virtual,inactive - virtual,0,Inactive,virtual,1,26,0.0769230769230769,0.0,0.0384615384615384,0.2307692307692307,0.0,0.0,0.0,0.0,0.1153846153846153,0.1538461538461538,0.0769230769230769,0.0,0.0,0.0769230769230769,0.0384615384615384,0.0384615384615384,0.0769230769230769,0.0384615384615384,0.0,0.0384615384615384,3113.5152000000003,-3.4433310848847984,4.668550300598144,0.0384615384615384,32.04615384615384,-0.2323076923076923,0.4113663811761611,-0.000962576119633,78.84615384615384,2.6488461538461534,0.3461538461538461,development
657,RAAAIEQLKIWGERVG,inactive - virtual,inactive - virtual,0,Inactive,virtual,1,16,0.1875,0.0,0.0,0.125,0.0,0.125,0.0,0.125,0.0625,0.0625,0.0,0.0,0.0,0.0625,0.125,0.0,0.0,0.0625,0.0625,0.0,1797.0662000000002,0.5571385603126058,8.74566822052002,0.0625,21.7625,-0.0124999999999999,0.1648674682384478,0.0005553484282749,110.0,1.6318749999999995,0.4375,test
658,RDIPELAQLQSEILDAIW,inactive - virtual,inactive - virtual,0,Inactive,virtual,1,18,0.1111111111111111,0.0,0.1111111111111111,0.1111111111111111,0.0,0.0,0.0,0.1666666666666666,0.0,0.1666666666666666,0.0,0.0,0.0555555555555555,0.1111111111111111,0.0555555555555555,0.0555555555555555,0.0,0.0,0.0555555555555555,0.0,2110.3659999999995,-3.439437760476725,4.0500284194946286,0.0555555555555555,92.12222222222222,0.1116666666666667,0.5121396206371039,-0.0014215516710339,141.1111111111111,1.388333333333333,0.4444444444444444,development
659,REEEKEALRFAEAQ,inactive - virtual,inactive - virtual,0,Inactive,virtual,1,14,0.2142857142857142,0.0,0.0,0.3571428571428571,0.0714285714285714,0.0,0.0,0.0,0.0714285714285714,0.0714285714285714,0.0,0.0,0.0,0.0714285714285714,0.1428571428571428,0.0,0.0,0.0,0.0,0.0,1705.8233000000002,-2.43949915686786,4.652237510681153,0.0714285714285714,69.61428571428573,-0.4921428571428571,0.4162241276635299,-0.0011706979634428,49.28571428571428,4.4035714285714285,0.3571428571428571,development
660,REEIYQAFEAIYPVLSEF,inactive - virtual,inactive - virtual,0,Inactive,virtual,1,18,0.1111111111111111,0.0,0.0,0.2222222222222222,0.1111111111111111,0.0,0.0,0.1111111111111111,0.0,0.0555555555555555,0.0,0.0,0.0555555555555555,0.0555555555555555,0.0555555555555555,0.0555555555555555,0.0,0.0555555555555555,0.0,0.1111111111111111,2204.4323,-3.443100392241617,4.093396568298339,0.2222222222222222,66.51111111111112,0.1549999999999999,0.4428490156941213,-0.0013608898405037,92.2222222222222,1.2777777777777777,0.4444444444444444,development
661,REGFLSPLKAYLI,inactive - virtual,inactive - virtual,0,Inactive,virtual,1,13,0.0769230769230769,0.0,0.0,0.0769230769230769,0.0769230769230769,0.0769230769230769,0.0,0.0769230769230769,0.0769230769230769,0.2307692307692307,0.0,0.0,0.0769230769230769,0.0,0.0769230769230769,0.0769230769230769,0.0,0.0,0.0,0.0769230769230769,1506.7864,0.5535373249388496,8.589912605285647,0.1538461538461538,36.5,0.1892307692307692,0.1623838952402084,0.0006610078378539,127.6923076923077,0.416153846153846,0.4615384615384615,development
662,RFESAVETLLDIESQLEDL,inactive - virtual,inactive - virtual,0,Inactive,virtual,1,19,0.0526315789473684,0.0,0.1052631578947368,0.2105263157894736,0.0526315789473684,0.0,0.0,0.0526315789473684,0.0,0.2105263157894736,0.0,0.0,0.0,0.0526315789473684,0.0526315789473684,0.1052631578947368,0.0526315789473684,0.0526315789473684,0.0,0.0,2207.3902000000003,-5.437196238597036,4.0500284194946286,0.0526315789473684,73.14736842105263,0.0105263157894736,0.3907445772414976,-0.0022637594625326,123.1578947368421,2.1621052631578945,0.4210526315789473,development
663,RFLIRVYHPLLLKVL,inactive - virtual,inactive - virtual,0,Inactive,virtual,1,15,0.0,0.0,0.0,0.0,0.0666666666666666,0.0,0.0666666666666666,0.0666666666666666,0.0666666666666666,0.3333333333333333,0.0,0.0,0.0666666666666666,0.0,0.1333333333333333,0.0,0.0,0.1333333333333333,0.0,0.0666666666666666,1880.3681,2.589017886941678,11.00044994354248,0.1333333333333333,-0.7066666666666658,0.252,0.4776500638691371,0.0016454208480245,194.66666666666663,-0.0259999999999999,0.6,test
664,RFLKRVQPLVNRWLLLI,inactive - virtual,inactive - virtual,0,Inactive,virtual,1,17,0.0,0.0,0.0,0.0,0.0588235294117647,0.0,0.0,0.0588235294117647,0.0588235294117647,0.2941176470588235,0.0,0.0588235294117647,0.0588235294117647,0.0588235294117647,0.1764705882352941,0.0,0.0,0.1176470588235294,0.0588235294117647,0.0,2164.6830000000004,3.554871920199543,11.999967765808105,0.1176470588235294,75.8764705882353,0.0352941176470588,0.6965614157921133,0.0018459918048311,171.76470588235296,1.1517647058823528,0.5294117647058824,development
665,RFSGKVREDLTKIVWVFFW,inactive - virtual,inactive - virtual,0,Inactive,virtual,1,19,0.0,0.0,0.0526315789473684,0.0526315789473684,0.1578947368421052,0.0526315789473684,0.0,0.0526315789473684,0.1052631578947368,0.0526315789473684,0.0,0.0,0.0,0.0,0.1052631578947368,0.0526315789473684,0.0526315789473684,0.1578947368421052,0.1052631578947368,0.0,2413.8146,1.5539586908604806,9.98616886138916,0.2631578947368421,-2.7315789473684204,0.0857894736842105,0.3962348558289751,0.0008273193527272,86.84210526315789,1.3652631578947367,0.4210526315789473,development
666,RFVPRWRTVVGQFKRDILVIFLW,inactive - virtual,inactive - virtual,0,Inactive,virtual,1,23,0.0,0.0,0.0434782608695652,0.0,0.1304347826086956,0.0434782608695652,0.0,0.0869565217391304,0.0434782608695652,0.0869565217391304,0.0,0.0,0.0434782608695652,0.0434782608695652,0.1739130434782608,0.0,0.0434782608695652,0.1739130434782608,0.0869565217391304,0.0,2932.5129999999995,3.5552932861211746,11.999967765808105,0.217391304347826,58.90434782608695,0.0834782608695651,0.4474960932412857,0.0013626505531079,118.26086956521738,1.3773913043478263,0.4782608695652174,development
667,RGEQMKGHAATIEDQVRRMIA,inactive - virtual,inactive - virtual,0,Inactive,virtual,1,21,0.1428571428571428,0.0,0.0476190476190476,0.0952380952380952,0.0,0.0952380952380952,0.0476190476190476,0.0952380952380952,0.0476190476190476,0.0,0.0952380952380952,0.0,0.0,0.0952380952380952,0.1428571428571428,0.0,0.0476190476190476,0.0476190476190476,0.0,0.0,2397.7362,0.5941863674102841,8.750567817687987,0.0,60.79999999999999,-0.2633333333333333,0.3198645885783933,0.0004579312185641,65.23809523809524,3.0985714285714288,0.3809523809523809,development
668,RGFRGWWLASTILLLVAEK,inactive - virtual,inactive - virtual,0,Inactive,virtual,1,19,0.1052631578947368,0.0,0.0,0.0526315789473684,0.0526315789473684,0.1052631578947368,0.0,0.0526315789473684,0.0526315789473684,0.2105263157894736,0.0,0.0,0.0,0.0,0.1052631578947368,0.0526315789473684,0.0526315789473684,0.0526315789473684,0.1052631578947368,0.0,2216.6252000000004,1.5560177993727615,10.835024070739744,0.1578947368421052,23.66315789473684,0.2342105263157894,0.3536398326218705,0.0009009171580281,128.42105263157893,0.3363157894736841,0.4736842105263157,development
669,RGQLIREAYED,inactive - virtual,inactive - virtual,0,Inactive,virtual,1,11,0.0909090909090909,0.0,0.0909090909090909,0.1818181818181818,0.0,0.0909090909090909,0.0,0.0909090909090909,0.0,0.0909090909090909,0.0,0.0,0.0,0.0909090909090909,0.1818181818181818,0.0,0.0,0.0,0.0,0.0909090909090909,1349.4489,-1.441145644240331,4.872204399108886,0.0909090909090909,12.027272727272727,-0.3972727272727274,0.3092776030969301,-0.0007425247322983,80.00000000000001,4.115454545454546,0.2727272727272727,development
670,RHSDNINKFLDFIHGI,inactive - virtual,inactive - virtual,0,Inactive,virtual,1,16,0.0,0.0,0.125,0.0,0.125,0.0625,0.125,0.1875,0.0625,0.0625,0.0,0.125,0.0,0.0,0.0625,0.0625,0.0,0.0,0.0,0.0,1926.1385,-0.3709319926716059,6.919999504089356,0.125,54.8875,-0.01,0.5192146752375796,0.0001007195738627,97.5,2.333125,0.375,development
671,RIENGLRKRLQSIYRHLEE,inactive - virtual,inactive - virtual,0,Inactive,virtual,1,19,0.0,0.0,0.0,0.1578947368421052,0.0,0.0526315789473684,0.0526315789473684,0.1052631578947368,0.0526315789473684,0.1578947368421052,0.0,0.0526315789473684,0.0,0.0526315789473684,0.2105263157894736,0.0526315789473684,0.0,0.0,0.0,0.0526315789473684,2410.7333,1.5944224199511612,9.970825386047364,0.0526315789473684,110.66315789473684,-0.478421052631579,0.6478311863857231,0.000870272198578,102.6315789473684,4.2368421052631575,0.2631578947368421,test
672,RILKNFDSWWGKVIVIL,inactive - virtual,inactive - virtual,0,Inactive,virtual,1,17,0.0,0.0,0.0588235294117647,0.0,0.0588235294117647,0.0588235294117647,0.0,0.1764705882352941,0.1176470588235294,0.1176470588235294,0.0,0.0588235294117647,0.0,0.0,0.0588235294117647,0.0588235294117647,0.0,0.1176470588235294,0.1176470588235294,0.0,2087.5078000000003,1.552863048154009,9.994291877746583,0.1764705882352941,15.741176470588238,0.2670588235294118,0.5763574624298626,0.0009561630842486,148.82352941176472,0.2070588235294117,0.4705882352941176,development
673,RILQWIIRLLLIVWW,inactive - virtual,inactive - virtual,0,Inactive,virtual,1,15,0.0,0.0,0.0,0.0,0.0,0.0,0.0,0.2666666666666666,0.0,0.2666666666666666,0.0,0.0,0.0,0.0666666666666666,0.1333333333333333,0.0,0.0,0.0666666666666666,0.2,0.0,2021.5374,1.5574026311002025,11.999967765808105,0.2,38.24666666666666,0.5120000000000001,0.5529445650358247,0.0009873660674535,227.33333333333331,-1.0006666666666666,0.6,development
674,RIWARLQGVFRVVFWL,inactive - virtual,inactive - virtual,0,Inactive,virtual,1,16,0.0625,0.0,0.0,0.0,0.125,0.0625,0.0,0.0625,0.0,0.125,0.0,0.0,0.0,0.0625,0.1875,0.0,0.0,0.1875,0.125,0.0,2046.464,2.557377512866829,11.999967765808105,0.25,28.06875,0.229375,0.4686445292107319,0.0014639914779668,133.75,0.628125,0.5625,development
675,RKQSLEQDLQFYYG,inactive - virtual,inactive - virtual,0,Inactive,virtual,1,14,0.0,0.0,0.0714285714285714,0.0714285714285714,0.0714285714285714,0.0714285714285714,0.0,0.0,0.0714285714285714,0.1428571428571428,0.0,0.0,0.0,0.2142857142857142,0.0714285714285714,0.0714285714285714,0.0,0.0,0.0,0.1428571428571428,1774.9263000000003,-0.4485217835734314,6.068267250061035,0.2142857142857143,129.00785714285715,-0.2835714285714286,0.0341946997768989,-2.2536100015211862e-06,55.71428571428571,3.0385714285714287,0.2142857142857142,test
676,RLDEAEASARSGIEVL,inactive - virtual,inactive - virtual,0,Inactive,virtual,1,16,0.1875,0.0,0.0625,0.1875,0.0,0.0625,0.0,0.0625,0.0,0.125,0.0,0.0,0.0,0.0,0.125,0.125,0.0,0.0625,0.0,0.0,1715.8595,-2.43878860192526,4.407318305969238,0.0,58.99374999999999,-0.0899999999999999,0.3186536774179896,-0.0011650134626368,110.0,2.53875,0.4375,development
677,RLFEQASRLAEHY,inactive - virtual,inactive - virtual,0,Inactive,virtual,1,13,0.1538461538461538,0.0,0.0,0.1538461538461538,0.0769230769230769,0.0,0.0769230769230769,0.0,0.0,0.1538461538461538,0.0,0.0,0.0,0.0769230769230769,0.1538461538461538,0.0769230769230769,0.0,0.0,0.0,0.0769230769230769,1619.7785,-0.4062349985113473,6.75698528289795,0.1538461538461538,66.86153846153847,-0.2315384615384615,0.7347145146549177,5.988467569669955e-05,75.38461538461539,3.1353846153846145,0.3846153846153846,development
678,RLKSGWRDALKQIVFFFFL,inactive - virtual,inactive - virtual,0,Inactive,virtual,1,19,0.0526315789473684,0.0,0.0526315789473684,0.0,0.2105263157894736,0.0526315789473684,0.0,0.0526315789473684,0.1052631578947368,0.1578947368421052,0.0,0.0,0.0,0.0526315789473684,0.1052631578947368,0.0526315789473684,0.0,0.0526315789473684,0.0526315789473684,0.0,2371.8209,2.552837929920636,11.00038547515869,0.2631578947368421,15.005263157894737,0.1357894736842105,0.4057578269510473,0.0012631596699594,102.6315789473684,0.9410526315789468,0.5263157894736842,development
679,RLLGKWSAILKNVRFFFFWL,inactive - virtual,inactive - virtual,0,Inactive,virtual,1,20,0.05,0.0,0.0,0.0,0.2,0.05,0.0,0.05,0.1,0.2,0.0,0.05,0.0,0.0,0.1,0.05,0.0,0.05,0.1,0.0,2542.0744,3.552391445765631,11.999967765808105,0.3,16.810000000000002,0.2729999999999999,0.3487848324892858,0.0015715477089627,117.0,0.1504999999999999,0.55,test
680,RLVVLEALTNFLNH,inactive - virtual,inactive - virtual,0,Inactive,virtual,1,14,0.0714285714285714,0.0,0.0,0.0714285714285714,0.0714285714285714,0.0,0.0714285714285714,0.0,0.0,0.2857142857142857,0.0,0.1428571428571428,0.0,0.0,0.0714285714285714,0.0,0.0714285714285714,0.1428571428571428,0.0,0.0,1638.9075000000005,-0.4048250485505322,6.749653053283692,0.0714285714285714,-12.185714285714283,0.2264285714285715,0.1972427219781068,5.8575516654361736e-05,160.0,0.6921428571428571,0.5714285714285714,development
681,RLWTQWQAIVQEIRFLWLLL,inactive - virtual,inactive - virtual,0,Inactive,virtual,1,20,0.05,0.0,0.0,0.05,0.05,0.0,0.0,0.1,0.0,0.25,0.0,0.0,0.0,0.15,0.1,0.0,0.05,0.05,0.15,0.0,2613.1078,0.5585233920400472,9.598842811584472,0.2,43.08,0.2655,0.3579305364014124,0.0003815377079418,156.0,0.2790000000000002,0.5,development
682,RMDEVRTLQENLRQLQDEYDQQQT,inactive - virtual,inactive - virtual,0,Inactive,virtual,1,24,0.0,0.0,0.125,0.125,0.0,0.0,0.0,0.0,0.0,0.125,0.0416666666666666,0.0416666666666666,0.0,0.25,0.125,0.0,0.0833333333333333,0.0416666666666666,0.0,0.0416666666666666,3037.2352,-3.4404263445159087,4.2962549209594725,0.0416666666666666,94.76666666666668,-0.5458333333333333,0.2946188788753356,-0.0009874096218935,60.83333333333333,4.806666666666668,0.2083333333333333,development
683,RNEVVSLMQANG,inactive - virtual,inactive - virtual,0,Inactive,virtual,1,12,0.0833333333333333,0.0,0.0,0.0833333333333333,0.0,0.0833333333333333,0.0,0.0,0.0,0.0833333333333333,0.0833333333333333,0.1666666666666666,0.0,0.0833333333333333,0.0833333333333333,0.0833333333333333,0.0,0.1666666666666666,0.0,0.0,1317.4715,-0.4414514897265791,6.0021066665649405,0.0,0.6416666666666678,-0.0658333333333333,0.1688080391243053,-2.2770916984826977e-06,89.16666666666666,2.1541666666666663,0.4166666666666667,development
684,RPEDKSKIVAEIR,inactive - virtual,inactive - virtual,0,Inactive,virtual,1,13,0.0769230769230769,0.0,0.0769230769230769,0.1538461538461538,0.0,0.0,0.0,0.1538461538461538,0.1538461538461538,0.0,0.0,0.0,0.0769230769230769,0.0,0.1538461538461538,0.0769230769230769,0.0,0.0769230769230769,0.0,0.0,1540.7633,0.5550794518003253,8.589010047912598,0.0,47.45384615384616,-0.4553846153846154,0.0989091656673668,0.0006483771101462,90.0,3.922307692307692,0.3076923076923077,development
685,RPEVQDALSAE,inactive - virtual,inactive - virtual,0,Inactive,virtual,1,11,0.1818181818181818,0.0,0.0909090909090909,0.1818181818181818,0.0,0.0,0.0,0.0,0.0,0.0909090909090909,0.0,0.0,0.0909090909090909,0.0909090909090909,0.0909090909090909,0.0909090909090909,0.0,0.0909090909090909,0.0,0.0,1214.2825,-2.437791757975033,4.426586723327637,0.0,59.909090909090914,-0.2136363636363636,0.2217273515901373,-0.0016478901077181,80.0,3.0563636363636366,0.3636363636363636,development
686,RPQLRNLLHEK,inactive - virtual,inactive - virtual,0,Inactive,virtual,1,11,0.0,0.0,0.0,0.0909090909090909,0.0,0.0,0.0909090909090909,0.0,0.0909090909090909,0.2727272727272727,0.0,0.0909090909090909,0.0909090909090909,0.0909090909090909,0.1818181818181818,0.0,0.0,0.0,0.0,0.0,1403.6321,1.5926442405488084,10.835024070739744,0.0,72.83636363636364,-0.5318181818181817,0.3007348509995505,0.0014932710187157,106.36363636363636,4.0254545454545445,0.2727272727272727,development
687,RPRIIAAIWHYVKAR,inactive - virtual,inactive - virtual,0,Inactive,virtual,1,15,0.2,0.0,0.0,0.0,0.0,0.0,0.0666666666666666,0.2,0.0666666666666666,0.0,0.0,0.0,0.0666666666666666,0.0,0.2,0.0,0.0,0.0666666666666666,0.0666666666666666,0.0666666666666666,1850.2198000000003,3.5889927687083043,11.723011589050294,0.1333333333333333,60.30666666666667,-0.0699999999999999,0.1522279256310281,0.0022127098399109,117.33333333333331,1.903333333333333,0.4666666666666667,development
688,RRQELEEFSAALARR,inactive - virtual,inactive - virtual,0,Inactive,virtual,1,15,0.2,0.0,0.0,0.2,0.0666666666666666,0.0,0.0,0.0,0.0,0.1333333333333333,0.0,0.0,0.0,0.0666666666666666,0.2666666666666666,0.0666666666666666,0.0,0.0,0.0,0.0,1832.0293,0.5607146774529896,9.44772891998291,0.0666666666666666,133.12,-0.5326666666666665,0.1796113812896844,0.0005458425899139,72.0,4.72,0.4,development
689,RVIEGIKNVIPKLLTWWP,inactive - virtual,inactive - virtual,0,Inactive,virtual,1,18,0.0,0.0,0.0,0.0555555555555555,0.0,0.0555555555555555,0.0,0.1666666666666666,0.1111111111111111,0.1111111111111111,0.0,0.0555555555555555,0.1111111111111111,0.0,0.0555555555555555,0.0,0.0555555555555555,0.1111111111111111,0.1111111111111111,0.0,2162.6176,1.553537324938849,9.994291877746583,0.1111111111111111,9.75555555555555,0.215,0.6114854867656897,0.0009234169664573,140.55555555555554,0.2088888888888889,0.3888888888888889,development
690,RVNAAIPNIIV,inactive - virtual,inactive - virtual,0,Inactive,virtual,1,11,0.1818181818181818,0.0,0.0,0.0,0.0,0.0,0.0,0.2727272727272727,0.0,0.0,0.0,0.1818181818181818,0.0909090909090909,0.0,0.0909090909090909,0.0,0.0,0.1818181818181818,0.0,0.0,1179.412,0.5574277493335762,9.750021171569824,0.0,38.7,0.3363636363636363,0.4325537185946338,0.0008444900416309,177.27272727272725,0.1581818181818179,0.6363636363636364,development
691,RVWRWIVKWWLFV,inactive - virtual,inactive - virtual,0,Inactive,virtual,1,13,0.0,0.0,0.0,0.0,0.0769230769230769,0.0,0.0,0.0769230769230769,0.0769230769230769,0.0769230769230769,0.0,0.0,0.0,0.0,0.1538461538461538,0.0,0.0,0.2307692307692307,0.3076923076923077,0.0,1874.2806000000005,2.554897038432917,11.999967765808105,0.3846153846153846,54.03846153846154,0.2876923076923077,0.6639474725452346,0.0015984804831722,126.92307692307692,0.0869230769230769,0.4615384615384615,development
692,RYGWRTAVDYSWFG,inactive - virtual,inactive - virtual,0,Inactive,virtual,1,14,0.0714285714285714,0.0,0.0714285714285714,0.0,0.0714285714285714,0.1428571428571428,0.0,0.0,0.0,0.0,0.0,0.0,0.0,0.0,0.1428571428571428,0.0714285714285714,0.0714285714285714,0.0714285714285714,0.1428571428571428,0.1428571428571428,1763.9068,0.5528379299206359,8.588558769226076,0.3571428571428572,-4.085714285714286,-0.0078571428571428,0.3748752881302178,0.0005640877369026,27.85714285714285,2.102857142857143,0.2142857142857142,development
693,SAATADFVAMTAMAARIF,inactive - virtual,inactive - virtual,0,Inactive,virtual,1,18,0.3888888888888889,0.0,0.0555555555555555,0.0,0.1111111111111111,0.0,0.0,0.0555555555555555,0.0,0.0,0.1111111111111111,0.0,0.0,0.0,0.0555555555555555,0.0555555555555555,0.1111111111111111,0.0555555555555555,0.0,0.0,1845.1470000000004,-0.7463503217026553,5.552964973449707,0.1111111111111111,5.794444444444444,0.38,0.2292622447318716,-2.167845432620654e-06,76.66666666666666,-0.0061111111111111,0.7222222222222222,development
694,SAAWAEWQKAR,inactive - virtual,inactive - virtual,0,Inactive,virtual,1,11,0.3636363636363636,0.0,0.0,0.0909090909090909,0.0,0.0,0.0,0.0,0.0909090909090909,0.0,0.0,0.0,0.0,0.0909090909090909,0.0909090909090909,0.0909090909090909,0.0,0.0,0.1818181818181818,0.0,1303.4252,0.2518183624148991,8.463554573059085,0.1818181818181818,-18.236363636363635,-0.1518181818181818,0.1774041001866899,0.0007649049047513,36.36363636363637,2.210909090909091,0.3636363636363636,test
695,SAEEMVQTLVNDYSALIQELKEGMEVAGEA,inactive - virtual,inactive - virtual,0,Inactive,virtual,1,30,0.1333333333333333,0.0,0.0333333333333333,0.2,0.0,0.0666666666666666,0.0,0.0333333333333333,0.0333333333333333,0.1,0.0666666666666666,0.0333333333333333,0.0,0.0666666666666666,0.0,0.0666666666666666,0.0333333333333333,0.1,0.0,0.0333333333333333,3255.5813,-6.744611823164786,4.0500284194946286,0.0333333333333333,21.610000000000003,0.1083333333333333,0.3971313841826298,-0.0018417552578795,94.33333333333334,1.2246666666666666,0.4333333333333333,development
696,SANNIIEEIQMQK,inactive - virtual,inactive - virtual,0,Inactive,virtual,1,13,0.0769230769230769,0.0,0.0,0.1538461538461538,0.0,0.0,0.0,0.2307692307692307,0.0769230769230769,0.0,0.0769230769230769,0.1538461538461538,0.0,0.1538461538461538,0.0,0.0769230769230769,0.0,0.0,0.0,0.0,1517.7032,-1.7470357584118832,4.529237937927246,0.0,110.92307692307692,-0.0738461538461538,0.2706571961512997,-0.0006602051775372,97.6923076923077,2.1546153846153846,0.3846153846153846,development
697,SASSQNAWLAANRN,inactive - virtual,inactive - virtual,0,Inactive,virtual,1,14,0.2857142857142857,0.0,0.0,0.0,0.0,0.0,0.0,0.0,0.0,0.0714285714285714,0.0,0.2142857142857142,0.0,0.0714285714285714,0.0714285714285714,0.2142857142857142,0.0,0.0,0.0714285714285714,0.0,1489.5489999999998,0.25320319414234,9.46507091522217,0.0714285714285714,54.42857142857143,-0.1314285714285714,0.1912911122774963,0.0006686583196267,56.42857142857142,2.5778571428571424,0.3571428571428571,development
698,SAVKVLAEESK,inactive - virtual,inactive - virtual,0,Inactive,virtual,1,11,0.1818181818181818,0.0,0.0,0.1818181818181818,0.0,0.0,0.0,0.0,0.1818181818181818,0.0909090909090909,0.0,0.0,0.0,0.0,0.0,0.1818181818181818,0.0,0.1818181818181818,0.0,0.0,1160.3179,-0.7495413510791691,5.863476371765136,0.0,45.9,-0.0272727272727272,0.4306283351833867,-1.7236624379481525e-06,106.36363636363636,1.3545454545454545,0.4545454545454545,development
699,SDEFNTVADNLVTFGDSFLQVILDHI,inactive - virtual,inactive - virtual,0,Inactive,virtual,1,26,0.0384615384615384,0.0,0.1538461538461538,0.0384615384615384,0.1153846153846153,0.0384615384615384,0.0384615384615384,0.0769230769230769,0.0,0.1153846153846153,0.0,0.0769230769230769,0.0,0.0384615384615384,0.0,0.0769230769230769,0.0769230769230769,0.1153846153846153,0.0,0.0,2910.1466,-5.707238548888375,4.0500284194946286,0.1153846153846153,45.91923076923077,0.2496153846153846,0.4579450374208006,-0.0016844434670258,112.3076923076923,1.1038461538461537,0.4615384615384615,development
700,SDELSRAWEVAYDELAAAIK,inactive - virtual,inactive - virtual,0,Inactive,virtual,1,20,0.25,0.0,0.1,0.15,0.0,0.0,0.0,0.05,0.05,0.1,0.0,0.0,0.0,0.0,0.05,0.1,0.0,0.05,0.05,0.05,2237.4211,-3.747552740062688,4.177177238464354,0.1,26.725,0.0245,0.4803092333666378,-0.0013408240704737,98.0,1.7549999999999997,0.45,development
701,SDIFNKNMRAHALEK,inactive - virtual,inactive - virtual,0,Inactive,virtual,1,15,0.1333333333333333,0.0,0.0666666666666666,0.0666666666666666,0.0666666666666666,0.0,0.0666666666666666,0.0666666666666666,0.1333333333333333,0.0666666666666666,0.0666666666666666,0.1333333333333333,0.0,0.0,0.0666666666666666,0.0666666666666666,0.0,0.0,0.0,0.0,1774.0096,0.2863856950786649,8.334488868713382,0.0666666666666666,14.433333333333332,-0.2466666666666666,0.2003620100740218,0.0006178093697329,65.33333333333333,2.9399999999999995,0.4,test
702,SDIKKLGSSWIINWFFG,inactive - virtual,inactive - virtual,0,Inactive,virtual,1,17,0.0,0.0,0.0588235294117647,0.0,0.1176470588235294,0.1176470588235294,0.0,0.1764705882352941,0.1176470588235294,0.0588235294117647,0.0,0.0588235294117647,0.0,0.0,0.0,0.1764705882352941,0.0,0.0,0.1176470588235294,0.0,1998.2822,0.2486636111961466,8.310377693176271,0.2352941176470588,4.6529411764705895,0.2976470588235294,0.2275022651188789,0.0004984261543619,91.76470588235294,0.2635294117647061,0.3529411764705882,development
703,SDSEISTILSDVVTNER,inactive - virtual,inactive - virtual,0,Inactive,virtual,1,17,0.0,0.0,0.1176470588235294,0.1176470588235294,0.0,0.0,0.0,0.1176470588235294,0.0,0.0588235294117647,0.0,0.0588235294117647,0.0,0.0,0.0588235294117647,0.2352941176470588,0.1176470588235294,0.1176470588235294,0.0,0.0,1864.9582,-3.7436623156679607,4.0500284194946286,0.0,40.89411764705883,-0.0752941176470588,0.3000004445658128,-0.0016086135895676,102.94117647058825,2.8541176470588243,0.2941176470588235,development
704,SDWYLKGRLTSLESQFINALGILET,inactive - virtual,inactive - virtual,0,Inactive,virtual,1,25,0.04,0.0,0.04,0.08,0.04,0.08,0.0,0.08,0.04,0.2,0.0,0.04,0.0,0.04,0.04,0.12,0.08,0.0,0.04,0.04,2855.2008000000005,-1.7491199851575372,4.676564598083496,0.12,19.508000000000006,0.14,0.1219790650225701,-0.0003509374091572,113.2,1.0812,0.36,test
705,SEAAKAYMKGLEYQMSGNEQWSKT,inactive - virtual,inactive - virtual,0,Inactive,virtual,1,24,0.125,0.0,0.0,0.125,0.0,0.0833333333333333,0.0,0.0,0.125,0.0416666666666666,0.0833333333333333,0.0416666666666666,0.0,0.0833333333333333,0.0,0.125,0.0416666666666666,0.0,0.0416666666666666,0.0833333333333333,2738.0132000000003,-0.7559373681411814,5.951690483093262,0.125,55.17500000000001,-0.1358333333333333,0.3207305214098901,-7.304548542377338e-07,28.75,2.0245833333333327,0.25,test
706,SEEEENNVIEQAKEEIKEAIKKADET,inactive - virtual,inactive - virtual,0,Inactive,virtual,1,26,0.1153846153846153,0.0,0.0384615384615384,0.3461538461538461,0.0,0.0,0.0,0.1153846153846153,0.1538461538461538,0.0,0.0,0.0769230769230769,0.0,0.0384615384615384,0.0,0.0384615384615384,0.0384615384615384,0.0384615384615384,0.0,0.0,3004.1710000000003,-6.746260725679823,4.261981010437012,0.0,89.09615384615383,-0.3476923076923077,0.4202349481615414,-0.0019945542544055,67.6923076923077,3.568076923076922,0.2692307692307692,development
707,SEELNSAWTIAYDELAIVIKKEMDDA,inactive - virtual,inactive - virtual,0,Inactive,virtual,1,26,0.1538461538461538,0.0,0.1153846153846153,0.1538461538461538,0.0,0.0,0.0,0.1153846153846153,0.0769230769230769,0.0769230769230769,0.0384615384615384,0.0384615384615384,0.0,0.0,0.0,0.0769230769230769,0.0384615384615384,0.0384615384615384,0.0384615384615384,0.0384615384615384,2955.2489,-5.748465969401751,4.0500284194946286,0.0769230769230769,26.35769230769231,0.0707692307692307,0.2778159868611877,-0.0016912217537543,101.53846153846156,1.541923076923077,0.4230769230769231,development
708,SEERIRSGVKRLSKSRQ,inactive - virtual,inactive - virtual,0,Inactive,virtual,1,17,0.0,0.0,0.0,0.1176470588235294,0.0,0.0588235294117647,0.0,0.0588235294117647,0.1176470588235294,0.0588235294117647,0.0,0.0,0.0,0.0588235294117647,0.2352941176470588,0.2352941176470588,0.0,0.0588235294117647,0.0,0.0,2016.2666,3.250358175987337,11.553846549987792,0.0,105.90588235294118,-0.7041176470588235,0.3976120195484663,0.0019828693577745,62.94117647058823,5.2188235294117655,0.1764705882352941,test
709,SEEVLAMVSRKM,inactive - virtual,inactive - virtual,0,Inactive,virtual,1,12,0.0833333333333333,0.0,0.0,0.1666666666666666,0.0,0.0,0.0,0.0,0.0833333333333333,0.0833333333333333,0.1666666666666666,0.0,0.0,0.0,0.0833333333333333,0.1666666666666666,0.0,0.1666666666666666,0.0,0.0,1379.6454,-0.7470608766452567,5.86364688873291,0.0,95.6,-0.0533333333333333,0.4243204109802328,-1.449643025404994e-06,89.16666666666666,1.7816666666666665,0.5,development
710,SEEYIQLLKKLI,inactive - virtual,inactive - virtual,0,Inactive,virtual,1,12,0.0,0.0,0.0,0.1666666666666666,0.0,0.0,0.0,0.1666666666666666,0.1666666666666666,0.25,0.0,0.0,0.0,0.0833333333333333,0.0,0.0833333333333333,0.0,0.0,0.0,0.0833333333333333,1476.7556,-0.7520469437464548,5.863249015808105,0.0833333333333333,38.23333333333333,0.0708333333333333,0.5708335015492094,-2.031474308621577e-06,162.5,0.7666666666666669,0.4166666666666667,development
711,SEREAVEIIKKN,inactive - virtual,inactive - virtual,0,Inactive,virtual,1,12,0.0833333333333333,0.0,0.0,0.25,0.0,0.0,0.0,0.1666666666666666,0.1666666666666666,0.0,0.0,0.0833333333333333,0.0,0.0,0.0833333333333333,0.0833333333333333,0.0,0.0833333333333333,0.0,0.0,1415.5916,-0.7484457083726976,5.952315711975097,0.0,34.19166666666667,-0.3466666666666667,0.5092414800945552,-0.0,97.49999999999996,3.4,0.3333333333333333,development
712,SESAVSHQLRSLRNL,inactive - virtual,inactive - virtual,0,Inactive,virtual,1,15,0.0666666666666666,0.0,0.0,0.0666666666666666,0.0,0.0,0.0666666666666666,0.0,0.0,0.2,0.0,0.0666666666666666,0.0,0.0666666666666666,0.1333333333333333,0.2666666666666666,0.0,0.0666666666666666,0.0,0.0,1696.8627,0.2909252780248583,9.338003730773927,0.0,98.21333333333332,-0.2313333333333333,0.4818628419867761,0.0006458950891936,104.0,3.0986666666666665,0.3333333333333333,development
713,SESKLIEQAFR,inactive - virtual,inactive - virtual,0,Inactive,virtual,1,11,0.0909090909090909,0.0,0.0,0.1818181818181818,0.0909090909090909,0.0,0.0,0.0909090909090909,0.0909090909090909,0.0909090909090909,0.0,0.0,0.0,0.0909090909090909,0.0909090909090909,0.1818181818181818,0.0,0.0,0.0,0.0,1307.4520000000002,-0.7470608766452567,5.86364688873291,0.0909090909090909,93.84545454545454,-0.2154545454545453,0.6226606878207411,-1.529683508482095e-06,80.00000000000001,2.8909090909090907,0.3636363636363636,test
714,SFADFKAQFTDAAIKN,inactive - virtual,inactive - virtual,0,Inactive,virtual,1,16,0.25,0.0,0.125,0.0,0.1875,0.0,0.0,0.0625,0.125,0.0,0.0,0.0625,0.0,0.0625,0.0,0.0625,0.0625,0.0,0.0,0.0,1773.9383000000005,-0.7508899046488482,5.679318046569825,0.1875,-20.05625,0.0512499999999999,0.2769980142923999,-2.2548676956379586e-06,49.375,1.599375,0.5,development
715,SFDRVMNAIEEN,inactive - virtual,inactive - virtual,0,Inactive,virtual,1,12,0.0833333333333333,0.0,0.0833333333333333,0.1666666666666666,0.0833333333333333,0.0,0.0,0.0833333333333333,0.0,0.0,0.0833333333333333,0.1666666666666666,0.0,0.0,0.0833333333333333,0.0833333333333333,0.0,0.0833333333333333,0.0,0.0,1424.5352,-2.744108799822966,4.136821556091308,0.0833333333333333,76.95,-0.1383333333333333,0.5922844504536786,-0.0014046639616999,64.99999999999999,3.1533333333333338,0.4166666666666667,development
716,SFSRIISELGTRD,inactive - virtual,inactive - virtual,0,Inactive,virtual,1,13,0.0,0.0,0.0769230769230769,0.0769230769230769,0.0769230769230769,0.0769230769230769,0.0,0.1538461538461538,0.0,0.0769230769230769,0.0,0.0,0.0,0.0,0.1538461538461538,0.2307692307692307,0.0769230769230769,0.0,0.0,0.0,1480.6218,-0.7439853677041257,5.914688301086425,0.0769230769230769,32.330769230769235,-0.1269230769230769,0.5126299388824299,-1.3507854817576422e-06,90.0,3.035384615384616,0.3076923076923077,development
717,SGARRVRIAQTLTEN,inactive - virtual,inactive - virtual,0,Inactive,virtual,1,15,0.1333333333333333,0.0,0.0,0.0666666666666666,0.0,0.0666666666666666,0.0,0.0666666666666666,0.0,0.0666666666666666,0.0,0.0666666666666666,0.0,0.0666666666666666,0.2,0.0666666666666666,0.1333333333333333,0.0666666666666666,0.0,0.0,1671.8566,1.2542737186154378,11.698964881896972,0.0,54.7,-0.3219999999999999,0.3460776019685371,0.0011944780065316,84.66666666666666,3.5900000000000003,0.3333333333333333,development
718,SGDELYELLQHILKQRDHHHHH,inactive - virtual,inactive - virtual,0,Inactive,virtual,1,22,0.0,0.0,0.0909090909090909,0.0909090909090909,0.0,0.0454545454545454,0.2727272727272727,0.0454545454545454,0.0454545454545454,0.1818181818181818,0.0,0.0,0.0,0.0909090909090909,0.0454545454545454,0.0454545454545454,0.0,0.0,0.0,0.0454545454545454,2742.960099999999,-2.528914853946251,6.241341972351075,0.0454545454545454,56.55,-0.2281818181818181,0.2908326204101686,-0.0005133122126745,88.63636363636364,3.116818181818181,0.2272727272727272,development
719,SGPAYVFYLLDALQNAAIRQ,inactive - virtual,inactive - virtual,0,Inactive,virtual,1,20,0.2,0.0,0.05,0.0,0.05,0.05,0.0,0.05,0.0,0.15,0.0,0.05,0.05,0.1,0.05,0.05,0.0,0.05,0.0,0.1,2210.4864,-0.7513615070372266,5.552567100524903,0.15,61.36050000000001,0.227,0.2724084360025199,-2.261941922379201e-06,112.5,0.5079999999999998,0.5,development
720,SGRFWKLYIEAEIKA,inactive - virtual,inactive - virtual,0,Inactive,virtual,1,15,0.1333333333333333,0.0,0.0,0.1333333333333333,0.0666666666666666,0.0666666666666666,0.0,0.1333333333333333,0.1333333333333333,0.0666666666666666,0.0,0.0,0.0,0.0,0.0666666666666666,0.0666666666666666,0.0,0.0,0.0666666666666666,0.0666666666666666,1811.0877,0.247927938020172,8.219993019104006,0.2,40.14666666666666,0.0486666666666666,0.3718684725053764,0.0005504972143847,91.33333333333331,1.2366666666666666,0.4,test
721,SGTIKAAHEVLMEMG,inactive - virtual,inactive - virtual,0,Inactive,virtual,1,15,0.1333333333333333,0.0,0.0,0.1333333333333333,0.0,0.1333333333333333,0.0666666666666666,0.0666666666666666,0.0666666666666666,0.0666666666666666,0.1333333333333333,0.0,0.0,0.0,0.0,0.0666666666666666,0.0666666666666666,0.0666666666666666,0.0,0.0,1573.8327000000004,-1.7104093172358363,5.376252555847168,0.0,-7.646666666666666,0.2313333333333333,0.3373833545275398,-0.000573755909114,84.66666666666666,0.3813333333333332,0.4666666666666667,development
722,SHAQDIYKEAFNSAWDQY,inactive - virtual,inactive - virtual,0,Inactive,virtual,1,18,0.1666666666666666,0.0,0.1111111111111111,0.0555555555555555,0.0555555555555555,0.0,0.0555555555555555,0.0555555555555555,0.0555555555555555,0.0,0.0,0.0555555555555555,0.0,0.1111111111111111,0.0,0.1111111111111111,0.0,0.0,0.0555555555555555,0.1111111111111111,2173.2527000000005,-2.715648295200242,4.534751319885253,0.2222222222222222,15.95555555555556,-0.0827777777777777,0.3570198635953942,-0.0008765633196212,38.33333333333333,2.422222222222222,0.2777777777777778,development
723,SIDEKYEAEVKKSEIDHHK,inactive - virtual,inactive - virtual,0,Inactive,virtual,1,19,0.0526315789473684,0.0,0.1052631578947368,0.2105263157894736,0.0,0.0,0.1052631578947368,0.1052631578947368,0.2105263157894736,0.0,0.0,0.0,0.0,0.0,0.0,0.1052631578947368,0.0,0.0526315789473684,0.0,0.0526315789473684,2285.4658,-2.680670756539233,5.430874824523924,0.0526315789473684,36.72631578947368,-0.3757894736842106,0.168866082264095,-0.0007880217198213,61.57894736842104,3.5499999999999994,0.2105263157894736,test
724,SIERLLEMESL,inactive - virtual,inactive - virtual,0,Inactive,virtual,1,11,0.0,0.0,0.0,0.2727272727272727,0.0,0.0,0.0,0.0909090909090909,0.0,0.2727272727272727,0.0909090909090909,0.0,0.0,0.0,0.0909090909090909,0.1818181818181818,0.0,0.0,0.0,0.0,1319.524,-2.7434345230381263,4.251863670349121,0.0,66.54545454545455,0.0236363636363636,0.3480212888123008,-0.0015156911930763,141.8181818181818,1.8290909090909089,0.4545454545454545,test
725,SIPHLANLLIERSQ,inactive - virtual,inactive - virtual,0,Inactive,virtual,1,14,0.0714285714285714,0.0,0.0,0.0714285714285714,0.0,0.0,0.0714285714285714,0.1428571428571428,0.0,0.2142857142857142,0.0,0.0714285714285714,0.0714285714285714,0.0714285714285714,0.0714285714285714,0.1428571428571428,0.0,0.0,0.0,0.0,1590.8218,-0.7090496037417684,6.467390632629394,0.0,83.75714285714287,0.0864285714285714,0.3444496935976742,6.0345857194043366e-05,146.4285714285714,1.3542857142857143,0.4285714285714285,development
726,SISRYKTIEWLNYIATEL,inactive - virtual,inactive - virtual,0,Inactive,virtual,1,18,0.0555555555555555,0.0,0.0,0.1111111111111111,0.0,0.0,0.0,0.1666666666666666,0.0555555555555555,0.1111111111111111,0.0,0.0555555555555555,0.0,0.0,0.0555555555555555,0.1111111111111111,0.1111111111111111,0.0,0.0555555555555555,0.1111111111111111,2200.4885000000004,-0.752072061979828,5.863249015808105,0.1666666666666666,49.57222222222223,0.0905555555555555,0.1236899000582497,-1.3633327122595423e-06,113.88888888888889,1.3449999999999998,0.3333333333333333,development
727,SKDALMLEAFEQLLGKRRELLGE,inactive - virtual,inactive - virtual,0,Inactive,virtual,1,23,0.0869565217391304,0.0,0.0434782608695652,0.1739130434782608,0.0434782608695652,0.0869565217391304,0.0,0.0,0.0869565217391304,0.2608695652173913,0.0434782608695652,0.0,0.0,0.0434782608695652,0.0869565217391304,0.0434782608695652,0.0,0.0,0.0,0.0,2647.0550000000007,-1.7448110948545257,5.153784751892089,0.0434782608695652,50.04782608695652,-0.0978260869565217,0.1289074721436631,-0.0003770220546568,110.43478260869564,1.9778260869565216,0.4347826086956521,development
728,SKDLAQTSYFMATNSLHLT,inactive - virtual,inactive - virtual,0,Inactive,virtual,1,19,0.1052631578947368,0.0,0.0526315789473684,0.0,0.0526315789473684,0.0,0.0526315789473684,0.0,0.0526315789473684,0.1578947368421052,0.0526315789473684,0.0526315789473684,0.0,0.0526315789473684,0.0,0.1578947368421052,0.1578947368421052,0.0,0.0,0.0526315789473684,2128.3613,-0.7147099476278063,6.460228919982909,0.1052631578947368,8.057894736842105,0.08,0.1977067052457943,4.41652532219492e-05,72.10526315789473,1.339473684210526,0.3684210526315789,test
729,SKEDIDTAMKLGAG,inactive - virtual,inactive - virtual,0,Inactive,virtual,1,14,0.1428571428571428,0.0,0.1428571428571428,0.0714285714285714,0.0,0.1428571428571428,0.0,0.0714285714285714,0.1428571428571428,0.0714285714285714,0.0714285714285714,0.0,0.0,0.0,0.0,0.0714285714285714,0.0714285714285714,0.0,0.0,0.0,1435.5995,-1.7497691437090035,4.55617961883545,0.0,0.1785714285714298,-0.0307142857142857,0.3060983814104513,-0.0006979611454364,70.0,1.6878571428571425,0.3571428571428571,development
730,SKEDVERVKLRINLARNWVKKY,inactive - virtual,inactive - virtual,0,Inactive,virtual,1,22,0.0454545454545454,0.0,0.0454545454545454,0.0909090909090909,0.0,0.0,0.0,0.0454545454545454,0.1818181818181818,0.0909090909090909,0.0,0.0909090909090909,0.0,0.0,0.1363636363636363,0.0454545454545454,0.0,0.1363636363636363,0.0454545454545454,0.0454545454545454,2745.1863000000003,3.2433130003738584,10.160878181457516,0.0909090909090909,17.613636363636367,-0.4104545454545454,0.3004274041904538,0.0014563654974701,97.27272727272728,3.413636363636364,0.3181818181818182,test
731,SKEEQRDYVFYLAVGNYRL,inactive - virtual,inactive - virtual,0,Inactive,virtual,1,19,0.0526315789473684,0.0,0.0526315789473684,0.1052631578947368,0.0526315789473684,0.0526315789473684,0.0,0.0,0.0526315789473684,0.1052631578947368,0.0,0.0526315789473684,0.0,0.0526315789473684,0.1052631578947368,0.0526315789473684,0.0,0.1052631578947368,0.0,0.1578947368421052,2350.5833000000007,-0.7541562887254827,5.903263664245605,0.2105263157894736,36.09,-0.1689473684210526,0.1372819241570124,-1.276275318111623e-06,76.84210526315789,2.6357894736842105,0.3157894736842105,development
732,SKIQKELVAIMN,inactive - virtual,inactive - virtual,0,Inactive,virtual,1,12,0.0833333333333333,0.0,0.0,0.0833333333333333,0.0,0.0,0.0,0.1666666666666666,0.1666666666666666,0.0833333333333333,0.0833333333333333,0.0833333333333333,0.0,0.0833333333333333,0.0,0.0833333333333333,0.0,0.0833333333333333,0.0,0.0,1373.6607,0.2493378879809866,8.310893440246584,0.0,2.091666666666667,0.0591666666666666,0.469675969038529,0.0007257929488159,129.99999999999997,0.8774999999999998,0.5,development
733,SKPIQNVESGFIFALVS,inactive - virtual,inactive - virtual,0,Inactive,virtual,1,17,0.0588235294117647,0.0,0.0,0.0588235294117647,0.1176470588235294,0.0588235294117647,0.0,0.1176470588235294,0.0588235294117647,0.0588235294117647,0.0,0.0588235294117647,0.0588235294117647,0.0588235294117647,0.0,0.1764705882352941,0.0,0.1176470588235294,0.0,0.0,1836.0921000000003,-0.7481565193517274,5.718195915222168,0.1176470588235294,16.30588235294118,0.3123529411764706,0.2715216291716999,-1.6338979358422745e-06,108.8235294117647,0.1876470588235292,0.4705882352941176,development
734,SKYLKSLLSLM,inactive - virtual,inactive - virtual,0,Inactive,virtual,1,11,0.0,0.0,0.0,0.0,0.0,0.0,0.0,0.0,0.1818181818181818,0.3636363636363636,0.0909090909090909,0.0,0.0,0.0,0.0,0.2727272727272727,0.0,0.0,0.0,0.0909090909090909,1282.5914,1.2457115343738565,9.7000581741333,0.0909090909090909,1.3727272727272726,0.16,0.5319521179758123,0.0015554342741306,141.81818181818184,-0.0536363636363636,0.4545454545454545,development
735,SKYRLTVVVAKRAQQLLRH,inactive - virtual,inactive - virtual,0,Inactive,virtual,1,19,0.1052631578947368,0.0,0.0,0.0,0.0,0.0,0.0526315789473684,0.0,0.1052631578947368,0.1578947368421052,0.0,0.0,0.0,0.1052631578947368,0.1578947368421052,0.0526315789473684,0.0526315789473684,0.1578947368421052,0.0,0.0526315789473684,2266.6907,4.282262620849783,11.733906745910645,0.0526315789473684,48.1421052631579,-0.2489473684210526,0.4236826042240079,0.0022468886349699,117.89473684210526,2.4847368421052627,0.4210526315789473,test
736,SLAEALGWLFVSEGS,inactive - virtual,inactive - virtual,0,Inactive,virtual,1,15,0.1333333333333333,0.0,0.0,0.1333333333333333,0.0666666666666666,0.1333333333333333,0.0,0.0,0.0,0.2,0.0,0.0,0.0,0.0,0.0,0.2,0.0,0.0666666666666666,0.0666666666666666,0.0,1565.7211000000002,-2.7445301657445973,4.0500284194946286,0.1333333333333333,38.626666666666665,0.4393333333333334,0.1675654293457721,-0.0012779981222816,110.66666666666666,-0.3859999999999999,0.4666666666666667,test
737,SLEQQFSIRSFATQVQNM,inactive - virtual,inactive - virtual,0,Inactive,virtual,1,18,0.0555555555555555,0.0,0.0,0.0555555555555555,0.1111111111111111,0.0,0.0,0.0555555555555555,0.0,0.0555555555555555,0.0555555555555555,0.0555555555555555,0.0,0.2222222222222222,0.0555555555555555,0.1666666666666666,0.0555555555555555,0.0555555555555555,0.0,0.0,2114.3379,-0.7456760449178153,5.7184232711792,0.1111111111111111,42.68888888888888,-0.0416666666666666,0.2137345801099633,-1.4188824881523311e-06,65.0,2.183333333333333,0.3888888888888889,development
738,SLESLIDMITSI,inactive - virtual,inactive - virtual,0,Inactive,virtual,1,12,0.0,0.0,0.0833333333333333,0.0833333333333333,0.0,0.0,0.0,0.25,0.0,0.1666666666666666,0.0833333333333333,0.0,0.0,0.0,0.0,0.25,0.0833333333333333,0.0,0.0,0.0,1321.5365000000002,-2.745204442529437,4.0500284194946286,0.0,25.21666666666667,0.4008333333333334,0.5228328885804683,-0.0015148992841684,162.5,0.1125,0.5,development
739,SLKDQLALAIGKLG,inactive - virtual,inactive - virtual,0,Inactive,virtual,1,14,0.1428571428571428,0.0,0.0714285714285714,0.0,0.0,0.1428571428571428,0.0,0.0714285714285714,0.1428571428571428,0.2857142857142857,0.0,0.0,0.0,0.0714285714285714,0.0,0.0714285714285714,0.0,0.0,0.0,0.0,1426.7002,0.2486636111961466,8.310377693176271,0.0,-8.907142857142858,0.2192857142857143,0.2979753313366107,0.0006981096368568,153.57142857142853,-0.0957142857142858,0.5,development
740,SLLPTLSAIAEL,inactive - virtual,inactive - virtual,0,Inactive,virtual,1,12,0.1666666666666666,0.0,0.0,0.0833333333333333,0.0,0.0,0.0,0.0833333333333333,0.0,0.3333333333333333,0.0,0.0,0.0833333333333333,0.0,0.0,0.1666666666666666,0.0833333333333333,0.0,0.0,0.0,1227.4468000000002,-1.7456509266844416,4.0500284194946286,0.0,25.21666666666667,0.5008333333333335,0.3203911992105346,-0.0008171412277485,179.16666666666663,-1.0033333333333332,0.5833333333333334,development
741,SLPEMFDKMRPYYEESKKRVKE,inactive - virtual,inactive - virtual,0,Inactive,virtual,1,22,0.0,0.0,0.0454545454545454,0.1818181818181818,0.0454545454545454,0.0,0.0,0.0,0.1818181818181818,0.0454545454545454,0.0909090909090909,0.0,0.0909090909090909,0.0,0.0909090909090909,0.0909090909090909,0.0,0.0454545454545454,0.0,0.0909090909090909,2791.2051000000006,0.2451665344763327,8.067331886291505,0.1363636363636363,87.35909090909091,-0.4445454545454546,0.4087130997089056,0.0003582675613801,30.909090909090917,3.5654545454545445,0.2272727272727272,development
742,SMDHRIERLEYYIQLLVK,inactive - virtual,inactive - virtual,0,Inactive,virtual,1,18,0.0,0.0,0.0555555555555555,0.1111111111111111,0.0,0.0,0.0555555555555555,0.1111111111111111,0.0555555555555555,0.1666666666666666,0.0555555555555555,0.0,0.0,0.0555555555555555,0.1111111111111111,0.0555555555555555,0.0,0.0555555555555555,0.0,0.1111111111111111,2306.6816000000003,-0.7150242548821497,6.480861473083496,0.1111111111111111,39.11111111111112,-0.1083333333333333,0.4114281888244293,4.161807611772713e-05,124.44444444444444,2.256666666666666,0.3888888888888889,test
743,SNEQRQDIAFAYQRRTK,inactive - virtual,inactive - virtual,0,Inactive,virtual,1,17,0.1176470588235294,0.0,0.0588235294117647,0.0588235294117647,0.0588235294117647,0.0,0.0,0.0588235294117647,0.0588235294117647,0.0,0.0,0.0588235294117647,0.0,0.1764705882352941,0.1764705882352941,0.0588235294117647,0.0588235294117647,0.0,0.0,0.0588235294117647,2111.2779000000005,1.2497090174358712,9.976305198669433,0.1176470588235294,77.09411764705882,-0.5941176470588235,0.1080048712033265,0.0009458716986851,34.705882352941174,4.922941176470587,0.2352941176470588,development
744,SNEVMRILISRSLLQE,inactive - virtual,inactive - virtual,0,Inactive,virtual,1,16,0.0,0.0,0.0,0.125,0.0,0.0,0.0,0.125,0.0,0.1875,0.0625,0.0625,0.0,0.0625,0.125,0.1875,0.0,0.0625,0.0,0.0,1888.1934,-0.7424879155546473,6.006426429748534,0.0,88.6125,-0.050625,0.0864887407336609,-5.296049147336087e-07,140.0,2.178125,0.4375,test
745,SNTELQAVDGRFKRAVASMEAARALTNN,inactive - virtual,inactive - virtual,0,Inactive,virtual,1,28,0.2142857142857142,0.0,0.0357142857142857,0.0714285714285714,0.0357142857142857,0.0357142857142857,0.0,0.0,0.0357142857142857,0.0714285714285714,0.0357142857142857,0.1071428571428571,0.0,0.0357142857142857,0.1071428571428571,0.0714285714285714,0.0714285714285714,0.0714285714285714,0.0,0.0,3021.3251999999998,0.2533353710430015,8.460137748718264,0.0357142857142857,20.67142857142857,-0.1639285714285714,0.1350330281986838,0.0003306490850056,70.0,2.678571428571428,0.4285714285714285,development
746,SPAEVRDLDFANDASKVLGSIAGKLEK,inactive - virtual,inactive - virtual,0,Inactive,virtual,1,27,0.1481481481481481,0.0,0.1111111111111111,0.074074074074074,0.037037037037037,0.074074074074074,0.0,0.037037037037037,0.1111111111111111,0.1111111111111111,0.0,0.037037037037037,0.037037037037037,0.0,0.037037037037037,0.1111111111111111,0.0,0.074074074074074,0.0,0.0,2831.1382000000003,-1.750732609514814,4.860381889343262,0.037037037037037,20.811111111111103,-0.031111111111111,0.3309794187888891,-0.0003532133585292,94.07407407407406,1.7899999999999994,0.4074074074074074,development
747,SPAQAEALGVWRRYRAYFDA,inactive - virtual,inactive - virtual,0,Inactive,virtual,1,20,0.25,0.0,0.05,0.05,0.05,0.05,0.0,0.0,0.0,0.05,0.0,0.0,0.05,0.05,0.15,0.05,0.0,0.05,0.05,0.1,2327.555,0.2497090174358711,8.307798957824708,0.2,63.68500000000001,-0.0869999999999999,0.2586643404746039,0.0004279159291274,59.0,2.2625,0.4,development
748,SPAVIDYVNRLEEIRDNV,inactive - virtual,inactive - virtual,0,Inactive,virtual,1,18,0.0555555555555555,0.0,0.1111111111111111,0.1111111111111111,0.0,0.0,0.0,0.1111111111111111,0.0,0.0555555555555555,0.0,0.1111111111111111,0.0555555555555555,0.0,0.1111111111111111,0.0555555555555555,0.0,0.1666666666666666,0.0,0.0555555555555555,2102.3041000000003,-2.74619302656862,4.315978050231934,0.0555555555555555,73.36666666666667,-0.1011111111111111,0.3206313068242072,-0.0009518101516902,118.88888888888886,2.723888888888889,0.3888888888888889,development
749,SPAVQMKIKELYRRR,inactive - virtual,inactive - virtual,0,Inactive,virtual,1,15,0.0666666666666666,0.0,0.0,0.0666666666666666,0.0,0.0,0.0,0.0666666666666666,0.1333333333333333,0.0666666666666666,0.0666666666666666,0.0,0.0666666666666666,0.0666666666666666,0.2,0.0666666666666666,0.0,0.0666666666666666,0.0,0.0666666666666666,1875.246,3.2467569406135803,11.000063133239744,0.0666666666666666,105.24666666666668,-0.4686666666666666,0.2244687825269776,0.0021309158778829,78.0,3.5806666666666667,0.3333333333333333,test
750,SPEEAAALVDGLR,inactive - virtual,inactive - virtual,0,Inactive,virtual,1,13,0.2307692307692307,0.0,0.0769230769230769,0.1538461538461538,0.0,0.0769230769230769,0.0,0.0,0.0,0.1538461538461538,0.0,0.0,0.0769230769230769,0.0,0.0769230769230769,0.0769230769230769,0.0,0.0769230769230769,0.0,0.0,1327.4401,-2.744108799822966,4.136821556091308,0.0,84.73076923076923,0.0538461538461538,0.3319585764416795,-0.0015074127644187,105.3846153846154,1.5699999999999998,0.4615384615384615,development
751,SPEEKEEWMKSIKASISR,inactive - virtual,inactive - virtual,0,Inactive,virtual,1,18,0.0555555555555555,0.0,0.0,0.2222222222222222,0.0,0.0,0.0,0.1111111111111111,0.1666666666666666,0.0,0.0555555555555555,0.0,0.0555555555555555,0.0,0.0555555555555555,0.2222222222222222,0.0,0.0,0.0555555555555555,0.0,2135.3973,-0.749830540100139,6.016486930847167,0.0555555555555555,90.5222222222222,-0.316111111111111,0.3318442837354498,4.6829633792263755e-07,48.888888888888886,3.1155555555555545,0.2222222222222222,development
752,SPEHRQELIER,inactive - virtual,inactive - virtual,0,Inactive,virtual,1,11,0.0,0.0,0.0,0.2727272727272727,0.0,0.0,0.0909090909090909,0.0909090909090909,0.0,0.0909090909090909,0.0,0.0,0.0909090909090909,0.0909090909090909,0.1818181818181818,0.0909090909090909,0.0,0.0,0.0,0.0,1393.5049,-1.7068332000954527,5.473560905456543,0.0,132.94545454545454,-0.5481818181818182,0.2586385659302071,-0.0006465687364999,70.90909090909092,4.911818181818182,0.1818181818181818,development
753,SPEIASGLKKLIRE,inactive - virtual,inactive - virtual,0,Inactive,virtual,1,14,0.0714285714285714,0.0,0.0,0.1428571428571428,0.0,0.0714285714285714,0.0,0.1428571428571428,0.1428571428571428,0.1428571428571428,0.0,0.0,0.0714285714285714,0.0,0.0714285714285714,0.1428571428571428,0.0,0.0,0.0,0.0,1540.803,0.2525260173441546,8.31192493438721,0.0,54.71428571428572,-0.0799999999999999,0.6290220748471066,0.0006477112687482,118.57142857142856,1.715,0.3571428571428571,development
754,SPEQMQVLLDQAG,inactive - virtual,inactive - virtual,0,Inactive,virtual,1,13,0.0769230769230769,0.0,0.0769230769230769,0.0769230769230769,0.0,0.0769230769230769,0.0,0.0,0.0,0.1538461538461538,0.0769230769230769,0.0,0.0769230769230769,0.2307692307692307,0.0,0.0769230769230769,0.0,0.0769230769230769,0.0,0.0,1415.5682,-2.745204442529437,4.0500284194946286,0.0,59.615384615384606,0.0607692307692308,0.2845901514311019,-0.001414271282946,90.0,1.274615384615385,0.3846153846153846,development
755,SPEVVVARGEQE,inactive - virtual,inactive - virtual,0,Inactive,virtual,1,12,0.0833333333333333,0.0,0.0,0.25,0.0,0.0833333333333333,0.0,0.0,0.0,0.0,0.0,0.0,0.0833333333333333,0.0833333333333333,0.0833333333333333,0.0833333333333333,0.0,0.25,0.0,0.0,1299.3869000000002,-2.74134203638143,4.522133064270019,0.0,79.00833333333334,-0.1024999999999999,0.2288931030554058,-0.0015391837708463,80.83333333333333,2.4516666666666667,0.3333333333333333,development
756,SPKEAYAYLEKLRSIIQYTG,inactive - virtual,inactive - virtual,0,Inactive,virtual,1,20,0.1,0.0,0.0,0.1,0.0,0.05,0.0,0.1,0.1,0.1,0.0,0.0,0.05,0.05,0.05,0.1,0.05,0.0,0.0,0.15,2330.6336,0.2429167526856006,8.10543270111084,0.15,58.405000000000015,-0.0309999999999999,0.3469603417703414,0.0004273504273504,88.0,1.5364999999999998,0.3,development
757,SPKESEVLRLFAEG,inactive - virtual,inactive - virtual,0,Inactive,virtual,1,14,0.0714285714285714,0.0,0.0,0.2142857142857142,0.0714285714285714,0.0714285714285714,0.0,0.0,0.0714285714285714,0.1428571428571428,0.0,0.0,0.0714285714285714,0.0,0.0714285714285714,0.1428571428571428,0.0,0.0714285714285714,0.0,0.0,1561.7342999999998,-1.745940115705412,4.782796669006348,0.0714285714285714,81.94285714285715,-0.0614285714285714,0.3664140403188421,-0.000640311447488,83.57142857142856,2.0064285714285712,0.3571428571428571,development
758,SPKSTYSYWASVLN,inactive - virtual,inactive - virtual,0,Inactive,virtual,1,14,0.0714285714285714,0.0,0.0,0.0,0.0,0.0,0.0,0.0,0.0714285714285714,0.0714285714285714,0.0,0.0714285714285714,0.0714285714285714,0.0,0.0,0.2857142857142857,0.0714285714285714,0.0714285714285714,0.0714285714285714,0.1428571428571428,1602.7413,0.2457115343738563,8.219219398498538,0.2142857142857143,22.52857142857143,0.0871428571428571,0.2995433834161035,0.0006201840586491,55.71428571428571,1.11,0.2142857142857142,development
759,SPSKSLQMILRRALGDFENMLAD,inactive - virtual,inactive - virtual,0,Inactive,virtual,1,23,0.0869565217391304,0.0,0.0869565217391304,0.0434782608695652,0.0434782608695652,0.0434782608695652,0.0,0.0434782608695652,0.0434782608695652,0.1739130434782608,0.0869565217391304,0.0434782608695652,0.0434782608695652,0.0434782608695652,0.0869565217391304,0.1304347826086956,0.0,0.0,0.0,0.0,2592.9876,-0.7460444762164067,5.947370719909667,0.0434782608695652,85.9,-0.047391304347826,0.4359979852827289,-7.713103405720809e-07,93.47826086956522,1.9643478260869565,0.4347826086956521,development
760,SPVVIKKRIEGLIER,inactive - virtual,inactive - virtual,0,Inactive,virtual,1,15,0.0,0.0,0.0,0.1333333333333333,0.0,0.0666666666666666,0.0,0.2,0.1333333333333333,0.0666666666666666,0.0,0.0,0.0666666666666666,0.0,0.1333333333333333,0.0666666666666666,0.0,0.1333333333333333,0.0,0.0,1737.0955000000004,1.2504084124540835,9.9841703414917,0.0,126.12666666666668,-0.1039999999999999,0.3637639334771729,0.0011501928501525,142.66666666666666,1.9506666666666663,0.4,test
761,SQESINQLVYMG,inactive - virtual,inactive - virtual,0,Inactive,virtual,1,12,0.0,0.0,0.0,0.0833333333333333,0.0,0.0833333333333333,0.0,0.0833333333333333,0.0,0.0833333333333333,0.0833333333333333,0.0833333333333333,0.0,0.1666666666666666,0.0,0.1666666666666666,0.0,0.0833333333333333,0.0,0.0833333333333333,1368.5115999999996,-1.7481565193517272,4.0500284194946286,0.0833333333333333,81.36666666666667,0.1166666666666666,0.3583741459994163,-0.0007336392599304,89.16666666666664,1.1916666666666664,0.3333333333333333,development
762,SQRQRDELNRAIADYLRSN,inactive - virtual,inactive - virtual,0,Inactive,virtual,1,19,0.1052631578947368,0.0,0.1052631578947368,0.0526315789473684,0.0,0.0,0.0,0.0526315789473684,0.0,0.1052631578947368,0.0,0.1052631578947368,0.0,0.1052631578947368,0.2105263157894736,0.1052631578947368,0.0,0.0,0.0,0.0526315789473684,2305.4669000000004,0.2526359760247878,8.45743007659912,0.0526315789473684,58.54210526315789,-0.5821052631578947,0.4541073150701392,0.0004324497824738,72.10526315789473,5.097368421052631,0.2631578947368421,development
763,SRAITQYIAHR,inactive - virtual,inactive - virtual,0,Inactive,virtual,1,11,0.1818181818181818,0.0,0.0,0.0,0.0,0.0,0.0909090909090909,0.1818181818181818,0.0,0.0,0.0,0.0,0.0,0.0909090909090909,0.1818181818181818,0.0909090909090909,0.0909090909090909,0.0,0.0,0.0909090909090909,1315.4806,1.287298924417728,10.834379386901857,0.0909090909090909,5.172727272727276,-0.1981818181818182,0.2791374107030248,0.0015918143947456,89.09090909090911,2.971818181818182,0.3636363636363636,development
764,SRAKASFDTRVAAAELALNR,inactive - virtual,inactive - virtual,0,Inactive,virtual,1,20,0.3,0.0,0.05,0.05,0.05,0.0,0.0,0.0,0.05,0.1,0.0,0.05,0.0,0.0,0.15,0.1,0.05,0.05,0.0,0.0,2147.3946000000005,1.2522146101031568,10.736645317077638,0.05,17.785,-0.1805,0.2273122462667665,0.0009304274937133,83.5,2.7065,0.5,development
765,SRDLQEKYERHMEKLIELANKEVERT,inactive - virtual,inactive - virtual,0,Inactive,virtual,1,26,0.0384615384615384,0.0,0.0384615384615384,0.2307692307692307,0.0,0.0,0.0384615384615384,0.0384615384615384,0.1153846153846153,0.1153846153846153,0.0384615384615384,0.0384615384615384,0.0,0.0384615384615384,0.1153846153846153,0.0384615384615384,0.0384615384615384,0.0384615384615384,0.0,0.0384615384615384,3245.6215000000007,-1.713071922023432,5.663687324523925,0.0384615384615384,64.21923076923078,-0.4723076923076924,0.5175950298359571,-0.0002766797201159,75.0,4.079230769230769,0.2692307692307692,development
766,SRKALTEGNIMAVQAMAYFKELIQKRKRH,inactive - virtual,inactive - virtual,0,Inactive,virtual,1,29,0.1379310344827586,0.0,0.0,0.0689655172413793,0.0344827586206896,0.0344827586206896,0.0344827586206896,0.0689655172413793,0.1379310344827586,0.0689655172413793,0.0689655172413793,0.0344827586206896,0.0,0.0689655172413793,0.1034482758620689,0.0344827586206896,0.0344827586206896,0.0344827586206896,0.0,0.0344827586206896,3419.0344000000005,4.2794929573949005,10.54859104156494,0.0689655172413793,67.61379310344827,-0.2168965517241379,0.2852187269845988,0.0014904768590013,77.58620689655172,2.396206896551724,0.4137931034482758,development
767,SRPLHISTFINELDSGFRLL,inactive - virtual,inactive - virtual,0,Inactive,virtual,1,20,0.0,0.0,0.05,0.05,0.1,0.05,0.05,0.1,0.0,0.2,0.0,0.05,0.05,0.0,0.1,0.15,0.05,0.0,0.0,0.0,2315.6255,-0.708628237820137,6.471596717834472,0.1,66.53,0.0895,0.276772023754842,4.1889248282324894e-05,117.0,1.6509999999999998,0.4,development
768,SRWGVLILVAL,inactive - virtual,inactive - virtual,0,Inactive,virtual,1,11,0.0909090909090909,0.0,0.0,0.0,0.0,0.0909090909090909,0.0,0.0909090909090909,0.0,0.2727272727272727,0.0,0.0,0.0,0.0,0.0909090909090909,0.0909090909090909,0.0,0.1818181818181818,0.0909090909090909,0.0,1226.5097999999998,0.25320319414234,9.46507091522217,0.0909090909090909,86.75454545454546,0.5572727272727274,0.3030617343305204,0.000812060235954,203.63636363636363,-1.3199999999999998,0.6363636363636364,development
769,SSAVSRIISKLKQ,inactive - virtual,inactive - virtual,0,Inactive,virtual,1,13,0.0769230769230769,0.0,0.0,0.0,0.0,0.0,0.0,0.1538461538461538,0.1538461538461538,0.0769230769230769,0.0,0.0,0.0,0.0769230769230769,0.0769230769230769,0.3076923076923077,0.0,0.0769230769230769,0.0,0.0,1416.6656999999998,2.2481920088077687,11.16600475311279,0.0,43.98461538461539,-0.1115384615384615,0.6013866261024129,0.002114112672676,120.0,1.8884615384615384,0.3846153846153846,development
770,SSQNWQRFYQLTKLLDSMHEVVENLL,inactive - virtual,inactive - virtual,0,Inactive,virtual,1,26,0.0,0.0,0.0384615384615384,0.0769230769230769,0.0384615384615384,0.0,0.0384615384615384,0.0,0.0384615384615384,0.1923076923076923,0.0384615384615384,0.0769230769230769,0.0,0.1153846153846153,0.0384615384615384,0.1153846153846153,0.0384615384615384,0.0769230769230769,0.0384615384615384,0.0384615384615384,3179.5594999999994,-1.7124935439814903,5.421837425231933,0.1153846153846153,59.15423076923078,-0.0334615384615384,0.3284296019613912,-0.0002840006667568,97.30769230769232,1.9207692307692308,0.3461538461538461,development
771,SSREWFSTLYRLFIG,inactive - virtual,inactive - virtual,0,Inactive,virtual,1,15,0.0,0.0,0.0,0.0666666666666666,0.1333333333333333,0.0666666666666666,0.0,0.0666666666666666,0.0,0.1333333333333333,0.0,0.0,0.0,0.0,0.1333333333333333,0.2,0.0666666666666666,0.0,0.0666666666666666,0.0666666666666666,1862.0913,0.2517932441815258,8.461298179626464,0.2666666666666666,13.72,0.0813333333333333,0.4389863892446975,0.0005348828466937,78.0,1.7046666666666666,0.3333333333333333,test
772,STATFYDAKKFLIQE,inactive - virtual,inactive - virtual,0,Inactive,virtual,1,15,0.1333333333333333,0.0,0.0666666666666666,0.0666666666666666,0.1333333333333333,0.0,0.0,0.0666666666666666,0.1333333333333333,0.0666666666666666,0.0,0.0,0.0,0.0666666666666666,0.0,0.0666666666666666,0.1333333333333333,0.0,0.0,0.0666666666666666,1761.9674000000005,-0.7506287338745974,5.967491722106933,0.2,67.92066666666668,0.0419999999999999,0.20655708668165,-1.702639659018031e-06,65.33333333333333,1.4286666666666668,0.4,development
773,STEVVALSRLQGSLQDMLWQLDLS,inactive - virtual,inactive - virtual,0,Inactive,virtual,1,24,0.0416666666666666,0.0,0.0833333333333333,0.0416666666666666,0.0,0.0416666666666666,0.0,0.0,0.0,0.25,0.0416666666666666,0.0,0.0,0.125,0.0416666666666666,0.1666666666666666,0.0416666666666666,0.0833333333333333,0.0416666666666666,0.0,2690.0331999999994,-2.7447830766078054,4.0500284194946286,0.0416666666666666,70.69166666666666,0.1245833333333333,0.1941554366346046,-0.0007442268516453,125.83333333333331,1.122083333333333,0.4166666666666667,development
774,STLVQTPALRAVGNIV,inactive - virtual,inactive - virtual,0,Inactive,virtual,1,16,0.125,0.0,0.0,0.0,0.0,0.0625,0.0,0.0625,0.0,0.125,0.0,0.0625,0.0625,0.0625,0.0625,0.0625,0.125,0.1875,0.0,0.0,1638.9060000000004,0.25320319414234,9.46507091522217,0.0,44.99375,0.270625,0.3179620561468566,0.000607720985289,140.0,0.2624999999999998,0.5,development
775,STLVSVAVALAAYKTG,inactive - virtual,inactive - virtual,0,Inactive,virtual,1,16,0.25,0.0,0.0,0.0,0.0,0.0625,0.0,0.0,0.0625,0.125,0.0,0.0,0.0,0.0,0.0,0.125,0.125,0.1875,0.0,0.0625,1550.7943,0.2482171270411421,8.310119819641116,0.0625,4.06875,0.4225,0.0093440612374238,0.0006416043332473,128.125,-0.7818749999999998,0.5625,development
776,SVADHSYRVAFITLLLAEELKKK,inactive - virtual,inactive - virtual,0,Inactive,virtual,1,23,0.1304347826086956,0.0,0.0434782608695652,0.0869565217391304,0.0434782608695652,0.0,0.0434782608695652,0.0434782608695652,0.1304347826086956,0.1739130434782608,0.0,0.0,0.0,0.0,0.0434782608695652,0.0869565217391304,0.0434782608695652,0.0869565217391304,0.0,0.0434782608695652,2632.0618000000004,0.2824952706839378,8.180731773376465,0.0869565217391304,9.004347826086956,0.0491304347826087,0.2742425318992822,0.0004167822284361,123.04347826086956,1.1734782608695653,0.4782608695652174,test
777,SVEGLQEFVKNLVGYYI,inactive - virtual,inactive - virtual,0,Inactive,virtual,1,17,0.0,0.0,0.0,0.1176470588235294,0.0588235294117647,0.1176470588235294,0.0,0.0588235294117647,0.0588235294117647,0.1176470588235294,0.0,0.0588235294117647,0.0,0.0588235294117647,0.0,0.0588235294117647,0.0,0.1764705882352941,0.0,0.1176470588235294,1958.2133,-1.7520469437464543,4.529237937927246,0.1764705882352941,35.49411764705882,0.281764705882353,0.3732763386725103,-0.0005121998549703,120.0,0.1935294117647058,0.4117647058823529,development
778,SVEKKVPLLHNFHSFL,inactive - virtual,inactive - virtual,0,Inactive,virtual,1,16,0.0,0.0,0.0,0.0625,0.125,0.0,0.125,0.0,0.125,0.1875,0.0,0.0625,0.0625,0.0,0.0,0.125,0.0,0.125,0.0,0.0,1895.2073,0.3225907703330803,8.357375144958496,0.125,21.512500000000003,0.14625,0.2842647412143425,0.0006300093393344,109.375,0.741875,0.4375,development
779,SVEVAELWSTFMQKWIAYTAAVIDAERDR,inactive - virtual,inactive - virtual,0,Inactive,virtual,1,29,0.1724137931034483,0.0,0.0689655172413793,0.1034482758620689,0.0344827586206896,0.0,0.0,0.0689655172413793,0.0344827586206896,0.0344827586206896,0.0344827586206896,0.0,0.0,0.0344827586206896,0.0689655172413793,0.0689655172413793,0.0689655172413793,0.1034482758620689,0.0689655172413793,0.0344827586206896,3386.7855,-2.747577858296061,4.512299919128417,0.1379310344827586,13.948275862068964,0.0755172413793103,0.2091359712916804,-0.0005905296755925,87.58620689655172,1.5503448275862068,0.4482758620689655,development
780,SVLENHHLAVGFKL,inactive - virtual,inactive - virtual,0,Inactive,virtual,1,14,0.0714285714285714,0.0,0.0,0.0714285714285714,0.0714285714285714,0.0714285714285714,0.1428571428571428,0.0,0.0714285714285714,0.2142857142857142,0.0,0.0714285714285714,0.0,0.0,0.0,0.0714285714285714,0.0,0.1428571428571428,0.0,0.0,1563.7979,-0.6749036369996335,6.662234687805176,0.0714285714285714,-13.578571428571427,0.2714285714285714,0.0816079270655139,0.0001246962527177,132.14285714285714,0.225,0.5,development
781,SVNSEIYQRVMESFKKEG,inactive - virtual,inactive - virtual,0,Inactive,virtual,1,18,0.0,0.0,0.0,0.1666666666666666,0.0555555555555555,0.0555555555555555,0.0,0.0555555555555555,0.1111111111111111,0.0,0.0555555555555555,0.0555555555555555,0.0,0.0555555555555555,0.0555555555555555,0.1666666666666666,0.0,0.1111111111111111,0.0,0.0555555555555555,2131.3652000000006,-0.7509513010399833,5.952088356018066,0.1111111111111111,33.19444444444444,-0.2061111111111111,0.4074548808671867,-4.691817938696707e-07,53.888888888888886,2.761111111111111,0.2777777777777778,development
782,SVPYFIENLKQHIEMN,inactive - virtual,inactive - virtual,0,Inactive,virtual,1,16,0.0,0.0,0.0,0.125,0.0625,0.0,0.0625,0.125,0.0625,0.0625,0.0625,0.125,0.0625,0.0625,0.0,0.0625,0.0,0.0625,0.0,0.0625,1962.2286000000008,-1.712914909903122,5.376252555847168,0.125,113.26875,0.078125,0.3616751202436275,-0.0004607003256498,91.25,1.37875,0.375,development
783,SVRKVFHLVRIKQVAWANEG,inactive - virtual,inactive - virtual,0,Inactive,virtual,1,20,0.1,0.0,0.0,0.05,0.05,0.05,0.05,0.05,0.1,0.05,0.0,0.05,0.0,0.05,0.1,0.05,0.0,0.2,0.05,0.0,2337.7237,2.285914092690286,11.000127601623536,0.1,1.5450000000000008,-0.0159999999999999,0.2606615339189107,0.0013243616670873,107.0,1.6060000000000003,0.45,development
784,SVSRAAITAAY,inactive - virtual,inactive - virtual,0,Inactive,virtual,1,11,0.3636363636363636,0.0,0.0,0.0,0.0,0.0,0.0,0.0909090909090909,0.0,0.0,0.0,0.0,0.0,0.0,0.0909090909090909,0.1818181818181818,0.0909090909090909,0.0909090909090909,0.0,0.0909090909090909,1109.2329,0.2506976014750544,8.462780952453613,0.0909090909090909,26.6,0.2118181818181818,0.3832833339705806,0.0008970186525788,98.1818181818182,0.7481818181818181,0.5454545454545454,development
785,SVSSIKQAVDFLSNE,inactive - virtual,inactive - virtual,0,Inactive,virtual,1,15,0.0666666666666666,0.0,0.0666666666666666,0.0666666666666666,0.0666666666666666,0.0,0.0,0.0666666666666666,0.0666666666666666,0.0666666666666666,0.0,0.0666666666666666,0.0,0.0666666666666666,0.0,0.2666666666666666,0.0,0.1333333333333333,0.0,0.0,1623.7588999999998,-1.7456175485400258,4.745510292053221,0.0666666666666666,17.226666666666667,0.0686666666666666,0.406823939433739,-0.0006170862689067,97.33333333333331,1.61,0.4,development
786,SVTELITKAVSA,inactive - virtual,inactive - virtual,0,Inactive,virtual,1,12,0.1666666666666666,0.0,0.0,0.0833333333333333,0.0,0.0,0.0,0.0833333333333333,0.0833333333333333,0.0833333333333333,0.0,0.0,0.0,0.0,0.0,0.1666666666666666,0.1666666666666666,0.1666666666666666,0.0,0.0,1218.397,-0.7481565193517274,5.718195915222168,0.0,18.14166666666667,0.27,0.4685425026296932,-2.462245567957977e-06,129.99999999999997,0.2299999999999997,0.5,development
787,SVTKILQRFEDAGG,inactive - virtual,inactive - virtual,0,Inactive,virtual,1,14,0.0714285714285714,0.0,0.0714285714285714,0.0714285714285714,0.0714285714285714,0.1428571428571428,0.0,0.0714285714285714,0.0714285714285714,0.0714285714285714,0.0,0.0,0.0,0.0714285714285714,0.0714285714285714,0.0714285714285714,0.0714285714285714,0.0714285714285714,0.0,0.0,1520.6856,-0.7477351534300962,5.7889604568481445,0.0714285714285714,56.77142857142857,-0.0242857142857142,0.5879918764179518,-1.315192445534593e-06,83.57142857142856,1.9257142857142853,0.3571428571428571,development
788,SVWASISSYLDELTEGL,inactive - virtual,inactive - virtual,0,Inactive,virtual,1,17,0.0588235294117647,0.0,0.0588235294117647,0.1176470588235294,0.0,0.0588235294117647,0.0,0.0588235294117647,0.0,0.1764705882352941,0.0,0.0,0.0,0.0,0.0,0.2352941176470588,0.0588235294117647,0.0588235294117647,0.0588235294117647,0.0588235294117647,1870.0175000000004,-3.746589274256878,4.0500284194946286,0.1176470588235294,23.229411764705887,0.2835294117647059,0.4329338545673413,-0.0016053304242735,114.70588235294116,0.5794117647058824,0.3529411764705882,development
789,SWQSLKDRYLKHL,inactive - virtual,inactive - virtual,0,Inactive,virtual,1,13,0.0,0.0,0.0769230769230769,0.0,0.0,0.0,0.0769230769230769,0.0,0.1538461538461538,0.2307692307692307,0.0,0.0,0.0,0.0769230769230769,0.0769230769230769,0.1538461538461538,0.0,0.0,0.0769230769230769,0.0769230769230769,1673.912,1.2827593414715346,9.696963691711428,0.1538461538461538,18.369230769230768,-0.28,0.4201742127927105,0.0012509558401835,90.0,2.676153846153845,0.2307692307692307,development
790,SYKDLFLELYGKIKD,inactive - virtual,inactive - virtual,0,Inactive,virtual,1,15,0.0,0.0,0.1333333333333333,0.0666666666666666,0.0666666666666666,0.0666666666666666,0.0,0.0666666666666666,0.2,0.2,0.0,0.0,0.0,0.0,0.0,0.0666666666666666,0.0,0.0,0.0,0.1333333333333333,1832.1002000000003,-0.7560166104188029,5.9465181350708,0.2,-13.306666666666668,-0.0213333333333333,0.375797396132367,-2.183275021696296e-06,104.0,1.3986666666666665,0.3333333333333333,development
791,TAAQELMIQQLVAAQLQ,inactive - virtual,inactive - virtual,0,Inactive,virtual,1,17,0.2352941176470588,0.0,0.0,0.0588235294117647,0.0,0.0,0.0,0.0588235294117647,0.0,0.1764705882352941,0.0588235294117647,0.0,0.0,0.2941176470588235,0.0,0.0,0.0588235294117647,0.0588235294117647,0.0,0.0,1856.1482,-1.7904868427636826,4.0500284194946286,0.0,51.24705882352941,0.2282352941176471,0.0172728521543572,-0.0005403658109527,132.35294117647058,0.221764705882353,0.5882352941176471,development
792,TAEQRREMLEAKRKQIINFISRN,inactive - virtual,inactive - virtual,0,Inactive,virtual,1,23,0.0869565217391304,0.0,0.0,0.1304347826086956,0.0434782608695652,0.0,0.0,0.1304347826086956,0.0869565217391304,0.0434782608695652,0.0434782608695652,0.0869565217391304,0.0,0.0869565217391304,0.1739130434782608,0.0434782608695652,0.0434782608695652,0.0,0.0,0.0,2832.2455000000004,2.206643020847941,10.834250450134276,0.0434782608695652,74.50000000000001,-0.4491304347826086,0.1689641517985183,0.001059228528555,76.52173913043478,4.039565217391305,0.3478260869565217,development
793,TAESFYNQGIRLSFEQWG,inactive - virtual,inactive - virtual,0,Inactive,virtual,1,18,0.0555555555555555,0.0,0.0,0.1111111111111111,0.1111111111111111,0.1111111111111111,0.0,0.0555555555555555,0.0,0.0555555555555555,0.0,0.0555555555555555,0.0,0.1111111111111111,0.0555555555555555,0.1111111111111111,0.0555555555555555,0.0,0.0555555555555555,0.0555555555555555,2133.2749,-1.7918967927244975,4.528385353088378,0.2222222222222222,34.28944444444445,0.0377777777777777,0.3064332108945716,-0.000469699242481,48.888888888888886,1.8861111111111108,0.2777777777777778,development
794,TAHEAVLDFLTGRVEVFT,inactive - virtual,inactive - virtual,0,Inactive,virtual,1,18,0.1111111111111111,0.0,0.0555555555555555,0.1111111111111111,0.1111111111111111,0.0555555555555555,0.0555555555555555,0.0,0.0,0.1111111111111111,0.0,0.0,0.0,0.0,0.0555555555555555,0.0,0.1666666666666666,0.1666666666666666,0.0,0.0,2005.2303,-2.75231827472616,4.648088264465333,0.1111111111111111,-4.177777777777779,0.2327777777777778,0.2128147501287225,-0.0009485196211905,102.77777777777776,0.9527777777777776,0.5,development
795,TAKQIQAAYLLVENELM,inactive - virtual,inactive - virtual,0,Inactive,virtual,1,17,0.1764705882352941,0.0,0.0,0.1176470588235294,0.0,0.0,0.0,0.0588235294117647,0.0588235294117647,0.1764705882352941,0.0588235294117647,0.0588235294117647,0.0,0.1176470588235294,0.0,0.0,0.0588235294117647,0.0588235294117647,0.0,0.0588235294117647,1935.2448,-1.79437726715841,4.528385353088378,0.0588235294117647,23.31764705882353,0.1794117647058823,0.2462535702994575,-0.0005177625629763,126.47058823529412,0.476470588235294,0.5294117647058824,development
796,TAPEMTALVGGMRVLG,inactive - virtual,inactive - virtual,0,Inactive,virtual,1,16,0.125,0.0,0.0,0.0625,0.0,0.1875,0.0,0.0,0.0,0.125,0.125,0.0,0.0625,0.0,0.0625,0.0,0.125,0.125,0.0,0.0,1602.9169000000002,-0.7905119609970561,5.663801002502441,0.0,28.16875,0.32125,0.1873472369327699,-1.8715843585456544e-06,97.5,-0.136875,0.5,development
797,TDAEAKQLAQWILS,inactive - virtual,inactive - virtual,0,Inactive,virtual,1,14,0.2142857142857142,0.0,0.0714285714285714,0.0714285714285714,0.0,0.0,0.0,0.0714285714285714,0.0714285714285714,0.1428571428571428,0.0,0.0,0.0,0.1428571428571428,0.0,0.0714285714285714,0.0714285714285714,0.0,0.0714285714285714,0.0,1573.745,-1.7925459512759638,4.368156242370605,0.0714285714285714,39.92857142857143,0.0857142857142857,0.3067870756411915,-0.0006366957903097,105.0,1.1149999999999998,0.4285714285714285,development
798,TDKQFENRLNDNLEELIQ,inactive - virtual,inactive - virtual,0,Inactive,virtual,1,18,0.0,0.0,0.1111111111111111,0.1666666666666666,0.0555555555555555,0.0,0.0,0.0555555555555555,0.0555555555555555,0.1666666666666666,0.0,0.1666666666666666,0.0,0.1111111111111111,0.0555555555555555,0.0,0.0555555555555555,0.0,0.0,0.0,2219.3644,-3.789883063474643,4.177006721496581,0.0555555555555555,31.78333333333333,-0.345,0.4487772044830463,-0.0013512843734933,86.66666666666666,3.8472222222222223,0.2777777777777778,development
799,TDLEILALLIAALSH,inactive - virtual,inactive - virtual,0,Inactive,virtual,1,15,0.2,0.0,0.0666666666666666,0.0666666666666666,0.0,0.0,0.0666666666666666,0.1333333333333333,0.0,0.3333333333333333,0.0,0.0,0.0,0.0,0.0,0.0666666666666666,0.0666666666666666,0.0,0.0,0.0,1592.8741000000005,-2.753413917432631,4.351218223571778,0.0,35.013333333333335,0.526,0.1743063972688562,-0.0011946913766259,202.0,-0.9140000000000004,0.6666666666666666,development
800,TDQQKVSEIFQSSKEKLQGDAKVVSDAFK,inactive - virtual,inactive - virtual,0,Inactive,virtual,1,29,0.0689655172413793,0.0,0.1034482758620689,0.0689655172413793,0.0689655172413793,0.0344827586206896,0.0,0.0344827586206896,0.1724137931034483,0.0344827586206896,0.0,0.0,0.0,0.1379310344827586,0.0,0.1379310344827586,0.0344827586206896,0.1034482758620689,0.0,0.0,3241.5598,-0.8005545926952529,5.914745140075683,0.0689655172413793,48.64827586206897,-0.2044827586206896,0.3653732135640386,-3.08492489750337e-07,63.79310344827586,2.530344827586206,0.3103448275862069,test
801,TEAKKEELLRKLNILEVF,inactive - virtual,inactive - virtual,0,Inactive,virtual,1,18,0.0555555555555555,0.0,0.0,0.2222222222222222,0.0555555555555555,0.0,0.0,0.0555555555555555,0.1666666666666666,0.2222222222222222,0.0,0.0555555555555555,0.0,0.0,0.0555555555555555,0.0,0.0555555555555555,0.0555555555555555,0.0,0.0,2173.5511,-0.7946664561793799,5.964251899719239,0.0555555555555555,79.35000000000001,-0.115,0.1252748030451813,4.600747161339002e-07,130.0,1.9216666666666664,0.4444444444444444,development
802,TEEEMLQAAHITAKLAQAAET,inactive - virtual,inactive - virtual,0,Inactive,virtual,1,21,0.2857142857142857,0.0,0.0,0.1904761904761904,0.0,0.0,0.0476190476190476,0.0476190476190476,0.0476190476190476,0.0952380952380952,0.0476190476190476,0.0,0.0,0.0952380952380952,0.0,0.0,0.1428571428571428,0.0,0.0,0.0,2256.4892,-3.753003711435388,4.480356407165528,0.0,78.10476190476189,0.0595238095238095,0.2520578332794746,-0.0012851818532322,84.28571428571428,1.3461904761904764,0.4761904761904761,development
803,TEKGKEIFGEILSNFESLLKSVLEK,inactive - virtual,inactive - virtual,0,Inactive,virtual,1,25,0.0,0.0,0.0,0.2,0.08,0.08,0.0,0.08,0.16,0.16,0.0,0.04,0.0,0.0,0.0,0.12,0.04,0.04,0.0,0.0,2839.2397,-1.7960261696734472,5.059147834777831,0.08,28.90400000000001,0.0236,0.4668446899749892,-0.0003515012767456,105.2,1.3703999999999998,0.36,development
804,TEQDIIDLKFAIAD,inactive - virtual,inactive - virtual,0,Inactive,virtual,1,14,0.1428571428571428,0.0,0.2142857142857142,0.0714285714285714,0.0714285714285714,0.0,0.0,0.2142857142857142,0.0714285714285714,0.0714285714285714,0.0,0.0,0.0,0.0714285714285714,0.0,0.0,0.0714285714285714,0.0,0.0,0.0,1591.7569,-3.790383671673896,4.0500284194946286,0.0714285714285714,38.42857142857143,0.1357142857142857,0.2176230548204453,-0.0018853344725335,125.7142857142857,1.4535714285714287,0.5,development
805,TEQNFQLAKQIQSQWKEFG,inactive - virtual,inactive - virtual,0,Inactive,virtual,1,19,0.0526315789473684,0.0,0.0,0.1052631578947368,0.1052631578947368,0.0526315789473684,0.0,0.0526315789473684,0.1052631578947368,0.0526315789473684,0.0,0.0526315789473684,0.0,0.2631578947368421,0.0,0.0526315789473684,0.0526315789473684,0.0,0.0526315789473684,0.0,2310.5196,-0.79437726715841,5.809934043884279,0.1578947368421052,67.54210526315788,-0.1542105263157894,0.4034977551182164,-8.656022644155236e-07,46.315789473684205,2.323684210526316,0.2631578947368421,development
806,TEREQALAAYAEKLTRH,inactive - virtual,inactive - virtual,0,Inactive,virtual,1,17,0.2352941176470588,0.0,0.0,0.1764705882352941,0.0,0.0,0.0588235294117647,0.0,0.0588235294117647,0.1176470588235294,0.0,0.0,0.0,0.0588235294117647,0.1176470588235294,0.0,0.1176470588235294,0.0,0.0,0.0588235294117647,1987.1773,-0.7566803015092654,6.434310340881347,0.0588235294117647,52.33529411764707,-0.3017647058823529,0.3020019261358289,4.931611630551837e-05,69.41176470588235,3.1894117647058824,0.3529411764705882,test
807,TESMKTVRIREKIKKFL,inactive - virtual,inactive - virtual,0,Inactive,virtual,1,17,0.0,0.0,0.0,0.1176470588235294,0.0588235294117647,0.0,0.0,0.1176470588235294,0.2352941176470588,0.0588235294117647,0.0588235294117647,0.0,0.0,0.0,0.1176470588235294,0.0588235294117647,0.1176470588235294,0.0588235294117647,0.0,0.0,2107.5626,3.2005613110402718,10.446344184875484,0.0588235294117647,22.08235294117647,-0.348235294117647,0.300364596786848,0.0018969713935954,85.88235294117646,2.9452941176470584,0.3529411764705882,test
808,TETQIRELLFDLELAYKSFYALL,inactive - virtual,inactive - virtual,0,Inactive,virtual,1,23,0.0869565217391304,0.0,0.0434782608695652,0.1304347826086956,0.0869565217391304,0.0,0.0,0.0434782608695652,0.0434782608695652,0.2608695652173913,0.0,0.0,0.0,0.0434782608695652,0.0434782608695652,0.0434782608695652,0.0869565217391304,0.0,0.0,0.0869565217391304,2777.1700000000005,-2.7953407329642204,4.406067848205566,0.1739130434782608,44.496086956521744,0.17,0.3260537392499847,-0.0007205150548398,127.39130434782608,0.8678260869565214,0.4782608695652174,development
809,TEVYQILNRVS,inactive - virtual,inactive - virtual,0,Inactive,virtual,1,11,0.0,0.0,0.0,0.0909090909090909,0.0,0.0,0.0,0.0909090909090909,0.0,0.0909090909090909,0.0,0.0909090909090909,0.0,0.0909090909090909,0.0909090909090909,0.0909090909090909,0.0909090909090909,0.1818181818181818,0.0,0.0909090909090909,1321.4784000000002,-0.7930175536643418,5.663630485534668,0.0909090909090909,37.25454545454546,-0.0127272727272727,0.6078632541136589,-3.0269092229924024e-06,123.63636363636364,2.009090909090909,0.3636363636363636,development
810,TFPDKALKGKKSIENIVV,inactive - virtual,inactive - virtual,0,Inactive,virtual,1,18,0.0555555555555555,0.0,0.0555555555555555,0.0555555555555555,0.0555555555555555,0.0555555555555555,0.0,0.1111111111111111,0.2222222222222222,0.0555555555555555,0.0,0.0555555555555555,0.0555555555555555,0.0,0.0,0.0555555555555555,0.0555555555555555,0.1111111111111111,0.0,0.0,1987.3427,1.1999372707221792,9.52405948638916,0.0555555555555555,48.05,-0.0072222222222222,0.3949355091867931,0.0010048557123808,102.77777777777776,1.2094444444444443,0.3888888888888889,development
811,TFPEWHRLYTVQFEDALRRH,inactive - virtual,inactive - virtual,0,Inactive,virtual,1,20,0.05,0.0,0.05,0.1,0.1,0.0,0.1,0.0,0.0,0.1,0.0,0.0,0.05,0.05,0.15,0.0,0.1,0.05,0.05,0.05,2601.8733999999995,-0.7182476626841461,6.621935844421387,0.2,87.83,-0.206,0.3965543049883952,7.533014589450705e-05,58.5,3.163,0.3,development
812,TFPNWHRLLTKQMEDALVAK,inactive - virtual,inactive - virtual,0,Inactive,virtual,1,20,0.1,0.0,0.05,0.05,0.05,0.0,0.05,0.0,0.1,0.15,0.05,0.05,0.05,0.05,0.05,0.0,0.1,0.05,0.05,0.0,2398.7804,0.2415497789994241,8.286653327941895,0.1,53.40500000000001,-0.0429999999999999,0.3103886541851438,0.0004568970189137,83.0,1.6724999999999994,0.4,development
813,TFSQVLDDLSARFI,inactive - virtual,inactive - virtual,0,Inactive,virtual,1,14,0.0714285714285714,0.0,0.1428571428571428,0.0,0.1428571428571428,0.0,0.0,0.0714285714285714,0.0,0.1428571428571428,0.0,0.0,0.0,0.0714285714285714,0.0714285714285714,0.1428571428571428,0.0714285714285714,0.0714285714285714,0.0,0.0,1611.7928,-1.790739753626891,4.206506156921387,0.1428571428571428,26.47142857142857,0.1542857142857143,0.4390856269949502,-0.00062228564338,111.42857142857142,1.4785714285714282,0.5,development
814,TGALRTQYDVSLMTVKS,inactive - virtual,inactive - virtual,0,Inactive,virtual,1,17,0.0588235294117647,0.0,0.0588235294117647,0.0,0.0,0.0588235294117647,0.0,0.0,0.0588235294117647,0.1176470588235294,0.0588235294117647,0.0,0.0,0.0588235294117647,0.0588235294117647,0.1176470588235294,0.1764705882352941,0.1176470588235294,0.0,0.0588235294117647,1870.1318,0.2038025768835321,8.254934883117677,0.0588235294117647,12.42352941176471,0.008235294117647,0.2274376061526733,0.0005320457291967,85.88235294117646,1.5505882352941174,0.3529411764705882,development
815,THAEMLHALKERY,inactive - virtual,inactive - virtual,0,Inactive,virtual,1,13,0.1538461538461538,0.0,0.0,0.1538461538461538,0.0,0.0,0.1538461538461538,0.0,0.0769230769230769,0.1538461538461538,0.0769230769230769,0.0,0.0,0.0,0.0769230769230769,0.0,0.0769230769230769,0.0,0.0,0.0769230769230769,1598.8239999999998,-0.7211495030396899,6.619491767883301,0.0769230769230769,-3.1000000000000005,-0.153076923076923,0.2191370101128083,0.0001219641863112,75.38461538461539,2.331538461538462,0.3846153846153846,development
816,THNKLLKNVAFMKSYILEKVKEHQES,inactive - virtual,inactive - virtual,0,Inactive,virtual,1,26,0.0384615384615384,0.0,0.0,0.1153846153846153,0.0384615384615384,0.0,0.0769230769230769,0.0384615384615384,0.1923076923076923,0.1153846153846153,0.0384615384615384,0.0769230769230769,0.0,0.0384615384615384,0.0,0.0769230769230769,0.0384615384615384,0.0769230769230769,0.0,0.0384615384615384,3115.6036,1.269974005464385,9.303255271911617,0.0769230769230769,36.25,-0.143076923076923,0.287251054598408,0.0007048378969126,86.15384615384616,1.958846153846154,0.3461538461538461,development
817,TIEEFHSKLQEATN,inactive - virtual,inactive - virtual,0,Inactive,virtual,1,14,0.0714285714285714,0.0,0.0,0.2142857142857142,0.0714285714285714,0.0,0.0714285714285714,0.0714285714285714,0.0714285714285714,0.0714285714285714,0.0,0.0714285714285714,0.0,0.0714285714285714,0.0,0.0714285714285714,0.1428571428571428,0.0,0.0,0.0,1646.7527000000002,-2.7541244723752327,4.748295402526855,0.0714285714285714,84.2,-0.1221428571428571,0.4488485131216769,-0.0011543880103961,62.85714285714285,2.623571428571428,0.2857142857142857,test
818,TIQSRFNYAWGLIKS,inactive - virtual,inactive - virtual,0,Inactive,virtual,1,15,0.0666666666666666,0.0,0.0,0.0,0.0666666666666666,0.0666666666666666,0.0,0.1333333333333333,0.0666666666666666,0.0666666666666666,0.0,0.0666666666666666,0.0,0.0666666666666666,0.0666666666666666,0.1333333333333333,0.0666666666666666,0.0,0.0666666666666666,0.0666666666666666,1784.0225,1.2033560927285274,9.992164421081544,0.2,54.67999999999999,0.0819999999999999,0.3005815346597862,0.0011182547378687,84.66666666666667,1.2893333333333332,0.3333333333333333,development
819,TISLGVSIAHVMEAVE,inactive - virtual,inactive - virtual,0,Inactive,virtual,1,16,0.125,0.0,0.0,0.125,0.0,0.0625,0.0625,0.125,0.0,0.0625,0.0625,0.0,0.0,0.0,0.0,0.125,0.0625,0.1875,0.0,0.0,1655.9100000000003,-2.7506471539910944,4.810136222839356,0.0,4.06875,0.454375,0.2099215454696809,-0.0011492170468201,140.0,-0.3837500000000002,0.5625,development
820,TITEMVFLAEVYKSGG,inactive - virtual,inactive - virtual,0,Inactive,virtual,1,16,0.0625,0.0,0.0,0.125,0.0625,0.125,0.0,0.0625,0.0625,0.0625,0.0625,0.0,0.0,0.0,0.0,0.0625,0.125,0.125,0.0,0.0625,1745.0014,-1.79437726715841,4.528385353088378,0.125,24.4125,0.32,0.1413195016766845,-0.0005742087437894,91.25,0.0568749999999999,0.4375,development
821,TIVELVVRVWRWFLVIWVLW,inactive - virtual,inactive - virtual,0,Inactive,virtual,1,20,0.0,0.0,0.0,0.05,0.05,0.0,0.0,0.1,0.0,0.15,0.0,0.0,0.0,0.0,0.1,0.0,0.05,0.3,0.2,0.0,2613.192,0.2094629207695701,9.260125923156735,0.25,41.49,0.5675,0.4494074742747508,0.0003815260275754,184.5,-1.096,0.6,development
822,TKDEFMSGEPIFTKYFQNLV,inactive - virtual,inactive - virtual,0,Inactive,virtual,1,20,0.0,0.0,0.05,0.1,0.15,0.05,0.0,0.05,0.1,0.05,0.05,0.05,0.05,0.05,0.0,0.05,0.1,0.05,0.0,0.05,2394.6955,-1.7964363756706905,4.675598335266113,0.2,37.33,0.0705,0.3492642563514432,-0.0004184240197101,53.5,1.4094999999999995,0.35,development
823,TKDEQVEGLLA,inactive - virtual,inactive - virtual,0,Inactive,virtual,1,11,0.0909090909090909,0.0,0.0909090909090909,0.1818181818181818,0.0,0.0909090909090909,0.0,0.0,0.0909090909090909,0.1818181818181818,0.0,0.0,0.0,0.0909090909090909,0.0,0.0,0.0909090909090909,0.0909090909090909,0.0,0.0,1202.3115000000005,-2.791425190336119,4.1365373611450185,0.0,19.745454545454542,-0.0345454545454545,0.0890231729993723,-0.0016642962297577,106.36363636363636,1.7609090909090903,0.3636363636363636,development
824,TKGEREMIVVATSAAN,inactive - virtual,inactive - virtual,0,Inactive,virtual,1,16,0.1875,0.0,0.0,0.125,0.0,0.0625,0.0,0.0625,0.0625,0.0,0.0625,0.0625,0.0,0.0,0.0625,0.0625,0.125,0.125,0.0,0.0,1676.8896,-0.791896792724498,5.8100477218627935,0.0,-5.950000000000002,0.0024999999999999,0.3559372192468615,-1.192684075878561e-06,79.375,1.721875,0.4375,test
825,TKIWLNAARRTGKVPARIRKL,inactive - virtual,inactive - virtual,0,Inactive,virtual,1,21,0.1428571428571428,0.0,0.0,0.0,0.0,0.0476190476190476,0.0,0.0952380952380952,0.1428571428571428,0.0952380952380952,0.0,0.0476190476190476,0.0476190476190476,0.0,0.1904761904761904,0.0,0.0952380952380952,0.0476190476190476,0.0476190476190476,0.0,2448.9569000000006,6.200775145361121,11.999967765808105,0.0476190476190476,40.804761904761904,-0.2861904761904761,0.5427818359847684,0.0028563145171828,102.38095238095238,2.651904761904761,0.3809523809523809,development
826,TLDQMRSRLAYDG,inactive - virtual,inactive - virtual,0,Inactive,virtual,1,13,0.0769230769230769,0.0,0.1538461538461538,0.0,0.0,0.0769230769230769,0.0,0.0,0.0,0.1538461538461538,0.0769230769230769,0.0,0.0,0.0769230769230769,0.1538461538461538,0.0769230769230769,0.0769230769230769,0.0,0.0,0.0769230769230769,1525.6854999999998,-0.7932704645275503,5.625548362731934,0.0769230769230769,70.26153846153846,-0.2830769230769231,0.238202862249273,-2.62176457864966e-06,67.6923076923077,3.3838461538461533,0.3076923076923077,development
827,TLEDYVRYVTLDM,inactive - virtual,inactive - virtual,0,Inactive,virtual,1,13,0.0,0.0,0.1538461538461538,0.0769230769230769,0.0,0.0,0.0,0.0,0.0,0.1538461538461538,0.0769230769230769,0.0,0.0,0.0,0.0769230769230769,0.0,0.1538461538461538,0.1538461538461538,0.0,0.1538461538461538,1617.8171999999995,-2.7946301780216176,4.0500284194946286,0.1538461538461538,11.715384615384618,0.0323076923076923,0.4087663960374827,-0.0012380858191887,104.6153846153846,1.8707692307692307,0.3846153846153846,development
828,TLIREWGDAVFDIF,inactive - virtual,inactive - virtual,0,Inactive,virtual,1,14,0.0714285714285714,0.0,0.1428571428571428,0.0714285714285714,0.1428571428571428,0.0714285714285714,0.0,0.1428571428571428,0.0,0.0714285714285714,0.0,0.0,0.0,0.0,0.0714285714285714,0.0,0.0714285714285714,0.0714285714285714,0.0714285714285714,0.0,1681.8841999999995,-2.7896189926870463,4.0500284194946286,0.2142857142857143,-0.0428571428571419,0.3014285714285714,0.6165775620293884,-0.0011903275481749,111.42857142857142,0.8500000000000003,0.5,development
829,TMEGKFKAVAEDVAQRYMT,inactive - virtual,inactive - virtual,0,Inactive,virtual,1,19,0.1578947368421052,0.0,0.0526315789473684,0.1052631578947368,0.0526315789473684,0.0526315789473684,0.0,0.0,0.1052631578947368,0.0,0.1052631578947368,0.0,0.0,0.0526315789473684,0.0526315789473684,0.0,0.1052631578947368,0.1052631578947368,0.0,0.0526315789473684,2175.4840000000004,-0.7964614939040637,5.850403404235839,0.1052631578947368,24.873684210526317,-0.081578947368421,0.2559128541736203,-9.193331157578294e-07,46.315789473684205,1.95,0.4210526315789473,development
830,TMVQAITDALRIELKND,inactive - virtual,inactive - virtual,0,Inactive,virtual,1,17,0.1176470588235294,0.0,0.1176470588235294,0.0588235294117647,0.0,0.0,0.0,0.1176470588235294,0.0588235294117647,0.1176470588235294,0.0588235294117647,0.0588235294117647,0.0,0.0588235294117647,0.0588235294117647,0.0,0.1176470588235294,0.0588235294117647,0.0,0.0,1931.2149000000004,-1.7908552740622743,4.776544380187987,0.0,41.59411764705883,-0.0170588235294118,0.3807222075537902,-0.0005188430111535,120.58823529411762,1.9029411764705884,0.4705882352941176,development
831,TNDEIFSILKD,inactive - virtual,inactive - virtual,0,Inactive,virtual,1,11,0.0,0.0,0.1818181818181818,0.0909090909090909,0.0909090909090909,0.0,0.0,0.1818181818181818,0.0909090909090909,0.0909090909090909,0.0,0.0909090909090909,0.0,0.0,0.0,0.0909090909090909,0.0909090909090909,0.0,0.0,0.0,1294.4068,-2.7908301558289006,4.273291969299317,0.0909090909090909,22.727272727272727,0.0045454545454544,0.4599298648249562,-0.0015466505975695,106.36363636363636,2.2427272727272727,0.3636363636363636,development
832,TPAKALKSAIHVAYILKK,inactive - virtual,inactive - virtual,0,Inactive,virtual,1,18,0.2222222222222222,0.0,0.0,0.0,0.0,0.0,0.0555555555555555,0.1111111111111111,0.2222222222222222,0.1111111111111111,0.0,0.0,0.0555555555555555,0.0,0.0,0.0555555555555555,0.0555555555555555,0.0555555555555555,0.0,0.0555555555555555,1952.3864000000008,3.232490874136091,10.176286125183104,0.0555555555555555,28.26666666666667,0.1294444444444444,0.3645481068010571,0.0020964049190991,125.0,0.1116666666666666,0.5,development
833,TPDQQTLLHFIMDSYN,inactive - virtual,inactive - virtual,0,Inactive,virtual,1,16,0.0,0.0,0.125,0.0,0.0625,0.0,0.0625,0.0625,0.0,0.125,0.0625,0.0625,0.0625,0.125,0.0,0.0625,0.125,0.0,0.0,0.0625,1923.1065000000003,-2.756593786884756,4.195479393005371,0.125,22.256250000000005,0.0537499999999999,0.238139452153105,-0.000990582961973,73.125,1.7756250000000002,0.3125,development
834,TPEEVKKHYEILVEDIKYIESG,inactive - virtual,inactive - virtual,0,Inactive,virtual,1,22,0.0,0.0,0.0454545454545454,0.2272727272727272,0.0,0.0454545454545454,0.0454545454545454,0.1363636363636363,0.1363636363636363,0.0454545454545454,0.0,0.0,0.0454545454545454,0.0,0.0,0.0454545454545454,0.0454545454545454,0.0909090909090909,0.0,0.0909090909090909,2619.9154000000003,-3.761458837009682,4.697310829162597,0.0909090909090909,98.63181818181816,-0.0504545454545454,0.3859456989783381,-0.0011069040276038,97.27272727272728,1.892272727272727,0.2727272727272727,development
835,TPEEYQTYVAQVDK,inactive - virtual,inactive - virtual,0,Inactive,virtual,1,14,0.0714285714285714,0.0,0.0714285714285714,0.1428571428571428,0.0,0.0,0.0,0.0,0.0714285714285714,0.0,0.0,0.0,0.0714285714285714,0.1428571428571428,0.0,0.0,0.1428571428571428,0.1428571428571428,0.0,0.1428571428571428,1670.7706999999996,-2.7964363756706905,4.1365373611450185,0.1428571428571428,22.8,-0.1585714285714285,0.3287531019936477,-0.0011988412597708,48.57142857142857,2.4642857142857144,0.2142857142857142,development
836,TPEKMGEMAQKFRE,inactive - virtual,inactive - virtual,0,Inactive,virtual,1,14,0.0714285714285714,0.0,0.0,0.2142857142857142,0.0714285714285714,0.0714285714285714,0.0,0.0,0.1428571428571428,0.0,0.1428571428571428,0.0,0.0714285714285714,0.0714285714285714,0.0714285714285714,0.0,0.0714285714285714,0.0,0.0,0.0,1681.9308999999998,-0.791189137795242,6.006767463684081,0.0714285714285714,48.41428571428572,-0.3514285714285715,0.4187303117263902,-0.0,7.142857142857142,3.152142857142857,0.2857142857142857,development
837,TPEKRVDRIFAMMD,inactive - virtual,inactive - virtual,0,Inactive,virtual,1,14,0.0714285714285714,0.0,0.1428571428571428,0.0714285714285714,0.0714285714285714,0.0,0.0,0.0714285714285714,0.0714285714285714,0.0,0.1428571428571428,0.0,0.0714285714285714,0.0,0.1428571428571428,0.0,0.0714285714285714,0.0714285714285714,0.0,0.0,1708.9991999999995,-0.7908803922956475,5.894453620910644,0.0714285714285714,26.807142857142857,-0.2407142857142857,0.4639904288196316,-1.1702750146284375e-06,55.71428571428571,3.125714285714285,0.4285714285714285,test
838,TPERLEKLVKEVL,inactive - virtual,inactive - virtual,0,Inactive,virtual,1,13,0.0,0.0,0.0,0.2307692307692307,0.0,0.0,0.0,0.0,0.1538461538461538,0.2307692307692307,0.0,0.0,0.0769230769230769,0.0,0.0769230769230769,0.0,0.0769230769230769,0.1538461538461538,0.0,0.0,1553.8415000000002,-0.7932816244519385,5.899455451965332,0.0,13.853846153846156,-0.1653846153846153,0.6341221395892169,-0.0,134.6153846153846,2.013846153846153,0.3846153846153846,development
839,TPETITHYLETVNHAM,inactive - virtual,inactive - virtual,0,Inactive,virtual,1,16,0.0625,0.0,0.0,0.125,0.0,0.0,0.125,0.0625,0.0,0.0625,0.0625,0.0625,0.0625,0.0,0.0,0.0,0.25,0.0625,0.0,0.0625,1857.0486000000003,-2.71861879213903,5.2125562667846665,0.0625,47.7,0.12375,0.3910296537928898,-0.0009714331870439,73.125,1.3725,0.3125,development
840,TPEVVKERLLS,inactive - virtual,inactive - virtual,0,Inactive,virtual,1,11,0.0,0.0,0.0,0.1818181818181818,0.0,0.0,0.0,0.0,0.0909090909090909,0.1818181818181818,0.0,0.0,0.0909090909090909,0.0,0.0909090909090909,0.0909090909090909,0.0909090909090909,0.1818181818181818,0.0,0.0,1270.4749,-0.791896792724498,5.8100477218627935,0.0,22.272727272727277,-0.1081818181818181,0.1758002007821417,-1.5742081732888357e-06,123.63636363636364,2.0127272727272723,0.3636363636363636,development
841,TPLGIGITDYYIR,inactive - virtual,inactive - virtual,0,Inactive,virtual,1,13,0.0,0.0,0.0769230769230769,0.0,0.0,0.1538461538461538,0.0,0.2307692307692307,0.0,0.0769230769230769,0.0,0.0,0.0769230769230769,0.0,0.0769230769230769,0.0,0.1538461538461538,0.0,0.0,0.1538461538461538,1481.6908,-0.7961974231164675,5.498115348815917,0.1538461538461538,5.661538461538462,0.2615384615384615,0.2860982312518201,-3.374502260916515e-06,120.0,0.576923076923077,0.3076923076923077,development
842,TPQDIADRERIFKRFD,inactive - virtual,inactive - virtual,0,Inactive,virtual,1,16,0.0625,0.0,0.1875,0.0625,0.125,0.0,0.0,0.125,0.0625,0.0,0.0,0.0,0.0625,0.0625,0.1875,0.0,0.0625,0.0,0.0,0.0,2007.2099000000003,-0.790459026374017,5.923555183410644,0.125,42.125,-0.4625,0.3731759642033235,-4.982039746713099e-07,55.0,4.61125,0.3125,development
843,TPSDIKELRDAMAKVQAD,inactive - virtual,inactive - virtual,0,Inactive,virtual,1,18,0.1666666666666666,0.0,0.1666666666666666,0.0555555555555555,0.0,0.0,0.0,0.0555555555555555,0.1111111111111111,0.0555555555555555,0.0555555555555555,0.0,0.0555555555555555,0.0555555555555555,0.0555555555555555,0.0555555555555555,0.0555555555555555,0.0555555555555555,0.0,0.0,1988.2233,-1.7929143825745548,4.860154533386231,0.0,23.55,-0.211111111111111,0.2947868957724399,-0.0005039658389622,76.1111111111111,2.713333333333333,0.3888888888888889,development
844,TPVYRTAIRYYLQMLF,inactive - virtual,inactive - virtual,0,Inactive,virtual,1,16,0.0625,0.0,0.0,0.0,0.0625,0.0,0.0,0.0625,0.0,0.125,0.0625,0.0,0.0625,0.0625,0.125,0.0,0.125,0.0625,0.0,0.1875,2035.4100000000003,1.2008253818278682,9.693417930603026,0.25,29.506250000000005,0.131875,0.3934893099468853,0.0009791639030956,97.5,0.9374999999999998,0.4375,development
845,TPWSKGFLASSYASR,inactive - virtual,inactive - virtual,0,Inactive,virtual,1,15,0.1333333333333333,0.0,0.0,0.0,0.0666666666666666,0.0666666666666666,0.0,0.0,0.0666666666666666,0.0666666666666666,0.0,0.0,0.0666666666666666,0.0,0.0666666666666666,0.2666666666666666,0.0666666666666666,0.0,0.0666666666666666,0.0666666666666666,1657.8231999999998,1.2033560927285274,9.992164421081544,0.2,43.22,0.0293333333333333,0.2496934563103593,0.0012033803224697,39.333333333333336,1.466,0.2666666666666666,development
846,TPYDAKGLLISAIRD,inactive - virtual,inactive - virtual,0,Inactive,virtual,1,15,0.1333333333333333,0.0,0.1333333333333333,0.0,0.0,0.0666666666666666,0.0,0.1333333333333333,0.0666666666666666,0.1333333333333333,0.0,0.0,0.0666666666666666,0.0,0.0666666666666666,0.0666666666666666,0.0666666666666666,0.0,0.0,0.0666666666666666,1632.8552,-0.7944816276694047,5.8023176193237305,0.0666666666666666,19.46,0.0713333333333333,0.3054217294120592,-2.44968950185564e-06,117.33333333333331,1.3186666666666669,0.4,development
847,TQAQETQGQAAARAAAADLAAG,inactive - virtual,inactive - virtual,0,Inactive,virtual,1,22,0.4545454545454545,0.0,0.0454545454545454,0.0454545454545454,0.0,0.0909090909090909,0.0,0.0,0.0,0.0454545454545454,0.0,0.0,0.0,0.1818181818181818,0.0454545454545454,0.0,0.0909090909090909,0.0,0.0,0.0,2071.1662,-1.7900654768420514,4.368156242370605,0.0,7.586363636363639,0.0281818181818181,0.1386761191187532,-0.0004837845275858,63.18181818181819,1.4931818181818175,0.5,development
848,TQDLRSHLVHKLVQAIF,inactive - virtual,inactive - virtual,0,Inactive,virtual,1,17,0.0588235294117647,0.0,0.0588235294117647,0.0,0.0588235294117647,0.0,0.1176470588235294,0.0588235294117647,0.0588235294117647,0.1764705882352941,0.0,0.0,0.0,0.1176470588235294,0.0588235294117647,0.0588235294117647,0.0588235294117647,0.1176470588235294,0.0,0.0,2005.323,0.2795610519029115,8.465617561340334,0.0588235294117647,62.41764705882353,0.0641176470588235,0.2033235621471079,0.0005954132237586,131.76470588235293,1.353529411764706,0.4705882352941176,test
849,TQGLLSEILRK,inactive - virtual,inactive - virtual,0,Inactive,virtual,1,11,0.0,0.0,0.0,0.0909090909090909,0.0,0.0909090909090909,0.0,0.0909090909090909,0.0909090909090909,0.2727272727272727,0.0,0.0,0.0,0.0909090909090909,0.0909090909090909,0.0909090909090909,0.0909090909090909,0.0,0.0,0.0,1257.4794000000002,0.2069824463356577,8.408820915222172,0.0,72.27272727272728,-0.0581818181818181,0.496829217923614,0.0007928555523745,141.8181818181818,1.6518181818181816,0.3636363636363636,development
850,TQGMQNAMGERFAQYALSSEKLY,inactive - virtual,inactive - virtual,0,Inactive,virtual,1,23,0.1304347826086956,0.0,0.0,0.0869565217391304,0.0434782608695652,0.0869565217391304,0.0,0.0,0.0434782608695652,0.0869565217391304,0.0869565217391304,0.0434782608695652,0.0,0.1304347826086956,0.0434782608695652,0.0869565217391304,0.0434782608695652,0.0,0.0,0.0869565217391304,2623.9137000000005,-0.7969079780590693,5.809763526916504,0.1304347826086956,19.80434782608696,-0.0521739130434782,0.1655498291275973,-1.143327540473795e-06,46.95652173913043,1.833478260869565,0.3478260869565217,development
851,TQSDVYAMVGYIHELW,inactive - virtual,inactive - virtual,0,Inactive,virtual,1,16,0.0625,0.0,0.0625,0.0625,0.0,0.0625,0.0625,0.0625,0.0,0.0625,0.0625,0.0,0.0,0.0625,0.0,0.0625,0.0625,0.125,0.0625,0.125,1912.1251,-2.758425102767202,4.351218223571778,0.1875,54.11249999999999,0.290625,0.258737985161398,-0.000996271174031,91.25,0.4143750000000001,0.375,development
852,TRELAYMIKKA,inactive - virtual,inactive - virtual,0,Inactive,virtual,1,11,0.1818181818181818,0.0,0.0,0.0909090909090909,0.0,0.0,0.0,0.0909090909090909,0.1818181818181818,0.0909090909090909,0.0909090909090909,0.0,0.0,0.0,0.0909090909090909,0.0,0.0909090909090909,0.0,0.0,0.0909090909090909,1323.6037,1.2019712610010869,9.696641349792484,0.0909090909090909,41.31818181818181,-0.1499999999999999,0.6474825656222266,0.0015079970686229,89.09090909090911,1.7936363636363637,0.4545454545454545,test
853,TRTQRRIAVVEFIFSLL,inactive - virtual,inactive - virtual,0,Inactive,virtual,1,17,0.0588235294117647,0.0,0.0,0.0588235294117647,0.1176470588235294,0.0,0.0,0.1176470588235294,0.0,0.1176470588235294,0.0,0.0,0.0,0.0588235294117647,0.1764705882352941,0.0588235294117647,0.1176470588235294,0.1176470588235294,0.0,0.0,2049.4186,1.2094378025361965,11.698964881896972,0.1176470588235294,38.670588235294126,0.05,0.1872215894390819,0.0009744220315991,131.76470588235293,1.771764705882353,0.5294117647058824,development
854,TSAQTKVVVDA,inactive - virtual,inactive - virtual,0,Inactive,virtual,1,11,0.1818181818181818,0.0,0.0909090909090909,0.0,0.0,0.0,0.0,0.0,0.0909090909090909,0.0,0.0,0.0,0.0,0.0909090909090909,0.0,0.0909090909090909,0.1818181818181818,0.2727272727272727,0.0,0.0,1118.2381,-0.7936667122158085,5.49828586578369,0.0,-12.29090909090909,0.0918181818181818,0.2110268180972072,-3.5770496494491344e-06,97.27272727272728,1.1463636363636365,0.4545454545454545,development
855,TSFDEYVAELDSK,inactive - virtual,inactive - virtual,0,Inactive,virtual,1,13,0.0769230769230769,0.0,0.1538461538461538,0.1538461538461538,0.0769230769230769,0.0,0.0,0.0,0.0769230769230769,0.0769230769230769,0.0,0.0,0.0,0.0,0.0,0.1538461538461538,0.0769230769230769,0.0769230769230769,0.0,0.0769230769230769,1503.5623999999998,-3.7934842988484,4.0500284194946286,0.1538461538461538,33.53846153846154,-0.0699999999999999,0.3076263081507679,-0.0019959163856687,60.0,2.49,0.3076923076923077,development
856,TSHLMGMFYRTIRMMEN,inactive - virtual,inactive - virtual,0,Inactive,virtual,1,17,0.0,0.0,0.0,0.0588235294117647,0.0588235294117647,0.0588235294117647,0.0588235294117647,0.0588235294117647,0.0,0.0588235294117647,0.2352941176470588,0.0588235294117647,0.0,0.0,0.1176470588235294,0.0588235294117647,0.1176470588235294,0.0,0.0,0.0588235294117647,2118.5252000000005,0.2435837692783313,8.437058067321779,0.1176470588235294,16.94764705882353,-0.0117647058823529,0.4999635209716796,0.0005168678281638,45.882352941176464,1.968823529411764,0.4117647058823529,development
857,TTDEINAMDKALILYT,inactive - virtual,inactive - virtual,0,Inactive,virtual,1,16,0.125,0.0,0.125,0.0625,0.0,0.0,0.0,0.125,0.0625,0.125,0.0625,0.0625,0.0,0.0,0.0,0.0,0.1875,0.0,0.0,0.0625,1812.0461,-2.794605059788245,4.0500284194946286,0.0625,22.8375,0.135625,0.2202362718624498,-0.0011053778869236,110.0,1.1649999999999996,0.4375,development
858,TTGNFEKLFVALVEYMRAS,inactive - virtual,inactive - virtual,0,Inactive,virtual,1,19,0.1052631578947368,0.0,0.0,0.1052631578947368,0.1052631578947368,0.0526315789473684,0.0,0.0,0.0526315789473684,0.1052631578947368,0.0526315789473684,0.0526315789473684,0.0,0.0,0.0526315789473684,0.0526315789473684,0.1052631578947368,0.1052631578947368,0.0,0.0526315789473684,2176.4901000000004,-0.7944023853917836,5.80987720489502,0.1578947368421052,7.31578947368421,0.151578947368421,0.3169700265472659,-9.189107232286848e-07,82.10526315789473,0.98,0.4736842105263157,development
859,TVEEVNALKNEILKAHA,inactive - virtual,inactive - virtual,0,Inactive,virtual,1,17,0.1764705882352941,0.0,0.0,0.1764705882352941,0.0,0.0,0.0588235294117647,0.0588235294117647,0.1176470588235294,0.1176470588235294,0.0,0.1176470588235294,0.0,0.0,0.0,0.0,0.0588235294117647,0.1176470588235294,0.0,0.0,1879.1188,-1.7566300650425184,5.464978218078613,0.0,36.26470588235295,0.0252941176470588,0.2864525753140909,-0.0004800119204734,120.58823529411764,1.3982352941176472,0.4705882352941176,development
860,TVFGTALNYVSLRIL,inactive - virtual,inactive - virtual,0,Inactive,virtual,1,15,0.0666666666666666,0.0,0.0,0.0,0.0666666666666666,0.0666666666666666,0.0,0.0666666666666666,0.0,0.2,0.0,0.0666666666666666,0.0,0.0,0.0666666666666666,0.0666666666666666,0.1333333333333333,0.1333333333333333,0.0,0.0666666666666666,1666.9573,0.2058616853958135,8.407853889465336,0.1333333333333333,29.35333333333333,0.3933333333333333,0.2401816460003805,0.0005968949464894,149.33333333333331,-0.2166666666666666,0.5333333333333333,development
861,TVLAALFLAGS,inactive - virtual,inactive - virtual,0,Inactive,virtual,1,11,0.2727272727272727,0.0,0.0,0.0,0.0909090909090909,0.0909090909090909,0.0,0.0,0.0,0.2727272727272727,0.0,0.0,0.0,0.0,0.0,0.0909090909090909,0.0909090909090909,0.0909090909090909,0.0,0.0,1062.2591,-0.7916076037035273,5.184989356994628,0.0909090909090909,9.09090909090909,0.700909090909091,0.1322428000682591,-3.765556455105153e-06,160.0,-2.016363636363636,0.7272727272727273,test
862,TYYAKDIAFQFWKM,inactive - virtual,inactive - virtual,0,Inactive,virtual,1,14,0.1428571428571428,0.0,0.0714285714285714,0.0,0.1428571428571428,0.0,0.0,0.0714285714285714,0.1428571428571428,0.0,0.0714285714285714,0.0,0.0,0.0714285714285714,0.0,0.0,0.0714285714285714,0.0,0.0714285714285714,0.1428571428571428,1812.0937,0.1988165097823344,8.101113319396973,0.3571428571428572,52.91428571428571,0.1578571428571428,0.3612813951474126,0.0005485348490701,42.14285714285714,0.6449999999999999,0.4285714285714285,test
863,VADIAKLKVNIIKNVRII,inactive - virtual,inactive - virtual,0,Inactive,virtual,1,18,0.1111111111111111,0.0,0.0555555555555555,0.0,0.0,0.0,0.0,0.2777777777777778,0.1666666666666666,0.0555555555555555,0.0,0.1111111111111111,0.0,0.0,0.0555555555555555,0.0,0.0,0.1666666666666666,0.0,0.0,2020.5049,2.516055409021993,10.289557075500486,0.0,10.27222222222222,0.1766666666666666,0.3898743886954174,0.0014827939480626,189.44444444444443,0.4616666666666666,0.6111111111111112,development
864,VADPVAAFKWRAQ,inactive - virtual,inactive - virtual,0,Inactive,virtual,1,13,0.3076923076923077,0.0,0.0769230769230769,0.0,0.0769230769230769,0.0,0.0,0.0,0.0769230769230769,0.0,0.0,0.0,0.0769230769230769,0.0769230769230769,0.0769230769230769,0.0,0.0,0.1538461538461538,0.0769230769230769,0.0,1458.6624,0.5210665943565651,8.717753410339355,0.1538461538461538,5.953846153846157,0.0815384615384615,0.2274673669328537,0.0006828184772325,75.38461538461539,1.0846153846153848,0.5384615384615384,development
865,VDDNLYPQLERASRKIFEFLERE,inactive - virtual,inactive - virtual,0,Inactive,virtual,1,23,0.0434782608695652,0.0,0.0869565217391304,0.1739130434782608,0.0869565217391304,0.0,0.0,0.0434782608695652,0.0434782608695652,0.1304347826086956,0.0,0.0434782608695652,0.0434782608695652,0.0434782608695652,0.1304347826086956,0.0434782608695652,0.0,0.0434782608695652,0.0,0.0434782608695652,2868.159900000001,-2.474467220206388,4.801894569396972,0.1304347826086956,21.45217391304348,-0.2769565217391304,0.5679160898933304,-0.0006969625125516,84.78260869565217,3.444347826086957,0.3478260869565217,development
866,VEAIEALLKGN,inactive - virtual,inactive - virtual,0,Inactive,virtual,1,11,0.1818181818181818,0.0,0.0,0.1818181818181818,0.0,0.0909090909090909,0.0,0.0909090909090909,0.0909090909090909,0.1818181818181818,0.0,0.0909090909090909,0.0,0.0,0.0,0.0,0.0,0.0909090909090909,0.0,0.0,1156.3291,-1.4771132496853774,4.531284141540527,0.0,25.88181818181817,0.2418181818181818,0.3881093534819914,-0.0008665346397654,150.9090909090909,0.2227272727272725,0.5454545454545454,test
867,VFWPTMLKAAG,inactive - virtual,inactive - virtual,0,Inactive,virtual,1,11,0.1818181818181818,0.0,0.0,0.0,0.0909090909090909,0.0909090909090909,0.0,0.0,0.0909090909090909,0.0909090909090909,0.0909090909090909,0.0,0.0909090909090909,0.0,0.0,0.0,0.0909090909090909,0.0909090909090909,0.0909090909090909,0.0,1220.4821,0.5206452284349337,8.720009803771973,0.1818181818181818,1.3727272727272726,0.4672727272727273,0.2604184464783521,0.0008160656785389,80.0,-1.1872727272727273,0.5454545454545454,development
868,VGVLLQLLVQA,inactive - virtual,inactive - virtual,0,Inactive,virtual,1,11,0.0909090909090909,0.0,0.0,0.0,0.0,0.0909090909090909,0.0,0.0,0.0,0.3636363636363636,0.0,0.0,0.0,0.1818181818181818,0.0,0.0,0.0,0.2727272727272727,0.0,0.0,1152.4263,-0.4768491788977805,5.494989204406737,0.0,31.009090909090908,0.6454545454545455,0.3613166216828525,-3.470926650642556e-06,230.0,-2.133636363636364,0.7272727272727273,development
869,VGYETAAKLAREAYLTG,inactive - virtual,inactive - virtual,0,Inactive,virtual,1,17,0.2352941176470588,0.0,0.0,0.1176470588235294,0.0,0.1176470588235294,0.0,0.0,0.0588235294117647,0.1176470588235294,0.0,0.0,0.0,0.0,0.0588235294117647,0.0,0.1176470588235294,0.0588235294117647,0.0,0.1176470588235294,1813.0159000000003,-0.482149553253322,6.112431144714355,0.1176470588235294,-15.0,0.0988235294117647,0.3338535059284331,-1.654697686732634e-06,86.47058823529412,0.9711764705882352,0.4117647058823529,development
870,VHVLADAFKRYLLD,inactive - virtual,inactive - virtual,0,Inactive,virtual,1,14,0.1428571428571428,0.0,0.1428571428571428,0.0,0.0714285714285714,0.0,0.0714285714285714,0.0,0.0714285714285714,0.2142857142857142,0.0,0.0,0.0,0.0,0.0714285714285714,0.0,0.0,0.1428571428571428,0.0,0.0714285714285714,1659.925,-0.4430967616876105,6.726008033752441,0.1428571428571428,10.385714285714288,0.1428571428571428,0.4774719147455908,5.723132903194713e-05,139.28571428571428,0.947857142857143,0.5714285714285714,development
871,VIDPLHTHLTRLVAAYTG,inactive - virtual,inactive - virtual,0,Inactive,virtual,1,18,0.1111111111111111,0.0,0.0555555555555555,0.0,0.0,0.0555555555555555,0.1111111111111111,0.0555555555555555,0.0,0.1666666666666666,0.0,0.0,0.0555555555555555,0.0,0.0555555555555555,0.0,0.1666666666666666,0.1111111111111111,0.0,0.0555555555555555,1977.2666000000004,-0.4056805232913409,6.890386390686037,0.0555555555555555,-4.177777777777778,0.2583333333333333,0.3725759883322091,9.760933003585752e-05,130.0,0.4716666666666665,0.4444444444444444,test
872,VKYAVFEAALTKAITAMSEVQKVSQ,inactive - virtual,inactive - virtual,0,Inactive,virtual,1,25,0.2,0.0,0.0,0.08,0.04,0.0,0.0,0.04,0.12,0.04,0.04,0.0,0.0,0.08,0.0,0.08,0.08,0.16,0.0,0.04,2713.1527,0.5153699723127652,8.402438545227053,0.08,47.50800000000001,0.1584,0.1890581515164004,0.0003674681920712,97.6,0.522,0.52,test
873,VLSFKTGIISL,inactive - virtual,inactive - virtual,0,Inactive,virtual,1,11,0.0,0.0,0.0,0.0,0.0909090909090909,0.0909090909090909,0.0,0.1818181818181818,0.0909090909090909,0.1818181818181818,0.0,0.0,0.0,0.0,0.0,0.1818181818181818,0.0909090909090909,0.0909090909090909,0.0,0.0,1177.4326,0.5206452284349337,8.720009803771973,0.0909090909090909,-20.009090909090908,0.5336363636363636,0.2458539503913091,0.0008459029759478,168.18181818181822,-1.1563636363636365,0.5454545454545454,test
874,VMELLTKTLGWDIQEELNKLT,inactive - virtual,inactive - virtual,0,Inactive,virtual,1,21,0.0,0.0,0.0476190476190476,0.1428571428571428,0.0,0.0476190476190476,0.0,0.0476190476190476,0.0952380952380952,0.238095238095238,0.0476190476190476,0.0476190476190476,0.0,0.0476190476190476,0.0,0.0,0.1428571428571428,0.0476190476190476,0.0476190476190476,0.0,2474.8666000000007,-2.478051597257814,4.40726146697998,0.0476190476190476,47.32857142857143,0.0966666666666667,0.2752839308314553,-0.0008081232549588,125.23809523809524,0.998095238095238,0.3809523809523809,development
875,VMGQNLILNMND,inactive - virtual,inactive - virtual,0,Inactive,virtual,1,12,0.0,0.0,0.0833333333333333,0.0,0.0,0.0833333333333333,0.0,0.0833333333333333,0.0,0.1666666666666666,0.1666666666666666,0.25,0.0,0.0833333333333333,0.0,0.0,0.0,0.0833333333333333,0.0,0.0,1361.5867999999998,-1.4751333834507174,4.299324226379395,0.0,25.21666666666667,0.1974999999999999,0.2327799261678554,-0.0007373732180759,121.66666666666664,0.8116666666666665,0.5,test
876,VMPSLLQAFDLTA,inactive - virtual,inactive - virtual,0,Inactive,virtual,1,13,0.1538461538461538,0.0,0.0769230769230769,0.0,0.0769230769230769,0.0,0.0,0.0,0.0,0.2307692307692307,0.0769230769230769,0.0,0.0769230769230769,0.0769230769230769,0.0,0.0769230769230769,0.0769230769230769,0.0769230769230769,0.0,0.0,1405.6577,-1.476402694742776,4.0500284194946286,0.0769230769230769,92.41538461538464,0.4323076923076924,0.3298479412481298,-0.0007142552253034,127.6923076923077,-0.5784615384615385,0.6153846153846154,development
877,VMQWVIRILGGGLQKAL,inactive - virtual,inactive - virtual,0,Inactive,virtual,1,17,0.0588235294117647,0.0,0.0,0.0,0.0,0.1764705882352941,0.0,0.1176470588235294,0.0588235294117647,0.1764705882352941,0.0588235294117647,0.0,0.0,0.1176470588235294,0.0588235294117647,0.0,0.0,0.1176470588235294,0.0588235294117647,0.0,1882.3194000000003,1.5206201102015604,11.000707817077636,0.0588235294117647,45.00588235294117,0.3594117647058823,0.4841681370833673,0.0010603879234778,154.7058823529412,-0.6141176470588234,0.5294117647058824,development
878,VNFLVADALKQHRHRRDDVIVMLSAR,inactive - virtual,inactive - virtual,0,Inactive,virtual,1,26,0.1153846153846153,0.0,0.1153846153846153,0.0,0.0384615384615384,0.0,0.0769230769230769,0.0384615384615384,0.0384615384615384,0.1153846153846153,0.0384615384615384,0.0384615384615384,0.0,0.0384615384615384,0.1538461538461538,0.0384615384615384,0.0,0.1538461538461538,0.0,0.0,3060.5381999999995,1.595137090318548,10.667277336120604,0.0384615384615384,32.56923076923077,-0.1542307692307692,0.0516997622265017,0.0007171936978441,116.15384615384616,2.680384615384615,0.5,development
879,VNQFLDYLQEFLGVMNT,inactive - virtual,inactive - virtual,0,Inactive,virtual,1,17,0.0,0.0,0.0588235294117647,0.0588235294117647,0.1176470588235294,0.0588235294117647,0.0,0.0,0.0,0.1764705882352941,0.0588235294117647,0.1176470588235294,0.0,0.1176470588235294,0.0,0.0,0.0588235294117647,0.1176470588235294,0.0,0.0588235294117647,2031.2871000000005,-2.477787526470217,4.0500284194946286,0.1764705882352941,26.05294117647059,0.2547058823529412,0.4590660315972507,-0.0009860728896415,102.94117647058825,0.6182352941176471,0.4705882352941176,development
880,VPMQRVLKYHLLLQELVK,inactive - virtual,inactive - virtual,0,Inactive,virtual,1,18,0.0,0.0,0.0,0.0555555555555555,0.0,0.0,0.0555555555555555,0.0,0.1111111111111111,0.2777777777777778,0.0555555555555555,0.0,0.0555555555555555,0.1111111111111111,0.0555555555555555,0.0,0.0,0.1666666666666666,0.0,0.0555555555555555,2207.7227000000003,1.5533561269828802,9.69941349029541,0.0555555555555555,41.116666666666674,0.0822222222222222,0.2871435926202673,0.0009489385024436,156.66666666666666,0.5355555555555556,0.5,test
881,VQEVNRFIKAFEEMKALMKSL,inactive - virtual,inactive - virtual,0,Inactive,virtual,1,21,0.0952380952380952,0.0,0.0,0.1428571428571428,0.0952380952380952,0.0,0.0,0.0476190476190476,0.1428571428571428,0.0952380952380952,0.0952380952380952,0.0476190476190476,0.0,0.0476190476190476,0.0476190476190476,0.0476190476190476,0.0,0.0952380952380952,0.0,0.0,2511.9992,0.5189712076865218,8.468325233459474,0.0952380952380952,30.17619047619048,-0.0147619047619047,0.4074830468325435,0.0003976910828025,92.85714285714285,1.4504761904761905,0.5238095238095238,test
882,VSDARSAITSAQELLDS,inactive - virtual,inactive - virtual,0,Inactive,virtual,1,17,0.1764705882352941,0.0,0.1176470588235294,0.0588235294117647,0.0,0.0,0.0,0.0588235294117647,0.0,0.1176470588235294,0.0,0.0,0.0,0.0588235294117647,0.0588235294117647,0.2352941176470588,0.0588235294117647,0.0588235294117647,0.0,0.0,1762.8696,-2.4748605678812994,4.0500284194946286,0.0,57.91764705882353,-0.0058823529411764,0.4161753386789377,-0.00113564811926,103.52941176470588,2.155882352941176,0.4117647058823529,development
883,VWHYALWSLIQQSEILFAQ,inactive - virtual,inactive - virtual,0,Inactive,virtual,1,19,0.1052631578947368,0.0,0.0,0.0526315789473684,0.0526315789473684,0.0,0.0526315789473684,0.1052631578947368,0.0,0.1578947368421052,0.0,0.0,0.0,0.1578947368421052,0.0,0.1052631578947368,0.0,0.0526315789473684,0.1052631578947368,0.0526315789473684,2332.6523999999995,-1.4416075694491746,5.238929557800293,0.2105263157894737,133.66315789473683,0.3931578947368421,0.1740046445511646,-0.0003879690996544,128.42105263157893,-0.2563157894736843,0.4736842105263157,development
884,VYGPFWKNWQAQ,inactive - virtual,inactive - virtual,0,Inactive,virtual,1,12,0.0833333333333333,0.0,0.0,0.0,0.0833333333333333,0.0833333333333333,0.0,0.0,0.0833333333333333,0.0,0.0,0.0833333333333333,0.0833333333333333,0.1666666666666666,0.0,0.0,0.0,0.0833333333333333,0.1666666666666666,0.0833333333333333,1523.6908,0.518139635767648,8.56148204803467,0.3333333333333333,3.216666666666668,0.1183333333333332,0.2521544143612874,0.0006530156855023,32.49999999999999,0.7483333333333332,0.25,development
885,WATLLAQWADRAL,inactive - virtual,inactive - virtual,0,Inactive,virtual,1,13,0.3076923076923077,0.0,0.0769230769230769,0.0,0.0,0.0,0.0,0.0,0.0,0.2307692307692307,0.0,0.0,0.0,0.0769230769230769,0.0769230769230769,0.0,0.0769230769230769,0.0,0.1538461538461538,0.0,1514.7257,-0.4421257665114191,5.83636417388916,0.1538461538461538,-26.22307692307692,0.2384615384615385,0.4983085206845841,-2.6407346523802923e-06,120.76923076923076,0.3915384615384614,0.5384615384615384,development
886,WDDIRNDLFRIQNDLFVLGEDVST,inactive - virtual,inactive - virtual,0,Inactive,virtual,1,24,0.0,0.0,0.2083333333333333,0.0416666666666666,0.0833333333333333,0.0416666666666666,0.0,0.0833333333333333,0.0,0.125,0.0,0.0833333333333333,0.0,0.0416666666666666,0.0833333333333333,0.0416666666666666,0.0416666666666666,0.0833333333333333,0.0416666666666666,0.0,2881.1121000000003,-4.439244187184928,4.0500284194946286,0.125,19.60833333333333,-0.0370833333333333,0.4171920380800069,-0.0013883489753984,105.41666666666666,2.630416666666666,0.375,development
887,YAKGALQYLVPILTQTLT,inactive - virtual,inactive - virtual,0,Inactive,virtual,1,18,0.1111111111111111,0.0,0.0,0.0,0.0,0.0555555555555555,0.0,0.0555555555555555,0.0555555555555555,0.2222222222222222,0.0,0.0,0.0555555555555555,0.1111111111111111,0.0,0.0,0.1666666666666666,0.0555555555555555,0.0,0.1111111111111111,1993.3454000000008,0.5499360895650922,8.49740047454834,0.1111111111111111,44.3,0.3283333333333333,0.3237020820511585,0.0004986580379762,135.55555555555554,-0.4766666666666667,0.4444444444444444,development
888,YDDIIEAAGELG,inactive - virtual,inactive - virtual,0,Inactive,virtual,1,12,0.1666666666666666,0.0,0.1666666666666666,0.1666666666666666,0.0,0.1666666666666666,0.0,0.1666666666666666,0.0,0.0833333333333333,0.0,0.0,0.0,0.0,0.0,0.0,0.0,0.0,0.0,0.0833333333333333,1265.3225000000004,-4.441918234910637,4.0500284194946286,0.0833333333333333,59.23333333333333,0.2566666666666666,0.4935221033580232,-0.0031620209747654,114.16666666666666,0.9116666666666668,0.4166666666666667,development
889,YDLLKDLEEGIQTLMGRL,inactive - virtual,inactive - virtual,0,Inactive,virtual,1,18,0.0,0.0,0.1111111111111111,0.1111111111111111,0.0,0.1111111111111111,0.0,0.0555555555555555,0.0555555555555555,0.2777777777777778,0.0555555555555555,0.0,0.0,0.0555555555555555,0.0555555555555555,0.0,0.0555555555555555,0.0,0.0,0.0555555555555555,2107.4266,-2.4444489458112963,4.316716957092285,0.0555555555555555,31.27777777777778,0.0322222222222222,0.5321777739388175,-0.0009494977294619,130.0,1.446111111111111,0.3888888888888889,development
890,YEDKAVELYSRTAR,inactive - virtual,inactive - virtual,0,Inactive,virtual,1,14,0.1428571428571428,0.0,0.0714285714285714,0.1428571428571428,0.0,0.0,0.0,0.0,0.0714285714285714,0.0714285714285714,0.0,0.0,0.0,0.0,0.1428571428571428,0.0714285714285714,0.0714285714285714,0.0714285714285714,0.0,0.1428571428571428,1700.8464,-0.4474261408669604,6.180581092834472,0.1428571428571428,25.35,-0.3678571428571428,0.5465412112715279,-1.7638239703677574e-06,62.85714285714285,3.6714285714285713,0.2857142857142857,development
891,YETLEFLGDALVNFFIVDLLVQYS,inactive - virtual,inactive - virtual,0,Inactive,virtual,1,24,0.0416666666666666,0.0,0.0833333333333333,0.0833333333333333,0.125,0.0416666666666666,0.0,0.0416666666666666,0.0,0.2083333333333333,0.0,0.0416666666666666,0.0,0.0416666666666666,0.0,0.0416666666666666,0.0416666666666666,0.125,0.0,0.0833333333333333,2809.1667,-4.444423827577922,4.0500284194946286,0.2083333333333333,-12.7625,0.4283333333333334,0.0971788930159076,-0.0014246150122099,137.91666666666666,-0.1599999999999999,0.5416666666666666,development
892,YFSKGIPNVLRR,inactive - virtual,inactive - virtual,0,Inactive,virtual,1,12,0.0,0.0,0.0,0.0,0.0833333333333333,0.0833333333333333,0.0,0.0833333333333333,0.0833333333333333,0.0833333333333333,0.0,0.0833333333333333,0.0833333333333333,0.0,0.1666666666666666,0.0833333333333333,0.0,0.0833333333333333,0.0,0.0833333333333333,1449.6986,2.552391445765631,11.00038547515869,0.1666666666666666,56.400000000000006,-0.15,0.7280210084102081,0.0020659446782092,89.16666666666664,2.3141666666666665,0.3333333333333333,development
893,YGSIGLTNFGYLDKE,inactive - virtual,inactive - virtual,0,Inactive,virtual,1,15,0.0,0.0,0.0666666666666666,0.0666666666666666,0.0666666666666666,0.2,0.0,0.0666666666666666,0.0666666666666666,0.1333333333333333,0.0,0.0666666666666666,0.0,0.0,0.0,0.0666666666666666,0.0666666666666666,0.0,0.0,0.1333333333333333,1676.8197,-1.4464041786833612,4.748863792419433,0.2,-27.686666666666667,0.1739999999999999,0.2077304789459454,-0.0005987488296368,78.0,0.894,0.2666666666666666,development
894,YKEPLKAVVKKLLEKE,inactive - virtual,inactive - virtual,0,Inactive,virtual,1,16,0.0625,0.0,0.0,0.1875,0.0,0.0,0.0,0.0,0.3125,0.1875,0.0,0.0,0.0625,0.0,0.0,0.0,0.0,0.125,0.0,0.0625,1915.3199,1.5478740810394656,9.308992958068847,0.0625,9.000000000000002,-0.20125,0.3384863985687636,0.0010431622749082,115.625,1.479375,0.375,test
895,YKKFRQLIQVN,inactive - virtual,inactive - virtual,0,Inactive,virtual,1,11,0.0,0.0,0.0,0.0,0.0909090909090909,0.0,0.0,0.0909090909090909,0.1818181818181818,0.0909090909090909,0.0,0.0909090909090909,0.0,0.1818181818181818,0.0909090909090909,0.0,0.0,0.0909090909090909,0.0,0.0909090909090909,1436.6998,2.5499109713317187,10.289686012268067,0.1818181818181818,19.745454545454542,-0.2654545454545454,0.5176544301490223,0.0020846384074615,97.27272727272728,2.456363636363636,0.3636363636363636,development
896,YLADLFLAPQIHGAINRFQ,inactive - virtual,inactive - virtual,0,Inactive,virtual,1,19,0.1578947368421052,0.0,0.0526315789473684,0.0,0.1052631578947368,0.0526315789473684,0.0526315789473684,0.1052631578947368,0.0,0.1578947368421052,0.0,0.0526315789473684,0.0526315789473684,0.1052631578947368,0.0526315789473684,0.0,0.0,0.0,0.0,0.0526315789473684,2187.4977,-0.4080049180026579,6.743628120422364,0.1578947368421052,21.847368421052632,0.26,0.1676522798271965,4.297142857142857e-05,118.42105263157892,0.4857894736842105,0.5263157894736842,development
897,YLDKEVKLIKKMGNHLTNLRRVA,inactive - virtual,inactive - virtual,0,Inactive,virtual,1,23,0.0434782608695652,0.0,0.0434782608695652,0.0434782608695652,0.0,0.0434782608695652,0.0434782608695652,0.0434782608695652,0.1739130434782608,0.1739130434782608,0.0434782608695652,0.0869565217391304,0.0,0.0,0.0869565217391304,0.0,0.0434782608695652,0.0869565217391304,0.0,0.0434782608695652,2740.2741,3.583068354034669,10.16642246246338,0.0434782608695652,34.46521739130435,-0.2021739130434782,0.4908286102100815,0.0014943728378121,114.34782608695652,2.19304347826087,0.391304347826087,development
898,YLSESVETIKKLGDHITSLKKLW,inactive - virtual,inactive - virtual,0,Inactive,virtual,1,23,0.0,0.0,0.0434782608695652,0.0869565217391304,0.0,0.0434782608695652,0.0434782608695652,0.0869565217391304,0.1739130434782608,0.1739130434782608,0.0,0.0,0.0,0.0,0.0,0.1304347826086956,0.0869565217391304,0.0434782608695652,0.0434782608695652,0.0434782608695652,2689.1099,0.5842393514412616,8.387030601501465,0.0869565217391304,40.947826086956525,0.018695652173913,0.4338798717510815,0.0004075682751234,114.3478260869565,1.2108695652173913,0.3043478260869565,development
899,YPIVDAAMRQLTETG,inactive - virtual,inactive - virtual,0,Inactive,virtual,1,15,0.1333333333333333,0.0,0.0666666666666666,0.0666666666666666,0.0,0.0666666666666666,0.0,0.0666666666666666,0.0,0.0666666666666666,0.0666666666666666,0.0,0.0666666666666666,0.0666666666666666,0.0666666666666666,0.0,0.1333333333333333,0.0666666666666666,0.0,0.0666666666666666,1664.8771000000006,-1.44351059823886,4.3702592849731445,0.0666666666666666,16.873333333333335,0.0833333333333333,0.4486036140977311,-0.000602445821921,84.66666666666666,1.3653333333333333,0.4,development
900,YQNIVKAVQYAARKLQ,inactive - virtual,inactive - virtual,0,Inactive,virtual,1,16,0.1875,0.0,0.0,0.0,0.0,0.0,0.0,0.0625,0.125,0.0625,0.0,0.0625,0.0,0.1875,0.0625,0.0,0.0,0.125,0.0,0.125,1893.1931,2.5474053786644326,9.9971284866333,0.125,54.8875,-0.109375,0.6413177428469181,0.0015814493978449,103.75,1.638125,0.4375,development
901,YQQQKKYLGRMTE,inactive - virtual,inactive - virtual,0,Inactive,virtual,1,13,0.0,0.0,0.0,0.0769230769230769,0.0,0.0769230769230769,0.0,0.0,0.1538461538461538,0.0769230769230769,0.0769230769230769,0.0,0.0,0.2307692307692307,0.0769230769230769,0.0,0.0769230769230769,0.0,0.0,0.1538461538461538,1672.9024000000002,1.5506186262609742,9.526315879821777,0.1538461538461538,51.46153846153847,-0.4692307692307692,0.435624380998535,0.0011925327722352,30.0,3.3915384615384614,0.1538461538461538,development
