ID,sequence,class,original_class,label,binary_class,inactive_source,is_virtual_inactive,length,AAC_A,AAC_C,AAC_D,AAC_E,AAC_F,AAC_G,AAC_H,AAC_I,AAC_K,AAC_L,AAC_M,AAC_N,AAC_P,AAC_Q,AAC_R,AAC_S,AAC_T,AAC_V,AAC_W,AAC_Y,molecular_weight,net_charge_pH7_4
1,AIGKFLHSAKKFGKAFVGEIMNS,mod. active,mod. active,1,Active,active,0,23,0.13043478260869565,0.0,0.0,0.043478260869565216,0.13043478260869565,0.13043478260869565,0.043478260869565216,0.08695652173913043,0.17391304347826086,0.043478260869565216,0.043478260869565216,0.043478260869565216,0.0,0.0,0.0,0.08695652173913043,0.0,0.043478260869565216,0.0,0.0,2480.9238,2.6355271293782248
2,FAKALAKLAKKLL,mod. active,mod. active,1,Active,active,0,13,0.3076923076923077,0.0,0.0,0.0,0.07692307692307693,0.0,0.0,0.0,0.3076923076923077,0.3076923076923077,0.0,0.0,0.0,0.0,0.0,0.0,0.0,0.0,0.0,0.0,1414.8202999999999,3.5474304968978063
3,FAKALKALLKALKAL,mod. active,mod. active,1,Active,active,0,15,0.3333333333333333,0.0,0.0,0.0,0.06666666666666667,0.0,0.0,0.0,0.26666666666666666,0.3333333333333333,0.0,0.0,0.0,0.0,0.0,0.0,0.0,0.0,0.0,0.0,1599.0558,3.5474304968978063
4,FAKFLAKFLKKAL,mod. active,mod. active,1,Active,active,0,13,0.23076923076923078,0.0,0.0,0.0,0.23076923076923078,0.0,0.0,0.0,0.3076923076923077,0.23076923076923078,0.0,0.0,0.0,0.0,0.0,0.0,0.0,0.0,0.0,0.0,1524.9324,3.5474304968978063
5,FAKIIAKIAKIAKKIL,inactive - exp,inactive - exp,0,Inactive,experimental,0,16,0.25,0.0,0.0,0.0,0.0625,0.0,0.0,0.3125,0.3125,0.0625,0.0,0.0,0.0,0.0,0.0,0.0,0.0,0.0,0.0,0.0,1769.3078,4.5449249042305215
6,FAKKFAKKFKKFAKKFAKFAFAF,mod. active,mod. active,1,Active,active,0,23,0.2608695652173913,0.0,0.0,0.0,0.34782608695652173,0.0,0.0,0.0,0.391304347826087,0.0,0.0,0.0,0.0,0.0,0.0,0.0,0.0,0.0,0.0,0.0,2775.4238,8.534902533561377
7,FAKKLAKKLAKAAL,inactive - exp,inactive - exp,0,Inactive,experimental,0,14,0.35714285714285715,0.0,0.0,0.0,0.07142857142857142,0.0,0.0,0.0,0.35714285714285715,0.21428571428571427,0.0,0.0,0.0,0.0,0.0,0.0,0.0,0.0,0.0,0.0,1500.9129,4.5449249042305215
8,FAKKLAKKLAKAL,inactive - exp,inactive - exp,0,Inactive,experimental,0,13,0.3076923076923077,0.0,0.0,0.0,0.07692307692307693,0.0,0.0,0.0,0.38461538461538464,0.23076923076923078,0.0,0.0,0.0,0.0,0.0,0.0,0.0,0.0,0.0,0.0,1429.835,4.5449249042305215
9,FAKKLAKKLAKLAL,inactive - exp,inactive - exp,0,Inactive,experimental,0,14,0.2857142857142857,0.0,0.0,0.0,0.07142857142857142,0.0,0.0,0.0,0.35714285714285715,0.2857142857142857,0.0,0.0,0.0,0.0,0.0,0.0,0.0,0.0,0.0,0.0,1542.9926,4.5449249042305215
10,FAKKLAKKLAKLL,inactive - exp,inactive - exp,0,Inactive,experimental,0,13,0.23076923076923078,0.0,0.0,0.0,0.07692307692307693,0.0,0.0,0.0,0.38461538461538464,0.3076923076923077,0.0,0.0,0.0,0.0,0.0,0.0,0.0,0.0,0.0,0.0,1471.9147,4.5449249042305215
11,FAKKLAKKLKKLAKKLAK,inactive - exp,inactive - exp,0,Inactive,experimental,0,18,0.2222222222222222,0.0,0.0,0.0,0.05555555555555555,0.0,0.0,0.0,0.5,0.2222222222222222,0.0,0.0,0.0,0.0,0.0,0.0,0.0,0.0,0.0,0.0,2055.6818,8.534902533561377
12,FAKKLAKKLKKLAKKLAKKWKL,mod. active,mod. active,1,Active,active,0,22,0.18181818181818182,0.0,0.0,0.0,0.045454545454545456,0.0,0.0,0.0,0.5,0.22727272727272727,0.0,0.0,0.0,0.0,0.0,0.0,0.0,0.0,0.045454545454545456,0.0,2611.3939,10.529891348226807
13,FAKKLAKKLKKLAKKLAKLAKKL,inactive - exp,inactive - exp,0,Inactive,experimental,0,23,0.21739130434782608,0.0,0.0,0.0,0.043478260869565216,0.0,0.0,0.0,0.4782608695652174,0.2608695652173913,0.0,0.0,0.0,0.0,0.0,0.0,0.0,0.0,0.0,0.0,2609.4195,10.529891348226807
14,FAKKLAKKLKKLAKKLAKLALALKALALKAL,mod. active,mod. active,1,Active,active,0,31,0.2903225806451613,0.0,0.0,0.0,0.03225806451612903,0.0,0.0,0.0,0.3548387096774194,0.3225806451612903,0.0,0.0,0.0,0.0,0.0,0.0,0.0,0.0,0.0,0.0,3346.3614999999995,10.529891348226807
15,FAKKLAKKLKKLAKKLIGAVLKV,mod. active,mod. active,1,Active,active,0,23,0.17391304347826086,0.0,0.0,0.0,0.043478260869565216,0.043478260869565216,0.0,0.043478260869565216,0.391304347826087,0.21739130434782608,0.0,0.0,0.0,0.0,0.0,0.0,0.0,0.08695652173913043,0.0,0.0,2537.3102999999996,8.534902533561377
16,FAKKLAKKLKKLAKLALAK,inactive - exp,inactive - exp,0,Inactive,experimental,0,19,0.2631578947368421,0.0,0.0,0.0,0.05263157894736842,0.0,0.0,0.0,0.42105263157894735,0.2631578947368421,0.0,0.0,0.0,0.0,0.0,0.0,0.0,0.0,0.0,0.0,2111.745,7.537408126228662
17,FAKKLAKKLKKLAKLALAL,inactive - exp,inactive - exp,0,Inactive,experimental,0,19,0.2631578947368421,0.0,0.0,0.0,0.05263157894736842,0.0,0.0,0.0,0.3684210526315789,0.3157894736842105,0.0,0.0,0.0,0.0,0.0,0.0,0.0,0.0,0.0,0.0,2096.7302999999997,6.539913718895949
18,FAKKLAKKLL,inactive - exp,inactive - exp,0,Inactive,experimental,0,10,0.2,0.0,0.0,0.0,0.1,0.0,0.0,0.0,0.4,0.3,0.0,0.0,0.0,0.0,0.0,0.0,0.0,0.0,0.0,0.0,1159.5069,3.5474304968978063
19,FAKKLAKLAKKALAL,inactive - exp,inactive - exp,0,Inactive,experimental,0,15,0.3333333333333333,0.0,0.0,0.0,0.06666666666666667,0.0,0.0,0.0,0.3333333333333333,0.26666666666666666,0.0,0.0,0.0,0.0,0.0,0.0,0.0,0.0,0.0,0.0,1614.0705000000003,4.5449249042305215
20,FAKKLAKLAKKL,inactive - exp,inactive - exp,0,Inactive,experimental,0,12,0.25,0.0,0.0,0.0,0.08333333333333333,0.0,0.0,0.0,0.4166666666666667,0.25,0.0,0.0,0.0,0.0,0.0,0.0,0.0,0.0,0.0,0.0,1358.7571,4.5449249042305215
21,FAKKLAKLAKKLAKLAL,mod. active,mod. active,1,Active,active,0,17,0.29411764705882354,0.0,0.0,0.0,0.058823529411764705,0.0,0.0,0.0,0.35294117647058826,0.29411764705882354,0.0,0.0,0.0,0.0,0.0,0.0,0.0,0.0,0.0,0.0,1855.4004,5.5424193115632345
22,FAKKLAKLAKKLAKLALAL,mod. active,mod. active,1,Active,active,0,19,0.3157894736842105,0.0,0.0,0.0,0.05263157894736842,0.0,0.0,0.0,0.3157894736842105,0.3157894736842105,0.0,0.0,0.0,0.0,0.0,0.0,0.0,0.0,0.0,0.0,2039.6358999999998,5.5424193115632345
23,FAKKLAKLAKKLLAL,mod. active,mod. active,1,Active,active,0,15,0.26666666666666666,0.0,0.0,0.0,0.06666666666666667,0.0,0.0,0.0,0.3333333333333333,0.3333333333333333,0.0,0.0,0.0,0.0,0.0,0.0,0.0,0.0,0.0,0.0,1656.1502,4.5449249042305215
24,FAKKLAKLALKLAKL,mod. active,mod. active,1,Active,active,0,15,0.26666666666666666,0.0,0.0,0.0,0.06666666666666667,0.0,0.0,0.0,0.3333333333333333,0.3333333333333333,0.0,0.0,0.0,0.0,0.0,0.0,0.0,0.0,0.0,0.0,1656.1502,4.5449249042305215
25,FAKKLKKLAKLAKKL,inactive - exp,inactive - exp,0,Inactive,experimental,0,15,0.2,0.0,0.0,0.0,0.06666666666666667,0.0,0.0,0.0,0.4666666666666667,0.26666666666666666,0.0,0.0,0.0,0.0,0.0,0.0,0.0,0.0,0.0,0.0,1728.2593000000002,6.539913718895949
26,FAKKLLAKALKL,inactive - exp,inactive - exp,0,Inactive,experimental,0,12,0.25,0.0,0.0,0.0,0.08333333333333333,0.0,0.0,0.0,0.3333333333333333,0.3333333333333333,0.0,0.0,0.0,0.0,0.0,0.0,0.0,0.0,0.0,0.0,1343.7424,3.5474304968978063
27,FAKLAKKALAKLL,inactive - exp,inactive - exp,0,Inactive,experimental,0,13,0.3076923076923077,0.0,0.0,0.0,0.07692307692307693,0.0,0.0,0.0,0.3076923076923077,0.3076923076923077,0.0,0.0,0.0,0.0,0.0,0.0,0.0,0.0,0.0,0.0,1414.8202999999999,3.5474304968978063
28,FAKLF,inactive - exp,inactive - exp,0,Inactive,experimental,0,5,0.2,0.0,0.0,0.0,0.4,0.0,0.0,0.0,0.2,0.2,0.0,0.0,0.0,0.0,0.0,0.0,0.0,0.0,0.0,0.0,624.7706999999999,0.5549472748996638
29,FAKLFAKLAKKFAL,inactive - exp,inactive - exp,0,Inactive,experimental,0,14,0.2857142857142857,0.0,0.0,0.0,0.21428571428571427,0.0,0.0,0.0,0.2857142857142857,0.21428571428571427,0.0,0.0,0.0,0.0,0.0,0.0,0.0,0.0,0.0,0.0,1596.0103,3.5474304968978063
30,FAKLLAKALKKAL,mod. active,mod. active,1,Active,active,0,13,0.3076923076923077,0.0,0.0,0.0,0.07692307692307693,0.0,0.0,0.0,0.3076923076923077,0.3076923076923077,0.0,0.0,0.0,0.0,0.0,0.0,0.0,0.0,0.0,0.0,1414.8202999999999,3.5474304968978063
31,FAKLLAKALKKFAL,mod. active,mod. active,1,Active,active,0,14,0.2857142857142857,0.0,0.0,0.0,0.14285714285714285,0.0,0.0,0.0,0.2857142857142857,0.2857142857142857,0.0,0.0,0.0,0.0,0.0,0.0,0.0,0.0,0.0,0.0,1561.9941,3.5474304968978063
32,FAKLLAKALKKFL,mod. active,mod. active,1,Active,active,0,13,0.23076923076923078,0.0,0.0,0.0,0.15384615384615385,0.0,0.0,0.0,0.3076923076923077,0.3076923076923077,0.0,0.0,0.0,0.0,0.0,0.0,0.0,0.0,0.0,0.0,1490.9162,3.5474304968978063
33,FAKLLAKALKKL,inactive - exp,inactive - exp,0,Inactive,experimental,0,12,0.25,0.0,0.0,0.0,0.08333333333333333,0.0,0.0,0.0,0.3333333333333333,0.3333333333333333,0.0,0.0,0.0,0.0,0.0,0.0,0.0,0.0,0.0,0.0,1343.7423999999999,3.5474304968978063
34,FAKLLAKALKKLL,very active,very active,1,Active,active,0,13,0.23076923076923078,0.0,0.0,0.0,0.07692307692307693,0.0,0.0,0.0,0.3076923076923077,0.38461538461538464,0.0,0.0,0.0,0.0,0.0,0.0,0.0,0.0,0.0,0.0,1456.8999999999999,3.5474304968978063
35,FAKLLAKALKLKL,inactive - exp,inactive - exp,0,Inactive,experimental,0,13,0.23076923076923078,0.0,0.0,0.0,0.07692307692307693,0.0,0.0,0.0,0.3076923076923077,0.38461538461538464,0.0,0.0,0.0,0.0,0.0,0.0,0.0,0.0,0.0,0.0,1456.8999999999999,3.5474304968978063
36,FAKLLAKFLKKAL,mod. active,mod. active,1,Active,active,0,13,0.23076923076923078,0.0,0.0,0.0,0.15384615384615385,0.0,0.0,0.0,0.3076923076923077,0.3076923076923077,0.0,0.0,0.0,0.0,0.0,0.0,0.0,0.0,0.0,0.0,1490.9162,3.5474304968978063
37,FAKLLAKLAKAKL,inactive - exp,inactive - exp,0,Inactive,experimental,0,13,0.3076923076923077,0.0,0.0,0.0,0.07692307692307693,0.0,0.0,0.0,0.3076923076923077,0.3076923076923077,0.0,0.0,0.0,0.0,0.0,0.0,0.0,0.0,0.0,0.0,1414.8202999999999,3.5474304968978063
38,FAKLLAKLAKKAA,inactive - exp,inactive - exp,0,Inactive,experimental,0,13,0.38461538461538464,0.0,0.0,0.0,0.07692307692307693,0.0,0.0,0.0,0.3076923076923077,0.23076923076923078,0.0,0.0,0.0,0.0,0.0,0.0,0.0,0.0,0.0,0.0,1372.7405999999999,3.5474304968978063
39,FAKLLAKLAKKAL,inactive - exp,inactive - exp,0,Inactive,experimental,0,13,0.3076923076923077,0.0,0.0,0.0,0.07692307692307693,0.0,0.0,0.0,0.3076923076923077,0.3076923076923077,0.0,0.0,0.0,0.0,0.0,0.0,0.0,0.0,0.0,0.0,1414.8202999999999,3.5474304968978063
40,FAKLLAKLAKKFAL,inactive - exp,inactive - exp,0,Inactive,experimental,0,14,0.2857142857142857,0.0,0.0,0.0,0.14285714285714285,0.0,0.0,0.0,0.2857142857142857,0.2857142857142857,0.0,0.0,0.0,0.0,0.0,0.0,0.0,0.0,0.0,0.0,1561.9941,3.5474304968978063
41,FAKLLAKLAKKGL,inactive - exp,inactive - exp,0,Inactive,experimental,0,13,0.23076923076923078,0.0,0.0,0.0,0.07692307692307693,0.07692307692307693,0.0,0.0,0.3076923076923077,0.3076923076923077,0.0,0.0,0.0,0.0,0.0,0.0,0.0,0.0,0.0,0.0,1400.7937,3.5474304968978063
42,FAKLLAKLAKKIL,inactive - exp,inactive - exp,0,Inactive,experimental,0,13,0.23076923076923078,0.0,0.0,0.0,0.07692307692307693,0.0,0.0,0.07692307692307693,0.3076923076923077,0.3076923076923077,0.0,0.0,0.0,0.0,0.0,0.0,0.0,0.0,0.0,0.0,1456.8999999999999,3.5474304968978063
43,FAKLLAKLAKKL,inactive - exp,inactive - exp,0,Inactive,experimental,0,12,0.25,0.0,0.0,0.0,0.08333333333333333,0.0,0.0,0.0,0.3333333333333333,0.3333333333333333,0.0,0.0,0.0,0.0,0.0,0.0,0.0,0.0,0.0,0.0,1343.7423999999999,3.5474304968978063
44,FAKLLAKLAKKLL,very active,very active,1,Active,active,0,13,0.23076923076923078,0.0,0.0,0.0,0.07692307692307693,0.0,0.0,0.0,0.3076923076923077,0.38461538461538464,0.0,0.0,0.0,0.0,0.0,0.0,0.0,0.0,0.0,0.0,1456.8999999999999,3.5474304968978063
45,FAKLLAKLAKKSL,inactive - exp,inactive - exp,0,Inactive,experimental,0,13,0.23076923076923078,0.0,0.0,0.0,0.07692307692307693,0.0,0.0,0.0,0.3076923076923077,0.3076923076923077,0.0,0.0,0.0,0.0,0.0,0.07692307692307693,0.0,0.0,0.0,0.0,1430.8196999999998,3.5474304968978063
46,FAKLLAKLAKKVL,mod. active,mod. active,1,Active,active,0,13,0.23076923076923078,0.0,0.0,0.0,0.07692307692307693,0.0,0.0,0.0,0.3076923076923077,0.3076923076923077,0.0,0.0,0.0,0.0,0.0,0.0,0.0,0.07692307692307693,0.0,0.0,1442.8733999999997,3.5474304968978063
47,FAKLLAKLAKLKL,inactive - exp,inactive - exp,0,Inactive,experimental,0,13,0.23076923076923078,0.0,0.0,0.0,0.07692307692307693,0.0,0.0,0.0,0.3076923076923077,0.38461538461538464,0.0,0.0,0.0,0.0,0.0,0.0,0.0,0.0,0.0,0.0,1456.8999999999999,3.5474304968978063
48,FAKLLFKALKKAL,inactive - exp,inactive - exp,0,Inactive,experimental,0,13,0.23076923076923078,0.0,0.0,0.0,0.15384615384615385,0.0,0.0,0.0,0.3076923076923077,0.3076923076923077,0.0,0.0,0.0,0.0,0.0,0.0,0.0,0.0,0.0,0.0,1490.9162,3.5474304968978063
49,FAKLLKLAAKKLL,inactive - exp,inactive - exp,0,Inactive,experimental,0,13,0.23076923076923078,0.0,0.0,0.0,0.07692307692307693,0.0,0.0,0.0,0.3076923076923077,0.38461538461538464,0.0,0.0,0.0,0.0,0.0,0.0,0.0,0.0,0.0,0.0,1456.8999999999999,3.5474304968978063
50,FAKLWAKLAFGKGIGKVGKKLL,mod. active,mod. active,1,Active,active,0,22,0.13636363636363635,0.0,0.0,0.0,0.09090909090909091,0.18181818181818182,0.0,0.045454545454545456,0.2727272727272727,0.18181818181818182,0.0,0.0,0.0,0.0,0.0,0.0,0.0,0.045454545454545456,0.045454545454545456,0.0,2373.9645000000005,5.5424193115632345
51,FAKLWAKLAKKL,inactive - exp,inactive - exp,0,Inactive,experimental,0,12,0.25,0.0,0.0,0.0,0.08333333333333333,0.0,0.0,0.0,0.3333333333333333,0.25,0.0,0.0,0.0,0.0,0.0,0.0,0.0,0.0,0.08333333333333333,0.0,1416.7947,3.5474304968978063
52,FALAAKALKKLAKKLKKLAKKAL,mod. active,mod. active,1,Active,active,0,23,0.30434782608695654,0.0,0.0,0.0,0.043478260869565216,0.0,0.0,0.0,0.391304347826087,0.2608695652173913,0.0,0.0,0.0,0.0,0.0,0.0,0.0,0.0,0.0,0.0,2495.2307,8.534902533561377
53,FALAKLAKKAKAKLKKALKAL,mod. active,mod. active,1,Active,active,0,21,0.3333333333333333,0.0,0.0,0.0,0.047619047619047616,0.0,0.0,0.0,0.38095238095238093,0.23809523809523808,0.0,0.0,0.0,0.0,0.0,0.0,0.0,0.0,0.0,0.0,2253.9008,7.537408126228662
54,FALALKALKK,inactive - exp,inactive - exp,0,Inactive,experimental,0,10,0.3,0.0,0.0,0.0,0.1,0.0,0.0,0.0,0.3,0.3,0.0,0.0,0.0,0.0,0.0,0.0,0.0,0.0,0.0,0.0,1102.4125000000001,2.5499360895650924
55,FALALKALKKAL,inactive - exp,inactive - exp,0,Inactive,experimental,0,12,0.3333333333333333,0.0,0.0,0.0,0.08333333333333333,0.0,0.0,0.0,0.25,0.3333333333333333,0.0,0.0,0.0,0.0,0.0,0.0,0.0,0.0,0.0,0.0,1286.6480000000001,2.5499360895650924
56,FALALKALKKALKKLKKALKKAL,inactive - exp,inactive - exp,0,Inactive,experimental,0,23,0.2608695652173913,0.0,0.0,0.0,0.043478260869565216,0.0,0.0,0.0,0.391304347826087,0.30434782608695654,0.0,0.0,0.0,0.0,0.0,0.0,0.0,0.0,0.0,0.0,2537.3104000000003,8.534902533561377
57,FALALKALKKL,mod. active,mod. active,1,Active,active,0,11,0.2727272727272727,0.0,0.0,0.0,0.09090909090909091,0.0,0.0,0.0,0.2727272727272727,0.36363636363636365,0.0,0.0,0.0,0.0,0.0,0.0,0.0,0.0,0.0,0.0,1215.5701000000001,2.5499360895650924
58,FALALKALKKLAKKLKKLAKKAL,mod. active,mod. active,1,Active,active,0,23,0.2608695652173913,0.0,0.0,0.0,0.043478260869565216,0.0,0.0,0.0,0.391304347826087,0.30434782608695654,0.0,0.0,0.0,0.0,0.0,0.0,0.0,0.0,0.0,0.0,2537.3104000000003,8.534902533561377
59,FALALKALKKLKKALKKAL,mod. active,mod. active,1,Active,active,0,19,0.2631578947368421,0.0,0.0,0.0,0.05263157894736842,0.0,0.0,0.0,0.3684210526315789,0.3157894736842105,0.0,0.0,0.0,0.0,0.0,0.0,0.0,0.0,0.0,0.0,2096.7303,6.539913718895949
60,FALALKALKKLLKKLKKLAKKAL,mod. active,mod. active,1,Active,active,0,23,0.21739130434782608,0.0,0.0,0.0,0.043478260869565216,0.0,0.0,0.0,0.391304347826087,0.34782608695652173,0.0,0.0,0.0,0.0,0.0,0.0,0.0,0.0,0.0,0.0,2579.3901000000005,8.534902533561377
61,FALALKKALKALKKAL,mod. active,mod. active,1,Active,active,0,16,0.3125,0.0,0.0,0.0,0.0625,0.0,0.0,0.0,0.3125,0.3125,0.0,0.0,0.0,0.0,0.0,0.0,0.0,0.0,0.0,0.0,1727.2281,4.5449249042305215
62,FALALKLAKKAL,inactive - exp,inactive - exp,0,Inactive,experimental,0,12,0.3333333333333333,0.0,0.0,0.0,0.08333333333333333,0.0,0.0,0.0,0.25,0.3333333333333333,0.0,0.0,0.0,0.0,0.0,0.0,0.0,0.0,0.0,0.0,1286.6480000000001,2.5499360895650924
63,FALKALKKLKKALKKAL,mod. active,mod. active,1,Active,active,0,17,0.23529411764705882,0.0,0.0,0.0,0.058823529411764705,0.0,0.0,0.0,0.4117647058823529,0.29411764705882354,0.0,0.0,0.0,0.0,0.0,0.0,0.0,0.0,0.0,0.0,1912.4948,6.539913718895949
64,FALLKALKKAL,inactive - exp,inactive - exp,0,Inactive,experimental,0,11,0.2727272727272727,0.0,0.0,0.0,0.09090909090909091,0.0,0.0,0.0,0.2727272727272727,0.36363636363636365,0.0,0.0,0.0,0.0,0.0,0.0,0.0,0.0,0.0,0.0,1215.5701000000001,2.5499360895650924
65,FALLKALLKKAL,inactive - exp,inactive - exp,0,Inactive,experimental,0,12,0.25,0.0,0.0,0.0,0.08333333333333333,0.0,0.0,0.0,0.25,0.4166666666666667,0.0,0.0,0.0,0.0,0.0,0.0,0.0,0.0,0.0,0.0,1328.7277000000001,2.5499360895650924
66,FAVGLRAIKRALKKLRRGVRKVAKDL,inactive - exp,inactive - exp,0,Inactive,experimental,0,26,0.15384615384615385,0.0,0.038461538461538464,0.0,0.038461538461538464,0.07692307692307693,0.0,0.038461538461538464,0.19230769230769232,0.15384615384615385,0.0,0.0,0.0,0.0,0.19230769230769232,0.0,0.0,0.11538461538461539,0.0,0.0,2963.6617,8.545245797218659
67,FKLAFKLAKKAFL,inactive - exp,inactive - exp,0,Inactive,experimental,0,13,0.23076923076923078,0.0,0.0,0.0,0.23076923076923078,0.0,0.0,0.0,0.3076923076923077,0.23076923076923078,0.0,0.0,0.0,0.0,0.0,0.0,0.0,0.0,0.0,0.0,1524.9324000000001,3.5474304968978063
68,FKRLAKIKVLRLAKIKR,mod. active,mod. active,1,Active,active,0,17,0.11764705882352941,0.0,0.0,0.0,0.058823529411764705,0.0,0.0,0.11764705882352941,0.29411764705882354,0.17647058823529413,0.0,0.0,0.0,0.0,0.17647058823529413,0.0,0.0,0.058823529411764705,0.0,0.0,2081.6825000000003,7.544849549530399
69,FKVKFKVKVK,inactive - exp,inactive - exp,0,Inactive,experimental,0,10,0.0,0.0,0.0,0.0,0.2,0.0,0.0,0.0,0.5,0.0,0.0,0.0,0.0,0.0,0.0,0.0,0.0,0.3,0.0,0.0,1250.6174,4.5449249042305215
70,FLGALFHALSKLL,mod. active,mod. active,1,Active,active,0,13,0.15384615384615385,0.0,0.0,0.0,0.15384615384615385,0.07692307692307693,0.07692307692307693,0.0,0.07692307692307693,0.38461538461538464,0.0,0.0,0.0,0.0,0.0,0.07692307692307693,0.0,0.0,0.0,0.0,1429.7468999999999,0.5915737160757106
71,FLGALFKALSHLL,mod. active,mod. active,1,Active,active,0,13,0.15384615384615385,0.0,0.0,0.0,0.15384615384615385,0.07692307692307693,0.07692307692307693,0.0,0.07692307692307693,0.38461538461538464,0.0,0.0,0.0,0.0,0.0,0.07692307692307693,0.0,0.0,0.0,0.0,1429.7469,0.5915737160757106
72,FLGALFKALSKLL,mod. active,mod. active,1,Active,active,0,13,0.15384615384615385,0.0,0.0,0.0,0.15384615384615385,0.07692307692307693,0.0,0.0,0.15384615384615385,0.38461538461538464,0.0,0.0,0.0,0.0,0.0,0.07692307692307693,0.0,0.0,0.0,0.0,1420.7799,1.552441682232378
73,FLGMIPGLIGGLISAFK,very active,very active,1,Active,active,0,17,0.058823529411764705,0.0,0.0,0.0,0.11764705882352941,0.23529411764705882,0.0,0.17647058823529413,0.058823529411764705,0.17647058823529413,0.058823529411764705,0.0,0.058823529411764705,0.0,0.0,0.058823529411764705,0.0,0.0,0.0,0.0,1734.1524,0.5549472748996638
74,FLGMIPKLIKKLIKAFK,very active,very active,1,Active,active,0,17,0.058823529411764705,0.0,0.0,0.0,0.11764705882352941,0.058823529411764705,0.0,0.17647058823529413,0.29411764705882354,0.17647058823529413,0.058823529411764705,0.0,0.058823529411764705,0.0,0.0,0.0,0.0,0.0,0.0,0.0,1988.6104,4.5449249042305215
75,FLGWLFKWAKK,mod. active,mod. active,1,Active,active,0,11,0.09090909090909091,0.0,0.0,0.0,0.18181818181818182,0.09090909090909091,0.0,0.0,0.2727272727272727,0.18181818181818182,0.0,0.0,0.0,0.0,0.0,0.0,0.0,0.0,0.18181818181818182,0.0,1423.744,2.5499360895650924
76,FLGWLFKWAWK,mod. active,mod. active,1,Active,active,0,11,0.09090909090909091,0.0,0.0,0.0,0.18181818181818182,0.09090909090909091,0.0,0.0,0.18181818181818182,0.18181818181818182,0.0,0.0,0.0,0.0,0.0,0.0,0.0,0.0,0.2727272727272727,0.0,1481.7816,1.552441682232378
77,FLKLLAGLLKNFA,mod. active,mod. active,1,Active,active,0,13,0.15384615384615385,0.0,0.0,0.0,0.15384615384615385,0.07692307692307693,0.0,0.0,0.15384615384615385,0.38461538461538464,0.0,0.07692307692307693,0.0,0.0,0.0,0.0,0.0,0.0,0.0,0.0,1447.8052,1.552441682232378
78,FLKLLKKLAAKFLPTIICKISYKC,very active,very active,1,Active,active,0,24,0.08333333333333333,0.08333333333333333,0.0,0.0,0.08333333333333333,0.0,0.0,0.125,0.25,0.20833333333333334,0.0,0.0,0.041666666666666664,0.0,0.0,0.041666666666666664,0.041666666666666664,0.0,0.0,0.041666666666666664,2783.5687000000003,5.490906983795277
79,FLKLLKKLAAKLF,mod. active,mod. active,1,Active,active,0,13,0.15384615384615385,0.0,0.0,0.0,0.15384615384615385,0.0,0.0,0.0,0.3076923076923077,0.38461538461538464,0.0,0.0,0.0,0.0,0.0,0.0,0.0,0.0,0.0,0.0,1532.9959,3.5474304968978063
80,FLKWLFKWAKK,mod. active,mod. active,1,Active,active,0,11,0.09090909090909091,0.0,0.0,0.0,0.18181818181818182,0.0,0.0,0.0,0.36363636363636365,0.18181818181818182,0.0,0.0,0.0,0.0,0.0,0.0,0.0,0.0,0.18181818181818182,0.0,1494.865,3.5474304968978063
81,FLSLIPKLVKKIIKAFK,very active,very active,1,Active,active,0,17,0.058823529411764705,0.0,0.0,0.0,0.11764705882352941,0.0,0.0,0.17647058823529413,0.29411764705882354,0.17647058823529413,0.0,0.0,0.058823529411764705,0.0,0.0,0.058823529411764705,0.0,0.058823529411764705,0.0,0.0,1986.5714000000003,4.5449249042305215
82,FLSLIPSLVGGSISAFK,inactive - exp,inactive - exp,0,Inactive,experimental,0,17,0.058823529411764705,0.0,0.0,0.0,0.11764705882352941,0.11764705882352941,0.0,0.11764705882352941,0.058823529411764705,0.17647058823529413,0.0,0.0,0.058823529411764705,0.0,0.0,0.23529411764705882,0.0,0.058823529411764705,0.0,0.0,1736.0591000000004,0.5549472748996638
83,FLWWLFKWAWK,mod. active,mod. active,1,Active,active,0,11,0.09090909090909091,0.0,0.0,0.0,0.18181818181818182,0.0,0.0,0.0,0.18181818181818182,0.18181818181818182,0.0,0.0,0.0,0.0,0.0,0.0,0.0,0.0,0.36363636363636365,0.0,1610.9402,1.552441682232378
84,GIGAVLKVLTTGLPALISWIKRKRQQ,mod. active,mod. active,1,Active,active,0,26,0.07692307692307693,0.0,0.0,0.0,0.0,0.11538461538461539,0.0,0.11538461538461539,0.11538461538461539,0.15384615384615385,0.0,0.0,0.038461538461538464,0.07692307692307693,0.07692307692307693,0.038461538461538464,0.07692307692307693,0.07692307692307693,0.038461538461538464,0.0,2847.4471000000003,4.5498858530983455
85,GIGKFLHAAKKFAKAFVAEIMNS,mod. active,mod. active,1,Active,active,0,23,0.21739130434782608,0.0,0.0,0.043478260869565216,0.13043478260869565,0.08695652173913043,0.043478260869565216,0.08695652173913043,0.17391304347826086,0.043478260869565216,0.043478260869565216,0.043478260869565216,0.0,0.0,0.0,0.043478260869565216,0.0,0.043478260869565216,0.0,0.0,2478.951,2.585177699013698
86,GIGKFLHSAKKFAKAFVAEIMNS,mod. active,mod. active,1,Active,active,0,23,0.17391304347826086,0.0,0.0,0.043478260869565216,0.13043478260869565,0.08695652173913043,0.043478260869565216,0.08695652173913043,0.17391304347826086,0.043478260869565216,0.043478260869565216,0.043478260869565216,0.0,0.0,0.0,0.08695652173913043,0.0,0.043478260869565216,0.0,0.0,2494.9504,2.585177699013698
87,GIGKFLHSAKKFGKAFVGEIMNS,mod. active,mod. active,1,Active,active,0,23,0.08695652173913043,0.0,0.0,0.043478260869565216,0.13043478260869565,0.17391304347826086,0.043478260869565216,0.08695652173913043,0.17391304347826086,0.043478260869565216,0.043478260869565216,0.043478260869565216,0.0,0.0,0.0,0.08695652173913043,0.0,0.043478260869565216,0.0,0.0,2466.8972000000003,2.585177699013698
88,GIGKFLKKAKKFAKAFVKIINN,very active,very active,1,Active,active,0,22,0.13636363636363635,0.0,0.0,0.0,0.13636363636363635,0.09090909090909091,0.0,0.13636363636363635,0.3181818181818182,0.045454545454545456,0.0,0.09090909090909091,0.0,0.0,0.0,0.0,0.0,0.045454545454545456,0.0,0.0,2464.0457000000006,6.539913718895949
89,GIGKFLKKAKKFGKAFVKILKK,inactive - exp,inactive - exp,0,Inactive,experimental,0,22,0.09090909090909091,0.0,0.0,0.0,0.13636363636363635,0.13636363636363635,0.0,0.09090909090909091,0.4090909090909091,0.09090909090909091,0.0,0.0,0.0,0.0,0.0,0.0,0.0,0.045454545454545456,0.0,0.0,2478.1585000000005,8.534902533561377
90,GLFAVIKKVAAVIKKL,mod. active,mod. active,1,Active,active,0,16,0.1875,0.0,0.0,0.0,0.0625,0.0625,0.0,0.125,0.25,0.125,0.0,0.0,0.0,0.0,0.0,0.0,0.0,0.1875,0.0,0.0,1698.1867000000002,3.5474304968978063
91,GLFAVIKKVAAVIRRL,mod. active,mod. active,1,Active,active,0,16,0.1875,0.0,0.0,0.0,0.0625,0.0625,0.0,0.125,0.125,0.125,0.0,0.0,0.0,0.0,0.125,0.0,0.0,0.1875,0.0,0.0,1754.2135000000003,3.552391445765631
92,GLFAVIKKVAKVIKKL,very active,very active,1,Active,active,0,16,0.125,0.0,0.0,0.0,0.0625,0.0625,0.0,0.125,0.3125,0.125,0.0,0.0,0.0,0.0,0.0,0.0,0.0,0.1875,0.0,0.0,1755.2811000000002,4.5449249042305215
93,GLFAVIKKVASVIGGL,very active,very active,1,Active,active,0,16,0.125,0.0,0.0,0.0,0.0625,0.1875,0.0,0.125,0.125,0.125,0.0,0.0,0.0,0.0,0.0,0.0625,0.0,0.1875,0.0,0.0,1571.9441000000002,1.552441682232378
94,GLFAVIKKVASVIKGL,mod. active,mod. active,1,Active,active,0,16,0.125,0.0,0.0,0.0,0.0625,0.125,0.0,0.125,0.1875,0.125,0.0,0.0,0.0,0.0,0.0,0.0625,0.0,0.1875,0.0,0.0,1643.0650999999998,2.5499360895650924
95,GLFAVIKKVASVIKKL,mod. active,mod. active,1,Active,active,0,16,0.125,0.0,0.0,0.0,0.0625,0.0625,0.0,0.125,0.25,0.125,0.0,0.0,0.0,0.0,0.0,0.0625,0.0,0.1875,0.0,0.0,1714.1861,3.5474304968978063
96,GLFDIAKKVIGVIGSL,mod. active,mod. active,1,Active,active,0,16,0.0625,0.0,0.0625,0.0,0.0625,0.1875,0.0,0.1875,0.125,0.125,0.0,0.0,0.0,0.0,0.0,0.0625,0.0,0.125,0.0,0.0,1629.9802,0.5528881663873828
97,GLFDIIKKIAESF,mod. active,mod. active,1,Active,active,0,13,0.07692307692307693,0.0,0.07692307692307693,0.07692307692307693,0.15384615384615385,0.07692307692307693,0.0,0.23076923076923078,0.15384615384615385,0.07692307692307693,0.0,0.0,0.0,0.0,0.0,0.07692307692307693,0.0,0.0,0.0,0.0,1480.7458000000001,-0.4459910726727725
98,GLFDIVKKIAGHIAGSI,mod. active,mod. active,1,Active,active,0,17,0.11764705882352941,0.0,0.058823529411764705,0.0,0.058823529411764705,0.17647058823529413,0.058823529411764705,0.23529411764705882,0.11764705882352941,0.058823529411764705,0.0,0.0,0.0,0.0,0.0,0.058823529411764705,0.0,0.058823529411764705,0.0,0.0,1739.0664000000002,0.5895146075634297
99,GLFDIVKKIAGHIASSI,mod. active,mod. active,1,Active,active,0,17,0.11764705882352941,0.0,0.058823529411764705,0.0,0.058823529411764705,0.11764705882352941,0.058823529411764705,0.23529411764705882,0.11764705882352941,0.058823529411764705,0.0,0.0,0.0,0.0,0.0,0.11764705882352941,0.0,0.058823529411764705,0.0,0.0,1769.0924,0.5895146075634297
100,GLFDIVKKIAGHIVSSI,mod. active,mod. active,1,Active,active,0,17,0.058823529411764705,0.0,0.058823529411764705,0.0,0.058823529411764705,0.11764705882352941,0.058823529411764705,0.23529411764705882,0.11764705882352941,0.058823529411764705,0.0,0.0,0.0,0.0,0.0,0.11764705882352941,0.0,0.11764705882352941,0.0,0.0,1797.1455,0.5895146075634297
101,GLFDIVKKVVGAFGSL,mod. active,mod. active,1,Active,active,0,16,0.0625,0.0,0.0625,0.0,0.125,0.1875,0.0,0.0625,0.125,0.125,0.0,0.0,0.0,0.0,0.0,0.0625,0.0,0.1875,0.0,0.0,1649.9697999999999,0.5528881663873828
102,GLFDVIAKVASVIKKL,mod. active,mod. active,1,Active,active,0,16,0.125,0.0,0.0625,0.0,0.0625,0.0625,0.0,0.125,0.1875,0.125,0.0,0.0,0.0,0.0,0.0,0.0625,0.0,0.1875,0.0,0.0,1701.1012,1.5503825737200971
103,GLFDVIKAVASVIGGL,mod. active,mod. active,1,Active,active,0,16,0.125,0.0,0.0625,0.0,0.0625,0.1875,0.0,0.125,0.0625,0.125,0.0,0.0,0.0,0.0,0.0,0.0625,0.0,0.1875,0.0,0.0,1558.8592000000003,-0.4446062409453315
104,GLFDVIKKVAAVIGGL,mod. active,mod. active,1,Active,active,0,16,0.125,0.0,0.0625,0.0,0.0625,0.1875,0.0,0.125,0.125,0.125,0.0,0.0,0.0,0.0,0.0,0.0,0.0,0.1875,0.0,0.0,1599.9542000000001,0.5528881663873828
105,GLFDVIKKVASVIGGL,mod. active,mod. active,1,Active,active,0,16,0.0625,0.0,0.0625,0.0,0.0625,0.1875,0.0,0.125,0.125,0.125,0.0,0.0,0.0,0.0,0.0,0.0625,0.0,0.1875,0.0,0.0,1615.9536000000003,0.5528881663873828
106,GLFDVIKKVASVIKGL,mod. active,mod. active,1,Active,active,0,16,0.0625,0.0,0.0625,0.0,0.0625,0.125,0.0,0.125,0.1875,0.125,0.0,0.0,0.0,0.0,0.0,0.0625,0.0,0.1875,0.0,0.0,1687.0746,1.5503825737200971
107,GLFDVIKKVASVIKKL,mod. active,mod. active,1,Active,active,0,16,0.0625,0.0,0.0625,0.0,0.0625,0.0625,0.0,0.125,0.25,0.125,0.0,0.0,0.0,0.0,0.0,0.0625,0.0,0.1875,0.0,0.0,1758.1956,2.547876981052811
108,GLFKVIKKVAKVIKKL,mod. active,mod. active,1,Active,active,0,16,0.0625,0.0,0.0,0.0,0.0625,0.0625,0.0,0.125,0.375,0.125,0.0,0.0,0.0,0.0,0.0,0.0,0.0,0.1875,0.0,0.0,1812.3755,5.5424193115632345
109,GLFKVIKKVASVIGGL,mod. active,mod. active,1,Active,active,0,16,0.0625,0.0,0.0,0.0,0.0625,0.1875,0.0,0.125,0.1875,0.125,0.0,0.0,0.0,0.0,0.0,0.0625,0.0,0.1875,0.0,0.0,1629.0385000000006,2.5499360895650924
110,ILPWKWPWWPWRR,inactive - exp,inactive - exp,0,Inactive,experimental,0,13,0.0,0.0,0.0,0.0,0.0,0.0,0.0,0.07692307692307693,0.07692307692307693,0.07692307692307693,0.0,0.0,0.23076923076923078,0.0,0.15384615384615385,0.0,0.0,0.0,0.38461538461538464,0.0,1907.2693000000002,2.554897038432917
111,KKKFPWWWPFKKK,mod. active,mod. active,1,Active,active,0,13,0.0,0.0,0.0,0.0,0.15384615384615385,0.0,0.0,0.0,0.46153846153846156,0.0,0.0,0.0,0.15384615384615385,0.0,0.0,0.0,0.0,0.0,0.23076923076923078,0.0,1834.2567999999999,5.5424193115632345
112,KKKFPWWWPFKKKCKKKFPWWWPFKKKC,very active,very active,1,Active,active,0,28,0.0,0.07142857142857142,0.0,0.0,0.14285714285714285,0.0,0.0,0.0,0.42857142857142855,0.0,0.0,0.0,0.14285714285714285,0.0,0.0,0.0,0.0,0.0,0.21428571428571427,0.0,3856.7841000000008,11.478379020458847
113,KKKFPWWWPFKKKKKKFPWWWPFKKKK,very active,very active,1,Active,active,0,27,0.0,0.0,0.0,0.0,0.14814814814814814,0.0,0.0,0.0,0.48148148148148145,0.0,0.0,0.0,0.14814814814814814,0.0,0.0,0.0,0.0,0.0,0.2222222222222222,0.0,3778.670600000001,12.524880162892234
114,KKVVFKVKFK,inactive - exp,inactive - exp,0,Inactive,experimental,0,10,0.0,0.0,0.0,0.0,0.2,0.0,0.0,0.0,0.5,0.0,0.0,0.0,0.0,0.0,0.0,0.0,0.0,0.3,0.0,0.0,1250.6174,4.5449249042305215
115,KLAKKLAKLAKLAKAL,mod. active,mod. active,1,Active,active,0,16,0.3125,0.0,0.0,0.0,0.0,0.0,0.0,0.0,0.375,0.3125,0.0,0.0,0.0,0.0,0.0,0.0,0.0,0.0,0.0,0.0,1708.2266000000002,5.5424193115632345
116,KLALKLALKALKAAKLA,inactive - exp,inactive - exp,0,Inactive,experimental,0,17,0.35294117647058826,0.0,0.0,0.0,0.0,0.0,0.0,0.0,0.29411764705882354,0.35294117647058826,0.0,0.0,0.0,0.0,0.0,0.0,0.0,0.0,0.0,0.0,1764.2898,4.5449249042305215
117,KTKLFKKFAKKLAKKLKKLAKKL,mod. active,mod. active,1,Active,active,0,23,0.13043478260869565,0.0,0.0,0.0,0.08695652173913043,0.0,0.0,0.0,0.5217391304347826,0.21739130434782608,0.0,0.0,0.0,0.0,0.0,0.0,0.043478260869565216,0.0,0.0,0.0,2730.5561000000007,11.52738575555952
118,KWKKFLKIGIGKFLHLAKKF,very active,very active,1,Active,active,0,20,0.05,0.0,0.0,0.0,0.15,0.1,0.05,0.1,0.35,0.15,0.0,0.0,0.0,0.0,0.0,0.0,0.0,0.0,0.05,0.0,2431.0605000000005,6.576540160071996
119,KWKLAKKALALL,inactive - exp,inactive - exp,0,Inactive,experimental,0,12,0.25,0.0,0.0,0.0,0.0,0.0,0.0,0.0,0.3333333333333333,0.3333333333333333,0.0,0.0,0.0,0.0,0.0,0.0,0.0,0.0,0.08333333333333333,0.0,1382.7785000000001,3.5474304968978063
120,KWKLFAKIGIGKFLHLAKKF,very active,very active,1,Active,active,0,20,0.1,0.0,0.0,0.0,0.15,0.1,0.05,0.1,0.3,0.15,0.0,0.0,0.0,0.0,0.0,0.0,0.0,0.0,0.05,0.0,2373.9661000000006,5.579045752739281
121,KWKLFKKALKKLKKALKKAL,mod. active,mod. active,1,Active,active,0,20,0.15,0.0,0.0,0.0,0.05,0.0,0.0,0.0,0.5,0.25,0.0,0.0,0.0,0.0,0.0,0.0,0.0,0.0,0.05,0.0,2412.1437,9.532396940894092
122,KWKLFKKIGAVLKVL,mod. active,mod. active,1,Active,active,0,15,0.06666666666666667,0.0,0.0,0.0,0.06666666666666667,0.06666666666666667,0.0,0.06666666666666667,0.3333333333333333,0.2,0.0,0.0,0.0,0.0,0.0,0.0,0.0,0.13333333333333333,0.06666666666666667,0.0,1771.2821000000004,4.5449249042305215
123,KWKLFKKIGIGAFLHLAKKF,very active,very active,1,Active,active,0,20,0.1,0.0,0.0,0.0,0.15,0.1,0.05,0.1,0.3,0.15,0.0,0.0,0.0,0.0,0.0,0.0,0.0,0.0,0.05,0.0,2373.9661000000006,5.579045752739281
124,KWKLFKKIGIGAFLHSAKKF,mod. active,mod. active,1,Active,active,0,20,0.1,0.0,0.0,0.0,0.15,0.1,0.05,0.1,0.3,0.1,0.0,0.0,0.0,0.0,0.0,0.05,0.0,0.0,0.05,0.0,2347.8858000000005,5.579045752739281
125,KWKLFKKIGIGAVLKVLKKG,very active,very active,1,Active,active,0,20,0.05,0.0,0.0,0.0,0.05,0.15,0.0,0.1,0.35,0.15,0.0,0.0,0.0,0.0,0.0,0.0,0.0,0.1,0.05,0.0,2254.886900000001,6.539913718895949
126,KWKLFKKIGIGAVLKVLTTG,mod. active,mod. active,1,Active,active,0,20,0.05,0.0,0.0,0.0,0.05,0.15,0.0,0.1,0.25,0.15,0.0,0.0,0.0,0.0,0.0,0.0,0.1,0.1,0.05,0.0,2200.7501000000007,4.5449249042305215
127,KWKLFKKIGIGKFKLAKKF,very active,very active,1,Active,active,0,19,0.05263157894736842,0.0,0.0,0.0,0.15789473684210525,0.10526315789473684,0.0,0.10526315789473684,0.42105263157894735,0.10526315789473684,0.0,0.0,0.0,0.0,0.0,0.0,0.0,0.0,0.05263157894736842,0.0,2308.9359000000004,7.537408126228662
128,KWKLFKKIGIGKFLHLAKKF,very active,very active,1,Active,active,0,20,0.05,0.0,0.0,0.0,0.15,0.1,0.05,0.1,0.35,0.15,0.0,0.0,0.0,0.0,0.0,0.0,0.0,0.0,0.05,0.0,2431.0605000000005,6.576540160071996
129,KWKLFKKIGIGKFLHSAKKF,mod. active,mod. active,1,Active,active,0,20,0.05,0.0,0.0,0.0,0.15,0.1,0.05,0.1,0.35,0.1,0.0,0.0,0.0,0.0,0.0,0.05,0.0,0.0,0.05,0.0,2404.9802000000004,6.576540160071996
130,KWKLFKKIGIGKFLHSATTF,mod. active,mod. active,1,Active,active,0,20,0.05,0.0,0.0,0.0,0.15,0.1,0.05,0.1,0.25,0.1,0.0,0.0,0.0,0.0,0.0,0.05,0.1,0.0,0.05,0.0,2350.8434,4.581551345406568
131,KWKLFKKIKFLHSAKKF,inactive - exp,inactive - exp,0,Inactive,experimental,0,17,0.058823529411764705,0.0,0.0,0.0,0.17647058823529413,0.0,0.058823529411764705,0.058823529411764705,0.4117647058823529,0.11764705882352941,0.0,0.0,0.0,0.0,0.0,0.058823529411764705,0.0,0.0,0.058823529411764705,0.0,2177.7200000000007,6.576540160071996
132,KWKLFKKIPKFLHSAKKF,mod. active,mod. active,1,Active,active,0,18,0.05555555555555555,0.0,0.0,0.0,0.16666666666666666,0.0,0.05555555555555555,0.05555555555555555,0.3888888888888889,0.1111111111111111,0.0,0.0,0.05555555555555555,0.0,0.0,0.05555555555555555,0.0,0.0,0.05555555555555555,0.0,2274.8352000000004,6.576540160071996
133,KWKLFKKKTKLFKKFAKKLAKKL,mod. active,mod. active,1,Active,active,0,23,0.08695652173913043,0.0,0.0,0.0,0.13043478260869565,0.0,0.0,0.0,0.5217391304347826,0.17391304347826086,0.0,0.0,0.0,0.0,0.0,0.0,0.043478260869565216,0.0,0.043478260869565216,0.0,2879.704300000001,11.52738575555952
134,KWKSFAKTFKSAKKTVLHTALKAISS,mod. active,mod. active,1,Active,active,0,26,0.15384615384615385,0.0,0.0,0.0,0.07692307692307693,0.0,0.038461538461538464,0.038461538461538464,0.2692307692307692,0.07692307692307693,0.0,0.0,0.0,0.0,0.0,0.15384615384615385,0.11538461538461539,0.038461538461538464,0.038461538461538464,0.0,2907.4545,6.576540160071996
135,KWKSFLKTFKSAKKTVAHTAAKAISS,mod. active,mod. active,1,Active,active,0,26,0.19230769230769232,0.0,0.0,0.0,0.07692307692307693,0.0,0.038461538461538464,0.038461538461538464,0.2692307692307692,0.038461538461538464,0.0,0.0,0.0,0.0,0.0,0.15384615384615385,0.11538461538461539,0.038461538461538464,0.038461538461538464,0.0,2865.374799999999,6.576540160071996
136,KWKSFLKTFKSAKKTVAHTALKAISS,mod. active,mod. active,1,Active,active,0,26,0.15384615384615385,0.0,0.0,0.0,0.07692307692307693,0.0,0.038461538461538464,0.038461538461538464,0.2692307692307692,0.07692307692307693,0.0,0.0,0.0,0.0,0.0,0.15384615384615385,0.11538461538461539,0.038461538461538464,0.038461538461538464,0.0,2907.4544999999994,6.576540160071996
137,KWKSFLKTFKSAKKTVLHTALKAISS,very active,very active,1,Active,active,0,26,0.11538461538461539,0.0,0.0,0.0,0.07692307692307693,0.0,0.038461538461538464,0.038461538461538464,0.2692307692307692,0.11538461538461539,0.0,0.0,0.0,0.0,0.0,0.15384615384615385,0.11538461538461539,0.038461538461538464,0.038461538461538464,0.0,2949.5341999999996,6.576540160071996
138,KWKSFLKTFKSAKKTVLHTLLKAISS,very active,very active,1,Active,active,0,26,0.07692307692307693,0.0,0.0,0.0,0.07692307692307693,0.0,0.038461538461538464,0.038461538461538464,0.2692307692307692,0.15384615384615385,0.0,0.0,0.0,0.0,0.0,0.15384615384615385,0.11538461538461539,0.038461538461538464,0.038461538461538464,0.0,2991.6139,6.576540160071996
139,KWKSFLKTFKSLKKTVLHTALKAISS,very active,very active,1,Active,active,0,26,0.07692307692307693,0.0,0.0,0.0,0.07692307692307693,0.0,0.038461538461538464,0.038461538461538464,0.2692307692307692,0.15384615384615385,0.0,0.0,0.0,0.0,0.0,0.15384615384615385,0.11538461538461539,0.038461538461538464,0.038461538461538464,0.0,2991.6138999999994,6.576540160071996
140,KWKSFLKTFKSLKKTVLHTLLKAISS,very active,very active,1,Active,active,0,26,0.038461538461538464,0.0,0.0,0.0,0.07692307692307693,0.0,0.038461538461538464,0.038461538461538464,0.2692307692307692,0.19230769230769232,0.0,0.0,0.0,0.0,0.0,0.15384615384615385,0.11538461538461539,0.038461538461538464,0.038461538461538464,0.0,3033.6935999999996,6.576540160071996
141,KWKSFLKTFKSLKKTVLHTLLKLISS,very active,very active,1,Active,active,0,26,0.0,0.0,0.0,0.0,0.07692307692307693,0.0,0.038461538461538464,0.038461538461538464,0.2692307692307692,0.23076923076923078,0.0,0.0,0.0,0.0,0.0,0.15384615384615385,0.11538461538461539,0.038461538461538464,0.038461538461538464,0.0,3075.7733,6.576540160071996
142,KYKKALKKLAKLL,inactive - exp,inactive - exp,0,Inactive,experimental,0,13,0.15384615384615385,0.0,0.0,0.0,0.0,0.0,0.0,0.0,0.46153846153846156,0.3076923076923077,0.0,0.0,0.0,0.0,0.0,0.0,0.0,0.0,0.0,0.07692307692307693,1545.0085000000001,5.539913718895949
143,LGGIVSAVKKIVDFLG,mod. active,mod. active,1,Active,active,0,16,0.0625,0.0,0.0625,0.0,0.0625,0.1875,0.0,0.125,0.125,0.125,0.0,0.0,0.0,0.0,0.0,0.0625,0.0,0.1875,0.0,0.0,1615.9536000000003,0.5528881663873828
144,LPKWKVFKKIEKVGRNIRNGIVKAGPAIAVLGEAKALG,mod. active,mod. active,1,Active,active,0,38,0.13157894736842105,0.0,0.0,0.05263157894736842,0.02631578947368421,0.13157894736842105,0.0,0.10526315789473684,0.18421052631578946,0.07894736842105263,0.0,0.05263157894736842,0.05263157894736842,0.0,0.05263157894736842,0.0,0.0,0.10526315789473684,0.02631578947368421,0.0,4070.913300000001,6.542105004308892
145,MPKWKVFKKIEKVGRNIRNGIVKAGPAIAVLGEAKALG,inactive - exp,inactive - exp,0,Inactive,experimental,0,38,0.13157894736842105,0.0,0.0,0.05263157894736842,0.02631578947368421,0.13157894736842105,0.0,0.10526315789473684,0.18421052631578946,0.05263157894736842,0.02631578947368421,0.05263157894736842,0.05263157894736842,0.0,0.05263157894736842,0.0,0.0,0.10526315789473684,0.02631578947368421,0.0,4088.9517000000005,6.2695406194974
146,RAGLQFPVGRLLRRLLRRLLR,very active,very active,1,Active,active,0,21,0.047619047619047616,0.0,0.0,0.0,0.047619047619047616,0.09523809523809523,0.0,0.0,0.0,0.3333333333333333,0.0,0.0,0.047619047619047616,0.047619047619047616,0.3333333333333333,0.0,0.0,0.047619047619047616,0.0,0.0,2560.1481,6.557277039933336
147,VAKKLAKLAKKLAKLAL,very active,very active,1,Active,active,0,17,0.29411764705882354,0.0,0.0,0.0,0.0,0.0,0.0,0.0,0.35294117647058826,0.29411764705882354,0.0,0.0,0.0,0.0,0.0,0.0,0.0,0.058823529411764705,0.0,0.0,1807.3575999999998,5.508117265098505
148,VAKLLAKLAKKLL,mod. active,mod. active,1,Active,active,0,13,0.23076923076923078,0.0,0.0,0.0,0.0,0.0,0.0,0.0,0.3076923076923077,0.38461538461538464,0.0,0.0,0.0,0.0,0.0,0.0,0.0,0.07692307692307693,0.0,0.0,1408.8572,3.513128450433076
149,VAKLLAKLAKKVL,inactive - exp,inactive - exp,0,Inactive,experimental,0,13,0.23076923076923078,0.0,0.0,0.0,0.0,0.0,0.0,0.0,0.3076923076923077,0.3076923076923077,0.0,0.0,0.0,0.0,0.0,0.0,0.0,0.15384615384615385,0.0,0.0,1394.8306,3.513128450433076
150,VALALKALKKALKKLKKALKKAL,inactive - exp,inactive - exp,0,Inactive,experimental,0,23,0.2608695652173913,0.0,0.0,0.0,0.0,0.0,0.0,0.0,0.391304347826087,0.30434782608695654,0.0,0.0,0.0,0.0,0.0,0.0,0.0,0.043478260869565216,0.0,0.0,2489.2676,8.500600487096646
151,WALAL,inactive - exp,inactive - exp,0,Inactive,experimental,0,5,0.4,0.0,0.0,0.0,0.0,0.0,0.0,0.0,0.0,0.4,0.0,0.0,0.0,0.0,0.0,0.0,0.0,0.0,0.2,0.0,572.6962000000001,-0.4425471324330503
152,AADIFSKFKKDMEVKFA,inactive - virtual,inactive - virtual,0,Inactive,virtual,1,17,0.17647058823529413,0.0,0.11764705882352941,0.058823529411764705,0.17647058823529413,0.0,0.0,0.058823529411764705,0.23529411764705882,0.0,0.058823529411764705,0.0,0.0,0.0,0.0,0.058823529411764705,0.0,0.058823529411764705,0.0,0.0,1975.3102999999996,0.5997936565121877
153,AAQKDNVKSSWAKASA,inactive - virtual,inactive - virtual,0,Inactive,virtual,1,16,0.3125,0.0,0.0625,0.0,0.0,0.0,0.0,0.0,0.1875,0.0,0.0,0.0625,0.0,0.0625,0.0,0.1875,0.0,0.0625,0.0625,0.0,1661.8137000000002,1.600732004084624
154,AASQRKLIAEKFAQALMSSL,inactive - virtual,inactive - virtual,0,Inactive,virtual,1,20,0.25,0.0,0.0,0.05,0.05,0.0,0.0,0.05,0.1,0.15,0.05,0.0,0.0,0.1,0.05,0.15,0.0,0.0,0.0,0.0,2163.5396,1.603886755303376
155,AAYATLYEALVLVATLAAP,inactive - virtual,inactive - virtual,0,Inactive,virtual,1,19,0.3684210526315789,0.0,0.0,0.05263157894736842,0.0,0.0,0.0,0.0,0.0,0.21052631578947367,0.0,0.0,0.05263157894736842,0.0,0.0,0.0,0.10526315789473684,0.10526315789473684,0.0,0.10526315789473684,1921.2364000000002,-1.3960881264632499
156,AEAHESIRLVFHDS,inactive - virtual,inactive - virtual,0,Inactive,virtual,1,14,0.14285714285714285,0.0,0.07142857142857142,0.14285714285714285,0.07142857142857142,0.0,0.14285714285714285,0.07142857142857142,0.0,0.07142857142857142,0.0,0.0,0.0,0.0,0.07142857142857142,0.14285714285714285,0.0,0.07142857142857142,0.0,0.0,1610.7253999999998,-2.3162819319151087
157,AEGEREARVFTLWLNSL,inactive - virtual,inactive - virtual,0,Inactive,virtual,1,17,0.11764705882352941,0.0,0.0,0.17647058823529413,0.058823529411764705,0.058823529411764705,0.0,0.0,0.0,0.17647058823529413,0.0,0.058823529411764705,0.0,0.0,0.11764705882352941,0.058823529411764705,0.058823529411764705,0.058823529411764705,0.058823529411764705,0.0,1991.2071,-1.3888856557157365
158,AEGVATADPLMRLAKQLK,inactive - virtual,inactive - virtual,0,Inactive,virtual,1,18,0.2222222222222222,0.0,0.05555555555555555,0.05555555555555555,0.0,0.05555555555555555,0.0,0.0,0.1111111111111111,0.16666666666666666,0.05555555555555555,0.0,0.05555555555555555,0.05555555555555555,0.05555555555555555,0.0,0.05555555555555555,0.05555555555555555,0.0,0.0,1912.2580000000003,0.6043332394583807
159,AEHAKVLMDSLTGVWDNFLT,inactive - virtual,inactive - virtual,0,Inactive,virtual,1,20,0.1,0.0,0.1,0.05,0.05,0.05,0.05,0.0,0.05,0.15,0.05,0.05,0.0,0.0,0.0,0.05,0.1,0.1,0.05,0.0,2247.525,-2.356063124309908
160,AEHLAKAELTTVFSTLYQKF,inactive - virtual,inactive - virtual,0,Inactive,virtual,1,20,0.15,0.0,0.0,0.1,0.1,0.0,0.05,0.0,0.1,0.15,0.0,0.0,0.0,0.05,0.0,0.05,0.15,0.05,0.0,0.05,2297.6037000000006,-0.3608465170146449
161,AEKAKYDEIFLKT,inactive - virtual,inactive - virtual,0,Inactive,virtual,1,13,0.15384615384615385,0.0,0.07692307692307693,0.15384615384615385,0.07692307692307693,0.0,0.0,0.07692307692307693,0.23076923076923078,0.07692307692307693,0.0,0.0,0.0,0.0,0.0,0.0,0.07692307692307693,0.0,0.0,0.07692307692307693,1555.7695,-0.39953206670297226
162,AFFTIAAVARVLD,inactive - virtual,inactive - virtual,0,Inactive,virtual,1,13,0.3076923076923077,0.0,0.07692307692307693,0.0,0.15384615384615385,0.0,0.0,0.07692307692307693,0.0,0.07692307692307693,0.0,0.0,0.0,0.0,0.07692307692307693,0.0,0.07692307692307693,0.15384615384615385,0.0,0.0,1393.6287,-0.3905070248548339
163,AFRHSVKEELNYIRRRLERFPNRL,inactive - virtual,inactive - virtual,0,Inactive,virtual,1,24,0.041666666666666664,0.0,0.0,0.125,0.08333333333333333,0.0,0.041666666666666664,0.041666666666666664,0.041666666666666664,0.125,0.0,0.08333333333333333,0.041666666666666664,0.0,0.25,0.041666666666666664,0.0,0.041666666666666664,0.0,0.041666666666666664,3100.5409000000004,3.642629127192244
164,AGDVLHNVLQMLIIESHS,inactive - virtual,inactive - virtual,0,Inactive,virtual,1,18,0.05555555555555555,0.0,0.05555555555555555,0.05555555555555555,0.0,0.05555555555555555,0.1111111111111111,0.1111111111111111,0.0,0.16666666666666666,0.05555555555555555,0.05555555555555555,0.0,0.05555555555555555,0.0,0.1111111111111111,0.0,0.1111111111111111,0.0,0.0,1976.2568999999999,-2.31737757462158
165,AGEMVRQARILAQATSDLVNAIKADA,inactive - virtual,inactive - virtual,0,Inactive,virtual,1,26,0.2692307692307692,0.0,0.07692307692307693,0.038461538461538464,0.0,0.038461538461538464,0.0,0.07692307692307693,0.038461538461538464,0.07692307692307693,0.038461538461538464,0.038461538461538464,0.0,0.07692307692307693,0.07692307692307693,0.038461538461538464,0.038461538461538464,0.07692307692307693,0.0,0.0,2713.075,-0.3927398019527013
166,AGNLDIMTSAALATAERMAQSMLN,inactive - virtual,inactive - virtual,0,Inactive,virtual,1,24,0.25,0.0,0.041666666666666664,0.041666666666666664,0.0,0.041666666666666664,0.0,0.041666666666666664,0.0,0.125,0.125,0.08333333333333333,0.0,0.041666666666666664,0.041666666666666664,0.08333333333333333,0.08333333333333333,0.0,0.0,0.0,2480.8363,-1.3906555752070475
167,AHAIGVLLDNL,inactive - virtual,inactive - virtual,0,Inactive,virtual,1,11,0.18181818181818182,0.0,0.09090909090909091,0.0,0.0,0.09090909090909091,0.09090909090909091,0.09090909090909091,0.0,0.2727272727272727,0.0,0.09090909090909091,0.0,0.0,0.0,0.0,0.0,0.09090909090909091,0.0,0.0,1135.3131,-1.3551247767374717
168,AIEKEILIEAISS,inactive - virtual,inactive - virtual,0,Inactive,virtual,1,13,0.15384615384615385,0.0,0.0,0.23076923076923078,0.0,0.0,0.0,0.3076923076923077,0.07692307692307693,0.07692307692307693,0.0,0.0,0.0,0.0,0.0,0.15384615384615385,0.0,0.0,0.0,0.0,1415.628,-2.3913410119162757
169,AKQEKIIIQVALNDITHVVELL,inactive - virtual,inactive - virtual,0,Inactive,virtual,1,22,0.09090909090909091,0.0,0.045454545454545456,0.09090909090909091,0.0,0.0,0.045454545454545456,0.18181818181818182,0.09090909090909091,0.13636363636363635,0.0,0.045454545454545456,0.0,0.09090909090909091,0.0,0.0,0.045454545454545456,0.13636363636363635,0.0,0.0,2487.9314999999997,-1.357894440192354
170,AKVVRTALEDAASVAGLLIT,inactive - virtual,inactive - virtual,0,Inactive,virtual,1,20,0.25,0.0,0.05,0.05,0.0,0.05,0.0,0.05,0.05,0.15,0.0,0.0,0.0,0.0,0.05,0.05,0.1,0.15,0.0,0.0,1998.324,-0.3931611678743332
171,ALAVAAKPFL,inactive - virtual,inactive - virtual,0,Inactive,virtual,1,10,0.4,0.0,0.0,0.0,0.1,0.0,0.0,0.0,0.1,0.2,0.0,0.0,0.1,0.0,0.0,0.0,0.0,0.1,0.0,0.0,1000.2344,0.6052967052641909
172,ALGKVIKKWGTTVAKLA,inactive - virtual,inactive - virtual,0,Inactive,virtual,1,17,0.17647058823529413,0.0,0.0,0.0,0.0,0.11764705882352941,0.0,0.058823529411764705,0.23529411764705882,0.11764705882352941,0.0,0.0,0.0,0.0,0.0,0.0,0.11764705882352941,0.11764705882352941,0.058823529411764705,0.0,1784.1933,3.597779927262333
173,ALYGLLKEEMGEILAK,inactive - virtual,inactive - virtual,0,Inactive,virtual,1,16,0.125,0.0,0.0,0.1875,0.0,0.125,0.0,0.0625,0.125,0.25,0.0625,0.0,0.0,0.0,0.0,0.0,0.0,0.0,0.0,0.0625,1778.1175000000003,-1.396352197250847
174,AMFEQMRANVGKLLKG,inactive - virtual,inactive - virtual,0,Inactive,virtual,1,16,0.125,0.0,0.0,0.0625,0.0625,0.125,0.0,0.0,0.125,0.125,0.125,0.0625,0.0,0.0625,0.0625,0.0,0.0,0.0625,0.0,0.0,1793.1618000000003,1.603886755303376
175,APDAEGRAIQAVYWANKWAKEQG,inactive - virtual,inactive - virtual,0,Inactive,virtual,1,23,0.2608695652173913,0.0,0.043478260869565216,0.08695652173913043,0.0,0.08695652173913043,0.0,0.043478260869565216,0.08695652173913043,0.0,0.0,0.043478260869565216,0.043478260869565216,0.08695652173913043,0.043478260869565216,0.0,0.0,0.043478260869565216,0.08695652173913043,0.043478260869565216,2559.7888000000003,-0.3970515922690603
176,APDLLISLATVLYHLQQ,inactive - virtual,inactive - virtual,0,Inactive,virtual,1,17,0.11764705882352941,0.0,0.058823529411764705,0.0,0.0,0.0,0.058823529411764705,0.058823529411764705,0.0,0.29411764705882354,0.0,0.0,0.058823529411764705,0.11764705882352941,0.0,0.058823529411764705,0.058823529411764705,0.058823529411764705,0.0,0.058823529411764705,1895.2024000000001,-1.3576303694047573
177,APEDVRKSSKEVL,inactive - virtual,inactive - virtual,0,Inactive,virtual,1,13,0.07692307692307693,0.0,0.07692307692307693,0.15384615384615385,0.0,0.0,0.0,0.0,0.15384615384615385,0.07692307692307693,0.0,0.0,0.07692307692307693,0.0,0.07692307692307693,0.15384615384615385,0.0,0.15384615384615385,0.0,0.0,1457.6283,-0.3945459996017746
178,APLLNFVRDFVREDAKYLYSSLV,inactive - virtual,inactive - virtual,0,Inactive,virtual,1,23,0.08695652173913043,0.0,0.08695652173913043,0.043478260869565216,0.08695652173913043,0.0,0.0,0.0,0.043478260869565216,0.17391304347826086,0.0,0.043478260869565216,0.043478260869565216,0.0,0.08695652173913043,0.08695652173913043,0.0,0.13043478260869565,0.0,0.08695652173913043,2716.0934,-0.39775098728727265
179,AQTSRWAAMQIGMSFISAY,inactive - virtual,inactive - virtual,0,Inactive,virtual,1,19,0.21052631578947367,0.0,0.0,0.0,0.05263157894736842,0.05263157894736842,0.0,0.10526315789473684,0.0,0.0,0.10526315789473684,0.0,0.0,0.10526315789473684,0.05263157894736842,0.15789473684210525,0.05263157894736842,0.0,0.05263157894736842,0.05263157894736842,2119.4222,0.6052715870308174
180,ARDEAEMEYLKIAQ,inactive - virtual,inactive - virtual,0,Inactive,virtual,1,14,0.21428571428571427,0.0,0.07142857142857142,0.21428571428571427,0.0,0.0,0.0,0.07142857142857142,0.07142857142857142,0.07142857142857142,0.07142857142857142,0.0,0.0,0.07142857142857142,0.07142857142857142,0.0,0.0,0.0,0.0,0.07142857142857142,1666.8500000000001,-2.393425238661931
181,ASLPEAIEALTKG,inactive - virtual,inactive - virtual,0,Inactive,virtual,1,13,0.23076923076923078,0.0,0.0,0.15384615384615385,0.0,0.07692307692307693,0.0,0.07692307692307693,0.07692307692307693,0.15384615384615385,0.0,0.0,0.07692307692307693,0.0,0.0,0.07692307692307693,0.07692307692307693,0.0,0.0,0.0,1299.4698,-1.3924617728561202
182,ATLKNLGSVHVSKG,inactive - virtual,inactive - virtual,0,Inactive,virtual,1,14,0.07142857142857142,0.0,0.0,0.0,0.0,0.14285714285714285,0.07142857142857142,0.0,0.14285714285714285,0.14285714285714285,0.0,0.07142857142857142,0.0,0.0,0.0,0.14285714285714285,0.07142857142857142,0.14285714285714285,0.0,0.0,1410.6179999999997,1.6394175537729518
183,AVDTLVLALAEAT,inactive - virtual,inactive - virtual,0,Inactive,virtual,1,13,0.3076923076923077,0.0,0.07692307692307693,0.07692307692307693,0.0,0.0,0.0,0.0,0.0,0.23076923076923078,0.0,0.0,0.0,0.0,0.0,0.0,0.15384615384615385,0.15384615384615385,0.0,0.0,1286.4709000000003,-2.390630456973674
184,DAAALFRLHKFLTKW,inactive - virtual,inactive - virtual,0,Inactive,virtual,1,15,0.2,0.0,0.06666666666666667,0.0,0.13333333333333333,0.0,0.06666666666666667,0.0,0.13333333333333333,0.2,0.0,0.0,0.0,0.0,0.06666666666666667,0.0,0.06666666666666667,0.0,0.06666666666666667,0.0,1817.1402000000003,1.589489489330056
185,DAAGLASRHKG,inactive - virtual,inactive - virtual,0,Inactive,virtual,1,11,0.2727272727272727,0.0,0.09090909090909091,0.0,0.0,0.18181818181818182,0.09090909090909091,0.0,0.09090909090909091,0.09090909090909091,0.0,0.0,0.0,0.0,0.09090909090909091,0.09090909090909091,0.0,0.0,0.0,0.0,1082.1712,0.5919950819973421
186,DAENRDLFLALLSV,inactive - virtual,inactive - virtual,0,Inactive,virtual,1,14,0.14285714285714285,0.0,0.14285714285714285,0.07142857142857142,0.07142857142857142,0.0,0.0,0.0,0.0,0.2857142857142857,0.0,0.07142857142857142,0.0,0.0,0.07142857142857142,0.07142857142857142,0.0,0.07142857142857142,0.0,0.0,1575.7607,-2.4405585214165693
187,DAHAWMIGQLKGL,inactive - virtual,inactive - virtual,0,Inactive,virtual,1,13,0.15384615384615385,0.0,0.07692307692307693,0.0,0.0,0.15384615384615385,0.07692307692307693,0.07692307692307693,0.07692307692307693,0.15384615384615385,0.07692307692307693,0.0,0.0,0.07692307692307693,0.0,0.0,0.0,0.0,0.07692307692307693,0.0,1439.6806,-0.40797979976928467
188,DALEIFKTLFSLVMRFSSYL,inactive - virtual,inactive - virtual,0,Inactive,virtual,1,20,0.05,0.0,0.05,0.05,0.15,0.0,0.0,0.05,0.05,0.2,0.05,0.0,0.0,0.0,0.05,0.15,0.05,0.05,0.0,0.05,2380.7980000000002,-0.44601619090614575
189,DAMLRTSMVATQLVGLAMMRYV,inactive - virtual,inactive - virtual,0,Inactive,virtual,1,22,0.13636363636363635,0.0,0.045454545454545456,0.0,0.0,0.045454545454545456,0.0,0.0,0.0,0.13636363636363635,0.18181818181818182,0.0,0.0,0.045454545454545456,0.09090909090909091,0.045454545454545456,0.09090909090909091,0.13636363636363635,0.0,0.045454545454545456,2457.9964,0.5553435225879215
190,DARAKKLLDKWAKWING,inactive - virtual,inactive - virtual,0,Inactive,virtual,1,17,0.17647058823529413,0.0,0.11764705882352941,0.0,0.0,0.058823529411764705,0.0,0.058823529411764705,0.23529411764705882,0.11764705882352941,0.0,0.058823529411764705,0.0,0.0,0.058823529411764705,0.0,0.0,0.0,0.11764705882352941,0.0,2013.3452000000002,2.548298346974443
191,DATAALALTMA,inactive - virtual,inactive - virtual,0,Inactive,virtual,1,11,0.45454545454545453,0.0,0.09090909090909091,0.0,0.0,0.0,0.0,0.0,0.0,0.18181818181818182,0.09090909090909091,0.0,0.0,0.0,0.0,0.0,0.18181818181818182,0.0,0.0,0.0,1048.2112000000002,-1.4421006482780456
192,DATLISELQQM,inactive - virtual,inactive - virtual,0,Inactive,virtual,1,11,0.09090909090909091,0.0,0.09090909090909091,0.09090909090909091,0.0,0.0,0.0,0.09090909090909091,0.0,0.18181818181818182,0.09090909090909091,0.0,0.0,0.18181818181818182,0.0,0.09090909090909091,0.09090909090909091,0.0,0.0,0.0,1248.403,-2.4409798873382007
193,DDADLEKFVIEY,inactive - virtual,inactive - virtual,0,Inactive,virtual,1,12,0.08333333333333333,0.0,0.25,0.16666666666666666,0.08333333333333333,0.0,0.0,0.08333333333333333,0.08333333333333333,0.08333333333333333,0.0,0.0,0.0,0.0,0.0,0.0,0.0,0.08333333333333333,0.0,0.08333333333333333,1456.5489000000002,-4.443977343422919
194,DDETLGVLMWILDRSIH,inactive - virtual,inactive - virtual,0,Inactive,virtual,1,17,0.0,0.0,0.17647058823529413,0.058823529411764705,0.0,0.058823529411764705,0.058823529411764705,0.11764705882352941,0.0,0.17647058823529413,0.058823529411764705,0.0,0.0,0.0,0.058823529411764705,0.058823529411764705,0.058823529411764705,0.058823529411764705,0.058823529411764705,0.0,2013.2738999999997,-3.403485596085518
195,DDETREELEELLIQA,inactive - virtual,inactive - virtual,0,Inactive,virtual,1,15,0.06666666666666667,0.0,0.13333333333333333,0.3333333333333333,0.0,0.0,0.0,0.06666666666666667,0.0,0.2,0.0,0.0,0.0,0.06666666666666667,0.06666666666666667,0.0,0.06666666666666667,0.0,0.0,0.0,1802.8872000000001,-6.436075477657191
196,DDRVQSHILHLEHDLVHVTRKN,inactive - virtual,inactive - virtual,0,Inactive,virtual,1,22,0.0,0.0,0.13636363636363635,0.045454545454545456,0.0,0.0,0.18181818181818182,0.045454545454545456,0.045454545454545456,0.13636363636363635,0.0,0.045454545454545456,0.0,0.045454545454545456,0.09090909090909091,0.045454545454545456,0.045454545454545456,0.13636363636363635,0.0,0.0,2661.9288,-1.2961369834580365
197,DDYLKEQVLHMKQYVSDN,inactive - virtual,inactive - virtual,0,Inactive,virtual,1,18,0.0,0.0,0.16666666666666666,0.05555555555555555,0.0,0.0,0.05555555555555555,0.0,0.1111111111111111,0.1111111111111111,0.05555555555555555,0.05555555555555555,0.0,0.1111111111111111,0.0,0.05555555555555555,0.0,0.1111111111111111,0.0,0.1111111111111111,2225.4333,-2.4134828485212876
198,DEAAFQKLMSNLD,inactive - virtual,inactive - virtual,0,Inactive,virtual,1,13,0.15384615384615385,0.0,0.15384615384615385,0.07692307692307693,0.07692307692307693,0.0,0.0,0.0,0.07692307692307693,0.15384615384615385,0.07692307692307693,0.07692307692307693,0.0,0.07692307692307693,0.0,0.07692307692307693,0.0,0.0,0.0,0.0,1481.6262999999997,-2.4417696845584236
199,DEAGLMRELRLFRRRIMVRIAWAQTL,inactive - virtual,inactive - virtual,0,Inactive,virtual,1,26,0.11538461538461539,0.0,0.038461538461538464,0.07692307692307693,0.038461538461538464,0.038461538461538464,0.0,0.07692307692307693,0.0,0.15384615384615385,0.07692307692307693,0.0,0.0,0.038461538461538464,0.23076923076923078,0.0,0.038461538461538464,0.038461538461538464,0.038461538461538464,0.0,3201.8152999999993,2.5599901642014027
200,DEETMERIMRELKKK,inactive - virtual,inactive - virtual,0,Inactive,virtual,1,15,0.0,0.0,0.06666666666666667,0.26666666666666666,0.0,0.0,0.0,0.06666666666666667,0.2,0.06666666666666667,0.13333333333333333,0.0,0.0,0.0,0.13333333333333333,0.0,0.06666666666666667,0.0,0.0,0.0,1936.2581000000005,-0.44518461898727146
201,DEFTKQHIVGK,inactive - virtual,inactive - virtual,0,Inactive,virtual,1,11,0.0,0.0,0.09090909090909091,0.09090909090909091,0.09090909090909091,0.09090909090909091,0.09090909090909091,0.09090909090909091,0.18181818181818182,0.0,0.0,0.0,0.0,0.09090909090909091,0.0,0.0,0.09090909090909091,0.09090909090909091,0.0,0.0,1301.4474,-0.40936463149672564
202,DEKAFKNTYRQAMND,inactive - virtual,inactive - virtual,0,Inactive,virtual,1,15,0.13333333333333333,0.0,0.13333333333333333,0.06666666666666667,0.06666666666666667,0.0,0.0,0.0,0.13333333333333333,0.0,0.06666666666666667,0.13333333333333333,0.0,0.06666666666666667,0.06666666666666667,0.0,0.06666666666666667,0.0,0.0,0.06666666666666667,1830.9715,-0.4468059881263686
203,DEKKILKDFLIQ,inactive - virtual,inactive - virtual,0,Inactive,virtual,1,12,0.0,0.0,0.16666666666666666,0.08333333333333333,0.08333333333333333,0.0,0.0,0.16666666666666666,0.25,0.16666666666666666,0.0,0.0,0.0,0.08333333333333333,0.0,0.0,0.0,0.0,0.0,0.0,1489.7544,-0.448050181185053
204,DEKSIITYVSSLYDAM,inactive - virtual,inactive - virtual,0,Inactive,virtual,1,16,0.0625,0.0,0.125,0.0625,0.0,0.0,0.0,0.125,0.0625,0.0625,0.0625,0.0,0.0,0.0,0.0,0.1875,0.0625,0.0625,0.0,0.125,1835.0362999999998,-2.448050181185053
205,DELLSKMRFAL,inactive - virtual,inactive - virtual,0,Inactive,virtual,1,11,0.09090909090909091,0.0,0.09090909090909091,0.09090909090909091,0.09090909090909091,0.0,0.0,0.0,0.09090909090909091,0.2727272727272727,0.09090909090909091,0.0,0.0,0.0,0.09090909090909091,0.09090909090909091,0.0,0.0,0.0,0.0,1322.5725,-0.4435105982388601
206,DEPQVQAKIMAYLQQEQSNR,inactive - virtual,inactive - virtual,0,Inactive,virtual,1,20,0.1,0.0,0.05,0.1,0.0,0.0,0.0,0.05,0.05,0.05,0.05,0.05,0.05,0.25,0.05,0.05,0.0,0.05,0.0,0.05,2376.601,-1.444895429966301
207,DEQYREGAVRTVASFRERLDR,inactive - virtual,inactive - virtual,0,Inactive,virtual,1,21,0.09523809523809523,0.0,0.09523809523809523,0.14285714285714285,0.047619047619047616,0.047619047619047616,0.0,0.0,0.0,0.047619047619047616,0.0,0.0,0.0,0.047619047619047616,0.23809523809523808,0.047619047619047616,0.047619047619047616,0.09523809523809523,0.0,0.047619047619047616,2553.7446999999997,-0.44092306513765944
208,DERLLQKYRAQVFEWG,inactive - virtual,inactive - virtual,0,Inactive,virtual,1,16,0.0625,0.0,0.0625,0.125,0.0625,0.0625,0.0,0.0,0.0625,0.125,0.0,0.0,0.0,0.125,0.125,0.0,0.0,0.0625,0.0625,0.0625,2038.2651,-0.44492054819967475
209,DEVLLALAEQLGT,inactive - virtual,inactive - virtual,0,Inactive,virtual,1,13,0.15384615384615385,0.0,0.07692307692307693,0.15384615384615385,0.0,0.07692307692307693,0.0,0.0,0.0,0.3076923076923077,0.0,0.0,0.0,0.07692307692307693,0.0,0.0,0.07692307692307693,0.07692307692307693,0.0,0.0,1371.5323,-3.439859126398356
210,DFAALAQTAHRLKGVFAMLN,inactive - virtual,inactive - virtual,0,Inactive,virtual,1,20,0.25,0.0,0.05,0.0,0.1,0.05,0.05,0.0,0.05,0.15,0.05,0.05,0.0,0.05,0.05,0.0,0.05,0.05,0.0,0.0,2174.5239,0.5919950819973421
211,DFLEEQYKGQRDLAGKASTLKK,inactive - virtual,inactive - virtual,0,Inactive,virtual,1,22,0.09090909090909091,0.0,0.09090909090909091,0.09090909090909091,0.045454545454545456,0.09090909090909091,0.0,0.0,0.18181818181818182,0.13636363636363635,0.0,0.0,0.0,0.09090909090909091,0.045454545454545456,0.045454545454545456,0.045454545454545456,0.0,0.0,0.045454545454545456,2525.8108,0.5480342761868462
212,DFPALIKQASLDALFK,inactive - virtual,inactive - virtual,0,Inactive,virtual,1,16,0.1875,0.0,0.125,0.0,0.125,0.0,0.0,0.0625,0.125,0.1875,0.0,0.0,0.0625,0.0625,0.0,0.0625,0.0,0.0,0.0,0.0,1777.0681000000002,-0.44666534945761205
213,DFSETINAYFVAKLL,inactive - virtual,inactive - virtual,0,Inactive,virtual,1,15,0.13333333333333333,0.0,0.06666666666666667,0.06666666666666667,0.13333333333333333,0.0,0.0,0.06666666666666667,0.06666666666666667,0.13333333333333333,0.0,0.06666666666666667,0.0,0.0,0.0,0.06666666666666667,0.06666666666666667,0.06666666666666667,0.0,0.06666666666666667,1730.9532000000004,-1.4459910726727725
214,DGALKRAEELKTQANDYFK,inactive - virtual,inactive - virtual,0,Inactive,virtual,1,19,0.15789473684210525,0.0,0.10526315789473684,0.10526315789473684,0.05263157894736842,0.05263157894736842,0.0,0.0,0.15789473684210525,0.10526315789473684,0.0,0.05263157894736842,0.0,0.05263157894736842,0.05263157894736842,0.0,0.05263157894736842,0.0,0.0,0.05263157894736842,2197.4036000000006,-0.4494601311458677
215,DGFSVLMRAMQQ,inactive - virtual,inactive - virtual,0,Inactive,virtual,1,12,0.08333333333333333,0.0,0.08333333333333333,0.0,0.08333333333333333,0.08333333333333333,0.0,0.0,0.0,0.08333333333333333,0.16666666666666666,0.0,0.0,0.16666666666666666,0.08333333333333333,0.08333333333333333,0.0,0.08333333333333333,0.0,0.0,1382.6076999999998,-0.4421257665114191
216,DGGGFVISKHPVRLAKKLNR,inactive - virtual,inactive - virtual,0,Inactive,virtual,1,20,0.05,0.0,0.05,0.0,0.05,0.15,0.05,0.05,0.15,0.1,0.0,0.05,0.05,0.0,0.1,0.05,0.0,0.1,0.0,0.0,2192.5658000000008,3.5869587784293975
217,DHAVLEVLATPVREALLARFG,inactive - virtual,inactive - virtual,0,Inactive,virtual,1,21,0.19047619047619047,0.0,0.047619047619047616,0.09523809523809523,0.047619047619047616,0.047619047619047616,0.047619047619047616,0.0,0.0,0.19047619047619047,0.0,0.0,0.047619047619047616,0.0,0.09523809523809523,0.0,0.047619047619047616,0.14285714285714285,0.0,0.0,2277.6205999999997,-1.4032829216890566
218,DIFDFMERWIEKKLEYSASH,inactive - virtual,inactive - virtual,0,Inactive,virtual,1,20,0.05,0.0,0.1,0.15,0.1,0.0,0.05,0.1,0.1,0.05,0.05,0.0,0.0,0.0,0.05,0.1,0.0,0.0,0.05,0.05,2544.8336999999997,-2.409207336362691
219,DIHAAIEMLLG,inactive - virtual,inactive - virtual,0,Inactive,virtual,1,11,0.18181818181818182,0.0,0.09090909090909091,0.09090909090909091,0.0,0.09090909090909091,0.09090909090909091,0.18181818181818182,0.0,0.18181818181818182,0.09090909090909091,0.0,0.0,0.0,0.0,0.0,0.0,0.0,0.0,0.0,1182.3895,-2.404353446162154
220,DIIGTEITSALKNVYSIAIAWIRGYESRKN,inactive - virtual,inactive - virtual,0,Inactive,virtual,1,30,0.1,0.0,0.03333333333333333,0.06666666666666667,0.0,0.06666666666666667,0.0,0.2,0.06666666666666667,0.03333333333333333,0.0,0.06666666666666667,0.0,0.0,0.06666666666666667,0.1,0.06666666666666667,0.03333333333333333,0.03333333333333333,0.06666666666666667,3382.8184,0.5500682664657539
221,DILREIGMIARALDSISNIEF,inactive - virtual,inactive - virtual,0,Inactive,virtual,1,21,0.09523809523809523,0.0,0.09523809523809523,0.09523809523809523,0.047619047619047616,0.047619047619047616,0.0,0.23809523809523808,0.0,0.09523809523809523,0.047619047619047616,0.047619047619047616,0.0,0.0,0.09523809523809523,0.09523809523809523,0.0,0.0,0.0,0.0,2376.7268000000004,-2.4394628787100983
222,DIRAVLRDLSFHLNGHILHSIFWPNM,inactive - virtual,inactive - virtual,0,Inactive,virtual,1,26,0.038461538461538464,0.0,0.07692307692307693,0.0,0.07692307692307693,0.038461538461538464,0.11538461538461539,0.11538461538461539,0.0,0.15384615384615385,0.038461538461538464,0.07692307692307693,0.038461538461538464,0.0,0.07692307692307693,0.07692307692307693,0.0,0.038461538461538464,0.038461538461538464,0.0,3102.5713,-0.33182507706164666
223,DIRTSLANDMAIYGDIIEATREHTELAENL,inactive - virtual,inactive - virtual,0,Inactive,virtual,1,30,0.13333333333333333,0.0,0.1,0.13333333333333333,0.0,0.03333333333333333,0.03333333333333333,0.13333333333333333,0.0,0.1,0.03333333333333333,0.06666666666666667,0.0,0.0,0.06666666666666667,0.03333333333333333,0.1,0.0,0.0,0.03333333333333333,3375.6737000000003,-5.402654024166644
224,DIYQQVRDELKRAS,inactive - virtual,inactive - virtual,0,Inactive,virtual,1,14,0.07142857142857142,0.0,0.14285714285714285,0.07142857142857142,0.0,0.0,0.0,0.07142857142857142,0.07142857142857142,0.07142857142857142,0.0,0.0,0.0,0.14285714285714285,0.14285714285714285,0.07142857142857142,0.0,0.07142857142857142,0.0,0.07142857142857142,1720.8808,-0.44559482498451475
225,DKETMNIHHTK,inactive - virtual,inactive - virtual,0,Inactive,virtual,1,11,0.0,0.0,0.09090909090909091,0.09090909090909091,0.0,0.0,0.18181818181818182,0.09090909090909091,0.18181818181818182,0.0,0.09090909090909091,0.09090909090909091,0.0,0.0,0.0,0.0,0.18181818181818182,0.0,0.0,0.0,1353.5039000000002,-0.3727381903206788
226,DLAANNGGWQWS,inactive - virtual,inactive - virtual,0,Inactive,virtual,1,12,0.16666666666666666,0.0,0.08333333333333333,0.0,0.0,0.16666666666666666,0.0,0.0,0.0,0.08333333333333333,0.0,0.16666666666666666,0.0,0.08333333333333333,0.0,0.08333333333333333,0.0,0.0,0.16666666666666666,0.0,1318.3501999999999,-1.4421006482780456
227,DLARIEQFLDALWLE,inactive - virtual,inactive - virtual,0,Inactive,virtual,1,15,0.13333333333333333,0.0,0.13333333333333333,0.13333333333333333,0.06666666666666667,0.0,0.0,0.06666666666666667,0.0,0.26666666666666666,0.0,0.0,0.0,0.06666666666666667,0.06666666666666667,0.0,0.0,0.0,0.06666666666666667,0.0,1832.0605,-3.437345273820028
228,DLEAKKMYFDAVQAIETHL,inactive - virtual,inactive - virtual,0,Inactive,virtual,1,19,0.15789473684210525,0.0,0.10526315789473684,0.10526315789473684,0.05263157894736842,0.0,0.05263157894736842,0.05263157894736842,0.10526315789473684,0.10526315789473684,0.05263157894736842,0.0,0.0,0.05263157894736842,0.0,0.0,0.05263157894736842,0.05263157894736842,0.0,0.05263157894736842,2222.5155999999997,-2.410302979069162
229,DLESDALGWQYITG,inactive - virtual,inactive - virtual,0,Inactive,virtual,1,14,0.07142857142857142,0.0,0.14285714285714285,0.07142857142857142,0.0,0.14285714285714285,0.0,0.07142857142857142,0.0,0.14285714285714285,0.0,0.0,0.0,0.07142857142857142,0.0,0.07142857142857142,0.07142857142857142,0.0,0.07142857142857142,0.07142857142857142,1567.6508999999999,-3.4430389958504817
230,DLGRKITSALRSLSN,inactive - virtual,inactive - virtual,0,Inactive,virtual,1,15,0.06666666666666667,0.0,0.06666666666666667,0.0,0.0,0.06666666666666667,0.0,0.06666666666666667,0.06666666666666667,0.2,0.0,0.06666666666666667,0.0,0.0,0.13333333333333333,0.2,0.06666666666666667,0.0,0.0,0.0,1630.8444,1.5553435225879215
231,DLKQAESWLHKQAQKEGWSKAARLH,inactive - virtual,inactive - virtual,0,Inactive,virtual,1,25,0.16,0.0,0.04,0.08,0.0,0.04,0.08,0.0,0.16,0.12,0.0,0.0,0.0,0.12,0.04,0.08,0.0,0.0,0.08,0.0,2946.2819,1.6233462670512209
232,DLKRAESMLQQA,inactive - virtual,inactive - virtual,0,Inactive,virtual,1,12,0.16666666666666666,0.0,0.08333333333333333,0.08333333333333333,0.0,0.0,0.0,0.0,0.08333333333333333,0.16666666666666666,0.08333333333333333,0.0,0.0,0.16666666666666666,0.08333333333333333,0.08333333333333333,0.0,0.0,0.0,0.0,1389.5773999999997,-0.4435105982388601
233,DLKTMTERLRS,inactive - virtual,inactive - virtual,0,Inactive,virtual,1,11,0.0,0.0,0.09090909090909091,0.09090909090909091,0.0,0.0,0.0,0.0,0.09090909090909091,0.18181818181818182,0.09090909090909091,0.0,0.0,0.0,0.18181818181818182,0.09090909090909091,0.18181818181818182,0.0,0.0,0.0,1349.5566999999999,0.5564642835277662
234,DLQLNANAERINVYY,inactive - virtual,inactive - virtual,0,Inactive,virtual,1,15,0.13333333333333333,0.0,0.06666666666666667,0.06666666666666667,0.0,0.0,0.0,0.06666666666666667,0.0,0.13333333333333333,0.0,0.2,0.0,0.06666666666666667,0.06666666666666667,0.0,0.0,0.06666666666666667,0.0,0.13333333333333333,1795.9454,-1.4460161909061457
235,DLRELIARVRALIRRKS,inactive - virtual,inactive - virtual,0,Inactive,virtual,1,17,0.11764705882352941,0.0,0.058823529411764705,0.058823529411764705,0.0,0.0,0.0,0.11764705882352941,0.058823529411764705,0.17647058823529413,0.0,0.0,0.0,0.0,0.29411764705882354,0.058823529411764705,0.0,0.058823529411764705,0.0,0.0,2065.4696000000004,3.556388928827646
236,DLSASRSAIDSLNNRMLSQIWSH,inactive - virtual,inactive - virtual,0,Inactive,virtual,1,23,0.08695652173913043,0.0,0.08695652173913043,0.0,0.0,0.0,0.043478260869565216,0.08695652173913043,0.0,0.13043478260869565,0.043478260869565216,0.08695652173913043,0.0,0.043478260869565216,0.08695652173913043,0.2608695652173913,0.0,0.0,0.043478260869565216,0.0,2601.848699999999,-0.4050779594137408
237,DLVDFAVEYFTRLREARRGLEHHH,inactive - virtual,inactive - virtual,0,Inactive,virtual,1,24,0.08333333333333333,0.0,0.08333333333333333,0.125,0.08333333333333333,0.041666666666666664,0.125,0.0,0.0,0.125,0.0,0.0,0.0,0.0,0.16666666666666666,0.0,0.041666666666666664,0.08333333333333333,0.0,0.041666666666666664,2967.2593999999995,-1.3310186233761456
238,DMASLQQQRQE,inactive - virtual,inactive - virtual,0,Inactive,virtual,1,11,0.09090909090909091,0.0,0.09090909090909091,0.09090909090909091,0.0,0.0,0.0,0.0,0.0,0.09090909090909091,0.09090909090909091,0.0,0.0,0.36363636363636365,0.09090909090909091,0.09090909090909091,0.0,0.0,0.0,0.0,1333.428,-1.4389125189148775
239,DMNQVLDAYEN,inactive - virtual,inactive - virtual,0,Inactive,virtual,1,11,0.09090909090909091,0.0,0.18181818181818182,0.09090909090909091,0.0,0.0,0.0,0.0,0.0,0.09090909090909091,0.09090909090909091,0.18181818181818182,0.0,0.09090909090909091,0.0,0.0,0.0,0.09090909090909091,0.0,0.09090909090909091,1311.3742,-3.4430389958504817
240,DNAMANQYETLANARQKGIEKYL,inactive - virtual,inactive - virtual,0,Inactive,virtual,1,23,0.17391304347826086,0.0,0.043478260869565216,0.08695652173913043,0.0,0.043478260869565216,0.0,0.043478260869565216,0.08695652173913043,0.08695652173913043,0.043478260869565216,0.13043478260869565,0.0,0.08695652173913043,0.043478260869565216,0.0,0.043478260869565216,0.0,0.0,0.08695652173913043,2641.909200000001,-0.44990661530087284
241,DNKTRFKIIKEKLKEF,inactive - virtual,inactive - virtual,0,Inactive,virtual,1,16,0.0,0.0,0.0625,0.125,0.125,0.0,0.0,0.125,0.3125,0.0625,0.0,0.0625,0.0,0.0,0.0625,0.0,0.0625,0.0,0.0,0.0,2037.4048000000003,2.547587792031842
242,DNTYLNTAESLYDEF,inactive - virtual,inactive - virtual,0,Inactive,virtual,1,15,0.06666666666666667,0.0,0.13333333333333333,0.13333333333333333,0.06666666666666667,0.0,0.0,0.0,0.0,0.13333333333333333,0.0,0.13333333333333333,0.0,0.0,0.0,0.06666666666666667,0.13333333333333333,0.0,0.0,0.13333333333333333,1794.8217,-4.444423827577922
243,DNVVLQLQVARFLMKTVAQ,inactive - virtual,inactive - virtual,0,Inactive,virtual,1,19,0.10526315789473684,0.0,0.05263157894736842,0.0,0.05263157894736842,0.0,0.0,0.0,0.05263157894736842,0.15789473684210525,0.05263157894736842,0.05263157894736842,0.0,0.15789473684210525,0.05263157894736842,0.0,0.05263157894736842,0.21052631578947367,0.0,0.0,2173.5771999999997,0.5553686408212952
244,DPARALFAAMSQ,inactive - virtual,inactive - virtual,0,Inactive,virtual,1,12,0.3333333333333333,0.0,0.08333333333333333,0.0,0.08333333333333333,0.0,0.0,0.0,0.0,0.08333333333333333,0.08333333333333333,0.0,0.08333333333333333,0.08333333333333333,0.08333333333333333,0.08333333333333333,0.0,0.0,0.0,0.0,1277.4491,-0.4421257665114191
245,DPATVKKVVNFL,inactive - virtual,inactive - virtual,0,Inactive,virtual,1,12,0.08333333333333333,0.0,0.08333333333333333,0.0,0.08333333333333333,0.0,0.0,0.0,0.16666666666666666,0.08333333333333333,0.0,0.08333333333333333,0.08333333333333333,0.0,0.0,0.0,0.08333333333333333,0.25,0.0,0.0,1330.5713,0.5528881663873828
246,DPAWQGFRELIEKAL,inactive - virtual,inactive - virtual,0,Inactive,virtual,1,15,0.13333333333333333,0.0,0.06666666666666667,0.13333333333333333,0.06666666666666667,0.06666666666666667,0.0,0.06666666666666667,0.06666666666666667,0.13333333333333333,0.0,0.0,0.06666666666666667,0.06666666666666667,0.06666666666666667,0.0,0.0,0.0,0.06666666666666667,0.0,1772.9967000000001,-1.4423898372990154
247,DPEKVLFLAGNLLARLTE,inactive - virtual,inactive - virtual,0,Inactive,virtual,1,18,0.1111111111111111,0.0,0.05555555555555555,0.1111111111111111,0.05555555555555555,0.05555555555555555,0.0,0.0,0.05555555555555555,0.2777777777777778,0.0,0.05555555555555555,0.05555555555555555,0.0,0.05555555555555555,0.0,0.05555555555555555,0.05555555555555555,0.0,0.0,1999.3103000000006,-1.440297350642319
248,DPETLEAIAEN,inactive - virtual,inactive - virtual,0,Inactive,virtual,1,11,0.18181818181818182,0.0,0.09090909090909091,0.2727272727272727,0.0,0.0,0.0,0.09090909090909091,0.0,0.09090909090909091,0.0,0.09090909090909091,0.09090909090909091,0.0,0.0,0.0,0.09090909090909091,0.0,0.0,0.0,1201.2374000000002,-4.438738365458512
249,DPETNINIGTSYLQYVYQQF,inactive - virtual,inactive - virtual,0,Inactive,virtual,1,20,0.0,0.0,0.05,0.05,0.05,0.05,0.0,0.1,0.0,0.05,0.0,0.1,0.05,0.15,0.0,0.05,0.1,0.05,0.0,0.15,2393.5583,-2.448496665340058
250,DPKRLQASLQTIVGMVVYSW,inactive - virtual,inactive - virtual,0,Inactive,virtual,1,20,0.05,0.0,0.05,0.0,0.0,0.05,0.0,0.05,0.05,0.1,0.05,0.0,0.05,0.1,0.05,0.1,0.05,0.15,0.05,0.05,2291.6668999999997,0.5528630481540096
251,DPLRERQVAEKQLAALGDILSA,inactive - virtual,inactive - virtual,0,Inactive,virtual,1,22,0.18181818181818182,0.0,0.09090909090909091,0.09090909090909091,0.0,0.045454545454545456,0.0,0.045454545454545456,0.045454545454545456,0.18181818181818182,0.0,0.0,0.045454545454545456,0.09090909090909091,0.09090909090909091,0.045454545454545456,0.0,0.045454545454545456,0.0,0.0,2393.6946,-1.441968471377384
252,DPLWKKEMFEKYLSN,inactive - virtual,inactive - virtual,0,Inactive,virtual,1,15,0.0,0.0,0.06666666666666667,0.13333333333333333,0.06666666666666667,0.0,0.0,0.0,0.2,0.13333333333333333,0.06666666666666667,0.06666666666666667,0.06666666666666667,0.0,0.0,0.06666666666666667,0.0,0.0,0.06666666666666667,0.06666666666666667,1928.2108000000003,-0.44988149706749914
253,DPQKADAVAVN,inactive - virtual,inactive - virtual,0,Inactive,virtual,1,11,0.2727272727272727,0.0,0.18181818181818182,0.0,0.0,0.0,0.0,0.0,0.09090909090909091,0.0,0.0,0.09090909090909091,0.09090909090909091,0.09090909090909091,0.0,0.0,0.0,0.18181818181818182,0.0,0.0,1127.2051000000001,-1.4441597567903264
254,DPQKRAVVNQRLYFDMGT,inactive - virtual,inactive - virtual,0,Inactive,virtual,1,18,0.05555555555555555,0.0,0.1111111111111111,0.0,0.05555555555555555,0.05555555555555555,0.0,0.0,0.05555555555555555,0.05555555555555555,0.05555555555555555,0.05555555555555555,0.05555555555555555,0.1111111111111111,0.1111111111111111,0.0,0.05555555555555555,0.1111111111111111,0.0,0.05555555555555555,2138.4057000000003,0.553284414075641
255,DPTKLNHAVAGL,inactive - virtual,inactive - virtual,0,Inactive,virtual,1,12,0.16666666666666666,0.0,0.08333333333333333,0.0,0.0,0.08333333333333333,0.08333333333333333,0.0,0.08333333333333333,0.16666666666666666,0.0,0.08333333333333333,0.08333333333333333,0.0,0.0,0.0,0.08333333333333333,0.08333333333333333,0.0,0.0,1235.3893,-0.40797979976928467
256,DPYVILITEILL,inactive - virtual,inactive - virtual,0,Inactive,virtual,1,12,0.0,0.0,0.08333333333333333,0.08333333333333333,0.0,0.0,0.0,0.25,0.0,0.25,0.0,0.0,0.08333333333333333,0.0,0.0,0.0,0.08333333333333333,0.08333333333333333,0.0,0.08333333333333333,1401.6856000000002,-2.443485480005487
257,DQDKIQKAIAAG,inactive - virtual,inactive - virtual,0,Inactive,virtual,1,12,0.25,0.0,0.16666666666666666,0.0,0.0,0.08333333333333333,0.0,0.16666666666666666,0.16666666666666666,0.0,0.0,0.0,0.0,0.16666666666666666,0.0,0.0,0.0,0.0,0.0,0.0,1257.3933,-0.44666534945761205
258,DQEDVAQTIRDYD,inactive - virtual,inactive - virtual,0,Inactive,virtual,1,13,0.07692307692307693,0.0,0.3076923076923077,0.07692307692307693,0.0,0.0,0.0,0.07692307692307693,0.0,0.0,0.0,0.0,0.0,0.15384615384615385,0.07692307692307693,0.0,0.07692307692307693,0.07692307692307693,0.0,0.07692307692307693,1567.5665999999999,-4.440901834481787
259,DQGTLFELILAANYLD,inactive - virtual,inactive - virtual,0,Inactive,virtual,1,16,0.125,0.0,0.125,0.0625,0.0625,0.0625,0.0,0.0625,0.0,0.25,0.0,0.0625,0.0,0.0625,0.0,0.0,0.0625,0.0,0.0,0.0625,1795.9819000000002,-3.441769684558423
260,DQHLMAEYRELPRVFGAVRKHVANG,inactive - virtual,inactive - virtual,0,Inactive,virtual,1,25,0.12,0.0,0.04,0.08,0.04,0.08,0.08,0.0,0.04,0.08,0.04,0.04,0.04,0.04,0.12,0.0,0.0,0.12,0.0,0.04,2894.2732,0.6283072159190453
261,DQNGEIYMWPVAQA,inactive - virtual,inactive - virtual,0,Inactive,virtual,1,14,0.14285714285714285,0.0,0.07142857142857142,0.07142857142857142,0.0,0.07142857142857142,0.0,0.07142857142857142,0.0,0.0,0.07142857142857142,0.07142857142857142,0.07142857142857142,0.14285714285714285,0.0,0.0,0.0,0.07142857142857142,0.07142857142857142,0.07142857142857142,1621.7676999999999,-2.443485480005487
262,DQQGVFVKGYAM,inactive - virtual,inactive - virtual,0,Inactive,virtual,1,12,0.08333333333333333,0.0,0.08333333333333333,0.0,0.08333333333333333,0.16666666666666666,0.0,0.0,0.08333333333333333,0.0,0.08333333333333333,0.0,0.0,0.16666666666666666,0.0,0.0,0.0,0.16666666666666666,0.0,0.08333333333333333,1342.5188999999998,-0.4471118336126172
263,DRASYEARERHVAERLLMHLEEM,inactive - virtual,inactive - virtual,0,Inactive,virtual,1,23,0.13043478260869565,0.0,0.043478260869565216,0.21739130434782608,0.0,0.0,0.08695652173913043,0.0,0.0,0.13043478260869565,0.08695652173913043,0.0,0.0,0.0,0.17391304347826086,0.043478260869565216,0.0,0.043478260869565216,0.0,0.043478260869565216,2842.1740999999997,-2.365850026827509
264,DRAVIEHNLLSASKL,inactive - virtual,inactive - virtual,0,Inactive,virtual,1,15,0.13333333333333333,0.0,0.06666666666666667,0.06666666666666667,0.0,0.0,0.06666666666666667,0.06666666666666667,0.06666666666666667,0.2,0.0,0.06666666666666667,0.0,0.0,0.06666666666666667,0.13333333333333333,0.0,0.06666666666666667,0.0,0.0,1665.8883999999998,-0.4068841570628132
265,DRQLRSSIERVISIFQS,inactive - virtual,inactive - virtual,0,Inactive,virtual,1,17,0.0,0.0,0.058823529411764705,0.058823529411764705,0.058823529411764705,0.0,0.0,0.17647058823529413,0.0,0.058823529411764705,0.0,0.0,0.0,0.11764705882352941,0.17647058823529413,0.23529411764705882,0.0,0.058823529411764705,0.0,0.0,2034.2766000000001,0.5589447579616786
266,DRTSFDKLANS,inactive - virtual,inactive - virtual,0,Inactive,virtual,1,11,0.09090909090909091,0.0,0.18181818181818182,0.0,0.09090909090909091,0.0,0.0,0.0,0.09090909090909091,0.09090909090909091,0.0,0.09090909090909091,0.0,0.0,0.09090909090909091,0.18181818181818182,0.09090909090909091,0.0,0.0,0.0,1253.3184999999999,-0.44418487502369963
267,DSEQVVHQLERLIAR,inactive - virtual,inactive - virtual,0,Inactive,virtual,1,15,0.06666666666666667,0.0,0.06666666666666667,0.13333333333333333,0.0,0.0,0.06666666666666667,0.06666666666666667,0.0,0.13333333333333333,0.0,0.0,0.0,0.13333333333333333,0.13333333333333333,0.06666666666666667,0.0,0.13333333333333333,0.0,0.0,1792.9898000000003,-1.4032829216890566
268,DSGYRSAMSVQSSL,inactive - virtual,inactive - virtual,0,Inactive,virtual,1,14,0.07142857142857142,0.0,0.07142857142857142,0.0,0.0,0.07142857142857142,0.0,0.0,0.0,0.07142857142857142,0.07142857142857142,0.0,0.0,0.07142857142857142,0.07142857142857142,0.35714285714285715,0.0,0.07142857142857142,0.0,0.07142857142857142,1487.5910999999994,-0.4446313591787048
269,DSMVVLQQRAYEILMTIME,inactive - virtual,inactive - virtual,0,Inactive,virtual,1,19,0.05263157894736842,0.0,0.05263157894736842,0.10526315789473684,0.0,0.0,0.0,0.10526315789473684,0.0,0.10526315789473684,0.15789473684210525,0.0,0.0,0.10526315789473684,0.05263157894736842,0.05263157894736842,0.05263157894736842,0.10526315789473684,0.0,0.05263157894736842,2270.6875000000005,-2.440297350642319
270,DSSVIISALKTYLVSG,inactive - virtual,inactive - virtual,0,Inactive,virtual,1,16,0.0625,0.0,0.0625,0.0,0.0,0.0625,0.0,0.125,0.0625,0.125,0.0,0.0,0.0,0.0,0.0,0.25,0.0625,0.125,0.0,0.0625,1652.8829000000005,-0.4471118336126172
271,DSVASLLDVVKSTG,inactive - virtual,inactive - virtual,0,Inactive,virtual,1,14,0.07142857142857142,0.0,0.14285714285714285,0.0,0.0,0.07142857142857142,0.0,0.0,0.07142857142857142,0.14285714285714285,0.0,0.0,0.0,0.0,0.0,0.21428571428571427,0.07142857142857142,0.21428571428571427,0.0,0.0,1390.5356,-1.4441597567903264
272,DSVTNDIFNVAKASIEKHIWMLQAEL,inactive - virtual,inactive - virtual,0,Inactive,virtual,1,26,0.11538461538461539,0.0,0.07692307692307693,0.07692307692307693,0.038461538461538464,0.0,0.038461538461538464,0.11538461538461539,0.07692307692307693,0.07692307692307693,0.038461538461538464,0.07692307692307693,0.0,0.038461538461538464,0.0,0.07692307692307693,0.038461538461538464,0.07692307692307693,0.038461538461538464,0.0,2973.3582999999994,-2.407797386401876
273,DTAFLMEQLELREELDEIEQAK,inactive - virtual,inactive - virtual,0,Inactive,virtual,1,22,0.09090909090909091,0.0,0.09090909090909091,0.2727272727272727,0.045454545454545456,0.0,0.0,0.045454545454545456,0.045454545454545456,0.18181818181818182,0.045454545454545456,0.0,0.0,0.09090909090909091,0.045454545454545456,0.0,0.045454545454545456,0.0,0.0,0.0,2650.9080000000004,-6.437460309384631
274,DTMKDAGMQMKKVLDS,inactive - virtual,inactive - virtual,0,Inactive,virtual,1,16,0.0625,0.0,0.1875,0.0,0.0,0.0625,0.0,0.0,0.1875,0.0625,0.1875,0.0,0.0,0.0625,0.0,0.0625,0.0625,0.0625,0.0,0.0,1798.1106,-0.448724457969893
275,DTRAWALAEKLFG,inactive - virtual,inactive - virtual,0,Inactive,virtual,1,13,0.23076923076923078,0.0,0.07692307692307693,0.07692307692307693,0.07692307692307693,0.07692307692307693,0.0,0.0,0.07692307692307693,0.15384615384615385,0.0,0.0,0.0,0.0,0.07692307692307693,0.0,0.07692307692307693,0.0,0.07692307692307693,0.0,1477.6625000000001,-0.4435105982388601
276,DVALADSFDAL,inactive - virtual,inactive - virtual,0,Inactive,virtual,1,11,0.2727272727272727,0.0,0.2727272727272727,0.0,0.09090909090909091,0.0,0.0,0.0,0.0,0.18181818181818182,0.0,0.0,0.0,0.0,0.0,0.09090909090909091,0.0,0.09090909090909091,0.0,0.0,1136.2085,-3.441207679968036
277,DVEAVEIMQRIHVLRSQGGFN,inactive - virtual,inactive - virtual,0,Inactive,virtual,1,21,0.047619047619047616,0.0,0.047619047619047616,0.09523809523809523,0.047619047619047616,0.09523809523809523,0.047619047619047616,0.09523809523809523,0.0,0.047619047619047616,0.047619047619047616,0.047619047619047616,0.0,0.09523809523809523,0.09523809523809523,0.047619047619047616,0.0,0.14285714285714285,0.0,0.0,2398.6958000000004,-1.4032829216890566
278,DVLAEDTITALLH,inactive - virtual,inactive - virtual,0,Inactive,virtual,1,13,0.15384615384615385,0.0,0.15384615384615385,0.07692307692307693,0.0,0.0,0.07692307692307693,0.07692307692307693,0.0,0.23076923076923078,0.0,0.0,0.0,0.0,0.0,0.0,0.15384615384615385,0.07692307692307693,0.0,0.0,1410.5684,-3.4039069620071487
279,DVRVKEYFDDIARYFSIGLLNLIHLFG,inactive - virtual,inactive - virtual,0,Inactive,virtual,1,27,0.037037037037037035,0.0,0.1111111111111111,0.037037037037037035,0.1111111111111111,0.07407407407407407,0.037037037037037035,0.1111111111111111,0.037037037037037035,0.14814814814814814,0.0,0.037037037037037035,0.0,0.0,0.07407407407407407,0.037037037037037035,0.0,0.07407407407407407,0.0,0.07407407407407407,3214.6679,-1.4110274923207489
280,DWGEAFTAINL,inactive - virtual,inactive - virtual,0,Inactive,virtual,1,11,0.18181818181818182,0.0,0.09090909090909091,0.09090909090909091,0.09090909090909091,0.09090909090909091,0.0,0.09090909090909091,0.0,0.09090909090909091,0.0,0.09090909090909091,0.0,0.0,0.0,0.0,0.09090909090909091,0.0,0.09090909090909091,0.0,1236.3292,-2.4409798873382007
281,DWLKRLQKIFPPILSI,inactive - virtual,inactive - virtual,0,Inactive,virtual,1,16,0.0,0.0,0.0625,0.0,0.0625,0.0,0.0,0.1875,0.125,0.1875,0.0,0.0,0.125,0.0625,0.0625,0.0625,0.0,0.0,0.0625,0.0,1967.3992000000003,1.552863048154009
282,DWYRTYAELRETA,inactive - virtual,inactive - virtual,0,Inactive,virtual,1,13,0.15384615384615385,0.0,0.07692307692307693,0.15384615384615385,0.0,0.0,0.0,0.0,0.0,0.07692307692307693,0.0,0.0,0.0,0.0,0.15384615384615385,0.0,0.15384615384615385,0.0,0.07692307692307693,0.15384615384615385,1673.7796,-1.4449205481996747
283,DYERFKSYIQTL,inactive - virtual,inactive - virtual,0,Inactive,virtual,1,12,0.0,0.0,0.08333333333333333,0.08333333333333333,0.08333333333333333,0.0,0.0,0.08333333333333333,0.08333333333333333,0.08333333333333333,0.0,0.0,0.0,0.08333333333333333,0.08333333333333333,0.08333333333333333,0.08333333333333333,0.0,0.0,0.16666666666666666,1562.7205000000001,-0.4485217835734314
284,EALVHKLTERM,inactive - virtual,inactive - virtual,0,Inactive,virtual,1,11,0.09090909090909091,0.0,0.0,0.18181818181818182,0.0,0.0,0.09090909090909091,0.0,0.09090909090909091,0.18181818181818182,0.09090909090909091,0.0,0.0,0.0,0.09090909090909091,0.0,0.09090909090909091,0.09090909090909091,0.0,0.0,1326.5646,-0.2973820894571446
285,EAQKIDRLVQSFSGAYFQQN,inactive - virtual,inactive - virtual,0,Inactive,virtual,1,20,0.1,0.0,0.05,0.05,0.1,0.05,0.0,0.05,0.05,0.05,0.0,0.05,0.0,0.2,0.05,0.1,0.0,0.05,0.0,0.05,2329.5227999999997,-0.3371884000853167
286,EDDIMYLM,inactive - virtual,inactive - virtual,0,Inactive,virtual,1,8,0.0,0.0,0.25,0.125,0.0,0.0,0.0,0.125,0.0,0.125,0.25,0.0,0.0,0.0,0.0,0.0,0.0,0.0,0.0,0.125,1029.1845,-3.3342112050296526
287,EDDSKLASRKYARIIQKI,inactive - virtual,inactive - virtual,0,Inactive,virtual,1,18,0.1111111111111111,0.0,0.1111111111111111,0.05555555555555555,0.0,0.0,0.0,0.16666666666666666,0.16666666666666666,0.05555555555555555,0.0,0.0,0.0,0.05555555555555555,0.1111111111111111,0.1111111111111111,0.0,0.0,0.0,0.05555555555555555,2134.4356000000002,1.6582217805017434
288,EDKEAVFDVVDTLTAVLQVATGVISTL,inactive - virtual,inactive - virtual,0,Inactive,virtual,1,27,0.1111111111111111,0.0,0.1111111111111111,0.07407407407407407,0.037037037037037035,0.037037037037037035,0.0,0.037037037037037035,0.037037037037037035,0.1111111111111111,0.0,0.0,0.0,0.037037037037037035,0.0,0.037037037037037035,0.14814814814814814,0.2222222222222222,0.0,0.0,2834.1750999999995,-4.332643959934803
289,EDLPKWSGYFEKLLKKN,inactive - virtual,inactive - virtual,0,Inactive,virtual,1,17,0.0,0.0,0.058823529411764705,0.11764705882352941,0.058823529411764705,0.058823529411764705,0.0,0.0,0.23529411764705882,0.17647058823529413,0.0,0.058823529411764705,0.058823529411764705,0.0,0.0,0.058823529411764705,0.0,0.0,0.058823529411764705,0.058823529411764705,2095.3960000000006,0.6564407010860447
290,EDMIFEIFKNYLTKVAYYARQVAEMN,inactive - virtual,inactive - virtual,0,Inactive,virtual,1,26,0.11538461538461539,0.0,0.038461538461538464,0.11538461538461539,0.07692307692307693,0.0,0.0,0.07692307692307693,0.07692307692307693,0.038461538461538464,0.07692307692307693,0.07692307692307693,0.0,0.038461538461538464,0.038461538461538464,0.0,0.038461538461538464,0.07692307692307693,0.0,0.11538461538461539,3187.6409999999996,-1.3424636562074852
291,EDNLLRQLAQKV,inactive - virtual,inactive - virtual,0,Inactive,virtual,1,12,0.08333333333333333,0.0,0.08333333333333333,0.08333333333333333,0.0,0.0,0.0,0.0,0.08333333333333333,0.25,0.0,0.08333333333333333,0.0,0.16666666666666666,0.08333333333333333,0.0,0.0,0.08333333333333333,0.0,0.0,1426.6173999999999,-0.334682807418031
292,EELHTSLVEEL,inactive - virtual,inactive - virtual,0,Inactive,virtual,1,11,0.0,0.0,0.0,0.36363636363636365,0.0,0.0,0.09090909090909091,0.0,0.0,0.2727272727272727,0.0,0.0,0.0,0.0,0.0,0.09090909090909091,0.09090909090909091,0.09090909090909091,0.0,0.0,1298.3956,-4.292609856676796
293,EEMIAEFKAAFDMF,inactive - virtual,inactive - virtual,0,Inactive,virtual,1,14,0.21428571428571427,0.0,0.07142857142857142,0.21428571428571427,0.21428571428571427,0.0,0.0,0.07142857142857142,0.07142857142857142,0.0,0.14285714285714285,0.0,0.0,0.0,0.0,0.0,0.0,0.0,0.0,0.0,1678.9216999999999,-3.332416167304969
294,EERVKNGLERLKKAIKSGKQST,inactive - virtual,inactive - virtual,0,Inactive,virtual,1,22,0.045454545454545456,0.0,0.0,0.13636363636363635,0.0,0.09090909090909091,0.0,0.045454545454545456,0.22727272727272727,0.09090909090909091,0.0,0.045454545454545456,0.0,0.045454545454545456,0.09090909090909091,0.09090909090909091,0.045454545454545456,0.045454545454545456,0.0,0.0,2499.8648000000003,3.6570647414041364
295,EESDIKYKTSKNFINKVY,inactive - virtual,inactive - virtual,0,Inactive,virtual,1,18,0.0,0.0,0.05555555555555555,0.1111111111111111,0.05555555555555555,0.0,0.0,0.1111111111111111,0.2222222222222222,0.0,0.0,0.1111111111111111,0.0,0.0,0.0,0.1111111111111111,0.05555555555555555,0.05555555555555555,0.0,0.1111111111111111,2206.4500000000003,0.653935108418759
296,EEVKKHGTTVLTALGRILKQ,inactive - virtual,inactive - virtual,0,Inactive,virtual,1,20,0.05,0.0,0.0,0.1,0.0,0.1,0.05,0.05,0.15,0.15,0.0,0.0,0.0,0.05,0.05,0.0,0.15,0.1,0.0,0.0,2221.599,1.697606725208284
297,EFPEMLAEIIT,inactive - virtual,inactive - virtual,0,Inactive,virtual,1,11,0.09090909090909091,0.0,0.0,0.2727272727272727,0.09090909090909091,0.0,0.0,0.18181818181818182,0.0,0.09090909090909091,0.09090909090909091,0.0,0.09090909090909091,0.0,0.0,0.0,0.09090909090909091,0.0,0.0,0.0,1292.4969,-3.3303570587926874
298,EFRDLHLFLGEAAETAEEVADELAERVQAL,inactive - virtual,inactive - virtual,0,Inactive,virtual,1,30,0.2,0.0,0.06666666666666667,0.23333333333333334,0.06666666666666667,0.03333333333333333,0.03333333333333333,0.0,0.0,0.16666666666666666,0.0,0.0,0.0,0.03333333333333333,0.06666666666666667,0.0,0.03333333333333333,0.06666666666666667,0.0,0.0,3372.6481999999996,-7.288404842013998
299,EGDQQLLKRVLVRKL,inactive - virtual,inactive - virtual,0,Inactive,virtual,1,15,0.0,0.0,0.06666666666666667,0.06666666666666667,0.0,0.06666666666666667,0.0,0.0,0.13333333333333333,0.26666666666666666,0.0,0.0,0.0,0.13333333333333333,0.13333333333333333,0.0,0.0,0.13333333333333333,0.0,0.0,1795.1347999999998,1.6627864816813096
300,EGHVAAVEVLRGIHRIADMS,inactive - virtual,inactive - virtual,0,Inactive,virtual,1,20,0.15,0.0,0.05,0.1,0.0,0.1,0.1,0.1,0.0,0.05,0.05,0.0,0.0,0.0,0.1,0.05,0.0,0.15,0.0,0.0,2160.4561000000003,-1.2578286896921798
301,EGKDRELYGKLHETLKKVTEDLEA,inactive - virtual,inactive - virtual,0,Inactive,virtual,1,24,0.041666666666666664,0.0,0.08333333333333333,0.20833333333333334,0.0,0.08333333333333333,0.041666666666666664,0.0,0.16666666666666666,0.16666666666666666,0.0,0.0,0.0,0.0,0.041666666666666664,0.0,0.08333333333333333,0.041666666666666664,0.0,0.041666666666666664,2802.0972000000006,-2.303149208996744
302,EGNKRLDSVNSIVS,inactive - virtual,inactive - virtual,0,Inactive,virtual,1,14,0.0,0.0,0.07142857142857142,0.07142857142857142,0.0,0.07142857142857142,0.0,0.07142857142857142,0.07142857142857142,0.07142857142857142,0.0,0.14285714285714285,0.0,0.0,0.07142857142857142,0.21428571428571427,0.0,0.14285714285714285,0.0,0.0,1517.6402999999998,-0.334682807418031
303,EGQQRRIRQQRLISIGKWIADNQ,inactive - virtual,inactive - virtual,0,Inactive,virtual,1,23,0.043478260869565216,0.0,0.043478260869565216,0.043478260869565216,0.0,0.08695652173913043,0.0,0.17391304347826086,0.043478260869565216,0.043478260869565216,0.0,0.043478260869565216,0.0,0.21739130434782608,0.17391304347826086,0.043478260869565216,0.0,0.0,0.043478260869565216,0.0,2794.1360999999997,2.6652418378818483
304,EGVAWLEAVLRLLAQ,inactive - virtual,inactive - virtual,0,Inactive,virtual,1,15,0.2,0.0,0.0,0.13333333333333333,0.0,0.06666666666666667,0.0,0.0,0.0,0.26666666666666666,0.0,0.0,0.0,0.06666666666666667,0.06666666666666667,0.0,0.0,0.13333333333333333,0.06666666666666667,0.0,1667.9455000000003,-1.3315029379659054
305,EHEIQEWYKGFLRD,inactive - virtual,inactive - virtual,0,Inactive,virtual,1,14,0.0,0.0,0.07142857142857142,0.21428571428571427,0.07142857142857142,0.07142857142857142,0.07142857142857142,0.07142857142857142,0.07142857142857142,0.07142857142857142,0.0,0.0,0.0,0.07142857142857142,0.07142857142857142,0.0,0.0,0.0,0.07142857142857142,0.07142857142857142,1849.9945999999998,-2.2970511257375232
306,EIEKFRVWISIL,inactive - virtual,inactive - virtual,0,Inactive,virtual,1,12,0.0,0.0,0.0,0.16666666666666666,0.08333333333333333,0.0,0.0,0.25,0.08333333333333333,0.08333333333333333,0.0,0.0,0.0,0.0,0.08333333333333333,0.08333333333333333,0.0,0.08333333333333333,0.08333333333333333,0.0,1532.8237,-0.33400853063319147
307,EISEMVRMRERILDSIHLG,inactive - virtual,inactive - virtual,0,Inactive,virtual,1,19,0.0,0.0,0.05263157894736842,0.15789473684210525,0.0,0.05263157894736842,0.05263157894736842,0.15789473684210525,0.0,0.10526315789473684,0.10526315789473684,0.0,0.0,0.0,0.15789473684210525,0.10526315789473684,0.0,0.05263157894736842,0.0,0.0,2284.6580000000004,-1.293359488161757
308,EISKLVKKMISSWKDAIN,inactive - virtual,inactive - virtual,0,Inactive,virtual,1,18,0.05555555555555555,0.0,0.05555555555555555,0.05555555555555555,0.0,0.0,0.0,0.16666666666666666,0.2222222222222222,0.05555555555555555,0.05555555555555555,0.05555555555555555,0.0,0.0,0.0,0.16666666666666666,0.0,0.05555555555555555,0.05555555555555555,0.0,2090.4856,1.6578255328134857
309,EKETFREKFMQH,inactive - virtual,inactive - virtual,0,Inactive,virtual,1,12,0.0,0.0,0.0,0.25,0.16666666666666666,0.0,0.08333333333333333,0.0,0.16666666666666666,0.0,0.08333333333333333,0.0,0.0,0.08333333333333333,0.08333333333333333,0.0,0.08333333333333333,0.0,0.0,0.0,1609.8036000000002,-0.29876692118458514
310,EKNSYRKLVGNLYFVYSAMEEEMAKF,inactive - virtual,inactive - virtual,0,Inactive,virtual,1,26,0.07692307692307693,0.0,0.0,0.15384615384615385,0.07692307692307693,0.038461538461538464,0.0,0.0,0.11538461538461539,0.07692307692307693,0.07692307692307693,0.07692307692307693,0.0,0.0,0.038461538461538464,0.07692307692307693,0.0,0.07692307692307693,0.0,0.11538461538461539,3147.5771999999997,-0.3442949720899309
311,EKVQYLTRSAIRR,inactive - virtual,inactive - virtual,0,Inactive,virtual,1,13,0.07692307692307693,0.0,0.0,0.07692307692307693,0.0,0.0,0.0,0.07692307692307693,0.07692307692307693,0.07692307692307693,0.0,0.0,0.0,0.07692307692307693,0.23076923076923078,0.07692307692307693,0.07692307692307693,0.07692307692307693,0.0,0.07692307692307693,1619.8663999999999,2.662314879292932
312,EMNYYTVLFGVSRALGVLAQLIWSRAL,inactive - virtual,inactive - virtual,0,Inactive,virtual,1,27,0.1111111111111111,0.0,0.0,0.037037037037037035,0.037037037037037035,0.07407407407407407,0.0,0.037037037037037035,0.0,0.18518518518518517,0.037037037037037035,0.037037037037037035,0.0,0.037037037037037035,0.07407407407407407,0.07407407407407407,0.037037037037037035,0.1111111111111111,0.037037037037037035,0.07407407407407407,3071.5919999999987,0.6623399975263058
313,EPEEVFKSVLKEMEG,inactive - virtual,inactive - virtual,0,Inactive,virtual,1,15,0.0,0.0,0.0,0.3333333333333333,0.06666666666666667,0.06666666666666667,0.0,0.0,0.13333333333333333,0.06666666666666667,0.06666666666666667,0.0,0.06666666666666667,0.0,0.0,0.06666666666666667,0.0,0.13333333333333333,0.0,0.0,1750.9631,-3.3331267222475693
314,EPEKVDKLQEPLLEALRLYARRRR,inactive - virtual,inactive - virtual,0,Inactive,virtual,1,24,0.08333333333333333,0.0,0.041666666666666664,0.16666666666666666,0.0,0.0,0.0,0.0,0.08333333333333333,0.20833333333333334,0.0,0.0,0.08333333333333333,0.041666666666666664,0.20833333333333334,0.0,0.0,0.041666666666666664,0.0,0.041666666666666664,2979.4394,1.663567817133437
315,EPGQRKIVMHK,inactive - virtual,inactive - virtual,0,Inactive,virtual,1,11,0.0,0.0,0.0,0.09090909090909091,0.0,0.09090909090909091,0.09090909090909091,0.09090909090909091,0.18181818181818182,0.0,0.09090909090909091,0.0,0.09090909090909091,0.09090909090909091,0.09090909090909091,0.0,0.0,0.09090909090909091,0.0,0.0,1322.5792,1.698991556935726
316,EQEILRQVKKAYDRAARLG,inactive - virtual,inactive - virtual,0,Inactive,virtual,1,19,0.15789473684210525,0.0,0.05263157894736842,0.10526315789473684,0.0,0.05263157894736842,0.0,0.05263157894736842,0.10526315789473684,0.10526315789473684,0.0,0.0,0.0,0.10526315789473684,0.15789473684210525,0.0,0.0,0.05263157894736842,0.0,0.05263157894736842,2244.5528,1.6613765317204954
317,EQEVYAQVARL,inactive - virtual,inactive - virtual,0,Inactive,virtual,1,11,0.18181818181818182,0.0,0.0,0.18181818181818182,0.0,0.0,0.0,0.0,0.0,0.09090909090909091,0.0,0.0,0.0,0.18181818181818182,0.09090909090909091,0.0,0.0,0.18181818181818182,0.0,0.09090909090909091,1305.4360000000001,-1.334008530633191
318,EQPSLVRTLDQLEDK,inactive - virtual,inactive - virtual,0,Inactive,virtual,1,15,0.0,0.0,0.13333333333333333,0.13333333333333333,0.0,0.0,0.0,0.0,0.06666666666666667,0.2,0.0,0.0,0.06666666666666667,0.13333333333333333,0.06666666666666667,0.06666666666666667,0.06666666666666667,0.06666666666666667,0.0,0.0,1770.9346999999998,-2.333115562323181
319,ERQEVKQMVVATLAES,inactive - virtual,inactive - virtual,0,Inactive,virtual,1,16,0.125,0.0,0.0,0.1875,0.0,0.0,0.0,0.0,0.0625,0.0625,0.0625,0.0,0.0,0.125,0.0625,0.0625,0.0625,0.1875,0.0,0.0,1818.0573,-1.3328877696933468
320,ERVRAAMEKLA,inactive - virtual,inactive - virtual,0,Inactive,virtual,1,11,0.2727272727272727,0.0,0.0,0.18181818181818182,0.0,0.0,0.0,0.0,0.09090909090909091,0.09090909090909091,0.09090909090909091,0.0,0.0,0.0,0.18181818181818182,0.0,0.0,0.09090909090909091,0.0,0.0,1273.5053,0.6659663511334353
321,ESLYESIRRRYEEL,inactive - virtual,inactive - virtual,0,Inactive,virtual,1,14,0.0,0.0,0.0,0.2857142857142857,0.0,0.0,0.0,0.07142857142857142,0.0,0.14285714285714285,0.0,0.0,0.0,0.0,0.21428571428571427,0.14285714285714285,0.0,0.0,0.0,0.14285714285714285,1843.0022000000001,-1.3343228378875347
322,ESPVRKILRIVFHDAI,inactive - virtual,inactive - virtual,0,Inactive,virtual,1,16,0.0625,0.0,0.0625,0.0625,0.0625,0.0,0.0625,0.1875,0.0625,0.0625,0.0,0.0,0.0625,0.0,0.125,0.0625,0.0,0.125,0.0,0.0,1893.2363,0.7019185155246426
323,ETNIRVALEKSFL,inactive - virtual,inactive - virtual,0,Inactive,virtual,1,13,0.07692307692307693,0.0,0.0,0.15384615384615385,0.07692307692307693,0.0,0.0,0.07692307692307693,0.07692307692307693,0.15384615384615385,0.0,0.07692307692307693,0.0,0.0,0.07692307692307693,0.07692307692307693,0.07692307692307693,0.07692307692307693,0.0,0.0,1519.7406,-0.33400853063319147
324,EVKRRFPTKLGAWALIWWLL,inactive - virtual,inactive - virtual,0,Inactive,virtual,1,20,0.1,0.0,0.0,0.05,0.05,0.05,0.0,0.05,0.1,0.2,0.0,0.0,0.05,0.0,0.1,0.0,0.05,0.05,0.15,0.0,2483.9939999999997,2.662339997526305
325,EVKRSVNRDFAKWFLIVFI,inactive - virtual,inactive - virtual,0,Inactive,virtual,1,19,0.05263157894736842,0.0,0.05263157894736842,0.05263157894736842,0.15789473684210525,0.0,0.0,0.10526315789473684,0.10526315789473684,0.05263157894736842,0.0,0.05263157894736842,0.0,0.0,0.10526315789473684,0.05263157894736842,0.0,0.15789473684210525,0.05263157894736842,0.0,2367.7876,1.6627864816813096
326,EVNRNFGERINDLRILILLL,inactive - virtual,inactive - virtual,0,Inactive,virtual,1,20,0.0,0.0,0.05,0.1,0.05,0.05,0.0,0.15,0.0,0.25,0.0,0.15,0.0,0.0,0.15,0.0,0.0,0.05,0.0,0.0,2410.8125,-0.3311066902776476
327,EVVGRVSKLWNEWWLIV,inactive - virtual,inactive - virtual,0,Inactive,virtual,1,17,0.0,0.0,0.0,0.11764705882352941,0.0,0.058823529411764705,0.0,0.058823529411764705,0.058823529411764705,0.11764705882352941,0.0,0.058823529411764705,0.0,0.0,0.058823529411764705,0.058823529411764705,0.0,0.23529411764705882,0.17647058823529413,0.0,2113.4590000000003,-0.33400853063319147
328,EWQTMVAALQA,inactive - virtual,inactive - virtual,0,Inactive,virtual,1,11,0.2727272727272727,0.0,0.0,0.09090909090909091,0.0,0.0,0.0,0.0,0.0,0.09090909090909091,0.09090909090909091,0.0,0.0,0.18181818181818182,0.0,0.0,0.09090909090909091,0.09090909090909091,0.09090909090909091,0.0,1247.4198000000001,-1.3325985806723761
329,EYKYYKLKLAEMQR,inactive - virtual,inactive - virtual,0,Inactive,virtual,1,14,0.07142857142857142,0.0,0.0,0.14285714285714285,0.0,0.0,0.0,0.0,0.21428571428571427,0.14285714285714285,0.07142857142857142,0.0,0.0,0.07142857142857142,0.07142857142857142,0.0,0.0,0.0,0.0,0.21428571428571427,1863.1838,1.6534635060303802
330,FADLFDPVIQERH,inactive - virtual,inactive - virtual,0,Inactive,virtual,1,13,0.07692307692307693,0.0,0.15384615384615385,0.07692307692307693,0.15384615384615385,0.0,0.07692307692307693,0.07692307692307693,0.0,0.07692307692307693,0.0,0.0,0.07692307692307693,0.07692307692307693,0.07692307692307693,0.0,0.0,0.07692307692307693,0.0,0.0,1586.7452000000003,-2.4039320802405224
331,FALRLRRVINRIGQAWR,inactive - virtual,inactive - virtual,0,Inactive,virtual,1,17,0.11764705882352941,0.0,0.0,0.0,0.058823529411764705,0.058823529411764705,0.0,0.11764705882352941,0.0,0.11764705882352941,0.0,0.058823529411764705,0.0,0.058823529411764705,0.29411764705882354,0.0,0.0,0.058823529411764705,0.058823529411764705,0.0,2125.5278,4.557327276400082
332,FEVIDTIKAAVENA,inactive - virtual,inactive - virtual,0,Inactive,virtual,1,14,0.21428571428571427,0.0,0.07142857142857142,0.14285714285714285,0.07142857142857142,0.0,0.0,0.14285714285714285,0.07142857142857142,0.0,0.0,0.07142857142857142,0.0,0.0,0.0,0.0,0.07142857142857142,0.14285714285714285,0.0,0.0,1519.6942000000001,-2.442364719065642
333,FFSFELVESINDVKKSLR,inactive - virtual,inactive - virtual,0,Inactive,virtual,1,18,0.0,0.0,0.05555555555555555,0.1111111111111111,0.16666666666666666,0.0,0.0,0.05555555555555555,0.1111111111111111,0.1111111111111111,0.0,0.05555555555555555,0.0,0.0,0.05555555555555555,0.16666666666666666,0.0,0.1111111111111111,0.0,0.0,2158.4516999999996,-0.4448954299663015
334,FGLKVLGWYSEMKRNVQRLERAIEEV,inactive - virtual,inactive - virtual,0,Inactive,virtual,1,26,0.038461538461538464,0.0,0.0,0.15384615384615385,0.038461538461538464,0.07692307692307693,0.0,0.038461538461538464,0.07692307692307693,0.11538461538461539,0.038461538461538464,0.038461538461538464,0.0,0.038461538461538464,0.11538461538461539,0.038461538461538464,0.0,0.11538461538461539,0.038461538461538464,0.038461538461538464,3151.6388999999995,0.5543437786243492
335,FHSVAEQF,inactive - virtual,inactive - virtual,0,Inactive,virtual,1,8,0.125,0.0,0.0,0.125,0.25,0.0,0.125,0.0,0.0,0.0,0.0,0.0,0.0,0.125,0.0,0.125,0.0,0.125,0.0,0.0,964.0316,-1.4047999303171586
336,FIAVHEMLDGFRTALIDHLDTMAERAVQ,inactive - virtual,inactive - virtual,0,Inactive,virtual,1,28,0.14285714285714285,0.0,0.10714285714285714,0.07142857142857142,0.07142857142857142,0.03571428571428571,0.07142857142857142,0.07142857142857142,0.0,0.10714285714285714,0.07142857142857142,0.0,0.0,0.03571428571428571,0.07142857142857142,0.0,0.07142857142857142,0.07142857142857142,0.0,0.0,3200.6449999999986,-3.3657635122030003
337,FKATIADLSKKR,inactive - virtual,inactive - virtual,0,Inactive,virtual,1,12,0.16666666666666666,0.0,0.08333333333333333,0.0,0.08333333333333333,0.0,0.0,0.08333333333333333,0.25,0.08333333333333333,0.0,0.0,0.0,0.0,0.08333333333333333,0.08333333333333333,0.08333333333333333,0.0,0.0,0.0,1377.6313,2.550357455486724
338,FKEAIEAIAESA,inactive - virtual,inactive - virtual,0,Inactive,virtual,1,12,0.3333333333333333,0.0,0.0,0.25,0.08333333333333333,0.0,0.0,0.16666666666666666,0.08333333333333333,0.0,0.0,0.0,0.0,0.0,0.0,0.08333333333333333,0.0,0.0,0.0,0.0,1278.4075,-2.4416904422808026
339,FKGKIIKKVISTGAKLI,inactive - virtual,inactive - virtual,0,Inactive,virtual,1,17,0.058823529411764705,0.0,0.0,0.0,0.058823529411764705,0.11764705882352941,0.0,0.23529411764705882,0.29411764705882354,0.058823529411764705,0.0,0.0,0.0,0.0,0.0,0.058823529411764705,0.058823529411764705,0.058823529411764705,0.0,0.0,1844.3313000000003,4.5449249042305215
340,FKSIYRFFEHGLK,inactive - virtual,inactive - virtual,0,Inactive,virtual,1,13,0.0,0.0,0.0,0.07692307692307693,0.23076923076923078,0.07692307692307693,0.07692307692307693,0.07692307692307693,0.15384615384615385,0.07692307692307693,0.0,0.0,0.0,0.0,0.07692307692307693,0.07692307692307693,0.0,0.0,0.0,0.07692307692307693,1671.9373,1.5876581734476103
341,FKSVQNSLQRILYLWAIRH,inactive - virtual,inactive - virtual,0,Inactive,virtual,1,19,0.05263157894736842,0.0,0.0,0.0,0.05263157894736842,0.0,0.05263157894736842,0.10526315789473684,0.05263157894736842,0.15789473684210525,0.0,0.05263157894736842,0.0,0.10526315789473684,0.10526315789473684,0.10526315789473684,0.0,0.05263157894736842,0.05263157894736842,0.05263157894736842,2372.7677,2.589017886941678
342,FLDQNMLAVIDELMQAL,inactive - virtual,inactive - virtual,0,Inactive,virtual,1,17,0.11764705882352941,0.0,0.11764705882352941,0.058823529411764705,0.058823529411764705,0.0,0.0,0.058823529411764705,0.0,0.23529411764705882,0.11764705882352941,0.058823529411764705,0.0,0.11764705882352941,0.0,0.0,0.0,0.058823529411764705,0.0,0.0,1964.3057,-3.4405334031831956
343,FLLKKLKKVATGFAKG,inactive - virtual,inactive - virtual,0,Inactive,virtual,1,16,0.125,0.0,0.0,0.0,0.125,0.125,0.0,0.0,0.3125,0.1875,0.0,0.0,0.0,0.0,0.0,0.0,0.0625,0.0625,0.0,0.0,1749.1905000000002,4.5449249042305215
344,FLLSKAKDAKSSAEGAV,inactive - virtual,inactive - virtual,0,Inactive,virtual,1,17,0.23529411764705882,0.0,0.058823529411764705,0.058823529411764705,0.058823529411764705,0.058823529411764705,0.0,0.0,0.17647058823529413,0.11764705882352941,0.0,0.0,0.0,0.0,0.0,0.17647058823529413,0.0,0.058823529411764705,0.0,0.0,1721.9484000000002,0.5515033346599418
345,FNQRRISSAKFLGELYNY,inactive - virtual,inactive - virtual,0,Inactive,virtual,1,18,0.05555555555555555,0.0,0.0,0.05555555555555555,0.1111111111111111,0.05555555555555555,0.0,0.05555555555555555,0.05555555555555555,0.1111111111111111,0.0,0.1111111111111111,0.0,0.05555555555555555,0.1111111111111111,0.1111111111111111,0.0,0.0,0.0,0.1111111111111111,2206.458000000001,1.5510066140381902
346,FNRMFEKSTHHYTDSVGGILR,inactive - virtual,inactive - virtual,0,Inactive,virtual,1,21,0.0,0.0,0.047619047619047616,0.047619047619047616,0.09523809523809523,0.09523809523809523,0.09523809523809523,0.047619047619047616,0.047619047619047616,0.047619047619047616,0.047619047619047616,0.047619047619047616,0.0,0.0,0.09523809523809523,0.09523809523809523,0.09523809523809523,0.047619047619047616,0.0,0.047619047619047616,2495.7696000000005,0.6272115732125743
347,FPLLVDHTSREADYFRKRLIQLNEG,inactive - virtual,inactive - virtual,0,Inactive,virtual,1,25,0.04,0.0,0.08,0.08,0.08,0.04,0.04,0.04,0.04,0.16,0.0,0.04,0.04,0.04,0.12,0.04,0.04,0.04,0.0,0.04,3018.3840000000005,-0.4078727411019969
348,FPNLASAAFYWSKKEN,inactive - virtual,inactive - virtual,0,Inactive,virtual,1,16,0.1875,0.0,0.0,0.0625,0.125,0.0,0.0,0.0,0.125,0.0625,0.0,0.125,0.0625,0.0,0.0,0.125,0.0,0.0,0.0625,0.0625,1873.0709000000002,0.5510568505049371
349,FPQLTQNNSRE,inactive - virtual,inactive - virtual,0,Inactive,virtual,1,11,0.0,0.0,0.0,0.09090909090909091,0.09090909090909091,0.0,0.0,0.0,0.0,0.09090909090909091,0.0,0.18181818181818182,0.09090909090909091,0.18181818181818182,0.09090909090909091,0.09090909090909091,0.09090909090909091,0.0,0.0,0.0,1333.4063999999998,-0.4393590030698826
350,FSALNIAVHELSDVGRAIVRN,inactive - virtual,inactive - virtual,0,Inactive,virtual,1,21,0.14285714285714285,0.0,0.047619047619047616,0.047619047619047616,0.047619047619047616,0.047619047619047616,0.047619047619047616,0.09523809523809523,0.0,0.09523809523809523,0.0,0.09523809523809523,0.0,0.0,0.09523809523809523,0.09523809523809523,0.0,0.14285714285714285,0.0,0.0,2281.5694,-0.40440368262890125
351,FSEFIQALSVTSRG,inactive - virtual,inactive - virtual,0,Inactive,virtual,1,14,0.07142857142857142,0.0,0.0,0.07142857142857142,0.14285714285714285,0.07142857142857142,0.0,0.07142857142857142,0.0,0.07142857142857142,0.0,0.0,0.0,0.07142857142857142,0.07142857142857142,0.21428571428571427,0.07142857142857142,0.07142857142857142,0.0,0.0,1541.7030000000002,-0.4414514897265791
352,FTELQRDFLRN,inactive - virtual,inactive - virtual,0,Inactive,virtual,1,11,0.0,0.0,0.09090909090909091,0.09090909090909091,0.18181818181818182,0.0,0.0,0.0,0.0,0.18181818181818182,0.0,0.09090909090909091,0.0,0.09090909090909091,0.18181818181818182,0.0,0.09090909090909091,0.0,0.0,0.0,1438.5866,-0.4410301238049481
353,FTRIIKAAG,inactive - virtual,inactive - virtual,0,Inactive,virtual,1,9,0.2222222222222222,0.0,0.0,0.0,0.1111111111111111,0.1111111111111111,0.0,0.2222222222222222,0.1111111111111111,0.0,0.0,0.0,0.0,0.0,0.1111111111111111,0.0,0.1111111111111111,0.0,0.0,0.0,976.1733000000002,1.5549221566662905
354,FVPVFFVVVRRR,inactive - virtual,inactive - virtual,0,Inactive,virtual,1,12,0.0,0.0,0.0,0.0,0.25,0.0,0.0,0.0,0.0,0.0,0.0,0.0,0.08333333333333333,0.0,0.25,0.0,0.0,0.4166666666666667,0.0,0.0,1520.8640000000003,2.5573775128668292
355,FYQTFFDEADELLADMEQHLLDL,inactive - virtual,inactive - virtual,0,Inactive,virtual,1,23,0.08695652173913043,0.0,0.17391304347826086,0.13043478260869565,0.13043478260869565,0.0,0.043478260869565216,0.0,0.0,0.21739130434782608,0.043478260869565216,0.0,0.0,0.08695652173913043,0.0,0.0,0.043478260869565216,0.0,0.0,0.043478260869565216,2804.0429,-7.403278064484737
356,GAFRKLLQSAKDN,inactive - virtual,inactive - virtual,0,Inactive,virtual,1,13,0.15384615384615385,0.0,0.07692307692307693,0.0,0.07692307692307693,0.07692307692307693,0.0,0.0,0.15384615384615385,0.15384615384615385,0.0,0.07692307692307693,0.0,0.07692307692307693,0.07692307692307693,0.07692307692307693,0.0,0.0,0.0,0.0,1447.6381999999999,1.552863048154009
357,GAGTSVNMNTNEVLANIGLELM,inactive - virtual,inactive - virtual,0,Inactive,virtual,1,22,0.09090909090909091,0.0,0.0,0.09090909090909091,0.0,0.13636363636363635,0.0,0.045454545454545456,0.0,0.13636363636363635,0.09090909090909091,0.18181818181818182,0.0,0.0,0.0,0.045454545454545456,0.09090909090909091,0.09090909090909091,0.0,0.0,2248.5329,-2.440305610553361
358,GAPLARMEVTLALESLFGRF,inactive - virtual,inactive - virtual,0,Inactive,virtual,1,20,0.15,0.0,0.0,0.1,0.1,0.1,0.0,0.0,0.0,0.2,0.05,0.0,0.05,0.0,0.1,0.05,0.05,0.05,0.0,0.0,2178.5524000000005,-0.44035584702010855
359,GAQYIQAAGVALGLKMR,inactive - virtual,inactive - virtual,0,Inactive,virtual,1,17,0.23529411764705882,0.0,0.0,0.0,0.0,0.17647058823529413,0.0,0.058823529411764705,0.058823529411764705,0.11764705882352941,0.058823529411764705,0.0,0.0,0.11764705882352941,0.058823529411764705,0.0,0.0,0.058823529411764705,0.0,0.058823529411764705,1747.0701999999999,1.5524165639990049
360,GAVAIARVFSY,inactive - virtual,inactive - virtual,0,Inactive,virtual,1,11,0.2727272727272727,0.0,0.0,0.0,0.09090909090909091,0.09090909090909091,0.0,0.09090909090909091,0.0,0.0,0.0,0.0,0.0,0.0,0.09090909090909091,0.09090909090909091,0.0,0.18181818181818182,0.0,0.09090909090909091,1153.3299,0.5549221566662905
361,GEAEIASLKSQIRA,inactive - virtual,inactive - virtual,0,Inactive,virtual,1,14,0.21428571428571427,0.0,0.0,0.14285714285714285,0.0,0.07142857142857142,0.0,0.14285714285714285,0.07142857142857142,0.07142857142857142,0.0,0.0,0.0,0.07142857142857142,0.07142857142857142,0.14285714285714285,0.0,0.0,0.0,0.0,1472.6428999999998,-0.4428363214540205
362,GEAYLLLERYVAFLRA,inactive - virtual,inactive - virtual,0,Inactive,virtual,1,16,0.1875,0.0,0.0,0.125,0.0625,0.0625,0.0,0.0,0.0,0.25,0.0,0.0,0.0,0.0,0.125,0.0,0.0,0.0625,0.0,0.125,1884.1812999999997,-0.4453670323546799
363,GEDAILKKVAEEAAETLMASKD,inactive - virtual,inactive - virtual,0,Inactive,virtual,1,22,0.22727272727272727,0.0,0.09090909090909091,0.18181818181818182,0.0,0.045454545454545456,0.0,0.045454545454545456,0.13636363636363635,0.09090909090909091,0.045454545454545456,0.0,0.0,0.0,0.0,0.045454545454545456,0.045454545454545456,0.045454545454545456,0.0,0.0,2319.5848,-3.4434185870734613
364,GEGWAKSILFN,inactive - virtual,inactive - virtual,0,Inactive,virtual,1,11,0.09090909090909091,0.0,0.0,0.09090909090909091,0.09090909090909091,0.18181818181818182,0.0,0.09090909090909091,0.09090909090909091,0.09090909090909091,0.0,0.09090909090909091,0.0,0.0,0.0,0.09090909090909091,0.0,0.0,0.09090909090909091,0.0,1221.3609000000001,-0.4439319641604915
365,GEKRAEEIKKILMT,inactive - virtual,inactive - virtual,0,Inactive,virtual,1,14,0.07142857142857142,0.0,0.0,0.21428571428571427,0.0,0.07142857142857142,0.0,0.14285714285714285,0.21428571428571427,0.07142857142857142,0.07142857142857142,0.0,0.0,0.0,0.07142857142857142,0.0,0.07142857142857142,0.0,0.0,0.0,1645.9618,0.5532732541512528
366,GFFGWFNRMFEKSTHHYTDSVGGI,inactive - virtual,inactive - virtual,0,Inactive,virtual,1,24,0.0,0.0,0.041666666666666664,0.041666666666666664,0.16666666666666666,0.16666666666666666,0.08333333333333333,0.041666666666666664,0.041666666666666664,0.0,0.041666666666666664,0.041666666666666664,0.0,0.0,0.041666666666666664,0.08333333333333333,0.08333333333333333,0.041666666666666664,0.041666666666666664,0.041666666666666664,2821.0864,-0.37276330855405204
367,GFKNEVRTPVTKFRIVFFVV,inactive - virtual,inactive - virtual,0,Inactive,virtual,1,20,0.0,0.0,0.0,0.05,0.2,0.05,0.0,0.05,0.1,0.0,0.0,0.05,0.05,0.0,0.1,0.0,0.1,0.25,0.0,0.0,2383.83,2.553512206705476
368,GFMIWHPKMDEYMEEIDGYLDEMSERLITL,inactive - virtual,inactive - virtual,0,Inactive,virtual,1,30,0.0,0.0,0.1,0.16666666666666666,0.03333333333333333,0.06666666666666667,0.03333333333333333,0.1,0.03333333333333333,0.1,0.13333333333333333,0.0,0.03333333333333333,0.0,0.03333333333333333,0.03333333333333333,0.03333333333333333,0.0,0.03333333333333333,0.06666666666666667,3693.2035000000005,-6.406519330327997
369,GFSVQRRLWLAS,inactive - virtual,inactive - virtual,0,Inactive,virtual,1,12,0.08333333333333333,0.0,0.0,0.0,0.08333333333333333,0.08333333333333333,0.0,0.0,0.0,0.16666666666666666,0.0,0.0,0.0,0.08333333333333333,0.16666666666666666,0.16666666666666666,0.0,0.08333333333333333,0.08333333333333333,0.0,1419.6296,1.5574026311002025
370,GFYPMVAAQRI,inactive - virtual,inactive - virtual,0,Inactive,virtual,1,11,0.18181818181818182,0.0,0.0,0.0,0.09090909090909091,0.09090909090909091,0.0,0.09090909090909091,0.0,0.0,0.09090909090909091,0.0,0.09090909090909091,0.09090909090909091,0.09090909090909091,0.0,0.0,0.09090909090909091,0.0,0.09090909090909091,1252.4841000000001,0.5549221566662905
371,GGFAAAIARRA,inactive - virtual,inactive - virtual,0,Inactive,virtual,1,11,0.45454545454545453,0.0,0.0,0.0,0.09090909090909091,0.18181818181818182,0.0,0.09090909090909091,0.0,0.0,0.0,0.0,0.0,0.0,0.18181818181818182,0.0,0.0,0.0,0.0,0.0,1060.2102,1.5574026311002025
372,GGKEALAIENFADAL,inactive - virtual,inactive - virtual,0,Inactive,virtual,1,15,0.26666666666666666,0.0,0.06666666666666667,0.13333333333333333,0.06666666666666667,0.13333333333333333,0.0,0.06666666666666667,0.06666666666666667,0.13333333333333333,0.0,0.06666666666666667,0.0,0.0,0.0,0.0,0.0,0.0,0.0,0.0,1518.6664,-2.442364719065642
373,GGSSGVLMSIFFTAAGQKLEQ,inactive - virtual,inactive - virtual,0,Inactive,virtual,1,21,0.09523809523809523,0.0,0.0,0.047619047619047616,0.09523809523809523,0.19047619047619047,0.0,0.047619047619047616,0.047619047619047616,0.09523809523809523,0.047619047619047616,0.0,0.0,0.09523809523809523,0.0,0.14285714285714285,0.047619047619047616,0.047619047619047616,0.0,0.0,2128.4042000000004,-0.4439319641604915
374,GHNLISLLEVLSG,inactive - virtual,inactive - virtual,0,Inactive,virtual,1,13,0.0,0.0,0.0,0.07692307692307693,0.0,0.15384615384615385,0.07692307692307693,0.07692307692307693,0.0,0.3076923076923077,0.0,0.07692307692307693,0.0,0.0,0.0,0.15384615384615385,0.0,0.07692307692307693,0.0,0.0,1351.5474000000002,-1.4047999303171586
375,GIHELAVFAEEH,inactive - virtual,inactive - virtual,0,Inactive,virtual,1,12,0.16666666666666666,0.0,0.0,0.25,0.08333333333333333,0.08333333333333333,0.16666666666666666,0.08333333333333333,0.0,0.08333333333333333,0.0,0.0,0.0,0.0,0.0,0.0,0.0,0.08333333333333333,0.0,0.0,1351.4630000000002,-3.3659319672614227
376,GKASLRAAELYSKY,inactive - virtual,inactive - virtual,0,Inactive,virtual,1,14,0.21428571428571427,0.0,0.0,0.07142857142857142,0.0,0.07142857142857142,0.0,0.0,0.14285714285714285,0.14285714285714285,0.0,0.0,0.0,0.0,0.07142857142857142,0.14285714285714285,0.0,0.0,0.0,0.14285714285714285,1556.7607999999998,1.5485261396042778
377,GKDAAAEEISQLLYHVQVMMVARG,inactive - virtual,inactive - virtual,0,Inactive,virtual,1,24,0.16666666666666666,0.0,0.041666666666666664,0.08333333333333333,0.0,0.08333333333333333,0.041666666666666664,0.041666666666666664,0.041666666666666664,0.08333333333333333,0.08333333333333333,0.0,0.0,0.08333333333333333,0.041666666666666664,0.041666666666666664,0.0,0.125,0.0,0.041666666666666664,2617.0088999999994,-1.4082689887902542
378,GKKGPKFIQAVASLKA,inactive - virtual,inactive - virtual,0,Inactive,virtual,1,16,0.1875,0.0,0.0,0.0,0.0625,0.125,0.0,0.0625,0.25,0.0625,0.0,0.0,0.0625,0.0625,0.0,0.0625,0.0,0.0625,0.0,0.0,1642.9825000000003,3.5474304968978063
379,GKSNMMDAISFVL,inactive - virtual,inactive - virtual,0,Inactive,virtual,1,13,0.07692307692307693,0.0,0.07692307692307693,0.0,0.07692307692307693,0.07692307692307693,0.0,0.07692307692307693,0.07692307692307693,0.07692307692307693,0.15384615384615385,0.07692307692307693,0.0,0.0,0.0,0.15384615384615385,0.0,0.07692307692307693,0.0,0.0,1412.6734,-0.4446062409453315
380,GKTTAALALARELFG,inactive - virtual,inactive - virtual,0,Inactive,virtual,1,15,0.26666666666666666,0.0,0.0,0.06666666666666667,0.06666666666666667,0.13333333333333333,0.0,0.0,0.06666666666666667,0.2,0.0,0.0,0.0,0.0,0.06666666666666667,0.0,0.13333333333333333,0.0,0.0,0.0,1518.7559000000006,0.5560429176061352
381,GKTTFVKRHLTG,inactive - virtual,inactive - virtual,0,Inactive,virtual,1,12,0.0,0.0,0.0,0.0,0.08333333333333333,0.16666666666666666,0.08333333333333333,0.0,0.16666666666666666,0.08333333333333333,0.0,0.0,0.0,0.0,0.08333333333333333,0.0,0.25,0.08333333333333333,0.0,0.0,1344.5616000000002,2.5890430051750513
382,GKTTILYRLQVG,inactive - virtual,inactive - virtual,0,Inactive,virtual,1,12,0.0,0.0,0.0,0.0,0.0,0.16666666666666666,0.0,0.08333333333333333,0.08333333333333333,0.16666666666666666,0.0,0.0,0.0,0.08333333333333333,0.08333333333333333,0.0,0.16666666666666666,0.08333333333333333,0.0,0.08333333333333333,1348.5899000000002,1.5524165639990049
383,GLEKLEESIYRE,inactive - virtual,inactive - virtual,0,Inactive,virtual,1,12,0.0,0.0,0.0,0.3333333333333333,0.0,0.08333333333333333,0.0,0.08333333333333333,0.08333333333333333,0.16666666666666666,0.0,0.0,0.0,0.0,0.08333333333333333,0.08333333333333333,0.0,0.0,0.0,0.08333333333333333,1465.6039,-2.4410079055849208
384,GLFDKVKSLVPKIAKAV,inactive - virtual,inactive - virtual,0,Inactive,virtual,1,17,0.11764705882352941,0.0,0.058823529411764705,0.0,0.058823529411764705,0.058823529411764705,0.0,0.058823529411764705,0.23529411764705882,0.11764705882352941,0.0,0.0,0.058823529411764705,0.0,0.0,0.058823529411764705,0.0,0.17647058823529413,0.0,0.0,1813.2311,2.547876981052811
385,GLFDVIGSQAGGAAPHFLG,inactive - virtual,inactive - virtual,0,Inactive,virtual,1,19,0.15789473684210525,0.0,0.05263157894736842,0.0,0.10526315789473684,0.2631578947368421,0.05263157894736842,0.05263157894736842,0.0,0.10526315789473684,0.0,0.0,0.05263157894736842,0.05263157894736842,0.0,0.05263157894736842,0.0,0.05263157894736842,0.0,0.0,1814.0053000000003,-1.4054742071019986
386,GLFKLIKFAKKKSPGAF,inactive - virtual,inactive - virtual,0,Inactive,virtual,1,17,0.11764705882352941,0.0,0.0,0.0,0.17647058823529413,0.11764705882352941,0.0,0.058823529411764705,0.29411764705882354,0.11764705882352941,0.0,0.0,0.058823529411764705,0.0,0.0,0.058823529411764705,0.0,0.0,0.0,0.0,1880.3219,4.5449249042305215
387,GLGKIIGKVKKSLLKSI,inactive - virtual,inactive - virtual,0,Inactive,virtual,1,17,0.0,0.0,0.0,0.0,0.0,0.17647058823529413,0.0,0.17647058823529413,0.29411764705882354,0.17647058823529413,0.0,0.0,0.0,0.0,0.0,0.11764705882352941,0.0,0.058823529411764705,0.0,0.0,1782.2619,4.5449249042305215
388,GLGLVLKIAVNAFLKLVA,inactive - virtual,inactive - virtual,0,Inactive,virtual,1,18,0.16666666666666666,0.0,0.0,0.0,0.05555555555555555,0.1111111111111111,0.0,0.05555555555555555,0.1111111111111111,0.2777777777777778,0.0,0.05555555555555555,0.0,0.0,0.0,0.0,0.0,0.16666666666666666,0.0,0.0,1839.3112,1.552441682232378
389,GLLDIAGGNAETLAGHAV,inactive - virtual,inactive - virtual,0,Inactive,virtual,1,18,0.2222222222222222,0.0,0.05555555555555555,0.05555555555555555,0.0,0.2222222222222222,0.05555555555555555,0.05555555555555555,0.0,0.16666666666666666,0.0,0.05555555555555555,0.0,0.0,0.0,0.0,0.05555555555555555,0.05555555555555555,0.0,0.0,1678.8407000000002,-2.404353446162154
390,GLNAELTRYTLSLMVLERKLSSA,inactive - virtual,inactive - virtual,0,Inactive,virtual,1,23,0.08695652173913043,0.0,0.0,0.08695652173913043,0.0,0.043478260869565216,0.0,0.0,0.043478260869565216,0.2608695652173913,0.043478260869565216,0.043478260869565216,0.0,0.0,0.08695652173913043,0.13043478260869565,0.08695652173913043,0.043478260869565216,0.0,0.043478260869565216,2565.9822,0.5546329676453201
391,GLTSLMAIDKL,inactive - virtual,inactive - virtual,0,Inactive,virtual,1,11,0.09090909090909091,0.0,0.09090909090909091,0.0,0.0,0.09090909090909091,0.0,0.09090909090909091,0.09090909090909091,0.2727272727272727,0.09090909090909091,0.0,0.0,0.0,0.0,0.09090909090909091,0.09090909090909091,0.0,0.0,0.0,1161.4117999999999,-0.4446062409453315
392,GLWAIAVKAGKVILKLIVFIWIRV,inactive - virtual,inactive - virtual,0,Inactive,virtual,1,24,0.125,0.0,0.0,0.0,0.041666666666666664,0.08333333333333333,0.0,0.20833333333333334,0.125,0.125,0.0,0.0,0.0,0.0,0.041666666666666664,0.0,0.0,0.16666666666666666,0.08333333333333333,0.0,2707.4325999999996,3.549910971331719
393,GLWKSLGAVVKRVEGLWVGLF,inactive - virtual,inactive - virtual,0,Inactive,virtual,1,21,0.047619047619047616,0.0,0.0,0.047619047619047616,0.047619047619047616,0.19047619047619047,0.0,0.0,0.09523809523809523,0.19047619047619047,0.0,0.0,0.0,0.0,0.047619047619047616,0.047619047619047616,0.0,0.19047619047619047,0.09523809523809523,0.0,2314.768,1.553537324938849
394,GNFADLLAHSDGLIKNISDDLRALDKLI,inactive - virtual,inactive - virtual,0,Inactive,virtual,1,28,0.10714285714285714,0.0,0.17857142857142858,0.0,0.03571428571428571,0.07142857142857142,0.03571428571428571,0.10714285714285714,0.07142857142857142,0.21428571428571427,0.0,0.07142857142857142,0.0,0.0,0.03571428571428571,0.07142857142857142,0.0,0.0,0.0,0.0,3038.4102000000003,-2.4087245740499243
395,GNYLRAEILYRLK,inactive - virtual,inactive - virtual,0,Inactive,virtual,1,13,0.07692307692307693,0.0,0.0,0.07692307692307693,0.0,0.07692307692307693,0.0,0.07692307692307693,0.07692307692307693,0.23076923076923078,0.0,0.07692307692307693,0.0,0.0,0.15384615384615385,0.0,0.0,0.0,0.0,0.15384615384615385,1608.8816,1.5510066140381902
396,GPDMTAMVALIASV,inactive - virtual,inactive - virtual,0,Inactive,virtual,1,14,0.21428571428571427,0.0,0.07142857142857142,0.0,0.0,0.07142857142857142,0.0,0.07142857142857142,0.0,0.07142857142857142,0.14285714285714285,0.0,0.07142857142857142,0.0,0.0,0.07142857142857142,0.07142857142857142,0.14285714285714285,0.0,0.0,1375.6532999999997,-1.4421006482780456
397,GPKDAVVKVFNQWG,inactive - virtual,inactive - virtual,0,Inactive,virtual,1,14,0.07142857142857142,0.0,0.07142857142857142,0.0,0.07142857142857142,0.14285714285714285,0.0,0.0,0.14285714285714285,0.0,0.0,0.07142857142857142,0.07142857142857142,0.07142857142857142,0.0,0.0,0.0,0.21428571428571427,0.07142857142857142,0.0,1544.7515,0.5528881663873828
398,GPKKAQLIVGWRELHG,inactive - virtual,inactive - virtual,0,Inactive,virtual,1,16,0.0625,0.0,0.0,0.0625,0.0,0.1875,0.0625,0.0625,0.125,0.125,0.0,0.0,0.0625,0.0625,0.0625,0.0,0.0,0.0625,0.0625,0.0,1789.0888000000004,1.590163766114896
399,GSDFLIHFIDE,inactive - virtual,inactive - virtual,0,Inactive,virtual,1,11,0.0,0.0,0.18181818181818182,0.09090909090909091,0.18181818181818182,0.09090909090909091,0.09090909090909091,0.18181818181818182,0.0,0.09090909090909091,0.0,0.0,0.0,0.0,0.0,0.09090909090909091,0.0,0.0,0.0,0.0,1292.3924,-3.4018144753504522
400,GSHANEFFFRA,inactive - virtual,inactive - virtual,0,Inactive,virtual,1,11,0.18181818181818182,0.0,0.0,0.09090909090909091,0.2727272727272727,0.09090909090909091,0.09090909090909091,0.0,0.0,0.0,0.0,0.09090909090909091,0.0,0.0,0.09090909090909091,0.09090909090909091,0.0,0.0,0.0,0.0,1282.3627000000001,-0.40482504855053225
401,GTLRHAANAAFIMLEAAEL,inactive - virtual,inactive - virtual,0,Inactive,virtual,1,19,0.3157894736842105,0.0,0.0,0.10526315789473684,0.05263157894736842,0.05263157894736842,0.05263157894736842,0.05263157894736842,0.0,0.15789473684210525,0.05263157894736842,0.05263157894736842,0.0,0.0,0.05263157894736842,0.0,0.05263157894736842,0.0,0.0,0.0,1999.2937000000002,-1.403704287610688
402,GTTTAVIIAGGLLQQAQGLIN,inactive - virtual,inactive - virtual,0,Inactive,virtual,1,21,0.14285714285714285,0.0,0.0,0.0,0.0,0.19047619047619047,0.0,0.14285714285714285,0.0,0.14285714285714285,0.0,0.047619047619047616,0.0,0.14285714285714285,0.0,0.0,0.14285714285714285,0.047619047619047616,0.0,0.0,2039.3327000000004,-0.4425471324330503
403,GVSGLAAARQLQSF,inactive - virtual,inactive - virtual,0,Inactive,virtual,1,14,0.21428571428571427,0.0,0.0,0.0,0.07142857142857142,0.14285714285714285,0.0,0.0,0.0,0.14285714285714285,0.0,0.0,0.0,0.14285714285714285,0.07142857142857142,0.14285714285714285,0.0,0.07142857142857142,0.0,0.0,1404.5703,0.5574277493335762
404,GWQNELLLLLRYLDEN,inactive - virtual,inactive - virtual,0,Inactive,virtual,1,16,0.0,0.0,0.0625,0.125,0.0,0.0625,0.0,0.0,0.0,0.375,0.0,0.125,0.0,0.0625,0.0625,0.0,0.0,0.0,0.0625,0.0625,1989.2308000000003,-2.4423898372990154
405,GYKKVSKSYTGEWKKYLNSL,inactive - virtual,inactive - virtual,0,Inactive,virtual,1,20,0.0,0.0,0.0,0.05,0.0,0.1,0.0,0.0,0.25,0.1,0.0,0.05,0.0,0.0,0.0,0.15,0.05,0.05,0.05,0.15,2379.7075,3.5385288871685088
406,HAHASAIAKAYASEIAFEAANQAIQIHG,inactive - virtual,inactive - virtual,0,Inactive,virtual,1,28,0.35714285714285715,0.0,0.0,0.07142857142857142,0.03571428571428571,0.03571428571428571,0.10714285714285714,0.14285714285714285,0.03571428571428571,0.0,0.0,0.03571428571428571,0.0,0.07142857142857142,0.0,0.07142857142857142,0.0,0.0,0.0,0.03571428571428571,2891.1567999999997,-1.3354374723597922
407,HALRTIVFELLTRH,inactive - virtual,inactive - virtual,0,Inactive,virtual,1,14,0.07142857142857142,0.0,0.0,0.07142857142857142,0.07142857142857142,0.0,0.14285714285714285,0.07142857142857142,0.0,0.21428571428571427,0.0,0.0,0.0,0.0,0.14285714285714285,0.0,0.14285714285714285,0.07142857142857142,0.0,0.0,1706.0002000000002,0.6317762743921409
408,HDKHIEIVVRQM,inactive - virtual,inactive - virtual,0,Inactive,virtual,1,12,0.0,0.0,0.08333333333333333,0.08333333333333333,0.0,0.0,0.16666666666666666,0.16666666666666666,0.08333333333333333,0.0,0.08333333333333333,0.0,0.0,0.08333333333333333,0.08333333333333333,0.0,0.0,0.16666666666666666,0.0,0.0,1504.7556999999995,-0.37025771588676637
409,HDLVTDGLITLYIETK,inactive - virtual,inactive - virtual,0,Inactive,virtual,1,16,0.0,0.0,0.125,0.0625,0.0,0.0625,0.0625,0.125,0.0625,0.1875,0.0,0.0,0.0,0.0,0.0,0.0,0.1875,0.0625,0.0,0.0625,1831.0709000000006,-2.408918147341721
410,HFGSLLLLAAWLAEN,inactive - virtual,inactive - virtual,0,Inactive,virtual,1,15,0.2,0.0,0.0,0.06666666666666667,0.06666666666666667,0.06666666666666667,0.06666666666666667,0.0,0.0,0.3333333333333333,0.0,0.06666666666666667,0.0,0.0,0.0,0.06666666666666667,0.0,0.0,0.06666666666666667,0.0,1654.9052000000001,-1.4047999303171586
411,HGLVKAGHPLKRKLGH,inactive - virtual,inactive - virtual,0,Inactive,virtual,1,16,0.0625,0.0,0.0,0.0,0.0,0.1875,0.1875,0.0,0.1875,0.1875,0.0,0.0,0.0625,0.0,0.0625,0.0,0.0,0.0625,0.0,0.0,1748.0866000000003,3.6597902948598597
412,HHKAYVDGANTALDKLAEARDK,inactive - virtual,inactive - virtual,0,Inactive,virtual,1,22,0.22727272727272727,0.0,0.13636363636363635,0.045454545454545456,0.0,0.045454545454545456,0.09090909090909091,0.0,0.13636363636363635,0.09090909090909091,0.0,0.045454545454545456,0.0,0.0,0.045454545454545456,0.0,0.045454545454545456,0.045454545454545456,0.0,0.045454545454545456,2423.6394,-0.37688152557861443
413,HKEMAKAFEEW,inactive - virtual,inactive - virtual,0,Inactive,virtual,1,11,0.18181818181818182,0.0,0.0,0.2727272727272727,0.09090909090909091,0.0,0.09090909090909091,0.0,0.18181818181818182,0.0,0.09090909090909091,0.0,0.0,0.0,0.0,0.0,0.0,0.0,0.09090909090909091,0.0,1405.5767000000003,-1.4075695937720414
414,HLDLINMMSRLAREELVHHEQVLRLMKRR,inactive - virtual,inactive - virtual,0,Inactive,virtual,1,29,0.034482758620689655,0.0,0.034482758620689655,0.10344827586206896,0.0,0.0,0.10344827586206896,0.034482758620689655,0.034482758620689655,0.20689655172413793,0.10344827586206896,0.034482758620689655,0.0,0.034482758620689655,0.1724137931034483,0.034482758620689655,0.0,0.06896551724137931,0.0,0.0,3625.3035999999993,1.668509774235475
415,HMKMRSQLLIVLQEHLRN,inactive - virtual,inactive - virtual,0,Inactive,virtual,1,18,0.0,0.0,0.0,0.05555555555555555,0.0,0.0,0.1111111111111111,0.05555555555555555,0.05555555555555555,0.2222222222222222,0.1111111111111111,0.05555555555555555,0.0,0.1111111111111111,0.1111111111111111,0.05555555555555555,0.0,0.05555555555555555,0.0,0.0,2246.7009,1.6292706817248552
416,HPAFIAHADRVLGGLDIAIST,inactive - virtual,inactive - virtual,0,Inactive,virtual,1,21,0.19047619047619047,0.0,0.09523809523809523,0.0,0.047619047619047616,0.09523809523809523,0.09523809523809523,0.14285714285714285,0.0,0.09523809523809523,0.0,0.0,0.047619047619047616,0.0,0.047619047619047616,0.047619047619047616,0.047619047619047616,0.047619047619047616,0.0,0.0,2174.4578,-1.36842640000432
417,HPFYQALGQLARLTLAQWQAQL,inactive - virtual,inactive - virtual,0,Inactive,virtual,1,22,0.18181818181818182,0.0,0.0,0.0,0.045454545454545456,0.045454545454545456,0.045454545454545456,0.0,0.0,0.22727272727272727,0.0,0.0,0.045454545454545456,0.22727272727272727,0.045454545454545456,0.0,0.045454545454545456,0.0,0.045454545454545456,0.045454545454545456,2553.9131999999995,0.5915485978423374
418,HQAAMQMLKETINEEAAEWDRLH,inactive - virtual,inactive - virtual,0,Inactive,virtual,1,23,0.17391304347826086,0.0,0.043478260869565216,0.17391304347826086,0.0,0.0,0.08695652173913043,0.043478260869565216,0.043478260869565216,0.08695652173913043,0.08695652173913043,0.043478260869565216,0.0,0.08695652173913043,0.043478260869565216,0.0,0.043478260869565216,0.0,0.043478260869565216,0.0,2752.0464999999995,-3.366895433067233
419,HSATRAAMLVRINT,inactive - virtual,inactive - virtual,0,Inactive,virtual,1,14,0.21428571428571427,0.0,0.0,0.0,0.0,0.0,0.07142857142857142,0.07142857142857142,0.0,0.07142857142857142,0.07142857142857142,0.07142857142857142,0.0,0.0,0.14285714285714285,0.07142857142857142,0.14285714285714285,0.07142857142857142,0.0,0.0,1540.7896,1.5940290722762493
420,HSDWISNANKVRVIYWQMT,inactive - virtual,inactive - virtual,0,Inactive,virtual,1,19,0.05263157894736842,0.0,0.05263157894736842,0.0,0.0,0.0,0.05263157894736842,0.10526315789473684,0.05263157894736842,0.0,0.05263157894736842,0.10526315789473684,0.0,0.05263157894736842,0.05263157894736842,0.10526315789473684,0.05263157894736842,0.10526315789473684,0.10526315789473684,0.05263157894736842,2348.6369999999997,0.5894894893300564
421,HSRRGLLKMVGKRRRLLAYLRNK,inactive - virtual,inactive - virtual,0,Inactive,virtual,1,23,0.043478260869565216,0.0,0.0,0.0,0.0,0.08695652173913043,0.043478260869565216,0.0,0.13043478260869565,0.21739130434782608,0.043478260869565216,0.043478260869565216,0.0,0.0,0.2608695652173913,0.043478260869565216,0.0,0.043478260869565216,0.0,0.043478260869565216,2822.4343000000003,8.583906228673612
422,HTFLDDIVGAIAAAAASRLAHSYHD,inactive - virtual,inactive - virtual,0,Inactive,virtual,1,25,0.28,0.0,0.12,0.0,0.04,0.04,0.12,0.08,0.0,0.08,0.0,0.0,0.0,0.0,0.04,0.08,0.04,0.04,0.0,0.04,2622.8446,-2.3325897560484963
423,HVVDEKARLIYED,inactive - virtual,inactive - virtual,0,Inactive,virtual,1,13,0.07692307692307693,0.0,0.15384615384615385,0.15384615384615385,0.0,0.0,0.07692307692307693,0.07692307692307693,0.07692307692307693,0.07692307692307693,0.0,0.0,0.0,0.0,0.07692307692307693,0.0,0.0,0.15384615384615385,0.0,0.07692307692307693,1586.7437,-2.406553193343192
424,HWDKVADMVANFAHEIDTYG,inactive - virtual,inactive - virtual,0,Inactive,virtual,1,20,0.15,0.0,0.15,0.05,0.05,0.05,0.1,0.05,0.05,0.0,0.05,0.05,0.0,0.0,0.0,0.0,0.05,0.1,0.05,0.05,2319.5064000000007,-3.37184522201067
425,IAMVNGLMGVLDKLAHLIDE,inactive - virtual,inactive - virtual,0,Inactive,virtual,1,20,0.1,0.0,0.1,0.05,0.0,0.1,0.05,0.1,0.05,0.2,0.1,0.05,0.0,0.0,0.0,0.0,0.0,0.1,0.0,0.0,2152.5762999999997,-2.4043200680177383
426,IASEFKNIATNS,inactive - virtual,inactive - virtual,0,Inactive,virtual,1,12,0.16666666666666666,0.0,0.0,0.08333333333333333,0.08333333333333333,0.0,0.0,0.16666666666666666,0.08333333333333333,0.0,0.0,0.16666666666666666,0.0,0.0,0.0,0.16666666666666666,0.08333333333333333,0.0,0.0,0.0,1294.4100999999998,-0.4439319641604915
427,IDDLRVIARENLERRRK,inactive - virtual,inactive - virtual,0,Inactive,virtual,1,17,0.058823529411764705,0.0,0.11764705882352941,0.11764705882352941,0.0,0.0,0.0,0.11764705882352941,0.058823529411764705,0.11764705882352941,0.0,0.058823529411764705,0.0,0.0,0.29411764705882354,0.0,0.0,0.058823529411764705,0.0,0.0,2152.4608000000003,1.5579561739224959
428,IDDSVNNLIPFMQKH,inactive - virtual,inactive - virtual,0,Inactive,virtual,1,15,0.0,0.0,0.13333333333333333,0.0,0.06666666666666667,0.0,0.06666666666666667,0.13333333333333333,0.06666666666666667,0.06666666666666667,0.06666666666666667,0.13333333333333333,0.06666666666666667,0.06666666666666667,0.0,0.06666666666666667,0.0,0.06666666666666667,0.0,0.0,1771.0022,-1.4075333156142795
429,IEEATEFYENDV,inactive - virtual,inactive - virtual,0,Inactive,virtual,1,12,0.08333333333333333,0.0,0.08333333333333333,0.3333333333333333,0.08333333333333333,0.0,0.0,0.08333333333333333,0.0,0.0,0.0,0.08333333333333333,0.0,0.0,0.0,0.0,0.08333333333333333,0.08333333333333333,0.0,0.08333333333333333,1458.4787,-5.440123197185954
430,IEFRKAFLKIL,inactive - virtual,inactive - virtual,0,Inactive,virtual,1,11,0.09090909090909091,0.0,0.0,0.09090909090909091,0.18181818181818182,0.0,0.0,0.18181818181818182,0.18181818181818182,0.18181818181818182,0.0,0.0,0.0,0.0,0.09090909090909091,0.0,0.0,0.0,0.0,0.0,1377.7155,1.553537324938849
431,IGVQQHADKVQRALGEAIDD,inactive - virtual,inactive - virtual,0,Inactive,virtual,1,20,0.15,0.0,0.15,0.05,0.0,0.1,0.05,0.1,0.05,0.05,0.0,0.0,0.0,0.15,0.05,0.0,0.0,0.1,0.0,0.0,2163.3474999999994,-2.4047218774607453
432,IHNVVGKL,inactive - virtual,inactive - virtual,0,Inactive,virtual,1,8,0.0,0.0,0.0,0.0,0.0,0.125,0.125,0.125,0.125,0.125,0.0,0.125,0.0,0.0,0.0,0.0,0.0,0.25,0.0,0.0,879.058,0.5915737160757106
433,IKPLNNFAAEVGKIRDS,inactive - virtual,inactive - virtual,0,Inactive,virtual,1,17,0.11764705882352941,0.0,0.058823529411764705,0.058823529411764705,0.058823529411764705,0.058823529411764705,0.0,0.11764705882352941,0.11764705882352941,0.058823529411764705,0.0,0.11764705882352941,0.058823529411764705,0.0,0.058823529411764705,0.058823529411764705,0.0,0.058823529411764705,0.0,0.0,1872.1294000000003,0.5539838090938538
434,IMELLGTVIQHEGIHQGQYYVALKQSG,inactive - virtual,inactive - virtual,0,Inactive,virtual,1,27,0.037037037037037035,0.0,0.0,0.07407407407407407,0.0,0.14814814814814814,0.07407407407407407,0.1111111111111111,0.037037037037037035,0.1111111111111111,0.037037037037037035,0.0,0.0,0.14814814814814814,0.0,0.037037037037037035,0.037037037037037035,0.07407407407407407,0.0,0.07407407407407407,3013.4253000000003,-1.3745695062031247
435,IPAAKINWDRDIEYMAGILEN,inactive - virtual,inactive - virtual,0,Inactive,virtual,1,21,0.14285714285714285,0.0,0.09523809523809523,0.09523809523809523,0.0,0.047619047619047616,0.0,0.19047619047619047,0.047619047619047616,0.047619047619047616,0.047619047619047616,0.09523809523809523,0.047619047619047616,0.0,0.047619047619047616,0.0,0.0,0.0,0.047619047619047616,0.047619047619047616,2432.7486000000004,-2.4444489458112963
436,IPAVANWIKRR,inactive - virtual,inactive - virtual,0,Inactive,virtual,1,11,0.18181818181818182,0.0,0.0,0.0,0.0,0.0,0.0,0.18181818181818182,0.09090909090909091,0.0,0.0,0.09090909090909091,0.09090909090909091,0.0,0.18181818181818182,0.0,0.0,0.09090909090909091,0.09090909090909091,0.0,1323.5887,2.554897038432917
437,IPEAKSFYGFQIMIENIHSETYSLLIDTYI,inactive - virtual,inactive - virtual,0,Inactive,virtual,1,30,0.03333333333333333,0.0,0.03333333333333333,0.1,0.06666666666666667,0.03333333333333333,0.03333333333333333,0.2,0.03333333333333333,0.06666666666666667,0.03333333333333333,0.03333333333333333,0.03333333333333333,0.03333333333333333,0.0,0.1,0.06666666666666667,0.0,0.0,0.1,3536.9962000000005,-3.412134294951609
438,IRVNATKAYEMAL,inactive - virtual,inactive - virtual,0,Inactive,virtual,1,13,0.23076923076923078,0.0,0.0,0.07692307692307693,0.0,0.0,0.0,0.07692307692307693,0.07692307692307693,0.07692307692307693,0.07692307692307693,0.07692307692307693,0.0,0.0,0.07692307692307693,0.0,0.07692307692307693,0.07692307692307693,0.0,0.07692307692307693,1479.7429,0.5535373249388496
439,KDAENHKAYLKSH,inactive - virtual,inactive - virtual,0,Inactive,virtual,1,13,0.15384615384615385,0.0,0.07692307692307693,0.07692307692307693,0.0,0.0,0.15384615384615385,0.0,0.23076923076923078,0.07692307692307693,0.0,0.07692307692307693,0.0,0.0,0.0,0.07692307692307693,0.0,0.0,0.0,0.07692307692307693,1540.6786999999997,0.6222506243447499
440,KDFETLKVDFLSKLPEMLKMFEDRL,inactive - virtual,inactive - virtual,0,Inactive,virtual,1,25,0.0,0.0,0.12,0.12,0.12,0.0,0.0,0.0,0.16,0.2,0.08,0.0,0.04,0.0,0.04,0.04,0.04,0.04,0.0,0.0,3073.6232,-1.4478928860510187
441,KDTVIEDIIDKTFEEAD,inactive - virtual,inactive - virtual,0,Inactive,virtual,1,17,0.058823529411764705,0.0,0.23529411764705882,0.17647058823529413,0.058823529411764705,0.0,0.0,0.17647058823529413,0.11764705882352941,0.0,0.0,0.0,0.0,0.0,0.0,0.0,0.11764705882352941,0.058823529411764705,0.0,0.0,1981.1147999999998,-5.4411407870360105
442,KEDIHRSLVEELTKISAKEK,inactive - virtual,inactive - virtual,0,Inactive,virtual,1,20,0.05,0.0,0.05,0.2,0.0,0.0,0.05,0.1,0.2,0.1,0.0,0.0,0.0,0.0,0.05,0.1,0.05,0.05,0.0,0.0,2353.6707,-0.41103865224513747
443,KEEGYFYFRSRLSQ,inactive - virtual,inactive - virtual,0,Inactive,virtual,1,14,0.0,0.0,0.0,0.14285714285714285,0.14285714285714285,0.07142857142857142,0.0,0.0,0.07142857142857142,0.07142857142857142,0.0,0.0,0.0,0.07142857142857142,0.14285714285714285,0.14285714285714285,0.0,0.0,0.0,0.14285714285714285,1809.9736999999998,0.5521273749780344
444,KEEVQKVLEDA,inactive - virtual,inactive - virtual,0,Inactive,virtual,1,11,0.09090909090909091,0.0,0.09090909090909091,0.2727272727272727,0.0,0.0,0.0,0.0,0.18181818181818182,0.09090909090909091,0.0,0.0,0.0,0.09090909090909091,0.0,0.0,0.0,0.18181818181818182,0.0,0.0,1287.416,-2.443749550793084
445,KEIAEKMVEGRMKKFTGEV,inactive - virtual,inactive - virtual,0,Inactive,virtual,1,19,0.05263157894736842,0.0,0.0,0.21052631578947367,0.05263157894736842,0.10526315789473684,0.0,0.05263157894736842,0.21052631578947367,0.0,0.10526315789473684,0.0,0.0,0.0,0.05263157894736842,0.0,0.05263157894736842,0.10526315789473684,0.0,0.0,2210.6160000000004,0.5518884224238114
446,KFLKKWEGIWATFKPALSAVV,inactive - virtual,inactive - virtual,0,Inactive,virtual,1,21,0.14285714285714285,0.0,0.0,0.047619047619047616,0.09523809523809523,0.047619047619047616,0.0,0.047619047619047616,0.19047619047619047,0.09523809523809523,0.0,0.0,0.047619047619047616,0.0,0.0,0.047619047619047616,0.047619047619047616,0.09523809523809523,0.09523809523809523,0.0,2419.9020999999993,2.548551257837651
447,KFLRFILKWFKVIFQ,inactive - virtual,inactive - virtual,0,Inactive,virtual,1,15,0.0,0.0,0.0,0.0,0.26666666666666666,0.0,0.0,0.13333333333333333,0.2,0.13333333333333333,0.0,0.0,0.0,0.06666666666666667,0.06666666666666667,0.0,0.0,0.06666666666666667,0.06666666666666667,0.0,2013.5136000000002,3.549910971331719
448,KFLTKLKNIVANIRIWWVILL,inactive - virtual,inactive - virtual,0,Inactive,virtual,1,21,0.047619047619047616,0.0,0.0,0.0,0.047619047619047616,0.0,0.0,0.19047619047619047,0.14285714285714285,0.19047619047619047,0.0,0.09523809523809523,0.0,0.0,0.047619047619047616,0.0,0.047619047619047616,0.09523809523809523,0.09523809523809523,0.0,2582.2212999999997,3.549910971331719
449,KGQEYINNIHL,inactive - virtual,inactive - virtual,0,Inactive,virtual,1,11,0.0,0.0,0.0,0.09090909090909091,0.0,0.09090909090909091,0.09090909090909091,0.18181818181818182,0.09090909090909091,0.09090909090909091,0.0,0.18181818181818182,0.0,0.09090909090909091,0.0,0.0,0.0,0.0,0.0,0.09090909090909091,1328.4726,-0.40981111565173034
450,KHFDFLAEFNAKAND,inactive - virtual,inactive - virtual,0,Inactive,virtual,1,15,0.2,0.0,0.13333333333333333,0.06666666666666667,0.2,0.0,0.06666666666666667,0.0,0.13333333333333333,0.06666666666666667,0.0,0.13333333333333333,0.0,0.0,0.0,0.0,0.0,0.0,0.0,0.0,1766.9059000000002,-1.4076488360496624
451,KHHAAYVNNLNNALKK,inactive - virtual,inactive - virtual,0,Inactive,virtual,1,16,0.1875,0.0,0.0,0.0,0.0,0.0,0.125,0.0,0.1875,0.125,0.0,0.25,0.0,0.0,0.0,0.0,0.0,0.0625,0.0,0.0625,1835.0743000000002,2.6206833792499005
452,KIPDDLQADFNKFR,inactive - virtual,inactive - virtual,0,Inactive,virtual,1,14,0.07142857142857142,0.0,0.21428571428571427,0.0,0.14285714285714285,0.0,0.0,0.07142857142857142,0.14285714285714285,0.07142857142857142,0.0,0.07142857142857142,0.07142857142857142,0.07142857142857142,0.07142857142857142,0.0,0.0,0.0,0.0,0.0,1706.8954999999999,-0.44624398353598105
453,KKAEAVATVVAAVDQARVR,inactive - virtual,inactive - virtual,0,Inactive,virtual,1,19,0.3157894736842105,0.0,0.05263157894736842,0.05263157894736842,0.0,0.0,0.0,0.0,0.10526315789473684,0.0,0.0,0.0,0.0,0.05263157894736842,0.10526315789473684,0.0,0.05263157894736842,0.2631578947368421,0.0,0.0,1982.2882,1.5539586908604806
454,KKDVKLILDTILETITEALAK,inactive - virtual,inactive - virtual,0,Inactive,virtual,1,21,0.09523809523809523,0.0,0.09523809523809523,0.09523809523809523,0.0,0.0,0.0,0.14285714285714285,0.19047619047619047,0.19047619047619047,0.0,0.0,0.0,0.0,0.0,0.0,0.14285714285714285,0.047619047619047616,0.0,0.0,2355.809,-0.44943501291249444
455,KKEELQRSLNILTAF,inactive - virtual,inactive - virtual,0,Inactive,virtual,1,15,0.06666666666666667,0.0,0.0,0.13333333333333333,0.06666666666666667,0.0,0.0,0.06666666666666667,0.13333333333333333,0.2,0.0,0.06666666666666667,0.0,0.06666666666666667,0.06666666666666667,0.06666666666666667,0.06666666666666667,0.0,0.0,0.0,1790.0687000000003,0.5546580858786934
456,KKQELLEALTKHFQ,inactive - virtual,inactive - virtual,0,Inactive,virtual,1,14,0.07142857142857142,0.0,0.0,0.14285714285714285,0.07142857142857142,0.0,0.07142857142857142,0.0,0.21428571428571427,0.21428571428571427,0.0,0.0,0.0,0.14285714285714285,0.0,0.0,0.07142857142857142,0.0,0.0,0.0,1712.9863000000003,0.5888040526208282
457,KKTAERLIVEMKDRFKG,inactive - virtual,inactive - virtual,0,Inactive,virtual,1,17,0.058823529411764705,0.0,0.058823529411764705,0.11764705882352941,0.058823529411764705,0.058823529411764705,0.0,0.058823529411764705,0.23529411764705882,0.058823529411764705,0.058823529411764705,0.0,0.0,0.0,0.11764705882352941,0.0,0.058823529411764705,0.058823529411764705,0.0,0.0,2049.4404000000004,2.550068266465753
458,KKVKGYKRALTE,inactive - virtual,inactive - virtual,0,Inactive,virtual,1,12,0.08333333333333333,0.0,0.0,0.08333333333333333,0.0,0.08333333333333333,0.0,0.0,0.3333333333333333,0.08333333333333333,0.0,0.0,0.0,0.0,0.08333333333333333,0.0,0.08333333333333333,0.08333333333333333,0.0,0.08333333333333333,1420.6991,3.5481130335936886
459,KLDSRFDNNLGKFRFVLLLFV,inactive - virtual,inactive - virtual,0,Inactive,virtual,1,21,0.0,0.0,0.09523809523809523,0.0,0.19047619047619047,0.047619047619047616,0.0,0.0,0.09523809523809523,0.23809523809523808,0.0,0.09523809523809523,0.0,0.0,0.09523809523809523,0.047619047619047616,0.0,0.09523809523809523,0.0,0.0,2541.9851,1.553284414075641
460,KLEEKFPQVAAT,inactive - virtual,inactive - virtual,0,Inactive,virtual,1,12,0.16666666666666666,0.0,0.0,0.16666666666666666,0.08333333333333333,0.0,0.0,0.0,0.16666666666666666,0.08333333333333333,0.0,0.0,0.08333333333333333,0.08333333333333333,0.0,0.0,0.08333333333333333,0.08333333333333333,0.0,0.0,1360.5543999999998,-0.44531679588793294
461,KLKELALIFISNLVAN,inactive - virtual,inactive - virtual,0,Inactive,virtual,1,16,0.125,0.0,0.0,0.0625,0.0625,0.0,0.0,0.125,0.125,0.25,0.0,0.125,0.0,0.0,0.0,0.0625,0.0,0.0625,0.0,0.0,1786.1626,0.5535624431722228
462,KNIKRNVEKIIAQWDERTRK,inactive - virtual,inactive - virtual,0,Inactive,virtual,1,20,0.05,0.0,0.05,0.1,0.0,0.0,0.0,0.15,0.2,0.0,0.0,0.1,0.0,0.05,0.15,0.0,0.05,0.05,0.05,0.0,2525.9069000000004,3.5500431482323798
463,KPEEVEQIKLYVMSREYEDYMAR,inactive - virtual,inactive - virtual,0,Inactive,virtual,1,23,0.043478260869565216,0.0,0.043478260869565216,0.21739130434782608,0.0,0.0,0.0,0.043478260869565216,0.08695652173913043,0.043478260869565216,0.08695652173913043,0.0,0.043478260869565216,0.043478260869565216,0.08695652173913043,0.043478260869565216,0.0,0.08695652173913043,0.0,0.13043478260869565,2907.2771,-2.449075043381999
464,KPEQYNIVGEHLLATLDEMFS,inactive - virtual,inactive - virtual,0,Inactive,virtual,1,21,0.047619047619047616,0.0,0.047619047619047616,0.14285714285714285,0.047619047619047616,0.047619047619047616,0.047619047619047616,0.047619047619047616,0.047619047619047616,0.14285714285714285,0.047619047619047616,0.047619047619047616,0.047619047619047616,0.047619047619047616,0.0,0.047619047619047616,0.047619047619047616,0.047619047619047616,0.0,0.047619047619047616,2434.7181,-3.4071231096170376
465,KPQELLSLIIERFE,inactive - virtual,inactive - virtual,0,Inactive,virtual,1,14,0.0,0.0,0.0,0.21428571428571427,0.07142857142857142,0.0,0.0,0.14285714285714285,0.07142857142857142,0.21428571428571427,0.0,0.0,0.07142857142857142,0.07142857142857142,0.07142857142857142,0.07142857142857142,0.0,0.0,0.0,0.0,1714.9988000000003,-1.4396230738574793
466,KPQERADLISYLKEATS,inactive - virtual,inactive - virtual,0,Inactive,virtual,1,17,0.11764705882352941,0.0,0.058823529411764705,0.11764705882352941,0.0,0.0,0.0,0.058823529411764705,0.11764705882352941,0.11764705882352941,0.0,0.0,0.058823529411764705,0.058823529411764705,0.058823529411764705,0.11764705882352941,0.058823529411764705,0.0,0.0,0.058823529411764705,1949.1657,-0.44740102263358716
467,KPWLSVILFLIRERSR,inactive - virtual,inactive - virtual,0,Inactive,virtual,1,16,0.0,0.0,0.0,0.0625,0.0625,0.0,0.0,0.125,0.0625,0.1875,0.0,0.0,0.0625,0.0,0.1875,0.125,0.0,0.0625,0.0625,0.0,2013.4312000000004,2.555992681139388
468,KQAEAEEFVQTLGQSLA,inactive - virtual,inactive - virtual,0,Inactive,virtual,1,17,0.17647058823529413,0.0,0.0,0.17647058823529413,0.058823529411764705,0.058823529411764705,0.0,0.0,0.058823529411764705,0.11764705882352941,0.0,0.0,0.0,0.17647058823529413,0.0,0.058823529411764705,0.058823529411764705,0.058823529411764705,0.0,0.0,1849.0034,-2.4416904422808026
469,KQLTAIAALAE,inactive - virtual,inactive - virtual,0,Inactive,virtual,1,11,0.36363636363636365,0.0,0.0,0.09090909090909091,0.0,0.0,0.0,0.09090909090909091,0.09090909090909091,0.18181818181818182,0.0,0.0,0.0,0.09090909090909091,0.0,0.0,0.09090909090909091,0.0,0.0,0.0,1128.3191000000002,-0.44183947750379504
470,KREIIHAVLTGLALDQLAEQ,inactive - virtual,inactive - virtual,0,Inactive,virtual,1,20,0.15,0.0,0.05,0.1,0.0,0.05,0.05,0.1,0.05,0.2,0.0,0.0,0.0,0.1,0.05,0.0,0.05,0.05,0.0,0.0,2218.5519,-1.4057633961229685
471,KREVQNAILTGIQLDKLAED,inactive - virtual,inactive - virtual,0,Inactive,virtual,1,20,0.1,0.0,0.1,0.1,0.0,0.05,0.0,0.1,0.1,0.15,0.0,0.05,0.0,0.1,0.05,0.0,0.05,0.05,0.0,0.0,2254.5393999999997,-1.4431796345192387
472,KSEALAKMWGQRK,inactive - virtual,inactive - virtual,0,Inactive,virtual,1,13,0.15384615384615385,0.0,0.0,0.07692307692307693,0.0,0.07692307692307693,0.0,0.0,0.23076923076923078,0.07692307692307693,0.07692307692307693,0.0,0.0,0.07692307692307693,0.07692307692307693,0.07692307692307693,0.0,0.0,0.07692307692307693,0.0,1532.8089999999997,2.551031732271564
473,KTASTGFAELLKDRREQV,inactive - virtual,inactive - virtual,0,Inactive,virtual,1,18,0.1111111111111111,0.0,0.05555555555555555,0.1111111111111111,0.05555555555555555,0.05555555555555555,0.0,0.0,0.1111111111111111,0.1111111111111111,0.0,0.0,0.0,0.05555555555555555,0.1111111111111111,0.05555555555555555,0.1111111111111111,0.05555555555555555,0.0,0.0,2049.2880999999998,0.5550794518003253
474,KTFRTTFKTLL,inactive - virtual,inactive - virtual,0,Inactive,virtual,1,11,0.0,0.0,0.0,0.0,0.18181818181818182,0.0,0.0,0.0,0.18181818181818182,0.18181818181818182,0.0,0.0,0.0,0.0,0.09090909090909091,0.0,0.36363636363636365,0.0,0.0,0.0,1355.624,2.5524165639990044
475,KVAEFERLFRQAAG,inactive - virtual,inactive - virtual,0,Inactive,virtual,1,14,0.21428571428571427,0.0,0.0,0.14285714285714285,0.14285714285714285,0.07142857142857142,0.0,0.0,0.07142857142857142,0.07142857142857142,0.0,0.0,0.0,0.07142857142857142,0.14285714285714285,0.0,0.0,0.07142857142857142,0.0,0.0,1621.8374000000001,0.5571385603126058
476,KVNRAVAAEIRNWTWVFLIW,inactive - virtual,inactive - virtual,0,Inactive,virtual,1,20,0.15,0.0,0.0,0.05,0.05,0.0,0.0,0.1,0.05,0.05,0.0,0.1,0.0,0.0,0.1,0.0,0.05,0.15,0.15,0.0,2472.8851,1.5560177993727615
477,KVRETREILDIIDTVYNS,inactive - virtual,inactive - virtual,0,Inactive,virtual,1,18,0.0,0.0,0.1111111111111111,0.1111111111111111,0.0,0.0,0.0,0.16666666666666666,0.05555555555555555,0.05555555555555555,0.0,0.05555555555555555,0.0,0.0,0.1111111111111111,0.05555555555555555,0.1111111111111111,0.1111111111111111,0.0,0.05555555555555555,2164.4151,-1.44447406404467
478,KVRGLIEIISN,inactive - virtual,inactive - virtual,0,Inactive,virtual,1,11,0.0,0.0,0.0,0.09090909090909091,0.0,0.09090909090909091,0.0,0.2727272727272727,0.09090909090909091,0.09090909090909091,0.0,0.09090909090909091,0.0,0.0,0.09090909090909091,0.09090909090909091,0.0,0.09090909090909091,0.0,0.0,1241.4799,0.5560429176061352
479,KVSDILTVAIRLEEEGERFYRELS,inactive - virtual,inactive - virtual,0,Inactive,virtual,1,24,0.041666666666666664,0.0,0.041666666666666664,0.20833333333333334,0.041666666666666664,0.041666666666666664,0.0,0.08333333333333333,0.041666666666666664,0.125,0.0,0.0,0.0,0.0,0.125,0.08333333333333333,0.041666666666666664,0.08333333333333333,0.0,0.041666666666666664,2853.1868000000004,-2.4415833836135157
480,KVVDNFENILII,inactive - virtual,inactive - virtual,0,Inactive,virtual,1,12,0.0,0.0,0.08333333333333333,0.08333333333333333,0.08333333333333333,0.0,0.0,0.25,0.08333333333333333,0.08333333333333333,0.0,0.16666666666666666,0.0,0.0,0.0,0.0,0.0,0.16666666666666666,0.0,0.0,1416.6604,-1.4434854800054868
481,KVWKGVKTIIADVWQV,inactive - virtual,inactive - virtual,0,Inactive,virtual,1,16,0.0625,0.0,0.0625,0.0,0.0,0.0625,0.0,0.125,0.1875,0.0,0.0,0.0,0.0,0.0625,0.0,0.0,0.0625,0.25,0.125,0.0,1870.2409000000002,1.5503825737200971
482,KWEAEKIHIGFRQAY,inactive - virtual,inactive - virtual,0,Inactive,virtual,1,15,0.13333333333333333,0.0,0.0,0.13333333333333333,0.06666666666666667,0.06666666666666667,0.06666666666666667,0.13333333333333333,0.13333333333333333,0.0,0.0,0.0,0.0,0.06666666666666667,0.06666666666666667,0.0,0.0,0.0,0.06666666666666667,0.06666666666666667,1876.1213000000002,0.5887789343874545
483,KWVRIWIKVLRGLFVWVWFF,inactive - virtual,inactive - virtual,0,Inactive,virtual,1,20,0.0,0.0,0.0,0.0,0.15,0.05,0.0,0.1,0.1,0.1,0.0,0.0,0.0,0.0,0.1,0.0,0.0,0.2,0.2,0.0,2679.298,3.552391445765631
484,KYDHFAGRAYVRLHQD,inactive - virtual,inactive - virtual,0,Inactive,virtual,1,16,0.125,0.0,0.125,0.0,0.0625,0.0625,0.125,0.0,0.0625,0.0625,0.0,0.0,0.0,0.0625,0.125,0.0,0.0,0.0625,0.0,0.125,1976.1575000000003,0.6253010150525071
485,LADLQEQLYNG,inactive - virtual,inactive - virtual,0,Inactive,virtual,1,11,0.09090909090909091,0.0,0.09090909090909091,0.09090909090909091,0.0,0.09090909090909091,0.0,0.0,0.0,0.2727272727272727,0.0,0.09090909090909091,0.0,0.18181818181818182,0.0,0.0,0.0,0.0,0.0,0.09090909090909091,1263.3528999999996,-2.443485480005487
486,LDAYINLGNVLKEA,inactive - virtual,inactive - virtual,0,Inactive,virtual,1,14,0.14285714285714285,0.0,0.07142857142857142,0.07142857142857142,0.0,0.07142857142857142,0.0,0.07142857142857142,0.07142857142857142,0.21428571428571427,0.0,0.14285714285714285,0.0,0.0,0.0,0.0,0.0,0.07142857142857142,0.0,0.07142857142857142,1532.7359,-1.4459910726727725
487,LDEAATRSKAWMVDALA,inactive - virtual,inactive - virtual,0,Inactive,virtual,1,17,0.29411764705882354,0.0,0.11764705882352941,0.058823529411764705,0.0,0.0,0.0,0.0,0.058823529411764705,0.11764705882352941,0.058823529411764705,0.0,0.0,0.0,0.058823529411764705,0.058823529411764705,0.058823529411764705,0.058823529411764705,0.058823529411764705,0.0,1848.0849000000003,-1.443064114083855
488,LEARMKQFKDMLLER,inactive - virtual,inactive - virtual,0,Inactive,virtual,1,15,0.06666666666666667,0.0,0.06666666666666667,0.13333333333333333,0.06666666666666667,0.0,0.0,0.0,0.13333333333333333,0.2,0.13333333333333333,0.0,0.0,0.06666666666666667,0.13333333333333333,0.0,0.0,0.0,0.0,0.0,1908.2923999999998,0.5550794518003253
489,LEEFDKVSKNVD,inactive - virtual,inactive - virtual,0,Inactive,virtual,1,12,0.0,0.0,0.16666666666666666,0.16666666666666666,0.08333333333333333,0.0,0.0,0.0,0.16666666666666666,0.08333333333333333,0.0,0.08333333333333333,0.0,0.0,0.0,0.08333333333333333,0.0,0.16666666666666666,0.0,0.0,1422.5359999999998,-2.443154516285865
490,LEPIKAWIEKR,inactive - virtual,inactive - virtual,0,Inactive,virtual,1,11,0.09090909090909091,0.0,0.0,0.18181818181818182,0.0,0.0,0.0,0.18181818181818182,0.18181818181818182,0.09090909090909091,0.0,0.0,0.09090909090909091,0.0,0.09090909090909091,0.0,0.0,0.0,0.09090909090909091,0.0,1382.6494,0.5546580858786934
491,LEQVEFKLNQLLENL,inactive - virtual,inactive - virtual,0,Inactive,virtual,1,15,0.0,0.0,0.0,0.2,0.06666666666666667,0.0,0.0,0.0,0.06666666666666667,0.3333333333333333,0.0,0.13333333333333333,0.0,0.13333333333333333,0.0,0.0,0.0,0.06666666666666667,0.0,0.0,1830.0859999999998,-2.4416904422808026
492,LHDAIHMAADNAV,inactive - virtual,inactive - virtual,0,Inactive,virtual,1,13,0.3076923076923077,0.0,0.15384615384615385,0.0,0.0,0.0,0.15384615384615385,0.07692307692307693,0.0,0.07692307692307693,0.07692307692307693,0.07692307692307693,0.0,0.0,0.0,0.0,0.0,0.07692307692307693,0.0,0.0,1377.5251,-2.3684012817709466
493,LKRAEALIHLANAALE,inactive - virtual,inactive - virtual,0,Inactive,virtual,1,16,0.3125,0.0,0.0,0.125,0.0,0.0,0.0625,0.0625,0.0625,0.25,0.0,0.0625,0.0,0.0,0.0625,0.0,0.0,0.0,0.0,0.0,1733.0207000000005,-0.40411739362127674
494,LKYVGMVLNEALRLW,inactive - virtual,inactive - virtual,0,Inactive,virtual,1,15,0.06666666666666667,0.0,0.0,0.06666666666666667,0.0,0.06666666666666667,0.0,0.0,0.06666666666666667,0.26666666666666666,0.06666666666666667,0.06666666666666667,0.0,0.0,0.06666666666666667,0.0,0.0,0.13333333333333333,0.06666666666666667,0.06666666666666667,1805.1906,0.5535373249388496
495,LLNIRREFIEKY,inactive - virtual,inactive - virtual,0,Inactive,virtual,1,12,0.0,0.0,0.0,0.16666666666666666,0.08333333333333333,0.0,0.0,0.16666666666666666,0.08333333333333333,0.16666666666666666,0.0,0.08333333333333333,0.0,0.0,0.16666666666666666,0.0,0.0,0.0,0.0,0.08333333333333333,1593.8670000000002,0.5546329676453201
496,LLPALLQQIGREN,inactive - virtual,inactive - virtual,0,Inactive,virtual,1,13,0.07692307692307693,0.0,0.0,0.07692307692307693,0.0,0.07692307692307693,0.0,0.07692307692307693,0.0,0.3076923076923077,0.0,0.07692307692307693,0.07692307692307693,0.15384615384615385,0.07692307692307693,0.0,0.0,0.0,0.0,0.0,1464.7084,-0.4414514897265791
497,LLTEVETYVLSI,inactive - virtual,inactive - virtual,0,Inactive,virtual,1,12,0.0,0.0,0.0,0.16666666666666666,0.0,0.0,0.0,0.08333333333333333,0.0,0.25,0.0,0.0,0.0,0.0,0.0,0.08333333333333333,0.16666666666666666,0.16666666666666666,0.0,0.08333333333333333,1379.5939999999998,-2.4428112032206473
498,LMEPVREAAGRLADA,inactive - virtual,inactive - virtual,0,Inactive,virtual,1,15,0.26666666666666666,0.0,0.06666666666666667,0.13333333333333333,0.0,0.06666666666666667,0.0,0.0,0.0,0.13333333333333333,0.06666666666666667,0.0,0.06666666666666667,0.0,0.13333333333333333,0.0,0.0,0.06666666666666667,0.0,0.0,1598.8224,-1.4399093628651034
499,LMGHQKKILGSIQTMRAQLT,inactive - virtual,inactive - virtual,0,Inactive,virtual,1,20,0.05,0.0,0.0,0.0,0.0,0.1,0.05,0.1,0.1,0.15,0.1,0.0,0.0,0.15,0.05,0.05,0.1,0.0,0.0,0.0,2254.7180999999996,2.5890430051750513
500,LNNFSRYFLHQSREETEHAEKLMRLQNQRG,inactive - virtual,inactive - virtual,0,Inactive,virtual,1,30,0.03333333333333333,0.0,0.0,0.13333333333333333,0.06666666666666667,0.03333333333333333,0.06666666666666667,0.0,0.03333333333333333,0.13333333333333333,0.03333333333333333,0.1,0.0,0.1,0.13333333333333333,0.06666666666666667,0.03333333333333333,0.0,0.0,0.03333333333333333,3733.0953,0.6300771354103558
501,LPEDQELLFQSASLELFVLRLAYRA,inactive - virtual,inactive - virtual,0,Inactive,virtual,1,25,0.12,0.0,0.04,0.12,0.08,0.0,0.0,0.0,0.0,0.28,0.0,0.0,0.04,0.08,0.08,0.08,0.0,0.04,0.0,0.04,2922.3329999999996,-2.4412941945925457
502,LPHFYELFSLWA,inactive - virtual,inactive - virtual,0,Inactive,virtual,1,12,0.08333333333333333,0.0,0.0,0.08333333333333333,0.16666666666666666,0.0,0.08333333333333333,0.0,0.0,0.25,0.0,0.0,0.08333333333333333,0.0,0.0,0.08333333333333333,0.0,0.0,0.08333333333333333,0.08333333333333333,1522.7425,-1.4073055229844442
503,LPIHYKLSQEFFLKAYEN,inactive - virtual,inactive - virtual,0,Inactive,virtual,1,18,0.05555555555555555,0.0,0.0,0.1111111111111111,0.1111111111111111,0.0,0.05555555555555555,0.05555555555555555,0.1111111111111111,0.16666666666666666,0.0,0.05555555555555555,0.05555555555555555,0.05555555555555555,0.0,0.05555555555555555,0.0,0.0,0.0,0.1111111111111111,2240.5538000000006,-0.4137015400464574
504,LQAPLQRRILEIGKKH,inactive - virtual,inactive - virtual,0,Inactive,virtual,1,16,0.0625,0.0,0.0,0.0625,0.0,0.0625,0.0625,0.125,0.125,0.1875,0.0,0.0,0.0625,0.125,0.125,0.0,0.0,0.0,0.0,0.0,1900.2754,2.5901386478815227
505,LQMEFKYLAYLTG,inactive - virtual,inactive - virtual,0,Inactive,virtual,1,13,0.07692307692307693,0.0,0.0,0.07692307692307693,0.07692307692307693,0.07692307692307693,0.0,0.0,0.07692307692307693,0.23076923076923078,0.07692307692307693,0.0,0.0,0.07692307692307693,0.0,0.0,0.07692307692307693,0.0,0.0,0.15384615384615385,1576.8529,-0.44894314949506287
506,LQNAIIEFYTEYY,inactive - virtual,inactive - virtual,0,Inactive,virtual,1,13,0.07692307692307693,0.0,0.0,0.15384615384615385,0.07692307692307693,0.0,0.0,0.15384615384615385,0.0,0.07692307692307693,0.0,0.07692307692307693,0.0,0.07692307692307693,0.0,0.0,0.07692307692307693,0.0,0.0,0.23076923076923078,1666.8231,-2.4478223885552186
507,LQWYVSEQHEEEALFRGIVDKIKLIG,inactive - virtual,inactive - virtual,0,Inactive,virtual,1,26,0.038461538461538464,0.0,0.038461538461538464,0.15384615384615385,0.038461538461538464,0.07692307692307693,0.038461538461538464,0.11538461538461539,0.07692307692307693,0.11538461538461539,0.0,0.0,0.0,0.07692307692307693,0.038461538461538464,0.038461538461538464,0.0,0.07692307692307693,0.038461538461538464,0.038461538461538464,3101.509000000001,-2.4085330595778522
508,LREIVENMIKSSLERAIAAY,inactive - virtual,inactive - virtual,0,Inactive,virtual,1,20,0.15,0.0,0.0,0.15,0.0,0.0,0.0,0.15,0.05,0.1,0.05,0.05,0.0,0.0,0.1,0.1,0.0,0.05,0.0,0.05,2306.6800999999996,-0.4442462714148352
509,LRSWFRERLIAHRLASVNL,inactive - virtual,inactive - virtual,0,Inactive,virtual,1,19,0.10526315789473684,0.0,0.0,0.05263157894736842,0.05263157894736842,0.0,0.05263157894736842,0.05263157894736842,0.0,0.21052631578947367,0.0,0.05263157894736842,0.0,0.0,0.21052631578947367,0.10526315789473684,0.0,0.05263157894736842,0.05263157894736842,0.0,2337.7271,2.5950995967493475
510,LRTYFMERLRHYRQLSL,inactive - virtual,inactive - virtual,0,Inactive,virtual,1,17,0.0,0.0,0.0,0.058823529411764705,0.058823529411764705,0.0,0.058823529411764705,0.0,0.0,0.23529411764705882,0.058823529411764705,0.0,0.0,0.058823529411764705,0.23529411764705882,0.058823529411764705,0.058823529411764705,0.0,0.0,0.11764705882352941,2282.6684,2.590088411414776
511,LSTVSNFFMNA,inactive - virtual,inactive - virtual,0,Inactive,virtual,1,11,0.09090909090909091,0.0,0.0,0.0,0.18181818181818182,0.0,0.0,0.0,0.0,0.09090909090909091,0.09090909090909091,0.18181818181818182,0.0,0.0,0.0,0.18181818181818182,0.09090909090909091,0.09090909090909091,0.0,0.0,1230.3890999999999,-0.4425471324330503
512,LVGALMHVMQKRSR,inactive - virtual,inactive - virtual,0,Inactive,virtual,1,14,0.07142857142857142,0.0,0.0,0.0,0.0,0.07142857142857142,0.07142857142857142,0.0,0.07142857142857142,0.14285714285714285,0.14285714285714285,0.0,0.0,0.07142857142857142,0.14285714285714285,0.07142857142857142,0.0,0.14285714285714285,0.0,0.0,1626.0031999999997,2.5915234796089637
513,LVLPIAQALKVLG,inactive - virtual,inactive - virtual,0,Inactive,virtual,1,13,0.15384615384615385,0.0,0.0,0.0,0.0,0.07692307692307693,0.0,0.07692307692307693,0.07692307692307693,0.3076923076923077,0.0,0.0,0.07692307692307693,0.07692307692307693,0.0,0.0,0.0,0.15384615384615385,0.0,0.0,1334.6890999999998,0.5549472748996638
514,MEALKKQILQI,inactive - virtual,inactive - virtual,0,Inactive,virtual,1,11,0.09090909090909091,0.0,0.0,0.09090909090909091,0.0,0.0,0.0,0.18181818181818182,0.18181818181818182,0.18181818181818182,0.09090909090909091,0.0,0.0,0.18181818181818182,0.0,0.0,0.0,0.0,0.0,0.0,1314.6366,0.28099805836073166
515,MEKLNQLWEKAQRLH,inactive - virtual,inactive - virtual,0,Inactive,virtual,1,15,0.06666666666666667,0.0,0.0,0.13333333333333333,0.0,0.0,0.06666666666666667,0.0,0.13333333333333333,0.2,0.06666666666666667,0.06666666666666667,0.0,0.13333333333333333,0.06666666666666667,0.0,0.0,0.0,0.06666666666666667,0.0,1924.2305000000001,0.31872014224324907
516,MLEEYRKHVAERAAE,inactive - virtual,inactive - virtual,0,Inactive,virtual,1,15,0.2,0.0,0.0,0.26666666666666666,0.0,0.0,0.06666666666666667,0.0,0.06666666666666667,0.06666666666666667,0.06666666666666667,0.0,0.0,0.0,0.13333333333333333,0.0,0.0,0.06666666666666667,0.0,0.06666666666666667,1832.0458000000003,-1.6769709674537387
517,MPEVFNYLGIYLTQA,inactive - virtual,inactive - virtual,0,Inactive,virtual,1,15,0.06666666666666667,0.0,0.0,0.06666666666666667,0.06666666666666667,0.06666666666666667,0.0,0.06666666666666667,0.0,0.13333333333333333,0.06666666666666667,0.06666666666666667,0.06666666666666667,0.06666666666666667,0.0,0.0,0.06666666666666667,0.06666666666666667,0.0,0.13333333333333333,1759.0294,-1.7190019416392683
518,MPGTATHTVKMFS,inactive - virtual,inactive - virtual,0,Inactive,virtual,1,13,0.07692307692307693,0.0,0.0,0.0,0.07692307692307693,0.07692307692307693,0.07692307692307693,0.0,0.07692307692307693,0.0,0.15384615384615385,0.0,0.07692307692307693,0.0,0.0,0.07692307692307693,0.23076923076923078,0.07692307692307693,0.0,0.0,1407.6571,0.3190093312642195
519,MPYTDAVVHEVQRYID,inactive - virtual,inactive - virtual,0,Inactive,virtual,1,16,0.0625,0.0,0.125,0.0625,0.0,0.0,0.0625,0.0625,0.0,0.0,0.0625,0.0,0.0625,0.0625,0.0625,0.0,0.0625,0.1875,0.0,0.125,1936.1482999999998,-2.6802383390945277
520,MTDQQAEARAF,inactive - virtual,inactive - virtual,0,Inactive,virtual,1,11,0.2727272727272727,0.0,0.09090909090909091,0.09090909090909091,0.09090909090909091,0.0,0.0,0.0,0.0,0.0,0.09090909090909091,0.0,0.0,0.18181818181818182,0.09090909090909091,0.0,0.09090909090909091,0.0,0.0,0.0,1267.3682000000001,-1.7135693903830658
521,MVFKQMEQVAQFLKAAEDY,inactive - virtual,inactive - virtual,0,Inactive,virtual,1,19,0.15789473684210525,0.0,0.05263157894736842,0.10526315789473684,0.10526315789473684,0.0,0.0,0.0,0.10526315789473684,0.05263157894736842,0.10526315789473684,0.0,0.0,0.15789473684210525,0.0,0.0,0.0,0.10526315789473684,0.0,0.05263157894736842,2276.629,-1.7199402892117046
522,MYSNRMRSYKQEMGKLETDFKRSRI,inactive - virtual,inactive - virtual,0,Inactive,virtual,1,25,0.0,0.0,0.04,0.08,0.04,0.04,0.0,0.04,0.12,0.04,0.12,0.04,0.0,0.04,0.16,0.12,0.04,0.0,0.0,0.08,3155.6327000000006,3.27494805252023
523,NAAGWDLLLTLYRSA,inactive - virtual,inactive - virtual,0,Inactive,virtual,1,15,0.2,0.0,0.06666666666666667,0.0,0.0,0.06666666666666667,0.0,0.0,0.0,0.26666666666666666,0.0,0.06666666666666667,0.0,0.0,0.06666666666666667,0.06666666666666667,0.06666666666666667,0.0,0.06666666666666667,0.06666666666666667,1663.8707,-0.4446313591787048
524,NAAQLDALAHALLEIPRFSYATR,inactive - virtual,inactive - virtual,0,Inactive,virtual,1,23,0.2608695652173913,0.0,0.043478260869565216,0.043478260869565216,0.043478260869565216,0.0,0.043478260869565216,0.043478260869565216,0.0,0.17391304347826086,0.0,0.043478260869565216,0.043478260869565216,0.043478260869565216,0.08695652173913043,0.043478260869565216,0.043478260869565216,0.0,0.0,0.043478260869565216,2541.858,-0.4069092752961869
525,NAGQANEFFNEFWS,inactive - virtual,inactive - virtual,0,Inactive,virtual,1,14,0.14285714285714285,0.0,0.0,0.14285714285714285,0.21428571428571427,0.07142857142857142,0.0,0.0,0.0,0.0,0.0,0.21428571428571427,0.0,0.07142857142857142,0.0,0.07142857142857142,0.0,0.0,0.07142857142857142,0.0,1660.6960000000001,-2.440305610553361
526,NAKIARINELAAKAKAGV,inactive - virtual,inactive - virtual,0,Inactive,virtual,1,18,0.3333333333333333,0.0,0.0,0.05555555555555555,0.0,0.05555555555555555,0.0,0.1111111111111111,0.16666666666666666,0.05555555555555555,0.0,0.1111111111111111,0.0,0.0,0.05555555555555555,0.0,0.0,0.05555555555555555,0.0,0.0,1838.1596,2.551031732271564
527,NAKYVAEATGNFITVMDALKL,inactive - virtual,inactive - virtual,0,Inactive,virtual,1,21,0.19047619047619047,0.0,0.047619047619047616,0.047619047619047616,0.047619047619047616,0.047619047619047616,0.0,0.047619047619047616,0.09523809523809523,0.09523809523809523,0.047619047619047616,0.09523809523809523,0.0,0.0,0.0,0.0,0.09523809523809523,0.09523809523809523,0.0,0.047619047619047616,2269.6150000000002,-0.44849666534005816
528,NASRTVGVVAALL,inactive - virtual,inactive - virtual,0,Inactive,virtual,1,13,0.23076923076923078,0.0,0.0,0.0,0.0,0.07692307692307693,0.0,0.0,0.0,0.15384615384615385,0.0,0.07692307692307693,0.0,0.0,0.07692307692307693,0.07692307692307693,0.07692307692307693,0.23076923076923078,0.0,0.0,1270.4779999999998,0.5574277493335762
529,NDAEVKKIAAQYGKD,inactive - virtual,inactive - virtual,0,Inactive,virtual,1,15,0.2,0.0,0.13333333333333333,0.06666666666666667,0.0,0.06666666666666667,0.0,0.06666666666666667,0.2,0.0,0.0,0.06666666666666667,0.0,0.06666666666666667,0.0,0.0,0.0,0.06666666666666667,0.0,0.06666666666666667,1649.7995999999998,-0.4492864625602806
530,NDEETVALTAGGHT,inactive - virtual,inactive - virtual,0,Inactive,virtual,1,14,0.14285714285714285,0.0,0.07142857142857142,0.14285714285714285,0.0,0.14285714285714285,0.07142857142857142,0.0,0.0,0.07142857142857142,0.0,0.07142857142857142,0.0,0.0,0.0,0.0,0.21428571428571427,0.07142857142857142,0.0,0.0,1414.4313000000002,-3.403232685222309
531,NEEVRIEAIIGLSYR,inactive - virtual,inactive - virtual,0,Inactive,virtual,1,15,0.06666666666666667,0.0,0.0,0.2,0.0,0.06666666666666667,0.0,0.2,0.0,0.06666666666666667,0.0,0.06666666666666667,0.0,0.0,0.13333333333333333,0.06666666666666667,0.0,0.06666666666666667,0.0,0.06666666666666667,1761.9724,-1.4417406787475495
532,NEQDLGIQYKALKPEVDKLNIMAAKRQQEL,inactive - virtual,inactive - virtual,0,Inactive,virtual,1,30,0.1,0.0,0.06666666666666667,0.1,0.0,0.03333333333333333,0.0,0.06666666666666667,0.13333333333333333,0.13333333333333333,0.03333333333333333,0.06666666666666667,0.03333333333333333,0.13333333333333333,0.03333333333333333,0.0,0.0,0.03333333333333333,0.0,0.03333333333333333,3484.9750000000004,-0.4508449628733091
533,NEYIMSLISDN,inactive - virtual,inactive - virtual,0,Inactive,virtual,1,11,0.0,0.0,0.09090909090909091,0.09090909090909091,0.0,0.0,0.0,0.18181818181818182,0.0,0.09090909090909091,0.09090909090909091,0.18181818181818182,0.0,0.0,0.0,0.18181818181818182,0.0,0.0,0.0,0.09090909090909091,1298.4184999999998,-2.443485480005487
534,NFKDVIETAKKVMNF,inactive - virtual,inactive - virtual,0,Inactive,virtual,1,15,0.06666666666666667,0.0,0.06666666666666667,0.06666666666666667,0.13333333333333333,0.0,0.0,0.06666666666666667,0.2,0.0,0.06666666666666667,0.13333333333333333,0.0,0.0,0.0,0.0,0.06666666666666667,0.13333333333333333,0.0,0.0,1784.0837999999999,0.5515033346599418
535,NGETFLTELLD,inactive - virtual,inactive - virtual,0,Inactive,virtual,1,11,0.0,0.0,0.09090909090909091,0.18181818181818182,0.09090909090909091,0.09090909090909091,0.0,0.0,0.0,0.2727272727272727,0.0,0.09090909090909091,0.0,0.0,0.0,0.0,0.18181818181818182,0.0,0.0,0.0,1251.339,-3.4385898151062984
536,NGLEVVKALAQG,inactive - virtual,inactive - virtual,0,Inactive,virtual,1,12,0.16666666666666666,0.0,0.0,0.08333333333333333,0.0,0.16666666666666666,0.0,0.0,0.08333333333333333,0.16666666666666666,0.0,0.08333333333333333,0.0,0.08333333333333333,0.0,0.0,0.0,0.16666666666666666,0.0,0.0,1198.369,-0.4439319641604915
537,NIDEIERKIDEAIEKE,inactive - virtual,inactive - virtual,0,Inactive,virtual,1,16,0.0625,0.0,0.125,0.3125,0.0,0.0,0.0,0.25,0.125,0.0,0.0,0.0625,0.0,0.0,0.0625,0.0,0.0,0.0,0.0,0.0,1944.1013000000003,-4.438994176335067
538,NIDSYLNAVNIINIFKIIG,inactive - virtual,inactive - virtual,0,Inactive,virtual,1,19,0.05263157894736842,0.0,0.05263157894736842,0.0,0.05263157894736842,0.05263157894736842,0.0,0.3157894736842105,0.05263157894736842,0.05263157894736842,0.0,0.21052631578947367,0.0,0.0,0.0,0.05263157894736842,0.0,0.05263157894736842,0.0,0.05263157894736842,2134.4731000000006,-0.4471118336126172
539,NIEQLWRDYNKYEEGIN,inactive - virtual,inactive - virtual,0,Inactive,virtual,1,17,0.0,0.0,0.058823529411764705,0.17647058823529413,0.0,0.058823529411764705,0.0,0.11764705882352941,0.058823529411764705,0.058823529411764705,0.0,0.17647058823529413,0.0,0.058823529411764705,0.058823529411764705,0.0,0.0,0.0,0.058823529411764705,0.11764705882352941,2184.3201,-2.446280261693743
540,NILKQIFKLLQA,inactive - virtual,inactive - virtual,0,Inactive,virtual,1,12,0.08333333333333333,0.0,0.0,0.0,0.08333333333333333,0.0,0.0,0.16666666666666666,0.16666666666666666,0.25,0.0,0.08333333333333333,0.0,0.16666666666666666,0.0,0.0,0.0,0.0,0.0,0.0,1428.7606,1.552441682232378
541,NINELFIEISRRI,inactive - virtual,inactive - virtual,0,Inactive,virtual,1,13,0.0,0.0,0.0,0.15384615384615385,0.07692307692307693,0.0,0.0,0.3076923076923077,0.0,0.07692307692307693,0.0,0.15384615384615385,0.0,0.0,0.15384615384615385,0.07692307692307693,0.0,0.0,0.0,0.0,1616.8590000000002,-0.44035584702010855
542,NIPKHTHRFFILVLEI,inactive - virtual,inactive - virtual,0,Inactive,virtual,1,16,0.0,0.0,0.0,0.0625,0.125,0.0,0.125,0.1875,0.0625,0.125,0.0,0.0625,0.0625,0.0,0.0625,0.0,0.0625,0.0625,0.0,0.0,1977.3542000000002,0.6292957999582289
543,NKDQWEERIQVWHEEH,inactive - virtual,inactive - virtual,0,Inactive,virtual,1,16,0.0,0.0,0.0625,0.25,0.0,0.0,0.125,0.0625,0.0625,0.0,0.0,0.0625,0.0,0.125,0.0625,0.0,0.0,0.0625,0.125,0.0,2163.2647,-3.366895433067233
544,NKEEMMDIVKAIYDMMG,inactive - virtual,inactive - virtual,0,Inactive,virtual,1,17,0.058823529411764705,0.0,0.11764705882352941,0.11764705882352941,0.0,0.058823529411764705,0.0,0.11764705882352941,0.11764705882352941,0.0,0.23529411764705882,0.058823529411764705,0.0,0.0,0.0,0.0,0.0,0.058823529411764705,0.0,0.058823529411764705,2018.3979,-2.4469294202452088
545,NKLVDRWLHVRKHLLVAYYNLVG,inactive - virtual,inactive - virtual,0,Inactive,virtual,1,23,0.043478260869565216,0.0,0.043478260869565216,0.0,0.0,0.043478260869565216,0.08695652173913043,0.0,0.08695652173913043,0.21739130434782608,0.0,0.08695652173913043,0.0,0.0,0.08695652173913043,0.0,0.0,0.17391304347826086,0.043478260869565216,0.08695652173913043,2807.3000000000006,2.621079626938158
546,NKQADSIKQMEERNKKRVENFKKTG,inactive - virtual,inactive - virtual,0,Inactive,virtual,1,25,0.04,0.0,0.04,0.12,0.04,0.04,0.0,0.04,0.24,0.0,0.04,0.12,0.0,0.08,0.08,0.04,0.04,0.04,0.0,0.0,3007.384900000001,3.5461778420710264
547,NKRAVDWAMRAAMAL,inactive - virtual,inactive - virtual,0,Inactive,virtual,1,15,0.3333333333333333,0.0,0.06666666666666667,0.0,0.0,0.0,0.0,0.0,0.06666666666666667,0.06666666666666667,0.13333333333333333,0.06666666666666667,0.0,0.0,0.13333333333333333,0.0,0.0,0.06666666666666667,0.06666666666666667,0.0,1704.029,1.5553435225879215
548,NKSVGAVYAILYLS,inactive - virtual,inactive - virtual,0,Inactive,virtual,1,14,0.14285714285714285,0.0,0.0,0.0,0.0,0.07142857142857142,0.0,0.07142857142857142,0.07142857142857142,0.14285714285714285,0.0,0.07142857142857142,0.0,0.0,0.0,0.14285714285714285,0.0,0.14285714285714285,0.0,0.14285714285714285,1497.7331,0.5499360895650922
549,NLDSIQEELADVIAWTVSIANLEG,inactive - virtual,inactive - virtual,0,Inactive,virtual,1,24,0.125,0.0,0.08333333333333333,0.125,0.0,0.041666666666666664,0.0,0.125,0.0,0.125,0.0,0.08333333333333333,0.0,0.041666666666666664,0.0,0.08333333333333333,0.041666666666666664,0.08333333333333333,0.041666666666666664,0.0,2600.8275000000003,-5.438291881303506
550,NLEQTARRWLEERG,inactive - virtual,inactive - virtual,0,Inactive,virtual,1,14,0.07142857142857142,0.0,0.0,0.21428571428571427,0.0,0.07142857142857142,0.0,0.0,0.0,0.14285714285714285,0.0,0.07142857142857142,0.0,0.07142857142857142,0.21428571428571427,0.0,0.07142857142857142,0.0,0.07142857142857142,0.0,1757.9044000000001,-0.4392602043136371
551,NLESEIHTVLKHLVENN,inactive - virtual,inactive - virtual,0,Inactive,virtual,1,17,0.0,0.0,0.0,0.17647058823529413,0.0,0.0,0.11764705882352941,0.058823529411764705,0.058823529411764705,0.17647058823529413,0.0,0.17647058823529413,0.0,0.0,0.0,0.058823529411764705,0.058823529411764705,0.11764705882352941,0.0,0.0,1989.1896000000006,-2.368437559928709
552,NLFDHFSAVAQRL,inactive - virtual,inactive - virtual,0,Inactive,virtual,1,13,0.15384615384615385,0.0,0.07692307692307693,0.0,0.15384615384615385,0.0,0.07692307692307693,0.0,0.0,0.15384615384615385,0.0,0.07692307692307693,0.0,0.07692307692307693,0.07692307692307693,0.07692307692307693,0.0,0.07692307692307693,0.0,0.0,1517.6863999999998,-0.40549932533537225
553,NLFPIVFGVIFDA,inactive - virtual,inactive - virtual,0,Inactive,virtual,1,13,0.07692307692307693,0.0,0.07692307692307693,0.0,0.23076923076923078,0.07692307692307693,0.0,0.15384615384615385,0.0,0.07692307692307693,0.0,0.07692307692307693,0.07692307692307693,0.0,0.0,0.0,0.0,0.15384615384615385,0.0,0.0,1451.7059,-1.4421006482780456
554,NLLYDIVKENG,inactive - virtual,inactive - virtual,0,Inactive,virtual,1,11,0.0,0.0,0.09090909090909091,0.09090909090909091,0.0,0.09090909090909091,0.0,0.09090909090909091,0.09090909090909091,0.18181818181818182,0.0,0.18181818181818182,0.0,0.0,0.0,0.0,0.0,0.09090909090909091,0.0,0.09090909090909091,1277.4225,-1.4459910726727725
555,NLNQSIDNFVNMAFFA,inactive - virtual,inactive - virtual,0,Inactive,virtual,1,16,0.125,0.0,0.0625,0.0,0.1875,0.0,0.0,0.0625,0.0,0.0625,0.0625,0.25,0.0,0.0625,0.0,0.0625,0.0,0.0625,0.0,0.0,1845.0390000000002,-1.4421006482780456
556,NLSTLAALVAAAG,inactive - virtual,inactive - virtual,0,Inactive,virtual,1,13,0.38461538461538464,0.0,0.0,0.0,0.0,0.07692307692307693,0.0,0.0,0.0,0.23076923076923078,0.0,0.07692307692307693,0.0,0.0,0.0,0.07692307692307693,0.07692307692307693,0.07692307692307693,0.0,0.0,1171.3437000000001,-0.4425471324330503
557,NLTQLKASFAVQ,inactive - virtual,inactive - virtual,0,Inactive,virtual,1,12,0.16666666666666666,0.0,0.0,0.0,0.08333333333333333,0.0,0.0,0.0,0.08333333333333333,0.16666666666666666,0.0,0.08333333333333333,0.0,0.16666666666666666,0.0,0.08333333333333333,0.08333333333333333,0.08333333333333333,0.0,0.0,1319.5055999999997,0.5549472748996638
558,NLVADMRFNVVRESEARLQVSRLYS,inactive - virtual,inactive - virtual,0,Inactive,virtual,1,25,0.08,0.0,0.04,0.08,0.04,0.0,0.0,0.0,0.0,0.12,0.04,0.08,0.0,0.04,0.16,0.12,0.0,0.16,0.0,0.04,2953.3353999999995,0.5575348080008644
559,NNAITKGFTALEKLLV,inactive - virtual,inactive - virtual,0,Inactive,virtual,1,16,0.125,0.0,0.0,0.0625,0.0625,0.0625,0.0,0.0625,0.125,0.1875,0.0,0.125,0.0,0.0,0.0,0.0,0.125,0.0625,0.0,0.0,1732.0292000000004,0.5535624431722228
560,NPAAEKMQVLQVLDRLRGKLQEKG,inactive - virtual,inactive - virtual,0,Inactive,virtual,1,24,0.08333333333333333,0.0,0.041666666666666664,0.08333333333333333,0.0,0.08333333333333333,0.0,0.0,0.125,0.16666666666666666,0.041666666666666664,0.041666666666666664,0.041666666666666664,0.125,0.08333333333333333,0.0,0.0,0.08333333333333333,0.0,0.0,2722.1712,1.55257385913304
561,NPAQYLAQHEQLL,inactive - virtual,inactive - virtual,0,Inactive,virtual,1,13,0.15384615384615385,0.0,0.0,0.07692307692307693,0.0,0.0,0.07692307692307693,0.0,0.0,0.23076923076923078,0.0,0.07692307692307693,0.07692307692307693,0.23076923076923078,0.0,0.0,0.0,0.0,0.0,0.07692307692307693,1524.6758000000002,-1.4073055229844442
562,NPARALYQTVRELIENSLDA,inactive - virtual,inactive - virtual,0,Inactive,virtual,1,20,0.15,0.0,0.05,0.1,0.0,0.0,0.0,0.05,0.0,0.15,0.0,0.1,0.05,0.05,0.1,0.05,0.05,0.05,0.0,0.05,2273.5012,-1.442414955532389
563,NPEILLARVKRFLERE,inactive - virtual,inactive - virtual,0,Inactive,virtual,1,16,0.0625,0.0,0.0,0.1875,0.0625,0.0,0.0,0.0625,0.0625,0.1875,0.0,0.0625,0.0625,0.0,0.1875,0.0,0.0,0.0625,0.0,0.0,1983.3176000000003,0.5603266896757733
564,NPERVLLQLKYRYDVEI,inactive - virtual,inactive - virtual,0,Inactive,virtual,1,17,0.0,0.0,0.058823529411764705,0.11764705882352941,0.0,0.0,0.0,0.058823529411764705,0.058823529411764705,0.17647058823529413,0.0,0.058823529411764705,0.058823529411764705,0.058823529411764705,0.11764705882352941,0.0,0.0,0.11764705882352941,0.0,0.11764705882352941,2148.4602,-0.4474261408669604
565,NPGQAIWLGEFSKRH,inactive - virtual,inactive - virtual,0,Inactive,virtual,1,15,0.06666666666666667,0.0,0.0,0.06666666666666667,0.06666666666666667,0.13333333333333333,0.06666666666666667,0.06666666666666667,0.06666666666666667,0.06666666666666667,0.0,0.06666666666666667,0.06666666666666667,0.06666666666666667,0.06666666666666667,0.06666666666666667,0.0,0.0,0.06666666666666667,0.0,1739.9303,0.5926693587821821
566,NPMIIEGQIHGGLTEGYAVAMG,inactive - virtual,inactive - virtual,0,Inactive,virtual,1,22,0.09090909090909091,0.0,0.0,0.09090909090909091,0.0,0.22727272727272727,0.045454545454545456,0.13636363636363635,0.0,0.045454545454545456,0.09090909090909091,0.045454545454545456,0.045454545454545456,0.045454545454545456,0.0,0.0,0.045454545454545456,0.045454545454545456,0.0,0.045454545454545456,2258.5724,-2.4061847620446
567,NPQVLADIGAEAT,inactive - virtual,inactive - virtual,0,Inactive,virtual,1,13,0.23076923076923078,0.0,0.07692307692307693,0.07692307692307693,0.0,0.07692307692307693,0.0,0.07692307692307693,0.0,0.07692307692307693,0.0,0.07692307692307693,0.07692307692307693,0.07692307692307693,0.0,0.0,0.07692307692307693,0.07692307692307693,0.0,0.0,1298.3988000000002,-2.4409798873382007
568,NPRWIGRHKHMFNFLD,inactive - virtual,inactive - virtual,0,Inactive,virtual,1,16,0.0,0.0,0.0625,0.0,0.125,0.0625,0.125,0.0625,0.0625,0.0625,0.0625,0.125,0.0625,0.0,0.125,0.0,0.0,0.0,0.0625,0.0,2068.3654,1.6298657162320735
569,NPVLQQHFRNLEALAL,inactive - virtual,inactive - virtual,0,Inactive,virtual,1,16,0.125,0.0,0.0,0.0625,0.0625,0.0,0.0625,0.0,0.0,0.25,0.0,0.125,0.0625,0.125,0.0625,0.0,0.0,0.0625,0.0,0.0,1863.1241,-0.40482504855053225
570,NQDELEGYNLFKGSG,inactive - virtual,inactive - virtual,0,Inactive,virtual,1,15,0.0,0.0,0.06666666666666667,0.13333333333333333,0.06666666666666667,0.2,0.0,0.0,0.06666666666666667,0.13333333333333333,0.0,0.13333333333333333,0.0,0.06666666666666667,0.0,0.06666666666666667,0.0,0.0,0.0,0.06666666666666667,1670.7308000000003,-2.444870311732928
571,NQPFALEMIKSRQKKD,inactive - virtual,inactive - virtual,0,Inactive,virtual,1,16,0.0625,0.0,0.0625,0.0625,0.0625,0.0,0.0,0.0625,0.1875,0.0625,0.0625,0.0625,0.0625,0.125,0.0625,0.0625,0.0,0.0,0.0,0.0,1933.2356999999997,1.5527475277186267
572,NQRALLKSLQDYRQHLDQLITLISN,inactive - virtual,inactive - virtual,0,Inactive,virtual,1,25,0.04,0.0,0.08,0.0,0.0,0.0,0.04,0.08,0.04,0.24,0.0,0.08,0.0,0.16,0.08,0.08,0.04,0.0,0.0,0.04,2981.3655,0.5899108552516878
573,NREANLQALIATG,inactive - virtual,inactive - virtual,0,Inactive,virtual,1,13,0.23076923076923078,0.0,0.0,0.07692307692307693,0.0,0.07692307692307693,0.0,0.07692307692307693,0.0,0.15384615384615385,0.0,0.15384615384615385,0.0,0.07692307692307693,0.07692307692307693,0.0,0.07692307692307693,0.0,0.0,0.0,1370.5111,-0.4414514897265791
574,NRKMAMGRKKFNMD,inactive - virtual,inactive - virtual,0,Inactive,virtual,1,14,0.07142857142857142,0.0,0.07142857142857142,0.0,0.07142857142857142,0.07142857142857142,0.0,0.0,0.21428571428571427,0.0,0.21428571428571427,0.14285714285714285,0.0,0.0,0.14285714285714285,0.0,0.0,0.0,0.0,0.0,1727.0871999999995,3.551601648545409
575,NSDQDAGIAIIRRAL,inactive - virtual,inactive - virtual,0,Inactive,virtual,1,15,0.2,0.0,0.13333333333333333,0.0,0.0,0.06666666666666667,0.0,0.2,0.0,0.06666666666666667,0.0,0.06666666666666667,0.0,0.06666666666666667,0.13333333333333333,0.06666666666666667,0.0,0.0,0.0,0.0,1612.786,-0.44170440058978766
576,NSNHQMLLVQQAEDKIKELLNT,inactive - virtual,inactive - virtual,0,Inactive,virtual,1,22,0.045454545454545456,0.0,0.045454545454545456,0.09090909090909091,0.0,0.0,0.045454545454545456,0.045454545454545456,0.09090909090909091,0.18181818181818182,0.045454545454545456,0.13636363636363635,0.0,0.13636363636363635,0.0,0.045454545454545456,0.045454545454545456,0.045454545454545456,0.0,0.0,2566.8841,-1.408243870556881
577,NSNTFLTRLLVHM,inactive - virtual,inactive - virtual,0,Inactive,virtual,1,13,0.0,0.0,0.0,0.0,0.07692307692307693,0.0,0.07692307692307693,0.0,0.0,0.23076923076923078,0.07692307692307693,0.15384615384615385,0.0,0.0,0.07692307692307693,0.07692307692307693,0.15384615384615385,0.07692307692307693,0.0,0.0,1545.8042,0.594054190509623
578,NSREREMFVQEVRRYY,inactive - virtual,inactive - virtual,0,Inactive,virtual,1,16,0.0,0.0,0.0,0.1875,0.0625,0.0,0.0,0.0,0.0,0.0,0.0625,0.0625,0.0,0.0625,0.25,0.0625,0.0,0.125,0.0,0.125,2162.3874000000005,0.5557034921184183
579,NSSDSIDWLTSM,inactive - virtual,inactive - virtual,0,Inactive,virtual,1,12,0.0,0.0,0.16666666666666666,0.0,0.0,0.0,0.0,0.08333333333333333,0.0,0.08333333333333333,0.08333333333333333,0.08333333333333333,0.0,0.0,0.0,0.3333333333333333,0.08333333333333333,0.0,0.08333333333333333,0.0,1355.4269,-2.4416541641230403
580,NSVLRAVAEVYA,inactive - virtual,inactive - virtual,0,Inactive,virtual,1,12,0.25,0.0,0.0,0.08333333333333333,0.0,0.0,0.0,0.0,0.0,0.08333333333333333,0.0,0.08333333333333333,0.0,0.0,0.08333333333333333,0.08333333333333333,0.0,0.25,0.0,0.08333333333333333,1291.4524,-0.4439570823938648
581,NTDTLERVTEIFKALG,inactive - virtual,inactive - virtual,0,Inactive,virtual,1,16,0.0625,0.0,0.0625,0.125,0.0625,0.0625,0.0,0.0625,0.0625,0.125,0.0,0.0625,0.0,0.0,0.0625,0.0,0.1875,0.0625,0.0,0.0,1807.0098000000003,-1.4423898372990154
582,NTEKLLKTVPIIQNQMDALLD,inactive - virtual,inactive - virtual,0,Inactive,virtual,1,21,0.047619047619047616,0.0,0.09523809523809523,0.047619047619047616,0.0,0.0,0.0,0.09523809523809523,0.09523809523809523,0.19047619047619047,0.047619047619047616,0.09523809523809523,0.047619047619047616,0.09523809523809523,0.0,0.0,0.09523809523809523,0.047619047619047616,0.0,0.0,2397.7857999999997,-1.4442752772257093
583,NTPEAYSVLFDMAREVNRLKAED,inactive - virtual,inactive - virtual,0,Inactive,virtual,1,23,0.13043478260869565,0.0,0.08695652173913043,0.13043478260869565,0.043478260869565216,0.0,0.0,0.0,0.043478260869565216,0.08695652173913043,0.043478260869565216,0.08695652173913043,0.043478260869565216,0.0,0.08695652173913043,0.043478260869565216,0.043478260869565216,0.08695652173913043,0.0,0.043478260869565216,2668.9313,-2.4420839918127677
584,NVGKAWAEDVLALVKH,inactive - virtual,inactive - virtual,0,Inactive,virtual,1,16,0.1875,0.0,0.0625,0.0625,0.0,0.0625,0.0625,0.0,0.125,0.125,0.0,0.0625,0.0,0.0,0.0,0.0,0.0,0.1875,0.0625,0.0,1750.0063,-0.40936463149672564
585,NVKDLADAAKRT,inactive - virtual,inactive - virtual,0,Inactive,virtual,1,12,0.25,0.0,0.16666666666666666,0.0,0.0,0.0,0.0,0.0,0.16666666666666666,0.08333333333333333,0.0,0.08333333333333333,0.0,0.0,0.08333333333333333,0.0,0.08333333333333333,0.08333333333333333,0.0,0.0,1301.4492,0.5533095323090143
586,NVKDVTKLVAN,inactive - virtual,inactive - virtual,0,Inactive,virtual,1,11,0.09090909090909091,0.0,0.09090909090909091,0.0,0.0,0.0,0.0,0.0,0.18181818181818182,0.09090909090909091,0.0,0.18181818181818182,0.0,0.0,0.0,0.0,0.09090909090909091,0.2727272727272727,0.0,0.0,1200.3848999999998,0.5528881663873828
587,NWDDMEKIWHHTFYN,inactive - virtual,inactive - virtual,0,Inactive,virtual,1,15,0.0,0.0,0.13333333333333333,0.06666666666666667,0.06666666666666667,0.0,0.13333333333333333,0.06666666666666667,0.06666666666666667,0.0,0.06666666666666667,0.13333333333333333,0.0,0.0,0.0,0.0,0.06666666666666667,0.0,0.13333333333333333,0.06666666666666667,2036.1845000000008,-2.372291706165674
588,NYAHLNRGIALYYG,inactive - virtual,inactive - virtual,0,Inactive,virtual,1,14,0.14285714285714285,0.0,0.0,0.0,0.0,0.14285714285714285,0.07142857142857142,0.07142857142857142,0.0,0.14285714285714285,0.0,0.14285714285714285,0.0,0.0,0.07142857142857142,0.0,0.0,0.0,0.0,0.21428571428571427,1624.7962999999997,0.5865374125077658
589,NYEEIYILNHILR,inactive - virtual,inactive - virtual,0,Inactive,virtual,1,13,0.0,0.0,0.0,0.15384615384615385,0.0,0.0,0.07692307692307693,0.23076923076923078,0.0,0.15384615384615385,0.0,0.15384615384615385,0.0,0.0,0.07692307692307693,0.0,0.0,0.0,0.0,0.15384615384615385,1689.9079000000002,-1.4087154729452593
590,NYEKFSETKERLLEKF,inactive - virtual,inactive - virtual,0,Inactive,virtual,1,16,0.0,0.0,0.0,0.25,0.125,0.0,0.0,0.0,0.1875,0.125,0.0,0.0625,0.0,0.0,0.0625,0.0625,0.0625,0.0,0.0,0.0625,2061.2937000000006,-0.4481115775761886
591,PAERYYRDARIT,inactive - virtual,inactive - virtual,0,Inactive,virtual,1,12,0.16666666666666666,0.0,0.08333333333333333,0.08333333333333333,0.0,0.0,0.0,0.08333333333333333,0.0,0.0,0.0,0.0,0.08333333333333333,0.0,0.25,0.0,0.08333333333333333,0.0,0.0,0.16666666666666666,1510.6526999999999,0.8978087679864819
592,PALDILKALVDNLYVEN,inactive - virtual,inactive - virtual,0,Inactive,virtual,1,17,0.11764705882352941,0.0,0.11764705882352941,0.058823529411764705,0.0,0.0,0.0,0.058823529411764705,0.058823529411764705,0.23529411764705882,0.0,0.11764705882352941,0.058823529411764705,0.0,0.0,0.0,0.0,0.11764705882352941,0.0,0.058823529411764705,1900.1758,-2.1016693931583927
593,PATSRKIFKYIRELDE,inactive - virtual,inactive - virtual,0,Inactive,virtual,1,16,0.0625,0.0,0.0625,0.125,0.0625,0.0,0.0,0.125,0.125,0.0625,0.0,0.0,0.0625,0.0,0.125,0.0625,0.0625,0.0,0.0,0.0625,1966.2408,0.8985415411491116
594,PDEVSALRRTTEKNTTTLINLAKQH,inactive - virtual,inactive - virtual,0,Inactive,virtual,1,25,0.08,0.0,0.04,0.08,0.0,0.0,0.04,0.04,0.08,0.12,0.0,0.08,0.04,0.04,0.08,0.04,0.2,0.04,0.0,0.0,2837.1496,0.9355810883357476
595,PDFRKAFKRLL,inactive - virtual,inactive - virtual,0,Inactive,virtual,1,11,0.09090909090909091,0.0,0.09090909090909091,0.0,0.18181818181818182,0.0,0.0,0.0,0.18181818181818182,0.18181818181818182,0.0,0.0,0.09090909090909091,0.0,0.18181818181818182,0.0,0.0,0.0,0.0,0.0,1390.6746,2.8967131252800113
596,PDIKAQYQQRWL,inactive - virtual,inactive - virtual,0,Inactive,virtual,1,12,0.08333333333333333,0.0,0.08333333333333333,0.0,0.0,0.0,0.0,0.08333333333333333,0.08333333333333333,0.08333333333333333,0.0,0.0,0.08333333333333333,0.25,0.08333333333333333,0.0,0.0,0.0,0.08333333333333333,0.08333333333333333,1545.7397,0.8967382435133842
597,PDYREVMETFQE,inactive - virtual,inactive - virtual,0,Inactive,virtual,1,12,0.0,0.0,0.08333333333333333,0.25,0.08333333333333333,0.0,0.0,0.0,0.0,0.0,0.08333333333333333,0.0,0.08333333333333333,0.08333333333333333,0.08333333333333333,0.0,0.08333333333333333,0.08333333333333333,0.0,0.08333333333333333,1543.6527000000003,-3.0953013943430996
598,PEALTVAATEVRRIRDRAIQSDAQVAPMTT,inactive - virtual,inactive - virtual,0,Inactive,virtual,1,30,0.2,0.0,0.06666666666666667,0.06666666666666667,0.0,0.0,0.0,0.06666666666666667,0.0,0.03333333333333333,0.03333333333333333,0.0,0.06666666666666667,0.06666666666666667,0.13333333333333333,0.03333333333333333,0.13333333333333333,0.1,0.0,0.0,3267.671799999999,-0.09563791981747016
599,PEDFANHLFTVFD,inactive - virtual,inactive - virtual,0,Inactive,virtual,1,13,0.07692307692307693,0.0,0.15384615384615385,0.07692307692307693,0.23076923076923078,0.0,0.07692307692307693,0.0,0.0,0.07692307692307693,0.0,0.07692307692307693,0.07692307692307693,0.0,0.0,0.0,0.07692307692307693,0.07692307692307693,0.0,0.0,1551.653,-3.0587624553557156
600,PEKEAVTLGIKALKSSL,inactive - virtual,inactive - virtual,0,Inactive,virtual,1,17,0.11764705882352941,0.0,0.0,0.11764705882352941,0.0,0.058823529411764705,0.0,0.058823529411764705,0.17647058823529413,0.17647058823529413,0.0,0.0,0.058823529411764705,0.0,0.0,0.11764705882352941,0.058823529411764705,0.058823529411764705,0.0,0.0,1784.1023999999998,0.896052806804156
601,PEVQIAILTEQINNLNEHLRV,inactive - virtual,inactive - virtual,0,Inactive,virtual,1,21,0.047619047619047616,0.0,0.0,0.14285714285714285,0.0,0.0,0.047619047619047616,0.14285714285714285,0.0,0.14285714285714285,0.0,0.14285714285714285,0.047619047619047616,0.09523809523809523,0.047619047619047616,0.0,0.047619047619047616,0.09523809523809523,0.0,0.0,2443.7531000000004,-2.0587083313114682
602,PEYEHLYTELTGTIVLLIES,inactive - virtual,inactive - virtual,0,Inactive,virtual,1,20,0.0,0.0,0.0,0.2,0.0,0.05,0.05,0.1,0.0,0.2,0.0,0.0,0.05,0.0,0.0,0.05,0.15,0.05,0.0,0.1,2320.5891000000006,-4.062573637472822
603,PGLRRAWKRLQ,inactive - virtual,inactive - virtual,0,Inactive,virtual,1,11,0.09090909090909091,0.0,0.0,0.0,0.0,0.09090909090909091,0.0,0.0,0.09090909090909091,0.18181818181818182,0.0,0.0,0.09090909090909091,0.09090909090909091,0.2727272727272727,0.0,0.0,0.0,0.09090909090909091,0.0,1380.6434000000002,3.8987471155589177
604,PGRIQRVARGS,inactive - virtual,inactive - virtual,0,Inactive,virtual,1,11,0.09090909090909091,0.0,0.0,0.0,0.0,0.18181818181818182,0.0,0.09090909090909091,0.0,0.0,0.0,0.0,0.09090909090909091,0.09090909090909091,0.2727272727272727,0.09090909090909091,0.0,0.09090909090909091,0.0,0.0,1196.3632,2.901252708226204
605,PIAFIHKAI,inactive - virtual,inactive - virtual,0,Inactive,virtual,1,9,0.2222222222222222,0.0,0.0,0.0,0.1111111111111111,0.0,0.1111111111111111,0.3333333333333333,0.1111111111111111,0.0,0.0,0.0,0.1111111111111111,0.0,0.0,0.0,0.0,0.0,0.0,0.0,1009.2445,0.9354489114350857
606,PIDIDYMISDTLELLR,inactive - virtual,inactive - virtual,0,Inactive,virtual,1,16,0.0,0.0,0.1875,0.0625,0.0,0.0,0.0,0.1875,0.0,0.1875,0.0625,0.0,0.0625,0.0,0.0625,0.0625,0.0625,0.0,0.0,0.0625,1907.1884,-3.098742434569476
607,PIEAFLRLNEELEERG,inactive - virtual,inactive - virtual,0,Inactive,virtual,1,16,0.0625,0.0,0.0,0.3125,0.0625,0.0625,0.0,0.0625,0.0,0.1875,0.0,0.0625,0.0625,0.0,0.125,0.0,0.0,0.0,0.0,0.0,1915.1079000000004,-3.093118368841199
608,PIKFIRKA,inactive - virtual,inactive - virtual,0,Inactive,virtual,1,8,0.125,0.0,0.0,0.0,0.125,0.0,0.0,0.25,0.25,0.0,0.0,0.0,0.125,0.0,0.125,0.0,0.0,0.0,0.0,0.0,972.2277000000001,2.89629175935838
609,PKAYAQHVFRS,inactive - virtual,inactive - virtual,0,Inactive,virtual,1,11,0.18181818181818182,0.0,0.0,0.0,0.09090909090909091,0.0,0.09090909090909091,0.0,0.09090909090909091,0.0,0.0,0.0,0.09090909090909091,0.09090909090909091,0.09090909090909091,0.09090909090909091,0.0,0.09090909090909091,0.0,0.09090909090909091,1303.4680999999998,1.9329182005344263
610,PKPLVSFFQSLLQLVNHDLLEQQN,inactive - virtual,inactive - virtual,0,Inactive,virtual,1,24,0.0,0.0,0.041666666666666664,0.041666666666666664,0.08333333333333333,0.0,0.041666666666666664,0.0,0.041666666666666664,0.25,0.0,0.08333333333333333,0.08333333333333333,0.16666666666666666,0.0,0.08333333333333333,0.0,0.08333333333333333,0.0,0.0,2808.1904999999997,-1.062983843470065
611,PLEELFLEQLEA,inactive - virtual,inactive - virtual,0,Inactive,virtual,1,12,0.08333333333333333,0.0,0.0,0.3333333333333333,0.08333333333333333,0.0,0.0,0.0,0.0,0.3333333333333333,0.0,0.0,0.08333333333333333,0.08333333333333333,0.0,0.0,0.0,0.0,0.0,0.0,1430.5978,-4.094188893314297
612,PLGRLIHMVNQKKDRLLNEYLS,inactive - virtual,inactive - virtual,0,Inactive,virtual,1,22,0.0,0.0,0.045454545454545456,0.045454545454545456,0.0,0.045454545454545456,0.045454545454545456,0.045454545454545456,0.09090909090909091,0.22727272727272727,0.045454545454545456,0.09090909090909091,0.045454545454545456,0.045454545454545456,0.09090909090909091,0.045454545454545456,0.0,0.045454545454545456,0.0,0.045454545454545456,2638.0960000000005,1.9319547347286172
613,PLTKGILGFVFTLT,inactive - virtual,inactive - virtual,0,Inactive,virtual,1,14,0.0,0.0,0.0,0.0,0.14285714285714285,0.14285714285714285,0.0,0.07142857142857142,0.07142857142857142,0.21428571428571427,0.0,0.0,0.07142857142857142,0.0,0.0,0.0,0.21428571428571427,0.07142857142857142,0.0,0.0,1506.8261,0.8988224702590388
614,PNDMSRIFNIVKESL,inactive - virtual,inactive - virtual,0,Inactive,virtual,1,15,0.0,0.0,0.06666666666666667,0.06666666666666667,0.06666666666666667,0.0,0.0,0.13333333333333333,0.06666666666666667,0.06666666666666667,0.06666666666666667,0.13333333333333333,0.06666666666666667,0.0,0.06666666666666667,0.13333333333333333,0.0,0.06666666666666667,0.0,0.0,1763.0232999999998,-0.09963540287948547
615,PNGPTHAPWLLAHKIQ,inactive - virtual,inactive - virtual,0,Inactive,virtual,1,16,0.125,0.0,0.0,0.0,0.0,0.0625,0.125,0.0625,0.0625,0.125,0.0,0.0625,0.1875,0.0625,0.0,0.0,0.0625,0.0,0.0625,0.0,1780.0373000000004,0.9720753526111328
616,PQHERDVIYEEES,inactive - virtual,inactive - virtual,0,Inactive,virtual,1,13,0.0,0.0,0.07692307692307693,0.3076923076923077,0.0,0.0,0.07692307692307693,0.07692307692307693,0.0,0.0,0.0,0.0,0.07692307692307693,0.07692307692307693,0.07692307692307693,0.07692307692307693,0.0,0.07692307692307693,0.0,0.07692307692307693,1630.6672,-4.059646678883905
617,PQSYAMAIARQESA,inactive - virtual,inactive - virtual,0,Inactive,virtual,1,14,0.2857142857142857,0.0,0.0,0.07142857142857142,0.0,0.0,0.0,0.07142857142857142,0.0,0.0,0.07142857142857142,0.0,0.07142857142857142,0.14285714285714285,0.07142857142857142,0.14285714285714285,0.0,0.0,0.0,0.07142857142857142,1522.6816,-0.10008188703448972
618,PQYALELLTVYAWEQGS,inactive - virtual,inactive - virtual,0,Inactive,virtual,1,17,0.11764705882352941,0.0,0.0,0.11764705882352941,0.0,0.058823529411764705,0.0,0.0,0.0,0.17647058823529413,0.0,0.0,0.058823529411764705,0.11764705882352941,0.0,0.058823529411764705,0.058823529411764705,0.058823529411764705,0.058823529411764705,0.11764705882352941,1968.1653000000006,-2.101441600528558
619,PQYSQARVMLVKTISMISIVDDTFDA,inactive - virtual,inactive - virtual,0,Inactive,virtual,1,26,0.07692307692307693,0.0,0.11538461538461539,0.0,0.038461538461538464,0.0,0.0,0.11538461538461539,0.038461538461538464,0.038461538461538464,0.07692307692307693,0.0,0.038461538461538464,0.07692307692307693,0.038461538461538464,0.11538461538461539,0.07692307692307693,0.11538461538461539,0.0,0.038461538461538464,2929.3669999999997,-1.102368788176606
620,PRESFAVLASALALMAAVFERLAVEIRELS,inactive - virtual,inactive - virtual,0,Inactive,virtual,1,30,0.23333333333333334,0.0,0.0,0.13333333333333333,0.06666666666666667,0.0,0.0,0.03333333333333333,0.0,0.16666666666666666,0.03333333333333333,0.0,0.03333333333333333,0.0,0.1,0.1,0.0,0.1,0.0,0.0,3260.803,-1.0942642480144178
621,PRRQQSLALRWLVQAANQ,inactive - virtual,inactive - virtual,0,Inactive,virtual,1,18,0.16666666666666666,0.0,0.0,0.0,0.0,0.0,0.0,0.0,0.0,0.16666666666666666,0.0,0.05555555555555555,0.05555555555555555,0.2222222222222222,0.16666666666666666,0.05555555555555555,0.0,0.05555555555555555,0.05555555555555555,0.0,2135.4316999999996,2.901252708226204
622,PSALIDQEINVLRQQAAQRF,inactive - virtual,inactive - virtual,0,Inactive,virtual,1,20,0.15,0.0,0.05,0.05,0.05,0.0,0.0,0.1,0.0,0.1,0.0,0.05,0.05,0.2,0.1,0.05,0.0,0.05,0.0,0.0,2297.5688999999993,-0.09715492844557261
623,PSDQQNEMVRE,inactive - virtual,inactive - virtual,0,Inactive,virtual,1,11,0.0,0.0,0.09090909090909091,0.18181818181818182,0.0,0.0,0.0,0.0,0.0,0.0,0.09090909090909091,0.09090909090909091,0.09090909090909091,0.18181818181818182,0.09090909090909091,0.09090909090909091,0.0,0.09090909090909091,0.0,0.0,1332.3969,-2.093916562615658
624,PSFFRLHKYMDNIFKKHTD,inactive - virtual,inactive - virtual,0,Inactive,virtual,1,19,0.0,0.0,0.10526315789473684,0.0,0.15789473684210525,0.0,0.10526315789473684,0.05263157894736842,0.15789473684210525,0.05263157894736842,0.05263157894736842,0.05263157894736842,0.05263157894736842,0.0,0.05263157894736842,0.05263157894736842,0.05263157894736842,0.0,0.0,0.05263157894736842,2424.7761,1.9666957359779698
625,PSSQIVGTQAVFNVMMG,inactive - virtual,inactive - virtual,0,Inactive,virtual,1,17,0.058823529411764705,0.0,0.0,0.0,0.058823529411764705,0.11764705882352941,0.0,0.058823529411764705,0.0,0.0,0.11764705882352941,0.058823529411764705,0.058823529411764705,0.11764705882352941,0.0,0.11764705882352941,0.058823529411764705,0.17647058823529413,0.0,0.0,1766.0469000000003,-0.09867193707367528
626,PSVVANTVKGG,inactive - virtual,inactive - virtual,0,Inactive,virtual,1,11,0.09090909090909091,0.0,0.0,0.0,0.0,0.18181818181818182,0.0,0.0,0.09090909090909091,0.0,0.0,0.09090909090909091,0.09090909090909091,0.0,0.0,0.09090909090909091,0.09090909090909091,0.2727272727272727,0.0,0.0,1028.1600999999998,0.8988224702590388
627,PTKEREQVIAHLGL,inactive - virtual,inactive - virtual,0,Inactive,virtual,1,14,0.07142857142857142,0.0,0.0,0.14285714285714285,0.0,0.07142857142857142,0.07142857142857142,0.07142857142857142,0.07142857142857142,0.14285714285714285,0.0,0.0,0.07142857142857142,0.07142857142857142,0.07142857142857142,0.0,0.07142857142857142,0.07142857142857142,0.0,0.0,1590.8219000000001,-0.06233468491859906
628,PTLLDLFAEDIGHANQLLQLVDEEFQALER,inactive - virtual,inactive - virtual,0,Inactive,virtual,1,30,0.1,0.0,0.1,0.13333333333333333,0.06666666666666667,0.03333333333333333,0.03333333333333333,0.03333333333333333,0.0,0.23333333333333334,0.0,0.03333333333333333,0.03333333333333333,0.1,0.03333333333333333,0.0,0.03333333333333333,0.03333333333333333,0.0,0.0,3438.7922,-6.056248117906609
629,PVSDTMDMLTKL,inactive - virtual,inactive - virtual,0,Inactive,virtual,1,12,0.0,0.0,0.16666666666666666,0.0,0.0,0.0,0.0,0.0,0.08333333333333333,0.16666666666666666,0.16666666666666666,0.0,0.08333333333333333,0.0,0.0,0.08333333333333333,0.16666666666666666,0.08333333333333333,0.0,0.0,1350.6009000000001,-1.1002845614309513
630,PWTQRFFESFG,inactive - virtual,inactive - virtual,0,Inactive,virtual,1,11,0.0,0.0,0.0,0.09090909090909091,0.2727272727272727,0.09090909090909091,0.0,0.0,0.0,0.0,0.0,0.0,0.09090909090909091,0.09090909090909091,0.09090909090909091,0.09090909090909091,0.09090909090909091,0.0,0.09090909090909091,0.0,1401.5232000000003,-0.09757629436720405
631,QAGNYASMFWLT,inactive - virtual,inactive - virtual,0,Inactive,virtual,1,12,0.16666666666666666,0.0,0.0,0.0,0.08333333333333333,0.08333333333333333,0.0,0.0,0.0,0.08333333333333333,0.08333333333333333,0.08333333333333333,0.0,0.08333333333333333,0.0,0.08333333333333333,0.08333333333333333,0.0,0.08333333333333333,0.08333333333333333,1388.5459,-0.445052725100336
632,QAKEVLKQHFEKS,inactive - virtual,inactive - virtual,0,Inactive,virtual,1,13,0.07692307692307693,0.0,0.0,0.15384615384615385,0.07692307692307693,0.0,0.07692307692307693,0.0,0.23076923076923078,0.07692307692307693,0.0,0.0,0.0,0.15384615384615385,0.0,0.07692307692307693,0.0,0.07692307692307693,0.0,0.0,1571.7755,0.5888040526208282
633,QARVWVARAVSEHQRFTA,inactive - virtual,inactive - virtual,0,Inactive,virtual,1,18,0.2222222222222222,0.0,0.0,0.05555555555555555,0.05555555555555555,0.0,0.05555555555555555,0.0,0.0,0.0,0.0,0.0,0.0,0.1111111111111111,0.16666666666666666,0.05555555555555555,0.05555555555555555,0.16666666666666666,0.05555555555555555,0.0,2112.3536000000004,1.5951247149827208
634,QASTGSLLNILR,inactive - virtual,inactive - virtual,0,Inactive,virtual,1,12,0.08333333333333333,0.0,0.0,0.0,0.0,0.08333333333333333,0.0,0.08333333333333333,0.0,0.25,0.0,0.08333333333333333,0.0,0.08333333333333333,0.08333333333333333,0.16666666666666666,0.08333333333333333,0.0,0.0,0.0,1272.4509,0.5574277493335762
635,QDDVLEALSAAVR,inactive - virtual,inactive - virtual,0,Inactive,virtual,1,13,0.23076923076923078,0.0,0.15384615384615385,0.07692307692307693,0.0,0.0,0.0,0.0,0.0,0.15384615384615385,0.0,0.0,0.0,0.07692307692307693,0.07692307692307693,0.07692307692307693,0.0,0.15384615384615385,0.0,0.0,1386.5072000000002,-2.4405585214165693
636,QDELVWGAYWLYKAT,inactive - virtual,inactive - virtual,0,Inactive,virtual,1,15,0.13333333333333333,0.0,0.06666666666666667,0.06666666666666667,0.0,0.06666666666666667,0.0,0.0,0.06666666666666667,0.13333333333333333,0.0,0.0,0.0,0.06666666666666667,0.0,0.0,0.06666666666666667,0.06666666666666667,0.13333333333333333,0.13333333333333333,1843.0416,-1.4484966653400582
637,QDLLDRVLAAHAYWSQ,inactive - virtual,inactive - virtual,0,Inactive,virtual,1,16,0.1875,0.0,0.125,0.0,0.0,0.0,0.0625,0.0,0.0,0.1875,0.0,0.0,0.0,0.125,0.0625,0.0625,0.0,0.0625,0.0625,0.0625,1886.0714000000003,-1.4075584338476528
638,QEWVELMVEAKE,inactive - virtual,inactive - virtual,0,Inactive,virtual,1,12,0.08333333333333333,0.0,0.0,0.3333333333333333,0.0,0.0,0.0,0.0,0.08333333333333333,0.08333333333333333,0.08333333333333333,0.0,0.0,0.08333333333333333,0.0,0.0,0.0,0.16666666666666666,0.08333333333333333,0.0,1490.6762,-3.4384771946842614
639,QFRRGANFKFELGEILEND,inactive - virtual,inactive - virtual,0,Inactive,virtual,1,19,0.05263157894736842,0.0,0.05263157894736842,0.15789473684210525,0.15789473684210525,0.10526315789473684,0.0,0.05263157894736842,0.05263157894736842,0.10526315789473684,0.0,0.10526315789473684,0.0,0.05263157894736842,0.10526315789473684,0.0,0.0,0.0,0.0,0.0,2283.4975000000004,-1.4400248833004867
640,QFSRQMLDRKLLLG,inactive - virtual,inactive - virtual,0,Inactive,virtual,1,14,0.0,0.0,0.07142857142857142,0.0,0.07142857142857142,0.07142857142857142,0.0,0.0,0.07142857142857142,0.2857142857142857,0.07142857142857142,0.0,0.0,0.14285714285714285,0.14285714285714285,0.07142857142857142,0.0,0.0,0.0,0.0,1705.0336,1.5553435225879215
641,QGLAEKIFWSLK,inactive - virtual,inactive - virtual,0,Inactive,virtual,1,12,0.08333333333333333,0.0,0.0,0.08333333333333333,0.08333333333333333,0.08333333333333333,0.0,0.08333333333333333,0.16666666666666666,0.16666666666666666,0.0,0.0,0.0,0.08333333333333333,0.0,0.08333333333333333,0.0,0.0,0.08333333333333333,0.0,1419.6661000000001,0.5535624431722228
642,QHLAKLEMKIFFEEL,inactive - virtual,inactive - virtual,0,Inactive,virtual,1,15,0.06666666666666667,0.0,0.0,0.2,0.13333333333333333,0.0,0.06666666666666667,0.06666666666666667,0.13333333333333333,0.2,0.06666666666666667,0.0,0.0,0.06666666666666667,0.0,0.0,0.0,0.0,0.0,0.0,1876.2223000000004,-1.4075695937720414
643,QIKQTNAGAVYRLIDQLG,inactive - virtual,inactive - virtual,0,Inactive,virtual,1,18,0.1111111111111111,0.0,0.05555555555555555,0.0,0.0,0.1111111111111111,0.0,0.1111111111111111,0.05555555555555555,0.1111111111111111,0.0,0.05555555555555555,0.0,0.16666666666666666,0.05555555555555555,0.0,0.05555555555555555,0.05555555555555555,0.0,0.05555555555555555,1988.2478,0.5528630481540096
644,QINEMHLLIQQAR,inactive - virtual,inactive - virtual,0,Inactive,virtual,1,13,0.07692307692307693,0.0,0.0,0.07692307692307693,0.0,0.0,0.07692307692307693,0.15384615384615385,0.0,0.15384615384615385,0.07692307692307693,0.07692307692307693,0.0,0.23076923076923078,0.07692307692307693,0.0,0.0,0.0,0.0,0.0,1593.8487999999998,-0.40482504855053225
645,QIPRIAREKIRGLTEYF,inactive - virtual,inactive - virtual,0,Inactive,virtual,1,17,0.058823529411764705,0.0,0.0,0.11764705882352941,0.058823529411764705,0.058823529411764705,0.0,0.17647058823529413,0.058823529411764705,0.058823529411764705,0.0,0.0,0.058823529411764705,0.058823529411764705,0.17647058823529413,0.0,0.058823529411764705,0.0,0.0,0.058823529411764705,2090.4276000000004,1.5546078494119464
646,QLEESMLYSLN,inactive - virtual,inactive - virtual,0,Inactive,virtual,1,11,0.0,0.0,0.0,0.18181818181818182,0.0,0.0,0.0,0.0,0.0,0.2727272727272727,0.09090909090909091,0.09090909090909091,0.0,0.09090909090909091,0.0,0.18181818181818182,0.0,0.0,0.0,0.09090909090909091,1326.4716999999998,-2.4428112032206473
647,QLLRGVGAAATAVTQALNELLQHVKA,inactive - virtual,inactive - virtual,0,Inactive,virtual,1,26,0.23076923076923078,0.0,0.0,0.038461538461538464,0.0,0.07692307692307693,0.038461538461538464,0.0,0.038461538461538464,0.19230769230769232,0.0,0.038461538461538464,0.0,0.11538461538461539,0.038461538461538464,0.0,0.07692307692307693,0.11538461538461539,0.0,0.0,2673.0755999999997,0.5926693587821821
648,QLVDRLDQSWQYYQDRLMA,inactive - virtual,inactive - virtual,0,Inactive,virtual,1,19,0.05263157894736842,0.0,0.15789473684210525,0.0,0.0,0.0,0.0,0.0,0.0,0.15789473684210525,0.05263157894736842,0.0,0.0,0.21052631578947367,0.10526315789473684,0.05263157894736842,0.0,0.05263157894736842,0.05263157894736842,0.10526315789473684,2428.6769999999997,-1.4462691017693547
649,QLVSFLIRLLKVWIRVVI,inactive - virtual,inactive - virtual,0,Inactive,virtual,1,18,0.0,0.0,0.0,0.0,0.05555555555555555,0.0,0.0,0.16666666666666666,0.05555555555555555,0.2222222222222222,0.0,0.0,0.0,0.05555555555555555,0.1111111111111111,0.05555555555555555,0.0,0.2222222222222222,0.05555555555555555,0.0,2195.7763999999997,2.554897038432917
650,QMSFWGATVITGLFG,inactive - virtual,inactive - virtual,0,Inactive,virtual,1,15,0.06666666666666667,0.0,0.0,0.0,0.13333333333333333,0.2,0.0,0.06666666666666667,0.0,0.06666666666666667,0.06666666666666667,0.0,0.0,0.06666666666666667,0.0,0.06666666666666667,0.13333333333333333,0.06666666666666667,0.06666666666666667,0.0,1614.8611000000005,-0.4425471324330503
651,QPNAILEKVFTA,inactive - virtual,inactive - virtual,0,Inactive,virtual,1,12,0.16666666666666666,0.0,0.0,0.08333333333333333,0.08333333333333333,0.0,0.0,0.08333333333333333,0.08333333333333333,0.08333333333333333,0.0,0.08333333333333333,0.08333333333333333,0.08333333333333333,0.0,0.0,0.08333333333333333,0.08333333333333333,0.0,0.0,1330.5283,-0.4439319641604915
652,QRAFLKLYMITMTE,inactive - virtual,inactive - virtual,0,Inactive,virtual,1,14,0.07142857142857142,0.0,0.0,0.07142857142857142,0.07142857142857142,0.0,0.0,0.07142857142857142,0.07142857142857142,0.14285714285714285,0.14285714285714285,0.0,0.0,0.07142857142857142,0.07142857142857142,0.0,0.14285714285714285,0.0,0.0,0.07142857142857142,1745.114,0.555629811595546
653,QTREHLLLARQI,inactive - virtual,inactive - virtual,0,Inactive,virtual,1,12,0.08333333333333333,0.0,0.0,0.08333333333333333,0.0,0.0,0.08333333333333333,0.08333333333333333,0.0,0.25,0.0,0.0,0.0,0.16666666666666666,0.16666666666666666,0.0,0.08333333333333333,0.0,0.0,0.0,1477.7106,0.595149833216094
654,QVIAKWGAWVKRIEAKFRSL,inactive - virtual,inactive - virtual,0,Inactive,virtual,1,20,0.15,0.0,0.0,0.05,0.05,0.05,0.0,0.1,0.15,0.05,0.0,0.0,0.0,0.05,0.1,0.05,0.0,0.1,0.1,0.0,2386.8375000000005,3.5510066140381906
655,QVIEVLNKQVADWSVLFTKLHNFHWYV,inactive - virtual,inactive - virtual,0,Inactive,virtual,1,27,0.037037037037037035,0.0,0.037037037037037035,0.037037037037037035,0.07407407407407407,0.0,0.07407407407407407,0.037037037037037035,0.07407407407407407,0.1111111111111111,0.0,0.07407407407407407,0.0,0.07407407407407407,0.0,0.037037037037037035,0.037037037037037035,0.18518518518518517,0.07407407407407407,0.037037037037037035,3314.7886,-0.37524378298796446
656,QVTQELRALMDETMKELKAYKSELEE,inactive - virtual,inactive - virtual,0,Inactive,virtual,1,26,0.07692307692307693,0.0,0.038461538461538464,0.23076923076923078,0.0,0.0,0.0,0.0,0.11538461538461539,0.15384615384615385,0.07692307692307693,0.0,0.0,0.07692307692307693,0.038461538461538464,0.038461538461538464,0.07692307692307693,0.038461538461538464,0.0,0.038461538461538464,3113.5152000000003,-3.4433310848847984
657,RAAAIEQLKIWGERVG,inactive - virtual,inactive - virtual,0,Inactive,virtual,1,16,0.1875,0.0,0.0,0.125,0.0,0.125,0.0,0.125,0.0625,0.0625,0.0,0.0,0.0,0.0625,0.125,0.0,0.0,0.0625,0.0625,0.0,1797.0662000000002,0.5571385603126058
658,RDIPELAQLQSEILDAIW,inactive - virtual,inactive - virtual,0,Inactive,virtual,1,18,0.1111111111111111,0.0,0.1111111111111111,0.1111111111111111,0.0,0.0,0.0,0.16666666666666666,0.0,0.16666666666666666,0.0,0.0,0.05555555555555555,0.1111111111111111,0.05555555555555555,0.05555555555555555,0.0,0.0,0.05555555555555555,0.0,2110.3659999999995,-3.4394377604767246
659,REEEKEALRFAEAQ,inactive - virtual,inactive - virtual,0,Inactive,virtual,1,14,0.21428571428571427,0.0,0.0,0.35714285714285715,0.07142857142857142,0.0,0.0,0.0,0.07142857142857142,0.07142857142857142,0.0,0.0,0.0,0.07142857142857142,0.14285714285714285,0.0,0.0,0.0,0.0,0.0,1705.8233000000002,-2.43949915686786
660,REEIYQAFEAIYPVLSEF,inactive - virtual,inactive - virtual,0,Inactive,virtual,1,18,0.1111111111111111,0.0,0.0,0.2222222222222222,0.1111111111111111,0.0,0.0,0.1111111111111111,0.0,0.05555555555555555,0.0,0.0,0.05555555555555555,0.05555555555555555,0.05555555555555555,0.05555555555555555,0.0,0.05555555555555555,0.0,0.1111111111111111,2204.4323,-3.443100392241617
661,REGFLSPLKAYLI,inactive - virtual,inactive - virtual,0,Inactive,virtual,1,13,0.07692307692307693,0.0,0.0,0.07692307692307693,0.07692307692307693,0.07692307692307693,0.0,0.07692307692307693,0.07692307692307693,0.23076923076923078,0.0,0.0,0.07692307692307693,0.0,0.07692307692307693,0.07692307692307693,0.0,0.0,0.0,0.07692307692307693,1506.7864,0.5535373249388496
662,RFESAVETLLDIESQLEDL,inactive - virtual,inactive - virtual,0,Inactive,virtual,1,19,0.05263157894736842,0.0,0.10526315789473684,0.21052631578947367,0.05263157894736842,0.0,0.0,0.05263157894736842,0.0,0.21052631578947367,0.0,0.0,0.0,0.05263157894736842,0.05263157894736842,0.10526315789473684,0.05263157894736842,0.05263157894736842,0.0,0.0,2207.3902000000003,-5.437196238597036
663,RFLIRVYHPLLLKVL,inactive - virtual,inactive - virtual,0,Inactive,virtual,1,15,0.0,0.0,0.0,0.0,0.06666666666666667,0.0,0.06666666666666667,0.06666666666666667,0.06666666666666667,0.3333333333333333,0.0,0.0,0.06666666666666667,0.0,0.13333333333333333,0.0,0.0,0.13333333333333333,0.0,0.06666666666666667,1880.3681000000001,2.589017886941678
664,RFLKRVQPLVNRWLLLI,inactive - virtual,inactive - virtual,0,Inactive,virtual,1,17,0.0,0.0,0.0,0.0,0.058823529411764705,0.0,0.0,0.058823529411764705,0.058823529411764705,0.29411764705882354,0.0,0.058823529411764705,0.058823529411764705,0.058823529411764705,0.17647058823529413,0.0,0.0,0.11764705882352941,0.058823529411764705,0.0,2164.6830000000004,3.554871920199543
665,RFSGKVREDLTKIVWVFFW,inactive - virtual,inactive - virtual,0,Inactive,virtual,1,19,0.0,0.0,0.05263157894736842,0.05263157894736842,0.15789473684210525,0.05263157894736842,0.0,0.05263157894736842,0.10526315789473684,0.05263157894736842,0.0,0.0,0.0,0.0,0.10526315789473684,0.05263157894736842,0.05263157894736842,0.15789473684210525,0.10526315789473684,0.0,2413.8145999999997,1.5539586908604806
666,RFVPRWRTVVGQFKRDILVIFLW,inactive - virtual,inactive - virtual,0,Inactive,virtual,1,23,0.0,0.0,0.043478260869565216,0.0,0.13043478260869565,0.043478260869565216,0.0,0.08695652173913043,0.043478260869565216,0.08695652173913043,0.0,0.0,0.043478260869565216,0.043478260869565216,0.17391304347826086,0.0,0.043478260869565216,0.17391304347826086,0.08695652173913043,0.0,2932.5129999999995,3.5552932861211746
667,RGEQMKGHAATIEDQVRRMIA,inactive - virtual,inactive - virtual,0,Inactive,virtual,1,21,0.14285714285714285,0.0,0.047619047619047616,0.09523809523809523,0.0,0.09523809523809523,0.047619047619047616,0.09523809523809523,0.047619047619047616,0.0,0.09523809523809523,0.0,0.0,0.09523809523809523,0.14285714285714285,0.0,0.047619047619047616,0.047619047619047616,0.0,0.0,2397.7362,0.5941863674102841
668,RGFRGWWLASTILLLVAEK,inactive - virtual,inactive - virtual,0,Inactive,virtual,1,19,0.10526315789473684,0.0,0.0,0.05263157894736842,0.05263157894736842,0.10526315789473684,0.0,0.05263157894736842,0.05263157894736842,0.21052631578947367,0.0,0.0,0.0,0.0,0.10526315789473684,0.05263157894736842,0.05263157894736842,0.05263157894736842,0.10526315789473684,0.0,2216.6252000000004,1.5560177993727615
669,RGQLIREAYED,inactive - virtual,inactive - virtual,0,Inactive,virtual,1,11,0.09090909090909091,0.0,0.09090909090909091,0.18181818181818182,0.0,0.09090909090909091,0.0,0.09090909090909091,0.0,0.09090909090909091,0.0,0.0,0.0,0.09090909090909091,0.18181818181818182,0.0,0.0,0.0,0.0,0.09090909090909091,1349.4489,-1.441145644240331
670,RHSDNINKFLDFIHGI,inactive - virtual,inactive - virtual,0,Inactive,virtual,1,16,0.0,0.0,0.125,0.0,0.125,0.0625,0.125,0.1875,0.0625,0.0625,0.0,0.125,0.0,0.0,0.0625,0.0625,0.0,0.0,0.0,0.0,1926.1385,-0.3709319926716059
671,RIENGLRKRLQSIYRHLEE,inactive - virtual,inactive - virtual,0,Inactive,virtual,1,19,0.0,0.0,0.0,0.15789473684210525,0.0,0.05263157894736842,0.05263157894736842,0.10526315789473684,0.05263157894736842,0.15789473684210525,0.0,0.05263157894736842,0.0,0.05263157894736842,0.21052631578947367,0.05263157894736842,0.0,0.0,0.0,0.05263157894736842,2410.7333,1.5944224199511612
672,RILKNFDSWWGKVIVIL,inactive - virtual,inactive - virtual,0,Inactive,virtual,1,17,0.0,0.0,0.058823529411764705,0.0,0.058823529411764705,0.058823529411764705,0.0,0.17647058823529413,0.11764705882352941,0.11764705882352941,0.0,0.058823529411764705,0.0,0.0,0.058823529411764705,0.058823529411764705,0.0,0.11764705882352941,0.11764705882352941,0.0,2087.5078000000003,1.552863048154009
673,RILQWIIRLLLIVWW,inactive - virtual,inactive - virtual,0,Inactive,virtual,1,15,0.0,0.0,0.0,0.0,0.0,0.0,0.0,0.26666666666666666,0.0,0.26666666666666666,0.0,0.0,0.0,0.06666666666666667,0.13333333333333333,0.0,0.0,0.06666666666666667,0.2,0.0,2021.5373999999997,1.5574026311002025
674,RIWARLQGVFRVVFWL,inactive - virtual,inactive - virtual,0,Inactive,virtual,1,16,0.0625,0.0,0.0,0.0,0.125,0.0625,0.0,0.0625,0.0,0.125,0.0,0.0,0.0,0.0625,0.1875,0.0,0.0,0.1875,0.125,0.0,2046.464,2.5573775128668292
675,RKQSLEQDLQFYYG,inactive - virtual,inactive - virtual,0,Inactive,virtual,1,14,0.0,0.0,0.07142857142857142,0.07142857142857142,0.07142857142857142,0.07142857142857142,0.0,0.0,0.07142857142857142,0.14285714285714285,0.0,0.0,0.0,0.21428571428571427,0.07142857142857142,0.07142857142857142,0.0,0.0,0.0,0.14285714285714285,1774.9263000000003,-0.4485217835734314
676,RLDEAEASARSGIEVL,inactive - virtual,inactive - virtual,0,Inactive,virtual,1,16,0.1875,0.0,0.0625,0.1875,0.0,0.0625,0.0,0.0625,0.0,0.125,0.0,0.0,0.0,0.0,0.125,0.125,0.0,0.0625,0.0,0.0,1715.8595,-2.4387886019252596
677,RLFEQASRLAEHY,inactive - virtual,inactive - virtual,0,Inactive,virtual,1,13,0.15384615384615385,0.0,0.0,0.15384615384615385,0.07692307692307693,0.0,0.07692307692307693,0.0,0.0,0.15384615384615385,0.0,0.0,0.0,0.07692307692307693,0.15384615384615385,0.07692307692307693,0.0,0.0,0.0,0.07692307692307693,1619.7785000000001,-0.40623499851134737
678,RLKSGWRDALKQIVFFFFL,inactive - virtual,inactive - virtual,0,Inactive,virtual,1,19,0.05263157894736842,0.0,0.05263157894736842,0.0,0.21052631578947367,0.05263157894736842,0.0,0.05263157894736842,0.10526315789473684,0.15789473684210525,0.0,0.0,0.0,0.05263157894736842,0.10526315789473684,0.05263157894736842,0.0,0.05263157894736842,0.05263157894736842,0.0,2371.8209,2.552837929920636
679,RLLGKWSAILKNVRFFFFWL,inactive - virtual,inactive - virtual,0,Inactive,virtual,1,20,0.05,0.0,0.0,0.0,0.2,0.05,0.0,0.05,0.1,0.2,0.0,0.05,0.0,0.0,0.1,0.05,0.0,0.05,0.1,0.0,2542.0744,3.552391445765631
680,RLVVLEALTNFLNH,inactive - virtual,inactive - virtual,0,Inactive,virtual,1,14,0.07142857142857142,0.0,0.0,0.07142857142857142,0.07142857142857142,0.0,0.07142857142857142,0.0,0.0,0.2857142857142857,0.0,0.14285714285714285,0.0,0.0,0.07142857142857142,0.0,0.07142857142857142,0.14285714285714285,0.0,0.0,1638.9075000000003,-0.40482504855053225
681,RLWTQWQAIVQEIRFLWLLL,inactive - virtual,inactive - virtual,0,Inactive,virtual,1,20,0.05,0.0,0.0,0.05,0.05,0.0,0.0,0.1,0.0,0.25,0.0,0.0,0.0,0.15,0.1,0.0,0.05,0.05,0.15,0.0,2613.1078,0.5585233920400472
682,RMDEVRTLQENLRQLQDEYDQQQT,inactive - virtual,inactive - virtual,0,Inactive,virtual,1,24,0.0,0.0,0.125,0.125,0.0,0.0,0.0,0.0,0.0,0.125,0.041666666666666664,0.041666666666666664,0.0,0.25,0.125,0.0,0.08333333333333333,0.041666666666666664,0.0,0.041666666666666664,3037.2351999999996,-3.4404263445159087
683,RNEVVSLMQANG,inactive - virtual,inactive - virtual,0,Inactive,virtual,1,12,0.08333333333333333,0.0,0.0,0.08333333333333333,0.0,0.08333333333333333,0.0,0.0,0.0,0.08333333333333333,0.08333333333333333,0.16666666666666666,0.0,0.08333333333333333,0.08333333333333333,0.08333333333333333,0.0,0.16666666666666666,0.0,0.0,1317.4714999999999,-0.4414514897265791
684,RPEDKSKIVAEIR,inactive - virtual,inactive - virtual,0,Inactive,virtual,1,13,0.07692307692307693,0.0,0.07692307692307693,0.15384615384615385,0.0,0.0,0.0,0.15384615384615385,0.15384615384615385,0.0,0.0,0.0,0.07692307692307693,0.0,0.15384615384615385,0.07692307692307693,0.0,0.07692307692307693,0.0,0.0,1540.7633,0.5550794518003253
685,RPEVQDALSAE,inactive - virtual,inactive - virtual,0,Inactive,virtual,1,11,0.18181818181818182,0.0,0.09090909090909091,0.18181818181818182,0.0,0.0,0.0,0.0,0.0,0.09090909090909091,0.0,0.0,0.09090909090909091,0.09090909090909091,0.09090909090909091,0.09090909090909091,0.0,0.09090909090909091,0.0,0.0,1214.2825,-2.4377917579750332
686,RPQLRNLLHEK,inactive - virtual,inactive - virtual,0,Inactive,virtual,1,11,0.0,0.0,0.0,0.09090909090909091,0.0,0.0,0.09090909090909091,0.0,0.09090909090909091,0.2727272727272727,0.0,0.09090909090909091,0.09090909090909091,0.09090909090909091,0.18181818181818182,0.0,0.0,0.0,0.0,0.0,1403.6321,1.5926442405488084
687,RPRIIAAIWHYVKAR,inactive - virtual,inactive - virtual,0,Inactive,virtual,1,15,0.2,0.0,0.0,0.0,0.0,0.0,0.06666666666666667,0.2,0.06666666666666667,0.0,0.0,0.0,0.06666666666666667,0.0,0.2,0.0,0.0,0.06666666666666667,0.06666666666666667,0.06666666666666667,1850.2198000000003,3.5889927687083043
688,RRQELEEFSAALARR,inactive - virtual,inactive - virtual,0,Inactive,virtual,1,15,0.2,0.0,0.0,0.2,0.06666666666666667,0.0,0.0,0.0,0.0,0.13333333333333333,0.0,0.0,0.0,0.06666666666666667,0.26666666666666666,0.06666666666666667,0.0,0.0,0.0,0.0,1832.0293000000001,0.5607146774529896
689,RVIEGIKNVIPKLLTWWP,inactive - virtual,inactive - virtual,0,Inactive,virtual,1,18,0.0,0.0,0.0,0.05555555555555555,0.0,0.05555555555555555,0.0,0.16666666666666666,0.1111111111111111,0.1111111111111111,0.0,0.05555555555555555,0.1111111111111111,0.0,0.05555555555555555,0.0,0.05555555555555555,0.1111111111111111,0.1111111111111111,0.0,2162.6176,1.553537324938849
690,RVNAAIPNIIV,inactive - virtual,inactive - virtual,0,Inactive,virtual,1,11,0.18181818181818182,0.0,0.0,0.0,0.0,0.0,0.0,0.2727272727272727,0.0,0.0,0.0,0.18181818181818182,0.09090909090909091,0.0,0.09090909090909091,0.0,0.0,0.18181818181818182,0.0,0.0,1179.412,0.5574277493335762
691,RVWRWIVKWWLFV,inactive - virtual,inactive - virtual,0,Inactive,virtual,1,13,0.0,0.0,0.0,0.0,0.07692307692307693,0.0,0.0,0.07692307692307693,0.07692307692307693,0.07692307692307693,0.0,0.0,0.0,0.0,0.15384615384615385,0.0,0.0,0.23076923076923078,0.3076923076923077,0.0,1874.2806000000003,2.554897038432917
692,RYGWRTAVDYSWFG,inactive - virtual,inactive - virtual,0,Inactive,virtual,1,14,0.07142857142857142,0.0,0.07142857142857142,0.0,0.07142857142857142,0.14285714285714285,0.0,0.0,0.0,0.0,0.0,0.0,0.0,0.0,0.14285714285714285,0.07142857142857142,0.07142857142857142,0.07142857142857142,0.14285714285714285,0.14285714285714285,1763.9068,0.5528379299206359
693,SAATADFVAMTAMAARIF,inactive - virtual,inactive - virtual,0,Inactive,virtual,1,18,0.3888888888888889,0.0,0.05555555555555555,0.0,0.1111111111111111,0.0,0.0,0.05555555555555555,0.0,0.0,0.1111111111111111,0.0,0.0,0.0,0.05555555555555555,0.05555555555555555,0.1111111111111111,0.05555555555555555,0.0,0.0,1845.1470000000004,-0.7463503217026553
694,SAAWAEWQKAR,inactive - virtual,inactive - virtual,0,Inactive,virtual,1,11,0.36363636363636365,0.0,0.0,0.09090909090909091,0.0,0.0,0.0,0.0,0.09090909090909091,0.0,0.0,0.0,0.0,0.09090909090909091,0.09090909090909091,0.09090909090909091,0.0,0.0,0.18181818181818182,0.0,1303.4252,0.2518183624148991
695,SAEEMVQTLVNDYSALIQELKEGMEVAGEA,inactive - virtual,inactive - virtual,0,Inactive,virtual,1,30,0.13333333333333333,0.0,0.03333333333333333,0.2,0.0,0.06666666666666667,0.0,0.03333333333333333,0.03333333333333333,0.1,0.06666666666666667,0.03333333333333333,0.0,0.06666666666666667,0.0,0.06666666666666667,0.03333333333333333,0.1,0.0,0.03333333333333333,3255.5813,-6.744611823164786
696,SANNIIEEIQMQK,inactive - virtual,inactive - virtual,0,Inactive,virtual,1,13,0.07692307692307693,0.0,0.0,0.15384615384615385,0.0,0.0,0.0,0.23076923076923078,0.07692307692307693,0.0,0.07692307692307693,0.15384615384615385,0.0,0.15384615384615385,0.0,0.07692307692307693,0.0,0.0,0.0,0.0,1517.7032,-1.7470357584118832
697,SASSQNAWLAANRN,inactive - virtual,inactive - virtual,0,Inactive,virtual,1,14,0.2857142857142857,0.0,0.0,0.0,0.0,0.0,0.0,0.0,0.0,0.07142857142857142,0.0,0.21428571428571427,0.0,0.07142857142857142,0.07142857142857142,0.21428571428571427,0.0,0.0,0.07142857142857142,0.0,1489.5489999999998,0.25320319414234005
698,SAVKVLAEESK,inactive - virtual,inactive - virtual,0,Inactive,virtual,1,11,0.18181818181818182,0.0,0.0,0.18181818181818182,0.0,0.0,0.0,0.0,0.18181818181818182,0.09090909090909091,0.0,0.0,0.0,0.0,0.0,0.18181818181818182,0.0,0.18181818181818182,0.0,0.0,1160.3179,-0.7495413510791691
699,SDEFNTVADNLVTFGDSFLQVILDHI,inactive - virtual,inactive - virtual,0,Inactive,virtual,1,26,0.038461538461538464,0.0,0.15384615384615385,0.038461538461538464,0.11538461538461539,0.038461538461538464,0.038461538461538464,0.07692307692307693,0.0,0.11538461538461539,0.0,0.07692307692307693,0.0,0.038461538461538464,0.0,0.07692307692307693,0.07692307692307693,0.11538461538461539,0.0,0.0,2910.1465999999996,-5.707238548888375
700,SDELSRAWEVAYDELAAAIK,inactive - virtual,inactive - virtual,0,Inactive,virtual,1,20,0.25,0.0,0.1,0.15,0.0,0.0,0.0,0.05,0.05,0.1,0.0,0.0,0.0,0.0,0.05,0.1,0.0,0.05,0.05,0.05,2237.4211,-3.747552740062688
701,SDIFNKNMRAHALEK,inactive - virtual,inactive - virtual,0,Inactive,virtual,1,15,0.13333333333333333,0.0,0.06666666666666667,0.06666666666666667,0.06666666666666667,0.0,0.06666666666666667,0.06666666666666667,0.13333333333333333,0.06666666666666667,0.06666666666666667,0.13333333333333333,0.0,0.0,0.06666666666666667,0.06666666666666667,0.0,0.0,0.0,0.0,1774.0095999999999,0.28638569507866496
702,SDIKKLGSSWIINWFFG,inactive - virtual,inactive - virtual,0,Inactive,virtual,1,17,0.0,0.0,0.058823529411764705,0.0,0.11764705882352941,0.11764705882352941,0.0,0.17647058823529413,0.11764705882352941,0.058823529411764705,0.0,0.058823529411764705,0.0,0.0,0.0,0.17647058823529413,0.0,0.0,0.11764705882352941,0.0,1998.2822,0.24866361119614666
703,SDSEISTILSDVVTNER,inactive - virtual,inactive - virtual,0,Inactive,virtual,1,17,0.0,0.0,0.11764705882352941,0.11764705882352941,0.0,0.0,0.0,0.11764705882352941,0.0,0.058823529411764705,0.0,0.058823529411764705,0.0,0.0,0.058823529411764705,0.23529411764705882,0.11764705882352941,0.11764705882352941,0.0,0.0,1864.9581999999996,-3.7436623156679607
704,SDWYLKGRLTSLESQFINALGILET,inactive - virtual,inactive - virtual,0,Inactive,virtual,1,25,0.04,0.0,0.04,0.08,0.04,0.08,0.0,0.08,0.04,0.2,0.0,0.04,0.0,0.04,0.04,0.12,0.08,0.0,0.04,0.04,2855.2008000000005,-1.7491199851575372
705,SEAAKAYMKGLEYQMSGNEQWSKT,inactive - virtual,inactive - virtual,0,Inactive,virtual,1,24,0.125,0.0,0.0,0.125,0.0,0.08333333333333333,0.0,0.0,0.125,0.041666666666666664,0.08333333333333333,0.041666666666666664,0.0,0.08333333333333333,0.0,0.125,0.041666666666666664,0.0,0.041666666666666664,0.08333333333333333,2738.0132000000003,-0.7559373681411814
706,SEEEENNVIEQAKEEIKEAIKKADET,inactive - virtual,inactive - virtual,0,Inactive,virtual,1,26,0.11538461538461539,0.0,0.038461538461538464,0.34615384615384615,0.0,0.0,0.0,0.11538461538461539,0.15384615384615385,0.0,0.0,0.07692307692307693,0.0,0.038461538461538464,0.0,0.038461538461538464,0.038461538461538464,0.038461538461538464,0.0,0.0,3004.1710000000003,-6.746260725679823
707,SEELNSAWTIAYDELAIVIKKEMDDA,inactive - virtual,inactive - virtual,0,Inactive,virtual,1,26,0.15384615384615385,0.0,0.11538461538461539,0.15384615384615385,0.0,0.0,0.0,0.11538461538461539,0.07692307692307693,0.07692307692307693,0.038461538461538464,0.038461538461538464,0.0,0.0,0.0,0.07692307692307693,0.038461538461538464,0.038461538461538464,0.038461538461538464,0.038461538461538464,2955.2489,-5.748465969401751
708,SEERIRSGVKRLSKSRQ,inactive - virtual,inactive - virtual,0,Inactive,virtual,1,17,0.0,0.0,0.0,0.11764705882352941,0.0,0.058823529411764705,0.0,0.058823529411764705,0.11764705882352941,0.058823529411764705,0.0,0.0,0.0,0.058823529411764705,0.23529411764705882,0.23529411764705882,0.0,0.058823529411764705,0.0,0.0,2016.2666,3.250358175987337
709,SEEVLAMVSRKM,inactive - virtual,inactive - virtual,0,Inactive,virtual,1,12,0.08333333333333333,0.0,0.0,0.16666666666666666,0.0,0.0,0.0,0.0,0.08333333333333333,0.08333333333333333,0.16666666666666666,0.0,0.0,0.0,0.08333333333333333,0.16666666666666666,0.0,0.16666666666666666,0.0,0.0,1379.6453999999999,-0.7470608766452567
710,SEEYIQLLKKLI,inactive - virtual,inactive - virtual,0,Inactive,virtual,1,12,0.0,0.0,0.0,0.16666666666666666,0.0,0.0,0.0,0.16666666666666666,0.16666666666666666,0.25,0.0,0.0,0.0,0.08333333333333333,0.0,0.08333333333333333,0.0,0.0,0.0,0.08333333333333333,1476.7556,-0.7520469437464548
711,SEREAVEIIKKN,inactive - virtual,inactive - virtual,0,Inactive,virtual,1,12,0.08333333333333333,0.0,0.0,0.25,0.0,0.0,0.0,0.16666666666666666,0.16666666666666666,0.0,0.0,0.08333333333333333,0.0,0.0,0.08333333333333333,0.08333333333333333,0.0,0.08333333333333333,0.0,0.0,1415.5916,-0.7484457083726976
712,SESAVSHQLRSLRNL,inactive - virtual,inactive - virtual,0,Inactive,virtual,1,15,0.06666666666666667,0.0,0.0,0.06666666666666667,0.0,0.0,0.06666666666666667,0.0,0.0,0.2,0.0,0.06666666666666667,0.0,0.06666666666666667,0.13333333333333333,0.26666666666666666,0.0,0.06666666666666667,0.0,0.0,1696.8627000000001,0.29092527802485835
713,SESKLIEQAFR,inactive - virtual,inactive - virtual,0,Inactive,virtual,1,11,0.09090909090909091,0.0,0.0,0.18181818181818182,0.09090909090909091,0.0,0.0,0.09090909090909091,0.09090909090909091,0.09090909090909091,0.0,0.0,0.0,0.09090909090909091,0.09090909090909091,0.18181818181818182,0.0,0.0,0.0,0.0,1307.4520000000002,-0.7470608766452567
714,SFADFKAQFTDAAIKN,inactive - virtual,inactive - virtual,0,Inactive,virtual,1,16,0.25,0.0,0.125,0.0,0.1875,0.0,0.0,0.0625,0.125,0.0,0.0,0.0625,0.0,0.0625,0.0,0.0625,0.0625,0.0,0.0,0.0,1773.9383000000003,-0.7508899046488482
715,SFDRVMNAIEEN,inactive - virtual,inactive - virtual,0,Inactive,virtual,1,12,0.08333333333333333,0.0,0.08333333333333333,0.16666666666666666,0.08333333333333333,0.0,0.0,0.08333333333333333,0.0,0.0,0.08333333333333333,0.16666666666666666,0.0,0.0,0.08333333333333333,0.08333333333333333,0.0,0.08333333333333333,0.0,0.0,1424.5352,-2.744108799822966
716,SFSRIISELGTRD,inactive - virtual,inactive - virtual,0,Inactive,virtual,1,13,0.0,0.0,0.07692307692307693,0.07692307692307693,0.07692307692307693,0.07692307692307693,0.0,0.15384615384615385,0.0,0.07692307692307693,0.0,0.0,0.0,0.0,0.15384615384615385,0.23076923076923078,0.07692307692307693,0.0,0.0,0.0,1480.6218000000001,-0.7439853677041257
717,SGARRVRIAQTLTEN,inactive - virtual,inactive - virtual,0,Inactive,virtual,1,15,0.13333333333333333,0.0,0.0,0.06666666666666667,0.0,0.06666666666666667,0.0,0.06666666666666667,0.0,0.06666666666666667,0.0,0.06666666666666667,0.0,0.06666666666666667,0.2,0.06666666666666667,0.13333333333333333,0.06666666666666667,0.0,0.0,1671.8566,1.2542737186154378
718,SGDELYELLQHILKQRDHHHHH,inactive - virtual,inactive - virtual,0,Inactive,virtual,1,22,0.0,0.0,0.09090909090909091,0.09090909090909091,0.0,0.045454545454545456,0.2727272727272727,0.045454545454545456,0.045454545454545456,0.18181818181818182,0.0,0.0,0.0,0.09090909090909091,0.045454545454545456,0.045454545454545456,0.0,0.0,0.0,0.045454545454545456,2742.960099999999,-2.528914853946251
719,SGPAYVFYLLDALQNAAIRQ,inactive - virtual,inactive - virtual,0,Inactive,virtual,1,20,0.2,0.0,0.05,0.0,0.05,0.05,0.0,0.05,0.0,0.15,0.0,0.05,0.05,0.1,0.05,0.05,0.0,0.05,0.0,0.1,2210.4864,-0.7513615070372266
720,SGRFWKLYIEAEIKA,inactive - virtual,inactive - virtual,0,Inactive,virtual,1,15,0.13333333333333333,0.0,0.0,0.13333333333333333,0.06666666666666667,0.06666666666666667,0.0,0.13333333333333333,0.13333333333333333,0.06666666666666667,0.0,0.0,0.0,0.0,0.06666666666666667,0.06666666666666667,0.0,0.0,0.06666666666666667,0.06666666666666667,1811.0877,0.247927938020172
721,SGTIKAAHEVLMEMG,inactive - virtual,inactive - virtual,0,Inactive,virtual,1,15,0.13333333333333333,0.0,0.0,0.13333333333333333,0.0,0.13333333333333333,0.06666666666666667,0.06666666666666667,0.06666666666666667,0.06666666666666667,0.13333333333333333,0.0,0.0,0.0,0.0,0.06666666666666667,0.06666666666666667,0.06666666666666667,0.0,0.0,1573.8327000000004,-1.7104093172358363
722,SHAQDIYKEAFNSAWDQY,inactive - virtual,inactive - virtual,0,Inactive,virtual,1,18,0.16666666666666666,0.0,0.1111111111111111,0.05555555555555555,0.05555555555555555,0.0,0.05555555555555555,0.05555555555555555,0.05555555555555555,0.0,0.0,0.05555555555555555,0.0,0.1111111111111111,0.0,0.1111111111111111,0.0,0.0,0.05555555555555555,0.1111111111111111,2173.2527000000005,-2.715648295200242
723,SIDEKYEAEVKKSEIDHHK,inactive - virtual,inactive - virtual,0,Inactive,virtual,1,19,0.05263157894736842,0.0,0.10526315789473684,0.21052631578947367,0.0,0.0,0.10526315789473684,0.10526315789473684,0.21052631578947367,0.0,0.0,0.0,0.0,0.0,0.0,0.10526315789473684,0.0,0.05263157894736842,0.0,0.05263157894736842,2285.4658,-2.680670756539233
724,SIERLLEMESL,inactive - virtual,inactive - virtual,0,Inactive,virtual,1,11,0.0,0.0,0.0,0.2727272727272727,0.0,0.0,0.0,0.09090909090909091,0.0,0.2727272727272727,0.09090909090909091,0.0,0.0,0.0,0.09090909090909091,0.18181818181818182,0.0,0.0,0.0,0.0,1319.5240000000001,-2.7434345230381263
725,SIPHLANLLIERSQ,inactive - virtual,inactive - virtual,0,Inactive,virtual,1,14,0.07142857142857142,0.0,0.0,0.07142857142857142,0.0,0.0,0.07142857142857142,0.14285714285714285,0.0,0.21428571428571427,0.0,0.07142857142857142,0.07142857142857142,0.07142857142857142,0.07142857142857142,0.14285714285714285,0.0,0.0,0.0,0.0,1590.8218,-0.7090496037417684
726,SISRYKTIEWLNYIATEL,inactive - virtual,inactive - virtual,0,Inactive,virtual,1,18,0.05555555555555555,0.0,0.0,0.1111111111111111,0.0,0.0,0.0,0.16666666666666666,0.05555555555555555,0.1111111111111111,0.0,0.05555555555555555,0.0,0.0,0.05555555555555555,0.1111111111111111,0.1111111111111111,0.0,0.05555555555555555,0.1111111111111111,2200.4885000000004,-0.752072061979828
727,SKDALMLEAFEQLLGKRRELLGE,inactive - virtual,inactive - virtual,0,Inactive,virtual,1,23,0.08695652173913043,0.0,0.043478260869565216,0.17391304347826086,0.043478260869565216,0.08695652173913043,0.0,0.0,0.08695652173913043,0.2608695652173913,0.043478260869565216,0.0,0.0,0.043478260869565216,0.08695652173913043,0.043478260869565216,0.0,0.0,0.0,0.0,2647.0550000000007,-1.7448110948545255
728,SKDLAQTSYFMATNSLHLT,inactive - virtual,inactive - virtual,0,Inactive,virtual,1,19,0.10526315789473684,0.0,0.05263157894736842,0.0,0.05263157894736842,0.0,0.05263157894736842,0.0,0.05263157894736842,0.15789473684210525,0.05263157894736842,0.05263157894736842,0.0,0.05263157894736842,0.0,0.15789473684210525,0.15789473684210525,0.0,0.0,0.05263157894736842,2128.3613,-0.7147099476278063
729,SKEDIDTAMKLGAG,inactive - virtual,inactive - virtual,0,Inactive,virtual,1,14,0.14285714285714285,0.0,0.14285714285714285,0.07142857142857142,0.0,0.14285714285714285,0.0,0.07142857142857142,0.14285714285714285,0.07142857142857142,0.07142857142857142,0.0,0.0,0.0,0.0,0.07142857142857142,0.07142857142857142,0.0,0.0,0.0,1435.5995,-1.7497691437090035
730,SKEDVERVKLRINLARNWVKKY,inactive - virtual,inactive - virtual,0,Inactive,virtual,1,22,0.045454545454545456,0.0,0.045454545454545456,0.09090909090909091,0.0,0.0,0.0,0.045454545454545456,0.18181818181818182,0.09090909090909091,0.0,0.09090909090909091,0.0,0.0,0.13636363636363635,0.045454545454545456,0.0,0.13636363636363635,0.045454545454545456,0.045454545454545456,2745.1863000000003,3.2433130003738584
731,SKEEQRDYVFYLAVGNYRL,inactive - virtual,inactive - virtual,0,Inactive,virtual,1,19,0.05263157894736842,0.0,0.05263157894736842,0.10526315789473684,0.05263157894736842,0.05263157894736842,0.0,0.0,0.05263157894736842,0.10526315789473684,0.0,0.05263157894736842,0.0,0.05263157894736842,0.10526315789473684,0.05263157894736842,0.0,0.10526315789473684,0.0,0.15789473684210525,2350.5833000000007,-0.7541562887254827
732,SKIQKELVAIMN,inactive - virtual,inactive - virtual,0,Inactive,virtual,1,12,0.08333333333333333,0.0,0.0,0.08333333333333333,0.0,0.0,0.0,0.16666666666666666,0.16666666666666666,0.08333333333333333,0.08333333333333333,0.08333333333333333,0.0,0.08333333333333333,0.0,0.08333333333333333,0.0,0.08333333333333333,0.0,0.0,1373.6607000000001,0.24933788798098666
733,SKPIQNVESGFIFALVS,inactive - virtual,inactive - virtual,0,Inactive,virtual,1,17,0.058823529411764705,0.0,0.0,0.058823529411764705,0.11764705882352941,0.058823529411764705,0.0,0.11764705882352941,0.058823529411764705,0.058823529411764705,0.0,0.058823529411764705,0.058823529411764705,0.058823529411764705,0.0,0.17647058823529413,0.0,0.11764705882352941,0.0,0.0,1836.0921000000003,-0.7481565193517274
734,SKYLKSLLSLM,inactive - virtual,inactive - virtual,0,Inactive,virtual,1,11,0.0,0.0,0.0,0.0,0.0,0.0,0.0,0.0,0.18181818181818182,0.36363636363636365,0.09090909090909091,0.0,0.0,0.0,0.0,0.2727272727272727,0.0,0.0,0.0,0.09090909090909091,1282.5914,1.2457115343738563
735,SKYRLTVVVAKRAQQLLRH,inactive - virtual,inactive - virtual,0,Inactive,virtual,1,19,0.10526315789473684,0.0,0.0,0.0,0.0,0.0,0.05263157894736842,0.0,0.10526315789473684,0.15789473684210525,0.0,0.0,0.0,0.10526315789473684,0.15789473684210525,0.05263157894736842,0.05263157894736842,0.15789473684210525,0.0,0.05263157894736842,2266.6907,4.2822626208497825
736,SLAEALGWLFVSEGS,inactive - virtual,inactive - virtual,0,Inactive,virtual,1,15,0.13333333333333333,0.0,0.0,0.13333333333333333,0.06666666666666667,0.13333333333333333,0.0,0.0,0.0,0.2,0.0,0.0,0.0,0.0,0.0,0.2,0.0,0.06666666666666667,0.06666666666666667,0.0,1565.7211000000002,-2.7445301657445973
737,SLEQQFSIRSFATQVQNM,inactive - virtual,inactive - virtual,0,Inactive,virtual,1,18,0.05555555555555555,0.0,0.0,0.05555555555555555,0.1111111111111111,0.0,0.0,0.05555555555555555,0.0,0.05555555555555555,0.05555555555555555,0.05555555555555555,0.0,0.2222222222222222,0.05555555555555555,0.16666666666666666,0.05555555555555555,0.05555555555555555,0.0,0.0,2114.3379,-0.7456760449178153
738,SLESLIDMITSI,inactive - virtual,inactive - virtual,0,Inactive,virtual,1,12,0.0,0.0,0.08333333333333333,0.08333333333333333,0.0,0.0,0.0,0.25,0.0,0.16666666666666666,0.08333333333333333,0.0,0.0,0.0,0.0,0.25,0.08333333333333333,0.0,0.0,0.0,1321.5365000000002,-2.745204442529437
739,SLKDQLALAIGKLG,inactive - virtual,inactive - virtual,0,Inactive,virtual,1,14,0.14285714285714285,0.0,0.07142857142857142,0.0,0.0,0.14285714285714285,0.0,0.07142857142857142,0.14285714285714285,0.2857142857142857,0.0,0.0,0.0,0.07142857142857142,0.0,0.07142857142857142,0.0,0.0,0.0,0.0,1426.7002,0.24866361119614666
740,SLLPTLSAIAEL,inactive - virtual,inactive - virtual,0,Inactive,virtual,1,12,0.16666666666666666,0.0,0.0,0.08333333333333333,0.0,0.0,0.0,0.08333333333333333,0.0,0.3333333333333333,0.0,0.0,0.08333333333333333,0.0,0.0,0.16666666666666666,0.08333333333333333,0.0,0.0,0.0,1227.4468000000002,-1.7456509266844416
741,SLPEMFDKMRPYYEESKKRVKE,inactive - virtual,inactive - virtual,0,Inactive,virtual,1,22,0.0,0.0,0.045454545454545456,0.18181818181818182,0.045454545454545456,0.0,0.0,0.0,0.18181818181818182,0.045454545454545456,0.09090909090909091,0.0,0.09090909090909091,0.0,0.09090909090909091,0.09090909090909091,0.0,0.045454545454545456,0.0,0.09090909090909091,2791.2051000000006,0.24516653447633274
742,SMDHRIERLEYYIQLLVK,inactive - virtual,inactive - virtual,0,Inactive,virtual,1,18,0.0,0.0,0.05555555555555555,0.1111111111111111,0.0,0.0,0.05555555555555555,0.1111111111111111,0.05555555555555555,0.16666666666666666,0.05555555555555555,0.0,0.0,0.05555555555555555,0.1111111111111111,0.05555555555555555,0.0,0.05555555555555555,0.0,0.1111111111111111,2306.6816000000003,-0.7150242548821497
743,SNEQRQDIAFAYQRRTK,inactive - virtual,inactive - virtual,0,Inactive,virtual,1,17,0.11764705882352941,0.0,0.058823529411764705,0.058823529411764705,0.058823529411764705,0.0,0.0,0.058823529411764705,0.058823529411764705,0.0,0.0,0.058823529411764705,0.0,0.17647058823529413,0.17647058823529413,0.058823529411764705,0.058823529411764705,0.0,0.0,0.058823529411764705,2111.2779000000005,1.2497090174358712
744,SNEVMRILISRSLLQE,inactive - virtual,inactive - virtual,0,Inactive,virtual,1,16,0.0,0.0,0.0,0.125,0.0,0.0,0.0,0.125,0.0,0.1875,0.0625,0.0625,0.0,0.0625,0.125,0.1875,0.0,0.0625,0.0,0.0,1888.1934,-0.7424879155546473
745,SNTELQAVDGRFKRAVASMEAARALTNN,inactive - virtual,inactive - virtual,0,Inactive,virtual,1,28,0.21428571428571427,0.0,0.03571428571428571,0.07142857142857142,0.03571428571428571,0.03571428571428571,0.0,0.0,0.03571428571428571,0.07142857142857142,0.03571428571428571,0.10714285714285714,0.0,0.03571428571428571,0.10714285714285714,0.07142857142857142,0.07142857142857142,0.07142857142857142,0.0,0.0,3021.3251999999993,0.2533353710430015
746,SPAEVRDLDFANDASKVLGSIAGKLEK,inactive - virtual,inactive - virtual,0,Inactive,virtual,1,27,0.14814814814814814,0.0,0.1111111111111111,0.07407407407407407,0.037037037037037035,0.07407407407407407,0.0,0.037037037037037035,0.1111111111111111,0.1111111111111111,0.0,0.037037037037037035,0.037037037037037035,0.0,0.037037037037037035,0.1111111111111111,0.0,0.07407407407407407,0.0,0.0,2831.1382000000003,-1.750732609514814
747,SPAQAEALGVWRRYRAYFDA,inactive - virtual,inactive - virtual,0,Inactive,virtual,1,20,0.25,0.0,0.05,0.05,0.05,0.05,0.0,0.0,0.0,0.05,0.0,0.0,0.05,0.05,0.15,0.05,0.0,0.05,0.05,0.1,2327.555,0.24970901743587115
748,SPAVIDYVNRLEEIRDNV,inactive - virtual,inactive - virtual,0,Inactive,virtual,1,18,0.05555555555555555,0.0,0.1111111111111111,0.1111111111111111,0.0,0.0,0.0,0.1111111111111111,0.0,0.05555555555555555,0.0,0.1111111111111111,0.05555555555555555,0.0,0.1111111111111111,0.05555555555555555,0.0,0.16666666666666666,0.0,0.05555555555555555,2102.3041000000003,-2.74619302656862
749,SPAVQMKIKELYRRR,inactive - virtual,inactive - virtual,0,Inactive,virtual,1,15,0.06666666666666667,0.0,0.0,0.06666666666666667,0.0,0.0,0.0,0.06666666666666667,0.13333333333333333,0.06666666666666667,0.06666666666666667,0.0,0.06666666666666667,0.06666666666666667,0.2,0.06666666666666667,0.0,0.06666666666666667,0.0,0.06666666666666667,1875.246,3.2467569406135803
750,SPEEAAALVDGLR,inactive - virtual,inactive - virtual,0,Inactive,virtual,1,13,0.23076923076923078,0.0,0.07692307692307693,0.15384615384615385,0.0,0.07692307692307693,0.0,0.0,0.0,0.15384615384615385,0.0,0.0,0.07692307692307693,0.0,0.07692307692307693,0.07692307692307693,0.0,0.07692307692307693,0.0,0.0,1327.4401,-2.744108799822966
751,SPEEKEEWMKSIKASISR,inactive - virtual,inactive - virtual,0,Inactive,virtual,1,18,0.05555555555555555,0.0,0.0,0.2222222222222222,0.0,0.0,0.0,0.1111111111111111,0.16666666666666666,0.0,0.05555555555555555,0.0,0.05555555555555555,0.0,0.05555555555555555,0.2222222222222222,0.0,0.0,0.05555555555555555,0.0,2135.3973,-0.749830540100139
752,SPEHRQELIER,inactive - virtual,inactive - virtual,0,Inactive,virtual,1,11,0.0,0.0,0.0,0.2727272727272727,0.0,0.0,0.09090909090909091,0.09090909090909091,0.0,0.09090909090909091,0.0,0.0,0.09090909090909091,0.09090909090909091,0.18181818181818182,0.09090909090909091,0.0,0.0,0.0,0.0,1393.5049000000001,-1.7068332000954527
753,SPEIASGLKKLIRE,inactive - virtual,inactive - virtual,0,Inactive,virtual,1,14,0.07142857142857142,0.0,0.0,0.14285714285714285,0.0,0.07142857142857142,0.0,0.14285714285714285,0.14285714285714285,0.14285714285714285,0.0,0.0,0.07142857142857142,0.0,0.07142857142857142,0.14285714285714285,0.0,0.0,0.0,0.0,1540.803,0.2525260173441546
754,SPEQMQVLLDQAG,inactive - virtual,inactive - virtual,0,Inactive,virtual,1,13,0.07692307692307693,0.0,0.07692307692307693,0.07692307692307693,0.0,0.07692307692307693,0.0,0.0,0.0,0.15384615384615385,0.07692307692307693,0.0,0.07692307692307693,0.23076923076923078,0.0,0.07692307692307693,0.0,0.07692307692307693,0.0,0.0,1415.5682,-2.745204442529437
755,SPEVVVARGEQE,inactive - virtual,inactive - virtual,0,Inactive,virtual,1,12,0.08333333333333333,0.0,0.0,0.25,0.0,0.08333333333333333,0.0,0.0,0.0,0.0,0.0,0.0,0.08333333333333333,0.08333333333333333,0.08333333333333333,0.08333333333333333,0.0,0.25,0.0,0.0,1299.3869000000002,-2.74134203638143
756,SPKEAYAYLEKLRSIIQYTG,inactive - virtual,inactive - virtual,0,Inactive,virtual,1,20,0.1,0.0,0.0,0.1,0.0,0.05,0.0,0.1,0.1,0.1,0.0,0.0,0.05,0.05,0.05,0.1,0.05,0.0,0.0,0.15,2330.6336,0.24291675268560065
757,SPKESEVLRLFAEG,inactive - virtual,inactive - virtual,0,Inactive,virtual,1,14,0.07142857142857142,0.0,0.0,0.21428571428571427,0.07142857142857142,0.07142857142857142,0.0,0.0,0.07142857142857142,0.14285714285714285,0.0,0.0,0.07142857142857142,0.0,0.07142857142857142,0.14285714285714285,0.0,0.07142857142857142,0.0,0.0,1561.7342999999998,-1.745940115705412
758,SPKSTYSYWASVLN,inactive - virtual,inactive - virtual,0,Inactive,virtual,1,14,0.07142857142857142,0.0,0.0,0.0,0.0,0.0,0.0,0.0,0.07142857142857142,0.07142857142857142,0.0,0.07142857142857142,0.07142857142857142,0.0,0.0,0.2857142857142857,0.07142857142857142,0.07142857142857142,0.07142857142857142,0.14285714285714285,1602.7413000000001,0.2457115343738563
759,SPSKSLQMILRRALGDFENMLAD,inactive - virtual,inactive - virtual,0,Inactive,virtual,1,23,0.08695652173913043,0.0,0.08695652173913043,0.043478260869565216,0.043478260869565216,0.043478260869565216,0.0,0.043478260869565216,0.043478260869565216,0.17391304347826086,0.08695652173913043,0.043478260869565216,0.043478260869565216,0.043478260869565216,0.08695652173913043,0.13043478260869565,0.0,0.0,0.0,0.0,2592.9876,-0.7460444762164067
760,SPVVIKKRIEGLIER,inactive - virtual,inactive - virtual,0,Inactive,virtual,1,15,0.0,0.0,0.0,0.13333333333333333,0.0,0.06666666666666667,0.0,0.2,0.13333333333333333,0.06666666666666667,0.0,0.0,0.06666666666666667,0.0,0.13333333333333333,0.06666666666666667,0.0,0.13333333333333333,0.0,0.0,1737.0955000000004,1.2504084124540835
761,SQESINQLVYMG,inactive - virtual,inactive - virtual,0,Inactive,virtual,1,12,0.0,0.0,0.0,0.08333333333333333,0.0,0.08333333333333333,0.0,0.08333333333333333,0.0,0.08333333333333333,0.08333333333333333,0.08333333333333333,0.0,0.16666666666666666,0.0,0.16666666666666666,0.0,0.08333333333333333,0.0,0.08333333333333333,1368.5115999999996,-1.7481565193517272
762,SQRQRDELNRAIADYLRSN,inactive - virtual,inactive - virtual,0,Inactive,virtual,1,19,0.10526315789473684,0.0,0.10526315789473684,0.05263157894736842,0.0,0.0,0.0,0.05263157894736842,0.0,0.10526315789473684,0.0,0.10526315789473684,0.0,0.10526315789473684,0.21052631578947367,0.10526315789473684,0.0,0.0,0.0,0.05263157894736842,2305.4669000000004,0.2526359760247878
763,SRAITQYIAHR,inactive - virtual,inactive - virtual,0,Inactive,virtual,1,11,0.18181818181818182,0.0,0.0,0.0,0.0,0.0,0.09090909090909091,0.18181818181818182,0.0,0.0,0.0,0.0,0.0,0.09090909090909091,0.18181818181818182,0.09090909090909091,0.09090909090909091,0.0,0.0,0.09090909090909091,1315.4806,1.287298924417728
764,SRAKASFDTRVAAAELALNR,inactive - virtual,inactive - virtual,0,Inactive,virtual,1,20,0.3,0.0,0.05,0.05,0.05,0.0,0.0,0.0,0.05,0.1,0.0,0.05,0.0,0.0,0.15,0.1,0.05,0.05,0.0,0.0,2147.3946000000005,1.2522146101031568
765,SRDLQEKYERHMEKLIELANKEVERT,inactive - virtual,inactive - virtual,0,Inactive,virtual,1,26,0.038461538461538464,0.0,0.038461538461538464,0.23076923076923078,0.0,0.0,0.038461538461538464,0.038461538461538464,0.11538461538461539,0.11538461538461539,0.038461538461538464,0.038461538461538464,0.0,0.038461538461538464,0.11538461538461539,0.038461538461538464,0.038461538461538464,0.038461538461538464,0.0,0.038461538461538464,3245.6215000000007,-1.713071922023432
766,SRKALTEGNIMAVQAMAYFKELIQKRKRH,inactive - virtual,inactive - virtual,0,Inactive,virtual,1,29,0.13793103448275862,0.0,0.0,0.06896551724137931,0.034482758620689655,0.034482758620689655,0.034482758620689655,0.06896551724137931,0.13793103448275862,0.06896551724137931,0.06896551724137931,0.034482758620689655,0.0,0.06896551724137931,0.10344827586206896,0.034482758620689655,0.034482758620689655,0.034482758620689655,0.0,0.034482758620689655,3419.0344000000005,4.2794929573949005
767,SRPLHISTFINELDSGFRLL,inactive - virtual,inactive - virtual,0,Inactive,virtual,1,20,0.0,0.0,0.05,0.05,0.1,0.05,0.05,0.1,0.0,0.2,0.0,0.05,0.05,0.0,0.1,0.15,0.05,0.0,0.0,0.0,2315.6255,-0.708628237820137
768,SRWGVLILVAL,inactive - virtual,inactive - virtual,0,Inactive,virtual,1,11,0.09090909090909091,0.0,0.0,0.0,0.0,0.09090909090909091,0.0,0.09090909090909091,0.0,0.2727272727272727,0.0,0.0,0.0,0.0,0.09090909090909091,0.09090909090909091,0.0,0.18181818181818182,0.09090909090909091,0.0,1226.5097999999998,0.25320319414234005
769,SSAVSRIISKLKQ,inactive - virtual,inactive - virtual,0,Inactive,virtual,1,13,0.07692307692307693,0.0,0.0,0.0,0.0,0.0,0.0,0.15384615384615385,0.15384615384615385,0.07692307692307693,0.0,0.0,0.0,0.07692307692307693,0.07692307692307693,0.3076923076923077,0.0,0.07692307692307693,0.0,0.0,1416.6656999999998,2.2481920088077687
770,SSQNWQRFYQLTKLLDSMHEVVENLL,inactive - virtual,inactive - virtual,0,Inactive,virtual,1,26,0.0,0.0,0.038461538461538464,0.07692307692307693,0.038461538461538464,0.0,0.038461538461538464,0.0,0.038461538461538464,0.19230769230769232,0.038461538461538464,0.07692307692307693,0.0,0.11538461538461539,0.038461538461538464,0.11538461538461539,0.038461538461538464,0.07692307692307693,0.038461538461538464,0.038461538461538464,3179.5594999999994,-1.7124935439814903
771,SSREWFSTLYRLFIG,inactive - virtual,inactive - virtual,0,Inactive,virtual,1,15,0.0,0.0,0.0,0.06666666666666667,0.13333333333333333,0.06666666666666667,0.0,0.06666666666666667,0.0,0.13333333333333333,0.0,0.0,0.0,0.0,0.13333333333333333,0.2,0.06666666666666667,0.0,0.06666666666666667,0.06666666666666667,1862.0913,0.2517932441815258
772,STATFYDAKKFLIQE,inactive - virtual,inactive - virtual,0,Inactive,virtual,1,15,0.13333333333333333,0.0,0.06666666666666667,0.06666666666666667,0.13333333333333333,0.0,0.0,0.06666666666666667,0.13333333333333333,0.06666666666666667,0.0,0.0,0.0,0.06666666666666667,0.0,0.06666666666666667,0.13333333333333333,0.0,0.0,0.06666666666666667,1761.9674000000005,-0.7506287338745974
773,STEVVALSRLQGSLQDMLWQLDLS,inactive - virtual,inactive - virtual,0,Inactive,virtual,1,24,0.041666666666666664,0.0,0.08333333333333333,0.041666666666666664,0.0,0.041666666666666664,0.0,0.0,0.0,0.25,0.041666666666666664,0.0,0.0,0.125,0.041666666666666664,0.16666666666666666,0.041666666666666664,0.08333333333333333,0.041666666666666664,0.0,2690.0331999999994,-2.7447830766078054
774,STLVQTPALRAVGNIV,inactive - virtual,inactive - virtual,0,Inactive,virtual,1,16,0.125,0.0,0.0,0.0,0.0,0.0625,0.0,0.0625,0.0,0.125,0.0,0.0625,0.0625,0.0625,0.0625,0.0625,0.125,0.1875,0.0,0.0,1638.9060000000004,0.25320319414234005
775,STLVSVAVALAAYKTG,inactive - virtual,inactive - virtual,0,Inactive,virtual,1,16,0.25,0.0,0.0,0.0,0.0,0.0625,0.0,0.0,0.0625,0.125,0.0,0.0,0.0,0.0,0.0,0.125,0.125,0.1875,0.0,0.0625,1550.7943,0.24821712704114218
776,SVADHSYRVAFITLLLAEELKKK,inactive - virtual,inactive - virtual,0,Inactive,virtual,1,23,0.13043478260869565,0.0,0.043478260869565216,0.08695652173913043,0.043478260869565216,0.0,0.043478260869565216,0.043478260869565216,0.13043478260869565,0.17391304347826086,0.0,0.0,0.0,0.0,0.043478260869565216,0.08695652173913043,0.043478260869565216,0.08695652173913043,0.0,0.043478260869565216,2632.0618000000004,0.28249527068393787
777,SVEGLQEFVKNLVGYYI,inactive - virtual,inactive - virtual,0,Inactive,virtual,1,17,0.0,0.0,0.0,0.11764705882352941,0.058823529411764705,0.11764705882352941,0.0,0.058823529411764705,0.058823529411764705,0.11764705882352941,0.0,0.058823529411764705,0.0,0.058823529411764705,0.0,0.058823529411764705,0.0,0.17647058823529413,0.0,0.11764705882352941,1958.2133,-1.7520469437464545
778,SVEKKVPLLHNFHSFL,inactive - virtual,inactive - virtual,0,Inactive,virtual,1,16,0.0,0.0,0.0,0.0625,0.125,0.0,0.125,0.0,0.125,0.1875,0.0,0.0625,0.0625,0.0,0.0,0.125,0.0,0.125,0.0,0.0,1895.2073,0.32259077033308037
779,SVEVAELWSTFMQKWIAYTAAVIDAERDR,inactive - virtual,inactive - virtual,0,Inactive,virtual,1,29,0.1724137931034483,0.0,0.06896551724137931,0.10344827586206896,0.034482758620689655,0.0,0.0,0.06896551724137931,0.034482758620689655,0.034482758620689655,0.034482758620689655,0.0,0.0,0.034482758620689655,0.06896551724137931,0.06896551724137931,0.06896551724137931,0.10344827586206896,0.06896551724137931,0.034482758620689655,3386.7855,-2.7475778582960615
780,SVLENHHLAVGFKL,inactive - virtual,inactive - virtual,0,Inactive,virtual,1,14,0.07142857142857142,0.0,0.0,0.07142857142857142,0.07142857142857142,0.07142857142857142,0.14285714285714285,0.0,0.07142857142857142,0.21428571428571427,0.0,0.07142857142857142,0.0,0.0,0.0,0.07142857142857142,0.0,0.14285714285714285,0.0,0.0,1563.7979,-0.6749036369996335
781,SVNSEIYQRVMESFKKEG,inactive - virtual,inactive - virtual,0,Inactive,virtual,1,18,0.0,0.0,0.0,0.16666666666666666,0.05555555555555555,0.05555555555555555,0.0,0.05555555555555555,0.1111111111111111,0.0,0.05555555555555555,0.05555555555555555,0.0,0.05555555555555555,0.05555555555555555,0.16666666666666666,0.0,0.1111111111111111,0.0,0.05555555555555555,2131.3652000000006,-0.7509513010399833
782,SVPYFIENLKQHIEMN,inactive - virtual,inactive - virtual,0,Inactive,virtual,1,16,0.0,0.0,0.0,0.125,0.0625,0.0,0.0625,0.125,0.0625,0.0625,0.0625,0.125,0.0625,0.0625,0.0,0.0625,0.0,0.0625,0.0,0.0625,1962.2286000000008,-1.712914909903122
783,SVRKVFHLVRIKQVAWANEG,inactive - virtual,inactive - virtual,0,Inactive,virtual,1,20,0.1,0.0,0.0,0.05,0.05,0.05,0.05,0.05,0.1,0.05,0.0,0.05,0.0,0.05,0.1,0.05,0.0,0.2,0.05,0.0,2337.7237,2.285914092690286
784,SVSRAAITAAY,inactive - virtual,inactive - virtual,0,Inactive,virtual,1,11,0.36363636363636365,0.0,0.0,0.0,0.0,0.0,0.0,0.09090909090909091,0.0,0.0,0.0,0.0,0.0,0.0,0.09090909090909091,0.18181818181818182,0.09090909090909091,0.09090909090909091,0.0,0.09090909090909091,1109.2329,0.2506976014750544
785,SVSSIKQAVDFLSNE,inactive - virtual,inactive - virtual,0,Inactive,virtual,1,15,0.06666666666666667,0.0,0.06666666666666667,0.06666666666666667,0.06666666666666667,0.0,0.0,0.06666666666666667,0.06666666666666667,0.06666666666666667,0.0,0.06666666666666667,0.0,0.06666666666666667,0.0,0.26666666666666666,0.0,0.13333333333333333,0.0,0.0,1623.7588999999998,-1.7456175485400258
786,SVTELITKAVSA,inactive - virtual,inactive - virtual,0,Inactive,virtual,1,12,0.16666666666666666,0.0,0.0,0.08333333333333333,0.0,0.0,0.0,0.08333333333333333,0.08333333333333333,0.08333333333333333,0.0,0.0,0.0,0.0,0.0,0.16666666666666666,0.16666666666666666,0.16666666666666666,0.0,0.0,1218.397,-0.7481565193517274
787,SVTKILQRFEDAGG,inactive - virtual,inactive - virtual,0,Inactive,virtual,1,14,0.07142857142857142,0.0,0.07142857142857142,0.07142857142857142,0.07142857142857142,0.14285714285714285,0.0,0.07142857142857142,0.07142857142857142,0.07142857142857142,0.0,0.0,0.0,0.07142857142857142,0.07142857142857142,0.07142857142857142,0.07142857142857142,0.07142857142857142,0.0,0.0,1520.6856,-0.7477351534300962
788,SVWASISSYLDELTEGL,inactive - virtual,inactive - virtual,0,Inactive,virtual,1,17,0.058823529411764705,0.0,0.058823529411764705,0.11764705882352941,0.0,0.058823529411764705,0.0,0.058823529411764705,0.0,0.17647058823529413,0.0,0.0,0.0,0.0,0.0,0.23529411764705882,0.058823529411764705,0.058823529411764705,0.058823529411764705,0.058823529411764705,1870.0175000000004,-3.746589274256878
789,SWQSLKDRYLKHL,inactive - virtual,inactive - virtual,0,Inactive,virtual,1,13,0.0,0.0,0.07692307692307693,0.0,0.0,0.0,0.07692307692307693,0.0,0.15384615384615385,0.23076923076923078,0.0,0.0,0.0,0.07692307692307693,0.07692307692307693,0.15384615384615385,0.0,0.0,0.07692307692307693,0.07692307692307693,1673.912,1.2827593414715346
790,SYKDLFLELYGKIKD,inactive - virtual,inactive - virtual,0,Inactive,virtual,1,15,0.0,0.0,0.13333333333333333,0.06666666666666667,0.06666666666666667,0.06666666666666667,0.0,0.06666666666666667,0.2,0.2,0.0,0.0,0.0,0.0,0.0,0.06666666666666667,0.0,0.0,0.0,0.13333333333333333,1832.1002000000003,-0.7560166104188029
791,TAAQELMIQQLVAAQLQ,inactive - virtual,inactive - virtual,0,Inactive,virtual,1,17,0.23529411764705882,0.0,0.0,0.058823529411764705,0.0,0.0,0.0,0.058823529411764705,0.0,0.17647058823529413,0.058823529411764705,0.0,0.0,0.29411764705882354,0.0,0.0,0.058823529411764705,0.058823529411764705,0.0,0.0,1856.1481999999996,-1.7904868427636826
792,TAEQRREMLEAKRKQIINFISRN,inactive - virtual,inactive - virtual,0,Inactive,virtual,1,23,0.08695652173913043,0.0,0.0,0.13043478260869565,0.043478260869565216,0.0,0.0,0.13043478260869565,0.08695652173913043,0.043478260869565216,0.043478260869565216,0.08695652173913043,0.0,0.08695652173913043,0.17391304347826086,0.043478260869565216,0.043478260869565216,0.0,0.0,0.0,2832.2455000000004,2.206643020847941
793,TAESFYNQGIRLSFEQWG,inactive - virtual,inactive - virtual,0,Inactive,virtual,1,18,0.05555555555555555,0.0,0.0,0.1111111111111111,0.1111111111111111,0.1111111111111111,0.0,0.05555555555555555,0.0,0.05555555555555555,0.0,0.05555555555555555,0.0,0.1111111111111111,0.05555555555555555,0.1111111111111111,0.05555555555555555,0.0,0.05555555555555555,0.05555555555555555,2133.2749,-1.7918967927244975
794,TAHEAVLDFLTGRVEVFT,inactive - virtual,inactive - virtual,0,Inactive,virtual,1,18,0.1111111111111111,0.0,0.05555555555555555,0.1111111111111111,0.1111111111111111,0.05555555555555555,0.05555555555555555,0.0,0.0,0.1111111111111111,0.0,0.0,0.0,0.0,0.05555555555555555,0.0,0.16666666666666666,0.16666666666666666,0.0,0.0,2005.2303000000002,-2.75231827472616
795,TAKQIQAAYLLVENELM,inactive - virtual,inactive - virtual,0,Inactive,virtual,1,17,0.17647058823529413,0.0,0.0,0.11764705882352941,0.0,0.0,0.0,0.058823529411764705,0.058823529411764705,0.17647058823529413,0.058823529411764705,0.058823529411764705,0.0,0.11764705882352941,0.0,0.0,0.058823529411764705,0.058823529411764705,0.0,0.058823529411764705,1935.2448,-1.79437726715841
796,TAPEMTALVGGMRVLG,inactive - virtual,inactive - virtual,0,Inactive,virtual,1,16,0.125,0.0,0.0,0.0625,0.0,0.1875,0.0,0.0,0.0,0.125,0.125,0.0,0.0625,0.0,0.0625,0.0,0.125,0.125,0.0,0.0,1602.9169000000002,-0.7905119609970561
797,TDAEAKQLAQWILS,inactive - virtual,inactive - virtual,0,Inactive,virtual,1,14,0.21428571428571427,0.0,0.07142857142857142,0.07142857142857142,0.0,0.0,0.0,0.07142857142857142,0.07142857142857142,0.14285714285714285,0.0,0.0,0.0,0.14285714285714285,0.0,0.07142857142857142,0.07142857142857142,0.0,0.07142857142857142,0.0,1573.745,-1.7925459512759638
798,TDKQFENRLNDNLEELIQ,inactive - virtual,inactive - virtual,0,Inactive,virtual,1,18,0.0,0.0,0.1111111111111111,0.16666666666666666,0.05555555555555555,0.0,0.0,0.05555555555555555,0.05555555555555555,0.16666666666666666,0.0,0.16666666666666666,0.0,0.1111111111111111,0.05555555555555555,0.0,0.05555555555555555,0.0,0.0,0.0,2219.3644,-3.789883063474643
799,TDLEILALLIAALSH,inactive - virtual,inactive - virtual,0,Inactive,virtual,1,15,0.2,0.0,0.06666666666666667,0.06666666666666667,0.0,0.0,0.06666666666666667,0.13333333333333333,0.0,0.3333333333333333,0.0,0.0,0.0,0.0,0.0,0.06666666666666667,0.06666666666666667,0.0,0.0,0.0,1592.8741000000005,-2.753413917432631
800,TDQQKVSEIFQSSKEKLQGDAKVVSDAFK,inactive - virtual,inactive - virtual,0,Inactive,virtual,1,29,0.06896551724137931,0.0,0.10344827586206896,0.06896551724137931,0.06896551724137931,0.034482758620689655,0.0,0.034482758620689655,0.1724137931034483,0.034482758620689655,0.0,0.0,0.0,0.13793103448275862,0.0,0.13793103448275862,0.034482758620689655,0.10344827586206896,0.0,0.0,3241.5598,-0.8005545926952529
801,TEAKKEELLRKLNILEVF,inactive - virtual,inactive - virtual,0,Inactive,virtual,1,18,0.05555555555555555,0.0,0.0,0.2222222222222222,0.05555555555555555,0.0,0.0,0.05555555555555555,0.16666666666666666,0.2222222222222222,0.0,0.05555555555555555,0.0,0.0,0.05555555555555555,0.0,0.05555555555555555,0.05555555555555555,0.0,0.0,2173.5511,-0.7946664561793799
802,TEEEMLQAAHITAKLAQAAET,inactive - virtual,inactive - virtual,0,Inactive,virtual,1,21,0.2857142857142857,0.0,0.0,0.19047619047619047,0.0,0.0,0.047619047619047616,0.047619047619047616,0.047619047619047616,0.09523809523809523,0.047619047619047616,0.0,0.0,0.09523809523809523,0.0,0.0,0.14285714285714285,0.0,0.0,0.0,2256.4892,-3.753003711435388
803,TEKGKEIFGEILSNFESLLKSVLEK,inactive - virtual,inactive - virtual,0,Inactive,virtual,1,25,0.0,0.0,0.0,0.2,0.08,0.08,0.0,0.08,0.16,0.16,0.0,0.04,0.0,0.0,0.0,0.12,0.04,0.04,0.0,0.0,2839.2397,-1.7960261696734472
804,TEQDIIDLKFAIAD,inactive - virtual,inactive - virtual,0,Inactive,virtual,1,14,0.14285714285714285,0.0,0.21428571428571427,0.07142857142857142,0.07142857142857142,0.0,0.0,0.21428571428571427,0.07142857142857142,0.07142857142857142,0.0,0.0,0.0,0.07142857142857142,0.0,0.0,0.07142857142857142,0.0,0.0,0.0,1591.7569,-3.790383671673896
805,TEQNFQLAKQIQSQWKEFG,inactive - virtual,inactive - virtual,0,Inactive,virtual,1,19,0.05263157894736842,0.0,0.0,0.10526315789473684,0.10526315789473684,0.05263157894736842,0.0,0.05263157894736842,0.10526315789473684,0.05263157894736842,0.0,0.05263157894736842,0.0,0.2631578947368421,0.0,0.05263157894736842,0.05263157894736842,0.0,0.05263157894736842,0.0,2310.5196,-0.79437726715841
806,TEREQALAAYAEKLTRH,inactive - virtual,inactive - virtual,0,Inactive,virtual,1,17,0.23529411764705882,0.0,0.0,0.17647058823529413,0.0,0.0,0.058823529411764705,0.0,0.058823529411764705,0.11764705882352941,0.0,0.0,0.0,0.058823529411764705,0.11764705882352941,0.0,0.11764705882352941,0.0,0.0,0.058823529411764705,1987.1772999999998,-0.7566803015092654
807,TESMKTVRIREKIKKFL,inactive - virtual,inactive - virtual,0,Inactive,virtual,1,17,0.0,0.0,0.0,0.11764705882352941,0.058823529411764705,0.0,0.0,0.11764705882352941,0.23529411764705882,0.058823529411764705,0.058823529411764705,0.0,0.0,0.0,0.11764705882352941,0.058823529411764705,0.11764705882352941,0.058823529411764705,0.0,0.0,2107.5626,3.2005613110402713
808,TETQIRELLFDLELAYKSFYALL,inactive - virtual,inactive - virtual,0,Inactive,virtual,1,23,0.08695652173913043,0.0,0.043478260869565216,0.13043478260869565,0.08695652173913043,0.0,0.0,0.043478260869565216,0.043478260869565216,0.2608695652173913,0.0,0.0,0.0,0.043478260869565216,0.043478260869565216,0.043478260869565216,0.08695652173913043,0.0,0.0,0.08695652173913043,2777.1700000000005,-2.7953407329642204
809,TEVYQILNRVS,inactive - virtual,inactive - virtual,0,Inactive,virtual,1,11,0.0,0.0,0.0,0.09090909090909091,0.0,0.0,0.0,0.09090909090909091,0.0,0.09090909090909091,0.0,0.09090909090909091,0.0,0.09090909090909091,0.09090909090909091,0.09090909090909091,0.09090909090909091,0.18181818181818182,0.0,0.09090909090909091,1321.4784000000002,-0.7930175536643418
810,TFPDKALKGKKSIENIVV,inactive - virtual,inactive - virtual,0,Inactive,virtual,1,18,0.05555555555555555,0.0,0.05555555555555555,0.05555555555555555,0.05555555555555555,0.05555555555555555,0.0,0.1111111111111111,0.2222222222222222,0.05555555555555555,0.0,0.05555555555555555,0.05555555555555555,0.0,0.0,0.05555555555555555,0.05555555555555555,0.1111111111111111,0.0,0.0,1987.3426999999997,1.1999372707221792
811,TFPEWHRLYTVQFEDALRRH,inactive - virtual,inactive - virtual,0,Inactive,virtual,1,20,0.05,0.0,0.05,0.1,0.1,0.0,0.1,0.0,0.0,0.1,0.0,0.0,0.05,0.05,0.15,0.0,0.1,0.05,0.05,0.05,2601.8733999999995,-0.7182476626841461
812,TFPNWHRLLTKQMEDALVAK,inactive - virtual,inactive - virtual,0,Inactive,virtual,1,20,0.1,0.0,0.05,0.05,0.05,0.0,0.05,0.0,0.1,0.15,0.05,0.05,0.05,0.05,0.05,0.0,0.1,0.05,0.05,0.0,2398.7803999999996,0.2415497789994241
813,TFSQVLDDLSARFI,inactive - virtual,inactive - virtual,0,Inactive,virtual,1,14,0.07142857142857142,0.0,0.14285714285714285,0.0,0.14285714285714285,0.0,0.0,0.07142857142857142,0.0,0.14285714285714285,0.0,0.0,0.0,0.07142857142857142,0.07142857142857142,0.14285714285714285,0.07142857142857142,0.07142857142857142,0.0,0.0,1611.7928,-1.790739753626891
814,TGALRTQYDVSLMTVKS,inactive - virtual,inactive - virtual,0,Inactive,virtual,1,17,0.058823529411764705,0.0,0.058823529411764705,0.0,0.0,0.058823529411764705,0.0,0.0,0.058823529411764705,0.11764705882352941,0.058823529411764705,0.0,0.0,0.058823529411764705,0.058823529411764705,0.11764705882352941,0.17647058823529413,0.11764705882352941,0.0,0.058823529411764705,1870.1318,0.2038025768835321
815,THAEMLHALKERY,inactive - virtual,inactive - virtual,0,Inactive,virtual,1,13,0.15384615384615385,0.0,0.0,0.15384615384615385,0.0,0.0,0.15384615384615385,0.0,0.07692307692307693,0.15384615384615385,0.07692307692307693,0.0,0.0,0.0,0.07692307692307693,0.0,0.07692307692307693,0.0,0.0,0.07692307692307693,1598.8239999999998,-0.7211495030396899
816,THNKLLKNVAFMKSYILEKVKEHQES,inactive - virtual,inactive - virtual,0,Inactive,virtual,1,26,0.038461538461538464,0.0,0.0,0.11538461538461539,0.038461538461538464,0.0,0.07692307692307693,0.038461538461538464,0.19230769230769232,0.11538461538461539,0.038461538461538464,0.07692307692307693,0.0,0.038461538461538464,0.0,0.07692307692307693,0.038461538461538464,0.07692307692307693,0.0,0.038461538461538464,3115.6036,1.2699740054643853
817,TIEEFHSKLQEATN,inactive - virtual,inactive - virtual,0,Inactive,virtual,1,14,0.07142857142857142,0.0,0.0,0.21428571428571427,0.07142857142857142,0.0,0.07142857142857142,0.07142857142857142,0.07142857142857142,0.07142857142857142,0.0,0.07142857142857142,0.0,0.07142857142857142,0.0,0.07142857142857142,0.14285714285714285,0.0,0.0,0.0,1646.7527000000002,-2.7541244723752327
818,TIQSRFNYAWGLIKS,inactive - virtual,inactive - virtual,0,Inactive,virtual,1,15,0.06666666666666667,0.0,0.0,0.0,0.06666666666666667,0.06666666666666667,0.0,0.13333333333333333,0.06666666666666667,0.06666666666666667,0.0,0.06666666666666667,0.0,0.06666666666666667,0.06666666666666667,0.13333333333333333,0.06666666666666667,0.0,0.06666666666666667,0.06666666666666667,1784.0225,1.2033560927285274
819,TISLGVSIAHVMEAVE,inactive - virtual,inactive - virtual,0,Inactive,virtual,1,16,0.125,0.0,0.0,0.125,0.0,0.0625,0.0625,0.125,0.0,0.0625,0.0625,0.0,0.0,0.0,0.0,0.125,0.0625,0.1875,0.0,0.0,1655.9100000000003,-2.7506471539910944
820,TITEMVFLAEVYKSGG,inactive - virtual,inactive - virtual,0,Inactive,virtual,1,16,0.0625,0.0,0.0,0.125,0.0625,0.125,0.0,0.0625,0.0625,0.0625,0.0625,0.0,0.0,0.0,0.0,0.0625,0.125,0.125,0.0,0.0625,1745.0014,-1.79437726715841
821,TIVELVVRVWRWFLVIWVLW,inactive - virtual,inactive - virtual,0,Inactive,virtual,1,20,0.0,0.0,0.0,0.05,0.05,0.0,0.0,0.1,0.0,0.15,0.0,0.0,0.0,0.0,0.1,0.0,0.05,0.3,0.2,0.0,2613.192,0.20946292076957018
822,TKDEFMSGEPIFTKYFQNLV,inactive - virtual,inactive - virtual,0,Inactive,virtual,1,20,0.0,0.0,0.05,0.1,0.15,0.05,0.0,0.05,0.1,0.05,0.05,0.05,0.05,0.05,0.0,0.05,0.1,0.05,0.0,0.05,2394.6955,-1.7964363756706905
823,TKDEQVEGLLA,inactive - virtual,inactive - virtual,0,Inactive,virtual,1,11,0.09090909090909091,0.0,0.09090909090909091,0.18181818181818182,0.0,0.09090909090909091,0.0,0.0,0.09090909090909091,0.18181818181818182,0.0,0.0,0.0,0.09090909090909091,0.0,0.0,0.09090909090909091,0.09090909090909091,0.0,0.0,1202.3115000000003,-2.791425190336119
824,TKGEREMIVVATSAAN,inactive - virtual,inactive - virtual,0,Inactive,virtual,1,16,0.1875,0.0,0.0,0.125,0.0,0.0625,0.0,0.0625,0.0625,0.0,0.0625,0.0625,0.0,0.0,0.0625,0.0625,0.125,0.125,0.0,0.0,1676.8896,-0.791896792724498
825,TKIWLNAARRTGKVPARIRKL,inactive - virtual,inactive - virtual,0,Inactive,virtual,1,21,0.14285714285714285,0.0,0.0,0.0,0.0,0.047619047619047616,0.0,0.09523809523809523,0.14285714285714285,0.09523809523809523,0.0,0.047619047619047616,0.047619047619047616,0.0,0.19047619047619047,0.0,0.09523809523809523,0.047619047619047616,0.047619047619047616,0.0,2448.9569000000006,6.200775145361121
826,TLDQMRSRLAYDG,inactive - virtual,inactive - virtual,0,Inactive,virtual,1,13,0.07692307692307693,0.0,0.15384615384615385,0.0,0.0,0.07692307692307693,0.0,0.0,0.0,0.15384615384615385,0.07692307692307693,0.0,0.0,0.07692307692307693,0.15384615384615385,0.07692307692307693,0.07692307692307693,0.0,0.0,0.07692307692307693,1525.6854999999998,-0.7932704645275503
827,TLEDYVRYVTLDM,inactive - virtual,inactive - virtual,0,Inactive,virtual,1,13,0.0,0.0,0.15384615384615385,0.07692307692307693,0.0,0.0,0.0,0.0,0.0,0.15384615384615385,0.07692307692307693,0.0,0.0,0.0,0.07692307692307693,0.0,0.15384615384615385,0.15384615384615385,0.0,0.15384615384615385,1617.8171999999997,-2.7946301780216176
828,TLIREWGDAVFDIF,inactive - virtual,inactive - virtual,0,Inactive,virtual,1,14,0.07142857142857142,0.0,0.14285714285714285,0.07142857142857142,0.14285714285714285,0.07142857142857142,0.0,0.14285714285714285,0.0,0.07142857142857142,0.0,0.0,0.0,0.0,0.07142857142857142,0.0,0.07142857142857142,0.07142857142857142,0.07142857142857142,0.0,1681.8841999999997,-2.7896189926870463
829,TMEGKFKAVAEDVAQRYMT,inactive - virtual,inactive - virtual,0,Inactive,virtual,1,19,0.15789473684210525,0.0,0.05263157894736842,0.10526315789473684,0.05263157894736842,0.05263157894736842,0.0,0.0,0.10526315789473684,0.0,0.10526315789473684,0.0,0.0,0.05263157894736842,0.05263157894736842,0.0,0.10526315789473684,0.10526315789473684,0.0,0.05263157894736842,2175.4840000000004,-0.7964614939040637
830,TMVQAITDALRIELKND,inactive - virtual,inactive - virtual,0,Inactive,virtual,1,17,0.11764705882352941,0.0,0.11764705882352941,0.058823529411764705,0.0,0.0,0.0,0.11764705882352941,0.058823529411764705,0.11764705882352941,0.058823529411764705,0.058823529411764705,0.0,0.058823529411764705,0.058823529411764705,0.0,0.11764705882352941,0.058823529411764705,0.0,0.0,1931.2149000000004,-1.7908552740622743
831,TNDEIFSILKD,inactive - virtual,inactive - virtual,0,Inactive,virtual,1,11,0.0,0.0,0.18181818181818182,0.09090909090909091,0.09090909090909091,0.0,0.0,0.18181818181818182,0.09090909090909091,0.09090909090909091,0.0,0.09090909090909091,0.0,0.0,0.0,0.09090909090909091,0.09090909090909091,0.0,0.0,0.0,1294.4068,-2.7908301558289006
832,TPAKALKSAIHVAYILKK,inactive - virtual,inactive - virtual,0,Inactive,virtual,1,18,0.2222222222222222,0.0,0.0,0.0,0.0,0.0,0.05555555555555555,0.1111111111111111,0.2222222222222222,0.1111111111111111,0.0,0.0,0.05555555555555555,0.0,0.0,0.05555555555555555,0.05555555555555555,0.05555555555555555,0.0,0.05555555555555555,1952.3864000000008,3.232490874136091
833,TPDQQTLLHFIMDSYN,inactive - virtual,inactive - virtual,0,Inactive,virtual,1,16,0.0,0.0,0.125,0.0,0.0625,0.0,0.0625,0.0625,0.0,0.125,0.0625,0.0625,0.0625,0.125,0.0,0.0625,0.125,0.0,0.0,0.0625,1923.1065000000003,-2.756593786884756
834,TPEEVKKHYEILVEDIKYIESG,inactive - virtual,inactive - virtual,0,Inactive,virtual,1,22,0.0,0.0,0.045454545454545456,0.22727272727272727,0.0,0.045454545454545456,0.045454545454545456,0.13636363636363635,0.13636363636363635,0.045454545454545456,0.0,0.0,0.045454545454545456,0.0,0.0,0.045454545454545456,0.045454545454545456,0.09090909090909091,0.0,0.09090909090909091,2619.9154000000003,-3.761458837009682
835,TPEEYQTYVAQVDK,inactive - virtual,inactive - virtual,0,Inactive,virtual,1,14,0.07142857142857142,0.0,0.07142857142857142,0.14285714285714285,0.0,0.0,0.0,0.0,0.07142857142857142,0.0,0.0,0.0,0.07142857142857142,0.14285714285714285,0.0,0.0,0.14285714285714285,0.14285714285714285,0.0,0.14285714285714285,1670.7706999999996,-2.7964363756706905
836,TPEKMGEMAQKFRE,inactive - virtual,inactive - virtual,0,Inactive,virtual,1,14,0.07142857142857142,0.0,0.0,0.21428571428571427,0.07142857142857142,0.07142857142857142,0.0,0.0,0.14285714285714285,0.0,0.14285714285714285,0.0,0.07142857142857142,0.07142857142857142,0.07142857142857142,0.0,0.07142857142857142,0.0,0.0,0.0,1681.9308999999998,-0.791189137795242
837,TPEKRVDRIFAMMD,inactive - virtual,inactive - virtual,0,Inactive,virtual,1,14,0.07142857142857142,0.0,0.14285714285714285,0.07142857142857142,0.07142857142857142,0.0,0.0,0.07142857142857142,0.07142857142857142,0.0,0.14285714285714285,0.0,0.07142857142857142,0.0,0.14285714285714285,0.0,0.07142857142857142,0.07142857142857142,0.0,0.0,1708.9991999999997,-0.7908803922956475
838,TPERLEKLVKEVL,inactive - virtual,inactive - virtual,0,Inactive,virtual,1,13,0.0,0.0,0.0,0.23076923076923078,0.0,0.0,0.0,0.0,0.15384615384615385,0.23076923076923078,0.0,0.0,0.07692307692307693,0.0,0.07692307692307693,0.0,0.07692307692307693,0.15384615384615385,0.0,0.0,1553.8415000000002,-0.7932816244519385
839,TPETITHYLETVNHAM,inactive - virtual,inactive - virtual,0,Inactive,virtual,1,16,0.0625,0.0,0.0,0.125,0.0,0.0,0.125,0.0625,0.0,0.0625,0.0625,0.0625,0.0625,0.0,0.0,0.0,0.25,0.0625,0.0,0.0625,1857.0486000000005,-2.71861879213903
840,TPEVVKERLLS,inactive - virtual,inactive - virtual,0,Inactive,virtual,1,11,0.0,0.0,0.0,0.18181818181818182,0.0,0.0,0.0,0.0,0.09090909090909091,0.18181818181818182,0.0,0.0,0.09090909090909091,0.0,0.09090909090909091,0.09090909090909091,0.09090909090909091,0.18181818181818182,0.0,0.0,1270.4749,-0.791896792724498
841,TPLGIGITDYYIR,inactive - virtual,inactive - virtual,0,Inactive,virtual,1,13,0.0,0.0,0.07692307692307693,0.0,0.0,0.15384615384615385,0.0,0.23076923076923078,0.0,0.07692307692307693,0.0,0.0,0.07692307692307693,0.0,0.07692307692307693,0.0,0.15384615384615385,0.0,0.0,0.15384615384615385,1481.6907999999999,-0.7961974231164675
842,TPQDIADRERIFKRFD,inactive - virtual,inactive - virtual,0,Inactive,virtual,1,16,0.0625,0.0,0.1875,0.0625,0.125,0.0,0.0,0.125,0.0625,0.0,0.0,0.0,0.0625,0.0625,0.1875,0.0,0.0625,0.0,0.0,0.0,2007.2099000000003,-0.790459026374017
843,TPSDIKELRDAMAKVQAD,inactive - virtual,inactive - virtual,0,Inactive,virtual,1,18,0.16666666666666666,0.0,0.16666666666666666,0.05555555555555555,0.0,0.0,0.0,0.05555555555555555,0.1111111111111111,0.05555555555555555,0.05555555555555555,0.0,0.05555555555555555,0.05555555555555555,0.05555555555555555,0.05555555555555555,0.05555555555555555,0.05555555555555555,0.0,0.0,1988.2232999999997,-1.7929143825745548
844,TPVYRTAIRYYLQMLF,inactive - virtual,inactive - virtual,0,Inactive,virtual,1,16,0.0625,0.0,0.0,0.0,0.0625,0.0,0.0,0.0625,0.0,0.125,0.0625,0.0,0.0625,0.0625,0.125,0.0,0.125,0.0625,0.0,0.1875,2035.4100000000003,1.2008253818278682
845,TPWSKGFLASSYASR,inactive - virtual,inactive - virtual,0,Inactive,virtual,1,15,0.13333333333333333,0.0,0.0,0.0,0.06666666666666667,0.06666666666666667,0.0,0.0,0.06666666666666667,0.06666666666666667,0.0,0.0,0.06666666666666667,0.0,0.06666666666666667,0.26666666666666666,0.06666666666666667,0.0,0.06666666666666667,0.06666666666666667,1657.8231999999998,1.2033560927285274
846,TPYDAKGLLISAIRD,inactive - virtual,inactive - virtual,0,Inactive,virtual,1,15,0.13333333333333333,0.0,0.13333333333333333,0.0,0.0,0.06666666666666667,0.0,0.13333333333333333,0.06666666666666667,0.13333333333333333,0.0,0.0,0.06666666666666667,0.0,0.06666666666666667,0.06666666666666667,0.06666666666666667,0.0,0.0,0.06666666666666667,1632.8552,-0.7944816276694047
847,TQAQETQGQAAARAAAADLAAG,inactive - virtual,inactive - virtual,0,Inactive,virtual,1,22,0.45454545454545453,0.0,0.045454545454545456,0.045454545454545456,0.0,0.09090909090909091,0.0,0.0,0.0,0.045454545454545456,0.0,0.0,0.0,0.18181818181818182,0.045454545454545456,0.0,0.09090909090909091,0.0,0.0,0.0,2071.1661999999997,-1.7900654768420514
848,TQDLRSHLVHKLVQAIF,inactive - virtual,inactive - virtual,0,Inactive,virtual,1,17,0.058823529411764705,0.0,0.058823529411764705,0.0,0.058823529411764705,0.0,0.11764705882352941,0.058823529411764705,0.058823529411764705,0.17647058823529413,0.0,0.0,0.0,0.11764705882352941,0.058823529411764705,0.058823529411764705,0.058823529411764705,0.11764705882352941,0.0,0.0,2005.3229999999999,0.2795610519029115
849,TQGLLSEILRK,inactive - virtual,inactive - virtual,0,Inactive,virtual,1,11,0.0,0.0,0.0,0.09090909090909091,0.0,0.09090909090909091,0.0,0.09090909090909091,0.09090909090909091,0.2727272727272727,0.0,0.0,0.0,0.09090909090909091,0.09090909090909091,0.09090909090909091,0.09090909090909091,0.0,0.0,0.0,1257.4794000000002,0.20698244633565777
850,TQGMQNAMGERFAQYALSSEKLY,inactive - virtual,inactive - virtual,0,Inactive,virtual,1,23,0.13043478260869565,0.0,0.0,0.08695652173913043,0.043478260869565216,0.08695652173913043,0.0,0.0,0.043478260869565216,0.08695652173913043,0.08695652173913043,0.043478260869565216,0.0,0.13043478260869565,0.043478260869565216,0.08695652173913043,0.043478260869565216,0.0,0.0,0.08695652173913043,2623.9137000000005,-0.7969079780590693
851,TQSDVYAMVGYIHELW,inactive - virtual,inactive - virtual,0,Inactive,virtual,1,16,0.0625,0.0,0.0625,0.0625,0.0,0.0625,0.0625,0.0625,0.0,0.0625,0.0625,0.0,0.0,0.0625,0.0,0.0625,0.0625,0.125,0.0625,0.125,1912.1251000000002,-2.758425102767202
852,TRELAYMIKKA,inactive - virtual,inactive - virtual,0,Inactive,virtual,1,11,0.18181818181818182,0.0,0.0,0.09090909090909091,0.0,0.0,0.0,0.09090909090909091,0.18181818181818182,0.09090909090909091,0.09090909090909091,0.0,0.0,0.0,0.09090909090909091,0.0,0.09090909090909091,0.0,0.0,0.09090909090909091,1323.6037,1.2019712610010869
853,TRTQRRIAVVEFIFSLL,inactive - virtual,inactive - virtual,0,Inactive,virtual,1,17,0.058823529411764705,0.0,0.0,0.058823529411764705,0.11764705882352941,0.0,0.0,0.11764705882352941,0.0,0.11764705882352941,0.0,0.0,0.0,0.058823529411764705,0.17647058823529413,0.058823529411764705,0.11764705882352941,0.11764705882352941,0.0,0.0,2049.4186,1.2094378025361965
854,TSAQTKVVVDA,inactive - virtual,inactive - virtual,0,Inactive,virtual,1,11,0.18181818181818182,0.0,0.09090909090909091,0.0,0.0,0.0,0.0,0.0,0.09090909090909091,0.0,0.0,0.0,0.0,0.09090909090909091,0.0,0.09090909090909091,0.18181818181818182,0.2727272727272727,0.0,0.0,1118.2381,-0.7936667122158085
855,TSFDEYVAELDSK,inactive - virtual,inactive - virtual,0,Inactive,virtual,1,13,0.07692307692307693,0.0,0.15384615384615385,0.15384615384615385,0.07692307692307693,0.0,0.0,0.0,0.07692307692307693,0.07692307692307693,0.0,0.0,0.0,0.0,0.0,0.15384615384615385,0.07692307692307693,0.07692307692307693,0.0,0.07692307692307693,1503.5623999999998,-3.7934842988484
856,TSHLMGMFYRTIRMMEN,inactive - virtual,inactive - virtual,0,Inactive,virtual,1,17,0.0,0.0,0.0,0.058823529411764705,0.058823529411764705,0.058823529411764705,0.058823529411764705,0.058823529411764705,0.0,0.058823529411764705,0.23529411764705882,0.058823529411764705,0.0,0.0,0.11764705882352941,0.058823529411764705,0.11764705882352941,0.0,0.0,0.058823529411764705,2118.5252000000005,0.24358376927833136
857,TTDEINAMDKALILYT,inactive - virtual,inactive - virtual,0,Inactive,virtual,1,16,0.125,0.0,0.125,0.0625,0.0,0.0,0.0,0.125,0.0625,0.125,0.0625,0.0625,0.0,0.0,0.0,0.0,0.1875,0.0,0.0,0.0625,1812.0461,-2.794605059788245
858,TTGNFEKLFVALVEYMRAS,inactive - virtual,inactive - virtual,0,Inactive,virtual,1,19,0.10526315789473684,0.0,0.0,0.10526315789473684,0.10526315789473684,0.05263157894736842,0.0,0.0,0.05263157894736842,0.10526315789473684,0.05263157894736842,0.05263157894736842,0.0,0.0,0.05263157894736842,0.05263157894736842,0.10526315789473684,0.10526315789473684,0.0,0.05263157894736842,2176.4901000000004,-0.7944023853917836
859,TVEEVNALKNEILKAHA,inactive - virtual,inactive - virtual,0,Inactive,virtual,1,17,0.17647058823529413,0.0,0.0,0.17647058823529413,0.0,0.0,0.058823529411764705,0.058823529411764705,0.11764705882352941,0.11764705882352941,0.0,0.11764705882352941,0.0,0.0,0.0,0.0,0.058823529411764705,0.11764705882352941,0.0,0.0,1879.1188000000002,-1.7566300650425184
860,TVFGTALNYVSLRIL,inactive - virtual,inactive - virtual,0,Inactive,virtual,1,15,0.06666666666666667,0.0,0.0,0.0,0.06666666666666667,0.06666666666666667,0.0,0.06666666666666667,0.0,0.2,0.0,0.06666666666666667,0.0,0.0,0.06666666666666667,0.06666666666666667,0.13333333333333333,0.13333333333333333,0.0,0.06666666666666667,1666.9573,0.2058616853958135
861,TVLAALFLAGS,inactive - virtual,inactive - virtual,0,Inactive,virtual,1,11,0.2727272727272727,0.0,0.0,0.0,0.09090909090909091,0.09090909090909091,0.0,0.0,0.0,0.2727272727272727,0.0,0.0,0.0,0.0,0.0,0.09090909090909091,0.09090909090909091,0.09090909090909091,0.0,0.0,1062.2591,-0.7916076037035273
862,TYYAKDIAFQFWKM,inactive - virtual,inactive - virtual,0,Inactive,virtual,1,14,0.14285714285714285,0.0,0.07142857142857142,0.0,0.14285714285714285,0.0,0.0,0.07142857142857142,0.14285714285714285,0.0,0.07142857142857142,0.0,0.0,0.07142857142857142,0.0,0.0,0.07142857142857142,0.0,0.07142857142857142,0.14285714285714285,1812.0937000000001,0.19881650978233445
863,VADIAKLKVNIIKNVRII,inactive - virtual,inactive - virtual,0,Inactive,virtual,1,18,0.1111111111111111,0.0,0.05555555555555555,0.0,0.0,0.0,0.0,0.2777777777777778,0.16666666666666666,0.05555555555555555,0.0,0.1111111111111111,0.0,0.0,0.05555555555555555,0.0,0.0,0.16666666666666666,0.0,0.0,2020.5049,2.516055409021993
864,VADPVAAFKWRAQ,inactive - virtual,inactive - virtual,0,Inactive,virtual,1,13,0.3076923076923077,0.0,0.07692307692307693,0.0,0.07692307692307693,0.0,0.0,0.0,0.07692307692307693,0.0,0.0,0.0,0.07692307692307693,0.07692307692307693,0.07692307692307693,0.0,0.0,0.15384615384615385,0.07692307692307693,0.0,1458.6624,0.5210665943565651
865,VDDNLYPQLERASRKIFEFLERE,inactive - virtual,inactive - virtual,0,Inactive,virtual,1,23,0.043478260869565216,0.0,0.08695652173913043,0.17391304347826086,0.08695652173913043,0.0,0.0,0.043478260869565216,0.043478260869565216,0.13043478260869565,0.0,0.043478260869565216,0.043478260869565216,0.043478260869565216,0.13043478260869565,0.043478260869565216,0.0,0.043478260869565216,0.0,0.043478260869565216,2868.1599000000006,-2.474467220206388
866,VEAIEALLKGN,inactive - virtual,inactive - virtual,0,Inactive,virtual,1,11,0.18181818181818182,0.0,0.0,0.18181818181818182,0.0,0.09090909090909091,0.0,0.09090909090909091,0.09090909090909091,0.18181818181818182,0.0,0.09090909090909091,0.0,0.0,0.0,0.0,0.0,0.09090909090909091,0.0,0.0,1156.3291,-1.4771132496853774
867,VFWPTMLKAAG,inactive - virtual,inactive - virtual,0,Inactive,virtual,1,11,0.18181818181818182,0.0,0.0,0.0,0.09090909090909091,0.09090909090909091,0.0,0.0,0.09090909090909091,0.09090909090909091,0.09090909090909091,0.0,0.09090909090909091,0.0,0.0,0.0,0.09090909090909091,0.09090909090909091,0.09090909090909091,0.0,1220.4821,0.5206452284349337
868,VGVLLQLLVQA,inactive - virtual,inactive - virtual,0,Inactive,virtual,1,11,0.09090909090909091,0.0,0.0,0.0,0.0,0.09090909090909091,0.0,0.0,0.0,0.36363636363636365,0.0,0.0,0.0,0.18181818181818182,0.0,0.0,0.0,0.2727272727272727,0.0,0.0,1152.4263,-0.47684917889778056
869,VGYETAAKLAREAYLTG,inactive - virtual,inactive - virtual,0,Inactive,virtual,1,17,0.23529411764705882,0.0,0.0,0.11764705882352941,0.0,0.11764705882352941,0.0,0.0,0.058823529411764705,0.11764705882352941,0.0,0.0,0.0,0.0,0.058823529411764705,0.0,0.11764705882352941,0.058823529411764705,0.0,0.11764705882352941,1813.0159000000003,-0.482149553253322
870,VHVLADAFKRYLLD,inactive - virtual,inactive - virtual,0,Inactive,virtual,1,14,0.14285714285714285,0.0,0.14285714285714285,0.0,0.07142857142857142,0.0,0.07142857142857142,0.0,0.07142857142857142,0.21428571428571427,0.0,0.0,0.0,0.0,0.07142857142857142,0.0,0.0,0.14285714285714285,0.0,0.07142857142857142,1659.925,-0.4430967616876105
871,VIDPLHTHLTRLVAAYTG,inactive - virtual,inactive - virtual,0,Inactive,virtual,1,18,0.1111111111111111,0.0,0.05555555555555555,0.0,0.0,0.05555555555555555,0.1111111111111111,0.05555555555555555,0.0,0.16666666666666666,0.0,0.0,0.05555555555555555,0.0,0.05555555555555555,0.0,0.16666666666666666,0.1111111111111111,0.0,0.05555555555555555,1977.2666000000004,-0.40568052329134097
872,VKYAVFEAALTKAITAMSEVQKVSQ,inactive - virtual,inactive - virtual,0,Inactive,virtual,1,25,0.2,0.0,0.0,0.08,0.04,0.0,0.0,0.04,0.12,0.04,0.04,0.0,0.0,0.08,0.0,0.08,0.08,0.16,0.0,0.04,2713.1527,0.5153699723127652
873,VLSFKTGIISL,inactive - virtual,inactive - virtual,0,Inactive,virtual,1,11,0.0,0.0,0.0,0.0,0.09090909090909091,0.09090909090909091,0.0,0.18181818181818182,0.09090909090909091,0.18181818181818182,0.0,0.0,0.0,0.0,0.0,0.18181818181818182,0.09090909090909091,0.09090909090909091,0.0,0.0,1177.4325999999999,0.5206452284349337
874,VMELLTKTLGWDIQEELNKLT,inactive - virtual,inactive - virtual,0,Inactive,virtual,1,21,0.0,0.0,0.047619047619047616,0.14285714285714285,0.0,0.047619047619047616,0.0,0.047619047619047616,0.09523809523809523,0.23809523809523808,0.047619047619047616,0.047619047619047616,0.0,0.047619047619047616,0.0,0.0,0.14285714285714285,0.047619047619047616,0.047619047619047616,0.0,2474.8666000000007,-2.478051597257814
875,VMGQNLILNMND,inactive - virtual,inactive - virtual,0,Inactive,virtual,1,12,0.0,0.0,0.08333333333333333,0.0,0.0,0.08333333333333333,0.0,0.08333333333333333,0.0,0.16666666666666666,0.16666666666666666,0.25,0.0,0.08333333333333333,0.0,0.0,0.0,0.08333333333333333,0.0,0.0,1361.5867999999998,-1.4751333834507174
876,VMPSLLQAFDLTA,inactive - virtual,inactive - virtual,0,Inactive,virtual,1,13,0.15384615384615385,0.0,0.07692307692307693,0.0,0.07692307692307693,0.0,0.0,0.0,0.0,0.23076923076923078,0.07692307692307693,0.0,0.07692307692307693,0.07692307692307693,0.0,0.07692307692307693,0.07692307692307693,0.07692307692307693,0.0,0.0,1405.6577,-1.476402694742776
877,VMQWVIRILGGGLQKAL,inactive - virtual,inactive - virtual,0,Inactive,virtual,1,17,0.058823529411764705,0.0,0.0,0.0,0.0,0.17647058823529413,0.0,0.11764705882352941,0.058823529411764705,0.17647058823529413,0.058823529411764705,0.0,0.0,0.11764705882352941,0.058823529411764705,0.0,0.0,0.11764705882352941,0.058823529411764705,0.0,1882.3194000000003,1.5206201102015604
878,VNFLVADALKQHRHRRDDVIVMLSAR,inactive - virtual,inactive - virtual,0,Inactive,virtual,1,26,0.11538461538461539,0.0,0.11538461538461539,0.0,0.038461538461538464,0.0,0.07692307692307693,0.038461538461538464,0.038461538461538464,0.11538461538461539,0.038461538461538464,0.038461538461538464,0.0,0.038461538461538464,0.15384615384615385,0.038461538461538464,0.0,0.15384615384615385,0.0,0.0,3060.5381999999995,1.595137090318548
879,VNQFLDYLQEFLGVMNT,inactive - virtual,inactive - virtual,0,Inactive,virtual,1,17,0.0,0.0,0.058823529411764705,0.058823529411764705,0.11764705882352941,0.058823529411764705,0.0,0.0,0.0,0.17647058823529413,0.058823529411764705,0.11764705882352941,0.0,0.11764705882352941,0.0,0.0,0.058823529411764705,0.11764705882352941,0.0,0.058823529411764705,2031.2871000000005,-2.477787526470217
880,VPMQRVLKYHLLLQELVK,inactive - virtual,inactive - virtual,0,Inactive,virtual,1,18,0.0,0.0,0.0,0.05555555555555555,0.0,0.0,0.05555555555555555,0.0,0.1111111111111111,0.2777777777777778,0.05555555555555555,0.0,0.05555555555555555,0.1111111111111111,0.05555555555555555,0.0,0.0,0.16666666666666666,0.0,0.05555555555555555,2207.7227000000003,1.5533561269828802
881,VQEVNRFIKAFEEMKALMKSL,inactive - virtual,inactive - virtual,0,Inactive,virtual,1,21,0.09523809523809523,0.0,0.0,0.14285714285714285,0.09523809523809523,0.0,0.0,0.047619047619047616,0.14285714285714285,0.09523809523809523,0.09523809523809523,0.047619047619047616,0.0,0.047619047619047616,0.047619047619047616,0.047619047619047616,0.0,0.09523809523809523,0.0,0.0,2511.9992,0.5189712076865218
882,VSDARSAITSAQELLDS,inactive - virtual,inactive - virtual,0,Inactive,virtual,1,17,0.17647058823529413,0.0,0.11764705882352941,0.058823529411764705,0.0,0.0,0.0,0.058823529411764705,0.0,0.11764705882352941,0.0,0.0,0.0,0.058823529411764705,0.058823529411764705,0.23529411764705882,0.058823529411764705,0.058823529411764705,0.0,0.0,1762.8696,-2.4748605678812994
883,VWHYALWSLIQQSEILFAQ,inactive - virtual,inactive - virtual,0,Inactive,virtual,1,19,0.10526315789473684,0.0,0.0,0.05263157894736842,0.05263157894736842,0.0,0.05263157894736842,0.10526315789473684,0.0,0.15789473684210525,0.0,0.0,0.0,0.15789473684210525,0.0,0.10526315789473684,0.0,0.05263157894736842,0.10526315789473684,0.05263157894736842,2332.6523999999995,-1.4416075694491746
884,VYGPFWKNWQAQ,inactive - virtual,inactive - virtual,0,Inactive,virtual,1,12,0.08333333333333333,0.0,0.0,0.0,0.08333333333333333,0.08333333333333333,0.0,0.0,0.08333333333333333,0.0,0.0,0.08333333333333333,0.08333333333333333,0.16666666666666666,0.0,0.0,0.0,0.08333333333333333,0.16666666666666666,0.08333333333333333,1523.6908,0.518139635767648
885,WATLLAQWADRAL,inactive - virtual,inactive - virtual,0,Inactive,virtual,1,13,0.3076923076923077,0.0,0.07692307692307693,0.0,0.0,0.0,0.0,0.0,0.0,0.23076923076923078,0.0,0.0,0.0,0.07692307692307693,0.07692307692307693,0.0,0.07692307692307693,0.0,0.15384615384615385,0.0,1514.7257,-0.4421257665114191
886,WDDIRNDLFRIQNDLFVLGEDVST,inactive - virtual,inactive - virtual,0,Inactive,virtual,1,24,0.0,0.0,0.20833333333333334,0.041666666666666664,0.08333333333333333,0.041666666666666664,0.0,0.08333333333333333,0.0,0.125,0.0,0.08333333333333333,0.0,0.041666666666666664,0.08333333333333333,0.041666666666666664,0.041666666666666664,0.08333333333333333,0.041666666666666664,0.0,2881.1121000000003,-4.439244187184928
887,YAKGALQYLVPILTQTLT,inactive - virtual,inactive - virtual,0,Inactive,virtual,1,18,0.1111111111111111,0.0,0.0,0.0,0.0,0.05555555555555555,0.0,0.05555555555555555,0.05555555555555555,0.2222222222222222,0.0,0.0,0.05555555555555555,0.1111111111111111,0.0,0.0,0.16666666666666666,0.05555555555555555,0.0,0.1111111111111111,1993.3454000000006,0.5499360895650922
888,YDDIIEAAGELG,inactive - virtual,inactive - virtual,0,Inactive,virtual,1,12,0.16666666666666666,0.0,0.16666666666666666,0.16666666666666666,0.0,0.16666666666666666,0.0,0.16666666666666666,0.0,0.08333333333333333,0.0,0.0,0.0,0.0,0.0,0.0,0.0,0.0,0.0,0.08333333333333333,1265.3225000000004,-4.441918234910637
889,YDLLKDLEEGIQTLMGRL,inactive - virtual,inactive - virtual,0,Inactive,virtual,1,18,0.0,0.0,0.1111111111111111,0.1111111111111111,0.0,0.1111111111111111,0.0,0.05555555555555555,0.05555555555555555,0.2777777777777778,0.05555555555555555,0.0,0.0,0.05555555555555555,0.05555555555555555,0.0,0.05555555555555555,0.0,0.0,0.05555555555555555,2107.4266000000002,-2.4444489458112963
890,YEDKAVELYSRTAR,inactive - virtual,inactive - virtual,0,Inactive,virtual,1,14,0.14285714285714285,0.0,0.07142857142857142,0.14285714285714285,0.0,0.0,0.0,0.0,0.07142857142857142,0.07142857142857142,0.0,0.0,0.0,0.0,0.14285714285714285,0.07142857142857142,0.07142857142857142,0.07142857142857142,0.0,0.14285714285714285,1700.8464000000001,-0.4474261408669604
891,YETLEFLGDALVNFFIVDLLVQYS,inactive - virtual,inactive - virtual,0,Inactive,virtual,1,24,0.041666666666666664,0.0,0.08333333333333333,0.08333333333333333,0.125,0.041666666666666664,0.0,0.041666666666666664,0.0,0.20833333333333334,0.0,0.041666666666666664,0.0,0.041666666666666664,0.0,0.041666666666666664,0.041666666666666664,0.125,0.0,0.08333333333333333,2809.1666999999998,-4.444423827577922
892,YFSKGIPNVLRR,inactive - virtual,inactive - virtual,0,Inactive,virtual,1,12,0.0,0.0,0.0,0.0,0.08333333333333333,0.08333333333333333,0.0,0.08333333333333333,0.08333333333333333,0.08333333333333333,0.0,0.08333333333333333,0.08333333333333333,0.0,0.16666666666666666,0.08333333333333333,0.0,0.08333333333333333,0.0,0.08333333333333333,1449.6986,2.552391445765631
893,YGSIGLTNFGYLDKE,inactive - virtual,inactive - virtual,0,Inactive,virtual,1,15,0.0,0.0,0.06666666666666667,0.06666666666666667,0.06666666666666667,0.2,0.0,0.06666666666666667,0.06666666666666667,0.13333333333333333,0.0,0.06666666666666667,0.0,0.0,0.0,0.06666666666666667,0.06666666666666667,0.0,0.0,0.13333333333333333,1676.8197,-1.4464041786833612
894,YKEPLKAVVKKLLEKE,inactive - virtual,inactive - virtual,0,Inactive,virtual,1,16,0.0625,0.0,0.0,0.1875,0.0,0.0,0.0,0.0,0.3125,0.1875,0.0,0.0,0.0625,0.0,0.0,0.0,0.0,0.125,0.0,0.0625,1915.3199,1.5478740810394656
895,YKKFRQLIQVN,inactive - virtual,inactive - virtual,0,Inactive,virtual,1,11,0.0,0.0,0.0,0.0,0.09090909090909091,0.0,0.0,0.09090909090909091,0.18181818181818182,0.09090909090909091,0.0,0.09090909090909091,0.0,0.18181818181818182,0.09090909090909091,0.0,0.0,0.09090909090909091,0.0,0.09090909090909091,1436.6997999999999,2.5499109713317187
896,YLADLFLAPQIHGAINRFQ,inactive - virtual,inactive - virtual,0,Inactive,virtual,1,19,0.15789473684210525,0.0,0.05263157894736842,0.0,0.10526315789473684,0.05263157894736842,0.05263157894736842,0.10526315789473684,0.0,0.15789473684210525,0.0,0.05263157894736842,0.05263157894736842,0.10526315789473684,0.05263157894736842,0.0,0.0,0.0,0.0,0.05263157894736842,2187.4977,-0.4080049180026579
897,YLDKEVKLIKKMGNHLTNLRRVA,inactive - virtual,inactive - virtual,0,Inactive,virtual,1,23,0.043478260869565216,0.0,0.043478260869565216,0.043478260869565216,0.0,0.043478260869565216,0.043478260869565216,0.043478260869565216,0.17391304347826086,0.17391304347826086,0.043478260869565216,0.08695652173913043,0.0,0.0,0.08695652173913043,0.0,0.043478260869565216,0.08695652173913043,0.0,0.043478260869565216,2740.2740999999996,3.5830683540346695
898,YLSESVETIKKLGDHITSLKKLW,inactive - virtual,inactive - virtual,0,Inactive,virtual,1,23,0.0,0.0,0.043478260869565216,0.08695652173913043,0.0,0.043478260869565216,0.043478260869565216,0.08695652173913043,0.17391304347826086,0.17391304347826086,0.0,0.0,0.0,0.0,0.0,0.13043478260869565,0.08695652173913043,0.043478260869565216,0.043478260869565216,0.043478260869565216,2689.1099,0.5842393514412616
899,YPIVDAAMRQLTETG,inactive - virtual,inactive - virtual,0,Inactive,virtual,1,15,0.13333333333333333,0.0,0.06666666666666667,0.06666666666666667,0.0,0.06666666666666667,0.0,0.06666666666666667,0.0,0.06666666666666667,0.06666666666666667,0.0,0.06666666666666667,0.06666666666666667,0.06666666666666667,0.0,0.13333333333333333,0.06666666666666667,0.0,0.06666666666666667,1664.8771000000006,-1.44351059823886
900,YQNIVKAVQYAARKLQ,inactive - virtual,inactive - virtual,0,Inactive,virtual,1,16,0.1875,0.0,0.0,0.0,0.0,0.0,0.0,0.0625,0.125,0.0625,0.0,0.0625,0.0,0.1875,0.0625,0.0,0.0,0.125,0.0,0.125,1893.1931,2.5474053786644326
901,YQQQKKYLGRMTE,inactive - virtual,inactive - virtual,0,Inactive,virtual,1,13,0.0,0.0,0.0,0.07692307692307693,0.0,0.07692307692307693,0.0,0.0,0.15384615384615385,0.07692307692307693,0.07692307692307693,0.0,0.0,0.23076923076923078,0.07692307692307693,0.0,0.07692307692307693,0.0,0.0,0.15384615384615385,1672.9024000000002,1.5506186262609742
