ID,sequence,class,original_class,label,binary_class,inactive_source,is_virtual_inactive,length,AAC_A,AAC_C,AAC_D,AAC_E,AAC_F,AAC_G,AAC_H,AAC_I,AAC_K,AAC_L,AAC_M,AAC_N,AAC_P,AAC_Q,AAC_R,AAC_S,AAC_T,AAC_V,AAC_W,AAC_Y,molecular_weight,net_charge_pH7_4,isoelectric_point,aromaticity,instability_index
1,AIGKFLHSAKKFGKAFVGEIMNS,mod. active,mod. active,1,Active,active,0,23,0.13043478260869565,0.0,0.0,0.043478260869565216,0.13043478260869565,0.13043478260869565,0.043478260869565216,0.08695652173913043,0.17391304347826086,0.043478260869565216,0.043478260869565216,0.043478260869565216,0.0,0.0,0.0,0.08695652173913043,0.0,0.043478260869565216,0.0,0.0,2480.9238,2.6355271293782248,10.001705741882326,0.13043478260869565,3.5869565217391304
2,FAKALAKLAKKLL,mod. active,mod. active,1,Active,active,0,13,0.3076923076923077,0.0,0.0,0.0,0.07692307692307693,0.0,0.0,0.0,0.3076923076923077,0.3076923076923077,0.0,0.0,0.0,0.0,0.0,0.0,0.0,0.0,0.0,0.0,1414.8202999999999,3.5474304968978063,10.477740287780762,0.07692307692307693,-3.8307692307692314
3,FAKALKALLKALKAL,mod. active,mod. active,1,Active,active,0,15,0.3333333333333333,0.0,0.0,0.0,0.06666666666666667,0.0,0.0,0.0,0.26666666666666666,0.3333333333333333,0.0,0.0,0.0,0.0,0.0,0.0,0.0,0.0,0.0,0.0,1599.0558,3.5474304968978063,10.477740287780762,0.06666666666666667,-7.6466666666666665
4,FAKFLAKFLKKAL,mod. active,mod. active,1,Active,active,0,13,0.23076923076923078,0.0,0.0,0.0,0.23076923076923078,0.0,0.0,0.0,0.3076923076923077,0.23076923076923078,0.0,0.0,0.0,0.0,0.0,0.0,0.0,0.0,0.0,0.0,1524.9324,3.5474304968978063,10.477740287780762,0.23076923076923075,2.7
5,FAKIIAKIAKIAKKIL,inactive - exp,inactive - exp,0,Inactive,experimental,0,16,0.25,0.0,0.0,0.0,0.0625,0.0,0.0,0.3125,0.3125,0.0625,0.0,0.0,0.0,0.0,0.0,0.0,0.0,0.0,0.0,0.0,1769.3078,4.5449249042305215,10.602486610412598,0.0625,0.18750000000000044
6,FAKKFAKKFKKFAKKFAKFAFAF,mod. active,mod. active,1,Active,active,0,23,0.2608695652173913,0.0,0.0,0.0,0.34782608695652173,0.0,0.0,0.0,0.391304347826087,0.0,0.0,0.0,0.0,0.0,0.0,0.0,0.0,0.0,0.0,0.0,2775.4238,8.534902533561377,10.903296089172361,0.34782608695652173,3.0304347826086957
7,FAKKLAKKLAKAAL,inactive - exp,inactive - exp,0,Inactive,experimental,0,14,0.35714285714285715,0.0,0.0,0.0,0.07142857142857142,0.0,0.0,0.0,0.35714285714285715,0.21428571428571427,0.0,0.0,0.0,0.0,0.0,0.0,0.0,0.0,0.0,0.0,1500.9129,4.5449249042305215,10.602486610412598,0.07142857142857144,-2.8428571428571434
8,FAKKLAKKLAKAL,inactive - exp,inactive - exp,0,Inactive,experimental,0,13,0.3076923076923077,0.0,0.0,0.0,0.07692307692307693,0.0,0.0,0.0,0.38461538461538464,0.23076923076923078,0.0,0.0,0.0,0.0,0.0,0.0,0.0,0.0,0.0,0.0,1429.835,4.5449249042305215,10.602486610412598,0.07692307692307693,-3.8307692307692314
9,FAKKLAKKLAKLAL,inactive - exp,inactive - exp,0,Inactive,experimental,0,14,0.2857142857142857,0.0,0.0,0.0,0.07142857142857142,0.0,0.0,0.0,0.35714285714285715,0.2857142857142857,0.0,0.0,0.0,0.0,0.0,0.0,0.0,0.0,0.0,0.0,1542.9926,4.5449249042305215,10.602486610412598,0.07142857142857144,-8.907142857142858
10,FAKKLAKKLAKLL,inactive - exp,inactive - exp,0,Inactive,experimental,0,13,0.23076923076923078,0.0,0.0,0.0,0.07692307692307693,0.0,0.0,0.0,0.38461538461538464,0.3076923076923077,0.0,0.0,0.0,0.0,0.0,0.0,0.0,0.0,0.0,0.0,1471.9147,4.5449249042305215,10.602486610412598,0.07692307692307693,-10.361538461538462
11,FAKKLAKKLKKLAKKLAK,inactive - exp,inactive - exp,0,Inactive,experimental,0,18,0.2222222222222222,0.0,0.0,0.0,0.05555555555555555,0.0,0.0,0.0,0.5,0.2222222222222222,0.0,0.0,0.0,0.0,0.0,0.0,0.0,0.0,0.0,0.0,2055.6818,8.534902533561377,10.903296089172361,0.05555555555555555,-14.138888888888891
12,FAKKLAKKLKKLAKKLAKKWKL,mod. active,mod. active,1,Active,active,0,22,0.18181818181818182,0.0,0.0,0.0,0.045454545454545456,0.0,0.0,0.0,0.5,0.22727272727272727,0.0,0.0,0.0,0.0,0.0,0.0,0.0,0.0,0.045454545454545456,0.0,2611.3939,10.529891348226807,11.000127601623536,0.09090909090909091,-13.609090909090911
13,FAKKLAKKLKKLAKKLAKLAKKL,inactive - exp,inactive - exp,0,Inactive,experimental,0,23,0.21739130434782608,0.0,0.0,0.0,0.043478260869565216,0.0,0.0,0.0,0.4782608695652174,0.2608695652173913,0.0,0.0,0.0,0.0,0.0,0.0,0.0,0.0,0.0,0.0,2609.4195,10.529891348226807,11.000127601623536,0.043478260869565216,-16.273913043478263
14,FAKKLAKKLKKLAKKLAKLALALKALALKAL,mod. active,mod. active,1,Active,active,0,31,0.2903225806451613,0.0,0.0,0.0,0.03225806451612903,0.0,0.0,0.0,0.3548387096774194,0.3225806451612903,0.0,0.0,0.0,0.0,0.0,0.0,0.0,0.0,0.0,0.0,3346.3614999999995,10.529891348226807,11.000127601623536,0.03225806451612903,-12.232258064516131
15,FAKKLAKKLKKLAKKLIGAVLKV,mod. active,mod. active,1,Active,active,0,23,0.17391304347826086,0.0,0.0,0.0,0.043478260869565216,0.043478260869565216,0.0,0.043478260869565216,0.391304347826087,0.21739130434782608,0.0,0.0,0.0,0.0,0.0,0.0,0.0,0.08695652173913043,0.0,0.0,2537.3102999999996,8.534902533561377,10.903296089172361,0.043478260869565216,-19.96521739130435
16,FAKKLAKKLKKLAKLALAK,inactive - exp,inactive - exp,0,Inactive,experimental,0,19,0.2631578947368421,0.0,0.0,0.0,0.05263157894736842,0.0,0.0,0.0,0.42105263157894735,0.2631578947368421,0.0,0.0,0.0,0.0,0.0,0.0,0.0,0.0,0.0,0.0,2111.745,7.537408126228662,10.845339012145995,0.052631578947368425,-12.86842105263158
17,FAKKLAKKLKKLAKLALAL,inactive - exp,inactive - exp,0,Inactive,experimental,0,19,0.2631578947368421,0.0,0.0,0.0,0.05263157894736842,0.0,0.0,0.0,0.3684210526315789,0.3157894736842105,0.0,0.0,0.0,0.0,0.0,0.0,0.0,0.0,0.0,0.0,2096.7302999999997,6.539913718895949,10.778420829772951,0.052631578947368425,-12.86842105263158
18,FAKKLAKKLL,inactive - exp,inactive - exp,0,Inactive,experimental,0,10,0.2,0.0,0.0,0.0,0.1,0.0,0.0,0.0,0.4,0.3,0.0,0.0,0.0,0.0,0.0,0.0,0.0,0.0,0.0,0.0,1159.5069,3.5474304968978063,10.477740287780762,0.1,-7.98
19,FAKKLAKLAKKALAL,inactive - exp,inactive - exp,0,Inactive,experimental,0,15,0.3333333333333333,0.0,0.0,0.0,0.06666666666666667,0.0,0.0,0.0,0.3333333333333333,0.26666666666666666,0.0,0.0,0.0,0.0,0.0,0.0,0.0,0.0,0.0,0.0,1614.0705000000003,4.5449249042305215,10.602486610412598,0.06666666666666667,-1.9866666666666668
20,FAKKLAKLAKKL,inactive - exp,inactive - exp,0,Inactive,experimental,0,12,0.25,0.0,0.0,0.0,0.08333333333333333,0.0,0.0,0.0,0.4166666666666667,0.25,0.0,0.0,0.0,0.0,0.0,0.0,0.0,0.0,0.0,0.0,1358.7571,4.5449249042305215,10.602486610412598,0.08333333333333334,-12.058333333333334
21,FAKKLAKLAKKLAKLAL,mod. active,mod. active,1,Active,active,0,17,0.29411764705882354,0.0,0.0,0.0,0.058823529411764705,0.0,0.0,0.0,0.35294117647058826,0.29411764705882354,0.0,0.0,0.0,0.0,0.0,0.0,0.0,0.0,0.0,0.0,1855.4004,5.5424193115632345,10.699318122863769,0.05882352941176471,-10.564705882352943
22,FAKKLAKLAKKLAKLALAL,mod. active,mod. active,1,Active,active,0,19,0.3157894736842105,0.0,0.0,0.0,0.05263157894736842,0.0,0.0,0.0,0.3157894736842105,0.3157894736842105,0.0,0.0,0.0,0.0,0.0,0.0,0.0,0.0,0.0,0.0,2039.6358999999998,5.5424193115632345,10.699318122863769,0.052631578947368425,-8.4
23,FAKKLAKLAKKLLAL,mod. active,mod. active,1,Active,active,0,15,0.26666666666666666,0.0,0.0,0.0,0.06666666666666667,0.0,0.0,0.0,0.3333333333333333,0.3333333333333333,0.0,0.0,0.0,0.0,0.0,0.0,0.0,0.0,0.0,0.0,1656.1502,4.5449249042305215,10.602486610412598,0.06666666666666667,-7.6466666666666665
24,FAKKLAKLALKLAKL,mod. active,mod. active,1,Active,active,0,15,0.26666666666666666,0.0,0.0,0.0,0.06666666666666667,0.0,0.0,0.0,0.3333333333333333,0.3333333333333333,0.0,0.0,0.0,0.0,0.0,0.0,0.0,0.0,0.0,0.0,1656.1502,4.5449249042305215,10.602486610412598,0.06666666666666667,-18.96666666666667
25,FAKKLKKLAKLAKKL,inactive - exp,inactive - exp,0,Inactive,experimental,0,15,0.2,0.0,0.0,0.0,0.06666666666666667,0.0,0.0,0.0,0.4666666666666667,0.26666666666666666,0.0,0.0,0.0,0.0,0.0,0.0,0.0,0.0,0.0,0.0,1728.2593000000002,6.539913718895949,10.778420829772951,0.06666666666666667,-18.96666666666667
26,FAKKLLAKALKL,inactive - exp,inactive - exp,0,Inactive,experimental,0,12,0.25,0.0,0.0,0.0,0.08333333333333333,0.0,0.0,0.0,0.3333333333333333,0.3333333333333333,0.0,0.0,0.0,0.0,0.0,0.0,0.0,0.0,0.0,0.0,1343.7424,3.5474304968978063,10.477740287780762,0.08333333333333334,-12.058333333333334
27,FAKLAKKALAKLL,inactive - exp,inactive - exp,0,Inactive,experimental,0,13,0.3076923076923077,0.0,0.0,0.0,0.07692307692307693,0.0,0.0,0.0,0.3076923076923077,0.3076923076923077,0.0,0.0,0.0,0.0,0.0,0.0,0.0,0.0,0.0,0.0,1414.8202999999999,3.5474304968978063,10.477740287780762,0.07692307692307693,-3.8307692307692314
28,FAKLF,inactive - exp,inactive - exp,0,Inactive,experimental,0,5,0.2,0.0,0.0,0.0,0.4,0.0,0.0,0.0,0.2,0.2,0.0,0.0,0.0,0.0,0.0,0.0,0.0,0.0,0.0,0.0,624.7706999999999,0.5549472748996638,8.750052070617677,0.4,-8.98
29,FAKLFAKLAKKFAL,inactive - exp,inactive - exp,0,Inactive,experimental,0,14,0.2857142857142857,0.0,0.0,0.0,0.21428571428571427,0.0,0.0,0.0,0.2857142857142857,0.21428571428571427,0.0,0.0,0.0,0.0,0.0,0.0,0.0,0.0,0.0,0.0,1596.0103,3.5474304968978063,10.477740287780762,0.21428571428571427,-2.8428571428571434
30,FAKLLAKALKKAL,mod. active,mod. active,1,Active,active,0,13,0.3076923076923077,0.0,0.0,0.0,0.07692307692307693,0.0,0.0,0.0,0.3076923076923077,0.3076923076923077,0.0,0.0,0.0,0.0,0.0,0.0,0.0,0.0,0.0,0.0,1414.8202999999999,3.5474304968978063,10.477740287780762,0.07692307692307693,-3.8307692307692314
31,FAKLLAKALKKFAL,mod. active,mod. active,1,Active,active,0,14,0.2857142857142857,0.0,0.0,0.0,0.14285714285714285,0.0,0.0,0.0,0.2857142857142857,0.2857142857142857,0.0,0.0,0.0,0.0,0.0,0.0,0.0,0.0,0.0,0.0,1561.9941,3.5474304968978063,10.477740287780762,0.14285714285714288,-2.8428571428571434
32,FAKLLAKALKKFL,mod. active,mod. active,1,Active,active,0,13,0.23076923076923078,0.0,0.0,0.0,0.15384615384615385,0.0,0.0,0.0,0.3076923076923077,0.3076923076923077,0.0,0.0,0.0,0.0,0.0,0.0,0.0,0.0,0.0,0.0,1490.9162,3.5474304968978063,10.477740287780762,0.15384615384615385,-3.8307692307692314
33,FAKLLAKALKKL,inactive - exp,inactive - exp,0,Inactive,experimental,0,12,0.25,0.0,0.0,0.0,0.08333333333333333,0.0,0.0,0.0,0.3333333333333333,0.3333333333333333,0.0,0.0,0.0,0.0,0.0,0.0,0.0,0.0,0.0,0.0,1343.7423999999999,3.5474304968978063,10.477740287780762,0.08333333333333334,-12.058333333333334
34,FAKLLAKALKKLL,very active,very active,1,Active,active,0,13,0.23076923076923078,0.0,0.0,0.0,0.07692307692307693,0.0,0.0,0.0,0.3076923076923077,0.38461538461538464,0.0,0.0,0.0,0.0,0.0,0.0,0.0,0.0,0.0,0.0,1456.8999999999999,3.5474304968978063,10.477740287780762,0.07692307692307693,-10.361538461538462
35,FAKLLAKALKLKL,inactive - exp,inactive - exp,0,Inactive,experimental,0,13,0.23076923076923078,0.0,0.0,0.0,0.07692307692307693,0.0,0.0,0.0,0.3076923076923077,0.38461538461538464,0.0,0.0,0.0,0.0,0.0,0.0,0.0,0.0,0.0,0.0,1456.8999999999999,3.5474304968978063,10.477740287780762,0.07692307692307693,-23.423076923076927
36,FAKLLAKFLKKAL,mod. active,mod. active,1,Active,active,0,13,0.23076923076923078,0.0,0.0,0.0,0.15384615384615385,0.0,0.0,0.0,0.3076923076923077,0.3076923076923077,0.0,0.0,0.0,0.0,0.0,0.0,0.0,0.0,0.0,0.0,1490.9162,3.5474304968978063,10.477740287780762,0.15384615384615385,-3.8307692307692314
37,FAKLLAKLAKAKL,inactive - exp,inactive - exp,0,Inactive,experimental,0,13,0.3076923076923077,0.0,0.0,0.0,0.07692307692307693,0.0,0.0,0.0,0.3076923076923077,0.3076923076923077,0.0,0.0,0.0,0.0,0.0,0.0,0.0,0.0,0.0,0.0,1414.8202999999999,3.5474304968978063,10.477740287780762,0.07692307692307693,-10.361538461538462
38,FAKLLAKLAKKAA,inactive - exp,inactive - exp,0,Inactive,experimental,0,13,0.38461538461538464,0.0,0.0,0.0,0.07692307692307693,0.0,0.0,0.0,0.3076923076923077,0.23076923076923078,0.0,0.0,0.0,0.0,0.0,0.0,0.0,0.0,0.0,0.0,1372.7405999999999,3.5474304968978063,10.477740287780762,0.07692307692307693,-3.8307692307692314
39,FAKLLAKLAKKAL,inactive - exp,inactive - exp,0,Inactive,experimental,0,13,0.3076923076923077,0.0,0.0,0.0,0.07692307692307693,0.0,0.0,0.0,0.3076923076923077,0.3076923076923077,0.0,0.0,0.0,0.0,0.0,0.0,0.0,0.0,0.0,0.0,1414.8202999999999,3.5474304968978063,10.477740287780762,0.07692307692307693,-3.8307692307692314
40,FAKLLAKLAKKFAL,inactive - exp,inactive - exp,0,Inactive,experimental,0,14,0.2857142857142857,0.0,0.0,0.0,0.14285714285714285,0.0,0.0,0.0,0.2857142857142857,0.2857142857142857,0.0,0.0,0.0,0.0,0.0,0.0,0.0,0.0,0.0,0.0,1561.9941,3.5474304968978063,10.477740287780762,0.14285714285714288,-2.8428571428571434
41,FAKLLAKLAKKGL,inactive - exp,inactive - exp,0,Inactive,experimental,0,13,0.23076923076923078,0.0,0.0,0.0,0.07692307692307693,0.07692307692307693,0.0,0.0,0.3076923076923077,0.3076923076923077,0.0,0.0,0.0,0.0,0.0,0.0,0.0,0.0,0.0,0.0,1400.7937,3.5474304968978063,10.477740287780762,0.07692307692307693,-10.361538461538462
42,FAKLLAKLAKKIL,inactive - exp,inactive - exp,0,Inactive,experimental,0,13,0.23076923076923078,0.0,0.0,0.0,0.07692307692307693,0.0,0.0,0.07692307692307693,0.3076923076923077,0.3076923076923077,0.0,0.0,0.0,0.0,0.0,0.0,0.0,0.0,0.0,0.0,1456.8999999999999,3.5474304968978063,10.477740287780762,0.07692307692307693,4.453846153846155
43,FAKLLAKLAKKL,inactive - exp,inactive - exp,0,Inactive,experimental,0,12,0.25,0.0,0.0,0.0,0.08333333333333333,0.0,0.0,0.0,0.3333333333333333,0.3333333333333333,0.0,0.0,0.0,0.0,0.0,0.0,0.0,0.0,0.0,0.0,1343.7423999999999,3.5474304968978063,10.477740287780762,0.08333333333333334,-12.058333333333334
44,FAKLLAKLAKKLL,very active,very active,1,Active,active,0,13,0.23076923076923078,0.0,0.0,0.0,0.07692307692307693,0.0,0.0,0.0,0.3076923076923077,0.38461538461538464,0.0,0.0,0.0,0.0,0.0,0.0,0.0,0.0,0.0,0.0,1456.8999999999999,3.5474304968978063,10.477740287780762,0.07692307692307693,-10.361538461538462
45,FAKLLAKLAKKSL,inactive - exp,inactive - exp,0,Inactive,experimental,0,13,0.23076923076923078,0.0,0.0,0.0,0.07692307692307693,0.0,0.0,0.0,0.3076923076923077,0.3076923076923077,0.0,0.0,0.0,0.0,0.0,0.07692307692307693,0.0,0.0,0.0,0.0,1430.8196999999998,3.5474304968978063,10.477740287780762,0.07692307692307693,-3.8307692307692314
46,FAKLLAKLAKKVL,mod. active,mod. active,1,Active,active,0,13,0.23076923076923078,0.0,0.0,0.0,0.07692307692307693,0.0,0.0,0.0,0.3076923076923077,0.3076923076923077,0.0,0.0,0.0,0.0,0.0,0.0,0.0,0.07692307692307693,0.0,0.0,1442.8733999999997,3.5474304968978063,10.477740287780762,0.07692307692307693,-10.361538461538462
47,FAKLLAKLAKLKL,inactive - exp,inactive - exp,0,Inactive,experimental,0,13,0.23076923076923078,0.0,0.0,0.0,0.07692307692307693,0.0,0.0,0.0,0.3076923076923077,0.38461538461538464,0.0,0.0,0.0,0.0,0.0,0.0,0.0,0.0,0.0,0.0,1456.8999999999999,3.5474304968978063,10.477740287780762,0.07692307692307693,-23.423076923076927
48,FAKLLFKALKKAL,inactive - exp,inactive - exp,0,Inactive,experimental,0,13,0.23076923076923078,0.0,0.0,0.0,0.15384615384615385,0.0,0.0,0.0,0.3076923076923077,0.3076923076923077,0.0,0.0,0.0,0.0,0.0,0.0,0.0,0.0,0.0,0.0,1490.9162,3.5474304968978063,10.477740287780762,0.15384615384615385,-15.392307692307691
49,FAKLLKLAAKKLL,inactive - exp,inactive - exp,0,Inactive,experimental,0,13,0.23076923076923078,0.0,0.0,0.0,0.07692307692307693,0.0,0.0,0.0,0.3076923076923077,0.38461538461538464,0.0,0.0,0.0,0.0,0.0,0.0,0.0,0.0,0.0,0.0,1456.8999999999999,3.5474304968978063,10.477740287780762,0.07692307692307693,-16.892307692307693
50,FAKLWAKLAFGKGIGKVGKKLL,mod. active,mod. active,1,Active,active,0,22,0.13636363636363635,0.0,0.0,0.0,0.09090909090909091,0.18181818181818182,0.0,0.045454545454545456,0.2727272727272727,0.18181818181818182,0.0,0.0,0.0,0.0,0.0,0.0,0.0,0.045454545454545456,0.045454545454545456,0.0,2373.9645000000005,5.5424193115632345,10.699318122863769,0.13636363636363635,-25.11363636363637
51,FAKLWAKLAKKL,inactive - exp,inactive - exp,0,Inactive,experimental,0,12,0.25,0.0,0.0,0.0,0.08333333333333333,0.0,0.0,0.0,0.3333333333333333,0.25,0.0,0.0,0.0,0.0,0.0,0.0,0.0,0.0,0.08333333333333333,0.0,1416.7947,3.5474304968978063,10.477740287780762,0.16666666666666669,-4.850000000000002
52,FALAAKALKKLAKKLKKLAKKAL,mod. active,mod. active,1,Active,active,0,23,0.30434782608695654,0.0,0.0,0.0,0.043478260869565216,0.0,0.0,0.0,0.391304347826087,0.2608695652173913,0.0,0.0,0.0,0.0,0.0,0.0,0.0,0.0,0.0,0.0,2495.2307,8.534902533561377,10.903296089172361,0.043478260869565216,-8.891304347826088
53,FALAKLAKKAKAKLKKALKAL,mod. active,mod. active,1,Active,active,0,21,0.3333333333333333,0.0,0.0,0.0,0.047619047619047616,0.0,0.0,0.0,0.38095238095238093,0.23809523809523808,0.0,0.0,0.0,0.0,0.0,0.0,0.0,0.0,0.0,0.0,2253.9008,7.537408126228662,10.845339012145995,0.047619047619047616,-6.647619047619048
54,FALALKALKK,inactive - exp,inactive - exp,0,Inactive,experimental,0,10,0.3,0.0,0.0,0.0,0.1,0.0,0.0,0.0,0.3,0.3,0.0,0.0,0.0,0.0,0.0,0.0,0.0,0.0,0.0,0.0,1102.4125000000001,2.5499360895650924,10.302063941955566,0.1,-7.98
55,FALALKALKKAL,inactive - exp,inactive - exp,0,Inactive,experimental,0,12,0.3333333333333333,0.0,0.0,0.0,0.08333333333333333,0.0,0.0,0.0,0.25,0.3333333333333333,0.0,0.0,0.0,0.0,0.0,0.0,0.0,0.0,0.0,0.0,1286.6480000000001,2.5499360895650924,10.302063941955566,0.08333333333333334,-4.983333333333334
56,FALALKALKKALKKLKKALKKAL,inactive - exp,inactive - exp,0,Inactive,experimental,0,23,0.2608695652173913,0.0,0.0,0.0,0.043478260869565216,0.0,0.0,0.0,0.391304347826087,0.30434782608695654,0.0,0.0,0.0,0.0,0.0,0.0,0.0,0.0,0.0,0.0,2537.3104000000003,8.534902533561377,10.903296089172361,0.043478260869565216,-12.582608695652176
57,FALALKALKKL,mod. active,mod. active,1,Active,active,0,11,0.2727272727272727,0.0,0.0,0.0,0.09090909090909091,0.0,0.0,0.0,0.2727272727272727,0.36363636363636365,0.0,0.0,0.0,0.0,0.0,0.0,0.0,0.0,0.0,0.0,1215.5701000000001,2.5499360895650924,10.302063941955566,0.09090909090909091,-14.063636363636364
58,FALALKALKKLAKKLKKLAKKAL,mod. active,mod. active,1,Active,active,0,23,0.2608695652173913,0.0,0.0,0.0,0.043478260869565216,0.0,0.0,0.0,0.391304347826087,0.30434782608695654,0.0,0.0,0.0,0.0,0.0,0.0,0.0,0.0,0.0,0.0,2537.3104000000003,8.534902533561377,10.903296089172361,0.043478260869565216,-12.582608695652176
59,FALALKALKKLKKALKKAL,mod. active,mod. active,1,Active,active,0,19,0.2631578947368421,0.0,0.0,0.0,0.05263157894736842,0.0,0.0,0.0,0.3684210526315789,0.3157894736842105,0.0,0.0,0.0,0.0,0.0,0.0,0.0,0.0,0.0,0.0,2096.7303,6.539913718895949,10.778420829772951,0.052631578947368425,-12.86842105263158
60,FALALKALKKLLKKLKKLAKKAL,mod. active,mod. active,1,Active,active,0,23,0.21739130434782608,0.0,0.0,0.0,0.043478260869565216,0.0,0.0,0.0,0.391304347826087,0.34782608695652173,0.0,0.0,0.0,0.0,0.0,0.0,0.0,0.0,0.0,0.0,2579.3901000000005,8.534902533561377,10.903296089172361,0.043478260869565216,-16.273913043478263
61,FALALKKALKALKKAL,mod. active,mod. active,1,Active,active,0,16,0.3125,0.0,0.0,0.0,0.0625,0.0,0.0,0.0,0.3125,0.3125,0.0,0.0,0.0,0.0,0.0,0.0,0.0,0.0,0.0,0.0,1727.2281,4.5449249042305215,10.602486610412598,0.0625,-6.54375
62,FALALKLAKKAL,inactive - exp,inactive - exp,0,Inactive,experimental,0,12,0.3333333333333333,0.0,0.0,0.0,0.08333333333333333,0.0,0.0,0.0,0.25,0.3333333333333333,0.0,0.0,0.0,0.0,0.0,0.0,0.0,0.0,0.0,0.0,1286.6480000000001,2.5499360895650924,10.302063941955566,0.08333333333333334,-4.983333333333334
63,FALKALKKLKKALKKAL,mod. active,mod. active,1,Active,active,0,17,0.23529411764705882,0.0,0.0,0.0,0.058823529411764705,0.0,0.0,0.0,0.4117647058823529,0.29411764705882354,0.0,0.0,0.0,0.0,0.0,0.0,0.0,0.0,0.0,0.0,1912.4948,6.539913718895949,10.778420829772951,0.05882352941176471,-15.558823529411766
64,FALLKALKKAL,inactive - exp,inactive - exp,0,Inactive,experimental,0,11,0.2727272727272727,0.0,0.0,0.0,0.09090909090909091,0.0,0.0,0.0,0.2727272727272727,0.36363636363636365,0.0,0.0,0.0,0.0,0.0,0.0,0.0,0.0,0.0,0.0,1215.5701000000001,2.5499360895650924,10.302063941955566,0.09090909090909091,-6.345454545454546
65,FALLKALLKKAL,inactive - exp,inactive - exp,0,Inactive,experimental,0,12,0.25,0.0,0.0,0.0,0.08333333333333333,0.0,0.0,0.0,0.25,0.4166666666666667,0.0,0.0,0.0,0.0,0.0,0.0,0.0,0.0,0.0,0.0,1328.7277000000001,2.5499360895650924,10.302063941955566,0.08333333333333334,-4.983333333333334
66,FAVGLRAIKRALKKLRRGVRKVAKDL,inactive - exp,inactive - exp,0,Inactive,experimental,0,26,0.15384615384615385,0.0,0.038461538461538464,0.0,0.038461538461538464,0.07692307692307693,0.0,0.038461538461538464,0.19230769230769232,0.15384615384615385,0.0,0.0,0.0,0.0,0.19230769230769232,0.0,0.0,0.11538461538461539,0.0,0.0,2963.6617,8.545245797218659,11.999967765808105,0.038461538461538464,39.407692307692315
67,FKLAFKLAKKAFL,inactive - exp,inactive - exp,0,Inactive,experimental,0,13,0.23076923076923078,0.0,0.0,0.0,0.23076923076923078,0.0,0.0,0.0,0.3076923076923077,0.23076923076923078,0.0,0.0,0.0,0.0,0.0,0.0,0.0,0.0,0.0,0.0,1524.9324000000001,3.5474304968978063,10.477740287780762,0.23076923076923075,-26.953846153846154
68,FKRLAKIKVLRLAKIKR,mod. active,mod. active,1,Active,active,0,17,0.11764705882352941,0.0,0.0,0.0,0.058823529411764705,0.0,0.0,0.11764705882352941,0.29411764705882354,0.17647058823529413,0.0,0.0,0.0,0.0,0.17647058823529413,0.0,0.0,0.058823529411764705,0.0,0.0,2081.6825000000003,7.544849549530399,11.999967765808105,0.05882352941176471,25.28235294117647
69,FKVKFKVKVK,inactive - exp,inactive - exp,0,Inactive,experimental,0,10,0.0,0.0,0.0,0.0,0.2,0.0,0.0,0.0,0.5,0.0,0.0,0.0,0.0,0.0,0.0,0.0,0.0,0.3,0.0,0.0,1250.6174,4.5449249042305215,10.602486610412598,0.2,-55.17000000000001
70,FLGALFHALSKLL,mod. active,mod. active,1,Active,active,0,13,0.15384615384615385,0.0,0.0,0.0,0.15384615384615385,0.07692307692307693,0.07692307692307693,0.0,0.07692307692307693,0.38461538461538464,0.0,0.0,0.0,0.0,0.0,0.07692307692307693,0.0,0.0,0.0,0.0,1429.7468999999999,0.5915737160757106,8.757208061218265,0.15384615384615385,-3.8307692307692314
71,FLGALFKALSHLL,mod. active,mod. active,1,Active,active,0,13,0.15384615384615385,0.0,0.0,0.0,0.15384615384615385,0.07692307692307693,0.07692307692307693,0.0,0.07692307692307693,0.38461538461538464,0.0,0.0,0.0,0.0,0.0,0.07692307692307693,0.0,0.0,0.0,0.0,1429.7469,0.5915737160757106,8.757208061218265,0.15384615384615385,-8.861538461538462
72,FLGALFKALSKLL,mod. active,mod. active,1,Active,active,0,13,0.15384615384615385,0.0,0.0,0.0,0.15384615384615385,0.07692307692307693,0.0,0.0,0.15384615384615385,0.38461538461538464,0.0,0.0,0.0,0.0,0.0,0.07692307692307693,0.0,0.0,0.0,0.0,1420.7799,1.552441682232378,10.002737236022949,0.15384615384615385,-15.392307692307691
73,FLGMIPGLIGGLISAFK,very active,very active,1,Active,active,0,17,0.058823529411764705,0.0,0.0,0.0,0.11764705882352941,0.23529411764705882,0.0,0.17647058823529413,0.058823529411764705,0.17647058823529413,0.058823529411764705,0.0,0.058823529411764705,0.0,0.0,0.058823529411764705,0.0,0.0,0.0,0.0,1734.1524,0.5549472748996638,8.750052070617677,0.11764705882352942,6.13529411764706
74,FLGMIPKLIKKLIKAFK,very active,very active,1,Active,active,0,17,0.058823529411764705,0.0,0.0,0.0,0.11764705882352941,0.058823529411764705,0.0,0.17647058823529413,0.29411764705882354,0.17647058823529413,0.058823529411764705,0.0,0.058823529411764705,0.0,0.0,0.0,0.0,0.0,0.0,0.0,1988.6104,4.5449249042305215,10.602486610412598,0.11764705882352942,-21.100000000000005
75,FLGWLFKWAKK,mod. active,mod. active,1,Active,active,0,11,0.09090909090909091,0.0,0.0,0.0,0.18181818181818182,0.09090909090909091,0.0,0.0,0.2727272727272727,0.18181818181818182,0.0,0.0,0.0,0.0,0.0,0.0,0.0,0.0,0.18181818181818182,0.0,1423.744,2.5499360895650924,10.302063941955566,0.36363636363636365,4.199999999999999
76,FLGWLFKWAWK,mod. active,mod. active,1,Active,active,0,11,0.09090909090909091,0.0,0.0,0.0,0.18181818181818182,0.09090909090909091,0.0,0.0,0.18181818181818182,0.18181818181818182,0.0,0.0,0.0,0.0,0.0,0.0,0.0,0.0,0.2727272727272727,0.0,1481.7816,1.552441682232378,10.002737236022949,0.45454545454545453,4.199999999999999
77,FLKLLAGLLKNFA,mod. active,mod. active,1,Active,active,0,13,0.15384615384615385,0.0,0.0,0.0,0.15384615384615385,0.07692307692307693,0.0,0.0,0.15384615384615385,0.38461538461538464,0.0,0.07692307692307693,0.0,0.0,0.0,0.0,0.0,0.0,0.0,0.0,1447.8052,1.552441682232378,10.002737236022949,0.15384615384615385,-21.923076923076923
78,FLKLLKKLAAKFLPTIICKISYKC,very active,very active,1,Active,active,0,24,0.08333333333333333,0.08333333333333333,0.0,0.0,0.08333333333333333,0.0,0.0,0.125,0.25,0.20833333333333334,0.0,0.0,0.041666666666666664,0.0,0.0,0.041666666666666664,0.041666666666666664,0.0,0.0,0.041666666666666664,2783.5687000000003,5.490906983795277,9.928985404968262,0.125,-0.07916666666666647
79,FLKLLKKLAAKLF,mod. active,mod. active,1,Active,active,0,13,0.15384615384615385,0.0,0.0,0.0,0.15384615384615385,0.0,0.0,0.0,0.3076923076923077,0.38461538461538464,0.0,0.0,0.0,0.0,0.0,0.0,0.0,0.0,0.0,0.0,1532.9959,3.5474304968978063,10.477740287780762,0.15384615384615385,-23.423076923076927
80,FLKWLFKWAKK,mod. active,mod. active,1,Active,active,0,11,0.09090909090909091,0.0,0.0,0.0,0.18181818181818182,0.0,0.0,0.0,0.36363636363636365,0.18181818181818182,0.0,0.0,0.0,0.0,0.0,0.0,0.0,0.0,0.18181818181818182,0.0,1494.865,3.5474304968978063,10.477740287780762,0.36363636363636365,-14.736363636363636
81,FLSLIPKLVKKIIKAFK,very active,very active,1,Active,active,0,17,0.058823529411764705,0.0,0.0,0.0,0.11764705882352941,0.0,0.0,0.17647058823529413,0.29411764705882354,0.17647058823529413,0.0,0.0,0.058823529411764705,0.0,0.0,0.058823529411764705,0.0,0.058823529411764705,0.0,0.0,1986.5714000000003,4.5449249042305215,10.602486610412598,0.11764705882352942,-17.8
82,FLSLIPSLVGGSISAFK,inactive - exp,inactive - exp,0,Inactive,experimental,0,17,0.058823529411764705,0.0,0.0,0.0,0.11764705882352941,0.11764705882352941,0.0,0.11764705882352941,0.058823529411764705,0.17647058823529413,0.0,0.0,0.058823529411764705,0.0,0.0,0.23529411764705882,0.0,0.058823529411764705,0.0,0.0,1736.0591000000004,0.5549472748996638,8.750052070617677,0.11764705882352942,12.47058823529412
83,FLWWLFKWAWK,mod. active,mod. active,1,Active,active,0,11,0.09090909090909091,0.0,0.0,0.0,0.18181818181818182,0.0,0.0,0.0,0.18181818181818182,0.18181818181818182,0.0,0.0,0.0,0.0,0.0,0.0,0.0,0.0,0.36363636363636365,0.0,1610.9402,1.552441682232378,10.002737236022949,0.5454545454545454,14.509090909090904
84,GIGAVLKVLTTGLPALISWIKRKRQQ,mod. active,mod. active,1,Active,active,0,26,0.07692307692307693,0.0,0.0,0.0,0.0,0.11538461538461539,0.0,0.11538461538461539,0.11538461538461539,0.15384615384615385,0.0,0.0,0.038461538461538464,0.07692307692307693,0.07692307692307693,0.038461538461538464,0.07692307692307693,0.07692307692307693,0.038461538461538464,0.0,2847.4471000000003,4.5498858530983455,11.999967765808105,0.038461538461538464,44.73076923076924
85,GIGKFLHAAKKFAKAFVAEIMNS,mod. active,mod. active,1,Active,active,0,23,0.21739130434782608,0.0,0.0,0.043478260869565216,0.13043478260869565,0.08695652173913043,0.043478260869565216,0.08695652173913043,0.17391304347826086,0.043478260869565216,0.043478260869565216,0.043478260869565216,0.0,0.0,0.0,0.043478260869565216,0.0,0.043478260869565216,0.0,0.0,2478.951,2.585177699013698,10.00138339996338,0.13043478260869565,10.556521739130435
86,GIGKFLHSAKKFAKAFVAEIMNS,mod. active,mod. active,1,Active,active,0,23,0.17391304347826086,0.0,0.0,0.043478260869565216,0.13043478260869565,0.08695652173913043,0.043478260869565216,0.08695652173913043,0.17391304347826086,0.043478260869565216,0.043478260869565216,0.043478260869565216,0.0,0.0,0.0,0.08695652173913043,0.0,0.043478260869565216,0.0,0.0,2494.9504,2.585177699013698,10.00138339996338,0.13043478260869565,10.556521739130435
87,GIGKFLHSAKKFGKAFVGEIMNS,mod. active,mod. active,1,Active,active,0,23,0.08695652173913043,0.0,0.0,0.043478260869565216,0.13043478260869565,0.17391304347826086,0.043478260869565216,0.08695652173913043,0.17391304347826086,0.043478260869565216,0.043478260869565216,0.043478260869565216,0.0,0.0,0.0,0.08695652173913043,0.0,0.043478260869565216,0.0,0.0,2466.8972000000003,2.585177699013698,10.00138339996338,0.13043478260869565,-0.10434782608695584
88,GIGKFLKKAKKFAKAFVKIINN,very active,very active,1,Active,active,0,22,0.13636363636363635,0.0,0.0,0.0,0.13636363636363635,0.09090909090909091,0.0,0.13636363636363635,0.3181818181818182,0.045454545454545456,0.0,0.09090909090909091,0.0,0.0,0.0,0.0,0.0,0.045454545454545456,0.0,0.0,2464.0457000000006,6.539913718895949,10.778420829772951,0.13636363636363635,-7.199999999999998
89,GIGKFLKKAKKFGKAFVKILKK,inactive - exp,inactive - exp,0,Inactive,experimental,0,22,0.09090909090909091,0.0,0.0,0.0,0.13636363636363635,0.13636363636363635,0.0,0.09090909090909091,0.4090909090909091,0.09090909090909091,0.0,0.0,0.0,0.0,0.0,0.0,0.0,0.045454545454545456,0.0,0.0,2478.1585000000005,8.534902533561377,10.903296089172361,0.13636363636363635,-6.163636363636362
90,GLFAVIKKVAAVIKKL,mod. active,mod. active,1,Active,active,0,16,0.1875,0.0,0.0,0.0,0.0625,0.0625,0.0,0.125,0.25,0.125,0.0,0.0,0.0,0.0,0.0,0.0,0.0,0.1875,0.0,0.0,1698.1867000000002,3.5474304968978063,10.477740287780762,0.0625,-11.850000000000001
91,GLFAVIKKVAAVIRRL,mod. active,mod. active,1,Active,active,0,16,0.1875,0.0,0.0,0.0,0.0625,0.0625,0.0,0.125,0.125,0.125,0.0,0.0,0.0,0.0,0.125,0.0,0.0,0.1875,0.0,0.0,1754.2135000000003,3.552391445765631,11.999967765808105,0.0625,34.5625
92,GLFAVIKKVAKVIKKL,very active,very active,1,Active,active,0,16,0.125,0.0,0.0,0.0,0.0625,0.0625,0.0,0.125,0.3125,0.125,0.0,0.0,0.0,0.0,0.0,0.0,0.0,0.1875,0.0,0.0,1755.2811000000002,4.5449249042305215,10.602486610412598,0.0625,-17.15625
93,GLFAVIKKVASVIGGL,very active,very active,1,Active,active,0,16,0.125,0.0,0.0,0.0,0.0625,0.1875,0.0,0.125,0.125,0.125,0.0,0.0,0.0,0.0,0.0,0.0625,0.0,0.1875,0.0,0.0,1571.9441000000002,1.552441682232378,10.002737236022949,0.0625,6.475
94,GLFAVIKKVASVIKGL,mod. active,mod. active,1,Active,active,0,16,0.125,0.0,0.0,0.0,0.0625,0.125,0.0,0.125,0.1875,0.125,0.0,0.0,0.0,0.0,0.0,0.0625,0.0,0.1875,0.0,0.0,1643.0650999999998,2.5499360895650924,10.302063941955566,0.0625,-11.850000000000001
95,GLFAVIKKVASVIKKL,mod. active,mod. active,1,Active,active,0,16,0.125,0.0,0.0,0.0,0.0625,0.0625,0.0,0.125,0.25,0.125,0.0,0.0,0.0,0.0,0.0,0.0625,0.0,0.1875,0.0,0.0,1714.1861,3.5474304968978063,10.477740287780762,0.0625,-11.850000000000001
96,GLFDIAKKVIGVIGSL,mod. active,mod. active,1,Active,active,0,16,0.0625,0.0,0.0625,0.0,0.0625,0.1875,0.0,0.1875,0.125,0.125,0.0,0.0,0.0,0.0,0.0,0.0625,0.0,0.125,0.0,0.0,1629.9802,0.5528881663873828,8.59094409942627,0.0625,11.78125
97,GLFDIIKKIAESF,mod. active,mod. active,1,Active,active,0,13,0.07692307692307693,0.0,0.07692307692307693,0.07692307692307693,0.15384615384615385,0.07692307692307693,0.0,0.23076923076923078,0.15384615384615385,0.07692307692307693,0.0,0.0,0.0,0.0,0.0,0.07692307692307693,0.0,0.0,0.0,0.0,1480.7458000000001,-0.4459910726727725,6.069006156921386,0.15384615384615385,20.47692307692308
98,GLFDIVKKIAGHIAGSI,mod. active,mod. active,1,Active,active,0,17,0.11764705882352941,0.0,0.058823529411764705,0.0,0.058823529411764705,0.17647058823529413,0.058823529411764705,0.23529411764705882,0.11764705882352941,0.058823529411764705,0.0,0.0,0.0,0.0,0.0,0.058823529411764705,0.0,0.058823529411764705,0.0,0.0,1739.0664000000002,0.5895146075634297,8.598357963562016,0.05882352941176471,30.835294117647056
99,GLFDIVKKIAGHIASSI,mod. active,mod. active,1,Active,active,0,17,0.11764705882352941,0.0,0.058823529411764705,0.0,0.058823529411764705,0.11764705882352941,0.058823529411764705,0.23529411764705882,0.11764705882352941,0.058823529411764705,0.0,0.0,0.0,0.0,0.0,0.11764705882352941,0.0,0.058823529411764705,0.0,0.0,1769.0924,0.5895146075634297,8.598357963562016,0.05882352941176471,42.16470588235294
100,GLFDIVKKIAGHIVSSI,mod. active,mod. active,1,Active,active,0,17,0.058823529411764705,0.0,0.058823529411764705,0.0,0.058823529411764705,0.11764705882352941,0.058823529411764705,0.23529411764705882,0.11764705882352941,0.058823529411764705,0.0,0.0,0.0,0.0,0.0,0.11764705882352941,0.0,0.11764705882352941,0.0,0.0,1797.1455,0.5895146075634297,8.598357963562016,0.05882352941176471,37.17058823529412
101,GLFDIVKKVVGAFGSL,mod. active,mod. active,1,Active,active,0,16,0.0625,0.0,0.0625,0.0,0.125,0.1875,0.0,0.0625,0.125,0.125,0.0,0.0,0.0,0.0,0.0,0.0625,0.0,0.1875,0.0,0.0,1649.9697999999999,0.5528881663873828,8.59094409942627,0.125,-5.9375
102,GLFDVIAKVASVIKKL,mod. active,mod. active,1,Active,active,0,16,0.125,0.0,0.0625,0.0,0.0625,0.0625,0.0,0.125,0.1875,0.125,0.0,0.0,0.0,0.0,0.0,0.0625,0.0,0.1875,0.0,0.0,1701.1012,1.5503825737200971,9.703023719787598,0.0625,1.1687499999999995
103,GLFDVIKAVASVIGGL,mod. active,mod. active,1,Active,active,0,16,0.125,0.0,0.0625,0.0,0.0625,0.1875,0.0,0.125,0.0625,0.125,0.0,0.0,0.0,0.0,0.0,0.0625,0.0,0.1875,0.0,0.0,1558.8592000000003,-0.4446062409453315,5.835682106018066,0.0625,19.493750000000002
104,GLFDVIKKVAAVIGGL,mod. active,mod. active,1,Active,active,0,16,0.125,0.0,0.0625,0.0,0.0625,0.1875,0.0,0.125,0.125,0.125,0.0,0.0,0.0,0.0,0.0,0.0,0.0,0.1875,0.0,0.0,1599.9542000000001,0.5528881663873828,8.59094409942627,0.0625,14.1875
105,GLFDVIKKVASVIGGL,mod. active,mod. active,1,Active,active,0,16,0.0625,0.0,0.0625,0.0,0.0625,0.1875,0.0,0.125,0.125,0.125,0.0,0.0,0.0,0.0,0.0,0.0625,0.0,0.1875,0.0,0.0,1615.9536000000003,0.5528881663873828,8.59094409942627,0.0625,14.1875
106,GLFDVIKKVASVIKGL,mod. active,mod. active,1,Active,active,0,16,0.0625,0.0,0.0625,0.0,0.0625,0.125,0.0,0.125,0.1875,0.125,0.0,0.0,0.0,0.0,0.0,0.0625,0.0,0.1875,0.0,0.0,1687.0746,1.5503825737200971,9.703023719787598,0.0625,-4.137500000000001
107,GLFDVIKKVASVIKKL,mod. active,mod. active,1,Active,active,0,16,0.0625,0.0,0.0625,0.0,0.0625,0.0625,0.0,0.125,0.25,0.125,0.0,0.0,0.0,0.0,0.0,0.0625,0.0,0.1875,0.0,0.0,1758.1956,2.547876981052811,10.00138339996338,0.0625,-4.137500000000001
108,GLFKVIKKVAKVIKKL,mod. active,mod. active,1,Active,active,0,16,0.0625,0.0,0.0,0.0,0.0625,0.0625,0.0,0.125,0.375,0.125,0.0,0.0,0.0,0.0,0.0,0.0,0.0,0.1875,0.0,0.0,1812.3755,5.5424193115632345,10.699318122863769,0.0625,-31.856250000000003
109,GLFKVIKKVASVIGGL,mod. active,mod. active,1,Active,active,0,16,0.0625,0.0,0.0,0.0,0.0625,0.1875,0.0,0.125,0.1875,0.125,0.0,0.0,0.0,0.0,0.0,0.0625,0.0,0.1875,0.0,0.0,1629.0385000000006,2.5499360895650924,10.302063941955566,0.0625,-8.225
110,ILPWKWPWWPWRR,inactive - exp,inactive - exp,0,Inactive,experimental,0,13,0.0,0.0,0.0,0.0,0.0,0.0,0.0,0.07692307692307693,0.07692307692307693,0.07692307692307693,0.0,0.0,0.23076923076923078,0.0,0.15384615384615385,0.0,0.0,0.0,0.38461538461538464,0.0,1907.2693000000002,2.554897038432917,11.999967765808105,0.3846153846153846,76.27692307692308
111,KKKFPWWWPFKKK,mod. active,mod. active,1,Active,active,0,13,0.0,0.0,0.0,0.0,0.15384615384615385,0.0,0.0,0.0,0.46153846153846156,0.0,0.0,0.0,0.15384615384615385,0.0,0.0,0.0,0.0,0.0,0.23076923076923078,0.0,1834.2567999999999,5.5424193115632345,10.699318122863769,0.3846153846153846,25.084615384615386
112,KKKFPWWWPFKKKCKKKFPWWWPFKKKC,very active,very active,1,Active,active,0,28,0.0,0.07142857142857142,0.0,0.0,0.14285714285714285,0.0,0.0,0.0,0.42857142857142855,0.0,0.0,0.0,0.14285714285714285,0.0,0.0,0.0,0.0,0.0,0.21428571428571427,0.0,3856.7841000000008,11.478379020458847,10.489538002014157,0.35714285714285715,24.364285714285714
113,KKKFPWWWPFKKKKKKFPWWWPFKKKK,very active,very active,1,Active,active,0,27,0.0,0.0,0.0,0.0,0.14814814814814814,0.0,0.0,0.0,0.48148148148148145,0.0,0.0,0.0,0.14814814814814814,0.0,0.0,0.0,0.0,0.0,0.2222222222222222,0.0,3778.670600000001,12.524880162892234,11.079294776916505,0.37037037037037035,24.896296296296295
114,KKVVFKVKFK,inactive - exp,inactive - exp,0,Inactive,experimental,0,10,0.0,0.0,0.0,0.0,0.2,0.0,0.0,0.0,0.5,0.0,0.0,0.0,0.0,0.0,0.0,0.0,0.0,0.3,0.0,0.0,1250.6174,4.5449249042305215,10.602486610412598,0.2,-40.919999999999995
115,KLAKKLAKLAKLAKAL,mod. active,mod. active,1,Active,active,0,16,0.3125,0.0,0.0,0.0,0.0,0.0,0.0,0.0,0.375,0.3125,0.0,0.0,0.0,0.0,0.0,0.0,0.0,0.0,0.0,0.0,1708.2266000000002,5.5424193115632345,10.699318122863769,0.0,-11.850000000000001
116,KLALKLALKALKAAKLA,inactive - exp,inactive - exp,0,Inactive,experimental,0,17,0.35294117647058826,0.0,0.0,0.0,0.0,0.0,0.0,0.0,0.29411764705882354,0.35294117647058826,0.0,0.0,0.0,0.0,0.0,0.0,0.0,0.0,0.0,0.0,1764.2898,4.5449249042305215,10.602486610412598,0.0,-20.552941176470593
117,KTKLFKKFAKKLAKKLKKLAKKL,mod. active,mod. active,1,Active,active,0,23,0.13043478260869565,0.0,0.0,0.0,0.08695652173913043,0.0,0.0,0.0,0.5217391304347826,0.21739130434782608,0.0,0.0,0.0,0.0,0.0,0.0,0.043478260869565216,0.0,0.0,0.0,2730.5561000000007,11.52738575555952,11.041516304016113,0.08695652173913043,-19.117391304347827
118,KWKKFLKIGIGKFLHLAKKF,very active,very active,1,Active,active,0,20,0.05,0.0,0.0,0.0,0.15,0.1,0.05,0.1,0.35,0.15,0.0,0.0,0.0,0.0,0.0,0.0,0.0,0.0,0.05,0.0,2431.0605000000005,6.576540160071996,10.778420829772951,0.2,-7.48
119,KWKLAKKALALL,inactive - exp,inactive - exp,0,Inactive,experimental,0,12,0.25,0.0,0.0,0.0,0.0,0.0,0.0,0.0,0.3333333333333333,0.3333333333333333,0.0,0.0,0.0,0.0,0.0,0.0,0.0,0.0,0.08333333333333333,0.0,1382.7785000000001,3.5474304968978063,10.477740287780762,0.08333333333333334,2.091666666666667
120,KWKLFAKIGIGKFLHLAKKF,very active,very active,1,Active,active,0,20,0.1,0.0,0.0,0.0,0.15,0.1,0.05,0.1,0.3,0.15,0.0,0.0,0.0,0.0,0.0,0.0,0.0,0.0,0.05,0.0,2373.9661000000006,5.579045752739281,10.699318122863769,0.2,-7.48
121,KWKLFKKALKKLKKALKKAL,mod. active,mod. active,1,Active,active,0,20,0.15,0.0,0.0,0.0,0.05,0.0,0.0,0.0,0.5,0.25,0.0,0.0,0.0,0.0,0.0,0.0,0.0,0.0,0.05,0.0,2412.1437,9.532396940894092,10.954419517517088,0.1,-19.240000000000002
122,KWKLFKKIGAVLKVL,mod. active,mod. active,1,Active,active,0,15,0.06666666666666667,0.0,0.0,0.0,0.06666666666666667,0.06666666666666667,0.0,0.06666666666666667,0.3333333333333333,0.2,0.0,0.0,0.0,0.0,0.0,0.0,0.0,0.13333333333333333,0.06666666666666667,0.0,1771.2821000000004,4.5449249042305215,10.602486610412598,0.13333333333333333,-28.986666666666668
123,KWKLFKKIGIGAFLHLAKKF,very active,very active,1,Active,active,0,20,0.1,0.0,0.0,0.0,0.15,0.1,0.05,0.1,0.3,0.15,0.0,0.0,0.0,0.0,0.0,0.0,0.0,0.0,0.05,0.0,2373.9661000000006,5.579045752739281,10.699318122863769,0.2,-14.995000000000001
124,KWKLFKKIGIGAFLHSAKKF,mod. active,mod. active,1,Active,active,0,20,0.1,0.0,0.0,0.0,0.15,0.1,0.05,0.1,0.3,0.1,0.0,0.0,0.0,0.0,0.0,0.05,0.0,0.0,0.05,0.0,2347.8858000000005,5.579045752739281,10.699318122863769,0.2,-14.995000000000001
125,KWKLFKKIGIGAVLKVLKKG,very active,very active,1,Active,active,0,20,0.05,0.0,0.0,0.0,0.05,0.15,0.0,0.1,0.35,0.15,0.0,0.0,0.0,0.0,0.0,0.0,0.0,0.1,0.05,0.0,2254.886900000001,6.539913718895949,10.778420829772951,0.1,-31.975000000000005
126,KWKLFKKIGIGAVLKVLTTG,mod. active,mod. active,1,Active,active,0,20,0.05,0.0,0.0,0.0,0.05,0.15,0.0,0.1,0.25,0.15,0.0,0.0,0.0,0.0,0.0,0.0,0.1,0.1,0.05,0.0,2200.7501000000007,4.5449249042305215,10.602486610412598,0.1,-27.730000000000004
127,KWKLFKKIGIGKFKLAKKF,very active,very active,1,Active,active,0,19,0.05263157894736842,0.0,0.0,0.0,0.15789473684210525,0.10526315789473684,0.0,0.10526315789473684,0.42105263157894735,0.10526315789473684,0.0,0.0,0.0,0.0,0.0,0.0,0.0,0.0,0.05263157894736842,0.0,2308.9359000000004,7.537408126228662,10.845339012145995,0.21052631578947367,-28.689473684210526
128,KWKLFKKIGIGKFLHLAKKF,very active,very active,1,Active,active,0,20,0.05,0.0,0.0,0.0,0.15,0.1,0.05,0.1,0.35,0.15,0.0,0.0,0.0,0.0,0.0,0.0,0.0,0.0,0.05,0.0,2431.0605000000005,6.576540160071996,10.778420829772951,0.2,-14.995000000000001
129,KWKLFKKIGIGKFLHSAKKF,mod. active,mod. active,1,Active,active,0,20,0.05,0.0,0.0,0.0,0.15,0.1,0.05,0.1,0.35,0.1,0.0,0.0,0.0,0.0,0.0,0.05,0.0,0.0,0.05,0.0,2404.9802000000004,6.576540160071996,10.778420829772951,0.2,-14.995000000000001
130,KWKLFKKIGIGKFLHSATTF,mod. active,mod. active,1,Active,active,0,20,0.05,0.0,0.0,0.0,0.15,0.1,0.05,0.1,0.25,0.1,0.0,0.0,0.0,0.0,0.0,0.05,0.1,0.0,0.05,0.0,2350.8434,4.581551345406568,10.602486610412598,0.2,-8.825000000000001
131,KWKLFKKIKFLHSAKKF,inactive - exp,inactive - exp,0,Inactive,experimental,0,17,0.058823529411764705,0.0,0.0,0.0,0.17647058823529413,0.0,0.058823529411764705,0.058823529411764705,0.4117647058823529,0.11764705882352941,0.0,0.0,0.0,0.0,0.0,0.058823529411764705,0.0,0.0,0.058823529411764705,0.0,2177.7200000000007,6.576540160071996,10.778420829772951,0.23529411764705885,-14.411764705882353
132,KWKLFKKIPKFLHSAKKF,mod. active,mod. active,1,Active,active,0,18,0.05555555555555555,0.0,0.0,0.0,0.16666666666666666,0.0,0.05555555555555555,0.05555555555555555,0.3888888888888889,0.1111111111111111,0.0,0.0,0.05555555555555555,0.0,0.0,0.05555555555555555,0.0,0.0,0.05555555555555555,0.0,2274.8352000000004,6.576540160071996,10.778420829772951,0.22222222222222224,-9.938888888888888
133,KWKLFKKKTKLFKKFAKKLAKKL,mod. active,mod. active,1,Active,active,0,23,0.08695652173913043,0.0,0.0,0.0,0.13043478260869565,0.0,0.0,0.0,0.5217391304347826,0.17391304347826086,0.0,0.0,0.0,0.0,0.0,0.0,0.043478260869565216,0.0,0.043478260869565216,0.0,2879.704300000001,11.52738575555952,11.041516304016113,0.17391304347826086,-18.269565217391307
134,KWKSFAKTFKSAKKTVLHTALKAISS,mod. active,mod. active,1,Active,active,0,26,0.15384615384615385,0.0,0.0,0.0,0.07692307692307693,0.0,0.038461538461538464,0.038461538461538464,0.2692307692307692,0.07692307692307693,0.0,0.0,0.0,0.0,0.0,0.15384615384615385,0.11538461538461539,0.038461538461538464,0.038461538461538464,0.0,2907.4545,6.576540160071996,10.778420829772951,0.11538461538461539,9.823076923076924
135,KWKSFLKTFKSAKKTVAHTAAKAISS,mod. active,mod. active,1,Active,active,0,26,0.19230769230769232,0.0,0.0,0.0,0.07692307692307693,0.0,0.038461538461538464,0.038461538461538464,0.2692307692307692,0.038461538461538464,0.0,0.0,0.0,0.0,0.0,0.15384615384615385,0.11538461538461539,0.038461538461538464,0.038461538461538464,0.0,2865.374799999999,6.576540160071996,10.778420829772951,0.11538461538461539,6.557692307692308
136,KWKSFLKTFKSAKKTVAHTALKAISS,mod. active,mod. active,1,Active,active,0,26,0.15384615384615385,0.0,0.0,0.0,0.07692307692307693,0.0,0.038461538461538464,0.038461538461538464,0.2692307692307692,0.07692307692307693,0.0,0.0,0.0,0.0,0.0,0.15384615384615385,0.11538461538461539,0.038461538461538464,0.038461538461538464,0.0,2907.4544999999994,6.576540160071996,10.778420829772951,0.11538461538461539,3.2923076923076926
137,KWKSFLKTFKSAKKTVLHTALKAISS,very active,very active,1,Active,active,0,26,0.11538461538461539,0.0,0.0,0.0,0.07692307692307693,0.0,0.038461538461538464,0.038461538461538464,0.2692307692307692,0.11538461538461539,0.0,0.0,0.0,0.0,0.0,0.15384615384615385,0.11538461538461539,0.038461538461538464,0.038461538461538464,0.0,2949.5341999999996,6.576540160071996,10.778420829772951,0.11538461538461539,6.557692307692308
138,KWKSFLKTFKSAKKTVLHTLLKAISS,very active,very active,1,Active,active,0,26,0.07692307692307693,0.0,0.0,0.0,0.07692307692307693,0.0,0.038461538461538464,0.038461538461538464,0.2692307692307692,0.15384615384615385,0.0,0.0,0.0,0.0,0.0,0.15384615384615385,0.11538461538461539,0.038461538461538464,0.038461538461538464,0.0,2991.6139,6.576540160071996,10.778420829772951,0.11538461538461539,6.557692307692308
139,KWKSFLKTFKSLKKTVLHTALKAISS,very active,very active,1,Active,active,0,26,0.07692307692307693,0.0,0.0,0.0,0.07692307692307693,0.0,0.038461538461538464,0.038461538461538464,0.2692307692307692,0.15384615384615385,0.0,0.0,0.0,0.0,0.0,0.15384615384615385,0.11538461538461539,0.038461538461538464,0.038461538461538464,0.0,2991.6138999999994,6.576540160071996,10.778420829772951,0.11538461538461539,3.2923076923076926
140,KWKSFLKTFKSLKKTVLHTLLKAISS,very active,very active,1,Active,active,0,26,0.038461538461538464,0.0,0.0,0.0,0.07692307692307693,0.0,0.038461538461538464,0.038461538461538464,0.2692307692307692,0.19230769230769232,0.0,0.0,0.0,0.0,0.0,0.15384615384615385,0.11538461538461539,0.038461538461538464,0.038461538461538464,0.0,3033.6935999999996,6.576540160071996,10.778420829772951,0.11538461538461539,3.2923076923076926
141,KWKSFLKTFKSLKKTVLHTLLKLISS,very active,very active,1,Active,active,0,26,0.0,0.0,0.0,0.0,0.07692307692307693,0.0,0.038461538461538464,0.038461538461538464,0.2692307692307692,0.23076923076923078,0.0,0.0,0.0,0.0,0.0,0.15384615384615385,0.11538461538461539,0.038461538461538464,0.038461538461538464,0.0,3075.7733,6.576540160071996,10.778420829772951,0.11538461538461539,0.026923076923077036
142,KYKKALKKLAKLL,inactive - exp,inactive - exp,0,Inactive,experimental,0,13,0.15384615384615385,0.0,0.0,0.0,0.0,0.0,0.0,0.0,0.46153846153846156,0.3076923076923077,0.0,0.0,0.0,0.0,0.0,0.0,0.0,0.0,0.0,0.07692307692307693,1545.0085000000001,5.539913718895949,10.398315238952637,0.07692307692307693,-10.361538461538462
143,LGGIVSAVKKIVDFLG,mod. active,mod. active,1,Active,active,0,16,0.0625,0.0,0.0625,0.0,0.0625,0.1875,0.0,0.125,0.125,0.125,0.0,0.0,0.0,0.0,0.0,0.0625,0.0,0.1875,0.0,0.0,1615.9536000000003,0.5528881663873828,8.59094409942627,0.0625,-20.04375
144,LPKWKVFKKIEKVGRNIRNGIVKAGPAIAVLGEAKALG,mod. active,mod. active,1,Active,active,0,38,0.13157894736842105,0.0,0.0,0.05263157894736842,0.02631578947368421,0.13157894736842105,0.0,0.10526315789473684,0.18421052631578946,0.07894736842105263,0.0,0.05263157894736842,0.05263157894736842,0.0,0.05263157894736842,0.0,0.0,0.10526315789473684,0.02631578947368421,0.0,4070.913300000001,6.542105004308892,10.728973579406738,0.052631578947368425,25.43684210526316
145,MPKWKVFKKIEKVGRNIRNGIVKAGPAIAVLGEAKALG,inactive - exp,inactive - exp,0,Inactive,experimental,0,38,0.13157894736842105,0.0,0.0,0.05263157894736842,0.02631578947368421,0.13157894736842105,0.0,0.10526315789473684,0.18421052631578946,0.05263157894736842,0.02631578947368421,0.05263157894736842,0.05263157894736842,0.0,0.05263157894736842,0.0,0.0,0.10526315789473684,0.02631578947368421,0.0,4088.9517000000005,6.2695406194974,10.72878017425537,0.052631578947368425,31.931578947368422
146,RAGLQFPVGRLLRRLLRRLLR,very active,very active,1,Active,active,0,21,0.047619047619047616,0.0,0.0,0.0,0.047619047619047616,0.09523809523809523,0.0,0.0,0.0,0.3333333333333333,0.0,0.0,0.047619047619047616,0.047619047619047616,0.3333333333333333,0.0,0.0,0.047619047619047616,0.0,0.0,2560.1481,6.557277039933336,11.999967765808105,0.047619047619047616,117.8238095238095
147,VAKKLAKLAKKLAKLAL,very active,very active,1,Active,active,0,17,0.29411764705882354,0.0,0.0,0.0,0.0,0.0,0.0,0.0,0.35294117647058826,0.29411764705882354,0.0,0.0,0.0,0.0,0.0,0.0,0.0,0.058823529411764705,0.0,0.0,1807.3575999999998,5.508117265098505,10.699253654479982,0.0,-10.564705882352943
148,VAKLLAKLAKKLL,mod. active,mod. active,1,Active,active,0,13,0.23076923076923078,0.0,0.0,0.0,0.0,0.0,0.0,0.0,0.3076923076923077,0.38461538461538464,0.0,0.0,0.0,0.0,0.0,0.0,0.0,0.07692307692307693,0.0,0.0,1408.8572,3.513128450433076,10.477675819396971,0.0,-10.361538461538462
149,VAKLLAKLAKKVL,inactive - exp,inactive - exp,0,Inactive,experimental,0,13,0.23076923076923078,0.0,0.0,0.0,0.0,0.0,0.0,0.0,0.3076923076923077,0.3076923076923077,0.0,0.0,0.0,0.0,0.0,0.0,0.0,0.15384615384615385,0.0,0.0,1394.8306,3.513128450433076,10.477675819396971,0.0,-10.361538461538462
150,VALALKALKKALKKLKKALKKAL,inactive - exp,inactive - exp,0,Inactive,experimental,0,23,0.2608695652173913,0.0,0.0,0.0,0.0,0.0,0.0,0.0,0.391304347826087,0.30434782608695654,0.0,0.0,0.0,0.0,0.0,0.0,0.0,0.043478260869565216,0.0,0.0,2489.2676,8.500600487096646,10.90323162078857,0.0,-12.582608695652176
151,WALAL,inactive - exp,inactive - exp,0,Inactive,experimental,0,5,0.4,0.0,0.0,0.0,0.0,0.0,0.0,0.0,0.0,0.4,0.0,0.0,0.0,0.0,0.0,0.0,0.0,0.0,0.2,0.0,572.6962000000001,-0.4425471324330503,5.525000190734862,0.2,-22.06
152,AADIFSKFKKDMEVKFA,inactive - virtual,inactive - virtual,0,Inactive,virtual,1,17,0.17647058823529413,0.0,0.11764705882352941,0.058823529411764705,0.17647058823529413,0.0,0.0,0.058823529411764705,0.23529411764705882,0.0,0.058823529411764705,0.0,0.0,0.0,0.0,0.058823529411764705,0.0,0.058823529411764705,0.0,0.0,1975.3102999999996,0.5997936565121877,8.473998451232912,0.17647058823529413,-6.117647058823529
153,AAQKDNVKSSWAKASA,inactive - virtual,inactive - virtual,0,Inactive,virtual,1,16,0.3125,0.0,0.0625,0.0,0.0,0.0,0.0,0.0,0.1875,0.0,0.0,0.0625,0.0,0.0625,0.0,0.1875,0.0,0.0625,0.0625,0.0,1661.8137000000002,1.600732004084624,9.703926277160644,0.0625,10.21875
154,AASQRKLIAEKFAQALMSSL,inactive - virtual,inactive - virtual,0,Inactive,virtual,1,20,0.25,0.0,0.0,0.05,0.05,0.0,0.0,0.05,0.1,0.15,0.05,0.0,0.0,0.1,0.05,0.15,0.0,0.0,0.0,0.0,2163.5396,1.603886755303376,9.994936561584474,0.05,46.48500000000001
155,AAYATLYEALVLVATLAAP,inactive - virtual,inactive - virtual,0,Inactive,virtual,1,19,0.3684210526315789,0.0,0.0,0.05263157894736842,0.0,0.0,0.0,0.0,0.0,0.21052631578947367,0.0,0.0,0.05263157894736842,0.0,0.0,0.0,0.10526315789473684,0.10526315789473684,0.0,0.10526315789473684,1921.2364000000002,-1.3960881264632499,4.0500284194946286,0.10526315789473685,28.10526315789474
156,AEAHESIRLVFHDS,inactive - virtual,inactive - virtual,0,Inactive,virtual,1,14,0.14285714285714285,0.0,0.07142857142857142,0.14285714285714285,0.07142857142857142,0.0,0.14285714285714285,0.07142857142857142,0.0,0.07142857142857142,0.0,0.0,0.0,0.0,0.07142857142857142,0.14285714285714285,0.0,0.07142857142857142,0.0,0.0,1610.7253999999998,-2.3162819319151087,5.275533866882324,0.07142857142857144,30.735714285714288
157,AEGEREARVFTLWLNSL,inactive - virtual,inactive - virtual,0,Inactive,virtual,1,17,0.11764705882352941,0.0,0.0,0.17647058823529413,0.058823529411764705,0.058823529411764705,0.0,0.0,0.0,0.17647058823529413,0.0,0.058823529411764705,0.0,0.0,0.11764705882352941,0.058823529411764705,0.058823529411764705,0.058823529411764705,0.058823529411764705,0.0,1991.2071,-1.3888856557157365,4.786207008361816,0.11764705882352942,26.164705882352944
158,AEGVATADPLMRLAKQLK,inactive - virtual,inactive - virtual,0,Inactive,virtual,1,18,0.2222222222222222,0.0,0.05555555555555555,0.05555555555555555,0.0,0.05555555555555555,0.0,0.0,0.1111111111111111,0.16666666666666666,0.05555555555555555,0.0,0.05555555555555555,0.05555555555555555,0.05555555555555555,0.0,0.05555555555555555,0.05555555555555555,0.0,0.0,1912.2580000000003,0.6043332394583807,8.634008979797365,0.0,8.955555555555554
159,AEHAKVLMDSLTGVWDNFLT,inactive - virtual,inactive - virtual,0,Inactive,virtual,1,20,0.1,0.0,0.1,0.05,0.05,0.05,0.05,0.0,0.05,0.15,0.05,0.05,0.0,0.0,0.0,0.05,0.1,0.1,0.05,0.0,2247.525,-2.356063124309908,4.536627006530763,0.1,-0.6449999999999996
160,AEHLAKAELTTVFSTLYQKF,inactive - virtual,inactive - virtual,0,Inactive,virtual,1,20,0.15,0.0,0.0,0.1,0.1,0.0,0.05,0.0,0.1,0.15,0.0,0.0,0.0,0.05,0.0,0.05,0.15,0.05,0.0,0.05,2297.6037000000006,-0.3608465170146449,6.79904613494873,0.15000000000000002,5.73
161,AEKAKYDEIFLKT,inactive - virtual,inactive - virtual,0,Inactive,virtual,1,13,0.15384615384615385,0.0,0.07692307692307693,0.15384615384615385,0.07692307692307693,0.0,0.0,0.07692307692307693,0.23076923076923078,0.07692307692307693,0.0,0.0,0.0,0.0,0.0,0.0,0.07692307692307693,0.0,0.0,0.07692307692307693,1555.7695,-0.39953206670297226,6.2235513687133786,0.15384615384615385,35.730769230769226
162,AFFTIAAVARVLD,inactive - virtual,inactive - virtual,0,Inactive,virtual,1,13,0.3076923076923077,0.0,0.07692307692307693,0.0,0.15384615384615385,0.0,0.0,0.07692307692307693,0.0,0.07692307692307693,0.0,0.0,0.0,0.0,0.07692307692307693,0.0,0.07692307692307693,0.15384615384615385,0.0,0.0,1393.6287,-0.3905070248548339,6.132438468933105,0.15384615384615385,9.230769230769232
163,AFRHSVKEELNYIRRRLERFPNRL,inactive - virtual,inactive - virtual,0,Inactive,virtual,1,24,0.041666666666666664,0.0,0.0,0.125,0.08333333333333333,0.0,0.041666666666666664,0.041666666666666664,0.041666666666666664,0.125,0.0,0.08333333333333333,0.041666666666666664,0.0,0.25,0.041666666666666664,0.0,0.041666666666666664,0.0,0.041666666666666664,3100.5409000000004,3.642629127192244,11.344711112976075,0.125,85.75000000000001
164,AGDVLHNVLQMLIIESHS,inactive - virtual,inactive - virtual,0,Inactive,virtual,1,18,0.05555555555555555,0.0,0.05555555555555555,0.05555555555555555,0.0,0.05555555555555555,0.1111111111111111,0.1111111111111111,0.0,0.16666666666666666,0.05555555555555555,0.05555555555555555,0.0,0.05555555555555555,0.0,0.1111111111111111,0.0,0.1111111111111111,0.0,0.0,1976.2568999999999,-2.31737757462158,5.15293216705322,0.0,75.82222222222222
165,AGEMVRQARILAQATSDLVNAIKADA,inactive - virtual,inactive - virtual,0,Inactive,virtual,1,26,0.2692307692307692,0.0,0.07692307692307693,0.038461538461538464,0.0,0.038461538461538464,0.0,0.07692307692307693,0.038461538461538464,0.07692307692307693,0.038461538461538464,0.038461538461538464,0.0,0.07692307692307693,0.07692307692307693,0.038461538461538464,0.038461538461538464,0.07692307692307693,0.0,0.0,2713.075,-0.3927398019527013,6.166143989562988,0.0,15.0
166,AGNLDIMTSAALATAERMAQSMLN,inactive - virtual,inactive - virtual,0,Inactive,virtual,1,24,0.25,0.0,0.041666666666666664,0.041666666666666664,0.0,0.041666666666666664,0.0,0.041666666666666664,0.0,0.125,0.125,0.08333333333333333,0.0,0.041666666666666664,0.041666666666666664,0.08333333333333333,0.08333333333333333,0.0,0.0,0.0,2480.8363,-1.3906555752070475,4.37037296295166,0.0,28.295833333333334
167,AHAIGVLLDNL,inactive - virtual,inactive - virtual,0,Inactive,virtual,1,11,0.18181818181818182,0.0,0.09090909090909091,0.0,0.0,0.09090909090909091,0.09090909090909091,0.09090909090909091,0.0,0.2727272727272727,0.0,0.09090909090909091,0.0,0.0,0.0,0.0,0.0,0.09090909090909091,0.0,0.0,1135.3131,-1.3551247767374717,5.078188896179198,0.0,1.3727272727272726
168,AIEKEILIEAISS,inactive - virtual,inactive - virtual,0,Inactive,virtual,1,13,0.15384615384615385,0.0,0.0,0.23076923076923078,0.0,0.0,0.0,0.3076923076923077,0.07692307692307693,0.07692307692307693,0.0,0.0,0.0,0.0,0.0,0.15384615384615385,0.0,0.0,0.0,0.0,1415.628,-2.3913410119162757,4.252716255187988,0.0,121.27692307692308
169,AKQEKIIIQVALNDITHVVELL,inactive - virtual,inactive - virtual,0,Inactive,virtual,1,22,0.09090909090909091,0.0,0.045454545454545456,0.09090909090909091,0.0,0.0,0.045454545454545456,0.18181818181818182,0.09090909090909091,0.13636363636363635,0.0,0.045454545454545456,0.0,0.09090909090909091,0.0,0.0,0.045454545454545456,0.13636363636363635,0.0,0.0,2487.9314999999997,-1.357894440192354,5.447187614440917,0.0,21.75909090909091
170,AKVVRTALEDAASVAGLLIT,inactive - virtual,inactive - virtual,0,Inactive,virtual,1,20,0.25,0.0,0.05,0.05,0.0,0.05,0.0,0.05,0.05,0.15,0.0,0.0,0.0,0.0,0.05,0.05,0.1,0.15,0.0,0.0,1998.324,-0.3931611678743332,6.114193153381346,0.0,14.885000000000002
171,ALAVAAKPFL,inactive - virtual,inactive - virtual,0,Inactive,virtual,1,10,0.4,0.0,0.0,0.0,0.1,0.0,0.0,0.0,0.1,0.2,0.0,0.0,0.1,0.0,0.0,0.0,0.0,0.1,0.0,0.0,1000.2344,0.6052967052641909,8.795051002502444,0.1,20.720000000000002
172,ALGKVIKKWGTTVAKLA,inactive - virtual,inactive - virtual,0,Inactive,virtual,1,17,0.17647058823529413,0.0,0.0,0.0,0.0,0.11764705882352941,0.0,0.058823529411764705,0.23529411764705882,0.11764705882352941,0.0,0.0,0.0,0.0,0.0,0.0,0.11764705882352941,0.11764705882352941,0.058823529411764705,0.0,1784.1933,3.597779927262333,10.47786922454834,0.05882352941176471,-21.658823529411766
173,ALYGLLKEEMGEILAK,inactive - virtual,inactive - virtual,0,Inactive,virtual,1,16,0.125,0.0,0.0,0.1875,0.0,0.125,0.0,0.0625,0.125,0.25,0.0625,0.0,0.0,0.0,0.0,0.0,0.0,0.0,0.0,0.0625,1778.1175000000003,-1.396352197250847,4.786207008361816,0.0625,38.50000000000001
174,AMFEQMRANVGKLLKG,inactive - virtual,inactive - virtual,0,Inactive,virtual,1,16,0.125,0.0,0.0,0.0625,0.0625,0.125,0.0,0.0,0.125,0.125,0.125,0.0625,0.0,0.0625,0.0625,0.0,0.0,0.0625,0.0,0.0,1793.1618000000003,1.603886755303376,9.994936561584474,0.0625,-9.831249999999999
175,APDAEGRAIQAVYWANKWAKEQG,inactive - virtual,inactive - virtual,0,Inactive,virtual,1,23,0.2608695652173913,0.0,0.043478260869565216,0.08695652173913043,0.0,0.08695652173913043,0.0,0.043478260869565216,0.08695652173913043,0.0,0.0,0.043478260869565216,0.043478260869565216,0.08695652173913043,0.043478260869565216,0.0,0.0,0.043478260869565216,0.08695652173913043,0.043478260869565216,2559.7888000000003,-0.3970515922690603,6.224460792541504,0.13043478260869565,12.473913043478262
176,APDLLISLATVLYHLQQ,inactive - virtual,inactive - virtual,0,Inactive,virtual,1,17,0.11764705882352941,0.0,0.058823529411764705,0.0,0.0,0.0,0.058823529411764705,0.058823529411764705,0.0,0.29411764705882354,0.0,0.0,0.058823529411764705,0.11764705882352941,0.0,0.058823529411764705,0.058823529411764705,0.058823529411764705,0.0,0.058823529411764705,1895.2024000000001,-1.3576303694047573,5.07813205718994,0.05882352941176471,54.07058823529412
177,APEDVRKSSKEVL,inactive - virtual,inactive - virtual,0,Inactive,virtual,1,13,0.07692307692307693,0.0,0.07692307692307693,0.15384615384615385,0.0,0.0,0.0,0.0,0.15384615384615385,0.07692307692307693,0.0,0.0,0.07692307692307693,0.0,0.07692307692307693,0.15384615384615385,0.0,0.15384615384615385,0.0,0.0,1457.6283,-0.3945459996017746,6.225370216369629,0.0,67.04615384615386
178,APLLNFVRDFVREDAKYLYSSLV,inactive - virtual,inactive - virtual,0,Inactive,virtual,1,23,0.08695652173913043,0.0,0.08695652173913043,0.043478260869565216,0.08695652173913043,0.0,0.0,0.0,0.043478260869565216,0.17391304347826086,0.0,0.043478260869565216,0.043478260869565216,0.0,0.08695652173913043,0.08695652173913043,0.0,0.13043478260869565,0.0,0.08695652173913043,2716.0934,-0.39775098728727265,6.164381980895995,0.17391304347826086,24.873913043478264
179,AQTSRWAAMQIGMSFISAY,inactive - virtual,inactive - virtual,0,Inactive,virtual,1,19,0.21052631578947367,0.0,0.0,0.0,0.05263157894736842,0.05263157894736842,0.0,0.10526315789473684,0.0,0.0,0.10526315789473684,0.0,0.0,0.10526315789473684,0.05263157894736842,0.15789473684210525,0.05263157894736842,0.0,0.05263157894736842,0.05263157894736842,2119.4222,0.6052715870308174,8.792601203918458,0.15789473684210528,61.00526315789473
180,ARDEAEMEYLKIAQ,inactive - virtual,inactive - virtual,0,Inactive,virtual,1,14,0.21428571428571427,0.0,0.07142857142857142,0.21428571428571427,0.0,0.0,0.0,0.07142857142857142,0.07142857142857142,0.07142857142857142,0.07142857142857142,0.0,0.0,0.07142857142857142,0.07142857142857142,0.0,0.0,0.0,0.0,0.07142857142857142,1666.8500000000001,-2.393425238661931,4.407375144958496,0.07142857142857144,-2.8428571428571434
181,ASLPEAIEALTKG,inactive - virtual,inactive - virtual,0,Inactive,virtual,1,13,0.23076923076923078,0.0,0.0,0.15384615384615385,0.0,0.07692307692307693,0.0,0.07692307692307693,0.07692307692307693,0.15384615384615385,0.0,0.0,0.07692307692307693,0.0,0.0,0.07692307692307693,0.07692307692307693,0.0,0.0,0.0,1299.4698,-1.3924617728561202,4.531568336486816,0.0,64.68461538461538
182,ATLKNLGSVHVSKG,inactive - virtual,inactive - virtual,0,Inactive,virtual,1,14,0.07142857142857142,0.0,0.0,0.0,0.0,0.14285714285714285,0.07142857142857142,0.0,0.14285714285714285,0.14285714285714285,0.0,0.07142857142857142,0.0,0.0,0.0,0.14285714285714285,0.07142857142857142,0.14285714285714285,0.0,0.0,1410.6179999999997,1.6394175537729518,10.00344638824463,0.0,-2.8428571428571434
183,AVDTLVLALAEAT,inactive - virtual,inactive - virtual,0,Inactive,virtual,1,13,0.3076923076923077,0.0,0.07692307692307693,0.07692307692307693,0.0,0.0,0.0,0.0,0.0,0.23076923076923078,0.0,0.0,0.0,0.0,0.0,0.0,0.15384615384615385,0.15384615384615385,0.0,0.0,1286.4709000000003,-2.390630456973674,4.0500284194946286,0.0,-13.892307692307693
184,DAAALFRLHKFLTKW,inactive - virtual,inactive - virtual,0,Inactive,virtual,1,15,0.2,0.0,0.06666666666666667,0.0,0.13333333333333333,0.0,0.06666666666666667,0.0,0.13333333333333333,0.2,0.0,0.0,0.0,0.0,0.06666666666666667,0.0,0.06666666666666667,0.0,0.06666666666666667,0.0,1817.1402000000003,1.589489489330056,9.99435634613037,0.2,25.119999999999997
185,DAAGLASRHKG,inactive - virtual,inactive - virtual,0,Inactive,virtual,1,11,0.2727272727272727,0.0,0.09090909090909091,0.0,0.0,0.18181818181818182,0.09090909090909091,0.0,0.09090909090909091,0.09090909090909091,0.0,0.0,0.0,0.0,0.09090909090909091,0.09090909090909091,0.0,0.0,0.0,0.0,1082.1712,0.5919950819973421,8.754887199401857,0.0,57.918181818181814
186,DAENRDLFLALLSV,inactive - virtual,inactive - virtual,0,Inactive,virtual,1,14,0.14285714285714285,0.0,0.14285714285714285,0.07142857142857142,0.07142857142857142,0.0,0.0,0.0,0.0,0.2857142857142857,0.0,0.07142857142857142,0.0,0.0,0.07142857142857142,0.07142857142857142,0.0,0.07142857142857142,0.0,0.0,1575.7607,-2.4405585214165693,4.0500284194946286,0.07142857142857144,9.285714285714286
187,DAHAWMIGQLKGL,inactive - virtual,inactive - virtual,0,Inactive,virtual,1,13,0.15384615384615385,0.0,0.07692307692307693,0.0,0.0,0.15384615384615385,0.07692307692307693,0.07692307692307693,0.07692307692307693,0.15384615384615385,0.07692307692307693,0.0,0.0,0.07692307692307693,0.0,0.0,0.0,0.0,0.07692307692307693,0.0,1439.6806,-0.40797979976928467,6.743628120422364,0.07692307692307693,7.853846153846151
188,DALEIFKTLFSLVMRFSSYL,inactive - virtual,inactive - virtual,0,Inactive,virtual,1,20,0.05,0.0,0.05,0.05,0.15,0.0,0.0,0.05,0.05,0.2,0.05,0.0,0.0,0.0,0.05,0.15,0.05,0.05,0.0,0.05,2380.7980000000002,-0.44601619090614575,6.069006156921386,0.2,17.475
189,DAMLRTSMVATQLVGLAMMRYV,inactive - virtual,inactive - virtual,0,Inactive,virtual,1,22,0.13636363636363635,0.0,0.045454545454545456,0.0,0.0,0.045454545454545456,0.0,0.0,0.0,0.13636363636363635,0.18181818181818182,0.0,0.0,0.045454545454545456,0.09090909090909091,0.045454545454545456,0.09090909090909091,0.13636363636363635,0.0,0.045454545454545456,2457.9964,0.5553435225879215,8.745345878601075,0.045454545454545456,2.8500000000000028
190,DARAKKLLDKWAKWING,inactive - virtual,inactive - virtual,0,Inactive,virtual,1,17,0.17647058823529413,0.0,0.11764705882352941,0.0,0.0,0.058823529411764705,0.0,0.058823529411764705,0.23529411764705882,0.11764705882352941,0.0,0.058823529411764705,0.0,0.0,0.058823529411764705,0.0,0.0,0.0,0.11764705882352941,0.0,2013.3452000000002,2.548298346974443,9.9971284866333,0.11764705882352942,-18.258823529411764
191,DATAALALTMA,inactive - virtual,inactive - virtual,0,Inactive,virtual,1,11,0.45454545454545453,0.0,0.09090909090909091,0.0,0.0,0.0,0.0,0.0,0.0,0.18181818181818182,0.09090909090909091,0.0,0.0,0.0,0.0,0.0,0.18181818181818182,0.0,0.0,0.0,1048.2112000000002,-1.4421006482780456,4.0500284194946286,0.0,20.30909090909091
192,DATLISELQQM,inactive - virtual,inactive - virtual,0,Inactive,virtual,1,11,0.09090909090909091,0.0,0.09090909090909091,0.09090909090909091,0.0,0.0,0.0,0.09090909090909091,0.0,0.18181818181818182,0.09090909090909091,0.0,0.0,0.18181818181818182,0.0,0.09090909090909091,0.09090909090909091,0.0,0.0,0.0,1248.403,-2.4409798873382007,4.0500284194946286,0.0,73.74545454545455
193,DDADLEKFVIEY,inactive - virtual,inactive - virtual,0,Inactive,virtual,1,12,0.08333333333333333,0.0,0.25,0.16666666666666666,0.08333333333333333,0.0,0.0,0.08333333333333333,0.08333333333333333,0.08333333333333333,0.0,0.0,0.0,0.0,0.0,0.0,0.0,0.08333333333333333,0.0,0.08333333333333333,1456.5489000000002,-4.443977343422919,4.0500284194946286,0.16666666666666669,38.70833333333333
194,DDETLGVLMWILDRSIH,inactive - virtual,inactive - virtual,0,Inactive,virtual,1,17,0.0,0.0,0.17647058823529413,0.058823529411764705,0.0,0.058823529411764705,0.058823529411764705,0.11764705882352941,0.0,0.17647058823529413,0.058823529411764705,0.0,0.0,0.0,0.058823529411764705,0.058823529411764705,0.058823529411764705,0.058823529411764705,0.058823529411764705,0.0,2013.2738999999997,-3.403485596085518,4.219238090515137,0.05882352941176471,49.411764705882355
195,DDETREELEELLIQA,inactive - virtual,inactive - virtual,0,Inactive,virtual,1,15,0.06666666666666667,0.0,0.13333333333333333,0.3333333333333333,0.0,0.0,0.0,0.06666666666666667,0.0,0.2,0.0,0.0,0.0,0.06666666666666667,0.06666666666666667,0.0,0.06666666666666667,0.0,0.0,0.0,1802.8872000000001,-6.436075477657191,4.0500284194946286,0.0,52.8
196,DDRVQSHILHLEHDLVHVTRKN,inactive - virtual,inactive - virtual,0,Inactive,virtual,1,22,0.0,0.0,0.13636363636363635,0.045454545454545456,0.0,0.0,0.18181818181818182,0.045454545454545456,0.045454545454545456,0.13636363636363635,0.0,0.045454545454545456,0.0,0.045454545454545456,0.09090909090909091,0.045454545454545456,0.045454545454545456,0.13636363636363635,0.0,0.0,2661.9288,-1.2961369834580365,6.4265233993530275,0.0,47.53181818181818
197,DDYLKEQVLHMKQYVSDN,inactive - virtual,inactive - virtual,0,Inactive,virtual,1,18,0.0,0.0,0.16666666666666666,0.05555555555555555,0.0,0.0,0.05555555555555555,0.0,0.1111111111111111,0.1111111111111111,0.05555555555555555,0.05555555555555555,0.0,0.1111111111111111,0.0,0.05555555555555555,0.0,0.1111111111111111,0.0,0.1111111111111111,2225.4333,-2.4134828485212876,4.658717155456543,0.1111111111111111,20.183333333333337
198,DEAAFQKLMSNLD,inactive - virtual,inactive - virtual,0,Inactive,virtual,1,13,0.15384615384615385,0.0,0.15384615384615385,0.07692307692307693,0.07692307692307693,0.0,0.0,0.0,0.07692307692307693,0.15384615384615385,0.07692307692307693,0.07692307692307693,0.0,0.07692307692307693,0.0,0.07692307692307693,0.0,0.0,0.0,0.0,1481.6262999999997,-2.4417696845584236,4.274371910095215,0.07692307692307693,36.5
199,DEAGLMRELRLFRRRIMVRIAWAQTL,inactive - virtual,inactive - virtual,0,Inactive,virtual,1,26,0.11538461538461539,0.0,0.038461538461538464,0.07692307692307693,0.038461538461538464,0.038461538461538464,0.0,0.07692307692307693,0.0,0.15384615384615385,0.07692307692307693,0.0,0.0,0.038461538461538464,0.23076923076923078,0.0,0.038461538461538464,0.038461538461538464,0.038461538461538464,0.0,3201.8152999999993,2.5599901642014027,11.698964881896973,0.07692307692307693,52.40384615384615
200,DEETMERIMRELKKK,inactive - virtual,inactive - virtual,0,Inactive,virtual,1,15,0.0,0.0,0.06666666666666667,0.26666666666666666,0.0,0.0,0.0,0.06666666666666667,0.2,0.06666666666666667,0.13333333333333333,0.0,0.0,0.0,0.13333333333333333,0.0,0.06666666666666667,0.0,0.0,0.0,1936.2581000000005,-0.44518461898727146,6.311481285095215,0.0,20.38
201,DEFTKQHIVGK,inactive - virtual,inactive - virtual,0,Inactive,virtual,1,11,0.0,0.0,0.09090909090909091,0.09090909090909091,0.09090909090909091,0.09090909090909091,0.09090909090909091,0.09090909090909091,0.18181818181818182,0.0,0.0,0.0,0.0,0.09090909090909091,0.0,0.0,0.09090909090909091,0.09090909090909091,0.0,0.0,1301.4474,-0.40936463149672564,6.751130867004395,0.09090909090909091,47.37272727272727
202,DEKAFKNTYRQAMND,inactive - virtual,inactive - virtual,0,Inactive,virtual,1,15,0.13333333333333333,0.0,0.13333333333333333,0.06666666666666667,0.06666666666666667,0.0,0.0,0.0,0.13333333333333333,0.0,0.06666666666666667,0.13333333333333333,0.0,0.06666666666666667,0.06666666666666667,0.0,0.06666666666666667,0.0,0.0,0.06666666666666667,1830.9715,-0.4468059881263686,6.223096656799316,0.13333333333333333,-4.7799999999999985
203,DEKKILKDFLIQ,inactive - virtual,inactive - virtual,0,Inactive,virtual,1,12,0.0,0.0,0.16666666666666666,0.08333333333333333,0.08333333333333333,0.0,0.0,0.16666666666666666,0.25,0.16666666666666666,0.0,0.0,0.0,0.08333333333333333,0.0,0.0,0.0,0.0,0.0,0.0,1489.7544,-0.448050181185053,6.120445442199705,0.08333333333333334,4.783333333333334
204,DEKSIITYVSSLYDAM,inactive - virtual,inactive - virtual,0,Inactive,virtual,1,16,0.0625,0.0,0.125,0.0625,0.0,0.0,0.0,0.125,0.0625,0.0625,0.0625,0.0,0.0,0.0,0.0,0.1875,0.0625,0.0625,0.0,0.125,1835.0362999999998,-2.448050181185053,4.0500284194946286,0.125,36.2125
205,DELLSKMRFAL,inactive - virtual,inactive - virtual,0,Inactive,virtual,1,11,0.09090909090909091,0.0,0.09090909090909091,0.09090909090909091,0.09090909090909091,0.0,0.0,0.0,0.09090909090909091,0.2727272727272727,0.09090909090909091,0.0,0.0,0.0,0.09090909090909091,0.09090909090909091,0.0,0.0,0.0,0.0,1322.5725,-0.4435105982388601,6.0697450637817365,0.09090909090909091,31.872727272727275
206,DEPQVQAKIMAYLQQEQSNR,inactive - virtual,inactive - virtual,0,Inactive,virtual,1,20,0.1,0.0,0.05,0.1,0.0,0.0,0.0,0.05,0.05,0.05,0.05,0.05,0.05,0.25,0.05,0.05,0.0,0.05,0.0,0.05,2376.601,-1.444895429966301,4.679122352600097,0.05,94.075
207,DEQYREGAVRTVASFRERLDR,inactive - virtual,inactive - virtual,0,Inactive,virtual,1,21,0.09523809523809523,0.0,0.09523809523809523,0.14285714285714285,0.047619047619047616,0.047619047619047616,0.0,0.0,0.0,0.047619047619047616,0.0,0.0,0.0,0.047619047619047616,0.23809523809523808,0.047619047619047616,0.047619047619047616,0.09523809523809523,0.0,0.047619047619047616,2553.7446999999997,-0.44092306513765944,6.2810155868530275,0.09523809523809523,-0.58095238095238
208,DERLLQKYRAQVFEWG,inactive - virtual,inactive - virtual,0,Inactive,virtual,1,16,0.0625,0.0,0.0625,0.125,0.0625,0.0625,0.0,0.0,0.0625,0.125,0.0,0.0,0.0,0.125,0.125,0.0,0.0,0.0625,0.0625,0.0625,2038.2651,-0.44492054819967475,6.181319999694824,0.1875,-1.4062499999999978
209,DEVLLALAEQLGT,inactive - virtual,inactive - virtual,0,Inactive,virtual,1,13,0.15384615384615385,0.0,0.07692307692307693,0.15384615384615385,0.0,0.07692307692307693,0.0,0.0,0.0,0.3076923076923077,0.0,0.0,0.0,0.07692307692307693,0.0,0.0,0.07692307692307693,0.07692307692307693,0.0,0.0,1371.5323,-3.439859126398356,4.0500284194946286,0.0,17.51538461538462
210,DFAALAQTAHRLKGVFAMLN,inactive - virtual,inactive - virtual,0,Inactive,virtual,1,20,0.25,0.0,0.05,0.0,0.1,0.05,0.05,0.0,0.05,0.15,0.05,0.05,0.0,0.05,0.05,0.0,0.05,0.05,0.0,0.0,2174.5239,0.5919950819973421,8.754887199401857,0.1,-7.004999999999999
211,DFLEEQYKGQRDLAGKASTLKK,inactive - virtual,inactive - virtual,0,Inactive,virtual,1,22,0.09090909090909091,0.0,0.09090909090909091,0.09090909090909091,0.045454545454545456,0.09090909090909091,0.0,0.0,0.18181818181818182,0.13636363636363635,0.0,0.0,0.0,0.09090909090909091,0.045454545454545456,0.045454545454545456,0.045454545454545456,0.0,0.0,0.045454545454545456,2525.8108,0.5480342761868462,8.378907585144042,0.09090909090909091,14.686363636363637
212,DFPALIKQASLDALFK,inactive - virtual,inactive - virtual,0,Inactive,virtual,1,16,0.1875,0.0,0.125,0.0,0.125,0.0,0.0,0.0625,0.125,0.1875,0.0,0.0,0.0625,0.0625,0.0,0.0625,0.0,0.0,0.0,0.0,1777.0681000000002,-0.44666534945761205,5.959761619567872,0.125,28.8125
213,DFSETINAYFVAKLL,inactive - virtual,inactive - virtual,0,Inactive,virtual,1,15,0.13333333333333333,0.0,0.06666666666666667,0.06666666666666667,0.13333333333333333,0.0,0.0,0.06666666666666667,0.06666666666666667,0.13333333333333333,0.0,0.06666666666666667,0.0,0.0,0.0,0.06666666666666667,0.06666666666666667,0.06666666666666667,0.0,0.06666666666666667,1730.9532000000004,-1.4459910726727725,4.3702592849731445,0.2,11.486666666666668
214,DGALKRAEELKTQANDYFK,inactive - virtual,inactive - virtual,0,Inactive,virtual,1,19,0.15789473684210525,0.0,0.10526315789473684,0.10526315789473684,0.05263157894736842,0.05263157894736842,0.0,0.0,0.15789473684210525,0.10526315789473684,0.0,0.05263157894736842,0.0,0.05263157894736842,0.05263157894736842,0.0,0.05263157894736842,0.0,0.0,0.05263157894736842,2197.4036000000006,-0.4494601311458677,6.212922477722167,0.10526315789473685,18.505263157894735
215,DGFSVLMRAMQQ,inactive - virtual,inactive - virtual,0,Inactive,virtual,1,12,0.08333333333333333,0.0,0.08333333333333333,0.0,0.08333333333333333,0.08333333333333333,0.0,0.0,0.0,0.08333333333333333,0.16666666666666666,0.0,0.0,0.16666666666666666,0.08333333333333333,0.08333333333333333,0.0,0.08333333333333333,0.0,0.0,1382.6076999999998,-0.4421257665114191,5.83636417388916,0.08333333333333334,12.650000000000002
216,DGGGFVISKHPVRLAKKLNR,inactive - virtual,inactive - virtual,0,Inactive,virtual,1,20,0.05,0.0,0.05,0.0,0.05,0.15,0.05,0.05,0.15,0.1,0.0,0.05,0.05,0.0,0.1,0.05,0.0,0.1,0.0,0.0,2192.5658000000008,3.5869587784293975,11.097216987609862,0.05,25.785
217,DHAVLEVLATPVREALLARFG,inactive - virtual,inactive - virtual,0,Inactive,virtual,1,21,0.19047619047619047,0.0,0.047619047619047616,0.09523809523809523,0.047619047619047616,0.047619047619047616,0.047619047619047616,0.0,0.0,0.19047619047619047,0.0,0.0,0.047619047619047616,0.0,0.09523809523809523,0.0,0.047619047619047616,0.14285714285714285,0.0,0.0,2277.6205999999997,-1.4032829216890566,5.445482444763183,0.047619047619047616,18.695238095238096
218,DIFDFMERWIEKKLEYSASH,inactive - virtual,inactive - virtual,0,Inactive,virtual,1,20,0.05,0.0,0.1,0.15,0.1,0.0,0.05,0.1,0.1,0.05,0.05,0.0,0.0,0.0,0.05,0.1,0.0,0.0,0.05,0.05,2544.8336999999997,-2.409207336362691,4.898407173156738,0.2,58.265
219,DIHAAIEMLLG,inactive - virtual,inactive - virtual,0,Inactive,virtual,1,11,0.18181818181818182,0.0,0.09090909090909091,0.09090909090909091,0.0,0.09090909090909091,0.09090909090909091,0.18181818181818182,0.0,0.18181818181818182,0.09090909090909091,0.0,0.0,0.0,0.0,0.0,0.0,0.0,0.0,0.0,1182.3895,-2.404353446162154,4.353093910217285,0.0,60.25454545454545
220,DIIGTEITSALKNVYSIAIAWIRGYESRKN,inactive - virtual,inactive - virtual,0,Inactive,virtual,1,30,0.1,0.0,0.03333333333333333,0.06666666666666667,0.0,0.06666666666666667,0.0,0.2,0.06666666666666667,0.03333333333333333,0.0,0.06666666666666667,0.0,0.0,0.06666666666666667,0.1,0.06666666666666667,0.03333333333333333,0.03333333333333333,0.06666666666666667,3382.8184,0.5500682664657539,8.430031013488772,0.1,19.0
221,DILREIGMIARALDSISNIEF,inactive - virtual,inactive - virtual,0,Inactive,virtual,1,21,0.09523809523809523,0.0,0.09523809523809523,0.09523809523809523,0.047619047619047616,0.047619047619047616,0.0,0.23809523809523808,0.0,0.09523809523809523,0.047619047619047616,0.047619047619047616,0.0,0.0,0.09523809523809523,0.09523809523809523,0.0,0.0,0.0,0.0,2376.7268000000004,-2.4394628787100983,4.316716957092285,0.047619047619047616,88.05714285714286
222,DIRAVLRDLSFHLNGHILHSIFWPNM,inactive - virtual,inactive - virtual,0,Inactive,virtual,1,26,0.038461538461538464,0.0,0.07692307692307693,0.0,0.07692307692307693,0.038461538461538464,0.11538461538461539,0.11538461538461539,0.0,0.15384615384615385,0.038461538461538464,0.07692307692307693,0.038461538461538464,0.0,0.07692307692307693,0.07692307692307693,0.0,0.038461538461538464,0.038461538461538464,0.0,3102.5713,-0.33182507706164666,7.024583244323729,0.11538461538461539,35.550000000000004
223,DIRTSLANDMAIYGDIIEATREHTELAENL,inactive - virtual,inactive - virtual,0,Inactive,virtual,1,30,0.13333333333333333,0.0,0.1,0.13333333333333333,0.0,0.03333333333333333,0.03333333333333333,0.13333333333333333,0.0,0.1,0.03333333333333333,0.06666666666666667,0.0,0.0,0.06666666666666667,0.03333333333333333,0.1,0.0,0.0,0.03333333333333333,3375.6737000000003,-5.402654024166644,4.192807960510254,0.03333333333333333,26.99
224,DIYQQVRDELKRAS,inactive - virtual,inactive - virtual,0,Inactive,virtual,1,14,0.07142857142857142,0.0,0.14285714285714285,0.07142857142857142,0.0,0.0,0.0,0.07142857142857142,0.07142857142857142,0.07142857142857142,0.0,0.0,0.0,0.14285714285714285,0.14285714285714285,0.07142857142857142,0.0,0.07142857142857142,0.0,0.07142857142857142,1720.8808,-0.44559482498451475,6.121184349060058,0.07142857142857144,34.87857142857143
225,DKETMNIHHTK,inactive - virtual,inactive - virtual,0,Inactive,virtual,1,11,0.0,0.0,0.09090909090909091,0.09090909090909091,0.0,0.0,0.18181818181818182,0.09090909090909091,0.18181818181818182,0.0,0.09090909090909091,0.09090909090909091,0.0,0.0,0.0,0.0,0.18181818181818182,0.0,0.0,0.0,1353.5039000000002,-0.3727381903206788,6.921477317810059,0.0,45.68181818181817
226,DLAANNGGWQWS,inactive - virtual,inactive - virtual,0,Inactive,virtual,1,12,0.16666666666666666,0.0,0.08333333333333333,0.0,0.0,0.16666666666666666,0.0,0.0,0.0,0.08333333333333333,0.0,0.16666666666666666,0.0,0.08333333333333333,0.0,0.08333333333333333,0.0,0.0,0.16666666666666666,0.0,1318.3501999999999,-1.4421006482780456,4.0500284194946286,0.16666666666666669,17.208333333333332
227,DLARIEQFLDALWLE,inactive - virtual,inactive - virtual,0,Inactive,virtual,1,15,0.13333333333333333,0.0,0.13333333333333333,0.13333333333333333,0.06666666666666667,0.0,0.0,0.06666666666666667,0.0,0.26666666666666666,0.0,0.0,0.0,0.06666666666666667,0.06666666666666667,0.0,0.0,0.0,0.06666666666666667,0.0,1832.0605,-3.437345273820028,4.156487846374512,0.13333333333333333,70.45333333333333
228,DLEAKKMYFDAVQAIETHL,inactive - virtual,inactive - virtual,0,Inactive,virtual,1,19,0.15789473684210525,0.0,0.10526315789473684,0.10526315789473684,0.05263157894736842,0.0,0.05263157894736842,0.05263157894736842,0.10526315789473684,0.10526315789473684,0.05263157894736842,0.0,0.0,0.05263157894736842,0.0,0.0,0.05263157894736842,0.05263157894736842,0.0,0.05263157894736842,2222.5155999999997,-2.410302979069162,4.751251029968262,0.10526315789473685,68.71578947368421
229,DLESDALGWQYITG,inactive - virtual,inactive - virtual,0,Inactive,virtual,1,14,0.07142857142857142,0.0,0.14285714285714285,0.07142857142857142,0.0,0.14285714285714285,0.0,0.07142857142857142,0.0,0.14285714285714285,0.0,0.0,0.0,0.07142857142857142,0.0,0.07142857142857142,0.07142857142857142,0.0,0.07142857142857142,0.07142857142857142,1567.6508999999999,-3.4430389958504817,4.0500284194946286,0.14285714285714288,20.40714285714286
230,DLGRKITSALRSLSN,inactive - virtual,inactive - virtual,0,Inactive,virtual,1,15,0.06666666666666667,0.0,0.06666666666666667,0.0,0.0,0.06666666666666667,0.0,0.06666666666666667,0.06666666666666667,0.2,0.0,0.06666666666666667,0.0,0.0,0.13333333333333333,0.2,0.06666666666666667,0.0,0.0,0.0,1630.8444,1.5553435225879215,10.835024070739745,0.0,45.80666666666667
231,DLKQAESWLHKQAQKEGWSKAARLH,inactive - virtual,inactive - virtual,0,Inactive,virtual,1,25,0.16,0.0,0.04,0.08,0.0,0.04,0.08,0.0,0.16,0.12,0.0,0.0,0.0,0.12,0.04,0.08,0.0,0.0,0.08,0.0,2946.2819,1.6233462670512209,9.526638221740722,0.08,52.164000000000016
232,DLKRAESMLQQA,inactive - virtual,inactive - virtual,0,Inactive,virtual,1,12,0.16666666666666666,0.0,0.08333333333333333,0.08333333333333333,0.0,0.0,0.0,0.0,0.08333333333333333,0.16666666666666666,0.08333333333333333,0.0,0.0,0.16666666666666666,0.08333333333333333,0.08333333333333333,0.0,0.0,0.0,0.0,1389.5773999999997,-0.4435105982388601,6.0697450637817365,0.0,88.525
233,DLKTMTERLRS,inactive - virtual,inactive - virtual,0,Inactive,virtual,1,11,0.0,0.0,0.09090909090909091,0.09090909090909091,0.0,0.0,0.0,0.0,0.09090909090909091,0.18181818181818182,0.09090909090909091,0.0,0.0,0.0,0.18181818181818182,0.09090909090909091,0.18181818181818182,0.0,0.0,0.0,1349.5566999999999,0.5564642835277662,8.745539283752443,0.0,73.71818181818182
234,DLQLNANAERINVYY,inactive - virtual,inactive - virtual,0,Inactive,virtual,1,15,0.13333333333333333,0.0,0.06666666666666667,0.06666666666666667,0.0,0.0,0.0,0.06666666666666667,0.0,0.13333333333333333,0.0,0.2,0.0,0.06666666666666667,0.06666666666666667,0.0,0.0,0.06666666666666667,0.0,0.13333333333333333,1795.9454,-1.4460161909061457,4.3702592849731445,0.13333333333333333,34.266666666666666
235,DLRELIARVRALIRRKS,inactive - virtual,inactive - virtual,0,Inactive,virtual,1,17,0.11764705882352941,0.0,0.058823529411764705,0.058823529411764705,0.0,0.0,0.0,0.11764705882352941,0.058823529411764705,0.17647058823529413,0.0,0.0,0.0,0.0,0.29411764705882354,0.058823529411764705,0.0,0.058823529411764705,0.0,0.0,2065.4696000000004,3.556388928827646,11.82919101715088,0.0,54.43529411764706
236,DLSASRSAIDSLNNRMLSQIWSH,inactive - virtual,inactive - virtual,0,Inactive,virtual,1,23,0.08695652173913043,0.0,0.08695652173913043,0.0,0.0,0.0,0.043478260869565216,0.08695652173913043,0.0,0.13043478260869565,0.043478260869565216,0.08695652173913043,0.0,0.043478260869565216,0.08695652173913043,0.2608695652173913,0.0,0.0,0.043478260869565216,0.0,2601.848699999999,-0.4050779594137408,6.747947883605957,0.043478260869565216,53.79130434782609
237,DLVDFAVEYFTRLREARRGLEHHH,inactive - virtual,inactive - virtual,0,Inactive,virtual,1,24,0.08333333333333333,0.0,0.08333333333333333,0.125,0.08333333333333333,0.041666666666666664,0.125,0.0,0.0,0.125,0.0,0.0,0.0,0.0,0.16666666666666666,0.0,0.041666666666666664,0.08333333333333333,0.0,0.041666666666666664,2967.2593999999995,-1.3310186233761456,6.2810155868530275,0.125,25.391666666666662
238,DMASLQQQRQE,inactive - virtual,inactive - virtual,0,Inactive,virtual,1,11,0.09090909090909091,0.0,0.09090909090909091,0.09090909090909091,0.0,0.0,0.0,0.0,0.0,0.09090909090909091,0.09090909090909091,0.0,0.0,0.36363636363636365,0.09090909090909091,0.09090909090909091,0.0,0.0,0.0,0.0,1333.428,-1.4389125189148775,4.748863792419433,0.0,119.9818181818182
239,DMNQVLDAYEN,inactive - virtual,inactive - virtual,0,Inactive,virtual,1,11,0.09090909090909091,0.0,0.18181818181818182,0.09090909090909091,0.0,0.0,0.0,0.0,0.0,0.09090909090909091,0.09090909090909091,0.18181818181818182,0.0,0.09090909090909091,0.0,0.0,0.0,0.09090909090909091,0.0,0.09090909090909091,1311.3742,-3.4430389958504817,4.0500284194946286,0.09090909090909091,-11.472727272727273
240,DNAMANQYETLANARQKGIEKYL,inactive - virtual,inactive - virtual,0,Inactive,virtual,1,23,0.17391304347826086,0.0,0.043478260869565216,0.08695652173913043,0.0,0.043478260869565216,0.0,0.043478260869565216,0.08695652173913043,0.08695652173913043,0.043478260869565216,0.13043478260869565,0.0,0.08695652173913043,0.043478260869565216,0.0,0.043478260869565216,0.0,0.0,0.08695652173913043,2641.909200000001,-0.44990661530087284,6.179899024963378,0.08695652173913043,25.191304347826087
241,DNKTRFKIIKEKLKEF,inactive - virtual,inactive - virtual,0,Inactive,virtual,1,16,0.0,0.0,0.0625,0.125,0.125,0.0,0.0,0.125,0.3125,0.0625,0.0,0.0625,0.0,0.0,0.0625,0.0,0.0625,0.0,0.0,0.0,2037.4048000000003,2.547587792031842,9.8232572555542,0.125,-6.4437500000000005
242,DNTYLNTAESLYDEF,inactive - virtual,inactive - virtual,0,Inactive,virtual,1,15,0.06666666666666667,0.0,0.13333333333333333,0.13333333333333333,0.06666666666666667,0.0,0.0,0.0,0.0,0.13333333333333333,0.0,0.13333333333333333,0.0,0.0,0.0,0.06666666666666667,0.13333333333333333,0.0,0.0,0.13333333333333333,1794.8217,-4.444423827577922,4.0500284194946286,0.2,26.64
243,DNVVLQLQVARFLMKTVAQ,inactive - virtual,inactive - virtual,0,Inactive,virtual,1,19,0.10526315789473684,0.0,0.05263157894736842,0.0,0.05263157894736842,0.0,0.0,0.0,0.05263157894736842,0.15789473684210525,0.05263157894736842,0.05263157894736842,0.0,0.15789473684210525,0.05263157894736842,0.0,0.05263157894736842,0.21052631578947367,0.0,0.0,2173.5771999999997,0.5553686408212952,8.74773120880127,0.052631578947368425,39.821052631578944
244,DPARALFAAMSQ,inactive - virtual,inactive - virtual,0,Inactive,virtual,1,12,0.3333333333333333,0.0,0.08333333333333333,0.0,0.08333333333333333,0.0,0.0,0.0,0.0,0.08333333333333333,0.08333333333333333,0.0,0.08333333333333333,0.08333333333333333,0.08333333333333333,0.08333333333333333,0.0,0.0,0.0,0.0,1277.4491,-0.4421257665114191,5.83636417388916,0.08333333333333334,77.88333333333334
245,DPATVKKVVNFL,inactive - virtual,inactive - virtual,0,Inactive,virtual,1,12,0.08333333333333333,0.0,0.08333333333333333,0.0,0.08333333333333333,0.0,0.0,0.0,0.16666666666666666,0.08333333333333333,0.0,0.08333333333333333,0.08333333333333333,0.0,0.0,0.0,0.08333333333333333,0.25,0.0,0.0,1330.5713,0.5528881663873828,8.59094409942627,0.08333333333333334,3.2166666666666677
246,DPAWQGFRELIEKAL,inactive - virtual,inactive - virtual,0,Inactive,virtual,1,15,0.13333333333333333,0.0,0.06666666666666667,0.13333333333333333,0.06666666666666667,0.06666666666666667,0.0,0.06666666666666667,0.06666666666666667,0.13333333333333333,0.0,0.0,0.06666666666666667,0.06666666666666667,0.06666666666666667,0.0,0.0,0.0,0.06666666666666667,0.0,1772.9967000000001,-1.4423898372990154,4.679122352600097,0.13333333333333333,51.46666666666667
247,DPEKVLFLAGNLLARLTE,inactive - virtual,inactive - virtual,0,Inactive,virtual,1,18,0.1111111111111111,0.0,0.05555555555555555,0.1111111111111111,0.05555555555555555,0.05555555555555555,0.0,0.0,0.05555555555555555,0.2777777777777778,0.0,0.05555555555555555,0.05555555555555555,0.0,0.05555555555555555,0.0,0.05555555555555555,0.05555555555555555,0.0,0.0,1999.3103000000006,-1.440297350642319,4.935523033142089,0.05555555555555555,20.366666666666667
248,DPETLEAIAEN,inactive - virtual,inactive - virtual,0,Inactive,virtual,1,11,0.18181818181818182,0.0,0.09090909090909091,0.2727272727272727,0.0,0.0,0.0,0.09090909090909091,0.0,0.09090909090909091,0.0,0.09090909090909091,0.09090909090909091,0.0,0.0,0.0,0.09090909090909091,0.0,0.0,0.0,1201.2374000000002,-4.438738365458512,4.0500284194946286,0.0,24.89090909090909
249,DPETNINIGTSYLQYVYQQF,inactive - virtual,inactive - virtual,0,Inactive,virtual,1,20,0.0,0.0,0.05,0.05,0.05,0.05,0.0,0.1,0.0,0.05,0.0,0.1,0.05,0.15,0.0,0.05,0.1,0.05,0.0,0.15,2393.5583,-2.448496665340058,4.0500284194946286,0.2,64.99
250,DPKRLQASLQTIVGMVVYSW,inactive - virtual,inactive - virtual,0,Inactive,virtual,1,20,0.05,0.0,0.05,0.0,0.0,0.05,0.0,0.05,0.05,0.1,0.05,0.0,0.05,0.1,0.05,0.1,0.05,0.15,0.05,0.05,2291.6668999999997,0.5528630481540096,8.58978366851807,0.1,46.14000000000001
251,DPLRERQVAEKQLAALGDILSA,inactive - virtual,inactive - virtual,0,Inactive,virtual,1,22,0.18181818181818182,0.0,0.09090909090909091,0.09090909090909091,0.0,0.045454545454545456,0.0,0.045454545454545456,0.045454545454545456,0.18181818181818182,0.0,0.0,0.045454545454545456,0.09090909090909091,0.09090909090909091,0.045454545454545456,0.0,0.045454545454545456,0.0,0.0,2393.6946,-1.441968471377384,4.782910346984862,0.0,43.12727272727273
252,DPLWKKEMFEKYLSN,inactive - virtual,inactive - virtual,0,Inactive,virtual,1,15,0.0,0.0,0.06666666666666667,0.13333333333333333,0.06666666666666667,0.0,0.0,0.0,0.2,0.13333333333333333,0.06666666666666667,0.06666666666666667,0.06666666666666667,0.0,0.0,0.06666666666666667,0.0,0.0,0.06666666666666667,0.06666666666666667,1928.2108000000003,-0.44988149706749914,6.179899024963378,0.2,25.119999999999997
253,DPQKADAVAVN,inactive - virtual,inactive - virtual,0,Inactive,virtual,1,11,0.2727272727272727,0.0,0.18181818181818182,0.0,0.0,0.0,0.0,0.0,0.09090909090909091,0.0,0.0,0.09090909090909091,0.09090909090909091,0.09090909090909091,0.0,0.0,0.0,0.18181818181818182,0.0,0.0,1127.2051000000001,-1.4441597567903264,4.207813453674317,0.0,18.881818181818183
254,DPQKRAVVNQRLYFDMGT,inactive - virtual,inactive - virtual,0,Inactive,virtual,1,18,0.05555555555555555,0.0,0.1111111111111111,0.0,0.05555555555555555,0.05555555555555555,0.0,0.0,0.05555555555555555,0.05555555555555555,0.05555555555555555,0.05555555555555555,0.05555555555555555,0.1111111111111111,0.1111111111111111,0.0,0.05555555555555555,0.1111111111111111,0.0,0.05555555555555555,2138.4057000000003,0.553284414075641,8.588687705993653,0.1111111111111111,36.205555555555556
255,DPTKLNHAVAGL,inactive - virtual,inactive - virtual,0,Inactive,virtual,1,12,0.16666666666666666,0.0,0.08333333333333333,0.0,0.0,0.08333333333333333,0.08333333333333333,0.0,0.08333333333333333,0.16666666666666666,0.0,0.08333333333333333,0.08333333333333333,0.0,0.0,0.0,0.08333333333333333,0.08333333333333333,0.0,0.0,1235.3893,-0.40797979976928467,6.743628120422364,0.0,2.091666666666667
256,DPYVILITEILL,inactive - virtual,inactive - virtual,0,Inactive,virtual,1,12,0.0,0.0,0.08333333333333333,0.08333333333333333,0.0,0.0,0.0,0.25,0.0,0.25,0.0,0.0,0.08333333333333333,0.0,0.0,0.0,0.08333333333333333,0.08333333333333333,0.0,0.08333333333333333,1401.6856000000002,-2.443485480005487,4.0500284194946286,0.08333333333333334,73.36666666666667
257,DQDKIQKAIAAG,inactive - virtual,inactive - virtual,0,Inactive,virtual,1,12,0.25,0.0,0.16666666666666666,0.0,0.0,0.08333333333333333,0.0,0.16666666666666666,0.16666666666666666,0.0,0.0,0.0,0.0,0.16666666666666666,0.0,0.0,0.0,0.0,0.0,0.0,1257.3933,-0.44666534945761205,5.959761619567872,0.0,11.066666666666668
258,DQEDVAQTIRDYD,inactive - virtual,inactive - virtual,0,Inactive,virtual,1,13,0.07692307692307693,0.0,0.3076923076923077,0.07692307692307693,0.0,0.0,0.0,0.07692307692307693,0.0,0.0,0.0,0.0,0.0,0.15384615384615385,0.07692307692307693,0.0,0.07692307692307693,0.07692307692307693,0.0,0.07692307692307693,1567.5665999999999,-4.440901834481787,4.0500284194946286,0.07692307692307693,57.07692307692308
259,DQGTLFELILAANYLD,inactive - virtual,inactive - virtual,0,Inactive,virtual,1,16,0.125,0.0,0.125,0.0625,0.0625,0.0625,0.0,0.0625,0.0,0.25,0.0,0.0625,0.0,0.0625,0.0,0.0,0.0625,0.0,0.0,0.0625,1795.9819000000002,-3.441769684558423,4.0500284194946286,0.125,16.106250000000003
260,DQHLMAEYRELPRVFGAVRKHVANG,inactive - virtual,inactive - virtual,0,Inactive,virtual,1,25,0.12,0.0,0.04,0.08,0.04,0.08,0.08,0.0,0.04,0.08,0.04,0.04,0.04,0.04,0.12,0.0,0.0,0.12,0.0,0.04,2894.2732,0.6283072159190453,8.602290534973147,0.08,3.052000000000002
261,DQNGEIYMWPVAQA,inactive - virtual,inactive - virtual,0,Inactive,virtual,1,14,0.14285714285714285,0.0,0.07142857142857142,0.07142857142857142,0.0,0.07142857142857142,0.0,0.07142857142857142,0.0,0.0,0.07142857142857142,0.07142857142857142,0.07142857142857142,0.14285714285714285,0.0,0.0,0.0,0.07142857142857142,0.07142857142857142,0.07142857142857142,1621.7676999999999,-2.443485480005487,4.0500284194946286,0.14285714285714288,52.06428571428572
262,DQQGVFVKGYAM,inactive - virtual,inactive - virtual,0,Inactive,virtual,1,12,0.08333333333333333,0.0,0.08333333333333333,0.0,0.08333333333333333,0.16666666666666666,0.0,0.0,0.08333333333333333,0.0,0.08333333333333333,0.0,0.0,0.16666666666666666,0.0,0.0,0.0,0.16666666666666666,0.0,0.08333333333333333,1342.5188999999998,-0.4471118336126172,5.834943199157714,0.16666666666666669,28.4
263,DRASYEARERHVAERLLMHLEEM,inactive - virtual,inactive - virtual,0,Inactive,virtual,1,23,0.13043478260869565,0.0,0.043478260869565216,0.21739130434782608,0.0,0.0,0.08695652173913043,0.0,0.0,0.13043478260869565,0.08695652173913043,0.0,0.0,0.0,0.17391304347826086,0.043478260869565216,0.0,0.043478260869565216,0.0,0.043478260869565216,2842.1740999999997,-2.365850026827509,5.471571540832519,0.043478260869565216,50.46086956521739
264,DRAVIEHNLLSASKL,inactive - virtual,inactive - virtual,0,Inactive,virtual,1,15,0.13333333333333333,0.0,0.06666666666666667,0.06666666666666667,0.0,0.0,0.06666666666666667,0.06666666666666667,0.06666666666666667,0.2,0.0,0.06666666666666667,0.0,0.0,0.06666666666666667,0.13333333333333333,0.0,0.06666666666666667,0.0,0.0,1665.8883999999998,-0.4068841570628132,6.75204029083252,0.0,38.69999999999999
265,DRQLRSSIERVISIFQS,inactive - virtual,inactive - virtual,0,Inactive,virtual,1,17,0.0,0.0,0.058823529411764705,0.058823529411764705,0.058823529411764705,0.0,0.0,0.17647058823529413,0.0,0.058823529411764705,0.0,0.0,0.0,0.11764705882352941,0.17647058823529413,0.23529411764705882,0.0,0.058823529411764705,0.0,0.0,2034.2766000000001,0.5589447579616786,9.510327720642092,0.05882352941176471,116.50588235294119
266,DRTSFDKLANS,inactive - virtual,inactive - virtual,0,Inactive,virtual,1,11,0.09090909090909091,0.0,0.18181818181818182,0.0,0.09090909090909091,0.0,0.0,0.0,0.09090909090909091,0.09090909090909091,0.0,0.09090909090909091,0.0,0.0,0.09090909090909091,0.18181818181818182,0.09090909090909091,0.0,0.0,0.0,1253.3184999999999,-0.44418487502369963,5.960443687438965,0.09090909090909091,-1.9818181818181815
267,DSEQVVHQLERLIAR,inactive - virtual,inactive - virtual,0,Inactive,virtual,1,15,0.06666666666666667,0.0,0.06666666666666667,0.13333333333333333,0.0,0.0,0.06666666666666667,0.06666666666666667,0.0,0.13333333333333333,0.0,0.0,0.0,0.13333333333333333,0.13333333333333333,0.06666666666666667,0.0,0.13333333333333333,0.0,0.0,1792.9898000000003,-1.4032829216890566,5.445482444763183,0.0,42.82666666666667
268,DSGYRSAMSVQSSL,inactive - virtual,inactive - virtual,0,Inactive,virtual,1,14,0.07142857142857142,0.0,0.07142857142857142,0.0,0.0,0.07142857142857142,0.0,0.0,0.0,0.07142857142857142,0.07142857142857142,0.0,0.0,0.07142857142857142,0.07142857142857142,0.35714285714285715,0.0,0.07142857142857142,0.0,0.07142857142857142,1487.5910999999994,-0.4446313591787048,5.835682106018066,0.07142857142857144,112.81428571428572
269,DSMVVLQQRAYEILMTIME,inactive - virtual,inactive - virtual,0,Inactive,virtual,1,19,0.05263157894736842,0.0,0.05263157894736842,0.10526315789473684,0.0,0.0,0.0,0.10526315789473684,0.0,0.10526315789473684,0.15789473684210525,0.0,0.0,0.10526315789473684,0.05263157894736842,0.05263157894736842,0.05263157894736842,0.10526315789473684,0.0,0.05263157894736842,2270.6875000000005,-2.440297350642319,4.426586723327637,0.052631578947368425,61.694736842105264
270,DSSVIISALKTYLVSG,inactive - virtual,inactive - virtual,0,Inactive,virtual,1,16,0.0625,0.0,0.0625,0.0,0.0,0.0625,0.0,0.125,0.0625,0.125,0.0,0.0,0.0,0.0,0.0,0.25,0.0625,0.125,0.0,0.0625,1652.8829000000005,-0.4471118336126172,5.834943199157714,0.0625,28.14375
271,DSVASLLDVVKSTG,inactive - virtual,inactive - virtual,0,Inactive,virtual,1,14,0.07142857142857142,0.0,0.14285714285714285,0.0,0.0,0.07142857142857142,0.0,0.0,0.07142857142857142,0.14285714285714285,0.0,0.0,0.0,0.0,0.0,0.21428571428571427,0.07142857142857142,0.21428571428571427,0.0,0.0,1390.5356,-1.4441597567903264,4.207813453674317,0.0,14.921428571428573
272,DSVTNDIFNVAKASIEKHIWMLQAEL,inactive - virtual,inactive - virtual,0,Inactive,virtual,1,26,0.11538461538461539,0.0,0.07692307692307693,0.07692307692307693,0.038461538461538464,0.0,0.038461538461538464,0.11538461538461539,0.07692307692307693,0.07692307692307693,0.038461538461538464,0.07692307692307693,0.0,0.038461538461538464,0.0,0.07692307692307693,0.038461538461538464,0.07692307692307693,0.038461538461538464,0.0,2973.3582999999994,-2.407797386401876,4.751251029968262,0.07692307692307693,63.42307692307693
273,DTAFLMEQLELREELDEIEQAK,inactive - virtual,inactive - virtual,0,Inactive,virtual,1,22,0.09090909090909091,0.0,0.09090909090909091,0.2727272727272727,0.045454545454545456,0.0,0.0,0.045454545454545456,0.045454545454545456,0.18181818181818182,0.045454545454545456,0.0,0.0,0.09090909090909091,0.045454545454545456,0.0,0.045454545454545456,0.0,0.0,0.0,2650.9080000000004,-6.437460309384631,4.0500284194946286,0.045454545454545456,72.52272727272728
274,DTMKDAGMQMKKVLDS,inactive - virtual,inactive - virtual,0,Inactive,virtual,1,16,0.0625,0.0,0.1875,0.0,0.0,0.0625,0.0,0.0,0.1875,0.0625,0.1875,0.0,0.0,0.0625,0.0,0.0625,0.0625,0.0625,0.0,0.0,1798.1106,-0.448724457969893,6.0384836196899405,0.0,1.9999999999999996
275,DTRAWALAEKLFG,inactive - virtual,inactive - virtual,0,Inactive,virtual,1,13,0.23076923076923078,0.0,0.07692307692307693,0.07692307692307693,0.07692307692307693,0.07692307692307693,0.0,0.0,0.07692307692307693,0.15384615384615385,0.0,0.0,0.0,0.0,0.07692307692307693,0.0,0.07692307692307693,0.0,0.07692307692307693,0.0,1477.6625000000001,-0.4435105982388601,6.0697450637817365,0.15384615384615385,-20.423076923076923
276,DVALADSFDAL,inactive - virtual,inactive - virtual,0,Inactive,virtual,1,11,0.2727272727272727,0.0,0.2727272727272727,0.0,0.09090909090909091,0.0,0.0,0.0,0.0,0.18181818181818182,0.0,0.0,0.0,0.0,0.0,0.09090909090909091,0.0,0.09090909090909091,0.0,0.0,1136.2085,-3.441207679968036,4.0500284194946286,0.09090909090909091,30.099999999999998
277,DVEAVEIMQRIHVLRSQGGFN,inactive - virtual,inactive - virtual,0,Inactive,virtual,1,21,0.047619047619047616,0.0,0.047619047619047616,0.09523809523809523,0.047619047619047616,0.09523809523809523,0.047619047619047616,0.09523809523809523,0.0,0.047619047619047616,0.047619047619047616,0.047619047619047616,0.0,0.09523809523809523,0.09523809523809523,0.047619047619047616,0.0,0.14285714285714285,0.0,0.0,2398.6958000000004,-1.4032829216890566,5.445482444763183,0.047619047619047616,66.12380952380953
278,DVLAEDTITALLH,inactive - virtual,inactive - virtual,0,Inactive,virtual,1,13,0.15384615384615385,0.0,0.15384615384615385,0.07692307692307693,0.0,0.0,0.07692307692307693,0.07692307692307693,0.0,0.23076923076923078,0.0,0.0,0.0,0.0,0.0,0.0,0.15384615384615385,0.07692307692307693,0.0,0.0,1410.5684,-3.4039069620071487,4.0500284194946286,0.0,12.484615384615388
279,DVRVKEYFDDIARYFSIGLLNLIHLFG,inactive - virtual,inactive - virtual,0,Inactive,virtual,1,27,0.037037037037037035,0.0,0.1111111111111111,0.037037037037037035,0.1111111111111111,0.07407407407407407,0.037037037037037035,0.1111111111111111,0.037037037037037035,0.14814814814814814,0.0,0.037037037037037035,0.0,0.0,0.07407407407407407,0.037037037037037035,0.0,0.07407407407407407,0.0,0.07407407407407407,3214.6679,-1.4110274923207489,5.42939701080322,0.18518518518518517,14.911111111111111
280,DWGEAFTAINL,inactive - virtual,inactive - virtual,0,Inactive,virtual,1,11,0.18181818181818182,0.0,0.09090909090909091,0.09090909090909091,0.09090909090909091,0.09090909090909091,0.0,0.09090909090909091,0.0,0.09090909090909091,0.0,0.09090909090909091,0.0,0.0,0.0,0.0,0.09090909090909091,0.0,0.09090909090909091,0.0,1236.3292,-2.4409798873382007,4.0500284194946286,0.18181818181818182,-7.1909090909090905
281,DWLKRLQKIFPPILSI,inactive - virtual,inactive - virtual,0,Inactive,virtual,1,16,0.0,0.0,0.0625,0.0,0.0625,0.0,0.0,0.1875,0.125,0.1875,0.0,0.0,0.125,0.0625,0.0625,0.0625,0.0,0.0,0.0625,0.0,1967.3992000000003,1.552863048154009,9.994291877746583,0.125,83.33750000000002
282,DWYRTYAELRETA,inactive - virtual,inactive - virtual,0,Inactive,virtual,1,13,0.15384615384615385,0.0,0.07692307692307693,0.15384615384615385,0.0,0.0,0.0,0.0,0.0,0.07692307692307693,0.0,0.0,0.0,0.0,0.15384615384615385,0.0,0.15384615384615385,0.0,0.07692307692307693,0.15384615384615385,1673.7796,-1.4449205481996747,4.679122352600097,0.23076923076923078,29.253846153846155
283,DYERFKSYIQTL,inactive - virtual,inactive - virtual,0,Inactive,virtual,1,12,0.0,0.0,0.08333333333333333,0.08333333333333333,0.08333333333333333,0.0,0.0,0.08333333333333333,0.08333333333333333,0.08333333333333333,0.0,0.0,0.0,0.08333333333333333,0.08333333333333333,0.08333333333333333,0.08333333333333333,0.0,0.0,0.16666666666666666,1562.7205000000001,-0.4485217835734314,6.068267250061035,0.25,-9.641666666666667
284,EALVHKLTERM,inactive - virtual,inactive - virtual,0,Inactive,virtual,1,11,0.09090909090909091,0.0,0.0,0.18181818181818182,0.0,0.0,0.09090909090909091,0.0,0.09090909090909091,0.18181818181818182,0.09090909090909091,0.0,0.0,0.0,0.09090909090909091,0.0,0.09090909090909091,0.09090909090909091,0.0,0.0,1326.5646,-0.2973820894571446,6.855487251281737,0.0,40.409090909090914
285,EAQKIDRLVQSFSGAYFQQN,inactive - virtual,inactive - virtual,0,Inactive,virtual,1,20,0.1,0.0,0.05,0.05,0.1,0.05,0.0,0.05,0.05,0.05,0.0,0.05,0.0,0.2,0.05,0.1,0.0,0.05,0.0,0.05,2329.5227999999997,-0.3371884000853167,6.1673376083374025,0.15000000000000002,28.839999999999996
286,EDDIMYLM,inactive - virtual,inactive - virtual,0,Inactive,virtual,1,8,0.0,0.0,0.25,0.125,0.0,0.0,0.0,0.125,0.0,0.125,0.25,0.0,0.0,0.0,0.0,0.0,0.0,0.0,0.0,0.125,1029.1845,-3.3342112050296526,4.0500284194946286,0.125,62.425
287,EDDSKLASRKYARIIQKI,inactive - virtual,inactive - virtual,0,Inactive,virtual,1,18,0.1111111111111111,0.0,0.1111111111111111,0.05555555555555555,0.0,0.0,0.0,0.16666666666666666,0.16666666666666666,0.05555555555555555,0.0,0.0,0.0,0.05555555555555555,0.1111111111111111,0.1111111111111111,0.0,0.0,0.0,0.05555555555555555,2134.4356000000002,1.6582217805017434,9.52747631072998,0.05555555555555555,45.26666666666667
288,EDKEAVFDVVDTLTAVLQVATGVISTL,inactive - virtual,inactive - virtual,0,Inactive,virtual,1,27,0.1111111111111111,0.0,0.1111111111111111,0.07407407407407407,0.037037037037037035,0.037037037037037035,0.0,0.037037037037037035,0.037037037037037035,0.1111111111111111,0.0,0.0,0.0,0.037037037037037035,0.0,0.037037037037037035,0.14814814814814814,0.2222222222222222,0.0,0.0,2834.1750999999995,-4.332643959934803,4.0500284194946286,0.037037037037037035,13.192592592592591
289,EDLPKWSGYFEKLLKKN,inactive - virtual,inactive - virtual,0,Inactive,virtual,1,17,0.0,0.0,0.058823529411764705,0.11764705882352941,0.058823529411764705,0.058823529411764705,0.0,0.0,0.23529411764705882,0.17647058823529413,0.0,0.058823529411764705,0.058823529411764705,0.0,0.0,0.058823529411764705,0.0,0.0,0.058823529411764705,0.058823529411764705,2095.3960000000006,0.6564407010860447,8.473418235778809,0.17647058823529413,17.088235294117645
290,EDMIFEIFKNYLTKVAYYARQVAEMN,inactive - virtual,inactive - virtual,0,Inactive,virtual,1,26,0.11538461538461539,0.0,0.038461538461538464,0.11538461538461539,0.07692307692307693,0.0,0.0,0.07692307692307693,0.07692307692307693,0.038461538461538464,0.07692307692307693,0.07692307692307693,0.0,0.038461538461538464,0.038461538461538464,0.0,0.038461538461538464,0.07692307692307693,0.0,0.11538461538461539,3187.6409999999996,-1.3424636562074852,4.871124458312988,0.1923076923076923,33.74615384615385
291,EDNLLRQLAQKV,inactive - virtual,inactive - virtual,0,Inactive,virtual,1,12,0.08333333333333333,0.0,0.08333333333333333,0.08333333333333333,0.0,0.0,0.0,0.0,0.08333333333333333,0.25,0.0,0.08333333333333333,0.0,0.16666666666666666,0.08333333333333333,0.0,0.0,0.08333333333333333,0.0,0.0,1426.6173999999999,-0.334682807418031,6.168474388122559,0.0,50.24166666666667
292,EELHTSLVEEL,inactive - virtual,inactive - virtual,0,Inactive,virtual,1,11,0.0,0.0,0.0,0.36363636363636365,0.0,0.0,0.09090909090909091,0.0,0.0,0.2727272727272727,0.0,0.0,0.0,0.0,0.0,0.09090909090909091,0.09090909090909091,0.09090909090909091,0.0,0.0,1298.3956,-4.292609856676796,4.0880537033081055,0.0,61.5090909090909
293,EEMIAEFKAAFDMF,inactive - virtual,inactive - virtual,0,Inactive,virtual,1,14,0.21428571428571427,0.0,0.07142857142857142,0.21428571428571427,0.21428571428571427,0.0,0.0,0.07142857142857142,0.07142857142857142,0.0,0.14285714285714285,0.0,0.0,0.0,0.0,0.0,0.0,0.0,0.0,0.0,1678.9216999999999,-3.332416167304969,4.0500284194946286,0.21428571428571427,30.65
294,EERVKNGLERLKKAIKSGKQST,inactive - virtual,inactive - virtual,0,Inactive,virtual,1,22,0.045454545454545456,0.0,0.0,0.13636363636363635,0.0,0.09090909090909091,0.0,0.045454545454545456,0.22727272727272727,0.09090909090909091,0.0,0.045454545454545456,0.0,0.045454545454545456,0.09090909090909091,0.09090909090909091,0.045454545454545456,0.045454545454545456,0.0,0.0,2499.8648000000003,3.6570647414041364,10.1668737411499,0.0,35.36363636363636
295,EESDIKYKTSKNFINKVY,inactive - virtual,inactive - virtual,0,Inactive,virtual,1,18,0.0,0.0,0.05555555555555555,0.1111111111111111,0.05555555555555555,0.0,0.0,0.1111111111111111,0.2222222222222222,0.0,0.0,0.1111111111111111,0.0,0.0,0.0,0.1111111111111111,0.05555555555555555,0.05555555555555555,0.0,0.1111111111111111,2206.4500000000003,0.653935108418759,8.429966545104982,0.16666666666666666,29.438888888888886
296,EEVKKHGTTVLTALGRILKQ,inactive - virtual,inactive - virtual,0,Inactive,virtual,1,20,0.05,0.0,0.0,0.1,0.0,0.1,0.05,0.05,0.15,0.15,0.0,0.0,0.0,0.05,0.05,0.0,0.15,0.1,0.0,0.0,2221.599,1.697606725208284,9.70225009918213,0.0,32.135000000000005
297,EFPEMLAEIIT,inactive - virtual,inactive - virtual,0,Inactive,virtual,1,11,0.09090909090909091,0.0,0.0,0.2727272727272727,0.09090909090909091,0.0,0.0,0.18181818181818182,0.0,0.09090909090909091,0.09090909090909091,0.0,0.09090909090909091,0.0,0.0,0.0,0.09090909090909091,0.0,0.0,0.0,1292.4969,-3.3303570587926874,4.0500284194946286,0.09090909090909091,59.909090909090914
298,EFRDLHLFLGEAAETAEEVADELAERVQAL,inactive - virtual,inactive - virtual,0,Inactive,virtual,1,30,0.2,0.0,0.06666666666666667,0.23333333333333334,0.06666666666666667,0.03333333333333333,0.03333333333333333,0.0,0.0,0.16666666666666666,0.0,0.0,0.0,0.03333333333333333,0.06666666666666667,0.0,0.03333333333333333,0.06666666666666667,0.0,0.0,3372.6481999999996,-7.288404842013998,4.09754581451416,0.06666666666666667,15.19
299,EGDQQLLKRVLVRKL,inactive - virtual,inactive - virtual,0,Inactive,virtual,1,15,0.0,0.0,0.06666666666666667,0.06666666666666667,0.0,0.06666666666666667,0.0,0.0,0.13333333333333333,0.26666666666666666,0.0,0.0,0.0,0.13333333333333333,0.13333333333333333,0.0,0.0,0.13333333333333333,0.0,0.0,1795.1347999999998,1.6627864816813096,9.9877161026001,0.0,32.586666666666666
300,EGHVAAVEVLRGIHRIADMS,inactive - virtual,inactive - virtual,0,Inactive,virtual,1,20,0.15,0.0,0.05,0.1,0.0,0.1,0.1,0.1,0.0,0.05,0.05,0.0,0.0,0.0,0.1,0.05,0.0,0.15,0.0,0.0,2160.4561000000003,-1.2578286896921798,6.019954109191894,0.0,34.535
301,EGKDRELYGKLHETLKKVTEDLEA,inactive - virtual,inactive - virtual,0,Inactive,virtual,1,24,0.041666666666666664,0.0,0.08333333333333333,0.20833333333333334,0.0,0.08333333333333333,0.041666666666666664,0.0,0.16666666666666666,0.16666666666666666,0.0,0.0,0.0,0.0,0.041666666666666664,0.0,0.08333333333333333,0.041666666666666664,0.0,0.041666666666666664,2802.0972000000006,-2.303149208996744,5.094388008117675,0.04166666666666667,-2.2708333333333375
302,EGNKRLDSVNSIVS,inactive - virtual,inactive - virtual,0,Inactive,virtual,1,14,0.0,0.0,0.07142857142857142,0.07142857142857142,0.0,0.07142857142857142,0.0,0.07142857142857142,0.07142857142857142,0.07142857142857142,0.0,0.14285714285714285,0.0,0.0,0.07142857142857142,0.21428571428571427,0.0,0.14285714285714285,0.0,0.0,1517.6402999999998,-0.334682807418031,6.168474388122559,0.0,51.114285714285714
303,EGQQRRIRQQRLISIGKWIADNQ,inactive - virtual,inactive - virtual,0,Inactive,virtual,1,23,0.043478260869565216,0.0,0.043478260869565216,0.043478260869565216,0.0,0.08695652173913043,0.0,0.17391304347826086,0.043478260869565216,0.043478260869565216,0.0,0.043478260869565216,0.0,0.21739130434782608,0.17391304347826086,0.043478260869565216,0.0,0.0,0.043478260869565216,0.0,2794.1360999999997,2.6652418378818483,11.539083290100098,0.043478260869565216,48.9304347826087
304,EGVAWLEAVLRLLAQ,inactive - virtual,inactive - virtual,0,Inactive,virtual,1,15,0.2,0.0,0.0,0.13333333333333333,0.0,0.06666666666666667,0.0,0.0,0.0,0.26666666666666666,0.0,0.0,0.0,0.06666666666666667,0.06666666666666667,0.0,0.0,0.13333333333333333,0.06666666666666667,0.0,1667.9455000000003,-1.3315029379659054,4.531682014465332,0.06666666666666667,30.4
305,EHEIQEWYKGFLRD,inactive - virtual,inactive - virtual,0,Inactive,virtual,1,14,0.0,0.0,0.07142857142857142,0.21428571428571427,0.07142857142857142,0.07142857142857142,0.07142857142857142,0.07142857142857142,0.07142857142857142,0.07142857142857142,0.0,0.0,0.0,0.07142857142857142,0.07142857142857142,0.0,0.0,0.0,0.07142857142857142,0.07142857142857142,1849.9945999999998,-2.2970511257375232,4.964169883728027,0.2142857142857143,28.37142857142857
306,EIEKFRVWISIL,inactive - virtual,inactive - virtual,0,Inactive,virtual,1,12,0.0,0.0,0.0,0.16666666666666666,0.08333333333333333,0.0,0.0,0.25,0.08333333333333333,0.08333333333333333,0.0,0.0,0.0,0.0,0.08333333333333333,0.08333333333333333,0.0,0.08333333333333333,0.08333333333333333,0.0,1532.8237,-0.33400853063319147,6.241796684265137,0.16666666666666669,77.88333333333334
307,EISEMVRMRERILDSIHLG,inactive - virtual,inactive - virtual,0,Inactive,virtual,1,19,0.0,0.0,0.05263157894736842,0.15789473684210525,0.0,0.05263157894736842,0.05263157894736842,0.15789473684210525,0.0,0.10526315789473684,0.10526315789473684,0.0,0.0,0.0,0.15789473684210525,0.10526315789473684,0.0,0.05263157894736842,0.0,0.0,2284.6580000000004,-1.293359488161757,5.533980751037597,0.0,52.54736842105264
308,EISKLVKKMISSWKDAIN,inactive - virtual,inactive - virtual,0,Inactive,virtual,1,18,0.05555555555555555,0.0,0.05555555555555555,0.05555555555555555,0.0,0.0,0.0,0.16666666666666666,0.2222222222222222,0.05555555555555555,0.05555555555555555,0.05555555555555555,0.0,0.0,0.0,0.16666666666666666,0.0,0.05555555555555555,0.05555555555555555,0.0,2090.4856,1.6578255328134857,9.531279945373537,0.05555555555555555,42.63888888888889
309,EKETFREKFMQH,inactive - virtual,inactive - virtual,0,Inactive,virtual,1,12,0.0,0.0,0.0,0.25,0.16666666666666666,0.0,0.08333333333333333,0.0,0.16666666666666666,0.0,0.08333333333333333,0.0,0.0,0.08333333333333333,0.08333333333333333,0.0,0.08333333333333333,0.0,0.0,0.0,1609.8036000000002,-0.29876692118458514,6.861625862121582,0.16666666666666669,13.166666666666668
310,EKNSYRKLVGNLYFVYSAMEEEMAKF,inactive - virtual,inactive - virtual,0,Inactive,virtual,1,26,0.07692307692307693,0.0,0.0,0.15384615384615385,0.07692307692307693,0.038461538461538464,0.0,0.0,0.11538461538461539,0.07692307692307693,0.07692307692307693,0.07692307692307693,0.0,0.0,0.038461538461538464,0.07692307692307693,0.0,0.07692307692307693,0.0,0.11538461538461539,3147.5771999999997,-0.3442949720899309,6.3837804794311515,0.1923076923076923,20.238461538461543
311,EKVQYLTRSAIRR,inactive - virtual,inactive - virtual,0,Inactive,virtual,1,13,0.07692307692307693,0.0,0.0,0.07692307692307693,0.0,0.0,0.0,0.07692307692307693,0.07692307692307693,0.07692307692307693,0.0,0.0,0.0,0.07692307692307693,0.23076923076923078,0.07692307692307693,0.07692307692307693,0.07692307692307693,0.0,0.07692307692307693,1619.8663999999999,2.662314879292932,10.903747367858884,0.07692307692307693,74.76153846153846
312,EMNYYTVLFGVSRALGVLAQLIWSRAL,inactive - virtual,inactive - virtual,0,Inactive,virtual,1,27,0.1111111111111111,0.0,0.0,0.037037037037037035,0.037037037037037035,0.07407407407407407,0.0,0.037037037037037035,0.0,0.18518518518518517,0.037037037037037035,0.037037037037037035,0.0,0.037037037037037035,0.07407407407407407,0.07407407407407407,0.037037037037037035,0.1111111111111111,0.037037037037037035,0.07407407407407407,3071.5919999999987,0.6623399975263058,8.686357307434083,0.14814814814814814,25.322222222222223
313,EPEEVFKSVLKEMEG,inactive - virtual,inactive - virtual,0,Inactive,virtual,1,15,0.0,0.0,0.0,0.3333333333333333,0.06666666666666667,0.06666666666666667,0.0,0.0,0.13333333333333333,0.06666666666666667,0.06666666666666667,0.0,0.06666666666666667,0.0,0.0,0.06666666666666667,0.0,0.13333333333333333,0.0,0.0,1750.9631,-3.3331267222475693,4.3251859664917,0.06666666666666667,39.81333333333333
314,EPEKVDKLQEPLLEALRLYARRRR,inactive - virtual,inactive - virtual,0,Inactive,virtual,1,24,0.08333333333333333,0.0,0.041666666666666664,0.16666666666666666,0.0,0.0,0.0,0.0,0.08333333333333333,0.20833333333333334,0.0,0.0,0.08333333333333333,0.041666666666666664,0.20833333333333334,0.0,0.0,0.041666666666666664,0.0,0.041666666666666664,2979.4394,1.663567817133437,9.689678764343263,0.04166666666666667,127.10000000000001
315,EPGQRKIVMHK,inactive - virtual,inactive - virtual,0,Inactive,virtual,1,11,0.0,0.0,0.0,0.09090909090909091,0.0,0.09090909090909091,0.09090909090909091,0.09090909090909091,0.18181818181818182,0.0,0.09090909090909091,0.0,0.09090909090909091,0.09090909090909091,0.09090909090909091,0.0,0.0,0.09090909090909091,0.0,0.0,1322.5792,1.698991556935726,9.9959680557251,0.0,84.76363636363637
316,EQEILRQVKKAYDRAARLG,inactive - virtual,inactive - virtual,0,Inactive,virtual,1,19,0.15789473684210525,0.0,0.05263157894736842,0.10526315789473684,0.0,0.05263157894736842,0.0,0.05263157894736842,0.10526315789473684,0.10526315789473684,0.0,0.0,0.0,0.10526315789473684,0.15789473684210525,0.0,0.0,0.05263157894736842,0.0,0.05263157894736842,2244.5528,1.6613765317204954,9.695803260803224,0.052631578947368425,73.30526315789474
317,EQEVYAQVARL,inactive - virtual,inactive - virtual,0,Inactive,virtual,1,11,0.18181818181818182,0.0,0.0,0.18181818181818182,0.0,0.0,0.0,0.0,0.0,0.09090909090909091,0.0,0.0,0.0,0.18181818181818182,0.09090909090909091,0.0,0.0,0.18181818181818182,0.0,0.09090909090909091,1305.4360000000001,-1.334008530633191,4.531682014465332,0.09090909090909091,51.92727272727273
318,EQPSLVRTLDQLEDK,inactive - virtual,inactive - virtual,0,Inactive,virtual,1,15,0.0,0.0,0.13333333333333333,0.13333333333333333,0.0,0.0,0.0,0.0,0.06666666666666667,0.2,0.0,0.0,0.06666666666666667,0.13333333333333333,0.06666666666666667,0.06666666666666667,0.06666666666666667,0.06666666666666667,0.0,0.0,1770.9346999999998,-2.333115562323181,4.316773796081543,0.0,55.03333333333334
319,ERQEVKQMVVATLAES,inactive - virtual,inactive - virtual,0,Inactive,virtual,1,16,0.125,0.0,0.0,0.1875,0.0,0.0,0.0,0.0,0.0625,0.0625,0.0625,0.0,0.0,0.125,0.0625,0.0625,0.0625,0.1875,0.0,0.0,1818.0573,-1.3328877696933468,4.786434364318848,0.0,58.462500000000006
320,ERVRAAMEKLA,inactive - virtual,inactive - virtual,0,Inactive,virtual,1,11,0.2727272727272727,0.0,0.0,0.18181818181818182,0.0,0.0,0.0,0.0,0.09090909090909091,0.09090909090909091,0.09090909090909091,0.0,0.0,0.0,0.18181818181818182,0.0,0.0,0.09090909090909091,0.0,0.0,1273.5053,0.6659663511334353,8.8454008102417,0.0,1.3727272727272726
321,ESLYESIRRRYEEL,inactive - virtual,inactive - virtual,0,Inactive,virtual,1,14,0.0,0.0,0.0,0.2857142857142857,0.0,0.0,0.0,0.07142857142857142,0.0,0.14285714285714285,0.0,0.0,0.0,0.0,0.21428571428571427,0.14285714285714285,0.0,0.0,0.0,0.14285714285714285,1843.0022000000001,-1.3343228378875347,4.948596000671387,0.14285714285714288,125.75714285714288
322,ESPVRKILRIVFHDAI,inactive - virtual,inactive - virtual,0,Inactive,virtual,1,16,0.0625,0.0,0.0625,0.0625,0.0625,0.0,0.0625,0.1875,0.0625,0.0625,0.0,0.0,0.0625,0.0,0.125,0.0625,0.0,0.125,0.0,0.0,1893.2363,0.7019185155246426,8.849978065490724,0.0625,74.37500000000001
323,ETNIRVALEKSFL,inactive - virtual,inactive - virtual,0,Inactive,virtual,1,13,0.07692307692307693,0.0,0.0,0.15384615384615385,0.07692307692307693,0.0,0.0,0.07692307692307693,0.07692307692307693,0.15384615384615385,0.0,0.07692307692307693,0.0,0.0,0.07692307692307693,0.07692307692307693,0.07692307692307693,0.07692307692307693,0.0,0.0,1519.7406,-0.33400853063319147,6.241796684265137,0.07692307692307693,31.46923076923077
324,EVKRRFPTKLGAWALIWWLL,inactive - virtual,inactive - virtual,0,Inactive,virtual,1,20,0.1,0.0,0.0,0.05,0.05,0.05,0.0,0.05,0.1,0.2,0.0,0.0,0.05,0.0,0.1,0.0,0.05,0.05,0.15,0.0,2483.9939999999997,2.662339997526305,11.000643348693849,0.2,52.79500000000001
325,EVKRSVNRDFAKWFLIVFI,inactive - virtual,inactive - virtual,0,Inactive,virtual,1,19,0.05263157894736842,0.0,0.05263157894736842,0.05263157894736842,0.15789473684210525,0.0,0.0,0.10526315789473684,0.10526315789473684,0.05263157894736842,0.0,0.05263157894736842,0.0,0.0,0.10526315789473684,0.05263157894736842,0.0,0.15789473684210525,0.05263157894736842,0.0,2367.7876,1.6627864816813096,9.9877161026001,0.21052631578947367,39.805263157894736
326,EVNRNFGERINDLRILILLL,inactive - virtual,inactive - virtual,0,Inactive,virtual,1,20,0.0,0.0,0.05,0.1,0.05,0.05,0.0,0.15,0.0,0.25,0.0,0.15,0.0,0.0,0.15,0.0,0.0,0.05,0.0,0.0,2410.8125,-0.3311066902776476,6.281413459777832,0.05,33.275000000000006
327,EVVGRVSKLWNEWWLIV,inactive - virtual,inactive - virtual,0,Inactive,virtual,1,17,0.0,0.0,0.0,0.11764705882352941,0.0,0.058823529411764705,0.0,0.058823529411764705,0.058823529411764705,0.11764705882352941,0.0,0.058823529411764705,0.0,0.0,0.058823529411764705,0.058823529411764705,0.0,0.23529411764705882,0.17647058823529413,0.0,2113.4590000000003,-0.33400853063319147,6.241796684265137,0.17647058823529413,14.035294117647059
328,EWQTMVAALQA,inactive - virtual,inactive - virtual,0,Inactive,virtual,1,11,0.2727272727272727,0.0,0.0,0.09090909090909091,0.0,0.0,0.0,0.0,0.0,0.09090909090909091,0.09090909090909091,0.0,0.0,0.18181818181818182,0.0,0.0,0.09090909090909091,0.09090909090909091,0.09090909090909091,0.0,1247.4198000000001,-1.3325985806723761,4.0500284194946286,0.09090909090909091,25.063636363636363
329,EYKYYKLKLAEMQR,inactive - virtual,inactive - virtual,0,Inactive,virtual,1,14,0.07142857142857142,0.0,0.0,0.14285714285714285,0.0,0.0,0.0,0.0,0.21428571428571427,0.14285714285714285,0.07142857142857142,0.0,0.0,0.07142857142857142,0.07142857142857142,0.0,0.0,0.0,0.0,0.21428571428571427,1863.1838,1.6534635060303802,9.31228084564209,0.21428571428571427,-5.4785714285714295
330,FADLFDPVIQERH,inactive - virtual,inactive - virtual,0,Inactive,virtual,1,13,0.07692307692307693,0.0,0.15384615384615385,0.07692307692307693,0.15384615384615385,0.0,0.07692307692307693,0.07692307692307693,0.0,0.07692307692307693,0.0,0.0,0.07692307692307693,0.07692307692307693,0.07692307692307693,0.0,0.0,0.07692307692307693,0.0,0.0,1586.7452000000003,-2.4039320802405224,4.536513328552247,0.15384615384615385,56.63846153846155
331,FALRLRRVINRIGQAWR,inactive - virtual,inactive - virtual,0,Inactive,virtual,1,17,0.11764705882352941,0.0,0.0,0.0,0.058823529411764705,0.058823529411764705,0.0,0.11764705882352941,0.0,0.11764705882352941,0.0,0.058823529411764705,0.0,0.058823529411764705,0.29411764705882354,0.0,0.0,0.058823529411764705,0.058823529411764705,0.0,2125.5278,4.557327276400082,11.999967765808105,0.11764705882352942,65.76470588235296
332,FEVIDTIKAAVENA,inactive - virtual,inactive - virtual,0,Inactive,virtual,1,14,0.21428571428571427,0.0,0.07142857142857142,0.14285714285714285,0.07142857142857142,0.0,0.0,0.14285714285714285,0.07142857142857142,0.0,0.0,0.07142857142857142,0.0,0.0,0.0,0.0,0.07142857142857142,0.14285714285714285,0.0,0.0,1519.6942000000001,-2.442364719065642,4.1373899459838865,0.07142857142857144,-7.514285714285714
333,FFSFELVESINDVKKSLR,inactive - virtual,inactive - virtual,0,Inactive,virtual,1,18,0.0,0.0,0.05555555555555555,0.1111111111111111,0.16666666666666666,0.0,0.0,0.05555555555555555,0.1111111111111111,0.1111111111111111,0.0,0.05555555555555555,0.0,0.0,0.05555555555555555,0.16666666666666666,0.0,0.1111111111111111,0.0,0.0,2158.4516999999996,-0.4448954299663015,6.181319999694824,0.16666666666666669,29.244444444444447
334,FGLKVLGWYSEMKRNVQRLERAIEEV,inactive - virtual,inactive - virtual,0,Inactive,virtual,1,26,0.038461538461538464,0.0,0.0,0.15384615384615385,0.038461538461538464,0.07692307692307693,0.0,0.038461538461538464,0.07692307692307693,0.11538461538461539,0.038461538461538464,0.038461538461538464,0.0,0.038461538461538464,0.11538461538461539,0.038461538461538464,0.0,0.11538461538461539,0.038461538461538464,0.038461538461538464,3151.6388999999995,0.5543437786243492,8.495917701721194,0.11538461538461539,61.96153846153846
335,FHSVAEQF,inactive - virtual,inactive - virtual,0,Inactive,virtual,1,8,0.125,0.0,0.0,0.125,0.25,0.0,0.125,0.0,0.0,0.0,0.0,0.0,0.0,0.125,0.0,0.125,0.0,0.125,0.0,0.0,964.0316,-1.4047999303171586,5.240236854553221,0.25,23.400000000000002
336,FIAVHEMLDGFRTALIDHLDTMAERAVQ,inactive - virtual,inactive - virtual,0,Inactive,virtual,1,28,0.14285714285714285,0.0,0.10714285714285714,0.07142857142857142,0.07142857142857142,0.03571428571428571,0.07142857142857142,0.07142857142857142,0.0,0.10714285714285714,0.07142857142857142,0.0,0.0,0.03571428571428571,0.07142857142857142,0.0,0.07142857142857142,0.07142857142857142,0.0,0.0,3200.6449999999986,-3.3657635122030003,4.798995780944825,0.07142857142857144,8.682142857142859
337,FKATIADLSKKR,inactive - virtual,inactive - virtual,0,Inactive,virtual,1,12,0.16666666666666666,0.0,0.08333333333333333,0.0,0.08333333333333333,0.0,0.0,0.08333333333333333,0.25,0.08333333333333333,0.0,0.0,0.0,0.0,0.08333333333333333,0.08333333333333333,0.08333333333333333,0.0,0.0,0.0,1377.6313,2.550357455486724,10.289686012268067,0.08333333333333334,16.733333333333334
338,FKEAIEAIAESA,inactive - virtual,inactive - virtual,0,Inactive,virtual,1,12,0.3333333333333333,0.0,0.0,0.25,0.08333333333333333,0.0,0.0,0.16666666666666666,0.08333333333333333,0.0,0.0,0.0,0.0,0.0,0.0,0.08333333333333333,0.0,0.0,0.0,0.0,1278.4075,-2.4416904422808026,4.25265941619873,0.08333333333333334,49.30833333333334
339,FKGKIIKKVISTGAKLI,inactive - virtual,inactive - virtual,0,Inactive,virtual,1,17,0.058823529411764705,0.0,0.0,0.0,0.058823529411764705,0.11764705882352941,0.0,0.23529411764705882,0.29411764705882354,0.058823529411764705,0.0,0.0,0.0,0.0,0.0,0.058823529411764705,0.058823529411764705,0.058823529411764705,0.0,0.0,1844.3313000000003,4.5449249042305215,10.602486610412598,0.05882352941176471,-39.38235294117647
340,FKSIYRFFEHGLK,inactive - virtual,inactive - virtual,0,Inactive,virtual,1,13,0.0,0.0,0.0,0.07692307692307693,0.23076923076923078,0.07692307692307693,0.07692307692307693,0.07692307692307693,0.15384615384615385,0.07692307692307693,0.0,0.0,0.0,0.0,0.07692307692307693,0.07692307692307693,0.0,0.0,0.0,0.07692307692307693,1671.9373,1.5876581734476103,9.699929237365723,0.3076923076923077,-35.646153846153844
341,FKSVQNSLQRILYLWAIRH,inactive - virtual,inactive - virtual,0,Inactive,virtual,1,19,0.05263157894736842,0.0,0.0,0.0,0.05263157894736842,0.0,0.05263157894736842,0.10526315789473684,0.05263157894736842,0.15789473684210525,0.0,0.05263157894736842,0.0,0.10526315789473684,0.10526315789473684,0.10526315789473684,0.0,0.05263157894736842,0.05263157894736842,0.05263157894736842,2372.7677,2.589017886941678,11.000449943542481,0.15789473684210528,43.547368421052624
342,FLDQNMLAVIDELMQAL,inactive - virtual,inactive - virtual,0,Inactive,virtual,1,17,0.11764705882352941,0.0,0.11764705882352941,0.058823529411764705,0.058823529411764705,0.0,0.0,0.058823529411764705,0.0,0.23529411764705882,0.11764705882352941,0.058823529411764705,0.0,0.11764705882352941,0.0,0.0,0.0,0.058823529411764705,0.0,0.0,1964.3057,-3.4405334031831956,4.0500284194946286,0.05882352941176471,4.976470588235295
343,FLLKKLKKVATGFAKG,inactive - virtual,inactive - virtual,0,Inactive,virtual,1,16,0.125,0.0,0.0,0.0,0.125,0.125,0.0,0.0,0.3125,0.1875,0.0,0.0,0.0,0.0,0.0,0.0,0.0625,0.0625,0.0,0.0,1749.1905000000002,4.5449249042305215,10.602486610412598,0.125,-22.462500000000002
344,FLLSKAKDAKSSAEGAV,inactive - virtual,inactive - virtual,0,Inactive,virtual,1,17,0.23529411764705882,0.0,0.058823529411764705,0.058823529411764705,0.058823529411764705,0.058823529411764705,0.0,0.0,0.17647058823529413,0.11764705882352941,0.0,0.0,0.0,0.0,0.0,0.17647058823529413,0.0,0.058823529411764705,0.0,0.0,1721.9484000000002,0.5515033346599418,8.497658348083494,0.05882352941176471,15.747058823529414
345,FNQRRISSAKFLGELYNY,inactive - virtual,inactive - virtual,0,Inactive,virtual,1,18,0.05555555555555555,0.0,0.0,0.05555555555555555,0.1111111111111111,0.05555555555555555,0.0,0.05555555555555555,0.05555555555555555,0.1111111111111111,0.0,0.1111111111111111,0.0,0.05555555555555555,0.1111111111111111,0.1111111111111111,0.0,0.0,0.0,0.1111111111111111,2206.458000000001,1.5510066140381902,9.696641349792483,0.2222222222222222,43.58888888888889
346,FNRMFEKSTHHYTDSVGGILR,inactive - virtual,inactive - virtual,0,Inactive,virtual,1,21,0.0,0.0,0.047619047619047616,0.047619047619047616,0.09523809523809523,0.09523809523809523,0.09523809523809523,0.047619047619047616,0.047619047619047616,0.047619047619047616,0.047619047619047616,0.047619047619047616,0.0,0.0,0.09523809523809523,0.09523809523809523,0.09523809523809523,0.047619047619047616,0.0,0.047619047619047616,2495.7696000000005,0.6272115732125743,8.603257560729983,0.14285714285714285,51.70952380952381
347,FPLLVDHTSREADYFRKRLIQLNEG,inactive - virtual,inactive - virtual,0,Inactive,virtual,1,25,0.04,0.0,0.08,0.08,0.08,0.04,0.04,0.04,0.04,0.16,0.0,0.04,0.04,0.04,0.12,0.04,0.04,0.04,0.0,0.04,3018.3840000000005,-0.4078727411019969,6.762384986877441,0.12,25.624000000000002
348,FPNLASAAFYWSKKEN,inactive - virtual,inactive - virtual,0,Inactive,virtual,1,16,0.1875,0.0,0.0,0.0625,0.125,0.0,0.0,0.0,0.125,0.0625,0.0,0.125,0.0625,0.0,0.0,0.125,0.0,0.0,0.0625,0.0625,1873.0709000000002,0.5510568505049371,8.497593879699707,0.25,35.306875000000005
349,FPQLTQNNSRE,inactive - virtual,inactive - virtual,0,Inactive,virtual,1,11,0.0,0.0,0.0,0.09090909090909091,0.09090909090909091,0.0,0.0,0.0,0.0,0.09090909090909091,0.0,0.18181818181818182,0.09090909090909091,0.18181818181818182,0.09090909090909091,0.09090909090909091,0.09090909090909091,0.0,0.0,0.0,1333.4063999999998,-0.4393590030698826,6.218208503723144,0.09090909090909091,54.76363636363637
350,FSALNIAVHELSDVGRAIVRN,inactive - virtual,inactive - virtual,0,Inactive,virtual,1,21,0.14285714285714285,0.0,0.047619047619047616,0.047619047619047616,0.047619047619047616,0.047619047619047616,0.047619047619047616,0.09523809523809523,0.0,0.09523809523809523,0.0,0.09523809523809523,0.0,0.0,0.09523809523809523,0.09523809523809523,0.0,0.14285714285714285,0.0,0.0,2281.5694,-0.40440368262890125,6.753006553649903,0.047619047619047616,28.238095238095234
351,FSEFIQALSVTSRG,inactive - virtual,inactive - virtual,0,Inactive,virtual,1,14,0.07142857142857142,0.0,0.0,0.07142857142857142,0.14285714285714285,0.07142857142857142,0.0,0.07142857142857142,0.0,0.07142857142857142,0.0,0.0,0.0,0.07142857142857142,0.07142857142857142,0.21428571428571427,0.07142857142857142,0.07142857142857142,0.0,0.0,1541.7030000000002,-0.4414514897265791,6.0021066665649405,0.14285714285714288,24.67142857142857
352,FTELQRDFLRN,inactive - virtual,inactive - virtual,0,Inactive,virtual,1,11,0.0,0.0,0.09090909090909091,0.09090909090909091,0.18181818181818182,0.0,0.0,0.0,0.0,0.18181818181818182,0.0,0.09090909090909091,0.0,0.09090909090909091,0.18181818181818182,0.0,0.09090909090909091,0.0,0.0,0.0,1438.5866,-0.4410301238049481,6.070427131652831,0.18181818181818182,78.10909090909091
353,FTRIIKAAG,inactive - virtual,inactive - virtual,0,Inactive,virtual,1,9,0.2222222222222222,0.0,0.0,0.0,0.1111111111111111,0.1111111111111111,0.0,0.2222222222222222,0.1111111111111111,0.0,0.0,0.0,0.0,0.0,0.1111111111111111,0.0,0.1111111111111111,0.0,0.0,0.0,976.1733000000002,1.5549221566662905,11.000836753845213,0.1111111111111111,-0.5444444444444447
354,FVPVFFVVVRRR,inactive - virtual,inactive - virtual,0,Inactive,virtual,1,12,0.0,0.0,0.0,0.0,0.25,0.0,0.0,0.0,0.0,0.0,0.0,0.0,0.08333333333333333,0.0,0.25,0.0,0.0,0.4166666666666667,0.0,0.0,1520.8640000000003,2.5573775128668292,11.999967765808105,0.25,136.73333333333335
355,FYQTFFDEADELLADMEQHLLDL,inactive - virtual,inactive - virtual,0,Inactive,virtual,1,23,0.08695652173913043,0.0,0.17391304347826086,0.13043478260869565,0.13043478260869565,0.0,0.043478260869565216,0.0,0.0,0.21739130434782608,0.043478260869565216,0.0,0.0,0.08695652173913043,0.0,0.0,0.043478260869565216,0.0,0.0,0.043478260869565216,2804.0429,-7.403278064484737,4.0500284194946286,0.17391304347826086,35.461304347826086
356,GAFRKLLQSAKDN,inactive - virtual,inactive - virtual,0,Inactive,virtual,1,13,0.15384615384615385,0.0,0.07692307692307693,0.0,0.07692307692307693,0.07692307692307693,0.0,0.0,0.15384615384615385,0.15384615384615385,0.0,0.07692307692307693,0.0,0.07692307692307693,0.07692307692307693,0.07692307692307693,0.0,0.0,0.0,0.0,1447.6381999999999,1.552863048154009,9.994291877746583,0.07692307692307693,55.04615384615385
357,GAGTSVNMNTNEVLANIGLELM,inactive - virtual,inactive - virtual,0,Inactive,virtual,1,22,0.09090909090909091,0.0,0.0,0.09090909090909091,0.0,0.13636363636363635,0.0,0.045454545454545456,0.0,0.13636363636363635,0.09090909090909091,0.18181818181818182,0.0,0.0,0.0,0.045454545454545456,0.09090909090909091,0.09090909090909091,0.0,0.0,2248.5329,-2.440305610553361,4.0500284194946286,0.0,11.109090909090908
358,GAPLARMEVTLALESLFGRF,inactive - virtual,inactive - virtual,0,Inactive,virtual,1,20,0.15,0.0,0.0,0.1,0.1,0.1,0.0,0.0,0.0,0.2,0.05,0.0,0.05,0.0,0.1,0.05,0.05,0.05,0.0,0.0,2178.5524000000005,-0.44035584702010855,6.14397678375244,0.1,20.270000000000003
359,GAQYIQAAGVALGLKMR,inactive - virtual,inactive - virtual,0,Inactive,virtual,1,17,0.23529411764705882,0.0,0.0,0.0,0.0,0.17647058823529413,0.0,0.058823529411764705,0.058823529411764705,0.11764705882352941,0.058823529411764705,0.0,0.0,0.11764705882352941,0.058823529411764705,0.0,0.0,0.058823529411764705,0.0,0.058823529411764705,1747.0701999999999,1.5524165639990049,9.994291877746583,0.05882352941176471,9.729411764705882
360,GAVAIARVFSY,inactive - virtual,inactive - virtual,0,Inactive,virtual,1,11,0.2727272727272727,0.0,0.0,0.0,0.09090909090909091,0.09090909090909091,0.0,0.09090909090909091,0.0,0.0,0.0,0.0,0.0,0.0,0.09090909090909091,0.09090909090909091,0.0,0.18181818181818182,0.0,0.09090909090909091,1153.3299,0.5549221566662905,8.747602272033692,0.18181818181818182,1.3727272727272726
361,GEAEIASLKSQIRA,inactive - virtual,inactive - virtual,0,Inactive,virtual,1,14,0.21428571428571427,0.0,0.0,0.14285714285714285,0.0,0.07142857142857142,0.0,0.14285714285714285,0.07142857142857142,0.07142857142857142,0.0,0.0,0.0,0.07142857142857142,0.07142857142857142,0.14285714285714285,0.0,0.0,0.0,0.0,1472.6428999999998,-0.4428363214540205,6.14323787689209,0.0,25.35
362,GEAYLLLERYVAFLRA,inactive - virtual,inactive - virtual,0,Inactive,virtual,1,16,0.1875,0.0,0.0,0.125,0.0625,0.0625,0.0,0.0,0.0,0.25,0.0,0.0,0.0,0.0,0.125,0.0,0.0,0.0625,0.0,0.125,1884.1812999999997,-0.4453670323546799,6.1424989700317365,0.1875,11.9875
363,GEDAILKKVAEEAAETLMASKD,inactive - virtual,inactive - virtual,0,Inactive,virtual,1,22,0.22727272727272727,0.0,0.09090909090909091,0.18181818181818182,0.0,0.045454545454545456,0.0,0.045454545454545456,0.13636363636363635,0.09090909090909091,0.045454545454545456,0.0,0.0,0.0,0.0,0.045454545454545456,0.045454545454545456,0.045454545454545456,0.0,0.0,2319.5848,-3.4434185870734613,4.483141517639161,0.0,36.336363636363636
364,GEGWAKSILFN,inactive - virtual,inactive - virtual,0,Inactive,virtual,1,11,0.09090909090909091,0.0,0.0,0.09090909090909091,0.09090909090909091,0.18181818181818182,0.0,0.09090909090909091,0.09090909090909091,0.09090909090909091,0.0,0.09090909090909091,0.0,0.0,0.0,0.09090909090909091,0.0,0.0,0.09090909090909091,0.0,1221.3609000000001,-0.4439319641604915,6.0014245986938475,0.18181818181818182,17.3
365,GEKRAEEIKKILMT,inactive - virtual,inactive - virtual,0,Inactive,virtual,1,14,0.07142857142857142,0.0,0.0,0.21428571428571427,0.0,0.07142857142857142,0.0,0.14285714285714285,0.21428571428571427,0.07142857142857142,0.07142857142857142,0.0,0.0,0.0,0.07142857142857142,0.0,0.07142857142857142,0.0,0.0,0.0,1645.9618,0.5532732541512528,8.497271537780762,0.0,63.80000000000002
366,GFFGWFNRMFEKSTHHYTDSVGGI,inactive - virtual,inactive - virtual,0,Inactive,virtual,1,24,0.0,0.0,0.041666666666666664,0.041666666666666664,0.16666666666666666,0.16666666666666666,0.08333333333333333,0.041666666666666664,0.041666666666666664,0.0,0.041666666666666664,0.041666666666666664,0.0,0.0,0.041666666666666664,0.08333333333333333,0.08333333333333333,0.041666666666666664,0.041666666666666664,0.041666666666666664,2821.0864,-0.37276330855405204,6.921477317810059,0.25,35.58750000000001
367,GFKNEVRTPVTKFRIVFFVV,inactive - virtual,inactive - virtual,0,Inactive,virtual,1,20,0.0,0.0,0.0,0.05,0.2,0.05,0.0,0.05,0.1,0.0,0.0,0.05,0.05,0.0,0.1,0.0,0.1,0.25,0.0,0.0,2383.83,2.553512206705476,11.00038547515869,0.2,3.125000000000001
368,GFMIWHPKMDEYMEEIDGYLDEMSERLITL,inactive - virtual,inactive - virtual,0,Inactive,virtual,1,30,0.0,0.0,0.1,0.16666666666666666,0.03333333333333333,0.06666666666666667,0.03333333333333333,0.1,0.03333333333333333,0.1,0.13333333333333333,0.0,0.03333333333333333,0.0,0.03333333333333333,0.03333333333333333,0.03333333333333333,0.0,0.03333333333333333,0.06666666666666667,3693.2035000000005,-6.406519330327997,4.116530036926269,0.13333333333333333,77.63666666666666
369,GFSVQRRLWLAS,inactive - virtual,inactive - virtual,0,Inactive,virtual,1,12,0.08333333333333333,0.0,0.0,0.0,0.08333333333333333,0.08333333333333333,0.0,0.0,0.0,0.16666666666666666,0.0,0.0,0.0,0.08333333333333333,0.16666666666666666,0.16666666666666666,0.0,0.08333333333333333,0.08333333333333333,0.0,1419.6296,1.5574026311002025,11.999967765808105,0.16666666666666669,86.91666666666669
370,GFYPMVAAQRI,inactive - virtual,inactive - virtual,0,Inactive,virtual,1,11,0.18181818181818182,0.0,0.0,0.0,0.09090909090909091,0.09090909090909091,0.0,0.09090909090909091,0.0,0.0,0.09090909090909091,0.0,0.09090909090909091,0.09090909090909091,0.09090909090909091,0.0,0.0,0.09090909090909091,0.0,0.09090909090909091,1252.4841000000001,0.5549221566662905,8.747602272033692,0.18181818181818182,43.091818181818184
371,GGFAAAIARRA,inactive - virtual,inactive - virtual,0,Inactive,virtual,1,11,0.45454545454545453,0.0,0.0,0.0,0.09090909090909091,0.18181818181818182,0.0,0.09090909090909091,0.0,0.0,0.0,0.0,0.0,0.0,0.18181818181818182,0.0,0.0,0.0,0.0,0.0,1060.2102,1.5574026311002025,11.999967765808105,0.09090909090909091,72.38181818181819
372,GGKEALAIENFADAL,inactive - virtual,inactive - virtual,0,Inactive,virtual,1,15,0.26666666666666666,0.0,0.06666666666666667,0.13333333333333333,0.06666666666666667,0.13333333333333333,0.0,0.06666666666666667,0.06666666666666667,0.13333333333333333,0.0,0.06666666666666667,0.0,0.0,0.0,0.0,0.0,0.0,0.0,0.0,1518.6664,-2.442364719065642,4.1373899459838865,0.06666666666666667,25.51333333333333
373,GGSSGVLMSIFFTAAGQKLEQ,inactive - virtual,inactive - virtual,0,Inactive,virtual,1,21,0.09523809523809523,0.0,0.0,0.047619047619047616,0.09523809523809523,0.19047619047619047,0.0,0.047619047619047616,0.047619047619047616,0.09523809523809523,0.047619047619047616,0.0,0.0,0.09523809523809523,0.0,0.14285714285714285,0.047619047619047616,0.047619047619047616,0.0,0.0,2128.4042000000004,-0.4439319641604915,6.0014245986938475,0.09523809523809523,50.62380952380952
374,GHNLISLLEVLSG,inactive - virtual,inactive - virtual,0,Inactive,virtual,1,13,0.0,0.0,0.0,0.07692307692307693,0.0,0.15384615384615385,0.07692307692307693,0.07692307692307693,0.0,0.3076923076923077,0.0,0.07692307692307693,0.0,0.0,0.0,0.15384615384615385,0.0,0.07692307692307693,0.0,0.0,1351.5474000000002,-1.4047999303171586,5.240236854553221,0.0,27.446153846153848
375,GIHELAVFAEEH,inactive - virtual,inactive - virtual,0,Inactive,virtual,1,12,0.16666666666666666,0.0,0.0,0.25,0.08333333333333333,0.08333333333333333,0.16666666666666666,0.08333333333333333,0.0,0.08333333333333333,0.0,0.0,0.0,0.0,0.0,0.0,0.0,0.08333333333333333,0.0,0.0,1351.4630000000002,-3.3659319672614227,4.72294521331787,0.08333333333333334,33.25833333333334
376,GKASLRAAELYSKY,inactive - virtual,inactive - virtual,0,Inactive,virtual,1,14,0.21428571428571427,0.0,0.0,0.07142857142857142,0.0,0.07142857142857142,0.0,0.0,0.14285714285714285,0.14285714285714285,0.0,0.0,0.0,0.0,0.07142857142857142,0.14285714285714285,0.0,0.0,0.0,0.14285714285714285,1556.7607999999998,1.5485261396042778,9.526315879821777,0.14285714285714288,16.97857142857143
377,GKDAAAEEISQLLYHVQVMMVARG,inactive - virtual,inactive - virtual,0,Inactive,virtual,1,24,0.16666666666666666,0.0,0.041666666666666664,0.08333333333333333,0.0,0.08333333333333333,0.041666666666666664,0.041666666666666664,0.041666666666666664,0.08333333333333333,0.08333333333333333,0.0,0.0,0.08333333333333333,0.041666666666666664,0.041666666666666664,0.0,0.125,0.0,0.041666666666666664,2617.0088999999994,-1.4082689887902542,5.4454256057739245,0.04166666666666667,32.94166666666668
378,GKKGPKFIQAVASLKA,inactive - virtual,inactive - virtual,0,Inactive,virtual,1,16,0.1875,0.0,0.0,0.0,0.0625,0.125,0.0,0.0625,0.25,0.0625,0.0,0.0,0.0625,0.0625,0.0,0.0625,0.0,0.0625,0.0,0.0,1642.9825000000003,3.5474304968978063,10.477740287780762,0.0625,-6.54375
379,GKSNMMDAISFVL,inactive - virtual,inactive - virtual,0,Inactive,virtual,1,13,0.07692307692307693,0.0,0.07692307692307693,0.0,0.07692307692307693,0.07692307692307693,0.0,0.07692307692307693,0.07692307692307693,0.07692307692307693,0.15384615384615385,0.07692307692307693,0.0,0.0,0.0,0.15384615384615385,0.0,0.07692307692307693,0.0,0.0,1412.6734,-0.4446062409453315,5.835682106018066,0.07692307692307693,0.48461538461538456
380,GKTTAALALARELFG,inactive - virtual,inactive - virtual,0,Inactive,virtual,1,15,0.26666666666666666,0.0,0.0,0.06666666666666667,0.06666666666666667,0.13333333333333333,0.0,0.0,0.06666666666666667,0.2,0.0,0.0,0.0,0.0,0.06666666666666667,0.0,0.13333333333333333,0.0,0.0,0.0,1518.7559000000006,0.5560429176061352,8.74786014556885,0.06666666666666667,3.673333333333333
381,GKTTFVKRHLTG,inactive - virtual,inactive - virtual,0,Inactive,virtual,1,12,0.0,0.0,0.0,0.0,0.08333333333333333,0.16666666666666666,0.08333333333333333,0.0,0.16666666666666666,0.08333333333333333,0.0,0.0,0.0,0.0,0.08333333333333333,0.0,0.25,0.08333333333333333,0.0,0.0,1344.5616000000002,2.5890430051750513,11.16626262664795,0.08333333333333334,46.11666666666667
382,GKTTILYRLQVG,inactive - virtual,inactive - virtual,0,Inactive,virtual,1,12,0.0,0.0,0.0,0.0,0.0,0.16666666666666666,0.0,0.08333333333333333,0.08333333333333333,0.16666666666666666,0.0,0.0,0.0,0.08333333333333333,0.08333333333333333,0.0,0.16666666666666666,0.08333333333333333,0.0,0.08333333333333333,1348.5899000000002,1.5524165639990049,9.994291877746583,0.08333333333333334,17.85833333333334
383,GLEKLEESIYRE,inactive - virtual,inactive - virtual,0,Inactive,virtual,1,12,0.0,0.0,0.0,0.3333333333333333,0.0,0.08333333333333333,0.0,0.08333333333333333,0.08333333333333333,0.16666666666666666,0.0,0.0,0.0,0.0,0.08333333333333333,0.08333333333333333,0.0,0.0,0.0,0.08333333333333333,1465.6039,-2.4410079055849208,4.687761878967284,0.08333333333333334,31.216666666666676
384,GLFDKVKSLVPKIAKAV,inactive - virtual,inactive - virtual,0,Inactive,virtual,1,17,0.11764705882352941,0.0,0.058823529411764705,0.0,0.058823529411764705,0.058823529411764705,0.0,0.058823529411764705,0.23529411764705882,0.11764705882352941,0.0,0.0,0.058823529411764705,0.0,0.0,0.058823529411764705,0.0,0.17647058823529413,0.0,0.0,1813.2311,2.547876981052811,10.00138339996338,0.05882352941176471,11.323529411764707
385,GLFDVIGSQAGGAAPHFLG,inactive - virtual,inactive - virtual,0,Inactive,virtual,1,19,0.15789473684210525,0.0,0.05263157894736842,0.0,0.10526315789473684,0.2631578947368421,0.05263157894736842,0.05263157894736842,0.0,0.10526315789473684,0.0,0.0,0.05263157894736842,0.05263157894736842,0.0,0.05263157894736842,0.0,0.05263157894736842,0.0,0.0,1814.0053000000003,-1.4054742071019986,5.076711082458496,0.10526315789473685,32.81052631578947
386,GLFKLIKFAKKKSPGAF,inactive - virtual,inactive - virtual,0,Inactive,virtual,1,17,0.11764705882352941,0.0,0.0,0.0,0.17647058823529413,0.11764705882352941,0.0,0.058823529411764705,0.29411764705882354,0.11764705882352941,0.0,0.0,0.058823529411764705,0.0,0.0,0.058823529411764705,0.0,0.0,0.0,0.0,1880.3219,4.5449249042305215,10.602486610412598,0.17647058823529413,11.435294117647057
387,GLGKIIGKVKKSLLKSI,inactive - virtual,inactive - virtual,0,Inactive,virtual,1,17,0.0,0.0,0.0,0.0,0.0,0.17647058823529413,0.0,0.17647058823529413,0.29411764705882354,0.17647058823529413,0.0,0.0,0.0,0.0,0.0,0.11764705882352941,0.0,0.058823529411764705,0.0,0.0,1782.2619,4.5449249042305215,10.602486610412598,0.0,-17.25294117647059
388,GLGLVLKIAVNAFLKLVA,inactive - virtual,inactive - virtual,0,Inactive,virtual,1,18,0.16666666666666666,0.0,0.0,0.0,0.05555555555555555,0.1111111111111111,0.0,0.05555555555555555,0.1111111111111111,0.2777777777777778,0.0,0.05555555555555555,0.0,0.0,0.0,0.0,0.0,0.16666666666666666,0.0,0.0,1839.3112,1.552441682232378,10.002737236022949,0.05555555555555555,-9.422222222222222
389,GLLDIAGGNAETLAGHAV,inactive - virtual,inactive - virtual,0,Inactive,virtual,1,18,0.2222222222222222,0.0,0.05555555555555555,0.05555555555555555,0.0,0.2222222222222222,0.05555555555555555,0.05555555555555555,0.0,0.16666666666666666,0.0,0.05555555555555555,0.0,0.0,0.0,0.0,0.05555555555555555,0.05555555555555555,0.0,0.0,1678.8407000000002,-2.404353446162154,4.353093910217285,0.0,11.583333333333334
390,GLNAELTRYTLSLMVLERKLSSA,inactive - virtual,inactive - virtual,0,Inactive,virtual,1,23,0.08695652173913043,0.0,0.0,0.08695652173913043,0.0,0.043478260869565216,0.0,0.0,0.043478260869565216,0.2608695652173913,0.043478260869565216,0.043478260869565216,0.0,0.0,0.08695652173913043,0.13043478260869565,0.08695652173913043,0.043478260869565216,0.0,0.043478260869565216,2565.9822,0.5546329676453201,8.588945579528808,0.043478260869565216,7.2782608695652184
391,GLTSLMAIDKL,inactive - virtual,inactive - virtual,0,Inactive,virtual,1,11,0.09090909090909091,0.0,0.09090909090909091,0.0,0.0,0.09090909090909091,0.0,0.09090909090909091,0.09090909090909091,0.2727272727272727,0.09090909090909091,0.0,0.0,0.0,0.0,0.09090909090909091,0.09090909090909091,0.0,0.0,0.0,1161.4117999999999,-0.4446062409453315,5.835682106018066,0.0,4.872727272727272
392,GLWAIAVKAGKVILKLIVFIWIRV,inactive - virtual,inactive - virtual,0,Inactive,virtual,1,24,0.125,0.0,0.0,0.0,0.041666666666666664,0.08333333333333333,0.0,0.20833333333333334,0.125,0.125,0.0,0.0,0.0,0.0,0.041666666666666664,0.0,0.0,0.16666666666666666,0.08333333333333333,0.0,2707.4325999999996,3.549910971331719,11.263867759704592,0.125,2.325
393,GLWKSLGAVVKRVEGLWVGLF,inactive - virtual,inactive - virtual,0,Inactive,virtual,1,21,0.047619047619047616,0.0,0.0,0.047619047619047616,0.047619047619047616,0.19047619047619047,0.0,0.0,0.09523809523809523,0.19047619047619047,0.0,0.0,0.0,0.0,0.047619047619047616,0.047619047619047616,0.0,0.19047619047619047,0.09523809523809523,0.0,2314.768,1.553537324938849,9.994291877746583,0.14285714285714285,34.1
394,GNFADLLAHSDGLIKNISDDLRALDKLI,inactive - virtual,inactive - virtual,0,Inactive,virtual,1,28,0.10714285714285714,0.0,0.17857142857142858,0.0,0.03571428571428571,0.07142857142857142,0.03571428571428571,0.10714285714285714,0.07142857142857142,0.21428571428571427,0.0,0.07142857142857142,0.0,0.0,0.03571428571428571,0.07142857142857142,0.0,0.0,0.0,0.0,3038.4102000000003,-2.4087245740499243,4.664969444274903,0.03571428571428572,8.653571428571425
395,GNYLRAEILYRLK,inactive - virtual,inactive - virtual,0,Inactive,virtual,1,13,0.07692307692307693,0.0,0.0,0.07692307692307693,0.0,0.07692307692307693,0.0,0.07692307692307693,0.07692307692307693,0.23076923076923078,0.0,0.07692307692307693,0.0,0.0,0.15384615384615385,0.0,0.0,0.0,0.0,0.15384615384615385,1608.8816,1.5510066140381902,9.696641349792483,0.15384615384615385,27.607692307692314
396,GPDMTAMVALIASV,inactive - virtual,inactive - virtual,0,Inactive,virtual,1,14,0.21428571428571427,0.0,0.07142857142857142,0.0,0.0,0.07142857142857142,0.0,0.07142857142857142,0.0,0.07142857142857142,0.14285714285714285,0.0,0.07142857142857142,0.0,0.0,0.07142857142857142,0.07142857142857142,0.14285714285714285,0.0,0.0,1375.6532999999997,-1.4421006482780456,4.0500284194946286,0.0,1.842857142857143
397,GPKDAVVKVFNQWG,inactive - virtual,inactive - virtual,0,Inactive,virtual,1,14,0.07142857142857142,0.0,0.07142857142857142,0.0,0.07142857142857142,0.14285714285714285,0.0,0.0,0.14285714285714285,0.0,0.0,0.07142857142857142,0.07142857142857142,0.07142857142857142,0.0,0.0,0.0,0.21428571428571427,0.07142857142857142,0.0,1544.7515,0.5528881663873828,8.59094409942627,0.14285714285714288,-11.62857142857143
398,GPKKAQLIVGWRELHG,inactive - virtual,inactive - virtual,0,Inactive,virtual,1,16,0.0625,0.0,0.0,0.0625,0.0,0.1875,0.0625,0.0625,0.125,0.125,0.0,0.0,0.0625,0.0625,0.0625,0.0,0.0,0.0625,0.0625,0.0,1789.0888000000004,1.590163766114896,9.99435634613037,0.0625,-0.006249999999999867
399,GSDFLIHFIDE,inactive - virtual,inactive - virtual,0,Inactive,virtual,1,11,0.0,0.0,0.18181818181818182,0.09090909090909091,0.18181818181818182,0.09090909090909091,0.09090909090909091,0.18181818181818182,0.0,0.09090909090909091,0.0,0.0,0.0,0.0,0.0,0.09090909090909091,0.0,0.0,0.0,0.0,1292.3924,-3.4018144753504522,4.310578346252441,0.18181818181818182,4.027272727272728
400,GSHANEFFFRA,inactive - virtual,inactive - virtual,0,Inactive,virtual,1,11,0.18181818181818182,0.0,0.0,0.09090909090909091,0.2727272727272727,0.09090909090909091,0.09090909090909091,0.0,0.0,0.0,0.0,0.09090909090909091,0.0,0.0,0.09090909090909091,0.09090909090909091,0.0,0.0,0.0,0.0,1282.3627000000001,-0.40482504855053225,6.749653053283692,0.2727272727272727,9.09090909090909
401,GTLRHAANAAFIMLEAAEL,inactive - virtual,inactive - virtual,0,Inactive,virtual,1,19,0.3157894736842105,0.0,0.0,0.10526315789473684,0.05263157894736842,0.05263157894736842,0.05263157894736842,0.05263157894736842,0.0,0.15789473684210525,0.05263157894736842,0.05263157894736842,0.0,0.0,0.05263157894736842,0.0,0.05263157894736842,0.0,0.0,0.0,1999.2937000000002,-1.403704287610688,5.399499702453612,0.052631578947368425,25.27894736842105
402,GTTTAVIIAGGLLQQAQGLIN,inactive - virtual,inactive - virtual,0,Inactive,virtual,1,21,0.14285714285714285,0.0,0.0,0.0,0.0,0.19047619047619047,0.0,0.14285714285714285,0.0,0.14285714285714285,0.0,0.047619047619047616,0.0,0.14285714285714285,0.0,0.0,0.14285714285714285,0.047619047619047616,0.0,0.0,2039.3327000000004,-0.4425471324330503,5.525000190734862,0.0,36.05238095238096
403,GVSGLAAARQLQSF,inactive - virtual,inactive - virtual,0,Inactive,virtual,1,14,0.21428571428571427,0.0,0.0,0.0,0.07142857142857142,0.14285714285714285,0.0,0.0,0.0,0.14285714285714285,0.0,0.0,0.0,0.14285714285714285,0.07142857142857142,0.14285714285714285,0.0,0.07142857142857142,0.0,0.0,1404.5703,0.5574277493335762,9.750021171569824,0.07142857142857144,77.71428571428571
404,GWQNELLLLLRYLDEN,inactive - virtual,inactive - virtual,0,Inactive,virtual,1,16,0.0,0.0,0.0625,0.125,0.0,0.0625,0.0,0.0,0.0,0.375,0.0,0.125,0.0,0.0625,0.0625,0.0,0.0,0.0,0.0625,0.0625,1989.2308000000003,-2.4423898372990154,4.1373899459838865,0.125,24.4125
405,GYKKVSKSYTGEWKKYLNSL,inactive - virtual,inactive - virtual,0,Inactive,virtual,1,20,0.0,0.0,0.0,0.05,0.0,0.1,0.0,0.0,0.25,0.1,0.0,0.05,0.0,0.0,0.0,0.15,0.05,0.05,0.05,0.15,2379.7075,3.5385288871685088,9.779354286193847,0.2,-18.765
406,HAHASAIAKAYASEIAFEAANQAIQIHG,inactive - virtual,inactive - virtual,0,Inactive,virtual,1,28,0.35714285714285715,0.0,0.0,0.07142857142857142,0.03571428571428571,0.03571428571428571,0.10714285714285714,0.14285714285714285,0.03571428571428571,0.0,0.0,0.03571428571428571,0.0,0.07142857142857142,0.0,0.07142857142857142,0.0,0.0,0.0,0.03571428571428571,2891.1567999999997,-1.3354374723597922,6.265839576721191,0.07142857142857144,26.835714285714285
407,HALRTIVFELLTRH,inactive - virtual,inactive - virtual,0,Inactive,virtual,1,14,0.07142857142857142,0.0,0.0,0.07142857142857142,0.07142857142857142,0.0,0.14285714285714285,0.07142857142857142,0.0,0.21428571428571427,0.0,0.0,0.0,0.0,0.14285714285714285,0.0,0.14285714285714285,0.07142857142857142,0.0,0.0,1706.0002000000002,0.6317762743921409,9.611736488342284,0.07142857142857144,30.735714285714288
408,HDKHIEIVVRQM,inactive - virtual,inactive - virtual,0,Inactive,virtual,1,12,0.0,0.0,0.08333333333333333,0.08333333333333333,0.0,0.0,0.16666666666666666,0.16666666666666666,0.08333333333333333,0.0,0.08333333333333333,0.0,0.0,0.08333333333333333,0.08333333333333333,0.0,0.0,0.16666666666666666,0.0,0.0,1504.7556999999995,-0.37025771588676637,6.922500419616699,0.0,100.35000000000001
409,HDLVTDGLITLYIETK,inactive - virtual,inactive - virtual,0,Inactive,virtual,1,16,0.0,0.0,0.125,0.0625,0.0,0.0625,0.0625,0.125,0.0625,0.1875,0.0,0.0,0.0,0.0,0.0,0.0,0.1875,0.0625,0.0,0.0625,1831.0709000000006,-2.408918147341721,4.536456489562989,0.0625,31.531249999999996
410,HFGSLLLLAAWLAEN,inactive - virtual,inactive - virtual,0,Inactive,virtual,1,15,0.2,0.0,0.0,0.06666666666666667,0.06666666666666667,0.06666666666666667,0.06666666666666667,0.0,0.0,0.3333333333333333,0.0,0.06666666666666667,0.0,0.0,0.0,0.06666666666666667,0.0,0.0,0.06666666666666667,0.0,1654.9052000000001,-1.4047999303171586,5.240236854553221,0.13333333333333333,10.646666666666667
411,HGLVKAGHPLKRKLGH,inactive - virtual,inactive - virtual,0,Inactive,virtual,1,16,0.0625,0.0,0.0,0.0,0.0,0.1875,0.1875,0.0,0.1875,0.1875,0.0,0.0,0.0625,0.0,0.0625,0.0,0.0,0.0625,0.0,0.0,1748.0866000000003,3.6597902948598597,11.263932228088382,0.0,9.056250000000002
412,HHKAYVDGANTALDKLAEARDK,inactive - virtual,inactive - virtual,0,Inactive,virtual,1,22,0.22727272727272727,0.0,0.13636363636363635,0.045454545454545456,0.0,0.045454545454545456,0.09090909090909091,0.0,0.13636363636363635,0.09090909090909091,0.0,0.045454545454545456,0.0,0.0,0.045454545454545456,0.0,0.045454545454545456,0.045454545454545456,0.0,0.045454545454545456,2423.6394,-0.37688152557861443,6.92272777557373,0.045454545454545456,-5.818181818181818
413,HKEMAKAFEEW,inactive - virtual,inactive - virtual,0,Inactive,virtual,1,11,0.18181818181818182,0.0,0.0,0.2727272727272727,0.09090909090909091,0.0,0.09090909090909091,0.0,0.18181818181818182,0.0,0.09090909090909091,0.0,0.0,0.0,0.0,0.0,0.0,0.0,0.09090909090909091,0.0,1405.5767000000003,-1.4075695937720414,5.497887992858886,0.18181818181818182,57.80909090909091
414,HLDLINMMSRLAREELVHHEQVLRLMKRR,inactive - virtual,inactive - virtual,0,Inactive,virtual,1,29,0.034482758620689655,0.0,0.034482758620689655,0.10344827586206896,0.0,0.0,0.10344827586206896,0.034482758620689655,0.034482758620689655,0.20689655172413793,0.10344827586206896,0.034482758620689655,0.0,0.034482758620689655,0.1724137931034483,0.034482758620689655,0.0,0.06896551724137931,0.0,0.0,3625.3035999999993,1.668509774235475,10.612801551818848,0.0,83.37241379310345
415,HMKMRSQLLIVLQEHLRN,inactive - virtual,inactive - virtual,0,Inactive,virtual,1,18,0.0,0.0,0.0,0.05555555555555555,0.0,0.0,0.1111111111111111,0.05555555555555555,0.05555555555555555,0.2222222222222222,0.1111111111111111,0.05555555555555555,0.0,0.1111111111111111,0.1111111111111111,0.05555555555555555,0.0,0.05555555555555555,0.0,0.0,2246.7009,1.6292706817248552,10.835024070739745,0.0,95.9388888888889
416,HPAFIAHADRVLGGLDIAIST,inactive - virtual,inactive - virtual,0,Inactive,virtual,1,21,0.19047619047619047,0.0,0.09523809523809523,0.0,0.047619047619047616,0.09523809523809523,0.09523809523809523,0.14285714285714285,0.0,0.09523809523809523,0.0,0.0,0.047619047619047616,0.0,0.047619047619047616,0.047619047619047616,0.047619047619047616,0.047619047619047616,0.0,0.0,2174.4578,-1.36842640000432,5.978120613098144,0.047619047619047616,11.523809523809524
417,HPFYQALGQLARLTLAQWQAQL,inactive - virtual,inactive - virtual,0,Inactive,virtual,1,22,0.18181818181818182,0.0,0.0,0.0,0.045454545454545456,0.045454545454545456,0.045454545454545456,0.0,0.0,0.22727272727272727,0.0,0.0,0.045454545454545456,0.22727272727272727,0.045454545454545456,0.0,0.045454545454545456,0.0,0.045454545454545456,0.045454545454545456,2553.9131999999995,0.5915485978423374,8.75482273101807,0.13636363636363635,31.80954545454545
418,HQAAMQMLKETINEEAAEWDRLH,inactive - virtual,inactive - virtual,0,Inactive,virtual,1,23,0.17391304347826086,0.0,0.043478260869565216,0.17391304347826086,0.0,0.0,0.08695652173913043,0.043478260869565216,0.043478260869565216,0.08695652173913043,0.08695652173913043,0.043478260869565216,0.0,0.08695652173913043,0.043478260869565216,0.0,0.043478260869565216,0.0,0.043478260869565216,0.0,2752.0464999999995,-3.366895433067233,4.923814201354979,0.043478260869565216,6.956521739130435
419,HSATRAAMLVRINT,inactive - virtual,inactive - virtual,0,Inactive,virtual,1,14,0.21428571428571427,0.0,0.0,0.0,0.0,0.0,0.07142857142857142,0.07142857142857142,0.0,0.07142857142857142,0.07142857142857142,0.07142857142857142,0.0,0.0,0.14285714285714285,0.07142857142857142,0.14285714285714285,0.07142857142857142,0.0,0.0,1540.7896,1.5940290722762493,11.999967765808105,0.0,3.2214285714285715
420,HSDWISNANKVRVIYWQMT,inactive - virtual,inactive - virtual,0,Inactive,virtual,1,19,0.05263157894736842,0.0,0.05263157894736842,0.0,0.0,0.0,0.05263157894736842,0.10526315789473684,0.05263157894736842,0.0,0.05263157894736842,0.10526315789473684,0.0,0.05263157894736842,0.05263157894736842,0.10526315789473684,0.05263157894736842,0.10526315789473684,0.10526315789473684,0.05263157894736842,2348.6369999999997,0.5894894893300564,8.597133064270022,0.15789473684210528,10.494736842105263
421,HSRRGLLKMVGKRRRLLAYLRNK,inactive - virtual,inactive - virtual,0,Inactive,virtual,1,23,0.043478260869565216,0.0,0.0,0.0,0.0,0.08695652173913043,0.043478260869565216,0.0,0.13043478260869565,0.21739130434782608,0.043478260869565216,0.043478260869565216,0.0,0.0,0.2608695652173913,0.043478260869565216,0.0,0.043478260869565216,0.0,0.043478260869565216,2822.4343000000003,8.583906228673612,11.999967765808105,0.043478260869565216,130.2695652173913
422,HTFLDDIVGAIAAAAASRLAHSYHD,inactive - virtual,inactive - virtual,0,Inactive,virtual,1,25,0.28,0.0,0.12,0.0,0.04,0.04,0.12,0.08,0.0,0.08,0.0,0.0,0.0,0.0,0.04,0.08,0.04,0.04,0.0,0.04,2622.8446,-2.3325897560484963,5.744057655334472,0.08,10.576000000000002
423,HVVDEKARLIYED,inactive - virtual,inactive - virtual,0,Inactive,virtual,1,13,0.07692307692307693,0.0,0.15384615384615385,0.15384615384615385,0.0,0.0,0.07692307692307693,0.07692307692307693,0.07692307692307693,0.07692307692307693,0.0,0.0,0.0,0.0,0.07692307692307693,0.0,0.0,0.15384615384615385,0.0,0.07692307692307693,1586.7437,-2.406553193343192,4.900396537780761,0.07692307692307693,6.684615384615386
424,HWDKVADMVANFAHEIDTYG,inactive - virtual,inactive - virtual,0,Inactive,virtual,1,20,0.15,0.0,0.15,0.05,0.05,0.05,0.1,0.05,0.05,0.0,0.05,0.05,0.0,0.0,0.0,0.0,0.05,0.1,0.05,0.05,2319.5064000000007,-3.37184522201067,4.63615207672119,0.15000000000000002,-18.565
425,IAMVNGLMGVLDKLAHLIDE,inactive - virtual,inactive - virtual,0,Inactive,virtual,1,20,0.1,0.0,0.1,0.05,0.0,0.1,0.05,0.1,0.05,0.2,0.1,0.05,0.0,0.0,0.0,0.0,0.0,0.1,0.0,0.0,2152.5762999999997,-2.4043200680177383,4.8100793838500975,0.0,-10.75
426,IASEFKNIATNS,inactive - virtual,inactive - virtual,0,Inactive,virtual,1,12,0.16666666666666666,0.0,0.0,0.08333333333333333,0.08333333333333333,0.0,0.0,0.16666666666666666,0.08333333333333333,0.0,0.0,0.16666666666666666,0.0,0.0,0.0,0.16666666666666666,0.08333333333333333,0.0,0.0,0.0,1294.4100999999998,-0.4439319641604915,6.0014245986938475,0.08333333333333334,36.78333333333334
427,IDDLRVIARENLERRRK,inactive - virtual,inactive - virtual,0,Inactive,virtual,1,17,0.058823529411764705,0.0,0.11764705882352941,0.11764705882352941,0.0,0.0,0.0,0.11764705882352941,0.058823529411764705,0.11764705882352941,0.0,0.058823529411764705,0.0,0.0,0.29411764705882354,0.0,0.0,0.058823529411764705,0.0,0.0,2152.4608000000003,1.5579561739224959,10.61267261505127,0.0,88.12941176470588
428,IDDSVNNLIPFMQKH,inactive - virtual,inactive - virtual,0,Inactive,virtual,1,15,0.0,0.0,0.13333333333333333,0.0,0.06666666666666667,0.0,0.06666666666666667,0.13333333333333333,0.06666666666666667,0.06666666666666667,0.06666666666666667,0.13333333333333333,0.06666666666666667,0.06666666666666667,0.0,0.06666666666666667,0.0,0.06666666666666667,0.0,0.0,1771.0022,-1.4075333156142795,5.210851097106932,0.06666666666666667,28.066666666666666
429,IEEATEFYENDV,inactive - virtual,inactive - virtual,0,Inactive,virtual,1,12,0.08333333333333333,0.0,0.08333333333333333,0.3333333333333333,0.08333333333333333,0.0,0.0,0.08333333333333333,0.0,0.0,0.0,0.08333333333333333,0.0,0.0,0.0,0.0,0.08333333333333333,0.08333333333333333,0.0,0.08333333333333333,1458.4787,-5.440123197185954,4.0500284194946286,0.16666666666666669,109.88416666666669
430,IEFRKAFLKIL,inactive - virtual,inactive - virtual,0,Inactive,virtual,1,11,0.09090909090909091,0.0,0.0,0.09090909090909091,0.18181818181818182,0.0,0.0,0.18181818181818182,0.18181818181818182,0.18181818181818182,0.0,0.0,0.0,0.0,0.09090909090909091,0.0,0.0,0.0,0.0,0.0,1377.7155,1.553537324938849,9.994291877746583,0.18181818181818182,51.10909090909091
431,IGVQQHADKVQRALGEAIDD,inactive - virtual,inactive - virtual,0,Inactive,virtual,1,20,0.15,0.0,0.15,0.05,0.0,0.1,0.05,0.1,0.05,0.05,0.0,0.0,0.0,0.15,0.05,0.0,0.0,0.1,0.0,0.0,2163.3474999999994,-2.4047218774607453,4.8285520553588865,0.0,2.6250000000000013
432,IHNVVGKL,inactive - virtual,inactive - virtual,0,Inactive,virtual,1,8,0.0,0.0,0.0,0.0,0.0,0.125,0.125,0.125,0.125,0.125,0.0,0.125,0.0,0.0,0.0,0.0,0.0,0.25,0.0,0.0,879.058,0.5915737160757106,8.757208061218265,0.0,21.937499999999986
433,IKPLNNFAAEVGKIRDS,inactive - virtual,inactive - virtual,0,Inactive,virtual,1,17,0.11764705882352941,0.0,0.058823529411764705,0.058823529411764705,0.058823529411764705,0.058823529411764705,0.0,0.11764705882352941,0.11764705882352941,0.058823529411764705,0.0,0.11764705882352941,0.058823529411764705,0.0,0.058823529411764705,0.058823529411764705,0.0,0.058823529411764705,0.0,0.0,1872.1294000000003,0.5539838090938538,8.589977073669434,0.05882352941176471,-12.511764705882356
434,IMELLGTVIQHEGIHQGQYYVALKQSG,inactive - virtual,inactive - virtual,0,Inactive,virtual,1,27,0.037037037037037035,0.0,0.0,0.07407407407407407,0.0,0.14814814814814814,0.07407407407407407,0.1111111111111111,0.037037037037037035,0.1111111111111111,0.037037037037037035,0.0,0.0,0.14814814814814814,0.0,0.037037037037037035,0.037037037037037035,0.07407407407407407,0.0,0.07407407407407407,3013.4253000000003,-1.3745695062031247,6.003243446350097,0.07407407407407407,31.574074074074073
435,IPAAKINWDRDIEYMAGILEN,inactive - virtual,inactive - virtual,0,Inactive,virtual,1,21,0.14285714285714285,0.0,0.09523809523809523,0.09523809523809523,0.0,0.047619047619047616,0.0,0.19047619047619047,0.047619047619047616,0.047619047619047616,0.047619047619047616,0.09523809523809523,0.047619047619047616,0.0,0.047619047619047616,0.0,0.0,0.0,0.047619047619047616,0.047619047619047616,2432.7486000000004,-2.4444489458112963,4.316716957092285,0.09523809523809523,57.60476190476191
436,IPAVANWIKRR,inactive - virtual,inactive - virtual,0,Inactive,virtual,1,11,0.18181818181818182,0.0,0.0,0.0,0.0,0.0,0.0,0.18181818181818182,0.09090909090909091,0.0,0.0,0.09090909090909091,0.09090909090909091,0.0,0.18181818181818182,0.0,0.0,0.09090909090909091,0.09090909090909091,0.0,1323.5887,2.554897038432917,11.999967765808105,0.09090909090909091,88.54545454545455
437,IPEAKSFYGFQIMIENIHSETYSLLIDTYI,inactive - virtual,inactive - virtual,0,Inactive,virtual,1,30,0.03333333333333333,0.0,0.03333333333333333,0.1,0.06666666666666667,0.03333333333333333,0.03333333333333333,0.2,0.03333333333333333,0.06666666666666667,0.03333333333333333,0.03333333333333333,0.03333333333333333,0.03333333333333333,0.0,0.1,0.06666666666666667,0.0,0.0,0.1,3536.9962000000005,-3.412134294951609,4.396973609924316,0.16666666666666669,57.353666666666655
438,IRVNATKAYEMAL,inactive - virtual,inactive - virtual,0,Inactive,virtual,1,13,0.23076923076923078,0.0,0.0,0.07692307692307693,0.0,0.0,0.0,0.07692307692307693,0.07692307692307693,0.07692307692307693,0.07692307692307693,0.07692307692307693,0.0,0.0,0.07692307692307693,0.0,0.07692307692307693,0.07692307692307693,0.0,0.07692307692307693,1479.7429,0.5535373249388496,8.589912605285647,0.07692307692307693,12.923076923076925
439,KDAENHKAYLKSH,inactive - virtual,inactive - virtual,0,Inactive,virtual,1,13,0.15384615384615385,0.0,0.07692307692307693,0.07692307692307693,0.0,0.0,0.15384615384615385,0.0,0.23076923076923078,0.07692307692307693,0.0,0.07692307692307693,0.0,0.0,0.0,0.07692307692307693,0.0,0.0,0.0,0.07692307692307693,1540.6786999999997,0.6222506243447499,8.44601917266846,0.07692307692307693,20.915384615384614
440,KDFETLKVDFLSKLPEMLKMFEDRL,inactive - virtual,inactive - virtual,0,Inactive,virtual,1,25,0.0,0.0,0.12,0.12,0.12,0.0,0.0,0.0,0.16,0.2,0.08,0.0,0.04,0.0,0.04,0.04,0.04,0.04,0.0,0.0,3073.6232,-1.4478928860510187,4.996511268615721,0.12,16.355999999999998
441,KDTVIEDIIDKTFEEAD,inactive - virtual,inactive - virtual,0,Inactive,virtual,1,17,0.058823529411764705,0.0,0.23529411764705882,0.17647058823529413,0.058823529411764705,0.0,0.0,0.17647058823529413,0.11764705882352941,0.0,0.0,0.0,0.0,0.0,0.0,0.0,0.11764705882352941,0.058823529411764705,0.0,0.0,1981.1147999999998,-5.4411407870360105,4.0500284194946286,0.05882352941176471,54.19411764705883
442,KEDIHRSLVEELTKISAKEK,inactive - virtual,inactive - virtual,0,Inactive,virtual,1,20,0.05,0.0,0.05,0.2,0.0,0.0,0.05,0.1,0.2,0.1,0.0,0.0,0.0,0.0,0.05,0.1,0.05,0.05,0.0,0.0,2353.6707,-0.41103865224513747,6.7727865219116214,0.0,59.324999999999996
443,KEEGYFYFRSRLSQ,inactive - virtual,inactive - virtual,0,Inactive,virtual,1,14,0.0,0.0,0.0,0.14285714285714285,0.14285714285714285,0.07142857142857142,0.0,0.0,0.07142857142857142,0.07142857142857142,0.0,0.0,0.0,0.07142857142857142,0.14285714285714285,0.14285714285714285,0.0,0.0,0.0,0.14285714285714285,1809.9736999999998,0.5521273749780344,8.496240043640139,0.28571428571428575,108.69357142857143
444,KEEVQKVLEDA,inactive - virtual,inactive - virtual,0,Inactive,virtual,1,11,0.09090909090909091,0.0,0.09090909090909091,0.2727272727272727,0.0,0.0,0.0,0.0,0.18181818181818182,0.09090909090909091,0.0,0.0,0.0,0.09090909090909091,0.0,0.0,0.0,0.18181818181818182,0.0,0.0,1287.416,-2.443749550793084,4.407318305969238,0.0,48.51818181818182
445,KEIAEKMVEGRMKKFTGEV,inactive - virtual,inactive - virtual,0,Inactive,virtual,1,19,0.05263157894736842,0.0,0.0,0.21052631578947367,0.05263157894736842,0.10526315789473684,0.0,0.05263157894736842,0.21052631578947367,0.0,0.10526315789473684,0.0,0.0,0.0,0.05263157894736842,0.0,0.05263157894736842,0.10526315789473684,0.0,0.0,2210.6160000000004,0.5518884224238114,8.430998039245608,0.052631578947368425,28.331578947368417
446,KFLKKWEGIWATFKPALSAVV,inactive - virtual,inactive - virtual,0,Inactive,virtual,1,21,0.14285714285714285,0.0,0.0,0.047619047619047616,0.09523809523809523,0.047619047619047616,0.0,0.047619047619047616,0.19047619047619047,0.09523809523809523,0.0,0.0,0.047619047619047616,0.0,0.0,0.047619047619047616,0.047619047619047616,0.09523809523809523,0.09523809523809523,0.0,2419.9020999999993,2.548551257837651,10.00138339996338,0.19047619047619047,-1.4190476190476158
447,KFLRFILKWFKVIFQ,inactive - virtual,inactive - virtual,0,Inactive,virtual,1,15,0.0,0.0,0.0,0.0,0.26666666666666666,0.0,0.0,0.13333333333333333,0.2,0.13333333333333333,0.0,0.0,0.0,0.06666666666666667,0.06666666666666667,0.0,0.0,0.06666666666666667,0.06666666666666667,0.0,2013.5136000000002,3.549910971331719,11.263867759704592,0.3333333333333333,13.673333333333332
448,KFLTKLKNIVANIRIWWVILL,inactive - virtual,inactive - virtual,0,Inactive,virtual,1,21,0.047619047619047616,0.0,0.0,0.0,0.047619047619047616,0.0,0.0,0.19047619047619047,0.14285714285714285,0.19047619047619047,0.0,0.09523809523809523,0.0,0.0,0.047619047619047616,0.0,0.047619047619047616,0.09523809523809523,0.09523809523809523,0.0,2582.2212999999997,3.549910971331719,11.263867759704592,0.14285714285714285,44.371428571428574
449,KGQEYINNIHL,inactive - virtual,inactive - virtual,0,Inactive,virtual,1,11,0.0,0.0,0.0,0.09090909090909091,0.0,0.09090909090909091,0.09090909090909091,0.18181818181818182,0.09090909090909091,0.09090909090909091,0.0,0.18181818181818182,0.0,0.09090909090909091,0.0,0.0,0.0,0.0,0.0,0.09090909090909091,1328.4726,-0.40981111565173034,6.747777366638184,0.09090909090909091,70.04545454545455
450,KHFDFLAEFNAKAND,inactive - virtual,inactive - virtual,0,Inactive,virtual,1,15,0.2,0.0,0.13333333333333333,0.06666666666666667,0.2,0.0,0.06666666666666667,0.0,0.13333333333333333,0.06666666666666667,0.0,0.13333333333333333,0.0,0.0,0.0,0.0,0.0,0.0,0.0,0.0,1766.9059000000002,-1.4076488360496624,5.4924314498901365,0.2,5.619999999999999
451,KHHAAYVNNLNNALKK,inactive - virtual,inactive - virtual,0,Inactive,virtual,1,16,0.1875,0.0,0.0,0.0,0.0,0.0,0.125,0.0,0.1875,0.125,0.0,0.25,0.0,0.0,0.0,0.0,0.0,0.0625,0.0,0.0625,1835.0743000000002,2.6206833792499005,10.001447868347167,0.0625,4.06875
452,KIPDDLQADFNKFR,inactive - virtual,inactive - virtual,0,Inactive,virtual,1,14,0.07142857142857142,0.0,0.21428571428571427,0.0,0.14285714285714285,0.0,0.0,0.07142857142857142,0.14285714285714285,0.07142857142857142,0.0,0.07142857142857142,0.07142857142857142,0.07142857142857142,0.07142857142857142,0.0,0.0,0.0,0.0,0.0,1706.8954999999999,-0.44624398353598105,6.039222526550293,0.14285714285714288,24.528571428571432
453,KKAEAVATVVAAVDQARVR,inactive - virtual,inactive - virtual,0,Inactive,virtual,1,19,0.3157894736842105,0.0,0.05263157894736842,0.05263157894736842,0.0,0.0,0.0,0.0,0.10526315789473684,0.0,0.0,0.0,0.0,0.05263157894736842,0.10526315789473684,0.0,0.05263157894736842,0.2631578947368421,0.0,0.0,1982.2882,1.5539586908604806,9.98616886138916,0.0,1.5631578947368423
454,KKDVKLILDTILETITEALAK,inactive - virtual,inactive - virtual,0,Inactive,virtual,1,21,0.09523809523809523,0.0,0.09523809523809523,0.09523809523809523,0.0,0.0,0.0,0.14285714285714285,0.19047619047619047,0.19047619047619047,0.0,0.0,0.0,0.0,0.0,0.0,0.14285714285714285,0.047619047619047616,0.0,0.0,2355.809,-0.44943501291249444,6.212922477722167,0.0,24.46666666666667
455,KKEELQRSLNILTAF,inactive - virtual,inactive - virtual,0,Inactive,virtual,1,15,0.06666666666666667,0.0,0.0,0.13333333333333333,0.06666666666666667,0.0,0.0,0.06666666666666667,0.13333333333333333,0.2,0.0,0.06666666666666667,0.0,0.06666666666666667,0.06666666666666667,0.06666666666666667,0.06666666666666667,0.0,0.0,0.0,1790.0687000000003,0.5546580858786934,8.590106010437015,0.06666666666666667,124.22666666666665
456,KKQELLEALTKHFQ,inactive - virtual,inactive - virtual,0,Inactive,virtual,1,14,0.07142857142857142,0.0,0.0,0.14285714285714285,0.07142857142857142,0.0,0.07142857142857142,0.0,0.21428571428571427,0.21428571428571427,0.0,0.0,0.0,0.14285714285714285,0.0,0.0,0.07142857142857142,0.0,0.0,0.0,1712.9863000000003,0.5888040526208282,8.505330085754395,0.07142857142857144,32.52142857142858
457,KKTAERLIVEMKDRFKG,inactive - virtual,inactive - virtual,0,Inactive,virtual,1,17,0.058823529411764705,0.0,0.058823529411764705,0.11764705882352941,0.058823529411764705,0.058823529411764705,0.0,0.058823529411764705,0.23529411764705882,0.058823529411764705,0.058823529411764705,0.0,0.0,0.0,0.11764705882352941,0.0,0.058823529411764705,0.058823529411764705,0.0,0.0,2049.4404000000004,2.550068266465753,9.992938041687015,0.05882352941176471,-13.852941176470587
458,KKVKGYKRALTE,inactive - virtual,inactive - virtual,0,Inactive,virtual,1,12,0.08333333333333333,0.0,0.0,0.08333333333333333,0.0,0.08333333333333333,0.0,0.0,0.3333333333333333,0.08333333333333333,0.0,0.0,0.0,0.0,0.08333333333333333,0.0,0.08333333333333333,0.08333333333333333,0.0,0.08333333333333333,1420.6991,3.5481130335936886,10.171579933166505,0.08333333333333334,28.75833333333334
459,KLDSRFDNNLGKFRFVLLLFV,inactive - virtual,inactive - virtual,0,Inactive,virtual,1,21,0.0,0.0,0.09523809523809523,0.0,0.19047619047619047,0.047619047619047616,0.0,0.0,0.09523809523809523,0.23809523809523808,0.0,0.09523809523809523,0.0,0.0,0.09523809523809523,0.047619047619047616,0.0,0.09523809523809523,0.0,0.0,2541.9851,1.553284414075641,9.98616886138916,0.19047619047619047,25.65714285714286
460,KLEEKFPQVAAT,inactive - virtual,inactive - virtual,0,Inactive,virtual,1,12,0.16666666666666666,0.0,0.0,0.16666666666666666,0.08333333333333333,0.0,0.0,0.0,0.16666666666666666,0.08333333333333333,0.0,0.0,0.08333333333333333,0.08333333333333333,0.0,0.0,0.08333333333333333,0.08333333333333333,0.0,0.0,1360.5543999999998,-0.44531679588793294,6.142555809020995,0.08333333333333334,55.075
461,KLKELALIFISNLVAN,inactive - virtual,inactive - virtual,0,Inactive,virtual,1,16,0.125,0.0,0.0,0.0625,0.0625,0.0,0.0,0.125,0.125,0.25,0.0,0.125,0.0,0.0,0.0,0.0625,0.0,0.0625,0.0,0.0,1786.1626,0.5535624431722228,8.591073036193851,0.0625,-1.2375000000000003
462,KNIKRNVEKIIAQWDERTRK,inactive - virtual,inactive - virtual,0,Inactive,virtual,1,20,0.05,0.0,0.05,0.1,0.0,0.0,0.0,0.15,0.2,0.0,0.0,0.1,0.0,0.05,0.15,0.0,0.05,0.05,0.05,0.0,2525.9069000000004,3.5500431482323798,10.43306369781494,0.05,45.45
463,KPEEVEQIKLYVMSREYEDYMAR,inactive - virtual,inactive - virtual,0,Inactive,virtual,1,23,0.043478260869565216,0.0,0.043478260869565216,0.21739130434782608,0.0,0.0,0.0,0.043478260869565216,0.08695652173913043,0.043478260869565216,0.08695652173913043,0.0,0.043478260869565216,0.043478260869565216,0.08695652173913043,0.043478260869565216,0.0,0.08695652173913043,0.0,0.13043478260869565,2907.2771,-2.449075043381999,4.715101432800293,0.13043478260869565,86.05217391304348
464,KPEQYNIVGEHLLATLDEMFS,inactive - virtual,inactive - virtual,0,Inactive,virtual,1,21,0.047619047619047616,0.0,0.047619047619047616,0.14285714285714285,0.047619047619047616,0.047619047619047616,0.047619047619047616,0.047619047619047616,0.047619047619047616,0.14285714285714285,0.047619047619047616,0.047619047619047616,0.047619047619047616,0.047619047619047616,0.0,0.047619047619047616,0.047619047619047616,0.047619047619047616,0.0,0.047619047619047616,2434.7181,-3.4071231096170376,4.396973609924316,0.09523809523809523,25.44761904761905
465,KPQELLSLIIERFE,inactive - virtual,inactive - virtual,0,Inactive,virtual,1,14,0.0,0.0,0.0,0.21428571428571427,0.07142857142857142,0.0,0.0,0.14285714285714285,0.07142857142857142,0.21428571428571427,0.0,0.0,0.07142857142857142,0.07142857142857142,0.07142857142857142,0.07142857142857142,0.0,0.0,0.0,0.0,1714.9988000000003,-1.4396230738574793,5.0095842361450185,0.07142857142857144,62.800000000000004
466,KPQERADLISYLKEATS,inactive - virtual,inactive - virtual,0,Inactive,virtual,1,17,0.11764705882352941,0.0,0.058823529411764705,0.11764705882352941,0.0,0.0,0.0,0.058823529411764705,0.11764705882352941,0.11764705882352941,0.0,0.0,0.058823529411764705,0.058823529411764705,0.058823529411764705,0.11764705882352941,0.058823529411764705,0.0,0.0,0.058823529411764705,1949.1657,-0.44740102263358716,6.18063793182373,0.05882352941176471,17.647058823529413
467,KPWLSVILFLIRERSR,inactive - virtual,inactive - virtual,0,Inactive,virtual,1,16,0.0,0.0,0.0,0.0625,0.0625,0.0,0.0,0.125,0.0625,0.1875,0.0,0.0,0.0625,0.0,0.1875,0.125,0.0,0.0625,0.0625,0.0,2013.4312000000004,2.555992681139388,11.711342811584473,0.125,62.112500000000004
468,KQAEAEEFVQTLGQSLA,inactive - virtual,inactive - virtual,0,Inactive,virtual,1,17,0.17647058823529413,0.0,0.0,0.17647058823529413,0.058823529411764705,0.058823529411764705,0.0,0.0,0.058823529411764705,0.11764705882352941,0.0,0.0,0.0,0.17647058823529413,0.0,0.058823529411764705,0.058823529411764705,0.058823529411764705,0.0,0.0,1849.0034,-2.4416904422808026,4.25265941619873,0.05882352941176471,68.34117647058824
469,KQLTAIAALAE,inactive - virtual,inactive - virtual,0,Inactive,virtual,1,11,0.36363636363636365,0.0,0.0,0.09090909090909091,0.0,0.0,0.0,0.09090909090909091,0.09090909090909091,0.18181818181818182,0.0,0.0,0.0,0.09090909090909091,0.0,0.0,0.09090909090909091,0.0,0.0,0.0,1128.3191000000002,-0.44183947750379504,6.217469596862792,0.0,30.581818181818182
470,KREIIHAVLTGLALDQLAEQ,inactive - virtual,inactive - virtual,0,Inactive,virtual,1,20,0.15,0.0,0.05,0.1,0.0,0.05,0.05,0.1,0.05,0.2,0.0,0.0,0.0,0.1,0.05,0.0,0.05,0.05,0.0,0.0,2218.5519,-1.4057633961229685,5.4454256057739245,0.0,46.98500000000001
471,KREVQNAILTGIQLDKLAED,inactive - virtual,inactive - virtual,0,Inactive,virtual,1,20,0.1,0.0,0.1,0.1,0.0,0.05,0.0,0.1,0.1,0.15,0.0,0.05,0.0,0.1,0.05,0.0,0.05,0.05,0.0,0.0,2254.5393999999997,-1.4431796345192387,4.942173194885252,0.0,28.08
472,KSEALAKMWGQRK,inactive - virtual,inactive - virtual,0,Inactive,virtual,1,13,0.15384615384615385,0.0,0.0,0.07692307692307693,0.0,0.07692307692307693,0.0,0.0,0.23076923076923078,0.07692307692307693,0.07692307692307693,0.0,0.0,0.07692307692307693,0.07692307692307693,0.07692307692307693,0.0,0.0,0.07692307692307693,0.0,1532.8089999999997,2.551031732271564,10.289686012268067,0.07692307692307693,41.14615384615385
473,KTASTGFAELLKDRREQV,inactive - virtual,inactive - virtual,0,Inactive,virtual,1,18,0.1111111111111111,0.0,0.05555555555555555,0.1111111111111111,0.05555555555555555,0.05555555555555555,0.0,0.0,0.1111111111111111,0.1111111111111111,0.0,0.0,0.0,0.05555555555555555,0.1111111111111111,0.05555555555555555,0.1111111111111111,0.05555555555555555,0.0,0.0,2049.2880999999998,0.5550794518003253,8.589010047912598,0.05555555555555555,34.155555555555566
474,KTFRTTFKTLL,inactive - virtual,inactive - virtual,0,Inactive,virtual,1,11,0.0,0.0,0.0,0.0,0.18181818181818182,0.0,0.0,0.0,0.18181818181818182,0.18181818181818182,0.0,0.0,0.0,0.0,0.09090909090909091,0.0,0.36363636363636365,0.0,0.0,0.0,1355.624,2.5524165639990044,11.16626262664795,0.18181818181818182,17.863636363636363
475,KVAEFERLFRQAAG,inactive - virtual,inactive - virtual,0,Inactive,virtual,1,14,0.21428571428571427,0.0,0.0,0.14285714285714285,0.14285714285714285,0.07142857142857142,0.0,0.0,0.07142857142857142,0.07142857142857142,0.0,0.0,0.0,0.07142857142857142,0.14285714285714285,0.0,0.0,0.07142857142857142,0.0,0.0,1621.8374000000001,0.5571385603126058,8.74566822052002,0.14285714285714288,16.97857142857143
476,KVNRAVAAEIRNWTWVFLIW,inactive - virtual,inactive - virtual,0,Inactive,virtual,1,20,0.15,0.0,0.0,0.05,0.05,0.0,0.0,0.1,0.05,0.05,0.0,0.1,0.0,0.0,0.1,0.0,0.05,0.15,0.15,0.0,2472.8851,1.5560177993727615,10.835024070739745,0.2,-3.4049999999999985
477,KVRETREILDIIDTVYNS,inactive - virtual,inactive - virtual,0,Inactive,virtual,1,18,0.0,0.0,0.1111111111111111,0.1111111111111111,0.0,0.0,0.0,0.16666666666666666,0.05555555555555555,0.05555555555555555,0.0,0.05555555555555555,0.0,0.0,0.1111111111111111,0.05555555555555555,0.1111111111111111,0.1111111111111111,0.0,0.05555555555555555,2164.4151,-1.44447406404467,4.782910346984862,0.05555555555555555,13.58888888888889
478,KVRGLIEIISN,inactive - virtual,inactive - virtual,0,Inactive,virtual,1,11,0.0,0.0,0.0,0.09090909090909091,0.0,0.09090909090909091,0.0,0.2727272727272727,0.09090909090909091,0.09090909090909091,0.0,0.09090909090909091,0.0,0.0,0.09090909090909091,0.09090909090909091,0.0,0.09090909090909091,0.0,0.0,1241.4799,0.5560429176061352,8.74786014556885,0.0,51.10909090909091
479,KVSDILTVAIRLEEEGERFYRELS,inactive - virtual,inactive - virtual,0,Inactive,virtual,1,24,0.041666666666666664,0.0,0.041666666666666664,0.20833333333333334,0.041666666666666664,0.041666666666666664,0.0,0.08333333333333333,0.041666666666666664,0.125,0.0,0.0,0.0,0.0,0.125,0.08333333333333333,0.041666666666666664,0.08333333333333333,0.0,0.041666666666666664,2853.1868000000004,-2.4415833836135157,4.715101432800293,0.08333333333333334,44.63375
480,KVVDNFENILII,inactive - virtual,inactive - virtual,0,Inactive,virtual,1,12,0.0,0.0,0.08333333333333333,0.08333333333333333,0.08333333333333333,0.0,0.0,0.25,0.08333333333333333,0.08333333333333333,0.0,0.16666666666666666,0.0,0.0,0.0,0.0,0.0,0.16666666666666666,0.0,0.0,1416.6604,-1.4434854800054868,4.3702592849731445,0.08333333333333334,29.70833333333334
481,KVWKGVKTIIADVWQV,inactive - virtual,inactive - virtual,0,Inactive,virtual,1,16,0.0625,0.0,0.0625,0.0,0.0,0.0625,0.0,0.125,0.1875,0.0,0.0,0.0,0.0,0.0625,0.0,0.0,0.0625,0.25,0.125,0.0,1870.2409000000002,1.5503825737200971,9.703023719787598,0.125,-13.05625
482,KWEAEKIHIGFRQAY,inactive - virtual,inactive - virtual,0,Inactive,virtual,1,15,0.13333333333333333,0.0,0.0,0.13333333333333333,0.06666666666666667,0.06666666666666667,0.06666666666666667,0.13333333333333333,0.13333333333333333,0.0,0.0,0.0,0.0,0.06666666666666667,0.06666666666666667,0.0,0.0,0.0,0.06666666666666667,0.06666666666666667,1876.1213000000002,0.5887789343874545,8.504556465148926,0.2,54.03333333333333
483,KWVRIWIKVLRGLFVWVWFF,inactive - virtual,inactive - virtual,0,Inactive,virtual,1,20,0.0,0.0,0.0,0.0,0.15,0.05,0.0,0.1,0.1,0.1,0.0,0.0,0.0,0.0,0.1,0.0,0.0,0.2,0.2,0.0,2679.298,3.552391445765631,11.999967765808105,0.35,-2.094999999999999
484,KYDHFAGRAYVRLHQD,inactive - virtual,inactive - virtual,0,Inactive,virtual,1,16,0.125,0.0,0.125,0.0,0.0625,0.0625,0.125,0.0,0.0625,0.0625,0.0,0.0,0.0,0.0625,0.125,0.0,0.0,0.0625,0.0,0.125,1976.1575000000003,0.6253010150525071,8.511003303527833,0.1875,29.731250000000003
485,LADLQEQLYNG,inactive - virtual,inactive - virtual,0,Inactive,virtual,1,11,0.09090909090909091,0.0,0.09090909090909091,0.09090909090909091,0.0,0.09090909090909091,0.0,0.0,0.0,0.2727272727272727,0.0,0.09090909090909091,0.0,0.18181818181818182,0.0,0.0,0.0,0.0,0.0,0.09090909090909091,1263.3528999999996,-2.443485480005487,4.0500284194946286,0.09090909090909091,52.36363636363637
486,LDAYINLGNVLKEA,inactive - virtual,inactive - virtual,0,Inactive,virtual,1,14,0.14285714285714285,0.0,0.07142857142857142,0.07142857142857142,0.0,0.07142857142857142,0.0,0.07142857142857142,0.07142857142857142,0.21428571428571427,0.0,0.14285714285714285,0.0,0.0,0.0,0.0,0.0,0.07142857142857142,0.0,0.07142857142857142,1532.7359,-1.4459910726727725,4.3702592849731445,0.07142857142857144,-2.8428571428571434
487,LDEAATRSKAWMVDALA,inactive - virtual,inactive - virtual,0,Inactive,virtual,1,17,0.29411764705882354,0.0,0.11764705882352941,0.058823529411764705,0.0,0.0,0.0,0.0,0.058823529411764705,0.11764705882352941,0.058823529411764705,0.0,0.0,0.0,0.058823529411764705,0.058823529411764705,0.058823529411764705,0.058823529411764705,0.058823529411764705,0.0,1848.0849000000003,-1.443064114083855,4.558112144470216,0.05882352941176471,40.347058823529416
488,LEARMKQFKDMLLER,inactive - virtual,inactive - virtual,0,Inactive,virtual,1,15,0.06666666666666667,0.0,0.06666666666666667,0.13333333333333333,0.06666666666666667,0.0,0.0,0.0,0.13333333333333333,0.2,0.13333333333333333,0.0,0.0,0.06666666666666667,0.13333333333333333,0.0,0.0,0.0,0.0,0.0,1908.2923999999998,0.5550794518003253,8.589010047912598,0.06666666666666667,10.046666666666667
489,LEEFDKVSKNVD,inactive - virtual,inactive - virtual,0,Inactive,virtual,1,12,0.0,0.0,0.16666666666666666,0.16666666666666666,0.08333333333333333,0.0,0.0,0.0,0.16666666666666666,0.08333333333333333,0.0,0.08333333333333333,0.0,0.0,0.0,0.08333333333333333,0.0,0.16666666666666666,0.0,0.0,1422.5359999999998,-2.443154516285865,4.49769229888916,0.08333333333333334,19.941666666666663
490,LEPIKAWIEKR,inactive - virtual,inactive - virtual,0,Inactive,virtual,1,11,0.09090909090909091,0.0,0.0,0.18181818181818182,0.0,0.0,0.0,0.18181818181818182,0.18181818181818182,0.09090909090909091,0.0,0.0,0.09090909090909091,0.0,0.09090909090909091,0.0,0.0,0.0,0.09090909090909091,0.0,1382.6494,0.5546580858786934,8.590106010437015,0.09090909090909091,88.46363636363637
491,LEQVEFKLNQLLENL,inactive - virtual,inactive - virtual,0,Inactive,virtual,1,15,0.0,0.0,0.0,0.2,0.06666666666666667,0.0,0.0,0.0,0.06666666666666667,0.3333333333333333,0.0,0.13333333333333333,0.0,0.13333333333333333,0.0,0.0,0.0,0.06666666666666667,0.0,0.0,1830.0859999999998,-2.4416904422808026,4.25265941619873,0.06666666666666667,-3.5599999999999974
492,LHDAIHMAADNAV,inactive - virtual,inactive - virtual,0,Inactive,virtual,1,13,0.3076923076923077,0.0,0.15384615384615385,0.0,0.0,0.0,0.15384615384615385,0.07692307692307693,0.0,0.07692307692307693,0.07692307692307693,0.07692307692307693,0.0,0.0,0.0,0.0,0.0,0.07692307692307693,0.0,0.0,1377.5251,-2.3684012817709466,5.048518943786621,0.0,21.684615384615384
493,LKRAEALIHLANAALE,inactive - virtual,inactive - virtual,0,Inactive,virtual,1,16,0.3125,0.0,0.0,0.125,0.0,0.0,0.0625,0.0625,0.0625,0.25,0.0,0.0625,0.0,0.0,0.0625,0.0,0.0,0.0,0.0,0.0,1733.0207000000005,-0.40411739362127674,6.771536064147949,0.0,32.15625
494,LKYVGMVLNEALRLW,inactive - virtual,inactive - virtual,0,Inactive,virtual,1,15,0.06666666666666667,0.0,0.0,0.06666666666666667,0.0,0.06666666666666667,0.0,0.0,0.06666666666666667,0.26666666666666666,0.06666666666666667,0.06666666666666667,0.0,0.0,0.06666666666666667,0.0,0.0,0.13333333333333333,0.06666666666666667,0.06666666666666667,1805.1906,0.5535373249388496,8.589912605285647,0.13333333333333333,26.64
495,LLNIRREFIEKY,inactive - virtual,inactive - virtual,0,Inactive,virtual,1,12,0.0,0.0,0.0,0.16666666666666666,0.08333333333333333,0.0,0.0,0.16666666666666666,0.08333333333333333,0.16666666666666666,0.0,0.08333333333333333,0.0,0.0,0.16666666666666666,0.0,0.0,0.0,0.0,0.08333333333333333,1593.8670000000002,0.5546329676453201,8.588945579528808,0.16666666666666669,130.13333333333333
496,LLPALLQQIGREN,inactive - virtual,inactive - virtual,0,Inactive,virtual,1,13,0.07692307692307693,0.0,0.0,0.07692307692307693,0.0,0.07692307692307693,0.0,0.07692307692307693,0.0,0.3076923076923077,0.0,0.07692307692307693,0.07692307692307693,0.15384615384615385,0.07692307692307693,0.0,0.0,0.0,0.0,0.0,1464.7084,-0.4414514897265791,6.0021066665649405,0.0,78.75384615384617
497,LLTEVETYVLSI,inactive - virtual,inactive - virtual,0,Inactive,virtual,1,12,0.0,0.0,0.0,0.16666666666666666,0.0,0.0,0.0,0.08333333333333333,0.0,0.25,0.0,0.0,0.0,0.0,0.0,0.08333333333333333,0.16666666666666666,0.16666666666666666,0.0,0.08333333333333333,1379.5939999999998,-2.4428112032206473,4.0500284194946286,0.08333333333333334,25.21666666666667
498,LMEPVREAAGRLADA,inactive - virtual,inactive - virtual,0,Inactive,virtual,1,15,0.26666666666666666,0.0,0.06666666666666667,0.13333333333333333,0.0,0.06666666666666667,0.0,0.0,0.0,0.13333333333333333,0.06666666666666667,0.0,0.06666666666666667,0.0,0.13333333333333333,0.0,0.0,0.06666666666666667,0.0,0.0,1598.8224,-1.4399093628651034,4.679122352600097,0.0,29.35333333333333
499,LMGHQKKILGSIQTMRAQLT,inactive - virtual,inactive - virtual,0,Inactive,virtual,1,20,0.05,0.0,0.0,0.0,0.0,0.1,0.05,0.1,0.1,0.15,0.1,0.0,0.0,0.15,0.05,0.05,0.1,0.0,0.0,0.0,2254.7180999999996,2.5890430051750513,11.16626262664795,0.0,11.115000000000002
500,LNNFSRYFLHQSREETEHAEKLMRLQNQRG,inactive - virtual,inactive - virtual,0,Inactive,virtual,1,30,0.03333333333333333,0.0,0.0,0.13333333333333333,0.06666666666666667,0.03333333333333333,0.06666666666666667,0.0,0.03333333333333333,0.13333333333333333,0.03333333333333333,0.1,0.0,0.1,0.13333333333333333,0.06666666666666667,0.03333333333333333,0.0,0.0,0.03333333333333333,3733.0953,0.6300771354103558,8.601452445983888,0.1,44.58333333333333
501,LPEDQELLFQSASLELFVLRLAYRA,inactive - virtual,inactive - virtual,0,Inactive,virtual,1,25,0.12,0.0,0.04,0.12,0.08,0.0,0.0,0.0,0.0,0.28,0.0,0.0,0.04,0.08,0.08,0.08,0.0,0.04,0.0,0.04,2922.3329999999996,-2.4412941945925457,4.407318305969238,0.12,58.18000000000001
502,LPHFYELFSLWA,inactive - virtual,inactive - virtual,0,Inactive,virtual,1,12,0.08333333333333333,0.0,0.0,0.08333333333333333,0.16666666666666666,0.0,0.08333333333333333,0.0,0.0,0.25,0.0,0.0,0.08333333333333333,0.0,0.0,0.08333333333333333,0.0,0.0,0.08333333333333333,0.08333333333333333,1522.7425,-1.4073055229844442,5.240180015563964,0.33333333333333337,44.667500000000004
503,LPIHYKLSQEFFLKAYEN,inactive - virtual,inactive - virtual,0,Inactive,virtual,1,18,0.05555555555555555,0.0,0.0,0.1111111111111111,0.1111111111111111,0.0,0.05555555555555555,0.05555555555555555,0.1111111111111111,0.16666666666666666,0.0,0.05555555555555555,0.05555555555555555,0.05555555555555555,0.0,0.05555555555555555,0.0,0.0,0.0,0.1111111111111111,2240.5538000000006,-0.4137015400464574,6.754200172424317,0.2222222222222222,59.1888888888889
504,LQAPLQRRILEIGKKH,inactive - virtual,inactive - virtual,0,Inactive,virtual,1,16,0.0625,0.0,0.0,0.0625,0.0,0.0625,0.0625,0.125,0.125,0.1875,0.0,0.0,0.0625,0.125,0.125,0.0,0.0,0.0,0.0,0.0,1900.2754,2.5901386478815227,11.000449943542481,0.0,116.73124999999999
505,LQMEFKYLAYLTG,inactive - virtual,inactive - virtual,0,Inactive,virtual,1,13,0.07692307692307693,0.0,0.0,0.07692307692307693,0.07692307692307693,0.07692307692307693,0.0,0.0,0.07692307692307693,0.23076923076923078,0.07692307692307693,0.0,0.0,0.07692307692307693,0.0,0.0,0.07692307692307693,0.0,0.0,0.15384615384615385,1576.8529,-0.44894314949506287,5.999946784973144,0.23076923076923078,16.215384615384615
506,LQNAIIEFYTEYY,inactive - virtual,inactive - virtual,0,Inactive,virtual,1,13,0.07692307692307693,0.0,0.0,0.15384615384615385,0.07692307692307693,0.0,0.0,0.15384615384615385,0.0,0.07692307692307693,0.0,0.07692307692307693,0.0,0.07692307692307693,0.0,0.0,0.07692307692307693,0.0,0.0,0.23076923076923078,1666.8231,-2.4478223885552186,4.0500284194946286,0.3076923076923077,110.9623076923077
507,LQWYVSEQHEEEALFRGIVDKIKLIG,inactive - virtual,inactive - virtual,0,Inactive,virtual,1,26,0.038461538461538464,0.0,0.038461538461538464,0.15384615384615385,0.038461538461538464,0.07692307692307693,0.038461538461538464,0.11538461538461539,0.07692307692307693,0.11538461538461539,0.0,0.0,0.0,0.07692307692307693,0.038461538461538464,0.038461538461538464,0.0,0.07692307692307693,0.038461538461538464,0.038461538461538464,3101.509000000001,-2.4085330595778522,4.960589027404784,0.11538461538461539,33.4076923076923
508,LREIVENMIKSSLERAIAAY,inactive - virtual,inactive - virtual,0,Inactive,virtual,1,20,0.15,0.0,0.0,0.15,0.0,0.0,0.0,0.15,0.05,0.1,0.05,0.05,0.0,0.0,0.1,0.1,0.0,0.05,0.0,0.05,2306.6800999999996,-0.4442462714148352,6.228894233703613,0.05,29.9
509,LRSWFRERLIAHRLASVNL,inactive - virtual,inactive - virtual,0,Inactive,virtual,1,19,0.10526315789473684,0.0,0.0,0.05263157894736842,0.05263157894736842,0.0,0.05263157894736842,0.05263157894736842,0.0,0.21052631578947367,0.0,0.05263157894736842,0.0,0.0,0.21052631578947367,0.10526315789473684,0.0,0.05263157894736842,0.05263157894736842,0.0,2337.7271,2.5950995967493475,11.999967765808105,0.10526315789473685,38.26842105263158
510,LRTYFMERLRHYRQLSL,inactive - virtual,inactive - virtual,0,Inactive,virtual,1,17,0.0,0.0,0.0,0.058823529411764705,0.058823529411764705,0.0,0.058823529411764705,0.0,0.0,0.23529411764705882,0.058823529411764705,0.0,0.0,0.058823529411764705,0.23529411764705882,0.058823529411764705,0.058823529411764705,0.0,0.0,0.11764705882352941,2282.6684,2.590088411414776,10.834572792053223,0.17647058823529413,70.62941176470589
511,LSTVSNFFMNA,inactive - virtual,inactive - virtual,0,Inactive,virtual,1,11,0.09090909090909091,0.0,0.0,0.0,0.18181818181818182,0.0,0.0,0.0,0.0,0.09090909090909091,0.09090909090909091,0.18181818181818182,0.0,0.0,0.0,0.18181818181818182,0.09090909090909091,0.09090909090909091,0.0,0.0,1230.3890999999999,-0.4425471324330503,5.525000190734862,0.18181818181818182,-4.572727272727272
512,LVGALMHVMQKRSR,inactive - virtual,inactive - virtual,0,Inactive,virtual,1,14,0.07142857142857142,0.0,0.0,0.0,0.0,0.07142857142857142,0.07142857142857142,0.0,0.07142857142857142,0.14285714285714285,0.14285714285714285,0.0,0.0,0.07142857142857142,0.14285714285714285,0.07142857142857142,0.0,0.14285714285714285,0.0,0.0,1626.0031999999997,2.5915234796089637,11.999967765808105,0.0,101.11428571428571
513,LVLPIAQALKVLG,inactive - virtual,inactive - virtual,0,Inactive,virtual,1,13,0.15384615384615385,0.0,0.0,0.0,0.0,0.07692307692307693,0.0,0.07692307692307693,0.07692307692307693,0.3076923076923077,0.0,0.0,0.07692307692307693,0.07692307692307693,0.0,0.0,0.0,0.15384615384615385,0.0,0.0,1334.6890999999998,0.5549472748996638,8.750052070617677,0.0,10.984615384615388
514,MEALKKQILQI,inactive - virtual,inactive - virtual,0,Inactive,virtual,1,11,0.09090909090909091,0.0,0.0,0.09090909090909091,0.0,0.0,0.0,0.18181818181818182,0.18181818181818182,0.18181818181818182,0.09090909090909091,0.0,0.0,0.18181818181818182,0.0,0.0,0.0,0.0,0.0,0.0,1314.6366,0.28099805836073166,8.345384025573733,0.0,70.0090909090909
515,MEKLNQLWEKAQRLH,inactive - virtual,inactive - virtual,0,Inactive,virtual,1,15,0.06666666666666667,0.0,0.0,0.13333333333333333,0.0,0.0,0.06666666666666667,0.0,0.13333333333333333,0.2,0.06666666666666667,0.06666666666666667,0.0,0.13333333333333333,0.06666666666666667,0.0,0.0,0.0,0.06666666666666667,0.0,1924.2305000000001,0.31872014224324907,8.365949440002442,0.06666666666666667,14.433333333333332
516,MLEEYRKHVAERAAE,inactive - virtual,inactive - virtual,0,Inactive,virtual,1,15,0.2,0.0,0.0,0.26666666666666666,0.0,0.0,0.06666666666666667,0.0,0.06666666666666667,0.06666666666666667,0.06666666666666667,0.0,0.0,0.0,0.13333333333333333,0.0,0.0,0.06666666666666667,0.0,0.06666666666666667,1832.0458000000003,-1.6769709674537387,5.640838050842285,0.06666666666666667,19.793333333333333
517,MPEVFNYLGIYLTQA,inactive - virtual,inactive - virtual,0,Inactive,virtual,1,15,0.06666666666666667,0.0,0.0,0.06666666666666667,0.06666666666666667,0.06666666666666667,0.0,0.06666666666666667,0.0,0.13333333333333333,0.06666666666666667,0.06666666666666667,0.06666666666666667,0.06666666666666667,0.0,0.0,0.06666666666666667,0.06666666666666667,0.0,0.13333333333333333,1759.0294,-1.7190019416392683,4.0500284194946286,0.2,39.52666666666666
518,MPGTATHTVKMFS,inactive - virtual,inactive - virtual,0,Inactive,virtual,1,13,0.07692307692307693,0.0,0.0,0.0,0.07692307692307693,0.07692307692307693,0.07692307692307693,0.0,0.07692307692307693,0.0,0.15384615384615385,0.0,0.07692307692307693,0.0,0.0,0.07692307692307693,0.23076923076923078,0.07692307692307693,0.0,0.0,1407.6571,0.3190093312642195,8.521060371398928,0.07692307692307693,53.56153846153846
519,MPYTDAVVHEVQRYID,inactive - virtual,inactive - virtual,0,Inactive,virtual,1,16,0.0625,0.0,0.125,0.0625,0.0,0.0,0.0625,0.0625,0.0,0.0,0.0625,0.0,0.0625,0.0625,0.0625,0.0,0.0625,0.1875,0.0,0.125,1936.1482999999998,-2.6802383390945277,4.745737648010253,0.125,26.818749999999998
520,MTDQQAEARAF,inactive - virtual,inactive - virtual,0,Inactive,virtual,1,11,0.2727272727272727,0.0,0.09090909090909091,0.09090909090909091,0.09090909090909091,0.0,0.0,0.0,0.0,0.0,0.09090909090909091,0.0,0.0,0.18181818181818182,0.09090909090909091,0.0,0.09090909090909091,0.0,0.0,0.0,1267.3682000000001,-1.7135693903830658,4.369065666198731,0.09090909090909091,23.981818181818184
521,MVFKQMEQVAQFLKAAEDY,inactive - virtual,inactive - virtual,0,Inactive,virtual,1,19,0.15789473684210525,0.0,0.05263157894736842,0.10526315789473684,0.10526315789473684,0.0,0.0,0.0,0.10526315789473684,0.05263157894736842,0.10526315789473684,0.0,0.0,0.15789473684210525,0.0,0.0,0.0,0.10526315789473684,0.0,0.05263157894736842,2276.629,-1.7199402892117046,4.677076148986816,0.15789473684210528,21.873684210526317
522,MYSNRMRSYKQEMGKLETDFKRSRI,inactive - virtual,inactive - virtual,0,Inactive,virtual,1,25,0.0,0.0,0.04,0.08,0.04,0.04,0.0,0.04,0.12,0.04,0.12,0.04,0.0,0.04,0.16,0.12,0.04,0.0,0.0,0.08,3155.6327000000006,3.27494805252023,10.15597858428955,0.12,73.292
523,NAAGWDLLLTLYRSA,inactive - virtual,inactive - virtual,0,Inactive,virtual,1,15,0.2,0.0,0.06666666666666667,0.0,0.0,0.06666666666666667,0.0,0.0,0.0,0.26666666666666666,0.0,0.06666666666666667,0.0,0.0,0.06666666666666667,0.06666666666666667,0.06666666666666667,0.0,0.06666666666666667,0.06666666666666667,1663.8707,-0.4446313591787048,5.835682106018066,0.13333333333333333,35.58
524,NAAQLDALAHALLEIPRFSYATR,inactive - virtual,inactive - virtual,0,Inactive,virtual,1,23,0.2608695652173913,0.0,0.043478260869565216,0.043478260869565216,0.043478260869565216,0.0,0.043478260869565216,0.043478260869565216,0.0,0.17391304347826086,0.0,0.043478260869565216,0.043478260869565216,0.043478260869565216,0.08695652173913043,0.043478260869565216,0.043478260869565216,0.0,0.0,0.043478260869565216,2541.858,-0.4069092752961869,6.75204029083252,0.08695652173913043,20.01304347826087
525,NAGQANEFFNEFWS,inactive - virtual,inactive - virtual,0,Inactive,virtual,1,14,0.14285714285714285,0.0,0.0,0.14285714285714285,0.21428571428571427,0.07142857142857142,0.0,0.0,0.0,0.0,0.0,0.21428571428571427,0.0,0.07142857142857142,0.0,0.07142857142857142,0.0,0.0,0.07142857142857142,0.0,1660.6960000000001,-2.440305610553361,4.0500284194946286,0.2857142857142857,9.285714285714286
526,NAKIARINELAAKAKAGV,inactive - virtual,inactive - virtual,0,Inactive,virtual,1,18,0.3333333333333333,0.0,0.0,0.05555555555555555,0.0,0.05555555555555555,0.0,0.1111111111111111,0.16666666666666666,0.05555555555555555,0.0,0.1111111111111111,0.0,0.0,0.05555555555555555,0.0,0.0,0.05555555555555555,0.0,0.0,1838.1596,2.551031732271564,10.289686012268067,0.0,4.727777777777778
527,NAKYVAEATGNFITVMDALKL,inactive - virtual,inactive - virtual,0,Inactive,virtual,1,21,0.19047619047619047,0.0,0.047619047619047616,0.047619047619047616,0.047619047619047616,0.047619047619047616,0.0,0.047619047619047616,0.09523809523809523,0.09523809523809523,0.047619047619047616,0.09523809523809523,0.0,0.0,0.0,0.0,0.09523809523809523,0.09523809523809523,0.0,0.047619047619047616,2269.6150000000002,-0.44849666534005816,6.068267250061035,0.09523809523809523,-13.804761904761905
528,NASRTVGVVAALL,inactive - virtual,inactive - virtual,0,Inactive,virtual,1,13,0.23076923076923078,0.0,0.0,0.0,0.0,0.07692307692307693,0.0,0.0,0.0,0.15384615384615385,0.0,0.07692307692307693,0.0,0.0,0.07692307692307693,0.07692307692307693,0.07692307692307693,0.23076923076923078,0.0,0.0,1270.4779999999998,0.5574277493335762,9.750021171569824,0.0,17.51538461538462
529,NDAEVKKIAAQYGKD,inactive - virtual,inactive - virtual,0,Inactive,virtual,1,15,0.2,0.0,0.13333333333333333,0.06666666666666667,0.0,0.06666666666666667,0.0,0.06666666666666667,0.2,0.0,0.0,0.06666666666666667,0.0,0.06666666666666667,0.0,0.0,0.0,0.06666666666666667,0.0,0.06666666666666667,1649.7995999999998,-0.4492864625602806,6.222357749938964,0.06666666666666667,-14.593333333333334
530,NDEETVALTAGGHT,inactive - virtual,inactive - virtual,0,Inactive,virtual,1,14,0.14285714285714285,0.0,0.07142857142857142,0.14285714285714285,0.0,0.14285714285714285,0.07142857142857142,0.0,0.0,0.07142857142857142,0.0,0.07142857142857142,0.0,0.0,0.0,0.0,0.21428571428571427,0.07142857142857142,0.0,0.0,1414.4313000000002,-3.403232685222309,4.13028507232666,0.0,36.0
531,NEEVRIEAIIGLSYR,inactive - virtual,inactive - virtual,0,Inactive,virtual,1,15,0.06666666666666667,0.0,0.0,0.2,0.0,0.06666666666666667,0.0,0.2,0.0,0.06666666666666667,0.0,0.06666666666666667,0.0,0.0,0.13333333333333333,0.06666666666666667,0.0,0.06666666666666667,0.0,0.06666666666666667,1761.9724,-1.4417406787475495,4.785979652404785,0.06666666666666667,49.08666666666666
532,NEQDLGIQYKALKPEVDKLNIMAAKRQQEL,inactive - virtual,inactive - virtual,0,Inactive,virtual,1,30,0.1,0.0,0.06666666666666667,0.1,0.0,0.03333333333333333,0.0,0.06666666666666667,0.13333333333333333,0.13333333333333333,0.03333333333333333,0.06666666666666667,0.03333333333333333,0.13333333333333333,0.03333333333333333,0.0,0.0,0.03333333333333333,0.0,0.03333333333333333,3484.9750000000004,-0.4508449628733091,6.278059959411621,0.03333333333333333,55.83
533,NEYIMSLISDN,inactive - virtual,inactive - virtual,0,Inactive,virtual,1,11,0.0,0.0,0.09090909090909091,0.09090909090909091,0.0,0.0,0.0,0.18181818181818182,0.0,0.09090909090909091,0.09090909090909091,0.18181818181818182,0.0,0.0,0.0,0.18181818181818182,0.0,0.0,0.0,0.09090909090909091,1298.4184999999998,-2.443485480005487,4.0500284194946286,0.09090909090909091,49.03636363636363
534,NFKDVIETAKKVMNF,inactive - virtual,inactive - virtual,0,Inactive,virtual,1,15,0.06666666666666667,0.0,0.06666666666666667,0.06666666666666667,0.13333333333333333,0.0,0.0,0.06666666666666667,0.2,0.0,0.06666666666666667,0.13333333333333333,0.0,0.0,0.0,0.0,0.06666666666666667,0.13333333333333333,0.0,0.0,1784.0837999999999,0.5515033346599418,8.497658348083494,0.13333333333333333,2.906666666666667
535,NGETFLTELLD,inactive - virtual,inactive - virtual,0,Inactive,virtual,1,11,0.0,0.0,0.09090909090909091,0.18181818181818182,0.09090909090909091,0.09090909090909091,0.0,0.0,0.0,0.2727272727272727,0.0,0.09090909090909091,0.0,0.0,0.0,0.0,0.18181818181818182,0.0,0.0,0.0,1251.339,-3.4385898151062984,4.0500284194946286,0.09090909090909091,17.3
536,NGLEVVKALAQG,inactive - virtual,inactive - virtual,0,Inactive,virtual,1,12,0.16666666666666666,0.0,0.0,0.08333333333333333,0.0,0.16666666666666666,0.0,0.0,0.08333333333333333,0.16666666666666666,0.0,0.08333333333333333,0.0,0.08333333333333333,0.0,0.0,0.0,0.16666666666666666,0.0,0.0,1198.369,-0.4439319641604915,6.0014245986938475,0.0,-5.758333333333334
537,NIDEIERKIDEAIEKE,inactive - virtual,inactive - virtual,0,Inactive,virtual,1,16,0.0625,0.0,0.125,0.3125,0.0,0.0,0.0,0.25,0.125,0.0,0.0,0.0625,0.0,0.0,0.0625,0.0,0.0,0.0,0.0,0.0,1944.1013000000003,-4.438994176335067,4.388902473449707,0.0,98.49375
538,NIDSYLNAVNIINIFKIIG,inactive - virtual,inactive - virtual,0,Inactive,virtual,1,19,0.05263157894736842,0.0,0.05263157894736842,0.0,0.05263157894736842,0.05263157894736842,0.0,0.3157894736842105,0.05263157894736842,0.05263157894736842,0.0,0.21052631578947367,0.0,0.0,0.0,0.05263157894736842,0.0,0.05263157894736842,0.0,0.05263157894736842,2134.4731000000006,-0.4471118336126172,5.834943199157714,0.10526315789473685,76.61052631578946
539,NIEQLWRDYNKYEEGIN,inactive - virtual,inactive - virtual,0,Inactive,virtual,1,17,0.0,0.0,0.058823529411764705,0.17647058823529413,0.0,0.058823529411764705,0.0,0.11764705882352941,0.058823529411764705,0.058823529411764705,0.0,0.17647058823529413,0.0,0.058823529411764705,0.058823529411764705,0.0,0.0,0.0,0.058823529411764705,0.11764705882352941,2184.3201,-2.446280261693743,4.407318305969238,0.17647058823529413,110.04117647058824
540,NILKQIFKLLQA,inactive - virtual,inactive - virtual,0,Inactive,virtual,1,12,0.08333333333333333,0.0,0.0,0.0,0.08333333333333333,0.0,0.0,0.16666666666666666,0.16666666666666666,0.25,0.0,0.08333333333333333,0.0,0.16666666666666666,0.0,0.0,0.0,0.0,0.0,0.0,1428.7606,1.552441682232378,10.002737236022949,0.08333333333333334,82.02499999999999
541,NINELFIEISRRI,inactive - virtual,inactive - virtual,0,Inactive,virtual,1,13,0.0,0.0,0.0,0.15384615384615385,0.07692307692307693,0.0,0.0,0.3076923076923077,0.0,0.07692307692307693,0.0,0.15384615384615385,0.0,0.0,0.15384615384615385,0.07692307692307693,0.0,0.0,0.0,0.0,1616.8590000000002,-0.44035584702010855,6.14397678375244,0.07692307692307693,150.52307692307693
542,NIPKHTHRFFILVLEI,inactive - virtual,inactive - virtual,0,Inactive,virtual,1,16,0.0,0.0,0.0,0.0625,0.125,0.0,0.125,0.1875,0.0625,0.125,0.0,0.0625,0.0625,0.0,0.0625,0.0,0.0625,0.0625,0.0,0.0,1977.3542000000002,0.6292957999582289,8.76197872161865,0.125,54.400000000000006
543,NKDQWEERIQVWHEEH,inactive - virtual,inactive - virtual,0,Inactive,virtual,1,16,0.0,0.0,0.0625,0.25,0.0,0.0,0.125,0.0625,0.0625,0.0,0.0,0.0625,0.0,0.125,0.0625,0.0,0.0,0.0625,0.125,0.0,2163.2647,-3.366895433067233,4.923814201354979,0.125,70.3
544,NKEEMMDIVKAIYDMMG,inactive - virtual,inactive - virtual,0,Inactive,virtual,1,17,0.058823529411764705,0.0,0.11764705882352941,0.11764705882352941,0.0,0.058823529411764705,0.0,0.11764705882352941,0.11764705882352941,0.0,0.23529411764705882,0.058823529411764705,0.0,0.0,0.0,0.0,0.0,0.058823529411764705,0.0,0.058823529411764705,2018.3979,-2.4469294202452088,4.316716957092285,0.05882352941176471,46.37058823529412
545,NKLVDRWLHVRKHLLVAYYNLVG,inactive - virtual,inactive - virtual,0,Inactive,virtual,1,23,0.043478260869565216,0.0,0.043478260869565216,0.0,0.0,0.043478260869565216,0.08695652173913043,0.0,0.08695652173913043,0.21739130434782608,0.0,0.08695652173913043,0.0,0.0,0.08695652173913043,0.0,0.0,0.17391304347826086,0.043478260869565216,0.08695652173913043,2807.3000000000006,2.621079626938158,9.993002510070802,0.13043478260869565,38.3
546,NKQADSIKQMEERNKKRVENFKKTG,inactive - virtual,inactive - virtual,0,Inactive,virtual,1,25,0.04,0.0,0.04,0.12,0.04,0.04,0.0,0.04,0.24,0.0,0.04,0.12,0.0,0.08,0.08,0.04,0.04,0.04,0.0,0.0,3007.384900000001,3.5461778420710264,9.99525890350342,0.04,63.964
547,NKRAVDWAMRAAMAL,inactive - virtual,inactive - virtual,0,Inactive,virtual,1,15,0.3333333333333333,0.0,0.06666666666666667,0.0,0.0,0.0,0.0,0.0,0.06666666666666667,0.06666666666666667,0.13333333333333333,0.06666666666666667,0.0,0.0,0.13333333333333333,0.0,0.0,0.06666666666666667,0.06666666666666667,0.0,1704.029,1.5553435225879215,10.835024070739745,0.06666666666666667,30.01333333333333
548,NKSVGAVYAILYLS,inactive - virtual,inactive - virtual,0,Inactive,virtual,1,14,0.14285714285714285,0.0,0.0,0.0,0.0,0.07142857142857142,0.0,0.07142857142857142,0.07142857142857142,0.14285714285714285,0.0,0.07142857142857142,0.0,0.0,0.0,0.14285714285714285,0.0,0.14285714285714285,0.0,0.14285714285714285,1497.7331,0.5499360895650922,8.49740047454834,0.14285714285714288,39.357142857142854
549,NLDSIQEELADVIAWTVSIANLEG,inactive - virtual,inactive - virtual,0,Inactive,virtual,1,24,0.125,0.0,0.08333333333333333,0.125,0.0,0.041666666666666664,0.0,0.125,0.0,0.125,0.0,0.08333333333333333,0.0,0.041666666666666664,0.0,0.08333333333333333,0.041666666666666664,0.08333333333333333,0.041666666666666664,0.0,2600.8275000000003,-5.438291881303506,4.0500284194946286,0.04166666666666667,29.41666666666667
550,NLEQTARRWLEERG,inactive - virtual,inactive - virtual,0,Inactive,virtual,1,14,0.07142857142857142,0.0,0.0,0.21428571428571427,0.0,0.07142857142857142,0.0,0.0,0.0,0.14285714285714285,0.0,0.07142857142857142,0.0,0.07142857142857142,0.21428571428571427,0.0,0.07142857142857142,0.0,0.07142857142857142,0.0,1757.9044000000001,-0.4392602043136371,6.230372047424316,0.07142857142857144,130.90714285714284
551,NLESEIHTVLKHLVENN,inactive - virtual,inactive - virtual,0,Inactive,virtual,1,17,0.0,0.0,0.0,0.17647058823529413,0.0,0.0,0.11764705882352941,0.058823529411764705,0.058823529411764705,0.17647058823529413,0.0,0.17647058823529413,0.0,0.0,0.0,0.058823529411764705,0.058823529411764705,0.11764705882352941,0.0,0.0,1989.1896000000006,-2.368437559928709,5.32526798248291,0.0,41.22941176470589
552,NLFDHFSAVAQRL,inactive - virtual,inactive - virtual,0,Inactive,virtual,1,13,0.15384615384615385,0.0,0.07692307692307693,0.0,0.15384615384615385,0.0,0.07692307692307693,0.0,0.0,0.15384615384615385,0.0,0.07692307692307693,0.0,0.07692307692307693,0.07692307692307693,0.07692307692307693,0.0,0.07692307692307693,0.0,0.0,1517.6863999999998,-0.40549932533537225,6.744537544250489,0.15384615384615385,10.746153846153847
553,NLFPIVFGVIFDA,inactive - virtual,inactive - virtual,0,Inactive,virtual,1,13,0.07692307692307693,0.0,0.07692307692307693,0.0,0.23076923076923078,0.07692307692307693,0.0,0.15384615384615385,0.0,0.07692307692307693,0.0,0.07692307692307693,0.07692307692307693,0.0,0.0,0.0,0.0,0.15384615384615385,0.0,0.0,1451.7059,-1.4421006482780456,4.0500284194946286,0.23076923076923075,27.00769230769231
554,NLLYDIVKENG,inactive - virtual,inactive - virtual,0,Inactive,virtual,1,11,0.0,0.0,0.09090909090909091,0.09090909090909091,0.0,0.09090909090909091,0.0,0.09090909090909091,0.09090909090909091,0.18181818181818182,0.0,0.18181818181818182,0.0,0.0,0.0,0.0,0.0,0.09090909090909091,0.0,0.09090909090909091,1277.4225,-1.4459910726727725,4.3702592849731445,0.09090909090909091,6.618181818181817
555,NLNQSIDNFVNMAFFA,inactive - virtual,inactive - virtual,0,Inactive,virtual,1,16,0.125,0.0,0.0625,0.0,0.1875,0.0,0.0,0.0625,0.0,0.0625,0.0625,0.25,0.0,0.0625,0.0,0.0625,0.0,0.0625,0.0,0.0,1845.0390000000002,-1.4421006482780456,4.0500284194946286,0.1875,30.443749999999994
556,NLSTLAALVAAAG,inactive - virtual,inactive - virtual,0,Inactive,virtual,1,13,0.38461538461538464,0.0,0.0,0.0,0.0,0.07692307692307693,0.0,0.0,0.0,0.23076923076923078,0.0,0.07692307692307693,0.0,0.0,0.0,0.07692307692307693,0.07692307692307693,0.07692307692307693,0.0,0.0,1171.3437000000001,-0.4425471324330503,5.525000190734862,0.0,9.230769230769232
557,NLTQLKASFAVQ,inactive - virtual,inactive - virtual,0,Inactive,virtual,1,12,0.16666666666666666,0.0,0.0,0.0,0.08333333333333333,0.0,0.0,0.0,0.08333333333333333,0.16666666666666666,0.0,0.08333333333333333,0.0,0.16666666666666666,0.0,0.08333333333333333,0.08333333333333333,0.08333333333333333,0.0,0.0,1319.5055999999997,0.5549472748996638,8.750052070617677,0.08333333333333334,-4.191666666666668
558,NLVADMRFNVVRESEARLQVSRLYS,inactive - virtual,inactive - virtual,0,Inactive,virtual,1,25,0.08,0.0,0.04,0.08,0.04,0.0,0.0,0.0,0.0,0.12,0.04,0.08,0.0,0.04,0.16,0.12,0.0,0.16,0.0,0.04,2953.3353999999995,0.5575348080008644,8.741090965270995,0.08,36.324000000000005
559,NNAITKGFTALEKLLV,inactive - virtual,inactive - virtual,0,Inactive,virtual,1,16,0.125,0.0,0.0,0.0625,0.0625,0.0625,0.0,0.0625,0.125,0.1875,0.0,0.125,0.0,0.0,0.0,0.0,0.125,0.0625,0.0,0.0,1732.0292000000004,0.5535624431722228,8.591073036193851,0.0625,-1.2375000000000003
560,NPAAEKMQVLQVLDRLRGKLQEKG,inactive - virtual,inactive - virtual,0,Inactive,virtual,1,24,0.08333333333333333,0.0,0.041666666666666664,0.08333333333333333,0.0,0.08333333333333333,0.0,0.0,0.125,0.16666666666666666,0.041666666666666664,0.041666666666666664,0.041666666666666664,0.125,0.08333333333333333,0.0,0.0,0.08333333333333333,0.0,0.0,2722.1712,1.55257385913304,9.696641349792483,0.0,46.491666666666674
561,NPAQYLAQHEQLL,inactive - virtual,inactive - virtual,0,Inactive,virtual,1,13,0.15384615384615385,0.0,0.0,0.07692307692307693,0.0,0.0,0.07692307692307693,0.0,0.0,0.23076923076923078,0.0,0.07692307692307693,0.07692307692307693,0.23076923076923078,0.0,0.0,0.0,0.0,0.0,0.07692307692307693,1524.6758000000002,-1.4073055229844442,5.240180015563964,0.07692307692307693,30.846153846153854
562,NPARALYQTVRELIENSLDA,inactive - virtual,inactive - virtual,0,Inactive,virtual,1,20,0.15,0.0,0.05,0.1,0.0,0.0,0.0,0.05,0.0,0.15,0.0,0.1,0.05,0.05,0.1,0.05,0.05,0.05,0.0,0.05,2273.5012,-1.442414955532389,4.679122352600097,0.05,39.66
563,NPEILLARVKRFLERE,inactive - virtual,inactive - virtual,0,Inactive,virtual,1,16,0.0625,0.0,0.0,0.1875,0.0625,0.0,0.0,0.0625,0.0625,0.1875,0.0,0.0625,0.0625,0.0,0.1875,0.0,0.0,0.0625,0.0,0.0,1983.3176000000003,0.5603266896757733,8.743927574157716,0.0625,61.087500000000006
564,NPERVLLQLKYRYDVEI,inactive - virtual,inactive - virtual,0,Inactive,virtual,1,17,0.0,0.0,0.058823529411764705,0.11764705882352941,0.0,0.0,0.0,0.058823529411764705,0.058823529411764705,0.17647058823529413,0.0,0.058823529411764705,0.058823529411764705,0.058823529411764705,0.11764705882352941,0.0,0.0,0.11764705882352941,0.0,0.11764705882352941,2148.4602,-0.4474261408669604,6.180581092834472,0.11764705882352942,43.00000000000001
565,NPGQAIWLGEFSKRH,inactive - virtual,inactive - virtual,0,Inactive,virtual,1,15,0.06666666666666667,0.0,0.0,0.06666666666666667,0.06666666666666667,0.13333333333333333,0.06666666666666667,0.06666666666666667,0.06666666666666667,0.06666666666666667,0.0,0.06666666666666667,0.06666666666666667,0.06666666666666667,0.06666666666666667,0.06666666666666667,0.0,0.0,0.06666666666666667,0.0,1739.9303,0.5926693587821821,8.755016136169434,0.13333333333333333,45.18666666666667
566,NPMIIEGQIHGGLTEGYAVAMG,inactive - virtual,inactive - virtual,0,Inactive,virtual,1,22,0.09090909090909091,0.0,0.0,0.09090909090909091,0.0,0.22727272727272727,0.045454545454545456,0.13636363636363635,0.0,0.045454545454545456,0.09090909090909091,0.045454545454545456,0.045454545454545456,0.045454545454545456,0.0,0.0,0.045454545454545456,0.045454545454545456,0.0,0.045454545454545456,2258.5724,-2.4061847620446,4.507241249084472,0.045454545454545456,46.945454545454545
567,NPQVLADIGAEAT,inactive - virtual,inactive - virtual,0,Inactive,virtual,1,13,0.23076923076923078,0.0,0.07692307692307693,0.07692307692307693,0.0,0.07692307692307693,0.0,0.07692307692307693,0.0,0.07692307692307693,0.0,0.07692307692307693,0.07692307692307693,0.07692307692307693,0.0,0.0,0.07692307692307693,0.07692307692307693,0.0,0.0,1298.3988000000002,-2.4409798873382007,4.0500284194946286,0.0,2.9692307692307716
568,NPRWIGRHKHMFNFLD,inactive - virtual,inactive - virtual,0,Inactive,virtual,1,16,0.0,0.0,0.0625,0.0,0.125,0.0625,0.125,0.0625,0.0625,0.0625,0.0625,0.125,0.0625,0.0,0.125,0.0,0.0,0.0,0.0625,0.0,2068.3654,1.6298657162320735,10.835024070739745,0.1875,56.10625
569,NPVLQQHFRNLEALAL,inactive - virtual,inactive - virtual,0,Inactive,virtual,1,16,0.125,0.0,0.0,0.0625,0.0625,0.0,0.0625,0.0,0.0,0.25,0.0,0.125,0.0625,0.125,0.0625,0.0,0.0,0.0625,0.0,0.0,1863.1241,-0.40482504855053225,6.749653053283692,0.0625,53.25625000000001
570,NQDELEGYNLFKGSG,inactive - virtual,inactive - virtual,0,Inactive,virtual,1,15,0.0,0.0,0.06666666666666667,0.13333333333333333,0.06666666666666667,0.2,0.0,0.0,0.06666666666666667,0.13333333333333333,0.0,0.13333333333333333,0.0,0.06666666666666667,0.0,0.06666666666666667,0.0,0.0,0.0,0.06666666666666667,1670.7308000000003,-2.444870311732928,4.1373899459838865,0.13333333333333333,-4.193333333333332
571,NQPFALEMIKSRQKKD,inactive - virtual,inactive - virtual,0,Inactive,virtual,1,16,0.0625,0.0,0.0625,0.0625,0.0625,0.0,0.0,0.0625,0.1875,0.0625,0.0625,0.0625,0.0625,0.125,0.0625,0.0625,0.0,0.0,0.0,0.0,1933.2356999999997,1.5527475277186267,9.699800300598145,0.0625,47.50625
572,NQRALLKSLQDYRQHLDQLITLISN,inactive - virtual,inactive - virtual,0,Inactive,virtual,1,25,0.04,0.0,0.08,0.0,0.0,0.0,0.04,0.08,0.04,0.24,0.0,0.08,0.0,0.16,0.08,0.08,0.04,0.0,0.0,0.04,2981.3655,0.5899108552516878,8.596037101745608,0.04,24.872
573,NREANLQALIATG,inactive - virtual,inactive - virtual,0,Inactive,virtual,1,13,0.23076923076923078,0.0,0.0,0.07692307692307693,0.0,0.07692307692307693,0.0,0.07692307692307693,0.0,0.15384615384615385,0.0,0.15384615384615385,0.0,0.07692307692307693,0.07692307692307693,0.0,0.07692307692307693,0.0,0.0,0.0,1370.5111,-0.4414514897265791,6.0021066665649405,0.0,27.77692307692308
574,NRKMAMGRKKFNMD,inactive - virtual,inactive - virtual,0,Inactive,virtual,1,14,0.07142857142857142,0.0,0.07142857142857142,0.0,0.07142857142857142,0.07142857142857142,0.0,0.0,0.21428571428571427,0.0,0.21428571428571427,0.14285714285714285,0.0,0.0,0.14285714285714285,0.0,0.0,0.0,0.0,0.0,1727.0871999999995,3.551601648545409,11.097152519226071,0.07142857142857144,41.385714285714286
575,NSDQDAGIAIIRRAL,inactive - virtual,inactive - virtual,0,Inactive,virtual,1,15,0.2,0.0,0.13333333333333333,0.0,0.0,0.06666666666666667,0.0,0.2,0.0,0.06666666666666667,0.0,0.06666666666666667,0.0,0.06666666666666667,0.13333333333333333,0.06666666666666667,0.0,0.0,0.0,0.0,1612.786,-0.44170440058978766,5.961182594299316,0.0,54.7
576,NSNHQMLLVQQAEDKIKELLNT,inactive - virtual,inactive - virtual,0,Inactive,virtual,1,22,0.045454545454545456,0.0,0.045454545454545456,0.09090909090909091,0.0,0.0,0.045454545454545456,0.045454545454545456,0.09090909090909091,0.18181818181818182,0.045454545454545456,0.13636363636363635,0.0,0.13636363636363635,0.0,0.045454545454545456,0.045454545454545456,0.045454545454545456,0.0,0.0,2566.8841,-1.408243870556881,5.4454256057739245,0.0,11.618181818181816
577,NSNTFLTRLLVHM,inactive - virtual,inactive - virtual,0,Inactive,virtual,1,13,0.0,0.0,0.0,0.0,0.07692307692307693,0.0,0.07692307692307693,0.0,0.0,0.23076923076923078,0.07692307692307693,0.15384615384615385,0.0,0.0,0.07692307692307693,0.07692307692307693,0.15384615384615385,0.07692307692307693,0.0,0.0,1545.8042,0.594054190509623,9.756532478332517,0.07692307692307693,12.192307692307693
578,NSREREMFVQEVRRYY,inactive - virtual,inactive - virtual,0,Inactive,virtual,1,16,0.0,0.0,0.0,0.1875,0.0625,0.0,0.0,0.0,0.0,0.0,0.0625,0.0625,0.0,0.0625,0.25,0.0625,0.0,0.125,0.0,0.125,2162.3874000000005,0.5557034921184183,8.586818122863772,0.1875,72.25
579,NSSDSIDWLTSM,inactive - virtual,inactive - virtual,0,Inactive,virtual,1,12,0.0,0.0,0.16666666666666666,0.0,0.0,0.0,0.0,0.08333333333333333,0.0,0.08333333333333333,0.08333333333333333,0.08333333333333333,0.0,0.0,0.0,0.3333333333333333,0.08333333333333333,0.0,0.08333333333333333,0.0,1355.4269,-2.4416541641230403,4.0500284194946286,0.08333333333333334,51.550000000000004
580,NSVLRAVAEVYA,inactive - virtual,inactive - virtual,0,Inactive,virtual,1,12,0.25,0.0,0.0,0.08333333333333333,0.0,0.0,0.0,0.0,0.0,0.08333333333333333,0.0,0.08333333333333333,0.0,0.0,0.08333333333333333,0.08333333333333333,0.0,0.25,0.0,0.08333333333333333,1291.4524,-0.4439570823938648,6.00136775970459,0.08333333333333334,38.66666666666667
581,NTDTLERVTEIFKALG,inactive - virtual,inactive - virtual,0,Inactive,virtual,1,16,0.0625,0.0,0.0625,0.125,0.0625,0.0625,0.0,0.0625,0.0625,0.125,0.0,0.0625,0.0,0.0,0.0625,0.0,0.1875,0.0625,0.0,0.0,1807.0098000000003,-1.4423898372990154,4.679122352600097,0.0625,4.050000000000003
582,NTEKLLKTVPIIQNQMDALLD,inactive - virtual,inactive - virtual,0,Inactive,virtual,1,21,0.047619047619047616,0.0,0.09523809523809523,0.047619047619047616,0.0,0.0,0.0,0.09523809523809523,0.09523809523809523,0.19047619047619047,0.047619047619047616,0.09523809523809523,0.047619047619047616,0.09523809523809523,0.0,0.0,0.09523809523809523,0.047619047619047616,0.0,0.0,2397.7857999999997,-1.4442752772257093,4.780807304382324,0.0,12.147619047619049
583,NTPEAYSVLFDMAREVNRLKAED,inactive - virtual,inactive - virtual,0,Inactive,virtual,1,23,0.13043478260869565,0.0,0.08695652173913043,0.13043478260869565,0.043478260869565216,0.0,0.0,0.0,0.043478260869565216,0.08695652173913043,0.043478260869565216,0.08695652173913043,0.043478260869565216,0.0,0.08695652173913043,0.043478260869565216,0.043478260869565216,0.08695652173913043,0.0,0.043478260869565216,2668.9313,-2.4420839918127677,4.651157569885254,0.08695652173913043,28.843478260869567
584,NVGKAWAEDVLALVKH,inactive - virtual,inactive - virtual,0,Inactive,virtual,1,16,0.1875,0.0,0.0625,0.0625,0.0,0.0625,0.0625,0.0,0.125,0.125,0.0,0.0625,0.0,0.0,0.0,0.0,0.0,0.1875,0.0625,0.0,1750.0063,-0.40936463149672564,6.751130867004395,0.0625,-0.3937499999999977
585,NVKDLADAAKRT,inactive - virtual,inactive - virtual,0,Inactive,virtual,1,12,0.25,0.0,0.16666666666666666,0.0,0.0,0.0,0.0,0.0,0.16666666666666666,0.08333333333333333,0.0,0.08333333333333333,0.0,0.0,0.08333333333333333,0.0,0.08333333333333333,0.08333333333333333,0.0,0.0,1301.4492,0.5533095323090143,8.589848136901857,0.0,26.858333333333338
586,NVKDVTKLVAN,inactive - virtual,inactive - virtual,0,Inactive,virtual,1,11,0.09090909090909091,0.0,0.09090909090909091,0.0,0.0,0.0,0.0,0.0,0.18181818181818182,0.09090909090909091,0.0,0.18181818181818182,0.0,0.0,0.0,0.0,0.09090909090909091,0.2727272727272727,0.0,0.0,1200.3848999999998,0.5528881663873828,8.59094409942627,0.0,-8.963636363636363
587,NWDDMEKIWHHTFYN,inactive - virtual,inactive - virtual,0,Inactive,virtual,1,15,0.0,0.0,0.13333333333333333,0.06666666666666667,0.06666666666666667,0.0,0.13333333333333333,0.06666666666666667,0.06666666666666667,0.0,0.06666666666666667,0.13333333333333333,0.0,0.0,0.0,0.0,0.06666666666666667,0.0,0.13333333333333333,0.06666666666666667,2036.1845000000008,-2.372291706165674,5.212840461730956,0.26666666666666666,37.480666666666664
588,NYAHLNRGIALYYG,inactive - virtual,inactive - virtual,0,Inactive,virtual,1,14,0.14285714285714285,0.0,0.0,0.0,0.0,0.14285714285714285,0.07142857142857142,0.07142857142857142,0.0,0.14285714285714285,0.0,0.14285714285714285,0.0,0.0,0.07142857142857142,0.0,0.0,0.0,0.0,0.21428571428571427,1624.7962999999997,0.5865374125077658,8.504105186462404,0.21428571428571427,10.757142857142854
589,NYEEIYILNHILR,inactive - virtual,inactive - virtual,0,Inactive,virtual,1,13,0.0,0.0,0.0,0.15384615384615385,0.0,0.0,0.07692307692307693,0.23076923076923078,0.0,0.15384615384615385,0.0,0.15384615384615385,0.0,0.0,0.07692307692307693,0.0,0.0,0.0,0.0,0.15384615384615385,1689.9079000000002,-1.4087154729452593,5.399442863464355,0.15384615384615385,121.56923076923077
590,NYEKFSETKERLLEKF,inactive - virtual,inactive - virtual,0,Inactive,virtual,1,16,0.0,0.0,0.0,0.25,0.125,0.0,0.0,0.0,0.1875,0.125,0.0,0.0625,0.0,0.0,0.0625,0.0625,0.0625,0.0,0.0,0.0625,2061.2937000000006,-0.4481115775761886,6.289825630187988,0.1875,16.700000000000003
591,PAERYYRDARIT,inactive - virtual,inactive - virtual,0,Inactive,virtual,1,12,0.16666666666666666,0.0,0.08333333333333333,0.08333333333333333,0.0,0.0,0.0,0.08333333333333333,0.0,0.0,0.0,0.0,0.08333333333333333,0.0,0.25,0.0,0.08333333333333333,0.0,0.0,0.16666666666666666,1510.6526999999999,0.8978087679864819,9.002187919616702,0.16666666666666669,15.125000000000002
592,PALDILKALVDNLYVEN,inactive - virtual,inactive - virtual,0,Inactive,virtual,1,17,0.11764705882352941,0.0,0.11764705882352941,0.058823529411764705,0.0,0.0,0.0,0.058823529411764705,0.058823529411764705,0.23529411764705882,0.0,0.11764705882352941,0.058823529411764705,0.0,0.0,0.0,0.0,0.11764705882352941,0.0,0.058823529411764705,1900.1758,-2.1016693931583927,4.0500284194946286,0.05882352941176471,18.235294117647058
593,PATSRKIFKYIRELDE,inactive - virtual,inactive - virtual,0,Inactive,virtual,1,16,0.0625,0.0,0.0625,0.125,0.0625,0.0,0.0,0.125,0.125,0.0625,0.0,0.0,0.0625,0.0,0.125,0.0625,0.0625,0.0,0.0,0.0625,1966.2408,0.8985415411491116,8.90187511444092,0.125,18.75
594,PDEVSALRRTTEKNTTTLINLAKQH,inactive - virtual,inactive - virtual,0,Inactive,virtual,1,25,0.08,0.0,0.04,0.08,0.0,0.0,0.04,0.04,0.08,0.12,0.0,0.08,0.04,0.04,0.08,0.04,0.2,0.04,0.0,0.0,2837.1496,0.9355810883357476,9.004895591735842,0.0,50.964000000000006
595,PDFRKAFKRLL,inactive - virtual,inactive - virtual,0,Inactive,virtual,1,11,0.09090909090909091,0.0,0.09090909090909091,0.0,0.18181818181818182,0.0,0.0,0.0,0.18181818181818182,0.18181818181818182,0.0,0.0,0.09090909090909091,0.0,0.18181818181818182,0.0,0.0,0.0,0.0,0.0,1390.6746,2.8967131252800113,11.002964210510253,0.18181818181818182,11.354545454545455
596,PDIKAQYQQRWL,inactive - virtual,inactive - virtual,0,Inactive,virtual,1,12,0.08333333333333333,0.0,0.08333333333333333,0.0,0.0,0.0,0.0,0.08333333333333333,0.08333333333333333,0.08333333333333333,0.0,0.0,0.08333333333333333,0.25,0.08333333333333333,0.0,0.0,0.0,0.08333333333333333,0.08333333333333333,1545.7397,0.8967382435133842,9.004895591735842,0.16666666666666669,63.59166666666667
597,PDYREVMETFQE,inactive - virtual,inactive - virtual,0,Inactive,virtual,1,12,0.0,0.0,0.08333333333333333,0.25,0.08333333333333333,0.0,0.0,0.0,0.0,0.0,0.08333333333333333,0.0,0.08333333333333333,0.08333333333333333,0.08333333333333333,0.0,0.08333333333333333,0.08333333333333333,0.0,0.08333333333333333,1543.6527000000003,-3.0953013943430996,4.2445882797241214,0.16666666666666669,15.125000000000002
598,PEALTVAATEVRRIRDRAIQSDAQVAPMTT,inactive - virtual,inactive - virtual,0,Inactive,virtual,1,30,0.2,0.0,0.06666666666666667,0.06666666666666667,0.0,0.0,0.0,0.06666666666666667,0.0,0.03333333333333333,0.03333333333333333,0.0,0.06666666666666667,0.06666666666666667,0.13333333333333333,0.03333333333333333,0.13333333333333333,0.1,0.0,0.0,3267.671799999999,-0.09563791981747016,6.640635871887207,0.0,53.54
599,PEDFANHLFTVFD,inactive - virtual,inactive - virtual,0,Inactive,virtual,1,13,0.07692307692307693,0.0,0.15384615384615385,0.07692307692307693,0.23076923076923078,0.0,0.07692307692307693,0.0,0.0,0.07692307692307693,0.0,0.07692307692307693,0.07692307692307693,0.0,0.0,0.0,0.07692307692307693,0.07692307692307693,0.0,0.0,1551.653,-3.0587624553557156,4.265789222717285,0.23076923076923075,41.10769230769231
600,PEKEAVTLGIKALKSSL,inactive - virtual,inactive - virtual,0,Inactive,virtual,1,17,0.11764705882352941,0.0,0.0,0.11764705882352941,0.0,0.058823529411764705,0.0,0.058823529411764705,0.17647058823529413,0.17647058823529413,0.0,0.0,0.058823529411764705,0.0,0.0,0.11764705882352941,0.058823529411764705,0.058823529411764705,0.0,0.0,1784.1023999999998,0.896052806804156,8.903615760803223,0.0,10.988235294117647
601,PEVQIAILTEQINNLNEHLRV,inactive - virtual,inactive - virtual,0,Inactive,virtual,1,21,0.047619047619047616,0.0,0.0,0.14285714285714285,0.0,0.0,0.047619047619047616,0.14285714285714285,0.0,0.14285714285714285,0.0,0.14285714285714285,0.047619047619047616,0.09523809523809523,0.047619047619047616,0.0,0.047619047619047616,0.09523809523809523,0.0,0.0,2443.7531000000004,-2.0587083313114682,4.75284252166748,0.0,50.8952380952381
602,PEYEHLYTELTGTIVLLIES,inactive - virtual,inactive - virtual,0,Inactive,virtual,1,20,0.0,0.0,0.0,0.2,0.0,0.05,0.05,0.1,0.0,0.2,0.0,0.0,0.05,0.0,0.0,0.05,0.15,0.05,0.0,0.1,2320.5891000000006,-4.062573637472822,4.088167381286621,0.1,34.9
603,PGLRRAWKRLQ,inactive - virtual,inactive - virtual,0,Inactive,virtual,1,11,0.09090909090909091,0.0,0.0,0.0,0.0,0.09090909090909091,0.0,0.0,0.09090909090909091,0.18181818181818182,0.0,0.0,0.09090909090909091,0.09090909090909091,0.2727272727272727,0.0,0.0,0.0,0.09090909090909091,0.0,1380.6434000000002,3.8987471155589177,11.999967765808105,0.09090909090909091,137.94545454545454
604,PGRIQRVARGS,inactive - virtual,inactive - virtual,0,Inactive,virtual,1,11,0.09090909090909091,0.0,0.0,0.0,0.0,0.18181818181818182,0.0,0.09090909090909091,0.0,0.0,0.0,0.0,0.09090909090909091,0.09090909090909091,0.2727272727272727,0.09090909090909091,0.0,0.09090909090909091,0.0,0.0,1196.3632,2.901252708226204,11.999967765808105,0.0,1.3727272727272726
605,PIAFIHKAI,inactive - virtual,inactive - virtual,0,Inactive,virtual,1,9,0.2222222222222222,0.0,0.0,0.0,0.1111111111111111,0.0,0.1111111111111111,0.3333333333333333,0.1111111111111111,0.0,0.0,0.0,0.1111111111111111,0.0,0.0,0.0,0.0,0.0,0.0,0.0,1009.2445,0.9354489114350857,9.181216621398928,0.1111111111111111,48.91111111111111
606,PIDIDYMISDTLELLR,inactive - virtual,inactive - virtual,0,Inactive,virtual,1,16,0.0,0.0,0.1875,0.0625,0.0,0.0,0.0,0.1875,0.0,0.1875,0.0625,0.0,0.0625,0.0,0.0625,0.0625,0.0625,0.0,0.0,0.0625,1907.1884,-3.098742434569476,4.0500284194946286,0.0625,39.48125
607,PIEAFLRLNEELEERG,inactive - virtual,inactive - virtual,0,Inactive,virtual,1,16,0.0625,0.0,0.0,0.3125,0.0625,0.0625,0.0,0.0625,0.0,0.1875,0.0,0.0625,0.0625,0.0,0.125,0.0,0.0,0.0,0.0,0.0,1915.1079000000004,-3.093118368841199,4.325299644470216,0.0625,84.31875
608,PIKFIRKA,inactive - virtual,inactive - virtual,0,Inactive,virtual,1,8,0.125,0.0,0.0,0.0,0.125,0.0,0.0,0.25,0.25,0.0,0.0,0.0,0.125,0.0,0.125,0.0,0.0,0.0,0.0,0.0,972.2277000000001,2.89629175935838,11.168776893615721,0.125,-1.8625000000000003
609,PKAYAQHVFRS,inactive - virtual,inactive - virtual,0,Inactive,virtual,1,11,0.18181818181818182,0.0,0.0,0.0,0.09090909090909091,0.0,0.09090909090909091,0.0,0.09090909090909091,0.0,0.0,0.0,0.09090909090909091,0.09090909090909091,0.09090909090909091,0.09090909090909091,0.0,0.09090909090909091,0.0,0.09090909090909091,1303.4680999999998,1.9329182005344263,10.010280036926268,0.18181818181818182,70.56363636363636
610,PKPLVSFFQSLLQLVNHDLLEQQN,inactive - virtual,inactive - virtual,0,Inactive,virtual,1,24,0.0,0.0,0.041666666666666664,0.041666666666666664,0.08333333333333333,0.0,0.041666666666666664,0.0,0.041666666666666664,0.25,0.0,0.08333333333333333,0.08333333333333333,0.16666666666666666,0.0,0.08333333333333333,0.0,0.08333333333333333,0.0,0.0,2808.1904999999997,-1.062983843470065,5.328337287902832,0.08333333333333334,54.38333333333334
611,PLEELFLEQLEA,inactive - virtual,inactive - virtual,0,Inactive,virtual,1,12,0.08333333333333333,0.0,0.0,0.3333333333333333,0.08333333333333333,0.0,0.0,0.0,0.0,0.3333333333333333,0.0,0.0,0.08333333333333333,0.08333333333333333,0.0,0.0,0.0,0.0,0.0,0.0,1430.5978,-4.094188893314297,4.0500284194946286,0.08333333333333334,52.38333333333333
612,PLGRLIHMVNQKKDRLLNEYLS,inactive - virtual,inactive - virtual,0,Inactive,virtual,1,22,0.0,0.0,0.045454545454545456,0.045454545454545456,0.0,0.045454545454545456,0.045454545454545456,0.045454545454545456,0.09090909090909091,0.22727272727272727,0.045454545454545456,0.09090909090909091,0.045454545454545456,0.045454545454545456,0.09090909090909091,0.045454545454545456,0.0,0.045454545454545456,0.0,0.045454545454545456,2638.0960000000005,1.9319547347286172,9.719398689270019,0.045454545454545456,8.3
613,PLTKGILGFVFTLT,inactive - virtual,inactive - virtual,0,Inactive,virtual,1,14,0.0,0.0,0.0,0.0,0.14285714285714285,0.14285714285714285,0.0,0.07142857142857142,0.07142857142857142,0.21428571428571427,0.0,0.0,0.07142857142857142,0.0,0.0,0.0,0.21428571428571427,0.07142857142857142,0.0,0.0,1506.8261,0.8988224702590388,9.179991722106934,0.14285714285714288,10.914285714285715
614,PNDMSRIFNIVKESL,inactive - virtual,inactive - virtual,0,Inactive,virtual,1,15,0.0,0.0,0.06666666666666667,0.06666666666666667,0.06666666666666667,0.0,0.0,0.13333333333333333,0.06666666666666667,0.06666666666666667,0.06666666666666667,0.13333333333333333,0.06666666666666667,0.0,0.06666666666666667,0.13333333333333333,0.0,0.06666666666666667,0.0,0.0,1763.0232999999998,-0.09963540287948547,6.492854499816894,0.06666666666666667,86.02
615,PNGPTHAPWLLAHKIQ,inactive - virtual,inactive - virtual,0,Inactive,virtual,1,16,0.125,0.0,0.0,0.0,0.0,0.0625,0.125,0.0625,0.0625,0.125,0.0,0.0625,0.1875,0.0625,0.0,0.0,0.0625,0.0,0.0625,0.0,1780.0373000000004,0.9720753526111328,9.182377052307132,0.0625,22.11875
616,PQHERDVIYEEES,inactive - virtual,inactive - virtual,0,Inactive,virtual,1,13,0.0,0.0,0.07692307692307693,0.3076923076923077,0.0,0.0,0.07692307692307693,0.07692307692307693,0.0,0.0,0.0,0.0,0.07692307692307693,0.07692307692307693,0.07692307692307693,0.07692307692307693,0.0,0.07692307692307693,0.0,0.07692307692307693,1630.6672,-4.059646678883905,4.245895576477051,0.07692307692307693,83.21538461538464
617,PQSYAMAIARQESA,inactive - virtual,inactive - virtual,0,Inactive,virtual,1,14,0.2857142857142857,0.0,0.0,0.07142857142857142,0.0,0.0,0.0,0.07142857142857142,0.0,0.0,0.07142857142857142,0.0,0.07142857142857142,0.14285714285714285,0.07142857142857142,0.14285714285714285,0.0,0.0,0.0,0.07142857142857142,1522.6816,-0.10008188703448972,6.42618236541748,0.07142857142857144,121.42857142857142
618,PQYALELLTVYAWEQGS,inactive - virtual,inactive - virtual,0,Inactive,virtual,1,17,0.11764705882352941,0.0,0.0,0.11764705882352941,0.0,0.058823529411764705,0.0,0.0,0.0,0.17647058823529413,0.0,0.0,0.058823529411764705,0.11764705882352941,0.0,0.058823529411764705,0.058823529411764705,0.058823529411764705,0.058823529411764705,0.11764705882352941,1968.1653000000006,-2.101441600528558,4.0500284194946286,0.17647058823529413,51.058823529411775
619,PQYSQARVMLVKTISMISIVDDTFDA,inactive - virtual,inactive - virtual,0,Inactive,virtual,1,26,0.07692307692307693,0.0,0.11538461538461539,0.0,0.038461538461538464,0.0,0.0,0.11538461538461539,0.038461538461538464,0.038461538461538464,0.07692307692307693,0.0,0.038461538461538464,0.07692307692307693,0.038461538461538464,0.11538461538461539,0.07692307692307693,0.11538461538461539,0.0,0.038461538461538464,2929.3669999999997,-1.102368788176606,4.429428672790528,0.07692307692307693,15.08846153846154
620,PRESFAVLASALALMAAVFERLAVEIRELS,inactive - virtual,inactive - virtual,0,Inactive,virtual,1,30,0.23333333333333334,0.0,0.0,0.13333333333333333,0.06666666666666667,0.0,0.0,0.03333333333333333,0.0,0.16666666666666666,0.03333333333333333,0.0,0.03333333333333333,0.0,0.1,0.1,0.0,0.1,0.0,0.0,3260.803,-1.0942642480144178,4.949391746520996,0.06666666666666667,24.10666666666667
621,PRRQQSLALRWLVQAANQ,inactive - virtual,inactive - virtual,0,Inactive,virtual,1,18,0.16666666666666666,0.0,0.0,0.0,0.0,0.0,0.0,0.0,0.0,0.16666666666666666,0.0,0.05555555555555555,0.05555555555555555,0.2222222222222222,0.16666666666666666,0.05555555555555555,0.0,0.05555555555555555,0.05555555555555555,0.0,2135.4316999999996,2.901252708226204,11.999967765808105,0.05555555555555555,128.07777777777778
622,PSALIDQEINVLRQQAAQRF,inactive - virtual,inactive - virtual,0,Inactive,virtual,1,20,0.15,0.0,0.05,0.05,0.05,0.0,0.0,0.1,0.0,0.1,0.0,0.05,0.05,0.2,0.1,0.05,0.0,0.05,0.0,0.0,2297.5688999999993,-0.09715492844557261,6.497856330871582,0.05,67.28
623,PSDQQNEMVRE,inactive - virtual,inactive - virtual,0,Inactive,virtual,1,11,0.0,0.0,0.09090909090909091,0.18181818181818182,0.0,0.0,0.0,0.0,0.0,0.0,0.09090909090909091,0.09090909090909091,0.09090909090909091,0.18181818181818182,0.09090909090909091,0.09090909090909091,0.0,0.09090909090909091,0.0,0.0,1332.3969,-2.093916562615658,4.426927757263184,0.0,44.10909090909091
624,PSFFRLHKYMDNIFKKHTD,inactive - virtual,inactive - virtual,0,Inactive,virtual,1,19,0.0,0.0,0.10526315789473684,0.0,0.15789473684210525,0.0,0.10526315789473684,0.05263157894736842,0.15789473684210525,0.05263157894736842,0.05263157894736842,0.05263157894736842,0.05263157894736842,0.0,0.05263157894736842,0.05263157894736842,0.05263157894736842,0.0,0.0,0.05263157894736842,2424.7761,1.9666957359779698,9.555262184143068,0.21052631578947367,66.44736842105262
625,PSSQIVGTQAVFNVMMG,inactive - virtual,inactive - virtual,0,Inactive,virtual,1,17,0.058823529411764705,0.0,0.0,0.0,0.058823529411764705,0.11764705882352941,0.0,0.058823529411764705,0.0,0.0,0.11764705882352941,0.058823529411764705,0.058823529411764705,0.11764705882352941,0.0,0.11764705882352941,0.058823529411764705,0.17647058823529413,0.0,0.0,1766.0469000000003,-0.09867193707367528,5.954987144470215,0.05882352941176471,22.288235294117644
626,PSVVANTVKGG,inactive - virtual,inactive - virtual,0,Inactive,virtual,1,11,0.09090909090909091,0.0,0.0,0.0,0.0,0.18181818181818182,0.0,0.0,0.09090909090909091,0.0,0.0,0.09090909090909091,0.09090909090909091,0.0,0.0,0.09090909090909091,0.09090909090909091,0.2727272727272727,0.0,0.0,1028.1600999999998,0.8988224702590388,9.179991722106934,0.0,19.763636363636365
627,PTKEREQVIAHLGL,inactive - virtual,inactive - virtual,0,Inactive,virtual,1,14,0.07142857142857142,0.0,0.0,0.14285714285714285,0.0,0.07142857142857142,0.07142857142857142,0.07142857142857142,0.07142857142857142,0.14285714285714285,0.0,0.0,0.07142857142857142,0.07142857142857142,0.07142857142857142,0.0,0.07142857142857142,0.07142857142857142,0.0,0.0,1590.8219000000001,-0.06233468491859906,7.179298973083497,0.0,11.592857142857145
628,PTLLDLFAEDIGHANQLLQLVDEEFQALER,inactive - virtual,inactive - virtual,0,Inactive,virtual,1,30,0.1,0.0,0.1,0.13333333333333333,0.06666666666666667,0.03333333333333333,0.03333333333333333,0.03333333333333333,0.0,0.23333333333333334,0.0,0.03333333333333333,0.03333333333333333,0.1,0.03333333333333333,0.0,0.03333333333333333,0.03333333333333333,0.0,0.0,3438.7922,-6.056248117906609,4.0500284194946286,0.06666666666666667,30.29666666666667
629,PVSDTMDMLTKL,inactive - virtual,inactive - virtual,0,Inactive,virtual,1,12,0.0,0.0,0.16666666666666666,0.0,0.0,0.0,0.0,0.0,0.08333333333333333,0.16666666666666666,0.16666666666666666,0.0,0.08333333333333333,0.0,0.0,0.08333333333333333,0.16666666666666666,0.08333333333333333,0.0,0.0,1350.6009000000001,-1.1002845614309513,4.208154487609863,0.0,5.616666666666669
630,PWTQRFFESFG,inactive - virtual,inactive - virtual,0,Inactive,virtual,1,11,0.0,0.0,0.0,0.09090909090909091,0.2727272727272727,0.09090909090909091,0.0,0.0,0.0,0.0,0.0,0.0,0.09090909090909091,0.09090909090909091,0.09090909090909091,0.09090909090909091,0.09090909090909091,0.0,0.09090909090909091,0.0,1401.5232000000003,-0.09757629436720405,6.431184196472167,0.36363636363636365,3.4636363636363656
631,QAGNYASMFWLT,inactive - virtual,inactive - virtual,0,Inactive,virtual,1,12,0.16666666666666666,0.0,0.0,0.0,0.08333333333333333,0.08333333333333333,0.0,0.0,0.0,0.08333333333333333,0.08333333333333333,0.08333333333333333,0.0,0.08333333333333333,0.0,0.08333333333333333,0.08333333333333333,0.0,0.08333333333333333,0.08333333333333333,1388.5459,-0.445052725100336,5.524318122863768,0.25,32.108333333333334
632,QAKEVLKQHFEKS,inactive - virtual,inactive - virtual,0,Inactive,virtual,1,13,0.07692307692307693,0.0,0.0,0.15384615384615385,0.07692307692307693,0.0,0.07692307692307693,0.0,0.23076923076923078,0.07692307692307693,0.0,0.0,0.0,0.15384615384615385,0.0,0.07692307692307693,0.0,0.07692307692307693,0.0,0.0,1571.7755,0.5888040526208282,8.505330085754395,0.07692307692307693,12.90769230769231
633,QARVWVARAVSEHQRFTA,inactive - virtual,inactive - virtual,0,Inactive,virtual,1,18,0.2222222222222222,0.0,0.0,0.05555555555555555,0.05555555555555555,0.0,0.05555555555555555,0.0,0.0,0.0,0.0,0.0,0.0,0.1111111111111111,0.16666666666666666,0.05555555555555555,0.05555555555555555,0.16666666666666666,0.05555555555555555,0.0,2112.3536000000004,1.5951247149827208,11.69902935028076,0.1111111111111111,11.238888888888892
634,QASTGSLLNILR,inactive - virtual,inactive - virtual,0,Inactive,virtual,1,12,0.08333333333333333,0.0,0.0,0.0,0.0,0.08333333333333333,0.0,0.08333333333333333,0.0,0.25,0.0,0.08333333333333333,0.0,0.08333333333333333,0.08333333333333333,0.16666666666666666,0.08333333333333333,0.0,0.0,0.0,1272.4509,0.5574277493335762,9.750021171569824,0.0,70.80833333333334
635,QDDVLEALSAAVR,inactive - virtual,inactive - virtual,0,Inactive,virtual,1,13,0.23076923076923078,0.0,0.15384615384615385,0.07692307692307693,0.0,0.0,0.0,0.0,0.0,0.15384615384615385,0.0,0.0,0.0,0.07692307692307693,0.07692307692307693,0.07692307692307693,0.0,0.15384615384615385,0.0,0.0,1386.5072000000002,-2.4405585214165693,4.0500284194946286,0.0,24.04615384615385
636,QDELVWGAYWLYKAT,inactive - virtual,inactive - virtual,0,Inactive,virtual,1,15,0.13333333333333333,0.0,0.06666666666666667,0.06666666666666667,0.0,0.06666666666666667,0.0,0.0,0.06666666666666667,0.13333333333333333,0.0,0.0,0.0,0.06666666666666667,0.0,0.0,0.06666666666666667,0.06666666666666667,0.13333333333333333,0.13333333333333333,1843.0416,-1.4484966653400582,4.3702592849731445,0.26666666666666666,10.913333333333336
637,QDLLDRVLAAHAYWSQ,inactive - virtual,inactive - virtual,0,Inactive,virtual,1,16,0.1875,0.0,0.125,0.0,0.0,0.0,0.0625,0.0,0.0,0.1875,0.0,0.0,0.0,0.125,0.0625,0.0625,0.0,0.0625,0.0625,0.0625,1886.0714000000003,-1.4075584338476528,5.210851097106932,0.125,16.950000000000003
638,QEWVELMVEAKE,inactive - virtual,inactive - virtual,0,Inactive,virtual,1,12,0.08333333333333333,0.0,0.0,0.3333333333333333,0.0,0.0,0.0,0.0,0.08333333333333333,0.08333333333333333,0.08333333333333333,0.0,0.0,0.08333333333333333,0.0,0.0,0.0,0.16666666666666666,0.08333333333333333,0.0,1490.6762,-3.4384771946842614,4.329448890686037,0.08333333333333334,5.616666666666669
639,QFRRGANFKFELGEILEND,inactive - virtual,inactive - virtual,0,Inactive,virtual,1,19,0.05263157894736842,0.0,0.05263157894736842,0.15789473684210525,0.15789473684210525,0.10526315789473684,0.0,0.05263157894736842,0.05263157894736842,0.10526315789473684,0.0,0.10526315789473684,0.0,0.05263157894736842,0.10526315789473684,0.0,0.0,0.0,0.0,0.0,2283.4975000000004,-1.4400248833004867,5.010493659973144,0.15789473684210525,27.2
640,QFSRQMLDRKLLLG,inactive - virtual,inactive - virtual,0,Inactive,virtual,1,14,0.0,0.0,0.07142857142857142,0.0,0.07142857142857142,0.07142857142857142,0.0,0.0,0.07142857142857142,0.2857142857142857,0.07142857142857142,0.0,0.0,0.14285714285714285,0.14285714285714285,0.07142857142857142,0.0,0.0,0.0,0.0,1705.0336,1.5553435225879215,10.835024070739745,0.07142857142857144,19.964285714285715
641,QGLAEKIFWSLK,inactive - virtual,inactive - virtual,0,Inactive,virtual,1,12,0.08333333333333333,0.0,0.0,0.08333333333333333,0.08333333333333333,0.08333333333333333,0.0,0.08333333333333333,0.16666666666666666,0.16666666666666666,0.0,0.0,0.0,0.08333333333333333,0.0,0.08333333333333333,0.0,0.0,0.08333333333333333,0.0,1419.6661000000001,0.5535624431722228,8.591073036193851,0.16666666666666669,-4.983333333333334
642,QHLAKLEMKIFFEEL,inactive - virtual,inactive - virtual,0,Inactive,virtual,1,15,0.06666666666666667,0.0,0.0,0.2,0.13333333333333333,0.0,0.06666666666666667,0.06666666666666667,0.13333333333333333,0.2,0.06666666666666667,0.0,0.0,0.06666666666666667,0.0,0.0,0.0,0.0,0.0,0.0,1876.2223000000004,-1.4075695937720414,5.497887992858886,0.13333333333333333,19.746666666666666
643,QIKQTNAGAVYRLIDQLG,inactive - virtual,inactive - virtual,0,Inactive,virtual,1,18,0.1111111111111111,0.0,0.05555555555555555,0.0,0.0,0.1111111111111111,0.0,0.1111111111111111,0.05555555555555555,0.1111111111111111,0.0,0.05555555555555555,0.0,0.16666666666666666,0.05555555555555555,0.0,0.05555555555555555,0.05555555555555555,0.0,0.05555555555555555,1988.2478,0.5528630481540096,8.58978366851807,0.05555555555555555,-8.78888888888889
644,QINEMHLLIQQAR,inactive - virtual,inactive - virtual,0,Inactive,virtual,1,13,0.07692307692307693,0.0,0.0,0.07692307692307693,0.0,0.0,0.07692307692307693,0.15384615384615385,0.0,0.15384615384615385,0.07692307692307693,0.07692307692307693,0.0,0.23076923076923078,0.07692307692307693,0.0,0.0,0.0,0.0,0.0,1593.8487999999998,-0.40482504855053225,6.749653053283692,0.0,68.10769230769232
645,QIPRIAREKIRGLTEYF,inactive - virtual,inactive - virtual,0,Inactive,virtual,1,17,0.058823529411764705,0.0,0.0,0.11764705882352941,0.058823529411764705,0.058823529411764705,0.0,0.17647058823529413,0.058823529411764705,0.058823529411764705,0.0,0.0,0.058823529411764705,0.058823529411764705,0.17647058823529413,0.0,0.058823529411764705,0.0,0.0,0.058823529411764705,2090.4276000000004,1.5546078494119464,9.978303718566895,0.11764705882352942,4.623529411764708
646,QLEESMLYSLN,inactive - virtual,inactive - virtual,0,Inactive,virtual,1,11,0.0,0.0,0.0,0.18181818181818182,0.0,0.0,0.0,0.0,0.0,0.2727272727272727,0.09090909090909091,0.09090909090909091,0.0,0.09090909090909091,0.0,0.18181818181818182,0.0,0.0,0.0,0.09090909090909091,1326.4716999999998,-2.4428112032206473,4.0500284194946286,0.09090909090909091,56.236363636363635
647,QLLRGVGAAATAVTQALNELLQHVKA,inactive - virtual,inactive - virtual,0,Inactive,virtual,1,26,0.23076923076923078,0.0,0.0,0.038461538461538464,0.0,0.07692307692307693,0.038461538461538464,0.0,0.038461538461538464,0.19230769230769232,0.0,0.038461538461538464,0.0,0.11538461538461539,0.038461538461538464,0.0,0.07692307692307693,0.11538461538461539,0.0,0.0,2673.0755999999997,0.5926693587821821,8.755016136169434,0.0,12.492307692307694
648,QLVDRLDQSWQYYQDRLMA,inactive - virtual,inactive - virtual,0,Inactive,virtual,1,19,0.05263157894736842,0.0,0.15789473684210525,0.0,0.0,0.0,0.0,0.0,0.0,0.15789473684210525,0.05263157894736842,0.0,0.0,0.21052631578947367,0.10526315789473684,0.05263157894736842,0.0,0.05263157894736842,0.05263157894736842,0.10526315789473684,2428.6769999999997,-1.4462691017693547,4.428973960876465,0.15789473684210528,35.910526315789475
649,QLVSFLIRLLKVWIRVVI,inactive - virtual,inactive - virtual,0,Inactive,virtual,1,18,0.0,0.0,0.0,0.0,0.05555555555555555,0.0,0.0,0.16666666666666666,0.05555555555555555,0.2222222222222222,0.0,0.0,0.0,0.05555555555555555,0.1111111111111111,0.05555555555555555,0.0,0.2222222222222222,0.05555555555555555,0.0,2195.7763999999997,2.554897038432917,11.999967765808105,0.1111111111111111,0.011111111111110876
650,QMSFWGATVITGLFG,inactive - virtual,inactive - virtual,0,Inactive,virtual,1,15,0.06666666666666667,0.0,0.0,0.0,0.13333333333333333,0.2,0.0,0.06666666666666667,0.0,0.06666666666666667,0.06666666666666667,0.0,0.0,0.06666666666666667,0.0,0.06666666666666667,0.13333333333333333,0.06666666666666667,0.06666666666666667,0.0,1614.8611000000005,-0.4425471324330503,5.525000190734862,0.2,20.39333333333333
651,QPNAILEKVFTA,inactive - virtual,inactive - virtual,0,Inactive,virtual,1,12,0.16666666666666666,0.0,0.0,0.08333333333333333,0.08333333333333333,0.0,0.0,0.08333333333333333,0.08333333333333333,0.08333333333333333,0.0,0.08333333333333333,0.08333333333333333,0.08333333333333333,0.0,0.0,0.08333333333333333,0.08333333333333333,0.0,0.0,1330.5283,-0.4439319641604915,6.0014245986938475,0.08333333333333334,34.19166666666667
652,QRAFLKLYMITMTE,inactive - virtual,inactive - virtual,0,Inactive,virtual,1,14,0.07142857142857142,0.0,0.0,0.07142857142857142,0.07142857142857142,0.0,0.0,0.07142857142857142,0.07142857142857142,0.14285714285714285,0.14285714285714285,0.0,0.0,0.07142857142857142,0.07142857142857142,0.0,0.14285714285714285,0.0,0.0,0.07142857142857142,1745.114,0.555629811595546,8.590299415588383,0.14285714285714288,40.24285714285713
653,QTREHLLLARQI,inactive - virtual,inactive - virtual,0,Inactive,virtual,1,12,0.08333333333333333,0.0,0.0,0.08333333333333333,0.0,0.0,0.08333333333333333,0.08333333333333333,0.0,0.25,0.0,0.0,0.0,0.16666666666666666,0.16666666666666666,0.0,0.08333333333333333,0.0,0.0,0.0,1477.7106,0.595149833216094,9.605354118347169,0.0,18.933333333333337
654,QVIAKWGAWVKRIEAKFRSL,inactive - virtual,inactive - virtual,0,Inactive,virtual,1,20,0.15,0.0,0.0,0.05,0.05,0.05,0.0,0.1,0.15,0.05,0.0,0.0,0.0,0.05,0.1,0.05,0.0,0.1,0.1,0.0,2386.8375000000005,3.5510066140381906,11.097152519226071,0.15000000000000002,50.855
655,QVIEVLNKQVADWSVLFTKLHNFHWYV,inactive - virtual,inactive - virtual,0,Inactive,virtual,1,27,0.037037037037037035,0.0,0.037037037037037035,0.037037037037037035,0.07407407407407407,0.0,0.07407407407407407,0.037037037037037035,0.07407407407407407,0.1111111111111111,0.0,0.07407407407407407,0.0,0.07407407407407407,0.0,0.037037037037037035,0.037037037037037035,0.18518518518518517,0.07407407407407407,0.037037037037037035,3314.7886,-0.37524378298796446,6.920454216003418,0.18518518518518517,33.69259259259259
656,QVTQELRALMDETMKELKAYKSELEE,inactive - virtual,inactive - virtual,0,Inactive,virtual,1,26,0.07692307692307693,0.0,0.038461538461538464,0.23076923076923078,0.0,0.0,0.0,0.0,0.11538461538461539,0.15384615384615385,0.07692307692307693,0.0,0.0,0.07692307692307693,0.038461538461538464,0.038461538461538464,0.07692307692307693,0.038461538461538464,0.0,0.038461538461538464,3113.5152000000003,-3.4433310848847984,4.668550300598144,0.038461538461538464,32.04615384615384
657,RAAAIEQLKIWGERVG,inactive - virtual,inactive - virtual,0,Inactive,virtual,1,16,0.1875,0.0,0.0,0.125,0.0,0.125,0.0,0.125,0.0625,0.0625,0.0,0.0,0.0,0.0625,0.125,0.0,0.0,0.0625,0.0625,0.0,1797.0662000000002,0.5571385603126058,8.74566822052002,0.0625,21.7625
658,RDIPELAQLQSEILDAIW,inactive - virtual,inactive - virtual,0,Inactive,virtual,1,18,0.1111111111111111,0.0,0.1111111111111111,0.1111111111111111,0.0,0.0,0.0,0.16666666666666666,0.0,0.16666666666666666,0.0,0.0,0.05555555555555555,0.1111111111111111,0.05555555555555555,0.05555555555555555,0.0,0.0,0.05555555555555555,0.0,2110.3659999999995,-3.4394377604767246,4.0500284194946286,0.05555555555555555,92.12222222222222
659,REEEKEALRFAEAQ,inactive - virtual,inactive - virtual,0,Inactive,virtual,1,14,0.21428571428571427,0.0,0.0,0.35714285714285715,0.07142857142857142,0.0,0.0,0.0,0.07142857142857142,0.07142857142857142,0.0,0.0,0.0,0.07142857142857142,0.14285714285714285,0.0,0.0,0.0,0.0,0.0,1705.8233000000002,-2.43949915686786,4.652237510681153,0.07142857142857144,69.61428571428573
660,REEIYQAFEAIYPVLSEF,inactive - virtual,inactive - virtual,0,Inactive,virtual,1,18,0.1111111111111111,0.0,0.0,0.2222222222222222,0.1111111111111111,0.0,0.0,0.1111111111111111,0.0,0.05555555555555555,0.0,0.0,0.05555555555555555,0.05555555555555555,0.05555555555555555,0.05555555555555555,0.0,0.05555555555555555,0.0,0.1111111111111111,2204.4323,-3.443100392241617,4.093396568298339,0.2222222222222222,66.51111111111112
661,REGFLSPLKAYLI,inactive - virtual,inactive - virtual,0,Inactive,virtual,1,13,0.07692307692307693,0.0,0.0,0.07692307692307693,0.07692307692307693,0.07692307692307693,0.0,0.07692307692307693,0.07692307692307693,0.23076923076923078,0.0,0.0,0.07692307692307693,0.0,0.07692307692307693,0.07692307692307693,0.0,0.0,0.0,0.07692307692307693,1506.7864,0.5535373249388496,8.589912605285647,0.15384615384615385,36.5
662,RFESAVETLLDIESQLEDL,inactive - virtual,inactive - virtual,0,Inactive,virtual,1,19,0.05263157894736842,0.0,0.10526315789473684,0.21052631578947367,0.05263157894736842,0.0,0.0,0.05263157894736842,0.0,0.21052631578947367,0.0,0.0,0.0,0.05263157894736842,0.05263157894736842,0.10526315789473684,0.05263157894736842,0.05263157894736842,0.0,0.0,2207.3902000000003,-5.437196238597036,4.0500284194946286,0.052631578947368425,73.14736842105263
663,RFLIRVYHPLLLKVL,inactive - virtual,inactive - virtual,0,Inactive,virtual,1,15,0.0,0.0,0.0,0.0,0.06666666666666667,0.0,0.06666666666666667,0.06666666666666667,0.06666666666666667,0.3333333333333333,0.0,0.0,0.06666666666666667,0.0,0.13333333333333333,0.0,0.0,0.13333333333333333,0.0,0.06666666666666667,1880.3681000000001,2.589017886941678,11.000449943542481,0.13333333333333333,-0.7066666666666658
664,RFLKRVQPLVNRWLLLI,inactive - virtual,inactive - virtual,0,Inactive,virtual,1,17,0.0,0.0,0.0,0.0,0.058823529411764705,0.0,0.0,0.058823529411764705,0.058823529411764705,0.29411764705882354,0.0,0.058823529411764705,0.058823529411764705,0.058823529411764705,0.17647058823529413,0.0,0.0,0.11764705882352941,0.058823529411764705,0.0,2164.6830000000004,3.554871920199543,11.999967765808105,0.11764705882352942,75.8764705882353
665,RFSGKVREDLTKIVWVFFW,inactive - virtual,inactive - virtual,0,Inactive,virtual,1,19,0.0,0.0,0.05263157894736842,0.05263157894736842,0.15789473684210525,0.05263157894736842,0.0,0.05263157894736842,0.10526315789473684,0.05263157894736842,0.0,0.0,0.0,0.0,0.10526315789473684,0.05263157894736842,0.05263157894736842,0.15789473684210525,0.10526315789473684,0.0,2413.8145999999997,1.5539586908604806,9.98616886138916,0.2631578947368421,-2.7315789473684204
666,RFVPRWRTVVGQFKRDILVIFLW,inactive - virtual,inactive - virtual,0,Inactive,virtual,1,23,0.0,0.0,0.043478260869565216,0.0,0.13043478260869565,0.043478260869565216,0.0,0.08695652173913043,0.043478260869565216,0.08695652173913043,0.0,0.0,0.043478260869565216,0.043478260869565216,0.17391304347826086,0.0,0.043478260869565216,0.17391304347826086,0.08695652173913043,0.0,2932.5129999999995,3.5552932861211746,11.999967765808105,0.21739130434782608,58.90434782608695
667,RGEQMKGHAATIEDQVRRMIA,inactive - virtual,inactive - virtual,0,Inactive,virtual,1,21,0.14285714285714285,0.0,0.047619047619047616,0.09523809523809523,0.0,0.09523809523809523,0.047619047619047616,0.09523809523809523,0.047619047619047616,0.0,0.09523809523809523,0.0,0.0,0.09523809523809523,0.14285714285714285,0.0,0.047619047619047616,0.047619047619047616,0.0,0.0,2397.7362,0.5941863674102841,8.750567817687987,0.0,60.79999999999999
668,RGFRGWWLASTILLLVAEK,inactive - virtual,inactive - virtual,0,Inactive,virtual,1,19,0.10526315789473684,0.0,0.0,0.05263157894736842,0.05263157894736842,0.10526315789473684,0.0,0.05263157894736842,0.05263157894736842,0.21052631578947367,0.0,0.0,0.0,0.0,0.10526315789473684,0.05263157894736842,0.05263157894736842,0.05263157894736842,0.10526315789473684,0.0,2216.6252000000004,1.5560177993727615,10.835024070739745,0.15789473684210528,23.66315789473684
669,RGQLIREAYED,inactive - virtual,inactive - virtual,0,Inactive,virtual,1,11,0.09090909090909091,0.0,0.09090909090909091,0.18181818181818182,0.0,0.09090909090909091,0.0,0.09090909090909091,0.0,0.09090909090909091,0.0,0.0,0.0,0.09090909090909091,0.18181818181818182,0.0,0.0,0.0,0.0,0.09090909090909091,1349.4489,-1.441145644240331,4.872204399108886,0.09090909090909091,12.027272727272727
670,RHSDNINKFLDFIHGI,inactive - virtual,inactive - virtual,0,Inactive,virtual,1,16,0.0,0.0,0.125,0.0,0.125,0.0625,0.125,0.1875,0.0625,0.0625,0.0,0.125,0.0,0.0,0.0625,0.0625,0.0,0.0,0.0,0.0,1926.1385,-0.3709319926716059,6.919999504089356,0.125,54.887499999999996
671,RIENGLRKRLQSIYRHLEE,inactive - virtual,inactive - virtual,0,Inactive,virtual,1,19,0.0,0.0,0.0,0.15789473684210525,0.0,0.05263157894736842,0.05263157894736842,0.10526315789473684,0.05263157894736842,0.15789473684210525,0.0,0.05263157894736842,0.0,0.05263157894736842,0.21052631578947367,0.05263157894736842,0.0,0.0,0.0,0.05263157894736842,2410.7333,1.5944224199511612,9.970825386047363,0.052631578947368425,110.66315789473683
672,RILKNFDSWWGKVIVIL,inactive - virtual,inactive - virtual,0,Inactive,virtual,1,17,0.0,0.0,0.058823529411764705,0.0,0.058823529411764705,0.058823529411764705,0.0,0.17647058823529413,0.11764705882352941,0.11764705882352941,0.0,0.058823529411764705,0.0,0.0,0.058823529411764705,0.058823529411764705,0.0,0.11764705882352941,0.11764705882352941,0.0,2087.5078000000003,1.552863048154009,9.994291877746583,0.17647058823529413,15.741176470588238
673,RILQWIIRLLLIVWW,inactive - virtual,inactive - virtual,0,Inactive,virtual,1,15,0.0,0.0,0.0,0.0,0.0,0.0,0.0,0.26666666666666666,0.0,0.26666666666666666,0.0,0.0,0.0,0.06666666666666667,0.13333333333333333,0.0,0.0,0.06666666666666667,0.2,0.0,2021.5373999999997,1.5574026311002025,11.999967765808105,0.2,38.24666666666666
674,RIWARLQGVFRVVFWL,inactive - virtual,inactive - virtual,0,Inactive,virtual,1,16,0.0625,0.0,0.0,0.0,0.125,0.0625,0.0,0.0625,0.0,0.125,0.0,0.0,0.0,0.0625,0.1875,0.0,0.0,0.1875,0.125,0.0,2046.464,2.5573775128668292,11.999967765808105,0.25,28.068749999999998
675,RKQSLEQDLQFYYG,inactive - virtual,inactive - virtual,0,Inactive,virtual,1,14,0.0,0.0,0.07142857142857142,0.07142857142857142,0.07142857142857142,0.07142857142857142,0.0,0.0,0.07142857142857142,0.14285714285714285,0.0,0.0,0.0,0.21428571428571427,0.07142857142857142,0.07142857142857142,0.0,0.0,0.0,0.14285714285714285,1774.9263000000003,-0.4485217835734314,6.068267250061035,0.2142857142857143,129.00785714285715
676,RLDEAEASARSGIEVL,inactive - virtual,inactive - virtual,0,Inactive,virtual,1,16,0.1875,0.0,0.0625,0.1875,0.0,0.0625,0.0,0.0625,0.0,0.125,0.0,0.0,0.0,0.0,0.125,0.125,0.0,0.0625,0.0,0.0,1715.8595,-2.4387886019252596,4.407318305969238,0.0,58.99374999999999
677,RLFEQASRLAEHY,inactive - virtual,inactive - virtual,0,Inactive,virtual,1,13,0.15384615384615385,0.0,0.0,0.15384615384615385,0.07692307692307693,0.0,0.07692307692307693,0.0,0.0,0.15384615384615385,0.0,0.0,0.0,0.07692307692307693,0.15384615384615385,0.07692307692307693,0.0,0.0,0.0,0.07692307692307693,1619.7785000000001,-0.40623499851134737,6.75698528289795,0.15384615384615385,66.86153846153847
678,RLKSGWRDALKQIVFFFFL,inactive - virtual,inactive - virtual,0,Inactive,virtual,1,19,0.05263157894736842,0.0,0.05263157894736842,0.0,0.21052631578947367,0.05263157894736842,0.0,0.05263157894736842,0.10526315789473684,0.15789473684210525,0.0,0.0,0.0,0.05263157894736842,0.10526315789473684,0.05263157894736842,0.0,0.05263157894736842,0.05263157894736842,0.0,2371.8209,2.552837929920636,11.00038547515869,0.26315789473684215,15.005263157894735
679,RLLGKWSAILKNVRFFFFWL,inactive - virtual,inactive - virtual,0,Inactive,virtual,1,20,0.05,0.0,0.0,0.0,0.2,0.05,0.0,0.05,0.1,0.2,0.0,0.05,0.0,0.0,0.1,0.05,0.0,0.05,0.1,0.0,2542.0744,3.552391445765631,11.999967765808105,0.30000000000000004,16.810000000000002
680,RLVVLEALTNFLNH,inactive - virtual,inactive - virtual,0,Inactive,virtual,1,14,0.07142857142857142,0.0,0.0,0.07142857142857142,0.07142857142857142,0.0,0.07142857142857142,0.0,0.0,0.2857142857142857,0.0,0.14285714285714285,0.0,0.0,0.07142857142857142,0.0,0.07142857142857142,0.14285714285714285,0.0,0.0,1638.9075000000003,-0.40482504855053225,6.749653053283692,0.07142857142857144,-12.185714285714285
681,RLWTQWQAIVQEIRFLWLLL,inactive - virtual,inactive - virtual,0,Inactive,virtual,1,20,0.05,0.0,0.0,0.05,0.05,0.0,0.0,0.1,0.0,0.25,0.0,0.0,0.0,0.15,0.1,0.0,0.05,0.05,0.15,0.0,2613.1078,0.5585233920400472,9.598842811584472,0.2,43.08
682,RMDEVRTLQENLRQLQDEYDQQQT,inactive - virtual,inactive - virtual,0,Inactive,virtual,1,24,0.0,0.0,0.125,0.125,0.0,0.0,0.0,0.0,0.0,0.125,0.041666666666666664,0.041666666666666664,0.0,0.25,0.125,0.0,0.08333333333333333,0.041666666666666664,0.0,0.041666666666666664,3037.2351999999996,-3.4404263445159087,4.2962549209594725,0.04166666666666667,94.76666666666667
683,RNEVVSLMQANG,inactive - virtual,inactive - virtual,0,Inactive,virtual,1,12,0.08333333333333333,0.0,0.0,0.08333333333333333,0.0,0.08333333333333333,0.0,0.0,0.0,0.08333333333333333,0.08333333333333333,0.16666666666666666,0.0,0.08333333333333333,0.08333333333333333,0.08333333333333333,0.0,0.16666666666666666,0.0,0.0,1317.4714999999999,-0.4414514897265791,6.0021066665649405,0.0,0.6416666666666678
684,RPEDKSKIVAEIR,inactive - virtual,inactive - virtual,0,Inactive,virtual,1,13,0.07692307692307693,0.0,0.07692307692307693,0.15384615384615385,0.0,0.0,0.0,0.15384615384615385,0.15384615384615385,0.0,0.0,0.0,0.07692307692307693,0.0,0.15384615384615385,0.07692307692307693,0.0,0.07692307692307693,0.0,0.0,1540.7633,0.5550794518003253,8.589010047912598,0.0,47.45384615384616
685,RPEVQDALSAE,inactive - virtual,inactive - virtual,0,Inactive,virtual,1,11,0.18181818181818182,0.0,0.09090909090909091,0.18181818181818182,0.0,0.0,0.0,0.0,0.0,0.09090909090909091,0.0,0.0,0.09090909090909091,0.09090909090909091,0.09090909090909091,0.09090909090909091,0.0,0.09090909090909091,0.0,0.0,1214.2825,-2.4377917579750332,4.426586723327637,0.0,59.909090909090914
686,RPQLRNLLHEK,inactive - virtual,inactive - virtual,0,Inactive,virtual,1,11,0.0,0.0,0.0,0.09090909090909091,0.0,0.0,0.09090909090909091,0.0,0.09090909090909091,0.2727272727272727,0.0,0.09090909090909091,0.09090909090909091,0.09090909090909091,0.18181818181818182,0.0,0.0,0.0,0.0,0.0,1403.6321,1.5926442405488084,10.835024070739745,0.0,72.83636363636364
687,RPRIIAAIWHYVKAR,inactive - virtual,inactive - virtual,0,Inactive,virtual,1,15,0.2,0.0,0.0,0.0,0.0,0.0,0.06666666666666667,0.2,0.06666666666666667,0.0,0.0,0.0,0.06666666666666667,0.0,0.2,0.0,0.0,0.06666666666666667,0.06666666666666667,0.06666666666666667,1850.2198000000003,3.5889927687083043,11.723011589050294,0.13333333333333333,60.30666666666667
688,RRQELEEFSAALARR,inactive - virtual,inactive - virtual,0,Inactive,virtual,1,15,0.2,0.0,0.0,0.2,0.06666666666666667,0.0,0.0,0.0,0.0,0.13333333333333333,0.0,0.0,0.0,0.06666666666666667,0.26666666666666666,0.06666666666666667,0.0,0.0,0.0,0.0,1832.0293000000001,0.5607146774529896,9.44772891998291,0.06666666666666667,133.12
689,RVIEGIKNVIPKLLTWWP,inactive - virtual,inactive - virtual,0,Inactive,virtual,1,18,0.0,0.0,0.0,0.05555555555555555,0.0,0.05555555555555555,0.0,0.16666666666666666,0.1111111111111111,0.1111111111111111,0.0,0.05555555555555555,0.1111111111111111,0.0,0.05555555555555555,0.0,0.05555555555555555,0.1111111111111111,0.1111111111111111,0.0,2162.6176,1.553537324938849,9.994291877746583,0.1111111111111111,9.75555555555555
690,RVNAAIPNIIV,inactive - virtual,inactive - virtual,0,Inactive,virtual,1,11,0.18181818181818182,0.0,0.0,0.0,0.0,0.0,0.0,0.2727272727272727,0.0,0.0,0.0,0.18181818181818182,0.09090909090909091,0.0,0.09090909090909091,0.0,0.0,0.18181818181818182,0.0,0.0,1179.412,0.5574277493335762,9.750021171569824,0.0,38.699999999999996
691,RVWRWIVKWWLFV,inactive - virtual,inactive - virtual,0,Inactive,virtual,1,13,0.0,0.0,0.0,0.0,0.07692307692307693,0.0,0.0,0.07692307692307693,0.07692307692307693,0.07692307692307693,0.0,0.0,0.0,0.0,0.15384615384615385,0.0,0.0,0.23076923076923078,0.3076923076923077,0.0,1874.2806000000003,2.554897038432917,11.999967765808105,0.38461538461538464,54.03846153846154
692,RYGWRTAVDYSWFG,inactive - virtual,inactive - virtual,0,Inactive,virtual,1,14,0.07142857142857142,0.0,0.07142857142857142,0.0,0.07142857142857142,0.14285714285714285,0.0,0.0,0.0,0.0,0.0,0.0,0.0,0.0,0.14285714285714285,0.07142857142857142,0.07142857142857142,0.07142857142857142,0.14285714285714285,0.14285714285714285,1763.9068,0.5528379299206359,8.588558769226076,0.3571428571428572,-4.085714285714286
693,SAATADFVAMTAMAARIF,inactive - virtual,inactive - virtual,0,Inactive,virtual,1,18,0.3888888888888889,0.0,0.05555555555555555,0.0,0.1111111111111111,0.0,0.0,0.05555555555555555,0.0,0.0,0.1111111111111111,0.0,0.0,0.0,0.05555555555555555,0.05555555555555555,0.1111111111111111,0.05555555555555555,0.0,0.0,1845.1470000000004,-0.7463503217026553,5.552964973449707,0.1111111111111111,5.794444444444444
694,SAAWAEWQKAR,inactive - virtual,inactive - virtual,0,Inactive,virtual,1,11,0.36363636363636365,0.0,0.0,0.09090909090909091,0.0,0.0,0.0,0.0,0.09090909090909091,0.0,0.0,0.0,0.0,0.09090909090909091,0.09090909090909091,0.09090909090909091,0.0,0.0,0.18181818181818182,0.0,1303.4252,0.2518183624148991,8.463554573059085,0.18181818181818182,-18.236363636363635
695,SAEEMVQTLVNDYSALIQELKEGMEVAGEA,inactive - virtual,inactive - virtual,0,Inactive,virtual,1,30,0.13333333333333333,0.0,0.03333333333333333,0.2,0.0,0.06666666666666667,0.0,0.03333333333333333,0.03333333333333333,0.1,0.06666666666666667,0.03333333333333333,0.0,0.06666666666666667,0.0,0.06666666666666667,0.03333333333333333,0.1,0.0,0.03333333333333333,3255.5813,-6.744611823164786,4.0500284194946286,0.03333333333333333,21.610000000000003
696,SANNIIEEIQMQK,inactive - virtual,inactive - virtual,0,Inactive,virtual,1,13,0.07692307692307693,0.0,0.0,0.15384615384615385,0.0,0.0,0.0,0.23076923076923078,0.07692307692307693,0.0,0.07692307692307693,0.15384615384615385,0.0,0.15384615384615385,0.0,0.07692307692307693,0.0,0.0,0.0,0.0,1517.7032,-1.7470357584118832,4.529237937927246,0.0,110.92307692307692
697,SASSQNAWLAANRN,inactive - virtual,inactive - virtual,0,Inactive,virtual,1,14,0.2857142857142857,0.0,0.0,0.0,0.0,0.0,0.0,0.0,0.0,0.07142857142857142,0.0,0.21428571428571427,0.0,0.07142857142857142,0.07142857142857142,0.21428571428571427,0.0,0.0,0.07142857142857142,0.0,1489.5489999999998,0.25320319414234005,9.46507091522217,0.07142857142857144,54.42857142857143
698,SAVKVLAEESK,inactive - virtual,inactive - virtual,0,Inactive,virtual,1,11,0.18181818181818182,0.0,0.0,0.18181818181818182,0.0,0.0,0.0,0.0,0.18181818181818182,0.09090909090909091,0.0,0.0,0.0,0.0,0.0,0.18181818181818182,0.0,0.18181818181818182,0.0,0.0,1160.3179,-0.7495413510791691,5.863476371765136,0.0,45.9
699,SDEFNTVADNLVTFGDSFLQVILDHI,inactive - virtual,inactive - virtual,0,Inactive,virtual,1,26,0.038461538461538464,0.0,0.15384615384615385,0.038461538461538464,0.11538461538461539,0.038461538461538464,0.038461538461538464,0.07692307692307693,0.0,0.11538461538461539,0.0,0.07692307692307693,0.0,0.038461538461538464,0.0,0.07692307692307693,0.07692307692307693,0.11538461538461539,0.0,0.0,2910.1465999999996,-5.707238548888375,4.0500284194946286,0.11538461538461538,45.91923076923077
700,SDELSRAWEVAYDELAAAIK,inactive - virtual,inactive - virtual,0,Inactive,virtual,1,20,0.25,0.0,0.1,0.15,0.0,0.0,0.0,0.05,0.05,0.1,0.0,0.0,0.0,0.0,0.05,0.1,0.0,0.05,0.05,0.05,2237.4211,-3.747552740062688,4.177177238464354,0.1,26.724999999999998
701,SDIFNKNMRAHALEK,inactive - virtual,inactive - virtual,0,Inactive,virtual,1,15,0.13333333333333333,0.0,0.06666666666666667,0.06666666666666667,0.06666666666666667,0.0,0.06666666666666667,0.06666666666666667,0.13333333333333333,0.06666666666666667,0.06666666666666667,0.13333333333333333,0.0,0.0,0.06666666666666667,0.06666666666666667,0.0,0.0,0.0,0.0,1774.0095999999999,0.28638569507866496,8.334488868713382,0.06666666666666667,14.433333333333332
702,SDIKKLGSSWIINWFFG,inactive - virtual,inactive - virtual,0,Inactive,virtual,1,17,0.0,0.0,0.058823529411764705,0.0,0.11764705882352941,0.11764705882352941,0.0,0.17647058823529413,0.11764705882352941,0.058823529411764705,0.0,0.058823529411764705,0.0,0.0,0.0,0.17647058823529413,0.0,0.0,0.11764705882352941,0.0,1998.2822,0.24866361119614666,8.310377693176271,0.23529411764705885,4.6529411764705895
703,SDSEISTILSDVVTNER,inactive - virtual,inactive - virtual,0,Inactive,virtual,1,17,0.0,0.0,0.11764705882352941,0.11764705882352941,0.0,0.0,0.0,0.11764705882352941,0.0,0.058823529411764705,0.0,0.058823529411764705,0.0,0.0,0.058823529411764705,0.23529411764705882,0.11764705882352941,0.11764705882352941,0.0,0.0,1864.9581999999996,-3.7436623156679607,4.0500284194946286,0.0,40.89411764705883
704,SDWYLKGRLTSLESQFINALGILET,inactive - virtual,inactive - virtual,0,Inactive,virtual,1,25,0.04,0.0,0.04,0.08,0.04,0.08,0.0,0.08,0.04,0.2,0.0,0.04,0.0,0.04,0.04,0.12,0.08,0.0,0.04,0.04,2855.2008000000005,-1.7491199851575372,4.676564598083496,0.12,19.508000000000006
705,SEAAKAYMKGLEYQMSGNEQWSKT,inactive - virtual,inactive - virtual,0,Inactive,virtual,1,24,0.125,0.0,0.0,0.125,0.0,0.08333333333333333,0.0,0.0,0.125,0.041666666666666664,0.08333333333333333,0.041666666666666664,0.0,0.08333333333333333,0.0,0.125,0.041666666666666664,0.0,0.041666666666666664,0.08333333333333333,2738.0132000000003,-0.7559373681411814,5.951690483093262,0.125,55.17500000000001
706,SEEEENNVIEQAKEEIKEAIKKADET,inactive - virtual,inactive - virtual,0,Inactive,virtual,1,26,0.11538461538461539,0.0,0.038461538461538464,0.34615384615384615,0.0,0.0,0.0,0.11538461538461539,0.15384615384615385,0.0,0.0,0.07692307692307693,0.0,0.038461538461538464,0.0,0.038461538461538464,0.038461538461538464,0.038461538461538464,0.0,0.0,3004.1710000000003,-6.746260725679823,4.261981010437012,0.0,89.09615384615383
707,SEELNSAWTIAYDELAIVIKKEMDDA,inactive - virtual,inactive - virtual,0,Inactive,virtual,1,26,0.15384615384615385,0.0,0.11538461538461539,0.15384615384615385,0.0,0.0,0.0,0.11538461538461539,0.07692307692307693,0.07692307692307693,0.038461538461538464,0.038461538461538464,0.0,0.0,0.0,0.07692307692307693,0.038461538461538464,0.038461538461538464,0.038461538461538464,0.038461538461538464,2955.2489,-5.748465969401751,4.0500284194946286,0.07692307692307693,26.35769230769231
708,SEERIRSGVKRLSKSRQ,inactive - virtual,inactive - virtual,0,Inactive,virtual,1,17,0.0,0.0,0.0,0.11764705882352941,0.0,0.058823529411764705,0.0,0.058823529411764705,0.11764705882352941,0.058823529411764705,0.0,0.0,0.0,0.058823529411764705,0.23529411764705882,0.23529411764705882,0.0,0.058823529411764705,0.0,0.0,2016.2666,3.250358175987337,11.553846549987792,0.0,105.90588235294118
709,SEEVLAMVSRKM,inactive - virtual,inactive - virtual,0,Inactive,virtual,1,12,0.08333333333333333,0.0,0.0,0.16666666666666666,0.0,0.0,0.0,0.0,0.08333333333333333,0.08333333333333333,0.16666666666666666,0.0,0.0,0.0,0.08333333333333333,0.16666666666666666,0.0,0.16666666666666666,0.0,0.0,1379.6453999999999,-0.7470608766452567,5.86364688873291,0.0,95.60000000000001
710,SEEYIQLLKKLI,inactive - virtual,inactive - virtual,0,Inactive,virtual,1,12,0.0,0.0,0.0,0.16666666666666666,0.0,0.0,0.0,0.16666666666666666,0.16666666666666666,0.25,0.0,0.0,0.0,0.08333333333333333,0.0,0.08333333333333333,0.0,0.0,0.0,0.08333333333333333,1476.7556,-0.7520469437464548,5.863249015808105,0.08333333333333334,38.233333333333334
711,SEREAVEIIKKN,inactive - virtual,inactive - virtual,0,Inactive,virtual,1,12,0.08333333333333333,0.0,0.0,0.25,0.0,0.0,0.0,0.16666666666666666,0.16666666666666666,0.0,0.0,0.08333333333333333,0.0,0.0,0.08333333333333333,0.08333333333333333,0.0,0.08333333333333333,0.0,0.0,1415.5916,-0.7484457083726976,5.952315711975097,0.0,34.19166666666667
712,SESAVSHQLRSLRNL,inactive - virtual,inactive - virtual,0,Inactive,virtual,1,15,0.06666666666666667,0.0,0.0,0.06666666666666667,0.0,0.0,0.06666666666666667,0.0,0.0,0.2,0.0,0.06666666666666667,0.0,0.06666666666666667,0.13333333333333333,0.26666666666666666,0.0,0.06666666666666667,0.0,0.0,1696.8627000000001,0.29092527802485835,9.338003730773927,0.0,98.21333333333332
713,SESKLIEQAFR,inactive - virtual,inactive - virtual,0,Inactive,virtual,1,11,0.09090909090909091,0.0,0.0,0.18181818181818182,0.09090909090909091,0.0,0.0,0.09090909090909091,0.09090909090909091,0.09090909090909091,0.0,0.0,0.0,0.09090909090909091,0.09090909090909091,0.18181818181818182,0.0,0.0,0.0,0.0,1307.4520000000002,-0.7470608766452567,5.86364688873291,0.09090909090909091,93.84545454545454
714,SFADFKAQFTDAAIKN,inactive - virtual,inactive - virtual,0,Inactive,virtual,1,16,0.25,0.0,0.125,0.0,0.1875,0.0,0.0,0.0625,0.125,0.0,0.0,0.0625,0.0,0.0625,0.0,0.0625,0.0625,0.0,0.0,0.0,1773.9383000000003,-0.7508899046488482,5.679318046569825,0.1875,-20.056250000000002
715,SFDRVMNAIEEN,inactive - virtual,inactive - virtual,0,Inactive,virtual,1,12,0.08333333333333333,0.0,0.08333333333333333,0.16666666666666666,0.08333333333333333,0.0,0.0,0.08333333333333333,0.0,0.0,0.08333333333333333,0.16666666666666666,0.0,0.0,0.08333333333333333,0.08333333333333333,0.0,0.08333333333333333,0.0,0.0,1424.5352,-2.744108799822966,4.136821556091308,0.08333333333333334,76.95
716,SFSRIISELGTRD,inactive - virtual,inactive - virtual,0,Inactive,virtual,1,13,0.0,0.0,0.07692307692307693,0.07692307692307693,0.07692307692307693,0.07692307692307693,0.0,0.15384615384615385,0.0,0.07692307692307693,0.0,0.0,0.0,0.0,0.15384615384615385,0.23076923076923078,0.07692307692307693,0.0,0.0,0.0,1480.6218000000001,-0.7439853677041257,5.914688301086425,0.07692307692307693,32.330769230769235
717,SGARRVRIAQTLTEN,inactive - virtual,inactive - virtual,0,Inactive,virtual,1,15,0.13333333333333333,0.0,0.0,0.06666666666666667,0.0,0.06666666666666667,0.0,0.06666666666666667,0.0,0.06666666666666667,0.0,0.06666666666666667,0.0,0.06666666666666667,0.2,0.06666666666666667,0.13333333333333333,0.06666666666666667,0.0,0.0,1671.8566,1.2542737186154378,11.698964881896973,0.0,54.699999999999996
718,SGDELYELLQHILKQRDHHHHH,inactive - virtual,inactive - virtual,0,Inactive,virtual,1,22,0.0,0.0,0.09090909090909091,0.09090909090909091,0.0,0.045454545454545456,0.2727272727272727,0.045454545454545456,0.045454545454545456,0.18181818181818182,0.0,0.0,0.0,0.09090909090909091,0.045454545454545456,0.045454545454545456,0.0,0.0,0.0,0.045454545454545456,2742.960099999999,-2.528914853946251,6.241341972351075,0.045454545454545456,56.550000000000004
719,SGPAYVFYLLDALQNAAIRQ,inactive - virtual,inactive - virtual,0,Inactive,virtual,1,20,0.2,0.0,0.05,0.0,0.05,0.05,0.0,0.05,0.0,0.15,0.0,0.05,0.05,0.1,0.05,0.05,0.0,0.05,0.0,0.1,2210.4864,-0.7513615070372266,5.552567100524903,0.15000000000000002,61.36050000000001
720,SGRFWKLYIEAEIKA,inactive - virtual,inactive - virtual,0,Inactive,virtual,1,15,0.13333333333333333,0.0,0.0,0.13333333333333333,0.06666666666666667,0.06666666666666667,0.0,0.13333333333333333,0.13333333333333333,0.06666666666666667,0.0,0.0,0.0,0.0,0.06666666666666667,0.06666666666666667,0.0,0.0,0.06666666666666667,0.06666666666666667,1811.0877,0.247927938020172,8.219993019104006,0.2,40.14666666666666
721,SGTIKAAHEVLMEMG,inactive - virtual,inactive - virtual,0,Inactive,virtual,1,15,0.13333333333333333,0.0,0.0,0.13333333333333333,0.0,0.13333333333333333,0.06666666666666667,0.06666666666666667,0.06666666666666667,0.06666666666666667,0.13333333333333333,0.0,0.0,0.0,0.0,0.06666666666666667,0.06666666666666667,0.06666666666666667,0.0,0.0,1573.8327000000004,-1.7104093172358363,5.376252555847168,0.0,-7.646666666666666
722,SHAQDIYKEAFNSAWDQY,inactive - virtual,inactive - virtual,0,Inactive,virtual,1,18,0.16666666666666666,0.0,0.1111111111111111,0.05555555555555555,0.05555555555555555,0.0,0.05555555555555555,0.05555555555555555,0.05555555555555555,0.0,0.0,0.05555555555555555,0.0,0.1111111111111111,0.0,0.1111111111111111,0.0,0.0,0.05555555555555555,0.1111111111111111,2173.2527000000005,-2.715648295200242,4.534751319885253,0.2222222222222222,15.95555555555556
723,SIDEKYEAEVKKSEIDHHK,inactive - virtual,inactive - virtual,0,Inactive,virtual,1,19,0.05263157894736842,0.0,0.10526315789473684,0.21052631578947367,0.0,0.0,0.10526315789473684,0.10526315789473684,0.21052631578947367,0.0,0.0,0.0,0.0,0.0,0.0,0.10526315789473684,0.0,0.05263157894736842,0.0,0.05263157894736842,2285.4658,-2.680670756539233,5.430874824523924,0.052631578947368425,36.72631578947368
724,SIERLLEMESL,inactive - virtual,inactive - virtual,0,Inactive,virtual,1,11,0.0,0.0,0.0,0.2727272727272727,0.0,0.0,0.0,0.09090909090909091,0.0,0.2727272727272727,0.09090909090909091,0.0,0.0,0.0,0.09090909090909091,0.18181818181818182,0.0,0.0,0.0,0.0,1319.5240000000001,-2.7434345230381263,4.251863670349121,0.0,66.54545454545455
725,SIPHLANLLIERSQ,inactive - virtual,inactive - virtual,0,Inactive,virtual,1,14,0.07142857142857142,0.0,0.0,0.07142857142857142,0.0,0.0,0.07142857142857142,0.14285714285714285,0.0,0.21428571428571427,0.0,0.07142857142857142,0.07142857142857142,0.07142857142857142,0.07142857142857142,0.14285714285714285,0.0,0.0,0.0,0.0,1590.8218,-0.7090496037417684,6.467390632629394,0.0,83.75714285714287
726,SISRYKTIEWLNYIATEL,inactive - virtual,inactive - virtual,0,Inactive,virtual,1,18,0.05555555555555555,0.0,0.0,0.1111111111111111,0.0,0.0,0.0,0.16666666666666666,0.05555555555555555,0.1111111111111111,0.0,0.05555555555555555,0.0,0.0,0.05555555555555555,0.1111111111111111,0.1111111111111111,0.0,0.05555555555555555,0.1111111111111111,2200.4885000000004,-0.752072061979828,5.863249015808105,0.16666666666666666,49.57222222222223
727,SKDALMLEAFEQLLGKRRELLGE,inactive - virtual,inactive - virtual,0,Inactive,virtual,1,23,0.08695652173913043,0.0,0.043478260869565216,0.17391304347826086,0.043478260869565216,0.08695652173913043,0.0,0.0,0.08695652173913043,0.2608695652173913,0.043478260869565216,0.0,0.0,0.043478260869565216,0.08695652173913043,0.043478260869565216,0.0,0.0,0.0,0.0,2647.0550000000007,-1.7448110948545255,5.153784751892089,0.043478260869565216,50.04782608695652
728,SKDLAQTSYFMATNSLHLT,inactive - virtual,inactive - virtual,0,Inactive,virtual,1,19,0.10526315789473684,0.0,0.05263157894736842,0.0,0.05263157894736842,0.0,0.05263157894736842,0.0,0.05263157894736842,0.15789473684210525,0.05263157894736842,0.05263157894736842,0.0,0.05263157894736842,0.0,0.15789473684210525,0.15789473684210525,0.0,0.0,0.05263157894736842,2128.3613,-0.7147099476278063,6.460228919982909,0.10526315789473685,8.057894736842105
729,SKEDIDTAMKLGAG,inactive - virtual,inactive - virtual,0,Inactive,virtual,1,14,0.14285714285714285,0.0,0.14285714285714285,0.07142857142857142,0.0,0.14285714285714285,0.0,0.07142857142857142,0.14285714285714285,0.07142857142857142,0.07142857142857142,0.0,0.0,0.0,0.0,0.07142857142857142,0.07142857142857142,0.0,0.0,0.0,1435.5995,-1.7497691437090035,4.55617961883545,0.0,0.17857142857142985
730,SKEDVERVKLRINLARNWVKKY,inactive - virtual,inactive - virtual,0,Inactive,virtual,1,22,0.045454545454545456,0.0,0.045454545454545456,0.09090909090909091,0.0,0.0,0.0,0.045454545454545456,0.18181818181818182,0.09090909090909091,0.0,0.09090909090909091,0.0,0.0,0.13636363636363635,0.045454545454545456,0.0,0.13636363636363635,0.045454545454545456,0.045454545454545456,2745.1863000000003,3.2433130003738584,10.160878181457516,0.09090909090909091,17.613636363636367
731,SKEEQRDYVFYLAVGNYRL,inactive - virtual,inactive - virtual,0,Inactive,virtual,1,19,0.05263157894736842,0.0,0.05263157894736842,0.10526315789473684,0.05263157894736842,0.05263157894736842,0.0,0.0,0.05263157894736842,0.10526315789473684,0.0,0.05263157894736842,0.0,0.05263157894736842,0.10526315789473684,0.05263157894736842,0.0,0.10526315789473684,0.0,0.15789473684210525,2350.5833000000007,-0.7541562887254827,5.903263664245605,0.21052631578947367,36.09
732,SKIQKELVAIMN,inactive - virtual,inactive - virtual,0,Inactive,virtual,1,12,0.08333333333333333,0.0,0.0,0.08333333333333333,0.0,0.0,0.0,0.16666666666666666,0.16666666666666666,0.08333333333333333,0.08333333333333333,0.08333333333333333,0.0,0.08333333333333333,0.0,0.08333333333333333,0.0,0.08333333333333333,0.0,0.0,1373.6607000000001,0.24933788798098666,8.310893440246584,0.0,2.091666666666667
733,SKPIQNVESGFIFALVS,inactive - virtual,inactive - virtual,0,Inactive,virtual,1,17,0.058823529411764705,0.0,0.0,0.058823529411764705,0.11764705882352941,0.058823529411764705,0.0,0.11764705882352941,0.058823529411764705,0.058823529411764705,0.0,0.058823529411764705,0.058823529411764705,0.058823529411764705,0.0,0.17647058823529413,0.0,0.11764705882352941,0.0,0.0,1836.0921000000003,-0.7481565193517274,5.718195915222168,0.11764705882352942,16.30588235294118
734,SKYLKSLLSLM,inactive - virtual,inactive - virtual,0,Inactive,virtual,1,11,0.0,0.0,0.0,0.0,0.0,0.0,0.0,0.0,0.18181818181818182,0.36363636363636365,0.09090909090909091,0.0,0.0,0.0,0.0,0.2727272727272727,0.0,0.0,0.0,0.09090909090909091,1282.5914,1.2457115343738563,9.7000581741333,0.09090909090909091,1.3727272727272726
735,SKYRLTVVVAKRAQQLLRH,inactive - virtual,inactive - virtual,0,Inactive,virtual,1,19,0.10526315789473684,0.0,0.0,0.0,0.0,0.0,0.05263157894736842,0.0,0.10526315789473684,0.15789473684210525,0.0,0.0,0.0,0.10526315789473684,0.15789473684210525,0.05263157894736842,0.05263157894736842,0.15789473684210525,0.0,0.05263157894736842,2266.6907,4.2822626208497825,11.733906745910645,0.052631578947368425,48.1421052631579
736,SLAEALGWLFVSEGS,inactive - virtual,inactive - virtual,0,Inactive,virtual,1,15,0.13333333333333333,0.0,0.0,0.13333333333333333,0.06666666666666667,0.13333333333333333,0.0,0.0,0.0,0.2,0.0,0.0,0.0,0.0,0.0,0.2,0.0,0.06666666666666667,0.06666666666666667,0.0,1565.7211000000002,-2.7445301657445973,4.0500284194946286,0.13333333333333333,38.626666666666665
737,SLEQQFSIRSFATQVQNM,inactive - virtual,inactive - virtual,0,Inactive,virtual,1,18,0.05555555555555555,0.0,0.0,0.05555555555555555,0.1111111111111111,0.0,0.0,0.05555555555555555,0.0,0.05555555555555555,0.05555555555555555,0.05555555555555555,0.0,0.2222222222222222,0.05555555555555555,0.16666666666666666,0.05555555555555555,0.05555555555555555,0.0,0.0,2114.3379,-0.7456760449178153,5.7184232711792,0.1111111111111111,42.68888888888888
738,SLESLIDMITSI,inactive - virtual,inactive - virtual,0,Inactive,virtual,1,12,0.0,0.0,0.08333333333333333,0.08333333333333333,0.0,0.0,0.0,0.25,0.0,0.16666666666666666,0.08333333333333333,0.0,0.0,0.0,0.0,0.25,0.08333333333333333,0.0,0.0,0.0,1321.5365000000002,-2.745204442529437,4.0500284194946286,0.0,25.21666666666667
739,SLKDQLALAIGKLG,inactive - virtual,inactive - virtual,0,Inactive,virtual,1,14,0.14285714285714285,0.0,0.07142857142857142,0.0,0.0,0.14285714285714285,0.0,0.07142857142857142,0.14285714285714285,0.2857142857142857,0.0,0.0,0.0,0.07142857142857142,0.0,0.07142857142857142,0.0,0.0,0.0,0.0,1426.7002,0.24866361119614666,8.310377693176271,0.0,-8.907142857142858
740,SLLPTLSAIAEL,inactive - virtual,inactive - virtual,0,Inactive,virtual,1,12,0.16666666666666666,0.0,0.0,0.08333333333333333,0.0,0.0,0.0,0.08333333333333333,0.0,0.3333333333333333,0.0,0.0,0.08333333333333333,0.0,0.0,0.16666666666666666,0.08333333333333333,0.0,0.0,0.0,1227.4468000000002,-1.7456509266844416,4.0500284194946286,0.0,25.21666666666667
741,SLPEMFDKMRPYYEESKKRVKE,inactive - virtual,inactive - virtual,0,Inactive,virtual,1,22,0.0,0.0,0.045454545454545456,0.18181818181818182,0.045454545454545456,0.0,0.0,0.0,0.18181818181818182,0.045454545454545456,0.09090909090909091,0.0,0.09090909090909091,0.0,0.09090909090909091,0.09090909090909091,0.0,0.045454545454545456,0.0,0.09090909090909091,2791.2051000000006,0.24516653447633274,8.067331886291505,0.13636363636363635,87.35909090909091
742,SMDHRIERLEYYIQLLVK,inactive - virtual,inactive - virtual,0,Inactive,virtual,1,18,0.0,0.0,0.05555555555555555,0.1111111111111111,0.0,0.0,0.05555555555555555,0.1111111111111111,0.05555555555555555,0.16666666666666666,0.05555555555555555,0.0,0.0,0.05555555555555555,0.1111111111111111,0.05555555555555555,0.0,0.05555555555555555,0.0,0.1111111111111111,2306.6816000000003,-0.7150242548821497,6.480861473083496,0.1111111111111111,39.111111111111114
743,SNEQRQDIAFAYQRRTK,inactive - virtual,inactive - virtual,0,Inactive,virtual,1,17,0.11764705882352941,0.0,0.058823529411764705,0.058823529411764705,0.058823529411764705,0.0,0.0,0.058823529411764705,0.058823529411764705,0.0,0.0,0.058823529411764705,0.0,0.17647058823529413,0.17647058823529413,0.058823529411764705,0.058823529411764705,0.0,0.0,0.058823529411764705,2111.2779000000005,1.2497090174358712,9.976305198669433,0.11764705882352942,77.09411764705882
744,SNEVMRILISRSLLQE,inactive - virtual,inactive - virtual,0,Inactive,virtual,1,16,0.0,0.0,0.0,0.125,0.0,0.0,0.0,0.125,0.0,0.1875,0.0625,0.0625,0.0,0.0625,0.125,0.1875,0.0,0.0625,0.0,0.0,1888.1934,-0.7424879155546473,6.006426429748534,0.0,88.6125
745,SNTELQAVDGRFKRAVASMEAARALTNN,inactive - virtual,inactive - virtual,0,Inactive,virtual,1,28,0.21428571428571427,0.0,0.03571428571428571,0.07142857142857142,0.03571428571428571,0.03571428571428571,0.0,0.0,0.03571428571428571,0.07142857142857142,0.03571428571428571,0.10714285714285714,0.0,0.03571428571428571,0.10714285714285714,0.07142857142857142,0.07142857142857142,0.07142857142857142,0.0,0.0,3021.3251999999993,0.2533353710430015,8.460137748718264,0.03571428571428572,20.67142857142857
746,SPAEVRDLDFANDASKVLGSIAGKLEK,inactive - virtual,inactive - virtual,0,Inactive,virtual,1,27,0.14814814814814814,0.0,0.1111111111111111,0.07407407407407407,0.037037037037037035,0.07407407407407407,0.0,0.037037037037037035,0.1111111111111111,0.1111111111111111,0.0,0.037037037037037035,0.037037037037037035,0.0,0.037037037037037035,0.1111111111111111,0.0,0.07407407407407407,0.0,0.0,2831.1382000000003,-1.750732609514814,4.860381889343262,0.037037037037037035,20.811111111111103
747,SPAQAEALGVWRRYRAYFDA,inactive - virtual,inactive - virtual,0,Inactive,virtual,1,20,0.25,0.0,0.05,0.05,0.05,0.05,0.0,0.0,0.0,0.05,0.0,0.0,0.05,0.05,0.15,0.05,0.0,0.05,0.05,0.1,2327.555,0.24970901743587115,8.307798957824708,0.2,63.68500000000001
748,SPAVIDYVNRLEEIRDNV,inactive - virtual,inactive - virtual,0,Inactive,virtual,1,18,0.05555555555555555,0.0,0.1111111111111111,0.1111111111111111,0.0,0.0,0.0,0.1111111111111111,0.0,0.05555555555555555,0.0,0.1111111111111111,0.05555555555555555,0.0,0.1111111111111111,0.05555555555555555,0.0,0.16666666666666666,0.0,0.05555555555555555,2102.3041000000003,-2.74619302656862,4.315978050231934,0.05555555555555555,73.36666666666667
749,SPAVQMKIKELYRRR,inactive - virtual,inactive - virtual,0,Inactive,virtual,1,15,0.06666666666666667,0.0,0.0,0.06666666666666667,0.0,0.0,0.0,0.06666666666666667,0.13333333333333333,0.06666666666666667,0.06666666666666667,0.0,0.06666666666666667,0.06666666666666667,0.2,0.06666666666666667,0.0,0.06666666666666667,0.0,0.06666666666666667,1875.246,3.2467569406135803,11.000063133239745,0.06666666666666667,105.24666666666667
750,SPEEAAALVDGLR,inactive - virtual,inactive - virtual,0,Inactive,virtual,1,13,0.23076923076923078,0.0,0.07692307692307693,0.15384615384615385,0.0,0.07692307692307693,0.0,0.0,0.0,0.15384615384615385,0.0,0.0,0.07692307692307693,0.0,0.07692307692307693,0.07692307692307693,0.0,0.07692307692307693,0.0,0.0,1327.4401,-2.744108799822966,4.136821556091308,0.0,84.73076923076923
751,SPEEKEEWMKSIKASISR,inactive - virtual,inactive - virtual,0,Inactive,virtual,1,18,0.05555555555555555,0.0,0.0,0.2222222222222222,0.0,0.0,0.0,0.1111111111111111,0.16666666666666666,0.0,0.05555555555555555,0.0,0.05555555555555555,0.0,0.05555555555555555,0.2222222222222222,0.0,0.0,0.05555555555555555,0.0,2135.3973,-0.749830540100139,6.016486930847167,0.05555555555555555,90.52222222222221
752,SPEHRQELIER,inactive - virtual,inactive - virtual,0,Inactive,virtual,1,11,0.0,0.0,0.0,0.2727272727272727,0.0,0.0,0.09090909090909091,0.09090909090909091,0.0,0.09090909090909091,0.0,0.0,0.09090909090909091,0.09090909090909091,0.18181818181818182,0.09090909090909091,0.0,0.0,0.0,0.0,1393.5049000000001,-1.7068332000954527,5.473560905456543,0.0,132.94545454545454
753,SPEIASGLKKLIRE,inactive - virtual,inactive - virtual,0,Inactive,virtual,1,14,0.07142857142857142,0.0,0.0,0.14285714285714285,0.0,0.07142857142857142,0.0,0.14285714285714285,0.14285714285714285,0.14285714285714285,0.0,0.0,0.07142857142857142,0.0,0.07142857142857142,0.14285714285714285,0.0,0.0,0.0,0.0,1540.803,0.2525260173441546,8.31192493438721,0.0,54.71428571428572
754,SPEQMQVLLDQAG,inactive - virtual,inactive - virtual,0,Inactive,virtual,1,13,0.07692307692307693,0.0,0.07692307692307693,0.07692307692307693,0.0,0.07692307692307693,0.0,0.0,0.0,0.15384615384615385,0.07692307692307693,0.0,0.07692307692307693,0.23076923076923078,0.0,0.07692307692307693,0.0,0.07692307692307693,0.0,0.0,1415.5682,-2.745204442529437,4.0500284194946286,0.0,59.615384615384606
755,SPEVVVARGEQE,inactive - virtual,inactive - virtual,0,Inactive,virtual,1,12,0.08333333333333333,0.0,0.0,0.25,0.0,0.08333333333333333,0.0,0.0,0.0,0.0,0.0,0.0,0.08333333333333333,0.08333333333333333,0.08333333333333333,0.08333333333333333,0.0,0.25,0.0,0.0,1299.3869000000002,-2.74134203638143,4.522133064270019,0.0,79.00833333333334
756,SPKEAYAYLEKLRSIIQYTG,inactive - virtual,inactive - virtual,0,Inactive,virtual,1,20,0.1,0.0,0.0,0.1,0.0,0.05,0.0,0.1,0.1,0.1,0.0,0.0,0.05,0.05,0.05,0.1,0.05,0.0,0.0,0.15,2330.6336,0.24291675268560065,8.10543270111084,0.15,58.405000000000015
757,SPKESEVLRLFAEG,inactive - virtual,inactive - virtual,0,Inactive,virtual,1,14,0.07142857142857142,0.0,0.0,0.21428571428571427,0.07142857142857142,0.07142857142857142,0.0,0.0,0.07142857142857142,0.14285714285714285,0.0,0.0,0.07142857142857142,0.0,0.07142857142857142,0.14285714285714285,0.0,0.07142857142857142,0.0,0.0,1561.7342999999998,-1.745940115705412,4.7827966690063475,0.07142857142857144,81.94285714285715
758,SPKSTYSYWASVLN,inactive - virtual,inactive - virtual,0,Inactive,virtual,1,14,0.07142857142857142,0.0,0.0,0.0,0.0,0.0,0.0,0.0,0.07142857142857142,0.07142857142857142,0.0,0.07142857142857142,0.07142857142857142,0.0,0.0,0.2857142857142857,0.07142857142857142,0.07142857142857142,0.07142857142857142,0.14285714285714285,1602.7413000000001,0.2457115343738563,8.219219398498538,0.2142857142857143,22.52857142857143
759,SPSKSLQMILRRALGDFENMLAD,inactive - virtual,inactive - virtual,0,Inactive,virtual,1,23,0.08695652173913043,0.0,0.08695652173913043,0.043478260869565216,0.043478260869565216,0.043478260869565216,0.0,0.043478260869565216,0.043478260869565216,0.17391304347826086,0.08695652173913043,0.043478260869565216,0.043478260869565216,0.043478260869565216,0.08695652173913043,0.13043478260869565,0.0,0.0,0.0,0.0,2592.9876,-0.7460444762164067,5.947370719909667,0.043478260869565216,85.9
760,SPVVIKKRIEGLIER,inactive - virtual,inactive - virtual,0,Inactive,virtual,1,15,0.0,0.0,0.0,0.13333333333333333,0.0,0.06666666666666667,0.0,0.2,0.13333333333333333,0.06666666666666667,0.0,0.0,0.06666666666666667,0.0,0.13333333333333333,0.06666666666666667,0.0,0.13333333333333333,0.0,0.0,1737.0955000000004,1.2504084124540835,9.984170341491701,0.0,126.12666666666667
761,SQESINQLVYMG,inactive - virtual,inactive - virtual,0,Inactive,virtual,1,12,0.0,0.0,0.0,0.08333333333333333,0.0,0.08333333333333333,0.0,0.08333333333333333,0.0,0.08333333333333333,0.08333333333333333,0.08333333333333333,0.0,0.16666666666666666,0.0,0.16666666666666666,0.0,0.08333333333333333,0.0,0.08333333333333333,1368.5115999999996,-1.7481565193517272,4.0500284194946286,0.08333333333333334,81.36666666666667
762,SQRQRDELNRAIADYLRSN,inactive - virtual,inactive - virtual,0,Inactive,virtual,1,19,0.10526315789473684,0.0,0.10526315789473684,0.05263157894736842,0.0,0.0,0.0,0.05263157894736842,0.0,0.10526315789473684,0.0,0.10526315789473684,0.0,0.10526315789473684,0.21052631578947367,0.10526315789473684,0.0,0.0,0.0,0.05263157894736842,2305.4669000000004,0.2526359760247878,8.45743007659912,0.052631578947368425,58.54210526315789
763,SRAITQYIAHR,inactive - virtual,inactive - virtual,0,Inactive,virtual,1,11,0.18181818181818182,0.0,0.0,0.0,0.0,0.0,0.09090909090909091,0.18181818181818182,0.0,0.0,0.0,0.0,0.0,0.09090909090909091,0.18181818181818182,0.09090909090909091,0.09090909090909091,0.0,0.0,0.09090909090909091,1315.4806,1.287298924417728,10.834379386901855,0.09090909090909091,5.1727272727272755
764,SRAKASFDTRVAAAELALNR,inactive - virtual,inactive - virtual,0,Inactive,virtual,1,20,0.3,0.0,0.05,0.05,0.05,0.0,0.0,0.0,0.05,0.1,0.0,0.05,0.0,0.0,0.15,0.1,0.05,0.05,0.0,0.0,2147.3946000000005,1.2522146101031568,10.736645317077638,0.05,17.785
765,SRDLQEKYERHMEKLIELANKEVERT,inactive - virtual,inactive - virtual,0,Inactive,virtual,1,26,0.038461538461538464,0.0,0.038461538461538464,0.23076923076923078,0.0,0.0,0.038461538461538464,0.038461538461538464,0.11538461538461539,0.11538461538461539,0.038461538461538464,0.038461538461538464,0.0,0.038461538461538464,0.11538461538461539,0.038461538461538464,0.038461538461538464,0.038461538461538464,0.0,0.038461538461538464,3245.6215000000007,-1.713071922023432,5.663687324523925,0.038461538461538464,64.21923076923078
766,SRKALTEGNIMAVQAMAYFKELIQKRKRH,inactive - virtual,inactive - virtual,0,Inactive,virtual,1,29,0.13793103448275862,0.0,0.0,0.06896551724137931,0.034482758620689655,0.034482758620689655,0.034482758620689655,0.06896551724137931,0.13793103448275862,0.06896551724137931,0.06896551724137931,0.034482758620689655,0.0,0.06896551724137931,0.10344827586206896,0.034482758620689655,0.034482758620689655,0.034482758620689655,0.0,0.034482758620689655,3419.0344000000005,4.2794929573949005,10.54859104156494,0.06896551724137931,67.61379310344827
767,SRPLHISTFINELDSGFRLL,inactive - virtual,inactive - virtual,0,Inactive,virtual,1,20,0.0,0.0,0.05,0.05,0.1,0.05,0.05,0.1,0.0,0.2,0.0,0.05,0.05,0.0,0.1,0.15,0.05,0.0,0.0,0.0,2315.6255,-0.708628237820137,6.471596717834472,0.1,66.53
768,SRWGVLILVAL,inactive - virtual,inactive - virtual,0,Inactive,virtual,1,11,0.09090909090909091,0.0,0.0,0.0,0.0,0.09090909090909091,0.0,0.09090909090909091,0.0,0.2727272727272727,0.0,0.0,0.0,0.0,0.09090909090909091,0.09090909090909091,0.0,0.18181818181818182,0.09090909090909091,0.0,1226.5097999999998,0.25320319414234005,9.46507091522217,0.09090909090909091,86.75454545454546
769,SSAVSRIISKLKQ,inactive - virtual,inactive - virtual,0,Inactive,virtual,1,13,0.07692307692307693,0.0,0.0,0.0,0.0,0.0,0.0,0.15384615384615385,0.15384615384615385,0.07692307692307693,0.0,0.0,0.0,0.07692307692307693,0.07692307692307693,0.3076923076923077,0.0,0.07692307692307693,0.0,0.0,1416.6656999999998,2.2481920088077687,11.16600475311279,0.0,43.98461538461539
770,SSQNWQRFYQLTKLLDSMHEVVENLL,inactive - virtual,inactive - virtual,0,Inactive,virtual,1,26,0.0,0.0,0.038461538461538464,0.07692307692307693,0.038461538461538464,0.0,0.038461538461538464,0.0,0.038461538461538464,0.19230769230769232,0.038461538461538464,0.07692307692307693,0.0,0.11538461538461539,0.038461538461538464,0.11538461538461539,0.038461538461538464,0.07692307692307693,0.038461538461538464,0.038461538461538464,3179.5594999999994,-1.7124935439814903,5.421837425231933,0.11538461538461539,59.15423076923078
771,SSREWFSTLYRLFIG,inactive - virtual,inactive - virtual,0,Inactive,virtual,1,15,0.0,0.0,0.0,0.06666666666666667,0.13333333333333333,0.06666666666666667,0.0,0.06666666666666667,0.0,0.13333333333333333,0.0,0.0,0.0,0.0,0.13333333333333333,0.2,0.06666666666666667,0.0,0.06666666666666667,0.06666666666666667,1862.0913,0.2517932441815258,8.461298179626464,0.26666666666666666,13.72
772,STATFYDAKKFLIQE,inactive - virtual,inactive - virtual,0,Inactive,virtual,1,15,0.13333333333333333,0.0,0.06666666666666667,0.06666666666666667,0.13333333333333333,0.0,0.0,0.06666666666666667,0.13333333333333333,0.06666666666666667,0.0,0.0,0.0,0.06666666666666667,0.0,0.06666666666666667,0.13333333333333333,0.0,0.0,0.06666666666666667,1761.9674000000005,-0.7506287338745974,5.967491722106933,0.2,67.92066666666668
773,STEVVALSRLQGSLQDMLWQLDLS,inactive - virtual,inactive - virtual,0,Inactive,virtual,1,24,0.041666666666666664,0.0,0.08333333333333333,0.041666666666666664,0.0,0.041666666666666664,0.0,0.0,0.0,0.25,0.041666666666666664,0.0,0.0,0.125,0.041666666666666664,0.16666666666666666,0.041666666666666664,0.08333333333333333,0.041666666666666664,0.0,2690.0331999999994,-2.7447830766078054,4.0500284194946286,0.04166666666666667,70.69166666666666
774,STLVQTPALRAVGNIV,inactive - virtual,inactive - virtual,0,Inactive,virtual,1,16,0.125,0.0,0.0,0.0,0.0,0.0625,0.0,0.0625,0.0,0.125,0.0,0.0625,0.0625,0.0625,0.0625,0.0625,0.125,0.1875,0.0,0.0,1638.9060000000004,0.25320319414234005,9.46507091522217,0.0,44.99375
775,STLVSVAVALAAYKTG,inactive - virtual,inactive - virtual,0,Inactive,virtual,1,16,0.25,0.0,0.0,0.0,0.0,0.0625,0.0,0.0,0.0625,0.125,0.0,0.0,0.0,0.0,0.0,0.125,0.125,0.1875,0.0,0.0625,1550.7943,0.24821712704114218,8.310119819641116,0.0625,4.06875
776,SVADHSYRVAFITLLLAEELKKK,inactive - virtual,inactive - virtual,0,Inactive,virtual,1,23,0.13043478260869565,0.0,0.043478260869565216,0.08695652173913043,0.043478260869565216,0.0,0.043478260869565216,0.043478260869565216,0.13043478260869565,0.17391304347826086,0.0,0.0,0.0,0.0,0.043478260869565216,0.08695652173913043,0.043478260869565216,0.08695652173913043,0.0,0.043478260869565216,2632.0618000000004,0.28249527068393787,8.180731773376465,0.08695652173913043,9.004347826086956
777,SVEGLQEFVKNLVGYYI,inactive - virtual,inactive - virtual,0,Inactive,virtual,1,17,0.0,0.0,0.0,0.11764705882352941,0.058823529411764705,0.11764705882352941,0.0,0.058823529411764705,0.058823529411764705,0.11764705882352941,0.0,0.058823529411764705,0.0,0.058823529411764705,0.0,0.058823529411764705,0.0,0.17647058823529413,0.0,0.11764705882352941,1958.2133,-1.7520469437464545,4.529237937927246,0.17647058823529413,35.49411764705882
778,SVEKKVPLLHNFHSFL,inactive - virtual,inactive - virtual,0,Inactive,virtual,1,16,0.0,0.0,0.0,0.0625,0.125,0.0,0.125,0.0,0.125,0.1875,0.0,0.0625,0.0625,0.0,0.0,0.125,0.0,0.125,0.0,0.0,1895.2073,0.32259077033308037,8.357375144958496,0.125,21.512500000000003
779,SVEVAELWSTFMQKWIAYTAAVIDAERDR,inactive - virtual,inactive - virtual,0,Inactive,virtual,1,29,0.1724137931034483,0.0,0.06896551724137931,0.10344827586206896,0.034482758620689655,0.0,0.0,0.06896551724137931,0.034482758620689655,0.034482758620689655,0.034482758620689655,0.0,0.0,0.034482758620689655,0.06896551724137931,0.06896551724137931,0.06896551724137931,0.10344827586206896,0.06896551724137931,0.034482758620689655,3386.7855,-2.7475778582960615,4.512299919128417,0.13793103448275862,13.948275862068964
780,SVLENHHLAVGFKL,inactive - virtual,inactive - virtual,0,Inactive,virtual,1,14,0.07142857142857142,0.0,0.0,0.07142857142857142,0.07142857142857142,0.07142857142857142,0.14285714285714285,0.0,0.07142857142857142,0.21428571428571427,0.0,0.07142857142857142,0.0,0.0,0.0,0.07142857142857142,0.0,0.14285714285714285,0.0,0.0,1563.7979,-0.6749036369996335,6.662234687805176,0.07142857142857144,-13.578571428571427
781,SVNSEIYQRVMESFKKEG,inactive - virtual,inactive - virtual,0,Inactive,virtual,1,18,0.0,0.0,0.0,0.16666666666666666,0.05555555555555555,0.05555555555555555,0.0,0.05555555555555555,0.1111111111111111,0.0,0.05555555555555555,0.05555555555555555,0.0,0.05555555555555555,0.05555555555555555,0.16666666666666666,0.0,0.1111111111111111,0.0,0.05555555555555555,2131.3652000000006,-0.7509513010399833,5.952088356018066,0.1111111111111111,33.19444444444444
782,SVPYFIENLKQHIEMN,inactive - virtual,inactive - virtual,0,Inactive,virtual,1,16,0.0,0.0,0.0,0.125,0.0625,0.0,0.0625,0.125,0.0625,0.0625,0.0625,0.125,0.0625,0.0625,0.0,0.0625,0.0,0.0625,0.0,0.0625,1962.2286000000008,-1.712914909903122,5.376252555847168,0.125,113.26875
783,SVRKVFHLVRIKQVAWANEG,inactive - virtual,inactive - virtual,0,Inactive,virtual,1,20,0.1,0.0,0.0,0.05,0.05,0.05,0.05,0.05,0.1,0.05,0.0,0.05,0.0,0.05,0.1,0.05,0.0,0.2,0.05,0.0,2337.7237,2.285914092690286,11.000127601623536,0.1,1.5450000000000008
784,SVSRAAITAAY,inactive - virtual,inactive - virtual,0,Inactive,virtual,1,11,0.36363636363636365,0.0,0.0,0.0,0.0,0.0,0.0,0.09090909090909091,0.0,0.0,0.0,0.0,0.0,0.0,0.09090909090909091,0.18181818181818182,0.09090909090909091,0.09090909090909091,0.0,0.09090909090909091,1109.2329,0.2506976014750544,8.462780952453613,0.09090909090909091,26.6
785,SVSSIKQAVDFLSNE,inactive - virtual,inactive - virtual,0,Inactive,virtual,1,15,0.06666666666666667,0.0,0.06666666666666667,0.06666666666666667,0.06666666666666667,0.0,0.0,0.06666666666666667,0.06666666666666667,0.06666666666666667,0.0,0.06666666666666667,0.0,0.06666666666666667,0.0,0.26666666666666666,0.0,0.13333333333333333,0.0,0.0,1623.7588999999998,-1.7456175485400258,4.745510292053221,0.06666666666666667,17.226666666666667
786,SVTELITKAVSA,inactive - virtual,inactive - virtual,0,Inactive,virtual,1,12,0.16666666666666666,0.0,0.0,0.08333333333333333,0.0,0.0,0.0,0.08333333333333333,0.08333333333333333,0.08333333333333333,0.0,0.0,0.0,0.0,0.0,0.16666666666666666,0.16666666666666666,0.16666666666666666,0.0,0.0,1218.397,-0.7481565193517274,5.718195915222168,0.0,18.14166666666667
787,SVTKILQRFEDAGG,inactive - virtual,inactive - virtual,0,Inactive,virtual,1,14,0.07142857142857142,0.0,0.07142857142857142,0.07142857142857142,0.07142857142857142,0.14285714285714285,0.0,0.07142857142857142,0.07142857142857142,0.07142857142857142,0.0,0.0,0.0,0.07142857142857142,0.07142857142857142,0.07142857142857142,0.07142857142857142,0.07142857142857142,0.0,0.0,1520.6856,-0.7477351534300962,5.7889604568481445,0.07142857142857144,56.77142857142857
788,SVWASISSYLDELTEGL,inactive - virtual,inactive - virtual,0,Inactive,virtual,1,17,0.058823529411764705,0.0,0.058823529411764705,0.11764705882352941,0.0,0.058823529411764705,0.0,0.058823529411764705,0.0,0.17647058823529413,0.0,0.0,0.0,0.0,0.0,0.23529411764705882,0.058823529411764705,0.058823529411764705,0.058823529411764705,0.058823529411764705,1870.0175000000004,-3.746589274256878,4.0500284194946286,0.11764705882352942,23.229411764705887
789,SWQSLKDRYLKHL,inactive - virtual,inactive - virtual,0,Inactive,virtual,1,13,0.0,0.0,0.07692307692307693,0.0,0.0,0.0,0.07692307692307693,0.0,0.15384615384615385,0.23076923076923078,0.0,0.0,0.0,0.07692307692307693,0.07692307692307693,0.15384615384615385,0.0,0.0,0.07692307692307693,0.07692307692307693,1673.912,1.2827593414715346,9.696963691711428,0.15384615384615385,18.369230769230768
790,SYKDLFLELYGKIKD,inactive - virtual,inactive - virtual,0,Inactive,virtual,1,15,0.0,0.0,0.13333333333333333,0.06666666666666667,0.06666666666666667,0.06666666666666667,0.0,0.06666666666666667,0.2,0.2,0.0,0.0,0.0,0.0,0.0,0.06666666666666667,0.0,0.0,0.0,0.13333333333333333,1832.1002000000003,-0.7560166104188029,5.9465181350708,0.2,-13.306666666666667
791,TAAQELMIQQLVAAQLQ,inactive - virtual,inactive - virtual,0,Inactive,virtual,1,17,0.23529411764705882,0.0,0.0,0.058823529411764705,0.0,0.0,0.0,0.058823529411764705,0.0,0.17647058823529413,0.058823529411764705,0.0,0.0,0.29411764705882354,0.0,0.0,0.058823529411764705,0.058823529411764705,0.0,0.0,1856.1481999999996,-1.7904868427636826,4.0500284194946286,0.0,51.247058823529414
792,TAEQRREMLEAKRKQIINFISRN,inactive - virtual,inactive - virtual,0,Inactive,virtual,1,23,0.08695652173913043,0.0,0.0,0.13043478260869565,0.043478260869565216,0.0,0.0,0.13043478260869565,0.08695652173913043,0.043478260869565216,0.043478260869565216,0.08695652173913043,0.0,0.08695652173913043,0.17391304347826086,0.043478260869565216,0.043478260869565216,0.0,0.0,0.0,2832.2455000000004,2.206643020847941,10.834250450134277,0.043478260869565216,74.50000000000001
793,TAESFYNQGIRLSFEQWG,inactive - virtual,inactive - virtual,0,Inactive,virtual,1,18,0.05555555555555555,0.0,0.0,0.1111111111111111,0.1111111111111111,0.1111111111111111,0.0,0.05555555555555555,0.0,0.05555555555555555,0.0,0.05555555555555555,0.0,0.1111111111111111,0.05555555555555555,0.1111111111111111,0.05555555555555555,0.0,0.05555555555555555,0.05555555555555555,2133.2749,-1.7918967927244975,4.528385353088378,0.2222222222222222,34.28944444444445
794,TAHEAVLDFLTGRVEVFT,inactive - virtual,inactive - virtual,0,Inactive,virtual,1,18,0.1111111111111111,0.0,0.05555555555555555,0.1111111111111111,0.1111111111111111,0.05555555555555555,0.05555555555555555,0.0,0.0,0.1111111111111111,0.0,0.0,0.0,0.0,0.05555555555555555,0.0,0.16666666666666666,0.16666666666666666,0.0,0.0,2005.2303000000002,-2.75231827472616,4.648088264465333,0.1111111111111111,-4.177777777777779
795,TAKQIQAAYLLVENELM,inactive - virtual,inactive - virtual,0,Inactive,virtual,1,17,0.17647058823529413,0.0,0.0,0.11764705882352941,0.0,0.0,0.0,0.058823529411764705,0.058823529411764705,0.17647058823529413,0.058823529411764705,0.058823529411764705,0.0,0.11764705882352941,0.0,0.0,0.058823529411764705,0.058823529411764705,0.0,0.058823529411764705,1935.2448,-1.79437726715841,4.528385353088378,0.05882352941176471,23.317647058823532
796,TAPEMTALVGGMRVLG,inactive - virtual,inactive - virtual,0,Inactive,virtual,1,16,0.125,0.0,0.0,0.0625,0.0,0.1875,0.0,0.0,0.0,0.125,0.125,0.0,0.0625,0.0,0.0625,0.0,0.125,0.125,0.0,0.0,1602.9169000000002,-0.7905119609970561,5.663801002502441,0.0,28.16875
797,TDAEAKQLAQWILS,inactive - virtual,inactive - virtual,0,Inactive,virtual,1,14,0.21428571428571427,0.0,0.07142857142857142,0.07142857142857142,0.0,0.0,0.0,0.07142857142857142,0.07142857142857142,0.14285714285714285,0.0,0.0,0.0,0.14285714285714285,0.0,0.07142857142857142,0.07142857142857142,0.0,0.07142857142857142,0.0,1573.745,-1.7925459512759638,4.368156242370605,0.07142857142857144,39.92857142857143
798,TDKQFENRLNDNLEELIQ,inactive - virtual,inactive - virtual,0,Inactive,virtual,1,18,0.0,0.0,0.1111111111111111,0.16666666666666666,0.05555555555555555,0.0,0.0,0.05555555555555555,0.05555555555555555,0.16666666666666666,0.0,0.16666666666666666,0.0,0.1111111111111111,0.05555555555555555,0.0,0.05555555555555555,0.0,0.0,0.0,2219.3644,-3.789883063474643,4.177006721496581,0.05555555555555555,31.783333333333335
799,TDLEILALLIAALSH,inactive - virtual,inactive - virtual,0,Inactive,virtual,1,15,0.2,0.0,0.06666666666666667,0.06666666666666667,0.0,0.0,0.06666666666666667,0.13333333333333333,0.0,0.3333333333333333,0.0,0.0,0.0,0.0,0.0,0.06666666666666667,0.06666666666666667,0.0,0.0,0.0,1592.8741000000005,-2.753413917432631,4.351218223571778,0.0,35.013333333333335
800,TDQQKVSEIFQSSKEKLQGDAKVVSDAFK,inactive - virtual,inactive - virtual,0,Inactive,virtual,1,29,0.06896551724137931,0.0,0.10344827586206896,0.06896551724137931,0.06896551724137931,0.034482758620689655,0.0,0.034482758620689655,0.1724137931034483,0.034482758620689655,0.0,0.0,0.0,0.13793103448275862,0.0,0.13793103448275862,0.034482758620689655,0.10344827586206896,0.0,0.0,3241.5598,-0.8005545926952529,5.914745140075683,0.06896551724137931,48.64827586206897
801,TEAKKEELLRKLNILEVF,inactive - virtual,inactive - virtual,0,Inactive,virtual,1,18,0.05555555555555555,0.0,0.0,0.2222222222222222,0.05555555555555555,0.0,0.0,0.05555555555555555,0.16666666666666666,0.2222222222222222,0.0,0.05555555555555555,0.0,0.0,0.05555555555555555,0.0,0.05555555555555555,0.05555555555555555,0.0,0.0,2173.5511,-0.7946664561793799,5.964251899719239,0.05555555555555555,79.35000000000001
802,TEEEMLQAAHITAKLAQAAET,inactive - virtual,inactive - virtual,0,Inactive,virtual,1,21,0.2857142857142857,0.0,0.0,0.19047619047619047,0.0,0.0,0.047619047619047616,0.047619047619047616,0.047619047619047616,0.09523809523809523,0.047619047619047616,0.0,0.0,0.09523809523809523,0.0,0.0,0.14285714285714285,0.0,0.0,0.0,2256.4892,-3.753003711435388,4.4803564071655275,0.0,78.10476190476189
803,TEKGKEIFGEILSNFESLLKSVLEK,inactive - virtual,inactive - virtual,0,Inactive,virtual,1,25,0.0,0.0,0.0,0.2,0.08,0.08,0.0,0.08,0.16,0.16,0.0,0.04,0.0,0.0,0.0,0.12,0.04,0.04,0.0,0.0,2839.2397,-1.7960261696734472,5.059147834777831,0.08,28.90400000000001
804,TEQDIIDLKFAIAD,inactive - virtual,inactive - virtual,0,Inactive,virtual,1,14,0.14285714285714285,0.0,0.21428571428571427,0.07142857142857142,0.07142857142857142,0.0,0.0,0.21428571428571427,0.07142857142857142,0.07142857142857142,0.0,0.0,0.0,0.07142857142857142,0.0,0.0,0.07142857142857142,0.0,0.0,0.0,1591.7569,-3.790383671673896,4.0500284194946286,0.07142857142857144,38.42857142857143
805,TEQNFQLAKQIQSQWKEFG,inactive - virtual,inactive - virtual,0,Inactive,virtual,1,19,0.05263157894736842,0.0,0.0,0.10526315789473684,0.10526315789473684,0.05263157894736842,0.0,0.05263157894736842,0.10526315789473684,0.05263157894736842,0.0,0.05263157894736842,0.0,0.2631578947368421,0.0,0.05263157894736842,0.05263157894736842,0.0,0.05263157894736842,0.0,2310.5196,-0.79437726715841,5.809934043884279,0.15789473684210528,67.54210526315788
806,TEREQALAAYAEKLTRH,inactive - virtual,inactive - virtual,0,Inactive,virtual,1,17,0.23529411764705882,0.0,0.0,0.17647058823529413,0.0,0.0,0.058823529411764705,0.0,0.058823529411764705,0.11764705882352941,0.0,0.0,0.0,0.058823529411764705,0.11764705882352941,0.0,0.11764705882352941,0.0,0.0,0.058823529411764705,1987.1772999999998,-0.7566803015092654,6.434310340881347,0.05882352941176471,52.33529411764707
807,TESMKTVRIREKIKKFL,inactive - virtual,inactive - virtual,0,Inactive,virtual,1,17,0.0,0.0,0.0,0.11764705882352941,0.058823529411764705,0.0,0.0,0.11764705882352941,0.23529411764705882,0.058823529411764705,0.058823529411764705,0.0,0.0,0.0,0.11764705882352941,0.058823529411764705,0.11764705882352941,0.058823529411764705,0.0,0.0,2107.5626,3.2005613110402713,10.446344184875485,0.05882352941176471,22.08235294117647
808,TETQIRELLFDLELAYKSFYALL,inactive - virtual,inactive - virtual,0,Inactive,virtual,1,23,0.08695652173913043,0.0,0.043478260869565216,0.13043478260869565,0.08695652173913043,0.0,0.0,0.043478260869565216,0.043478260869565216,0.2608695652173913,0.0,0.0,0.0,0.043478260869565216,0.043478260869565216,0.043478260869565216,0.08695652173913043,0.0,0.0,0.08695652173913043,2777.1700000000005,-2.7953407329642204,4.406067848205566,0.17391304347826086,44.496086956521744
809,TEVYQILNRVS,inactive - virtual,inactive - virtual,0,Inactive,virtual,1,11,0.0,0.0,0.0,0.09090909090909091,0.0,0.0,0.0,0.09090909090909091,0.0,0.09090909090909091,0.0,0.09090909090909091,0.0,0.09090909090909091,0.09090909090909091,0.09090909090909091,0.09090909090909091,0.18181818181818182,0.0,0.09090909090909091,1321.4784000000002,-0.7930175536643418,5.663630485534668,0.09090909090909091,37.25454545454546
810,TFPDKALKGKKSIENIVV,inactive - virtual,inactive - virtual,0,Inactive,virtual,1,18,0.05555555555555555,0.0,0.05555555555555555,0.05555555555555555,0.05555555555555555,0.05555555555555555,0.0,0.1111111111111111,0.2222222222222222,0.05555555555555555,0.0,0.05555555555555555,0.05555555555555555,0.0,0.0,0.05555555555555555,0.05555555555555555,0.1111111111111111,0.0,0.0,1987.3426999999997,1.1999372707221792,9.52405948638916,0.05555555555555555,48.05
811,TFPEWHRLYTVQFEDALRRH,inactive - virtual,inactive - virtual,0,Inactive,virtual,1,20,0.05,0.0,0.05,0.1,0.1,0.0,0.1,0.0,0.0,0.1,0.0,0.0,0.05,0.05,0.15,0.0,0.1,0.05,0.05,0.05,2601.8733999999995,-0.7182476626841461,6.621935844421387,0.2,87.83
812,TFPNWHRLLTKQMEDALVAK,inactive - virtual,inactive - virtual,0,Inactive,virtual,1,20,0.1,0.0,0.05,0.05,0.05,0.0,0.05,0.0,0.1,0.15,0.05,0.05,0.05,0.05,0.05,0.0,0.1,0.05,0.05,0.0,2398.7803999999996,0.2415497789994241,8.286653327941895,0.1,53.40500000000001
813,TFSQVLDDLSARFI,inactive - virtual,inactive - virtual,0,Inactive,virtual,1,14,0.07142857142857142,0.0,0.14285714285714285,0.0,0.14285714285714285,0.0,0.0,0.07142857142857142,0.0,0.14285714285714285,0.0,0.0,0.0,0.07142857142857142,0.07142857142857142,0.14285714285714285,0.07142857142857142,0.07142857142857142,0.0,0.0,1611.7928,-1.790739753626891,4.206506156921387,0.14285714285714288,26.471428571428575
814,TGALRTQYDVSLMTVKS,inactive - virtual,inactive - virtual,0,Inactive,virtual,1,17,0.058823529411764705,0.0,0.058823529411764705,0.0,0.0,0.058823529411764705,0.0,0.0,0.058823529411764705,0.11764705882352941,0.058823529411764705,0.0,0.0,0.058823529411764705,0.058823529411764705,0.11764705882352941,0.17647058823529413,0.11764705882352941,0.0,0.058823529411764705,1870.1318,0.2038025768835321,8.254934883117677,0.05882352941176471,12.42352941176471
815,THAEMLHALKERY,inactive - virtual,inactive - virtual,0,Inactive,virtual,1,13,0.15384615384615385,0.0,0.0,0.15384615384615385,0.0,0.0,0.15384615384615385,0.0,0.07692307692307693,0.15384615384615385,0.07692307692307693,0.0,0.0,0.0,0.07692307692307693,0.0,0.07692307692307693,0.0,0.0,0.07692307692307693,1598.8239999999998,-0.7211495030396899,6.619491767883301,0.07692307692307693,-3.1000000000000005
816,THNKLLKNVAFMKSYILEKVKEHQES,inactive - virtual,inactive - virtual,0,Inactive,virtual,1,26,0.038461538461538464,0.0,0.0,0.11538461538461539,0.038461538461538464,0.0,0.07692307692307693,0.038461538461538464,0.19230769230769232,0.11538461538461539,0.038461538461538464,0.07692307692307693,0.0,0.038461538461538464,0.0,0.07692307692307693,0.038461538461538464,0.07692307692307693,0.0,0.038461538461538464,3115.6036,1.2699740054643853,9.303255271911617,0.07692307692307693,36.25
817,TIEEFHSKLQEATN,inactive - virtual,inactive - virtual,0,Inactive,virtual,1,14,0.07142857142857142,0.0,0.0,0.21428571428571427,0.07142857142857142,0.0,0.07142857142857142,0.07142857142857142,0.07142857142857142,0.07142857142857142,0.0,0.07142857142857142,0.0,0.07142857142857142,0.0,0.07142857142857142,0.14285714285714285,0.0,0.0,0.0,1646.7527000000002,-2.7541244723752327,4.748295402526855,0.07142857142857144,84.2
818,TIQSRFNYAWGLIKS,inactive - virtual,inactive - virtual,0,Inactive,virtual,1,15,0.06666666666666667,0.0,0.0,0.0,0.06666666666666667,0.06666666666666667,0.0,0.13333333333333333,0.06666666666666667,0.06666666666666667,0.0,0.06666666666666667,0.0,0.06666666666666667,0.06666666666666667,0.13333333333333333,0.06666666666666667,0.0,0.06666666666666667,0.06666666666666667,1784.0225,1.2033560927285274,9.992164421081544,0.2,54.67999999999999
819,TISLGVSIAHVMEAVE,inactive - virtual,inactive - virtual,0,Inactive,virtual,1,16,0.125,0.0,0.0,0.125,0.0,0.0625,0.0625,0.125,0.0,0.0625,0.0625,0.0,0.0,0.0,0.0,0.125,0.0625,0.1875,0.0,0.0,1655.9100000000003,-2.7506471539910944,4.810136222839356,0.0,4.06875
820,TITEMVFLAEVYKSGG,inactive - virtual,inactive - virtual,0,Inactive,virtual,1,16,0.0625,0.0,0.0,0.125,0.0625,0.125,0.0,0.0625,0.0625,0.0625,0.0625,0.0,0.0,0.0,0.0,0.0625,0.125,0.125,0.0,0.0625,1745.0014,-1.79437726715841,4.528385353088378,0.125,24.4125
821,TIVELVVRVWRWFLVIWVLW,inactive - virtual,inactive - virtual,0,Inactive,virtual,1,20,0.0,0.0,0.0,0.05,0.05,0.0,0.0,0.1,0.0,0.15,0.0,0.0,0.0,0.0,0.1,0.0,0.05,0.3,0.2,0.0,2613.192,0.20946292076957018,9.260125923156735,0.25,41.489999999999995
822,TKDEFMSGEPIFTKYFQNLV,inactive - virtual,inactive - virtual,0,Inactive,virtual,1,20,0.0,0.0,0.05,0.1,0.15,0.05,0.0,0.05,0.1,0.05,0.05,0.05,0.05,0.05,0.0,0.05,0.1,0.05,0.0,0.05,2394.6955,-1.7964363756706905,4.675598335266113,0.2,37.33
823,TKDEQVEGLLA,inactive - virtual,inactive - virtual,0,Inactive,virtual,1,11,0.09090909090909091,0.0,0.09090909090909091,0.18181818181818182,0.0,0.09090909090909091,0.0,0.0,0.09090909090909091,0.18181818181818182,0.0,0.0,0.0,0.09090909090909091,0.0,0.0,0.09090909090909091,0.09090909090909091,0.0,0.0,1202.3115000000003,-2.791425190336119,4.1365373611450185,0.0,19.745454545454546
824,TKGEREMIVVATSAAN,inactive - virtual,inactive - virtual,0,Inactive,virtual,1,16,0.1875,0.0,0.0,0.125,0.0,0.0625,0.0,0.0625,0.0625,0.0,0.0625,0.0625,0.0,0.0,0.0625,0.0625,0.125,0.125,0.0,0.0,1676.8896,-0.791896792724498,5.8100477218627935,0.0,-5.950000000000002
825,TKIWLNAARRTGKVPARIRKL,inactive - virtual,inactive - virtual,0,Inactive,virtual,1,21,0.14285714285714285,0.0,0.0,0.0,0.0,0.047619047619047616,0.0,0.09523809523809523,0.14285714285714285,0.09523809523809523,0.0,0.047619047619047616,0.047619047619047616,0.0,0.19047619047619047,0.0,0.09523809523809523,0.047619047619047616,0.047619047619047616,0.0,2448.9569000000006,6.200775145361121,11.999967765808105,0.047619047619047616,40.804761904761904
826,TLDQMRSRLAYDG,inactive - virtual,inactive - virtual,0,Inactive,virtual,1,13,0.07692307692307693,0.0,0.15384615384615385,0.0,0.0,0.07692307692307693,0.0,0.0,0.0,0.15384615384615385,0.07692307692307693,0.0,0.0,0.07692307692307693,0.15384615384615385,0.07692307692307693,0.07692307692307693,0.0,0.0,0.07692307692307693,1525.6854999999998,-0.7932704645275503,5.625548362731934,0.07692307692307693,70.26153846153846
827,TLEDYVRYVTLDM,inactive - virtual,inactive - virtual,0,Inactive,virtual,1,13,0.0,0.0,0.15384615384615385,0.07692307692307693,0.0,0.0,0.0,0.0,0.0,0.15384615384615385,0.07692307692307693,0.0,0.0,0.0,0.07692307692307693,0.0,0.15384615384615385,0.15384615384615385,0.0,0.15384615384615385,1617.8171999999997,-2.7946301780216176,4.0500284194946286,0.15384615384615385,11.715384615384618
828,TLIREWGDAVFDIF,inactive - virtual,inactive - virtual,0,Inactive,virtual,1,14,0.07142857142857142,0.0,0.14285714285714285,0.07142857142857142,0.14285714285714285,0.07142857142857142,0.0,0.14285714285714285,0.0,0.07142857142857142,0.0,0.0,0.0,0.0,0.07142857142857142,0.0,0.07142857142857142,0.07142857142857142,0.07142857142857142,0.0,1681.8841999999997,-2.7896189926870463,4.0500284194946286,0.2142857142857143,-0.04285714285714194
829,TMEGKFKAVAEDVAQRYMT,inactive - virtual,inactive - virtual,0,Inactive,virtual,1,19,0.15789473684210525,0.0,0.05263157894736842,0.10526315789473684,0.05263157894736842,0.05263157894736842,0.0,0.0,0.10526315789473684,0.0,0.10526315789473684,0.0,0.0,0.05263157894736842,0.05263157894736842,0.0,0.10526315789473684,0.10526315789473684,0.0,0.05263157894736842,2175.4840000000004,-0.7964614939040637,5.850403404235839,0.10526315789473685,24.873684210526314
830,TMVQAITDALRIELKND,inactive - virtual,inactive - virtual,0,Inactive,virtual,1,17,0.11764705882352941,0.0,0.11764705882352941,0.058823529411764705,0.0,0.0,0.0,0.11764705882352941,0.058823529411764705,0.11764705882352941,0.058823529411764705,0.058823529411764705,0.0,0.058823529411764705,0.058823529411764705,0.0,0.11764705882352941,0.058823529411764705,0.0,0.0,1931.2149000000004,-1.7908552740622743,4.776544380187987,0.0,41.59411764705883
831,TNDEIFSILKD,inactive - virtual,inactive - virtual,0,Inactive,virtual,1,11,0.0,0.0,0.18181818181818182,0.09090909090909091,0.09090909090909091,0.0,0.0,0.18181818181818182,0.09090909090909091,0.09090909090909091,0.0,0.09090909090909091,0.0,0.0,0.0,0.09090909090909091,0.09090909090909091,0.0,0.0,0.0,1294.4068,-2.7908301558289006,4.273291969299317,0.09090909090909091,22.727272727272727
832,TPAKALKSAIHVAYILKK,inactive - virtual,inactive - virtual,0,Inactive,virtual,1,18,0.2222222222222222,0.0,0.0,0.0,0.0,0.0,0.05555555555555555,0.1111111111111111,0.2222222222222222,0.1111111111111111,0.0,0.0,0.05555555555555555,0.0,0.0,0.05555555555555555,0.05555555555555555,0.05555555555555555,0.0,0.05555555555555555,1952.3864000000008,3.232490874136091,10.176286125183104,0.05555555555555555,28.26666666666667
833,TPDQQTLLHFIMDSYN,inactive - virtual,inactive - virtual,0,Inactive,virtual,1,16,0.0,0.0,0.125,0.0,0.0625,0.0,0.0625,0.0625,0.0,0.125,0.0625,0.0625,0.0625,0.125,0.0,0.0625,0.125,0.0,0.0,0.0625,1923.1065000000003,-2.756593786884756,4.195479393005371,0.125,22.256250000000005
834,TPEEVKKHYEILVEDIKYIESG,inactive - virtual,inactive - virtual,0,Inactive,virtual,1,22,0.0,0.0,0.045454545454545456,0.22727272727272727,0.0,0.045454545454545456,0.045454545454545456,0.13636363636363635,0.13636363636363635,0.045454545454545456,0.0,0.0,0.045454545454545456,0.0,0.0,0.045454545454545456,0.045454545454545456,0.09090909090909091,0.0,0.09090909090909091,2619.9154000000003,-3.761458837009682,4.697310829162597,0.09090909090909091,98.63181818181816
835,TPEEYQTYVAQVDK,inactive - virtual,inactive - virtual,0,Inactive,virtual,1,14,0.07142857142857142,0.0,0.07142857142857142,0.14285714285714285,0.0,0.0,0.0,0.0,0.07142857142857142,0.0,0.0,0.0,0.07142857142857142,0.14285714285714285,0.0,0.0,0.14285714285714285,0.14285714285714285,0.0,0.14285714285714285,1670.7706999999996,-2.7964363756706905,4.1365373611450185,0.14285714285714288,22.8
836,TPEKMGEMAQKFRE,inactive - virtual,inactive - virtual,0,Inactive,virtual,1,14,0.07142857142857142,0.0,0.0,0.21428571428571427,0.07142857142857142,0.07142857142857142,0.0,0.0,0.14285714285714285,0.0,0.14285714285714285,0.0,0.07142857142857142,0.07142857142857142,0.07142857142857142,0.0,0.07142857142857142,0.0,0.0,0.0,1681.9308999999998,-0.791189137795242,6.006767463684081,0.07142857142857144,48.41428571428572
837,TPEKRVDRIFAMMD,inactive - virtual,inactive - virtual,0,Inactive,virtual,1,14,0.07142857142857142,0.0,0.14285714285714285,0.07142857142857142,0.07142857142857142,0.0,0.0,0.07142857142857142,0.07142857142857142,0.0,0.14285714285714285,0.0,0.07142857142857142,0.0,0.14285714285714285,0.0,0.07142857142857142,0.07142857142857142,0.0,0.0,1708.9991999999997,-0.7908803922956475,5.894453620910644,0.07142857142857144,26.807142857142857
838,TPERLEKLVKEVL,inactive - virtual,inactive - virtual,0,Inactive,virtual,1,13,0.0,0.0,0.0,0.23076923076923078,0.0,0.0,0.0,0.0,0.15384615384615385,0.23076923076923078,0.0,0.0,0.07692307692307693,0.0,0.07692307692307693,0.0,0.07692307692307693,0.15384615384615385,0.0,0.0,1553.8415000000002,-0.7932816244519385,5.899455451965332,0.0,13.853846153846156
839,TPETITHYLETVNHAM,inactive - virtual,inactive - virtual,0,Inactive,virtual,1,16,0.0625,0.0,0.0,0.125,0.0,0.0,0.125,0.0625,0.0,0.0625,0.0625,0.0625,0.0625,0.0,0.0,0.0,0.25,0.0625,0.0,0.0625,1857.0486000000005,-2.71861879213903,5.2125562667846665,0.0625,47.699999999999996
840,TPEVVKERLLS,inactive - virtual,inactive - virtual,0,Inactive,virtual,1,11,0.0,0.0,0.0,0.18181818181818182,0.0,0.0,0.0,0.0,0.09090909090909091,0.18181818181818182,0.0,0.0,0.09090909090909091,0.0,0.09090909090909091,0.09090909090909091,0.09090909090909091,0.18181818181818182,0.0,0.0,1270.4749,-0.791896792724498,5.8100477218627935,0.0,22.272727272727273
841,TPLGIGITDYYIR,inactive - virtual,inactive - virtual,0,Inactive,virtual,1,13,0.0,0.0,0.07692307692307693,0.0,0.0,0.15384615384615385,0.0,0.23076923076923078,0.0,0.07692307692307693,0.0,0.0,0.07692307692307693,0.0,0.07692307692307693,0.0,0.15384615384615385,0.0,0.0,0.15384615384615385,1481.6907999999999,-0.7961974231164675,5.498115348815917,0.15384615384615385,5.661538461538462
842,TPQDIADRERIFKRFD,inactive - virtual,inactive - virtual,0,Inactive,virtual,1,16,0.0625,0.0,0.1875,0.0625,0.125,0.0,0.0,0.125,0.0625,0.0,0.0,0.0,0.0625,0.0625,0.1875,0.0,0.0625,0.0,0.0,0.0,2007.2099000000003,-0.790459026374017,5.9235551834106435,0.125,42.125
843,TPSDIKELRDAMAKVQAD,inactive - virtual,inactive - virtual,0,Inactive,virtual,1,18,0.16666666666666666,0.0,0.16666666666666666,0.05555555555555555,0.0,0.0,0.0,0.05555555555555555,0.1111111111111111,0.05555555555555555,0.05555555555555555,0.0,0.05555555555555555,0.05555555555555555,0.05555555555555555,0.05555555555555555,0.05555555555555555,0.05555555555555555,0.0,0.0,1988.2232999999997,-1.7929143825745548,4.860154533386231,0.0,23.55
844,TPVYRTAIRYYLQMLF,inactive - virtual,inactive - virtual,0,Inactive,virtual,1,16,0.0625,0.0,0.0,0.0,0.0625,0.0,0.0,0.0625,0.0,0.125,0.0625,0.0,0.0625,0.0625,0.125,0.0,0.125,0.0625,0.0,0.1875,2035.4100000000003,1.2008253818278682,9.693417930603026,0.25,29.506250000000005
845,TPWSKGFLASSYASR,inactive - virtual,inactive - virtual,0,Inactive,virtual,1,15,0.13333333333333333,0.0,0.0,0.0,0.06666666666666667,0.06666666666666667,0.0,0.0,0.06666666666666667,0.06666666666666667,0.0,0.0,0.06666666666666667,0.0,0.06666666666666667,0.26666666666666666,0.06666666666666667,0.0,0.06666666666666667,0.06666666666666667,1657.8231999999998,1.2033560927285274,9.992164421081544,0.2,43.22
846,TPYDAKGLLISAIRD,inactive - virtual,inactive - virtual,0,Inactive,virtual,1,15,0.13333333333333333,0.0,0.13333333333333333,0.0,0.0,0.06666666666666667,0.0,0.13333333333333333,0.06666666666666667,0.13333333333333333,0.0,0.0,0.06666666666666667,0.0,0.06666666666666667,0.06666666666666667,0.06666666666666667,0.0,0.0,0.06666666666666667,1632.8552,-0.7944816276694047,5.8023176193237305,0.06666666666666667,19.459999999999997
847,TQAQETQGQAAARAAAADLAAG,inactive - virtual,inactive - virtual,0,Inactive,virtual,1,22,0.45454545454545453,0.0,0.045454545454545456,0.045454545454545456,0.0,0.09090909090909091,0.0,0.0,0.0,0.045454545454545456,0.0,0.0,0.0,0.18181818181818182,0.045454545454545456,0.0,0.09090909090909091,0.0,0.0,0.0,2071.1661999999997,-1.7900654768420514,4.368156242370605,0.0,7.586363636363639
848,TQDLRSHLVHKLVQAIF,inactive - virtual,inactive - virtual,0,Inactive,virtual,1,17,0.058823529411764705,0.0,0.058823529411764705,0.0,0.058823529411764705,0.0,0.11764705882352941,0.058823529411764705,0.058823529411764705,0.17647058823529413,0.0,0.0,0.0,0.11764705882352941,0.058823529411764705,0.058823529411764705,0.058823529411764705,0.11764705882352941,0.0,0.0,2005.3229999999999,0.2795610519029115,8.465617561340334,0.05882352941176471,62.41764705882353
849,TQGLLSEILRK,inactive - virtual,inactive - virtual,0,Inactive,virtual,1,11,0.0,0.0,0.0,0.09090909090909091,0.0,0.09090909090909091,0.0,0.09090909090909091,0.09090909090909091,0.2727272727272727,0.0,0.0,0.0,0.09090909090909091,0.09090909090909091,0.09090909090909091,0.09090909090909091,0.0,0.0,0.0,1257.4794000000002,0.20698244633565777,8.408820915222172,0.0,72.27272727272728
850,TQGMQNAMGERFAQYALSSEKLY,inactive - virtual,inactive - virtual,0,Inactive,virtual,1,23,0.13043478260869565,0.0,0.0,0.08695652173913043,0.043478260869565216,0.08695652173913043,0.0,0.0,0.043478260869565216,0.08695652173913043,0.08695652173913043,0.043478260869565216,0.0,0.13043478260869565,0.043478260869565216,0.08695652173913043,0.043478260869565216,0.0,0.0,0.08695652173913043,2623.9137000000005,-0.7969079780590693,5.809763526916504,0.13043478260869565,19.804347826086957
851,TQSDVYAMVGYIHELW,inactive - virtual,inactive - virtual,0,Inactive,virtual,1,16,0.0625,0.0,0.0625,0.0625,0.0,0.0625,0.0625,0.0625,0.0,0.0625,0.0625,0.0,0.0,0.0625,0.0,0.0625,0.0625,0.125,0.0625,0.125,1912.1251000000002,-2.758425102767202,4.351218223571778,0.1875,54.11249999999999
852,TRELAYMIKKA,inactive - virtual,inactive - virtual,0,Inactive,virtual,1,11,0.18181818181818182,0.0,0.0,0.09090909090909091,0.0,0.0,0.0,0.09090909090909091,0.18181818181818182,0.09090909090909091,0.09090909090909091,0.0,0.0,0.0,0.09090909090909091,0.0,0.09090909090909091,0.0,0.0,0.09090909090909091,1323.6037,1.2019712610010869,9.696641349792483,0.09090909090909091,41.31818181818181
853,TRTQRRIAVVEFIFSLL,inactive - virtual,inactive - virtual,0,Inactive,virtual,1,17,0.058823529411764705,0.0,0.0,0.058823529411764705,0.11764705882352941,0.0,0.0,0.11764705882352941,0.0,0.11764705882352941,0.0,0.0,0.0,0.058823529411764705,0.17647058823529413,0.058823529411764705,0.11764705882352941,0.11764705882352941,0.0,0.0,2049.4186,1.2094378025361965,11.698964881896973,0.11764705882352942,38.670588235294126
854,TSAQTKVVVDA,inactive - virtual,inactive - virtual,0,Inactive,virtual,1,11,0.18181818181818182,0.0,0.09090909090909091,0.0,0.0,0.0,0.0,0.0,0.09090909090909091,0.0,0.0,0.0,0.0,0.09090909090909091,0.0,0.09090909090909091,0.18181818181818182,0.2727272727272727,0.0,0.0,1118.2381,-0.7936667122158085,5.49828586578369,0.0,-12.29090909090909
855,TSFDEYVAELDSK,inactive - virtual,inactive - virtual,0,Inactive,virtual,1,13,0.07692307692307693,0.0,0.15384615384615385,0.15384615384615385,0.07692307692307693,0.0,0.0,0.0,0.07692307692307693,0.07692307692307693,0.0,0.0,0.0,0.0,0.0,0.15384615384615385,0.07692307692307693,0.07692307692307693,0.0,0.07692307692307693,1503.5623999999998,-3.7934842988484,4.0500284194946286,0.15384615384615385,33.53846153846154
856,TSHLMGMFYRTIRMMEN,inactive - virtual,inactive - virtual,0,Inactive,virtual,1,17,0.0,0.0,0.0,0.058823529411764705,0.058823529411764705,0.058823529411764705,0.058823529411764705,0.058823529411764705,0.0,0.058823529411764705,0.23529411764705882,0.058823529411764705,0.0,0.0,0.11764705882352941,0.058823529411764705,0.11764705882352941,0.0,0.0,0.058823529411764705,2118.5252000000005,0.24358376927833136,8.437058067321779,0.11764705882352942,16.94764705882353
857,TTDEINAMDKALILYT,inactive - virtual,inactive - virtual,0,Inactive,virtual,1,16,0.125,0.0,0.125,0.0625,0.0,0.0,0.0,0.125,0.0625,0.125,0.0625,0.0625,0.0,0.0,0.0,0.0,0.1875,0.0,0.0,0.0625,1812.0461,-2.794605059788245,4.0500284194946286,0.0625,22.8375
858,TTGNFEKLFVALVEYMRAS,inactive - virtual,inactive - virtual,0,Inactive,virtual,1,19,0.10526315789473684,0.0,0.0,0.10526315789473684,0.10526315789473684,0.05263157894736842,0.0,0.0,0.05263157894736842,0.10526315789473684,0.05263157894736842,0.05263157894736842,0.0,0.0,0.05263157894736842,0.05263157894736842,0.10526315789473684,0.10526315789473684,0.0,0.05263157894736842,2176.4901000000004,-0.7944023853917836,5.80987720489502,0.15789473684210528,7.31578947368421
859,TVEEVNALKNEILKAHA,inactive - virtual,inactive - virtual,0,Inactive,virtual,1,17,0.17647058823529413,0.0,0.0,0.17647058823529413,0.0,0.0,0.058823529411764705,0.058823529411764705,0.11764705882352941,0.11764705882352941,0.0,0.11764705882352941,0.0,0.0,0.0,0.0,0.058823529411764705,0.11764705882352941,0.0,0.0,1879.1188000000002,-1.7566300650425184,5.464978218078613,0.0,36.26470588235295
860,TVFGTALNYVSLRIL,inactive - virtual,inactive - virtual,0,Inactive,virtual,1,15,0.06666666666666667,0.0,0.0,0.0,0.06666666666666667,0.06666666666666667,0.0,0.06666666666666667,0.0,0.2,0.0,0.06666666666666667,0.0,0.0,0.06666666666666667,0.06666666666666667,0.13333333333333333,0.13333333333333333,0.0,0.06666666666666667,1666.9573,0.2058616853958135,8.407853889465336,0.13333333333333333,29.35333333333333
861,TVLAALFLAGS,inactive - virtual,inactive - virtual,0,Inactive,virtual,1,11,0.2727272727272727,0.0,0.0,0.0,0.09090909090909091,0.09090909090909091,0.0,0.0,0.0,0.2727272727272727,0.0,0.0,0.0,0.0,0.0,0.09090909090909091,0.09090909090909091,0.09090909090909091,0.0,0.0,1062.2591,-0.7916076037035273,5.1849893569946275,0.09090909090909091,9.09090909090909
862,TYYAKDIAFQFWKM,inactive - virtual,inactive - virtual,0,Inactive,virtual,1,14,0.14285714285714285,0.0,0.07142857142857142,0.0,0.14285714285714285,0.0,0.0,0.07142857142857142,0.14285714285714285,0.0,0.07142857142857142,0.0,0.0,0.07142857142857142,0.0,0.0,0.07142857142857142,0.0,0.07142857142857142,0.14285714285714285,1812.0937000000001,0.19881650978233445,8.101113319396973,0.3571428571428572,52.91428571428571
863,VADIAKLKVNIIKNVRII,inactive - virtual,inactive - virtual,0,Inactive,virtual,1,18,0.1111111111111111,0.0,0.05555555555555555,0.0,0.0,0.0,0.0,0.2777777777777778,0.16666666666666666,0.05555555555555555,0.0,0.1111111111111111,0.0,0.0,0.05555555555555555,0.0,0.0,0.16666666666666666,0.0,0.0,2020.5049,2.516055409021993,10.289557075500486,0.0,10.27222222222222
864,VADPVAAFKWRAQ,inactive - virtual,inactive - virtual,0,Inactive,virtual,1,13,0.3076923076923077,0.0,0.07692307692307693,0.0,0.07692307692307693,0.0,0.0,0.0,0.07692307692307693,0.0,0.0,0.0,0.07692307692307693,0.07692307692307693,0.07692307692307693,0.0,0.0,0.15384615384615385,0.07692307692307693,0.0,1458.6624,0.5210665943565651,8.717753410339355,0.15384615384615385,5.953846153846157
865,VDDNLYPQLERASRKIFEFLERE,inactive - virtual,inactive - virtual,0,Inactive,virtual,1,23,0.043478260869565216,0.0,0.08695652173913043,0.17391304347826086,0.08695652173913043,0.0,0.0,0.043478260869565216,0.043478260869565216,0.13043478260869565,0.0,0.043478260869565216,0.043478260869565216,0.043478260869565216,0.13043478260869565,0.043478260869565216,0.0,0.043478260869565216,0.0,0.043478260869565216,2868.1599000000006,-2.474467220206388,4.801894569396972,0.13043478260869565,21.452173913043477
866,VEAIEALLKGN,inactive - virtual,inactive - virtual,0,Inactive,virtual,1,11,0.18181818181818182,0.0,0.0,0.18181818181818182,0.0,0.09090909090909091,0.0,0.09090909090909091,0.09090909090909091,0.18181818181818182,0.0,0.09090909090909091,0.0,0.0,0.0,0.0,0.0,0.09090909090909091,0.0,0.0,1156.3291,-1.4771132496853774,4.531284141540527,0.0,25.881818181818172
867,VFWPTMLKAAG,inactive - virtual,inactive - virtual,0,Inactive,virtual,1,11,0.18181818181818182,0.0,0.0,0.0,0.09090909090909091,0.09090909090909091,0.0,0.0,0.09090909090909091,0.09090909090909091,0.09090909090909091,0.0,0.09090909090909091,0.0,0.0,0.0,0.09090909090909091,0.09090909090909091,0.09090909090909091,0.0,1220.4821,0.5206452284349337,8.720009803771973,0.18181818181818182,1.3727272727272726
868,VGVLLQLLVQA,inactive - virtual,inactive - virtual,0,Inactive,virtual,1,11,0.09090909090909091,0.0,0.0,0.0,0.0,0.09090909090909091,0.0,0.0,0.0,0.36363636363636365,0.0,0.0,0.0,0.18181818181818182,0.0,0.0,0.0,0.2727272727272727,0.0,0.0,1152.4263,-0.47684917889778056,5.494989204406737,0.0,31.009090909090908
869,VGYETAAKLAREAYLTG,inactive - virtual,inactive - virtual,0,Inactive,virtual,1,17,0.23529411764705882,0.0,0.0,0.11764705882352941,0.0,0.11764705882352941,0.0,0.0,0.058823529411764705,0.11764705882352941,0.0,0.0,0.0,0.0,0.058823529411764705,0.0,0.11764705882352941,0.058823529411764705,0.0,0.11764705882352941,1813.0159000000003,-0.482149553253322,6.112431144714355,0.11764705882352942,-15.0
870,VHVLADAFKRYLLD,inactive - virtual,inactive - virtual,0,Inactive,virtual,1,14,0.14285714285714285,0.0,0.14285714285714285,0.0,0.07142857142857142,0.0,0.07142857142857142,0.0,0.07142857142857142,0.21428571428571427,0.0,0.0,0.0,0.0,0.07142857142857142,0.0,0.0,0.14285714285714285,0.0,0.07142857142857142,1659.925,-0.4430967616876105,6.726008033752441,0.14285714285714288,10.385714285714288
871,VIDPLHTHLTRLVAAYTG,inactive - virtual,inactive - virtual,0,Inactive,virtual,1,18,0.1111111111111111,0.0,0.05555555555555555,0.0,0.0,0.05555555555555555,0.1111111111111111,0.05555555555555555,0.0,0.16666666666666666,0.0,0.0,0.05555555555555555,0.0,0.05555555555555555,0.0,0.16666666666666666,0.1111111111111111,0.0,0.05555555555555555,1977.2666000000004,-0.40568052329134097,6.890386390686037,0.05555555555555555,-4.177777777777778
872,VKYAVFEAALTKAITAMSEVQKVSQ,inactive - virtual,inactive - virtual,0,Inactive,virtual,1,25,0.2,0.0,0.0,0.08,0.04,0.0,0.0,0.04,0.12,0.04,0.04,0.0,0.0,0.08,0.0,0.08,0.08,0.16,0.0,0.04,2713.1527,0.5153699723127652,8.402438545227053,0.08,47.50800000000001
873,VLSFKTGIISL,inactive - virtual,inactive - virtual,0,Inactive,virtual,1,11,0.0,0.0,0.0,0.0,0.09090909090909091,0.09090909090909091,0.0,0.18181818181818182,0.09090909090909091,0.18181818181818182,0.0,0.0,0.0,0.0,0.0,0.18181818181818182,0.09090909090909091,0.09090909090909091,0.0,0.0,1177.4325999999999,0.5206452284349337,8.720009803771973,0.09090909090909091,-20.009090909090908
874,VMELLTKTLGWDIQEELNKLT,inactive - virtual,inactive - virtual,0,Inactive,virtual,1,21,0.0,0.0,0.047619047619047616,0.14285714285714285,0.0,0.047619047619047616,0.0,0.047619047619047616,0.09523809523809523,0.23809523809523808,0.047619047619047616,0.047619047619047616,0.0,0.047619047619047616,0.0,0.0,0.14285714285714285,0.047619047619047616,0.047619047619047616,0.0,2474.8666000000007,-2.478051597257814,4.40726146697998,0.047619047619047616,47.32857142857143
875,VMGQNLILNMND,inactive - virtual,inactive - virtual,0,Inactive,virtual,1,12,0.0,0.0,0.08333333333333333,0.0,0.0,0.08333333333333333,0.0,0.08333333333333333,0.0,0.16666666666666666,0.16666666666666666,0.25,0.0,0.08333333333333333,0.0,0.0,0.0,0.08333333333333333,0.0,0.0,1361.5867999999998,-1.4751333834507174,4.299324226379395,0.0,25.21666666666667
876,VMPSLLQAFDLTA,inactive - virtual,inactive - virtual,0,Inactive,virtual,1,13,0.15384615384615385,0.0,0.07692307692307693,0.0,0.07692307692307693,0.0,0.0,0.0,0.0,0.23076923076923078,0.07692307692307693,0.0,0.07692307692307693,0.07692307692307693,0.0,0.07692307692307693,0.07692307692307693,0.07692307692307693,0.0,0.0,1405.6577,-1.476402694742776,4.0500284194946286,0.07692307692307693,92.41538461538464
877,VMQWVIRILGGGLQKAL,inactive - virtual,inactive - virtual,0,Inactive,virtual,1,17,0.058823529411764705,0.0,0.0,0.0,0.0,0.17647058823529413,0.0,0.11764705882352941,0.058823529411764705,0.17647058823529413,0.058823529411764705,0.0,0.0,0.11764705882352941,0.058823529411764705,0.0,0.0,0.11764705882352941,0.058823529411764705,0.0,1882.3194000000003,1.5206201102015604,11.000707817077636,0.05882352941176471,45.00588235294117
878,VNFLVADALKQHRHRRDDVIVMLSAR,inactive - virtual,inactive - virtual,0,Inactive,virtual,1,26,0.11538461538461539,0.0,0.11538461538461539,0.0,0.038461538461538464,0.0,0.07692307692307693,0.038461538461538464,0.038461538461538464,0.11538461538461539,0.038461538461538464,0.038461538461538464,0.0,0.038461538461538464,0.15384615384615385,0.038461538461538464,0.0,0.15384615384615385,0.0,0.0,3060.5381999999995,1.595137090318548,10.667277336120605,0.038461538461538464,32.56923076923077
879,VNQFLDYLQEFLGVMNT,inactive - virtual,inactive - virtual,0,Inactive,virtual,1,17,0.0,0.0,0.058823529411764705,0.058823529411764705,0.11764705882352941,0.058823529411764705,0.0,0.0,0.0,0.17647058823529413,0.058823529411764705,0.11764705882352941,0.0,0.11764705882352941,0.0,0.0,0.058823529411764705,0.11764705882352941,0.0,0.058823529411764705,2031.2871000000005,-2.477787526470217,4.0500284194946286,0.17647058823529413,26.05294117647059
880,VPMQRVLKYHLLLQELVK,inactive - virtual,inactive - virtual,0,Inactive,virtual,1,18,0.0,0.0,0.0,0.05555555555555555,0.0,0.0,0.05555555555555555,0.0,0.1111111111111111,0.2777777777777778,0.05555555555555555,0.0,0.05555555555555555,0.1111111111111111,0.05555555555555555,0.0,0.0,0.16666666666666666,0.0,0.05555555555555555,2207.7227000000003,1.5533561269828802,9.69941349029541,0.05555555555555555,41.116666666666674
881,VQEVNRFIKAFEEMKALMKSL,inactive - virtual,inactive - virtual,0,Inactive,virtual,1,21,0.09523809523809523,0.0,0.0,0.14285714285714285,0.09523809523809523,0.0,0.0,0.047619047619047616,0.14285714285714285,0.09523809523809523,0.09523809523809523,0.047619047619047616,0.0,0.047619047619047616,0.047619047619047616,0.047619047619047616,0.0,0.09523809523809523,0.0,0.0,2511.9992,0.5189712076865218,8.468325233459474,0.09523809523809523,30.176190476190477
882,VSDARSAITSAQELLDS,inactive - virtual,inactive - virtual,0,Inactive,virtual,1,17,0.17647058823529413,0.0,0.11764705882352941,0.058823529411764705,0.0,0.0,0.0,0.058823529411764705,0.0,0.11764705882352941,0.0,0.0,0.0,0.058823529411764705,0.058823529411764705,0.23529411764705882,0.058823529411764705,0.058823529411764705,0.0,0.0,1762.8696,-2.4748605678812994,4.0500284194946286,0.0,57.91764705882353
883,VWHYALWSLIQQSEILFAQ,inactive - virtual,inactive - virtual,0,Inactive,virtual,1,19,0.10526315789473684,0.0,0.0,0.05263157894736842,0.05263157894736842,0.0,0.05263157894736842,0.10526315789473684,0.0,0.15789473684210525,0.0,0.0,0.0,0.15789473684210525,0.0,0.10526315789473684,0.0,0.05263157894736842,0.10526315789473684,0.05263157894736842,2332.6523999999995,-1.4416075694491746,5.238929557800293,0.2105263157894737,133.66315789473683
884,VYGPFWKNWQAQ,inactive - virtual,inactive - virtual,0,Inactive,virtual,1,12,0.08333333333333333,0.0,0.0,0.0,0.08333333333333333,0.08333333333333333,0.0,0.0,0.08333333333333333,0.0,0.0,0.08333333333333333,0.08333333333333333,0.16666666666666666,0.0,0.0,0.0,0.08333333333333333,0.16666666666666666,0.08333333333333333,1523.6908,0.518139635767648,8.56148204803467,0.33333333333333337,3.2166666666666677
885,WATLLAQWADRAL,inactive - virtual,inactive - virtual,0,Inactive,virtual,1,13,0.3076923076923077,0.0,0.07692307692307693,0.0,0.0,0.0,0.0,0.0,0.0,0.23076923076923078,0.0,0.0,0.0,0.07692307692307693,0.07692307692307693,0.0,0.07692307692307693,0.0,0.15384615384615385,0.0,1514.7257,-0.4421257665114191,5.83636417388916,0.15384615384615385,-26.22307692307692
886,WDDIRNDLFRIQNDLFVLGEDVST,inactive - virtual,inactive - virtual,0,Inactive,virtual,1,24,0.0,0.0,0.20833333333333334,0.041666666666666664,0.08333333333333333,0.041666666666666664,0.0,0.08333333333333333,0.0,0.125,0.0,0.08333333333333333,0.0,0.041666666666666664,0.08333333333333333,0.041666666666666664,0.041666666666666664,0.08333333333333333,0.041666666666666664,0.0,2881.1121000000003,-4.439244187184928,4.0500284194946286,0.125,19.608333333333334
887,YAKGALQYLVPILTQTLT,inactive - virtual,inactive - virtual,0,Inactive,virtual,1,18,0.1111111111111111,0.0,0.0,0.0,0.0,0.05555555555555555,0.0,0.05555555555555555,0.05555555555555555,0.2222222222222222,0.0,0.0,0.05555555555555555,0.1111111111111111,0.0,0.0,0.16666666666666666,0.05555555555555555,0.0,0.1111111111111111,1993.3454000000006,0.5499360895650922,8.49740047454834,0.1111111111111111,44.3
888,YDDIIEAAGELG,inactive - virtual,inactive - virtual,0,Inactive,virtual,1,12,0.16666666666666666,0.0,0.16666666666666666,0.16666666666666666,0.0,0.16666666666666666,0.0,0.16666666666666666,0.0,0.08333333333333333,0.0,0.0,0.0,0.0,0.0,0.0,0.0,0.0,0.0,0.08333333333333333,1265.3225000000004,-4.441918234910637,4.0500284194946286,0.08333333333333334,59.233333333333334
889,YDLLKDLEEGIQTLMGRL,inactive - virtual,inactive - virtual,0,Inactive,virtual,1,18,0.0,0.0,0.1111111111111111,0.1111111111111111,0.0,0.1111111111111111,0.0,0.05555555555555555,0.05555555555555555,0.2777777777777778,0.05555555555555555,0.0,0.0,0.05555555555555555,0.05555555555555555,0.0,0.05555555555555555,0.0,0.0,0.05555555555555555,2107.4266000000002,-2.4444489458112963,4.316716957092285,0.05555555555555555,31.27777777777778
890,YEDKAVELYSRTAR,inactive - virtual,inactive - virtual,0,Inactive,virtual,1,14,0.14285714285714285,0.0,0.07142857142857142,0.14285714285714285,0.0,0.0,0.0,0.0,0.07142857142857142,0.07142857142857142,0.0,0.0,0.0,0.0,0.14285714285714285,0.07142857142857142,0.07142857142857142,0.07142857142857142,0.0,0.14285714285714285,1700.8464000000001,-0.4474261408669604,6.180581092834472,0.14285714285714288,25.35
891,YETLEFLGDALVNFFIVDLLVQYS,inactive - virtual,inactive - virtual,0,Inactive,virtual,1,24,0.041666666666666664,0.0,0.08333333333333333,0.08333333333333333,0.125,0.041666666666666664,0.0,0.041666666666666664,0.0,0.20833333333333334,0.0,0.041666666666666664,0.0,0.041666666666666664,0.0,0.041666666666666664,0.041666666666666664,0.125,0.0,0.08333333333333333,2809.1666999999998,-4.444423827577922,4.0500284194946286,0.20833333333333334,-12.7625
892,YFSKGIPNVLRR,inactive - virtual,inactive - virtual,0,Inactive,virtual,1,12,0.0,0.0,0.0,0.0,0.08333333333333333,0.08333333333333333,0.0,0.08333333333333333,0.08333333333333333,0.08333333333333333,0.0,0.08333333333333333,0.08333333333333333,0.0,0.16666666666666666,0.08333333333333333,0.0,0.08333333333333333,0.0,0.08333333333333333,1449.6986,2.552391445765631,11.00038547515869,0.16666666666666669,56.400000000000006
893,YGSIGLTNFGYLDKE,inactive - virtual,inactive - virtual,0,Inactive,virtual,1,15,0.0,0.0,0.06666666666666667,0.06666666666666667,0.06666666666666667,0.2,0.0,0.06666666666666667,0.06666666666666667,0.13333333333333333,0.0,0.06666666666666667,0.0,0.0,0.0,0.06666666666666667,0.06666666666666667,0.0,0.0,0.13333333333333333,1676.8197,-1.4464041786833612,4.748863792419433,0.2,-27.686666666666667
894,YKEPLKAVVKKLLEKE,inactive - virtual,inactive - virtual,0,Inactive,virtual,1,16,0.0625,0.0,0.0,0.1875,0.0,0.0,0.0,0.0,0.3125,0.1875,0.0,0.0,0.0625,0.0,0.0,0.0,0.0,0.125,0.0,0.0625,1915.3199,1.5478740810394656,9.308992958068849,0.0625,9.000000000000002
895,YKKFRQLIQVN,inactive - virtual,inactive - virtual,0,Inactive,virtual,1,11,0.0,0.0,0.0,0.0,0.09090909090909091,0.0,0.0,0.09090909090909091,0.18181818181818182,0.09090909090909091,0.0,0.09090909090909091,0.0,0.18181818181818182,0.09090909090909091,0.0,0.0,0.09090909090909091,0.0,0.09090909090909091,1436.6997999999999,2.5499109713317187,10.289686012268067,0.18181818181818182,19.745454545454546
896,YLADLFLAPQIHGAINRFQ,inactive - virtual,inactive - virtual,0,Inactive,virtual,1,19,0.15789473684210525,0.0,0.05263157894736842,0.0,0.10526315789473684,0.05263157894736842,0.05263157894736842,0.10526315789473684,0.0,0.15789473684210525,0.0,0.05263157894736842,0.05263157894736842,0.10526315789473684,0.05263157894736842,0.0,0.0,0.0,0.0,0.05263157894736842,2187.4977,-0.4080049180026579,6.743628120422364,0.15789473684210528,21.847368421052632
897,YLDKEVKLIKKMGNHLTNLRRVA,inactive - virtual,inactive - virtual,0,Inactive,virtual,1,23,0.043478260869565216,0.0,0.043478260869565216,0.043478260869565216,0.0,0.043478260869565216,0.043478260869565216,0.043478260869565216,0.17391304347826086,0.17391304347826086,0.043478260869565216,0.08695652173913043,0.0,0.0,0.08695652173913043,0.0,0.043478260869565216,0.08695652173913043,0.0,0.043478260869565216,2740.2740999999996,3.5830683540346695,10.16642246246338,0.043478260869565216,34.46521739130435
898,YLSESVETIKKLGDHITSLKKLW,inactive - virtual,inactive - virtual,0,Inactive,virtual,1,23,0.0,0.0,0.043478260869565216,0.08695652173913043,0.0,0.043478260869565216,0.043478260869565216,0.08695652173913043,0.17391304347826086,0.17391304347826086,0.0,0.0,0.0,0.0,0.0,0.13043478260869565,0.08695652173913043,0.043478260869565216,0.043478260869565216,0.043478260869565216,2689.1099,0.5842393514412616,8.387030601501465,0.08695652173913043,40.947826086956525
899,YPIVDAAMRQLTETG,inactive - virtual,inactive - virtual,0,Inactive,virtual,1,15,0.13333333333333333,0.0,0.06666666666666667,0.06666666666666667,0.0,0.06666666666666667,0.0,0.06666666666666667,0.0,0.06666666666666667,0.06666666666666667,0.0,0.06666666666666667,0.06666666666666667,0.06666666666666667,0.0,0.13333333333333333,0.06666666666666667,0.0,0.06666666666666667,1664.8771000000006,-1.44351059823886,4.3702592849731445,0.06666666666666667,16.873333333333335
900,YQNIVKAVQYAARKLQ,inactive - virtual,inactive - virtual,0,Inactive,virtual,1,16,0.1875,0.0,0.0,0.0,0.0,0.0,0.0,0.0625,0.125,0.0625,0.0,0.0625,0.0,0.1875,0.0625,0.0,0.0,0.125,0.0,0.125,1893.1931,2.5474053786644326,9.9971284866333,0.125,54.887499999999996
901,YQQQKKYLGRMTE,inactive - virtual,inactive - virtual,0,Inactive,virtual,1,13,0.0,0.0,0.0,0.07692307692307693,0.0,0.07692307692307693,0.0,0.0,0.15384615384615385,0.07692307692307693,0.07692307692307693,0.0,0.0,0.23076923076923078,0.07692307692307693,0.0,0.07692307692307693,0.0,0.0,0.15384615384615385,1672.9024000000002,1.5506186262609742,9.526315879821777,0.15384615384615385,51.46153846153847
