ID,sequence,class,original_class,label,binary_class,inactive_source,is_virtual_inactive,length,AAC_A,AAC_C,AAC_D,AAC_E,AAC_F,AAC_G,AAC_H,AAC_I,AAC_K,AAC_L,AAC_M,AAC_N,AAC_P,AAC_Q,AAC_R,AAC_S,AAC_T,AAC_V,AAC_W,AAC_Y
1,AIGKFLHSAKKFGKAFVGEIMNS,mod. active,mod. active,1,Active,active,0,23,0.13043478260869565,0.0,0.0,0.043478260869565216,0.13043478260869565,0.13043478260869565,0.043478260869565216,0.08695652173913043,0.17391304347826086,0.043478260869565216,0.043478260869565216,0.043478260869565216,0.0,0.0,0.0,0.08695652173913043,0.0,0.043478260869565216,0.0,0.0
2,FAKALAKLAKKLL,mod. active,mod. active,1,Active,active,0,13,0.3076923076923077,0.0,0.0,0.0,0.07692307692307693,0.0,0.0,0.0,0.3076923076923077,0.3076923076923077,0.0,0.0,0.0,0.0,0.0,0.0,0.0,0.0,0.0,0.0
3,FAKALKALLKALKAL,mod. active,mod. active,1,Active,active,0,15,0.3333333333333333,0.0,0.0,0.0,0.06666666666666667,0.0,0.0,0.0,0.26666666666666666,0.3333333333333333,0.0,0.0,0.0,0.0,0.0,0.0,0.0,0.0,0.0,0.0
4,FAKFLAKFLKKAL,mod. active,mod. active,1,Active,active,0,13,0.23076923076923078,0.0,0.0,0.0,0.23076923076923078,0.0,0.0,0.0,0.3076923076923077,0.23076923076923078,0.0,0.0,0.0,0.0,0.0,0.0,0.0,0.0,0.0,0.0
5,FAKIIAKIAKIAKKIL,inactive - exp,inactive - exp,0,Inactive,experimental,0,16,0.25,0.0,0.0,0.0,0.0625,0.0,0.0,0.3125,0.3125,0.0625,0.0,0.0,0.0,0.0,0.0,0.0,0.0,0.0,0.0,0.0
6,FAKKFAKKFKKFAKKFAKFAFAF,mod. active,mod. active,1,Active,active,0,23,0.2608695652173913,0.0,0.0,0.0,0.34782608695652173,0.0,0.0,0.0,0.391304347826087,0.0,0.0,0.0,0.0,0.0,0.0,0.0,0.0,0.0,0.0,0.0
7,FAKKLAKKLAKAAL,inactive - exp,inactive - exp,0,Inactive,experimental,0,14,0.35714285714285715,0.0,0.0,0.0,0.07142857142857142,0.0,0.0,0.0,0.35714285714285715,0.21428571428571427,0.0,0.0,0.0,0.0,0.0,0.0,0.0,0.0,0.0,0.0
8,FAKKLAKKLAKAL,inactive - exp,inactive - exp,0,Inactive,experimental,0,13,0.3076923076923077,0.0,0.0,0.0,0.07692307692307693,0.0,0.0,0.0,0.38461538461538464,0.23076923076923078,0.0,0.0,0.0,0.0,0.0,0.0,0.0,0.0,0.0,0.0
9,FAKKLAKKLAKLAL,inactive - exp,inactive - exp,0,Inactive,experimental,0,14,0.2857142857142857,0.0,0.0,0.0,0.07142857142857142,0.0,0.0,0.0,0.35714285714285715,0.2857142857142857,0.0,0.0,0.0,0.0,0.0,0.0,0.0,0.0,0.0,0.0
10,FAKKLAKKLAKLL,inactive - exp,inactive - exp,0,Inactive,experimental,0,13,0.23076923076923078,0.0,0.0,0.0,0.07692307692307693,0.0,0.0,0.0,0.38461538461538464,0.3076923076923077,0.0,0.0,0.0,0.0,0.0,0.0,0.0,0.0,0.0,0.0
11,FAKKLAKKLKKLAKKLAK,inactive - exp,inactive - exp,0,Inactive,experimental,0,18,0.2222222222222222,0.0,0.0,0.0,0.05555555555555555,0.0,0.0,0.0,0.5,0.2222222222222222,0.0,0.0,0.0,0.0,0.0,0.0,0.0,0.0,0.0,0.0
12,FAKKLAKKLKKLAKKLAKKWKL,mod. active,mod. active,1,Active,active,0,22,0.18181818181818182,0.0,0.0,0.0,0.045454545454545456,0.0,0.0,0.0,0.5,0.22727272727272727,0.0,0.0,0.0,0.0,0.0,0.0,0.0,0.0,0.045454545454545456,0.0
13,FAKKLAKKLKKLAKKLAKLAKKL,inactive - exp,inactive - exp,0,Inactive,experimental,0,23,0.21739130434782608,0.0,0.0,0.0,0.043478260869565216,0.0,0.0,0.0,0.4782608695652174,0.2608695652173913,0.0,0.0,0.0,0.0,0.0,0.0,0.0,0.0,0.0,0.0
14,FAKKLAKKLKKLAKKLAKLALALKALALKAL,mod. active,mod. active,1,Active,active,0,31,0.2903225806451613,0.0,0.0,0.0,0.03225806451612903,0.0,0.0,0.0,0.3548387096774194,0.3225806451612903,0.0,0.0,0.0,0.0,0.0,0.0,0.0,0.0,0.0,0.0
15,FAKKLAKKLKKLAKKLIGAVLKV,mod. active,mod. active,1,Active,active,0,23,0.17391304347826086,0.0,0.0,0.0,0.043478260869565216,0.043478260869565216,0.0,0.043478260869565216,0.391304347826087,0.21739130434782608,0.0,0.0,0.0,0.0,0.0,0.0,0.0,0.08695652173913043,0.0,0.0
16,FAKKLAKKLKKLAKLALAK,inactive - exp,inactive - exp,0,Inactive,experimental,0,19,0.2631578947368421,0.0,0.0,0.0,0.05263157894736842,0.0,0.0,0.0,0.42105263157894735,0.2631578947368421,0.0,0.0,0.0,0.0,0.0,0.0,0.0,0.0,0.0,0.0
17,FAKKLAKKLKKLAKLALAL,inactive - exp,inactive - exp,0,Inactive,experimental,0,19,0.2631578947368421,0.0,0.0,0.0,0.05263157894736842,0.0,0.0,0.0,0.3684210526315789,0.3157894736842105,0.0,0.0,0.0,0.0,0.0,0.0,0.0,0.0,0.0,0.0
18,FAKKLAKKLL,inactive - exp,inactive - exp,0,Inactive,experimental,0,10,0.2,0.0,0.0,0.0,0.1,0.0,0.0,0.0,0.4,0.3,0.0,0.0,0.0,0.0,0.0,0.0,0.0,0.0,0.0,0.0
19,FAKKLAKLAKKALAL,inactive - exp,inactive - exp,0,Inactive,experimental,0,15,0.3333333333333333,0.0,0.0,0.0,0.06666666666666667,0.0,0.0,0.0,0.3333333333333333,0.26666666666666666,0.0,0.0,0.0,0.0,0.0,0.0,0.0,0.0,0.0,0.0
20,FAKKLAKLAKKL,inactive - exp,inactive - exp,0,Inactive,experimental,0,12,0.25,0.0,0.0,0.0,0.08333333333333333,0.0,0.0,0.0,0.4166666666666667,0.25,0.0,0.0,0.0,0.0,0.0,0.0,0.0,0.0,0.0,0.0
21,FAKKLAKLAKKLAKLAL,mod. active,mod. active,1,Active,active,0,17,0.29411764705882354,0.0,0.0,0.0,0.058823529411764705,0.0,0.0,0.0,0.35294117647058826,0.29411764705882354,0.0,0.0,0.0,0.0,0.0,0.0,0.0,0.0,0.0,0.0
22,FAKKLAKLAKKLAKLALAL,mod. active,mod. active,1,Active,active,0,19,0.3157894736842105,0.0,0.0,0.0,0.05263157894736842,0.0,0.0,0.0,0.3157894736842105,0.3157894736842105,0.0,0.0,0.0,0.0,0.0,0.0,0.0,0.0,0.0,0.0
23,FAKKLAKLAKKLLAL,mod. active,mod. active,1,Active,active,0,15,0.26666666666666666,0.0,0.0,0.0,0.06666666666666667,0.0,0.0,0.0,0.3333333333333333,0.3333333333333333,0.0,0.0,0.0,0.0,0.0,0.0,0.0,0.0,0.0,0.0
24,FAKKLAKLALKLAKL,mod. active,mod. active,1,Active,active,0,15,0.26666666666666666,0.0,0.0,0.0,0.06666666666666667,0.0,0.0,0.0,0.3333333333333333,0.3333333333333333,0.0,0.0,0.0,0.0,0.0,0.0,0.0,0.0,0.0,0.0
25,FAKKLKKLAKLAKKL,inactive - exp,inactive - exp,0,Inactive,experimental,0,15,0.2,0.0,0.0,0.0,0.06666666666666667,0.0,0.0,0.0,0.4666666666666667,0.26666666666666666,0.0,0.0,0.0,0.0,0.0,0.0,0.0,0.0,0.0,0.0
26,FAKKLLAKALKL,inactive - exp,inactive - exp,0,Inactive,experimental,0,12,0.25,0.0,0.0,0.0,0.08333333333333333,0.0,0.0,0.0,0.3333333333333333,0.3333333333333333,0.0,0.0,0.0,0.0,0.0,0.0,0.0,0.0,0.0,0.0
27,FAKLAKKALAKLL,inactive - exp,inactive - exp,0,Inactive,experimental,0,13,0.3076923076923077,0.0,0.0,0.0,0.07692307692307693,0.0,0.0,0.0,0.3076923076923077,0.3076923076923077,0.0,0.0,0.0,0.0,0.0,0.0,0.0,0.0,0.0,0.0
28,FAKLF,inactive - exp,inactive - exp,0,Inactive,experimental,0,5,0.2,0.0,0.0,0.0,0.4,0.0,0.0,0.0,0.2,0.2,0.0,0.0,0.0,0.0,0.0,0.0,0.0,0.0,0.0,0.0
29,FAKLFAKLAKKFAL,inactive - exp,inactive - exp,0,Inactive,experimental,0,14,0.2857142857142857,0.0,0.0,0.0,0.21428571428571427,0.0,0.0,0.0,0.2857142857142857,0.21428571428571427,0.0,0.0,0.0,0.0,0.0,0.0,0.0,0.0,0.0,0.0
30,FAKLLAKALKKAL,mod. active,mod. active,1,Active,active,0,13,0.3076923076923077,0.0,0.0,0.0,0.07692307692307693,0.0,0.0,0.0,0.3076923076923077,0.3076923076923077,0.0,0.0,0.0,0.0,0.0,0.0,0.0,0.0,0.0,0.0
31,FAKLLAKALKKFAL,mod. active,mod. active,1,Active,active,0,14,0.2857142857142857,0.0,0.0,0.0,0.14285714285714285,0.0,0.0,0.0,0.2857142857142857,0.2857142857142857,0.0,0.0,0.0,0.0,0.0,0.0,0.0,0.0,0.0,0.0
32,FAKLLAKALKKFL,mod. active,mod. active,1,Active,active,0,13,0.23076923076923078,0.0,0.0,0.0,0.15384615384615385,0.0,0.0,0.0,0.3076923076923077,0.3076923076923077,0.0,0.0,0.0,0.0,0.0,0.0,0.0,0.0,0.0,0.0
33,FAKLLAKALKKL,inactive - exp,inactive - exp,0,Inactive,experimental,0,12,0.25,0.0,0.0,0.0,0.08333333333333333,0.0,0.0,0.0,0.3333333333333333,0.3333333333333333,0.0,0.0,0.0,0.0,0.0,0.0,0.0,0.0,0.0,0.0
34,FAKLLAKALKKLL,very active,very active,1,Active,active,0,13,0.23076923076923078,0.0,0.0,0.0,0.07692307692307693,0.0,0.0,0.0,0.3076923076923077,0.38461538461538464,0.0,0.0,0.0,0.0,0.0,0.0,0.0,0.0,0.0,0.0
35,FAKLLAKALKLKL,inactive - exp,inactive - exp,0,Inactive,experimental,0,13,0.23076923076923078,0.0,0.0,0.0,0.07692307692307693,0.0,0.0,0.0,0.3076923076923077,0.38461538461538464,0.0,0.0,0.0,0.0,0.0,0.0,0.0,0.0,0.0,0.0
36,FAKLLAKFLKKAL,mod. active,mod. active,1,Active,active,0,13,0.23076923076923078,0.0,0.0,0.0,0.15384615384615385,0.0,0.0,0.0,0.3076923076923077,0.3076923076923077,0.0,0.0,0.0,0.0,0.0,0.0,0.0,0.0,0.0,0.0
37,FAKLLAKLAKAKL,inactive - exp,inactive - exp,0,Inactive,experimental,0,13,0.3076923076923077,0.0,0.0,0.0,0.07692307692307693,0.0,0.0,0.0,0.3076923076923077,0.3076923076923077,0.0,0.0,0.0,0.0,0.0,0.0,0.0,0.0,0.0,0.0
38,FAKLLAKLAKKAA,inactive - exp,inactive - exp,0,Inactive,experimental,0,13,0.38461538461538464,0.0,0.0,0.0,0.07692307692307693,0.0,0.0,0.0,0.3076923076923077,0.23076923076923078,0.0,0.0,0.0,0.0,0.0,0.0,0.0,0.0,0.0,0.0
39,FAKLLAKLAKKAL,inactive - exp,inactive - exp,0,Inactive,experimental,0,13,0.3076923076923077,0.0,0.0,0.0,0.07692307692307693,0.0,0.0,0.0,0.3076923076923077,0.3076923076923077,0.0,0.0,0.0,0.0,0.0,0.0,0.0,0.0,0.0,0.0
40,FAKLLAKLAKKFAL,inactive - exp,inactive - exp,0,Inactive,experimental,0,14,0.2857142857142857,0.0,0.0,0.0,0.14285714285714285,0.0,0.0,0.0,0.2857142857142857,0.2857142857142857,0.0,0.0,0.0,0.0,0.0,0.0,0.0,0.0,0.0,0.0
41,FAKLLAKLAKKGL,inactive - exp,inactive - exp,0,Inactive,experimental,0,13,0.23076923076923078,0.0,0.0,0.0,0.07692307692307693,0.07692307692307693,0.0,0.0,0.3076923076923077,0.3076923076923077,0.0,0.0,0.0,0.0,0.0,0.0,0.0,0.0,0.0,0.0
42,FAKLLAKLAKKIL,inactive - exp,inactive - exp,0,Inactive,experimental,0,13,0.23076923076923078,0.0,0.0,0.0,0.07692307692307693,0.0,0.0,0.07692307692307693,0.3076923076923077,0.3076923076923077,0.0,0.0,0.0,0.0,0.0,0.0,0.0,0.0,0.0,0.0
43,FAKLLAKLAKKL,inactive - exp,inactive - exp,0,Inactive,experimental,0,12,0.25,0.0,0.0,0.0,0.08333333333333333,0.0,0.0,0.0,0.3333333333333333,0.3333333333333333,0.0,0.0,0.0,0.0,0.0,0.0,0.0,0.0,0.0,0.0
44,FAKLLAKLAKKLL,very active,very active,1,Active,active,0,13,0.23076923076923078,0.0,0.0,0.0,0.07692307692307693,0.0,0.0,0.0,0.3076923076923077,0.38461538461538464,0.0,0.0,0.0,0.0,0.0,0.0,0.0,0.0,0.0,0.0
45,FAKLLAKLAKKSL,inactive - exp,inactive - exp,0,Inactive,experimental,0,13,0.23076923076923078,0.0,0.0,0.0,0.07692307692307693,0.0,0.0,0.0,0.3076923076923077,0.3076923076923077,0.0,0.0,0.0,0.0,0.0,0.07692307692307693,0.0,0.0,0.0,0.0
46,FAKLLAKLAKKVL,mod. active,mod. active,1,Active,active,0,13,0.23076923076923078,0.0,0.0,0.0,0.07692307692307693,0.0,0.0,0.0,0.3076923076923077,0.3076923076923077,0.0,0.0,0.0,0.0,0.0,0.0,0.0,0.07692307692307693,0.0,0.0
47,FAKLLAKLAKLKL,inactive - exp,inactive - exp,0,Inactive,experimental,0,13,0.23076923076923078,0.0,0.0,0.0,0.07692307692307693,0.0,0.0,0.0,0.3076923076923077,0.38461538461538464,0.0,0.0,0.0,0.0,0.0,0.0,0.0,0.0,0.0,0.0
48,FAKLLFKALKKAL,inactive - exp,inactive - exp,0,Inactive,experimental,0,13,0.23076923076923078,0.0,0.0,0.0,0.15384615384615385,0.0,0.0,0.0,0.3076923076923077,0.3076923076923077,0.0,0.0,0.0,0.0,0.0,0.0,0.0,0.0,0.0,0.0
49,FAKLLKLAAKKLL,inactive - exp,inactive - exp,0,Inactive,experimental,0,13,0.23076923076923078,0.0,0.0,0.0,0.07692307692307693,0.0,0.0,0.0,0.3076923076923077,0.38461538461538464,0.0,0.0,0.0,0.0,0.0,0.0,0.0,0.0,0.0,0.0
50,FAKLWAKLAFGKGIGKVGKKLL,mod. active,mod. active,1,Active,active,0,22,0.13636363636363635,0.0,0.0,0.0,0.09090909090909091,0.18181818181818182,0.0,0.045454545454545456,0.2727272727272727,0.18181818181818182,0.0,0.0,0.0,0.0,0.0,0.0,0.0,0.045454545454545456,0.045454545454545456,0.0
51,FAKLWAKLAKKL,inactive - exp,inactive - exp,0,Inactive,experimental,0,12,0.25,0.0,0.0,0.0,0.08333333333333333,0.0,0.0,0.0,0.3333333333333333,0.25,0.0,0.0,0.0,0.0,0.0,0.0,0.0,0.0,0.08333333333333333,0.0
52,FALAAKALKKLAKKLKKLAKKAL,mod. active,mod. active,1,Active,active,0,23,0.30434782608695654,0.0,0.0,0.0,0.043478260869565216,0.0,0.0,0.0,0.391304347826087,0.2608695652173913,0.0,0.0,0.0,0.0,0.0,0.0,0.0,0.0,0.0,0.0
53,FALAKLAKKAKAKLKKALKAL,mod. active,mod. active,1,Active,active,0,21,0.3333333333333333,0.0,0.0,0.0,0.047619047619047616,0.0,0.0,0.0,0.38095238095238093,0.23809523809523808,0.0,0.0,0.0,0.0,0.0,0.0,0.0,0.0,0.0,0.0
54,FALALKALKK,inactive - exp,inactive - exp,0,Inactive,experimental,0,10,0.3,0.0,0.0,0.0,0.1,0.0,0.0,0.0,0.3,0.3,0.0,0.0,0.0,0.0,0.0,0.0,0.0,0.0,0.0,0.0
55,FALALKALKKAL,inactive - exp,inactive - exp,0,Inactive,experimental,0,12,0.3333333333333333,0.0,0.0,0.0,0.08333333333333333,0.0,0.0,0.0,0.25,0.3333333333333333,0.0,0.0,0.0,0.0,0.0,0.0,0.0,0.0,0.0,0.0
56,FALALKALKKALKKLKKALKKAL,inactive - exp,inactive - exp,0,Inactive,experimental,0,23,0.2608695652173913,0.0,0.0,0.0,0.043478260869565216,0.0,0.0,0.0,0.391304347826087,0.30434782608695654,0.0,0.0,0.0,0.0,0.0,0.0,0.0,0.0,0.0,0.0
57,FALALKALKKL,mod. active,mod. active,1,Active,active,0,11,0.2727272727272727,0.0,0.0,0.0,0.09090909090909091,0.0,0.0,0.0,0.2727272727272727,0.36363636363636365,0.0,0.0,0.0,0.0,0.0,0.0,0.0,0.0,0.0,0.0
58,FALALKALKKLAKKLKKLAKKAL,mod. active,mod. active,1,Active,active,0,23,0.2608695652173913,0.0,0.0,0.0,0.043478260869565216,0.0,0.0,0.0,0.391304347826087,0.30434782608695654,0.0,0.0,0.0,0.0,0.0,0.0,0.0,0.0,0.0,0.0
59,FALALKALKKLKKALKKAL,mod. active,mod. active,1,Active,active,0,19,0.2631578947368421,0.0,0.0,0.0,0.05263157894736842,0.0,0.0,0.0,0.3684210526315789,0.3157894736842105,0.0,0.0,0.0,0.0,0.0,0.0,0.0,0.0,0.0,0.0
60,FALALKALKKLLKKLKKLAKKAL,mod. active,mod. active,1,Active,active,0,23,0.21739130434782608,0.0,0.0,0.0,0.043478260869565216,0.0,0.0,0.0,0.391304347826087,0.34782608695652173,0.0,0.0,0.0,0.0,0.0,0.0,0.0,0.0,0.0,0.0
61,FALALKKALKALKKAL,mod. active,mod. active,1,Active,active,0,16,0.3125,0.0,0.0,0.0,0.0625,0.0,0.0,0.0,0.3125,0.3125,0.0,0.0,0.0,0.0,0.0,0.0,0.0,0.0,0.0,0.0
62,FALALKLAKKAL,inactive - exp,inactive - exp,0,Inactive,experimental,0,12,0.3333333333333333,0.0,0.0,0.0,0.08333333333333333,0.0,0.0,0.0,0.25,0.3333333333333333,0.0,0.0,0.0,0.0,0.0,0.0,0.0,0.0,0.0,0.0
63,FALKALKKLKKALKKAL,mod. active,mod. active,1,Active,active,0,17,0.23529411764705882,0.0,0.0,0.0,0.058823529411764705,0.0,0.0,0.0,0.4117647058823529,0.29411764705882354,0.0,0.0,0.0,0.0,0.0,0.0,0.0,0.0,0.0,0.0
64,FALLKALKKAL,inactive - exp,inactive - exp,0,Inactive,experimental,0,11,0.2727272727272727,0.0,0.0,0.0,0.09090909090909091,0.0,0.0,0.0,0.2727272727272727,0.36363636363636365,0.0,0.0,0.0,0.0,0.0,0.0,0.0,0.0,0.0,0.0
65,FALLKALLKKAL,inactive - exp,inactive - exp,0,Inactive,experimental,0,12,0.25,0.0,0.0,0.0,0.08333333333333333,0.0,0.0,0.0,0.25,0.4166666666666667,0.0,0.0,0.0,0.0,0.0,0.0,0.0,0.0,0.0,0.0
66,FAVGLRAIKRALKKLRRGVRKVAKDL,inactive - exp,inactive - exp,0,Inactive,experimental,0,26,0.15384615384615385,0.0,0.038461538461538464,0.0,0.038461538461538464,0.07692307692307693,0.0,0.038461538461538464,0.19230769230769232,0.15384615384615385,0.0,0.0,0.0,0.0,0.19230769230769232,0.0,0.0,0.11538461538461539,0.0,0.0
67,FKLAFKLAKKAFL,inactive - exp,inactive - exp,0,Inactive,experimental,0,13,0.23076923076923078,0.0,0.0,0.0,0.23076923076923078,0.0,0.0,0.0,0.3076923076923077,0.23076923076923078,0.0,0.0,0.0,0.0,0.0,0.0,0.0,0.0,0.0,0.0
68,FKRLAKIKVLRLAKIKR,mod. active,mod. active,1,Active,active,0,17,0.11764705882352941,0.0,0.0,0.0,0.058823529411764705,0.0,0.0,0.11764705882352941,0.29411764705882354,0.17647058823529413,0.0,0.0,0.0,0.0,0.17647058823529413,0.0,0.0,0.058823529411764705,0.0,0.0
69,FKVKFKVKVK,inactive - exp,inactive - exp,0,Inactive,experimental,0,10,0.0,0.0,0.0,0.0,0.2,0.0,0.0,0.0,0.5,0.0,0.0,0.0,0.0,0.0,0.0,0.0,0.0,0.3,0.0,0.0
70,FLGALFHALSKLL,mod. active,mod. active,1,Active,active,0,13,0.15384615384615385,0.0,0.0,0.0,0.15384615384615385,0.07692307692307693,0.07692307692307693,0.0,0.07692307692307693,0.38461538461538464,0.0,0.0,0.0,0.0,0.0,0.07692307692307693,0.0,0.0,0.0,0.0
71,FLGALFKALSHLL,mod. active,mod. active,1,Active,active,0,13,0.15384615384615385,0.0,0.0,0.0,0.15384615384615385,0.07692307692307693,0.07692307692307693,0.0,0.07692307692307693,0.38461538461538464,0.0,0.0,0.0,0.0,0.0,0.07692307692307693,0.0,0.0,0.0,0.0
72,FLGALFKALSKLL,mod. active,mod. active,1,Active,active,0,13,0.15384615384615385,0.0,0.0,0.0,0.15384615384615385,0.07692307692307693,0.0,0.0,0.15384615384615385,0.38461538461538464,0.0,0.0,0.0,0.0,0.0,0.07692307692307693,0.0,0.0,0.0,0.0
73,FLGMIPGLIGGLISAFK,very active,very active,1,Active,active,0,17,0.058823529411764705,0.0,0.0,0.0,0.11764705882352941,0.23529411764705882,0.0,0.17647058823529413,0.058823529411764705,0.17647058823529413,0.058823529411764705,0.0,0.058823529411764705,0.0,0.0,0.058823529411764705,0.0,0.0,0.0,0.0
74,FLGMIPKLIKKLIKAFK,very active,very active,1,Active,active,0,17,0.058823529411764705,0.0,0.0,0.0,0.11764705882352941,0.058823529411764705,0.0,0.17647058823529413,0.29411764705882354,0.17647058823529413,0.058823529411764705,0.0,0.058823529411764705,0.0,0.0,0.0,0.0,0.0,0.0,0.0
75,FLGWLFKWAKK,mod. active,mod. active,1,Active,active,0,11,0.09090909090909091,0.0,0.0,0.0,0.18181818181818182,0.09090909090909091,0.0,0.0,0.2727272727272727,0.18181818181818182,0.0,0.0,0.0,0.0,0.0,0.0,0.0,0.0,0.18181818181818182,0.0
76,FLGWLFKWAWK,mod. active,mod. active,1,Active,active,0,11,0.09090909090909091,0.0,0.0,0.0,0.18181818181818182,0.09090909090909091,0.0,0.0,0.18181818181818182,0.18181818181818182,0.0,0.0,0.0,0.0,0.0,0.0,0.0,0.0,0.2727272727272727,0.0
77,FLKLLAGLLKNFA,mod. active,mod. active,1,Active,active,0,13,0.15384615384615385,0.0,0.0,0.0,0.15384615384615385,0.07692307692307693,0.0,0.0,0.15384615384615385,0.38461538461538464,0.0,0.07692307692307693,0.0,0.0,0.0,0.0,0.0,0.0,0.0,0.0
78,FLKLLKKLAAKFLPTIICKISYKC,very active,very active,1,Active,active,0,24,0.08333333333333333,0.08333333333333333,0.0,0.0,0.08333333333333333,0.0,0.0,0.125,0.25,0.20833333333333334,0.0,0.0,0.041666666666666664,0.0,0.0,0.041666666666666664,0.041666666666666664,0.0,0.0,0.041666666666666664
79,FLKLLKKLAAKLF,mod. active,mod. active,1,Active,active,0,13,0.15384615384615385,0.0,0.0,0.0,0.15384615384615385,0.0,0.0,0.0,0.3076923076923077,0.38461538461538464,0.0,0.0,0.0,0.0,0.0,0.0,0.0,0.0,0.0,0.0
80,FLKWLFKWAKK,mod. active,mod. active,1,Active,active,0,11,0.09090909090909091,0.0,0.0,0.0,0.18181818181818182,0.0,0.0,0.0,0.36363636363636365,0.18181818181818182,0.0,0.0,0.0,0.0,0.0,0.0,0.0,0.0,0.18181818181818182,0.0
81,FLSLIPKLVKKIIKAFK,very active,very active,1,Active,active,0,17,0.058823529411764705,0.0,0.0,0.0,0.11764705882352941,0.0,0.0,0.17647058823529413,0.29411764705882354,0.17647058823529413,0.0,0.0,0.058823529411764705,0.0,0.0,0.058823529411764705,0.0,0.058823529411764705,0.0,0.0
82,FLSLIPSLVGGSISAFK,inactive - exp,inactive - exp,0,Inactive,experimental,0,17,0.058823529411764705,0.0,0.0,0.0,0.11764705882352941,0.11764705882352941,0.0,0.11764705882352941,0.058823529411764705,0.17647058823529413,0.0,0.0,0.058823529411764705,0.0,0.0,0.23529411764705882,0.0,0.058823529411764705,0.0,0.0
83,FLWWLFKWAWK,mod. active,mod. active,1,Active,active,0,11,0.09090909090909091,0.0,0.0,0.0,0.18181818181818182,0.0,0.0,0.0,0.18181818181818182,0.18181818181818182,0.0,0.0,0.0,0.0,0.0,0.0,0.0,0.0,0.36363636363636365,0.0
84,GIGAVLKVLTTGLPALISWIKRKRQQ,mod. active,mod. active,1,Active,active,0,26,0.07692307692307693,0.0,0.0,0.0,0.0,0.11538461538461539,0.0,0.11538461538461539,0.11538461538461539,0.15384615384615385,0.0,0.0,0.038461538461538464,0.07692307692307693,0.07692307692307693,0.038461538461538464,0.07692307692307693,0.07692307692307693,0.038461538461538464,0.0
85,GIGKFLHAAKKFAKAFVAEIMNS,mod. active,mod. active,1,Active,active,0,23,0.21739130434782608,0.0,0.0,0.043478260869565216,0.13043478260869565,0.08695652173913043,0.043478260869565216,0.08695652173913043,0.17391304347826086,0.043478260869565216,0.043478260869565216,0.043478260869565216,0.0,0.0,0.0,0.043478260869565216,0.0,0.043478260869565216,0.0,0.0
86,GIGKFLHSAKKFAKAFVAEIMNS,mod. active,mod. active,1,Active,active,0,23,0.17391304347826086,0.0,0.0,0.043478260869565216,0.13043478260869565,0.08695652173913043,0.043478260869565216,0.08695652173913043,0.17391304347826086,0.043478260869565216,0.043478260869565216,0.043478260869565216,0.0,0.0,0.0,0.08695652173913043,0.0,0.043478260869565216,0.0,0.0
87,GIGKFLHSAKKFGKAFVGEIMNS,mod. active,mod. active,1,Active,active,0,23,0.08695652173913043,0.0,0.0,0.043478260869565216,0.13043478260869565,0.17391304347826086,0.043478260869565216,0.08695652173913043,0.17391304347826086,0.043478260869565216,0.043478260869565216,0.043478260869565216,0.0,0.0,0.0,0.08695652173913043,0.0,0.043478260869565216,0.0,0.0
88,GIGKFLKKAKKFAKAFVKIINN,very active,very active,1,Active,active,0,22,0.13636363636363635,0.0,0.0,0.0,0.13636363636363635,0.09090909090909091,0.0,0.13636363636363635,0.3181818181818182,0.045454545454545456,0.0,0.09090909090909091,0.0,0.0,0.0,0.0,0.0,0.045454545454545456,0.0,0.0
89,GIGKFLKKAKKFGKAFVKILKK,inactive - exp,inactive - exp,0,Inactive,experimental,0,22,0.09090909090909091,0.0,0.0,0.0,0.13636363636363635,0.13636363636363635,0.0,0.09090909090909091,0.4090909090909091,0.09090909090909091,0.0,0.0,0.0,0.0,0.0,0.0,0.0,0.045454545454545456,0.0,0.0
90,GLFAVIKKVAAVIKKL,mod. active,mod. active,1,Active,active,0,16,0.1875,0.0,0.0,0.0,0.0625,0.0625,0.0,0.125,0.25,0.125,0.0,0.0,0.0,0.0,0.0,0.0,0.0,0.1875,0.0,0.0
91,GLFAVIKKVAAVIRRL,mod. active,mod. active,1,Active,active,0,16,0.1875,0.0,0.0,0.0,0.0625,0.0625,0.0,0.125,0.125,0.125,0.0,0.0,0.0,0.0,0.125,0.0,0.0,0.1875,0.0,0.0
92,GLFAVIKKVAKVIKKL,very active,very active,1,Active,active,0,16,0.125,0.0,0.0,0.0,0.0625,0.0625,0.0,0.125,0.3125,0.125,0.0,0.0,0.0,0.0,0.0,0.0,0.0,0.1875,0.0,0.0
93,GLFAVIKKVASVIGGL,very active,very active,1,Active,active,0,16,0.125,0.0,0.0,0.0,0.0625,0.1875,0.0,0.125,0.125,0.125,0.0,0.0,0.0,0.0,0.0,0.0625,0.0,0.1875,0.0,0.0
94,GLFAVIKKVASVIKGL,mod. active,mod. active,1,Active,active,0,16,0.125,0.0,0.0,0.0,0.0625,0.125,0.0,0.125,0.1875,0.125,0.0,0.0,0.0,0.0,0.0,0.0625,0.0,0.1875,0.0,0.0
95,GLFAVIKKVASVIKKL,mod. active,mod. active,1,Active,active,0,16,0.125,0.0,0.0,0.0,0.0625,0.0625,0.0,0.125,0.25,0.125,0.0,0.0,0.0,0.0,0.0,0.0625,0.0,0.1875,0.0,0.0
96,GLFDIAKKVIGVIGSL,mod. active,mod. active,1,Active,active,0,16,0.0625,0.0,0.0625,0.0,0.0625,0.1875,0.0,0.1875,0.125,0.125,0.0,0.0,0.0,0.0,0.0,0.0625,0.0,0.125,0.0,0.0
97,GLFDIIKKIAESF,mod. active,mod. active,1,Active,active,0,13,0.07692307692307693,0.0,0.07692307692307693,0.07692307692307693,0.15384615384615385,0.07692307692307693,0.0,0.23076923076923078,0.15384615384615385,0.07692307692307693,0.0,0.0,0.0,0.0,0.0,0.07692307692307693,0.0,0.0,0.0,0.0
98,GLFDIVKKIAGHIAGSI,mod. active,mod. active,1,Active,active,0,17,0.11764705882352941,0.0,0.058823529411764705,0.0,0.058823529411764705,0.17647058823529413,0.058823529411764705,0.23529411764705882,0.11764705882352941,0.058823529411764705,0.0,0.0,0.0,0.0,0.0,0.058823529411764705,0.0,0.058823529411764705,0.0,0.0
99,GLFDIVKKIAGHIASSI,mod. active,mod. active,1,Active,active,0,17,0.11764705882352941,0.0,0.058823529411764705,0.0,0.058823529411764705,0.11764705882352941,0.058823529411764705,0.23529411764705882,0.11764705882352941,0.058823529411764705,0.0,0.0,0.0,0.0,0.0,0.11764705882352941,0.0,0.058823529411764705,0.0,0.0
100,GLFDIVKKIAGHIVSSI,mod. active,mod. active,1,Active,active,0,17,0.058823529411764705,0.0,0.058823529411764705,0.0,0.058823529411764705,0.11764705882352941,0.058823529411764705,0.23529411764705882,0.11764705882352941,0.058823529411764705,0.0,0.0,0.0,0.0,0.0,0.11764705882352941,0.0,0.11764705882352941,0.0,0.0
101,GLFDIVKKVVGAFGSL,mod. active,mod. active,1,Active,active,0,16,0.0625,0.0,0.0625,0.0,0.125,0.1875,0.0,0.0625,0.125,0.125,0.0,0.0,0.0,0.0,0.0,0.0625,0.0,0.1875,0.0,0.0
102,GLFDVIAKVASVIKKL,mod. active,mod. active,1,Active,active,0,16,0.125,0.0,0.0625,0.0,0.0625,0.0625,0.0,0.125,0.1875,0.125,0.0,0.0,0.0,0.0,0.0,0.0625,0.0,0.1875,0.0,0.0
103,GLFDVIKAVASVIGGL,mod. active,mod. active,1,Active,active,0,16,0.125,0.0,0.0625,0.0,0.0625,0.1875,0.0,0.125,0.0625,0.125,0.0,0.0,0.0,0.0,0.0,0.0625,0.0,0.1875,0.0,0.0
104,GLFDVIKKVAAVIGGL,mod. active,mod. active,1,Active,active,0,16,0.125,0.0,0.0625,0.0,0.0625,0.1875,0.0,0.125,0.125,0.125,0.0,0.0,0.0,0.0,0.0,0.0,0.0,0.1875,0.0,0.0
105,GLFDVIKKVASVIGGL,mod. active,mod. active,1,Active,active,0,16,0.0625,0.0,0.0625,0.0,0.0625,0.1875,0.0,0.125,0.125,0.125,0.0,0.0,0.0,0.0,0.0,0.0625,0.0,0.1875,0.0,0.0
106,GLFDVIKKVASVIKGL,mod. active,mod. active,1,Active,active,0,16,0.0625,0.0,0.0625,0.0,0.0625,0.125,0.0,0.125,0.1875,0.125,0.0,0.0,0.0,0.0,0.0,0.0625,0.0,0.1875,0.0,0.0
107,GLFDVIKKVASVIKKL,mod. active,mod. active,1,Active,active,0,16,0.0625,0.0,0.0625,0.0,0.0625,0.0625,0.0,0.125,0.25,0.125,0.0,0.0,0.0,0.0,0.0,0.0625,0.0,0.1875,0.0,0.0
108,GLFKVIKKVAKVIKKL,mod. active,mod. active,1,Active,active,0,16,0.0625,0.0,0.0,0.0,0.0625,0.0625,0.0,0.125,0.375,0.125,0.0,0.0,0.0,0.0,0.0,0.0,0.0,0.1875,0.0,0.0
109,GLFKVIKKVASVIGGL,mod. active,mod. active,1,Active,active,0,16,0.0625,0.0,0.0,0.0,0.0625,0.1875,0.0,0.125,0.1875,0.125,0.0,0.0,0.0,0.0,0.0,0.0625,0.0,0.1875,0.0,0.0
110,ILPWKWPWWPWRR,inactive - exp,inactive - exp,0,Inactive,experimental,0,13,0.0,0.0,0.0,0.0,0.0,0.0,0.0,0.07692307692307693,0.07692307692307693,0.07692307692307693,0.0,0.0,0.23076923076923078,0.0,0.15384615384615385,0.0,0.0,0.0,0.38461538461538464,0.0
111,KKKFPWWWPFKKK,mod. active,mod. active,1,Active,active,0,13,0.0,0.0,0.0,0.0,0.15384615384615385,0.0,0.0,0.0,0.46153846153846156,0.0,0.0,0.0,0.15384615384615385,0.0,0.0,0.0,0.0,0.0,0.23076923076923078,0.0
112,KKKFPWWWPFKKKCKKKFPWWWPFKKKC,very active,very active,1,Active,active,0,28,0.0,0.07142857142857142,0.0,0.0,0.14285714285714285,0.0,0.0,0.0,0.42857142857142855,0.0,0.0,0.0,0.14285714285714285,0.0,0.0,0.0,0.0,0.0,0.21428571428571427,0.0
113,KKKFPWWWPFKKKKKKFPWWWPFKKKK,very active,very active,1,Active,active,0,27,0.0,0.0,0.0,0.0,0.14814814814814814,0.0,0.0,0.0,0.48148148148148145,0.0,0.0,0.0,0.14814814814814814,0.0,0.0,0.0,0.0,0.0,0.2222222222222222,0.0
114,KKVVFKVKFK,inactive - exp,inactive - exp,0,Inactive,experimental,0,10,0.0,0.0,0.0,0.0,0.2,0.0,0.0,0.0,0.5,0.0,0.0,0.0,0.0,0.0,0.0,0.0,0.0,0.3,0.0,0.0
115,KLAKKLAKLAKLAKAL,mod. active,mod. active,1,Active,active,0,16,0.3125,0.0,0.0,0.0,0.0,0.0,0.0,0.0,0.375,0.3125,0.0,0.0,0.0,0.0,0.0,0.0,0.0,0.0,0.0,0.0
116,KLALKLALKALKAAKLA,inactive - exp,inactive - exp,0,Inactive,experimental,0,17,0.35294117647058826,0.0,0.0,0.0,0.0,0.0,0.0,0.0,0.29411764705882354,0.35294117647058826,0.0,0.0,0.0,0.0,0.0,0.0,0.0,0.0,0.0,0.0
117,KTKLFKKFAKKLAKKLKKLAKKL,mod. active,mod. active,1,Active,active,0,23,0.13043478260869565,0.0,0.0,0.0,0.08695652173913043,0.0,0.0,0.0,0.5217391304347826,0.21739130434782608,0.0,0.0,0.0,0.0,0.0,0.0,0.043478260869565216,0.0,0.0,0.0
118,KWKKFLKIGIGKFLHLAKKF,very active,very active,1,Active,active,0,20,0.05,0.0,0.0,0.0,0.15,0.1,0.05,0.1,0.35,0.15,0.0,0.0,0.0,0.0,0.0,0.0,0.0,0.0,0.05,0.0
119,KWKLAKKALALL,inactive - exp,inactive - exp,0,Inactive,experimental,0,12,0.25,0.0,0.0,0.0,0.0,0.0,0.0,0.0,0.3333333333333333,0.3333333333333333,0.0,0.0,0.0,0.0,0.0,0.0,0.0,0.0,0.08333333333333333,0.0
120,KWKLFAKIGIGKFLHLAKKF,very active,very active,1,Active,active,0,20,0.1,0.0,0.0,0.0,0.15,0.1,0.05,0.1,0.3,0.15,0.0,0.0,0.0,0.0,0.0,0.0,0.0,0.0,0.05,0.0
121,KWKLFKKALKKLKKALKKAL,mod. active,mod. active,1,Active,active,0,20,0.15,0.0,0.0,0.0,0.05,0.0,0.0,0.0,0.5,0.25,0.0,0.0,0.0,0.0,0.0,0.0,0.0,0.0,0.05,0.0
122,KWKLFKKIGAVLKVL,mod. active,mod. active,1,Active,active,0,15,0.06666666666666667,0.0,0.0,0.0,0.06666666666666667,0.06666666666666667,0.0,0.06666666666666667,0.3333333333333333,0.2,0.0,0.0,0.0,0.0,0.0,0.0,0.0,0.13333333333333333,0.06666666666666667,0.0
123,KWKLFKKIGIGAFLHLAKKF,very active,very active,1,Active,active,0,20,0.1,0.0,0.0,0.0,0.15,0.1,0.05,0.1,0.3,0.15,0.0,0.0,0.0,0.0,0.0,0.0,0.0,0.0,0.05,0.0
124,KWKLFKKIGIGAFLHSAKKF,mod. active,mod. active,1,Active,active,0,20,0.1,0.0,0.0,0.0,0.15,0.1,0.05,0.1,0.3,0.1,0.0,0.0,0.0,0.0,0.0,0.05,0.0,0.0,0.05,0.0
125,KWKLFKKIGIGAVLKVLKKG,very active,very active,1,Active,active,0,20,0.05,0.0,0.0,0.0,0.05,0.15,0.0,0.1,0.35,0.15,0.0,0.0,0.0,0.0,0.0,0.0,0.0,0.1,0.05,0.0
126,KWKLFKKIGIGAVLKVLTTG,mod. active,mod. active,1,Active,active,0,20,0.05,0.0,0.0,0.0,0.05,0.15,0.0,0.1,0.25,0.15,0.0,0.0,0.0,0.0,0.0,0.0,0.1,0.1,0.05,0.0
127,KWKLFKKIGIGKFKLAKKF,very active,very active,1,Active,active,0,19,0.05263157894736842,0.0,0.0,0.0,0.15789473684210525,0.10526315789473684,0.0,0.10526315789473684,0.42105263157894735,0.10526315789473684,0.0,0.0,0.0,0.0,0.0,0.0,0.0,0.0,0.05263157894736842,0.0
128,KWKLFKKIGIGKFLHLAKKF,very active,very active,1,Active,active,0,20,0.05,0.0,0.0,0.0,0.15,0.1,0.05,0.1,0.35,0.15,0.0,0.0,0.0,0.0,0.0,0.0,0.0,0.0,0.05,0.0
129,KWKLFKKIGIGKFLHSAKKF,mod. active,mod. active,1,Active,active,0,20,0.05,0.0,0.0,0.0,0.15,0.1,0.05,0.1,0.35,0.1,0.0,0.0,0.0,0.0,0.0,0.05,0.0,0.0,0.05,0.0
130,KWKLFKKIGIGKFLHSATTF,mod. active,mod. active,1,Active,active,0,20,0.05,0.0,0.0,0.0,0.15,0.1,0.05,0.1,0.25,0.1,0.0,0.0,0.0,0.0,0.0,0.05,0.1,0.0,0.05,0.0
131,KWKLFKKIKFLHSAKKF,inactive - exp,inactive - exp,0,Inactive,experimental,0,17,0.058823529411764705,0.0,0.0,0.0,0.17647058823529413,0.0,0.058823529411764705,0.058823529411764705,0.4117647058823529,0.11764705882352941,0.0,0.0,0.0,0.0,0.0,0.058823529411764705,0.0,0.0,0.058823529411764705,0.0
132,KWKLFKKIPKFLHSAKKF,mod. active,mod. active,1,Active,active,0,18,0.05555555555555555,0.0,0.0,0.0,0.16666666666666666,0.0,0.05555555555555555,0.05555555555555555,0.3888888888888889,0.1111111111111111,0.0,0.0,0.05555555555555555,0.0,0.0,0.05555555555555555,0.0,0.0,0.05555555555555555,0.0
133,KWKLFKKKTKLFKKFAKKLAKKL,mod. active,mod. active,1,Active,active,0,23,0.08695652173913043,0.0,0.0,0.0,0.13043478260869565,0.0,0.0,0.0,0.5217391304347826,0.17391304347826086,0.0,0.0,0.0,0.0,0.0,0.0,0.043478260869565216,0.0,0.043478260869565216,0.0
134,KWKSFAKTFKSAKKTVLHTALKAISS,mod. active,mod. active,1,Active,active,0,26,0.15384615384615385,0.0,0.0,0.0,0.07692307692307693,0.0,0.038461538461538464,0.038461538461538464,0.2692307692307692,0.07692307692307693,0.0,0.0,0.0,0.0,0.0,0.15384615384615385,0.11538461538461539,0.038461538461538464,0.038461538461538464,0.0
135,KWKSFLKTFKSAKKTVAHTAAKAISS,mod. active,mod. active,1,Active,active,0,26,0.19230769230769232,0.0,0.0,0.0,0.07692307692307693,0.0,0.038461538461538464,0.038461538461538464,0.2692307692307692,0.038461538461538464,0.0,0.0,0.0,0.0,0.0,0.15384615384615385,0.11538461538461539,0.038461538461538464,0.038461538461538464,0.0
136,KWKSFLKTFKSAKKTVAHTALKAISS,mod. active,mod. active,1,Active,active,0,26,0.15384615384615385,0.0,0.0,0.0,0.07692307692307693,0.0,0.038461538461538464,0.038461538461538464,0.2692307692307692,0.07692307692307693,0.0,0.0,0.0,0.0,0.0,0.15384615384615385,0.11538461538461539,0.038461538461538464,0.038461538461538464,0.0
137,KWKSFLKTFKSAKKTVLHTALKAISS,very active,very active,1,Active,active,0,26,0.11538461538461539,0.0,0.0,0.0,0.07692307692307693,0.0,0.038461538461538464,0.038461538461538464,0.2692307692307692,0.11538461538461539,0.0,0.0,0.0,0.0,0.0,0.15384615384615385,0.11538461538461539,0.038461538461538464,0.038461538461538464,0.0
138,KWKSFLKTFKSAKKTVLHTLLKAISS,very active,very active,1,Active,active,0,26,0.07692307692307693,0.0,0.0,0.0,0.07692307692307693,0.0,0.038461538461538464,0.038461538461538464,0.2692307692307692,0.15384615384615385,0.0,0.0,0.0,0.0,0.0,0.15384615384615385,0.11538461538461539,0.038461538461538464,0.038461538461538464,0.0
139,KWKSFLKTFKSLKKTVLHTALKAISS,very active,very active,1,Active,active,0,26,0.07692307692307693,0.0,0.0,0.0,0.07692307692307693,0.0,0.038461538461538464,0.038461538461538464,0.2692307692307692,0.15384615384615385,0.0,0.0,0.0,0.0,0.0,0.15384615384615385,0.11538461538461539,0.038461538461538464,0.038461538461538464,0.0
140,KWKSFLKTFKSLKKTVLHTLLKAISS,very active,very active,1,Active,active,0,26,0.038461538461538464,0.0,0.0,0.0,0.07692307692307693,0.0,0.038461538461538464,0.038461538461538464,0.2692307692307692,0.19230769230769232,0.0,0.0,0.0,0.0,0.0,0.15384615384615385,0.11538461538461539,0.038461538461538464,0.038461538461538464,0.0
141,KWKSFLKTFKSLKKTVLHTLLKLISS,very active,very active,1,Active,active,0,26,0.0,0.0,0.0,0.0,0.07692307692307693,0.0,0.038461538461538464,0.038461538461538464,0.2692307692307692,0.23076923076923078,0.0,0.0,0.0,0.0,0.0,0.15384615384615385,0.11538461538461539,0.038461538461538464,0.038461538461538464,0.0
142,KYKKALKKLAKLL,inactive - exp,inactive - exp,0,Inactive,experimental,0,13,0.15384615384615385,0.0,0.0,0.0,0.0,0.0,0.0,0.0,0.46153846153846156,0.3076923076923077,0.0,0.0,0.0,0.0,0.0,0.0,0.0,0.0,0.0,0.07692307692307693
143,LGGIVSAVKKIVDFLG,mod. active,mod. active,1,Active,active,0,16,0.0625,0.0,0.0625,0.0,0.0625,0.1875,0.0,0.125,0.125,0.125,0.0,0.0,0.0,0.0,0.0,0.0625,0.0,0.1875,0.0,0.0
144,LPKWKVFKKIEKVGRNIRNGIVKAGPAIAVLGEAKALG,mod. active,mod. active,1,Active,active,0,38,0.13157894736842105,0.0,0.0,0.05263157894736842,0.02631578947368421,0.13157894736842105,0.0,0.10526315789473684,0.18421052631578946,0.07894736842105263,0.0,0.05263157894736842,0.05263157894736842,0.0,0.05263157894736842,0.0,0.0,0.10526315789473684,0.02631578947368421,0.0
145,MPKWKVFKKIEKVGRNIRNGIVKAGPAIAVLGEAKALG,inactive - exp,inactive - exp,0,Inactive,experimental,0,38,0.13157894736842105,0.0,0.0,0.05263157894736842,0.02631578947368421,0.13157894736842105,0.0,0.10526315789473684,0.18421052631578946,0.05263157894736842,0.02631578947368421,0.05263157894736842,0.05263157894736842,0.0,0.05263157894736842,0.0,0.0,0.10526315789473684,0.02631578947368421,0.0
146,RAGLQFPVGRLLRRLLRRLLR,very active,very active,1,Active,active,0,21,0.047619047619047616,0.0,0.0,0.0,0.047619047619047616,0.09523809523809523,0.0,0.0,0.0,0.3333333333333333,0.0,0.0,0.047619047619047616,0.047619047619047616,0.3333333333333333,0.0,0.0,0.047619047619047616,0.0,0.0
147,VAKKLAKLAKKLAKLAL,very active,very active,1,Active,active,0,17,0.29411764705882354,0.0,0.0,0.0,0.0,0.0,0.0,0.0,0.35294117647058826,0.29411764705882354,0.0,0.0,0.0,0.0,0.0,0.0,0.0,0.058823529411764705,0.0,0.0
148,VAKLLAKLAKKLL,mod. active,mod. active,1,Active,active,0,13,0.23076923076923078,0.0,0.0,0.0,0.0,0.0,0.0,0.0,0.3076923076923077,0.38461538461538464,0.0,0.0,0.0,0.0,0.0,0.0,0.0,0.07692307692307693,0.0,0.0
149,VAKLLAKLAKKVL,inactive - exp,inactive - exp,0,Inactive,experimental,0,13,0.23076923076923078,0.0,0.0,0.0,0.0,0.0,0.0,0.0,0.3076923076923077,0.3076923076923077,0.0,0.0,0.0,0.0,0.0,0.0,0.0,0.15384615384615385,0.0,0.0
150,VALALKALKKALKKLKKALKKAL,inactive - exp,inactive - exp,0,Inactive,experimental,0,23,0.2608695652173913,0.0,0.0,0.0,0.0,0.0,0.0,0.0,0.391304347826087,0.30434782608695654,0.0,0.0,0.0,0.0,0.0,0.0,0.0,0.043478260869565216,0.0,0.0
151,WALAL,inactive - exp,inactive - exp,0,Inactive,experimental,0,5,0.4,0.0,0.0,0.0,0.0,0.0,0.0,0.0,0.0,0.4,0.0,0.0,0.0,0.0,0.0,0.0,0.0,0.0,0.2,0.0
152,AADIFSKFKKDMEVKFA,inactive - virtual,inactive - virtual,0,Inactive,virtual,1,17,0.17647058823529413,0.0,0.11764705882352941,0.058823529411764705,0.17647058823529413,0.0,0.0,0.058823529411764705,0.23529411764705882,0.0,0.058823529411764705,0.0,0.0,0.0,0.0,0.058823529411764705,0.0,0.058823529411764705,0.0,0.0
153,AAQKDNVKSSWAKASA,inactive - virtual,inactive - virtual,0,Inactive,virtual,1,16,0.3125,0.0,0.0625,0.0,0.0,0.0,0.0,0.0,0.1875,0.0,0.0,0.0625,0.0,0.0625,0.0,0.1875,0.0,0.0625,0.0625,0.0
154,AASQRKLIAEKFAQALMSSL,inactive - virtual,inactive - virtual,0,Inactive,virtual,1,20,0.25,0.0,0.0,0.05,0.05,0.0,0.0,0.05,0.1,0.15,0.05,0.0,0.0,0.1,0.05,0.15,0.0,0.0,0.0,0.0
155,AAYATLYEALVLVATLAAP,inactive - virtual,inactive - virtual,0,Inactive,virtual,1,19,0.3684210526315789,0.0,0.0,0.05263157894736842,0.0,0.0,0.0,0.0,0.0,0.21052631578947367,0.0,0.0,0.05263157894736842,0.0,0.0,0.0,0.10526315789473684,0.10526315789473684,0.0,0.10526315789473684
156,AEAHESIRLVFHDS,inactive - virtual,inactive - virtual,0,Inactive,virtual,1,14,0.14285714285714285,0.0,0.07142857142857142,0.14285714285714285,0.07142857142857142,0.0,0.14285714285714285,0.07142857142857142,0.0,0.07142857142857142,0.0,0.0,0.0,0.0,0.07142857142857142,0.14285714285714285,0.0,0.07142857142857142,0.0,0.0
157,AEGEREARVFTLWLNSL,inactive - virtual,inactive - virtual,0,Inactive,virtual,1,17,0.11764705882352941,0.0,0.0,0.17647058823529413,0.058823529411764705,0.058823529411764705,0.0,0.0,0.0,0.17647058823529413,0.0,0.058823529411764705,0.0,0.0,0.11764705882352941,0.058823529411764705,0.058823529411764705,0.058823529411764705,0.058823529411764705,0.0
158,AEGVATADPLMRLAKQLK,inactive - virtual,inactive - virtual,0,Inactive,virtual,1,18,0.2222222222222222,0.0,0.05555555555555555,0.05555555555555555,0.0,0.05555555555555555,0.0,0.0,0.1111111111111111,0.16666666666666666,0.05555555555555555,0.0,0.05555555555555555,0.05555555555555555,0.05555555555555555,0.0,0.05555555555555555,0.05555555555555555,0.0,0.0
159,AEHAKVLMDSLTGVWDNFLT,inactive - virtual,inactive - virtual,0,Inactive,virtual,1,20,0.1,0.0,0.1,0.05,0.05,0.05,0.05,0.0,0.05,0.15,0.05,0.05,0.0,0.0,0.0,0.05,0.1,0.1,0.05,0.0
160,AEHLAKAELTTVFSTLYQKF,inactive - virtual,inactive - virtual,0,Inactive,virtual,1,20,0.15,0.0,0.0,0.1,0.1,0.0,0.05,0.0,0.1,0.15,0.0,0.0,0.0,0.05,0.0,0.05,0.15,0.05,0.0,0.05
161,AEKAKYDEIFLKT,inactive - virtual,inactive - virtual,0,Inactive,virtual,1,13,0.15384615384615385,0.0,0.07692307692307693,0.15384615384615385,0.07692307692307693,0.0,0.0,0.07692307692307693,0.23076923076923078,0.07692307692307693,0.0,0.0,0.0,0.0,0.0,0.0,0.07692307692307693,0.0,0.0,0.07692307692307693
162,AFFTIAAVARVLD,inactive - virtual,inactive - virtual,0,Inactive,virtual,1,13,0.3076923076923077,0.0,0.07692307692307693,0.0,0.15384615384615385,0.0,0.0,0.07692307692307693,0.0,0.07692307692307693,0.0,0.0,0.0,0.0,0.07692307692307693,0.0,0.07692307692307693,0.15384615384615385,0.0,0.0
163,AFRHSVKEELNYIRRRLERFPNRL,inactive - virtual,inactive - virtual,0,Inactive,virtual,1,24,0.041666666666666664,0.0,0.0,0.125,0.08333333333333333,0.0,0.041666666666666664,0.041666666666666664,0.041666666666666664,0.125,0.0,0.08333333333333333,0.041666666666666664,0.0,0.25,0.041666666666666664,0.0,0.041666666666666664,0.0,0.041666666666666664
164,AGDVLHNVLQMLIIESHS,inactive - virtual,inactive - virtual,0,Inactive,virtual,1,18,0.05555555555555555,0.0,0.05555555555555555,0.05555555555555555,0.0,0.05555555555555555,0.1111111111111111,0.1111111111111111,0.0,0.16666666666666666,0.05555555555555555,0.05555555555555555,0.0,0.05555555555555555,0.0,0.1111111111111111,0.0,0.1111111111111111,0.0,0.0
165,AGEMVRQARILAQATSDLVNAIKADA,inactive - virtual,inactive - virtual,0,Inactive,virtual,1,26,0.2692307692307692,0.0,0.07692307692307693,0.038461538461538464,0.0,0.038461538461538464,0.0,0.07692307692307693,0.038461538461538464,0.07692307692307693,0.038461538461538464,0.038461538461538464,0.0,0.07692307692307693,0.07692307692307693,0.038461538461538464,0.038461538461538464,0.07692307692307693,0.0,0.0
166,AGNLDIMTSAALATAERMAQSMLN,inactive - virtual,inactive - virtual,0,Inactive,virtual,1,24,0.25,0.0,0.041666666666666664,0.041666666666666664,0.0,0.041666666666666664,0.0,0.041666666666666664,0.0,0.125,0.125,0.08333333333333333,0.0,0.041666666666666664,0.041666666666666664,0.08333333333333333,0.08333333333333333,0.0,0.0,0.0
167,AHAIGVLLDNL,inactive - virtual,inactive - virtual,0,Inactive,virtual,1,11,0.18181818181818182,0.0,0.09090909090909091,0.0,0.0,0.09090909090909091,0.09090909090909091,0.09090909090909091,0.0,0.2727272727272727,0.0,0.09090909090909091,0.0,0.0,0.0,0.0,0.0,0.09090909090909091,0.0,0.0
168,AIEKEILIEAISS,inactive - virtual,inactive - virtual,0,Inactive,virtual,1,13,0.15384615384615385,0.0,0.0,0.23076923076923078,0.0,0.0,0.0,0.3076923076923077,0.07692307692307693,0.07692307692307693,0.0,0.0,0.0,0.0,0.0,0.15384615384615385,0.0,0.0,0.0,0.0
169,AKQEKIIIQVALNDITHVVELL,inactive - virtual,inactive - virtual,0,Inactive,virtual,1,22,0.09090909090909091,0.0,0.045454545454545456,0.09090909090909091,0.0,0.0,0.045454545454545456,0.18181818181818182,0.09090909090909091,0.13636363636363635,0.0,0.045454545454545456,0.0,0.09090909090909091,0.0,0.0,0.045454545454545456,0.13636363636363635,0.0,0.0
170,AKVVRTALEDAASVAGLLIT,inactive - virtual,inactive - virtual,0,Inactive,virtual,1,20,0.25,0.0,0.05,0.05,0.0,0.05,0.0,0.05,0.05,0.15,0.0,0.0,0.0,0.0,0.05,0.05,0.1,0.15,0.0,0.0
171,ALAVAAKPFL,inactive - virtual,inactive - virtual,0,Inactive,virtual,1,10,0.4,0.0,0.0,0.0,0.1,0.0,0.0,0.0,0.1,0.2,0.0,0.0,0.1,0.0,0.0,0.0,0.0,0.1,0.0,0.0
172,ALGKVIKKWGTTVAKLA,inactive - virtual,inactive - virtual,0,Inactive,virtual,1,17,0.17647058823529413,0.0,0.0,0.0,0.0,0.11764705882352941,0.0,0.058823529411764705,0.23529411764705882,0.11764705882352941,0.0,0.0,0.0,0.0,0.0,0.0,0.11764705882352941,0.11764705882352941,0.058823529411764705,0.0
173,ALYGLLKEEMGEILAK,inactive - virtual,inactive - virtual,0,Inactive,virtual,1,16,0.125,0.0,0.0,0.1875,0.0,0.125,0.0,0.0625,0.125,0.25,0.0625,0.0,0.0,0.0,0.0,0.0,0.0,0.0,0.0,0.0625
174,AMFEQMRANVGKLLKG,inactive - virtual,inactive - virtual,0,Inactive,virtual,1,16,0.125,0.0,0.0,0.0625,0.0625,0.125,0.0,0.0,0.125,0.125,0.125,0.0625,0.0,0.0625,0.0625,0.0,0.0,0.0625,0.0,0.0
175,APDAEGRAIQAVYWANKWAKEQG,inactive - virtual,inactive - virtual,0,Inactive,virtual,1,23,0.2608695652173913,0.0,0.043478260869565216,0.08695652173913043,0.0,0.08695652173913043,0.0,0.043478260869565216,0.08695652173913043,0.0,0.0,0.043478260869565216,0.043478260869565216,0.08695652173913043,0.043478260869565216,0.0,0.0,0.043478260869565216,0.08695652173913043,0.043478260869565216
176,APDLLISLATVLYHLQQ,inactive - virtual,inactive - virtual,0,Inactive,virtual,1,17,0.11764705882352941,0.0,0.058823529411764705,0.0,0.0,0.0,0.058823529411764705,0.058823529411764705,0.0,0.29411764705882354,0.0,0.0,0.058823529411764705,0.11764705882352941,0.0,0.058823529411764705,0.058823529411764705,0.058823529411764705,0.0,0.058823529411764705
177,APEDVRKSSKEVL,inactive - virtual,inactive - virtual,0,Inactive,virtual,1,13,0.07692307692307693,0.0,0.07692307692307693,0.15384615384615385,0.0,0.0,0.0,0.0,0.15384615384615385,0.07692307692307693,0.0,0.0,0.07692307692307693,0.0,0.07692307692307693,0.15384615384615385,0.0,0.15384615384615385,0.0,0.0
178,APLLNFVRDFVREDAKYLYSSLV,inactive - virtual,inactive - virtual,0,Inactive,virtual,1,23,0.08695652173913043,0.0,0.08695652173913043,0.043478260869565216,0.08695652173913043,0.0,0.0,0.0,0.043478260869565216,0.17391304347826086,0.0,0.043478260869565216,0.043478260869565216,0.0,0.08695652173913043,0.08695652173913043,0.0,0.13043478260869565,0.0,0.08695652173913043
179,AQTSRWAAMQIGMSFISAY,inactive - virtual,inactive - virtual,0,Inactive,virtual,1,19,0.21052631578947367,0.0,0.0,0.0,0.05263157894736842,0.05263157894736842,0.0,0.10526315789473684,0.0,0.0,0.10526315789473684,0.0,0.0,0.10526315789473684,0.05263157894736842,0.15789473684210525,0.05263157894736842,0.0,0.05263157894736842,0.05263157894736842
180,ARDEAEMEYLKIAQ,inactive - virtual,inactive - virtual,0,Inactive,virtual,1,14,0.21428571428571427,0.0,0.07142857142857142,0.21428571428571427,0.0,0.0,0.0,0.07142857142857142,0.07142857142857142,0.07142857142857142,0.07142857142857142,0.0,0.0,0.07142857142857142,0.07142857142857142,0.0,0.0,0.0,0.0,0.07142857142857142
181,ASLPEAIEALTKG,inactive - virtual,inactive - virtual,0,Inactive,virtual,1,13,0.23076923076923078,0.0,0.0,0.15384615384615385,0.0,0.07692307692307693,0.0,0.07692307692307693,0.07692307692307693,0.15384615384615385,0.0,0.0,0.07692307692307693,0.0,0.0,0.07692307692307693,0.07692307692307693,0.0,0.0,0.0
182,ATLKNLGSVHVSKG,inactive - virtual,inactive - virtual,0,Inactive,virtual,1,14,0.07142857142857142,0.0,0.0,0.0,0.0,0.14285714285714285,0.07142857142857142,0.0,0.14285714285714285,0.14285714285714285,0.0,0.07142857142857142,0.0,0.0,0.0,0.14285714285714285,0.07142857142857142,0.14285714285714285,0.0,0.0
183,AVDTLVLALAEAT,inactive - virtual,inactive - virtual,0,Inactive,virtual,1,13,0.3076923076923077,0.0,0.07692307692307693,0.07692307692307693,0.0,0.0,0.0,0.0,0.0,0.23076923076923078,0.0,0.0,0.0,0.0,0.0,0.0,0.15384615384615385,0.15384615384615385,0.0,0.0
184,DAAALFRLHKFLTKW,inactive - virtual,inactive - virtual,0,Inactive,virtual,1,15,0.2,0.0,0.06666666666666667,0.0,0.13333333333333333,0.0,0.06666666666666667,0.0,0.13333333333333333,0.2,0.0,0.0,0.0,0.0,0.06666666666666667,0.0,0.06666666666666667,0.0,0.06666666666666667,0.0
185,DAAGLASRHKG,inactive - virtual,inactive - virtual,0,Inactive,virtual,1,11,0.2727272727272727,0.0,0.09090909090909091,0.0,0.0,0.18181818181818182,0.09090909090909091,0.0,0.09090909090909091,0.09090909090909091,0.0,0.0,0.0,0.0,0.09090909090909091,0.09090909090909091,0.0,0.0,0.0,0.0
186,DAENRDLFLALLSV,inactive - virtual,inactive - virtual,0,Inactive,virtual,1,14,0.14285714285714285,0.0,0.14285714285714285,0.07142857142857142,0.07142857142857142,0.0,0.0,0.0,0.0,0.2857142857142857,0.0,0.07142857142857142,0.0,0.0,0.07142857142857142,0.07142857142857142,0.0,0.07142857142857142,0.0,0.0
187,DAHAWMIGQLKGL,inactive - virtual,inactive - virtual,0,Inactive,virtual,1,13,0.15384615384615385,0.0,0.07692307692307693,0.0,0.0,0.15384615384615385,0.07692307692307693,0.07692307692307693,0.07692307692307693,0.15384615384615385,0.07692307692307693,0.0,0.0,0.07692307692307693,0.0,0.0,0.0,0.0,0.07692307692307693,0.0
188,DALEIFKTLFSLVMRFSSYL,inactive - virtual,inactive - virtual,0,Inactive,virtual,1,20,0.05,0.0,0.05,0.05,0.15,0.0,0.0,0.05,0.05,0.2,0.05,0.0,0.0,0.0,0.05,0.15,0.05,0.05,0.0,0.05
189,DAMLRTSMVATQLVGLAMMRYV,inactive - virtual,inactive - virtual,0,Inactive,virtual,1,22,0.13636363636363635,0.0,0.045454545454545456,0.0,0.0,0.045454545454545456,0.0,0.0,0.0,0.13636363636363635,0.18181818181818182,0.0,0.0,0.045454545454545456,0.09090909090909091,0.045454545454545456,0.09090909090909091,0.13636363636363635,0.0,0.045454545454545456
190,DARAKKLLDKWAKWING,inactive - virtual,inactive - virtual,0,Inactive,virtual,1,17,0.17647058823529413,0.0,0.11764705882352941,0.0,0.0,0.058823529411764705,0.0,0.058823529411764705,0.23529411764705882,0.11764705882352941,0.0,0.058823529411764705,0.0,0.0,0.058823529411764705,0.0,0.0,0.0,0.11764705882352941,0.0
191,DATAALALTMA,inactive - virtual,inactive - virtual,0,Inactive,virtual,1,11,0.45454545454545453,0.0,0.09090909090909091,0.0,0.0,0.0,0.0,0.0,0.0,0.18181818181818182,0.09090909090909091,0.0,0.0,0.0,0.0,0.0,0.18181818181818182,0.0,0.0,0.0
192,DATLISELQQM,inactive - virtual,inactive - virtual,0,Inactive,virtual,1,11,0.09090909090909091,0.0,0.09090909090909091,0.09090909090909091,0.0,0.0,0.0,0.09090909090909091,0.0,0.18181818181818182,0.09090909090909091,0.0,0.0,0.18181818181818182,0.0,0.09090909090909091,0.09090909090909091,0.0,0.0,0.0
193,DDADLEKFVIEY,inactive - virtual,inactive - virtual,0,Inactive,virtual,1,12,0.08333333333333333,0.0,0.25,0.16666666666666666,0.08333333333333333,0.0,0.0,0.08333333333333333,0.08333333333333333,0.08333333333333333,0.0,0.0,0.0,0.0,0.0,0.0,0.0,0.08333333333333333,0.0,0.08333333333333333
194,DDETLGVLMWILDRSIH,inactive - virtual,inactive - virtual,0,Inactive,virtual,1,17,0.0,0.0,0.17647058823529413,0.058823529411764705,0.0,0.058823529411764705,0.058823529411764705,0.11764705882352941,0.0,0.17647058823529413,0.058823529411764705,0.0,0.0,0.0,0.058823529411764705,0.058823529411764705,0.058823529411764705,0.058823529411764705,0.058823529411764705,0.0
195,DDETREELEELLIQA,inactive - virtual,inactive - virtual,0,Inactive,virtual,1,15,0.06666666666666667,0.0,0.13333333333333333,0.3333333333333333,0.0,0.0,0.0,0.06666666666666667,0.0,0.2,0.0,0.0,0.0,0.06666666666666667,0.06666666666666667,0.0,0.06666666666666667,0.0,0.0,0.0
196,DDRVQSHILHLEHDLVHVTRKN,inactive - virtual,inactive - virtual,0,Inactive,virtual,1,22,0.0,0.0,0.13636363636363635,0.045454545454545456,0.0,0.0,0.18181818181818182,0.045454545454545456,0.045454545454545456,0.13636363636363635,0.0,0.045454545454545456,0.0,0.045454545454545456,0.09090909090909091,0.045454545454545456,0.045454545454545456,0.13636363636363635,0.0,0.0
197,DDYLKEQVLHMKQYVSDN,inactive - virtual,inactive - virtual,0,Inactive,virtual,1,18,0.0,0.0,0.16666666666666666,0.05555555555555555,0.0,0.0,0.05555555555555555,0.0,0.1111111111111111,0.1111111111111111,0.05555555555555555,0.05555555555555555,0.0,0.1111111111111111,0.0,0.05555555555555555,0.0,0.1111111111111111,0.0,0.1111111111111111
198,DEAAFQKLMSNLD,inactive - virtual,inactive - virtual,0,Inactive,virtual,1,13,0.15384615384615385,0.0,0.15384615384615385,0.07692307692307693,0.07692307692307693,0.0,0.0,0.0,0.07692307692307693,0.15384615384615385,0.07692307692307693,0.07692307692307693,0.0,0.07692307692307693,0.0,0.07692307692307693,0.0,0.0,0.0,0.0
199,DEAGLMRELRLFRRRIMVRIAWAQTL,inactive - virtual,inactive - virtual,0,Inactive,virtual,1,26,0.11538461538461539,0.0,0.038461538461538464,0.07692307692307693,0.038461538461538464,0.038461538461538464,0.0,0.07692307692307693,0.0,0.15384615384615385,0.07692307692307693,0.0,0.0,0.038461538461538464,0.23076923076923078,0.0,0.038461538461538464,0.038461538461538464,0.038461538461538464,0.0
200,DEETMERIMRELKKK,inactive - virtual,inactive - virtual,0,Inactive,virtual,1,15,0.0,0.0,0.06666666666666667,0.26666666666666666,0.0,0.0,0.0,0.06666666666666667,0.2,0.06666666666666667,0.13333333333333333,0.0,0.0,0.0,0.13333333333333333,0.0,0.06666666666666667,0.0,0.0,0.0
201,DEFTKQHIVGK,inactive - virtual,inactive - virtual,0,Inactive,virtual,1,11,0.0,0.0,0.09090909090909091,0.09090909090909091,0.09090909090909091,0.09090909090909091,0.09090909090909091,0.09090909090909091,0.18181818181818182,0.0,0.0,0.0,0.0,0.09090909090909091,0.0,0.0,0.09090909090909091,0.09090909090909091,0.0,0.0
202,DEKAFKNTYRQAMND,inactive - virtual,inactive - virtual,0,Inactive,virtual,1,15,0.13333333333333333,0.0,0.13333333333333333,0.06666666666666667,0.06666666666666667,0.0,0.0,0.0,0.13333333333333333,0.0,0.06666666666666667,0.13333333333333333,0.0,0.06666666666666667,0.06666666666666667,0.0,0.06666666666666667,0.0,0.0,0.06666666666666667
203,DEKKILKDFLIQ,inactive - virtual,inactive - virtual,0,Inactive,virtual,1,12,0.0,0.0,0.16666666666666666,0.08333333333333333,0.08333333333333333,0.0,0.0,0.16666666666666666,0.25,0.16666666666666666,0.0,0.0,0.0,0.08333333333333333,0.0,0.0,0.0,0.0,0.0,0.0
204,DEKSIITYVSSLYDAM,inactive - virtual,inactive - virtual,0,Inactive,virtual,1,16,0.0625,0.0,0.125,0.0625,0.0,0.0,0.0,0.125,0.0625,0.0625,0.0625,0.0,0.0,0.0,0.0,0.1875,0.0625,0.0625,0.0,0.125
205,DELLSKMRFAL,inactive - virtual,inactive - virtual,0,Inactive,virtual,1,11,0.09090909090909091,0.0,0.09090909090909091,0.09090909090909091,0.09090909090909091,0.0,0.0,0.0,0.09090909090909091,0.2727272727272727,0.09090909090909091,0.0,0.0,0.0,0.09090909090909091,0.09090909090909091,0.0,0.0,0.0,0.0
206,DEPQVQAKIMAYLQQEQSNR,inactive - virtual,inactive - virtual,0,Inactive,virtual,1,20,0.1,0.0,0.05,0.1,0.0,0.0,0.0,0.05,0.05,0.05,0.05,0.05,0.05,0.25,0.05,0.05,0.0,0.05,0.0,0.05
207,DEQYREGAVRTVASFRERLDR,inactive - virtual,inactive - virtual,0,Inactive,virtual,1,21,0.09523809523809523,0.0,0.09523809523809523,0.14285714285714285,0.047619047619047616,0.047619047619047616,0.0,0.0,0.0,0.047619047619047616,0.0,0.0,0.0,0.047619047619047616,0.23809523809523808,0.047619047619047616,0.047619047619047616,0.09523809523809523,0.0,0.047619047619047616
208,DERLLQKYRAQVFEWG,inactive - virtual,inactive - virtual,0,Inactive,virtual,1,16,0.0625,0.0,0.0625,0.125,0.0625,0.0625,0.0,0.0,0.0625,0.125,0.0,0.0,0.0,0.125,0.125,0.0,0.0,0.0625,0.0625,0.0625
209,DEVLLALAEQLGT,inactive - virtual,inactive - virtual,0,Inactive,virtual,1,13,0.15384615384615385,0.0,0.07692307692307693,0.15384615384615385,0.0,0.07692307692307693,0.0,0.0,0.0,0.3076923076923077,0.0,0.0,0.0,0.07692307692307693,0.0,0.0,0.07692307692307693,0.07692307692307693,0.0,0.0
210,DFAALAQTAHRLKGVFAMLN,inactive - virtual,inactive - virtual,0,Inactive,virtual,1,20,0.25,0.0,0.05,0.0,0.1,0.05,0.05,0.0,0.05,0.15,0.05,0.05,0.0,0.05,0.05,0.0,0.05,0.05,0.0,0.0
211,DFLEEQYKGQRDLAGKASTLKK,inactive - virtual,inactive - virtual,0,Inactive,virtual,1,22,0.09090909090909091,0.0,0.09090909090909091,0.09090909090909091,0.045454545454545456,0.09090909090909091,0.0,0.0,0.18181818181818182,0.13636363636363635,0.0,0.0,0.0,0.09090909090909091,0.045454545454545456,0.045454545454545456,0.045454545454545456,0.0,0.0,0.045454545454545456
212,DFPALIKQASLDALFK,inactive - virtual,inactive - virtual,0,Inactive,virtual,1,16,0.1875,0.0,0.125,0.0,0.125,0.0,0.0,0.0625,0.125,0.1875,0.0,0.0,0.0625,0.0625,0.0,0.0625,0.0,0.0,0.0,0.0
213,DFSETINAYFVAKLL,inactive - virtual,inactive - virtual,0,Inactive,virtual,1,15,0.13333333333333333,0.0,0.06666666666666667,0.06666666666666667,0.13333333333333333,0.0,0.0,0.06666666666666667,0.06666666666666667,0.13333333333333333,0.0,0.06666666666666667,0.0,0.0,0.0,0.06666666666666667,0.06666666666666667,0.06666666666666667,0.0,0.06666666666666667
214,DGALKRAEELKTQANDYFK,inactive - virtual,inactive - virtual,0,Inactive,virtual,1,19,0.15789473684210525,0.0,0.10526315789473684,0.10526315789473684,0.05263157894736842,0.05263157894736842,0.0,0.0,0.15789473684210525,0.10526315789473684,0.0,0.05263157894736842,0.0,0.05263157894736842,0.05263157894736842,0.0,0.05263157894736842,0.0,0.0,0.05263157894736842
215,DGFSVLMRAMQQ,inactive - virtual,inactive - virtual,0,Inactive,virtual,1,12,0.08333333333333333,0.0,0.08333333333333333,0.0,0.08333333333333333,0.08333333333333333,0.0,0.0,0.0,0.08333333333333333,0.16666666666666666,0.0,0.0,0.16666666666666666,0.08333333333333333,0.08333333333333333,0.0,0.08333333333333333,0.0,0.0
216,DGGGFVISKHPVRLAKKLNR,inactive - virtual,inactive - virtual,0,Inactive,virtual,1,20,0.05,0.0,0.05,0.0,0.05,0.15,0.05,0.05,0.15,0.1,0.0,0.05,0.05,0.0,0.1,0.05,0.0,0.1,0.0,0.0
217,DHAVLEVLATPVREALLARFG,inactive - virtual,inactive - virtual,0,Inactive,virtual,1,21,0.19047619047619047,0.0,0.047619047619047616,0.09523809523809523,0.047619047619047616,0.047619047619047616,0.047619047619047616,0.0,0.0,0.19047619047619047,0.0,0.0,0.047619047619047616,0.0,0.09523809523809523,0.0,0.047619047619047616,0.14285714285714285,0.0,0.0
218,DIFDFMERWIEKKLEYSASH,inactive - virtual,inactive - virtual,0,Inactive,virtual,1,20,0.05,0.0,0.1,0.15,0.1,0.0,0.05,0.1,0.1,0.05,0.05,0.0,0.0,0.0,0.05,0.1,0.0,0.0,0.05,0.05
219,DIHAAIEMLLG,inactive - virtual,inactive - virtual,0,Inactive,virtual,1,11,0.18181818181818182,0.0,0.09090909090909091,0.09090909090909091,0.0,0.09090909090909091,0.09090909090909091,0.18181818181818182,0.0,0.18181818181818182,0.09090909090909091,0.0,0.0,0.0,0.0,0.0,0.0,0.0,0.0,0.0
220,DIIGTEITSALKNVYSIAIAWIRGYESRKN,inactive - virtual,inactive - virtual,0,Inactive,virtual,1,30,0.1,0.0,0.03333333333333333,0.06666666666666667,0.0,0.06666666666666667,0.0,0.2,0.06666666666666667,0.03333333333333333,0.0,0.06666666666666667,0.0,0.0,0.06666666666666667,0.1,0.06666666666666667,0.03333333333333333,0.03333333333333333,0.06666666666666667
221,DILREIGMIARALDSISNIEF,inactive - virtual,inactive - virtual,0,Inactive,virtual,1,21,0.09523809523809523,0.0,0.09523809523809523,0.09523809523809523,0.047619047619047616,0.047619047619047616,0.0,0.23809523809523808,0.0,0.09523809523809523,0.047619047619047616,0.047619047619047616,0.0,0.0,0.09523809523809523,0.09523809523809523,0.0,0.0,0.0,0.0
222,DIRAVLRDLSFHLNGHILHSIFWPNM,inactive - virtual,inactive - virtual,0,Inactive,virtual,1,26,0.038461538461538464,0.0,0.07692307692307693,0.0,0.07692307692307693,0.038461538461538464,0.11538461538461539,0.11538461538461539,0.0,0.15384615384615385,0.038461538461538464,0.07692307692307693,0.038461538461538464,0.0,0.07692307692307693,0.07692307692307693,0.0,0.038461538461538464,0.038461538461538464,0.0
223,DIRTSLANDMAIYGDIIEATREHTELAENL,inactive - virtual,inactive - virtual,0,Inactive,virtual,1,30,0.13333333333333333,0.0,0.1,0.13333333333333333,0.0,0.03333333333333333,0.03333333333333333,0.13333333333333333,0.0,0.1,0.03333333333333333,0.06666666666666667,0.0,0.0,0.06666666666666667,0.03333333333333333,0.1,0.0,0.0,0.03333333333333333
224,DIYQQVRDELKRAS,inactive - virtual,inactive - virtual,0,Inactive,virtual,1,14,0.07142857142857142,0.0,0.14285714285714285,0.07142857142857142,0.0,0.0,0.0,0.07142857142857142,0.07142857142857142,0.07142857142857142,0.0,0.0,0.0,0.14285714285714285,0.14285714285714285,0.07142857142857142,0.0,0.07142857142857142,0.0,0.07142857142857142
225,DKETMNIHHTK,inactive - virtual,inactive - virtual,0,Inactive,virtual,1,11,0.0,0.0,0.09090909090909091,0.09090909090909091,0.0,0.0,0.18181818181818182,0.09090909090909091,0.18181818181818182,0.0,0.09090909090909091,0.09090909090909091,0.0,0.0,0.0,0.0,0.18181818181818182,0.0,0.0,0.0
226,DLAANNGGWQWS,inactive - virtual,inactive - virtual,0,Inactive,virtual,1,12,0.16666666666666666,0.0,0.08333333333333333,0.0,0.0,0.16666666666666666,0.0,0.0,0.0,0.08333333333333333,0.0,0.16666666666666666,0.0,0.08333333333333333,0.0,0.08333333333333333,0.0,0.0,0.16666666666666666,0.0
227,DLARIEQFLDALWLE,inactive - virtual,inactive - virtual,0,Inactive,virtual,1,15,0.13333333333333333,0.0,0.13333333333333333,0.13333333333333333,0.06666666666666667,0.0,0.0,0.06666666666666667,0.0,0.26666666666666666,0.0,0.0,0.0,0.06666666666666667,0.06666666666666667,0.0,0.0,0.0,0.06666666666666667,0.0
228,DLEAKKMYFDAVQAIETHL,inactive - virtual,inactive - virtual,0,Inactive,virtual,1,19,0.15789473684210525,0.0,0.10526315789473684,0.10526315789473684,0.05263157894736842,0.0,0.05263157894736842,0.05263157894736842,0.10526315789473684,0.10526315789473684,0.05263157894736842,0.0,0.0,0.05263157894736842,0.0,0.0,0.05263157894736842,0.05263157894736842,0.0,0.05263157894736842
229,DLESDALGWQYITG,inactive - virtual,inactive - virtual,0,Inactive,virtual,1,14,0.07142857142857142,0.0,0.14285714285714285,0.07142857142857142,0.0,0.14285714285714285,0.0,0.07142857142857142,0.0,0.14285714285714285,0.0,0.0,0.0,0.07142857142857142,0.0,0.07142857142857142,0.07142857142857142,0.0,0.07142857142857142,0.07142857142857142
230,DLGRKITSALRSLSN,inactive - virtual,inactive - virtual,0,Inactive,virtual,1,15,0.06666666666666667,0.0,0.06666666666666667,0.0,0.0,0.06666666666666667,0.0,0.06666666666666667,0.06666666666666667,0.2,0.0,0.06666666666666667,0.0,0.0,0.13333333333333333,0.2,0.06666666666666667,0.0,0.0,0.0
231,DLKQAESWLHKQAQKEGWSKAARLH,inactive - virtual,inactive - virtual,0,Inactive,virtual,1,25,0.16,0.0,0.04,0.08,0.0,0.04,0.08,0.0,0.16,0.12,0.0,0.0,0.0,0.12,0.04,0.08,0.0,0.0,0.08,0.0
232,DLKRAESMLQQA,inactive - virtual,inactive - virtual,0,Inactive,virtual,1,12,0.16666666666666666,0.0,0.08333333333333333,0.08333333333333333,0.0,0.0,0.0,0.0,0.08333333333333333,0.16666666666666666,0.08333333333333333,0.0,0.0,0.16666666666666666,0.08333333333333333,0.08333333333333333,0.0,0.0,0.0,0.0
233,DLKTMTERLRS,inactive - virtual,inactive - virtual,0,Inactive,virtual,1,11,0.0,0.0,0.09090909090909091,0.09090909090909091,0.0,0.0,0.0,0.0,0.09090909090909091,0.18181818181818182,0.09090909090909091,0.0,0.0,0.0,0.18181818181818182,0.09090909090909091,0.18181818181818182,0.0,0.0,0.0
234,DLQLNANAERINVYY,inactive - virtual,inactive - virtual,0,Inactive,virtual,1,15,0.13333333333333333,0.0,0.06666666666666667,0.06666666666666667,0.0,0.0,0.0,0.06666666666666667,0.0,0.13333333333333333,0.0,0.2,0.0,0.06666666666666667,0.06666666666666667,0.0,0.0,0.06666666666666667,0.0,0.13333333333333333
235,DLRELIARVRALIRRKS,inactive - virtual,inactive - virtual,0,Inactive,virtual,1,17,0.11764705882352941,0.0,0.058823529411764705,0.058823529411764705,0.0,0.0,0.0,0.11764705882352941,0.058823529411764705,0.17647058823529413,0.0,0.0,0.0,0.0,0.29411764705882354,0.058823529411764705,0.0,0.058823529411764705,0.0,0.0
236,DLSASRSAIDSLNNRMLSQIWSH,inactive - virtual,inactive - virtual,0,Inactive,virtual,1,23,0.08695652173913043,0.0,0.08695652173913043,0.0,0.0,0.0,0.043478260869565216,0.08695652173913043,0.0,0.13043478260869565,0.043478260869565216,0.08695652173913043,0.0,0.043478260869565216,0.08695652173913043,0.2608695652173913,0.0,0.0,0.043478260869565216,0.0
237,DLVDFAVEYFTRLREARRGLEHHH,inactive - virtual,inactive - virtual,0,Inactive,virtual,1,24,0.08333333333333333,0.0,0.08333333333333333,0.125,0.08333333333333333,0.041666666666666664,0.125,0.0,0.0,0.125,0.0,0.0,0.0,0.0,0.16666666666666666,0.0,0.041666666666666664,0.08333333333333333,0.0,0.041666666666666664
238,DMASLQQQRQE,inactive - virtual,inactive - virtual,0,Inactive,virtual,1,11,0.09090909090909091,0.0,0.09090909090909091,0.09090909090909091,0.0,0.0,0.0,0.0,0.0,0.09090909090909091,0.09090909090909091,0.0,0.0,0.36363636363636365,0.09090909090909091,0.09090909090909091,0.0,0.0,0.0,0.0
239,DMNQVLDAYEN,inactive - virtual,inactive - virtual,0,Inactive,virtual,1,11,0.09090909090909091,0.0,0.18181818181818182,0.09090909090909091,0.0,0.0,0.0,0.0,0.0,0.09090909090909091,0.09090909090909091,0.18181818181818182,0.0,0.09090909090909091,0.0,0.0,0.0,0.09090909090909091,0.0,0.09090909090909091
240,DNAMANQYETLANARQKGIEKYL,inactive - virtual,inactive - virtual,0,Inactive,virtual,1,23,0.17391304347826086,0.0,0.043478260869565216,0.08695652173913043,0.0,0.043478260869565216,0.0,0.043478260869565216,0.08695652173913043,0.08695652173913043,0.043478260869565216,0.13043478260869565,0.0,0.08695652173913043,0.043478260869565216,0.0,0.043478260869565216,0.0,0.0,0.08695652173913043
241,DNKTRFKIIKEKLKEF,inactive - virtual,inactive - virtual,0,Inactive,virtual,1,16,0.0,0.0,0.0625,0.125,0.125,0.0,0.0,0.125,0.3125,0.0625,0.0,0.0625,0.0,0.0,0.0625,0.0,0.0625,0.0,0.0,0.0
242,DNTYLNTAESLYDEF,inactive - virtual,inactive - virtual,0,Inactive,virtual,1,15,0.06666666666666667,0.0,0.13333333333333333,0.13333333333333333,0.06666666666666667,0.0,0.0,0.0,0.0,0.13333333333333333,0.0,0.13333333333333333,0.0,0.0,0.0,0.06666666666666667,0.13333333333333333,0.0,0.0,0.13333333333333333
243,DNVVLQLQVARFLMKTVAQ,inactive - virtual,inactive - virtual,0,Inactive,virtual,1,19,0.10526315789473684,0.0,0.05263157894736842,0.0,0.05263157894736842,0.0,0.0,0.0,0.05263157894736842,0.15789473684210525,0.05263157894736842,0.05263157894736842,0.0,0.15789473684210525,0.05263157894736842,0.0,0.05263157894736842,0.21052631578947367,0.0,0.0
244,DPARALFAAMSQ,inactive - virtual,inactive - virtual,0,Inactive,virtual,1,12,0.3333333333333333,0.0,0.08333333333333333,0.0,0.08333333333333333,0.0,0.0,0.0,0.0,0.08333333333333333,0.08333333333333333,0.0,0.08333333333333333,0.08333333333333333,0.08333333333333333,0.08333333333333333,0.0,0.0,0.0,0.0
245,DPATVKKVVNFL,inactive - virtual,inactive - virtual,0,Inactive,virtual,1,12,0.08333333333333333,0.0,0.08333333333333333,0.0,0.08333333333333333,0.0,0.0,0.0,0.16666666666666666,0.08333333333333333,0.0,0.08333333333333333,0.08333333333333333,0.0,0.0,0.0,0.08333333333333333,0.25,0.0,0.0
246,DPAWQGFRELIEKAL,inactive - virtual,inactive - virtual,0,Inactive,virtual,1,15,0.13333333333333333,0.0,0.06666666666666667,0.13333333333333333,0.06666666666666667,0.06666666666666667,0.0,0.06666666666666667,0.06666666666666667,0.13333333333333333,0.0,0.0,0.06666666666666667,0.06666666666666667,0.06666666666666667,0.0,0.0,0.0,0.06666666666666667,0.0
247,DPEKVLFLAGNLLARLTE,inactive - virtual,inactive - virtual,0,Inactive,virtual,1,18,0.1111111111111111,0.0,0.05555555555555555,0.1111111111111111,0.05555555555555555,0.05555555555555555,0.0,0.0,0.05555555555555555,0.2777777777777778,0.0,0.05555555555555555,0.05555555555555555,0.0,0.05555555555555555,0.0,0.05555555555555555,0.05555555555555555,0.0,0.0
248,DPETLEAIAEN,inactive - virtual,inactive - virtual,0,Inactive,virtual,1,11,0.18181818181818182,0.0,0.09090909090909091,0.2727272727272727,0.0,0.0,0.0,0.09090909090909091,0.0,0.09090909090909091,0.0,0.09090909090909091,0.09090909090909091,0.0,0.0,0.0,0.09090909090909091,0.0,0.0,0.0
249,DPETNINIGTSYLQYVYQQF,inactive - virtual,inactive - virtual,0,Inactive,virtual,1,20,0.0,0.0,0.05,0.05,0.05,0.05,0.0,0.1,0.0,0.05,0.0,0.1,0.05,0.15,0.0,0.05,0.1,0.05,0.0,0.15
250,DPKRLQASLQTIVGMVVYSW,inactive - virtual,inactive - virtual,0,Inactive,virtual,1,20,0.05,0.0,0.05,0.0,0.0,0.05,0.0,0.05,0.05,0.1,0.05,0.0,0.05,0.1,0.05,0.1,0.05,0.15,0.05,0.05
251,DPLRERQVAEKQLAALGDILSA,inactive - virtual,inactive - virtual,0,Inactive,virtual,1,22,0.18181818181818182,0.0,0.09090909090909091,0.09090909090909091,0.0,0.045454545454545456,0.0,0.045454545454545456,0.045454545454545456,0.18181818181818182,0.0,0.0,0.045454545454545456,0.09090909090909091,0.09090909090909091,0.045454545454545456,0.0,0.045454545454545456,0.0,0.0
252,DPLWKKEMFEKYLSN,inactive - virtual,inactive - virtual,0,Inactive,virtual,1,15,0.0,0.0,0.06666666666666667,0.13333333333333333,0.06666666666666667,0.0,0.0,0.0,0.2,0.13333333333333333,0.06666666666666667,0.06666666666666667,0.06666666666666667,0.0,0.0,0.06666666666666667,0.0,0.0,0.06666666666666667,0.06666666666666667
253,DPQKADAVAVN,inactive - virtual,inactive - virtual,0,Inactive,virtual,1,11,0.2727272727272727,0.0,0.18181818181818182,0.0,0.0,0.0,0.0,0.0,0.09090909090909091,0.0,0.0,0.09090909090909091,0.09090909090909091,0.09090909090909091,0.0,0.0,0.0,0.18181818181818182,0.0,0.0
254,DPQKRAVVNQRLYFDMGT,inactive - virtual,inactive - virtual,0,Inactive,virtual,1,18,0.05555555555555555,0.0,0.1111111111111111,0.0,0.05555555555555555,0.05555555555555555,0.0,0.0,0.05555555555555555,0.05555555555555555,0.05555555555555555,0.05555555555555555,0.05555555555555555,0.1111111111111111,0.1111111111111111,0.0,0.05555555555555555,0.1111111111111111,0.0,0.05555555555555555
255,DPTKLNHAVAGL,inactive - virtual,inactive - virtual,0,Inactive,virtual,1,12,0.16666666666666666,0.0,0.08333333333333333,0.0,0.0,0.08333333333333333,0.08333333333333333,0.0,0.08333333333333333,0.16666666666666666,0.0,0.08333333333333333,0.08333333333333333,0.0,0.0,0.0,0.08333333333333333,0.08333333333333333,0.0,0.0
256,DPYVILITEILL,inactive - virtual,inactive - virtual,0,Inactive,virtual,1,12,0.0,0.0,0.08333333333333333,0.08333333333333333,0.0,0.0,0.0,0.25,0.0,0.25,0.0,0.0,0.08333333333333333,0.0,0.0,0.0,0.08333333333333333,0.08333333333333333,0.0,0.08333333333333333
257,DQDKIQKAIAAG,inactive - virtual,inactive - virtual,0,Inactive,virtual,1,12,0.25,0.0,0.16666666666666666,0.0,0.0,0.08333333333333333,0.0,0.16666666666666666,0.16666666666666666,0.0,0.0,0.0,0.0,0.16666666666666666,0.0,0.0,0.0,0.0,0.0,0.0
258,DQEDVAQTIRDYD,inactive - virtual,inactive - virtual,0,Inactive,virtual,1,13,0.07692307692307693,0.0,0.3076923076923077,0.07692307692307693,0.0,0.0,0.0,0.07692307692307693,0.0,0.0,0.0,0.0,0.0,0.15384615384615385,0.07692307692307693,0.0,0.07692307692307693,0.07692307692307693,0.0,0.07692307692307693
259,DQGTLFELILAANYLD,inactive - virtual,inactive - virtual,0,Inactive,virtual,1,16,0.125,0.0,0.125,0.0625,0.0625,0.0625,0.0,0.0625,0.0,0.25,0.0,0.0625,0.0,0.0625,0.0,0.0,0.0625,0.0,0.0,0.0625
260,DQHLMAEYRELPRVFGAVRKHVANG,inactive - virtual,inactive - virtual,0,Inactive,virtual,1,25,0.12,0.0,0.04,0.08,0.04,0.08,0.08,0.0,0.04,0.08,0.04,0.04,0.04,0.04,0.12,0.0,0.0,0.12,0.0,0.04
261,DQNGEIYMWPVAQA,inactive - virtual,inactive - virtual,0,Inactive,virtual,1,14,0.14285714285714285,0.0,0.07142857142857142,0.07142857142857142,0.0,0.07142857142857142,0.0,0.07142857142857142,0.0,0.0,0.07142857142857142,0.07142857142857142,0.07142857142857142,0.14285714285714285,0.0,0.0,0.0,0.07142857142857142,0.07142857142857142,0.07142857142857142
262,DQQGVFVKGYAM,inactive - virtual,inactive - virtual,0,Inactive,virtual,1,12,0.08333333333333333,0.0,0.08333333333333333,0.0,0.08333333333333333,0.16666666666666666,0.0,0.0,0.08333333333333333,0.0,0.08333333333333333,0.0,0.0,0.16666666666666666,0.0,0.0,0.0,0.16666666666666666,0.0,0.08333333333333333
263,DRASYEARERHVAERLLMHLEEM,inactive - virtual,inactive - virtual,0,Inactive,virtual,1,23,0.13043478260869565,0.0,0.043478260869565216,0.21739130434782608,0.0,0.0,0.08695652173913043,0.0,0.0,0.13043478260869565,0.08695652173913043,0.0,0.0,0.0,0.17391304347826086,0.043478260869565216,0.0,0.043478260869565216,0.0,0.043478260869565216
264,DRAVIEHNLLSASKL,inactive - virtual,inactive - virtual,0,Inactive,virtual,1,15,0.13333333333333333,0.0,0.06666666666666667,0.06666666666666667,0.0,0.0,0.06666666666666667,0.06666666666666667,0.06666666666666667,0.2,0.0,0.06666666666666667,0.0,0.0,0.06666666666666667,0.13333333333333333,0.0,0.06666666666666667,0.0,0.0
265,DRQLRSSIERVISIFQS,inactive - virtual,inactive - virtual,0,Inactive,virtual,1,17,0.0,0.0,0.058823529411764705,0.058823529411764705,0.058823529411764705,0.0,0.0,0.17647058823529413,0.0,0.058823529411764705,0.0,0.0,0.0,0.11764705882352941,0.17647058823529413,0.23529411764705882,0.0,0.058823529411764705,0.0,0.0
266,DRTSFDKLANS,inactive - virtual,inactive - virtual,0,Inactive,virtual,1,11,0.09090909090909091,0.0,0.18181818181818182,0.0,0.09090909090909091,0.0,0.0,0.0,0.09090909090909091,0.09090909090909091,0.0,0.09090909090909091,0.0,0.0,0.09090909090909091,0.18181818181818182,0.09090909090909091,0.0,0.0,0.0
267,DSEQVVHQLERLIAR,inactive - virtual,inactive - virtual,0,Inactive,virtual,1,15,0.06666666666666667,0.0,0.06666666666666667,0.13333333333333333,0.0,0.0,0.06666666666666667,0.06666666666666667,0.0,0.13333333333333333,0.0,0.0,0.0,0.13333333333333333,0.13333333333333333,0.06666666666666667,0.0,0.13333333333333333,0.0,0.0
268,DSGYRSAMSVQSSL,inactive - virtual,inactive - virtual,0,Inactive,virtual,1,14,0.07142857142857142,0.0,0.07142857142857142,0.0,0.0,0.07142857142857142,0.0,0.0,0.0,0.07142857142857142,0.07142857142857142,0.0,0.0,0.07142857142857142,0.07142857142857142,0.35714285714285715,0.0,0.07142857142857142,0.0,0.07142857142857142
269,DSMVVLQQRAYEILMTIME,inactive - virtual,inactive - virtual,0,Inactive,virtual,1,19,0.05263157894736842,0.0,0.05263157894736842,0.10526315789473684,0.0,0.0,0.0,0.10526315789473684,0.0,0.10526315789473684,0.15789473684210525,0.0,0.0,0.10526315789473684,0.05263157894736842,0.05263157894736842,0.05263157894736842,0.10526315789473684,0.0,0.05263157894736842
270,DSSVIISALKTYLVSG,inactive - virtual,inactive - virtual,0,Inactive,virtual,1,16,0.0625,0.0,0.0625,0.0,0.0,0.0625,0.0,0.125,0.0625,0.125,0.0,0.0,0.0,0.0,0.0,0.25,0.0625,0.125,0.0,0.0625
271,DSVASLLDVVKSTG,inactive - virtual,inactive - virtual,0,Inactive,virtual,1,14,0.07142857142857142,0.0,0.14285714285714285,0.0,0.0,0.07142857142857142,0.0,0.0,0.07142857142857142,0.14285714285714285,0.0,0.0,0.0,0.0,0.0,0.21428571428571427,0.07142857142857142,0.21428571428571427,0.0,0.0
272,DSVTNDIFNVAKASIEKHIWMLQAEL,inactive - virtual,inactive - virtual,0,Inactive,virtual,1,26,0.11538461538461539,0.0,0.07692307692307693,0.07692307692307693,0.038461538461538464,0.0,0.038461538461538464,0.11538461538461539,0.07692307692307693,0.07692307692307693,0.038461538461538464,0.07692307692307693,0.0,0.038461538461538464,0.0,0.07692307692307693,0.038461538461538464,0.07692307692307693,0.038461538461538464,0.0
273,DTAFLMEQLELREELDEIEQAK,inactive - virtual,inactive - virtual,0,Inactive,virtual,1,22,0.09090909090909091,0.0,0.09090909090909091,0.2727272727272727,0.045454545454545456,0.0,0.0,0.045454545454545456,0.045454545454545456,0.18181818181818182,0.045454545454545456,0.0,0.0,0.09090909090909091,0.045454545454545456,0.0,0.045454545454545456,0.0,0.0,0.0
274,DTMKDAGMQMKKVLDS,inactive - virtual,inactive - virtual,0,Inactive,virtual,1,16,0.0625,0.0,0.1875,0.0,0.0,0.0625,0.0,0.0,0.1875,0.0625,0.1875,0.0,0.0,0.0625,0.0,0.0625,0.0625,0.0625,0.0,0.0
275,DTRAWALAEKLFG,inactive - virtual,inactive - virtual,0,Inactive,virtual,1,13,0.23076923076923078,0.0,0.07692307692307693,0.07692307692307693,0.07692307692307693,0.07692307692307693,0.0,0.0,0.07692307692307693,0.15384615384615385,0.0,0.0,0.0,0.0,0.07692307692307693,0.0,0.07692307692307693,0.0,0.07692307692307693,0.0
276,DVALADSFDAL,inactive - virtual,inactive - virtual,0,Inactive,virtual,1,11,0.2727272727272727,0.0,0.2727272727272727,0.0,0.09090909090909091,0.0,0.0,0.0,0.0,0.18181818181818182,0.0,0.0,0.0,0.0,0.0,0.09090909090909091,0.0,0.09090909090909091,0.0,0.0
277,DVEAVEIMQRIHVLRSQGGFN,inactive - virtual,inactive - virtual,0,Inactive,virtual,1,21,0.047619047619047616,0.0,0.047619047619047616,0.09523809523809523,0.047619047619047616,0.09523809523809523,0.047619047619047616,0.09523809523809523,0.0,0.047619047619047616,0.047619047619047616,0.047619047619047616,0.0,0.09523809523809523,0.09523809523809523,0.047619047619047616,0.0,0.14285714285714285,0.0,0.0
278,DVLAEDTITALLH,inactive - virtual,inactive - virtual,0,Inactive,virtual,1,13,0.15384615384615385,0.0,0.15384615384615385,0.07692307692307693,0.0,0.0,0.07692307692307693,0.07692307692307693,0.0,0.23076923076923078,0.0,0.0,0.0,0.0,0.0,0.0,0.15384615384615385,0.07692307692307693,0.0,0.0
279,DVRVKEYFDDIARYFSIGLLNLIHLFG,inactive - virtual,inactive - virtual,0,Inactive,virtual,1,27,0.037037037037037035,0.0,0.1111111111111111,0.037037037037037035,0.1111111111111111,0.07407407407407407,0.037037037037037035,0.1111111111111111,0.037037037037037035,0.14814814814814814,0.0,0.037037037037037035,0.0,0.0,0.07407407407407407,0.037037037037037035,0.0,0.07407407407407407,0.0,0.07407407407407407
280,DWGEAFTAINL,inactive - virtual,inactive - virtual,0,Inactive,virtual,1,11,0.18181818181818182,0.0,0.09090909090909091,0.09090909090909091,0.09090909090909091,0.09090909090909091,0.0,0.09090909090909091,0.0,0.09090909090909091,0.0,0.09090909090909091,0.0,0.0,0.0,0.0,0.09090909090909091,0.0,0.09090909090909091,0.0
281,DWLKRLQKIFPPILSI,inactive - virtual,inactive - virtual,0,Inactive,virtual,1,16,0.0,0.0,0.0625,0.0,0.0625,0.0,0.0,0.1875,0.125,0.1875,0.0,0.0,0.125,0.0625,0.0625,0.0625,0.0,0.0,0.0625,0.0
282,DWYRTYAELRETA,inactive - virtual,inactive - virtual,0,Inactive,virtual,1,13,0.15384615384615385,0.0,0.07692307692307693,0.15384615384615385,0.0,0.0,0.0,0.0,0.0,0.07692307692307693,0.0,0.0,0.0,0.0,0.15384615384615385,0.0,0.15384615384615385,0.0,0.07692307692307693,0.15384615384615385
283,DYERFKSYIQTL,inactive - virtual,inactive - virtual,0,Inactive,virtual,1,12,0.0,0.0,0.08333333333333333,0.08333333333333333,0.08333333333333333,0.0,0.0,0.08333333333333333,0.08333333333333333,0.08333333333333333,0.0,0.0,0.0,0.08333333333333333,0.08333333333333333,0.08333333333333333,0.08333333333333333,0.0,0.0,0.16666666666666666
284,EALVHKLTERM,inactive - virtual,inactive - virtual,0,Inactive,virtual,1,11,0.09090909090909091,0.0,0.0,0.18181818181818182,0.0,0.0,0.09090909090909091,0.0,0.09090909090909091,0.18181818181818182,0.09090909090909091,0.0,0.0,0.0,0.09090909090909091,0.0,0.09090909090909091,0.09090909090909091,0.0,0.0
285,EAQKIDRLVQSFSGAYFQQN,inactive - virtual,inactive - virtual,0,Inactive,virtual,1,20,0.1,0.0,0.05,0.05,0.1,0.05,0.0,0.05,0.05,0.05,0.0,0.05,0.0,0.2,0.05,0.1,0.0,0.05,0.0,0.05
286,EDDIMYLM,inactive - virtual,inactive - virtual,0,Inactive,virtual,1,8,0.0,0.0,0.25,0.125,0.0,0.0,0.0,0.125,0.0,0.125,0.25,0.0,0.0,0.0,0.0,0.0,0.0,0.0,0.0,0.125
287,EDDSKLASRKYARIIQKI,inactive - virtual,inactive - virtual,0,Inactive,virtual,1,18,0.1111111111111111,0.0,0.1111111111111111,0.05555555555555555,0.0,0.0,0.0,0.16666666666666666,0.16666666666666666,0.05555555555555555,0.0,0.0,0.0,0.05555555555555555,0.1111111111111111,0.1111111111111111,0.0,0.0,0.0,0.05555555555555555
288,EDKEAVFDVVDTLTAVLQVATGVISTL,inactive - virtual,inactive - virtual,0,Inactive,virtual,1,27,0.1111111111111111,0.0,0.1111111111111111,0.07407407407407407,0.037037037037037035,0.037037037037037035,0.0,0.037037037037037035,0.037037037037037035,0.1111111111111111,0.0,0.0,0.0,0.037037037037037035,0.0,0.037037037037037035,0.14814814814814814,0.2222222222222222,0.0,0.0
289,EDLPKWSGYFEKLLKKN,inactive - virtual,inactive - virtual,0,Inactive,virtual,1,17,0.0,0.0,0.058823529411764705,0.11764705882352941,0.058823529411764705,0.058823529411764705,0.0,0.0,0.23529411764705882,0.17647058823529413,0.0,0.058823529411764705,0.058823529411764705,0.0,0.0,0.058823529411764705,0.0,0.0,0.058823529411764705,0.058823529411764705
290,EDMIFEIFKNYLTKVAYYARQVAEMN,inactive - virtual,inactive - virtual,0,Inactive,virtual,1,26,0.11538461538461539,0.0,0.038461538461538464,0.11538461538461539,0.07692307692307693,0.0,0.0,0.07692307692307693,0.07692307692307693,0.038461538461538464,0.07692307692307693,0.07692307692307693,0.0,0.038461538461538464,0.038461538461538464,0.0,0.038461538461538464,0.07692307692307693,0.0,0.11538461538461539
291,EDNLLRQLAQKV,inactive - virtual,inactive - virtual,0,Inactive,virtual,1,12,0.08333333333333333,0.0,0.08333333333333333,0.08333333333333333,0.0,0.0,0.0,0.0,0.08333333333333333,0.25,0.0,0.08333333333333333,0.0,0.16666666666666666,0.08333333333333333,0.0,0.0,0.08333333333333333,0.0,0.0
292,EELHTSLVEEL,inactive - virtual,inactive - virtual,0,Inactive,virtual,1,11,0.0,0.0,0.0,0.36363636363636365,0.0,0.0,0.09090909090909091,0.0,0.0,0.2727272727272727,0.0,0.0,0.0,0.0,0.0,0.09090909090909091,0.09090909090909091,0.09090909090909091,0.0,0.0
293,EEMIAEFKAAFDMF,inactive - virtual,inactive - virtual,0,Inactive,virtual,1,14,0.21428571428571427,0.0,0.07142857142857142,0.21428571428571427,0.21428571428571427,0.0,0.0,0.07142857142857142,0.07142857142857142,0.0,0.14285714285714285,0.0,0.0,0.0,0.0,0.0,0.0,0.0,0.0,0.0
294,EERVKNGLERLKKAIKSGKQST,inactive - virtual,inactive - virtual,0,Inactive,virtual,1,22,0.045454545454545456,0.0,0.0,0.13636363636363635,0.0,0.09090909090909091,0.0,0.045454545454545456,0.22727272727272727,0.09090909090909091,0.0,0.045454545454545456,0.0,0.045454545454545456,0.09090909090909091,0.09090909090909091,0.045454545454545456,0.045454545454545456,0.0,0.0
295,EESDIKYKTSKNFINKVY,inactive - virtual,inactive - virtual,0,Inactive,virtual,1,18,0.0,0.0,0.05555555555555555,0.1111111111111111,0.05555555555555555,0.0,0.0,0.1111111111111111,0.2222222222222222,0.0,0.0,0.1111111111111111,0.0,0.0,0.0,0.1111111111111111,0.05555555555555555,0.05555555555555555,0.0,0.1111111111111111
296,EEVKKHGTTVLTALGRILKQ,inactive - virtual,inactive - virtual,0,Inactive,virtual,1,20,0.05,0.0,0.0,0.1,0.0,0.1,0.05,0.05,0.15,0.15,0.0,0.0,0.0,0.05,0.05,0.0,0.15,0.1,0.0,0.0
297,EFPEMLAEIIT,inactive - virtual,inactive - virtual,0,Inactive,virtual,1,11,0.09090909090909091,0.0,0.0,0.2727272727272727,0.09090909090909091,0.0,0.0,0.18181818181818182,0.0,0.09090909090909091,0.09090909090909091,0.0,0.09090909090909091,0.0,0.0,0.0,0.09090909090909091,0.0,0.0,0.0
298,EFRDLHLFLGEAAETAEEVADELAERVQAL,inactive - virtual,inactive - virtual,0,Inactive,virtual,1,30,0.2,0.0,0.06666666666666667,0.23333333333333334,0.06666666666666667,0.03333333333333333,0.03333333333333333,0.0,0.0,0.16666666666666666,0.0,0.0,0.0,0.03333333333333333,0.06666666666666667,0.0,0.03333333333333333,0.06666666666666667,0.0,0.0
299,EGDQQLLKRVLVRKL,inactive - virtual,inactive - virtual,0,Inactive,virtual,1,15,0.0,0.0,0.06666666666666667,0.06666666666666667,0.0,0.06666666666666667,0.0,0.0,0.13333333333333333,0.26666666666666666,0.0,0.0,0.0,0.13333333333333333,0.13333333333333333,0.0,0.0,0.13333333333333333,0.0,0.0
300,EGHVAAVEVLRGIHRIADMS,inactive - virtual,inactive - virtual,0,Inactive,virtual,1,20,0.15,0.0,0.05,0.1,0.0,0.1,0.1,0.1,0.0,0.05,0.05,0.0,0.0,0.0,0.1,0.05,0.0,0.15,0.0,0.0
301,EGKDRELYGKLHETLKKVTEDLEA,inactive - virtual,inactive - virtual,0,Inactive,virtual,1,24,0.041666666666666664,0.0,0.08333333333333333,0.20833333333333334,0.0,0.08333333333333333,0.041666666666666664,0.0,0.16666666666666666,0.16666666666666666,0.0,0.0,0.0,0.0,0.041666666666666664,0.0,0.08333333333333333,0.041666666666666664,0.0,0.041666666666666664
302,EGNKRLDSVNSIVS,inactive - virtual,inactive - virtual,0,Inactive,virtual,1,14,0.0,0.0,0.07142857142857142,0.07142857142857142,0.0,0.07142857142857142,0.0,0.07142857142857142,0.07142857142857142,0.07142857142857142,0.0,0.14285714285714285,0.0,0.0,0.07142857142857142,0.21428571428571427,0.0,0.14285714285714285,0.0,0.0
303,EGQQRRIRQQRLISIGKWIADNQ,inactive - virtual,inactive - virtual,0,Inactive,virtual,1,23,0.043478260869565216,0.0,0.043478260869565216,0.043478260869565216,0.0,0.08695652173913043,0.0,0.17391304347826086,0.043478260869565216,0.043478260869565216,0.0,0.043478260869565216,0.0,0.21739130434782608,0.17391304347826086,0.043478260869565216,0.0,0.0,0.043478260869565216,0.0
304,EGVAWLEAVLRLLAQ,inactive - virtual,inactive - virtual,0,Inactive,virtual,1,15,0.2,0.0,0.0,0.13333333333333333,0.0,0.06666666666666667,0.0,0.0,0.0,0.26666666666666666,0.0,0.0,0.0,0.06666666666666667,0.06666666666666667,0.0,0.0,0.13333333333333333,0.06666666666666667,0.0
305,EHEIQEWYKGFLRD,inactive - virtual,inactive - virtual,0,Inactive,virtual,1,14,0.0,0.0,0.07142857142857142,0.21428571428571427,0.07142857142857142,0.07142857142857142,0.07142857142857142,0.07142857142857142,0.07142857142857142,0.07142857142857142,0.0,0.0,0.0,0.07142857142857142,0.07142857142857142,0.0,0.0,0.0,0.07142857142857142,0.07142857142857142
306,EIEKFRVWISIL,inactive - virtual,inactive - virtual,0,Inactive,virtual,1,12,0.0,0.0,0.0,0.16666666666666666,0.08333333333333333,0.0,0.0,0.25,0.08333333333333333,0.08333333333333333,0.0,0.0,0.0,0.0,0.08333333333333333,0.08333333333333333,0.0,0.08333333333333333,0.08333333333333333,0.0
307,EISEMVRMRERILDSIHLG,inactive - virtual,inactive - virtual,0,Inactive,virtual,1,19,0.0,0.0,0.05263157894736842,0.15789473684210525,0.0,0.05263157894736842,0.05263157894736842,0.15789473684210525,0.0,0.10526315789473684,0.10526315789473684,0.0,0.0,0.0,0.15789473684210525,0.10526315789473684,0.0,0.05263157894736842,0.0,0.0
308,EISKLVKKMISSWKDAIN,inactive - virtual,inactive - virtual,0,Inactive,virtual,1,18,0.05555555555555555,0.0,0.05555555555555555,0.05555555555555555,0.0,0.0,0.0,0.16666666666666666,0.2222222222222222,0.05555555555555555,0.05555555555555555,0.05555555555555555,0.0,0.0,0.0,0.16666666666666666,0.0,0.05555555555555555,0.05555555555555555,0.0
309,EKETFREKFMQH,inactive - virtual,inactive - virtual,0,Inactive,virtual,1,12,0.0,0.0,0.0,0.25,0.16666666666666666,0.0,0.08333333333333333,0.0,0.16666666666666666,0.0,0.08333333333333333,0.0,0.0,0.08333333333333333,0.08333333333333333,0.0,0.08333333333333333,0.0,0.0,0.0
310,EKNSYRKLVGNLYFVYSAMEEEMAKF,inactive - virtual,inactive - virtual,0,Inactive,virtual,1,26,0.07692307692307693,0.0,0.0,0.15384615384615385,0.07692307692307693,0.038461538461538464,0.0,0.0,0.11538461538461539,0.07692307692307693,0.07692307692307693,0.07692307692307693,0.0,0.0,0.038461538461538464,0.07692307692307693,0.0,0.07692307692307693,0.0,0.11538461538461539
311,EKVQYLTRSAIRR,inactive - virtual,inactive - virtual,0,Inactive,virtual,1,13,0.07692307692307693,0.0,0.0,0.07692307692307693,0.0,0.0,0.0,0.07692307692307693,0.07692307692307693,0.07692307692307693,0.0,0.0,0.0,0.07692307692307693,0.23076923076923078,0.07692307692307693,0.07692307692307693,0.07692307692307693,0.0,0.07692307692307693
312,EMNYYTVLFGVSRALGVLAQLIWSRAL,inactive - virtual,inactive - virtual,0,Inactive,virtual,1,27,0.1111111111111111,0.0,0.0,0.037037037037037035,0.037037037037037035,0.07407407407407407,0.0,0.037037037037037035,0.0,0.18518518518518517,0.037037037037037035,0.037037037037037035,0.0,0.037037037037037035,0.07407407407407407,0.07407407407407407,0.037037037037037035,0.1111111111111111,0.037037037037037035,0.07407407407407407
313,EPEEVFKSVLKEMEG,inactive - virtual,inactive - virtual,0,Inactive,virtual,1,15,0.0,0.0,0.0,0.3333333333333333,0.06666666666666667,0.06666666666666667,0.0,0.0,0.13333333333333333,0.06666666666666667,0.06666666666666667,0.0,0.06666666666666667,0.0,0.0,0.06666666666666667,0.0,0.13333333333333333,0.0,0.0
314,EPEKVDKLQEPLLEALRLYARRRR,inactive - virtual,inactive - virtual,0,Inactive,virtual,1,24,0.08333333333333333,0.0,0.041666666666666664,0.16666666666666666,0.0,0.0,0.0,0.0,0.08333333333333333,0.20833333333333334,0.0,0.0,0.08333333333333333,0.041666666666666664,0.20833333333333334,0.0,0.0,0.041666666666666664,0.0,0.041666666666666664
315,EPGQRKIVMHK,inactive - virtual,inactive - virtual,0,Inactive,virtual,1,11,0.0,0.0,0.0,0.09090909090909091,0.0,0.09090909090909091,0.09090909090909091,0.09090909090909091,0.18181818181818182,0.0,0.09090909090909091,0.0,0.09090909090909091,0.09090909090909091,0.09090909090909091,0.0,0.0,0.09090909090909091,0.0,0.0
316,EQEILRQVKKAYDRAARLG,inactive - virtual,inactive - virtual,0,Inactive,virtual,1,19,0.15789473684210525,0.0,0.05263157894736842,0.10526315789473684,0.0,0.05263157894736842,0.0,0.05263157894736842,0.10526315789473684,0.10526315789473684,0.0,0.0,0.0,0.10526315789473684,0.15789473684210525,0.0,0.0,0.05263157894736842,0.0,0.05263157894736842
317,EQEVYAQVARL,inactive - virtual,inactive - virtual,0,Inactive,virtual,1,11,0.18181818181818182,0.0,0.0,0.18181818181818182,0.0,0.0,0.0,0.0,0.0,0.09090909090909091,0.0,0.0,0.0,0.18181818181818182,0.09090909090909091,0.0,0.0,0.18181818181818182,0.0,0.09090909090909091
318,EQPSLVRTLDQLEDK,inactive - virtual,inactive - virtual,0,Inactive,virtual,1,15,0.0,0.0,0.13333333333333333,0.13333333333333333,0.0,0.0,0.0,0.0,0.06666666666666667,0.2,0.0,0.0,0.06666666666666667,0.13333333333333333,0.06666666666666667,0.06666666666666667,0.06666666666666667,0.06666666666666667,0.0,0.0
319,ERQEVKQMVVATLAES,inactive - virtual,inactive - virtual,0,Inactive,virtual,1,16,0.125,0.0,0.0,0.1875,0.0,0.0,0.0,0.0,0.0625,0.0625,0.0625,0.0,0.0,0.125,0.0625,0.0625,0.0625,0.1875,0.0,0.0
320,ERVRAAMEKLA,inactive - virtual,inactive - virtual,0,Inactive,virtual,1,11,0.2727272727272727,0.0,0.0,0.18181818181818182,0.0,0.0,0.0,0.0,0.09090909090909091,0.09090909090909091,0.09090909090909091,0.0,0.0,0.0,0.18181818181818182,0.0,0.0,0.09090909090909091,0.0,0.0
321,ESLYESIRRRYEEL,inactive - virtual,inactive - virtual,0,Inactive,virtual,1,14,0.0,0.0,0.0,0.2857142857142857,0.0,0.0,0.0,0.07142857142857142,0.0,0.14285714285714285,0.0,0.0,0.0,0.0,0.21428571428571427,0.14285714285714285,0.0,0.0,0.0,0.14285714285714285
322,ESPVRKILRIVFHDAI,inactive - virtual,inactive - virtual,0,Inactive,virtual,1,16,0.0625,0.0,0.0625,0.0625,0.0625,0.0,0.0625,0.1875,0.0625,0.0625,0.0,0.0,0.0625,0.0,0.125,0.0625,0.0,0.125,0.0,0.0
323,ETNIRVALEKSFL,inactive - virtual,inactive - virtual,0,Inactive,virtual,1,13,0.07692307692307693,0.0,0.0,0.15384615384615385,0.07692307692307693,0.0,0.0,0.07692307692307693,0.07692307692307693,0.15384615384615385,0.0,0.07692307692307693,0.0,0.0,0.07692307692307693,0.07692307692307693,0.07692307692307693,0.07692307692307693,0.0,0.0
324,EVKRRFPTKLGAWALIWWLL,inactive - virtual,inactive - virtual,0,Inactive,virtual,1,20,0.1,0.0,0.0,0.05,0.05,0.05,0.0,0.05,0.1,0.2,0.0,0.0,0.05,0.0,0.1,0.0,0.05,0.05,0.15,0.0
325,EVKRSVNRDFAKWFLIVFI,inactive - virtual,inactive - virtual,0,Inactive,virtual,1,19,0.05263157894736842,0.0,0.05263157894736842,0.05263157894736842,0.15789473684210525,0.0,0.0,0.10526315789473684,0.10526315789473684,0.05263157894736842,0.0,0.05263157894736842,0.0,0.0,0.10526315789473684,0.05263157894736842,0.0,0.15789473684210525,0.05263157894736842,0.0
326,EVNRNFGERINDLRILILLL,inactive - virtual,inactive - virtual,0,Inactive,virtual,1,20,0.0,0.0,0.05,0.1,0.05,0.05,0.0,0.15,0.0,0.25,0.0,0.15,0.0,0.0,0.15,0.0,0.0,0.05,0.0,0.0
327,EVVGRVSKLWNEWWLIV,inactive - virtual,inactive - virtual,0,Inactive,virtual,1,17,0.0,0.0,0.0,0.11764705882352941,0.0,0.058823529411764705,0.0,0.058823529411764705,0.058823529411764705,0.11764705882352941,0.0,0.058823529411764705,0.0,0.0,0.058823529411764705,0.058823529411764705,0.0,0.23529411764705882,0.17647058823529413,0.0
328,EWQTMVAALQA,inactive - virtual,inactive - virtual,0,Inactive,virtual,1,11,0.2727272727272727,0.0,0.0,0.09090909090909091,0.0,0.0,0.0,0.0,0.0,0.09090909090909091,0.09090909090909091,0.0,0.0,0.18181818181818182,0.0,0.0,0.09090909090909091,0.09090909090909091,0.09090909090909091,0.0
329,EYKYYKLKLAEMQR,inactive - virtual,inactive - virtual,0,Inactive,virtual,1,14,0.07142857142857142,0.0,0.0,0.14285714285714285,0.0,0.0,0.0,0.0,0.21428571428571427,0.14285714285714285,0.07142857142857142,0.0,0.0,0.07142857142857142,0.07142857142857142,0.0,0.0,0.0,0.0,0.21428571428571427
330,FADLFDPVIQERH,inactive - virtual,inactive - virtual,0,Inactive,virtual,1,13,0.07692307692307693,0.0,0.15384615384615385,0.07692307692307693,0.15384615384615385,0.0,0.07692307692307693,0.07692307692307693,0.0,0.07692307692307693,0.0,0.0,0.07692307692307693,0.07692307692307693,0.07692307692307693,0.0,0.0,0.07692307692307693,0.0,0.0
331,FALRLRRVINRIGQAWR,inactive - virtual,inactive - virtual,0,Inactive,virtual,1,17,0.11764705882352941,0.0,0.0,0.0,0.058823529411764705,0.058823529411764705,0.0,0.11764705882352941,0.0,0.11764705882352941,0.0,0.058823529411764705,0.0,0.058823529411764705,0.29411764705882354,0.0,0.0,0.058823529411764705,0.058823529411764705,0.0
332,FEVIDTIKAAVENA,inactive - virtual,inactive - virtual,0,Inactive,virtual,1,14,0.21428571428571427,0.0,0.07142857142857142,0.14285714285714285,0.07142857142857142,0.0,0.0,0.14285714285714285,0.07142857142857142,0.0,0.0,0.07142857142857142,0.0,0.0,0.0,0.0,0.07142857142857142,0.14285714285714285,0.0,0.0
333,FFSFELVESINDVKKSLR,inactive - virtual,inactive - virtual,0,Inactive,virtual,1,18,0.0,0.0,0.05555555555555555,0.1111111111111111,0.16666666666666666,0.0,0.0,0.05555555555555555,0.1111111111111111,0.1111111111111111,0.0,0.05555555555555555,0.0,0.0,0.05555555555555555,0.16666666666666666,0.0,0.1111111111111111,0.0,0.0
334,FGLKVLGWYSEMKRNVQRLERAIEEV,inactive - virtual,inactive - virtual,0,Inactive,virtual,1,26,0.038461538461538464,0.0,0.0,0.15384615384615385,0.038461538461538464,0.07692307692307693,0.0,0.038461538461538464,0.07692307692307693,0.11538461538461539,0.038461538461538464,0.038461538461538464,0.0,0.038461538461538464,0.11538461538461539,0.038461538461538464,0.0,0.11538461538461539,0.038461538461538464,0.038461538461538464
335,FHSVAEQF,inactive - virtual,inactive - virtual,0,Inactive,virtual,1,8,0.125,0.0,0.0,0.125,0.25,0.0,0.125,0.0,0.0,0.0,0.0,0.0,0.0,0.125,0.0,0.125,0.0,0.125,0.0,0.0
336,FIAVHEMLDGFRTALIDHLDTMAERAVQ,inactive - virtual,inactive - virtual,0,Inactive,virtual,1,28,0.14285714285714285,0.0,0.10714285714285714,0.07142857142857142,0.07142857142857142,0.03571428571428571,0.07142857142857142,0.07142857142857142,0.0,0.10714285714285714,0.07142857142857142,0.0,0.0,0.03571428571428571,0.07142857142857142,0.0,0.07142857142857142,0.07142857142857142,0.0,0.0
337,FKATIADLSKKR,inactive - virtual,inactive - virtual,0,Inactive,virtual,1,12,0.16666666666666666,0.0,0.08333333333333333,0.0,0.08333333333333333,0.0,0.0,0.08333333333333333,0.25,0.08333333333333333,0.0,0.0,0.0,0.0,0.08333333333333333,0.08333333333333333,0.08333333333333333,0.0,0.0,0.0
338,FKEAIEAIAESA,inactive - virtual,inactive - virtual,0,Inactive,virtual,1,12,0.3333333333333333,0.0,0.0,0.25,0.08333333333333333,0.0,0.0,0.16666666666666666,0.08333333333333333,0.0,0.0,0.0,0.0,0.0,0.0,0.08333333333333333,0.0,0.0,0.0,0.0
339,FKGKIIKKVISTGAKLI,inactive - virtual,inactive - virtual,0,Inactive,virtual,1,17,0.058823529411764705,0.0,0.0,0.0,0.058823529411764705,0.11764705882352941,0.0,0.23529411764705882,0.29411764705882354,0.058823529411764705,0.0,0.0,0.0,0.0,0.0,0.058823529411764705,0.058823529411764705,0.058823529411764705,0.0,0.0
340,FKSIYRFFEHGLK,inactive - virtual,inactive - virtual,0,Inactive,virtual,1,13,0.0,0.0,0.0,0.07692307692307693,0.23076923076923078,0.07692307692307693,0.07692307692307693,0.07692307692307693,0.15384615384615385,0.07692307692307693,0.0,0.0,0.0,0.0,0.07692307692307693,0.07692307692307693,0.0,0.0,0.0,0.07692307692307693
341,FKSVQNSLQRILYLWAIRH,inactive - virtual,inactive - virtual,0,Inactive,virtual,1,19,0.05263157894736842,0.0,0.0,0.0,0.05263157894736842,0.0,0.05263157894736842,0.10526315789473684,0.05263157894736842,0.15789473684210525,0.0,0.05263157894736842,0.0,0.10526315789473684,0.10526315789473684,0.10526315789473684,0.0,0.05263157894736842,0.05263157894736842,0.05263157894736842
342,FLDQNMLAVIDELMQAL,inactive - virtual,inactive - virtual,0,Inactive,virtual,1,17,0.11764705882352941,0.0,0.11764705882352941,0.058823529411764705,0.058823529411764705,0.0,0.0,0.058823529411764705,0.0,0.23529411764705882,0.11764705882352941,0.058823529411764705,0.0,0.11764705882352941,0.0,0.0,0.0,0.058823529411764705,0.0,0.0
343,FLLKKLKKVATGFAKG,inactive - virtual,inactive - virtual,0,Inactive,virtual,1,16,0.125,0.0,0.0,0.0,0.125,0.125,0.0,0.0,0.3125,0.1875,0.0,0.0,0.0,0.0,0.0,0.0,0.0625,0.0625,0.0,0.0
344,FLLSKAKDAKSSAEGAV,inactive - virtual,inactive - virtual,0,Inactive,virtual,1,17,0.23529411764705882,0.0,0.058823529411764705,0.058823529411764705,0.058823529411764705,0.058823529411764705,0.0,0.0,0.17647058823529413,0.11764705882352941,0.0,0.0,0.0,0.0,0.0,0.17647058823529413,0.0,0.058823529411764705,0.0,0.0
345,FNQRRISSAKFLGELYNY,inactive - virtual,inactive - virtual,0,Inactive,virtual,1,18,0.05555555555555555,0.0,0.0,0.05555555555555555,0.1111111111111111,0.05555555555555555,0.0,0.05555555555555555,0.05555555555555555,0.1111111111111111,0.0,0.1111111111111111,0.0,0.05555555555555555,0.1111111111111111,0.1111111111111111,0.0,0.0,0.0,0.1111111111111111
346,FNRMFEKSTHHYTDSVGGILR,inactive - virtual,inactive - virtual,0,Inactive,virtual,1,21,0.0,0.0,0.047619047619047616,0.047619047619047616,0.09523809523809523,0.09523809523809523,0.09523809523809523,0.047619047619047616,0.047619047619047616,0.047619047619047616,0.047619047619047616,0.047619047619047616,0.0,0.0,0.09523809523809523,0.09523809523809523,0.09523809523809523,0.047619047619047616,0.0,0.047619047619047616
347,FPLLVDHTSREADYFRKRLIQLNEG,inactive - virtual,inactive - virtual,0,Inactive,virtual,1,25,0.04,0.0,0.08,0.08,0.08,0.04,0.04,0.04,0.04,0.16,0.0,0.04,0.04,0.04,0.12,0.04,0.04,0.04,0.0,0.04
348,FPNLASAAFYWSKKEN,inactive - virtual,inactive - virtual,0,Inactive,virtual,1,16,0.1875,0.0,0.0,0.0625,0.125,0.0,0.0,0.0,0.125,0.0625,0.0,0.125,0.0625,0.0,0.0,0.125,0.0,0.0,0.0625,0.0625
349,FPQLTQNNSRE,inactive - virtual,inactive - virtual,0,Inactive,virtual,1,11,0.0,0.0,0.0,0.09090909090909091,0.09090909090909091,0.0,0.0,0.0,0.0,0.09090909090909091,0.0,0.18181818181818182,0.09090909090909091,0.18181818181818182,0.09090909090909091,0.09090909090909091,0.09090909090909091,0.0,0.0,0.0
350,FSALNIAVHELSDVGRAIVRN,inactive - virtual,inactive - virtual,0,Inactive,virtual,1,21,0.14285714285714285,0.0,0.047619047619047616,0.047619047619047616,0.047619047619047616,0.047619047619047616,0.047619047619047616,0.09523809523809523,0.0,0.09523809523809523,0.0,0.09523809523809523,0.0,0.0,0.09523809523809523,0.09523809523809523,0.0,0.14285714285714285,0.0,0.0
351,FSEFIQALSVTSRG,inactive - virtual,inactive - virtual,0,Inactive,virtual,1,14,0.07142857142857142,0.0,0.0,0.07142857142857142,0.14285714285714285,0.07142857142857142,0.0,0.07142857142857142,0.0,0.07142857142857142,0.0,0.0,0.0,0.07142857142857142,0.07142857142857142,0.21428571428571427,0.07142857142857142,0.07142857142857142,0.0,0.0
352,FTELQRDFLRN,inactive - virtual,inactive - virtual,0,Inactive,virtual,1,11,0.0,0.0,0.09090909090909091,0.09090909090909091,0.18181818181818182,0.0,0.0,0.0,0.0,0.18181818181818182,0.0,0.09090909090909091,0.0,0.09090909090909091,0.18181818181818182,0.0,0.09090909090909091,0.0,0.0,0.0
353,FTRIIKAAG,inactive - virtual,inactive - virtual,0,Inactive,virtual,1,9,0.2222222222222222,0.0,0.0,0.0,0.1111111111111111,0.1111111111111111,0.0,0.2222222222222222,0.1111111111111111,0.0,0.0,0.0,0.0,0.0,0.1111111111111111,0.0,0.1111111111111111,0.0,0.0,0.0
354,FVPVFFVVVRRR,inactive - virtual,inactive - virtual,0,Inactive,virtual,1,12,0.0,0.0,0.0,0.0,0.25,0.0,0.0,0.0,0.0,0.0,0.0,0.0,0.08333333333333333,0.0,0.25,0.0,0.0,0.4166666666666667,0.0,0.0
355,FYQTFFDEADELLADMEQHLLDL,inactive - virtual,inactive - virtual,0,Inactive,virtual,1,23,0.08695652173913043,0.0,0.17391304347826086,0.13043478260869565,0.13043478260869565,0.0,0.043478260869565216,0.0,0.0,0.21739130434782608,0.043478260869565216,0.0,0.0,0.08695652173913043,0.0,0.0,0.043478260869565216,0.0,0.0,0.043478260869565216
356,GAFRKLLQSAKDN,inactive - virtual,inactive - virtual,0,Inactive,virtual,1,13,0.15384615384615385,0.0,0.07692307692307693,0.0,0.07692307692307693,0.07692307692307693,0.0,0.0,0.15384615384615385,0.15384615384615385,0.0,0.07692307692307693,0.0,0.07692307692307693,0.07692307692307693,0.07692307692307693,0.0,0.0,0.0,0.0
357,GAGTSVNMNTNEVLANIGLELM,inactive - virtual,inactive - virtual,0,Inactive,virtual,1,22,0.09090909090909091,0.0,0.0,0.09090909090909091,0.0,0.13636363636363635,0.0,0.045454545454545456,0.0,0.13636363636363635,0.09090909090909091,0.18181818181818182,0.0,0.0,0.0,0.045454545454545456,0.09090909090909091,0.09090909090909091,0.0,0.0
358,GAPLARMEVTLALESLFGRF,inactive - virtual,inactive - virtual,0,Inactive,virtual,1,20,0.15,0.0,0.0,0.1,0.1,0.1,0.0,0.0,0.0,0.2,0.05,0.0,0.05,0.0,0.1,0.05,0.05,0.05,0.0,0.0
359,GAQYIQAAGVALGLKMR,inactive - virtual,inactive - virtual,0,Inactive,virtual,1,17,0.23529411764705882,0.0,0.0,0.0,0.0,0.17647058823529413,0.0,0.058823529411764705,0.058823529411764705,0.11764705882352941,0.058823529411764705,0.0,0.0,0.11764705882352941,0.058823529411764705,0.0,0.0,0.058823529411764705,0.0,0.058823529411764705
360,GAVAIARVFSY,inactive - virtual,inactive - virtual,0,Inactive,virtual,1,11,0.2727272727272727,0.0,0.0,0.0,0.09090909090909091,0.09090909090909091,0.0,0.09090909090909091,0.0,0.0,0.0,0.0,0.0,0.0,0.09090909090909091,0.09090909090909091,0.0,0.18181818181818182,0.0,0.09090909090909091
361,GEAEIASLKSQIRA,inactive - virtual,inactive - virtual,0,Inactive,virtual,1,14,0.21428571428571427,0.0,0.0,0.14285714285714285,0.0,0.07142857142857142,0.0,0.14285714285714285,0.07142857142857142,0.07142857142857142,0.0,0.0,0.0,0.07142857142857142,0.07142857142857142,0.14285714285714285,0.0,0.0,0.0,0.0
362,GEAYLLLERYVAFLRA,inactive - virtual,inactive - virtual,0,Inactive,virtual,1,16,0.1875,0.0,0.0,0.125,0.0625,0.0625,0.0,0.0,0.0,0.25,0.0,0.0,0.0,0.0,0.125,0.0,0.0,0.0625,0.0,0.125
363,GEDAILKKVAEEAAETLMASKD,inactive - virtual,inactive - virtual,0,Inactive,virtual,1,22,0.22727272727272727,0.0,0.09090909090909091,0.18181818181818182,0.0,0.045454545454545456,0.0,0.045454545454545456,0.13636363636363635,0.09090909090909091,0.045454545454545456,0.0,0.0,0.0,0.0,0.045454545454545456,0.045454545454545456,0.045454545454545456,0.0,0.0
364,GEGWAKSILFN,inactive - virtual,inactive - virtual,0,Inactive,virtual,1,11,0.09090909090909091,0.0,0.0,0.09090909090909091,0.09090909090909091,0.18181818181818182,0.0,0.09090909090909091,0.09090909090909091,0.09090909090909091,0.0,0.09090909090909091,0.0,0.0,0.0,0.09090909090909091,0.0,0.0,0.09090909090909091,0.0
365,GEKRAEEIKKILMT,inactive - virtual,inactive - virtual,0,Inactive,virtual,1,14,0.07142857142857142,0.0,0.0,0.21428571428571427,0.0,0.07142857142857142,0.0,0.14285714285714285,0.21428571428571427,0.07142857142857142,0.07142857142857142,0.0,0.0,0.0,0.07142857142857142,0.0,0.07142857142857142,0.0,0.0,0.0
366,GFFGWFNRMFEKSTHHYTDSVGGI,inactive - virtual,inactive - virtual,0,Inactive,virtual,1,24,0.0,0.0,0.041666666666666664,0.041666666666666664,0.16666666666666666,0.16666666666666666,0.08333333333333333,0.041666666666666664,0.041666666666666664,0.0,0.041666666666666664,0.041666666666666664,0.0,0.0,0.041666666666666664,0.08333333333333333,0.08333333333333333,0.041666666666666664,0.041666666666666664,0.041666666666666664
367,GFKNEVRTPVTKFRIVFFVV,inactive - virtual,inactive - virtual,0,Inactive,virtual,1,20,0.0,0.0,0.0,0.05,0.2,0.05,0.0,0.05,0.1,0.0,0.0,0.05,0.05,0.0,0.1,0.0,0.1,0.25,0.0,0.0
368,GFMIWHPKMDEYMEEIDGYLDEMSERLITL,inactive - virtual,inactive - virtual,0,Inactive,virtual,1,30,0.0,0.0,0.1,0.16666666666666666,0.03333333333333333,0.06666666666666667,0.03333333333333333,0.1,0.03333333333333333,0.1,0.13333333333333333,0.0,0.03333333333333333,0.0,0.03333333333333333,0.03333333333333333,0.03333333333333333,0.0,0.03333333333333333,0.06666666666666667
369,GFSVQRRLWLAS,inactive - virtual,inactive - virtual,0,Inactive,virtual,1,12,0.08333333333333333,0.0,0.0,0.0,0.08333333333333333,0.08333333333333333,0.0,0.0,0.0,0.16666666666666666,0.0,0.0,0.0,0.08333333333333333,0.16666666666666666,0.16666666666666666,0.0,0.08333333333333333,0.08333333333333333,0.0
370,GFYPMVAAQRI,inactive - virtual,inactive - virtual,0,Inactive,virtual,1,11,0.18181818181818182,0.0,0.0,0.0,0.09090909090909091,0.09090909090909091,0.0,0.09090909090909091,0.0,0.0,0.09090909090909091,0.0,0.09090909090909091,0.09090909090909091,0.09090909090909091,0.0,0.0,0.09090909090909091,0.0,0.09090909090909091
371,GGFAAAIARRA,inactive - virtual,inactive - virtual,0,Inactive,virtual,1,11,0.45454545454545453,0.0,0.0,0.0,0.09090909090909091,0.18181818181818182,0.0,0.09090909090909091,0.0,0.0,0.0,0.0,0.0,0.0,0.18181818181818182,0.0,0.0,0.0,0.0,0.0
372,GGKEALAIENFADAL,inactive - virtual,inactive - virtual,0,Inactive,virtual,1,15,0.26666666666666666,0.0,0.06666666666666667,0.13333333333333333,0.06666666666666667,0.13333333333333333,0.0,0.06666666666666667,0.06666666666666667,0.13333333333333333,0.0,0.06666666666666667,0.0,0.0,0.0,0.0,0.0,0.0,0.0,0.0
373,GGSSGVLMSIFFTAAGQKLEQ,inactive - virtual,inactive - virtual,0,Inactive,virtual,1,21,0.09523809523809523,0.0,0.0,0.047619047619047616,0.09523809523809523,0.19047619047619047,0.0,0.047619047619047616,0.047619047619047616,0.09523809523809523,0.047619047619047616,0.0,0.0,0.09523809523809523,0.0,0.14285714285714285,0.047619047619047616,0.047619047619047616,0.0,0.0
374,GHNLISLLEVLSG,inactive - virtual,inactive - virtual,0,Inactive,virtual,1,13,0.0,0.0,0.0,0.07692307692307693,0.0,0.15384615384615385,0.07692307692307693,0.07692307692307693,0.0,0.3076923076923077,0.0,0.07692307692307693,0.0,0.0,0.0,0.15384615384615385,0.0,0.07692307692307693,0.0,0.0
375,GIHELAVFAEEH,inactive - virtual,inactive - virtual,0,Inactive,virtual,1,12,0.16666666666666666,0.0,0.0,0.25,0.08333333333333333,0.08333333333333333,0.16666666666666666,0.08333333333333333,0.0,0.08333333333333333,0.0,0.0,0.0,0.0,0.0,0.0,0.0,0.08333333333333333,0.0,0.0
376,GKASLRAAELYSKY,inactive - virtual,inactive - virtual,0,Inactive,virtual,1,14,0.21428571428571427,0.0,0.0,0.07142857142857142,0.0,0.07142857142857142,0.0,0.0,0.14285714285714285,0.14285714285714285,0.0,0.0,0.0,0.0,0.07142857142857142,0.14285714285714285,0.0,0.0,0.0,0.14285714285714285
377,GKDAAAEEISQLLYHVQVMMVARG,inactive - virtual,inactive - virtual,0,Inactive,virtual,1,24,0.16666666666666666,0.0,0.041666666666666664,0.08333333333333333,0.0,0.08333333333333333,0.041666666666666664,0.041666666666666664,0.041666666666666664,0.08333333333333333,0.08333333333333333,0.0,0.0,0.08333333333333333,0.041666666666666664,0.041666666666666664,0.0,0.125,0.0,0.041666666666666664
378,GKKGPKFIQAVASLKA,inactive - virtual,inactive - virtual,0,Inactive,virtual,1,16,0.1875,0.0,0.0,0.0,0.0625,0.125,0.0,0.0625,0.25,0.0625,0.0,0.0,0.0625,0.0625,0.0,0.0625,0.0,0.0625,0.0,0.0
379,GKSNMMDAISFVL,inactive - virtual,inactive - virtual,0,Inactive,virtual,1,13,0.07692307692307693,0.0,0.07692307692307693,0.0,0.07692307692307693,0.07692307692307693,0.0,0.07692307692307693,0.07692307692307693,0.07692307692307693,0.15384615384615385,0.07692307692307693,0.0,0.0,0.0,0.15384615384615385,0.0,0.07692307692307693,0.0,0.0
380,GKTTAALALARELFG,inactive - virtual,inactive - virtual,0,Inactive,virtual,1,15,0.26666666666666666,0.0,0.0,0.06666666666666667,0.06666666666666667,0.13333333333333333,0.0,0.0,0.06666666666666667,0.2,0.0,0.0,0.0,0.0,0.06666666666666667,0.0,0.13333333333333333,0.0,0.0,0.0
381,GKTTFVKRHLTG,inactive - virtual,inactive - virtual,0,Inactive,virtual,1,12,0.0,0.0,0.0,0.0,0.08333333333333333,0.16666666666666666,0.08333333333333333,0.0,0.16666666666666666,0.08333333333333333,0.0,0.0,0.0,0.0,0.08333333333333333,0.0,0.25,0.08333333333333333,0.0,0.0
382,GKTTILYRLQVG,inactive - virtual,inactive - virtual,0,Inactive,virtual,1,12,0.0,0.0,0.0,0.0,0.0,0.16666666666666666,0.0,0.08333333333333333,0.08333333333333333,0.16666666666666666,0.0,0.0,0.0,0.08333333333333333,0.08333333333333333,0.0,0.16666666666666666,0.08333333333333333,0.0,0.08333333333333333
383,GLEKLEESIYRE,inactive - virtual,inactive - virtual,0,Inactive,virtual,1,12,0.0,0.0,0.0,0.3333333333333333,0.0,0.08333333333333333,0.0,0.08333333333333333,0.08333333333333333,0.16666666666666666,0.0,0.0,0.0,0.0,0.08333333333333333,0.08333333333333333,0.0,0.0,0.0,0.08333333333333333
384,GLFDKVKSLVPKIAKAV,inactive - virtual,inactive - virtual,0,Inactive,virtual,1,17,0.11764705882352941,0.0,0.058823529411764705,0.0,0.058823529411764705,0.058823529411764705,0.0,0.058823529411764705,0.23529411764705882,0.11764705882352941,0.0,0.0,0.058823529411764705,0.0,0.0,0.058823529411764705,0.0,0.17647058823529413,0.0,0.0
385,GLFDVIGSQAGGAAPHFLG,inactive - virtual,inactive - virtual,0,Inactive,virtual,1,19,0.15789473684210525,0.0,0.05263157894736842,0.0,0.10526315789473684,0.2631578947368421,0.05263157894736842,0.05263157894736842,0.0,0.10526315789473684,0.0,0.0,0.05263157894736842,0.05263157894736842,0.0,0.05263157894736842,0.0,0.05263157894736842,0.0,0.0
386,GLFKLIKFAKKKSPGAF,inactive - virtual,inactive - virtual,0,Inactive,virtual,1,17,0.11764705882352941,0.0,0.0,0.0,0.17647058823529413,0.11764705882352941,0.0,0.058823529411764705,0.29411764705882354,0.11764705882352941,0.0,0.0,0.058823529411764705,0.0,0.0,0.058823529411764705,0.0,0.0,0.0,0.0
387,GLGKIIGKVKKSLLKSI,inactive - virtual,inactive - virtual,0,Inactive,virtual,1,17,0.0,0.0,0.0,0.0,0.0,0.17647058823529413,0.0,0.17647058823529413,0.29411764705882354,0.17647058823529413,0.0,0.0,0.0,0.0,0.0,0.11764705882352941,0.0,0.058823529411764705,0.0,0.0
388,GLGLVLKIAVNAFLKLVA,inactive - virtual,inactive - virtual,0,Inactive,virtual,1,18,0.16666666666666666,0.0,0.0,0.0,0.05555555555555555,0.1111111111111111,0.0,0.05555555555555555,0.1111111111111111,0.2777777777777778,0.0,0.05555555555555555,0.0,0.0,0.0,0.0,0.0,0.16666666666666666,0.0,0.0
389,GLLDIAGGNAETLAGHAV,inactive - virtual,inactive - virtual,0,Inactive,virtual,1,18,0.2222222222222222,0.0,0.05555555555555555,0.05555555555555555,0.0,0.2222222222222222,0.05555555555555555,0.05555555555555555,0.0,0.16666666666666666,0.0,0.05555555555555555,0.0,0.0,0.0,0.0,0.05555555555555555,0.05555555555555555,0.0,0.0
390,GLNAELTRYTLSLMVLERKLSSA,inactive - virtual,inactive - virtual,0,Inactive,virtual,1,23,0.08695652173913043,0.0,0.0,0.08695652173913043,0.0,0.043478260869565216,0.0,0.0,0.043478260869565216,0.2608695652173913,0.043478260869565216,0.043478260869565216,0.0,0.0,0.08695652173913043,0.13043478260869565,0.08695652173913043,0.043478260869565216,0.0,0.043478260869565216
391,GLTSLMAIDKL,inactive - virtual,inactive - virtual,0,Inactive,virtual,1,11,0.09090909090909091,0.0,0.09090909090909091,0.0,0.0,0.09090909090909091,0.0,0.09090909090909091,0.09090909090909091,0.2727272727272727,0.09090909090909091,0.0,0.0,0.0,0.0,0.09090909090909091,0.09090909090909091,0.0,0.0,0.0
392,GLWAIAVKAGKVILKLIVFIWIRV,inactive - virtual,inactive - virtual,0,Inactive,virtual,1,24,0.125,0.0,0.0,0.0,0.041666666666666664,0.08333333333333333,0.0,0.20833333333333334,0.125,0.125,0.0,0.0,0.0,0.0,0.041666666666666664,0.0,0.0,0.16666666666666666,0.08333333333333333,0.0
393,GLWKSLGAVVKRVEGLWVGLF,inactive - virtual,inactive - virtual,0,Inactive,virtual,1,21,0.047619047619047616,0.0,0.0,0.047619047619047616,0.047619047619047616,0.19047619047619047,0.0,0.0,0.09523809523809523,0.19047619047619047,0.0,0.0,0.0,0.0,0.047619047619047616,0.047619047619047616,0.0,0.19047619047619047,0.09523809523809523,0.0
394,GNFADLLAHSDGLIKNISDDLRALDKLI,inactive - virtual,inactive - virtual,0,Inactive,virtual,1,28,0.10714285714285714,0.0,0.17857142857142858,0.0,0.03571428571428571,0.07142857142857142,0.03571428571428571,0.10714285714285714,0.07142857142857142,0.21428571428571427,0.0,0.07142857142857142,0.0,0.0,0.03571428571428571,0.07142857142857142,0.0,0.0,0.0,0.0
395,GNYLRAEILYRLK,inactive - virtual,inactive - virtual,0,Inactive,virtual,1,13,0.07692307692307693,0.0,0.0,0.07692307692307693,0.0,0.07692307692307693,0.0,0.07692307692307693,0.07692307692307693,0.23076923076923078,0.0,0.07692307692307693,0.0,0.0,0.15384615384615385,0.0,0.0,0.0,0.0,0.15384615384615385
396,GPDMTAMVALIASV,inactive - virtual,inactive - virtual,0,Inactive,virtual,1,14,0.21428571428571427,0.0,0.07142857142857142,0.0,0.0,0.07142857142857142,0.0,0.07142857142857142,0.0,0.07142857142857142,0.14285714285714285,0.0,0.07142857142857142,0.0,0.0,0.07142857142857142,0.07142857142857142,0.14285714285714285,0.0,0.0
397,GPKDAVVKVFNQWG,inactive - virtual,inactive - virtual,0,Inactive,virtual,1,14,0.07142857142857142,0.0,0.07142857142857142,0.0,0.07142857142857142,0.14285714285714285,0.0,0.0,0.14285714285714285,0.0,0.0,0.07142857142857142,0.07142857142857142,0.07142857142857142,0.0,0.0,0.0,0.21428571428571427,0.07142857142857142,0.0
398,GPKKAQLIVGWRELHG,inactive - virtual,inactive - virtual,0,Inactive,virtual,1,16,0.0625,0.0,0.0,0.0625,0.0,0.1875,0.0625,0.0625,0.125,0.125,0.0,0.0,0.0625,0.0625,0.0625,0.0,0.0,0.0625,0.0625,0.0
399,GSDFLIHFIDE,inactive - virtual,inactive - virtual,0,Inactive,virtual,1,11,0.0,0.0,0.18181818181818182,0.09090909090909091,0.18181818181818182,0.09090909090909091,0.09090909090909091,0.18181818181818182,0.0,0.09090909090909091,0.0,0.0,0.0,0.0,0.0,0.09090909090909091,0.0,0.0,0.0,0.0
400,GSHANEFFFRA,inactive - virtual,inactive - virtual,0,Inactive,virtual,1,11,0.18181818181818182,0.0,0.0,0.09090909090909091,0.2727272727272727,0.09090909090909091,0.09090909090909091,0.0,0.0,0.0,0.0,0.09090909090909091,0.0,0.0,0.09090909090909091,0.09090909090909091,0.0,0.0,0.0,0.0
401,GTLRHAANAAFIMLEAAEL,inactive - virtual,inactive - virtual,0,Inactive,virtual,1,19,0.3157894736842105,0.0,0.0,0.10526315789473684,0.05263157894736842,0.05263157894736842,0.05263157894736842,0.05263157894736842,0.0,0.15789473684210525,0.05263157894736842,0.05263157894736842,0.0,0.0,0.05263157894736842,0.0,0.05263157894736842,0.0,0.0,0.0
402,GTTTAVIIAGGLLQQAQGLIN,inactive - virtual,inactive - virtual,0,Inactive,virtual,1,21,0.14285714285714285,0.0,0.0,0.0,0.0,0.19047619047619047,0.0,0.14285714285714285,0.0,0.14285714285714285,0.0,0.047619047619047616,0.0,0.14285714285714285,0.0,0.0,0.14285714285714285,0.047619047619047616,0.0,0.0
403,GVSGLAAARQLQSF,inactive - virtual,inactive - virtual,0,Inactive,virtual,1,14,0.21428571428571427,0.0,0.0,0.0,0.07142857142857142,0.14285714285714285,0.0,0.0,0.0,0.14285714285714285,0.0,0.0,0.0,0.14285714285714285,0.07142857142857142,0.14285714285714285,0.0,0.07142857142857142,0.0,0.0
404,GWQNELLLLLRYLDEN,inactive - virtual,inactive - virtual,0,Inactive,virtual,1,16,0.0,0.0,0.0625,0.125,0.0,0.0625,0.0,0.0,0.0,0.375,0.0,0.125,0.0,0.0625,0.0625,0.0,0.0,0.0,0.0625,0.0625
405,GYKKVSKSYTGEWKKYLNSL,inactive - virtual,inactive - virtual,0,Inactive,virtual,1,20,0.0,0.0,0.0,0.05,0.0,0.1,0.0,0.0,0.25,0.1,0.0,0.05,0.0,0.0,0.0,0.15,0.05,0.05,0.05,0.15
406,HAHASAIAKAYASEIAFEAANQAIQIHG,inactive - virtual,inactive - virtual,0,Inactive,virtual,1,28,0.35714285714285715,0.0,0.0,0.07142857142857142,0.03571428571428571,0.03571428571428571,0.10714285714285714,0.14285714285714285,0.03571428571428571,0.0,0.0,0.03571428571428571,0.0,0.07142857142857142,0.0,0.07142857142857142,0.0,0.0,0.0,0.03571428571428571
407,HALRTIVFELLTRH,inactive - virtual,inactive - virtual,0,Inactive,virtual,1,14,0.07142857142857142,0.0,0.0,0.07142857142857142,0.07142857142857142,0.0,0.14285714285714285,0.07142857142857142,0.0,0.21428571428571427,0.0,0.0,0.0,0.0,0.14285714285714285,0.0,0.14285714285714285,0.07142857142857142,0.0,0.0
408,HDKHIEIVVRQM,inactive - virtual,inactive - virtual,0,Inactive,virtual,1,12,0.0,0.0,0.08333333333333333,0.08333333333333333,0.0,0.0,0.16666666666666666,0.16666666666666666,0.08333333333333333,0.0,0.08333333333333333,0.0,0.0,0.08333333333333333,0.08333333333333333,0.0,0.0,0.16666666666666666,0.0,0.0
409,HDLVTDGLITLYIETK,inactive - virtual,inactive - virtual,0,Inactive,virtual,1,16,0.0,0.0,0.125,0.0625,0.0,0.0625,0.0625,0.125,0.0625,0.1875,0.0,0.0,0.0,0.0,0.0,0.0,0.1875,0.0625,0.0,0.0625
410,HFGSLLLLAAWLAEN,inactive - virtual,inactive - virtual,0,Inactive,virtual,1,15,0.2,0.0,0.0,0.06666666666666667,0.06666666666666667,0.06666666666666667,0.06666666666666667,0.0,0.0,0.3333333333333333,0.0,0.06666666666666667,0.0,0.0,0.0,0.06666666666666667,0.0,0.0,0.06666666666666667,0.0
411,HGLVKAGHPLKRKLGH,inactive - virtual,inactive - virtual,0,Inactive,virtual,1,16,0.0625,0.0,0.0,0.0,0.0,0.1875,0.1875,0.0,0.1875,0.1875,0.0,0.0,0.0625,0.0,0.0625,0.0,0.0,0.0625,0.0,0.0
412,HHKAYVDGANTALDKLAEARDK,inactive - virtual,inactive - virtual,0,Inactive,virtual,1,22,0.22727272727272727,0.0,0.13636363636363635,0.045454545454545456,0.0,0.045454545454545456,0.09090909090909091,0.0,0.13636363636363635,0.09090909090909091,0.0,0.045454545454545456,0.0,0.0,0.045454545454545456,0.0,0.045454545454545456,0.045454545454545456,0.0,0.045454545454545456
413,HKEMAKAFEEW,inactive - virtual,inactive - virtual,0,Inactive,virtual,1,11,0.18181818181818182,0.0,0.0,0.2727272727272727,0.09090909090909091,0.0,0.09090909090909091,0.0,0.18181818181818182,0.0,0.09090909090909091,0.0,0.0,0.0,0.0,0.0,0.0,0.0,0.09090909090909091,0.0
414,HLDLINMMSRLAREELVHHEQVLRLMKRR,inactive - virtual,inactive - virtual,0,Inactive,virtual,1,29,0.034482758620689655,0.0,0.034482758620689655,0.10344827586206896,0.0,0.0,0.10344827586206896,0.034482758620689655,0.034482758620689655,0.20689655172413793,0.10344827586206896,0.034482758620689655,0.0,0.034482758620689655,0.1724137931034483,0.034482758620689655,0.0,0.06896551724137931,0.0,0.0
415,HMKMRSQLLIVLQEHLRN,inactive - virtual,inactive - virtual,0,Inactive,virtual,1,18,0.0,0.0,0.0,0.05555555555555555,0.0,0.0,0.1111111111111111,0.05555555555555555,0.05555555555555555,0.2222222222222222,0.1111111111111111,0.05555555555555555,0.0,0.1111111111111111,0.1111111111111111,0.05555555555555555,0.0,0.05555555555555555,0.0,0.0
416,HPAFIAHADRVLGGLDIAIST,inactive - virtual,inactive - virtual,0,Inactive,virtual,1,21,0.19047619047619047,0.0,0.09523809523809523,0.0,0.047619047619047616,0.09523809523809523,0.09523809523809523,0.14285714285714285,0.0,0.09523809523809523,0.0,0.0,0.047619047619047616,0.0,0.047619047619047616,0.047619047619047616,0.047619047619047616,0.047619047619047616,0.0,0.0
417,HPFYQALGQLARLTLAQWQAQL,inactive - virtual,inactive - virtual,0,Inactive,virtual,1,22,0.18181818181818182,0.0,0.0,0.0,0.045454545454545456,0.045454545454545456,0.045454545454545456,0.0,0.0,0.22727272727272727,0.0,0.0,0.045454545454545456,0.22727272727272727,0.045454545454545456,0.0,0.045454545454545456,0.0,0.045454545454545456,0.045454545454545456
418,HQAAMQMLKETINEEAAEWDRLH,inactive - virtual,inactive - virtual,0,Inactive,virtual,1,23,0.17391304347826086,0.0,0.043478260869565216,0.17391304347826086,0.0,0.0,0.08695652173913043,0.043478260869565216,0.043478260869565216,0.08695652173913043,0.08695652173913043,0.043478260869565216,0.0,0.08695652173913043,0.043478260869565216,0.0,0.043478260869565216,0.0,0.043478260869565216,0.0
419,HSATRAAMLVRINT,inactive - virtual,inactive - virtual,0,Inactive,virtual,1,14,0.21428571428571427,0.0,0.0,0.0,0.0,0.0,0.07142857142857142,0.07142857142857142,0.0,0.07142857142857142,0.07142857142857142,0.07142857142857142,0.0,0.0,0.14285714285714285,0.07142857142857142,0.14285714285714285,0.07142857142857142,0.0,0.0
420,HSDWISNANKVRVIYWQMT,inactive - virtual,inactive - virtual,0,Inactive,virtual,1,19,0.05263157894736842,0.0,0.05263157894736842,0.0,0.0,0.0,0.05263157894736842,0.10526315789473684,0.05263157894736842,0.0,0.05263157894736842,0.10526315789473684,0.0,0.05263157894736842,0.05263157894736842,0.10526315789473684,0.05263157894736842,0.10526315789473684,0.10526315789473684,0.05263157894736842
421,HSRRGLLKMVGKRRRLLAYLRNK,inactive - virtual,inactive - virtual,0,Inactive,virtual,1,23,0.043478260869565216,0.0,0.0,0.0,0.0,0.08695652173913043,0.043478260869565216,0.0,0.13043478260869565,0.21739130434782608,0.043478260869565216,0.043478260869565216,0.0,0.0,0.2608695652173913,0.043478260869565216,0.0,0.043478260869565216,0.0,0.043478260869565216
422,HTFLDDIVGAIAAAAASRLAHSYHD,inactive - virtual,inactive - virtual,0,Inactive,virtual,1,25,0.28,0.0,0.12,0.0,0.04,0.04,0.12,0.08,0.0,0.08,0.0,0.0,0.0,0.0,0.04,0.08,0.04,0.04,0.0,0.04
423,HVVDEKARLIYED,inactive - virtual,inactive - virtual,0,Inactive,virtual,1,13,0.07692307692307693,0.0,0.15384615384615385,0.15384615384615385,0.0,0.0,0.07692307692307693,0.07692307692307693,0.07692307692307693,0.07692307692307693,0.0,0.0,0.0,0.0,0.07692307692307693,0.0,0.0,0.15384615384615385,0.0,0.07692307692307693
424,HWDKVADMVANFAHEIDTYG,inactive - virtual,inactive - virtual,0,Inactive,virtual,1,20,0.15,0.0,0.15,0.05,0.05,0.05,0.1,0.05,0.05,0.0,0.05,0.05,0.0,0.0,0.0,0.0,0.05,0.1,0.05,0.05
425,IAMVNGLMGVLDKLAHLIDE,inactive - virtual,inactive - virtual,0,Inactive,virtual,1,20,0.1,0.0,0.1,0.05,0.0,0.1,0.05,0.1,0.05,0.2,0.1,0.05,0.0,0.0,0.0,0.0,0.0,0.1,0.0,0.0
426,IASEFKNIATNS,inactive - virtual,inactive - virtual,0,Inactive,virtual,1,12,0.16666666666666666,0.0,0.0,0.08333333333333333,0.08333333333333333,0.0,0.0,0.16666666666666666,0.08333333333333333,0.0,0.0,0.16666666666666666,0.0,0.0,0.0,0.16666666666666666,0.08333333333333333,0.0,0.0,0.0
427,IDDLRVIARENLERRRK,inactive - virtual,inactive - virtual,0,Inactive,virtual,1,17,0.058823529411764705,0.0,0.11764705882352941,0.11764705882352941,0.0,0.0,0.0,0.11764705882352941,0.058823529411764705,0.11764705882352941,0.0,0.058823529411764705,0.0,0.0,0.29411764705882354,0.0,0.0,0.058823529411764705,0.0,0.0
428,IDDSVNNLIPFMQKH,inactive - virtual,inactive - virtual,0,Inactive,virtual,1,15,0.0,0.0,0.13333333333333333,0.0,0.06666666666666667,0.0,0.06666666666666667,0.13333333333333333,0.06666666666666667,0.06666666666666667,0.06666666666666667,0.13333333333333333,0.06666666666666667,0.06666666666666667,0.0,0.06666666666666667,0.0,0.06666666666666667,0.0,0.0
429,IEEATEFYENDV,inactive - virtual,inactive - virtual,0,Inactive,virtual,1,12,0.08333333333333333,0.0,0.08333333333333333,0.3333333333333333,0.08333333333333333,0.0,0.0,0.08333333333333333,0.0,0.0,0.0,0.08333333333333333,0.0,0.0,0.0,0.0,0.08333333333333333,0.08333333333333333,0.0,0.08333333333333333
430,IEFRKAFLKIL,inactive - virtual,inactive - virtual,0,Inactive,virtual,1,11,0.09090909090909091,0.0,0.0,0.09090909090909091,0.18181818181818182,0.0,0.0,0.18181818181818182,0.18181818181818182,0.18181818181818182,0.0,0.0,0.0,0.0,0.09090909090909091,0.0,0.0,0.0,0.0,0.0
431,IGVQQHADKVQRALGEAIDD,inactive - virtual,inactive - virtual,0,Inactive,virtual,1,20,0.15,0.0,0.15,0.05,0.0,0.1,0.05,0.1,0.05,0.05,0.0,0.0,0.0,0.15,0.05,0.0,0.0,0.1,0.0,0.0
432,IHNVVGKL,inactive - virtual,inactive - virtual,0,Inactive,virtual,1,8,0.0,0.0,0.0,0.0,0.0,0.125,0.125,0.125,0.125,0.125,0.0,0.125,0.0,0.0,0.0,0.0,0.0,0.25,0.0,0.0
433,IKPLNNFAAEVGKIRDS,inactive - virtual,inactive - virtual,0,Inactive,virtual,1,17,0.11764705882352941,0.0,0.058823529411764705,0.058823529411764705,0.058823529411764705,0.058823529411764705,0.0,0.11764705882352941,0.11764705882352941,0.058823529411764705,0.0,0.11764705882352941,0.058823529411764705,0.0,0.058823529411764705,0.058823529411764705,0.0,0.058823529411764705,0.0,0.0
434,IMELLGTVIQHEGIHQGQYYVALKQSG,inactive - virtual,inactive - virtual,0,Inactive,virtual,1,27,0.037037037037037035,0.0,0.0,0.07407407407407407,0.0,0.14814814814814814,0.07407407407407407,0.1111111111111111,0.037037037037037035,0.1111111111111111,0.037037037037037035,0.0,0.0,0.14814814814814814,0.0,0.037037037037037035,0.037037037037037035,0.07407407407407407,0.0,0.07407407407407407
435,IPAAKINWDRDIEYMAGILEN,inactive - virtual,inactive - virtual,0,Inactive,virtual,1,21,0.14285714285714285,0.0,0.09523809523809523,0.09523809523809523,0.0,0.047619047619047616,0.0,0.19047619047619047,0.047619047619047616,0.047619047619047616,0.047619047619047616,0.09523809523809523,0.047619047619047616,0.0,0.047619047619047616,0.0,0.0,0.0,0.047619047619047616,0.047619047619047616
436,IPAVANWIKRR,inactive - virtual,inactive - virtual,0,Inactive,virtual,1,11,0.18181818181818182,0.0,0.0,0.0,0.0,0.0,0.0,0.18181818181818182,0.09090909090909091,0.0,0.0,0.09090909090909091,0.09090909090909091,0.0,0.18181818181818182,0.0,0.0,0.09090909090909091,0.09090909090909091,0.0
437,IPEAKSFYGFQIMIENIHSETYSLLIDTYI,inactive - virtual,inactive - virtual,0,Inactive,virtual,1,30,0.03333333333333333,0.0,0.03333333333333333,0.1,0.06666666666666667,0.03333333333333333,0.03333333333333333,0.2,0.03333333333333333,0.06666666666666667,0.03333333333333333,0.03333333333333333,0.03333333333333333,0.03333333333333333,0.0,0.1,0.06666666666666667,0.0,0.0,0.1
438,IRVNATKAYEMAL,inactive - virtual,inactive - virtual,0,Inactive,virtual,1,13,0.23076923076923078,0.0,0.0,0.07692307692307693,0.0,0.0,0.0,0.07692307692307693,0.07692307692307693,0.07692307692307693,0.07692307692307693,0.07692307692307693,0.0,0.0,0.07692307692307693,0.0,0.07692307692307693,0.07692307692307693,0.0,0.07692307692307693
439,KDAENHKAYLKSH,inactive - virtual,inactive - virtual,0,Inactive,virtual,1,13,0.15384615384615385,0.0,0.07692307692307693,0.07692307692307693,0.0,0.0,0.15384615384615385,0.0,0.23076923076923078,0.07692307692307693,0.0,0.07692307692307693,0.0,0.0,0.0,0.07692307692307693,0.0,0.0,0.0,0.07692307692307693
440,KDFETLKVDFLSKLPEMLKMFEDRL,inactive - virtual,inactive - virtual,0,Inactive,virtual,1,25,0.0,0.0,0.12,0.12,0.12,0.0,0.0,0.0,0.16,0.2,0.08,0.0,0.04,0.0,0.04,0.04,0.04,0.04,0.0,0.0
441,KDTVIEDIIDKTFEEAD,inactive - virtual,inactive - virtual,0,Inactive,virtual,1,17,0.058823529411764705,0.0,0.23529411764705882,0.17647058823529413,0.058823529411764705,0.0,0.0,0.17647058823529413,0.11764705882352941,0.0,0.0,0.0,0.0,0.0,0.0,0.0,0.11764705882352941,0.058823529411764705,0.0,0.0
442,KEDIHRSLVEELTKISAKEK,inactive - virtual,inactive - virtual,0,Inactive,virtual,1,20,0.05,0.0,0.05,0.2,0.0,0.0,0.05,0.1,0.2,0.1,0.0,0.0,0.0,0.0,0.05,0.1,0.05,0.05,0.0,0.0
443,KEEGYFYFRSRLSQ,inactive - virtual,inactive - virtual,0,Inactive,virtual,1,14,0.0,0.0,0.0,0.14285714285714285,0.14285714285714285,0.07142857142857142,0.0,0.0,0.07142857142857142,0.07142857142857142,0.0,0.0,0.0,0.07142857142857142,0.14285714285714285,0.14285714285714285,0.0,0.0,0.0,0.14285714285714285
444,KEEVQKVLEDA,inactive - virtual,inactive - virtual,0,Inactive,virtual,1,11,0.09090909090909091,0.0,0.09090909090909091,0.2727272727272727,0.0,0.0,0.0,0.0,0.18181818181818182,0.09090909090909091,0.0,0.0,0.0,0.09090909090909091,0.0,0.0,0.0,0.18181818181818182,0.0,0.0
445,KEIAEKMVEGRMKKFTGEV,inactive - virtual,inactive - virtual,0,Inactive,virtual,1,19,0.05263157894736842,0.0,0.0,0.21052631578947367,0.05263157894736842,0.10526315789473684,0.0,0.05263157894736842,0.21052631578947367,0.0,0.10526315789473684,0.0,0.0,0.0,0.05263157894736842,0.0,0.05263157894736842,0.10526315789473684,0.0,0.0
446,KFLKKWEGIWATFKPALSAVV,inactive - virtual,inactive - virtual,0,Inactive,virtual,1,21,0.14285714285714285,0.0,0.0,0.047619047619047616,0.09523809523809523,0.047619047619047616,0.0,0.047619047619047616,0.19047619047619047,0.09523809523809523,0.0,0.0,0.047619047619047616,0.0,0.0,0.047619047619047616,0.047619047619047616,0.09523809523809523,0.09523809523809523,0.0
447,KFLRFILKWFKVIFQ,inactive - virtual,inactive - virtual,0,Inactive,virtual,1,15,0.0,0.0,0.0,0.0,0.26666666666666666,0.0,0.0,0.13333333333333333,0.2,0.13333333333333333,0.0,0.0,0.0,0.06666666666666667,0.06666666666666667,0.0,0.0,0.06666666666666667,0.06666666666666667,0.0
448,KFLTKLKNIVANIRIWWVILL,inactive - virtual,inactive - virtual,0,Inactive,virtual,1,21,0.047619047619047616,0.0,0.0,0.0,0.047619047619047616,0.0,0.0,0.19047619047619047,0.14285714285714285,0.19047619047619047,0.0,0.09523809523809523,0.0,0.0,0.047619047619047616,0.0,0.047619047619047616,0.09523809523809523,0.09523809523809523,0.0
449,KGQEYINNIHL,inactive - virtual,inactive - virtual,0,Inactive,virtual,1,11,0.0,0.0,0.0,0.09090909090909091,0.0,0.09090909090909091,0.09090909090909091,0.18181818181818182,0.09090909090909091,0.09090909090909091,0.0,0.18181818181818182,0.0,0.09090909090909091,0.0,0.0,0.0,0.0,0.0,0.09090909090909091
450,KHFDFLAEFNAKAND,inactive - virtual,inactive - virtual,0,Inactive,virtual,1,15,0.2,0.0,0.13333333333333333,0.06666666666666667,0.2,0.0,0.06666666666666667,0.0,0.13333333333333333,0.06666666666666667,0.0,0.13333333333333333,0.0,0.0,0.0,0.0,0.0,0.0,0.0,0.0
451,KHHAAYVNNLNNALKK,inactive - virtual,inactive - virtual,0,Inactive,virtual,1,16,0.1875,0.0,0.0,0.0,0.0,0.0,0.125,0.0,0.1875,0.125,0.0,0.25,0.0,0.0,0.0,0.0,0.0,0.0625,0.0,0.0625
452,KIPDDLQADFNKFR,inactive - virtual,inactive - virtual,0,Inactive,virtual,1,14,0.07142857142857142,0.0,0.21428571428571427,0.0,0.14285714285714285,0.0,0.0,0.07142857142857142,0.14285714285714285,0.07142857142857142,0.0,0.07142857142857142,0.07142857142857142,0.07142857142857142,0.07142857142857142,0.0,0.0,0.0,0.0,0.0
453,KKAEAVATVVAAVDQARVR,inactive - virtual,inactive - virtual,0,Inactive,virtual,1,19,0.3157894736842105,0.0,0.05263157894736842,0.05263157894736842,0.0,0.0,0.0,0.0,0.10526315789473684,0.0,0.0,0.0,0.0,0.05263157894736842,0.10526315789473684,0.0,0.05263157894736842,0.2631578947368421,0.0,0.0
454,KKDVKLILDTILETITEALAK,inactive - virtual,inactive - virtual,0,Inactive,virtual,1,21,0.09523809523809523,0.0,0.09523809523809523,0.09523809523809523,0.0,0.0,0.0,0.14285714285714285,0.19047619047619047,0.19047619047619047,0.0,0.0,0.0,0.0,0.0,0.0,0.14285714285714285,0.047619047619047616,0.0,0.0
455,KKEELQRSLNILTAF,inactive - virtual,inactive - virtual,0,Inactive,virtual,1,15,0.06666666666666667,0.0,0.0,0.13333333333333333,0.06666666666666667,0.0,0.0,0.06666666666666667,0.13333333333333333,0.2,0.0,0.06666666666666667,0.0,0.06666666666666667,0.06666666666666667,0.06666666666666667,0.06666666666666667,0.0,0.0,0.0
456,KKQELLEALTKHFQ,inactive - virtual,inactive - virtual,0,Inactive,virtual,1,14,0.07142857142857142,0.0,0.0,0.14285714285714285,0.07142857142857142,0.0,0.07142857142857142,0.0,0.21428571428571427,0.21428571428571427,0.0,0.0,0.0,0.14285714285714285,0.0,0.0,0.07142857142857142,0.0,0.0,0.0
457,KKTAERLIVEMKDRFKG,inactive - virtual,inactive - virtual,0,Inactive,virtual,1,17,0.058823529411764705,0.0,0.058823529411764705,0.11764705882352941,0.058823529411764705,0.058823529411764705,0.0,0.058823529411764705,0.23529411764705882,0.058823529411764705,0.058823529411764705,0.0,0.0,0.0,0.11764705882352941,0.0,0.058823529411764705,0.058823529411764705,0.0,0.0
458,KKVKGYKRALTE,inactive - virtual,inactive - virtual,0,Inactive,virtual,1,12,0.08333333333333333,0.0,0.0,0.08333333333333333,0.0,0.08333333333333333,0.0,0.0,0.3333333333333333,0.08333333333333333,0.0,0.0,0.0,0.0,0.08333333333333333,0.0,0.08333333333333333,0.08333333333333333,0.0,0.08333333333333333
459,KLDSRFDNNLGKFRFVLLLFV,inactive - virtual,inactive - virtual,0,Inactive,virtual,1,21,0.0,0.0,0.09523809523809523,0.0,0.19047619047619047,0.047619047619047616,0.0,0.0,0.09523809523809523,0.23809523809523808,0.0,0.09523809523809523,0.0,0.0,0.09523809523809523,0.047619047619047616,0.0,0.09523809523809523,0.0,0.0
460,KLEEKFPQVAAT,inactive - virtual,inactive - virtual,0,Inactive,virtual,1,12,0.16666666666666666,0.0,0.0,0.16666666666666666,0.08333333333333333,0.0,0.0,0.0,0.16666666666666666,0.08333333333333333,0.0,0.0,0.08333333333333333,0.08333333333333333,0.0,0.0,0.08333333333333333,0.08333333333333333,0.0,0.0
461,KLKELALIFISNLVAN,inactive - virtual,inactive - virtual,0,Inactive,virtual,1,16,0.125,0.0,0.0,0.0625,0.0625,0.0,0.0,0.125,0.125,0.25,0.0,0.125,0.0,0.0,0.0,0.0625,0.0,0.0625,0.0,0.0
462,KNIKRNVEKIIAQWDERTRK,inactive - virtual,inactive - virtual,0,Inactive,virtual,1,20,0.05,0.0,0.05,0.1,0.0,0.0,0.0,0.15,0.2,0.0,0.0,0.1,0.0,0.05,0.15,0.0,0.05,0.05,0.05,0.0
463,KPEEVEQIKLYVMSREYEDYMAR,inactive - virtual,inactive - virtual,0,Inactive,virtual,1,23,0.043478260869565216,0.0,0.043478260869565216,0.21739130434782608,0.0,0.0,0.0,0.043478260869565216,0.08695652173913043,0.043478260869565216,0.08695652173913043,0.0,0.043478260869565216,0.043478260869565216,0.08695652173913043,0.043478260869565216,0.0,0.08695652173913043,0.0,0.13043478260869565
464,KPEQYNIVGEHLLATLDEMFS,inactive - virtual,inactive - virtual,0,Inactive,virtual,1,21,0.047619047619047616,0.0,0.047619047619047616,0.14285714285714285,0.047619047619047616,0.047619047619047616,0.047619047619047616,0.047619047619047616,0.047619047619047616,0.14285714285714285,0.047619047619047616,0.047619047619047616,0.047619047619047616,0.047619047619047616,0.0,0.047619047619047616,0.047619047619047616,0.047619047619047616,0.0,0.047619047619047616
465,KPQELLSLIIERFE,inactive - virtual,inactive - virtual,0,Inactive,virtual,1,14,0.0,0.0,0.0,0.21428571428571427,0.07142857142857142,0.0,0.0,0.14285714285714285,0.07142857142857142,0.21428571428571427,0.0,0.0,0.07142857142857142,0.07142857142857142,0.07142857142857142,0.07142857142857142,0.0,0.0,0.0,0.0
466,KPQERADLISYLKEATS,inactive - virtual,inactive - virtual,0,Inactive,virtual,1,17,0.11764705882352941,0.0,0.058823529411764705,0.11764705882352941,0.0,0.0,0.0,0.058823529411764705,0.11764705882352941,0.11764705882352941,0.0,0.0,0.058823529411764705,0.058823529411764705,0.058823529411764705,0.11764705882352941,0.058823529411764705,0.0,0.0,0.058823529411764705
467,KPWLSVILFLIRERSR,inactive - virtual,inactive - virtual,0,Inactive,virtual,1,16,0.0,0.0,0.0,0.0625,0.0625,0.0,0.0,0.125,0.0625,0.1875,0.0,0.0,0.0625,0.0,0.1875,0.125,0.0,0.0625,0.0625,0.0
468,KQAEAEEFVQTLGQSLA,inactive - virtual,inactive - virtual,0,Inactive,virtual,1,17,0.17647058823529413,0.0,0.0,0.17647058823529413,0.058823529411764705,0.058823529411764705,0.0,0.0,0.058823529411764705,0.11764705882352941,0.0,0.0,0.0,0.17647058823529413,0.0,0.058823529411764705,0.058823529411764705,0.058823529411764705,0.0,0.0
469,KQLTAIAALAE,inactive - virtual,inactive - virtual,0,Inactive,virtual,1,11,0.36363636363636365,0.0,0.0,0.09090909090909091,0.0,0.0,0.0,0.09090909090909091,0.09090909090909091,0.18181818181818182,0.0,0.0,0.0,0.09090909090909091,0.0,0.0,0.09090909090909091,0.0,0.0,0.0
470,KREIIHAVLTGLALDQLAEQ,inactive - virtual,inactive - virtual,0,Inactive,virtual,1,20,0.15,0.0,0.05,0.1,0.0,0.05,0.05,0.1,0.05,0.2,0.0,0.0,0.0,0.1,0.05,0.0,0.05,0.05,0.0,0.0
471,KREVQNAILTGIQLDKLAED,inactive - virtual,inactive - virtual,0,Inactive,virtual,1,20,0.1,0.0,0.1,0.1,0.0,0.05,0.0,0.1,0.1,0.15,0.0,0.05,0.0,0.1,0.05,0.0,0.05,0.05,0.0,0.0
472,KSEALAKMWGQRK,inactive - virtual,inactive - virtual,0,Inactive,virtual,1,13,0.15384615384615385,0.0,0.0,0.07692307692307693,0.0,0.07692307692307693,0.0,0.0,0.23076923076923078,0.07692307692307693,0.07692307692307693,0.0,0.0,0.07692307692307693,0.07692307692307693,0.07692307692307693,0.0,0.0,0.07692307692307693,0.0
473,KTASTGFAELLKDRREQV,inactive - virtual,inactive - virtual,0,Inactive,virtual,1,18,0.1111111111111111,0.0,0.05555555555555555,0.1111111111111111,0.05555555555555555,0.05555555555555555,0.0,0.0,0.1111111111111111,0.1111111111111111,0.0,0.0,0.0,0.05555555555555555,0.1111111111111111,0.05555555555555555,0.1111111111111111,0.05555555555555555,0.0,0.0
474,KTFRTTFKTLL,inactive - virtual,inactive - virtual,0,Inactive,virtual,1,11,0.0,0.0,0.0,0.0,0.18181818181818182,0.0,0.0,0.0,0.18181818181818182,0.18181818181818182,0.0,0.0,0.0,0.0,0.09090909090909091,0.0,0.36363636363636365,0.0,0.0,0.0
475,KVAEFERLFRQAAG,inactive - virtual,inactive - virtual,0,Inactive,virtual,1,14,0.21428571428571427,0.0,0.0,0.14285714285714285,0.14285714285714285,0.07142857142857142,0.0,0.0,0.07142857142857142,0.07142857142857142,0.0,0.0,0.0,0.07142857142857142,0.14285714285714285,0.0,0.0,0.07142857142857142,0.0,0.0
476,KVNRAVAAEIRNWTWVFLIW,inactive - virtual,inactive - virtual,0,Inactive,virtual,1,20,0.15,0.0,0.0,0.05,0.05,0.0,0.0,0.1,0.05,0.05,0.0,0.1,0.0,0.0,0.1,0.0,0.05,0.15,0.15,0.0
477,KVRETREILDIIDTVYNS,inactive - virtual,inactive - virtual,0,Inactive,virtual,1,18,0.0,0.0,0.1111111111111111,0.1111111111111111,0.0,0.0,0.0,0.16666666666666666,0.05555555555555555,0.05555555555555555,0.0,0.05555555555555555,0.0,0.0,0.1111111111111111,0.05555555555555555,0.1111111111111111,0.1111111111111111,0.0,0.05555555555555555
478,KVRGLIEIISN,inactive - virtual,inactive - virtual,0,Inactive,virtual,1,11,0.0,0.0,0.0,0.09090909090909091,0.0,0.09090909090909091,0.0,0.2727272727272727,0.09090909090909091,0.09090909090909091,0.0,0.09090909090909091,0.0,0.0,0.09090909090909091,0.09090909090909091,0.0,0.09090909090909091,0.0,0.0
479,KVSDILTVAIRLEEEGERFYRELS,inactive - virtual,inactive - virtual,0,Inactive,virtual,1,24,0.041666666666666664,0.0,0.041666666666666664,0.20833333333333334,0.041666666666666664,0.041666666666666664,0.0,0.08333333333333333,0.041666666666666664,0.125,0.0,0.0,0.0,0.0,0.125,0.08333333333333333,0.041666666666666664,0.08333333333333333,0.0,0.041666666666666664
480,KVVDNFENILII,inactive - virtual,inactive - virtual,0,Inactive,virtual,1,12,0.0,0.0,0.08333333333333333,0.08333333333333333,0.08333333333333333,0.0,0.0,0.25,0.08333333333333333,0.08333333333333333,0.0,0.16666666666666666,0.0,0.0,0.0,0.0,0.0,0.16666666666666666,0.0,0.0
481,KVWKGVKTIIADVWQV,inactive - virtual,inactive - virtual,0,Inactive,virtual,1,16,0.0625,0.0,0.0625,0.0,0.0,0.0625,0.0,0.125,0.1875,0.0,0.0,0.0,0.0,0.0625,0.0,0.0,0.0625,0.25,0.125,0.0
482,KWEAEKIHIGFRQAY,inactive - virtual,inactive - virtual,0,Inactive,virtual,1,15,0.13333333333333333,0.0,0.0,0.13333333333333333,0.06666666666666667,0.06666666666666667,0.06666666666666667,0.13333333333333333,0.13333333333333333,0.0,0.0,0.0,0.0,0.06666666666666667,0.06666666666666667,0.0,0.0,0.0,0.06666666666666667,0.06666666666666667
483,KWVRIWIKVLRGLFVWVWFF,inactive - virtual,inactive - virtual,0,Inactive,virtual,1,20,0.0,0.0,0.0,0.0,0.15,0.05,0.0,0.1,0.1,0.1,0.0,0.0,0.0,0.0,0.1,0.0,0.0,0.2,0.2,0.0
484,KYDHFAGRAYVRLHQD,inactive - virtual,inactive - virtual,0,Inactive,virtual,1,16,0.125,0.0,0.125,0.0,0.0625,0.0625,0.125,0.0,0.0625,0.0625,0.0,0.0,0.0,0.0625,0.125,0.0,0.0,0.0625,0.0,0.125
485,LADLQEQLYNG,inactive - virtual,inactive - virtual,0,Inactive,virtual,1,11,0.09090909090909091,0.0,0.09090909090909091,0.09090909090909091,0.0,0.09090909090909091,0.0,0.0,0.0,0.2727272727272727,0.0,0.09090909090909091,0.0,0.18181818181818182,0.0,0.0,0.0,0.0,0.0,0.09090909090909091
486,LDAYINLGNVLKEA,inactive - virtual,inactive - virtual,0,Inactive,virtual,1,14,0.14285714285714285,0.0,0.07142857142857142,0.07142857142857142,0.0,0.07142857142857142,0.0,0.07142857142857142,0.07142857142857142,0.21428571428571427,0.0,0.14285714285714285,0.0,0.0,0.0,0.0,0.0,0.07142857142857142,0.0,0.07142857142857142
487,LDEAATRSKAWMVDALA,inactive - virtual,inactive - virtual,0,Inactive,virtual,1,17,0.29411764705882354,0.0,0.11764705882352941,0.058823529411764705,0.0,0.0,0.0,0.0,0.058823529411764705,0.11764705882352941,0.058823529411764705,0.0,0.0,0.0,0.058823529411764705,0.058823529411764705,0.058823529411764705,0.058823529411764705,0.058823529411764705,0.0
488,LEARMKQFKDMLLER,inactive - virtual,inactive - virtual,0,Inactive,virtual,1,15,0.06666666666666667,0.0,0.06666666666666667,0.13333333333333333,0.06666666666666667,0.0,0.0,0.0,0.13333333333333333,0.2,0.13333333333333333,0.0,0.0,0.06666666666666667,0.13333333333333333,0.0,0.0,0.0,0.0,0.0
489,LEEFDKVSKNVD,inactive - virtual,inactive - virtual,0,Inactive,virtual,1,12,0.0,0.0,0.16666666666666666,0.16666666666666666,0.08333333333333333,0.0,0.0,0.0,0.16666666666666666,0.08333333333333333,0.0,0.08333333333333333,0.0,0.0,0.0,0.08333333333333333,0.0,0.16666666666666666,0.0,0.0
490,LEPIKAWIEKR,inactive - virtual,inactive - virtual,0,Inactive,virtual,1,11,0.09090909090909091,0.0,0.0,0.18181818181818182,0.0,0.0,0.0,0.18181818181818182,0.18181818181818182,0.09090909090909091,0.0,0.0,0.09090909090909091,0.0,0.09090909090909091,0.0,0.0,0.0,0.09090909090909091,0.0
491,LEQVEFKLNQLLENL,inactive - virtual,inactive - virtual,0,Inactive,virtual,1,15,0.0,0.0,0.0,0.2,0.06666666666666667,0.0,0.0,0.0,0.06666666666666667,0.3333333333333333,0.0,0.13333333333333333,0.0,0.13333333333333333,0.0,0.0,0.0,0.06666666666666667,0.0,0.0
492,LHDAIHMAADNAV,inactive - virtual,inactive - virtual,0,Inactive,virtual,1,13,0.3076923076923077,0.0,0.15384615384615385,0.0,0.0,0.0,0.15384615384615385,0.07692307692307693,0.0,0.07692307692307693,0.07692307692307693,0.07692307692307693,0.0,0.0,0.0,0.0,0.0,0.07692307692307693,0.0,0.0
493,LKRAEALIHLANAALE,inactive - virtual,inactive - virtual,0,Inactive,virtual,1,16,0.3125,0.0,0.0,0.125,0.0,0.0,0.0625,0.0625,0.0625,0.25,0.0,0.0625,0.0,0.0,0.0625,0.0,0.0,0.0,0.0,0.0
494,LKYVGMVLNEALRLW,inactive - virtual,inactive - virtual,0,Inactive,virtual,1,15,0.06666666666666667,0.0,0.0,0.06666666666666667,0.0,0.06666666666666667,0.0,0.0,0.06666666666666667,0.26666666666666666,0.06666666666666667,0.06666666666666667,0.0,0.0,0.06666666666666667,0.0,0.0,0.13333333333333333,0.06666666666666667,0.06666666666666667
495,LLNIRREFIEKY,inactive - virtual,inactive - virtual,0,Inactive,virtual,1,12,0.0,0.0,0.0,0.16666666666666666,0.08333333333333333,0.0,0.0,0.16666666666666666,0.08333333333333333,0.16666666666666666,0.0,0.08333333333333333,0.0,0.0,0.16666666666666666,0.0,0.0,0.0,0.0,0.08333333333333333
496,LLPALLQQIGREN,inactive - virtual,inactive - virtual,0,Inactive,virtual,1,13,0.07692307692307693,0.0,0.0,0.07692307692307693,0.0,0.07692307692307693,0.0,0.07692307692307693,0.0,0.3076923076923077,0.0,0.07692307692307693,0.07692307692307693,0.15384615384615385,0.07692307692307693,0.0,0.0,0.0,0.0,0.0
497,LLTEVETYVLSI,inactive - virtual,inactive - virtual,0,Inactive,virtual,1,12,0.0,0.0,0.0,0.16666666666666666,0.0,0.0,0.0,0.08333333333333333,0.0,0.25,0.0,0.0,0.0,0.0,0.0,0.08333333333333333,0.16666666666666666,0.16666666666666666,0.0,0.08333333333333333
498,LMEPVREAAGRLADA,inactive - virtual,inactive - virtual,0,Inactive,virtual,1,15,0.26666666666666666,0.0,0.06666666666666667,0.13333333333333333,0.0,0.06666666666666667,0.0,0.0,0.0,0.13333333333333333,0.06666666666666667,0.0,0.06666666666666667,0.0,0.13333333333333333,0.0,0.0,0.06666666666666667,0.0,0.0
499,LMGHQKKILGSIQTMRAQLT,inactive - virtual,inactive - virtual,0,Inactive,virtual,1,20,0.05,0.0,0.0,0.0,0.0,0.1,0.05,0.1,0.1,0.15,0.1,0.0,0.0,0.15,0.05,0.05,0.1,0.0,0.0,0.0
500,LNNFSRYFLHQSREETEHAEKLMRLQNQRG,inactive - virtual,inactive - virtual,0,Inactive,virtual,1,30,0.03333333333333333,0.0,0.0,0.13333333333333333,0.06666666666666667,0.03333333333333333,0.06666666666666667,0.0,0.03333333333333333,0.13333333333333333,0.03333333333333333,0.1,0.0,0.1,0.13333333333333333,0.06666666666666667,0.03333333333333333,0.0,0.0,0.03333333333333333
501,LPEDQELLFQSASLELFVLRLAYRA,inactive - virtual,inactive - virtual,0,Inactive,virtual,1,25,0.12,0.0,0.04,0.12,0.08,0.0,0.0,0.0,0.0,0.28,0.0,0.0,0.04,0.08,0.08,0.08,0.0,0.04,0.0,0.04
502,LPHFYELFSLWA,inactive - virtual,inactive - virtual,0,Inactive,virtual,1,12,0.08333333333333333,0.0,0.0,0.08333333333333333,0.16666666666666666,0.0,0.08333333333333333,0.0,0.0,0.25,0.0,0.0,0.08333333333333333,0.0,0.0,0.08333333333333333,0.0,0.0,0.08333333333333333,0.08333333333333333
503,LPIHYKLSQEFFLKAYEN,inactive - virtual,inactive - virtual,0,Inactive,virtual,1,18,0.05555555555555555,0.0,0.0,0.1111111111111111,0.1111111111111111,0.0,0.05555555555555555,0.05555555555555555,0.1111111111111111,0.16666666666666666,0.0,0.05555555555555555,0.05555555555555555,0.05555555555555555,0.0,0.05555555555555555,0.0,0.0,0.0,0.1111111111111111
504,LQAPLQRRILEIGKKH,inactive - virtual,inactive - virtual,0,Inactive,virtual,1,16,0.0625,0.0,0.0,0.0625,0.0,0.0625,0.0625,0.125,0.125,0.1875,0.0,0.0,0.0625,0.125,0.125,0.0,0.0,0.0,0.0,0.0
505,LQMEFKYLAYLTG,inactive - virtual,inactive - virtual,0,Inactive,virtual,1,13,0.07692307692307693,0.0,0.0,0.07692307692307693,0.07692307692307693,0.07692307692307693,0.0,0.0,0.07692307692307693,0.23076923076923078,0.07692307692307693,0.0,0.0,0.07692307692307693,0.0,0.0,0.07692307692307693,0.0,0.0,0.15384615384615385
506,LQNAIIEFYTEYY,inactive - virtual,inactive - virtual,0,Inactive,virtual,1,13,0.07692307692307693,0.0,0.0,0.15384615384615385,0.07692307692307693,0.0,0.0,0.15384615384615385,0.0,0.07692307692307693,0.0,0.07692307692307693,0.0,0.07692307692307693,0.0,0.0,0.07692307692307693,0.0,0.0,0.23076923076923078
507,LQWYVSEQHEEEALFRGIVDKIKLIG,inactive - virtual,inactive - virtual,0,Inactive,virtual,1,26,0.038461538461538464,0.0,0.038461538461538464,0.15384615384615385,0.038461538461538464,0.07692307692307693,0.038461538461538464,0.11538461538461539,0.07692307692307693,0.11538461538461539,0.0,0.0,0.0,0.07692307692307693,0.038461538461538464,0.038461538461538464,0.0,0.07692307692307693,0.038461538461538464,0.038461538461538464
508,LREIVENMIKSSLERAIAAY,inactive - virtual,inactive - virtual,0,Inactive,virtual,1,20,0.15,0.0,0.0,0.15,0.0,0.0,0.0,0.15,0.05,0.1,0.05,0.05,0.0,0.0,0.1,0.1,0.0,0.05,0.0,0.05
509,LRSWFRERLIAHRLASVNL,inactive - virtual,inactive - virtual,0,Inactive,virtual,1,19,0.10526315789473684,0.0,0.0,0.05263157894736842,0.05263157894736842,0.0,0.05263157894736842,0.05263157894736842,0.0,0.21052631578947367,0.0,0.05263157894736842,0.0,0.0,0.21052631578947367,0.10526315789473684,0.0,0.05263157894736842,0.05263157894736842,0.0
510,LRTYFMERLRHYRQLSL,inactive - virtual,inactive - virtual,0,Inactive,virtual,1,17,0.0,0.0,0.0,0.058823529411764705,0.058823529411764705,0.0,0.058823529411764705,0.0,0.0,0.23529411764705882,0.058823529411764705,0.0,0.0,0.058823529411764705,0.23529411764705882,0.058823529411764705,0.058823529411764705,0.0,0.0,0.11764705882352941
511,LSTVSNFFMNA,inactive - virtual,inactive - virtual,0,Inactive,virtual,1,11,0.09090909090909091,0.0,0.0,0.0,0.18181818181818182,0.0,0.0,0.0,0.0,0.09090909090909091,0.09090909090909091,0.18181818181818182,0.0,0.0,0.0,0.18181818181818182,0.09090909090909091,0.09090909090909091,0.0,0.0
512,LVGALMHVMQKRSR,inactive - virtual,inactive - virtual,0,Inactive,virtual,1,14,0.07142857142857142,0.0,0.0,0.0,0.0,0.07142857142857142,0.07142857142857142,0.0,0.07142857142857142,0.14285714285714285,0.14285714285714285,0.0,0.0,0.07142857142857142,0.14285714285714285,0.07142857142857142,0.0,0.14285714285714285,0.0,0.0
513,LVLPIAQALKVLG,inactive - virtual,inactive - virtual,0,Inactive,virtual,1,13,0.15384615384615385,0.0,0.0,0.0,0.0,0.07692307692307693,0.0,0.07692307692307693,0.07692307692307693,0.3076923076923077,0.0,0.0,0.07692307692307693,0.07692307692307693,0.0,0.0,0.0,0.15384615384615385,0.0,0.0
514,MEALKKQILQI,inactive - virtual,inactive - virtual,0,Inactive,virtual,1,11,0.09090909090909091,0.0,0.0,0.09090909090909091,0.0,0.0,0.0,0.18181818181818182,0.18181818181818182,0.18181818181818182,0.09090909090909091,0.0,0.0,0.18181818181818182,0.0,0.0,0.0,0.0,0.0,0.0
515,MEKLNQLWEKAQRLH,inactive - virtual,inactive - virtual,0,Inactive,virtual,1,15,0.06666666666666667,0.0,0.0,0.13333333333333333,0.0,0.0,0.06666666666666667,0.0,0.13333333333333333,0.2,0.06666666666666667,0.06666666666666667,0.0,0.13333333333333333,0.06666666666666667,0.0,0.0,0.0,0.06666666666666667,0.0
516,MLEEYRKHVAERAAE,inactive - virtual,inactive - virtual,0,Inactive,virtual,1,15,0.2,0.0,0.0,0.26666666666666666,0.0,0.0,0.06666666666666667,0.0,0.06666666666666667,0.06666666666666667,0.06666666666666667,0.0,0.0,0.0,0.13333333333333333,0.0,0.0,0.06666666666666667,0.0,0.06666666666666667
517,MPEVFNYLGIYLTQA,inactive - virtual,inactive - virtual,0,Inactive,virtual,1,15,0.06666666666666667,0.0,0.0,0.06666666666666667,0.06666666666666667,0.06666666666666667,0.0,0.06666666666666667,0.0,0.13333333333333333,0.06666666666666667,0.06666666666666667,0.06666666666666667,0.06666666666666667,0.0,0.0,0.06666666666666667,0.06666666666666667,0.0,0.13333333333333333
518,MPGTATHTVKMFS,inactive - virtual,inactive - virtual,0,Inactive,virtual,1,13,0.07692307692307693,0.0,0.0,0.0,0.07692307692307693,0.07692307692307693,0.07692307692307693,0.0,0.07692307692307693,0.0,0.15384615384615385,0.0,0.07692307692307693,0.0,0.0,0.07692307692307693,0.23076923076923078,0.07692307692307693,0.0,0.0
519,MPYTDAVVHEVQRYID,inactive - virtual,inactive - virtual,0,Inactive,virtual,1,16,0.0625,0.0,0.125,0.0625,0.0,0.0,0.0625,0.0625,0.0,0.0,0.0625,0.0,0.0625,0.0625,0.0625,0.0,0.0625,0.1875,0.0,0.125
520,MTDQQAEARAF,inactive - virtual,inactive - virtual,0,Inactive,virtual,1,11,0.2727272727272727,0.0,0.09090909090909091,0.09090909090909091,0.09090909090909091,0.0,0.0,0.0,0.0,0.0,0.09090909090909091,0.0,0.0,0.18181818181818182,0.09090909090909091,0.0,0.09090909090909091,0.0,0.0,0.0
521,MVFKQMEQVAQFLKAAEDY,inactive - virtual,inactive - virtual,0,Inactive,virtual,1,19,0.15789473684210525,0.0,0.05263157894736842,0.10526315789473684,0.10526315789473684,0.0,0.0,0.0,0.10526315789473684,0.05263157894736842,0.10526315789473684,0.0,0.0,0.15789473684210525,0.0,0.0,0.0,0.10526315789473684,0.0,0.05263157894736842
522,MYSNRMRSYKQEMGKLETDFKRSRI,inactive - virtual,inactive - virtual,0,Inactive,virtual,1,25,0.0,0.0,0.04,0.08,0.04,0.04,0.0,0.04,0.12,0.04,0.12,0.04,0.0,0.04,0.16,0.12,0.04,0.0,0.0,0.08
523,NAAGWDLLLTLYRSA,inactive - virtual,inactive - virtual,0,Inactive,virtual,1,15,0.2,0.0,0.06666666666666667,0.0,0.0,0.06666666666666667,0.0,0.0,0.0,0.26666666666666666,0.0,0.06666666666666667,0.0,0.0,0.06666666666666667,0.06666666666666667,0.06666666666666667,0.0,0.06666666666666667,0.06666666666666667
524,NAAQLDALAHALLEIPRFSYATR,inactive - virtual,inactive - virtual,0,Inactive,virtual,1,23,0.2608695652173913,0.0,0.043478260869565216,0.043478260869565216,0.043478260869565216,0.0,0.043478260869565216,0.043478260869565216,0.0,0.17391304347826086,0.0,0.043478260869565216,0.043478260869565216,0.043478260869565216,0.08695652173913043,0.043478260869565216,0.043478260869565216,0.0,0.0,0.043478260869565216
525,NAGQANEFFNEFWS,inactive - virtual,inactive - virtual,0,Inactive,virtual,1,14,0.14285714285714285,0.0,0.0,0.14285714285714285,0.21428571428571427,0.07142857142857142,0.0,0.0,0.0,0.0,0.0,0.21428571428571427,0.0,0.07142857142857142,0.0,0.07142857142857142,0.0,0.0,0.07142857142857142,0.0
526,NAKIARINELAAKAKAGV,inactive - virtual,inactive - virtual,0,Inactive,virtual,1,18,0.3333333333333333,0.0,0.0,0.05555555555555555,0.0,0.05555555555555555,0.0,0.1111111111111111,0.16666666666666666,0.05555555555555555,0.0,0.1111111111111111,0.0,0.0,0.05555555555555555,0.0,0.0,0.05555555555555555,0.0,0.0
527,NAKYVAEATGNFITVMDALKL,inactive - virtual,inactive - virtual,0,Inactive,virtual,1,21,0.19047619047619047,0.0,0.047619047619047616,0.047619047619047616,0.047619047619047616,0.047619047619047616,0.0,0.047619047619047616,0.09523809523809523,0.09523809523809523,0.047619047619047616,0.09523809523809523,0.0,0.0,0.0,0.0,0.09523809523809523,0.09523809523809523,0.0,0.047619047619047616
528,NASRTVGVVAALL,inactive - virtual,inactive - virtual,0,Inactive,virtual,1,13,0.23076923076923078,0.0,0.0,0.0,0.0,0.07692307692307693,0.0,0.0,0.0,0.15384615384615385,0.0,0.07692307692307693,0.0,0.0,0.07692307692307693,0.07692307692307693,0.07692307692307693,0.23076923076923078,0.0,0.0
529,NDAEVKKIAAQYGKD,inactive - virtual,inactive - virtual,0,Inactive,virtual,1,15,0.2,0.0,0.13333333333333333,0.06666666666666667,0.0,0.06666666666666667,0.0,0.06666666666666667,0.2,0.0,0.0,0.06666666666666667,0.0,0.06666666666666667,0.0,0.0,0.0,0.06666666666666667,0.0,0.06666666666666667
530,NDEETVALTAGGHT,inactive - virtual,inactive - virtual,0,Inactive,virtual,1,14,0.14285714285714285,0.0,0.07142857142857142,0.14285714285714285,0.0,0.14285714285714285,0.07142857142857142,0.0,0.0,0.07142857142857142,0.0,0.07142857142857142,0.0,0.0,0.0,0.0,0.21428571428571427,0.07142857142857142,0.0,0.0
531,NEEVRIEAIIGLSYR,inactive - virtual,inactive - virtual,0,Inactive,virtual,1,15,0.06666666666666667,0.0,0.0,0.2,0.0,0.06666666666666667,0.0,0.2,0.0,0.06666666666666667,0.0,0.06666666666666667,0.0,0.0,0.13333333333333333,0.06666666666666667,0.0,0.06666666666666667,0.0,0.06666666666666667
532,NEQDLGIQYKALKPEVDKLNIMAAKRQQEL,inactive - virtual,inactive - virtual,0,Inactive,virtual,1,30,0.1,0.0,0.06666666666666667,0.1,0.0,0.03333333333333333,0.0,0.06666666666666667,0.13333333333333333,0.13333333333333333,0.03333333333333333,0.06666666666666667,0.03333333333333333,0.13333333333333333,0.03333333333333333,0.0,0.0,0.03333333333333333,0.0,0.03333333333333333
533,NEYIMSLISDN,inactive - virtual,inactive - virtual,0,Inactive,virtual,1,11,0.0,0.0,0.09090909090909091,0.09090909090909091,0.0,0.0,0.0,0.18181818181818182,0.0,0.09090909090909091,0.09090909090909091,0.18181818181818182,0.0,0.0,0.0,0.18181818181818182,0.0,0.0,0.0,0.09090909090909091
534,NFKDVIETAKKVMNF,inactive - virtual,inactive - virtual,0,Inactive,virtual,1,15,0.06666666666666667,0.0,0.06666666666666667,0.06666666666666667,0.13333333333333333,0.0,0.0,0.06666666666666667,0.2,0.0,0.06666666666666667,0.13333333333333333,0.0,0.0,0.0,0.0,0.06666666666666667,0.13333333333333333,0.0,0.0
535,NGETFLTELLD,inactive - virtual,inactive - virtual,0,Inactive,virtual,1,11,0.0,0.0,0.09090909090909091,0.18181818181818182,0.09090909090909091,0.09090909090909091,0.0,0.0,0.0,0.2727272727272727,0.0,0.09090909090909091,0.0,0.0,0.0,0.0,0.18181818181818182,0.0,0.0,0.0
536,NGLEVVKALAQG,inactive - virtual,inactive - virtual,0,Inactive,virtual,1,12,0.16666666666666666,0.0,0.0,0.08333333333333333,0.0,0.16666666666666666,0.0,0.0,0.08333333333333333,0.16666666666666666,0.0,0.08333333333333333,0.0,0.08333333333333333,0.0,0.0,0.0,0.16666666666666666,0.0,0.0
537,NIDEIERKIDEAIEKE,inactive - virtual,inactive - virtual,0,Inactive,virtual,1,16,0.0625,0.0,0.125,0.3125,0.0,0.0,0.0,0.25,0.125,0.0,0.0,0.0625,0.0,0.0,0.0625,0.0,0.0,0.0,0.0,0.0
538,NIDSYLNAVNIINIFKIIG,inactive - virtual,inactive - virtual,0,Inactive,virtual,1,19,0.05263157894736842,0.0,0.05263157894736842,0.0,0.05263157894736842,0.05263157894736842,0.0,0.3157894736842105,0.05263157894736842,0.05263157894736842,0.0,0.21052631578947367,0.0,0.0,0.0,0.05263157894736842,0.0,0.05263157894736842,0.0,0.05263157894736842
539,NIEQLWRDYNKYEEGIN,inactive - virtual,inactive - virtual,0,Inactive,virtual,1,17,0.0,0.0,0.058823529411764705,0.17647058823529413,0.0,0.058823529411764705,0.0,0.11764705882352941,0.058823529411764705,0.058823529411764705,0.0,0.17647058823529413,0.0,0.058823529411764705,0.058823529411764705,0.0,0.0,0.0,0.058823529411764705,0.11764705882352941
540,NILKQIFKLLQA,inactive - virtual,inactive - virtual,0,Inactive,virtual,1,12,0.08333333333333333,0.0,0.0,0.0,0.08333333333333333,0.0,0.0,0.16666666666666666,0.16666666666666666,0.25,0.0,0.08333333333333333,0.0,0.16666666666666666,0.0,0.0,0.0,0.0,0.0,0.0
541,NINELFIEISRRI,inactive - virtual,inactive - virtual,0,Inactive,virtual,1,13,0.0,0.0,0.0,0.15384615384615385,0.07692307692307693,0.0,0.0,0.3076923076923077,0.0,0.07692307692307693,0.0,0.15384615384615385,0.0,0.0,0.15384615384615385,0.07692307692307693,0.0,0.0,0.0,0.0
542,NIPKHTHRFFILVLEI,inactive - virtual,inactive - virtual,0,Inactive,virtual,1,16,0.0,0.0,0.0,0.0625,0.125,0.0,0.125,0.1875,0.0625,0.125,0.0,0.0625,0.0625,0.0,0.0625,0.0,0.0625,0.0625,0.0,0.0
543,NKDQWEERIQVWHEEH,inactive - virtual,inactive - virtual,0,Inactive,virtual,1,16,0.0,0.0,0.0625,0.25,0.0,0.0,0.125,0.0625,0.0625,0.0,0.0,0.0625,0.0,0.125,0.0625,0.0,0.0,0.0625,0.125,0.0
544,NKEEMMDIVKAIYDMMG,inactive - virtual,inactive - virtual,0,Inactive,virtual,1,17,0.058823529411764705,0.0,0.11764705882352941,0.11764705882352941,0.0,0.058823529411764705,0.0,0.11764705882352941,0.11764705882352941,0.0,0.23529411764705882,0.058823529411764705,0.0,0.0,0.0,0.0,0.0,0.058823529411764705,0.0,0.058823529411764705
545,NKLVDRWLHVRKHLLVAYYNLVG,inactive - virtual,inactive - virtual,0,Inactive,virtual,1,23,0.043478260869565216,0.0,0.043478260869565216,0.0,0.0,0.043478260869565216,0.08695652173913043,0.0,0.08695652173913043,0.21739130434782608,0.0,0.08695652173913043,0.0,0.0,0.08695652173913043,0.0,0.0,0.17391304347826086,0.043478260869565216,0.08695652173913043
546,NKQADSIKQMEERNKKRVENFKKTG,inactive - virtual,inactive - virtual,0,Inactive,virtual,1,25,0.04,0.0,0.04,0.12,0.04,0.04,0.0,0.04,0.24,0.0,0.04,0.12,0.0,0.08,0.08,0.04,0.04,0.04,0.0,0.0
547,NKRAVDWAMRAAMAL,inactive - virtual,inactive - virtual,0,Inactive,virtual,1,15,0.3333333333333333,0.0,0.06666666666666667,0.0,0.0,0.0,0.0,0.0,0.06666666666666667,0.06666666666666667,0.13333333333333333,0.06666666666666667,0.0,0.0,0.13333333333333333,0.0,0.0,0.06666666666666667,0.06666666666666667,0.0
548,NKSVGAVYAILYLS,inactive - virtual,inactive - virtual,0,Inactive,virtual,1,14,0.14285714285714285,0.0,0.0,0.0,0.0,0.07142857142857142,0.0,0.07142857142857142,0.07142857142857142,0.14285714285714285,0.0,0.07142857142857142,0.0,0.0,0.0,0.14285714285714285,0.0,0.14285714285714285,0.0,0.14285714285714285
549,NLDSIQEELADVIAWTVSIANLEG,inactive - virtual,inactive - virtual,0,Inactive,virtual,1,24,0.125,0.0,0.08333333333333333,0.125,0.0,0.041666666666666664,0.0,0.125,0.0,0.125,0.0,0.08333333333333333,0.0,0.041666666666666664,0.0,0.08333333333333333,0.041666666666666664,0.08333333333333333,0.041666666666666664,0.0
550,NLEQTARRWLEERG,inactive - virtual,inactive - virtual,0,Inactive,virtual,1,14,0.07142857142857142,0.0,0.0,0.21428571428571427,0.0,0.07142857142857142,0.0,0.0,0.0,0.14285714285714285,0.0,0.07142857142857142,0.0,0.07142857142857142,0.21428571428571427,0.0,0.07142857142857142,0.0,0.07142857142857142,0.0
551,NLESEIHTVLKHLVENN,inactive - virtual,inactive - virtual,0,Inactive,virtual,1,17,0.0,0.0,0.0,0.17647058823529413,0.0,0.0,0.11764705882352941,0.058823529411764705,0.058823529411764705,0.17647058823529413,0.0,0.17647058823529413,0.0,0.0,0.0,0.058823529411764705,0.058823529411764705,0.11764705882352941,0.0,0.0
552,NLFDHFSAVAQRL,inactive - virtual,inactive - virtual,0,Inactive,virtual,1,13,0.15384615384615385,0.0,0.07692307692307693,0.0,0.15384615384615385,0.0,0.07692307692307693,0.0,0.0,0.15384615384615385,0.0,0.07692307692307693,0.0,0.07692307692307693,0.07692307692307693,0.07692307692307693,0.0,0.07692307692307693,0.0,0.0
553,NLFPIVFGVIFDA,inactive - virtual,inactive - virtual,0,Inactive,virtual,1,13,0.07692307692307693,0.0,0.07692307692307693,0.0,0.23076923076923078,0.07692307692307693,0.0,0.15384615384615385,0.0,0.07692307692307693,0.0,0.07692307692307693,0.07692307692307693,0.0,0.0,0.0,0.0,0.15384615384615385,0.0,0.0
554,NLLYDIVKENG,inactive - virtual,inactive - virtual,0,Inactive,virtual,1,11,0.0,0.0,0.09090909090909091,0.09090909090909091,0.0,0.09090909090909091,0.0,0.09090909090909091,0.09090909090909091,0.18181818181818182,0.0,0.18181818181818182,0.0,0.0,0.0,0.0,0.0,0.09090909090909091,0.0,0.09090909090909091
555,NLNQSIDNFVNMAFFA,inactive - virtual,inactive - virtual,0,Inactive,virtual,1,16,0.125,0.0,0.0625,0.0,0.1875,0.0,0.0,0.0625,0.0,0.0625,0.0625,0.25,0.0,0.0625,0.0,0.0625,0.0,0.0625,0.0,0.0
556,NLSTLAALVAAAG,inactive - virtual,inactive - virtual,0,Inactive,virtual,1,13,0.38461538461538464,0.0,0.0,0.0,0.0,0.07692307692307693,0.0,0.0,0.0,0.23076923076923078,0.0,0.07692307692307693,0.0,0.0,0.0,0.07692307692307693,0.07692307692307693,0.07692307692307693,0.0,0.0
557,NLTQLKASFAVQ,inactive - virtual,inactive - virtual,0,Inactive,virtual,1,12,0.16666666666666666,0.0,0.0,0.0,0.08333333333333333,0.0,0.0,0.0,0.08333333333333333,0.16666666666666666,0.0,0.08333333333333333,0.0,0.16666666666666666,0.0,0.08333333333333333,0.08333333333333333,0.08333333333333333,0.0,0.0
558,NLVADMRFNVVRESEARLQVSRLYS,inactive - virtual,inactive - virtual,0,Inactive,virtual,1,25,0.08,0.0,0.04,0.08,0.04,0.0,0.0,0.0,0.0,0.12,0.04,0.08,0.0,0.04,0.16,0.12,0.0,0.16,0.0,0.04
559,NNAITKGFTALEKLLV,inactive - virtual,inactive - virtual,0,Inactive,virtual,1,16,0.125,0.0,0.0,0.0625,0.0625,0.0625,0.0,0.0625,0.125,0.1875,0.0,0.125,0.0,0.0,0.0,0.0,0.125,0.0625,0.0,0.0
560,NPAAEKMQVLQVLDRLRGKLQEKG,inactive - virtual,inactive - virtual,0,Inactive,virtual,1,24,0.08333333333333333,0.0,0.041666666666666664,0.08333333333333333,0.0,0.08333333333333333,0.0,0.0,0.125,0.16666666666666666,0.041666666666666664,0.041666666666666664,0.041666666666666664,0.125,0.08333333333333333,0.0,0.0,0.08333333333333333,0.0,0.0
561,NPAQYLAQHEQLL,inactive - virtual,inactive - virtual,0,Inactive,virtual,1,13,0.15384615384615385,0.0,0.0,0.07692307692307693,0.0,0.0,0.07692307692307693,0.0,0.0,0.23076923076923078,0.0,0.07692307692307693,0.07692307692307693,0.23076923076923078,0.0,0.0,0.0,0.0,0.0,0.07692307692307693
562,NPARALYQTVRELIENSLDA,inactive - virtual,inactive - virtual,0,Inactive,virtual,1,20,0.15,0.0,0.05,0.1,0.0,0.0,0.0,0.05,0.0,0.15,0.0,0.1,0.05,0.05,0.1,0.05,0.05,0.05,0.0,0.05
563,NPEILLARVKRFLERE,inactive - virtual,inactive - virtual,0,Inactive,virtual,1,16,0.0625,0.0,0.0,0.1875,0.0625,0.0,0.0,0.0625,0.0625,0.1875,0.0,0.0625,0.0625,0.0,0.1875,0.0,0.0,0.0625,0.0,0.0
564,NPERVLLQLKYRYDVEI,inactive - virtual,inactive - virtual,0,Inactive,virtual,1,17,0.0,0.0,0.058823529411764705,0.11764705882352941,0.0,0.0,0.0,0.058823529411764705,0.058823529411764705,0.17647058823529413,0.0,0.058823529411764705,0.058823529411764705,0.058823529411764705,0.11764705882352941,0.0,0.0,0.11764705882352941,0.0,0.11764705882352941
565,NPGQAIWLGEFSKRH,inactive - virtual,inactive - virtual,0,Inactive,virtual,1,15,0.06666666666666667,0.0,0.0,0.06666666666666667,0.06666666666666667,0.13333333333333333,0.06666666666666667,0.06666666666666667,0.06666666666666667,0.06666666666666667,0.0,0.06666666666666667,0.06666666666666667,0.06666666666666667,0.06666666666666667,0.06666666666666667,0.0,0.0,0.06666666666666667,0.0
566,NPMIIEGQIHGGLTEGYAVAMG,inactive - virtual,inactive - virtual,0,Inactive,virtual,1,22,0.09090909090909091,0.0,0.0,0.09090909090909091,0.0,0.22727272727272727,0.045454545454545456,0.13636363636363635,0.0,0.045454545454545456,0.09090909090909091,0.045454545454545456,0.045454545454545456,0.045454545454545456,0.0,0.0,0.045454545454545456,0.045454545454545456,0.0,0.045454545454545456
567,NPQVLADIGAEAT,inactive - virtual,inactive - virtual,0,Inactive,virtual,1,13,0.23076923076923078,0.0,0.07692307692307693,0.07692307692307693,0.0,0.07692307692307693,0.0,0.07692307692307693,0.0,0.07692307692307693,0.0,0.07692307692307693,0.07692307692307693,0.07692307692307693,0.0,0.0,0.07692307692307693,0.07692307692307693,0.0,0.0
568,NPRWIGRHKHMFNFLD,inactive - virtual,inactive - virtual,0,Inactive,virtual,1,16,0.0,0.0,0.0625,0.0,0.125,0.0625,0.125,0.0625,0.0625,0.0625,0.0625,0.125,0.0625,0.0,0.125,0.0,0.0,0.0,0.0625,0.0
569,NPVLQQHFRNLEALAL,inactive - virtual,inactive - virtual,0,Inactive,virtual,1,16,0.125,0.0,0.0,0.0625,0.0625,0.0,0.0625,0.0,0.0,0.25,0.0,0.125,0.0625,0.125,0.0625,0.0,0.0,0.0625,0.0,0.0
570,NQDELEGYNLFKGSG,inactive - virtual,inactive - virtual,0,Inactive,virtual,1,15,0.0,0.0,0.06666666666666667,0.13333333333333333,0.06666666666666667,0.2,0.0,0.0,0.06666666666666667,0.13333333333333333,0.0,0.13333333333333333,0.0,0.06666666666666667,0.0,0.06666666666666667,0.0,0.0,0.0,0.06666666666666667
571,NQPFALEMIKSRQKKD,inactive - virtual,inactive - virtual,0,Inactive,virtual,1,16,0.0625,0.0,0.0625,0.0625,0.0625,0.0,0.0,0.0625,0.1875,0.0625,0.0625,0.0625,0.0625,0.125,0.0625,0.0625,0.0,0.0,0.0,0.0
572,NQRALLKSLQDYRQHLDQLITLISN,inactive - virtual,inactive - virtual,0,Inactive,virtual,1,25,0.04,0.0,0.08,0.0,0.0,0.0,0.04,0.08,0.04,0.24,0.0,0.08,0.0,0.16,0.08,0.08,0.04,0.0,0.0,0.04
573,NREANLQALIATG,inactive - virtual,inactive - virtual,0,Inactive,virtual,1,13,0.23076923076923078,0.0,0.0,0.07692307692307693,0.0,0.07692307692307693,0.0,0.07692307692307693,0.0,0.15384615384615385,0.0,0.15384615384615385,0.0,0.07692307692307693,0.07692307692307693,0.0,0.07692307692307693,0.0,0.0,0.0
574,NRKMAMGRKKFNMD,inactive - virtual,inactive - virtual,0,Inactive,virtual,1,14,0.07142857142857142,0.0,0.07142857142857142,0.0,0.07142857142857142,0.07142857142857142,0.0,0.0,0.21428571428571427,0.0,0.21428571428571427,0.14285714285714285,0.0,0.0,0.14285714285714285,0.0,0.0,0.0,0.0,0.0
575,NSDQDAGIAIIRRAL,inactive - virtual,inactive - virtual,0,Inactive,virtual,1,15,0.2,0.0,0.13333333333333333,0.0,0.0,0.06666666666666667,0.0,0.2,0.0,0.06666666666666667,0.0,0.06666666666666667,0.0,0.06666666666666667,0.13333333333333333,0.06666666666666667,0.0,0.0,0.0,0.0
576,NSNHQMLLVQQAEDKIKELLNT,inactive - virtual,inactive - virtual,0,Inactive,virtual,1,22,0.045454545454545456,0.0,0.045454545454545456,0.09090909090909091,0.0,0.0,0.045454545454545456,0.045454545454545456,0.09090909090909091,0.18181818181818182,0.045454545454545456,0.13636363636363635,0.0,0.13636363636363635,0.0,0.045454545454545456,0.045454545454545456,0.045454545454545456,0.0,0.0
577,NSNTFLTRLLVHM,inactive - virtual,inactive - virtual,0,Inactive,virtual,1,13,0.0,0.0,0.0,0.0,0.07692307692307693,0.0,0.07692307692307693,0.0,0.0,0.23076923076923078,0.07692307692307693,0.15384615384615385,0.0,0.0,0.07692307692307693,0.07692307692307693,0.15384615384615385,0.07692307692307693,0.0,0.0
578,NSREREMFVQEVRRYY,inactive - virtual,inactive - virtual,0,Inactive,virtual,1,16,0.0,0.0,0.0,0.1875,0.0625,0.0,0.0,0.0,0.0,0.0,0.0625,0.0625,0.0,0.0625,0.25,0.0625,0.0,0.125,0.0,0.125
579,NSSDSIDWLTSM,inactive - virtual,inactive - virtual,0,Inactive,virtual,1,12,0.0,0.0,0.16666666666666666,0.0,0.0,0.0,0.0,0.08333333333333333,0.0,0.08333333333333333,0.08333333333333333,0.08333333333333333,0.0,0.0,0.0,0.3333333333333333,0.08333333333333333,0.0,0.08333333333333333,0.0
580,NSVLRAVAEVYA,inactive - virtual,inactive - virtual,0,Inactive,virtual,1,12,0.25,0.0,0.0,0.08333333333333333,0.0,0.0,0.0,0.0,0.0,0.08333333333333333,0.0,0.08333333333333333,0.0,0.0,0.08333333333333333,0.08333333333333333,0.0,0.25,0.0,0.08333333333333333
581,NTDTLERVTEIFKALG,inactive - virtual,inactive - virtual,0,Inactive,virtual,1,16,0.0625,0.0,0.0625,0.125,0.0625,0.0625,0.0,0.0625,0.0625,0.125,0.0,0.0625,0.0,0.0,0.0625,0.0,0.1875,0.0625,0.0,0.0
582,NTEKLLKTVPIIQNQMDALLD,inactive - virtual,inactive - virtual,0,Inactive,virtual,1,21,0.047619047619047616,0.0,0.09523809523809523,0.047619047619047616,0.0,0.0,0.0,0.09523809523809523,0.09523809523809523,0.19047619047619047,0.047619047619047616,0.09523809523809523,0.047619047619047616,0.09523809523809523,0.0,0.0,0.09523809523809523,0.047619047619047616,0.0,0.0
583,NTPEAYSVLFDMAREVNRLKAED,inactive - virtual,inactive - virtual,0,Inactive,virtual,1,23,0.13043478260869565,0.0,0.08695652173913043,0.13043478260869565,0.043478260869565216,0.0,0.0,0.0,0.043478260869565216,0.08695652173913043,0.043478260869565216,0.08695652173913043,0.043478260869565216,0.0,0.08695652173913043,0.043478260869565216,0.043478260869565216,0.08695652173913043,0.0,0.043478260869565216
584,NVGKAWAEDVLALVKH,inactive - virtual,inactive - virtual,0,Inactive,virtual,1,16,0.1875,0.0,0.0625,0.0625,0.0,0.0625,0.0625,0.0,0.125,0.125,0.0,0.0625,0.0,0.0,0.0,0.0,0.0,0.1875,0.0625,0.0
585,NVKDLADAAKRT,inactive - virtual,inactive - virtual,0,Inactive,virtual,1,12,0.25,0.0,0.16666666666666666,0.0,0.0,0.0,0.0,0.0,0.16666666666666666,0.08333333333333333,0.0,0.08333333333333333,0.0,0.0,0.08333333333333333,0.0,0.08333333333333333,0.08333333333333333,0.0,0.0
586,NVKDVTKLVAN,inactive - virtual,inactive - virtual,0,Inactive,virtual,1,11,0.09090909090909091,0.0,0.09090909090909091,0.0,0.0,0.0,0.0,0.0,0.18181818181818182,0.09090909090909091,0.0,0.18181818181818182,0.0,0.0,0.0,0.0,0.09090909090909091,0.2727272727272727,0.0,0.0
587,NWDDMEKIWHHTFYN,inactive - virtual,inactive - virtual,0,Inactive,virtual,1,15,0.0,0.0,0.13333333333333333,0.06666666666666667,0.06666666666666667,0.0,0.13333333333333333,0.06666666666666667,0.06666666666666667,0.0,0.06666666666666667,0.13333333333333333,0.0,0.0,0.0,0.0,0.06666666666666667,0.0,0.13333333333333333,0.06666666666666667
588,NYAHLNRGIALYYG,inactive - virtual,inactive - virtual,0,Inactive,virtual,1,14,0.14285714285714285,0.0,0.0,0.0,0.0,0.14285714285714285,0.07142857142857142,0.07142857142857142,0.0,0.14285714285714285,0.0,0.14285714285714285,0.0,0.0,0.07142857142857142,0.0,0.0,0.0,0.0,0.21428571428571427
589,NYEEIYILNHILR,inactive - virtual,inactive - virtual,0,Inactive,virtual,1,13,0.0,0.0,0.0,0.15384615384615385,0.0,0.0,0.07692307692307693,0.23076923076923078,0.0,0.15384615384615385,0.0,0.15384615384615385,0.0,0.0,0.07692307692307693,0.0,0.0,0.0,0.0,0.15384615384615385
590,NYEKFSETKERLLEKF,inactive - virtual,inactive - virtual,0,Inactive,virtual,1,16,0.0,0.0,0.0,0.25,0.125,0.0,0.0,0.0,0.1875,0.125,0.0,0.0625,0.0,0.0,0.0625,0.0625,0.0625,0.0,0.0,0.0625
591,PAERYYRDARIT,inactive - virtual,inactive - virtual,0,Inactive,virtual,1,12,0.16666666666666666,0.0,0.08333333333333333,0.08333333333333333,0.0,0.0,0.0,0.08333333333333333,0.0,0.0,0.0,0.0,0.08333333333333333,0.0,0.25,0.0,0.08333333333333333,0.0,0.0,0.16666666666666666
592,PALDILKALVDNLYVEN,inactive - virtual,inactive - virtual,0,Inactive,virtual,1,17,0.11764705882352941,0.0,0.11764705882352941,0.058823529411764705,0.0,0.0,0.0,0.058823529411764705,0.058823529411764705,0.23529411764705882,0.0,0.11764705882352941,0.058823529411764705,0.0,0.0,0.0,0.0,0.11764705882352941,0.0,0.058823529411764705
593,PATSRKIFKYIRELDE,inactive - virtual,inactive - virtual,0,Inactive,virtual,1,16,0.0625,0.0,0.0625,0.125,0.0625,0.0,0.0,0.125,0.125,0.0625,0.0,0.0,0.0625,0.0,0.125,0.0625,0.0625,0.0,0.0,0.0625
594,PDEVSALRRTTEKNTTTLINLAKQH,inactive - virtual,inactive - virtual,0,Inactive,virtual,1,25,0.08,0.0,0.04,0.08,0.0,0.0,0.04,0.04,0.08,0.12,0.0,0.08,0.04,0.04,0.08,0.04,0.2,0.04,0.0,0.0
595,PDFRKAFKRLL,inactive - virtual,inactive - virtual,0,Inactive,virtual,1,11,0.09090909090909091,0.0,0.09090909090909091,0.0,0.18181818181818182,0.0,0.0,0.0,0.18181818181818182,0.18181818181818182,0.0,0.0,0.09090909090909091,0.0,0.18181818181818182,0.0,0.0,0.0,0.0,0.0
596,PDIKAQYQQRWL,inactive - virtual,inactive - virtual,0,Inactive,virtual,1,12,0.08333333333333333,0.0,0.08333333333333333,0.0,0.0,0.0,0.0,0.08333333333333333,0.08333333333333333,0.08333333333333333,0.0,0.0,0.08333333333333333,0.25,0.08333333333333333,0.0,0.0,0.0,0.08333333333333333,0.08333333333333333
597,PDYREVMETFQE,inactive - virtual,inactive - virtual,0,Inactive,virtual,1,12,0.0,0.0,0.08333333333333333,0.25,0.08333333333333333,0.0,0.0,0.0,0.0,0.0,0.08333333333333333,0.0,0.08333333333333333,0.08333333333333333,0.08333333333333333,0.0,0.08333333333333333,0.08333333333333333,0.0,0.08333333333333333
598,PEALTVAATEVRRIRDRAIQSDAQVAPMTT,inactive - virtual,inactive - virtual,0,Inactive,virtual,1,30,0.2,0.0,0.06666666666666667,0.06666666666666667,0.0,0.0,0.0,0.06666666666666667,0.0,0.03333333333333333,0.03333333333333333,0.0,0.06666666666666667,0.06666666666666667,0.13333333333333333,0.03333333333333333,0.13333333333333333,0.1,0.0,0.0
599,PEDFANHLFTVFD,inactive - virtual,inactive - virtual,0,Inactive,virtual,1,13,0.07692307692307693,0.0,0.15384615384615385,0.07692307692307693,0.23076923076923078,0.0,0.07692307692307693,0.0,0.0,0.07692307692307693,0.0,0.07692307692307693,0.07692307692307693,0.0,0.0,0.0,0.07692307692307693,0.07692307692307693,0.0,0.0
600,PEKEAVTLGIKALKSSL,inactive - virtual,inactive - virtual,0,Inactive,virtual,1,17,0.11764705882352941,0.0,0.0,0.11764705882352941,0.0,0.058823529411764705,0.0,0.058823529411764705,0.17647058823529413,0.17647058823529413,0.0,0.0,0.058823529411764705,0.0,0.0,0.11764705882352941,0.058823529411764705,0.058823529411764705,0.0,0.0
601,PEVQIAILTEQINNLNEHLRV,inactive - virtual,inactive - virtual,0,Inactive,virtual,1,21,0.047619047619047616,0.0,0.0,0.14285714285714285,0.0,0.0,0.047619047619047616,0.14285714285714285,0.0,0.14285714285714285,0.0,0.14285714285714285,0.047619047619047616,0.09523809523809523,0.047619047619047616,0.0,0.047619047619047616,0.09523809523809523,0.0,0.0
602,PEYEHLYTELTGTIVLLIES,inactive - virtual,inactive - virtual,0,Inactive,virtual,1,20,0.0,0.0,0.0,0.2,0.0,0.05,0.05,0.1,0.0,0.2,0.0,0.0,0.05,0.0,0.0,0.05,0.15,0.05,0.0,0.1
603,PGLRRAWKRLQ,inactive - virtual,inactive - virtual,0,Inactive,virtual,1,11,0.09090909090909091,0.0,0.0,0.0,0.0,0.09090909090909091,0.0,0.0,0.09090909090909091,0.18181818181818182,0.0,0.0,0.09090909090909091,0.09090909090909091,0.2727272727272727,0.0,0.0,0.0,0.09090909090909091,0.0
604,PGRIQRVARGS,inactive - virtual,inactive - virtual,0,Inactive,virtual,1,11,0.09090909090909091,0.0,0.0,0.0,0.0,0.18181818181818182,0.0,0.09090909090909091,0.0,0.0,0.0,0.0,0.09090909090909091,0.09090909090909091,0.2727272727272727,0.09090909090909091,0.0,0.09090909090909091,0.0,0.0
605,PIAFIHKAI,inactive - virtual,inactive - virtual,0,Inactive,virtual,1,9,0.2222222222222222,0.0,0.0,0.0,0.1111111111111111,0.0,0.1111111111111111,0.3333333333333333,0.1111111111111111,0.0,0.0,0.0,0.1111111111111111,0.0,0.0,0.0,0.0,0.0,0.0,0.0
606,PIDIDYMISDTLELLR,inactive - virtual,inactive - virtual,0,Inactive,virtual,1,16,0.0,0.0,0.1875,0.0625,0.0,0.0,0.0,0.1875,0.0,0.1875,0.0625,0.0,0.0625,0.0,0.0625,0.0625,0.0625,0.0,0.0,0.0625
607,PIEAFLRLNEELEERG,inactive - virtual,inactive - virtual,0,Inactive,virtual,1,16,0.0625,0.0,0.0,0.3125,0.0625,0.0625,0.0,0.0625,0.0,0.1875,0.0,0.0625,0.0625,0.0,0.125,0.0,0.0,0.0,0.0,0.0
608,PIKFIRKA,inactive - virtual,inactive - virtual,0,Inactive,virtual,1,8,0.125,0.0,0.0,0.0,0.125,0.0,0.0,0.25,0.25,0.0,0.0,0.0,0.125,0.0,0.125,0.0,0.0,0.0,0.0,0.0
609,PKAYAQHVFRS,inactive - virtual,inactive - virtual,0,Inactive,virtual,1,11,0.18181818181818182,0.0,0.0,0.0,0.09090909090909091,0.0,0.09090909090909091,0.0,0.09090909090909091,0.0,0.0,0.0,0.09090909090909091,0.09090909090909091,0.09090909090909091,0.09090909090909091,0.0,0.09090909090909091,0.0,0.09090909090909091
610,PKPLVSFFQSLLQLVNHDLLEQQN,inactive - virtual,inactive - virtual,0,Inactive,virtual,1,24,0.0,0.0,0.041666666666666664,0.041666666666666664,0.08333333333333333,0.0,0.041666666666666664,0.0,0.041666666666666664,0.25,0.0,0.08333333333333333,0.08333333333333333,0.16666666666666666,0.0,0.08333333333333333,0.0,0.08333333333333333,0.0,0.0
611,PLEELFLEQLEA,inactive - virtual,inactive - virtual,0,Inactive,virtual,1,12,0.08333333333333333,0.0,0.0,0.3333333333333333,0.08333333333333333,0.0,0.0,0.0,0.0,0.3333333333333333,0.0,0.0,0.08333333333333333,0.08333333333333333,0.0,0.0,0.0,0.0,0.0,0.0
612,PLGRLIHMVNQKKDRLLNEYLS,inactive - virtual,inactive - virtual,0,Inactive,virtual,1,22,0.0,0.0,0.045454545454545456,0.045454545454545456,0.0,0.045454545454545456,0.045454545454545456,0.045454545454545456,0.09090909090909091,0.22727272727272727,0.045454545454545456,0.09090909090909091,0.045454545454545456,0.045454545454545456,0.09090909090909091,0.045454545454545456,0.0,0.045454545454545456,0.0,0.045454545454545456
613,PLTKGILGFVFTLT,inactive - virtual,inactive - virtual,0,Inactive,virtual,1,14,0.0,0.0,0.0,0.0,0.14285714285714285,0.14285714285714285,0.0,0.07142857142857142,0.07142857142857142,0.21428571428571427,0.0,0.0,0.07142857142857142,0.0,0.0,0.0,0.21428571428571427,0.07142857142857142,0.0,0.0
614,PNDMSRIFNIVKESL,inactive - virtual,inactive - virtual,0,Inactive,virtual,1,15,0.0,0.0,0.06666666666666667,0.06666666666666667,0.06666666666666667,0.0,0.0,0.13333333333333333,0.06666666666666667,0.06666666666666667,0.06666666666666667,0.13333333333333333,0.06666666666666667,0.0,0.06666666666666667,0.13333333333333333,0.0,0.06666666666666667,0.0,0.0
615,PNGPTHAPWLLAHKIQ,inactive - virtual,inactive - virtual,0,Inactive,virtual,1,16,0.125,0.0,0.0,0.0,0.0,0.0625,0.125,0.0625,0.0625,0.125,0.0,0.0625,0.1875,0.0625,0.0,0.0,0.0625,0.0,0.0625,0.0
616,PQHERDVIYEEES,inactive - virtual,inactive - virtual,0,Inactive,virtual,1,13,0.0,0.0,0.07692307692307693,0.3076923076923077,0.0,0.0,0.07692307692307693,0.07692307692307693,0.0,0.0,0.0,0.0,0.07692307692307693,0.07692307692307693,0.07692307692307693,0.07692307692307693,0.0,0.07692307692307693,0.0,0.07692307692307693
617,PQSYAMAIARQESA,inactive - virtual,inactive - virtual,0,Inactive,virtual,1,14,0.2857142857142857,0.0,0.0,0.07142857142857142,0.0,0.0,0.0,0.07142857142857142,0.0,0.0,0.07142857142857142,0.0,0.07142857142857142,0.14285714285714285,0.07142857142857142,0.14285714285714285,0.0,0.0,0.0,0.07142857142857142
618,PQYALELLTVYAWEQGS,inactive - virtual,inactive - virtual,0,Inactive,virtual,1,17,0.11764705882352941,0.0,0.0,0.11764705882352941,0.0,0.058823529411764705,0.0,0.0,0.0,0.17647058823529413,0.0,0.0,0.058823529411764705,0.11764705882352941,0.0,0.058823529411764705,0.058823529411764705,0.058823529411764705,0.058823529411764705,0.11764705882352941
619,PQYSQARVMLVKTISMISIVDDTFDA,inactive - virtual,inactive - virtual,0,Inactive,virtual,1,26,0.07692307692307693,0.0,0.11538461538461539,0.0,0.038461538461538464,0.0,0.0,0.11538461538461539,0.038461538461538464,0.038461538461538464,0.07692307692307693,0.0,0.038461538461538464,0.07692307692307693,0.038461538461538464,0.11538461538461539,0.07692307692307693,0.11538461538461539,0.0,0.038461538461538464
620,PRESFAVLASALALMAAVFERLAVEIRELS,inactive - virtual,inactive - virtual,0,Inactive,virtual,1,30,0.23333333333333334,0.0,0.0,0.13333333333333333,0.06666666666666667,0.0,0.0,0.03333333333333333,0.0,0.16666666666666666,0.03333333333333333,0.0,0.03333333333333333,0.0,0.1,0.1,0.0,0.1,0.0,0.0
621,PRRQQSLALRWLVQAANQ,inactive - virtual,inactive - virtual,0,Inactive,virtual,1,18,0.16666666666666666,0.0,0.0,0.0,0.0,0.0,0.0,0.0,0.0,0.16666666666666666,0.0,0.05555555555555555,0.05555555555555555,0.2222222222222222,0.16666666666666666,0.05555555555555555,0.0,0.05555555555555555,0.05555555555555555,0.0
622,PSALIDQEINVLRQQAAQRF,inactive - virtual,inactive - virtual,0,Inactive,virtual,1,20,0.15,0.0,0.05,0.05,0.05,0.0,0.0,0.1,0.0,0.1,0.0,0.05,0.05,0.2,0.1,0.05,0.0,0.05,0.0,0.0
623,PSDQQNEMVRE,inactive - virtual,inactive - virtual,0,Inactive,virtual,1,11,0.0,0.0,0.09090909090909091,0.18181818181818182,0.0,0.0,0.0,0.0,0.0,0.0,0.09090909090909091,0.09090909090909091,0.09090909090909091,0.18181818181818182,0.09090909090909091,0.09090909090909091,0.0,0.09090909090909091,0.0,0.0
624,PSFFRLHKYMDNIFKKHTD,inactive - virtual,inactive - virtual,0,Inactive,virtual,1,19,0.0,0.0,0.10526315789473684,0.0,0.15789473684210525,0.0,0.10526315789473684,0.05263157894736842,0.15789473684210525,0.05263157894736842,0.05263157894736842,0.05263157894736842,0.05263157894736842,0.0,0.05263157894736842,0.05263157894736842,0.05263157894736842,0.0,0.0,0.05263157894736842
625,PSSQIVGTQAVFNVMMG,inactive - virtual,inactive - virtual,0,Inactive,virtual,1,17,0.058823529411764705,0.0,0.0,0.0,0.058823529411764705,0.11764705882352941,0.0,0.058823529411764705,0.0,0.0,0.11764705882352941,0.058823529411764705,0.058823529411764705,0.11764705882352941,0.0,0.11764705882352941,0.058823529411764705,0.17647058823529413,0.0,0.0
626,PSVVANTVKGG,inactive - virtual,inactive - virtual,0,Inactive,virtual,1,11,0.09090909090909091,0.0,0.0,0.0,0.0,0.18181818181818182,0.0,0.0,0.09090909090909091,0.0,0.0,0.09090909090909091,0.09090909090909091,0.0,0.0,0.09090909090909091,0.09090909090909091,0.2727272727272727,0.0,0.0
627,PTKEREQVIAHLGL,inactive - virtual,inactive - virtual,0,Inactive,virtual,1,14,0.07142857142857142,0.0,0.0,0.14285714285714285,0.0,0.07142857142857142,0.07142857142857142,0.07142857142857142,0.07142857142857142,0.14285714285714285,0.0,0.0,0.07142857142857142,0.07142857142857142,0.07142857142857142,0.0,0.07142857142857142,0.07142857142857142,0.0,0.0
628,PTLLDLFAEDIGHANQLLQLVDEEFQALER,inactive - virtual,inactive - virtual,0,Inactive,virtual,1,30,0.1,0.0,0.1,0.13333333333333333,0.06666666666666667,0.03333333333333333,0.03333333333333333,0.03333333333333333,0.0,0.23333333333333334,0.0,0.03333333333333333,0.03333333333333333,0.1,0.03333333333333333,0.0,0.03333333333333333,0.03333333333333333,0.0,0.0
629,PVSDTMDMLTKL,inactive - virtual,inactive - virtual,0,Inactive,virtual,1,12,0.0,0.0,0.16666666666666666,0.0,0.0,0.0,0.0,0.0,0.08333333333333333,0.16666666666666666,0.16666666666666666,0.0,0.08333333333333333,0.0,0.0,0.08333333333333333,0.16666666666666666,0.08333333333333333,0.0,0.0
630,PWTQRFFESFG,inactive - virtual,inactive - virtual,0,Inactive,virtual,1,11,0.0,0.0,0.0,0.09090909090909091,0.2727272727272727,0.09090909090909091,0.0,0.0,0.0,0.0,0.0,0.0,0.09090909090909091,0.09090909090909091,0.09090909090909091,0.09090909090909091,0.09090909090909091,0.0,0.09090909090909091,0.0
631,QAGNYASMFWLT,inactive - virtual,inactive - virtual,0,Inactive,virtual,1,12,0.16666666666666666,0.0,0.0,0.0,0.08333333333333333,0.08333333333333333,0.0,0.0,0.0,0.08333333333333333,0.08333333333333333,0.08333333333333333,0.0,0.08333333333333333,0.0,0.08333333333333333,0.08333333333333333,0.0,0.08333333333333333,0.08333333333333333
632,QAKEVLKQHFEKS,inactive - virtual,inactive - virtual,0,Inactive,virtual,1,13,0.07692307692307693,0.0,0.0,0.15384615384615385,0.07692307692307693,0.0,0.07692307692307693,0.0,0.23076923076923078,0.07692307692307693,0.0,0.0,0.0,0.15384615384615385,0.0,0.07692307692307693,0.0,0.07692307692307693,0.0,0.0
633,QARVWVARAVSEHQRFTA,inactive - virtual,inactive - virtual,0,Inactive,virtual,1,18,0.2222222222222222,0.0,0.0,0.05555555555555555,0.05555555555555555,0.0,0.05555555555555555,0.0,0.0,0.0,0.0,0.0,0.0,0.1111111111111111,0.16666666666666666,0.05555555555555555,0.05555555555555555,0.16666666666666666,0.05555555555555555,0.0
634,QASTGSLLNILR,inactive - virtual,inactive - virtual,0,Inactive,virtual,1,12,0.08333333333333333,0.0,0.0,0.0,0.0,0.08333333333333333,0.0,0.08333333333333333,0.0,0.25,0.0,0.08333333333333333,0.0,0.08333333333333333,0.08333333333333333,0.16666666666666666,0.08333333333333333,0.0,0.0,0.0
635,QDDVLEALSAAVR,inactive - virtual,inactive - virtual,0,Inactive,virtual,1,13,0.23076923076923078,0.0,0.15384615384615385,0.07692307692307693,0.0,0.0,0.0,0.0,0.0,0.15384615384615385,0.0,0.0,0.0,0.07692307692307693,0.07692307692307693,0.07692307692307693,0.0,0.15384615384615385,0.0,0.0
636,QDELVWGAYWLYKAT,inactive - virtual,inactive - virtual,0,Inactive,virtual,1,15,0.13333333333333333,0.0,0.06666666666666667,0.06666666666666667,0.0,0.06666666666666667,0.0,0.0,0.06666666666666667,0.13333333333333333,0.0,0.0,0.0,0.06666666666666667,0.0,0.0,0.06666666666666667,0.06666666666666667,0.13333333333333333,0.13333333333333333
637,QDLLDRVLAAHAYWSQ,inactive - virtual,inactive - virtual,0,Inactive,virtual,1,16,0.1875,0.0,0.125,0.0,0.0,0.0,0.0625,0.0,0.0,0.1875,0.0,0.0,0.0,0.125,0.0625,0.0625,0.0,0.0625,0.0625,0.0625
638,QEWVELMVEAKE,inactive - virtual,inactive - virtual,0,Inactive,virtual,1,12,0.08333333333333333,0.0,0.0,0.3333333333333333,0.0,0.0,0.0,0.0,0.08333333333333333,0.08333333333333333,0.08333333333333333,0.0,0.0,0.08333333333333333,0.0,0.0,0.0,0.16666666666666666,0.08333333333333333,0.0
639,QFRRGANFKFELGEILEND,inactive - virtual,inactive - virtual,0,Inactive,virtual,1,19,0.05263157894736842,0.0,0.05263157894736842,0.15789473684210525,0.15789473684210525,0.10526315789473684,0.0,0.05263157894736842,0.05263157894736842,0.10526315789473684,0.0,0.10526315789473684,0.0,0.05263157894736842,0.10526315789473684,0.0,0.0,0.0,0.0,0.0
640,QFSRQMLDRKLLLG,inactive - virtual,inactive - virtual,0,Inactive,virtual,1,14,0.0,0.0,0.07142857142857142,0.0,0.07142857142857142,0.07142857142857142,0.0,0.0,0.07142857142857142,0.2857142857142857,0.07142857142857142,0.0,0.0,0.14285714285714285,0.14285714285714285,0.07142857142857142,0.0,0.0,0.0,0.0
641,QGLAEKIFWSLK,inactive - virtual,inactive - virtual,0,Inactive,virtual,1,12,0.08333333333333333,0.0,0.0,0.08333333333333333,0.08333333333333333,0.08333333333333333,0.0,0.08333333333333333,0.16666666666666666,0.16666666666666666,0.0,0.0,0.0,0.08333333333333333,0.0,0.08333333333333333,0.0,0.0,0.08333333333333333,0.0
642,QHLAKLEMKIFFEEL,inactive - virtual,inactive - virtual,0,Inactive,virtual,1,15,0.06666666666666667,0.0,0.0,0.2,0.13333333333333333,0.0,0.06666666666666667,0.06666666666666667,0.13333333333333333,0.2,0.06666666666666667,0.0,0.0,0.06666666666666667,0.0,0.0,0.0,0.0,0.0,0.0
643,QIKQTNAGAVYRLIDQLG,inactive - virtual,inactive - virtual,0,Inactive,virtual,1,18,0.1111111111111111,0.0,0.05555555555555555,0.0,0.0,0.1111111111111111,0.0,0.1111111111111111,0.05555555555555555,0.1111111111111111,0.0,0.05555555555555555,0.0,0.16666666666666666,0.05555555555555555,0.0,0.05555555555555555,0.05555555555555555,0.0,0.05555555555555555
644,QINEMHLLIQQAR,inactive - virtual,inactive - virtual,0,Inactive,virtual,1,13,0.07692307692307693,0.0,0.0,0.07692307692307693,0.0,0.0,0.07692307692307693,0.15384615384615385,0.0,0.15384615384615385,0.07692307692307693,0.07692307692307693,0.0,0.23076923076923078,0.07692307692307693,0.0,0.0,0.0,0.0,0.0
645,QIPRIAREKIRGLTEYF,inactive - virtual,inactive - virtual,0,Inactive,virtual,1,17,0.058823529411764705,0.0,0.0,0.11764705882352941,0.058823529411764705,0.058823529411764705,0.0,0.17647058823529413,0.058823529411764705,0.058823529411764705,0.0,0.0,0.058823529411764705,0.058823529411764705,0.17647058823529413,0.0,0.058823529411764705,0.0,0.0,0.058823529411764705
646,QLEESMLYSLN,inactive - virtual,inactive - virtual,0,Inactive,virtual,1,11,0.0,0.0,0.0,0.18181818181818182,0.0,0.0,0.0,0.0,0.0,0.2727272727272727,0.09090909090909091,0.09090909090909091,0.0,0.09090909090909091,0.0,0.18181818181818182,0.0,0.0,0.0,0.09090909090909091
647,QLLRGVGAAATAVTQALNELLQHVKA,inactive - virtual,inactive - virtual,0,Inactive,virtual,1,26,0.23076923076923078,0.0,0.0,0.038461538461538464,0.0,0.07692307692307693,0.038461538461538464,0.0,0.038461538461538464,0.19230769230769232,0.0,0.038461538461538464,0.0,0.11538461538461539,0.038461538461538464,0.0,0.07692307692307693,0.11538461538461539,0.0,0.0
648,QLVDRLDQSWQYYQDRLMA,inactive - virtual,inactive - virtual,0,Inactive,virtual,1,19,0.05263157894736842,0.0,0.15789473684210525,0.0,0.0,0.0,0.0,0.0,0.0,0.15789473684210525,0.05263157894736842,0.0,0.0,0.21052631578947367,0.10526315789473684,0.05263157894736842,0.0,0.05263157894736842,0.05263157894736842,0.10526315789473684
649,QLVSFLIRLLKVWIRVVI,inactive - virtual,inactive - virtual,0,Inactive,virtual,1,18,0.0,0.0,0.0,0.0,0.05555555555555555,0.0,0.0,0.16666666666666666,0.05555555555555555,0.2222222222222222,0.0,0.0,0.0,0.05555555555555555,0.1111111111111111,0.05555555555555555,0.0,0.2222222222222222,0.05555555555555555,0.0
650,QMSFWGATVITGLFG,inactive - virtual,inactive - virtual,0,Inactive,virtual,1,15,0.06666666666666667,0.0,0.0,0.0,0.13333333333333333,0.2,0.0,0.06666666666666667,0.0,0.06666666666666667,0.06666666666666667,0.0,0.0,0.06666666666666667,0.0,0.06666666666666667,0.13333333333333333,0.06666666666666667,0.06666666666666667,0.0
651,QPNAILEKVFTA,inactive - virtual,inactive - virtual,0,Inactive,virtual,1,12,0.16666666666666666,0.0,0.0,0.08333333333333333,0.08333333333333333,0.0,0.0,0.08333333333333333,0.08333333333333333,0.08333333333333333,0.0,0.08333333333333333,0.08333333333333333,0.08333333333333333,0.0,0.0,0.08333333333333333,0.08333333333333333,0.0,0.0
652,QRAFLKLYMITMTE,inactive - virtual,inactive - virtual,0,Inactive,virtual,1,14,0.07142857142857142,0.0,0.0,0.07142857142857142,0.07142857142857142,0.0,0.0,0.07142857142857142,0.07142857142857142,0.14285714285714285,0.14285714285714285,0.0,0.0,0.07142857142857142,0.07142857142857142,0.0,0.14285714285714285,0.0,0.0,0.07142857142857142
653,QTREHLLLARQI,inactive - virtual,inactive - virtual,0,Inactive,virtual,1,12,0.08333333333333333,0.0,0.0,0.08333333333333333,0.0,0.0,0.08333333333333333,0.08333333333333333,0.0,0.25,0.0,0.0,0.0,0.16666666666666666,0.16666666666666666,0.0,0.08333333333333333,0.0,0.0,0.0
654,QVIAKWGAWVKRIEAKFRSL,inactive - virtual,inactive - virtual,0,Inactive,virtual,1,20,0.15,0.0,0.0,0.05,0.05,0.05,0.0,0.1,0.15,0.05,0.0,0.0,0.0,0.05,0.1,0.05,0.0,0.1,0.1,0.0
655,QVIEVLNKQVADWSVLFTKLHNFHWYV,inactive - virtual,inactive - virtual,0,Inactive,virtual,1,27,0.037037037037037035,0.0,0.037037037037037035,0.037037037037037035,0.07407407407407407,0.0,0.07407407407407407,0.037037037037037035,0.07407407407407407,0.1111111111111111,0.0,0.07407407407407407,0.0,0.07407407407407407,0.0,0.037037037037037035,0.037037037037037035,0.18518518518518517,0.07407407407407407,0.037037037037037035
656,QVTQELRALMDETMKELKAYKSELEE,inactive - virtual,inactive - virtual,0,Inactive,virtual,1,26,0.07692307692307693,0.0,0.038461538461538464,0.23076923076923078,0.0,0.0,0.0,0.0,0.11538461538461539,0.15384615384615385,0.07692307692307693,0.0,0.0,0.07692307692307693,0.038461538461538464,0.038461538461538464,0.07692307692307693,0.038461538461538464,0.0,0.038461538461538464
657,RAAAIEQLKIWGERVG,inactive - virtual,inactive - virtual,0,Inactive,virtual,1,16,0.1875,0.0,0.0,0.125,0.0,0.125,0.0,0.125,0.0625,0.0625,0.0,0.0,0.0,0.0625,0.125,0.0,0.0,0.0625,0.0625,0.0
658,RDIPELAQLQSEILDAIW,inactive - virtual,inactive - virtual,0,Inactive,virtual,1,18,0.1111111111111111,0.0,0.1111111111111111,0.1111111111111111,0.0,0.0,0.0,0.16666666666666666,0.0,0.16666666666666666,0.0,0.0,0.05555555555555555,0.1111111111111111,0.05555555555555555,0.05555555555555555,0.0,0.0,0.05555555555555555,0.0
659,REEEKEALRFAEAQ,inactive - virtual,inactive - virtual,0,Inactive,virtual,1,14,0.21428571428571427,0.0,0.0,0.35714285714285715,0.07142857142857142,0.0,0.0,0.0,0.07142857142857142,0.07142857142857142,0.0,0.0,0.0,0.07142857142857142,0.14285714285714285,0.0,0.0,0.0,0.0,0.0
660,REEIYQAFEAIYPVLSEF,inactive - virtual,inactive - virtual,0,Inactive,virtual,1,18,0.1111111111111111,0.0,0.0,0.2222222222222222,0.1111111111111111,0.0,0.0,0.1111111111111111,0.0,0.05555555555555555,0.0,0.0,0.05555555555555555,0.05555555555555555,0.05555555555555555,0.05555555555555555,0.0,0.05555555555555555,0.0,0.1111111111111111
661,REGFLSPLKAYLI,inactive - virtual,inactive - virtual,0,Inactive,virtual,1,13,0.07692307692307693,0.0,0.0,0.07692307692307693,0.07692307692307693,0.07692307692307693,0.0,0.07692307692307693,0.07692307692307693,0.23076923076923078,0.0,0.0,0.07692307692307693,0.0,0.07692307692307693,0.07692307692307693,0.0,0.0,0.0,0.07692307692307693
662,RFESAVETLLDIESQLEDL,inactive - virtual,inactive - virtual,0,Inactive,virtual,1,19,0.05263157894736842,0.0,0.10526315789473684,0.21052631578947367,0.05263157894736842,0.0,0.0,0.05263157894736842,0.0,0.21052631578947367,0.0,0.0,0.0,0.05263157894736842,0.05263157894736842,0.10526315789473684,0.05263157894736842,0.05263157894736842,0.0,0.0
663,RFLIRVYHPLLLKVL,inactive - virtual,inactive - virtual,0,Inactive,virtual,1,15,0.0,0.0,0.0,0.0,0.06666666666666667,0.0,0.06666666666666667,0.06666666666666667,0.06666666666666667,0.3333333333333333,0.0,0.0,0.06666666666666667,0.0,0.13333333333333333,0.0,0.0,0.13333333333333333,0.0,0.06666666666666667
664,RFLKRVQPLVNRWLLLI,inactive - virtual,inactive - virtual,0,Inactive,virtual,1,17,0.0,0.0,0.0,0.0,0.058823529411764705,0.0,0.0,0.058823529411764705,0.058823529411764705,0.29411764705882354,0.0,0.058823529411764705,0.058823529411764705,0.058823529411764705,0.17647058823529413,0.0,0.0,0.11764705882352941,0.058823529411764705,0.0
665,RFSGKVREDLTKIVWVFFW,inactive - virtual,inactive - virtual,0,Inactive,virtual,1,19,0.0,0.0,0.05263157894736842,0.05263157894736842,0.15789473684210525,0.05263157894736842,0.0,0.05263157894736842,0.10526315789473684,0.05263157894736842,0.0,0.0,0.0,0.0,0.10526315789473684,0.05263157894736842,0.05263157894736842,0.15789473684210525,0.10526315789473684,0.0
666,RFVPRWRTVVGQFKRDILVIFLW,inactive - virtual,inactive - virtual,0,Inactive,virtual,1,23,0.0,0.0,0.043478260869565216,0.0,0.13043478260869565,0.043478260869565216,0.0,0.08695652173913043,0.043478260869565216,0.08695652173913043,0.0,0.0,0.043478260869565216,0.043478260869565216,0.17391304347826086,0.0,0.043478260869565216,0.17391304347826086,0.08695652173913043,0.0
667,RGEQMKGHAATIEDQVRRMIA,inactive - virtual,inactive - virtual,0,Inactive,virtual,1,21,0.14285714285714285,0.0,0.047619047619047616,0.09523809523809523,0.0,0.09523809523809523,0.047619047619047616,0.09523809523809523,0.047619047619047616,0.0,0.09523809523809523,0.0,0.0,0.09523809523809523,0.14285714285714285,0.0,0.047619047619047616,0.047619047619047616,0.0,0.0
668,RGFRGWWLASTILLLVAEK,inactive - virtual,inactive - virtual,0,Inactive,virtual,1,19,0.10526315789473684,0.0,0.0,0.05263157894736842,0.05263157894736842,0.10526315789473684,0.0,0.05263157894736842,0.05263157894736842,0.21052631578947367,0.0,0.0,0.0,0.0,0.10526315789473684,0.05263157894736842,0.05263157894736842,0.05263157894736842,0.10526315789473684,0.0
669,RGQLIREAYED,inactive - virtual,inactive - virtual,0,Inactive,virtual,1,11,0.09090909090909091,0.0,0.09090909090909091,0.18181818181818182,0.0,0.09090909090909091,0.0,0.09090909090909091,0.0,0.09090909090909091,0.0,0.0,0.0,0.09090909090909091,0.18181818181818182,0.0,0.0,0.0,0.0,0.09090909090909091
670,RHSDNINKFLDFIHGI,inactive - virtual,inactive - virtual,0,Inactive,virtual,1,16,0.0,0.0,0.125,0.0,0.125,0.0625,0.125,0.1875,0.0625,0.0625,0.0,0.125,0.0,0.0,0.0625,0.0625,0.0,0.0,0.0,0.0
671,RIENGLRKRLQSIYRHLEE,inactive - virtual,inactive - virtual,0,Inactive,virtual,1,19,0.0,0.0,0.0,0.15789473684210525,0.0,0.05263157894736842,0.05263157894736842,0.10526315789473684,0.05263157894736842,0.15789473684210525,0.0,0.05263157894736842,0.0,0.05263157894736842,0.21052631578947367,0.05263157894736842,0.0,0.0,0.0,0.05263157894736842
672,RILKNFDSWWGKVIVIL,inactive - virtual,inactive - virtual,0,Inactive,virtual,1,17,0.0,0.0,0.058823529411764705,0.0,0.058823529411764705,0.058823529411764705,0.0,0.17647058823529413,0.11764705882352941,0.11764705882352941,0.0,0.058823529411764705,0.0,0.0,0.058823529411764705,0.058823529411764705,0.0,0.11764705882352941,0.11764705882352941,0.0
673,RILQWIIRLLLIVWW,inactive - virtual,inactive - virtual,0,Inactive,virtual,1,15,0.0,0.0,0.0,0.0,0.0,0.0,0.0,0.26666666666666666,0.0,0.26666666666666666,0.0,0.0,0.0,0.06666666666666667,0.13333333333333333,0.0,0.0,0.06666666666666667,0.2,0.0
674,RIWARLQGVFRVVFWL,inactive - virtual,inactive - virtual,0,Inactive,virtual,1,16,0.0625,0.0,0.0,0.0,0.125,0.0625,0.0,0.0625,0.0,0.125,0.0,0.0,0.0,0.0625,0.1875,0.0,0.0,0.1875,0.125,0.0
675,RKQSLEQDLQFYYG,inactive - virtual,inactive - virtual,0,Inactive,virtual,1,14,0.0,0.0,0.07142857142857142,0.07142857142857142,0.07142857142857142,0.07142857142857142,0.0,0.0,0.07142857142857142,0.14285714285714285,0.0,0.0,0.0,0.21428571428571427,0.07142857142857142,0.07142857142857142,0.0,0.0,0.0,0.14285714285714285
676,RLDEAEASARSGIEVL,inactive - virtual,inactive - virtual,0,Inactive,virtual,1,16,0.1875,0.0,0.0625,0.1875,0.0,0.0625,0.0,0.0625,0.0,0.125,0.0,0.0,0.0,0.0,0.125,0.125,0.0,0.0625,0.0,0.0
677,RLFEQASRLAEHY,inactive - virtual,inactive - virtual,0,Inactive,virtual,1,13,0.15384615384615385,0.0,0.0,0.15384615384615385,0.07692307692307693,0.0,0.07692307692307693,0.0,0.0,0.15384615384615385,0.0,0.0,0.0,0.07692307692307693,0.15384615384615385,0.07692307692307693,0.0,0.0,0.0,0.07692307692307693
678,RLKSGWRDALKQIVFFFFL,inactive - virtual,inactive - virtual,0,Inactive,virtual,1,19,0.05263157894736842,0.0,0.05263157894736842,0.0,0.21052631578947367,0.05263157894736842,0.0,0.05263157894736842,0.10526315789473684,0.15789473684210525,0.0,0.0,0.0,0.05263157894736842,0.10526315789473684,0.05263157894736842,0.0,0.05263157894736842,0.05263157894736842,0.0
679,RLLGKWSAILKNVRFFFFWL,inactive - virtual,inactive - virtual,0,Inactive,virtual,1,20,0.05,0.0,0.0,0.0,0.2,0.05,0.0,0.05,0.1,0.2,0.0,0.05,0.0,0.0,0.1,0.05,0.0,0.05,0.1,0.0
680,RLVVLEALTNFLNH,inactive - virtual,inactive - virtual,0,Inactive,virtual,1,14,0.07142857142857142,0.0,0.0,0.07142857142857142,0.07142857142857142,0.0,0.07142857142857142,0.0,0.0,0.2857142857142857,0.0,0.14285714285714285,0.0,0.0,0.07142857142857142,0.0,0.07142857142857142,0.14285714285714285,0.0,0.0
681,RLWTQWQAIVQEIRFLWLLL,inactive - virtual,inactive - virtual,0,Inactive,virtual,1,20,0.05,0.0,0.0,0.05,0.05,0.0,0.0,0.1,0.0,0.25,0.0,0.0,0.0,0.15,0.1,0.0,0.05,0.05,0.15,0.0
682,RMDEVRTLQENLRQLQDEYDQQQT,inactive - virtual,inactive - virtual,0,Inactive,virtual,1,24,0.0,0.0,0.125,0.125,0.0,0.0,0.0,0.0,0.0,0.125,0.041666666666666664,0.041666666666666664,0.0,0.25,0.125,0.0,0.08333333333333333,0.041666666666666664,0.0,0.041666666666666664
683,RNEVVSLMQANG,inactive - virtual,inactive - virtual,0,Inactive,virtual,1,12,0.08333333333333333,0.0,0.0,0.08333333333333333,0.0,0.08333333333333333,0.0,0.0,0.0,0.08333333333333333,0.08333333333333333,0.16666666666666666,0.0,0.08333333333333333,0.08333333333333333,0.08333333333333333,0.0,0.16666666666666666,0.0,0.0
684,RPEDKSKIVAEIR,inactive - virtual,inactive - virtual,0,Inactive,virtual,1,13,0.07692307692307693,0.0,0.07692307692307693,0.15384615384615385,0.0,0.0,0.0,0.15384615384615385,0.15384615384615385,0.0,0.0,0.0,0.07692307692307693,0.0,0.15384615384615385,0.07692307692307693,0.0,0.07692307692307693,0.0,0.0
685,RPEVQDALSAE,inactive - virtual,inactive - virtual,0,Inactive,virtual,1,11,0.18181818181818182,0.0,0.09090909090909091,0.18181818181818182,0.0,0.0,0.0,0.0,0.0,0.09090909090909091,0.0,0.0,0.09090909090909091,0.09090909090909091,0.09090909090909091,0.09090909090909091,0.0,0.09090909090909091,0.0,0.0
686,RPQLRNLLHEK,inactive - virtual,inactive - virtual,0,Inactive,virtual,1,11,0.0,0.0,0.0,0.09090909090909091,0.0,0.0,0.09090909090909091,0.0,0.09090909090909091,0.2727272727272727,0.0,0.09090909090909091,0.09090909090909091,0.09090909090909091,0.18181818181818182,0.0,0.0,0.0,0.0,0.0
687,RPRIIAAIWHYVKAR,inactive - virtual,inactive - virtual,0,Inactive,virtual,1,15,0.2,0.0,0.0,0.0,0.0,0.0,0.06666666666666667,0.2,0.06666666666666667,0.0,0.0,0.0,0.06666666666666667,0.0,0.2,0.0,0.0,0.06666666666666667,0.06666666666666667,0.06666666666666667
688,RRQELEEFSAALARR,inactive - virtual,inactive - virtual,0,Inactive,virtual,1,15,0.2,0.0,0.0,0.2,0.06666666666666667,0.0,0.0,0.0,0.0,0.13333333333333333,0.0,0.0,0.0,0.06666666666666667,0.26666666666666666,0.06666666666666667,0.0,0.0,0.0,0.0
689,RVIEGIKNVIPKLLTWWP,inactive - virtual,inactive - virtual,0,Inactive,virtual,1,18,0.0,0.0,0.0,0.05555555555555555,0.0,0.05555555555555555,0.0,0.16666666666666666,0.1111111111111111,0.1111111111111111,0.0,0.05555555555555555,0.1111111111111111,0.0,0.05555555555555555,0.0,0.05555555555555555,0.1111111111111111,0.1111111111111111,0.0
690,RVNAAIPNIIV,inactive - virtual,inactive - virtual,0,Inactive,virtual,1,11,0.18181818181818182,0.0,0.0,0.0,0.0,0.0,0.0,0.2727272727272727,0.0,0.0,0.0,0.18181818181818182,0.09090909090909091,0.0,0.09090909090909091,0.0,0.0,0.18181818181818182,0.0,0.0
691,RVWRWIVKWWLFV,inactive - virtual,inactive - virtual,0,Inactive,virtual,1,13,0.0,0.0,0.0,0.0,0.07692307692307693,0.0,0.0,0.07692307692307693,0.07692307692307693,0.07692307692307693,0.0,0.0,0.0,0.0,0.15384615384615385,0.0,0.0,0.23076923076923078,0.3076923076923077,0.0
692,RYGWRTAVDYSWFG,inactive - virtual,inactive - virtual,0,Inactive,virtual,1,14,0.07142857142857142,0.0,0.07142857142857142,0.0,0.07142857142857142,0.14285714285714285,0.0,0.0,0.0,0.0,0.0,0.0,0.0,0.0,0.14285714285714285,0.07142857142857142,0.07142857142857142,0.07142857142857142,0.14285714285714285,0.14285714285714285
693,SAATADFVAMTAMAARIF,inactive - virtual,inactive - virtual,0,Inactive,virtual,1,18,0.3888888888888889,0.0,0.05555555555555555,0.0,0.1111111111111111,0.0,0.0,0.05555555555555555,0.0,0.0,0.1111111111111111,0.0,0.0,0.0,0.05555555555555555,0.05555555555555555,0.1111111111111111,0.05555555555555555,0.0,0.0
694,SAAWAEWQKAR,inactive - virtual,inactive - virtual,0,Inactive,virtual,1,11,0.36363636363636365,0.0,0.0,0.09090909090909091,0.0,0.0,0.0,0.0,0.09090909090909091,0.0,0.0,0.0,0.0,0.09090909090909091,0.09090909090909091,0.09090909090909091,0.0,0.0,0.18181818181818182,0.0
695,SAEEMVQTLVNDYSALIQELKEGMEVAGEA,inactive - virtual,inactive - virtual,0,Inactive,virtual,1,30,0.13333333333333333,0.0,0.03333333333333333,0.2,0.0,0.06666666666666667,0.0,0.03333333333333333,0.03333333333333333,0.1,0.06666666666666667,0.03333333333333333,0.0,0.06666666666666667,0.0,0.06666666666666667,0.03333333333333333,0.1,0.0,0.03333333333333333
696,SANNIIEEIQMQK,inactive - virtual,inactive - virtual,0,Inactive,virtual,1,13,0.07692307692307693,0.0,0.0,0.15384615384615385,0.0,0.0,0.0,0.23076923076923078,0.07692307692307693,0.0,0.07692307692307693,0.15384615384615385,0.0,0.15384615384615385,0.0,0.07692307692307693,0.0,0.0,0.0,0.0
697,SASSQNAWLAANRN,inactive - virtual,inactive - virtual,0,Inactive,virtual,1,14,0.2857142857142857,0.0,0.0,0.0,0.0,0.0,0.0,0.0,0.0,0.07142857142857142,0.0,0.21428571428571427,0.0,0.07142857142857142,0.07142857142857142,0.21428571428571427,0.0,0.0,0.07142857142857142,0.0
698,SAVKVLAEESK,inactive - virtual,inactive - virtual,0,Inactive,virtual,1,11,0.18181818181818182,0.0,0.0,0.18181818181818182,0.0,0.0,0.0,0.0,0.18181818181818182,0.09090909090909091,0.0,0.0,0.0,0.0,0.0,0.18181818181818182,0.0,0.18181818181818182,0.0,0.0
699,SDEFNTVADNLVTFGDSFLQVILDHI,inactive - virtual,inactive - virtual,0,Inactive,virtual,1,26,0.038461538461538464,0.0,0.15384615384615385,0.038461538461538464,0.11538461538461539,0.038461538461538464,0.038461538461538464,0.07692307692307693,0.0,0.11538461538461539,0.0,0.07692307692307693,0.0,0.038461538461538464,0.0,0.07692307692307693,0.07692307692307693,0.11538461538461539,0.0,0.0
700,SDELSRAWEVAYDELAAAIK,inactive - virtual,inactive - virtual,0,Inactive,virtual,1,20,0.25,0.0,0.1,0.15,0.0,0.0,0.0,0.05,0.05,0.1,0.0,0.0,0.0,0.0,0.05,0.1,0.0,0.05,0.05,0.05
701,SDIFNKNMRAHALEK,inactive - virtual,inactive - virtual,0,Inactive,virtual,1,15,0.13333333333333333,0.0,0.06666666666666667,0.06666666666666667,0.06666666666666667,0.0,0.06666666666666667,0.06666666666666667,0.13333333333333333,0.06666666666666667,0.06666666666666667,0.13333333333333333,0.0,0.0,0.06666666666666667,0.06666666666666667,0.0,0.0,0.0,0.0
702,SDIKKLGSSWIINWFFG,inactive - virtual,inactive - virtual,0,Inactive,virtual,1,17,0.0,0.0,0.058823529411764705,0.0,0.11764705882352941,0.11764705882352941,0.0,0.17647058823529413,0.11764705882352941,0.058823529411764705,0.0,0.058823529411764705,0.0,0.0,0.0,0.17647058823529413,0.0,0.0,0.11764705882352941,0.0
703,SDSEISTILSDVVTNER,inactive - virtual,inactive - virtual,0,Inactive,virtual,1,17,0.0,0.0,0.11764705882352941,0.11764705882352941,0.0,0.0,0.0,0.11764705882352941,0.0,0.058823529411764705,0.0,0.058823529411764705,0.0,0.0,0.058823529411764705,0.23529411764705882,0.11764705882352941,0.11764705882352941,0.0,0.0
704,SDWYLKGRLTSLESQFINALGILET,inactive - virtual,inactive - virtual,0,Inactive,virtual,1,25,0.04,0.0,0.04,0.08,0.04,0.08,0.0,0.08,0.04,0.2,0.0,0.04,0.0,0.04,0.04,0.12,0.08,0.0,0.04,0.04
705,SEAAKAYMKGLEYQMSGNEQWSKT,inactive - virtual,inactive - virtual,0,Inactive,virtual,1,24,0.125,0.0,0.0,0.125,0.0,0.08333333333333333,0.0,0.0,0.125,0.041666666666666664,0.08333333333333333,0.041666666666666664,0.0,0.08333333333333333,0.0,0.125,0.041666666666666664,0.0,0.041666666666666664,0.08333333333333333
706,SEEEENNVIEQAKEEIKEAIKKADET,inactive - virtual,inactive - virtual,0,Inactive,virtual,1,26,0.11538461538461539,0.0,0.038461538461538464,0.34615384615384615,0.0,0.0,0.0,0.11538461538461539,0.15384615384615385,0.0,0.0,0.07692307692307693,0.0,0.038461538461538464,0.0,0.038461538461538464,0.038461538461538464,0.038461538461538464,0.0,0.0
707,SEELNSAWTIAYDELAIVIKKEMDDA,inactive - virtual,inactive - virtual,0,Inactive,virtual,1,26,0.15384615384615385,0.0,0.11538461538461539,0.15384615384615385,0.0,0.0,0.0,0.11538461538461539,0.07692307692307693,0.07692307692307693,0.038461538461538464,0.038461538461538464,0.0,0.0,0.0,0.07692307692307693,0.038461538461538464,0.038461538461538464,0.038461538461538464,0.038461538461538464
708,SEERIRSGVKRLSKSRQ,inactive - virtual,inactive - virtual,0,Inactive,virtual,1,17,0.0,0.0,0.0,0.11764705882352941,0.0,0.058823529411764705,0.0,0.058823529411764705,0.11764705882352941,0.058823529411764705,0.0,0.0,0.0,0.058823529411764705,0.23529411764705882,0.23529411764705882,0.0,0.058823529411764705,0.0,0.0
709,SEEVLAMVSRKM,inactive - virtual,inactive - virtual,0,Inactive,virtual,1,12,0.08333333333333333,0.0,0.0,0.16666666666666666,0.0,0.0,0.0,0.0,0.08333333333333333,0.08333333333333333,0.16666666666666666,0.0,0.0,0.0,0.08333333333333333,0.16666666666666666,0.0,0.16666666666666666,0.0,0.0
710,SEEYIQLLKKLI,inactive - virtual,inactive - virtual,0,Inactive,virtual,1,12,0.0,0.0,0.0,0.16666666666666666,0.0,0.0,0.0,0.16666666666666666,0.16666666666666666,0.25,0.0,0.0,0.0,0.08333333333333333,0.0,0.08333333333333333,0.0,0.0,0.0,0.08333333333333333
711,SEREAVEIIKKN,inactive - virtual,inactive - virtual,0,Inactive,virtual,1,12,0.08333333333333333,0.0,0.0,0.25,0.0,0.0,0.0,0.16666666666666666,0.16666666666666666,0.0,0.0,0.08333333333333333,0.0,0.0,0.08333333333333333,0.08333333333333333,0.0,0.08333333333333333,0.0,0.0
712,SESAVSHQLRSLRNL,inactive - virtual,inactive - virtual,0,Inactive,virtual,1,15,0.06666666666666667,0.0,0.0,0.06666666666666667,0.0,0.0,0.06666666666666667,0.0,0.0,0.2,0.0,0.06666666666666667,0.0,0.06666666666666667,0.13333333333333333,0.26666666666666666,0.0,0.06666666666666667,0.0,0.0
713,SESKLIEQAFR,inactive - virtual,inactive - virtual,0,Inactive,virtual,1,11,0.09090909090909091,0.0,0.0,0.18181818181818182,0.09090909090909091,0.0,0.0,0.09090909090909091,0.09090909090909091,0.09090909090909091,0.0,0.0,0.0,0.09090909090909091,0.09090909090909091,0.18181818181818182,0.0,0.0,0.0,0.0
714,SFADFKAQFTDAAIKN,inactive - virtual,inactive - virtual,0,Inactive,virtual,1,16,0.25,0.0,0.125,0.0,0.1875,0.0,0.0,0.0625,0.125,0.0,0.0,0.0625,0.0,0.0625,0.0,0.0625,0.0625,0.0,0.0,0.0
715,SFDRVMNAIEEN,inactive - virtual,inactive - virtual,0,Inactive,virtual,1,12,0.08333333333333333,0.0,0.08333333333333333,0.16666666666666666,0.08333333333333333,0.0,0.0,0.08333333333333333,0.0,0.0,0.08333333333333333,0.16666666666666666,0.0,0.0,0.08333333333333333,0.08333333333333333,0.0,0.08333333333333333,0.0,0.0
716,SFSRIISELGTRD,inactive - virtual,inactive - virtual,0,Inactive,virtual,1,13,0.0,0.0,0.07692307692307693,0.07692307692307693,0.07692307692307693,0.07692307692307693,0.0,0.15384615384615385,0.0,0.07692307692307693,0.0,0.0,0.0,0.0,0.15384615384615385,0.23076923076923078,0.07692307692307693,0.0,0.0,0.0
717,SGARRVRIAQTLTEN,inactive - virtual,inactive - virtual,0,Inactive,virtual,1,15,0.13333333333333333,0.0,0.0,0.06666666666666667,0.0,0.06666666666666667,0.0,0.06666666666666667,0.0,0.06666666666666667,0.0,0.06666666666666667,0.0,0.06666666666666667,0.2,0.06666666666666667,0.13333333333333333,0.06666666666666667,0.0,0.0
718,SGDELYELLQHILKQRDHHHHH,inactive - virtual,inactive - virtual,0,Inactive,virtual,1,22,0.0,0.0,0.09090909090909091,0.09090909090909091,0.0,0.045454545454545456,0.2727272727272727,0.045454545454545456,0.045454545454545456,0.18181818181818182,0.0,0.0,0.0,0.09090909090909091,0.045454545454545456,0.045454545454545456,0.0,0.0,0.0,0.045454545454545456
719,SGPAYVFYLLDALQNAAIRQ,inactive - virtual,inactive - virtual,0,Inactive,virtual,1,20,0.2,0.0,0.05,0.0,0.05,0.05,0.0,0.05,0.0,0.15,0.0,0.05,0.05,0.1,0.05,0.05,0.0,0.05,0.0,0.1
720,SGRFWKLYIEAEIKA,inactive - virtual,inactive - virtual,0,Inactive,virtual,1,15,0.13333333333333333,0.0,0.0,0.13333333333333333,0.06666666666666667,0.06666666666666667,0.0,0.13333333333333333,0.13333333333333333,0.06666666666666667,0.0,0.0,0.0,0.0,0.06666666666666667,0.06666666666666667,0.0,0.0,0.06666666666666667,0.06666666666666667
721,SGTIKAAHEVLMEMG,inactive - virtual,inactive - virtual,0,Inactive,virtual,1,15,0.13333333333333333,0.0,0.0,0.13333333333333333,0.0,0.13333333333333333,0.06666666666666667,0.06666666666666667,0.06666666666666667,0.06666666666666667,0.13333333333333333,0.0,0.0,0.0,0.0,0.06666666666666667,0.06666666666666667,0.06666666666666667,0.0,0.0
722,SHAQDIYKEAFNSAWDQY,inactive - virtual,inactive - virtual,0,Inactive,virtual,1,18,0.16666666666666666,0.0,0.1111111111111111,0.05555555555555555,0.05555555555555555,0.0,0.05555555555555555,0.05555555555555555,0.05555555555555555,0.0,0.0,0.05555555555555555,0.0,0.1111111111111111,0.0,0.1111111111111111,0.0,0.0,0.05555555555555555,0.1111111111111111
723,SIDEKYEAEVKKSEIDHHK,inactive - virtual,inactive - virtual,0,Inactive,virtual,1,19,0.05263157894736842,0.0,0.10526315789473684,0.21052631578947367,0.0,0.0,0.10526315789473684,0.10526315789473684,0.21052631578947367,0.0,0.0,0.0,0.0,0.0,0.0,0.10526315789473684,0.0,0.05263157894736842,0.0,0.05263157894736842
724,SIERLLEMESL,inactive - virtual,inactive - virtual,0,Inactive,virtual,1,11,0.0,0.0,0.0,0.2727272727272727,0.0,0.0,0.0,0.09090909090909091,0.0,0.2727272727272727,0.09090909090909091,0.0,0.0,0.0,0.09090909090909091,0.18181818181818182,0.0,0.0,0.0,0.0
725,SIPHLANLLIERSQ,inactive - virtual,inactive - virtual,0,Inactive,virtual,1,14,0.07142857142857142,0.0,0.0,0.07142857142857142,0.0,0.0,0.07142857142857142,0.14285714285714285,0.0,0.21428571428571427,0.0,0.07142857142857142,0.07142857142857142,0.07142857142857142,0.07142857142857142,0.14285714285714285,0.0,0.0,0.0,0.0
726,SISRYKTIEWLNYIATEL,inactive - virtual,inactive - virtual,0,Inactive,virtual,1,18,0.05555555555555555,0.0,0.0,0.1111111111111111,0.0,0.0,0.0,0.16666666666666666,0.05555555555555555,0.1111111111111111,0.0,0.05555555555555555,0.0,0.0,0.05555555555555555,0.1111111111111111,0.1111111111111111,0.0,0.05555555555555555,0.1111111111111111
727,SKDALMLEAFEQLLGKRRELLGE,inactive - virtual,inactive - virtual,0,Inactive,virtual,1,23,0.08695652173913043,0.0,0.043478260869565216,0.17391304347826086,0.043478260869565216,0.08695652173913043,0.0,0.0,0.08695652173913043,0.2608695652173913,0.043478260869565216,0.0,0.0,0.043478260869565216,0.08695652173913043,0.043478260869565216,0.0,0.0,0.0,0.0
728,SKDLAQTSYFMATNSLHLT,inactive - virtual,inactive - virtual,0,Inactive,virtual,1,19,0.10526315789473684,0.0,0.05263157894736842,0.0,0.05263157894736842,0.0,0.05263157894736842,0.0,0.05263157894736842,0.15789473684210525,0.05263157894736842,0.05263157894736842,0.0,0.05263157894736842,0.0,0.15789473684210525,0.15789473684210525,0.0,0.0,0.05263157894736842
729,SKEDIDTAMKLGAG,inactive - virtual,inactive - virtual,0,Inactive,virtual,1,14,0.14285714285714285,0.0,0.14285714285714285,0.07142857142857142,0.0,0.14285714285714285,0.0,0.07142857142857142,0.14285714285714285,0.07142857142857142,0.07142857142857142,0.0,0.0,0.0,0.0,0.07142857142857142,0.07142857142857142,0.0,0.0,0.0
730,SKEDVERVKLRINLARNWVKKY,inactive - virtual,inactive - virtual,0,Inactive,virtual,1,22,0.045454545454545456,0.0,0.045454545454545456,0.09090909090909091,0.0,0.0,0.0,0.045454545454545456,0.18181818181818182,0.09090909090909091,0.0,0.09090909090909091,0.0,0.0,0.13636363636363635,0.045454545454545456,0.0,0.13636363636363635,0.045454545454545456,0.045454545454545456
731,SKEEQRDYVFYLAVGNYRL,inactive - virtual,inactive - virtual,0,Inactive,virtual,1,19,0.05263157894736842,0.0,0.05263157894736842,0.10526315789473684,0.05263157894736842,0.05263157894736842,0.0,0.0,0.05263157894736842,0.10526315789473684,0.0,0.05263157894736842,0.0,0.05263157894736842,0.10526315789473684,0.05263157894736842,0.0,0.10526315789473684,0.0,0.15789473684210525
732,SKIQKELVAIMN,inactive - virtual,inactive - virtual,0,Inactive,virtual,1,12,0.08333333333333333,0.0,0.0,0.08333333333333333,0.0,0.0,0.0,0.16666666666666666,0.16666666666666666,0.08333333333333333,0.08333333333333333,0.08333333333333333,0.0,0.08333333333333333,0.0,0.08333333333333333,0.0,0.08333333333333333,0.0,0.0
733,SKPIQNVESGFIFALVS,inactive - virtual,inactive - virtual,0,Inactive,virtual,1,17,0.058823529411764705,0.0,0.0,0.058823529411764705,0.11764705882352941,0.058823529411764705,0.0,0.11764705882352941,0.058823529411764705,0.058823529411764705,0.0,0.058823529411764705,0.058823529411764705,0.058823529411764705,0.0,0.17647058823529413,0.0,0.11764705882352941,0.0,0.0
734,SKYLKSLLSLM,inactive - virtual,inactive - virtual,0,Inactive,virtual,1,11,0.0,0.0,0.0,0.0,0.0,0.0,0.0,0.0,0.18181818181818182,0.36363636363636365,0.09090909090909091,0.0,0.0,0.0,0.0,0.2727272727272727,0.0,0.0,0.0,0.09090909090909091
735,SKYRLTVVVAKRAQQLLRH,inactive - virtual,inactive - virtual,0,Inactive,virtual,1,19,0.10526315789473684,0.0,0.0,0.0,0.0,0.0,0.05263157894736842,0.0,0.10526315789473684,0.15789473684210525,0.0,0.0,0.0,0.10526315789473684,0.15789473684210525,0.05263157894736842,0.05263157894736842,0.15789473684210525,0.0,0.05263157894736842
736,SLAEALGWLFVSEGS,inactive - virtual,inactive - virtual,0,Inactive,virtual,1,15,0.13333333333333333,0.0,0.0,0.13333333333333333,0.06666666666666667,0.13333333333333333,0.0,0.0,0.0,0.2,0.0,0.0,0.0,0.0,0.0,0.2,0.0,0.06666666666666667,0.06666666666666667,0.0
737,SLEQQFSIRSFATQVQNM,inactive - virtual,inactive - virtual,0,Inactive,virtual,1,18,0.05555555555555555,0.0,0.0,0.05555555555555555,0.1111111111111111,0.0,0.0,0.05555555555555555,0.0,0.05555555555555555,0.05555555555555555,0.05555555555555555,0.0,0.2222222222222222,0.05555555555555555,0.16666666666666666,0.05555555555555555,0.05555555555555555,0.0,0.0
738,SLESLIDMITSI,inactive - virtual,inactive - virtual,0,Inactive,virtual,1,12,0.0,0.0,0.08333333333333333,0.08333333333333333,0.0,0.0,0.0,0.25,0.0,0.16666666666666666,0.08333333333333333,0.0,0.0,0.0,0.0,0.25,0.08333333333333333,0.0,0.0,0.0
739,SLKDQLALAIGKLG,inactive - virtual,inactive - virtual,0,Inactive,virtual,1,14,0.14285714285714285,0.0,0.07142857142857142,0.0,0.0,0.14285714285714285,0.0,0.07142857142857142,0.14285714285714285,0.2857142857142857,0.0,0.0,0.0,0.07142857142857142,0.0,0.07142857142857142,0.0,0.0,0.0,0.0
740,SLLPTLSAIAEL,inactive - virtual,inactive - virtual,0,Inactive,virtual,1,12,0.16666666666666666,0.0,0.0,0.08333333333333333,0.0,0.0,0.0,0.08333333333333333,0.0,0.3333333333333333,0.0,0.0,0.08333333333333333,0.0,0.0,0.16666666666666666,0.08333333333333333,0.0,0.0,0.0
741,SLPEMFDKMRPYYEESKKRVKE,inactive - virtual,inactive - virtual,0,Inactive,virtual,1,22,0.0,0.0,0.045454545454545456,0.18181818181818182,0.045454545454545456,0.0,0.0,0.0,0.18181818181818182,0.045454545454545456,0.09090909090909091,0.0,0.09090909090909091,0.0,0.09090909090909091,0.09090909090909091,0.0,0.045454545454545456,0.0,0.09090909090909091
742,SMDHRIERLEYYIQLLVK,inactive - virtual,inactive - virtual,0,Inactive,virtual,1,18,0.0,0.0,0.05555555555555555,0.1111111111111111,0.0,0.0,0.05555555555555555,0.1111111111111111,0.05555555555555555,0.16666666666666666,0.05555555555555555,0.0,0.0,0.05555555555555555,0.1111111111111111,0.05555555555555555,0.0,0.05555555555555555,0.0,0.1111111111111111
743,SNEQRQDIAFAYQRRTK,inactive - virtual,inactive - virtual,0,Inactive,virtual,1,17,0.11764705882352941,0.0,0.058823529411764705,0.058823529411764705,0.058823529411764705,0.0,0.0,0.058823529411764705,0.058823529411764705,0.0,0.0,0.058823529411764705,0.0,0.17647058823529413,0.17647058823529413,0.058823529411764705,0.058823529411764705,0.0,0.0,0.058823529411764705
744,SNEVMRILISRSLLQE,inactive - virtual,inactive - virtual,0,Inactive,virtual,1,16,0.0,0.0,0.0,0.125,0.0,0.0,0.0,0.125,0.0,0.1875,0.0625,0.0625,0.0,0.0625,0.125,0.1875,0.0,0.0625,0.0,0.0
745,SNTELQAVDGRFKRAVASMEAARALTNN,inactive - virtual,inactive - virtual,0,Inactive,virtual,1,28,0.21428571428571427,0.0,0.03571428571428571,0.07142857142857142,0.03571428571428571,0.03571428571428571,0.0,0.0,0.03571428571428571,0.07142857142857142,0.03571428571428571,0.10714285714285714,0.0,0.03571428571428571,0.10714285714285714,0.07142857142857142,0.07142857142857142,0.07142857142857142,0.0,0.0
746,SPAEVRDLDFANDASKVLGSIAGKLEK,inactive - virtual,inactive - virtual,0,Inactive,virtual,1,27,0.14814814814814814,0.0,0.1111111111111111,0.07407407407407407,0.037037037037037035,0.07407407407407407,0.0,0.037037037037037035,0.1111111111111111,0.1111111111111111,0.0,0.037037037037037035,0.037037037037037035,0.0,0.037037037037037035,0.1111111111111111,0.0,0.07407407407407407,0.0,0.0
747,SPAQAEALGVWRRYRAYFDA,inactive - virtual,inactive - virtual,0,Inactive,virtual,1,20,0.25,0.0,0.05,0.05,0.05,0.05,0.0,0.0,0.0,0.05,0.0,0.0,0.05,0.05,0.15,0.05,0.0,0.05,0.05,0.1
748,SPAVIDYVNRLEEIRDNV,inactive - virtual,inactive - virtual,0,Inactive,virtual,1,18,0.05555555555555555,0.0,0.1111111111111111,0.1111111111111111,0.0,0.0,0.0,0.1111111111111111,0.0,0.05555555555555555,0.0,0.1111111111111111,0.05555555555555555,0.0,0.1111111111111111,0.05555555555555555,0.0,0.16666666666666666,0.0,0.05555555555555555
749,SPAVQMKIKELYRRR,inactive - virtual,inactive - virtual,0,Inactive,virtual,1,15,0.06666666666666667,0.0,0.0,0.06666666666666667,0.0,0.0,0.0,0.06666666666666667,0.13333333333333333,0.06666666666666667,0.06666666666666667,0.0,0.06666666666666667,0.06666666666666667,0.2,0.06666666666666667,0.0,0.06666666666666667,0.0,0.06666666666666667
750,SPEEAAALVDGLR,inactive - virtual,inactive - virtual,0,Inactive,virtual,1,13,0.23076923076923078,0.0,0.07692307692307693,0.15384615384615385,0.0,0.07692307692307693,0.0,0.0,0.0,0.15384615384615385,0.0,0.0,0.07692307692307693,0.0,0.07692307692307693,0.07692307692307693,0.0,0.07692307692307693,0.0,0.0
751,SPEEKEEWMKSIKASISR,inactive - virtual,inactive - virtual,0,Inactive,virtual,1,18,0.05555555555555555,0.0,0.0,0.2222222222222222,0.0,0.0,0.0,0.1111111111111111,0.16666666666666666,0.0,0.05555555555555555,0.0,0.05555555555555555,0.0,0.05555555555555555,0.2222222222222222,0.0,0.0,0.05555555555555555,0.0
752,SPEHRQELIER,inactive - virtual,inactive - virtual,0,Inactive,virtual,1,11,0.0,0.0,0.0,0.2727272727272727,0.0,0.0,0.09090909090909091,0.09090909090909091,0.0,0.09090909090909091,0.0,0.0,0.09090909090909091,0.09090909090909091,0.18181818181818182,0.09090909090909091,0.0,0.0,0.0,0.0
753,SPEIASGLKKLIRE,inactive - virtual,inactive - virtual,0,Inactive,virtual,1,14,0.07142857142857142,0.0,0.0,0.14285714285714285,0.0,0.07142857142857142,0.0,0.14285714285714285,0.14285714285714285,0.14285714285714285,0.0,0.0,0.07142857142857142,0.0,0.07142857142857142,0.14285714285714285,0.0,0.0,0.0,0.0
754,SPEQMQVLLDQAG,inactive - virtual,inactive - virtual,0,Inactive,virtual,1,13,0.07692307692307693,0.0,0.07692307692307693,0.07692307692307693,0.0,0.07692307692307693,0.0,0.0,0.0,0.15384615384615385,0.07692307692307693,0.0,0.07692307692307693,0.23076923076923078,0.0,0.07692307692307693,0.0,0.07692307692307693,0.0,0.0
755,SPEVVVARGEQE,inactive - virtual,inactive - virtual,0,Inactive,virtual,1,12,0.08333333333333333,0.0,0.0,0.25,0.0,0.08333333333333333,0.0,0.0,0.0,0.0,0.0,0.0,0.08333333333333333,0.08333333333333333,0.08333333333333333,0.08333333333333333,0.0,0.25,0.0,0.0
756,SPKEAYAYLEKLRSIIQYTG,inactive - virtual,inactive - virtual,0,Inactive,virtual,1,20,0.1,0.0,0.0,0.1,0.0,0.05,0.0,0.1,0.1,0.1,0.0,0.0,0.05,0.05,0.05,0.1,0.05,0.0,0.0,0.15
757,SPKESEVLRLFAEG,inactive - virtual,inactive - virtual,0,Inactive,virtual,1,14,0.07142857142857142,0.0,0.0,0.21428571428571427,0.07142857142857142,0.07142857142857142,0.0,0.0,0.07142857142857142,0.14285714285714285,0.0,0.0,0.07142857142857142,0.0,0.07142857142857142,0.14285714285714285,0.0,0.07142857142857142,0.0,0.0
758,SPKSTYSYWASVLN,inactive - virtual,inactive - virtual,0,Inactive,virtual,1,14,0.07142857142857142,0.0,0.0,0.0,0.0,0.0,0.0,0.0,0.07142857142857142,0.07142857142857142,0.0,0.07142857142857142,0.07142857142857142,0.0,0.0,0.2857142857142857,0.07142857142857142,0.07142857142857142,0.07142857142857142,0.14285714285714285
759,SPSKSLQMILRRALGDFENMLAD,inactive - virtual,inactive - virtual,0,Inactive,virtual,1,23,0.08695652173913043,0.0,0.08695652173913043,0.043478260869565216,0.043478260869565216,0.043478260869565216,0.0,0.043478260869565216,0.043478260869565216,0.17391304347826086,0.08695652173913043,0.043478260869565216,0.043478260869565216,0.043478260869565216,0.08695652173913043,0.13043478260869565,0.0,0.0,0.0,0.0
760,SPVVIKKRIEGLIER,inactive - virtual,inactive - virtual,0,Inactive,virtual,1,15,0.0,0.0,0.0,0.13333333333333333,0.0,0.06666666666666667,0.0,0.2,0.13333333333333333,0.06666666666666667,0.0,0.0,0.06666666666666667,0.0,0.13333333333333333,0.06666666666666667,0.0,0.13333333333333333,0.0,0.0
761,SQESINQLVYMG,inactive - virtual,inactive - virtual,0,Inactive,virtual,1,12,0.0,0.0,0.0,0.08333333333333333,0.0,0.08333333333333333,0.0,0.08333333333333333,0.0,0.08333333333333333,0.08333333333333333,0.08333333333333333,0.0,0.16666666666666666,0.0,0.16666666666666666,0.0,0.08333333333333333,0.0,0.08333333333333333
762,SQRQRDELNRAIADYLRSN,inactive - virtual,inactive - virtual,0,Inactive,virtual,1,19,0.10526315789473684,0.0,0.10526315789473684,0.05263157894736842,0.0,0.0,0.0,0.05263157894736842,0.0,0.10526315789473684,0.0,0.10526315789473684,0.0,0.10526315789473684,0.21052631578947367,0.10526315789473684,0.0,0.0,0.0,0.05263157894736842
763,SRAITQYIAHR,inactive - virtual,inactive - virtual,0,Inactive,virtual,1,11,0.18181818181818182,0.0,0.0,0.0,0.0,0.0,0.09090909090909091,0.18181818181818182,0.0,0.0,0.0,0.0,0.0,0.09090909090909091,0.18181818181818182,0.09090909090909091,0.09090909090909091,0.0,0.0,0.09090909090909091
764,SRAKASFDTRVAAAELALNR,inactive - virtual,inactive - virtual,0,Inactive,virtual,1,20,0.3,0.0,0.05,0.05,0.05,0.0,0.0,0.0,0.05,0.1,0.0,0.05,0.0,0.0,0.15,0.1,0.05,0.05,0.0,0.0
765,SRDLQEKYERHMEKLIELANKEVERT,inactive - virtual,inactive - virtual,0,Inactive,virtual,1,26,0.038461538461538464,0.0,0.038461538461538464,0.23076923076923078,0.0,0.0,0.038461538461538464,0.038461538461538464,0.11538461538461539,0.11538461538461539,0.038461538461538464,0.038461538461538464,0.0,0.038461538461538464,0.11538461538461539,0.038461538461538464,0.038461538461538464,0.038461538461538464,0.0,0.038461538461538464
766,SRKALTEGNIMAVQAMAYFKELIQKRKRH,inactive - virtual,inactive - virtual,0,Inactive,virtual,1,29,0.13793103448275862,0.0,0.0,0.06896551724137931,0.034482758620689655,0.034482758620689655,0.034482758620689655,0.06896551724137931,0.13793103448275862,0.06896551724137931,0.06896551724137931,0.034482758620689655,0.0,0.06896551724137931,0.10344827586206896,0.034482758620689655,0.034482758620689655,0.034482758620689655,0.0,0.034482758620689655
767,SRPLHISTFINELDSGFRLL,inactive - virtual,inactive - virtual,0,Inactive,virtual,1,20,0.0,0.0,0.05,0.05,0.1,0.05,0.05,0.1,0.0,0.2,0.0,0.05,0.05,0.0,0.1,0.15,0.05,0.0,0.0,0.0
768,SRWGVLILVAL,inactive - virtual,inactive - virtual,0,Inactive,virtual,1,11,0.09090909090909091,0.0,0.0,0.0,0.0,0.09090909090909091,0.0,0.09090909090909091,0.0,0.2727272727272727,0.0,0.0,0.0,0.0,0.09090909090909091,0.09090909090909091,0.0,0.18181818181818182,0.09090909090909091,0.0
769,SSAVSRIISKLKQ,inactive - virtual,inactive - virtual,0,Inactive,virtual,1,13,0.07692307692307693,0.0,0.0,0.0,0.0,0.0,0.0,0.15384615384615385,0.15384615384615385,0.07692307692307693,0.0,0.0,0.0,0.07692307692307693,0.07692307692307693,0.3076923076923077,0.0,0.07692307692307693,0.0,0.0
770,SSQNWQRFYQLTKLLDSMHEVVENLL,inactive - virtual,inactive - virtual,0,Inactive,virtual,1,26,0.0,0.0,0.038461538461538464,0.07692307692307693,0.038461538461538464,0.0,0.038461538461538464,0.0,0.038461538461538464,0.19230769230769232,0.038461538461538464,0.07692307692307693,0.0,0.11538461538461539,0.038461538461538464,0.11538461538461539,0.038461538461538464,0.07692307692307693,0.038461538461538464,0.038461538461538464
771,SSREWFSTLYRLFIG,inactive - virtual,inactive - virtual,0,Inactive,virtual,1,15,0.0,0.0,0.0,0.06666666666666667,0.13333333333333333,0.06666666666666667,0.0,0.06666666666666667,0.0,0.13333333333333333,0.0,0.0,0.0,0.0,0.13333333333333333,0.2,0.06666666666666667,0.0,0.06666666666666667,0.06666666666666667
772,STATFYDAKKFLIQE,inactive - virtual,inactive - virtual,0,Inactive,virtual,1,15,0.13333333333333333,0.0,0.06666666666666667,0.06666666666666667,0.13333333333333333,0.0,0.0,0.06666666666666667,0.13333333333333333,0.06666666666666667,0.0,0.0,0.0,0.06666666666666667,0.0,0.06666666666666667,0.13333333333333333,0.0,0.0,0.06666666666666667
773,STEVVALSRLQGSLQDMLWQLDLS,inactive - virtual,inactive - virtual,0,Inactive,virtual,1,24,0.041666666666666664,0.0,0.08333333333333333,0.041666666666666664,0.0,0.041666666666666664,0.0,0.0,0.0,0.25,0.041666666666666664,0.0,0.0,0.125,0.041666666666666664,0.16666666666666666,0.041666666666666664,0.08333333333333333,0.041666666666666664,0.0
774,STLVQTPALRAVGNIV,inactive - virtual,inactive - virtual,0,Inactive,virtual,1,16,0.125,0.0,0.0,0.0,0.0,0.0625,0.0,0.0625,0.0,0.125,0.0,0.0625,0.0625,0.0625,0.0625,0.0625,0.125,0.1875,0.0,0.0
775,STLVSVAVALAAYKTG,inactive - virtual,inactive - virtual,0,Inactive,virtual,1,16,0.25,0.0,0.0,0.0,0.0,0.0625,0.0,0.0,0.0625,0.125,0.0,0.0,0.0,0.0,0.0,0.125,0.125,0.1875,0.0,0.0625
776,SVADHSYRVAFITLLLAEELKKK,inactive - virtual,inactive - virtual,0,Inactive,virtual,1,23,0.13043478260869565,0.0,0.043478260869565216,0.08695652173913043,0.043478260869565216,0.0,0.043478260869565216,0.043478260869565216,0.13043478260869565,0.17391304347826086,0.0,0.0,0.0,0.0,0.043478260869565216,0.08695652173913043,0.043478260869565216,0.08695652173913043,0.0,0.043478260869565216
777,SVEGLQEFVKNLVGYYI,inactive - virtual,inactive - virtual,0,Inactive,virtual,1,17,0.0,0.0,0.0,0.11764705882352941,0.058823529411764705,0.11764705882352941,0.0,0.058823529411764705,0.058823529411764705,0.11764705882352941,0.0,0.058823529411764705,0.0,0.058823529411764705,0.0,0.058823529411764705,0.0,0.17647058823529413,0.0,0.11764705882352941
778,SVEKKVPLLHNFHSFL,inactive - virtual,inactive - virtual,0,Inactive,virtual,1,16,0.0,0.0,0.0,0.0625,0.125,0.0,0.125,0.0,0.125,0.1875,0.0,0.0625,0.0625,0.0,0.0,0.125,0.0,0.125,0.0,0.0
779,SVEVAELWSTFMQKWIAYTAAVIDAERDR,inactive - virtual,inactive - virtual,0,Inactive,virtual,1,29,0.1724137931034483,0.0,0.06896551724137931,0.10344827586206896,0.034482758620689655,0.0,0.0,0.06896551724137931,0.034482758620689655,0.034482758620689655,0.034482758620689655,0.0,0.0,0.034482758620689655,0.06896551724137931,0.06896551724137931,0.06896551724137931,0.10344827586206896,0.06896551724137931,0.034482758620689655
780,SVLENHHLAVGFKL,inactive - virtual,inactive - virtual,0,Inactive,virtual,1,14,0.07142857142857142,0.0,0.0,0.07142857142857142,0.07142857142857142,0.07142857142857142,0.14285714285714285,0.0,0.07142857142857142,0.21428571428571427,0.0,0.07142857142857142,0.0,0.0,0.0,0.07142857142857142,0.0,0.14285714285714285,0.0,0.0
781,SVNSEIYQRVMESFKKEG,inactive - virtual,inactive - virtual,0,Inactive,virtual,1,18,0.0,0.0,0.0,0.16666666666666666,0.05555555555555555,0.05555555555555555,0.0,0.05555555555555555,0.1111111111111111,0.0,0.05555555555555555,0.05555555555555555,0.0,0.05555555555555555,0.05555555555555555,0.16666666666666666,0.0,0.1111111111111111,0.0,0.05555555555555555
782,SVPYFIENLKQHIEMN,inactive - virtual,inactive - virtual,0,Inactive,virtual,1,16,0.0,0.0,0.0,0.125,0.0625,0.0,0.0625,0.125,0.0625,0.0625,0.0625,0.125,0.0625,0.0625,0.0,0.0625,0.0,0.0625,0.0,0.0625
783,SVRKVFHLVRIKQVAWANEG,inactive - virtual,inactive - virtual,0,Inactive,virtual,1,20,0.1,0.0,0.0,0.05,0.05,0.05,0.05,0.05,0.1,0.05,0.0,0.05,0.0,0.05,0.1,0.05,0.0,0.2,0.05,0.0
784,SVSRAAITAAY,inactive - virtual,inactive - virtual,0,Inactive,virtual,1,11,0.36363636363636365,0.0,0.0,0.0,0.0,0.0,0.0,0.09090909090909091,0.0,0.0,0.0,0.0,0.0,0.0,0.09090909090909091,0.18181818181818182,0.09090909090909091,0.09090909090909091,0.0,0.09090909090909091
785,SVSSIKQAVDFLSNE,inactive - virtual,inactive - virtual,0,Inactive,virtual,1,15,0.06666666666666667,0.0,0.06666666666666667,0.06666666666666667,0.06666666666666667,0.0,0.0,0.06666666666666667,0.06666666666666667,0.06666666666666667,0.0,0.06666666666666667,0.0,0.06666666666666667,0.0,0.26666666666666666,0.0,0.13333333333333333,0.0,0.0
786,SVTELITKAVSA,inactive - virtual,inactive - virtual,0,Inactive,virtual,1,12,0.16666666666666666,0.0,0.0,0.08333333333333333,0.0,0.0,0.0,0.08333333333333333,0.08333333333333333,0.08333333333333333,0.0,0.0,0.0,0.0,0.0,0.16666666666666666,0.16666666666666666,0.16666666666666666,0.0,0.0
787,SVTKILQRFEDAGG,inactive - virtual,inactive - virtual,0,Inactive,virtual,1,14,0.07142857142857142,0.0,0.07142857142857142,0.07142857142857142,0.07142857142857142,0.14285714285714285,0.0,0.07142857142857142,0.07142857142857142,0.07142857142857142,0.0,0.0,0.0,0.07142857142857142,0.07142857142857142,0.07142857142857142,0.07142857142857142,0.07142857142857142,0.0,0.0
788,SVWASISSYLDELTEGL,inactive - virtual,inactive - virtual,0,Inactive,virtual,1,17,0.058823529411764705,0.0,0.058823529411764705,0.11764705882352941,0.0,0.058823529411764705,0.0,0.058823529411764705,0.0,0.17647058823529413,0.0,0.0,0.0,0.0,0.0,0.23529411764705882,0.058823529411764705,0.058823529411764705,0.058823529411764705,0.058823529411764705
789,SWQSLKDRYLKHL,inactive - virtual,inactive - virtual,0,Inactive,virtual,1,13,0.0,0.0,0.07692307692307693,0.0,0.0,0.0,0.07692307692307693,0.0,0.15384615384615385,0.23076923076923078,0.0,0.0,0.0,0.07692307692307693,0.07692307692307693,0.15384615384615385,0.0,0.0,0.07692307692307693,0.07692307692307693
790,SYKDLFLELYGKIKD,inactive - virtual,inactive - virtual,0,Inactive,virtual,1,15,0.0,0.0,0.13333333333333333,0.06666666666666667,0.06666666666666667,0.06666666666666667,0.0,0.06666666666666667,0.2,0.2,0.0,0.0,0.0,0.0,0.0,0.06666666666666667,0.0,0.0,0.0,0.13333333333333333
791,TAAQELMIQQLVAAQLQ,inactive - virtual,inactive - virtual,0,Inactive,virtual,1,17,0.23529411764705882,0.0,0.0,0.058823529411764705,0.0,0.0,0.0,0.058823529411764705,0.0,0.17647058823529413,0.058823529411764705,0.0,0.0,0.29411764705882354,0.0,0.0,0.058823529411764705,0.058823529411764705,0.0,0.0
792,TAEQRREMLEAKRKQIINFISRN,inactive - virtual,inactive - virtual,0,Inactive,virtual,1,23,0.08695652173913043,0.0,0.0,0.13043478260869565,0.043478260869565216,0.0,0.0,0.13043478260869565,0.08695652173913043,0.043478260869565216,0.043478260869565216,0.08695652173913043,0.0,0.08695652173913043,0.17391304347826086,0.043478260869565216,0.043478260869565216,0.0,0.0,0.0
793,TAESFYNQGIRLSFEQWG,inactive - virtual,inactive - virtual,0,Inactive,virtual,1,18,0.05555555555555555,0.0,0.0,0.1111111111111111,0.1111111111111111,0.1111111111111111,0.0,0.05555555555555555,0.0,0.05555555555555555,0.0,0.05555555555555555,0.0,0.1111111111111111,0.05555555555555555,0.1111111111111111,0.05555555555555555,0.0,0.05555555555555555,0.05555555555555555
794,TAHEAVLDFLTGRVEVFT,inactive - virtual,inactive - virtual,0,Inactive,virtual,1,18,0.1111111111111111,0.0,0.05555555555555555,0.1111111111111111,0.1111111111111111,0.05555555555555555,0.05555555555555555,0.0,0.0,0.1111111111111111,0.0,0.0,0.0,0.0,0.05555555555555555,0.0,0.16666666666666666,0.16666666666666666,0.0,0.0
795,TAKQIQAAYLLVENELM,inactive - virtual,inactive - virtual,0,Inactive,virtual,1,17,0.17647058823529413,0.0,0.0,0.11764705882352941,0.0,0.0,0.0,0.058823529411764705,0.058823529411764705,0.17647058823529413,0.058823529411764705,0.058823529411764705,0.0,0.11764705882352941,0.0,0.0,0.058823529411764705,0.058823529411764705,0.0,0.058823529411764705
796,TAPEMTALVGGMRVLG,inactive - virtual,inactive - virtual,0,Inactive,virtual,1,16,0.125,0.0,0.0,0.0625,0.0,0.1875,0.0,0.0,0.0,0.125,0.125,0.0,0.0625,0.0,0.0625,0.0,0.125,0.125,0.0,0.0
797,TDAEAKQLAQWILS,inactive - virtual,inactive - virtual,0,Inactive,virtual,1,14,0.21428571428571427,0.0,0.07142857142857142,0.07142857142857142,0.0,0.0,0.0,0.07142857142857142,0.07142857142857142,0.14285714285714285,0.0,0.0,0.0,0.14285714285714285,0.0,0.07142857142857142,0.07142857142857142,0.0,0.07142857142857142,0.0
798,TDKQFENRLNDNLEELIQ,inactive - virtual,inactive - virtual,0,Inactive,virtual,1,18,0.0,0.0,0.1111111111111111,0.16666666666666666,0.05555555555555555,0.0,0.0,0.05555555555555555,0.05555555555555555,0.16666666666666666,0.0,0.16666666666666666,0.0,0.1111111111111111,0.05555555555555555,0.0,0.05555555555555555,0.0,0.0,0.0
799,TDLEILALLIAALSH,inactive - virtual,inactive - virtual,0,Inactive,virtual,1,15,0.2,0.0,0.06666666666666667,0.06666666666666667,0.0,0.0,0.06666666666666667,0.13333333333333333,0.0,0.3333333333333333,0.0,0.0,0.0,0.0,0.0,0.06666666666666667,0.06666666666666667,0.0,0.0,0.0
800,TDQQKVSEIFQSSKEKLQGDAKVVSDAFK,inactive - virtual,inactive - virtual,0,Inactive,virtual,1,29,0.06896551724137931,0.0,0.10344827586206896,0.06896551724137931,0.06896551724137931,0.034482758620689655,0.0,0.034482758620689655,0.1724137931034483,0.034482758620689655,0.0,0.0,0.0,0.13793103448275862,0.0,0.13793103448275862,0.034482758620689655,0.10344827586206896,0.0,0.0
801,TEAKKEELLRKLNILEVF,inactive - virtual,inactive - virtual,0,Inactive,virtual,1,18,0.05555555555555555,0.0,0.0,0.2222222222222222,0.05555555555555555,0.0,0.0,0.05555555555555555,0.16666666666666666,0.2222222222222222,0.0,0.05555555555555555,0.0,0.0,0.05555555555555555,0.0,0.05555555555555555,0.05555555555555555,0.0,0.0
802,TEEEMLQAAHITAKLAQAAET,inactive - virtual,inactive - virtual,0,Inactive,virtual,1,21,0.2857142857142857,0.0,0.0,0.19047619047619047,0.0,0.0,0.047619047619047616,0.047619047619047616,0.047619047619047616,0.09523809523809523,0.047619047619047616,0.0,0.0,0.09523809523809523,0.0,0.0,0.14285714285714285,0.0,0.0,0.0
803,TEKGKEIFGEILSNFESLLKSVLEK,inactive - virtual,inactive - virtual,0,Inactive,virtual,1,25,0.0,0.0,0.0,0.2,0.08,0.08,0.0,0.08,0.16,0.16,0.0,0.04,0.0,0.0,0.0,0.12,0.04,0.04,0.0,0.0
804,TEQDIIDLKFAIAD,inactive - virtual,inactive - virtual,0,Inactive,virtual,1,14,0.14285714285714285,0.0,0.21428571428571427,0.07142857142857142,0.07142857142857142,0.0,0.0,0.21428571428571427,0.07142857142857142,0.07142857142857142,0.0,0.0,0.0,0.07142857142857142,0.0,0.0,0.07142857142857142,0.0,0.0,0.0
805,TEQNFQLAKQIQSQWKEFG,inactive - virtual,inactive - virtual,0,Inactive,virtual,1,19,0.05263157894736842,0.0,0.0,0.10526315789473684,0.10526315789473684,0.05263157894736842,0.0,0.05263157894736842,0.10526315789473684,0.05263157894736842,0.0,0.05263157894736842,0.0,0.2631578947368421,0.0,0.05263157894736842,0.05263157894736842,0.0,0.05263157894736842,0.0
806,TEREQALAAYAEKLTRH,inactive - virtual,inactive - virtual,0,Inactive,virtual,1,17,0.23529411764705882,0.0,0.0,0.17647058823529413,0.0,0.0,0.058823529411764705,0.0,0.058823529411764705,0.11764705882352941,0.0,0.0,0.0,0.058823529411764705,0.11764705882352941,0.0,0.11764705882352941,0.0,0.0,0.058823529411764705
807,TESMKTVRIREKIKKFL,inactive - virtual,inactive - virtual,0,Inactive,virtual,1,17,0.0,0.0,0.0,0.11764705882352941,0.058823529411764705,0.0,0.0,0.11764705882352941,0.23529411764705882,0.058823529411764705,0.058823529411764705,0.0,0.0,0.0,0.11764705882352941,0.058823529411764705,0.11764705882352941,0.058823529411764705,0.0,0.0
808,TETQIRELLFDLELAYKSFYALL,inactive - virtual,inactive - virtual,0,Inactive,virtual,1,23,0.08695652173913043,0.0,0.043478260869565216,0.13043478260869565,0.08695652173913043,0.0,0.0,0.043478260869565216,0.043478260869565216,0.2608695652173913,0.0,0.0,0.0,0.043478260869565216,0.043478260869565216,0.043478260869565216,0.08695652173913043,0.0,0.0,0.08695652173913043
809,TEVYQILNRVS,inactive - virtual,inactive - virtual,0,Inactive,virtual,1,11,0.0,0.0,0.0,0.09090909090909091,0.0,0.0,0.0,0.09090909090909091,0.0,0.09090909090909091,0.0,0.09090909090909091,0.0,0.09090909090909091,0.09090909090909091,0.09090909090909091,0.09090909090909091,0.18181818181818182,0.0,0.09090909090909091
810,TFPDKALKGKKSIENIVV,inactive - virtual,inactive - virtual,0,Inactive,virtual,1,18,0.05555555555555555,0.0,0.05555555555555555,0.05555555555555555,0.05555555555555555,0.05555555555555555,0.0,0.1111111111111111,0.2222222222222222,0.05555555555555555,0.0,0.05555555555555555,0.05555555555555555,0.0,0.0,0.05555555555555555,0.05555555555555555,0.1111111111111111,0.0,0.0
811,TFPEWHRLYTVQFEDALRRH,inactive - virtual,inactive - virtual,0,Inactive,virtual,1,20,0.05,0.0,0.05,0.1,0.1,0.0,0.1,0.0,0.0,0.1,0.0,0.0,0.05,0.05,0.15,0.0,0.1,0.05,0.05,0.05
812,TFPNWHRLLTKQMEDALVAK,inactive - virtual,inactive - virtual,0,Inactive,virtual,1,20,0.1,0.0,0.05,0.05,0.05,0.0,0.05,0.0,0.1,0.15,0.05,0.05,0.05,0.05,0.05,0.0,0.1,0.05,0.05,0.0
813,TFSQVLDDLSARFI,inactive - virtual,inactive - virtual,0,Inactive,virtual,1,14,0.07142857142857142,0.0,0.14285714285714285,0.0,0.14285714285714285,0.0,0.0,0.07142857142857142,0.0,0.14285714285714285,0.0,0.0,0.0,0.07142857142857142,0.07142857142857142,0.14285714285714285,0.07142857142857142,0.07142857142857142,0.0,0.0
814,TGALRTQYDVSLMTVKS,inactive - virtual,inactive - virtual,0,Inactive,virtual,1,17,0.058823529411764705,0.0,0.058823529411764705,0.0,0.0,0.058823529411764705,0.0,0.0,0.058823529411764705,0.11764705882352941,0.058823529411764705,0.0,0.0,0.058823529411764705,0.058823529411764705,0.11764705882352941,0.17647058823529413,0.11764705882352941,0.0,0.058823529411764705
815,THAEMLHALKERY,inactive - virtual,inactive - virtual,0,Inactive,virtual,1,13,0.15384615384615385,0.0,0.0,0.15384615384615385,0.0,0.0,0.15384615384615385,0.0,0.07692307692307693,0.15384615384615385,0.07692307692307693,0.0,0.0,0.0,0.07692307692307693,0.0,0.07692307692307693,0.0,0.0,0.07692307692307693
816,THNKLLKNVAFMKSYILEKVKEHQES,inactive - virtual,inactive - virtual,0,Inactive,virtual,1,26,0.038461538461538464,0.0,0.0,0.11538461538461539,0.038461538461538464,0.0,0.07692307692307693,0.038461538461538464,0.19230769230769232,0.11538461538461539,0.038461538461538464,0.07692307692307693,0.0,0.038461538461538464,0.0,0.07692307692307693,0.038461538461538464,0.07692307692307693,0.0,0.038461538461538464
817,TIEEFHSKLQEATN,inactive - virtual,inactive - virtual,0,Inactive,virtual,1,14,0.07142857142857142,0.0,0.0,0.21428571428571427,0.07142857142857142,0.0,0.07142857142857142,0.07142857142857142,0.07142857142857142,0.07142857142857142,0.0,0.07142857142857142,0.0,0.07142857142857142,0.0,0.07142857142857142,0.14285714285714285,0.0,0.0,0.0
818,TIQSRFNYAWGLIKS,inactive - virtual,inactive - virtual,0,Inactive,virtual,1,15,0.06666666666666667,0.0,0.0,0.0,0.06666666666666667,0.06666666666666667,0.0,0.13333333333333333,0.06666666666666667,0.06666666666666667,0.0,0.06666666666666667,0.0,0.06666666666666667,0.06666666666666667,0.13333333333333333,0.06666666666666667,0.0,0.06666666666666667,0.06666666666666667
819,TISLGVSIAHVMEAVE,inactive - virtual,inactive - virtual,0,Inactive,virtual,1,16,0.125,0.0,0.0,0.125,0.0,0.0625,0.0625,0.125,0.0,0.0625,0.0625,0.0,0.0,0.0,0.0,0.125,0.0625,0.1875,0.0,0.0
820,TITEMVFLAEVYKSGG,inactive - virtual,inactive - virtual,0,Inactive,virtual,1,16,0.0625,0.0,0.0,0.125,0.0625,0.125,0.0,0.0625,0.0625,0.0625,0.0625,0.0,0.0,0.0,0.0,0.0625,0.125,0.125,0.0,0.0625
821,TIVELVVRVWRWFLVIWVLW,inactive - virtual,inactive - virtual,0,Inactive,virtual,1,20,0.0,0.0,0.0,0.05,0.05,0.0,0.0,0.1,0.0,0.15,0.0,0.0,0.0,0.0,0.1,0.0,0.05,0.3,0.2,0.0
822,TKDEFMSGEPIFTKYFQNLV,inactive - virtual,inactive - virtual,0,Inactive,virtual,1,20,0.0,0.0,0.05,0.1,0.15,0.05,0.0,0.05,0.1,0.05,0.05,0.05,0.05,0.05,0.0,0.05,0.1,0.05,0.0,0.05
823,TKDEQVEGLLA,inactive - virtual,inactive - virtual,0,Inactive,virtual,1,11,0.09090909090909091,0.0,0.09090909090909091,0.18181818181818182,0.0,0.09090909090909091,0.0,0.0,0.09090909090909091,0.18181818181818182,0.0,0.0,0.0,0.09090909090909091,0.0,0.0,0.09090909090909091,0.09090909090909091,0.0,0.0
824,TKGEREMIVVATSAAN,inactive - virtual,inactive - virtual,0,Inactive,virtual,1,16,0.1875,0.0,0.0,0.125,0.0,0.0625,0.0,0.0625,0.0625,0.0,0.0625,0.0625,0.0,0.0,0.0625,0.0625,0.125,0.125,0.0,0.0
825,TKIWLNAARRTGKVPARIRKL,inactive - virtual,inactive - virtual,0,Inactive,virtual,1,21,0.14285714285714285,0.0,0.0,0.0,0.0,0.047619047619047616,0.0,0.09523809523809523,0.14285714285714285,0.09523809523809523,0.0,0.047619047619047616,0.047619047619047616,0.0,0.19047619047619047,0.0,0.09523809523809523,0.047619047619047616,0.047619047619047616,0.0
826,TLDQMRSRLAYDG,inactive - virtual,inactive - virtual,0,Inactive,virtual,1,13,0.07692307692307693,0.0,0.15384615384615385,0.0,0.0,0.07692307692307693,0.0,0.0,0.0,0.15384615384615385,0.07692307692307693,0.0,0.0,0.07692307692307693,0.15384615384615385,0.07692307692307693,0.07692307692307693,0.0,0.0,0.07692307692307693
827,TLEDYVRYVTLDM,inactive - virtual,inactive - virtual,0,Inactive,virtual,1,13,0.0,0.0,0.15384615384615385,0.07692307692307693,0.0,0.0,0.0,0.0,0.0,0.15384615384615385,0.07692307692307693,0.0,0.0,0.0,0.07692307692307693,0.0,0.15384615384615385,0.15384615384615385,0.0,0.15384615384615385
828,TLIREWGDAVFDIF,inactive - virtual,inactive - virtual,0,Inactive,virtual,1,14,0.07142857142857142,0.0,0.14285714285714285,0.07142857142857142,0.14285714285714285,0.07142857142857142,0.0,0.14285714285714285,0.0,0.07142857142857142,0.0,0.0,0.0,0.0,0.07142857142857142,0.0,0.07142857142857142,0.07142857142857142,0.07142857142857142,0.0
829,TMEGKFKAVAEDVAQRYMT,inactive - virtual,inactive - virtual,0,Inactive,virtual,1,19,0.15789473684210525,0.0,0.05263157894736842,0.10526315789473684,0.05263157894736842,0.05263157894736842,0.0,0.0,0.10526315789473684,0.0,0.10526315789473684,0.0,0.0,0.05263157894736842,0.05263157894736842,0.0,0.10526315789473684,0.10526315789473684,0.0,0.05263157894736842
830,TMVQAITDALRIELKND,inactive - virtual,inactive - virtual,0,Inactive,virtual,1,17,0.11764705882352941,0.0,0.11764705882352941,0.058823529411764705,0.0,0.0,0.0,0.11764705882352941,0.058823529411764705,0.11764705882352941,0.058823529411764705,0.058823529411764705,0.0,0.058823529411764705,0.058823529411764705,0.0,0.11764705882352941,0.058823529411764705,0.0,0.0
831,TNDEIFSILKD,inactive - virtual,inactive - virtual,0,Inactive,virtual,1,11,0.0,0.0,0.18181818181818182,0.09090909090909091,0.09090909090909091,0.0,0.0,0.18181818181818182,0.09090909090909091,0.09090909090909091,0.0,0.09090909090909091,0.0,0.0,0.0,0.09090909090909091,0.09090909090909091,0.0,0.0,0.0
832,TPAKALKSAIHVAYILKK,inactive - virtual,inactive - virtual,0,Inactive,virtual,1,18,0.2222222222222222,0.0,0.0,0.0,0.0,0.0,0.05555555555555555,0.1111111111111111,0.2222222222222222,0.1111111111111111,0.0,0.0,0.05555555555555555,0.0,0.0,0.05555555555555555,0.05555555555555555,0.05555555555555555,0.0,0.05555555555555555
833,TPDQQTLLHFIMDSYN,inactive - virtual,inactive - virtual,0,Inactive,virtual,1,16,0.0,0.0,0.125,0.0,0.0625,0.0,0.0625,0.0625,0.0,0.125,0.0625,0.0625,0.0625,0.125,0.0,0.0625,0.125,0.0,0.0,0.0625
834,TPEEVKKHYEILVEDIKYIESG,inactive - virtual,inactive - virtual,0,Inactive,virtual,1,22,0.0,0.0,0.045454545454545456,0.22727272727272727,0.0,0.045454545454545456,0.045454545454545456,0.13636363636363635,0.13636363636363635,0.045454545454545456,0.0,0.0,0.045454545454545456,0.0,0.0,0.045454545454545456,0.045454545454545456,0.09090909090909091,0.0,0.09090909090909091
835,TPEEYQTYVAQVDK,inactive - virtual,inactive - virtual,0,Inactive,virtual,1,14,0.07142857142857142,0.0,0.07142857142857142,0.14285714285714285,0.0,0.0,0.0,0.0,0.07142857142857142,0.0,0.0,0.0,0.07142857142857142,0.14285714285714285,0.0,0.0,0.14285714285714285,0.14285714285714285,0.0,0.14285714285714285
836,TPEKMGEMAQKFRE,inactive - virtual,inactive - virtual,0,Inactive,virtual,1,14,0.07142857142857142,0.0,0.0,0.21428571428571427,0.07142857142857142,0.07142857142857142,0.0,0.0,0.14285714285714285,0.0,0.14285714285714285,0.0,0.07142857142857142,0.07142857142857142,0.07142857142857142,0.0,0.07142857142857142,0.0,0.0,0.0
837,TPEKRVDRIFAMMD,inactive - virtual,inactive - virtual,0,Inactive,virtual,1,14,0.07142857142857142,0.0,0.14285714285714285,0.07142857142857142,0.07142857142857142,0.0,0.0,0.07142857142857142,0.07142857142857142,0.0,0.14285714285714285,0.0,0.07142857142857142,0.0,0.14285714285714285,0.0,0.07142857142857142,0.07142857142857142,0.0,0.0
838,TPERLEKLVKEVL,inactive - virtual,inactive - virtual,0,Inactive,virtual,1,13,0.0,0.0,0.0,0.23076923076923078,0.0,0.0,0.0,0.0,0.15384615384615385,0.23076923076923078,0.0,0.0,0.07692307692307693,0.0,0.07692307692307693,0.0,0.07692307692307693,0.15384615384615385,0.0,0.0
839,TPETITHYLETVNHAM,inactive - virtual,inactive - virtual,0,Inactive,virtual,1,16,0.0625,0.0,0.0,0.125,0.0,0.0,0.125,0.0625,0.0,0.0625,0.0625,0.0625,0.0625,0.0,0.0,0.0,0.25,0.0625,0.0,0.0625
840,TPEVVKERLLS,inactive - virtual,inactive - virtual,0,Inactive,virtual,1,11,0.0,0.0,0.0,0.18181818181818182,0.0,0.0,0.0,0.0,0.09090909090909091,0.18181818181818182,0.0,0.0,0.09090909090909091,0.0,0.09090909090909091,0.09090909090909091,0.09090909090909091,0.18181818181818182,0.0,0.0
841,TPLGIGITDYYIR,inactive - virtual,inactive - virtual,0,Inactive,virtual,1,13,0.0,0.0,0.07692307692307693,0.0,0.0,0.15384615384615385,0.0,0.23076923076923078,0.0,0.07692307692307693,0.0,0.0,0.07692307692307693,0.0,0.07692307692307693,0.0,0.15384615384615385,0.0,0.0,0.15384615384615385
842,TPQDIADRERIFKRFD,inactive - virtual,inactive - virtual,0,Inactive,virtual,1,16,0.0625,0.0,0.1875,0.0625,0.125,0.0,0.0,0.125,0.0625,0.0,0.0,0.0,0.0625,0.0625,0.1875,0.0,0.0625,0.0,0.0,0.0
843,TPSDIKELRDAMAKVQAD,inactive - virtual,inactive - virtual,0,Inactive,virtual,1,18,0.16666666666666666,0.0,0.16666666666666666,0.05555555555555555,0.0,0.0,0.0,0.05555555555555555,0.1111111111111111,0.05555555555555555,0.05555555555555555,0.0,0.05555555555555555,0.05555555555555555,0.05555555555555555,0.05555555555555555,0.05555555555555555,0.05555555555555555,0.0,0.0
844,TPVYRTAIRYYLQMLF,inactive - virtual,inactive - virtual,0,Inactive,virtual,1,16,0.0625,0.0,0.0,0.0,0.0625,0.0,0.0,0.0625,0.0,0.125,0.0625,0.0,0.0625,0.0625,0.125,0.0,0.125,0.0625,0.0,0.1875
845,TPWSKGFLASSYASR,inactive - virtual,inactive - virtual,0,Inactive,virtual,1,15,0.13333333333333333,0.0,0.0,0.0,0.06666666666666667,0.06666666666666667,0.0,0.0,0.06666666666666667,0.06666666666666667,0.0,0.0,0.06666666666666667,0.0,0.06666666666666667,0.26666666666666666,0.06666666666666667,0.0,0.06666666666666667,0.06666666666666667
846,TPYDAKGLLISAIRD,inactive - virtual,inactive - virtual,0,Inactive,virtual,1,15,0.13333333333333333,0.0,0.13333333333333333,0.0,0.0,0.06666666666666667,0.0,0.13333333333333333,0.06666666666666667,0.13333333333333333,0.0,0.0,0.06666666666666667,0.0,0.06666666666666667,0.06666666666666667,0.06666666666666667,0.0,0.0,0.06666666666666667
847,TQAQETQGQAAARAAAADLAAG,inactive - virtual,inactive - virtual,0,Inactive,virtual,1,22,0.45454545454545453,0.0,0.045454545454545456,0.045454545454545456,0.0,0.09090909090909091,0.0,0.0,0.0,0.045454545454545456,0.0,0.0,0.0,0.18181818181818182,0.045454545454545456,0.0,0.09090909090909091,0.0,0.0,0.0
848,TQDLRSHLVHKLVQAIF,inactive - virtual,inactive - virtual,0,Inactive,virtual,1,17,0.058823529411764705,0.0,0.058823529411764705,0.0,0.058823529411764705,0.0,0.11764705882352941,0.058823529411764705,0.058823529411764705,0.17647058823529413,0.0,0.0,0.0,0.11764705882352941,0.058823529411764705,0.058823529411764705,0.058823529411764705,0.11764705882352941,0.0,0.0
849,TQGLLSEILRK,inactive - virtual,inactive - virtual,0,Inactive,virtual,1,11,0.0,0.0,0.0,0.09090909090909091,0.0,0.09090909090909091,0.0,0.09090909090909091,0.09090909090909091,0.2727272727272727,0.0,0.0,0.0,0.09090909090909091,0.09090909090909091,0.09090909090909091,0.09090909090909091,0.0,0.0,0.0
850,TQGMQNAMGERFAQYALSSEKLY,inactive - virtual,inactive - virtual,0,Inactive,virtual,1,23,0.13043478260869565,0.0,0.0,0.08695652173913043,0.043478260869565216,0.08695652173913043,0.0,0.0,0.043478260869565216,0.08695652173913043,0.08695652173913043,0.043478260869565216,0.0,0.13043478260869565,0.043478260869565216,0.08695652173913043,0.043478260869565216,0.0,0.0,0.08695652173913043
851,TQSDVYAMVGYIHELW,inactive - virtual,inactive - virtual,0,Inactive,virtual,1,16,0.0625,0.0,0.0625,0.0625,0.0,0.0625,0.0625,0.0625,0.0,0.0625,0.0625,0.0,0.0,0.0625,0.0,0.0625,0.0625,0.125,0.0625,0.125
852,TRELAYMIKKA,inactive - virtual,inactive - virtual,0,Inactive,virtual,1,11,0.18181818181818182,0.0,0.0,0.09090909090909091,0.0,0.0,0.0,0.09090909090909091,0.18181818181818182,0.09090909090909091,0.09090909090909091,0.0,0.0,0.0,0.09090909090909091,0.0,0.09090909090909091,0.0,0.0,0.09090909090909091
853,TRTQRRIAVVEFIFSLL,inactive - virtual,inactive - virtual,0,Inactive,virtual,1,17,0.058823529411764705,0.0,0.0,0.058823529411764705,0.11764705882352941,0.0,0.0,0.11764705882352941,0.0,0.11764705882352941,0.0,0.0,0.0,0.058823529411764705,0.17647058823529413,0.058823529411764705,0.11764705882352941,0.11764705882352941,0.0,0.0
854,TSAQTKVVVDA,inactive - virtual,inactive - virtual,0,Inactive,virtual,1,11,0.18181818181818182,0.0,0.09090909090909091,0.0,0.0,0.0,0.0,0.0,0.09090909090909091,0.0,0.0,0.0,0.0,0.09090909090909091,0.0,0.09090909090909091,0.18181818181818182,0.2727272727272727,0.0,0.0
855,TSFDEYVAELDSK,inactive - virtual,inactive - virtual,0,Inactive,virtual,1,13,0.07692307692307693,0.0,0.15384615384615385,0.15384615384615385,0.07692307692307693,0.0,0.0,0.0,0.07692307692307693,0.07692307692307693,0.0,0.0,0.0,0.0,0.0,0.15384615384615385,0.07692307692307693,0.07692307692307693,0.0,0.07692307692307693
856,TSHLMGMFYRTIRMMEN,inactive - virtual,inactive - virtual,0,Inactive,virtual,1,17,0.0,0.0,0.0,0.058823529411764705,0.058823529411764705,0.058823529411764705,0.058823529411764705,0.058823529411764705,0.0,0.058823529411764705,0.23529411764705882,0.058823529411764705,0.0,0.0,0.11764705882352941,0.058823529411764705,0.11764705882352941,0.0,0.0,0.058823529411764705
857,TTDEINAMDKALILYT,inactive - virtual,inactive - virtual,0,Inactive,virtual,1,16,0.125,0.0,0.125,0.0625,0.0,0.0,0.0,0.125,0.0625,0.125,0.0625,0.0625,0.0,0.0,0.0,0.0,0.1875,0.0,0.0,0.0625
858,TTGNFEKLFVALVEYMRAS,inactive - virtual,inactive - virtual,0,Inactive,virtual,1,19,0.10526315789473684,0.0,0.0,0.10526315789473684,0.10526315789473684,0.05263157894736842,0.0,0.0,0.05263157894736842,0.10526315789473684,0.05263157894736842,0.05263157894736842,0.0,0.0,0.05263157894736842,0.05263157894736842,0.10526315789473684,0.10526315789473684,0.0,0.05263157894736842
859,TVEEVNALKNEILKAHA,inactive - virtual,inactive - virtual,0,Inactive,virtual,1,17,0.17647058823529413,0.0,0.0,0.17647058823529413,0.0,0.0,0.058823529411764705,0.058823529411764705,0.11764705882352941,0.11764705882352941,0.0,0.11764705882352941,0.0,0.0,0.0,0.0,0.058823529411764705,0.11764705882352941,0.0,0.0
860,TVFGTALNYVSLRIL,inactive - virtual,inactive - virtual,0,Inactive,virtual,1,15,0.06666666666666667,0.0,0.0,0.0,0.06666666666666667,0.06666666666666667,0.0,0.06666666666666667,0.0,0.2,0.0,0.06666666666666667,0.0,0.0,0.06666666666666667,0.06666666666666667,0.13333333333333333,0.13333333333333333,0.0,0.06666666666666667
861,TVLAALFLAGS,inactive - virtual,inactive - virtual,0,Inactive,virtual,1,11,0.2727272727272727,0.0,0.0,0.0,0.09090909090909091,0.09090909090909091,0.0,0.0,0.0,0.2727272727272727,0.0,0.0,0.0,0.0,0.0,0.09090909090909091,0.09090909090909091,0.09090909090909091,0.0,0.0
862,TYYAKDIAFQFWKM,inactive - virtual,inactive - virtual,0,Inactive,virtual,1,14,0.14285714285714285,0.0,0.07142857142857142,0.0,0.14285714285714285,0.0,0.0,0.07142857142857142,0.14285714285714285,0.0,0.07142857142857142,0.0,0.0,0.07142857142857142,0.0,0.0,0.07142857142857142,0.0,0.07142857142857142,0.14285714285714285
863,VADIAKLKVNIIKNVRII,inactive - virtual,inactive - virtual,0,Inactive,virtual,1,18,0.1111111111111111,0.0,0.05555555555555555,0.0,0.0,0.0,0.0,0.2777777777777778,0.16666666666666666,0.05555555555555555,0.0,0.1111111111111111,0.0,0.0,0.05555555555555555,0.0,0.0,0.16666666666666666,0.0,0.0
864,VADPVAAFKWRAQ,inactive - virtual,inactive - virtual,0,Inactive,virtual,1,13,0.3076923076923077,0.0,0.07692307692307693,0.0,0.07692307692307693,0.0,0.0,0.0,0.07692307692307693,0.0,0.0,0.0,0.07692307692307693,0.07692307692307693,0.07692307692307693,0.0,0.0,0.15384615384615385,0.07692307692307693,0.0
865,VDDNLYPQLERASRKIFEFLERE,inactive - virtual,inactive - virtual,0,Inactive,virtual,1,23,0.043478260869565216,0.0,0.08695652173913043,0.17391304347826086,0.08695652173913043,0.0,0.0,0.043478260869565216,0.043478260869565216,0.13043478260869565,0.0,0.043478260869565216,0.043478260869565216,0.043478260869565216,0.13043478260869565,0.043478260869565216,0.0,0.043478260869565216,0.0,0.043478260869565216
866,VEAIEALLKGN,inactive - virtual,inactive - virtual,0,Inactive,virtual,1,11,0.18181818181818182,0.0,0.0,0.18181818181818182,0.0,0.09090909090909091,0.0,0.09090909090909091,0.09090909090909091,0.18181818181818182,0.0,0.09090909090909091,0.0,0.0,0.0,0.0,0.0,0.09090909090909091,0.0,0.0
867,VFWPTMLKAAG,inactive - virtual,inactive - virtual,0,Inactive,virtual,1,11,0.18181818181818182,0.0,0.0,0.0,0.09090909090909091,0.09090909090909091,0.0,0.0,0.09090909090909091,0.09090909090909091,0.09090909090909091,0.0,0.09090909090909091,0.0,0.0,0.0,0.09090909090909091,0.09090909090909091,0.09090909090909091,0.0
868,VGVLLQLLVQA,inactive - virtual,inactive - virtual,0,Inactive,virtual,1,11,0.09090909090909091,0.0,0.0,0.0,0.0,0.09090909090909091,0.0,0.0,0.0,0.36363636363636365,0.0,0.0,0.0,0.18181818181818182,0.0,0.0,0.0,0.2727272727272727,0.0,0.0
869,VGYETAAKLAREAYLTG,inactive - virtual,inactive - virtual,0,Inactive,virtual,1,17,0.23529411764705882,0.0,0.0,0.11764705882352941,0.0,0.11764705882352941,0.0,0.0,0.058823529411764705,0.11764705882352941,0.0,0.0,0.0,0.0,0.058823529411764705,0.0,0.11764705882352941,0.058823529411764705,0.0,0.11764705882352941
870,VHVLADAFKRYLLD,inactive - virtual,inactive - virtual,0,Inactive,virtual,1,14,0.14285714285714285,0.0,0.14285714285714285,0.0,0.07142857142857142,0.0,0.07142857142857142,0.0,0.07142857142857142,0.21428571428571427,0.0,0.0,0.0,0.0,0.07142857142857142,0.0,0.0,0.14285714285714285,0.0,0.07142857142857142
871,VIDPLHTHLTRLVAAYTG,inactive - virtual,inactive - virtual,0,Inactive,virtual,1,18,0.1111111111111111,0.0,0.05555555555555555,0.0,0.0,0.05555555555555555,0.1111111111111111,0.05555555555555555,0.0,0.16666666666666666,0.0,0.0,0.05555555555555555,0.0,0.05555555555555555,0.0,0.16666666666666666,0.1111111111111111,0.0,0.05555555555555555
872,VKYAVFEAALTKAITAMSEVQKVSQ,inactive - virtual,inactive - virtual,0,Inactive,virtual,1,25,0.2,0.0,0.0,0.08,0.04,0.0,0.0,0.04,0.12,0.04,0.04,0.0,0.0,0.08,0.0,0.08,0.08,0.16,0.0,0.04
873,VLSFKTGIISL,inactive - virtual,inactive - virtual,0,Inactive,virtual,1,11,0.0,0.0,0.0,0.0,0.09090909090909091,0.09090909090909091,0.0,0.18181818181818182,0.09090909090909091,0.18181818181818182,0.0,0.0,0.0,0.0,0.0,0.18181818181818182,0.09090909090909091,0.09090909090909091,0.0,0.0
874,VMELLTKTLGWDIQEELNKLT,inactive - virtual,inactive - virtual,0,Inactive,virtual,1,21,0.0,0.0,0.047619047619047616,0.14285714285714285,0.0,0.047619047619047616,0.0,0.047619047619047616,0.09523809523809523,0.23809523809523808,0.047619047619047616,0.047619047619047616,0.0,0.047619047619047616,0.0,0.0,0.14285714285714285,0.047619047619047616,0.047619047619047616,0.0
875,VMGQNLILNMND,inactive - virtual,inactive - virtual,0,Inactive,virtual,1,12,0.0,0.0,0.08333333333333333,0.0,0.0,0.08333333333333333,0.0,0.08333333333333333,0.0,0.16666666666666666,0.16666666666666666,0.25,0.0,0.08333333333333333,0.0,0.0,0.0,0.08333333333333333,0.0,0.0
876,VMPSLLQAFDLTA,inactive - virtual,inactive - virtual,0,Inactive,virtual,1,13,0.15384615384615385,0.0,0.07692307692307693,0.0,0.07692307692307693,0.0,0.0,0.0,0.0,0.23076923076923078,0.07692307692307693,0.0,0.07692307692307693,0.07692307692307693,0.0,0.07692307692307693,0.07692307692307693,0.07692307692307693,0.0,0.0
877,VMQWVIRILGGGLQKAL,inactive - virtual,inactive - virtual,0,Inactive,virtual,1,17,0.058823529411764705,0.0,0.0,0.0,0.0,0.17647058823529413,0.0,0.11764705882352941,0.058823529411764705,0.17647058823529413,0.058823529411764705,0.0,0.0,0.11764705882352941,0.058823529411764705,0.0,0.0,0.11764705882352941,0.058823529411764705,0.0
878,VNFLVADALKQHRHRRDDVIVMLSAR,inactive - virtual,inactive - virtual,0,Inactive,virtual,1,26,0.11538461538461539,0.0,0.11538461538461539,0.0,0.038461538461538464,0.0,0.07692307692307693,0.038461538461538464,0.038461538461538464,0.11538461538461539,0.038461538461538464,0.038461538461538464,0.0,0.038461538461538464,0.15384615384615385,0.038461538461538464,0.0,0.15384615384615385,0.0,0.0
879,VNQFLDYLQEFLGVMNT,inactive - virtual,inactive - virtual,0,Inactive,virtual,1,17,0.0,0.0,0.058823529411764705,0.058823529411764705,0.11764705882352941,0.058823529411764705,0.0,0.0,0.0,0.17647058823529413,0.058823529411764705,0.11764705882352941,0.0,0.11764705882352941,0.0,0.0,0.058823529411764705,0.11764705882352941,0.0,0.058823529411764705
880,VPMQRVLKYHLLLQELVK,inactive - virtual,inactive - virtual,0,Inactive,virtual,1,18,0.0,0.0,0.0,0.05555555555555555,0.0,0.0,0.05555555555555555,0.0,0.1111111111111111,0.2777777777777778,0.05555555555555555,0.0,0.05555555555555555,0.1111111111111111,0.05555555555555555,0.0,0.0,0.16666666666666666,0.0,0.05555555555555555
881,VQEVNRFIKAFEEMKALMKSL,inactive - virtual,inactive - virtual,0,Inactive,virtual,1,21,0.09523809523809523,0.0,0.0,0.14285714285714285,0.09523809523809523,0.0,0.0,0.047619047619047616,0.14285714285714285,0.09523809523809523,0.09523809523809523,0.047619047619047616,0.0,0.047619047619047616,0.047619047619047616,0.047619047619047616,0.0,0.09523809523809523,0.0,0.0
882,VSDARSAITSAQELLDS,inactive - virtual,inactive - virtual,0,Inactive,virtual,1,17,0.17647058823529413,0.0,0.11764705882352941,0.058823529411764705,0.0,0.0,0.0,0.058823529411764705,0.0,0.11764705882352941,0.0,0.0,0.0,0.058823529411764705,0.058823529411764705,0.23529411764705882,0.058823529411764705,0.058823529411764705,0.0,0.0
883,VWHYALWSLIQQSEILFAQ,inactive - virtual,inactive - virtual,0,Inactive,virtual,1,19,0.10526315789473684,0.0,0.0,0.05263157894736842,0.05263157894736842,0.0,0.05263157894736842,0.10526315789473684,0.0,0.15789473684210525,0.0,0.0,0.0,0.15789473684210525,0.0,0.10526315789473684,0.0,0.05263157894736842,0.10526315789473684,0.05263157894736842
884,VYGPFWKNWQAQ,inactive - virtual,inactive - virtual,0,Inactive,virtual,1,12,0.08333333333333333,0.0,0.0,0.0,0.08333333333333333,0.08333333333333333,0.0,0.0,0.08333333333333333,0.0,0.0,0.08333333333333333,0.08333333333333333,0.16666666666666666,0.0,0.0,0.0,0.08333333333333333,0.16666666666666666,0.08333333333333333
885,WATLLAQWADRAL,inactive - virtual,inactive - virtual,0,Inactive,virtual,1,13,0.3076923076923077,0.0,0.07692307692307693,0.0,0.0,0.0,0.0,0.0,0.0,0.23076923076923078,0.0,0.0,0.0,0.07692307692307693,0.07692307692307693,0.0,0.07692307692307693,0.0,0.15384615384615385,0.0
886,WDDIRNDLFRIQNDLFVLGEDVST,inactive - virtual,inactive - virtual,0,Inactive,virtual,1,24,0.0,0.0,0.20833333333333334,0.041666666666666664,0.08333333333333333,0.041666666666666664,0.0,0.08333333333333333,0.0,0.125,0.0,0.08333333333333333,0.0,0.041666666666666664,0.08333333333333333,0.041666666666666664,0.041666666666666664,0.08333333333333333,0.041666666666666664,0.0
887,YAKGALQYLVPILTQTLT,inactive - virtual,inactive - virtual,0,Inactive,virtual,1,18,0.1111111111111111,0.0,0.0,0.0,0.0,0.05555555555555555,0.0,0.05555555555555555,0.05555555555555555,0.2222222222222222,0.0,0.0,0.05555555555555555,0.1111111111111111,0.0,0.0,0.16666666666666666,0.05555555555555555,0.0,0.1111111111111111
888,YDDIIEAAGELG,inactive - virtual,inactive - virtual,0,Inactive,virtual,1,12,0.16666666666666666,0.0,0.16666666666666666,0.16666666666666666,0.0,0.16666666666666666,0.0,0.16666666666666666,0.0,0.08333333333333333,0.0,0.0,0.0,0.0,0.0,0.0,0.0,0.0,0.0,0.08333333333333333
889,YDLLKDLEEGIQTLMGRL,inactive - virtual,inactive - virtual,0,Inactive,virtual,1,18,0.0,0.0,0.1111111111111111,0.1111111111111111,0.0,0.1111111111111111,0.0,0.05555555555555555,0.05555555555555555,0.2777777777777778,0.05555555555555555,0.0,0.0,0.05555555555555555,0.05555555555555555,0.0,0.05555555555555555,0.0,0.0,0.05555555555555555
890,YEDKAVELYSRTAR,inactive - virtual,inactive - virtual,0,Inactive,virtual,1,14,0.14285714285714285,0.0,0.07142857142857142,0.14285714285714285,0.0,0.0,0.0,0.0,0.07142857142857142,0.07142857142857142,0.0,0.0,0.0,0.0,0.14285714285714285,0.07142857142857142,0.07142857142857142,0.07142857142857142,0.0,0.14285714285714285
891,YETLEFLGDALVNFFIVDLLVQYS,inactive - virtual,inactive - virtual,0,Inactive,virtual,1,24,0.041666666666666664,0.0,0.08333333333333333,0.08333333333333333,0.125,0.041666666666666664,0.0,0.041666666666666664,0.0,0.20833333333333334,0.0,0.041666666666666664,0.0,0.041666666666666664,0.0,0.041666666666666664,0.041666666666666664,0.125,0.0,0.08333333333333333
892,YFSKGIPNVLRR,inactive - virtual,inactive - virtual,0,Inactive,virtual,1,12,0.0,0.0,0.0,0.0,0.08333333333333333,0.08333333333333333,0.0,0.08333333333333333,0.08333333333333333,0.08333333333333333,0.0,0.08333333333333333,0.08333333333333333,0.0,0.16666666666666666,0.08333333333333333,0.0,0.08333333333333333,0.0,0.08333333333333333
893,YGSIGLTNFGYLDKE,inactive - virtual,inactive - virtual,0,Inactive,virtual,1,15,0.0,0.0,0.06666666666666667,0.06666666666666667,0.06666666666666667,0.2,0.0,0.06666666666666667,0.06666666666666667,0.13333333333333333,0.0,0.06666666666666667,0.0,0.0,0.0,0.06666666666666667,0.06666666666666667,0.0,0.0,0.13333333333333333
894,YKEPLKAVVKKLLEKE,inactive - virtual,inactive - virtual,0,Inactive,virtual,1,16,0.0625,0.0,0.0,0.1875,0.0,0.0,0.0,0.0,0.3125,0.1875,0.0,0.0,0.0625,0.0,0.0,0.0,0.0,0.125,0.0,0.0625
895,YKKFRQLIQVN,inactive - virtual,inactive - virtual,0,Inactive,virtual,1,11,0.0,0.0,0.0,0.0,0.09090909090909091,0.0,0.0,0.09090909090909091,0.18181818181818182,0.09090909090909091,0.0,0.09090909090909091,0.0,0.18181818181818182,0.09090909090909091,0.0,0.0,0.09090909090909091,0.0,0.09090909090909091
896,YLADLFLAPQIHGAINRFQ,inactive - virtual,inactive - virtual,0,Inactive,virtual,1,19,0.15789473684210525,0.0,0.05263157894736842,0.0,0.10526315789473684,0.05263157894736842,0.05263157894736842,0.10526315789473684,0.0,0.15789473684210525,0.0,0.05263157894736842,0.05263157894736842,0.10526315789473684,0.05263157894736842,0.0,0.0,0.0,0.0,0.05263157894736842
897,YLDKEVKLIKKMGNHLTNLRRVA,inactive - virtual,inactive - virtual,0,Inactive,virtual,1,23,0.043478260869565216,0.0,0.043478260869565216,0.043478260869565216,0.0,0.043478260869565216,0.043478260869565216,0.043478260869565216,0.17391304347826086,0.17391304347826086,0.043478260869565216,0.08695652173913043,0.0,0.0,0.08695652173913043,0.0,0.043478260869565216,0.08695652173913043,0.0,0.043478260869565216
898,YLSESVETIKKLGDHITSLKKLW,inactive - virtual,inactive - virtual,0,Inactive,virtual,1,23,0.0,0.0,0.043478260869565216,0.08695652173913043,0.0,0.043478260869565216,0.043478260869565216,0.08695652173913043,0.17391304347826086,0.17391304347826086,0.0,0.0,0.0,0.0,0.0,0.13043478260869565,0.08695652173913043,0.043478260869565216,0.043478260869565216,0.043478260869565216
899,YPIVDAAMRQLTETG,inactive - virtual,inactive - virtual,0,Inactive,virtual,1,15,0.13333333333333333,0.0,0.06666666666666667,0.06666666666666667,0.0,0.06666666666666667,0.0,0.06666666666666667,0.0,0.06666666666666667,0.06666666666666667,0.0,0.06666666666666667,0.06666666666666667,0.06666666666666667,0.0,0.13333333333333333,0.06666666666666667,0.0,0.06666666666666667
900,YQNIVKAVQYAARKLQ,inactive - virtual,inactive - virtual,0,Inactive,virtual,1,16,0.1875,0.0,0.0,0.0,0.0,0.0,0.0,0.0625,0.125,0.0625,0.0,0.0625,0.0,0.1875,0.0625,0.0,0.0,0.125,0.0,0.125
901,YQQQKKYLGRMTE,inactive - virtual,inactive - virtual,0,Inactive,virtual,1,13,0.0,0.0,0.0,0.07692307692307693,0.0,0.07692307692307693,0.0,0.0,0.15384615384615385,0.07692307692307693,0.07692307692307693,0.0,0.0,0.23076923076923078,0.07692307692307693,0.0,0.07692307692307693,0.0,0.0,0.15384615384615385
