ID,sequence,class,original_class,label,binary_class,inactive_source,is_virtual_inactive,length,AAC_A,AAC_C,AAC_D,AAC_E,AAC_F,AAC_G,AAC_H,AAC_I,AAC_K,AAC_L,AAC_M,AAC_N,AAC_P,AAC_Q,AAC_R,AAC_S,AAC_T,AAC_V,AAC_W,AAC_Y,molecular_weight,net_charge_pH7_4,isoelectric_point,aromaticity,instability_index,mean_eisenberg_hydrophobicity,hydrophobic_moment,charge_density,aliphatic_index,boman_index,hydrophobic_ratio
1,AIGKFLHSAKKFGKAFVGEIMNS,mod. active,mod. active,1,Active,active,0,23,0.13043478260869565,0.0,0.0,0.043478260869565216,0.13043478260869565,0.13043478260869565,0.043478260869565216,0.08695652173913043,0.17391304347826086,0.043478260869565216,0.043478260869565216,0.043478260869565216,0.0,0.0,0.0,0.08695652173913043,0.0,0.043478260869565216,0.0,0.0,2480.9238,2.6355271293782248,10.001705741882326,0.13043478260869565,3.5869565217391304,0.1852173913043478,0.4588864603132566,0.001247516052448074,76.52173913043478,0.38130434782608685,0.4782608695652174
2,FAKALAKLAKKLL,mod. active,mod. active,1,Active,active,0,13,0.3076923076923077,0.0,0.0,0.0,0.07692307692307693,0.0,0.0,0.0,0.3076923076923077,0.3076923076923077,0.0,0.0,0.0,0.0,0.0,0.0,0.0,0.0,0.0,0.0,1414.8202999999999,3.5474304968978063,10.477740287780762,0.07692307692307693,-3.8307692307692314,0.16000000000000003,0.698863959540103,0.0028236607931694975,150.76923076923077,-0.5923076923076924,0.6923076923076923
3,FAKALKALLKALKAL,mod. active,mod. active,1,Active,active,0,15,0.3333333333333333,0.0,0.0,0.0,0.06666666666666667,0.0,0.0,0.0,0.26666666666666666,0.3333333333333333,0.0,0.0,0.0,0.0,0.0,0.0,0.0,0.0,0.0,0.0,1599.0558,3.5474304968978063,10.477740287780762,0.06666666666666667,-7.6466666666666665,0.25333333333333335,0.6477162672076247,0.002498342776381124,163.33333333333331,-0.962,0.7333333333333333
4,FAKFLAKFLKKAL,mod. active,mod. active,1,Active,active,0,13,0.23076923076923078,0.0,0.0,0.0,0.23076923076923078,0.0,0.0,0.0,0.3076923076923077,0.23076923076923078,0.0,0.0,0.0,0.0,0.0,0.0,0.0,0.0,0.0,0.0,1524.9324,3.5474304968978063,10.477740287780762,0.23076923076923075,2.7,0.21230769230769234,0.6882992608836195,0.002619775204270332,113.07692307692308,-0.5330769230769232,0.6923076923076923
5,FAKIIAKIAKIAKKIL,inactive - exp,inactive - exp,0,Inactive,experimental,0,16,0.25,0.0,0.0,0.0,0.0625,0.0,0.0,0.3125,0.3125,0.0625,0.0,0.0,0.0,0.0,0.0,0.0,0.0,0.0,0.0,0.0,1769.3078,4.5449249042305215,10.602486610412598,0.0625,0.18750000000000044,0.26749999999999996,0.7424862799351125,0.0028231344422401956,171.25,-0.7493750000000001,0.6875
6,FAKKFAKKFKKFAKKFAKFAFAF,mod. active,mod. active,1,Active,active,0,23,0.2608695652173913,0.0,0.0,0.0,0.34782608695652173,0.0,0.0,0.0,0.391304347826087,0.0,0.0,0.0,0.0,0.0,0.0,0.0,0.0,0.0,0.0,0.0,2775.4238,8.534902533561377,10.903296089172361,0.34782608695652173,3.0304347826086957,-0.007826086956521717,0.6546208268490785,0.003240578937317821,26.08695652173913,0.6630434782608695,0.6086956521739131
7,FAKKLAKKLAKAAL,inactive - exp,inactive - exp,0,Inactive,experimental,0,14,0.35714285714285715,0.0,0.0,0.0,0.07142857142857142,0.0,0.0,0.0,0.35714285714285715,0.21428571428571427,0.0,0.0,0.0,0.0,0.0,0.0,0.0,0.0,0.0,0.0,1500.9129,4.5449249042305215,10.602486610412598,0.07142857142857144,-2.8428571428571434,0.007142857142857173,0.5675189584710523,0.0033279588519041655,119.28571428571428,0.0685714285714285,0.6428571428571429
8,FAKKLAKKLAKAL,inactive - exp,inactive - exp,0,Inactive,experimental,0,13,0.3076923076923077,0.0,0.0,0.0,0.07692307692307693,0.0,0.0,0.0,0.38461538461538464,0.23076923076923078,0.0,0.0,0.0,0.0,0.0,0.0,0.0,0.0,0.0,0.0,1429.835,4.5449249042305215,10.602486610412598,0.07692307692307693,-3.8307692307692314,-0.039999999999999966,0.7000772229428655,0.0034933978626979245,120.76923076923077,0.21307692307692305,0.6153846153846154
9,FAKKLAKKLAKLAL,inactive - exp,inactive - exp,0,Inactive,experimental,0,14,0.2857142857142857,0.0,0.0,0.0,0.07142857142857142,0.0,0.0,0.0,0.35714285714285715,0.2857142857142857,0.0,0.0,0.0,0.0,0.0,0.0,0.0,0.0,0.0,0.0,1542.9926,4.5449249042305215,10.602486610412598,0.07142857142857144,-8.907142857142858,0.04142857142857146,0.580931972128121,0.003237200259235256,140.0,-0.15357142857142855,0.6428571428571429
10,FAKKLAKKLAKLL,inactive - exp,inactive - exp,0,Inactive,experimental,0,13,0.23076923076923078,0.0,0.0,0.0,0.07692307692307693,0.0,0.0,0.0,0.38461538461538464,0.3076923076923077,0.0,0.0,0.0,0.0,0.0,0.0,0.0,0.0,0.0,0.0,1471.9147,4.5449249042305215,10.602486610412598,0.07692307692307693,-10.361538461538462,-0.0030769230769230457,0.7164995081472946,0.003393526822109897,143.07692307692307,-0.026153846153846142,0.6153846153846154
11,FAKKLAKKLKKLAKKLAK,inactive - exp,inactive - exp,0,Inactive,experimental,0,18,0.2222222222222222,0.0,0.0,0.0,0.05555555555555555,0.0,0.0,0.0,0.5,0.2222222222222222,0.0,0.0,0.0,0.0,0.0,0.0,0.0,0.0,0.0,0.0,2055.6818,8.534902533561377,10.903296089172361,0.05555555555555555,-14.138888888888891,-0.30111111111111105,0.7735983971826441,0.0043751732994760885,108.88888888888889,1.113888888888889,0.5
12,FAKKLAKKLKKLAKKLAKKWKL,mod. active,mod. active,1,Active,active,0,22,0.18181818181818182,0.0,0.0,0.0,0.045454545454545456,0.0,0.0,0.0,0.5,0.22727272727272727,0.0,0.0,0.0,0.0,0.0,0.0,0.0,0.0,0.045454545454545456,0.0,2611.3939,10.529891348226807,11.000127601623536,0.09090909090909091,-13.609090909090911,-0.2959090909090909,0.6526570489310181,0.004210002297618136,106.81818181818181,1.0863636363636366,0.45454545454545453
13,FAKKLAKKLKKLAKKLAKLAKKL,inactive - exp,inactive - exp,0,Inactive,experimental,0,23,0.21739130434782608,0.0,0.0,0.0,0.043478260869565216,0.0,0.0,0.0,0.4782608695652174,0.2608695652173913,0.0,0.0,0.0,0.0,0.0,0.0,0.0,0.0,0.0,0.0,2609.4195,10.529891348226807,11.000127601623536,0.043478260869565216,-16.273913043478263,-0.24347826086956512,0.7690407505457075,0.004213180656311915,123.4782608695652,0.8478260869565217,0.5217391304347826
14,FAKKLAKKLKKLAKKLAKLALALKALALKAL,mod. active,mod. active,1,Active,active,0,31,0.2903225806451613,0.0,0.0,0.0,0.03225806451612903,0.0,0.0,0.0,0.3548387096774194,0.3225806451612903,0.0,0.0,0.0,0.0,0.0,0.0,0.0,0.0,0.0,0.0,3346.3614999999995,10.529891348226807,11.000127601623536,0.03225806451612903,-12.232258064516131,0.04129032258064521,0.5215132910732396,0.003285350992269235,154.83870967741936,-0.23935483870967741,0.6451612903225806
15,FAKKLAKKLKKLAKKLIGAVLKV,mod. active,mod. active,1,Active,active,0,23,0.17391304347826086,0.0,0.0,0.0,0.043478260869565216,0.043478260869565216,0.0,0.043478260869565216,0.391304347826087,0.21739130434782608,0.0,0.0,0.0,0.0,0.0,0.0,0.0,0.08695652173913043,0.0,0.0,2537.3102999999996,8.534902533561377,10.903296089172361,0.043478260869565216,-19.96521739130435,-0.010434782608695603,0.6343178898810873,0.003544684943168382,144.3478260869565,0.051739130434782704,0.5652173913043478
16,FAKKLAKKLKKLAKLALAK,inactive - exp,inactive - exp,0,Inactive,experimental,0,19,0.2631578947368421,0.0,0.0,0.0,0.05263157894736842,0.0,0.0,0.0,0.42105263157894735,0.2631578947368421,0.0,0.0,0.0,0.0,0.0,0.0,0.0,0.0,0.0,0.0,2111.745,7.537408126228662,10.845339012145995,0.052631578947368425,-12.86842105263158,-0.11578947368421048,0.5225888380621676,0.0037854859713507753,128.94736842105263,0.4089473684210526,0.5789473684210527
17,FAKKLAKKLKKLAKLALAL,inactive - exp,inactive - exp,0,Inactive,experimental,0,19,0.2631578947368421,0.0,0.0,0.0,0.05263157894736842,0.0,0.0,0.0,0.3684210526315789,0.3157894736842105,0.0,0.0,0.0,0.0,0.0,0.0,0.0,0.0,0.0,0.0,2096.7302999999997,6.539913718895949,10.778420829772951,0.052631578947368425,-12.86842105263158,0.021052631578947406,0.5822319957114909,0.0033356543968255485,149.4736842105263,-0.14210526315789476,0.631578947368421
18,FAKKLAKKLL,inactive - exp,inactive - exp,0,Inactive,experimental,0,10,0.2,0.0,0.0,0.0,0.1,0.0,0.0,0.0,0.4,0.3,0.0,0.0,0.0,0.0,0.0,0.0,0.0,0.0,0.0,0.0,1159.5069,3.5474304968978063,10.477740287780762,0.1,-7.98,-0.025999999999999978,0.6447193522537001,0.003445420910557046,137.0,0.08399999999999999,0.6
19,FAKKLAKLAKKALAL,inactive - exp,inactive - exp,0,Inactive,experimental,0,15,0.3333333333333333,0.0,0.0,0.0,0.06666666666666667,0.0,0.0,0.0,0.3333333333333333,0.26666666666666666,0.0,0.0,0.0,0.0,0.0,0.0,0.0,0.0,0.0,0.0,1614.0705000000003,4.5449249042305215,10.602486610412598,0.06666666666666667,-1.9866666666666668,0.08000000000000004,0.5791321280119752,0.0030946421490880257,137.33333333333331,-0.2640000000000001,0.6666666666666666
20,FAKKLAKLAKKL,inactive - exp,inactive - exp,0,Inactive,experimental,0,12,0.25,0.0,0.0,0.0,0.08333333333333333,0.0,0.0,0.0,0.4166666666666667,0.25,0.0,0.0,0.0,0.0,0.0,0.0,0.0,0.0,0.0,0.0,1358.7571,4.5449249042305215,10.602486610412598,0.08333333333333334,-12.058333333333334,-0.09499999999999997,0.778656529379512,0.003676145897730284,122.5,0.38166666666666654,0.5833333333333334
21,FAKKLAKLAKKLAKLAL,mod. active,mod. active,1,Active,active,0,17,0.29411764705882354,0.0,0.0,0.0,0.058823529411764705,0.0,0.0,0.0,0.35294117647058826,0.29411764705882354,0.0,0.0,0.0,0.0,0.0,0.0,0.0,0.0,0.0,0.0,1855.4004,5.5424193115632345,10.699318122863769,0.05882352941176471,-10.564705882352943,0.047058823529411806,0.6623655720203274,0.003231091780253421,144.11764705882354,-0.19588235294117656,0.6470588235294118
22,FAKKLAKLAKKLAKLALAL,mod. active,mod. active,1,Active,active,0,19,0.3157894736842105,0.0,0.0,0.0,0.05263157894736842,0.0,0.0,0.0,0.3157894736842105,0.3157894736842105,0.0,0.0,0.0,0.0,0.0,0.0,0.0,0.0,0.0,0.0,2039.6358999999998,5.5424193115632345,10.699318122863769,0.052631578947368425,-8.4,0.13263157894736846,0.6046772737292629,0.002939244180345551,154.73684210526315,-0.5294736842105264,0.6842105263157895
23,FAKKLAKLAKKLLAL,mod. active,mod. active,1,Active,active,0,15,0.26666666666666666,0.0,0.0,0.0,0.06666666666666667,0.0,0.0,0.0,0.3333333333333333,0.3333333333333333,0.0,0.0,0.0,0.0,0.0,0.0,0.0,0.0,0.0,0.0,1656.1502,4.5449249042305215,10.602486610412598,0.06666666666666667,-7.6466666666666665,0.11200000000000004,0.6072084700185816,0.00301601294560912,156.66666666666663,-0.4713333333333335,0.6666666666666666
24,FAKKLAKLALKLAKL,mod. active,mod. active,1,Active,active,0,15,0.26666666666666666,0.0,0.0,0.0,0.06666666666666667,0.0,0.0,0.0,0.3333333333333333,0.3333333333333333,0.0,0.0,0.0,0.0,0.0,0.0,0.0,0.0,0.0,0.0,1656.1502,4.5449249042305215,10.602486610412598,0.06666666666666667,-18.96666666666667,0.11200000000000004,0.6261788837795225,0.00301601294560912,156.66666666666663,-0.47133333333333344,0.6666666666666666
25,FAKKLKKLAKLAKKL,inactive - exp,inactive - exp,0,Inactive,experimental,0,15,0.2,0.0,0.0,0.0,0.06666666666666667,0.0,0.0,0.0,0.4666666666666667,0.26666666666666666,0.0,0.0,0.0,0.0,0.0,0.0,0.0,0.0,0.0,0.0,1728.2593000000002,6.539913718895949,10.778420829772951,0.06666666666666667,-18.96666666666667,-0.20266666666666663,0.7199286945376694,0.00404682138786185,124.0,0.7173333333333333,0.5333333333333333
26,FAKKLLAKALKL,inactive - exp,inactive - exp,0,Inactive,experimental,0,12,0.25,0.0,0.0,0.0,0.08333333333333333,0.0,0.0,0.0,0.3333333333333333,0.3333333333333333,0.0,0.0,0.0,0.0,0.0,0.0,0.0,0.0,0.0,0.0,1343.7424,3.5474304968978063,10.477740287780762,0.08333333333333334,-12.058333333333334,0.1216666666666667,0.5233058500979805,0.0029730232558139538,154.99999999999997,-0.4908333333333333,0.6666666666666666
27,FAKLAKKALAKLL,inactive - exp,inactive - exp,0,Inactive,experimental,0,13,0.3076923076923077,0.0,0.0,0.0,0.07692307692307693,0.0,0.0,0.0,0.3076923076923077,0.3076923076923077,0.0,0.0,0.0,0.0,0.0,0.0,0.0,0.0,0.0,0.0,1414.8202999999999,3.5474304968978063,10.477740287780762,0.07692307692307693,-3.8307692307692314,0.16,0.5687265324767867,0.0028236607931694975,150.76923076923077,-0.5923076923076924,0.6923076923076923
28,FAKLF,inactive - exp,inactive - exp,0,Inactive,experimental,0,5,0.2,0.0,0.0,0.0,0.4,0.0,0.0,0.0,0.2,0.2,0.0,0.0,0.0,0.0,0.0,0.0,0.0,0.0,0.0,0.0,624.7706999999999,0.5549472748996638,8.750052070617677,0.4,-8.98,0.524,0.8162808107616273,0.0015941866606911344,98.0,-1.4280000000000002,0.8
29,FAKLFAKLAKKFAL,inactive - exp,inactive - exp,0,Inactive,experimental,0,14,0.2857142857142857,0.0,0.0,0.0,0.21428571428571427,0.0,0.0,0.0,0.2857142857142857,0.21428571428571427,0.0,0.0,0.0,0.0,0.0,0.0,0.0,0.0,0.0,0.0,1596.0103,3.5474304968978063,10.477740287780762,0.21428571428571427,-2.8428571428571434,0.2414285714285714,0.5744157135029234,0.002503101464893924,112.14285714285714,-0.6242857142857144,0.7142857142857143
30,FAKLLAKALKKAL,mod. active,mod. active,1,Active,active,0,13,0.3076923076923077,0.0,0.0,0.0,0.07692307692307693,0.0,0.0,0.0,0.3076923076923077,0.3076923076923077,0.0,0.0,0.0,0.0,0.0,0.0,0.0,0.0,0.0,0.0,1414.8202999999999,3.5474304968978063,10.477740287780762,0.07692307692307693,-3.8307692307692314,0.16000000000000003,0.6692892516125144,0.0028236607931694975,150.76923076923077,-0.5923076923076924,0.6923076923076923
31,FAKLLAKALKKFAL,mod. active,mod. active,1,Active,active,0,14,0.2857142857142857,0.0,0.0,0.0,0.14285714285714285,0.0,0.0,0.0,0.2857142857142857,0.2857142857142857,0.0,0.0,0.0,0.0,0.0,0.0,0.0,0.0,0.0,0.0,1561.9941,3.5474304968978063,10.477740287780762,0.14285714285714288,-2.8428571428571434,0.2342857142857143,0.5740475098530925,0.0025576184379001283,140.0,-0.7628571428571428,0.7142857142857143
32,FAKLLAKALKKFL,mod. active,mod. active,1,Active,active,0,13,0.23076923076923078,0.0,0.0,0.0,0.15384615384615385,0.0,0.0,0.0,0.3076923076923077,0.3076923076923077,0.0,0.0,0.0,0.0,0.0,0.0,0.0,0.0,0.0,0.0,1490.9162,3.5474304968978063,10.477740287780762,0.15384615384615385,-3.8307692307692314,0.20461538461538462,0.710155772803611,0.0026795535642422127,143.07692307692307,-0.6823076923076924,0.6923076923076923
33,FAKLLAKALKKL,inactive - exp,inactive - exp,0,Inactive,experimental,0,12,0.25,0.0,0.0,0.0,0.08333333333333333,0.0,0.0,0.0,0.3333333333333333,0.3333333333333333,0.0,0.0,0.0,0.0,0.0,0.0,0.0,0.0,0.0,0.0,1343.7423999999999,3.5474304968978063,10.477740287780762,0.08333333333333334,-12.058333333333334,0.1216666666666667,0.7461443454495983,0.0029730232558139538,154.99999999999997,-0.4908333333333334,0.6666666666666666
34,FAKLLAKALKKLL,very active,very active,1,Active,active,0,13,0.23076923076923078,0.0,0.0,0.0,0.07692307692307693,0.0,0.0,0.0,0.3076923076923077,0.38461538461538464,0.0,0.0,0.0,0.0,0.0,0.0,0.0,0.0,0.0,0.0,1456.8999999999999,3.5474304968978063,10.477740287780762,0.07692307692307693,-10.361538461538462,0.19692307692307695,0.7030773034640158,0.0027421236872812132,173.0769230769231,-0.8315384615384616,0.6923076923076923
35,FAKLLAKALKLKL,inactive - exp,inactive - exp,0,Inactive,experimental,0,13,0.23076923076923078,0.0,0.0,0.0,0.07692307692307693,0.0,0.0,0.0,0.3076923076923077,0.38461538461538464,0.0,0.0,0.0,0.0,0.0,0.0,0.0,0.0,0.0,0.0,1456.8999999999999,3.5474304968978063,10.477740287780762,0.07692307692307693,-23.423076923076927,0.19692307692307695,0.4192857934218045,0.0027421236872812132,173.0769230769231,-0.8315384615384617,0.6923076923076923
36,FAKLLAKFLKKAL,mod. active,mod. active,1,Active,active,0,13,0.23076923076923078,0.0,0.0,0.0,0.15384615384615385,0.0,0.0,0.0,0.3076923076923077,0.3076923076923077,0.0,0.0,0.0,0.0,0.0,0.0,0.0,0.0,0.0,0.0,1490.9162,3.5474304968978063,10.477740287780762,0.15384615384615385,-3.8307692307692314,0.20461538461538462,0.6897343151003337,0.0026795535642422127,143.07692307692307,-0.6823076923076924,0.6923076923076923
37,FAKLLAKLAKAKL,inactive - exp,inactive - exp,0,Inactive,experimental,0,13,0.3076923076923077,0.0,0.0,0.0,0.07692307692307693,0.0,0.0,0.0,0.3076923076923077,0.3076923076923077,0.0,0.0,0.0,0.0,0.0,0.0,0.0,0.0,0.0,0.0,1414.8202999999999,3.5474304968978063,10.477740287780762,0.07692307692307693,-10.361538461538462,0.16000000000000003,0.43211469576382144,0.002823680750908243,150.76923076923077,-0.5923076923076924,0.6923076923076923
38,FAKLLAKLAKKAA,inactive - exp,inactive - exp,0,Inactive,experimental,0,13,0.38461538461538464,0.0,0.0,0.0,0.07692307692307693,0.0,0.0,0.0,0.3076923076923077,0.23076923076923078,0.0,0.0,0.0,0.0,0.0,0.0,0.0,0.0,0.0,0.0,1372.7405999999999,3.5474304968978063,10.477740287780762,0.07692307692307693,-3.8307692307692314,0.1230769230769231,0.6523372537091026,0.002910216718266254,128.46153846153845,-0.3530769230769233,0.6923076923076923
39,FAKLLAKLAKKAL,inactive - exp,inactive - exp,0,Inactive,experimental,0,13,0.3076923076923077,0.0,0.0,0.0,0.07692307692307693,0.0,0.0,0.0,0.3076923076923077,0.3076923076923077,0.0,0.0,0.0,0.0,0.0,0.0,0.0,0.0,0.0,0.0,1414.8202999999999,3.5474304968978063,10.477740287780762,0.07692307692307693,-3.8307692307692314,0.16000000000000003,0.657497747831644,0.0028236607931694975,150.76923076923077,-0.5923076923076925,0.6923076923076923
40,FAKLLAKLAKKFAL,inactive - exp,inactive - exp,0,Inactive,experimental,0,14,0.2857142857142857,0.0,0.0,0.0,0.14285714285714285,0.0,0.0,0.0,0.2857142857142857,0.2857142857142857,0.0,0.0,0.0,0.0,0.0,0.0,0.0,0.0,0.0,0.0,1561.9941,3.5474304968978063,10.477740287780762,0.14285714285714288,-2.8428571428571434,0.2342857142857143,0.567302406594784,0.0025576184379001283,140.0,-0.7628571428571431,0.7142857142857143
41,FAKLLAKLAKKGL,inactive - exp,inactive - exp,0,Inactive,experimental,0,13,0.23076923076923078,0.0,0.0,0.0,0.07692307692307693,0.07692307692307693,0.0,0.0,0.3076923076923077,0.3076923076923077,0.0,0.0,0.0,0.0,0.0,0.0,0.0,0.0,0.0,0.0,1400.7937,3.5474304968978063,10.477740287780762,0.07692307692307693,-10.361538461538462,0.14923076923076925,0.6473645474315981,0.002851941747572816,143.07692307692307,-0.5253846153846156,0.6153846153846154
42,FAKLLAKLAKKIL,inactive - exp,inactive - exp,0,Inactive,experimental,0,13,0.23076923076923078,0.0,0.0,0.0,0.07692307692307693,0.0,0.0,0.07692307692307693,0.3076923076923077,0.3076923076923077,0.0,0.0,0.0,0.0,0.0,0.0,0.0,0.0,0.0,0.0,1456.8999999999999,3.5474304968978063,10.477740287780762,0.07692307692307693,4.453846153846155,0.22000000000000003,0.7142949480742884,0.0027421236872812132,173.07692307692307,-0.8315384615384617,0.6923076923076923
43,FAKLLAKLAKKL,inactive - exp,inactive - exp,0,Inactive,experimental,0,12,0.25,0.0,0.0,0.0,0.08333333333333333,0.0,0.0,0.0,0.3333333333333333,0.3333333333333333,0.0,0.0,0.0,0.0,0.0,0.0,0.0,0.0,0.0,0.0,1343.7423999999999,3.5474304968978063,10.477740287780762,0.08333333333333334,-12.058333333333334,0.1216666666666667,0.7419279732664577,0.0029730232558139538,154.99999999999997,-0.4908333333333335,0.6666666666666666
44,FAKLLAKLAKKLL,very active,very active,1,Active,active,0,13,0.23076923076923078,0.0,0.0,0.0,0.07692307692307693,0.0,0.0,0.0,0.3076923076923077,0.38461538461538464,0.0,0.0,0.0,0.0,0.0,0.0,0.0,0.0,0.0,0.0,1456.8999999999999,3.5474304968978063,10.477740287780762,0.07692307692307693,-10.361538461538462,0.19692307692307695,0.6923859362710444,0.0027421236872812132,173.0769230769231,-0.8315384615384617,0.6923076923076923
45,FAKLLAKLAKKSL,inactive - exp,inactive - exp,0,Inactive,experimental,0,13,0.23076923076923078,0.0,0.0,0.0,0.07692307692307693,0.0,0.0,0.0,0.3076923076923077,0.3076923076923077,0.0,0.0,0.0,0.0,0.0,0.07692307692307693,0.0,0.0,0.0,0.0,1430.8196999999998,3.5474304968978063,10.477740287780762,0.07692307692307693,-3.8307692307692314,0.0984615384615385,0.5998923231971769,0.0027920857124885557,143.07692307692307,-0.1915384615384617,0.6153846153846154
46,FAKLLAKLAKKVL,mod. active,mod. active,1,Active,active,0,13,0.23076923076923078,0.0,0.0,0.0,0.07692307692307693,0.0,0.0,0.0,0.3076923076923077,0.3076923076923077,0.0,0.0,0.0,0.0,0.0,0.0,0.0,0.07692307692307693,0.0,0.0,1442.8733999999997,3.5474304968978063,10.477740287780762,0.07692307692307693,-10.361538461538462,0.19692307692307695,0.6923859362710444,0.0027687680195165225,165.3846153846154,-0.7638461538461541,0.6923076923076923
47,FAKLLAKLAKLKL,inactive - exp,inactive - exp,0,Inactive,experimental,0,13,0.23076923076923078,0.0,0.0,0.0,0.07692307692307693,0.0,0.0,0.0,0.3076923076923077,0.38461538461538464,0.0,0.0,0.0,0.0,0.0,0.0,0.0,0.0,0.0,0.0,1456.8999999999999,3.5474304968978063,10.477740287780762,0.07692307692307693,-23.423076923076927,0.19692307692307695,0.42215524092790935,0.0027421236872812132,173.0769230769231,-0.8315384615384617,0.6923076923076923
48,FAKLLFKALKKAL,inactive - exp,inactive - exp,0,Inactive,experimental,0,13,0.23076923076923078,0.0,0.0,0.0,0.15384615384615385,0.0,0.0,0.0,0.3076923076923077,0.3076923076923077,0.0,0.0,0.0,0.0,0.0,0.0,0.0,0.0,0.0,0.0,1490.9162,3.5474304968978063,10.477740287780762,0.15384615384615385,-15.392307692307691,0.20461538461538462,0.6664246225881205,0.0026795535642422127,143.07692307692307,-0.6823076923076924,0.6923076923076923
49,FAKLLKLAAKKLL,inactive - exp,inactive - exp,0,Inactive,experimental,0,13,0.23076923076923078,0.0,0.0,0.0,0.07692307692307693,0.0,0.0,0.0,0.3076923076923077,0.38461538461538464,0.0,0.0,0.0,0.0,0.0,0.0,0.0,0.0,0.0,0.0,1456.8999999999999,3.5474304968978063,10.477740287780762,0.07692307692307693,-16.892307692307693,0.19692307692307695,0.5568200530604908,0.0027421236872812132,173.0769230769231,-0.8315384615384616,0.6923076923076923
50,FAKLWAKLAFGKGIGKVGKKLL,mod. active,mod. active,1,Active,active,0,22,0.13636363636363635,0.0,0.0,0.0,0.09090909090909091,0.18181818181818182,0.0,0.045454545454545456,0.2727272727272727,0.18181818181818182,0.0,0.0,0.0,0.0,0.0,0.0,0.0,0.045454545454545456,0.045454545454545456,0.0,2373.9645000000005,5.5424193115632345,10.699318122863769,0.13636363636363635,-25.11363636363637,0.22227272727272726,0.17696068478306923,0.002525305711529632,115.45454545454547,-0.5827272727272728,0.5
51,FAKLWAKLAKKL,inactive - exp,inactive - exp,0,Inactive,experimental,0,12,0.25,0.0,0.0,0.0,0.08333333333333333,0.0,0.0,0.0,0.3333333333333333,0.25,0.0,0.0,0.0,0.0,0.0,0.0,0.0,0.0,0.08333333333333333,0.0,1416.7947,3.5474304968978063,10.477740287780762,0.16666666666666669,-4.850000000000002,0.09750000000000003,0.718030060266848,0.002819734613212874,122.5,-0.2750000000000001,0.5833333333333334
52,FALAAKALKKLAKKLKKLAKKAL,mod. active,mod. active,1,Active,active,0,23,0.30434782608695654,0.0,0.0,0.0,0.043478260869565216,0.0,0.0,0.0,0.391304347826087,0.2608695652173913,0.0,0.0,0.0,0.0,0.0,0.0,0.0,0.0,0.0,0.0,2495.2307,8.534902533561377,10.903296089172361,0.043478260869565216,-8.891304347826088,-0.059130434782608654,0.62717205776259,0.003604462897356567,132.17391304347825,0.20782608695652163,0.6086956521739131
53,FALAKLAKKAKAKLKKALKAL,mod. active,mod. active,1,Active,active,0,21,0.3333333333333333,0.0,0.0,0.0,0.047619047619047616,0.0,0.0,0.0,0.38095238095238093,0.23809523809523808,0.0,0.0,0.0,0.0,0.0,0.0,0.0,0.0,0.0,0.0,2253.9008,7.537408126228662,10.845339012145995,0.047619047619047616,-6.647619047619048,-0.04571428571428567,0.4710419895992131,0.003546725468186396,126.19047619047618,0.19761904761904756,0.6190476190476191
54,FALALKALKK,inactive - exp,inactive - exp,0,Inactive,experimental,0,10,0.3,0.0,0.0,0.0,0.1,0.0,0.0,0.0,0.3,0.3,0.0,0.0,0.0,0.0,0.0,0.0,0.0,0.0,0.0,0.0,1102.4125000000001,2.5499360895650924,10.302063941955566,0.1,-7.98,0.18600000000000003,0.5234139870774399,0.002716750421799314,147.0,-0.652,0.7
55,FALALKALKKAL,inactive - exp,inactive - exp,0,Inactive,experimental,0,12,0.3333333333333333,0.0,0.0,0.0,0.08333333333333333,0.0,0.0,0.0,0.25,0.3333333333333333,0.0,0.0,0.0,0.0,0.0,0.0,0.0,0.0,0.0,0.0,1286.6480000000001,2.5499360895650924,10.302063941955566,0.08333333333333334,-4.983333333333334,0.2983333333333334,0.5270839680472563,0.002327750359460615,163.33333333333331,-1.1041666666666667,0.75
56,FALALKALKKALKKLKKALKKAL,inactive - exp,inactive - exp,0,Inactive,experimental,0,23,0.2608695652173913,0.0,0.0,0.0,0.043478260869565216,0.0,0.0,0.0,0.391304347826087,0.30434782608695654,0.0,0.0,0.0,0.0,0.0,0.0,0.0,0.0,0.0,0.0,2537.3104000000003,8.534902533561377,10.903296089172361,0.043478260869565216,-12.582608695652176,-0.03826086956521735,0.6393088461929213,0.003544684943168382,144.7826086956522,0.07260869565217383,0.6086956521739131
57,FALALKALKKL,mod. active,mod. active,1,Active,active,0,11,0.2727272727272727,0.0,0.0,0.0,0.09090909090909091,0.0,0.0,0.0,0.2727272727272727,0.36363636363636365,0.0,0.0,0.0,0.0,0.0,0.0,0.0,0.0,0.0,0.0,1215.5701000000001,2.5499360895650924,10.302063941955566,0.09090909090909091,-14.063636363636364,0.2690909090909091,0.5503528291140778,0.002463864688993641,169.09090909090912,-1.04,0.7272727272727273
58,FALALKALKKLAKKLKKLAKKAL,mod. active,mod. active,1,Active,active,0,23,0.2608695652173913,0.0,0.0,0.0,0.043478260869565216,0.0,0.0,0.0,0.391304347826087,0.30434782608695654,0.0,0.0,0.0,0.0,0.0,0.0,0.0,0.0,0.0,0.0,2537.3104000000003,8.534902533561377,10.903296089172361,0.043478260869565216,-12.582608695652176,-0.03826086956521735,0.631876058841103,0.003544684943168382,144.7826086956522,0.07260869565217376,0.6086956521739131
59,FALALKALKKLKKALKKAL,mod. active,mod. active,1,Active,active,0,19,0.2631578947368421,0.0,0.0,0.0,0.05263157894736842,0.0,0.0,0.0,0.3684210526315789,0.3157894736842105,0.0,0.0,0.0,0.0,0.0,0.0,0.0,0.0,0.0,0.0,2096.7303,6.539913718895949,10.778420829772951,0.052631578947368425,-12.86842105263158,0.021052631578947406,0.582231995711491,0.0033356543968255485,149.4736842105263,-0.14210526315789487,0.631578947368421
60,FALALKALKKLLKKLKKLAKKAL,mod. active,mod. active,1,Active,active,0,23,0.21739130434782608,0.0,0.0,0.0,0.043478260869565216,0.0,0.0,0.0,0.391304347826087,0.34782608695652173,0.0,0.0,0.0,0.0,0.0,0.0,0.0,0.0,0.0,0.0,2579.3901000000005,8.534902533561377,10.903296089172361,0.043478260869565216,-16.273913043478263,-0.017391304347826046,0.6437638814205566,0.0034868574086996972,157.39130434782606,-0.06260869565217395,0.6086956521739131
61,FALALKKALKALKKAL,mod. active,mod. active,1,Active,active,0,16,0.3125,0.0,0.0,0.0,0.0625,0.0,0.0,0.0,0.3125,0.3125,0.0,0.0,0.0,0.0,0.0,0.0,0.0,0.0,0.0,0.0,1727.2281,4.5449249042305215,10.602486610412598,0.0625,-6.54375,0.14375000000000004,0.5989436322959629,0.002891913642074304,153.125,-0.555,0.6875
62,FALALKLAKKAL,inactive - exp,inactive - exp,0,Inactive,experimental,0,12,0.3333333333333333,0.0,0.0,0.0,0.08333333333333333,0.0,0.0,0.0,0.25,0.3333333333333333,0.0,0.0,0.0,0.0,0.0,0.0,0.0,0.0,0.0,0.0,1286.6480000000001,2.5499360895650924,10.302063941955566,0.08333333333333334,-4.983333333333334,0.2983333333333334,0.49014859578258485,0.002327750359460615,163.33333333333331,-1.1041666666666667,0.75
63,FALKALKKLKKALKKAL,mod. active,mod. active,1,Active,active,0,17,0.23529411764705882,0.0,0.0,0.0,0.058823529411764705,0.0,0.0,0.0,0.4117647058823529,0.29411764705882354,0.0,0.0,0.0,0.0,0.0,0.0,0.0,0.0,0.0,0.0,1912.4948,6.539913718895949,10.778420829772951,0.05882352941176471,-15.558823529411766,-0.07764705882352937,0.6506575029597205,0.0036569934640522874,138.23529411764707,0.23705882352941163,0.5882352941176471
64,FALLKALKKAL,inactive - exp,inactive - exp,0,Inactive,experimental,0,11,0.2727272727272727,0.0,0.0,0.0,0.09090909090909091,0.0,0.0,0.0,0.2727272727272727,0.36363636363636365,0.0,0.0,0.0,0.0,0.0,0.0,0.0,0.0,0.0,0.0,1215.5701000000001,2.5499360895650924,10.302063941955566,0.09090909090909091,-6.345454545454546,0.2690909090909091,0.5124901881544028,0.002463864688993641,169.09090909090912,-1.04,0.7272727272727273
65,FALLKALLKKAL,inactive - exp,inactive - exp,0,Inactive,experimental,0,12,0.25,0.0,0.0,0.0,0.08333333333333333,0.0,0.0,0.0,0.25,0.4166666666666667,0.0,0.0,0.0,0.0,0.0,0.0,0.0,0.0,0.0,0.0,1328.7277000000001,2.5499360895650924,10.302063941955566,0.08333333333333334,-4.983333333333334,0.3383333333333334,0.3919271302263066,0.0022540320456375636,187.50000000000003,-1.3633333333333335,0.75
66,FAVGLRAIKRALKKLRRGVRKVAKDL,inactive - exp,inactive - exp,0,Inactive,experimental,0,26,0.15384615384615385,0.0,0.038461538461538464,0.0,0.038461538461538464,0.07692307692307693,0.0,0.038461538461538464,0.19230769230769232,0.15384615384615385,0.0,0.0,0.0,0.0,0.19230769230769232,0.0,0.0,0.11538461538461539,0.0,0.0,2963.6617,8.545245797218659,11.999967765808105,0.038461538461538464,39.407692307692315,-0.27538461538461534,0.8131974561331737,0.0030350882520658504,123.84615384615384,2.394230769230769,0.5
67,FKLAFKLAKKAFL,inactive - exp,inactive - exp,0,Inactive,experimental,0,13,0.23076923076923078,0.0,0.0,0.0,0.23076923076923078,0.0,0.0,0.0,0.3076923076923077,0.23076923076923078,0.0,0.0,0.0,0.0,0.0,0.0,0.0,0.0,0.0,0.0,1524.9324000000001,3.5474304968978063,10.477740287780762,0.23076923076923075,-26.953846153846154,0.21230769230769234,0.5025754469180348,0.002619775204270332,113.07692307692308,-0.5330769230769231,0.6923076923076923
68,FKRLAKIKVLRLAKIKR,mod. active,mod. active,1,Active,active,0,17,0.11764705882352941,0.0,0.0,0.0,0.058823529411764705,0.0,0.0,0.11764705882352941,0.29411764705882354,0.17647058823529413,0.0,0.0,0.0,0.0,0.17647058823529413,0.0,0.0,0.058823529411764705,0.0,0.0,2081.6825000000003,7.544849549530399,11.999967765808105,0.05882352941176471,25.28235294117647,-0.31529411764705884,0.41712741700841643,0.003840629488540561,143.52941176470588,2.19235294117647,0.5294117647058824
69,FKVKFKVKVK,inactive - exp,inactive - exp,0,Inactive,experimental,0,10,0.0,0.0,0.0,0.0,0.2,0.0,0.0,0.0,0.5,0.0,0.0,0.0,0.0,0.0,0.0,0.0,0.0,0.3,0.0,0.0,1250.6174,4.5449249042305215,10.602486610412598,0.2,-55.17000000000001,-0.18,0.1480230204348789,0.00399401896659257,87.0,0.967,0.5
70,FLGALFHALSKLL,mod. active,mod. active,1,Active,active,0,13,0.15384615384615385,0.0,0.0,0.0,0.15384615384615385,0.07692307692307693,0.07692307692307693,0.0,0.07692307692307693,0.38461538461538464,0.0,0.0,0.0,0.0,0.0,0.07692307692307693,0.0,0.0,0.0,0.0,1429.7468999999999,0.5915737160757106,8.757208061218265,0.15384615384615385,-3.8307692307692314,0.58,0.48238716534033765,0.0007651687357929708,165.38461538461542,-1.654615384615385,0.6923076923076923
71,FLGALFKALSHLL,mod. active,mod. active,1,Active,active,0,13,0.15384615384615385,0.0,0.0,0.0,0.15384615384615385,0.07692307692307693,0.07692307692307693,0.0,0.07692307692307693,0.38461538461538464,0.0,0.0,0.0,0.0,0.0,0.07692307692307693,0.0,0.0,0.0,0.0,1429.7469,0.5915737160757106,8.757208061218265,0.15384615384615385,-8.861538461538462,0.58,0.4959455698523743,0.0007651687357929708,165.38461538461542,-1.654615384615385,0.6923076923076923
72,FLGALFKALSKLL,mod. active,mod. active,1,Active,active,0,13,0.15384615384615385,0.0,0.0,0.0,0.15384615384615385,0.07692307692307693,0.0,0.0,0.15384615384615385,0.38461538461538464,0.0,0.0,0.0,0.0,0.0,0.07692307692307693,0.0,0.0,0.0,0.0,1420.7799,1.552441682232378,10.002737236022949,0.15384615384615385,-15.392307692307691,0.49538461538461537,0.5659568803708914,0.0014041582792550572,165.38461538461542,-1.5861538461538462,0.6923076923076923
73,FLGMIPGLIGGLISAFK,very active,very active,1,Active,active,0,17,0.058823529411764705,0.0,0.0,0.0,0.11764705882352941,0.23529411764705882,0.0,0.17647058823529413,0.058823529411764705,0.17647058823529413,0.058823529411764705,0.0,0.058823529411764705,0.0,0.0,0.058823529411764705,0.0,0.0,0.0,0.0,1734.1524,0.5549472748996638,8.750052070617677,0.11764705882352942,6.13529411764706,0.6776470588235294,0.37464713014321677,0.0005743414679153019,143.52941176470588,-2.026470588235295,0.5882352941176471
74,FLGMIPKLIKKLIKAFK,very active,very active,1,Active,active,0,17,0.058823529411764705,0.0,0.0,0.0,0.11764705882352941,0.058823529411764705,0.0,0.17647058823529413,0.29411764705882354,0.17647058823529413,0.058823529411764705,0.0,0.058823529411764705,0.0,0.0,0.0,0.0,0.0,0.0,0.0,1988.6104,4.5449249042305215,10.602486610412598,0.11764705882352942,-21.100000000000005,0.2505882352941176,0.7047108092279283,0.002511792097032113,143.52941176470588,-0.7547058823529409,0.5882352941176471
75,FLGWLFKWAKK,mod. active,mod. active,1,Active,active,0,11,0.09090909090909091,0.0,0.0,0.0,0.18181818181818182,0.09090909090909091,0.0,0.0,0.2727272727272727,0.18181818181818182,0.0,0.0,0.0,0.0,0.0,0.0,0.0,0.0,0.18181818181818182,0.0,1423.744,2.5499360895650924,10.302063941955566,0.36363636363636365,4.199999999999999,0.2563636363636363,0.5538646754349942,0.00210359964881475,80.00000000000001,-0.5963636363636363,0.45454545454545453
76,FLGWLFKWAWK,mod. active,mod. active,1,Active,active,0,11,0.09090909090909091,0.0,0.0,0.0,0.18181818181818182,0.09090909090909091,0.0,0.0,0.18181818181818182,0.18181818181818182,0.0,0.0,0.0,0.0,0.0,0.0,0.0,0.0,0.2727272727272727,0.0,1481.7816,1.552441682232378,10.002737236022949,0.45454545454545453,4.199999999999999,0.46636363636363626,0.45594708221257,0.00134635370972749,80.00000000000001,-1.3127272727272727,0.45454545454545453
77,FLKLLAGLLKNFA,mod. active,mod. active,1,Active,active,0,13,0.15384615384615385,0.0,0.0,0.0,0.15384615384615385,0.07692307692307693,0.0,0.0,0.15384615384615385,0.38461538461538464,0.0,0.07692307692307693,0.0,0.0,0.0,0.0,0.0,0.0,0.0,0.0,1447.8052,1.552441682232378,10.002737236022949,0.15384615384615385,-21.923076923076923,0.44923076923076927,0.5776864699394826,0.0013779432384083549,165.38461538461542,-1.3369230769230769,0.6923076923076923
78,FLKLLKKLAAKFLPTIICKISYKC,very active,very active,1,Active,active,0,24,0.08333333333333333,0.08333333333333333,0.0,0.0,0.08333333333333333,0.0,0.0,0.125,0.25,0.20833333333333334,0.0,0.0,0.041666666666666664,0.0,0.0,0.041666666666666664,0.041666666666666664,0.0,0.0,0.041666666666666664,2783.5687000000003,5.490906983795277,9.928985404968262,0.125,-0.07916666666666647,0.21125000000000002,0.29941808861721914,0.0021048434030996057,138.33333333333334,-0.5037499999999999,0.5833333333333334
79,FLKLLKKLAAKLF,mod. active,mod. active,1,Active,active,0,13,0.15384615384615385,0.0,0.0,0.0,0.15384615384615385,0.0,0.0,0.0,0.3076923076923077,0.38461538461538464,0.0,0.0,0.0,0.0,0.0,0.0,0.0,0.0,0.0,0.0,1532.9959,3.5474304968978063,10.477740287780762,0.15384615384615385,-23.423076923076927,0.2415384615384616,0.616260710868612,0.0026060013046314418,165.38461538461542,-0.9215384615384619,0.6923076923076923
80,FLKWLFKWAKK,mod. active,mod. active,1,Active,active,0,11,0.09090909090909091,0.0,0.0,0.0,0.18181818181818182,0.0,0.0,0.0,0.36363636363636365,0.18181818181818182,0.0,0.0,0.0,0.0,0.0,0.0,0.0,0.0,0.18181818181818182,0.0,1494.865,3.5474304968978063,10.477740287780762,0.36363636363636365,-14.736363636363636,0.07636363636363636,0.7128266034647883,0.0026724731916487722,80.00000000000001,-0.0063636363636367125,0.45454545454545453
81,FLSLIPKLVKKIIKAFK,very active,very active,1,Active,active,0,17,0.058823529411764705,0.0,0.0,0.0,0.11764705882352941,0.0,0.0,0.17647058823529413,0.29411764705882354,0.17647058823529413,0.0,0.0,0.058823529411764705,0.0,0.0,0.058823529411764705,0.0,0.058823529411764705,0.0,0.0,1986.5714000000003,4.5449249042305215,10.602486610412598,0.11764705882352942,-17.8,0.23882352941176468,0.7411741742144727,0.0025143714323108057,160.58823529411765,-0.5988235294117649,0.5882352941176471
82,FLSLIPSLVGGSISAFK,inactive - exp,inactive - exp,0,Inactive,experimental,0,17,0.058823529411764705,0.0,0.0,0.0,0.11764705882352941,0.11764705882352941,0.0,0.11764705882352941,0.058823529411764705,0.17647058823529413,0.0,0.0,0.058823529411764705,0.0,0.0,0.23529411764705882,0.0,0.058823529411764705,0.0,0.0,1736.0591000000004,0.5549472748996638,8.750052070617677,0.11764705882352942,12.47058823529412,0.5341176470588235,0.361026156400934,0.0005737095854429833,137.64705882352942,-1.1258823529411768,0.5294117647058824
83,FLWWLFKWAWK,mod. active,mod. active,1,Active,active,0,11,0.09090909090909091,0.0,0.0,0.0,0.18181818181818182,0.0,0.0,0.0,0.18181818181818182,0.18181818181818182,0.0,0.0,0.0,0.0,0.0,0.0,0.0,0.0,0.36363636363636365,0.0,1610.9402,1.552441682232378,10.002737236022949,0.5454545454545454,14.509090909090904,0.4963636363636363,0.43871242002172595,0.0012384073894744683,80.00000000000001,-1.4390909090909092,0.45454545454545453
84,GIGAVLKVLTTGLPALISWIKRKRQQ,mod. active,mod. active,1,Active,active,0,26,0.07692307692307693,0.0,0.0,0.0,0.0,0.11538461538461539,0.0,0.11538461538461539,0.11538461538461539,0.15384615384615385,0.0,0.0,0.038461538461538464,0.07692307692307693,0.07692307692307693,0.038461538461538464,0.07692307692307693,0.07692307692307693,0.038461538461538464,0.0,2847.4471000000003,4.5498858530983455,11.999967765808105,0.038461538461538464,44.73076923076924,0.11269230769230772,0.3589698816442937,0.0017541949667422897,135.0,0.5700000000000002,0.4230769230769231
85,GIGKFLHAAKKFAKAFVAEIMNS,mod. active,mod. active,1,Active,active,0,23,0.21739130434782608,0.0,0.0,0.043478260869565216,0.13043478260869565,0.08695652173913043,0.043478260869565216,0.08695652173913043,0.17391304347826086,0.043478260869565216,0.043478260869565216,0.043478260869565216,0.0,0.0,0.0,0.043478260869565216,0.0,0.043478260869565216,0.0,0.0,2478.951,2.585177699013698,10.00138339996338,0.13043478260869565,10.556521739130435,0.2260869565217391,0.4479700526606609,0.0012485074386032852,85.21739130434781,0.11695652173913036,0.5652173913043478
86,GIGKFLHSAKKFAKAFVAEIMNS,mod. active,mod. active,1,Active,active,0,23,0.17391304347826086,0.0,0.0,0.043478260869565216,0.13043478260869565,0.08695652173913043,0.043478260869565216,0.08695652173913043,0.17391304347826086,0.043478260869565216,0.043478260869565216,0.043478260869565216,0.0,0.0,0.0,0.08695652173913043,0.0,0.043478260869565216,0.0,0.0,2494.9504,2.585177699013698,10.00138339996338,0.13043478260869565,10.556521739130435,0.1913043478260869,0.45778171650135946,0.0012405008497130216,80.8695652173913,0.3434782608695652,0.5217391304347826
87,GIGKFLHSAKKFGKAFVGEIMNS,mod. active,mod. active,1,Active,active,0,23,0.08695652173913043,0.0,0.0,0.043478260869565216,0.13043478260869565,0.17391304347826086,0.043478260869565216,0.08695652173913043,0.17391304347826086,0.043478260869565216,0.043478260869565216,0.043478260869565216,0.0,0.0,0.0,0.08695652173913043,0.0,0.043478260869565216,0.0,0.0,2466.8972000000003,2.585177699013698,10.00138339996338,0.13043478260869565,-0.10434782608695584,0.17913043478260865,0.4586310607350617,0.0012546059645467409,72.17391304347825,0.4191304347826087,0.43478260869565216
88,GIGKFLKKAKKFAKAFVKIINN,very active,very active,1,Active,active,0,22,0.13636363636363635,0.0,0.0,0.0,0.13636363636363635,0.09090909090909091,0.0,0.13636363636363635,0.3181818181818182,0.045454545454545456,0.0,0.09090909090909091,0.0,0.0,0.0,0.0,0.0,0.045454545454545456,0.0,0.0,2464.0457000000006,6.539913718895949,10.778420829772951,0.13636363636363635,-7.199999999999998,0.03454545454545452,0.6839899685814352,0.0028384049089713722,97.72727272727272,0.5527272727272726,0.5
89,GIGKFLKKAKKFGKAFVKILKK,inactive - exp,inactive - exp,0,Inactive,experimental,0,22,0.09090909090909091,0.0,0.0,0.0,0.13636363636363635,0.13636363636363635,0.0,0.09090909090909091,0.4090909090909091,0.09090909090909091,0.0,0.0,0.0,0.0,0.0,0.0,0.0,0.045454545454545456,0.0,0.0,2478.1585000000005,8.534902533561377,10.903296089172361,0.13636363636363635,-6.163636363636362,-0.05090909090909091,0.7088747699407729,0.003629290968739029,93.18181818181819,0.49318181818181817,0.45454545454545453
90,GLFAVIKKVAAVIKKL,mod. active,mod. active,1,Active,active,0,16,0.1875,0.0,0.0,0.0,0.0625,0.0625,0.0,0.125,0.25,0.125,0.0,0.0,0.0,0.0,0.0,0.0,0.0,0.1875,0.0,0.0,1698.1867000000002,3.5474304968978063,10.477740287780762,0.0625,-11.850000000000001,0.365,0.5337684330905158,0.0023525047256196304,170.625,-1.1843749999999997,0.6875
91,GLFAVIKKVAAVIRRL,mod. active,mod. active,1,Active,active,0,16,0.1875,0.0,0.0,0.0,0.0625,0.0625,0.0,0.125,0.125,0.125,0.0,0.0,0.0,0.0,0.125,0.0,0.0,0.1875,0.0,0.0,1754.2135000000003,3.552391445765631,11.999967765808105,0.0625,34.5625,0.23999999999999996,0.6137653853350615,0.0022773654387705077,170.625,-0.01312499999999972,0.6875
92,GLFAVIKKVAKVIKKL,very active,very active,1,Active,active,0,16,0.125,0.0,0.0,0.0,0.0625,0.0625,0.0,0.125,0.3125,0.125,0.0,0.0,0.0,0.0,0.0,0.0,0.0,0.1875,0.0,0.0,1755.2811000000002,4.5449249042305215,10.602486610412598,0.0625,-17.15625,0.23250000000000004,0.6659764988734207,0.0028456836192310105,164.375,-0.7243749999999998,0.625
93,GLFAVIKKVASVIGGL,very active,very active,1,Active,active,0,16,0.125,0.0,0.0,0.0,0.0625,0.1875,0.0,0.125,0.125,0.125,0.0,0.0,0.0,0.0,0.0,0.0625,0.0,0.1875,0.0,0.0,1571.9441000000002,1.552441682232378,10.002737236022949,0.0625,6.475,0.5625,0.42579493060572066,0.0012691243360157766,164.375,-1.67,0.625
94,GLFAVIKKVASVIKGL,mod. active,mod. active,1,Active,active,0,16,0.125,0.0,0.0,0.0,0.0625,0.125,0.0,0.125,0.1875,0.125,0.0,0.0,0.0,0.0,0.0,0.0625,0.0,0.1875,0.0,0.0,1643.0650999999998,2.5499360895650924,10.302063941955566,0.0625,-11.850000000000001,0.4387500000000001,0.5018404394272568,0.0018228073058360265,164.375,-1.2643749999999996,0.625
95,GLFAVIKKVASVIKKL,mod. active,mod. active,1,Active,active,0,16,0.125,0.0,0.0,0.0,0.0625,0.0625,0.0,0.125,0.25,0.125,0.0,0.0,0.0,0.0,0.0,0.0625,0.0,0.1875,0.0,0.0,1714.1861,3.5474304968978063,10.477740287780762,0.0625,-11.850000000000001,0.31500000000000006,0.5836427145392723,0.002330546788862378,164.375,-0.8587499999999996,0.625
96,GLFDIAKKVIGVIGSL,mod. active,mod. active,1,Active,active,0,16,0.0625,0.0,0.0625,0.0,0.0625,0.1875,0.0,0.1875,0.125,0.125,0.0,0.0,0.0,0.0,0.0,0.0625,0.0,0.125,0.0,0.0,1629.9802,0.5528881663873828,8.59094409942627,0.0625,11.78125,0.48624999999999996,0.48806178738858674,0.0006110466935379972,164.375,-1.066875,0.5625
97,GLFDIIKKIAESF,mod. active,mod. active,1,Active,active,0,13,0.07692307692307693,0.0,0.07692307692307693,0.07692307692307693,0.15384615384615385,0.07692307692307693,0.0,0.23076923076923078,0.15384615384615385,0.07692307692307693,0.0,0.0,0.0,0.0,0.0,0.07692307692307693,0.0,0.0,0.0,0.0,1480.7458000000001,-0.4459910726727725,6.069006156921386,0.15384615384615385,20.47692307692308,0.3061538461538461,0.6741081329980378,-2.026000337666723e-06,127.6923076923077,0.1261538461538461,0.5384615384615384
98,GLFDIVKKIAGHIAGSI,mod. active,mod. active,1,Active,active,0,17,0.11764705882352941,0.0,0.058823529411764705,0.0,0.058823529411764705,0.17647058823529413,0.058823529411764705,0.23529411764705882,0.11764705882352941,0.058823529411764705,0.0,0.0,0.0,0.0,0.0,0.058823529411764705,0.0,0.058823529411764705,0.0,0.0,1739.0664000000002,0.5895146075634297,8.598357963562016,0.05882352941176471,30.835294117647056,0.4235294117647058,0.4669403105902714,0.000629646880229088,143.52941176470588,-0.5988235294117645,0.5294117647058824
99,GLFDIVKKIAGHIASSI,mod. active,mod. active,1,Active,active,0,17,0.11764705882352941,0.0,0.058823529411764705,0.0,0.058823529411764705,0.11764705882352941,0.058823529411764705,0.23529411764705882,0.11764705882352941,0.058823529411764705,0.0,0.0,0.0,0.0,0.0,0.11764705882352941,0.0,0.058823529411764705,0.0,0.0,1769.0924,0.5895146075634297,8.598357963562016,0.05882352941176471,42.16470588235294,0.3847058823529411,0.5046082884577622,0.00061895879260641,143.52941176470588,-0.34352941176470575,0.5294117647058824
100,GLFDIVKKIAGHIVSSI,mod. active,mod. active,1,Active,active,0,17,0.058823529411764705,0.0,0.058823529411764705,0.0,0.058823529411764705,0.11764705882352941,0.058823529411764705,0.23529411764705882,0.11764705882352941,0.058823529411764705,0.0,0.0,0.0,0.0,0.0,0.11764705882352941,0.0,0.11764705882352941,0.0,0.0,1797.1455,0.5895146075634297,8.598357963562016,0.05882352941176471,37.17058823529412,0.4129411764705882,0.5036883970558701,0.0006092980552541524,154.70588235294116,-0.4747058823529411,0.5294117647058824
101,GLFDIVKKVVGAFGSL,mod. active,mod. active,1,Active,active,0,16,0.0625,0.0,0.0625,0.0,0.125,0.1875,0.0,0.0625,0.125,0.125,0.0,0.0,0.0,0.0,0.0,0.0625,0.0,0.1875,0.0,0.0,1649.9697999999999,0.5528881663873828,8.59094409942627,0.125,-5.9375,0.45499999999999996,0.4940266847701825,0.000603643680529461,133.75,-0.8906249999999999,0.5625
102,GLFDVIAKVASVIKKL,mod. active,mod. active,1,Active,active,0,16,0.125,0.0,0.0625,0.0,0.0625,0.0625,0.0,0.125,0.1875,0.125,0.0,0.0,0.0,0.0,0.0,0.0625,0.0,0.1875,0.0,0.0,1701.1012,1.5503825737200971,9.703023719787598,0.0625,1.1687499999999995,0.35250000000000004,0.5753965075966142,0.0011733515175385485,164.375,-0.660625,0.625
103,GLFDVIKAVASVIGGL,mod. active,mod. active,1,Active,active,0,16,0.125,0.0,0.0625,0.0,0.0625,0.1875,0.0,0.125,0.0625,0.125,0.0,0.0,0.0,0.0,0.0,0.0625,0.0,0.1875,0.0,0.0,1558.8592000000003,-0.4446062409453315,5.835682106018066,0.0625,19.493750000000002,0.6000000000000001,0.45842835696995654,-2.5659612411554526e-06,164.375,-1.4718750000000003,0.625
104,GLFDVIKKVAAVIGGL,mod. active,mod. active,1,Active,active,0,16,0.125,0.0,0.0625,0.0,0.0625,0.1875,0.0,0.125,0.125,0.125,0.0,0.0,0.0,0.0,0.0,0.0,0.0,0.1875,0.0,0.0,1599.9542000000001,0.5528881663873828,8.59094409942627,0.0625,14.1875,0.5175000000000001,0.4653530904197137,0.0006225155628890722,164.375,-1.3375,0.625
105,GLFDVIKKVASVIGGL,mod. active,mod. active,1,Active,active,0,16,0.0625,0.0,0.0625,0.0,0.0625,0.1875,0.0,0.125,0.125,0.125,0.0,0.0,0.0,0.0,0.0,0.0625,0.0,0.1875,0.0,0.0,1615.9536000000003,0.5528881663873828,8.59094409942627,0.0625,14.1875,0.4675,0.5153089915263588,0.0006163518898982648,158.125,-1.0118749999999999,0.5625
106,GLFDVIKKVASVIKGL,mod. active,mod. active,1,Active,active,0,16,0.0625,0.0,0.0625,0.0,0.0625,0.125,0.0,0.125,0.1875,0.125,0.0,0.0,0.0,0.0,0.0,0.0625,0.0,0.1875,0.0,0.0,1687.0746,1.5503825737200971,9.703023719787598,0.0625,-4.137500000000001,0.34375,0.5832398848161179,0.001183109277568343,158.125,-0.60625,0.5625
107,GLFDVIKKVASVIKKL,mod. active,mod. active,1,Active,active,0,16,0.0625,0.0,0.0625,0.0,0.0625,0.0625,0.0,0.125,0.25,0.125,0.0,0.0,0.0,0.0,0.0,0.0625,0.0,0.1875,0.0,0.0,1758.1956,2.547876981052811,10.00138339996338,0.0625,-4.137500000000001,0.22000000000000003,0.67160872357108,0.0017040154703674211,158.125,-0.20062499999999994,0.5625
108,GLFKVIKKVAKVIKKL,mod. active,mod. active,1,Active,active,0,16,0.0625,0.0,0.0,0.0,0.0625,0.0625,0.0,0.125,0.375,0.125,0.0,0.0,0.0,0.0,0.0,0.0,0.0,0.1875,0.0,0.0,1812.3755,5.5424193115632345,10.699318122863769,0.0625,-31.856250000000003,0.10000000000000003,0.7893310870625011,0.0033078052064136657,158.125,-0.264375,0.5625
109,GLFKVIKKVASVIGGL,mod. active,mod. active,1,Active,active,0,16,0.0625,0.0,0.0,0.0,0.0625,0.1875,0.0,0.125,0.1875,0.125,0.0,0.0,0.0,0.0,0.0,0.0625,0.0,0.1875,0.0,0.0,1629.0385000000006,2.5499360895650924,10.302063941955566,0.0625,-8.225,0.43000000000000005,0.551149291163389,0.0018384948282741476,158.125,-1.21,0.5625
110,ILPWKWPWWPWRR,inactive - exp,inactive - exp,0,Inactive,experimental,0,13,0.0,0.0,0.0,0.0,0.0,0.0,0.0,0.07692307692307693,0.07692307692307693,0.07692307692307693,0.0,0.0,0.23076923076923078,0.0,0.15384615384615385,0.0,0.0,0.0,0.38461538461538464,0.0,1907.2693000000002,2.554897038432917,11.999967765808105,0.3846153846153846,76.27692307692308,0.03153846153846155,0.27231169140624456,0.0015708316074808497,60.0,1.0692307692307692,0.15384615384615385
111,KKKFPWWWPFKKK,mod. active,mod. active,1,Active,active,0,13,0.0,0.0,0.0,0.0,0.15384615384615385,0.0,0.0,0.0,0.46153846153846156,0.0,0.0,0.0,0.15384615384615385,0.0,0.0,0.0,0.0,0.0,0.23076923076923078,0.0,1834.2567999999999,5.5424193115632345,10.699318122863769,0.3846153846153846,25.084615384615386,-0.3023076923076923,0.23101259409161182,0.003268347998647956,0.0,1.5653846153846152,0.15384615384615385
112,KKKFPWWWPFKKKCKKKFPWWWPFKKKC,very active,very active,1,Active,active,0,28,0.0,0.07142857142857142,0.0,0.0,0.14285714285714285,0.0,0.0,0.0,0.42857142857142855,0.0,0.0,0.0,0.14285714285714285,0.0,0.0,0.0,0.0,0.0,0.21428571428571427,0.0,3856.7841000000008,11.478379020458847,10.489538002014157,0.35714285714285715,24.364285714285714,-0.25999999999999995,0.2199669999820566,0.003074569591371085,0.0,1.362142857142857,0.21428571428571427
113,KKKFPWWWPFKKKKKKFPWWWPFKKKK,very active,very active,1,Active,active,0,27,0.0,0.0,0.0,0.0,0.14814814814814814,0.0,0.0,0.0,0.48148148148148145,0.0,0.0,0.0,0.14814814814814814,0.0,0.0,0.0,0.0,0.0,0.2222222222222222,0.0,3778.670600000001,12.524880162892234,11.079294776916505,0.37037037037037035,24.896296296296295,-0.3466666666666666,0.09420876006422801,0.003438502334148433,0.0,1.712962962962963,0.14814814814814814
114,KKVVFKVKFK,inactive - exp,inactive - exp,0,Inactive,experimental,0,10,0.0,0.0,0.0,0.0,0.2,0.0,0.0,0.0,0.5,0.0,0.0,0.0,0.0,0.0,0.0,0.0,0.0,0.3,0.0,0.0,1250.6174,4.5449249042305215,10.602486610412598,0.2,-40.919999999999995,-0.18,0.22586820153202386,0.00399401896659257,87.0,0.9669999999999999,0.5
115,KLAKKLAKLAKLAKAL,mod. active,mod. active,1,Active,active,0,16,0.3125,0.0,0.0,0.0,0.0,0.0,0.0,0.0,0.375,0.3125,0.0,0.0,0.0,0.0,0.0,0.0,0.0,0.0,0.0,0.0,1708.2266000000002,5.5424193115632345,10.699318122863769,0.0,-11.850000000000001,-0.024999999999999953,0.5147870615831971,0.0035094805734590777,153.125,-0.02187500000000009,0.625
116,KLALKLALKALKAAKLA,inactive - exp,inactive - exp,0,Inactive,experimental,0,17,0.35294117647058826,0.0,0.0,0.0,0.0,0.0,0.0,0.0,0.29411764705882354,0.35294117647058826,0.0,0.0,0.0,0.0,0.0,0.0,0.0,0.0,0.0,0.0,1764.2898,4.5449249042305215,10.602486610412598,0.0,-20.552941176470593,0.16588235294117654,0.4324250174924781,0.002831151164767897,172.94117647058823,-0.7429411764705883,0.7058823529411765
117,KTKLFKKFAKKLAKKLKKLAKKL,mod. active,mod. active,1,Active,active,0,23,0.13043478260869565,0.0,0.0,0.0,0.08695652173913043,0.0,0.0,0.0,0.5217391304347826,0.21739130434782608,0.0,0.0,0.0,0.0,0.0,0.0,0.043478260869565216,0.0,0.0,0.0,2730.5561000000007,11.52738575555952,11.041516304016113,0.08695652173913043,-19.117391304347827,-0.3604347826086957,0.6581165887363628,0.004392123256316447,97.82608695652173,1.442608695652174,0.43478260869565216
118,KWKKFLKIGIGKFLHLAKKF,very active,very active,1,Active,active,0,20,0.05,0.0,0.0,0.0,0.15,0.1,0.05,0.1,0.35,0.15,0.0,0.0,0.0,0.0,0.0,0.0,0.0,0.0,0.05,0.0,2431.0605000000005,6.576540160071996,10.778420829772951,0.2,-7.48,0.05949999999999998,0.4994571168094083,0.00291764531667126,102.5,0.19749999999999995,0.45
119,KWKLAKKALALL,inactive - exp,inactive - exp,0,Inactive,experimental,0,12,0.25,0.0,0.0,0.0,0.0,0.0,0.0,0.0,0.3333333333333333,0.3333333333333333,0.0,0.0,0.0,0.0,0.0,0.0,0.0,0.0,0.08333333333333333,0.0,1382.7785000000001,3.5474304968978063,10.477740287780762,0.08333333333333334,2.091666666666667,0.08916666666666673,0.35503611122237544,0.0028891074502089996,154.99999999999997,-0.4366666666666667,0.5833333333333334
120,KWKLFAKIGIGKFLHLAKKF,very active,very active,1,Active,active,0,20,0.1,0.0,0.0,0.0,0.15,0.1,0.05,0.1,0.3,0.15,0.0,0.0,0.0,0.0,0.0,0.0,0.0,0.0,0.05,0.0,2373.9661000000006,5.579045752739281,10.699318122863769,0.2,-7.48,0.16550000000000004,0.34749996839113323,0.0025665867723686487,107.5,-0.17049999999999998,0.5
121,KWKLFKKALKKLKKALKKAL,mod. active,mod. active,1,Active,active,0,20,0.15,0.0,0.0,0.0,0.05,0.0,0.0,0.0,0.5,0.25,0.0,0.0,0.0,0.0,0.0,0.0,0.0,0.0,0.05,0.0,2412.1437,9.532396940894092,10.954419517517088,0.1,-19.240000000000002,-0.2815,0.6466709033358555,0.004143191758389818,112.5,1.0080000000000002,0.45
122,KWKLFKKIGAVLKVL,mod. active,mod. active,1,Active,active,0,15,0.06666666666666667,0.0,0.0,0.0,0.06666666666666667,0.06666666666666667,0.0,0.06666666666666667,0.3333333333333333,0.2,0.0,0.0,0.0,0.0,0.0,0.0,0.0,0.13333333333333333,0.06666666666666667,0.0,1771.2821000000004,4.5449249042305215,10.602486610412598,0.13333333333333333,-28.986666666666668,0.16733333333333336,0.4139307319247934,0.0028199786596209545,149.33333333333331,-0.538,0.5333333333333333
123,KWKLFKKIGIGAFLHLAKKF,very active,very active,1,Active,active,0,20,0.1,0.0,0.0,0.0,0.15,0.1,0.05,0.1,0.3,0.15,0.0,0.0,0.0,0.0,0.0,0.0,0.0,0.0,0.05,0.0,2373.9661000000006,5.579045752739281,10.699318122863769,0.2,-14.995000000000001,0.16550000000000004,0.28197986427835126,0.0025665867723686487,107.5,-0.17050000000000007,0.5
124,KWKLFKKIGIGAFLHSAKKF,mod. active,mod. active,1,Active,active,0,20,0.1,0.0,0.0,0.0,0.15,0.1,0.05,0.1,0.3,0.1,0.0,0.0,0.0,0.0,0.0,0.05,0.0,0.0,0.05,0.0,2347.8858000000005,5.579045752739281,10.699318122863769,0.2,-14.995000000000001,0.1015,0.22512283084382614,0.0025950960223860573,88.0,0.2454999999999999,0.45
125,KWKLFKKIGIGAVLKVLKKG,very active,very active,1,Active,active,0,20,0.05,0.0,0.0,0.0,0.05,0.15,0.0,0.1,0.35,0.15,0.0,0.0,0.0,0.0,0.0,0.0,0.0,0.1,0.05,0.0,2254.886900000001,6.539913718895949,10.778420829772951,0.1,-31.975000000000005,0.09350000000000003,0.28561030267902193,0.003101689653643177,131.5,-0.18849999999999995,0.45
126,KWKLFKKIGIGAVLKVLTTG,mod. active,mod. active,1,Active,active,0,20,0.05,0.0,0.0,0.0,0.05,0.15,0.0,0.1,0.25,0.15,0.0,0.0,0.0,0.0,0.0,0.0,0.1,0.1,0.05,0.0,2200.7501000000007,4.5449249042305215,10.602486610412598,0.1,-27.730000000000004,0.23850000000000007,0.2153849044479404,0.002269670477471419,131.5,-0.48649999999999993,0.45
127,KWKLFKKIGIGKFKLAKKF,very active,very active,1,Active,active,0,19,0.05263157894736842,0.0,0.0,0.0,0.15789473684210525,0.10526315789473684,0.0,0.10526315789473684,0.42105263157894735,0.10526315789473684,0.0,0.0,0.0,0.0,0.0,0.0,0.0,0.0,0.05263157894736842,0.0,2308.9359000000004,7.537408126228662,10.845339012145995,0.21052631578947367,-28.689473684210526,-0.053157894736842105,0.37740143064661896,0.0034621947733592035,87.36842105263156,0.5136842105263156,0.42105263157894735
128,KWKLFKKIGIGKFLHLAKKF,very active,very active,1,Active,active,0,20,0.05,0.0,0.0,0.0,0.15,0.1,0.05,0.1,0.35,0.15,0.0,0.0,0.0,0.0,0.0,0.0,0.0,0.0,0.05,0.0,2431.0605000000005,6.576540160071996,10.778420829772951,0.2,-14.995000000000001,0.05950000000000001,0.25437341474438135,0.00291764531667126,102.5,0.19749999999999995,0.45
129,KWKLFKKIGIGKFLHSAKKF,mod. active,mod. active,1,Active,active,0,20,0.05,0.0,0.0,0.0,0.15,0.1,0.05,0.1,0.35,0.1,0.0,0.0,0.0,0.0,0.0,0.05,0.0,0.0,0.05,0.0,2404.9802000000004,6.576540160071996,10.778420829772951,0.2,-14.995000000000001,-0.004500000000000004,0.2150980479726766,0.002949284612410031,83.0,0.6134999999999999,0.4
130,KWKLFKKIGIGKFLHSATTF,mod. active,mod. active,1,Active,active,0,20,0.05,0.0,0.0,0.0,0.15,0.1,0.05,0.1,0.25,0.1,0.0,0.0,0.0,0.0,0.0,0.05,0.1,0.0,0.05,0.0,2350.8434,4.581551345406568,10.602486610412598,0.2,-8.825000000000001,0.14049999999999999,0.1250938186803018,0.0021668758108769172,83.0,0.31549999999999995,0.4
131,KWKLFKKIKFLHSAKKF,inactive - exp,inactive - exp,0,Inactive,experimental,0,17,0.058823529411764705,0.0,0.0,0.0,0.17647058823529413,0.0,0.058823529411764705,0.058823529411764705,0.4117647058823529,0.11764705882352941,0.0,0.0,0.0,0.0,0.0,0.058823529411764705,0.0,0.0,0.058823529411764705,0.0,2177.7200000000007,6.576540160071996,10.778420829772951,0.23529411764705885,-14.411764705882353,-0.14411764705882354,0.13367524336129868,0.0032570612518539946,74.70588235294116,1.1217647058823528,0.4117647058823529
132,KWKLFKKIPKFLHSAKKF,mod. active,mod. active,1,Active,active,0,18,0.05555555555555555,0.0,0.0,0.0,0.16666666666666666,0.0,0.05555555555555555,0.05555555555555555,0.3888888888888889,0.1111111111111111,0.0,0.0,0.05555555555555555,0.0,0.0,0.05555555555555555,0.0,0.0,0.05555555555555555,0.0,2274.8352000000004,6.576540160071996,10.778420829772951,0.22222222222222224,-9.938888888888888,-0.12944444444444445,0.5060128582102217,0.003118021487225475,70.55555555555554,1.0594444444444442,0.3888888888888889
133,KWKLFKKKTKLFKKFAKKLAKKL,mod. active,mod. active,1,Active,active,0,23,0.08695652173913043,0.0,0.0,0.0,0.13043478260869565,0.0,0.0,0.0,0.5217391304347826,0.17391304347826086,0.0,0.0,0.0,0.0,0.0,0.0,0.043478260869565216,0.0,0.043478260869565216,0.0,2879.704300000001,11.52738575555952,11.041516304016113,0.17391304347826086,-18.269565217391307,-0.34782608695652184,0.5547651606428573,0.0041646410067645466,76.52173913043478,1.5043478260869563,0.391304347826087
134,KWKSFAKTFKSAKKTVLHTALKAISS,mod. active,mod. active,1,Active,active,0,26,0.15384615384615385,0.0,0.0,0.0,0.07692307692307693,0.0,0.038461538461538464,0.038461538461538464,0.2692307692307692,0.07692307692307693,0.0,0.0,0.0,0.0,0.0,0.15384615384615385,0.11538461538461539,0.038461538461538464,0.038461538461538464,0.0,2907.4545,6.576540160071996,10.778420829772951,0.11538461538461539,9.823076923076924,-0.053076923076923056,0.3913378403466022,0.0024395864431496907,71.53846153846155,1.1726923076923075,0.38461538461538464
135,KWKSFLKTFKSAKKTVAHTAAKAISS,mod. active,mod. active,1,Active,active,0,26,0.19230769230769232,0.0,0.0,0.0,0.07692307692307693,0.0,0.038461538461538464,0.038461538461538464,0.2692307692307692,0.038461538461538464,0.0,0.0,0.0,0.0,0.0,0.15384615384615385,0.11538461538461539,0.038461538461538464,0.038461538461538464,0.0,2865.374799999999,6.576540160071996,10.778420829772951,0.11538461538461539,6.557692307692308,-0.07153846153846154,0.40725615740882837,0.0024754047442058498,60.38461538461539,1.2923076923076926,0.38461538461538464
136,KWKSFLKTFKSAKKTVAHTALKAISS,mod. active,mod. active,1,Active,active,0,26,0.15384615384615385,0.0,0.0,0.0,0.07692307692307693,0.0,0.038461538461538464,0.038461538461538464,0.2692307692307692,0.07692307692307693,0.0,0.0,0.0,0.0,0.0,0.15384615384615385,0.11538461538461539,0.038461538461538464,0.038461538461538464,0.0,2907.4544999999994,6.576540160071996,10.778420829772951,0.11538461538461539,3.2923076923076926,-0.05307692307692306,0.39740007139520556,0.0024395780523960697,71.53846153846155,1.1726923076923077,0.38461538461538464
137,KWKSFLKTFKSAKKTVLHTALKAISS,very active,very active,1,Active,active,0,26,0.11538461538461539,0.0,0.0,0.0,0.07692307692307693,0.0,0.038461538461538464,0.038461538461538464,0.2692307692307692,0.11538461538461539,0.0,0.0,0.0,0.0,0.0,0.15384615384615385,0.11538461538461539,0.038461538461538464,0.038461538461538464,0.0,2949.5341999999996,6.576540160071996,10.778420829772951,0.11538461538461539,6.557692307692308,-0.034615384615384596,0.4006561814688358,0.0024047736095336577,82.6923076923077,1.0530769230769232,0.38461538461538464
138,KWKSFLKTFKSAKKTVLHTLLKAISS,very active,very active,1,Active,active,0,26,0.07692307692307693,0.0,0.0,0.0,0.07692307692307693,0.0,0.038461538461538464,0.038461538461538464,0.2692307692307692,0.15384615384615385,0.0,0.0,0.0,0.0,0.0,0.15384615384615385,0.11538461538461539,0.038461538461538464,0.038461538461538464,0.0,2991.6139,6.576540160071996,10.778420829772951,0.11538461538461539,6.557692307692308,-0.016153846153846137,0.41820086686495456,0.002370956204330764,93.84615384615384,0.9334615384615386,0.38461538461538464
139,KWKSFLKTFKSLKKTVLHTALKAISS,very active,very active,1,Active,active,0,26,0.07692307692307693,0.0,0.0,0.0,0.07692307692307693,0.0,0.038461538461538464,0.038461538461538464,0.2692307692307692,0.15384615384615385,0.0,0.0,0.0,0.0,0.0,0.15384615384615385,0.11538461538461539,0.038461538461538464,0.038461538461538464,0.0,2991.6138999999994,6.576540160071996,10.778420829772951,0.11538461538461539,3.2923076923076926,-0.016153846153846137,0.40979745892855174,0.002370956204330764,93.84615384615384,0.9334615384615383,0.38461538461538464
140,KWKSFLKTFKSLKKTVLHTLLKAISS,very active,very active,1,Active,active,0,26,0.038461538461538464,0.0,0.0,0.0,0.07692307692307693,0.0,0.038461538461538464,0.038461538461538464,0.2692307692307692,0.19230769230769232,0.0,0.0,0.0,0.0,0.0,0.15384615384615385,0.11538461538461539,0.038461538461538464,0.038461538461538464,0.0,3033.6935999999996,6.576540160071996,10.778420829772951,0.11538461538461539,3.2923076923076926,0.0023076923076923396,0.4271052740293019,0.0023380690246233974,105.00000000000001,0.8138461538461539,0.38461538461538464
141,KWKSFLKTFKSLKKTVLHTLLKLISS,very active,very active,1,Active,active,0,26,0.0,0.0,0.0,0.0,0.07692307692307693,0.0,0.038461538461538464,0.038461538461538464,0.2692307692307692,0.23076923076923078,0.0,0.0,0.0,0.0,0.0,0.15384615384615385,0.11538461538461539,0.038461538461538464,0.038461538461538464,0.0,3075.7733,6.576540160071996,10.778420829772951,0.11538461538461539,0.026923076923077036,0.020769230769230804,0.44139267468558907,0.0023060817093550254,116.15384615384616,0.6942307692307692,0.38461538461538464
142,KYKKALKKLAKLL,inactive - exp,inactive - exp,0,Inactive,experimental,0,13,0.15384615384615385,0.0,0.0,0.0,0.0,0.0,0.0,0.0,0.46153846153846156,0.3076923076923077,0.0,0.0,0.0,0.0,0.0,0.0,0.0,0.0,0.0,0.07692307692307693,1545.0085000000001,5.539913718895949,10.398315238952637,0.07692307692307693,-10.361538461538462,-0.2384615384615384,0.7018851503821844,0.0038795614296255063,135.3846153846154,0.78,0.46153846153846156
143,LGGIVSAVKKIVDFLG,mod. active,mod. active,1,Active,active,0,16,0.0625,0.0,0.0625,0.0,0.0625,0.1875,0.0,0.125,0.125,0.125,0.0,0.0,0.0,0.0,0.0,0.0625,0.0,0.1875,0.0,0.0,1615.9536000000003,0.5528881663873828,8.59094409942627,0.0625,-20.04375,0.4675,0.5153089915263591,0.0006163518898982648,158.125,-1.0118749999999999,0.5625
144,LPKWKVFKKIEKVGRNIRNGIVKAGPAIAVLGEAKALG,mod. active,mod. active,1,Active,active,0,38,0.13157894736842105,0.0,0.0,0.05263157894736842,0.02631578947368421,0.13157894736842105,0.0,0.10526315789473684,0.18421052631578946,0.07894736842105263,0.0,0.05263157894736842,0.05263157894736842,0.0,0.05263157894736842,0.0,0.0,0.10526315789473684,0.02631578947368421,0.0,4070.913300000001,6.542105004308892,10.728973579406738,0.052631578947368425,25.43684210526316,0.06605263157894738,0.2880770780198202,0.0017187718776790562,115.52631578947367,0.6823684210526315,0.4473684210526316
145,MPKWKVFKKIEKVGRNIRNGIVKAGPAIAVLGEAKALG,inactive - exp,inactive - exp,0,Inactive,experimental,0,38,0.13157894736842105,0.0,0.0,0.05263157894736842,0.02631578947368421,0.13157894736842105,0.0,0.10526315789473684,0.18421052631578946,0.05263157894736842,0.02631578947368421,0.05263157894736842,0.05263157894736842,0.0,0.05263157894736842,0.0,0.0,0.10526315789473684,0.02631578947368421,0.0,4088.9517000000005,6.2695406194974,10.72878017425537,0.052631578947368425,31.931578947368422,0.05394736842105264,0.30002378637883786,0.0017111930662075442,105.26315789473682,0.7499999999999997,0.4473684210526316
146,RAGLQFPVGRLLRRLLRRLLR,very active,very active,1,Active,active,0,21,0.047619047619047616,0.0,0.0,0.0,0.047619047619047616,0.09523809523809523,0.0,0.0,0.0,0.3333333333333333,0.0,0.0,0.047619047619047616,0.047619047619047616,0.3333333333333333,0.0,0.0,0.047619047619047616,0.0,0.0,2560.1481,6.557277039933336,11.999967765808105,0.047619047619047616,117.8238095238095,-0.3166666666666667,0.5486275199411291,0.0027326523836493956,148.57142857142856,3.087142857142857,0.47619047619047616
147,VAKKLAKLAKKLAKLAL,very active,very active,1,Active,active,0,17,0.29411764705882354,0.0,0.0,0.0,0.0,0.0,0.0,0.0,0.35294117647058826,0.29411764705882354,0.0,0.0,0.0,0.0,0.0,0.0,0.0,0.058823529411764705,0.0,0.0,1807.3575999999998,5.508117265098505,10.699253654479982,0.0,-10.564705882352943,0.041176470588235356,0.6585976675655884,0.0033169927407932015,161.1764705882353,-0.2582352941176471,0.6470588235294118
148,VAKLLAKLAKKLL,mod. active,mod. active,1,Active,active,0,13,0.23076923076923078,0.0,0.0,0.0,0.0,0.0,0.0,0.0,0.3076923076923077,0.38461538461538464,0.0,0.0,0.0,0.0,0.0,0.0,0.0,0.07692307692307693,0.0,0.0,1408.8572,3.513128450433076,10.477675819396971,0.0,-10.361538461538462,0.18923076923076929,0.6863913514848103,0.0028356259670939627,195.38461538461542,-0.9130769230769231,0.6923076923076923
149,VAKLLAKLAKKVL,inactive - exp,inactive - exp,0,Inactive,experimental,0,13,0.23076923076923078,0.0,0.0,0.0,0.0,0.0,0.0,0.0,0.3076923076923077,0.3076923076923077,0.0,0.0,0.0,0.0,0.0,0.0,0.0,0.15384615384615385,0.0,0.0,1394.8306,3.513128450433076,10.477675819396971,0.0,-10.361538461538462,0.18923076923076929,0.6863913514848103,0.002864148319150004,187.69230769230768,-0.8453846153846155,0.6923076923076923
150,VALALKALKKALKKLKKALKKAL,inactive - exp,inactive - exp,0,Inactive,experimental,0,23,0.2608695652173913,0.0,0.0,0.0,0.0,0.0,0.0,0.0,0.391304347826087,0.30434782608695654,0.0,0.0,0.0,0.0,0.0,0.0,0.0,0.043478260869565216,0.0,0.0,2489.2676,8.500600487096646,10.90323162078857,0.0,-12.582608695652176,-0.04260869565217385,0.6355629912170403,0.003613092942537601,157.3913043478261,0.02652173913043476,0.6086956521739131
151,WALAL,inactive - exp,inactive - exp,0,Inactive,experimental,0,5,0.4,0.0,0.0,0.0,0.0,0.0,0.0,0.0,0.0,0.4,0.0,0.0,0.0,0.0,0.0,0.0,0.0,0.0,0.2,0.0,572.6962000000001,-0.4425471324330503,5.525000190734862,0.2,-22.06,0.85,0.1831050567923979,-6.984459577440195e-06,196.0,-3.1580000000000004,0.8
152,AADIFSKFKKDMEVKFA,inactive - virtual,inactive - virtual,0,Inactive,virtual,1,17,0.17647058823529413,0.0,0.11764705882352941,0.058823529411764705,0.17647058823529413,0.0,0.0,0.058823529411764705,0.23529411764705882,0.0,0.058823529411764705,0.0,0.0,0.0,0.0,0.058823529411764705,0.0,0.058823529411764705,0.0,0.0,1975.3102999999996,0.5997936565121877,8.473998451232912,0.17647058823529413,-6.117647058823529,-0.007058823529411764,0.3155959081765526,0.0005047283478120001,57.647058823529406,1.421764705882353,0.5294117647058824
153,AAQKDNVKSSWAKASA,inactive - virtual,inactive - virtual,0,Inactive,virtual,1,16,0.3125,0.0,0.0625,0.0,0.0,0.0,0.0,0.0,0.1875,0.0,0.0,0.0625,0.0,0.0625,0.0,0.1875,0.0,0.0625,0.0625,0.0,1661.8137000000002,1.600732004084624,9.703926277160644,0.0625,10.21875,-0.16,0.07124453774427329,0.001201092777797836,49.375,2.0206250000000003,0.375
154,AASQRKLIAEKFAQALMSSL,inactive - virtual,inactive - virtual,0,Inactive,virtual,1,20,0.25,0.0,0.0,0.05,0.05,0.0,0.0,0.05,0.1,0.15,0.05,0.0,0.0,0.1,0.05,0.15,0.0,0.0,0.0,0.0,2163.5396,1.603886755303376,9.994936561584474,0.05,46.48500000000001,0.05800000000000002,0.1927721165062644,0.0009230200365140625,103.0,1.0025,0.55
155,AAYATLYEALVLVATLAAP,inactive - virtual,inactive - virtual,0,Inactive,virtual,1,19,0.3684210526315789,0.0,0.0,0.05263157894736842,0.0,0.0,0.0,0.0,0.0,0.21052631578947367,0.0,0.0,0.05263157894736842,0.0,0.0,0.0,0.10526315789473684,0.10526315789473684,0.0,0.10526315789473684,1921.2364000000002,-1.3960881264632499,4.0500284194946286,0.10526315789473685,28.10526315789474,0.5652631578947368,0.1384142874078051,-0.0005225791676209115,149.4736842105263,-1.4842105263157892,0.6842105263157895
156,AEAHESIRLVFHDS,inactive - virtual,inactive - virtual,0,Inactive,virtual,1,14,0.14285714285714285,0.0,0.07142857142857142,0.14285714285714285,0.07142857142857142,0.0,0.14285714285714285,0.07142857142857142,0.0,0.07142857142857142,0.0,0.0,0.0,0.0,0.07142857142857142,0.14285714285714285,0.0,0.07142857142857142,0.0,0.0,1610.7253999999998,-2.3162819319151087,5.275533866882324,0.07142857142857144,30.735714285714288,3.96508223080413e-18,0.33481293105315757,-0.0011193682367622133,90.71428571428571,2.35,0.42857142857142855
157,AEGEREARVFTLWLNSL,inactive - virtual,inactive - virtual,0,Inactive,virtual,1,17,0.11764705882352941,0.0,0.0,0.17647058823529413,0.058823529411764705,0.058823529411764705,0.0,0.0,0.0,0.17647058823529413,0.0,0.058823529411764705,0.0,0.0,0.11764705882352941,0.058823529411764705,0.058823529411764705,0.058823529411764705,0.058823529411764705,0.0,1991.2071,-1.3888856557157365,4.786207008361816,0.11764705882352942,26.164705882352944,-0.00588235294117645,0.41387878472115586,-0.0005022072006468428,97.64705882352942,2.0123529411764705,0.4117647058823529
158,AEGVATADPLMRLAKQLK,inactive - virtual,inactive - virtual,0,Inactive,virtual,1,18,0.2222222222222222,0.0,0.05555555555555555,0.05555555555555555,0.0,0.05555555555555555,0.0,0.0,0.1111111111111111,0.16666666666666666,0.05555555555555555,0.0,0.05555555555555555,0.05555555555555555,0.05555555555555555,0.0,0.05555555555555555,0.05555555555555555,0.0,0.0,1912.2580000000003,0.6043332394583807,8.634008979797365,0.0,8.955555555555554,0.004444444444444473,0.36107717768492803,0.0005213726166943826,103.33333333333331,1.1294444444444443,0.5
159,AEHAKVLMDSLTGVWDNFLT,inactive - virtual,inactive - virtual,0,Inactive,virtual,1,20,0.1,0.0,0.1,0.05,0.05,0.05,0.05,0.0,0.05,0.15,0.05,0.05,0.0,0.0,0.0,0.05,0.1,0.1,0.05,0.0,2247.525,-2.356063124309908,4.536627006530763,0.1,-0.6449999999999996,0.2185,0.3821538259561841,-0.0008467072742076857,97.5,0.7290000000000002,0.45
160,AEHLAKAELTTVFSTLYQKF,inactive - virtual,inactive - virtual,0,Inactive,virtual,1,20,0.15,0.0,0.0,0.1,0.1,0.0,0.05,0.0,0.1,0.15,0.0,0.0,0.0,0.05,0.0,0.05,0.15,0.05,0.0,0.05,2297.6037000000006,-0.3608465170146449,6.79904613494873,0.15000000000000002,5.73,0.14300000000000002,0.19076643076794972,4.1782547952002295e-05,88.0,0.799,0.45
161,AEKAKYDEIFLKT,inactive - virtual,inactive - virtual,0,Inactive,virtual,1,13,0.15384615384615385,0.0,0.07692307692307693,0.15384615384615385,0.07692307692307693,0.0,0.0,0.07692307692307693,0.23076923076923078,0.07692307692307693,0.0,0.0,0.0,0.0,0.0,0.0,0.07692307692307693,0.0,0.0,0.07692307692307693,1555.7695,-0.39953206670297226,6.2235513687133786,0.15384615384615385,35.730769230769226,-0.13307692307692306,0.11496277355604947,-1.2855370652474339e-06,75.38461538461539,1.9430769230769231,0.38461538461538464
162,AFFTIAAVARVLD,inactive - virtual,inactive - virtual,0,Inactive,virtual,1,13,0.3076923076923077,0.0,0.07692307692307693,0.0,0.15384615384615385,0.0,0.0,0.07692307692307693,0.0,0.07692307692307693,0.0,0.0,0.0,0.0,0.07692307692307693,0.0,0.07692307692307693,0.15384615384615385,0.0,0.0,1393.6287,-0.3905070248548339,6.132438468933105,0.15384615384615385,9.230769230769232,0.47153846153846146,0.3748682734934879,-2.870202277505507e-06,135.3846153846154,-0.3776923076923077,0.7692307692307693
163,AFRHSVKEELNYIRRRLERFPNRL,inactive - virtual,inactive - virtual,0,Inactive,virtual,1,24,0.041666666666666664,0.0,0.0,0.125,0.08333333333333333,0.0,0.041666666666666664,0.041666666666666664,0.041666666666666664,0.125,0.0,0.08333333333333333,0.041666666666666664,0.0,0.25,0.041666666666666664,0.0,0.041666666666666664,0.0,0.041666666666666664,3100.5409000000004,3.642629127192244,11.344711112976075,0.125,85.75000000000001,-0.48583333333333334,0.5084647638299263,0.0013217052513433143,81.24999999999999,4.395416666666667,0.3333333333333333
164,AGDVLHNVLQMLIIESHS,inactive - virtual,inactive - virtual,0,Inactive,virtual,1,18,0.05555555555555555,0.0,0.05555555555555555,0.05555555555555555,0.0,0.05555555555555555,0.1111111111111111,0.1111111111111111,0.0,0.16666666666666666,0.05555555555555555,0.05555555555555555,0.0,0.05555555555555555,0.0,0.1111111111111111,0.0,0.1111111111111111,0.0,0.0,1976.2568999999999,-2.31737757462158,5.15293216705322,0.0,75.82222222222222,0.3116666666666667,0.28392977861895957,-0.0009133413619665428,146.1111111111111,0.33611111111111114,0.5
165,AGEMVRQARILAQATSDLVNAIKADA,inactive - virtual,inactive - virtual,0,Inactive,virtual,1,26,0.2692307692307692,0.0,0.07692307692307693,0.038461538461538464,0.0,0.038461538461538464,0.0,0.07692307692307693,0.038461538461538464,0.07692307692307693,0.038461538461538464,0.038461538461538464,0.0,0.07692307692307693,0.07692307692307693,0.038461538461538464,0.038461538461538464,0.07692307692307693,0.0,0.0,2713.075,-0.3927398019527013,6.166143989562988,0.0,15.0,0.03500000000000003,0.38535114275236276,-7.371695637430522e-07,109.23076923076923,1.523461538461538,0.5384615384615384
166,AGNLDIMTSAALATAERMAQSMLN,inactive - virtual,inactive - virtual,0,Inactive,virtual,1,24,0.25,0.0,0.041666666666666664,0.041666666666666664,0.0,0.041666666666666664,0.0,0.041666666666666664,0.0,0.125,0.125,0.08333333333333333,0.0,0.041666666666666664,0.041666666666666664,0.08333333333333333,0.08333333333333333,0.0,0.0,0.0,2480.8363,-1.3906555752070475,4.37037296295166,0.0,28.295833333333334,0.15875000000000003,0.2630663784353652,-0.0004038954547653214,89.99999999999999,0.945,0.5416666666666666
167,AHAIGVLLDNL,inactive - virtual,inactive - virtual,0,Inactive,virtual,1,11,0.18181818181818182,0.0,0.09090909090909091,0.0,0.0,0.09090909090909091,0.09090909090909091,0.09090909090909091,0.0,0.2727272727272727,0.0,0.09090909090909091,0.0,0.0,0.0,0.0,0.0,0.09090909090909091,0.0,0.0,1135.3131,-1.3551247767374717,5.078188896179198,0.0,1.3727272727272726,0.4945454545454545,0.4012201711318436,-0.0007971320861078816,186.36363636363637,-0.7509090909090907,0.6363636363636364
168,AIEKEILIEAISS,inactive - virtual,inactive - virtual,0,Inactive,virtual,1,13,0.15384615384615385,0.0,0.0,0.23076923076923078,0.0,0.0,0.0,0.3076923076923077,0.07692307692307693,0.07692307692307693,0.0,0.0,0.0,0.0,0.0,0.15384615384615385,0.0,0.0,0.0,0.0,1415.628,-2.3913410119162757,4.252716255187988,0.0,121.27692307692308,0.29692307692307696,0.09267917657813461,-0.0014127985419919045,165.3846153846154,0.35076923076923056,0.5384615384615384
169,AKQEKIIIQVALNDITHVVELL,inactive - virtual,inactive - virtual,0,Inactive,virtual,1,22,0.09090909090909091,0.0,0.045454545454545456,0.09090909090909091,0.0,0.0,0.045454545454545456,0.18181818181818182,0.09090909090909091,0.13636363636363635,0.0,0.045454545454545456,0.0,0.09090909090909091,0.0,0.0,0.045454545454545456,0.13636363636363635,0.0,0.0,2487.9314999999997,-1.357894440192354,5.447187614440917,0.0,21.75909090909091,0.23318181818181813,0.3697933873567896,-0.00036254893606759006,172.72727272727272,0.3731818181818182,0.5454545454545454
170,AKVVRTALEDAASVAGLLIT,inactive - virtual,inactive - virtual,0,Inactive,virtual,1,20,0.25,0.0,0.05,0.05,0.0,0.05,0.0,0.05,0.05,0.15,0.0,0.0,0.0,0.0,0.05,0.05,0.1,0.15,0.0,0.0,1998.324,-0.3931611678743332,6.114193153381346,0.0,14.885000000000002,0.28300000000000003,0.406621699469199,-1.0008356978076694e-06,146.5,0.13750000000000023,0.6
171,ALAVAAKPFL,inactive - virtual,inactive - virtual,0,Inactive,virtual,1,10,0.4,0.0,0.0,0.0,0.1,0.0,0.0,0.0,0.1,0.2,0.0,0.0,0.1,0.0,0.0,0.0,0.0,0.1,0.0,0.0,1000.2344,0.6052967052641909,8.795051002502444,0.1,20.720000000000002,0.5600000000000002,0.3176760392684503,0.0009957610173558346,147.0,-1.8550000000000004,0.8
172,ALGKVIKKWGTTVAKLA,inactive - virtual,inactive - virtual,0,Inactive,virtual,1,17,0.17647058823529413,0.0,0.0,0.0,0.0,0.11764705882352941,0.0,0.058823529411764705,0.23529411764705882,0.11764705882352941,0.0,0.0,0.0,0.0,0.0,0.0,0.11764705882352941,0.11764705882352941,0.058823529411764705,0.0,1784.1933,3.597779927262333,10.47786922454834,0.05882352941176471,-21.658823529411766,0.19588235294117654,0.5937853786406634,0.0022390987557448718,120.58823529411764,-0.3023529411764706,0.47058823529411764
173,ALYGLLKEEMGEILAK,inactive - virtual,inactive - virtual,0,Inactive,virtual,1,16,0.125,0.0,0.0,0.1875,0.0,0.125,0.0,0.0625,0.125,0.25,0.0625,0.0,0.0,0.0,0.0,0.0,0.0,0.0,0.0,0.0625,1778.1175000000003,-1.396352197250847,4.786207008361816,0.0625,38.50000000000001,0.23,0.17896507520676538,-0.000562954131329719,134.375,-0.04875000000000013,0.5
174,AMFEQMRANVGKLLKG,inactive - virtual,inactive - virtual,0,Inactive,virtual,1,16,0.125,0.0,0.0,0.0625,0.0625,0.125,0.0,0.0,0.125,0.125,0.125,0.0625,0.0,0.0625,0.0625,0.0,0.0,0.0625,0.0,0.0,1793.1618000000003,1.603886755303376,9.994936561584474,0.0625,-9.831249999999999,0.006875000000000006,0.35979030488518104,0.0011136702041635762,79.375,1.1218749999999997,0.5
175,APDAEGRAIQAVYWANKWAKEQG,inactive - virtual,inactive - virtual,0,Inactive,virtual,1,23,0.2608695652173913,0.0,0.043478260869565216,0.08695652173913043,0.0,0.08695652173913043,0.0,0.043478260869565216,0.08695652173913043,0.0,0.0,0.043478260869565216,0.043478260869565216,0.08695652173913043,0.043478260869565216,0.0,0.0,0.043478260869565216,0.08695652173913043,0.043478260869565216,2559.7888000000003,-0.3970515922690603,6.224460792541504,0.13043478260869565,12.473913043478262,-0.05130434782608693,0.304754344226066,-7.813110399249941e-07,55.65217391304347,1.73304347826087,0.34782608695652173
176,APDLLISLATVLYHLQQ,inactive - virtual,inactive - virtual,0,Inactive,virtual,1,17,0.11764705882352941,0.0,0.058823529411764705,0.0,0.0,0.0,0.058823529411764705,0.058823529411764705,0.0,0.29411764705882354,0.0,0.0,0.058823529411764705,0.11764705882352941,0.0,0.058823529411764705,0.058823529411764705,0.058823529411764705,0.0,0.058823529411764705,1895.2024000000001,-1.3576303694047573,5.07813205718994,0.05882352941176471,54.07058823529412,0.3758823529411765,0.33440411387695723,-0.000478047287635671,166.47058823529412,-0.3888235294117646,0.5294117647058824
177,APEDVRKSSKEVL,inactive - virtual,inactive - virtual,0,Inactive,virtual,1,13,0.07692307692307693,0.0,0.07692307692307693,0.15384615384615385,0.0,0.0,0.0,0.0,0.15384615384615385,0.07692307692307693,0.0,0.0,0.07692307692307693,0.0,0.07692307692307693,0.15384615384615385,0.0,0.15384615384615385,0.0,0.0,1457.6283,-0.3945459996017746,6.225370216369629,0.0,67.04615384615386,-0.32307692307692315,0.5344739121744981,-6.860451554921345e-07,82.3076923076923,3.103846153846154,0.3076923076923077
178,APLLNFVRDFVREDAKYLYSSLV,inactive - virtual,inactive - virtual,0,Inactive,virtual,1,23,0.08695652173913043,0.0,0.08695652173913043,0.043478260869565216,0.08695652173913043,0.0,0.0,0.0,0.043478260869565216,0.17391304347826086,0.0,0.043478260869565216,0.043478260869565216,0.0,0.08695652173913043,0.08695652173913043,0.0,0.13043478260869565,0.0,0.08695652173913043,2716.0934,-0.39775098728727265,6.164381980895995,0.17391304347826086,24.873913043478264,0.0782608695652174,0.3893766834316481,-1.4726998269577703e-06,114.34782608695652,1.3904347826086951,0.4782608695652174
179,AQTSRWAAMQIGMSFISAY,inactive - virtual,inactive - virtual,0,Inactive,virtual,1,19,0.21052631578947367,0.0,0.0,0.0,0.05263157894736842,0.05263157894736842,0.0,0.10526315789473684,0.0,0.0,0.10526315789473684,0.0,0.0,0.10526315789473684,0.05263157894736842,0.15789473684210525,0.05263157894736842,0.0,0.05263157894736842,0.05263157894736842,2119.4222,0.6052715870308174,8.792601203918458,0.15789473684210528,61.00526315789473,0.23789473684210524,0.17064639674961127,0.0004694658469494157,62.105263157894726,0.5726315789473683,0.47368421052631576
180,ARDEAEMEYLKIAQ,inactive - virtual,inactive - virtual,0,Inactive,virtual,1,14,0.21428571428571427,0.0,0.07142857142857142,0.21428571428571427,0.0,0.0,0.0,0.07142857142857142,0.07142857142857142,0.07142857142857142,0.07142857142857142,0.0,0.0,0.07142857142857142,0.07142857142857142,0.0,0.0,0.0,0.0,0.07142857142857142,1666.8500000000001,-2.393425238661931,4.407375144958496,0.07142857142857144,-2.8428571428571434,-0.1935714285714286,0.16860328035663744,-0.001199868014518403,77.14285714285714,2.691428571428571,0.42857142857142855
181,ASLPEAIEALTKG,inactive - virtual,inactive - virtual,0,Inactive,virtual,1,13,0.23076923076923078,0.0,0.0,0.15384615384615385,0.0,0.07692307692307693,0.0,0.07692307692307693,0.07692307692307693,0.15384615384615385,0.0,0.0,0.07692307692307693,0.0,0.0,0.07692307692307693,0.07692307692307693,0.0,0.0,0.0,1299.4698,-1.3924617728561202,4.531568336486816,0.0,64.68461538461538,0.21923076923076928,0.42516879892858417,-0.0007710835956197526,113.07692307692308,0.30846153846153845,0.46153846153846156
182,ATLKNLGSVHVSKG,inactive - virtual,inactive - virtual,0,Inactive,virtual,1,14,0.07142857142857142,0.0,0.0,0.0,0.0,0.14285714285714285,0.07142857142857142,0.0,0.14285714285714285,0.14285714285714285,0.0,0.07142857142857142,0.0,0.0,0.0,0.14285714285714285,0.07142857142857142,0.14285714285714285,0.0,0.0,1410.6179999999997,1.6394175537729518,10.00344638824463,0.0,-2.8428571428571434,0.0992857142857143,0.15855938223963806,0.001484453644496746,104.28571428571428,0.7257142857142856,0.35714285714285715
183,AVDTLVLALAEAT,inactive - virtual,inactive - virtual,0,Inactive,virtual,1,13,0.3076923076923077,0.0,0.07692307692307693,0.07692307692307693,0.0,0.0,0.0,0.0,0.0,0.23076923076923078,0.0,0.0,0.0,0.0,0.0,0.0,0.15384615384615385,0.15384615384615385,0.0,0.0,1286.4709000000003,-2.390630456973674,4.0500284194946286,0.0,-13.892307692307693,0.4800000000000001,0.2999518637166329,-0.0015561964134414325,165.3846153846154,-0.7238461538461537,0.6923076923076923
184,DAAALFRLHKFLTKW,inactive - virtual,inactive - virtual,0,Inactive,virtual,1,15,0.2,0.0,0.06666666666666667,0.0,0.13333333333333333,0.0,0.06666666666666667,0.0,0.13333333333333333,0.2,0.0,0.0,0.0,0.0,0.06666666666666667,0.0,0.06666666666666667,0.0,0.06666666666666667,0.0,1817.1402000000003,1.589489489330056,9.99435634613037,0.2,25.119999999999997,0.10133333333333333,0.39169997814558344,0.0011529106177839902,98.0,0.8993333333333331,0.5333333333333333
185,DAAGLASRHKG,inactive - virtual,inactive - virtual,0,Inactive,virtual,1,11,0.2727272727272727,0.0,0.09090909090909091,0.0,0.0,0.18181818181818182,0.09090909090909091,0.0,0.09090909090909091,0.09090909090909091,0.0,0.0,0.0,0.0,0.09090909090909091,0.09090909090909091,0.0,0.0,0.0,0.0,1082.1712,0.5919950819973421,8.754887199401857,0.0,57.918181818181814,-0.14181818181818182,0.1929609899209173,0.001011855808237153,62.727272727272734,2.2745454545454544,0.36363636363636365
186,DAENRDLFLALLSV,inactive - virtual,inactive - virtual,0,Inactive,virtual,1,14,0.14285714285714285,0.0,0.14285714285714285,0.07142857142857142,0.07142857142857142,0.0,0.0,0.0,0.0,0.2857142857142857,0.0,0.07142857142857142,0.0,0.0,0.07142857142857142,0.07142857142857142,0.0,0.07142857142857142,0.0,0.0,1575.7607,-2.4405585214165693,4.0500284194946286,0.07142857142857144,9.285714285714286,0.1385714285714286,0.2012643647570704,-0.0012704980453876224,146.42857142857142,1.3492857142857144,0.5714285714285714
187,DAHAWMIGQLKGL,inactive - virtual,inactive - virtual,0,Inactive,virtual,1,13,0.15384615384615385,0.0,0.07692307692307693,0.0,0.0,0.15384615384615385,0.07692307692307693,0.07692307692307693,0.07692307692307693,0.15384615384615385,0.07692307692307693,0.0,0.0,0.07692307692307693,0.0,0.0,0.0,0.0,0.07692307692307693,0.0,1439.6806,-0.40797979976928467,6.743628120422364,0.07692307692307693,7.853846153846151,0.27692307692307694,0.1962868186355896,6.59864276337267e-05,105.38461538461539,-0.0361538461538462,0.46153846153846156
188,DALEIFKTLFSLVMRFSSYL,inactive - virtual,inactive - virtual,0,Inactive,virtual,1,20,0.05,0.0,0.05,0.05,0.15,0.0,0.0,0.05,0.05,0.2,0.05,0.0,0.0,0.0,0.05,0.15,0.05,0.05,0.0,0.05,2380.7980000000002,-0.44601619090614575,6.069006156921386,0.2,17.475,0.28950000000000004,0.5268653414178979,-1.2600806451612903e-06,117.0,0.3585000000000001,0.55
189,DAMLRTSMVATQLVGLAMMRYV,inactive - virtual,inactive - virtual,0,Inactive,virtual,1,22,0.13636363636363635,0.0,0.045454545454545456,0.0,0.0,0.045454545454545456,0.0,0.0,0.0,0.13636363636363635,0.18181818181818182,0.0,0.0,0.045454545454545456,0.09090909090909091,0.045454545454545456,0.09090909090909091,0.13636363636363635,0.0,0.045454545454545456,2457.9964,0.5553435225879215,8.745345878601075,0.045454545454545456,2.8500000000000028,0.21500000000000002,0.2511300301283408,0.00040520748576078114,106.36363636363635,0.4604545454545454,0.5909090909090909
190,DARAKKLLDKWAKWING,inactive - virtual,inactive - virtual,0,Inactive,virtual,1,17,0.17647058823529413,0.0,0.11764705882352941,0.0,0.0,0.058823529411764705,0.0,0.058823529411764705,0.23529411764705882,0.11764705882352941,0.0,0.058823529411764705,0.0,0.0,0.058823529411764705,0.0,0.0,0.0,0.11764705882352941,0.0,2013.3452000000002,2.548298346974443,9.9971284866333,0.11764705882352942,-18.258823529411764,-0.20705882352941174,0.49307635997976873,0.0014880671517619889,86.47058823529412,2.0829411764705883,0.35294117647058826
191,DATAALALTMA,inactive - virtual,inactive - virtual,0,Inactive,virtual,1,11,0.45454545454545453,0.0,0.09090909090909091,0.0,0.0,0.0,0.0,0.0,0.0,0.18181818181818182,0.09090909090909091,0.0,0.0,0.0,0.0,0.0,0.18181818181818182,0.0,0.0,0.0,1048.2112000000002,-1.4421006482780456,4.0500284194946286,0.0,20.30909090909091,0.44909090909090915,0.08333508783233487,-0.0009578233369267608,116.36363636363637,-0.670909090909091,0.7272727272727273
192,DATLISELQQM,inactive - virtual,inactive - virtual,0,Inactive,virtual,1,11,0.09090909090909091,0.0,0.09090909090909091,0.09090909090909091,0.0,0.0,0.0,0.09090909090909091,0.0,0.18181818181818182,0.09090909090909091,0.0,0.0,0.18181818181818182,0.0,0.09090909090909091,0.09090909090909091,0.0,0.0,0.0,1248.403,-2.4409798873382007,4.0500284194946286,0.0,73.74545454545455,0.11727272727272728,0.2824662326412644,-0.0016036398298635863,115.45454545454545,1.2418181818181817,0.45454545454545453
193,DDADLEKFVIEY,inactive - virtual,inactive - virtual,0,Inactive,virtual,1,12,0.08333333333333333,0.0,0.25,0.16666666666666666,0.08333333333333333,0.0,0.0,0.08333333333333333,0.08333333333333333,0.08333333333333333,0.0,0.0,0.0,0.0,0.0,0.0,0.0,0.08333333333333333,0.0,0.08333333333333333,1456.5489000000002,-4.443977343422919,4.0500284194946286,0.16666666666666669,38.70833333333333,0.0,0.22784343817160038,-0.00274690192578353,97.49999999999997,2.2333333333333334,0.4166666666666667
194,DDETLGVLMWILDRSIH,inactive - virtual,inactive - virtual,0,Inactive,virtual,1,17,0.0,0.0,0.17647058823529413,0.058823529411764705,0.0,0.058823529411764705,0.058823529411764705,0.11764705882352941,0.0,0.17647058823529413,0.058823529411764705,0.0,0.0,0.0,0.058823529411764705,0.058823529411764705,0.058823529411764705,0.058823529411764705,0.058823529411764705,0.0,2013.2738999999997,-3.403485596085518,4.219238090515137,0.05882352941176471,49.411764705882355,0.15058823529411766,0.2837591817998924,-0.0014414289120241596,131.76470588235296,1.4270588235294115,0.4117647058823529
195,DDETREELEELLIQA,inactive - virtual,inactive - virtual,0,Inactive,virtual,1,15,0.06666666666666667,0.0,0.13333333333333333,0.3333333333333333,0.0,0.0,0.0,0.06666666666666667,0.0,0.2,0.0,0.0,0.0,0.06666666666666667,0.06666666666666667,0.0,0.06666666666666667,0.0,0.0,0.0,1802.8872000000001,-6.436075477657191,4.0500284194946286,0.0,52.8,-0.23866666666666667,0.22315617595338777,-0.003325771400362751,110.66666666666667,3.535333333333333,0.3333333333333333
196,DDRVQSHILHLEHDLVHVTRKN,inactive - virtual,inactive - virtual,0,Inactive,virtual,1,22,0.0,0.0,0.13636363636363635,0.045454545454545456,0.0,0.0,0.18181818181818182,0.045454545454545456,0.045454545454545456,0.13636363636363635,0.0,0.045454545454545456,0.0,0.045454545454545456,0.09090909090909091,0.045454545454545456,0.045454545454545456,0.13636363636363635,0.0,0.0,2661.9288,-1.2961369834580365,6.4265233993530275,0.0,47.53181818181818,-0.24545454545454543,0.3720787585563348,-0.00022765351585685628,110.45454545454544,3.334090909090909,0.3181818181818182
197,DDYLKEQVLHMKQYVSDN,inactive - virtual,inactive - virtual,0,Inactive,virtual,1,18,0.0,0.0,0.16666666666666666,0.05555555555555555,0.0,0.0,0.05555555555555555,0.0,0.1111111111111111,0.1111111111111111,0.05555555555555555,0.05555555555555555,0.0,0.1111111111111111,0.0,0.05555555555555555,0.0,0.1111111111111111,0.0,0.1111111111111111,2225.4333,-2.4134828485212876,4.658717155456543,0.1111111111111111,20.183333333333337,-0.21888888888888886,0.26050610500696436,-0.00085556114745848,75.55555555555554,2.77,0.2777777777777778
198,DEAAFQKLMSNLD,inactive - virtual,inactive - virtual,0,Inactive,virtual,1,13,0.15384615384615385,0.0,0.15384615384615385,0.07692307692307693,0.07692307692307693,0.0,0.0,0.0,0.07692307692307693,0.15384615384615385,0.07692307692307693,0.07692307692307693,0.0,0.07692307692307693,0.0,0.07692307692307693,0.0,0.0,0.0,0.0,1481.6262999999997,-2.4417696845584236,4.274371910095215,0.07692307692307693,36.5,-0.04384615384615384,0.30807200285318453,-0.0013512145407422902,75.38461538461539,2.045384615384615,0.46153846153846156
199,DEAGLMRELRLFRRRIMVRIAWAQTL,inactive - virtual,inactive - virtual,0,Inactive,virtual,1,26,0.11538461538461539,0.0,0.038461538461538464,0.07692307692307693,0.038461538461538464,0.038461538461538464,0.0,0.07692307692307693,0.0,0.15384615384615385,0.07692307692307693,0.0,0.0,0.038461538461538464,0.23076923076923078,0.0,0.038461538461538464,0.038461538461538464,0.038461538461538464,0.0,3201.8152999999993,2.5599901642014027,11.698964881896973,0.07692307692307693,52.40384615384615,-0.1673076923076923,0.22300875573325493,0.0009366547775952427,112.6923076923077,2.693461538461538,0.5
200,DEETMERIMRELKKK,inactive - virtual,inactive - virtual,0,Inactive,virtual,1,15,0.0,0.0,0.06666666666666667,0.26666666666666666,0.0,0.0,0.0,0.06666666666666667,0.2,0.06666666666666667,0.13333333333333333,0.0,0.0,0.0,0.13333333333333333,0.0,0.06666666666666667,0.0,0.0,0.0,1936.2581000000005,-0.44518461898727146,6.311481285095215,0.0,20.38,-0.642,0.5707042431564867,5.164595663805481e-07,52.0,4.698666666666666,0.26666666666666666
201,DEFTKQHIVGK,inactive - virtual,inactive - virtual,0,Inactive,virtual,1,11,0.0,0.0,0.09090909090909091,0.09090909090909091,0.09090909090909091,0.09090909090909091,0.09090909090909091,0.09090909090909091,0.18181818181818182,0.0,0.0,0.0,0.0,0.09090909090909091,0.0,0.0,0.09090909090909091,0.09090909090909091,0.0,0.0,1301.4474,-0.40936463149672564,6.751130867004395,0.09090909090909091,47.37272727272727,-0.16000000000000003,0.13334844878306354,7.37638787506243e-05,61.81818181818183,2.410909090909091,0.2727272727272727
202,DEKAFKNTYRQAMND,inactive - virtual,inactive - virtual,0,Inactive,virtual,1,15,0.13333333333333333,0.0,0.13333333333333333,0.06666666666666667,0.06666666666666667,0.0,0.0,0.0,0.13333333333333333,0.0,0.06666666666666667,0.13333333333333333,0.0,0.06666666666666667,0.06666666666666667,0.0,0.06666666666666667,0.0,0.0,0.06666666666666667,1830.9715,-0.4468059881263686,6.223096656799316,0.13333333333333333,-4.7799999999999985,-0.4773333333333334,0.43386333443729985,-1.6384668319697648e-06,13.333333333333334,4.19,0.26666666666666666
203,DEKKILKDFLIQ,inactive - virtual,inactive - virtual,0,Inactive,virtual,1,12,0.0,0.0,0.16666666666666666,0.08333333333333333,0.08333333333333333,0.0,0.0,0.16666666666666666,0.25,0.16666666666666666,0.0,0.0,0.0,0.08333333333333333,0.0,0.0,0.0,0.0,0.0,0.0,1489.7544,-0.448050181185053,6.120445442199705,0.08333333333333334,4.783333333333334,-0.1408333333333334,0.33894182693964936,-1.3424981205026313e-06,129.99999999999997,1.9816666666666667,0.4166666666666667
204,DEKSIITYVSSLYDAM,inactive - virtual,inactive - virtual,0,Inactive,virtual,1,16,0.0625,0.0,0.125,0.0625,0.0,0.0,0.0,0.125,0.0625,0.0625,0.0625,0.0,0.0,0.0,0.0,0.1875,0.0625,0.0625,0.0,0.125,1835.0362999999998,-2.448050181185053,4.0500284194946286,0.125,36.2125,0.13437500000000002,0.34785466586326924,-0.0010920742872089983,97.5,1.243125,0.375
205,DELLSKMRFAL,inactive - virtual,inactive - virtual,0,Inactive,virtual,1,11,0.09090909090909091,0.0,0.09090909090909091,0.09090909090909091,0.09090909090909091,0.0,0.0,0.0,0.09090909090909091,0.2727272727272727,0.09090909090909091,0.0,0.0,0.0,0.09090909090909091,0.09090909090909091,0.0,0.0,0.0,0.0,1322.5725,-0.4435105982388601,6.0697450637817365,0.09090909090909091,31.872727272727275,-0.005454545454545459,0.37832473783932113,-1.5121958596077364e-06,115.45454545454544,1.5909090909090908,0.5454545454545454
206,DEPQVQAKIMAYLQQEQSNR,inactive - virtual,inactive - virtual,0,Inactive,virtual,1,20,0.1,0.0,0.05,0.1,0.0,0.0,0.0,0.05,0.05,0.05,0.05,0.05,0.05,0.25,0.05,0.05,0.0,0.05,0.0,0.05,2376.601,-1.444895429966301,4.679122352600097,0.05,94.075,-0.28650000000000003,0.1013399969086161,-0.0004216089303672037,63.5,3.0420000000000003,0.3
207,DEQYREGAVRTVASFRERLDR,inactive - virtual,inactive - virtual,0,Inactive,virtual,1,21,0.09523809523809523,0.0,0.09523809523809523,0.14285714285714285,0.047619047619047616,0.047619047619047616,0.0,0.0,0.0,0.047619047619047616,0.0,0.0,0.0,0.047619047619047616,0.23809523809523808,0.047619047619047616,0.047619047619047616,0.09523809523809523,0.0,0.047619047619047616,2553.7446999999997,-0.44092306513765944,6.2810155868530275,0.09523809523809523,-0.58095238095238,-0.5295238095238096,0.35086913659143526,0.0,55.71428571428571,4.932380952380953,0.2857142857142857
208,DERLLQKYRAQVFEWG,inactive - virtual,inactive - virtual,0,Inactive,virtual,1,16,0.0625,0.0,0.0625,0.125,0.0625,0.0625,0.0,0.0,0.0625,0.125,0.0,0.0,0.0,0.125,0.125,0.0,0.0,0.0625,0.0625,0.0625,2038.2651,-0.44492054819967475,6.181319999694824,0.1875,-1.4062499999999978,-0.244375,0.3326337816955753,-9.812242735260785e-07,73.125,2.9381250000000003,0.3125
209,DEVLLALAEQLGT,inactive - virtual,inactive - virtual,0,Inactive,virtual,1,13,0.15384615384615385,0.0,0.07692307692307693,0.15384615384615385,0.0,0.07692307692307693,0.0,0.0,0.0,0.3076923076923077,0.0,0.0,0.0,0.07692307692307693,0.0,0.0,0.07692307692307693,0.07692307692307693,0.0,0.0,1371.5323,-3.439859126398356,4.0500284194946286,0.0,17.51538461538462,0.3030769230769231,0.2957763424816562,-0.002188051387491433,157.69230769230768,0.16692307692307698,0.5384615384615384
210,DFAALAQTAHRLKGVFAMLN,inactive - virtual,inactive - virtual,0,Inactive,virtual,1,20,0.25,0.0,0.05,0.0,0.1,0.05,0.05,0.0,0.05,0.15,0.05,0.05,0.0,0.05,0.05,0.0,0.05,0.05,0.0,0.0,2174.5239,0.5919950819973421,8.754887199401857,0.1,-7.004999999999999,0.202,0.21683511917434656,0.0005035570904977167,98.0,0.575,0.6
211,DFLEEQYKGQRDLAGKASTLKK,inactive - virtual,inactive - virtual,0,Inactive,virtual,1,22,0.09090909090909091,0.0,0.09090909090909091,0.09090909090909091,0.045454545454545456,0.09090909090909091,0.0,0.0,0.18181818181818182,0.13636363636363635,0.0,0.0,0.0,0.09090909090909091,0.045454545454545456,0.045454545454545456,0.045454545454545456,0.0,0.0,0.045454545454545456,2525.8108,0.5480342761868462,8.378907585144042,0.09090909090909091,14.686363636363637,-0.3068181818181818,0.36730153398304105,0.0003951192088113959,62.272727272727266,2.8240909090909083,0.2727272727272727
212,DFPALIKQASLDALFK,inactive - virtual,inactive - virtual,0,Inactive,virtual,1,16,0.1875,0.0,0.125,0.0,0.125,0.0,0.0,0.0625,0.125,0.1875,0.0,0.0,0.0625,0.0625,0.0,0.0625,0.0,0.0,0.0,0.0,1777.0681000000002,-0.44666534945761205,5.959761619567872,0.125,28.8125,0.20312500000000003,0.16606519924636584,-2.250883471762667e-06,116.25,0.400625,0.5625
213,DFSETINAYFVAKLL,inactive - virtual,inactive - virtual,0,Inactive,virtual,1,15,0.13333333333333333,0.0,0.06666666666666667,0.06666666666666667,0.13333333333333333,0.0,0.0,0.06666666666666667,0.06666666666666667,0.13333333333333333,0.0,0.06666666666666667,0.0,0.0,0.0,0.06666666666666667,0.06666666666666667,0.06666666666666667,0.0,0.06666666666666667,1730.9532000000004,-1.4459910726727725,4.3702592849731445,0.2,11.486666666666668,0.2966666666666667,0.07230103180821727,-0.0005794472431483107,110.66666666666666,0.3633333333333333,0.5333333333333333
214,DGALKRAEELKTQANDYFK,inactive - virtual,inactive - virtual,0,Inactive,virtual,1,19,0.15789473684210525,0.0,0.10526315789473684,0.10526315789473684,0.05263157894736842,0.05263157894736842,0.0,0.0,0.15789473684210525,0.10526315789473684,0.0,0.05263157894736842,0.0,0.05263157894736842,0.05263157894736842,0.0,0.05263157894736842,0.0,0.0,0.05263157894736842,2197.4036000000006,-0.4494601311458677,6.212922477722167,0.10526315789473685,18.505263157894735,-0.31368421052631584,0.4158783775506474,-9.101624184835784e-07,56.84210526315789,3.0699999999999994,0.3157894736842105
215,DGFSVLMRAMQQ,inactive - virtual,inactive - virtual,0,Inactive,virtual,1,12,0.08333333333333333,0.0,0.08333333333333333,0.0,0.08333333333333333,0.08333333333333333,0.0,0.0,0.0,0.08333333333333333,0.16666666666666666,0.0,0.0,0.16666666666666666,0.08333333333333333,0.08333333333333333,0.0,0.08333333333333333,0.0,0.0,1382.6076999999998,-0.4421257665114191,5.83636417388916,0.08333333333333334,12.650000000000002,0.04166666666666668,0.5884112584974525,-2.8930790316864484e-06,64.99999999999999,1.5608333333333333,0.5
216,DGGGFVISKHPVRLAKKLNR,inactive - virtual,inactive - virtual,0,Inactive,virtual,1,20,0.05,0.0,0.05,0.0,0.05,0.15,0.05,0.05,0.15,0.1,0.0,0.05,0.05,0.0,0.1,0.05,0.0,0.1,0.0,0.0,2192.5658000000008,3.5869587784293975,11.097216987609862,0.05,25.785,-0.12899999999999995,0.4814575035363016,0.0018676712716127646,92.5,1.9730000000000003,0.35
217,DHAVLEVLATPVREALLARFG,inactive - virtual,inactive - virtual,0,Inactive,virtual,1,21,0.19047619047619047,0.0,0.047619047619047616,0.09523809523809523,0.047619047619047616,0.047619047619047616,0.047619047619047616,0.0,0.0,0.19047619047619047,0.0,0.0,0.047619047619047616,0.0,0.09523809523809523,0.0,0.047619047619047616,0.14285714285714285,0.0,0.0,2277.6205999999997,-1.4032829216890566,5.445482444763183,0.047619047619047616,18.695238095238096,0.19761904761904772,0.10849298386053695,-0.00039602743214408025,134.76190476190476,0.7833333333333333,0.5714285714285714
218,DIFDFMERWIEKKLEYSASH,inactive - virtual,inactive - virtual,0,Inactive,virtual,1,20,0.05,0.0,0.1,0.15,0.1,0.0,0.05,0.1,0.1,0.05,0.05,0.0,0.0,0.0,0.05,0.1,0.0,0.0,0.05,0.05,2544.8336999999997,-2.409207336362691,4.898407173156738,0.2,58.265,-0.08250000000000002,0.41198055007853646,-0.0007470017761430973,63.5,2.4139999999999993,0.35
219,DIHAAIEMLLG,inactive - virtual,inactive - virtual,0,Inactive,virtual,1,11,0.18181818181818182,0.0,0.09090909090909091,0.09090909090909091,0.0,0.09090909090909091,0.09090909090909091,0.18181818181818182,0.0,0.18181818181818182,0.09090909090909091,0.0,0.0,0.0,0.0,0.0,0.0,0.0,0.0,0.0,1182.3895,-2.404353446162154,4.353093910217285,0.0,60.25454545454545,0.48363636363636364,0.31201247302202684,-0.0016094520420504232,160.00000000000003,-0.5818181818181819,0.6363636363636364
220,DIIGTEITSALKNVYSIAIAWIRGYESRKN,inactive - virtual,inactive - virtual,0,Inactive,virtual,1,30,0.1,0.0,0.03333333333333333,0.06666666666666667,0.0,0.06666666666666667,0.0,0.2,0.06666666666666667,0.03333333333333333,0.0,0.06666666666666667,0.0,0.0,0.06666666666666667,0.1,0.06666666666666667,0.03333333333333333,0.03333333333333333,0.06666666666666667,3382.8184,0.5500682664657539,8.430031013488772,0.1,19.0,0.0723333333333333,0.29303918533738577,0.00029472364854278815,110.66666666666666,1.4686666666666666,0.36666666666666664
221,DILREIGMIARALDSISNIEF,inactive - virtual,inactive - virtual,0,Inactive,virtual,1,21,0.09523809523809523,0.0,0.09523809523809523,0.09523809523809523,0.047619047619047616,0.047619047619047616,0.0,0.23809523809523808,0.0,0.09523809523809523,0.047619047619047616,0.047619047619047616,0.0,0.0,0.09523809523809523,0.09523809523809523,0.0,0.0,0.0,0.0,2376.7268000000004,-2.4394628787100983,4.316716957092285,0.047619047619047616,88.05714285714286,0.15904761904761905,0.47971269377826903,-0.0008414923024491634,139.5238095238095,1.4290476190476191,0.5238095238095238
222,DIRAVLRDLSFHLNGHILHSIFWPNM,inactive - virtual,inactive - virtual,0,Inactive,virtual,1,26,0.038461538461538464,0.0,0.07692307692307693,0.0,0.07692307692307693,0.038461538461538464,0.11538461538461539,0.11538461538461539,0.0,0.15384615384615385,0.038461538461538464,0.07692307692307693,0.038461538461538464,0.0,0.07692307692307693,0.07692307692307693,0.0,0.038461538461538464,0.038461538461538464,0.0,3102.5713,-0.33182507706164666,7.024583244323729,0.11538461538461539,35.550000000000004,0.18653846153846151,0.19475485726261063,9.44375326341303e-05,120.0,1.1334615384615379,0.46153846153846156
223,DIRTSLANDMAIYGDIIEATREHTELAENL,inactive - virtual,inactive - virtual,0,Inactive,virtual,1,30,0.13333333333333333,0.0,0.1,0.13333333333333333,0.0,0.03333333333333333,0.03333333333333333,0.13333333333333333,0.0,0.1,0.03333333333333333,0.06666666666666667,0.0,0.0,0.06666666666666667,0.03333333333333333,0.1,0.0,0.0,0.03333333333333333,3375.6737000000003,-5.402654024166644,4.192807960510254,0.03333333333333333,26.99,-0.0063333333333333314,0.28249508037479476,-0.0014512631529054888,104.33333333333334,2.2486666666666664,0.4
224,DIYQQVRDELKRAS,inactive - virtual,inactive - virtual,0,Inactive,virtual,1,14,0.07142857142857142,0.0,0.14285714285714285,0.07142857142857142,0.0,0.0,0.0,0.07142857142857142,0.07142857142857142,0.07142857142857142,0.0,0.0,0.0,0.14285714285714285,0.14285714285714285,0.07142857142857142,0.0,0.07142857142857142,0.0,0.07142857142857142,1720.8808,-0.44559482498451475,6.121184349060058,0.07142857142857144,34.87857142857143,-0.46,0.6180819549532498,-1.7432839983961786e-06,83.57142857142856,4.183571428571428,0.2857142857142857
225,DKETMNIHHTK,inactive - virtual,inactive - virtual,0,Inactive,virtual,1,11,0.0,0.0,0.09090909090909091,0.09090909090909091,0.0,0.0,0.18181818181818182,0.09090909090909091,0.18181818181818182,0.0,0.09090909090909091,0.09090909090909091,0.0,0.0,0.0,0.0,0.18181818181818182,0.0,0.0,0.0,1353.5039000000002,-0.3727381903206788,6.921477317810059,0.0,45.68181818181817,-0.38909090909090904,0.11683813764380714,0.00014406986280116144,35.45454545454546,3.6781818181818178,0.18181818181818182
226,DLAANNGGWQWS,inactive - virtual,inactive - virtual,0,Inactive,virtual,1,12,0.16666666666666666,0.0,0.08333333333333333,0.0,0.0,0.16666666666666666,0.0,0.0,0.0,0.08333333333333333,0.0,0.16666666666666666,0.0,0.08333333333333333,0.0,0.08333333333333333,0.0,0.0,0.16666666666666666,0.0,1318.3501999999999,-1.4421006482780456,4.0500284194946286,0.16666666666666669,17.208333333333332,0.11916666666666666,0.11030335263845022,-0.0007615522315604236,49.16666666666666,1.321666666666667,0.25
227,DLARIEQFLDALWLE,inactive - virtual,inactive - virtual,0,Inactive,virtual,1,15,0.13333333333333333,0.0,0.13333333333333333,0.13333333333333333,0.06666666666666667,0.0,0.0,0.06666666666666667,0.0,0.26666666666666666,0.0,0.0,0.0,0.06666666666666667,0.06666666666666667,0.0,0.0,0.0,0.06666666666666667,0.0,1832.0605,-3.437345273820028,4.156487846374512,0.13333333333333333,70.45333333333333,0.16133333333333338,0.3434098765002665,-0.0016375009552088906,143.33333333333334,1.1993333333333334,0.5333333333333333
228,DLEAKKMYFDAVQAIETHL,inactive - virtual,inactive - virtual,0,Inactive,virtual,1,19,0.15789473684210525,0.0,0.10526315789473684,0.10526315789473684,0.05263157894736842,0.0,0.05263157894736842,0.05263157894736842,0.10526315789473684,0.10526315789473684,0.05263157894736842,0.0,0.0,0.05263157894736842,0.0,0.0,0.05263157894736842,0.05263157894736842,0.0,0.05263157894736842,2222.5155999999997,-2.410302979069162,4.751251029968262,0.10526315789473685,68.71578947368421,0.05684210526315791,0.2653351317063809,-0.0008562352644745604,92.63157894736841,1.3426315789473684,0.47368421052631576
229,DLESDALGWQYITG,inactive - virtual,inactive - virtual,0,Inactive,virtual,1,14,0.07142857142857142,0.0,0.14285714285714285,0.07142857142857142,0.0,0.14285714285714285,0.0,0.07142857142857142,0.0,0.14285714285714285,0.0,0.0,0.0,0.07142857142857142,0.0,0.07142857142857142,0.07142857142857142,0.0,0.07142857142857142,0.07142857142857142,1567.6508999999999,-3.4430389958504817,4.0500284194946286,0.14285714285714288,20.40714285714286,0.1878571428571429,0.0644502163018232,-0.001914956049143309,90.71428571428571,1.0799999999999998,0.2857142857142857
230,DLGRKITSALRSLSN,inactive - virtual,inactive - virtual,0,Inactive,virtual,1,15,0.06666666666666667,0.0,0.06666666666666667,0.0,0.0,0.06666666666666667,0.0,0.06666666666666667,0.06666666666666667,0.2,0.0,0.06666666666666667,0.0,0.0,0.13333333333333333,0.2,0.06666666666666667,0.0,0.0,0.0,1630.8444,1.5553435225879215,10.835024070739745,0.0,45.80666666666667,-0.19799999999999998,0.7291960785970094,0.0012239016463807218,110.66666666666667,2.7393333333333336,0.3333333333333333
231,DLKQAESWLHKQAQKEGWSKAARLH,inactive - virtual,inactive - virtual,0,Inactive,virtual,1,25,0.16,0.0,0.04,0.08,0.0,0.04,0.08,0.0,0.16,0.12,0.0,0.0,0.0,0.12,0.04,0.08,0.0,0.0,0.08,0.0,2946.2819,1.6233462670512209,9.526638221740722,0.08,52.164000000000016,-0.2684,0.15997588431745918,0.0007453441446700767,62.8,2.5839999999999996,0.28
232,DLKRAESMLQQA,inactive - virtual,inactive - virtual,0,Inactive,virtual,1,12,0.16666666666666666,0.0,0.08333333333333333,0.08333333333333333,0.0,0.0,0.0,0.0,0.08333333333333333,0.16666666666666666,0.08333333333333333,0.0,0.0,0.16666666666666666,0.08333333333333333,0.08333333333333333,0.0,0.0,0.0,0.0,1389.5773999999997,-0.4435105982388601,6.0697450637817365,0.0,88.525,-0.2866666666666666,0.515677315962304,-1.4392838123749623e-06,81.66666666666666,2.889166666666666,0.4166666666666667
233,DLKTMTERLRS,inactive - virtual,inactive - virtual,0,Inactive,virtual,1,11,0.0,0.0,0.09090909090909091,0.09090909090909091,0.0,0.0,0.0,0.0,0.09090909090909091,0.18181818181818182,0.09090909090909091,0.0,0.0,0.0,0.18181818181818182,0.09090909090909091,0.18181818181818182,0.0,0.0,0.0,1349.5566999999999,0.5564642835277662,8.745539283752443,0.0,73.71818181818182,-0.5072727272727273,0.45510535004947916,0.0007395002815732536,70.90909090909092,4.297272727272728,0.2727272727272727
234,DLQLNANAERINVYY,inactive - virtual,inactive - virtual,0,Inactive,virtual,1,15,0.13333333333333333,0.0,0.06666666666666667,0.06666666666666667,0.0,0.0,0.0,0.06666666666666667,0.0,0.13333333333333333,0.0,0.2,0.0,0.06666666666666667,0.06666666666666667,0.0,0.0,0.06666666666666667,0.0,0.13333333333333333,1795.9454,-1.4460161909061457,4.3702592849731445,0.13333333333333333,34.266666666666666,-0.05800000000000001,0.11864355472532254,-0.0005590356078955428,110.66666666666666,2.251333333333333,0.4
235,DLRELIARVRALIRRKS,inactive - virtual,inactive - virtual,0,Inactive,virtual,1,17,0.11764705882352941,0.0,0.058823529411764705,0.058823529411764705,0.0,0.0,0.0,0.11764705882352941,0.058823529411764705,0.17647058823529413,0.0,0.0,0.0,0.0,0.29411764705882354,0.058823529411764705,0.0,0.058823529411764705,0.0,0.0,2065.4696000000004,3.556388928827646,11.82919101715088,0.0,54.43529411764706,-0.4341176470588235,0.496292472628917,0.00193563692525188,143.52941176470588,3.9305882352941173,0.47058823529411764
236,DLSASRSAIDSLNNRMLSQIWSH,inactive - virtual,inactive - virtual,0,Inactive,virtual,1,23,0.08695652173913043,0.0,0.08695652173913043,0.0,0.0,0.0,0.043478260869565216,0.08695652173913043,0.0,0.13043478260869565,0.043478260869565216,0.08695652173913043,0.0,0.043478260869565216,0.08695652173913043,0.2608695652173913,0.0,0.0,0.043478260869565216,0.0,2601.848699999999,-0.4050779594137408,6.747947883605957,0.043478260869565216,53.79130434782609,-0.08260869565217391,0.1871347674418175,3.689668160469818e-05,93.47826086956522,2.5330434782608693,0.34782608695652173
237,DLVDFAVEYFTRLREARRGLEHHH,inactive - virtual,inactive - virtual,0,Inactive,virtual,1,24,0.08333333333333333,0.0,0.08333333333333333,0.125,0.08333333333333333,0.041666666666666664,0.125,0.0,0.0,0.125,0.0,0.0,0.0,0.0,0.16666666666666666,0.0,0.041666666666666664,0.08333333333333333,0.0,0.041666666666666664,2967.2593999999995,-1.3310186233761456,6.2810155868530275,0.125,25.391666666666662,-0.22458333333333336,0.33601085665020497,-0.0002369189083531608,81.25,3.3699999999999997,0.375
238,DMASLQQQRQE,inactive - virtual,inactive - virtual,0,Inactive,virtual,1,11,0.09090909090909091,0.0,0.09090909090909091,0.09090909090909091,0.0,0.0,0.0,0.0,0.0,0.09090909090909091,0.09090909090909091,0.0,0.0,0.36363636363636365,0.09090909090909091,0.09090909090909091,0.0,0.0,0.0,0.0,1333.428,-1.4389125189148775,4.748863792419433,0.0,119.9818181818182,-0.48727272727272725,0.02525184854752749,-0.0007514455201997855,44.545454545454554,4.266363636363637,0.2727272727272727
239,DMNQVLDAYEN,inactive - virtual,inactive - virtual,0,Inactive,virtual,1,11,0.09090909090909091,0.0,0.18181818181818182,0.09090909090909091,0.0,0.0,0.0,0.0,0.0,0.09090909090909091,0.09090909090909091,0.18181818181818182,0.0,0.09090909090909091,0.0,0.0,0.0,0.09090909090909091,0.0,0.09090909090909091,1311.3742,-3.4430389958504817,4.0500284194946286,0.09090909090909091,-11.472727272727273,-0.1118181818181818,0.4310078018548522,-0.002289191538684439,70.90909090909092,2.735454545454546,0.36363636363636365
240,DNAMANQYETLANARQKGIEKYL,inactive - virtual,inactive - virtual,0,Inactive,virtual,1,23,0.17391304347826086,0.0,0.043478260869565216,0.08695652173913043,0.0,0.043478260869565216,0.0,0.043478260869565216,0.08695652173913043,0.08695652173913043,0.043478260869565216,0.13043478260869565,0.0,0.08695652173913043,0.043478260869565216,0.0,0.043478260869565216,0.0,0.0,0.08695652173913043,2641.909200000001,-0.44990661530087284,6.179899024963378,0.08695652173913043,25.191304347826087,-0.18478260869565216,0.23878099393007296,-1.1355377906976744e-06,68.26086956521738,2.474782608695652,0.34782608695652173
241,DNKTRFKIIKEKLKEF,inactive - virtual,inactive - virtual,0,Inactive,virtual,1,16,0.0,0.0,0.0625,0.125,0.125,0.0,0.0,0.125,0.3125,0.0625,0.0,0.0625,0.0,0.0,0.0625,0.0,0.0625,0.0,0.0,0.0,2037.4048000000003,2.547587792031842,9.8232572555542,0.125,-6.4437500000000005,-0.43187500000000006,0.30300372213924837,0.0014714760406594647,73.125,3.3437499999999996,0.3125
242,DNTYLNTAESLYDEF,inactive - virtual,inactive - virtual,0,Inactive,virtual,1,15,0.06666666666666667,0.0,0.13333333333333333,0.13333333333333333,0.06666666666666667,0.0,0.0,0.0,0.0,0.13333333333333333,0.0,0.13333333333333333,0.0,0.0,0.0,0.06666666666666667,0.13333333333333333,0.0,0.0,0.13333333333333333,1794.8217,-4.444423827577922,4.0500284194946286,0.2,26.64,-0.03866666666666667,0.3593071571507982,-0.0022297376353192224,58.666666666666664,2.5686666666666667,0.26666666666666666
243,DNVVLQLQVARFLMKTVAQ,inactive - virtual,inactive - virtual,0,Inactive,virtual,1,19,0.10526315789473684,0.0,0.05263157894736842,0.0,0.05263157894736842,0.0,0.0,0.0,0.05263157894736842,0.15789473684210525,0.05263157894736842,0.05263157894736842,0.0,0.15789473684210525,0.05263157894736842,0.0,0.05263157894736842,0.21052631578947367,0.0,0.0,2173.5771999999997,0.5553686408212952,8.74773120880127,0.052631578947368425,39.821052631578944,0.13157894736842107,0.2983272306899473,0.0004582302008667728,133.15789473684208,0.7973684210526317,0.5789473684210527
244,DPARALFAAMSQ,inactive - virtual,inactive - virtual,0,Inactive,virtual,1,12,0.3333333333333333,0.0,0.08333333333333333,0.0,0.08333333333333333,0.0,0.0,0.0,0.0,0.08333333333333333,0.08333333333333333,0.0,0.08333333333333333,0.08333333333333333,0.08333333333333333,0.08333333333333333,0.0,0.0,0.0,0.0,1277.4491,-0.4421257665114191,5.83636417388916,0.08333333333333334,77.88333333333334,0.09250000000000003,0.42595468425790073,-3.1312380132294806e-06,65.83333333333331,1.2575,0.5833333333333334
245,DPATVKKVVNFL,inactive - virtual,inactive - virtual,0,Inactive,virtual,1,12,0.08333333333333333,0.0,0.08333333333333333,0.0,0.08333333333333333,0.0,0.0,0.0,0.16666666666666666,0.08333333333333333,0.0,0.08333333333333333,0.08333333333333333,0.0,0.0,0.0,0.08333333333333333,0.25,0.0,0.0,1330.5713,0.5528881663873828,8.59094409942627,0.08333333333333334,3.2166666666666677,0.13416666666666668,0.37903991389839237,0.000748545746967488,113.33333333333331,0.6000000000000001,0.5
246,DPAWQGFRELIEKAL,inactive - virtual,inactive - virtual,0,Inactive,virtual,1,15,0.13333333333333333,0.0,0.06666666666666667,0.13333333333333333,0.06666666666666667,0.06666666666666667,0.0,0.06666666666666667,0.06666666666666667,0.13333333333333333,0.0,0.0,0.06666666666666667,0.06666666666666667,0.06666666666666667,0.0,0.0,0.0,0.06666666666666667,0.0,1772.9967000000001,-1.4423898372990154,4.679122352600097,0.13333333333333333,51.46666666666667,0.014666666666666687,0.5476555945422185,-0.0005645798082346305,91.33333333333333,1.5813333333333333,0.4
247,DPEKVLFLAGNLLARLTE,inactive - virtual,inactive - virtual,0,Inactive,virtual,1,18,0.1111111111111111,0.0,0.05555555555555555,0.1111111111111111,0.05555555555555555,0.05555555555555555,0.0,0.0,0.05555555555555555,0.2777777777777778,0.0,0.05555555555555555,0.05555555555555555,0.0,0.05555555555555555,0.0,0.05555555555555555,0.05555555555555555,0.0,0.0,1999.3103000000006,-1.440297350642319,4.935523033142089,0.05555555555555555,20.366666666666667,0.13500000000000004,0.4213713146537934,-0.0005006702278774783,135.55555555555554,0.8800000000000002,0.5
248,DPETLEAIAEN,inactive - virtual,inactive - virtual,0,Inactive,virtual,1,11,0.18181818181818182,0.0,0.09090909090909091,0.2727272727272727,0.0,0.0,0.0,0.09090909090909091,0.0,0.09090909090909091,0.0,0.09090909090909091,0.09090909090909091,0.0,0.0,0.0,0.09090909090909091,0.0,0.0,0.0,1201.2374000000002,-4.438738365458512,4.0500284194946286,0.0,24.89090909090909,-0.008181818181818208,0.2771488519322586,-0.003329059971362925,89.09090909090911,2.2636363636363637,0.36363636363636365
249,DPETNINIGTSYLQYVYQQF,inactive - virtual,inactive - virtual,0,Inactive,virtual,1,20,0.0,0.0,0.05,0.05,0.05,0.05,0.0,0.1,0.0,0.05,0.0,0.1,0.05,0.15,0.0,0.05,0.1,0.05,0.0,0.15,2393.5583,-2.448496665340058,4.0500284194946286,0.2,64.99,0.07749999999999999,0.3071698187422469,-0.0008376608998274542,73.0,1.5835,0.25
250,DPKRLQASLQTIVGMVVYSW,inactive - virtual,inactive - virtual,0,Inactive,virtual,1,20,0.05,0.0,0.05,0.0,0.0,0.05,0.0,0.05,0.05,0.1,0.05,0.0,0.05,0.1,0.05,0.1,0.05,0.15,0.05,0.05,2291.6668999999997,0.5528630481540096,8.58978366851807,0.1,46.14000000000001,0.14099999999999996,0.316805139695445,0.0004341811866455467,107.0,0.7734999999999996,0.4
251,DPLRERQVAEKQLAALGDILSA,inactive - virtual,inactive - virtual,0,Inactive,virtual,1,22,0.18181818181818182,0.0,0.09090909090909091,0.09090909090909091,0.0,0.045454545454545456,0.0,0.045454545454545456,0.045454545454545456,0.18181818181818182,0.0,0.0,0.045454545454545456,0.09090909090909091,0.09090909090909091,0.045454545454545456,0.0,0.045454545454545456,0.0,0.0,2393.6946,-1.441968471377384,4.782910346984862,0.0,43.12727272727273,-0.07636363636363637,0.21874096718791017,-0.0004181810586121903,120.0,2.004999999999999,0.45454545454545453
252,DPLWKKEMFEKYLSN,inactive - virtual,inactive - virtual,0,Inactive,virtual,1,15,0.0,0.0,0.06666666666666667,0.13333333333333333,0.06666666666666667,0.0,0.0,0.0,0.2,0.13333333333333333,0.06666666666666667,0.06666666666666667,0.06666666666666667,0.0,0.0,0.06666666666666667,0.0,0.0,0.06666666666666667,0.06666666666666667,1928.2108000000003,-0.44988149706749914,6.179899024963378,0.2,25.119999999999997,-0.174,0.13095246715832784,-1.0372260426714795e-06,52.0,2.111333333333333,0.26666666666666666
253,DPQKADAVAVN,inactive - virtual,inactive - virtual,0,Inactive,virtual,1,11,0.2727272727272727,0.0,0.18181818181818182,0.0,0.0,0.0,0.0,0.0,0.09090909090909091,0.0,0.0,0.09090909090909091,0.09090909090909091,0.09090909090909091,0.0,0.0,0.0,0.18181818181818182,0.0,0.0,1127.2051000000001,-1.4441597567903264,4.207813453674317,0.0,18.881818181818183,-0.06818181818181816,0.18151444896934701,-0.0008898075780023242,80.0,1.9690909090909101,0.45454545454545453
254,DPQKRAVVNQRLYFDMGT,inactive - virtual,inactive - virtual,0,Inactive,virtual,1,18,0.05555555555555555,0.0,0.1111111111111111,0.0,0.05555555555555555,0.05555555555555555,0.0,0.0,0.05555555555555555,0.05555555555555555,0.05555555555555555,0.05555555555555555,0.05555555555555555,0.1111111111111111,0.1111111111111111,0.0,0.05555555555555555,0.1111111111111111,0.0,0.05555555555555555,2138.4057000000003,0.553284414075641,8.588687705993653,0.1111111111111111,36.205555555555556,-0.2338888888888889,0.21676125656123502,0.00046576662099410314,59.44444444444444,2.898888888888889,0.3333333333333333
255,DPTKLNHAVAGL,inactive - virtual,inactive - virtual,0,Inactive,virtual,1,12,0.16666666666666666,0.0,0.08333333333333333,0.0,0.0,0.08333333333333333,0.08333333333333333,0.0,0.08333333333333333,0.16666666666666666,0.0,0.08333333333333333,0.08333333333333333,0.0,0.0,0.0,0.08333333333333333,0.08333333333333333,0.0,0.0,1235.3893,-0.40797979976928467,6.743628120422364,0.0,2.091666666666667,0.12583333333333335,0.25386296401693814,7.689879309367891e-05,105.83333333333331,0.8083333333333335,0.4166666666666667
256,DPYVILITEILL,inactive - virtual,inactive - virtual,0,Inactive,virtual,1,12,0.0,0.0,0.08333333333333333,0.08333333333333333,0.0,0.0,0.0,0.25,0.0,0.25,0.0,0.0,0.08333333333333333,0.0,0.0,0.0,0.08333333333333333,0.08333333333333333,0.0,0.08333333333333333,1401.6856000000002,-2.443485480005487,4.0500284194946286,0.08333333333333334,73.36666666666667,0.6074999999999999,0.20165204887117794,-0.0014289892914981202,219.16666666666666,-1.2766666666666666,0.5833333333333334
257,DQDKIQKAIAAG,inactive - virtual,inactive - virtual,0,Inactive,virtual,1,12,0.25,0.0,0.16666666666666666,0.0,0.0,0.08333333333333333,0.0,0.16666666666666666,0.16666666666666666,0.0,0.0,0.0,0.0,0.16666666666666666,0.0,0.0,0.0,0.0,0.0,0.0,1257.3933,-0.44666534945761205,5.959761619567872,0.0,11.066666666666668,-0.11333333333333336,0.3389053285409911,-3.1811674884682677e-06,89.99999999999999,1.9508333333333334,0.4166666666666667
258,DQEDVAQTIRDYD,inactive - virtual,inactive - virtual,0,Inactive,virtual,1,13,0.07692307692307693,0.0,0.3076923076923077,0.07692307692307693,0.0,0.0,0.0,0.07692307692307693,0.0,0.0,0.0,0.0,0.0,0.15384615384615385,0.07692307692307693,0.0,0.07692307692307693,0.07692307692307693,0.0,0.07692307692307693,1567.5665999999999,-4.440901834481787,4.0500284194946286,0.07692307692307693,57.07692307692308,-0.4007692307692308,0.38888009691467346,-0.002552358108409832,60.0,4.586923076923076,0.23076923076923078
259,DQGTLFELILAANYLD,inactive - virtual,inactive - virtual,0,Inactive,virtual,1,16,0.125,0.0,0.125,0.0625,0.0625,0.0625,0.0,0.0625,0.0,0.25,0.0,0.0625,0.0,0.0625,0.0,0.0,0.0625,0.0,0.0,0.0625,1795.9819000000002,-3.441769684558423,4.0500284194946286,0.125,16.106250000000003,0.2975,0.047745744754210624,-0.0016715015117010673,134.375,0.4375000000000001,0.5
260,DQHLMAEYRELPRVFGAVRKHVANG,inactive - virtual,inactive - virtual,0,Inactive,virtual,1,25,0.12,0.0,0.04,0.08,0.04,0.08,0.08,0.0,0.04,0.08,0.04,0.04,0.04,0.04,0.12,0.0,0.0,0.12,0.0,0.04,2894.2732,0.6283072159190453,8.602290534973147,0.08,3.052000000000002,-0.13079999999999997,0.4337570619712087,0.00041322885138963747,78.0,2.3876000000000004,0.4
261,DQNGEIYMWPVAQA,inactive - virtual,inactive - virtual,0,Inactive,virtual,1,14,0.14285714285714285,0.0,0.07142857142857142,0.07142857142857142,0.0,0.07142857142857142,0.0,0.07142857142857142,0.0,0.0,0.07142857142857142,0.07142857142857142,0.07142857142857142,0.14285714285714285,0.0,0.0,0.0,0.07142857142857142,0.07142857142857142,0.07142857142857142,1621.7676999999999,-2.443485480005487,4.0500284194946286,0.14285714285714288,52.06428571428572,0.1378571428571429,0.15880750419095266,-0.001235070324398651,62.857142857142854,1.0850000000000002,0.35714285714285715
262,DQQGVFVKGYAM,inactive - virtual,inactive - virtual,0,Inactive,virtual,1,12,0.08333333333333333,0.0,0.08333333333333333,0.0,0.08333333333333333,0.16666666666666666,0.0,0.0,0.08333333333333333,0.0,0.08333333333333333,0.0,0.0,0.16666666666666666,0.0,0.0,0.0,0.16666666666666666,0.0,0.08333333333333333,1342.5188999999998,-0.4471118336126172,5.834943199157714,0.16666666666666669,28.4,0.14833333333333332,0.10229736468141548,-3.7243393022077883e-06,56.66666666666666,0.6991666666666667,0.4166666666666667
263,DRASYEARERHVAERLLMHLEEM,inactive - virtual,inactive - virtual,0,Inactive,virtual,1,23,0.13043478260869565,0.0,0.043478260869565216,0.21739130434782608,0.0,0.0,0.08695652173913043,0.0,0.0,0.13043478260869565,0.08695652173913043,0.0,0.0,0.0,0.17391304347826086,0.043478260869565216,0.0,0.043478260869565216,0.0,0.043478260869565216,2842.1740999999997,-2.365850026827509,5.471571540832519,0.043478260869565216,50.46086956521739,-0.3382608695652174,0.15956066136460983,-0.0006333166794502812,76.52173913043478,3.755652173913043,0.391304347826087
264,DRAVIEHNLLSASKL,inactive - virtual,inactive - virtual,0,Inactive,virtual,1,15,0.13333333333333333,0.0,0.06666666666666667,0.06666666666666667,0.0,0.0,0.06666666666666667,0.06666666666666667,0.06666666666666667,0.2,0.0,0.06666666666666667,0.0,0.0,0.06666666666666667,0.13333333333333333,0.0,0.06666666666666667,0.0,0.0,1665.8883999999998,-0.4068841570628132,6.75204029083252,0.0,38.69999999999999,-0.009333333333333327,0.16956393388037796,5.762685411401713e-05,136.66666666666666,1.7839999999999998,0.4666666666666667
265,DRQLRSSIERVISIFQS,inactive - virtual,inactive - virtual,0,Inactive,virtual,1,17,0.0,0.0,0.058823529411764705,0.058823529411764705,0.058823529411764705,0.0,0.0,0.17647058823529413,0.0,0.058823529411764705,0.0,0.0,0.0,0.11764705882352941,0.17647058823529413,0.23529411764705882,0.0,0.058823529411764705,0.0,0.0,2034.2766000000001,0.5589447579616786,9.510327720642092,0.05882352941176471,116.50588235294119,-0.23294117647058832,0.5878806262446302,0.0004905912657058026,108.82352941176471,3.427647058823529,0.35294117647058826
266,DRTSFDKLANS,inactive - virtual,inactive - virtual,0,Inactive,virtual,1,11,0.09090909090909091,0.0,0.18181818181818182,0.0,0.09090909090909091,0.0,0.0,0.0,0.09090909090909091,0.09090909090909091,0.0,0.09090909090909091,0.0,0.0,0.09090909090909091,0.18181818181818182,0.09090909090909091,0.0,0.0,0.0,1253.3184999999999,-0.44418487502369963,5.960443687438965,0.09090909090909091,-1.9818181818181815,-0.36999999999999994,0.34178954643516524,-2.393642485558357e-06,44.545454545454554,4.019090909090909,0.2727272727272727
267,DSEQVVHQLERLIAR,inactive - virtual,inactive - virtual,0,Inactive,virtual,1,15,0.06666666666666667,0.0,0.06666666666666667,0.13333333333333333,0.0,0.0,0.06666666666666667,0.06666666666666667,0.0,0.13333333333333333,0.0,0.0,0.0,0.13333333333333333,0.13333333333333333,0.06666666666666667,0.0,0.13333333333333333,0.0,0.0,1792.9898000000003,-1.4032829216890566,5.445482444763183,0.0,42.82666666666667,-0.21599999999999994,0.6406327161034694,-0.0005030702904087586,123.33333333333333,3.111333333333333,0.4
268,DSGYRSAMSVQSSL,inactive - virtual,inactive - virtual,0,Inactive,virtual,1,14,0.07142857142857142,0.0,0.07142857142857142,0.0,0.0,0.07142857142857142,0.0,0.0,0.0,0.07142857142857142,0.07142857142857142,0.0,0.0,0.07142857142857142,0.07142857142857142,0.35714285714285715,0.0,0.07142857142857142,0.0,0.07142857142857142,1487.5910999999994,-0.4446313591787048,5.835682106018066,0.07142857142857144,112.81428571428572,-0.06785714285714284,0.4209604991025574,-2.6888948642108098e-06,55.71428571428571,2.3042857142857143,0.2857142857142857
269,DSMVVLQQRAYEILMTIME,inactive - virtual,inactive - virtual,0,Inactive,virtual,1,19,0.05263157894736842,0.0,0.05263157894736842,0.10526315789473684,0.0,0.0,0.0,0.10526315789473684,0.0,0.10526315789473684,0.15789473684210525,0.0,0.0,0.10526315789473684,0.05263157894736842,0.05263157894736842,0.05263157894736842,0.10526315789473684,0.0,0.05263157894736842,2270.6875000000005,-2.440297350642319,4.426586723327637,0.052631578947368425,61.694736842105264,0.1678947368421053,0.3446700599340422,-0.0008816703292831693,117.89473684210525,0.9384210526315788,0.5263157894736842
270,DSSVIISALKTYLVSG,inactive - virtual,inactive - virtual,0,Inactive,virtual,1,16,0.0625,0.0,0.0625,0.0,0.0,0.0625,0.0,0.125,0.0625,0.125,0.0,0.0,0.0,0.0,0.0,0.25,0.0625,0.125,0.0,0.0625,1652.8829000000005,-0.4471118336126172,5.834943199157714,0.0625,28.14375,0.33687500000000004,0.18213506193599335,-3.0250046887572673e-06,140.0,0.004375000000000018,0.4375
271,DSVASLLDVVKSTG,inactive - virtual,inactive - virtual,0,Inactive,virtual,1,14,0.07142857142857142,0.0,0.14285714285714285,0.0,0.0,0.07142857142857142,0.0,0.0,0.07142857142857142,0.14285714285714285,0.0,0.0,0.0,0.0,0.0,0.21428571428571427,0.07142857142857142,0.21428571428571427,0.0,0.0,1390.5356,-1.4441597567903264,4.207813453674317,0.0,14.921428571428573,0.1935714285714286,0.4098819957295438,-0.0007213025155694909,124.99999999999999,0.7892857142857145,0.42857142857142855
272,DSVTNDIFNVAKASIEKHIWMLQAEL,inactive - virtual,inactive - virtual,0,Inactive,virtual,1,26,0.11538461538461539,0.0,0.07692307692307693,0.07692307692307693,0.038461538461538464,0.0,0.038461538461538464,0.11538461538461539,0.07692307692307693,0.07692307692307693,0.038461538461538464,0.07692307692307693,0.0,0.038461538461538464,0.0,0.07692307692307693,0.038461538461538464,0.07692307692307693,0.038461538461538464,0.0,2973.3582999999994,-2.407797386401876,4.751251029968262,0.07692307692307693,63.42307692307693,0.13884615384615384,0.24557121191890185,-0.0006396782102462862,108.84615384615384,1.1246153846153844,0.46153846153846156
273,DTAFLMEQLELREELDEIEQAK,inactive - virtual,inactive - virtual,0,Inactive,virtual,1,22,0.09090909090909091,0.0,0.09090909090909091,0.2727272727272727,0.045454545454545456,0.0,0.0,0.045454545454545456,0.045454545454545456,0.18181818181818182,0.045454545454545456,0.0,0.0,0.09090909090909091,0.045454545454545456,0.0,0.045454545454545456,0.0,0.0,0.0,2650.9080000000004,-6.437460309384631,4.0500284194946286,0.045454545454545456,72.52272727272728,-0.14136363636363636,0.17744762602012856,-0.0022614875646476116,97.72727272727273,2.6759090909090903,0.4090909090909091
274,DTMKDAGMQMKKVLDS,inactive - virtual,inactive - virtual,0,Inactive,virtual,1,16,0.0625,0.0,0.1875,0.0,0.0,0.0625,0.0,0.0,0.1875,0.0625,0.1875,0.0,0.0,0.0625,0.0,0.0625,0.0625,0.0625,0.0,0.0,1798.1106,-0.448724457969893,6.0384836196899405,0.0,1.9999999999999996,-0.19124999999999995,0.48386156179482503,-1.6684092274153006e-06,48.75,2.2224999999999997,0.375
275,DTRAWALAEKLFG,inactive - virtual,inactive - virtual,0,Inactive,virtual,1,13,0.23076923076923078,0.0,0.07692307692307693,0.07692307692307693,0.07692307692307693,0.07692307692307693,0.0,0.0,0.07692307692307693,0.15384615384615385,0.0,0.0,0.0,0.0,0.07692307692307693,0.0,0.07692307692307693,0.0,0.07692307692307693,0.0,1477.6625000000001,-0.4435105982388601,6.0697450637817365,0.15384615384615385,-20.423076923076923,0.06615384615384617,0.3461813672677405,-1.3534913308880257e-06,83.07692307692308,1.3115384615384613,0.46153846153846156
276,DVALADSFDAL,inactive - virtual,inactive - virtual,0,Inactive,virtual,1,11,0.2727272727272727,0.0,0.2727272727272727,0.0,0.09090909090909091,0.0,0.0,0.0,0.0,0.18181818181818182,0.0,0.0,0.0,0.0,0.0,0.09090909090909091,0.0,0.09090909090909091,0.0,0.0,1136.2085,-3.441207679968036,4.0500284194946286,0.09090909090909091,30.099999999999998,0.3163636363636364,0.23409656924409109,-0.002642997333239454,124.54545454545456,0.660909090909091,0.6363636363636364
277,DVEAVEIMQRIHVLRSQGGFN,inactive - virtual,inactive - virtual,0,Inactive,virtual,1,21,0.047619047619047616,0.0,0.047619047619047616,0.09523809523809523,0.047619047619047616,0.09523809523809523,0.047619047619047616,0.09523809523809523,0.0,0.047619047619047616,0.047619047619047616,0.047619047619047616,0.0,0.09523809523809523,0.09523809523809523,0.047619047619047616,0.0,0.14285714285714285,0.0,0.0,2398.6958000000004,-1.4032829216890566,5.445482444763183,0.047619047619047616,66.12380952380953,0.008571428571428579,0.08598658273814613,-0.0003760370200525285,101.9047619047619,2.002857142857143,0.42857142857142855
278,DVLAEDTITALLH,inactive - virtual,inactive - virtual,0,Inactive,virtual,1,13,0.15384615384615385,0.0,0.15384615384615385,0.07692307692307693,0.0,0.0,0.07692307692307693,0.07692307692307693,0.0,0.23076923076923078,0.0,0.0,0.0,0.0,0.0,0.0,0.15384615384615385,0.07692307692307693,0.0,0.0,1410.5684,-3.4039069620071487,4.0500284194946286,0.0,12.484615384615388,0.3076923076923077,0.18944021980305312,-0.0020580332773276052,157.69230769230768,0.5161538461538462,0.5384615384615384
279,DVRVKEYFDDIARYFSIGLLNLIHLFG,inactive - virtual,inactive - virtual,0,Inactive,virtual,1,27,0.037037037037037035,0.0,0.1111111111111111,0.037037037037037035,0.1111111111111111,0.07407407407407407,0.037037037037037035,0.1111111111111111,0.037037037037037035,0.14814814814814814,0.0,0.037037037037037035,0.0,0.0,0.07407407407407407,0.037037037037037035,0.0,0.07407407407407407,0.0,0.07407407407407407,3214.6679,-1.4110274923207489,5.42939701080322,0.18518518518518517,14.911111111111111,0.19259259259259257,0.39085466711148553,-0.0002812099493573233,126.29629629629628,1.044074074074074,0.48148148148148145
280,DWGEAFTAINL,inactive - virtual,inactive - virtual,0,Inactive,virtual,1,11,0.18181818181818182,0.0,0.09090909090909091,0.09090909090909091,0.09090909090909091,0.09090909090909091,0.0,0.09090909090909091,0.0,0.09090909090909091,0.0,0.09090909090909091,0.0,0.0,0.0,0.0,0.09090909090909091,0.0,0.09090909090909091,0.0,1236.3292,-2.4409798873382007,4.0500284194946286,0.18181818181818182,-7.1909090909090905,0.34181818181818174,0.23783291325121986,-0.001619308760605987,89.09090909090911,0.4572727272727272,0.45454545454545453
281,DWLKRLQKIFPPILSI,inactive - virtual,inactive - virtual,0,Inactive,virtual,1,16,0.0,0.0,0.0625,0.0,0.0625,0.0,0.0,0.1875,0.125,0.1875,0.0,0.0,0.125,0.0625,0.0625,0.0625,0.0,0.0,0.0625,0.0,1967.3992000000003,1.552863048154009,9.994291877746583,0.125,83.33750000000002,0.14500000000000002,0.6160450030647344,0.001014531795609456,146.25,0.5531250000000003,0.4375
282,DWYRTYAELRETA,inactive - virtual,inactive - virtual,0,Inactive,virtual,1,13,0.15384615384615385,0.0,0.07692307692307693,0.15384615384615385,0.0,0.0,0.0,0.0,0.0,0.07692307692307693,0.0,0.0,0.0,0.0,0.15384615384615385,0.0,0.15384615384615385,0.0,0.07692307692307693,0.15384615384615385,1673.7796,-1.4449205481996747,4.679122352600097,0.23076923076923078,29.253846153846155,-0.29307692307692307,0.4073577608108996,-0.0005986449832116527,45.38461538461539,3.594615384615385,0.23076923076923078
283,DYERFKSYIQTL,inactive - virtual,inactive - virtual,0,Inactive,virtual,1,12,0.0,0.0,0.08333333333333333,0.08333333333333333,0.08333333333333333,0.0,0.0,0.08333333333333333,0.08333333333333333,0.08333333333333333,0.0,0.0,0.0,0.08333333333333333,0.08333333333333333,0.08333333333333333,0.08333333333333333,0.0,0.0,0.16666666666666666,1562.7205000000001,-0.4485217835734314,6.068267250061035,0.25,-9.641666666666667,-0.20833333333333337,0.4415142652742654,-2.5596232234615064e-06,64.99999999999999,2.9141666666666666,0.25
284,EALVHKLTERM,inactive - virtual,inactive - virtual,0,Inactive,virtual,1,11,0.09090909090909091,0.0,0.0,0.18181818181818182,0.0,0.0,0.09090909090909091,0.0,0.09090909090909091,0.18181818181818182,0.09090909090909091,0.0,0.0,0.0,0.09090909090909091,0.0,0.09090909090909091,0.09090909090909091,0.0,0.0,1326.5646,-0.2973820894571446,6.855487251281737,0.0,40.409090909090914,-0.12454545454545451,0.4053299422966578,7.312090579464333e-05,106.36363636363637,2.1163636363636362,0.45454545454545453
285,EAQKIDRLVQSFSGAYFQQN,inactive - virtual,inactive - virtual,0,Inactive,virtual,1,20,0.1,0.0,0.05,0.05,0.1,0.05,0.0,0.05,0.05,0.05,0.0,0.05,0.0,0.2,0.05,0.1,0.0,0.05,0.0,0.05,2329.5227999999997,-0.3371884000853167,6.1673376083374025,0.15000000000000002,28.839999999999996,-0.11000000000000001,0.3537039416091658,-1.2878134215914798e-06,63.5,2.367,0.35
286,EDDIMYLM,inactive - virtual,inactive - virtual,0,Inactive,virtual,1,8,0.0,0.0,0.25,0.125,0.0,0.0,0.0,0.125,0.0,0.125,0.25,0.0,0.0,0.0,0.0,0.0,0.0,0.0,0.0,0.125,1029.1845,-3.3342112050296526,4.0500284194946286,0.125,62.425,0.1875,0.33969164173987243,-0.0029168569457534562,97.5,1.2312499999999997,0.5
287,EDDSKLASRKYARIIQKI,inactive - virtual,inactive - virtual,0,Inactive,virtual,1,18,0.1111111111111111,0.0,0.1111111111111111,0.05555555555555555,0.0,0.0,0.0,0.16666666666666666,0.16666666666666666,0.05555555555555555,0.0,0.0,0.0,0.05555555555555555,0.1111111111111111,0.1111111111111111,0.0,0.0,0.0,0.05555555555555555,2134.4356000000002,1.6582217805017434,9.52747631072998,0.05555555555555555,45.26666666666667,-0.3583333333333334,0.5748420206926377,0.0009356084031408707,97.77777777777777,3.3288888888888883,0.3333333333333333
288,EDKEAVFDVVDTLTAVLQVATGVISTL,inactive - virtual,inactive - virtual,0,Inactive,virtual,1,27,0.1111111111111111,0.0,0.1111111111111111,0.07407407407407407,0.037037037037037035,0.037037037037037035,0.0,0.037037037037037035,0.037037037037037035,0.1111111111111111,0.0,0.0,0.0,0.037037037037037035,0.0,0.037037037037037035,0.14814814814814814,0.2222222222222222,0.0,0.0,2834.1750999999995,-4.332643959934803,4.0500284194946286,0.037037037037037035,13.192592592592591,0.29370370370370374,0.3172138853343177,-0.0014113429633968203,133.33333333333331,0.417777777777778,0.5185185185185185
289,EDLPKWSGYFEKLLKKN,inactive - virtual,inactive - virtual,0,Inactive,virtual,1,17,0.0,0.0,0.058823529411764705,0.11764705882352941,0.058823529411764705,0.058823529411764705,0.0,0.0,0.23529411764705882,0.17647058823529413,0.0,0.058823529411764705,0.058823529411764705,0.0,0.0,0.058823529411764705,0.0,0.0,0.058823529411764705,0.058823529411764705,2095.3960000000006,0.6564407010860447,8.473418235778809,0.17647058823529413,17.088235294117645,-0.1864705882352941,0.4832871605683233,0.00047628137825713466,68.82352941176471,1.9829411764705882,0.23529411764705882
290,EDMIFEIFKNYLTKVAYYARQVAEMN,inactive - virtual,inactive - virtual,0,Inactive,virtual,1,26,0.11538461538461539,0.0,0.038461538461538464,0.11538461538461539,0.07692307692307693,0.0,0.0,0.07692307692307693,0.07692307692307693,0.038461538461538464,0.07692307692307693,0.07692307692307693,0.0,0.038461538461538464,0.038461538461538464,0.0,0.038461538461538464,0.07692307692307693,0.0,0.11538461538461539,3187.6409999999996,-1.3424636562074852,4.871124458312988,0.1923076923076923,33.74615384615385,0.051538461538461526,0.41799118663894164,-0.000314338148792998,78.84615384615384,1.4634615384615384,0.46153846153846156
291,EDNLLRQLAQKV,inactive - virtual,inactive - virtual,0,Inactive,virtual,1,12,0.08333333333333333,0.0,0.08333333333333333,0.08333333333333333,0.0,0.0,0.0,0.0,0.08333333333333333,0.25,0.0,0.08333333333333333,0.0,0.16666666666666666,0.08333333333333333,0.0,0.0,0.08333333333333333,0.0,0.0,1426.6173999999999,-0.334682807418031,6.168474388122559,0.0,50.24166666666667,-0.25833333333333325,0.5546518783619102,-1.4019150159117355e-06,130.0,2.7591666666666668,0.4166666666666667
292,EELHTSLVEEL,inactive - virtual,inactive - virtual,0,Inactive,virtual,1,11,0.0,0.0,0.0,0.36363636363636365,0.0,0.0,0.09090909090909091,0.0,0.0,0.2727272727272727,0.0,0.0,0.0,0.0,0.0,0.09090909090909091,0.09090909090909091,0.09090909090909091,0.0,0.0,1298.3956,-4.292609856676796,4.0880537033081055,0.0,61.5090909090909,0.07363636363636368,0.37029969402779916,-0.0030036968576709795,132.72727272727272,1.733636363636363,0.36363636363636365
293,EEMIAEFKAAFDMF,inactive - virtual,inactive - virtual,0,Inactive,virtual,1,14,0.21428571428571427,0.0,0.07142857142857142,0.21428571428571427,0.21428571428571427,0.0,0.0,0.07142857142857142,0.07142857142857142,0.0,0.14285714285714285,0.0,0.0,0.0,0.0,0.0,0.0,0.0,0.0,0.0,1678.9216999999999,-3.332416167304969,4.0500284194946286,0.21428571428571427,30.65,0.25142857142857145,0.3903775986166832,-0.001786862983346437,49.28571428571428,0.7649999999999999,0.6428571428571429
294,EERVKNGLERLKKAIKSGKQST,inactive - virtual,inactive - virtual,0,Inactive,virtual,1,22,0.045454545454545456,0.0,0.0,0.13636363636363635,0.0,0.09090909090909091,0.0,0.045454545454545456,0.22727272727272727,0.09090909090909091,0.0,0.045454545454545456,0.0,0.045454545454545456,0.09090909090909091,0.09090909090909091,0.045454545454545456,0.045454545454545456,0.0,0.0,2499.8648000000003,3.6570647414041364,10.1668737411499,0.0,35.36363636363636,-0.4763636363636364,0.5015200664523116,0.0015996831835255435,70.9090909090909,3.5036363636363634,0.22727272727272727
295,EESDIKYKTSKNFINKVY,inactive - virtual,inactive - virtual,0,Inactive,virtual,1,18,0.0,0.0,0.05555555555555555,0.1111111111111111,0.05555555555555555,0.0,0.0,0.1111111111111111,0.2222222222222222,0.0,0.0,0.1111111111111111,0.0,0.0,0.0,0.1111111111111111,0.05555555555555555,0.05555555555555555,0.0,0.1111111111111111,2206.4500000000003,0.653935108418759,8.429966545104982,0.16666666666666666,29.438888888888886,-0.2627777777777778,0.2900047627394672,0.0004518550075686847,59.44444444444444,2.8116666666666665,0.2222222222222222
296,EEVKKHGTTVLTALGRILKQ,inactive - virtual,inactive - virtual,0,Inactive,virtual,1,20,0.05,0.0,0.0,0.1,0.0,0.1,0.05,0.05,0.15,0.15,0.0,0.0,0.0,0.05,0.05,0.0,0.15,0.1,0.0,0.0,2221.599,1.697606725208284,9.70225009918213,0.0,32.135000000000005,-0.06999999999999998,0.5753547588925376,0.0009439100472180085,112.0,1.5825,0.35
297,EFPEMLAEIIT,inactive - virtual,inactive - virtual,0,Inactive,virtual,1,11,0.09090909090909091,0.0,0.0,0.2727272727272727,0.09090909090909091,0.0,0.0,0.18181818181818182,0.0,0.09090909090909091,0.09090909090909091,0.0,0.09090909090909091,0.0,0.0,0.0,0.09090909090909091,0.0,0.0,0.0,1292.4969,-3.3303570587926874,4.0500284194946286,0.09090909090909091,59.909090909090914,0.38272727272727275,0.5142040862738079,-0.0023210831721470018,115.45454545454545,0.09999999999999992,0.5454545454545454
298,EFRDLHLFLGEAAETAEEVADELAERVQAL,inactive - virtual,inactive - virtual,0,Inactive,virtual,1,30,0.2,0.0,0.06666666666666667,0.23333333333333334,0.06666666666666667,0.03333333333333333,0.03333333333333333,0.0,0.0,0.16666666666666666,0.0,0.0,0.0,0.03333333333333333,0.06666666666666667,0.0,0.03333333333333333,0.06666666666666667,0.0,0.0,3372.6481999999996,-7.288404842013998,4.09754581451416,0.06666666666666667,15.19,0.033999999999999996,0.4212897011614386,-0.002044089958934369,104.33333333333331,1.9093333333333333,0.5
299,EGDQQLLKRVLVRKL,inactive - virtual,inactive - virtual,0,Inactive,virtual,1,15,0.0,0.0,0.06666666666666667,0.06666666666666667,0.0,0.06666666666666667,0.0,0.0,0.13333333333333333,0.26666666666666666,0.0,0.0,0.0,0.13333333333333333,0.13333333333333333,0.0,0.0,0.13333333333333333,0.0,0.0,1795.1347999999998,1.6627864816813096,9.9877161026001,0.0,32.586666666666666,-0.284,0.2632558558446683,0.0011124480541907596,142.66666666666666,2.5899999999999994,0.4
300,EGHVAAVEVLRGIHRIADMS,inactive - virtual,inactive - virtual,0,Inactive,virtual,1,20,0.15,0.0,0.05,0.1,0.0,0.1,0.1,0.1,0.0,0.05,0.05,0.0,0.0,0.0,0.1,0.05,0.0,0.15,0.0,0.0,2160.4561000000003,-1.2578286896921798,6.019954109191894,0.0,34.535,0.11500000000000003,0.46580165174760113,-0.00037168010516278944,117.0,1.418,0.5
301,EGKDRELYGKLHETLKKVTEDLEA,inactive - virtual,inactive - virtual,0,Inactive,virtual,1,24,0.041666666666666664,0.0,0.08333333333333333,0.20833333333333334,0.0,0.08333333333333333,0.041666666666666664,0.0,0.16666666666666666,0.16666666666666666,0.0,0.0,0.0,0.0,0.041666666666666664,0.0,0.08333333333333333,0.041666666666666664,0.0,0.041666666666666664,2802.0972000000006,-2.303149208996744,5.094388008117675,0.04166666666666667,-2.2708333333333375,-0.29833333333333334,0.3345743561016327,-0.0006777060062096285,81.24999999999999,2.964166666666667,0.25
302,EGNKRLDSVNSIVS,inactive - virtual,inactive - virtual,0,Inactive,virtual,1,14,0.0,0.0,0.07142857142857142,0.07142857142857142,0.0,0.07142857142857142,0.0,0.07142857142857142,0.07142857142857142,0.07142857142857142,0.0,0.14285714285714285,0.0,0.0,0.07142857142857142,0.21428571428571427,0.0,0.14285714285714285,0.0,0.0,1517.6402999999998,-0.334682807418031,6.168474388122559,0.0,51.114285714285714,-0.1828571428571428,0.35779456631802825,-1.3178269034362336e-06,97.14285714285714,2.901428571428571,0.2857142857142857
303,EGQQRRIRQQRLISIGKWIADNQ,inactive - virtual,inactive - virtual,0,Inactive,virtual,1,23,0.043478260869565216,0.0,0.043478260869565216,0.043478260869565216,0.0,0.08695652173913043,0.0,0.17391304347826086,0.043478260869565216,0.043478260869565216,0.0,0.043478260869565216,0.0,0.21739130434782608,0.17391304347826086,0.043478260869565216,0.0,0.0,0.043478260869565216,0.0,2794.1360999999997,2.6652418378818483,11.539083290100098,0.043478260869565216,48.9304347826087,-0.4026086956521739,0.045708880153405254,0.0010729598373739326,89.13043478260869,3.8208695652173916,0.2608695652173913
304,EGVAWLEAVLRLLAQ,inactive - virtual,inactive - virtual,0,Inactive,virtual,1,15,0.2,0.0,0.0,0.13333333333333333,0.0,0.06666666666666667,0.0,0.0,0.0,0.26666666666666666,0.0,0.0,0.0,0.06666666666666667,0.06666666666666667,0.0,0.0,0.13333333333333333,0.06666666666666667,0.0,1667.9455000000003,-1.3315029379659054,4.531682014465332,0.06666666666666667,30.4,0.32799999999999996,0.4559012123925096,-0.0006001378938217572,162.66666666666666,-0.1586666666666668,0.6
305,EHEIQEWYKGFLRD,inactive - virtual,inactive - virtual,0,Inactive,virtual,1,14,0.0,0.0,0.07142857142857142,0.21428571428571427,0.07142857142857142,0.07142857142857142,0.07142857142857142,0.07142857142857142,0.07142857142857142,0.07142857142857142,0.0,0.0,0.0,0.07142857142857142,0.07142857142857142,0.0,0.0,0.0,0.07142857142857142,0.07142857142857142,1849.9945999999998,-2.2970511257375232,4.964169883728027,0.2142857142857143,28.37142857142857,-0.22285714285714284,0.5440919447795519,-0.001028108108108108,55.71428571428571,3.1335714285714285,0.21428571428571427
306,EIEKFRVWISIL,inactive - virtual,inactive - virtual,0,Inactive,virtual,1,12,0.0,0.0,0.0,0.16666666666666666,0.08333333333333333,0.0,0.0,0.25,0.08333333333333333,0.08333333333333333,0.0,0.0,0.0,0.0,0.08333333333333333,0.08333333333333333,0.0,0.08333333333333333,0.08333333333333333,0.0,1532.8237,-0.33400853063319147,6.241796684265137,0.16666666666666669,77.88333333333334,0.22916666666666666,0.3258406313486441,-1.3047761330349745e-06,154.16666666666663,0.7050000000000001,0.5
307,EISEMVRMRERILDSIHLG,inactive - virtual,inactive - virtual,0,Inactive,virtual,1,19,0.0,0.0,0.05263157894736842,0.15789473684210525,0.0,0.05263157894736842,0.05263157894736842,0.15789473684210525,0.0,0.10526315789473684,0.10526315789473684,0.0,0.0,0.0,0.15789473684210525,0.10526315789473684,0.0,0.05263157894736842,0.0,0.0,2284.6580000000004,-1.293359488161757,5.533980751037597,0.0,52.54736842105264,-0.11157894736842106,0.411040644570933,-0.0003943694028870817,117.89473684210525,2.688947368421052,0.42105263157894735
308,EISKLVKKMISSWKDAIN,inactive - virtual,inactive - virtual,0,Inactive,virtual,1,18,0.05555555555555555,0.0,0.05555555555555555,0.05555555555555555,0.0,0.0,0.0,0.16666666666666666,0.2222222222222222,0.05555555555555555,0.05555555555555555,0.05555555555555555,0.0,0.0,0.0,0.16666666666666666,0.0,0.05555555555555555,0.05555555555555555,0.0,2090.4856,1.6578255328134857,9.531279945373537,0.05555555555555555,42.63888888888889,-0.02722222222222222,0.6475121862074538,0.0009552784275456952,108.33333333333331,1.3533333333333337,0.3888888888888889
309,EKETFREKFMQH,inactive - virtual,inactive - virtual,0,Inactive,virtual,1,12,0.0,0.0,0.0,0.25,0.16666666666666666,0.0,0.08333333333333333,0.0,0.16666666666666666,0.0,0.08333333333333333,0.0,0.0,0.08333333333333333,0.08333333333333333,0.0,0.08333333333333333,0.0,0.0,0.0,1609.8036000000002,-0.29876692118458514,6.861625862121582,0.16666666666666669,13.166666666666668,-0.49833333333333335,0.12080315571947237,6.087674943005697e-05,0.0,4.2425,0.25
310,EKNSYRKLVGNLYFVYSAMEEEMAKF,inactive - virtual,inactive - virtual,0,Inactive,virtual,1,26,0.07692307692307693,0.0,0.0,0.15384615384615385,0.07692307692307693,0.038461538461538464,0.0,0.0,0.11538461538461539,0.07692307692307693,0.07692307692307693,0.07692307692307693,0.0,0.0,0.038461538461538464,0.07692307692307693,0.0,0.07692307692307693,0.0,0.11538461538461539,3147.5771999999997,-0.3442949720899309,6.3837804794311515,0.1923076923076923,20.238461538461543,-0.04999999999999997,0.2956203945756415,-6.354087902452043e-07,60.0,1.7757692307692308,0.38461538461538464
311,EKVQYLTRSAIRR,inactive - virtual,inactive - virtual,0,Inactive,virtual,1,13,0.07692307692307693,0.0,0.0,0.07692307692307693,0.0,0.0,0.0,0.07692307692307693,0.07692307692307693,0.07692307692307693,0.0,0.0,0.0,0.07692307692307693,0.23076923076923078,0.07692307692307693,0.07692307692307693,0.07692307692307693,0.0,0.07692307692307693,1619.8663999999999,2.662314879292932,10.903747367858884,0.07692307692307693,74.76153846153846,-0.4876923076923077,0.5782213463461954,0.0018495311352145544,90.0,4.0830769230769235,0.3076923076923077
312,EMNYYTVLFGVSRALGVLAQLIWSRAL,inactive - virtual,inactive - virtual,0,Inactive,virtual,1,27,0.1111111111111111,0.0,0.0,0.037037037037037035,0.037037037037037035,0.07407407407407407,0.0,0.037037037037037035,0.0,0.18518518518518517,0.037037037037037035,0.037037037037037035,0.0,0.037037037037037035,0.07407407407407407,0.07407407407407407,0.037037037037037035,0.1111111111111111,0.037037037037037035,0.07407407407407407,3071.5919999999987,0.6623399975263058,8.686357307434083,0.14814814814814814,25.322222222222223,0.3114814814814815,0.19583547661430017,0.00032426097148066153,130.0,0.06925925925925923,0.5185185185185185
313,EPEEVFKSVLKEMEG,inactive - virtual,inactive - virtual,0,Inactive,virtual,1,15,0.0,0.0,0.0,0.3333333333333333,0.06666666666666667,0.06666666666666667,0.0,0.0,0.13333333333333333,0.06666666666666667,0.06666666666666667,0.0,0.06666666666666667,0.0,0.0,0.06666666666666667,0.0,0.13333333333333333,0.0,0.0,1750.9631,-3.3331267222475693,4.3251859664917,0.06666666666666667,39.81333333333333,-0.07600000000000001,0.4653759051118113,-0.00171219381257246,64.66666666666666,1.9519999999999995,0.3333333333333333
314,EPEKVDKLQEPLLEALRLYARRRR,inactive - virtual,inactive - virtual,0,Inactive,virtual,1,24,0.08333333333333333,0.0,0.041666666666666664,0.16666666666666666,0.0,0.0,0.0,0.0,0.08333333333333333,0.20833333333333334,0.0,0.0,0.08333333333333333,0.041666666666666664,0.20833333333333334,0.0,0.0,0.041666666666666664,0.0,0.041666666666666664,2979.4394,1.663567817133437,9.689678764343263,0.04166666666666667,127.10000000000001,-0.4945833333333334,0.374344780818412,0.0006716027172891549,101.66666666666669,3.9616666666666673,0.3333333333333333
315,EPGQRKIVMHK,inactive - virtual,inactive - virtual,0,Inactive,virtual,1,11,0.0,0.0,0.0,0.09090909090909091,0.0,0.09090909090909091,0.09090909090909091,0.09090909090909091,0.18181818181818182,0.0,0.09090909090909091,0.0,0.09090909090909091,0.09090909090909091,0.09090909090909091,0.0,0.0,0.09090909090909091,0.0,0.0,1322.5792,1.698991556935726,9.9959680557251,0.0,84.76363636363637,-0.3409090909090909,0.20656391407820276,0.0015847812608689078,61.81818181818183,2.7981818181818183,0.2727272727272727
316,EQEILRQVKKAYDRAARLG,inactive - virtual,inactive - virtual,0,Inactive,virtual,1,19,0.15789473684210525,0.0,0.05263157894736842,0.10526315789473684,0.0,0.05263157894736842,0.0,0.05263157894736842,0.10526315789473684,0.10526315789473684,0.0,0.0,0.0,0.10526315789473684,0.15789473684210525,0.0,0.0,0.05263157894736842,0.0,0.05263157894736842,2244.5528,1.6613765317204954,9.695803260803224,0.052631578947368425,73.30526315789474,-0.3831578947368421,0.7098656176369683,0.0008901521901842678,92.63157894736841,3.3815789473684212,0.3684210526315789
317,EQEVYAQVARL,inactive - virtual,inactive - virtual,0,Inactive,virtual,1,11,0.18181818181818182,0.0,0.0,0.18181818181818182,0.0,0.0,0.0,0.0,0.0,0.09090909090909091,0.0,0.0,0.0,0.18181818181818182,0.09090909090909091,0.0,0.0,0.18181818181818182,0.0,0.09090909090909091,1305.4360000000001,-1.334008530633191,4.531682014465332,0.09090909090909091,51.92727272727273,-0.07999999999999995,0.4326878846722424,-0.0007675572986885648,106.36363636363637,2.1036363636363635,0.45454545454545453
318,EQPSLVRTLDQLEDK,inactive - virtual,inactive - virtual,0,Inactive,virtual,1,15,0.0,0.0,0.13333333333333333,0.13333333333333333,0.0,0.0,0.0,0.0,0.06666666666666667,0.2,0.0,0.0,0.06666666666666667,0.13333333333333333,0.06666666666666667,0.06666666666666667,0.06666666666666667,0.06666666666666667,0.0,0.0,1770.9346999999998,-2.333115562323181,4.316773796081543,0.0,55.03333333333334,-0.31266666666666665,0.43278650921919876,-0.0011299084102228195,97.33333333333333,3.318666666666666,0.26666666666666666
319,ERQEVKQMVVATLAES,inactive - virtual,inactive - virtual,0,Inactive,virtual,1,16,0.125,0.0,0.0,0.1875,0.0,0.0,0.0,0.0,0.0625,0.0625,0.0625,0.0,0.0,0.125,0.0625,0.0625,0.0625,0.1875,0.0,0.0,1818.0573,-1.3328877696933468,4.786434364318848,0.0,58.462500000000006,-0.11687499999999995,0.038356587405277164,-0.0005500368524691154,91.25,2.18375,0.4375
320,ERVRAAMEKLA,inactive - virtual,inactive - virtual,0,Inactive,virtual,1,11,0.2727272727272727,0.0,0.0,0.18181818181818182,0.0,0.0,0.0,0.0,0.09090909090909091,0.09090909090909091,0.09090909090909091,0.0,0.0,0.0,0.18181818181818182,0.0,0.0,0.09090909090909091,0.0,0.0,1273.5053,0.6659663511334353,8.8454008102417,0.0,1.3727272727272726,-0.29818181818181816,0.48725959687728065,0.0007836670592854338,89.0909090909091,2.933636363636363,0.5454545454545454
321,ESLYESIRRRYEEL,inactive - virtual,inactive - virtual,0,Inactive,virtual,1,14,0.0,0.0,0.0,0.2857142857142857,0.0,0.0,0.0,0.07142857142857142,0.0,0.14285714285714285,0.0,0.0,0.0,0.0,0.21428571428571427,0.14285714285714285,0.0,0.0,0.0,0.14285714285714285,1843.0022000000001,-1.3343228378875347,4.948596000671387,0.14285714285714288,125.75714285714288,-0.47857142857142865,0.5237365412625505,-0.0005425935973955507,83.57142857142857,4.594285714285715,0.21428571428571427
322,ESPVRKILRIVFHDAI,inactive - virtual,inactive - virtual,0,Inactive,virtual,1,16,0.0625,0.0,0.0625,0.0625,0.0625,0.0,0.0625,0.1875,0.0625,0.0625,0.0,0.0,0.0625,0.0,0.125,0.0625,0.0,0.125,0.0,0.0,1893.2363,0.7019185155246426,8.849978065490724,0.0625,74.37500000000001,0.04499999999999996,0.46672416032921077,0.0005789017768481545,140.0,1.651875,0.5
323,ETNIRVALEKSFL,inactive - virtual,inactive - virtual,0,Inactive,virtual,1,13,0.07692307692307693,0.0,0.0,0.15384615384615385,0.07692307692307693,0.0,0.0,0.07692307692307693,0.07692307692307693,0.15384615384615385,0.0,0.07692307692307693,0.0,0.0,0.07692307692307693,0.07692307692307693,0.07692307692307693,0.07692307692307693,0.0,0.0,1519.7406,-0.33400853063319147,6.241796684265137,0.07692307692307693,31.46923076923077,0.0023076923076923096,0.16003573741561336,-1.3160145814415623e-06,120.0,1.7776923076923077,0.46153846153846156
324,EVKRRFPTKLGAWALIWWLL,inactive - virtual,inactive - virtual,0,Inactive,virtual,1,20,0.1,0.0,0.0,0.05,0.05,0.05,0.0,0.05,0.1,0.2,0.0,0.0,0.05,0.0,0.1,0.0,0.05,0.05,0.15,0.0,2483.9939999999997,2.662339997526305,11.000643348693849,0.2,52.79500000000001,0.17900000000000002,0.2240504508795404,0.0012065217391304347,122.0,0.3575000000000005,0.45
325,EVKRSVNRDFAKWFLIVFI,inactive - virtual,inactive - virtual,0,Inactive,virtual,1,19,0.05263157894736842,0.0,0.05263157894736842,0.05263157894736842,0.15789473684210525,0.0,0.0,0.10526315789473684,0.10526315789473684,0.05263157894736842,0.0,0.05263157894736842,0.0,0.0,0.10526315789473684,0.05263157894736842,0.0,0.15789473684210525,0.05263157894736842,0.0,2367.7876,1.6627864816813096,9.9877161026001,0.21052631578947367,39.805263157894736,0.08578947368421046,0.36536264294247633,0.0008434024976877173,112.63157894736841,1.3973684210526318,0.5263157894736842
326,EVNRNFGERINDLRILILLL,inactive - virtual,inactive - virtual,0,Inactive,virtual,1,20,0.0,0.0,0.05,0.1,0.05,0.05,0.0,0.15,0.0,0.25,0.0,0.15,0.0,0.0,0.15,0.0,0.0,0.05,0.0,0.0,2410.8125,-0.3311066902776476,6.281413459777832,0.05,33.275000000000006,0.013000000000000034,0.31981479265549806,-4.1479662521465723e-07,170.5,1.9849999999999994,0.5
327,EVVGRVSKLWNEWWLIV,inactive - virtual,inactive - virtual,0,Inactive,virtual,1,17,0.0,0.0,0.0,0.11764705882352941,0.0,0.058823529411764705,0.0,0.058823529411764705,0.058823529411764705,0.11764705882352941,0.0,0.058823529411764705,0.0,0.0,0.058823529411764705,0.058823529411764705,0.0,0.23529411764705882,0.17647058823529413,0.0,2113.4590000000003,-0.33400853063319147,6.241796684265137,0.17647058823529413,14.035294117647059,0.2629411764705883,0.4841820470638962,-9.46315520520852e-07,137.05882352941177,0.31058823529411744,0.4117647058823529
328,EWQTMVAALQA,inactive - virtual,inactive - virtual,0,Inactive,virtual,1,11,0.2727272727272727,0.0,0.0,0.09090909090909091,0.0,0.0,0.0,0.0,0.0,0.09090909090909091,0.09090909090909091,0.0,0.0,0.18181818181818182,0.0,0.0,0.09090909090909091,0.09090909090909091,0.09090909090909091,0.0,1247.4198000000001,-1.3325985806723761,4.0500284194946286,0.09090909090909091,25.063636363636363,0.2745454545454546,0.19962014643009604,-0.000804059578970996,89.0909090909091,0.12636363636363643,0.5454545454545454
329,EYKYYKLKLAEMQR,inactive - virtual,inactive - virtual,0,Inactive,virtual,1,14,0.07142857142857142,0.0,0.0,0.14285714285714285,0.0,0.0,0.0,0.0,0.21428571428571427,0.14285714285714285,0.07142857142857142,0.0,0.0,0.07142857142857142,0.07142857142857142,0.0,0.0,0.0,0.0,0.21428571428571427,1863.1838,1.6534635060303802,9.31228084564209,0.21428571428571427,-5.4785714285714295,-0.36357142857142855,0.23975121066303248,0.0010712809751018415,62.85714285714285,2.6535714285714285,0.2857142857142857
330,FADLFDPVIQERH,inactive - virtual,inactive - virtual,0,Inactive,virtual,1,13,0.07692307692307693,0.0,0.15384615384615385,0.07692307692307693,0.15384615384615385,0.0,0.07692307692307693,0.07692307692307693,0.0,0.07692307692307693,0.0,0.0,0.07692307692307693,0.07692307692307693,0.07692307692307693,0.0,0.0,0.07692307692307693,0.0,0.0,1586.7452000000003,-2.4039320802405224,4.536513328552247,0.15384615384615385,56.63846153846155,0.03461538461538459,0.3022696741888811,-0.001199306759098787,90.0,2.1323076923076925,0.46153846153846156
331,FALRLRRVINRIGQAWR,inactive - virtual,inactive - virtual,0,Inactive,virtual,1,17,0.11764705882352941,0.0,0.0,0.0,0.058823529411764705,0.058823529411764705,0.0,0.11764705882352941,0.0,0.11764705882352941,0.0,0.058823529411764705,0.0,0.058823529411764705,0.29411764705882354,0.0,0.0,0.058823529411764705,0.058823529411764705,0.0,2125.5278,4.557327276400082,11.999967765808105,0.11764705882352942,65.76470588235296,-0.2529411764705883,0.7265414567323439,0.0023504725880133426,120.58823529411762,3.128823529411765,0.47058823529411764
332,FEVIDTIKAAVENA,inactive - virtual,inactive - virtual,0,Inactive,virtual,1,14,0.21428571428571427,0.0,0.07142857142857142,0.14285714285714285,0.07142857142857142,0.0,0.0,0.14285714285714285,0.07142857142857142,0.0,0.0,0.07142857142857142,0.0,0.0,0.0,0.0,0.07142857142857142,0.14285714285714285,0.0,0.0,1519.6942000000001,-2.442364719065642,4.1373899459838865,0.07142857142857144,-7.514285714285714,0.23928571428571427,0.4384460533516456,-0.0013167072448509573,118.57142857142856,0.7692857142857141,0.5714285714285714
333,FFSFELVESINDVKKSLR,inactive - virtual,inactive - virtual,0,Inactive,virtual,1,18,0.0,0.0,0.05555555555555555,0.1111111111111111,0.16666666666666666,0.0,0.0,0.05555555555555555,0.1111111111111111,0.1111111111111111,0.0,0.05555555555555555,0.0,0.0,0.05555555555555555,0.16666666666666666,0.0,0.1111111111111111,0.0,0.0,2158.4516999999996,-0.4448954299663015,6.181319999694824,0.16666666666666669,29.244444444444447,0.01111111111111112,0.39996150355171295,-4.632932739082494e-07,97.2222222222222,1.8566666666666667,0.4444444444444444
334,FGLKVLGWYSEMKRNVQRLERAIEEV,inactive - virtual,inactive - virtual,0,Inactive,virtual,1,26,0.038461538461538464,0.0,0.0,0.15384615384615385,0.038461538461538464,0.07692307692307693,0.0,0.038461538461538464,0.07692307692307693,0.11538461538461539,0.038461538461538464,0.038461538461538464,0.0,0.038461538461538464,0.11538461538461539,0.038461538461538464,0.0,0.11538461538461539,0.038461538461538464,0.038461538461538464,3151.6388999999995,0.5543437786243492,8.495917701721194,0.11538461538461539,61.96153846153846,-0.10692307692307691,0.5233848866978067,0.0003172951225393763,97.3076923076923,2.141153846153846,0.38461538461538464
335,FHSVAEQF,inactive - virtual,inactive - virtual,0,Inactive,virtual,1,8,0.125,0.0,0.0,0.125,0.25,0.0,0.125,0.0,0.0,0.0,0.0,0.0,0.0,0.125,0.0,0.125,0.0,0.125,0.0,0.0,964.0316,-1.4047999303171586,5.240236854553221,0.25,23.400000000000002,0.24375000000000002,0.5873480357015315,-0.0009377301536259246,48.75,1.0749999999999997,0.5
336,FIAVHEMLDGFRTALIDHLDTMAERAVQ,inactive - virtual,inactive - virtual,0,Inactive,virtual,1,28,0.14285714285714285,0.0,0.10714285714285714,0.07142857142857142,0.07142857142857142,0.03571428571428571,0.07142857142857142,0.07142857142857142,0.0,0.10714285714285714,0.07142857142857142,0.0,0.0,0.03571428571428571,0.07142857142857142,0.0,0.07142857142857142,0.07142857142857142,0.0,0.0,3200.6449999999986,-3.3657635122030003,4.798995780944825,0.07142857142857144,8.682142857142859,0.14321428571428577,0.25674679856195964,-0.0008754471747926203,104.64285714285712,1.3607142857142858,0.5357142857142857
337,FKATIADLSKKR,inactive - virtual,inactive - virtual,0,Inactive,virtual,1,12,0.16666666666666666,0.0,0.08333333333333333,0.0,0.08333333333333333,0.0,0.0,0.08333333333333333,0.25,0.08333333333333333,0.0,0.0,0.0,0.0,0.08333333333333333,0.08333333333333333,0.08333333333333333,0.0,0.0,0.0,1377.6313,2.550357455486724,10.289686012268067,0.08333333333333334,16.733333333333334,-0.2658333333333333,0.15513652061485564,0.0021747493884424697,81.66666666666666,2.485,0.4166666666666667
338,FKEAIEAIAESA,inactive - virtual,inactive - virtual,0,Inactive,virtual,1,12,0.3333333333333333,0.0,0.0,0.25,0.08333333333333333,0.0,0.0,0.16666666666666666,0.08333333333333333,0.0,0.0,0.0,0.0,0.0,0.0,0.08333333333333333,0.0,0.0,0.0,0.0,1278.4075,-2.4416904422808026,4.25265941619873,0.08333333333333334,49.30833333333334,0.21499999999999997,0.5540680836695685,-0.0015644433319514082,98.33333333333331,0.7766666666666664,0.5833333333333334
339,FKGKIIKKVISTGAKLI,inactive - virtual,inactive - virtual,0,Inactive,virtual,1,17,0.058823529411764705,0.0,0.0,0.0,0.058823529411764705,0.11764705882352941,0.0,0.23529411764705882,0.29411764705882354,0.058823529411764705,0.0,0.0,0.0,0.0,0.0,0.058823529411764705,0.058823529411764705,0.058823529411764705,0.0,0.0,1844.3313000000003,4.5449249042305215,10.602486610412598,0.05882352941176471,-39.38235294117647,0.1676470588235294,0.48006051711449466,0.0027082858908877975,137.64705882352942,-0.09352941176470587,0.47058823529411764
340,FKSIYRFFEHGLK,inactive - virtual,inactive - virtual,0,Inactive,virtual,1,13,0.0,0.0,0.0,0.07692307692307693,0.23076923076923078,0.07692307692307693,0.07692307692307693,0.07692307692307693,0.15384615384615385,0.07692307692307693,0.0,0.0,0.0,0.0,0.07692307692307693,0.07692307692307693,0.0,0.0,0.0,0.07692307692307693,1671.9373,1.5876581734476103,9.699929237365723,0.3076923076923077,-35.646153846153844,0.0015384615384615057,0.8029192693531388,0.0012530353960070338,60.0,1.6392307692307688,0.38461538461538464
341,FKSVQNSLQRILYLWAIRH,inactive - virtual,inactive - virtual,0,Inactive,virtual,1,19,0.05263157894736842,0.0,0.0,0.0,0.05263157894736842,0.0,0.05263157894736842,0.10526315789473684,0.05263157894736842,0.15789473684210525,0.0,0.05263157894736842,0.0,0.10526315789473684,0.10526315789473684,0.10526315789473684,0.0,0.05263157894736842,0.05263157894736842,0.05263157894736842,2372.7677,2.589017886941678,11.000449943542481,0.15789473684210528,43.547368421052624,0.01842105263157897,0.332308528422048,0.0013039611930359873,123.1578947368421,1.5236842105263153,0.42105263157894735
342,FLDQNMLAVIDELMQAL,inactive - virtual,inactive - virtual,0,Inactive,virtual,1,17,0.11764705882352941,0.0,0.11764705882352941,0.058823529411764705,0.058823529411764705,0.0,0.0,0.058823529411764705,0.0,0.23529411764705882,0.11764705882352941,0.058823529411764705,0.0,0.11764705882352941,0.0,0.0,0.0,0.058823529411764705,0.0,0.0,1964.3057,-3.4405334031831956,4.0500284194946286,0.05882352941176471,4.976470588235295,0.32941176470588235,0.3620699257854231,-0.0015282720140914622,143.52941176470588,0.11941176470588243,0.6470588235294118
343,FLLKKLKKVATGFAKG,inactive - virtual,inactive - virtual,0,Inactive,virtual,1,16,0.125,0.0,0.0,0.0,0.125,0.125,0.0,0.0,0.3125,0.1875,0.0,0.0,0.0,0.0,0.0,0.0,0.0625,0.0625,0.0,0.0,1749.1905000000002,4.5449249042305215,10.602486610412598,0.125,-22.462500000000002,0.09062500000000001,0.5464170163626453,0.0028555911273725133,103.75,0.003749999999999948,0.5
344,FLLSKAKDAKSSAEGAV,inactive - virtual,inactive - virtual,0,Inactive,virtual,1,17,0.23529411764705882,0.0,0.058823529411764705,0.058823529411764705,0.058823529411764705,0.058823529411764705,0.0,0.0,0.17647058823529413,0.11764705882352941,0.0,0.0,0.0,0.0,0.0,0.17647058823529413,0.0,0.058823529411764705,0.0,0.0,1721.9484000000002,0.5515033346599418,8.497658348083494,0.05882352941176471,15.747058823529414,0.045882352941176485,0.25177227802114704,0.0005789947443305554,86.47058823529412,1.02,0.47058823529411764
345,FNQRRISSAKFLGELYNY,inactive - virtual,inactive - virtual,0,Inactive,virtual,1,18,0.05555555555555555,0.0,0.0,0.05555555555555555,0.1111111111111111,0.05555555555555555,0.0,0.05555555555555555,0.05555555555555555,0.1111111111111111,0.0,0.1111111111111111,0.0,0.05555555555555555,0.1111111111111111,0.1111111111111111,0.0,0.0,0.0,0.1111111111111111,2206.458000000001,1.5510066140381902,9.696641349792483,0.2222222222222222,43.58888888888889,-0.1327777777777778,0.1555347226402029,0.0009041632297888926,70.55555555555554,2.4794444444444443,0.3333333333333333
346,FNRMFEKSTHHYTDSVGGILR,inactive - virtual,inactive - virtual,0,Inactive,virtual,1,21,0.0,0.0,0.047619047619047616,0.047619047619047616,0.09523809523809523,0.09523809523809523,0.09523809523809523,0.047619047619047616,0.047619047619047616,0.047619047619047616,0.047619047619047616,0.047619047619047616,0.0,0.0,0.09523809523809523,0.09523809523809523,0.09523809523809523,0.047619047619047616,0.0,0.047619047619047616,2495.7696000000005,0.6272115732125743,8.603257560729983,0.14285714285714285,51.70952380952381,-0.11047619047619049,0.5633654552425224,0.0004784075519476876,50.95238095238095,2.6138095238095236,0.2857142857142857
347,FPLLVDHTSREADYFRKRLIQLNEG,inactive - virtual,inactive - virtual,0,Inactive,virtual,1,25,0.04,0.0,0.08,0.08,0.08,0.04,0.04,0.04,0.04,0.16,0.0,0.04,0.04,0.04,0.12,0.04,0.04,0.04,0.0,0.04,3018.3840000000005,-0.4078727411019969,6.762384986877441,0.12,25.624000000000002,-0.15039999999999998,0.3744185725670176,3.213633758394376e-05,93.6,2.6788,0.36
348,FPNLASAAFYWSKKEN,inactive - virtual,inactive - virtual,0,Inactive,virtual,1,16,0.1875,0.0,0.0,0.0625,0.125,0.0,0.0,0.0,0.125,0.0625,0.0,0.125,0.0625,0.0,0.0,0.125,0.0,0.0,0.0625,0.0625,1873.0709000000002,0.5510568505049371,8.497593879699707,0.25,35.306875000000005,0.05562500000000001,0.27438647442504877,0.0005317445063745275,43.125,1.218125,0.375
349,FPQLTQNNSRE,inactive - virtual,inactive - virtual,0,Inactive,virtual,1,11,0.0,0.0,0.0,0.09090909090909091,0.09090909090909091,0.0,0.0,0.0,0.0,0.09090909090909091,0.0,0.18181818181818182,0.09090909090909091,0.18181818181818182,0.09090909090909091,0.09090909090909091,0.09090909090909091,0.0,0.0,0.0,1333.4063999999998,-0.4393590030698826,6.218208503723144,0.09090909090909091,54.76363636363637,-0.39181818181818184,0.46831224797721654,-2.2498706324386348e-06,35.45454545454546,4.014545454545455,0.18181818181818182
350,FSALNIAVHELSDVGRAIVRN,inactive - virtual,inactive - virtual,0,Inactive,virtual,1,21,0.14285714285714285,0.0,0.047619047619047616,0.047619047619047616,0.047619047619047616,0.047619047619047616,0.047619047619047616,0.09523809523809523,0.0,0.09523809523809523,0.0,0.09523809523809523,0.0,0.0,0.09523809523809523,0.09523809523809523,0.0,0.14285714285714285,0.0,0.0,2281.5694,-0.40440368262890125,6.753006553649903,0.047619047619047616,28.238095238095234,0.13714285714285715,0.513086237106967,4.251458425557839e-05,130.0,1.379047619047619,0.5238095238095238
351,FSEFIQALSVTSRG,inactive - virtual,inactive - virtual,0,Inactive,virtual,1,14,0.07142857142857142,0.0,0.0,0.07142857142857142,0.14285714285714285,0.07142857142857142,0.0,0.07142857142857142,0.0,0.07142857142857142,0.0,0.0,0.0,0.07142857142857142,0.07142857142857142,0.21428571428571427,0.07142857142857142,0.07142857142857142,0.0,0.0,1541.7030000000002,-0.4414514897265791,6.0021066665649405,0.14285714285714288,24.67142857142857,0.17285714285714288,0.4414758211414594,-1.9458912506243066e-06,83.57142857142856,1.2464285714285714,0.42857142857142855
352,FTELQRDFLRN,inactive - virtual,inactive - virtual,0,Inactive,virtual,1,11,0.0,0.0,0.09090909090909091,0.09090909090909091,0.18181818181818182,0.0,0.0,0.0,0.0,0.18181818181818182,0.0,0.09090909090909091,0.0,0.09090909090909091,0.18181818181818182,0.0,0.09090909090909091,0.0,0.0,0.0,1438.5866,-0.4410301238049481,6.070427131652831,0.18181818181818182,78.10909090909091,-0.33818181818181825,0.7164331025507301,-1.3902501755190847e-06,70.90909090909092,4.029090909090909,0.36363636363636365
353,FTRIIKAAG,inactive - virtual,inactive - virtual,0,Inactive,virtual,1,9,0.2222222222222222,0.0,0.0,0.0,0.1111111111111111,0.1111111111111111,0.0,0.2222222222222222,0.1111111111111111,0.0,0.0,0.0,0.0,0.0,0.1111111111111111,0.0,0.1111111111111111,0.0,0.0,0.0,976.1733000000002,1.5549221566662905,11.000836753845213,0.1111111111111111,-0.5444444444444447,0.18555555555555553,0.7640133217591587,0.002044704870003483,108.88888888888889,0.6288888888888887,0.5555555555555556
354,FVPVFFVVVRRR,inactive - virtual,inactive - virtual,0,Inactive,virtual,1,12,0.0,0.0,0.0,0.0,0.25,0.0,0.0,0.0,0.0,0.0,0.0,0.0,0.08333333333333333,0.0,0.25,0.0,0.0,0.4166666666666667,0.0,0.0,1520.8640000000003,2.5573775128668292,11.999967765808105,0.25,136.73333333333335,0.14333333333333323,0.29272324002092726,0.00196993806136002,120.83333333333334,1.301666666666667,0.6666666666666666
355,FYQTFFDEADELLADMEQHLLDL,inactive - virtual,inactive - virtual,0,Inactive,virtual,1,23,0.08695652173913043,0.0,0.17391304347826086,0.13043478260869565,0.13043478260869565,0.0,0.043478260869565216,0.0,0.0,0.21739130434782608,0.043478260869565216,0.0,0.0,0.08695652173913043,0.0,0.0,0.043478260869565216,0.0,0.0,0.043478260869565216,2804.0429,-7.403278064484737,4.0500284194946286,0.17391304347826086,35.461304347826086,0.14217391304347823,0.41388748299834893,-0.0024607264492430593,93.47826086956522,1.4891304347826086,0.4782608695652174
356,GAFRKLLQSAKDN,inactive - virtual,inactive - virtual,0,Inactive,virtual,1,13,0.15384615384615385,0.0,0.07692307692307693,0.0,0.07692307692307693,0.07692307692307693,0.0,0.0,0.15384615384615385,0.15384615384615385,0.0,0.07692307692307693,0.0,0.07692307692307693,0.07692307692307693,0.07692307692307693,0.0,0.0,0.0,0.0,1447.6381999999999,1.552863048154009,9.994291877746583,0.07692307692307693,55.04615384615385,-0.23769230769230767,0.5339070690676327,0.0013787958332182034,75.38461538461539,2.5338461538461536,0.38461538461538464
357,GAGTSVNMNTNEVLANIGLELM,inactive - virtual,inactive - virtual,0,Inactive,virtual,1,22,0.09090909090909091,0.0,0.0,0.09090909090909091,0.0,0.13636363636363635,0.0,0.045454545454545456,0.0,0.13636363636363635,0.09090909090909091,0.18181818181818182,0.0,0.0,0.0,0.045454545454545456,0.09090909090909091,0.09090909090909091,0.0,0.0,2248.5329,-2.440305610553361,4.0500284194946286,0.0,11.109090909090908,0.2718181818181818,0.15533573274820756,-0.0008899107865548311,106.36363636363637,0.4463636363636361,0.45454545454545453
358,GAPLARMEVTLALESLFGRF,inactive - virtual,inactive - virtual,0,Inactive,virtual,1,20,0.15,0.0,0.0,0.1,0.1,0.1,0.0,0.0,0.0,0.2,0.05,0.0,0.05,0.0,0.1,0.05,0.05,0.05,0.0,0.0,2178.5524000000005,-0.44035584702010855,6.14397678375244,0.1,20.270000000000003,0.23850000000000002,0.09786461014646074,-4.5901880141010575e-07,107.5,0.5044999999999998,0.55
359,GAQYIQAAGVALGLKMR,inactive - virtual,inactive - virtual,0,Inactive,virtual,1,17,0.23529411764705882,0.0,0.0,0.0,0.0,0.17647058823529413,0.0,0.058823529411764705,0.058823529411764705,0.11764705882352941,0.058823529411764705,0.0,0.0,0.11764705882352941,0.058823529411764705,0.0,0.0,0.058823529411764705,0.0,0.058823529411764705,1747.0701999999999,1.5524165639990049,9.994291877746583,0.05882352941176471,9.729411764705882,0.2247058823529412,0.23299994432799095,0.0011419053506422146,109.41176470588235,0.028235294117647084,0.5294117647058824
360,GAVAIARVFSY,inactive - virtual,inactive - virtual,0,Inactive,virtual,1,11,0.2727272727272727,0.0,0.0,0.0,0.09090909090909091,0.09090909090909091,0.0,0.09090909090909091,0.0,0.0,0.0,0.0,0.0,0.0,0.09090909090909091,0.09090909090909091,0.0,0.18181818181818182,0.0,0.09090909090909091,1153.3299,0.5549221566662905,8.747602272033692,0.18181818181818182,1.3727272727272726,0.42909090909090913,0.4316869823031997,0.0008627192564140359,115.45454545454547,-0.3536363636363636,0.6363636363636364
361,GEAEIASLKSQIRA,inactive - virtual,inactive - virtual,0,Inactive,virtual,1,14,0.21428571428571427,0.0,0.0,0.14285714285714285,0.0,0.07142857142857142,0.0,0.14285714285714285,0.07142857142857142,0.07142857142857142,0.0,0.0,0.0,0.07142857142857142,0.07142857142857142,0.14285714285714285,0.0,0.0,0.0,0.0,1472.6428999999998,-0.4428363214540205,6.14323787689209,0.0,25.35,-0.0321428571428571,0.269967235757027,-1.3580959494788307e-06,105.0,1.8071428571428572,0.42857142857142855
362,GEAYLLLERYVAFLRA,inactive - virtual,inactive - virtual,0,Inactive,virtual,1,16,0.1875,0.0,0.0,0.125,0.0625,0.0625,0.0,0.0,0.0,0.25,0.0,0.0,0.0,0.0,0.125,0.0,0.0,0.0625,0.0,0.125,1884.1812999999997,-0.4453670323546799,6.1424989700317365,0.1875,11.9875,0.1925,0.2664699462476121,-1.5922045664426965e-06,134.375,0.6668749999999999,0.5625
363,GEDAILKKVAEEAAETLMASKD,inactive - virtual,inactive - virtual,0,Inactive,virtual,1,22,0.22727272727272727,0.0,0.09090909090909091,0.18181818181818182,0.0,0.045454545454545456,0.0,0.045454545454545456,0.13636363636363635,0.09090909090909091,0.045454545454545456,0.0,0.0,0.0,0.0,0.045454545454545456,0.045454545454545456,0.045454545454545456,0.0,0.0,2319.5848,-3.4434185870734613,4.483141517639161,0.0,36.336363636363636,-0.025909090909090896,0.2506685892182935,-0.0012924697899197703,89.0909090909091,1.6436363636363636,0.45454545454545453
364,GEGWAKSILFN,inactive - virtual,inactive - virtual,0,Inactive,virtual,1,11,0.09090909090909091,0.0,0.0,0.09090909090909091,0.09090909090909091,0.18181818181818182,0.0,0.09090909090909091,0.09090909090909091,0.09090909090909091,0.0,0.09090909090909091,0.0,0.0,0.0,0.09090909090909091,0.0,0.0,0.09090909090909091,0.0,1221.3609000000001,-0.4439319641604915,6.0014245986938475,0.18181818181818182,17.3,0.2627272727272727,0.2297971471715368,-2.456278247199843e-06,80.00000000000001,0.32363636363636367,0.36363636363636365
365,GEKRAEEIKKILMT,inactive - virtual,inactive - virtual,0,Inactive,virtual,1,14,0.07142857142857142,0.0,0.0,0.21428571428571427,0.0,0.07142857142857142,0.0,0.14285714285714285,0.21428571428571427,0.07142857142857142,0.07142857142857142,0.0,0.0,0.0,0.07142857142857142,0.0,0.07142857142857142,0.0,0.0,0.0,1645.9618,0.5532732541512528,8.497271537780762,0.0,63.80000000000002,-0.2592857142857143,0.40941144641703264,0.0006069406303919901,90.71428571428571,2.479285714285713,0.35714285714285715
366,GFFGWFNRMFEKSTHHYTDSVGGI,inactive - virtual,inactive - virtual,0,Inactive,virtual,1,24,0.0,0.0,0.041666666666666664,0.041666666666666664,0.16666666666666666,0.16666666666666666,0.08333333333333333,0.041666666666666664,0.041666666666666664,0.0,0.041666666666666664,0.041666666666666664,0.0,0.0,0.041666666666666664,0.08333333333333333,0.08333333333333333,0.041666666666666664,0.041666666666666664,0.041666666666666664,2821.0864,-0.37276330855405204,6.921477317810059,0.25,35.58750000000001,0.13541666666666669,0.3941535203514257,6.876750203821206e-05,28.33333333333333,1.4466666666666665,0.2916666666666667
367,GFKNEVRTPVTKFRIVFFVV,inactive - virtual,inactive - virtual,0,Inactive,virtual,1,20,0.0,0.0,0.0,0.05,0.2,0.05,0.0,0.05,0.1,0.0,0.0,0.05,0.05,0.0,0.1,0.0,0.1,0.25,0.0,0.0,2383.83,2.553512206705476,11.00038547515869,0.2,3.125000000000001,0.13399999999999998,0.37647922629840547,0.0012572205232755692,92.0,1.0775000000000001,0.5
368,GFMIWHPKMDEYMEEIDGYLDEMSERLITL,inactive - virtual,inactive - virtual,0,Inactive,virtual,1,30,0.0,0.0,0.1,0.16666666666666666,0.03333333333333333,0.06666666666666667,0.03333333333333333,0.1,0.03333333333333333,0.1,0.13333333333333333,0.0,0.03333333333333333,0.0,0.03333333333333333,0.03333333333333333,0.03333333333333333,0.0,0.03333333333333333,0.06666666666666667,3693.2035000000005,-6.406519330327997,4.116530036926269,0.13333333333333333,77.63666666666666,0.08800000000000001,0.3069194580567945,-0.0015972555040195385,78.0,1.5159999999999998,0.36666666666666664
369,GFSVQRRLWLAS,inactive - virtual,inactive - virtual,0,Inactive,virtual,1,12,0.08333333333333333,0.0,0.0,0.0,0.08333333333333333,0.08333333333333333,0.0,0.0,0.0,0.16666666666666666,0.0,0.0,0.0,0.08333333333333333,0.16666666666666666,0.16666666666666666,0.0,0.08333333333333333,0.08333333333333333,0.0,1419.6296,1.5574026311002025,11.999967765808105,0.16666666666666669,86.91666666666669,0.016666666666666687,0.29316292136403604,0.001406000154969957,97.49999999999997,1.6866666666666665,0.4166666666666667
370,GFYPMVAAQRI,inactive - virtual,inactive - virtual,0,Inactive,virtual,1,11,0.18181818181818182,0.0,0.0,0.0,0.09090909090909091,0.09090909090909091,0.0,0.09090909090909091,0.0,0.0,0.09090909090909091,0.0,0.09090909090909091,0.09090909090909091,0.09090909090909091,0.0,0.0,0.09090909090909091,0.0,0.09090909090909091,1252.4841000000001,0.5549221566662905,8.747602272033692,0.18181818181818182,43.091818181818184,0.280909090909091,0.24914727488208396,0.0007944175202995633,80.0,0.1590909090909091,0.5454545454545454
371,GGFAAAIARRA,inactive - virtual,inactive - virtual,0,Inactive,virtual,1,11,0.45454545454545453,0.0,0.0,0.0,0.09090909090909091,0.18181818181818182,0.0,0.09090909090909091,0.0,0.0,0.0,0.0,0.0,0.0,0.18181818181818182,0.0,0.0,0.0,0.0,0.0,1060.2102,1.5574026311002025,11.999967765808105,0.09090909090909091,72.38181818181819,0.15090909090909085,0.40759079693806827,0.0018826458909084048,80.9090909090909,1.000909090909091,0.6363636363636364
372,GGKEALAIENFADAL,inactive - virtual,inactive - virtual,0,Inactive,virtual,1,15,0.26666666666666666,0.0,0.06666666666666667,0.13333333333333333,0.06666666666666667,0.13333333333333333,0.0,0.06666666666666667,0.06666666666666667,0.13333333333333333,0.0,0.06666666666666667,0.0,0.0,0.0,0.0,0.0,0.0,0.0,0.0,1518.6664,-2.442364719065642,4.1373899459838865,0.06666666666666667,25.51333333333333,0.23866666666666667,0.31461871520957563,-0.0013176002686561266,104.66666666666667,0.5113333333333332,0.5333333333333333
373,GGSSGVLMSIFFTAAGQKLEQ,inactive - virtual,inactive - virtual,0,Inactive,virtual,1,21,0.09523809523809523,0.0,0.0,0.047619047619047616,0.09523809523809523,0.19047619047619047,0.0,0.047619047619047616,0.047619047619047616,0.09523809523809523,0.047619047619047616,0.0,0.0,0.09523809523809523,0.0,0.14285714285714285,0.047619047619047616,0.047619047619047616,0.0,0.0,2128.4042000000004,-0.4439319641604915,6.0014245986938475,0.09523809523809523,50.62380952380952,0.3033333333333334,0.15760432097226978,-1.4095028683383372e-06,79.04761904761904,0.08190476190476177,0.42857142857142855
374,GHNLISLLEVLSG,inactive - virtual,inactive - virtual,0,Inactive,virtual,1,13,0.0,0.0,0.0,0.07692307692307693,0.0,0.15384615384615385,0.07692307692307693,0.07692307692307693,0.0,0.3076923076923077,0.0,0.07692307692307693,0.0,0.0,0.0,0.15384615384615385,0.0,0.07692307692307693,0.0,0.0,1351.5474000000002,-1.4047999303171586,5.240236854553221,0.0,27.446153846153848,0.42923076923076925,0.2860297806827486,-0.000668861677333432,172.30769230769232,-0.4315384615384615,0.46153846153846156
375,GIHELAVFAEEH,inactive - virtual,inactive - virtual,0,Inactive,virtual,1,12,0.16666666666666666,0.0,0.0,0.25,0.08333333333333333,0.08333333333333333,0.16666666666666666,0.08333333333333333,0.0,0.08333333333333333,0.0,0.0,0.0,0.0,0.0,0.0,0.0,0.08333333333333333,0.0,0.0,1351.4630000000002,-3.3659319672614227,4.72294521331787,0.08333333333333334,33.25833333333334,0.29166666666666663,0.2882450230475951,-0.0020732979644387224,105.83333333333331,0.6941666666666665,0.5
376,GKASLRAAELYSKY,inactive - virtual,inactive - virtual,0,Inactive,virtual,1,14,0.21428571428571427,0.0,0.0,0.07142857142857142,0.0,0.07142857142857142,0.0,0.0,0.14285714285714285,0.14285714285714285,0.0,0.0,0.0,0.0,0.07142857142857142,0.14285714285714285,0.0,0.0,0.0,0.14285714285714285,1556.7607999999998,1.5485261396042778,9.526315879821777,0.14285714285714288,16.97857142857143,-0.10999999999999999,0.43860290121754997,0.0012814995150214868,77.14285714285714,1.6928571428571428,0.35714285714285715
377,GKDAAAEEISQLLYHVQVMMVARG,inactive - virtual,inactive - virtual,0,Inactive,virtual,1,24,0.16666666666666666,0.0,0.041666666666666664,0.08333333333333333,0.0,0.08333333333333333,0.041666666666666664,0.041666666666666664,0.041666666666666664,0.08333333333333333,0.08333333333333333,0.0,0.0,0.08333333333333333,0.041666666666666664,0.041666666666666664,0.0,0.125,0.0,0.041666666666666664,2617.0088999999994,-1.4082689887902542,5.4454256057739245,0.04166666666666667,32.94166666666668,0.13416666666666668,0.07056436698364045,-0.0003450489488043653,101.66666666666666,0.8912499999999998,0.5
378,GKKGPKFIQAVASLKA,inactive - virtual,inactive - virtual,0,Inactive,virtual,1,16,0.1875,0.0,0.0,0.0,0.0625,0.125,0.0,0.0625,0.25,0.0625,0.0,0.0,0.0625,0.0625,0.0,0.0625,0.0,0.0625,0.0,0.0,1642.9825000000003,3.5474304968978063,10.477740287780762,0.0625,-6.54375,0.04437500000000001,0.3490768706214071,0.0024315424926505944,85.625,0.43562500000000004,0.4375
379,GKSNMMDAISFVL,inactive - virtual,inactive - virtual,0,Inactive,virtual,1,13,0.07692307692307693,0.0,0.07692307692307693,0.0,0.07692307692307693,0.07692307692307693,0.0,0.07692307692307693,0.07692307692307693,0.07692307692307693,0.15384615384615385,0.07692307692307693,0.0,0.0,0.0,0.15384615384615385,0.0,0.07692307692307693,0.0,0.0,1412.6734,-0.4446062409453315,5.835682106018066,0.07692307692307693,0.48461538461538456,0.28,0.26478746284238447,-2.83149757906957e-06,90.0,0.26153846153846183,0.5384615384615384
380,GKTTAALALARELFG,inactive - virtual,inactive - virtual,0,Inactive,virtual,1,15,0.26666666666666666,0.0,0.0,0.06666666666666667,0.06666666666666667,0.13333333333333333,0.0,0.0,0.06666666666666667,0.2,0.0,0.0,0.0,0.0,0.06666666666666667,0.0,0.13333333333333333,0.0,0.0,0.0,1518.7559000000006,0.5560429176061352,8.74786014556885,0.06666666666666667,3.673333333333333,0.20666666666666667,0.1546888654274552,0.0006564565830019226,104.66666666666667,0.3706666666666666,0.5333333333333333
381,GKTTFVKRHLTG,inactive - virtual,inactive - virtual,0,Inactive,virtual,1,12,0.0,0.0,0.0,0.0,0.08333333333333333,0.16666666666666666,0.08333333333333333,0.0,0.16666666666666666,0.08333333333333333,0.0,0.0,0.0,0.0,0.08333333333333333,0.0,0.25,0.08333333333333333,0.0,0.0,1344.5616000000002,2.5890430051750513,11.16626262664795,0.08333333333333334,46.11666666666667,-0.14083333333333334,0.21005766994365574,0.002301124531445231,56.66666666666666,2.0475,0.25
382,GKTTILYRLQVG,inactive - virtual,inactive - virtual,0,Inactive,virtual,1,12,0.0,0.0,0.0,0.0,0.0,0.16666666666666666,0.0,0.08333333333333333,0.08333333333333333,0.16666666666666666,0.0,0.0,0.0,0.08333333333333333,0.08333333333333333,0.0,0.16666666666666666,0.08333333333333333,0.0,0.08333333333333333,1348.5899000000002,1.5524165639990049,9.994291877746583,0.08333333333333334,17.85833333333334,0.08083333333333333,0.08363019384292458,0.0014793228483082333,121.66666666666664,0.8841666666666668,0.3333333333333333
383,GLEKLEESIYRE,inactive - virtual,inactive - virtual,0,Inactive,virtual,1,12,0.0,0.0,0.0,0.3333333333333333,0.0,0.08333333333333333,0.0,0.08333333333333333,0.08333333333333333,0.16666666666666666,0.0,0.0,0.0,0.0,0.08333333333333333,0.08333333333333333,0.0,0.0,0.0,0.08333333333333333,1465.6039,-2.4410079055849208,4.687761878967284,0.08333333333333334,31.216666666666676,-0.2333333333333333,0.5992411431677725,-0.001364619509965134,97.49999999999999,2.9625,0.25
384,GLFDKVKSLVPKIAKAV,inactive - virtual,inactive - virtual,0,Inactive,virtual,1,17,0.11764705882352941,0.0,0.058823529411764705,0.0,0.058823529411764705,0.058823529411764705,0.0,0.058823529411764705,0.23529411764705882,0.11764705882352941,0.0,0.0,0.058823529411764705,0.0,0.0,0.058823529411764705,0.0,0.17647058823529413,0.0,0.0,1813.2311,2.547876981052811,10.00138339996338,0.05882352941176471,11.323529411764707,0.16823529411764707,0.579940556374063,0.0016522909267388762,131.76470588235293,-0.005882352941176476,0.5294117647058824
385,GLFDVIGSQAGGAAPHFLG,inactive - virtual,inactive - virtual,0,Inactive,virtual,1,19,0.15789473684210525,0.0,0.05263157894736842,0.0,0.10526315789473684,0.2631578947368421,0.05263157894736842,0.05263157894736842,0.0,0.10526315789473684,0.0,0.0,0.05263157894736842,0.05263157894736842,0.0,0.05263157894736842,0.0,0.05263157894736842,0.0,0.0,1814.0053000000003,-1.4054742071019986,5.076711082458496,0.10526315789473685,32.81052631578947,0.48157894736842105,0.2072982419443165,-0.000498894713921092,92.63157894736841,-0.6615789473684209,0.47368421052631576
386,GLFKLIKFAKKKSPGAF,inactive - virtual,inactive - virtual,0,Inactive,virtual,1,17,0.11764705882352941,0.0,0.0,0.0,0.17647058823529413,0.11764705882352941,0.0,0.058823529411764705,0.29411764705882354,0.11764705882352941,0.0,0.0,0.058823529411764705,0.0,0.0,0.058823529411764705,0.0,0.0,0.0,0.0,1880.3219,4.5449249042305215,10.602486610412598,0.17647058823529413,11.435294117647057,0.1082352941176471,0.3802403506658681,0.002656448602107077,80.58823529411764,0.11470588235294106,0.47058823529411764
387,GLGKIIGKVKKSLLKSI,inactive - virtual,inactive - virtual,0,Inactive,virtual,1,17,0.0,0.0,0.0,0.0,0.0,0.17647058823529413,0.0,0.17647058823529413,0.29411764705882354,0.17647058823529413,0.0,0.0,0.0,0.0,0.0,0.11764705882352941,0.0,0.058823529411764705,0.0,0.0,1782.2619,4.5449249042305215,10.602486610412598,0.0,-17.25294117647059,0.12823529411764703,0.5700377881752207,0.0028026056658082108,154.7058823529412,-0.10764705882352939,0.4117647058823529
388,GLGLVLKIAVNAFLKLVA,inactive - virtual,inactive - virtual,0,Inactive,virtual,1,18,0.16666666666666666,0.0,0.0,0.0,0.05555555555555555,0.1111111111111111,0.0,0.05555555555555555,0.1111111111111111,0.2777777777777778,0.0,0.05555555555555555,0.0,0.0,0.0,0.0,0.0,0.16666666666666666,0.0,0.0,1839.3112,1.552441682232378,10.002737236022949,0.05555555555555555,-9.422222222222222,0.58,0.330250610350481,0.0010846399756431727,195.0,-1.8994444444444438,0.7222222222222222
389,GLLDIAGGNAETLAGHAV,inactive - virtual,inactive - virtual,0,Inactive,virtual,1,18,0.2222222222222222,0.0,0.05555555555555555,0.05555555555555555,0.0,0.2222222222222222,0.05555555555555555,0.05555555555555555,0.0,0.16666666666666666,0.0,0.05555555555555555,0.0,0.0,0.0,0.0,0.05555555555555555,0.05555555555555555,0.0,0.0,1678.8407000000002,-2.404353446162154,4.353093910217285,0.0,11.583333333333334,0.4072222222222222,0.17633317085241085,-0.001133514012568127,124.99999999999999,-0.29555555555555546,0.5
390,GLNAELTRYTLSLMVLERKLSSA,inactive - virtual,inactive - virtual,0,Inactive,virtual,1,23,0.08695652173913043,0.0,0.0,0.08695652173913043,0.0,0.043478260869565216,0.0,0.0,0.043478260869565216,0.2608695652173913,0.043478260869565216,0.043478260869565216,0.0,0.0,0.08695652173913043,0.13043478260869565,0.08695652173913043,0.043478260869565216,0.0,0.043478260869565216,2565.9822,0.5546329676453201,8.588945579528808,0.043478260869565216,7.2782608695652184,0.04000000000000003,0.2638053873463665,0.0003889337058990877,123.04347826086955,1.3330434782608696,0.43478260869565216
391,GLTSLMAIDKL,inactive - virtual,inactive - virtual,0,Inactive,virtual,1,11,0.09090909090909091,0.0,0.09090909090909091,0.0,0.0,0.09090909090909091,0.0,0.09090909090909091,0.09090909090909091,0.2727272727272727,0.09090909090909091,0.0,0.0,0.0,0.0,0.09090909090909091,0.09090909090909091,0.0,0.0,0.0,1161.4117999999999,-0.4446062409453315,5.835682106018066,0.0,4.872727272727272,0.3463636363636364,0.29068218320295797,-3.444059857760328e-06,150.9090909090909,-0.4127272727272727,0.5454545454545454
392,GLWAIAVKAGKVILKLIVFIWIRV,inactive - virtual,inactive - virtual,0,Inactive,virtual,1,24,0.125,0.0,0.0,0.0,0.041666666666666664,0.08333333333333333,0.0,0.20833333333333334,0.125,0.125,0.0,0.0,0.0,0.0,0.041666666666666664,0.0,0.0,0.16666666666666666,0.08333333333333333,0.0,2707.4325999999996,3.549910971331719,11.263867759704592,0.125,2.325,0.5558333333333333,0.33165897421595913,0.0014755636320657151,190.83333333333331,-1.620833333333333,0.6666666666666666
393,GLWKSLGAVVKRVEGLWVGLF,inactive - virtual,inactive - virtual,0,Inactive,virtual,1,21,0.047619047619047616,0.0,0.0,0.047619047619047616,0.047619047619047616,0.19047619047619047,0.0,0.0,0.09523809523809523,0.19047619047619047,0.0,0.0,0.0,0.0,0.047619047619047616,0.047619047619047616,0.0,0.19047619047619047,0.09523809523809523,0.0,2314.768,1.553537324938849,9.994291877746583,0.14285714285714285,34.1,0.3685714285714286,0.40270578121086553,0.0008627207022727961,134.28571428571428,-0.6104761904761904,0.47619047619047616
394,GNFADLLAHSDGLIKNISDDLRALDKLI,inactive - virtual,inactive - virtual,0,Inactive,virtual,1,28,0.10714285714285714,0.0,0.17857142857142858,0.0,0.03571428571428571,0.07142857142857142,0.03571428571428571,0.10714285714285714,0.07142857142857142,0.21428571428571427,0.0,0.07142857142857142,0.0,0.0,0.03571428571428571,0.07142857142857142,0.0,0.0,0.0,0.0,3038.4102000000003,-2.4087245740499243,4.664969444274903,0.03571428571428572,8.653571428571425,0.0892857142857143,0.4204906217264806,-0.000626312359713272,136.07142857142856,1.4210714285714283,0.4642857142857143
395,GNYLRAEILYRLK,inactive - virtual,inactive - virtual,0,Inactive,virtual,1,13,0.07692307692307693,0.0,0.0,0.07692307692307693,0.0,0.07692307692307693,0.0,0.07692307692307693,0.07692307692307693,0.23076923076923078,0.0,0.07692307692307693,0.0,0.0,0.15384615384615385,0.0,0.0,0.0,0.0,0.15384615384615385,1608.8816,1.5510066140381902,9.696641349792483,0.15384615384615385,27.607692307692314,-0.13076923076923075,0.11656218724862742,0.0012399930386355726,127.6923076923077,2.0530769230769232,0.38461538461538464
396,GPDMTAMVALIASV,inactive - virtual,inactive - virtual,0,Inactive,virtual,1,14,0.21428571428571427,0.0,0.07142857142857142,0.0,0.0,0.07142857142857142,0.0,0.07142857142857142,0.0,0.07142857142857142,0.14285714285714285,0.0,0.07142857142857142,0.0,0.0,0.07142857142857142,0.07142857142857142,0.14285714285714285,0.0,0.0,1375.6532999999997,-1.4421006482780456,4.0500284194946286,0.0,1.842857142857143,0.5221428571428571,0.1641131453540669,-0.0007298314990622683,118.57142857142856,-1.0214285714285711,0.6428571428571429
397,GPKDAVVKVFNQWG,inactive - virtual,inactive - virtual,0,Inactive,virtual,1,14,0.07142857142857142,0.0,0.07142857142857142,0.0,0.07142857142857142,0.14285714285714285,0.0,0.0,0.14285714285714285,0.0,0.0,0.07142857142857142,0.07142857142857142,0.07142857142857142,0.0,0.0,0.0,0.21428571428571427,0.07142857142857142,0.0,1544.7515,0.5528881663873828,8.59094409942627,0.14285714285714288,-11.62857142857143,0.10571428571428575,0.38716398006100083,0.0006447603511225044,69.28571428571428,0.777142857142857,0.35714285714285715
398,GPKKAQLIVGWRELHG,inactive - virtual,inactive - virtual,0,Inactive,virtual,1,16,0.0625,0.0,0.0,0.0625,0.0,0.1875,0.0625,0.0625,0.125,0.125,0.0,0.0,0.0625,0.0625,0.0625,0.0,0.0,0.0625,0.0625,0.0,1789.0888000000004,1.590163766114896,9.99435634613037,0.0625,-0.006249999999999867,0.012500000000000039,0.05587576574671233,0.0011715453107445685,97.5,1.079375,0.3125
399,GSDFLIHFIDE,inactive - virtual,inactive - virtual,0,Inactive,virtual,1,11,0.0,0.0,0.18181818181818182,0.09090909090909091,0.18181818181818182,0.09090909090909091,0.09090909090909091,0.18181818181818182,0.0,0.09090909090909091,0.0,0.0,0.0,0.0,0.0,0.09090909090909091,0.0,0.0,0.0,0.0,1292.3924,-3.4018144753504522,4.310578346252441,0.18181818181818182,4.027272727272728,0.3327272727272726,0.44607880433748553,-0.002246208604147323,106.36363636363636,0.968181818181818,0.45454545454545453
400,GSHANEFFFRA,inactive - virtual,inactive - virtual,0,Inactive,virtual,1,11,0.18181818181818182,0.0,0.0,0.09090909090909091,0.2727272727272727,0.09090909090909091,0.09090909090909091,0.0,0.0,0.0,0.0,0.09090909090909091,0.0,0.0,0.09090909090909091,0.09090909090909091,0.0,0.0,0.0,0.0,1282.3627000000001,-0.40482504855053225,6.749653053283692,0.2727272727272727,9.09090909090909,0.06545454545454542,0.46586410590948346,7.48613894585806e-05,18.181818181818183,2.084545454545454,0.45454545454545453
401,GTLRHAANAAFIMLEAAEL,inactive - virtual,inactive - virtual,0,Inactive,virtual,1,19,0.3157894736842105,0.0,0.0,0.10526315789473684,0.05263157894736842,0.05263157894736842,0.05263157894736842,0.05263157894736842,0.0,0.15789473684210525,0.05263157894736842,0.05263157894736842,0.0,0.0,0.05263157894736842,0.0,0.05263157894736842,0.0,0.0,0.0,1999.2937000000002,-1.403704287610688,5.399499702453612,0.052631578947368425,25.27894736842105,0.29105263157894734,0.2493745618568302,-0.00045165808032811484,113.68421052631578,0.29473684210526313,0.631578947368421
402,GTTTAVIIAGGLLQQAQGLIN,inactive - virtual,inactive - virtual,0,Inactive,virtual,1,21,0.14285714285714285,0.0,0.0,0.0,0.0,0.19047619047619047,0.0,0.14285714285714285,0.0,0.14285714285714285,0.0,0.047619047619047616,0.0,0.14285714285714285,0.0,0.0,0.14285714285714285,0.047619047619047616,0.0,0.0,2039.3327000000004,-0.4425471324330503,5.525000190734862,0.0,36.05238095238096,0.4238095238095238,0.23483901091470616,-1.961418890425334e-06,139.52380952380952,-0.5609523809523812,0.47619047619047616
403,GVSGLAAARQLQSF,inactive - virtual,inactive - virtual,0,Inactive,virtual,1,14,0.21428571428571427,0.0,0.0,0.0,0.07142857142857142,0.14285714285714285,0.0,0.0,0.0,0.14285714285714285,0.0,0.0,0.0,0.14285714285714285,0.07142857142857142,0.14285714285714285,0.0,0.07142857142857142,0.0,0.0,1404.5703,0.5574277493335762,9.750021171569824,0.07142857142857144,77.71428571428571,0.19714285714285712,0.2636539449754417,0.0007091087727292145,97.85714285714285,0.6164285714285713,0.5
404,GWQNELLLLLRYLDEN,inactive - virtual,inactive - virtual,0,Inactive,virtual,1,16,0.0,0.0,0.0625,0.125,0.0,0.0625,0.0,0.0,0.0,0.375,0.0,0.125,0.0,0.0625,0.0625,0.0,0.0,0.0,0.0625,0.0625,1989.2308000000003,-2.4423898372990154,4.1373899459838865,0.125,24.4125,0.05375000000000002,0.3755424108937165,-0.001006414510064145,146.25,1.464375,0.375
405,GYKKVSKSYTGEWKKYLNSL,inactive - virtual,inactive - virtual,0,Inactive,virtual,1,20,0.0,0.0,0.0,0.05,0.0,0.1,0.0,0.0,0.25,0.1,0.0,0.05,0.0,0.0,0.0,0.15,0.05,0.05,0.05,0.15,2379.7075,3.5385288871685088,9.779354286193847,0.2,-18.765,-0.18799999999999997,0.4326730352951128,0.0016783487132940012,53.5,1.815,0.15
406,HAHASAIAKAYASEIAFEAANQAIQIHG,inactive - virtual,inactive - virtual,0,Inactive,virtual,1,28,0.35714285714285715,0.0,0.0,0.07142857142857142,0.03571428571428571,0.03571428571428571,0.10714285714285714,0.14285714285714285,0.03571428571428571,0.0,0.0,0.03571428571428571,0.0,0.07142857142857142,0.0,0.07142857142857142,0.0,0.0,0.0,0.03571428571428571,2891.1567999999997,-1.3354374723597922,6.265839576721191,0.07142857142857144,26.835714285714285,0.23999999999999996,0.07770282266788917,-0.000244191797784288,91.42857142857142,0.5753571428571427,0.5357142857142857
407,HALRTIVFELLTRH,inactive - virtual,inactive - virtual,0,Inactive,virtual,1,14,0.07142857142857142,0.0,0.0,0.07142857142857142,0.07142857142857142,0.0,0.14285714285714285,0.07142857142857142,0.0,0.21428571428571427,0.0,0.0,0.0,0.0,0.14285714285714285,0.0,0.14285714285714285,0.07142857142857142,0.0,0.0,1706.0002000000002,0.6317762743921409,9.611736488342284,0.07142857142857144,30.735714285714288,0.07000000000000002,0.24218992105197226,0.0007004689331770223,139.28571428571428,1.614285714285714,0.5
408,HDKHIEIVVRQM,inactive - virtual,inactive - virtual,0,Inactive,virtual,1,12,0.0,0.0,0.08333333333333333,0.08333333333333333,0.0,0.0,0.16666666666666666,0.16666666666666666,0.08333333333333333,0.0,0.08333333333333333,0.0,0.0,0.08333333333333333,0.08333333333333333,0.0,0.0,0.16666666666666666,0.0,0.0,1504.7556999999995,-0.37025771588676637,6.922500419616699,0.0,100.35000000000001,-0.13749999999999998,0.5130873653633777,0.0001295887716313565,113.33333333333331,2.549166666666667,0.4166666666666667
409,HDLVTDGLITLYIETK,inactive - virtual,inactive - virtual,0,Inactive,virtual,1,16,0.0,0.0,0.125,0.0625,0.0,0.0625,0.0625,0.125,0.0625,0.1875,0.0,0.0,0.0,0.0,0.0,0.0,0.1875,0.0625,0.0,0.0625,1831.0709000000006,-2.408918147341721,4.536456489562989,0.0625,31.531249999999996,0.209375,0.17879089369161416,-0.0010398234921467112,140.0,0.795625,0.375
410,HFGSLLLLAAWLAEN,inactive - virtual,inactive - virtual,0,Inactive,virtual,1,15,0.2,0.0,0.0,0.06666666666666667,0.06666666666666667,0.06666666666666667,0.06666666666666667,0.0,0.0,0.3333333333333333,0.0,0.06666666666666667,0.0,0.0,0.0,0.06666666666666667,0.0,0.0,0.06666666666666667,0.0,1654.9052000000001,-1.4047999303171586,5.240236854553221,0.13333333333333333,10.646666666666667,0.5166666666666666,0.19878720296999225,-0.000546253270570605,149.99999999999997,-0.9846666666666664,0.6
411,HGLVKAGHPLKRKLGH,inactive - virtual,inactive - virtual,0,Inactive,virtual,1,16,0.0625,0.0,0.0,0.0,0.0,0.1875,0.1875,0.0,0.1875,0.1875,0.0,0.0,0.0625,0.0,0.0625,0.0,0.0,0.0625,0.0,0.0,1748.0866000000003,3.6597902948598597,11.263932228088382,0.0,9.056250000000002,-0.10124999999999998,0.4826549600408846,0.002455251159837308,97.5,1.3824999999999998,0.3125
412,HHKAYVDGANTALDKLAEARDK,inactive - virtual,inactive - virtual,0,Inactive,virtual,1,22,0.22727272727272727,0.0,0.13636363636363635,0.045454545454545456,0.0,0.045454545454545456,0.09090909090909091,0.0,0.13636363636363635,0.09090909090909091,0.0,0.045454545454545456,0.0,0.0,0.045454545454545456,0.0,0.045454545454545456,0.045454545454545456,0.0,0.045454545454545456,2423.6394,-0.37688152557861443,6.92272777557373,0.045454545454545456,-5.818181818181818,-0.2240909090909091,0.29169840730659513,8.045716171889505e-05,71.36363636363637,2.6972727272727273,0.36363636363636365
413,HKEMAKAFEEW,inactive - virtual,inactive - virtual,0,Inactive,virtual,1,11,0.18181818181818182,0.0,0.0,0.2727272727272727,0.09090909090909091,0.0,0.09090909090909091,0.0,0.18181818181818182,0.0,0.09090909090909091,0.0,0.0,0.0,0.0,0.0,0.0,0.0,0.09090909090909091,0.0,1405.5767000000003,-1.4075695937720414,5.497887992858886,0.18181818181818182,57.80909090909091,-0.15727272727272726,0.5733299715517355,-0.0006417279699483488,18.181818181818183,2.264545454545454,0.36363636363636365
414,HLDLINMMSRLAREELVHHEQVLRLMKRR,inactive - virtual,inactive - virtual,0,Inactive,virtual,1,29,0.034482758620689655,0.0,0.034482758620689655,0.10344827586206896,0.0,0.0,0.10344827586206896,0.034482758620689655,0.034482758620689655,0.20689655172413793,0.10344827586206896,0.034482758620689655,0.0,0.034482758620689655,0.1724137931034483,0.034482758620689655,0.0,0.06896551724137931,0.0,0.0,3625.3035999999993,1.668509774235475,10.612801551818848,0.0,83.37241379310345,-0.2548275862068965,0.44377289888384086,0.0006336009886051125,117.58620689655172,3.0165517241379307,0.4482758620689655
415,HMKMRSQLLIVLQEHLRN,inactive - virtual,inactive - virtual,0,Inactive,virtual,1,18,0.0,0.0,0.0,0.05555555555555555,0.0,0.0,0.1111111111111111,0.05555555555555555,0.05555555555555555,0.2222222222222222,0.1111111111111111,0.05555555555555555,0.0,0.1111111111111111,0.1111111111111111,0.05555555555555555,0.0,0.05555555555555555,0.0,0.0,2246.7009,1.6292706817248552,10.835024070739745,0.0,95.9388888888889,-0.13999999999999999,0.25882861710667227,0.0009769841234516248,124.44444444444444,2.183333333333333,0.4444444444444444
416,HPAFIAHADRVLGGLDIAIST,inactive - virtual,inactive - virtual,0,Inactive,virtual,1,21,0.19047619047619047,0.0,0.09523809523809523,0.0,0.047619047619047616,0.09523809523809523,0.09523809523809523,0.14285714285714285,0.0,0.09523809523809523,0.0,0.0,0.047619047619047616,0.0,0.047619047619047616,0.047619047619047616,0.047619047619047616,0.047619047619047616,0.0,0.0,2174.4578,-1.36842640000432,5.978120613098144,0.047619047619047616,11.523809523809524,0.33,0.2520638402499912,-0.00037020685595504175,125.71428571428572,0.3290476190476193,0.5238095238095238
417,HPFYQALGQLARLTLAQWQAQL,inactive - virtual,inactive - virtual,0,Inactive,virtual,1,22,0.18181818181818182,0.0,0.0,0.0,0.045454545454545456,0.045454545454545456,0.045454545454545456,0.0,0.0,0.22727272727272727,0.0,0.0,0.045454545454545456,0.22727272727272727,0.045454545454545456,0.0,0.045454545454545456,0.0,0.045454545454545456,0.045454545454545456,2553.9131999999995,0.5915485978423374,8.75482273101807,0.13636363636363635,31.80954545454545,0.1659090909090909,0.28453000366085823,0.00042836110763062277,106.81818181818181,0.5409090909090909,0.45454545454545453
418,HQAAMQMLKETINEEAAEWDRLH,inactive - virtual,inactive - virtual,0,Inactive,virtual,1,23,0.17391304347826086,0.0,0.043478260869565216,0.17391304347826086,0.0,0.0,0.08695652173913043,0.043478260869565216,0.043478260869565216,0.08695652173913043,0.08695652173913043,0.043478260869565216,0.0,0.08695652173913043,0.043478260869565216,0.0,0.043478260869565216,0.0,0.043478260869565216,0.0,2752.0464999999995,-3.366895433067233,4.923814201354979,0.043478260869565216,6.956521739130435,-0.13130434782608694,0.32952729967315414,-0.0010177867407932268,68.26086956521738,2.478695652173913,0.391304347826087
419,HSATRAAMLVRINT,inactive - virtual,inactive - virtual,0,Inactive,virtual,1,14,0.21428571428571427,0.0,0.0,0.0,0.0,0.0,0.07142857142857142,0.07142857142857142,0.0,0.07142857142857142,0.07142857142857142,0.07142857142857142,0.0,0.0,0.14285714285714285,0.07142857142857142,0.14285714285714285,0.07142857142857142,0.0,0.0,1540.7896,1.5940290722762493,11.999967765808105,0.0,3.2214285714285715,-0.0257142857142857,0.20575306643937402,0.001359692105997573,97.85714285714285,2.001428571428572,0.5
420,HSDWISNANKVRVIYWQMT,inactive - virtual,inactive - virtual,0,Inactive,virtual,1,19,0.05263157894736842,0.0,0.05263157894736842,0.0,0.0,0.0,0.05263157894736842,0.10526315789473684,0.05263157894736842,0.0,0.05263157894736842,0.10526315789473684,0.0,0.05263157894736842,0.05263157894736842,0.10526315789473684,0.05263157894736842,0.10526315789473684,0.10526315789473684,0.05263157894736842,2348.6369999999997,0.5894894893300564,8.597133064270022,0.15789473684210528,10.494736842105263,0.0010526315789473831,0.1593035084974929,0.00046580148511478987,76.84210526315789,1.8652631578947372,0.3157894736842105
421,HSRRGLLKMVGKRRRLLAYLRNK,inactive - virtual,inactive - virtual,0,Inactive,virtual,1,23,0.043478260869565216,0.0,0.0,0.0,0.0,0.08695652173913043,0.043478260869565216,0.0,0.13043478260869565,0.21739130434782608,0.043478260869565216,0.043478260869565216,0.0,0.0,0.2608695652173913,0.043478260869565216,0.0,0.043478260869565216,0.0,0.043478260869565216,2822.4343000000003,8.583906228673612,11.999967765808105,0.043478260869565216,130.2695652173913,-0.5121739130434783,0.30169464445034294,0.003221680531738496,101.73913043478261,3.7534782608695645,0.34782608695652173
422,HTFLDDIVGAIAAAAASRLAHSYHD,inactive - virtual,inactive - virtual,0,Inactive,virtual,1,25,0.28,0.0,0.12,0.0,0.04,0.04,0.12,0.08,0.0,0.08,0.0,0.0,0.0,0.0,0.04,0.08,0.04,0.04,0.0,0.04,2622.8446,-2.3325897560484963,5.744057655334472,0.08,10.576000000000002,0.2228,0.10231728875440309,-0.0006508187658463123,102.0,0.9704000000000002,0.52
423,HVVDEKARLIYED,inactive - virtual,inactive - virtual,0,Inactive,virtual,1,13,0.07692307692307693,0.0,0.15384615384615385,0.15384615384615385,0.0,0.0,0.07692307692307693,0.07692307692307693,0.07692307692307693,0.07692307692307693,0.0,0.0,0.0,0.0,0.07692307692307693,0.0,0.0,0.15384615384615385,0.0,0.07692307692307693,1586.7437,-2.406553193343192,4.900396537780761,0.07692307692307693,6.684615384615386,-0.16153846153846152,0.4279392345854334,-0.0011986765400976839,112.3076923076923,2.8153846153846156,0.38461538461538464
424,HWDKVADMVANFAHEIDTYG,inactive - virtual,inactive - virtual,0,Inactive,virtual,1,20,0.15,0.0,0.15,0.05,0.05,0.05,0.1,0.05,0.05,0.0,0.05,0.05,0.0,0.0,0.0,0.0,0.05,0.1,0.05,0.05,2319.5064000000007,-3.37184522201067,4.63615207672119,0.15000000000000002,-18.565,0.11400000000000002,0.47116500779752596,-0.0012093071381455566,63.5,1.508,0.4
425,IAMVNGLMGVLDKLAHLIDE,inactive - virtual,inactive - virtual,0,Inactive,virtual,1,20,0.1,0.0,0.1,0.05,0.0,0.1,0.05,0.1,0.05,0.2,0.1,0.05,0.0,0.0,0.0,0.0,0.0,0.1,0.0,0.0,2152.5762999999997,-2.4043200680177383,4.8100793838500975,0.0,-10.75,0.383,0.39992434398376764,-0.0008840554125746779,156.0,-0.3350000000000002,0.6
426,IASEFKNIATNS,inactive - virtual,inactive - virtual,0,Inactive,virtual,1,12,0.16666666666666666,0.0,0.0,0.08333333333333333,0.08333333333333333,0.0,0.0,0.16666666666666666,0.08333333333333333,0.0,0.0,0.16666666666666666,0.0,0.0,0.0,0.16666666666666666,0.08333333333333333,0.0,0.0,0.0,1294.4100999999998,-0.4439319641604915,6.0014245986938475,0.08333333333333334,36.78333333333334,0.08583333333333333,0.45032165286836756,-2.317658238116207e-06,81.66666666666666,1.5474999999999997,0.4166666666666667
427,IDDLRVIARENLERRRK,inactive - virtual,inactive - virtual,0,Inactive,virtual,1,17,0.058823529411764705,0.0,0.11764705882352941,0.11764705882352941,0.0,0.0,0.0,0.11764705882352941,0.058823529411764705,0.11764705882352941,0.0,0.058823529411764705,0.0,0.0,0.29411764705882354,0.0,0.0,0.058823529411764705,0.0,0.0,2152.4608000000003,1.5579561739224959,10.61267261505127,0.0,88.12941176470588,-0.6670588235294118,0.3282392903850866,0.000928704830751791,114.70588235294116,5.430588235294118,0.35294117647058826
428,IDDSVNNLIPFMQKH,inactive - virtual,inactive - virtual,0,Inactive,virtual,1,15,0.0,0.0,0.13333333333333333,0.0,0.06666666666666667,0.0,0.06666666666666667,0.13333333333333333,0.06666666666666667,0.06666666666666667,0.06666666666666667,0.13333333333333333,0.06666666666666667,0.06666666666666667,0.0,0.06666666666666667,0.0,0.06666666666666667,0.0,0.0,1771.0022,-1.4075333156142795,5.210851097106932,0.06666666666666667,28.066666666666666,0.04466666666666668,0.4961086531802058,-0.0005110078429822531,97.33333333333333,1.7160000000000002,0.4
429,IEEATEFYENDV,inactive - virtual,inactive - virtual,0,Inactive,virtual,1,12,0.08333333333333333,0.0,0.08333333333333333,0.3333333333333333,0.08333333333333333,0.0,0.0,0.08333333333333333,0.0,0.0,0.0,0.08333333333333333,0.0,0.0,0.0,0.0,0.08333333333333333,0.08333333333333333,0.0,0.08333333333333333,1458.4787,-5.440123197185954,4.0500284194946286,0.16666666666666669,109.88416666666669,-0.009166666666666656,0.3945188088546699,-0.003427541001590697,64.99999999999999,2.6300000000000003,0.3333333333333333
430,IEFRKAFLKIL,inactive - virtual,inactive - virtual,0,Inactive,virtual,1,11,0.09090909090909091,0.0,0.0,0.09090909090909091,0.18181818181818182,0.0,0.0,0.18181818181818182,0.18181818181818182,0.18181818181818182,0.0,0.0,0.0,0.0,0.09090909090909091,0.0,0.0,0.0,0.0,0.0,1377.7155,1.553537324938849,9.994291877746583,0.18181818181818182,51.10909090909091,0.1618181818181818,0.4515629333361362,0.0014494962691983858,150.90909090909093,0.489090909090909,0.6363636363636364
431,IGVQQHADKVQRALGEAIDD,inactive - virtual,inactive - virtual,0,Inactive,virtual,1,20,0.15,0.0,0.15,0.05,0.0,0.1,0.05,0.1,0.05,0.05,0.0,0.0,0.0,0.15,0.05,0.0,0.0,0.1,0.0,0.0,2163.3474999999994,-2.4047218774607453,4.8285520553588865,0.0,2.6250000000000013,-0.0735,0.4778363980786226,-0.0008796501738037127,102.5,2.2284999999999995,0.4
432,IHNVVGKL,inactive - virtual,inactive - virtual,0,Inactive,virtual,1,8,0.0,0.0,0.0,0.0,0.0,0.125,0.125,0.125,0.125,0.125,0.0,0.125,0.0,0.0,0.0,0.0,0.0,0.25,0.0,0.0,879.058,0.5915737160757106,8.757208061218265,0.0,21.937499999999986,0.3125,0.6355077014117548,0.0012445111823993814,170.0,-0.25125000000000003,0.5
433,IKPLNNFAAEVGKIRDS,inactive - virtual,inactive - virtual,0,Inactive,virtual,1,17,0.11764705882352941,0.0,0.058823529411764705,0.058823529411764705,0.058823529411764705,0.058823529411764705,0.0,0.11764705882352941,0.11764705882352941,0.058823529411764705,0.0,0.11764705882352941,0.058823529411764705,0.0,0.058823529411764705,0.058823529411764705,0.0,0.058823529411764705,0.0,0.0,1872.1294000000003,0.5539838090938538,8.589977073669434,0.05882352941176471,-12.511764705882356,-0.049411764705882356,0.3853742888367007,0.0005325484875516123,97.64705882352939,1.8758823529411761,0.4117647058823529
434,IMELLGTVIQHEGIHQGQYYVALKQSG,inactive - virtual,inactive - virtual,0,Inactive,virtual,1,27,0.037037037037037035,0.0,0.0,0.07407407407407407,0.0,0.14814814814814814,0.07407407407407407,0.1111111111111111,0.037037037037037035,0.1111111111111111,0.037037037037037035,0.0,0.0,0.14814814814814814,0.0,0.037037037037037035,0.037037037037037035,0.07407407407407407,0.0,0.07407407407407407,3013.4253000000003,-1.3745695062031247,6.003243446350097,0.07407407407407407,31.574074074074073,0.22185185185185186,0.17121612731385266,-0.0002671365615376447,111.85185185185183,0.42148148148148146,0.37037037037037035
435,IPAAKINWDRDIEYMAGILEN,inactive - virtual,inactive - virtual,0,Inactive,virtual,1,21,0.14285714285714285,0.0,0.09523809523809523,0.09523809523809523,0.0,0.047619047619047616,0.0,0.19047619047619047,0.047619047619047616,0.047619047619047616,0.047619047619047616,0.09523809523809523,0.047619047619047616,0.0,0.047619047619047616,0.0,0.0,0.0,0.047619047619047616,0.047619047619047616,2432.7486000000004,-2.4444489458112963,4.316716957092285,0.09523809523809523,57.60476190476191,0.09666666666666664,0.2940016847216982,-0.0008225259480012331,107.14285714285714,1.3952380952380952,0.42857142857142855
436,IPAVANWIKRR,inactive - virtual,inactive - virtual,0,Inactive,virtual,1,11,0.18181818181818182,0.0,0.0,0.0,0.0,0.0,0.0,0.18181818181818182,0.09090909090909091,0.0,0.0,0.09090909090909091,0.09090909090909091,0.0,0.18181818181818182,0.0,0.0,0.09090909090909091,0.09090909090909091,0.0,1323.5887,2.554897038432917,11.999967765808105,0.09090909090909091,88.54545454545455,-0.11,0.4825617379827797,0.0022635408245755863,115.45454545454547,2.018181818181818,0.45454545454545453
437,IPEAKSFYGFQIMIENIHSETYSLLIDTYI,inactive - virtual,inactive - virtual,0,Inactive,virtual,1,30,0.03333333333333333,0.0,0.03333333333333333,0.1,0.06666666666666667,0.03333333333333333,0.03333333333333333,0.2,0.03333333333333333,0.06666666666666667,0.03333333333333333,0.03333333333333333,0.03333333333333333,0.03333333333333333,0.0,0.1,0.06666666666666667,0.0,0.0,0.1,3536.9962000000005,-3.412134294951609,4.396973609924316,0.16666666666666669,57.353666666666655,0.2783333333333333,0.10074373077736948,-0.0008207497292911244,107.33333333333333,0.5626666666666668,0.4
438,IRVNATKAYEMAL,inactive - virtual,inactive - virtual,0,Inactive,virtual,1,13,0.23076923076923078,0.0,0.0,0.07692307692307693,0.0,0.0,0.0,0.07692307692307693,0.07692307692307693,0.07692307692307693,0.07692307692307693,0.07692307692307693,0.0,0.0,0.07692307692307693,0.0,0.07692307692307693,0.07692307692307693,0.0,0.07692307692307693,1479.7429,0.5535373249388496,8.589912605285647,0.07692307692307693,12.923076923076925,0.06076923076923077,0.24509557639288873,0.0006730912187276143,105.38461538461539,1.1515384615384616,0.5384615384615384
439,KDAENHKAYLKSH,inactive - virtual,inactive - virtual,0,Inactive,virtual,1,13,0.15384615384615385,0.0,0.07692307692307693,0.07692307692307693,0.0,0.0,0.15384615384615385,0.0,0.23076923076923078,0.07692307692307693,0.0,0.07692307692307693,0.0,0.0,0.0,0.07692307692307693,0.0,0.0,0.0,0.07692307692307693,1540.6786999999997,0.6222506243447499,8.44601917266846,0.07692307692307693,20.915384615384614,-0.40769230769230774,0.21591965086941925,0.0007749774451706702,45.38461538461539,3.3184615384615372,0.23076923076923078
440,KDFETLKVDFLSKLPEMLKMFEDRL,inactive - virtual,inactive - virtual,0,Inactive,virtual,1,25,0.0,0.0,0.12,0.12,0.12,0.0,0.0,0.0,0.16,0.2,0.08,0.0,0.04,0.0,0.04,0.04,0.04,0.04,0.0,0.0,3073.6232,-1.4478928860510187,4.996511268615721,0.12,16.355999999999998,-0.08199999999999998,0.3910235445344501,-0.00032502285571132505,89.6,1.896,0.44
441,KDTVIEDIIDKTFEEAD,inactive - virtual,inactive - virtual,0,Inactive,virtual,1,17,0.058823529411764705,0.0,0.23529411764705882,0.17647058823529413,0.058823529411764705,0.0,0.0,0.17647058823529413,0.11764705882352941,0.0,0.0,0.0,0.0,0.0,0.0,0.0,0.11764705882352941,0.058823529411764705,0.0,0.0,1981.1147999999998,-5.4411407870360105,4.0500284194946286,0.05882352941176471,54.19411764705883,-0.10588235294117651,0.33323556613443783,-0.0025228153771603944,91.76470588235294,2.8211764705882354,0.35294117647058826
442,KEDIHRSLVEELTKISAKEK,inactive - virtual,inactive - virtual,0,Inactive,virtual,1,20,0.05,0.0,0.05,0.2,0.0,0.0,0.05,0.1,0.2,0.1,0.0,0.0,0.0,0.0,0.05,0.1,0.05,0.05,0.0,0.0,2353.6707,-0.41103865224513747,6.7727865219116214,0.0,59.324999999999996,-0.3225,0.3134100941920299,4.248665918901465e-05,97.5,3.0789999999999993,0.3
443,KEEGYFYFRSRLSQ,inactive - virtual,inactive - virtual,0,Inactive,virtual,1,14,0.0,0.0,0.0,0.14285714285714285,0.14285714285714285,0.07142857142857142,0.0,0.0,0.07142857142857142,0.07142857142857142,0.0,0.0,0.0,0.07142857142857142,0.14285714285714285,0.14285714285714285,0.0,0.0,0.0,0.14285714285714285,1809.9736999999998,0.5521273749780344,8.496240043640139,0.28571428571428575,108.69357142857143,-0.33499999999999996,0.06749579883331396,0.0005508348158543188,27.857142857142854,3.5578571428571424,0.21428571428571427
444,KEEVQKVLEDA,inactive - virtual,inactive - virtual,0,Inactive,virtual,1,11,0.09090909090909091,0.0,0.09090909090909091,0.2727272727272727,0.0,0.0,0.0,0.0,0.18181818181818182,0.09090909090909091,0.0,0.0,0.0,0.09090909090909091,0.0,0.0,0.0,0.18181818181818182,0.0,0.0,1287.416,-2.443749550793084,4.407318305969238,0.0,48.51818181818182,-0.2772727272727273,0.5335652217305129,-0.0015534945860713675,97.27272727272728,2.8163636363636364,0.36363636363636365
445,KEIAEKMVEGRMKKFTGEV,inactive - virtual,inactive - virtual,0,Inactive,virtual,1,19,0.05263157894736842,0.0,0.0,0.21052631578947367,0.05263157894736842,0.10526315789473684,0.0,0.05263157894736842,0.21052631578947367,0.0,0.10526315789473684,0.0,0.0,0.0,0.05263157894736842,0.0,0.05263157894736842,0.10526315789473684,0.0,0.0,2210.6160000000004,0.5518884224238114,8.430998039245608,0.052631578947368425,28.331578947368417,-0.20263157894736847,0.16683900033334953,0.0004528141426387167,56.315789473684205,2.2399999999999998,0.3684210526315789
446,KFLKKWEGIWATFKPALSAVV,inactive - virtual,inactive - virtual,0,Inactive,virtual,1,21,0.14285714285714285,0.0,0.0,0.047619047619047616,0.09523809523809523,0.047619047619047616,0.0,0.047619047619047616,0.19047619047619047,0.09523809523809523,0.0,0.0,0.047619047619047616,0.0,0.0,0.047619047619047616,0.047619047619047616,0.09523809523809523,0.09523809523809523,0.0,2419.9020999999993,2.548551257837651,10.00138339996338,0.19047619047619047,-1.4190476190476158,0.2528571428571429,0.4127173594913316,0.0012380625725750133,97.6190476190476,-0.23095238095238094,0.47619047619047616
447,KFLRFILKWFKVIFQ,inactive - virtual,inactive - virtual,0,Inactive,virtual,1,15,0.0,0.0,0.0,0.0,0.26666666666666666,0.0,0.0,0.13333333333333333,0.2,0.13333333333333333,0.0,0.0,0.0,0.06666666666666667,0.06666666666666667,0.0,0.0,0.06666666666666667,0.06666666666666667,0.0,2013.5136000000002,3.549910971331719,11.263867759704592,0.3333333333333333,13.673333333333332,0.2573333333333333,0.7788812900904672,0.0019840875680400493,123.33333333333333,-0.057333333333333354,0.6
448,KFLTKLKNIVANIRIWWVILL,inactive - virtual,inactive - virtual,0,Inactive,virtual,1,21,0.047619047619047616,0.0,0.0,0.0,0.047619047619047616,0.0,0.0,0.19047619047619047,0.14285714285714285,0.19047619047619047,0.0,0.09523809523809523,0.0,0.0,0.047619047619047616,0.0,0.047619047619047616,0.09523809523809523,0.09523809523809523,0.0,2582.2212999999997,3.549910971331719,11.263867759704592,0.14285714285714285,44.371428571428574,0.3347619047619047,0.3208555276221849,0.0015471123796098722,180.95238095238093,-0.45095238095238105,0.5714285714285714
449,KGQEYINNIHL,inactive - virtual,inactive - virtual,0,Inactive,virtual,1,11,0.0,0.0,0.0,0.09090909090909091,0.0,0.09090909090909091,0.09090909090909091,0.18181818181818182,0.09090909090909091,0.09090909090909091,0.0,0.18181818181818182,0.0,0.09090909090909091,0.0,0.0,0.0,0.0,0.0,0.09090909090909091,1328.4726,-0.40981111565173034,6.747777366638184,0.09090909090909091,70.04545454545455,-0.03727272727272724,0.364980178407385,7.151029748283753e-05,106.36363636363636,1.8436363636363637,0.2727272727272727
450,KHFDFLAEFNAKAND,inactive - virtual,inactive - virtual,0,Inactive,virtual,1,15,0.2,0.0,0.13333333333333333,0.06666666666666667,0.2,0.0,0.06666666666666667,0.0,0.13333333333333333,0.06666666666666667,0.0,0.13333333333333333,0.0,0.0,0.0,0.0,0.0,0.0,0.0,0.0,1766.9059000000002,-1.4076488360496624,5.4924314498901365,0.2,5.619999999999999,-0.06266666666666669,0.36354048260492655,-0.000511061683956738,46.0,2.2666666666666666,0.4666666666666667
451,KHHAAYVNNLNNALKK,inactive - virtual,inactive - virtual,0,Inactive,virtual,1,16,0.1875,0.0,0.0,0.0,0.0,0.0,0.125,0.0,0.1875,0.125,0.0,0.25,0.0,0.0,0.0,0.0,0.0,0.0625,0.0,0.0625,1835.0743000000002,2.6206833792499005,10.001447868347167,0.0625,4.06875,-0.18750000000000003,0.4443878337919169,0.001739433703162805,85.625,2.085,0.375
452,KIPDDLQADFNKFR,inactive - virtual,inactive - virtual,0,Inactive,virtual,1,14,0.07142857142857142,0.0,0.21428571428571427,0.0,0.14285714285714285,0.0,0.0,0.07142857142857142,0.14285714285714285,0.07142857142857142,0.0,0.07142857142857142,0.07142857142857142,0.07142857142857142,0.07142857142857142,0.0,0.0,0.0,0.0,0.0,1706.8954999999999,-0.44624398353598105,6.039222526550293,0.14285714285714288,24.528571428571432,-0.2992857142857143,0.46510464119896594,-1.7575722069248345e-06,62.85714285714285,3.3392857142857144,0.35714285714285715
453,KKAEAVATVVAAVDQARVR,inactive - virtual,inactive - virtual,0,Inactive,virtual,1,19,0.3157894736842105,0.0,0.05263157894736842,0.05263157894736842,0.0,0.0,0.0,0.0,0.10526315789473684,0.0,0.0,0.0,0.0,0.05263157894736842,0.10526315789473684,0.0,0.05263157894736842,0.2631578947368421,0.0,0.0,1982.2882,1.5539586908604806,9.98616886138916,0.0,1.5631578947368423,-0.06947368421052628,0.19931996117795284,0.0010074207103905081,107.89473684210526,1.7642105263157892,0.5789473684210527
454,KKDVKLILDTILETITEALAK,inactive - virtual,inactive - virtual,0,Inactive,virtual,1,21,0.09523809523809523,0.0,0.09523809523809523,0.09523809523809523,0.0,0.0,0.0,0.14285714285714285,0.19047619047619047,0.19047619047619047,0.0,0.0,0.0,0.0,0.0,0.0,0.14285714285714285,0.047619047619047616,0.0,0.0,2355.809,-0.44943501291249444,6.212922477722167,0.0,24.46666666666667,0.07190476190476187,0.39275632304474745,-4.2448064792726096e-07,153.33333333333331,0.8985714285714288,0.47619047619047616
455,KKEELQRSLNILTAF,inactive - virtual,inactive - virtual,0,Inactive,virtual,1,15,0.06666666666666667,0.0,0.0,0.13333333333333333,0.06666666666666667,0.0,0.0,0.06666666666666667,0.13333333333333333,0.2,0.0,0.06666666666666667,0.0,0.06666666666666667,0.06666666666666667,0.06666666666666667,0.06666666666666667,0.0,0.0,0.0,1790.0687000000003,0.5546580858786934,8.590106010437015,0.06666666666666667,124.22666666666665,-0.15466666666666676,0.29525359540093815,0.0005575200969794477,110.66666666666667,2.221333333333333,0.4
456,KKQELLEALTKHFQ,inactive - virtual,inactive - virtual,0,Inactive,virtual,1,14,0.07142857142857142,0.0,0.0,0.14285714285714285,0.07142857142857142,0.0,0.07142857142857142,0.0,0.21428571428571427,0.21428571428571427,0.0,0.0,0.0,0.14285714285714285,0.0,0.0,0.07142857142857142,0.0,0.0,0.0,1712.9863000000003,0.5888040526208282,8.505330085754395,0.07142857142857144,32.52142857142858,-0.21500000000000002,0.37931807501112924,0.0006404007028645818,90.71428571428571,2.073571428571429,0.35714285714285715
457,KKTAERLIVEMKDRFKG,inactive - virtual,inactive - virtual,0,Inactive,virtual,1,17,0.058823529411764705,0.0,0.058823529411764705,0.11764705882352941,0.058823529411764705,0.058823529411764705,0.0,0.058823529411764705,0.23529411764705882,0.058823529411764705,0.058823529411764705,0.0,0.0,0.0,0.11764705882352941,0.0,0.058823529411764705,0.058823529411764705,0.0,0.0,2049.4404000000004,2.550068266465753,9.992938041687015,0.05882352941176471,-13.852941176470587,-0.40529411764705886,0.42786188912061085,0.001462838629088922,68.8235294117647,3.234705882352941,0.35294117647058826
458,KKVKGYKRALTE,inactive - virtual,inactive - virtual,0,Inactive,virtual,1,12,0.08333333333333333,0.0,0.0,0.08333333333333333,0.0,0.08333333333333333,0.0,0.0,0.3333333333333333,0.08333333333333333,0.0,0.0,0.0,0.0,0.08333333333333333,0.0,0.08333333333333333,0.08333333333333333,0.0,0.08333333333333333,1420.6991,3.5481130335936886,10.171579933166505,0.08333333333333334,28.75833333333334,-0.4775,0.5526874343823128,0.0028126979657915113,64.99999999999999,2.910833333333334,0.25
459,KLDSRFDNNLGKFRFVLLLFV,inactive - virtual,inactive - virtual,0,Inactive,virtual,1,21,0.0,0.0,0.09523809523809523,0.0,0.19047619047619047,0.047619047619047616,0.0,0.0,0.09523809523809523,0.23809523809523808,0.0,0.09523809523809523,0.0,0.0,0.09523809523809523,0.047619047619047616,0.0,0.09523809523809523,0.0,0.0,2541.9851,1.553284414075641,9.98616886138916,0.19047619047619047,25.65714285714286,0.06857142857142857,0.2840723680839046,0.0007852115861982148,120.47619047619047,1.4057142857142861,0.5238095238095238
460,KLEEKFPQVAAT,inactive - virtual,inactive - virtual,0,Inactive,virtual,1,12,0.16666666666666666,0.0,0.0,0.16666666666666666,0.08333333333333333,0.0,0.0,0.0,0.16666666666666666,0.08333333333333333,0.0,0.0,0.08333333333333333,0.08333333333333333,0.0,0.0,0.08333333333333333,0.08333333333333333,0.0,0.0,1360.5543999999998,-0.44531679588793294,6.142555809020995,0.08333333333333334,55.075,-0.051666666666666666,0.43791167404482173,-1.469982948197801e-06,73.33333333333331,1.4391666666666667,0.4166666666666667
461,KLKELALIFISNLVAN,inactive - virtual,inactive - virtual,0,Inactive,virtual,1,16,0.125,0.0,0.0,0.0625,0.0625,0.0,0.0,0.125,0.125,0.25,0.0,0.125,0.0,0.0,0.0,0.0625,0.0,0.0625,0.0,0.0,1786.1626,0.5535624431722228,8.591073036193851,0.0625,-1.2375000000000003,0.32875,0.2206984114455915,0.0005581775530884518,176.875,-0.3481250000000002,0.625
462,KNIKRNVEKIIAQWDERTRK,inactive - virtual,inactive - virtual,0,Inactive,virtual,1,20,0.05,0.0,0.05,0.1,0.0,0.0,0.0,0.15,0.2,0.0,0.0,0.1,0.0,0.05,0.15,0.0,0.05,0.05,0.05,0.0,2525.9069000000004,3.5500431482323798,10.43306369781494,0.05,45.45,-0.5805,0.6009681361458235,0.0015827959032586277,78.0,4.3875,0.25
463,KPEEVEQIKLYVMSREYEDYMAR,inactive - virtual,inactive - virtual,0,Inactive,virtual,1,23,0.043478260869565216,0.0,0.043478260869565216,0.21739130434782608,0.0,0.0,0.0,0.043478260869565216,0.08695652173913043,0.043478260869565216,0.08695652173913043,0.0,0.043478260869565216,0.043478260869565216,0.08695652173913043,0.043478260869565216,0.0,0.08695652173913043,0.0,0.13043478260869565,2907.2771,-2.449075043381999,4.715101432800293,0.13043478260869565,86.05217391304348,-0.2665217391304348,0.17788202251883994,-0.0006875842712088275,63.47826086956521,2.9843478260869567,0.30434782608695654
464,KPEQYNIVGEHLLATLDEMFS,inactive - virtual,inactive - virtual,0,Inactive,virtual,1,21,0.047619047619047616,0.0,0.047619047619047616,0.14285714285714285,0.047619047619047616,0.047619047619047616,0.047619047619047616,0.047619047619047616,0.047619047619047616,0.14285714285714285,0.047619047619047616,0.047619047619047616,0.047619047619047616,0.047619047619047616,0.0,0.047619047619047616,0.047619047619047616,0.047619047619047616,0.0,0.047619047619047616,2434.7181,-3.4071231096170376,4.396973609924316,0.09523809523809523,25.44761904761905,0.10666666666666666,0.21628055815534813,-0.0011919186110985612,92.85714285714285,1.2309523809523806,0.38095238095238093
465,KPQELLSLIIERFE,inactive - virtual,inactive - virtual,0,Inactive,virtual,1,14,0.0,0.0,0.0,0.21428571428571427,0.07142857142857142,0.0,0.0,0.14285714285714285,0.07142857142857142,0.21428571428571427,0.0,0.0,0.07142857142857142,0.07142857142857142,0.07142857142857142,0.07142857142857142,0.0,0.0,0.0,0.0,1714.9988000000003,-1.4396230738574793,5.0095842361450185,0.07142857142857144,62.800000000000004,0.012142857142857138,0.4422275326894548,-0.0005830903790087463,139.28571428571425,1.5899999999999999,0.42857142857142855
466,KPQERADLISYLKEATS,inactive - virtual,inactive - virtual,0,Inactive,virtual,1,17,0.11764705882352941,0.0,0.058823529411764705,0.11764705882352941,0.0,0.0,0.0,0.058823529411764705,0.11764705882352941,0.11764705882352941,0.0,0.0,0.058823529411764705,0.058823529411764705,0.058823529411764705,0.11764705882352941,0.058823529411764705,0.0,0.0,0.058823529411764705,1949.1657,-0.44740102263358716,6.18063793182373,0.05882352941176471,17.647058823529413,-0.23058823529411768,0.08814564772525449,-1.026077766433918e-06,80.58823529411764,2.6488235294117644,0.29411764705882354
467,KPWLSVILFLIRERSR,inactive - virtual,inactive - virtual,0,Inactive,virtual,1,16,0.0,0.0,0.0,0.0625,0.0625,0.0,0.0,0.125,0.0625,0.1875,0.0,0.0,0.0625,0.0,0.1875,0.125,0.0,0.0625,0.0625,0.0,2013.4312000000004,2.555992681139388,11.711342811584473,0.125,62.112500000000004,-0.04812499999999999,0.38566509224701717,0.0014885046909999353,140.0,1.873125,0.4375
468,KQAEAEEFVQTLGQSLA,inactive - virtual,inactive - virtual,0,Inactive,virtual,1,17,0.17647058823529413,0.0,0.0,0.17647058823529413,0.058823529411764705,0.058823529411764705,0.0,0.0,0.058823529411764705,0.11764705882352941,0.0,0.0,0.0,0.17647058823529413,0.0,0.058823529411764705,0.058823529411764705,0.058823529411764705,0.0,0.0,1849.0034,-2.4416904422808026,4.25265941619873,0.05882352941176471,68.34117647058824,0.02000000000000004,0.2542414230133434,-0.0010816599153060287,80.58823529411764,1.4905882352941175,0.4117647058823529
469,KQLTAIAALAE,inactive - virtual,inactive - virtual,0,Inactive,virtual,1,11,0.36363636363636365,0.0,0.0,0.09090909090909091,0.0,0.0,0.0,0.09090909090909091,0.09090909090909091,0.18181818181818182,0.0,0.0,0.0,0.09090909090909091,0.0,0.0,0.09090909090909091,0.0,0.0,0.0,1128.3191000000002,-0.44183947750379504,6.217469596862792,0.0,30.581818181818182,0.2672727272727272,0.3183955093828917,-2.6588201928530916e-06,142.72727272727272,-0.13909090909090913,0.6363636363636364
470,KREIIHAVLTGLALDQLAEQ,inactive - virtual,inactive - virtual,0,Inactive,virtual,1,20,0.15,0.0,0.05,0.1,0.0,0.05,0.05,0.1,0.05,0.2,0.0,0.0,0.0,0.1,0.05,0.0,0.05,0.05,0.0,0.0,2218.5519,-1.4057633961229685,5.4454256057739245,0.0,46.98500000000001,0.10550000000000004,0.20547617795448211,-0.00040657002740516373,146.5,1.0594999999999999,0.5
471,KREVQNAILTGIQLDKLAED,inactive - virtual,inactive - virtual,0,Inactive,virtual,1,20,0.1,0.0,0.1,0.1,0.0,0.05,0.0,0.1,0.1,0.15,0.0,0.05,0.0,0.1,0.05,0.0,0.05,0.05,0.0,0.0,2254.5393999999997,-1.4431796345192387,4.942173194885252,0.0,28.08,-0.11949999999999998,0.37321082112612947,-0.00044399104034064437,122.0,2.208499999999999,0.4
472,KSEALAKMWGQRK,inactive - virtual,inactive - virtual,0,Inactive,virtual,1,13,0.15384615384615385,0.0,0.0,0.07692307692307693,0.0,0.07692307692307693,0.0,0.0,0.23076923076923078,0.07692307692307693,0.07692307692307693,0.0,0.0,0.07692307692307693,0.07692307692307693,0.07692307692307693,0.0,0.0,0.07692307692307693,0.0,1532.8089999999997,2.551031732271564,10.289686012268067,0.07692307692307693,41.14615384615385,-0.34615384615384615,0.1125930936518361,0.0019552325467605248,45.38461538461539,2.5507692307692307,0.3076923076923077
473,KTASTGFAELLKDRREQV,inactive - virtual,inactive - virtual,0,Inactive,virtual,1,18,0.1111111111111111,0.0,0.05555555555555555,0.1111111111111111,0.05555555555555555,0.05555555555555555,0.0,0.0,0.1111111111111111,0.1111111111111111,0.0,0.0,0.0,0.05555555555555555,0.1111111111111111,0.05555555555555555,0.1111111111111111,0.05555555555555555,0.0,0.0,2049.2880999999998,0.5550794518003253,8.589010047912598,0.05555555555555555,34.155555555555566,-0.2938888888888889,0.2929607702878657,0.00048748590975410995,70.55555555555554,3.107777777777778,0.3333333333333333
474,KTFRTTFKTLL,inactive - virtual,inactive - virtual,0,Inactive,virtual,1,11,0.0,0.0,0.0,0.0,0.18181818181818182,0.0,0.0,0.0,0.18181818181818182,0.18181818181818182,0.0,0.0,0.0,0.0,0.09090909090909091,0.0,0.36363636363636365,0.0,0.0,0.0,1355.624,2.5524165639990044,11.16626262664795,0.18181818181818182,17.863636363636363,-0.09999999999999996,0.6178345357549365,0.0022093048988293265,70.90909090909092,1.8636363636363635,0.36363636363636365
475,KVAEFERLFRQAAG,inactive - virtual,inactive - virtual,0,Inactive,virtual,1,14,0.21428571428571427,0.0,0.0,0.14285714285714285,0.14285714285714285,0.07142857142857142,0.0,0.0,0.07142857142857142,0.07142857142857142,0.0,0.0,0.0,0.07142857142857142,0.14285714285714285,0.0,0.0,0.07142857142857142,0.0,0.0,1621.8374000000001,0.5571385603126058,8.74566822052002,0.14285714285714288,16.97857142857143,-0.13499999999999998,0.5029282285487905,0.0006153504661372269,70.0,2.375714285714285,0.5
476,KVNRAVAAEIRNWTWVFLIW,inactive - virtual,inactive - virtual,0,Inactive,virtual,1,20,0.15,0.0,0.0,0.05,0.05,0.0,0.0,0.1,0.05,0.05,0.0,0.1,0.0,0.0,0.1,0.0,0.05,0.15,0.15,0.0,2472.8851,1.5560177993727615,10.835024070739745,0.2,-3.4049999999999985,0.192,0.3938188242598449,0.0008075571497316906,117.0,0.7885000000000001,0.5
477,KVRETREILDIIDTVYNS,inactive - virtual,inactive - virtual,0,Inactive,virtual,1,18,0.0,0.0,0.1111111111111111,0.1111111111111111,0.0,0.0,0.0,0.16666666666666666,0.05555555555555555,0.05555555555555555,0.0,0.05555555555555555,0.0,0.0,0.1111111111111111,0.05555555555555555,0.1111111111111111,0.1111111111111111,0.0,0.05555555555555555,2164.4151,-1.44447406404467,4.782910346984862,0.05555555555555555,13.58888888888889,-0.17111111111111113,0.4847510203357339,-0.0004624795557239352,118.88888888888889,3.000555555555555,0.3333333333333333
478,KVRGLIEIISN,inactive - virtual,inactive - virtual,0,Inactive,virtual,1,11,0.0,0.0,0.0,0.09090909090909091,0.0,0.09090909090909091,0.0,0.2727272727272727,0.09090909090909091,0.09090909090909091,0.0,0.09090909090909091,0.0,0.0,0.09090909090909091,0.09090909090909091,0.0,0.09090909090909091,0.0,0.0,1241.4799,0.5560429176061352,8.74786014556885,0.0,51.10909090909091,0.10727272727272728,0.549649197471756,0.0008030737506846666,168.1818181818182,1.1509090909090909,0.45454545454545453
479,KVSDILTVAIRLEEEGERFYRELS,inactive - virtual,inactive - virtual,0,Inactive,virtual,1,24,0.041666666666666664,0.0,0.041666666666666664,0.20833333333333334,0.041666666666666664,0.041666666666666664,0.0,0.08333333333333333,0.041666666666666664,0.125,0.0,0.0,0.0,0.0,0.125,0.08333333333333333,0.041666666666666664,0.08333333333333333,0.0,0.041666666666666664,2853.1868000000004,-2.4415833836135157,4.715101432800293,0.08333333333333334,44.63375,-0.13124999999999998,0.5307728331987102,-0.0007002688219151196,109.58333333333333,2.674166666666667,0.375
480,KVVDNFENILII,inactive - virtual,inactive - virtual,0,Inactive,virtual,1,12,0.0,0.0,0.08333333333333333,0.08333333333333333,0.08333333333333333,0.0,0.0,0.25,0.08333333333333333,0.08333333333333333,0.0,0.16666666666666666,0.0,0.0,0.0,0.0,0.0,0.16666666666666666,0.0,0.0,1416.6604,-1.4434854800054868,4.3702592849731445,0.08333333333333334,29.70833333333334,0.3333333333333333,0.4473940876293492,-0.0007072974461056287,178.3333333333333,0.3016666666666669,0.5833333333333334
481,KVWKGVKTIIADVWQV,inactive - virtual,inactive - virtual,0,Inactive,virtual,1,16,0.0625,0.0,0.0625,0.0,0.0,0.0625,0.0,0.125,0.1875,0.0,0.0,0.0,0.0,0.0625,0.0,0.0,0.0625,0.25,0.125,0.0,1870.2409000000002,1.5503825737200971,9.703023719787598,0.125,-13.05625,0.22625000000000003,0.5739601128086698,0.001067237000401016,127.5,0.004374999999999962,0.4375
482,KWEAEKIHIGFRQAY,inactive - virtual,inactive - virtual,0,Inactive,virtual,1,15,0.13333333333333333,0.0,0.0,0.13333333333333333,0.06666666666666667,0.06666666666666667,0.06666666666666667,0.13333333333333333,0.13333333333333333,0.0,0.0,0.0,0.0,0.06666666666666667,0.06666666666666667,0.0,0.0,0.0,0.06666666666666667,0.06666666666666667,1876.1213000000002,0.5887789343874545,8.504556465148926,0.2,54.03333333333333,-0.09600000000000002,0.3461923944910395,0.000584181266756568,65.33333333333333,2.018,0.3333333333333333
483,KWVRIWIKVLRGLFVWVWFF,inactive - virtual,inactive - virtual,0,Inactive,virtual,1,20,0.0,0.0,0.0,0.0,0.15,0.05,0.0,0.1,0.1,0.1,0.0,0.0,0.0,0.0,0.1,0.0,0.0,0.2,0.2,0.0,2679.298,3.552391445765631,11.999967765808105,0.35,-2.094999999999999,0.43600000000000005,0.5257447906917977,0.0014910610980479976,136.0,-0.7050000000000001,0.55
484,KYDHFAGRAYVRLHQD,inactive - virtual,inactive - virtual,0,Inactive,virtual,1,16,0.125,0.0,0.125,0.0,0.0625,0.0625,0.125,0.0,0.0625,0.0625,0.0,0.0,0.0,0.0625,0.125,0.0,0.0,0.0625,0.0,0.125,1976.1575000000003,0.6253010150525071,8.511003303527833,0.1875,29.731250000000003,-0.26937500000000003,0.44011339362477003,0.0006036960569994332,55.0,3.2168749999999995,0.3125
485,LADLQEQLYNG,inactive - virtual,inactive - virtual,0,Inactive,virtual,1,11,0.09090909090909091,0.0,0.09090909090909091,0.09090909090909091,0.0,0.09090909090909091,0.0,0.0,0.0,0.2727272727272727,0.0,0.09090909090909091,0.0,0.18181818181818182,0.0,0.0,0.0,0.0,0.0,0.09090909090909091,1263.3528999999996,-2.443485480005487,4.0500284194946286,0.09090909090909091,52.36363636363637,0.049090909090909136,0.4326685850236562,-0.0015854546605876395,115.45454545454544,1.4436363636363636,0.36363636363636365
486,LDAYINLGNVLKEA,inactive - virtual,inactive - virtual,0,Inactive,virtual,1,14,0.14285714285714285,0.0,0.07142857142857142,0.07142857142857142,0.0,0.07142857142857142,0.0,0.07142857142857142,0.07142857142857142,0.21428571428571427,0.0,0.14285714285714285,0.0,0.0,0.0,0.0,0.0,0.07142857142857142,0.0,0.07142857142857142,1532.7359,-1.4459910726727725,4.3702592849731445,0.07142857142857144,-2.8428571428571434,0.22,0.3891990144700328,-0.0006543836528047809,146.42857142857142,0.44428571428571434,0.5
487,LDEAATRSKAWMVDALA,inactive - virtual,inactive - virtual,0,Inactive,virtual,1,17,0.29411764705882354,0.0,0.11764705882352941,0.058823529411764705,0.0,0.0,0.0,0.0,0.058823529411764705,0.11764705882352941,0.058823529411764705,0.0,0.0,0.0,0.058823529411764705,0.058823529411764705,0.058823529411764705,0.058823529411764705,0.058823529411764705,0.0,1848.0849000000003,-1.443064114083855,4.558112144470216,0.05882352941176471,40.347058823529416,0.06352941176470592,0.27117446959124886,-0.0005421813872701005,92.35294117647058,1.3576470588235292,0.5294117647058824
488,LEARMKQFKDMLLER,inactive - virtual,inactive - virtual,0,Inactive,virtual,1,15,0.06666666666666667,0.0,0.06666666666666667,0.13333333333333333,0.06666666666666667,0.0,0.0,0.0,0.13333333333333333,0.2,0.13333333333333333,0.0,0.0,0.06666666666666667,0.13333333333333333,0.0,0.0,0.0,0.0,0.0,1908.2923999999998,0.5550794518003253,8.589010047912598,0.06666666666666667,10.046666666666667,-0.32199999999999995,0.22524721023786137,0.0005235025939317717,84.66666666666667,2.971333333333333,0.4666666666666667
489,LEEFDKVSKNVD,inactive - virtual,inactive - virtual,0,Inactive,virtual,1,12,0.0,0.0,0.16666666666666666,0.16666666666666666,0.08333333333333333,0.0,0.0,0.0,0.16666666666666666,0.08333333333333333,0.0,0.08333333333333333,0.0,0.0,0.0,0.08333333333333333,0.0,0.16666666666666666,0.0,0.0,1422.5359999999998,-2.443154516285865,4.49769229888916,0.08333333333333334,19.941666666666663,-0.22833333333333328,0.5951447038519267,-0.0014066388291366148,80.83333333333331,3.018333333333333,0.3333333333333333
490,LEPIKAWIEKR,inactive - virtual,inactive - virtual,0,Inactive,virtual,1,11,0.09090909090909091,0.0,0.0,0.18181818181818182,0.0,0.0,0.0,0.18181818181818182,0.18181818181818182,0.09090909090909091,0.0,0.0,0.09090909090909091,0.0,0.09090909090909091,0.0,0.0,0.0,0.09090909090909091,0.0,1382.6494,0.5546580858786934,8.590106010437015,0.09090909090909091,88.46363636363637,-0.13909090909090913,0.25937035746860465,0.000721802336093733,115.45454545454545,1.8854545454545453,0.36363636363636365
491,LEQVEFKLNQLLENL,inactive - virtual,inactive - virtual,0,Inactive,virtual,1,15,0.0,0.0,0.0,0.2,0.06666666666666667,0.0,0.0,0.0,0.06666666666666667,0.3333333333333333,0.0,0.13333333333333333,0.0,0.13333333333333333,0.0,0.0,0.0,0.06666666666666667,0.0,0.0,1830.0859999999998,-2.4416904422808026,4.25265941619873,0.06666666666666667,-3.5599999999999974,0.054666666666666704,0.4718724480325304,-0.0010928424285144448,149.33333333333331,1.248,0.4666666666666667
492,LHDAIHMAADNAV,inactive - virtual,inactive - virtual,0,Inactive,virtual,1,13,0.3076923076923077,0.0,0.15384615384615385,0.0,0.0,0.0,0.15384615384615385,0.07692307692307693,0.0,0.07692307692307693,0.07692307692307693,0.07692307692307693,0.0,0.0,0.0,0.0,0.0,0.07692307692307693,0.0,0.0,1377.5251,-2.3684012817709466,5.048518943786621,0.0,21.684615384615384,0.2569230769230769,0.3994090188587212,-0.0013103162907522885,113.07692307692308,0.7638461538461538,0.6153846153846154
493,LKRAEALIHLANAALE,inactive - virtual,inactive - virtual,0,Inactive,virtual,1,16,0.3125,0.0,0.0,0.125,0.0,0.0,0.0625,0.0625,0.0625,0.25,0.0,0.0625,0.0,0.0,0.0625,0.0,0.0,0.0,0.0,0.0,1733.0207000000005,-0.40411739362127674,6.771536064147949,0.0,32.15625,0.14000000000000004,0.3376428658113105,5.597165641481345e-05,153.125,0.7337500000000001,0.625
494,LKYVGMVLNEALRLW,inactive - virtual,inactive - virtual,0,Inactive,virtual,1,15,0.06666666666666667,0.0,0.0,0.06666666666666667,0.0,0.06666666666666667,0.0,0.0,0.06666666666666667,0.26666666666666666,0.06666666666666667,0.06666666666666667,0.0,0.0,0.06666666666666667,0.0,0.0,0.13333333333333333,0.06666666666666667,0.06666666666666667,1805.1906,0.5535373249388496,8.589912605285647,0.13333333333333333,26.64,0.25933333333333336,0.5949592066087306,0.0005517424758612667,149.33333333333331,-0.0753333333333335,0.5333333333333333
495,LLNIRREFIEKY,inactive - virtual,inactive - virtual,0,Inactive,virtual,1,12,0.0,0.0,0.0,0.16666666666666666,0.08333333333333333,0.0,0.0,0.16666666666666666,0.08333333333333333,0.16666666666666666,0.0,0.08333333333333333,0.0,0.0,0.16666666666666666,0.0,0.0,0.0,0.0,0.08333333333333333,1593.8670000000002,0.5546329676453201,8.588945579528808,0.16666666666666669,130.13333333333333,-0.19166666666666665,0.400629412857252,0.0006261489330999392,129.99999999999997,2.760833333333333,0.4166666666666667
496,LLPALLQQIGREN,inactive - virtual,inactive - virtual,0,Inactive,virtual,1,13,0.07692307692307693,0.0,0.0,0.07692307692307693,0.0,0.07692307692307693,0.0,0.07692307692307693,0.0,0.3076923076923077,0.0,0.07692307692307693,0.07692307692307693,0.15384615384615385,0.07692307692307693,0.0,0.0,0.0,0.0,0.0,1464.7084,-0.4414514897265791,6.0021066665649405,0.0,78.75384615384617,0.1,0.4510394003615773,-2.0481870131288785e-06,157.69230769230768,0.9307692307692305,0.46153846153846156
497,LLTEVETYVLSI,inactive - virtual,inactive - virtual,0,Inactive,virtual,1,12,0.0,0.0,0.0,0.16666666666666666,0.0,0.0,0.0,0.08333333333333333,0.0,0.25,0.0,0.0,0.0,0.0,0.0,0.08333333333333333,0.16666666666666666,0.16666666666666666,0.0,0.08333333333333333,1379.5939999999998,-2.4428112032206473,4.0500284194946286,0.08333333333333334,25.21666666666667,0.44999999999999996,0.376505302978849,-0.0014511452594955059,178.3333333333333,-0.45500000000000007,0.5
498,LMEPVREAAGRLADA,inactive - virtual,inactive - virtual,0,Inactive,virtual,1,15,0.26666666666666666,0.0,0.06666666666666667,0.13333333333333333,0.0,0.06666666666666667,0.0,0.0,0.0,0.13333333333333333,0.06666666666666667,0.0,0.06666666666666667,0.0,0.13333333333333333,0.0,0.0,0.06666666666666667,0.0,0.0,1598.8224,-1.4399093628651034,4.679122352600097,0.0,29.35333333333333,-0.023999999999999983,0.5280546072260407,-0.0006260867389699903,98.0,1.8513333333333337,0.5333333333333333
499,LMGHQKKILGSIQTMRAQLT,inactive - virtual,inactive - virtual,0,Inactive,virtual,1,20,0.05,0.0,0.0,0.0,0.0,0.1,0.05,0.1,0.1,0.15,0.1,0.0,0.0,0.15,0.05,0.05,0.1,0.0,0.0,0.0,2254.7180999999996,2.5890430051750513,11.16626262664795,0.0,11.115000000000002,0.011500000000000014,0.2147184441202569,0.0013722263863078948,102.5,1.1425,0.4
500,LNNFSRYFLHQSREETEHAEKLMRLQNQRG,inactive - virtual,inactive - virtual,0,Inactive,virtual,1,30,0.03333333333333333,0.0,0.0,0.13333333333333333,0.06666666666666667,0.03333333333333333,0.06666666666666667,0.0,0.03333333333333333,0.13333333333333333,0.03333333333333333,0.1,0.0,0.1,0.13333333333333333,0.06666666666666667,0.03333333333333333,0.0,0.0,0.03333333333333333,3733.0953,0.6300771354103558,8.601452445983888,0.1,44.58333333333333,-0.39199999999999996,0.4284247255578088,0.00032091291419999464,55.333333333333336,3.903333333333334,0.26666666666666666
501,LPEDQELLFQSASLELFVLRLAYRA,inactive - virtual,inactive - virtual,0,Inactive,virtual,1,25,0.12,0.0,0.04,0.12,0.08,0.0,0.0,0.0,0.0,0.28,0.0,0.0,0.04,0.08,0.08,0.08,0.0,0.04,0.0,0.04,2922.3329999999996,-2.4412941945925457,4.407318305969238,0.12,58.18000000000001,0.13040000000000002,0.25548418223297154,-0.0006843830628879596,132.8,1.0856000000000001,0.52
502,LPHFYELFSLWA,inactive - virtual,inactive - virtual,0,Inactive,virtual,1,12,0.08333333333333333,0.0,0.0,0.08333333333333333,0.16666666666666666,0.0,0.08333333333333333,0.0,0.0,0.25,0.0,0.0,0.08333333333333333,0.0,0.0,0.08333333333333333,0.0,0.0,0.08333333333333333,0.08333333333333333,1522.7425,-1.4073055229844442,5.240180015563964,0.33333333333333337,44.667500000000004,0.5158333333333334,0.3661428778672639,-0.0005943194877688393,105.83333333333333,-0.8208333333333333,0.5
503,LPIHYKLSQEFFLKAYEN,inactive - virtual,inactive - virtual,0,Inactive,virtual,1,18,0.05555555555555555,0.0,0.0,0.1111111111111111,0.1111111111111111,0.0,0.05555555555555555,0.05555555555555555,0.1111111111111111,0.16666666666666666,0.0,0.05555555555555555,0.05555555555555555,0.05555555555555555,0.0,0.05555555555555555,0.0,0.0,0.0,0.1111111111111111,2240.5538000000006,-0.4137015400464574,6.754200172424317,0.2222222222222222,59.1888888888889,0.09277777777777774,0.2381710204707447,4.240011425715e-05,92.22222222222221,0.9883333333333333,0.3888888888888889
504,LQAPLQRRILEIGKKH,inactive - virtual,inactive - virtual,0,Inactive,virtual,1,16,0.0625,0.0,0.0,0.0625,0.0,0.0625,0.0625,0.125,0.125,0.1875,0.0,0.0,0.0625,0.125,0.125,0.0,0.0,0.0,0.0,0.0,1900.2754,2.5901386478815227,11.000449943542481,0.0,116.73124999999999,-0.21999999999999997,0.41802295003452405,0.001629233586629339,128.125,2.25875,0.375
505,LQMEFKYLAYLTG,inactive - virtual,inactive - virtual,0,Inactive,virtual,1,13,0.07692307692307693,0.0,0.0,0.07692307692307693,0.07692307692307693,0.07692307692307693,0.0,0.0,0.07692307692307693,0.23076923076923078,0.07692307692307693,0.0,0.0,0.07692307692307693,0.0,0.0,0.07692307692307693,0.0,0.0,0.15384615384615385,1576.8529,-0.44894314949506287,5.999946784973144,0.23076923076923078,16.215384615384615,0.2784615384615385,0.25099204499095884,-3.17085854165874e-06,97.6923076923077,-0.16076923076923075,0.46153846153846156
506,LQNAIIEFYTEYY,inactive - virtual,inactive - virtual,0,Inactive,virtual,1,13,0.07692307692307693,0.0,0.0,0.15384615384615385,0.07692307692307693,0.0,0.0,0.15384615384615385,0.0,0.07692307692307693,0.0,0.07692307692307693,0.0,0.07692307692307693,0.0,0.0,0.07692307692307693,0.0,0.0,0.23076923076923078,1666.8231,-2.4478223885552186,4.0500284194946286,0.3076923076923077,110.9623076923077,0.25692307692307687,0.34321157411426473,-0.001202282176346718,97.6923076923077,0.7107692307692308,0.38461538461538464
507,LQWYVSEQHEEEALFRGIVDKIKLIG,inactive - virtual,inactive - virtual,0,Inactive,virtual,1,26,0.038461538461538464,0.0,0.038461538461538464,0.15384615384615385,0.038461538461538464,0.07692307692307693,0.038461538461538464,0.11538461538461539,0.07692307692307693,0.11538461538461539,0.0,0.0,0.0,0.07692307692307693,0.038461538461538464,0.038461538461538464,0.0,0.07692307692307693,0.038461538461538464,0.038461538461538464,3101.509000000001,-2.4085330595778522,4.960589027404784,0.11538461538461539,33.4076923076923,0.0734615384615385,0.2798176482387999,-0.0006126028527947587,116.15384615384616,1.3330769230769224,0.38461538461538464
508,LREIVENMIKSSLERAIAAY,inactive - virtual,inactive - virtual,0,Inactive,virtual,1,20,0.15,0.0,0.0,0.15,0.0,0.0,0.0,0.15,0.05,0.1,0.05,0.05,0.0,0.0,0.1,0.1,0.0,0.05,0.0,0.05,2306.6800999999996,-0.4442462714148352,6.228894233703613,0.05,29.9,0.019999999999999997,0.2535856069771399,-4.3352350564447607e-07,127.0,1.6489999999999991,0.5
509,LRSWFRERLIAHRLASVNL,inactive - virtual,inactive - virtual,0,Inactive,virtual,1,19,0.10526315789473684,0.0,0.0,0.05263157894736842,0.05263157894736842,0.0,0.05263157894736842,0.05263157894736842,0.0,0.21052631578947367,0.0,0.05263157894736842,0.0,0.0,0.21052631578947367,0.10526315789473684,0.0,0.05263157894736842,0.05263157894736842,0.0,2337.7271,2.5950995967493475,11.999967765808105,0.10526315789473685,38.26842105263158,-0.11210526315789471,0.26528424671862755,0.0013243616670873027,128.42105263157893,2.474736842105262,0.47368421052631576
510,LRTYFMERLRHYRQLSL,inactive - virtual,inactive - virtual,0,Inactive,virtual,1,17,0.0,0.0,0.0,0.058823529411764705,0.058823529411764705,0.0,0.058823529411764705,0.0,0.0,0.23529411764705882,0.058823529411764705,0.0,0.0,0.058823529411764705,0.23529411764705882,0.058823529411764705,0.058823529411764705,0.0,0.0,0.11764705882352941,2282.6684,2.590088411414776,10.834572792053223,0.17647058823529413,70.62941176470589,-0.32117647058823534,0.2751215964982566,0.001355430263682442,91.76470588235293,3.4076470588235295,0.35294117647058826
511,LSTVSNFFMNA,inactive - virtual,inactive - virtual,0,Inactive,virtual,1,11,0.09090909090909091,0.0,0.0,0.0,0.18181818181818182,0.0,0.0,0.0,0.0,0.09090909090909091,0.09090909090909091,0.18181818181818182,0.0,0.0,0.0,0.18181818181818182,0.09090909090909091,0.09090909090909091,0.0,0.0,1230.3890999999999,-0.4425471324330503,5.525000190734862,0.18181818181818182,-4.572727272727272,0.3536363636363636,0.44332048840062455,-3.2510017149034042e-06,70.90909090909092,0.32454545454545436,0.5454545454545454
512,LVGALMHVMQKRSR,inactive - virtual,inactive - virtual,0,Inactive,virtual,1,14,0.07142857142857142,0.0,0.0,0.0,0.0,0.07142857142857142,0.07142857142857142,0.0,0.07142857142857142,0.14285714285714285,0.14285714285714285,0.0,0.0,0.07142857142857142,0.14285714285714285,0.07142857142857142,0.0,0.14285714285714285,0.0,0.0,1626.0031999999997,2.5915234796089637,11.999967765808105,0.0,101.11428571428571,-0.08214285714285711,0.3555110079766958,0.0019028173258467044,104.28571428571428,1.687142857142857,0.5
513,LVLPIAQALKVLG,inactive - virtual,inactive - virtual,0,Inactive,virtual,1,13,0.15384615384615385,0.0,0.0,0.0,0.0,0.07692307692307693,0.0,0.07692307692307693,0.07692307692307693,0.3076923076923077,0.0,0.0,0.07692307692307693,0.07692307692307693,0.0,0.0,0.0,0.15384615384615385,0.0,0.0,1334.6890999999998,0.5549472748996638,8.750052070617677,0.0,10.984615384615388,0.5761538461538461,0.4079715284730888,0.0007462407000876608,210.0,-2.011538461538461,0.6923076923076923
514,MEALKKQILQI,inactive - virtual,inactive - virtual,0,Inactive,virtual,1,11,0.09090909090909091,0.0,0.0,0.09090909090909091,0.0,0.0,0.0,0.18181818181818182,0.18181818181818182,0.18181818181818182,0.09090909090909091,0.0,0.0,0.18181818181818182,0.0,0.0,0.0,0.0,0.0,0.0,1314.6366,0.28099805836073166,8.345384025573733,0.0,70.0090909090909,0.07454545454545454,0.48990788453695644,0.0007583825229720684,150.90909090909093,0.46818181818181787,0.5454545454545454
515,MEKLNQLWEKAQRLH,inactive - virtual,inactive - virtual,0,Inactive,virtual,1,15,0.06666666666666667,0.0,0.0,0.13333333333333333,0.0,0.0,0.06666666666666667,0.0,0.13333333333333333,0.2,0.06666666666666667,0.06666666666666667,0.0,0.13333333333333333,0.06666666666666667,0.0,0.0,0.0,0.06666666666666667,0.0,1924.2305000000001,0.31872014224324907,8.365949440002442,0.06666666666666667,14.433333333333332,-0.29933333333333334,0.5711325351355243,0.0005700981691377849,84.66666666666667,2.7179999999999995,0.3333333333333333
516,MLEEYRKHVAERAAE,inactive - virtual,inactive - virtual,0,Inactive,virtual,1,15,0.2,0.0,0.0,0.26666666666666666,0.0,0.0,0.06666666666666667,0.0,0.06666666666666667,0.06666666666666667,0.06666666666666667,0.0,0.0,0.0,0.13333333333333333,0.0,0.0,0.06666666666666667,0.0,0.06666666666666667,1832.0458000000003,-1.6769709674537387,5.640838050842285,0.06666666666666667,19.793333333333333,-0.3266666666666667,0.24543567159457233,-0.0004917988046177779,65.33333333333333,3.3793333333333337,0.4
517,MPEVFNYLGIYLTQA,inactive - virtual,inactive - virtual,0,Inactive,virtual,1,15,0.06666666666666667,0.0,0.0,0.06666666666666667,0.06666666666666667,0.06666666666666667,0.0,0.06666666666666667,0.0,0.13333333333333333,0.06666666666666667,0.06666666666666667,0.06666666666666667,0.06666666666666667,0.0,0.0,0.06666666666666667,0.06666666666666667,0.0,0.13333333333333333,1759.0294,-1.7190019416392683,4.0500284194946286,0.2,39.52666666666666,0.3906666666666668,0.34684469997990647,-0.0005707658722939786,104.0,-0.3360000000000002,0.4666666666666667
518,MPGTATHTVKMFS,inactive - virtual,inactive - virtual,0,Inactive,virtual,1,13,0.07692307692307693,0.0,0.0,0.0,0.07692307692307693,0.07692307692307693,0.07692307692307693,0.0,0.07692307692307693,0.0,0.15384615384615385,0.0,0.07692307692307693,0.0,0.0,0.07692307692307693,0.23076923076923078,0.07692307692307693,0.0,0.0,1407.6571,0.3190093312642195,8.521060371398928,0.07692307692307693,53.56153846153846,0.19769230769230767,0.3145481885713802,0.0007771763067786256,30.0,0.5269230769230769,0.38461538461538464
519,MPYTDAVVHEVQRYID,inactive - virtual,inactive - virtual,0,Inactive,virtual,1,16,0.0625,0.0,0.125,0.0625,0.0,0.0,0.0625,0.0625,0.0,0.0,0.0625,0.0,0.0625,0.0625,0.0625,0.0,0.0625,0.1875,0.0,0.125,1936.1482999999998,-2.6802383390945277,4.745737648010253,0.125,26.818749999999998,0.016250000000000014,0.4594547873037933,-0.0009833948815949176,85.0,1.9387499999999998,0.375
520,MTDQQAEARAF,inactive - virtual,inactive - virtual,0,Inactive,virtual,1,11,0.2727272727272727,0.0,0.09090909090909091,0.09090909090909091,0.09090909090909091,0.0,0.0,0.0,0.0,0.0,0.09090909090909091,0.0,0.0,0.18181818181818182,0.09090909090909091,0.0,0.09090909090909091,0.0,0.0,0.0,1267.3682000000001,-1.7135693903830658,4.369065666198731,0.09090909090909091,23.981818181818184,-0.19909090909090904,0.21533235787698848,-0.0007906136329564374,27.27272727272727,3.030909090909091,0.45454545454545453
521,MVFKQMEQVAQFLKAAEDY,inactive - virtual,inactive - virtual,0,Inactive,virtual,1,19,0.15789473684210525,0.0,0.05263157894736842,0.10526315789473684,0.10526315789473684,0.0,0.0,0.0,0.10526315789473684,0.05263157894736842,0.10526315789473684,0.0,0.0,0.15789473684210525,0.0,0.0,0.0,0.10526315789473684,0.0,0.05263157894736842,2276.629,-1.7199402892117046,4.677076148986816,0.15789473684210528,21.873684210526317,0.06157894736842107,0.40988887338592817,-0.00044012421869166267,66.84210526315789,1.1110526315789473,0.5263157894736842
522,MYSNRMRSYKQEMGKLETDFKRSRI,inactive - virtual,inactive - virtual,0,Inactive,virtual,1,25,0.0,0.0,0.04,0.08,0.04,0.04,0.0,0.04,0.12,0.04,0.12,0.04,0.0,0.04,0.16,0.12,0.04,0.0,0.0,0.08,3155.6327000000006,3.27494805252023,10.15597858428955,0.12,73.292,-0.4991999999999999,0.23161685098265722,0.0012666210340850034,31.2,4.1236,0.24
523,NAAGWDLLLTLYRSA,inactive - virtual,inactive - virtual,0,Inactive,virtual,1,15,0.2,0.0,0.06666666666666667,0.0,0.0,0.06666666666666667,0.0,0.0,0.0,0.26666666666666666,0.0,0.06666666666666667,0.0,0.0,0.06666666666666667,0.06666666666666667,0.06666666666666667,0.0,0.06666666666666667,0.06666666666666667,1663.8707,-0.4446313591787048,5.835682106018066,0.13333333333333333,35.58,0.2266666666666667,0.3251286544022545,-2.4040195206385077e-06,124.0,0.5340000000000001,0.4666666666666667
524,NAAQLDALAHALLEIPRFSYATR,inactive - virtual,inactive - virtual,0,Inactive,virtual,1,23,0.2608695652173913,0.0,0.043478260869565216,0.043478260869565216,0.043478260869565216,0.0,0.043478260869565216,0.043478260869565216,0.0,0.17391304347826086,0.0,0.043478260869565216,0.043478260869565216,0.043478260869565216,0.08695652173913043,0.043478260869565216,0.043478260869565216,0.0,0.0,0.043478260869565216,2541.858,-0.4069092752961869,6.75204029083252,0.08695652173913043,20.01304347826087,0.09565217391304352,0.1464281822341156,3.7767618987670445e-05,110.8695652173913,1.2991304347826087,0.5217391304347826
525,NAGQANEFFNEFWS,inactive - virtual,inactive - virtual,0,Inactive,virtual,1,14,0.14285714285714285,0.0,0.0,0.14285714285714285,0.21428571428571427,0.07142857142857142,0.0,0.0,0.0,0.0,0.0,0.21428571428571427,0.0,0.07142857142857142,0.0,0.07142857142857142,0.0,0.0,0.07142857142857142,0.0,1660.6960000000001,-2.440305610553361,4.0500284194946286,0.2857142857142857,9.285714285714286,0.09142857142857143,0.365415407640877,-0.0012049135906545432,14.285714285714285,1.903571428571428,0.35714285714285715
526,NAKIARINELAAKAKAGV,inactive - virtual,inactive - virtual,0,Inactive,virtual,1,18,0.3333333333333333,0.0,0.0,0.05555555555555555,0.0,0.05555555555555555,0.0,0.1111111111111111,0.16666666666666666,0.05555555555555555,0.0,0.1111111111111111,0.0,0.0,0.05555555555555555,0.0,0.0,0.05555555555555555,0.0,0.0,1838.1596,2.551031732271564,10.289686012268067,0.0,4.727777777777778,-0.005555555555555536,0.2503771939159889,0.0016304347826086956,114.44444444444443,1.1700000000000004,0.5555555555555556
527,NAKYVAEATGNFITVMDALKL,inactive - virtual,inactive - virtual,0,Inactive,virtual,1,21,0.19047619047619047,0.0,0.047619047619047616,0.047619047619047616,0.047619047619047616,0.047619047619047616,0.0,0.047619047619047616,0.09523809523809523,0.09523809523809523,0.047619047619047616,0.09523809523809523,0.0,0.0,0.0,0.0,0.09523809523809523,0.09523809523809523,0.0,0.047619047619047616,2269.6150000000002,-0.44849666534005816,6.068267250061035,0.09523809523809523,-13.804761904761905,0.21714285714285708,0.21229860796530872,-1.3218071747693447e-06,102.38095238095238,0.420952380952381,0.5238095238095238
528,NASRTVGVVAALL,inactive - virtual,inactive - virtual,0,Inactive,virtual,1,13,0.23076923076923078,0.0,0.0,0.0,0.0,0.07692307692307693,0.0,0.0,0.0,0.15384615384615385,0.0,0.07692307692307693,0.0,0.0,0.07692307692307693,0.07692307692307693,0.07692307692307693,0.23076923076923078,0.0,0.0,1270.4779999999998,0.5574277493335762,9.750021171569824,0.0,17.51538461538462,0.3330769230769231,0.37709342580884986,0.0007839556702978402,150.0,-0.06153846153846159,0.6153846153846154
529,NDAEVKKIAAQYGKD,inactive - virtual,inactive - virtual,0,Inactive,virtual,1,15,0.2,0.0,0.13333333333333333,0.06666666666666667,0.0,0.06666666666666667,0.0,0.06666666666666667,0.2,0.0,0.0,0.06666666666666667,0.0,0.06666666666666667,0.0,0.0,0.0,0.06666666666666667,0.0,0.06666666666666667,1649.7995999999998,-0.4492864625602806,6.222357749938964,0.06666666666666667,-14.593333333333334,-0.238,0.2842927171584148,-1.8183912086846365e-06,65.33333333333333,2.5260000000000002,0.3333333333333333
530,NDEETVALTAGGHT,inactive - virtual,inactive - virtual,0,Inactive,virtual,1,14,0.14285714285714285,0.0,0.07142857142857142,0.14285714285714285,0.0,0.14285714285714285,0.07142857142857142,0.0,0.0,0.07142857142857142,0.0,0.07142857142857142,0.0,0.0,0.0,0.0,0.21428571428571427,0.07142857142857142,0.0,0.0,1414.4313000000002,-3.403232685222309,4.13028507232666,0.0,36.0,0.04928571428571431,0.06820900994035357,-0.002051709876063149,62.857142857142854,1.9207142857142858,0.2857142857142857
531,NEEVRIEAIIGLSYR,inactive - virtual,inactive - virtual,0,Inactive,virtual,1,15,0.06666666666666667,0.0,0.0,0.2,0.0,0.06666666666666667,0.0,0.2,0.0,0.06666666666666667,0.0,0.06666666666666667,0.0,0.0,0.13333333333333333,0.06666666666666667,0.0,0.06666666666666667,0.0,0.06666666666666667,1761.9724,-1.4417406787475495,4.785979652404785,0.06666666666666667,49.08666666666666,-0.027999999999999994,0.2406085825778314,-0.0005681108752653264,130.0,2.2653333333333334,0.4
532,NEQDLGIQYKALKPEVDKLNIMAAKRQQEL,inactive - virtual,inactive - virtual,0,Inactive,virtual,1,30,0.1,0.0,0.06666666666666667,0.1,0.0,0.03333333333333333,0.0,0.06666666666666667,0.13333333333333333,0.13333333333333333,0.03333333333333333,0.06666666666666667,0.03333333333333333,0.13333333333333333,0.03333333333333333,0.0,0.0,0.03333333333333333,0.0,0.03333333333333333,3484.9750000000004,-0.4508449628733091,6.278059959411621,0.03333333333333333,55.83,-0.19399999999999995,0.1521930471311745,-2.869448692822648e-07,97.66666666666666,2.276333333333333,0.36666666666666664
533,NEYIMSLISDN,inactive - virtual,inactive - virtual,0,Inactive,virtual,1,11,0.0,0.0,0.09090909090909091,0.09090909090909091,0.0,0.0,0.0,0.18181818181818182,0.0,0.09090909090909091,0.09090909090909091,0.18181818181818182,0.0,0.0,0.0,0.18181818181818182,0.0,0.0,0.0,0.09090909090909091,1298.4184999999998,-2.443485480005487,4.0500284194946286,0.09090909090909091,49.03636363636363,0.11272727272727269,0.2926116586664353,-0.0015426441367200135,106.36363636363636,1.6945454545454546,0.36363636363636365
534,NFKDVIETAKKVMNF,inactive - virtual,inactive - virtual,0,Inactive,virtual,1,15,0.06666666666666667,0.0,0.06666666666666667,0.06666666666666667,0.13333333333333333,0.0,0.0,0.06666666666666667,0.2,0.0,0.06666666666666667,0.13333333333333333,0.0,0.0,0.0,0.0,0.06666666666666667,0.13333333333333333,0.0,0.0,1784.0837999999999,0.5515033346599418,8.497658348083494,0.13333333333333333,2.906666666666667,-0.03266666666666666,0.5550814316006148,0.0005588283102309861,71.33333333333333,1.660666666666667,0.4666666666666667
535,NGETFLTELLD,inactive - virtual,inactive - virtual,0,Inactive,virtual,1,11,0.0,0.0,0.09090909090909091,0.18181818181818182,0.09090909090909091,0.09090909090909091,0.0,0.0,0.0,0.2727272727272727,0.0,0.09090909090909091,0.0,0.0,0.0,0.0,0.18181818181818182,0.0,0.0,0.0,1251.339,-3.4385898151062984,4.0500284194946286,0.09090909090909091,17.3,0.15636363636363637,0.44351986043638864,-0.002398229098406508,106.36363636363635,1.4036363636363636,0.36363636363636365
536,NGLEVVKALAQG,inactive - virtual,inactive - virtual,0,Inactive,virtual,1,12,0.16666666666666666,0.0,0.0,0.08333333333333333,0.0,0.16666666666666666,0.0,0.0,0.08333333333333333,0.16666666666666666,0.0,0.08333333333333333,0.0,0.08333333333333333,0.0,0.0,0.0,0.16666666666666666,0.0,0.0,1198.369,-0.4439319641604915,6.0014245986938475,0.0,-5.758333333333334,0.22750000000000004,0.45229261503143486,-2.5034004522810154e-06,129.99999999999997,0.09333333333333323,0.5
537,NIDEIERKIDEAIEKE,inactive - virtual,inactive - virtual,0,Inactive,virtual,1,16,0.0625,0.0,0.125,0.3125,0.0,0.0,0.0,0.25,0.125,0.0,0.0,0.0625,0.0,0.0,0.0625,0.0,0.0,0.0,0.0,0.0,1944.1013000000003,-4.438994176335067,4.388902473449707,0.0,98.49375,-0.34750000000000003,0.6125039043028939,-0.002055439249836686,103.75,3.91625,0.3125
538,NIDSYLNAVNIINIFKIIG,inactive - virtual,inactive - virtual,0,Inactive,virtual,1,19,0.05263157894736842,0.0,0.05263157894736842,0.0,0.05263157894736842,0.05263157894736842,0.0,0.3157894736842105,0.05263157894736842,0.05263157894736842,0.0,0.21052631578947367,0.0,0.0,0.0,0.05263157894736842,0.0,0.05263157894736842,0.0,0.05263157894736842,2134.4731000000006,-0.4471118336126172,5.834943199157714,0.10526315789473685,76.61052631578946,0.39263157894736844,0.08148166125461605,-2.342490911135265e-06,164.21052631578945,0.008421052631579025,0.5263157894736842
539,NIEQLWRDYNKYEEGIN,inactive - virtual,inactive - virtual,0,Inactive,virtual,1,17,0.0,0.0,0.058823529411764705,0.17647058823529413,0.0,0.058823529411764705,0.0,0.11764705882352941,0.058823529411764705,0.058823529411764705,0.0,0.17647058823529413,0.0,0.058823529411764705,0.058823529411764705,0.0,0.0,0.0,0.058823529411764705,0.11764705882352941,2184.3201,-2.446280261693743,4.407318305969238,0.17647058823529413,110.04117647058824,-0.2705882352941177,0.5314735189903755,-0.0009160703739819532,68.8235294117647,3.3723529411764708,0.17647058823529413
540,NILKQIFKLLQA,inactive - virtual,inactive - virtual,0,Inactive,virtual,1,12,0.08333333333333333,0.0,0.0,0.0,0.08333333333333333,0.0,0.0,0.16666666666666666,0.16666666666666666,0.25,0.0,0.08333333333333333,0.0,0.16666666666666666,0.0,0.0,0.0,0.0,0.0,0.0,1428.7606,1.552441682232378,10.002737236022949,0.08333333333333334,82.02499999999999,0.20333333333333334,0.683909046249411,0.0013963059134780265,170.83333333333334,-0.04750000000000006,0.5833333333333334
541,NINELFIEISRRI,inactive - virtual,inactive - virtual,0,Inactive,virtual,1,13,0.0,0.0,0.0,0.15384615384615385,0.07692307692307693,0.0,0.0,0.3076923076923077,0.0,0.07692307692307693,0.0,0.15384615384615385,0.0,0.0,0.15384615384615385,0.07692307692307693,0.0,0.0,0.0,0.0,1616.8590000000002,-0.44035584702010855,6.14397678375244,0.07692307692307693,150.52307692307693,-0.02461538461538467,0.6706470820568138,-6.184827381467784e-07,150.0,2.5046153846153842,0.46153846153846156
542,NIPKHTHRFFILVLEI,inactive - virtual,inactive - virtual,0,Inactive,virtual,1,16,0.0,0.0,0.0,0.0625,0.125,0.0,0.125,0.1875,0.0625,0.125,0.0,0.0625,0.0625,0.0,0.0625,0.0,0.0625,0.0625,0.0,0.0,1977.3542000000002,0.6292957999582289,8.76197872161865,0.125,54.400000000000006,0.22812499999999997,0.483757922755379,0.0006043411417243193,140.0,0.7006249999999997,0.5
543,NKDQWEERIQVWHEEH,inactive - virtual,inactive - virtual,0,Inactive,virtual,1,16,0.0,0.0,0.0625,0.25,0.0,0.0,0.125,0.0625,0.0625,0.0,0.0,0.0625,0.0,0.125,0.0625,0.0,0.0,0.0625,0.125,0.0,2163.2647,-3.366895433067233,4.923814201354979,0.125,70.3,-0.43875,0.14102505302958127,-0.0012947990773227568,42.5,4.365625,0.125
544,NKEEMMDIVKAIYDMMG,inactive - virtual,inactive - virtual,0,Inactive,virtual,1,17,0.058823529411764705,0.0,0.11764705882352941,0.11764705882352941,0.0,0.058823529411764705,0.0,0.11764705882352941,0.11764705882352941,0.0,0.23529411764705882,0.058823529411764705,0.0,0.0,0.0,0.0,0.0,0.058823529411764705,0.0,0.058823529411764705,2018.3979,-2.4469294202452088,4.316716957092285,0.05882352941176471,46.37058823529412,0.04470588235294119,0.3634733170721414,-0.0009918747522790327,68.8235294117647,1.347647058823529,0.47058823529411764
545,NKLVDRWLHVRKHLLVAYYNLVG,inactive - virtual,inactive - virtual,0,Inactive,virtual,1,23,0.043478260869565216,0.0,0.043478260869565216,0.0,0.0,0.043478260869565216,0.08695652173913043,0.0,0.08695652173913043,0.21739130434782608,0.0,0.08695652173913043,0.0,0.0,0.08695652173913043,0.0,0.0,0.17391304347826086,0.043478260869565216,0.08695652173913043,2807.3000000000006,2.621079626938158,9.993002510070802,0.13043478260869565,38.3,0.0465217391304348,0.32034383594160465,0.0011370315355268923,139.56521739130434,1.1608695652173906,0.43478260869565216
546,NKQADSIKQMEERNKKRVENFKKTG,inactive - virtual,inactive - virtual,0,Inactive,virtual,1,25,0.04,0.0,0.04,0.12,0.04,0.04,0.0,0.04,0.24,0.0,0.04,0.12,0.0,0.08,0.08,0.04,0.04,0.04,0.0,0.0,3007.384900000001,3.5461778420710264,9.99525890350342,0.04,63.964,-0.638,0.4100231054099912,0.0013297244454493764,31.2,4.4887999999999995,0.2
547,NKRAVDWAMRAAMAL,inactive - virtual,inactive - virtual,0,Inactive,virtual,1,15,0.3333333333333333,0.0,0.06666666666666667,0.0,0.0,0.0,0.0,0.0,0.06666666666666667,0.06666666666666667,0.13333333333333333,0.06666666666666667,0.0,0.0,0.13333333333333333,0.0,0.0,0.06666666666666667,0.06666666666666667,0.0,1704.029,1.5553435225879215,10.835024070739745,0.06666666666666667,30.01333333333333,-0.05266666666666661,0.50306927985645,0.0011713408801488237,78.66666666666666,1.714,0.6
548,NKSVGAVYAILYLS,inactive - virtual,inactive - virtual,0,Inactive,virtual,1,14,0.14285714285714285,0.0,0.0,0.0,0.0,0.07142857142857142,0.0,0.07142857142857142,0.07142857142857142,0.14285714285714285,0.0,0.07142857142857142,0.0,0.0,0.0,0.14285714285714285,0.0,0.14285714285714285,0.0,0.14285714285714285,1497.7331,0.5499360895650922,8.49740047454834,0.14285714285714288,39.357142857142854,0.38571428571428573,0.17886806112008874,0.0006636665909971023,139.28571428571428,-0.5807142857142857,0.5
549,NLDSIQEELADVIAWTVSIANLEG,inactive - virtual,inactive - virtual,0,Inactive,virtual,1,24,0.125,0.0,0.08333333333333333,0.125,0.0,0.041666666666666664,0.0,0.125,0.0,0.125,0.0,0.08333333333333333,0.0,0.041666666666666664,0.0,0.08333333333333333,0.041666666666666664,0.08333333333333333,0.041666666666666664,0.0,2600.8275000000003,-5.438291881303506,4.0500284194946286,0.04166666666666667,29.41666666666667,0.2504166666666667,0.24777557426666683,-0.001922071330800818,134.16666666666666,0.8233333333333333,0.4583333333333333
550,NLEQTARRWLEERG,inactive - virtual,inactive - virtual,0,Inactive,virtual,1,14,0.07142857142857142,0.0,0.0,0.21428571428571427,0.0,0.07142857142857142,0.0,0.0,0.0,0.14285714285714285,0.0,0.07142857142857142,0.0,0.07142857142857142,0.21428571428571427,0.0,0.07142857142857142,0.0,0.07142857142857142,0.0,1757.9044000000001,-0.4392602043136371,6.230372047424316,0.07142857142857144,130.90714285714284,-0.5207142857142857,0.38110419924419864,0.0,62.85714285714285,4.644285714285715,0.21428571428571427
551,NLESEIHTVLKHLVENN,inactive - virtual,inactive - virtual,0,Inactive,virtual,1,17,0.0,0.0,0.0,0.17647058823529413,0.0,0.0,0.11764705882352941,0.058823529411764705,0.058823529411764705,0.17647058823529413,0.0,0.17647058823529413,0.0,0.0,0.0,0.058823529411764705,0.058823529411764705,0.11764705882352941,0.0,0.0,1989.1896000000006,-2.368437559928709,5.32526798248291,0.0,41.22941176470589,-0.011176470588235277,0.39562054523473894,-0.000905896369879197,125.88235294117646,1.9664705882352937,0.35294117647058826
552,NLFDHFSAVAQRL,inactive - virtual,inactive - virtual,0,Inactive,virtual,1,13,0.15384615384615385,0.0,0.07692307692307693,0.0,0.15384615384615385,0.0,0.07692307692307693,0.0,0.0,0.15384615384615385,0.0,0.07692307692307693,0.0,0.07692307692307693,0.07692307692307693,0.07692307692307693,0.0,0.07692307692307693,0.0,0.0,1517.6863999999998,-0.40549932533537225,6.744537544250489,0.15384615384615385,10.746153846153847,0.10230769230769231,0.5893301625706727,6.259512812234382e-05,97.6923076923077,1.570769230769231,0.5384615384615384
553,NLFPIVFGVIFDA,inactive - virtual,inactive - virtual,0,Inactive,virtual,1,13,0.07692307692307693,0.0,0.07692307692307693,0.0,0.23076923076923078,0.07692307692307693,0.0,0.15384615384615385,0.0,0.07692307692307693,0.0,0.07692307692307693,0.07692307692307693,0.0,0.0,0.0,0.0,0.15384615384615385,0.0,0.0,1451.7059,-1.4421006482780456,4.0500284194946286,0.23076923076923075,27.00769230769231,0.7107692307692306,0.3276493457934848,-0.000691598184210345,142.30769230769232,-1.4746153846153844,0.6923076923076923
554,NLLYDIVKENG,inactive - virtual,inactive - virtual,0,Inactive,virtual,1,11,0.0,0.0,0.09090909090909091,0.09090909090909091,0.0,0.09090909090909091,0.0,0.09090909090909091,0.09090909090909091,0.18181818181818182,0.0,0.18181818181818182,0.0,0.0,0.0,0.0,0.0,0.09090909090909091,0.0,0.09090909090909091,1277.4225,-1.4459910726727725,4.3702592849731445,0.09090909090909091,6.618181818181817,0.06727272727272729,0.44844774522526226,-0.0007851702245915627,132.72727272727272,1.3418181818181818,0.36363636363636365
555,NLNQSIDNFVNMAFFA,inactive - virtual,inactive - virtual,0,Inactive,virtual,1,16,0.125,0.0,0.0625,0.0,0.1875,0.0,0.0,0.0625,0.0,0.0625,0.0625,0.25,0.0,0.0625,0.0,0.0625,0.0,0.0625,0.0,0.0,1845.0390000000002,-1.4421006482780456,4.0500284194946286,0.1875,30.443749999999994,0.25187499999999996,0.38635326375400564,-0.0005441616441919959,79.375,0.9643749999999999,0.5625
556,NLSTLAALVAAAG,inactive - virtual,inactive - virtual,0,Inactive,virtual,1,13,0.38461538461538464,0.0,0.0,0.0,0.0,0.07692307692307693,0.0,0.0,0.0,0.23076923076923078,0.0,0.07692307692307693,0.0,0.0,0.0,0.07692307692307693,0.07692307692307693,0.07692307692307693,0.0,0.0,1171.3437000000001,-0.4425471324330503,5.525000190734862,0.0,9.230769230769232,0.5361538461538462,0.1921113177230387,-3.414863192043369e-06,150.76923076923077,-1.244615384615385,0.6923076923076923
557,NLTQLKASFAVQ,inactive - virtual,inactive - virtual,0,Inactive,virtual,1,12,0.16666666666666666,0.0,0.0,0.0,0.08333333333333333,0.0,0.0,0.0,0.08333333333333333,0.16666666666666666,0.0,0.08333333333333333,0.0,0.16666666666666666,0.0,0.08333333333333333,0.08333333333333333,0.08333333333333333,0.0,0.0,1319.5055999999997,0.5549472748996638,8.750052070617677,0.08333333333333334,-4.191666666666668,0.12750000000000003,0.104208642892145,0.0007548256549779843,105.83333333333331,0.7299999999999996,0.5
558,NLVADMRFNVVRESEARLQVSRLYS,inactive - virtual,inactive - virtual,0,Inactive,virtual,1,25,0.08,0.0,0.04,0.08,0.04,0.0,0.0,0.0,0.0,0.12,0.04,0.08,0.0,0.04,0.16,0.12,0.0,0.16,0.0,0.04,2953.3353999999995,0.5575348080008644,8.741090965270995,0.08,36.324000000000005,-0.1716,0.13855842986369069,0.0003379224877596213,101.19999999999999,2.8524000000000003,0.44
559,NNAITKGFTALEKLLV,inactive - virtual,inactive - virtual,0,Inactive,virtual,1,16,0.125,0.0,0.0,0.0625,0.0625,0.0625,0.0,0.0625,0.125,0.1875,0.0,0.125,0.0,0.0,0.0,0.0,0.125,0.0625,0.0,0.0,1732.0292000000004,0.5535624431722228,8.591073036193851,0.0625,-1.2375000000000003,0.20749999999999996,0.4591391936511378,0.0005756251335138537,128.125,0.31687499999999996,0.5
560,NPAAEKMQVLQVLDRLRGKLQEKG,inactive - virtual,inactive - virtual,0,Inactive,virtual,1,24,0.08333333333333333,0.0,0.041666666666666664,0.08333333333333333,0.0,0.08333333333333333,0.0,0.0,0.125,0.16666666666666666,0.041666666666666664,0.041666666666666664,0.041666666666666664,0.125,0.08333333333333333,0.0,0.0,0.08333333333333333,0.0,0.0,2722.1712,1.55257385913304,9.696641349792483,0.0,46.491666666666674,-0.2354166666666666,0.22068649945354699,0.0007343379203432544,97.49999999999997,2.3533333333333335,0.375
561,NPAQYLAQHEQLL,inactive - virtual,inactive - virtual,0,Inactive,virtual,1,13,0.15384615384615385,0.0,0.0,0.07692307692307693,0.0,0.0,0.07692307692307693,0.0,0.0,0.23076923076923078,0.0,0.07692307692307693,0.07692307692307693,0.23076923076923078,0.0,0.0,0.0,0.0,0.0,0.07692307692307693,1524.6758000000002,-1.4073055229844442,5.240180015563964,0.07692307692307693,30.846153846153854,0.03461538461538463,0.3055541780195917,-0.0005935671747514232,105.38461538461539,1.2684615384615385,0.38461538461538464
562,NPARALYQTVRELIENSLDA,inactive - virtual,inactive - virtual,0,Inactive,virtual,1,20,0.15,0.0,0.05,0.1,0.0,0.0,0.0,0.05,0.0,0.15,0.0,0.1,0.05,0.05,0.1,0.05,0.05,0.05,0.0,0.05,2273.5012,-1.442414955532389,4.679122352600097,0.05,39.66,-0.09899999999999998,0.5428459902520462,-0.0004407282132033727,107.5,2.398,0.4
563,NPEILLARVKRFLERE,inactive - virtual,inactive - virtual,0,Inactive,virtual,1,16,0.0625,0.0,0.0,0.1875,0.0625,0.0,0.0,0.0625,0.0625,0.1875,0.0,0.0625,0.0625,0.0,0.1875,0.0,0.0,0.0625,0.0,0.0,1983.3176000000003,0.5603266896757733,8.743927574157716,0.0625,61.087500000000006,-0.26625,0.4686730187477426,0.0005042050702861868,121.875,3.054375,0.4375
564,NPERVLLQLKYRYDVEI,inactive - virtual,inactive - virtual,0,Inactive,virtual,1,17,0.0,0.0,0.058823529411764705,0.11764705882352941,0.0,0.0,0.0,0.058823529411764705,0.058823529411764705,0.17647058823529413,0.0,0.058823529411764705,0.058823529411764705,0.058823529411764705,0.11764705882352941,0.0,0.0,0.11764705882352941,0.0,0.11764705882352941,2148.4602,-0.4474261408669604,6.180581092834472,0.11764705882352942,43.00000000000001,-0.17470588235294113,0.28318217605401763,-1.396342513509614e-06,125.88235294117646,2.4958823529411767,0.35294117647058826
565,NPGQAIWLGEFSKRH,inactive - virtual,inactive - virtual,0,Inactive,virtual,1,15,0.06666666666666667,0.0,0.0,0.06666666666666667,0.06666666666666667,0.13333333333333333,0.06666666666666667,0.06666666666666667,0.06666666666666667,0.06666666666666667,0.0,0.06666666666666667,0.06666666666666667,0.06666666666666667,0.06666666666666667,0.06666666666666667,0.0,0.0,0.06666666666666667,0.0,1739.9303,0.5926693587821821,8.755016136169434,0.13333333333333333,45.18666666666667,-0.0493333333333333,0.11507921982286613,0.0006299067783946573,58.666666666666664,1.9119999999999997,0.26666666666666666
566,NPMIIEGQIHGGLTEGYAVAMG,inactive - virtual,inactive - virtual,0,Inactive,virtual,1,22,0.09090909090909091,0.0,0.0,0.09090909090909091,0.0,0.22727272727272727,0.045454545454545456,0.13636363636363635,0.0,0.045454545454545456,0.09090909090909091,0.045454545454545456,0.045454545454545456,0.045454545454545456,0.0,0.0,0.045454545454545456,0.045454545454545456,0.0,0.045454545454545456,2258.5724,-2.4061847620446,4.507241249084472,0.045454545454545456,46.945454545454545,0.37000000000000005,0.06726104862367178,-0.0008425647973505477,93.18181818181819,-0.16227272727272726,0.4090909090909091
567,NPQVLADIGAEAT,inactive - virtual,inactive - virtual,0,Inactive,virtual,1,13,0.23076923076923078,0.0,0.07692307692307693,0.07692307692307693,0.0,0.07692307692307693,0.0,0.07692307692307693,0.0,0.07692307692307693,0.0,0.07692307692307693,0.07692307692307693,0.07692307692307693,0.0,0.0,0.07692307692307693,0.07692307692307693,0.0,0.0,1298.3988000000002,-2.4409798873382007,4.0500284194946286,0.0,2.9692307692307716,0.2107692307692308,0.2650027820037613,-0.0015418977202711027,105.38461538461539,0.7715384615384616,0.46153846153846156
568,NPRWIGRHKHMFNFLD,inactive - virtual,inactive - virtual,0,Inactive,virtual,1,16,0.0,0.0,0.0625,0.0,0.125,0.0625,0.125,0.0625,0.0625,0.0625,0.0625,0.125,0.0625,0.0,0.125,0.0,0.0,0.0,0.0625,0.0,2068.3654,1.6298657162320735,10.835024070739745,0.1875,56.10625,-0.17562500000000006,0.3030472829101522,0.0010607386492745496,48.75,2.830625,0.3125
569,NPVLQQHFRNLEALAL,inactive - virtual,inactive - virtual,0,Inactive,virtual,1,16,0.125,0.0,0.0,0.0625,0.0625,0.0,0.0625,0.0,0.0,0.25,0.0,0.125,0.0625,0.125,0.0625,0.0,0.0,0.0625,0.0,0.0,1863.1241,-0.40482504855053225,6.749653053283692,0.0625,53.25625000000001,0.07249999999999998,0.36168538571099607,5.1526195166198816e-05,128.125,1.276875,0.5
570,NQDELEGYNLFKGSG,inactive - virtual,inactive - virtual,0,Inactive,virtual,1,15,0.0,0.0,0.06666666666666667,0.13333333333333333,0.06666666666666667,0.2,0.0,0.0,0.06666666666666667,0.13333333333333333,0.0,0.13333333333333333,0.0,0.06666666666666667,0.0,0.06666666666666667,0.0,0.0,0.0,0.06666666666666667,1670.7308000000003,-2.444870311732928,4.1373899459838865,0.13333333333333333,-4.193333333333332,-0.09133333333333335,0.1713134821568069,-0.001198271424638184,52.0,2.3073333333333332,0.2
571,NQPFALEMIKSRQKKD,inactive - virtual,inactive - virtual,0,Inactive,virtual,1,16,0.0625,0.0,0.0625,0.0625,0.0625,0.0,0.0,0.0625,0.1875,0.0625,0.0625,0.0625,0.0625,0.125,0.0625,0.0625,0.0,0.0,0.0,0.0,1933.2356999999997,1.5527475277186267,9.699800300598145,0.0625,47.50625,-0.38875000000000004,0.04700718880622465,0.0010329809025263288,55.0,3.2024999999999992,0.3125
572,NQRALLKSLQDYRQHLDQLITLISN,inactive - virtual,inactive - virtual,0,Inactive,virtual,1,25,0.04,0.0,0.08,0.0,0.0,0.0,0.04,0.08,0.04,0.24,0.0,0.08,0.0,0.16,0.08,0.08,0.04,0.0,0.0,0.04,2981.3655,0.5899108552516878,8.596037101745608,0.04,24.872,-0.1516,0.47116782788958145,0.00036727958193856535,128.8,2.4507999999999996,0.36
573,NREANLQALIATG,inactive - virtual,inactive - virtual,0,Inactive,virtual,1,13,0.23076923076923078,0.0,0.0,0.07692307692307693,0.0,0.07692307692307693,0.0,0.07692307692307693,0.0,0.15384615384615385,0.0,0.15384615384615385,0.0,0.07692307692307693,0.07692307692307693,0.0,0.07692307692307693,0.0,0.0,0.0,1370.5111,-0.4414514897265791,6.0021066665649405,0.0,27.77692307692308,0.01846153846153842,0.12544240860678282,-2.188966151286747e-06,113.07692307692308,1.6915384615384605,0.46153846153846156
574,NRKMAMGRKKFNMD,inactive - virtual,inactive - virtual,0,Inactive,virtual,1,14,0.07142857142857142,0.0,0.07142857142857142,0.0,0.07142857142857142,0.07142857142857142,0.0,0.0,0.21428571428571427,0.0,0.21428571428571427,0.14285714285714285,0.0,0.0,0.14285714285714285,0.0,0.0,0.0,0.0,0.0,1727.0871999999995,3.551601648545409,11.097152519226071,0.07142857142857144,41.385714285714286,-0.5528571428571429,0.21785876673564228,0.0023137184512677395,7.142857142857142,3.9792857142857136,0.35714285714285715
575,NSDQDAGIAIIRRAL,inactive - virtual,inactive - virtual,0,Inactive,virtual,1,15,0.2,0.0,0.13333333333333333,0.0,0.0,0.06666666666666667,0.0,0.2,0.0,0.06666666666666667,0.0,0.06666666666666667,0.0,0.06666666666666667,0.13333333333333333,0.06666666666666667,0.0,0.0,0.0,0.0,1612.786,-0.44170440058978766,5.961182594299316,0.0,54.7,-0.06466666666666668,0.37032497552863397,-1.860130581166798e-06,124.0,2.4539999999999997,0.4666666666666667
576,NSNHQMLLVQQAEDKIKELLNT,inactive - virtual,inactive - virtual,0,Inactive,virtual,1,22,0.045454545454545456,0.0,0.045454545454545456,0.09090909090909091,0.0,0.0,0.045454545454545456,0.045454545454545456,0.09090909090909091,0.18181818181818182,0.045454545454545456,0.13636363636363635,0.0,0.13636363636363635,0.0,0.045454545454545456,0.045454545454545456,0.045454545454545456,0.0,0.0,2566.8841,-1.408243870556881,5.4454256057739245,0.0,11.618181818181816,-0.12454545454545456,0.2959314193363199,-0.0003513979952393753,106.36363636363637,2.1731818181818174,0.36363636363636365
577,NSNTFLTRLLVHM,inactive - virtual,inactive - virtual,0,Inactive,virtual,1,13,0.0,0.0,0.0,0.0,0.07692307692307693,0.0,0.07692307692307693,0.0,0.0,0.23076923076923078,0.07692307692307693,0.15384615384615385,0.0,0.0,0.07692307692307693,0.07692307692307693,0.15384615384615385,0.07692307692307693,0.0,0.0,1545.8042,0.594054190509623,9.756532478332517,0.07692307692307693,12.192307692307693,0.1153846153846154,0.3630427095964444,0.0007083664874725872,112.3076923076923,1.3284615384615384,0.46153846153846156
578,NSREREMFVQEVRRYY,inactive - virtual,inactive - virtual,0,Inactive,virtual,1,16,0.0,0.0,0.0,0.1875,0.0625,0.0,0.0,0.0,0.0,0.0,0.0625,0.0625,0.0,0.0625,0.25,0.0625,0.0,0.125,0.0,0.125,2162.3874000000005,0.5557034921184183,8.586818122863772,0.1875,72.25,-0.591875,0.38315453167584806,0.0004615263666591133,36.25,5.16,0.25
579,NSSDSIDWLTSM,inactive - virtual,inactive - virtual,0,Inactive,virtual,1,12,0.0,0.0,0.16666666666666666,0.0,0.0,0.0,0.0,0.08333333333333333,0.0,0.08333333333333333,0.08333333333333333,0.08333333333333333,0.0,0.0,0.0,0.3333333333333333,0.08333333333333333,0.0,0.08333333333333333,0.0,1355.4269,-2.4416541641230403,4.0500284194946286,0.08333333333333334,51.550000000000004,0.049999999999999996,0.28638780166749056,-0.0014777598252952938,64.99999999999999,2.1441666666666666,0.25
580,NSVLRAVAEVYA,inactive - virtual,inactive - virtual,0,Inactive,virtual,1,12,0.25,0.0,0.0,0.08333333333333333,0.0,0.0,0.0,0.0,0.0,0.08333333333333333,0.0,0.08333333333333333,0.0,0.0,0.08333333333333333,0.08333333333333333,0.0,0.25,0.0,0.08333333333333333,1291.4524,-0.4439570823938648,6.00136775970459,0.08333333333333334,38.66666666666667,0.19333333333333338,0.5217633345470923,-3.0972937395950286e-06,130.0,0.7866666666666666,0.5833333333333334
581,NTDTLERVTEIFKALG,inactive - virtual,inactive - virtual,0,Inactive,virtual,1,16,0.0625,0.0,0.0625,0.125,0.0625,0.0625,0.0,0.0625,0.0625,0.125,0.0,0.0625,0.0,0.0,0.0625,0.0,0.1875,0.0625,0.0,0.0,1807.0098000000003,-1.4423898372990154,4.679122352600097,0.0625,4.050000000000003,-0.019374999999999996,0.45217424072566376,-0.00055395376893321,97.5,2.039375,0.375
582,NTEKLLKTVPIIQNQMDALLD,inactive - virtual,inactive - virtual,0,Inactive,virtual,1,21,0.047619047619047616,0.0,0.09523809523809523,0.047619047619047616,0.0,0.0,0.0,0.09523809523809523,0.09523809523809523,0.19047619047619047,0.047619047619047616,0.09523809523809523,0.047619047619047616,0.09523809523809523,0.0,0.0,0.09523809523809523,0.047619047619047616,0.0,0.0,2397.7857999999997,-1.4442752772257093,4.780807304382324,0.0,12.147619047619049,0.03714285714285715,0.35355732050405486,-0.0004178848022554102,130.0,1.2919047619047617,0.42857142857142855
583,NTPEAYSVLFDMAREVNRLKAED,inactive - virtual,inactive - virtual,0,Inactive,virtual,1,23,0.13043478260869565,0.0,0.08695652173913043,0.13043478260869565,0.043478260869565216,0.0,0.0,0.0,0.043478260869565216,0.08695652173913043,0.043478260869565216,0.08695652173913043,0.043478260869565216,0.0,0.08695652173913043,0.043478260869565216,0.043478260869565216,0.08695652173913043,0.0,0.043478260869565216,2668.9313,-2.4420839918127677,4.651157569885254,0.08695652173913043,28.843478260869567,-0.16652173913043478,0.3265895215142841,-0.0007493611696029135,72.17391304347825,2.781304347826087,0.391304347826087
584,NVGKAWAEDVLALVKH,inactive - virtual,inactive - virtual,0,Inactive,virtual,1,16,0.1875,0.0,0.0625,0.0625,0.0,0.0625,0.0625,0.0,0.125,0.125,0.0,0.0625,0.0,0.0,0.0,0.0,0.0,0.1875,0.0625,0.0,1750.0063,-0.40936463149672564,6.751130867004395,0.0625,-0.3937499999999977,0.17687500000000003,0.4271394171959645,5.4856829389546345e-05,121.875,0.454375,0.5
585,NVKDLADAAKRT,inactive - virtual,inactive - virtual,0,Inactive,virtual,1,12,0.25,0.0,0.16666666666666666,0.0,0.0,0.0,0.0,0.0,0.16666666666666666,0.08333333333333333,0.0,0.08333333333333333,0.0,0.0,0.08333333333333333,0.0,0.08333333333333333,0.08333333333333333,0.0,0.0,1301.4492,0.5533095323090143,8.589848136901857,0.0,26.858333333333338,-0.3391666666666666,0.6280312336895782,0.0007653002420377271,81.66666666666666,3.19,0.4166666666666667
586,NVKDVTKLVAN,inactive - virtual,inactive - virtual,0,Inactive,virtual,1,11,0.09090909090909091,0.0,0.09090909090909091,0.0,0.0,0.0,0.0,0.0,0.18181818181818182,0.09090909090909091,0.0,0.18181818181818182,0.0,0.0,0.0,0.0,0.09090909090909091,0.2727272727272727,0.0,0.0,1200.3848999999998,0.5528881663873828,8.59094409942627,0.0,-8.963636363636363,-0.044545454545454534,0.5625533844734639,0.0008297303376402669,123.63636363636363,1.529090909090909,0.45454545454545453
587,NWDDMEKIWHHTFYN,inactive - virtual,inactive - virtual,0,Inactive,virtual,1,15,0.0,0.0,0.13333333333333333,0.06666666666666667,0.06666666666666667,0.0,0.13333333333333333,0.06666666666666667,0.06666666666666667,0.0,0.06666666666666667,0.13333333333333333,0.0,0.0,0.0,0.0,0.06666666666666667,0.0,0.13333333333333333,0.06666666666666667,2036.1845000000008,-2.372291706165674,5.212840461730956,0.26666666666666666,37.480666666666664,-0.08866666666666666,0.36249696611454546,-0.0008864595150747228,26.0,2.68,0.2
588,NYAHLNRGIALYYG,inactive - virtual,inactive - virtual,0,Inactive,virtual,1,14,0.14285714285714285,0.0,0.0,0.0,0.0,0.14285714285714285,0.07142857142857142,0.07142857142857142,0.0,0.14285714285714285,0.0,0.14285714285714285,0.0,0.0,0.07142857142857142,0.0,0.0,0.0,0.0,0.21428571428571427,1624.7962999999997,0.5865374125077658,8.504105186462404,0.21428571428571427,10.757142857142854,0.15142857142857144,0.221262746799559,0.000672082717872969,97.85714285714286,0.9299999999999999,0.35714285714285715
589,NYEEIYILNHILR,inactive - virtual,inactive - virtual,0,Inactive,virtual,1,13,0.0,0.0,0.0,0.15384615384615385,0.0,0.0,0.07692307692307693,0.23076923076923078,0.0,0.15384615384615385,0.0,0.15384615384615385,0.0,0.0,0.07692307692307693,0.0,0.0,0.0,0.0,0.15384615384615385,1689.9079000000002,-1.4087154729452593,5.399442863464355,0.15384615384615385,121.56923076923077,0.07538461538461538,0.37033537247238957,-0.0005349397305181933,150.0,1.7046153846153844,0.38461538461538464
590,NYEKFSETKERLLEKF,inactive - virtual,inactive - virtual,0,Inactive,virtual,1,16,0.0,0.0,0.0,0.25,0.125,0.0,0.0,0.0,0.1875,0.125,0.0,0.0625,0.0,0.0,0.0625,0.0625,0.0625,0.0,0.0,0.0625,2061.2937000000006,-0.4481115775761886,6.289825630187988,0.1875,16.700000000000003,-0.3818750000000001,0.4989690656272384,0.0,48.75,3.485,0.25
591,PAERYYRDARIT,inactive - virtual,inactive - virtual,0,Inactive,virtual,1,12,0.16666666666666666,0.0,0.08333333333333333,0.08333333333333333,0.0,0.0,0.0,0.08333333333333333,0.0,0.0,0.0,0.0,0.08333333333333333,0.0,0.25,0.0,0.08333333333333333,0.0,0.0,0.16666666666666666,1510.6526999999999,0.8978087679864819,9.002187919616702,0.16666666666666669,15.125000000000002,-0.49249999999999994,0.4759135681105316,0.000659318836262536,49.16666666666666,4.55,0.25
592,PALDILKALVDNLYVEN,inactive - virtual,inactive - virtual,0,Inactive,virtual,1,17,0.11764705882352941,0.0,0.11764705882352941,0.058823529411764705,0.0,0.0,0.0,0.058823529411764705,0.058823529411764705,0.23529411764705882,0.0,0.11764705882352941,0.058823529411764705,0.0,0.0,0.0,0.0,0.11764705882352941,0.0,0.058823529411764705,1900.1758,-2.1016693931583927,4.0500284194946286,0.05882352941176471,18.235294117647058,0.23647058823529415,0.2793545579667178,-0.0010541106632003285,160.58823529411765,0.40705882352941175,0.5294117647058824
593,PATSRKIFKYIRELDE,inactive - virtual,inactive - virtual,0,Inactive,virtual,1,16,0.0625,0.0,0.0625,0.125,0.0625,0.0,0.0,0.125,0.125,0.0625,0.0,0.0,0.0625,0.0,0.125,0.0625,0.0625,0.0,0.0,0.0625,1966.2408,0.8985415411491116,8.90187511444092,0.125,18.75,-0.281875,0.6036699579272908,0.0005075677435104565,79.375,3.115,0.3125
594,PDEVSALRRTTEKNTTTLINLAKQH,inactive - virtual,inactive - virtual,0,Inactive,virtual,1,25,0.08,0.0,0.04,0.08,0.0,0.0,0.04,0.04,0.08,0.12,0.0,0.08,0.04,0.04,0.08,0.04,0.2,0.04,0.0,0.0,2837.1496,0.9355810883357476,9.004895591735842,0.0,50.964000000000006,-0.2584,0.3574174093152284,0.0003870067250348941,82.0,3.026799999999999,0.28
595,PDFRKAFKRLL,inactive - virtual,inactive - virtual,0,Inactive,virtual,1,11,0.09090909090909091,0.0,0.09090909090909091,0.0,0.18181818181818182,0.0,0.0,0.0,0.18181818181818182,0.18181818181818182,0.0,0.0,0.09090909090909091,0.0,0.18181818181818182,0.0,0.0,0.0,0.0,0.0,1390.6746,2.8967131252800113,11.002964210510253,0.18181818181818182,11.354545454545455,-0.32363636363636367,0.7289890251277925,0.0021543417608651883,80.00000000000001,2.9136363636363636,0.45454545454545453
596,PDIKAQYQQRWL,inactive - virtual,inactive - virtual,0,Inactive,virtual,1,12,0.08333333333333333,0.0,0.08333333333333333,0.0,0.0,0.0,0.0,0.08333333333333333,0.08333333333333333,0.08333333333333333,0.0,0.0,0.08333333333333333,0.25,0.08333333333333333,0.0,0.0,0.0,0.08333333333333333,0.08333333333333333,1545.7397,0.8967382435133842,9.004895591735842,0.16666666666666669,63.59166666666667,-0.26166666666666666,0.19935509986337127,0.0006437046333794817,73.33333333333331,2.6641666666666666,0.25
597,PDYREVMETFQE,inactive - virtual,inactive - virtual,0,Inactive,virtual,1,12,0.0,0.0,0.08333333333333333,0.25,0.08333333333333333,0.0,0.0,0.0,0.0,0.0,0.08333333333333333,0.0,0.08333333333333333,0.08333333333333333,0.08333333333333333,0.0,0.08333333333333333,0.08333333333333333,0.0,0.08333333333333333,1543.6527000000003,-3.0953013943430996,4.2445882797241214,0.16666666666666669,15.125000000000002,-0.26666666666666666,0.49417930857354353,-0.0019434457292780098,24.16666666666666,3.579166666666667,0.25
598,PEALTVAATEVRRIRDRAIQSDAQVAPMTT,inactive - virtual,inactive - virtual,0,Inactive,virtual,1,30,0.2,0.0,0.06666666666666667,0.06666666666666667,0.0,0.0,0.0,0.06666666666666667,0.0,0.03333333333333333,0.03333333333333333,0.0,0.06666666666666667,0.06666666666666667,0.13333333333333333,0.03333333333333333,0.13333333333333333,0.1,0.0,0.0,3267.671799999999,-0.09563791981747016,6.640635871887207,0.0,53.54,-0.11866666666666664,0.2938815854743611,-0.0,88.0,2.513666666666666,0.43333333333333335
599,PEDFANHLFTVFD,inactive - virtual,inactive - virtual,0,Inactive,virtual,1,13,0.07692307692307693,0.0,0.15384615384615385,0.07692307692307693,0.23076923076923078,0.0,0.07692307692307693,0.0,0.0,0.07692307692307693,0.0,0.07692307692307693,0.07692307692307693,0.0,0.0,0.0,0.07692307692307693,0.07692307692307693,0.0,0.0,1551.653,-3.0587624553557156,4.265789222717285,0.23076923076923075,41.10769230769231,0.21307692307692308,0.48529400757118385,-0.0018708995527370687,60.0,1.4161538461538459,0.46153846153846156
600,PEKEAVTLGIKALKSSL,inactive - virtual,inactive - virtual,0,Inactive,virtual,1,17,0.11764705882352941,0.0,0.0,0.11764705882352941,0.0,0.058823529411764705,0.0,0.058823529411764705,0.17647058823529413,0.17647058823529413,0.0,0.0,0.058823529411764705,0.0,0.0,0.11764705882352941,0.058823529411764705,0.058823529411764705,0.0,0.0,1784.1023999999998,0.896052806804156,8.903615760803223,0.0,10.988235294117647,0.07352941176470591,0.3306973505163492,0.0005593825492822752,120.58823529411765,0.6682352941176471,0.4117647058823529
601,PEVQIAILTEQINNLNEHLRV,inactive - virtual,inactive - virtual,0,Inactive,virtual,1,21,0.047619047619047616,0.0,0.0,0.14285714285714285,0.0,0.0,0.047619047619047616,0.14285714285714285,0.0,0.14285714285714285,0.0,0.14285714285714285,0.047619047619047616,0.09523809523809523,0.047619047619047616,0.0,0.047619047619047616,0.09523809523809523,0.0,0.0,2443.7531000000004,-2.0587083313114682,4.75284252166748,0.0,50.8952380952381,0.058571428571428594,0.26941285321469904,-0.00077789963007824,143.8095238095238,1.6271428571428572,0.42857142857142855
602,PEYEHLYTELTGTIVLLIES,inactive - virtual,inactive - virtual,0,Inactive,virtual,1,20,0.0,0.0,0.0,0.2,0.0,0.05,0.05,0.1,0.0,0.2,0.0,0.0,0.05,0.0,0.0,0.05,0.15,0.05,0.0,0.1,2320.5891000000006,-4.062573637472822,4.088167381286621,0.1,34.9,0.28650000000000003,0.236531283201438,-0.0016810307679048521,131.5,0.4394999999999998,0.35
603,PGLRRAWKRLQ,inactive - virtual,inactive - virtual,0,Inactive,virtual,1,11,0.09090909090909091,0.0,0.0,0.0,0.0,0.09090909090909091,0.0,0.0,0.09090909090909091,0.18181818181818182,0.0,0.0,0.09090909090909091,0.09090909090909091,0.2727272727272727,0.0,0.0,0.0,0.09090909090909091,0.0,1380.6434000000002,3.8987471155589177,11.999967765808105,0.09090909090909091,137.94545454545454,-0.5109090909090909,0.7426171450933535,0.002894309885270599,80.00000000000001,3.7209090909090907,0.2727272727272727
604,PGRIQRVARGS,inactive - virtual,inactive - virtual,0,Inactive,virtual,1,11,0.09090909090909091,0.0,0.0,0.0,0.0,0.18181818181818182,0.0,0.09090909090909091,0.0,0.0,0.0,0.0,0.09090909090909091,0.09090909090909091,0.2727272727272727,0.09090909090909091,0.0,0.09090909090909091,0.0,0.0,1196.3632,2.901252708226204,11.999967765808105,0.0,1.3727272727272726,-0.3936363636363636,0.5886366970833671,0.0025042629308903675,70.90909090909092,3.7318181818181824,0.2727272727272727
605,PIAFIHKAI,inactive - virtual,inactive - virtual,0,Inactive,virtual,1,9,0.2222222222222222,0.0,0.0,0.0,0.1111111111111111,0.0,0.1111111111111111,0.3333333333333333,0.1111111111111111,0.0,0.0,0.0,0.1111111111111111,0.0,0.0,0.0,0.0,0.0,0.0,0.0,1009.2445,0.9354489114350857,9.181216621398928,0.1111111111111111,48.91111111111111,0.5399999999999999,0.47903584156932194,0.001083973247460986,152.2222222222222,-1.238888888888889,0.6666666666666666
606,PIDIDYMISDTLELLR,inactive - virtual,inactive - virtual,0,Inactive,virtual,1,16,0.0,0.0,0.1875,0.0625,0.0,0.0,0.0,0.1875,0.0,0.1875,0.0625,0.0,0.0625,0.0,0.0625,0.0625,0.0625,0.0,0.0,0.0625,1907.1884,-3.098742434569476,4.0500284194946286,0.0625,39.48125,0.14687499999999998,0.34738885474295395,-0.0015740434880635909,146.25,1.3831250000000002,0.4375
607,PIEAFLRLNEELEERG,inactive - virtual,inactive - virtual,0,Inactive,virtual,1,16,0.0625,0.0,0.0,0.3125,0.0625,0.0625,0.0,0.0625,0.0,0.1875,0.0,0.0625,0.0625,0.0,0.125,0.0,0.0,0.0,0.0,0.0,1915.1079000000004,-3.093118368841199,4.325299644470216,0.0625,84.31875,-0.14749999999999996,0.48047483768828647,-0.001564923163682504,103.75,2.82,0.375
608,PIKFIRKA,inactive - virtual,inactive - virtual,0,Inactive,virtual,1,8,0.125,0.0,0.0,0.0,0.125,0.0,0.0,0.25,0.25,0.0,0.0,0.0,0.125,0.0,0.125,0.0,0.0,0.0,0.0,0.0,972.2277000000001,2.89629175935838,11.168776893615721,0.125,-1.8625000000000003,-0.095,0.7909744075127042,0.003080546784197155,110.0,1.4237499999999998,0.5
609,PKAYAQHVFRS,inactive - virtual,inactive - virtual,0,Inactive,virtual,1,11,0.18181818181818182,0.0,0.0,0.0,0.09090909090909091,0.0,0.09090909090909091,0.0,0.09090909090909091,0.0,0.0,0.0,0.09090909090909091,0.09090909090909091,0.09090909090909091,0.09090909090909091,0.0,0.09090909090909091,0.0,0.09090909090909091,1303.4680999999998,1.9329182005344263,10.010280036926268,0.18181818181818182,70.56363636363636,-0.13727272727272724,0.4562324779452061,0.001606481161821906,44.54545454545455,2.1427272727272726,0.36363636363636365
610,PKPLVSFFQSLLQLVNHDLLEQQN,inactive - virtual,inactive - virtual,0,Inactive,virtual,1,24,0.0,0.0,0.041666666666666664,0.041666666666666664,0.08333333333333333,0.0,0.041666666666666664,0.0,0.041666666666666664,0.25,0.0,0.08333333333333333,0.08333333333333333,0.16666666666666666,0.0,0.08333333333333333,0.0,0.08333333333333333,0.0,0.0,2808.1904999999997,-1.062983843470065,5.328337287902832,0.08333333333333334,54.38333333333334,0.10750000000000004,0.33055565319077257,-0.00032191439356171216,121.66666666666666,1.0175,0.4166666666666667
611,PLEELFLEQLEA,inactive - virtual,inactive - virtual,0,Inactive,virtual,1,12,0.08333333333333333,0.0,0.0,0.3333333333333333,0.08333333333333333,0.0,0.0,0.0,0.0,0.3333333333333333,0.0,0.0,0.08333333333333333,0.08333333333333333,0.0,0.0,0.0,0.0,0.0,0.0,1430.5978,-4.094188893314297,4.0500284194946286,0.08333333333333334,52.38333333333333,0.21083333333333334,0.2843417703021199,-0.0027946316230952053,138.33333333333331,0.6924999999999998,0.5
612,PLGRLIHMVNQKKDRLLNEYLS,inactive - virtual,inactive - virtual,0,Inactive,virtual,1,22,0.0,0.0,0.045454545454545456,0.045454545454545456,0.0,0.045454545454545456,0.045454545454545456,0.045454545454545456,0.09090909090909091,0.22727272727272727,0.045454545454545456,0.09090909090909091,0.045454545454545456,0.045454545454545456,0.09090909090909091,0.045454545454545456,0.0,0.045454545454545456,0.0,0.045454545454545456,2638.0960000000005,1.9319547347286172,9.719398689270019,0.045454545454545456,8.3,-0.14227272727272727,0.4677561331135997,0.0007941321405557031,119.54545454545455,2.12,0.36363636363636365
613,PLTKGILGFVFTLT,inactive - virtual,inactive - virtual,0,Inactive,virtual,1,14,0.0,0.0,0.0,0.0,0.14285714285714285,0.14285714285714285,0.0,0.07142857142857142,0.07142857142857142,0.21428571428571427,0.0,0.0,0.07142857142857142,0.0,0.0,0.0,0.21428571428571427,0.07142857142857142,0.0,0.0,1506.8261,0.8988224702590388,9.179991722106934,0.14285714285714288,10.914285714285715,0.545,0.3187456656699285,0.0006609902908755467,132.14285714285714,-1.307142857142857,0.5
614,PNDMSRIFNIVKESL,inactive - virtual,inactive - virtual,0,Inactive,virtual,1,15,0.0,0.0,0.06666666666666667,0.06666666666666667,0.06666666666666667,0.0,0.0,0.13333333333333333,0.06666666666666667,0.06666666666666667,0.06666666666666667,0.13333333333333333,0.06666666666666667,0.0,0.06666666666666667,0.13333333333333333,0.0,0.06666666666666667,0.0,0.0,1763.0232999999998,-0.09963540287948547,6.492854499816894,0.06666666666666667,86.02,-0.04000000000000002,0.5507600388704277,-1.1344106453094955e-06,97.33333333333333,2.13,0.4
615,PNGPTHAPWLLAHKIQ,inactive - virtual,inactive - virtual,0,Inactive,virtual,1,16,0.125,0.0,0.0,0.0,0.0,0.0625,0.125,0.0625,0.0625,0.125,0.0,0.0625,0.1875,0.0625,0.0,0.0,0.0625,0.0,0.0625,0.0,1780.0373000000004,0.9720753526111328,9.182377052307132,0.0625,22.11875,0.15687500000000001,0.21669059009373126,0.0006702058930928907,85.625,0.498125,0.3125
616,PQHERDVIYEEES,inactive - virtual,inactive - virtual,0,Inactive,virtual,1,13,0.0,0.0,0.07692307692307693,0.3076923076923077,0.0,0.0,0.07692307692307693,0.07692307692307693,0.0,0.0,0.0,0.0,0.07692307692307693,0.07692307692307693,0.07692307692307693,0.07692307692307693,0.0,0.07692307692307693,0.0,0.07692307692307693,1630.6672,-4.059646678883905,4.245895576477051,0.07692307692307693,83.21538461538464,-0.3776923076923077,0.2387290940067953,-0.0023916549639105395,52.30769230769231,4.281538461538462,0.15384615384615385
617,PQSYAMAIARQESA,inactive - virtual,inactive - virtual,0,Inactive,virtual,1,14,0.2857142857142857,0.0,0.0,0.07142857142857142,0.0,0.0,0.0,0.07142857142857142,0.0,0.0,0.07142857142857142,0.0,0.07142857142857142,0.14285714285714285,0.07142857142857142,0.14285714285714285,0.0,0.0,0.0,0.07142857142857142,1522.6816,-0.10008188703448972,6.42618236541748,0.07142857142857144,121.42857142857142,-0.028571428571428543,0.21363235919083223,-2.626929972614255e-06,56.42857142857142,1.8028571428571427,0.42857142857142855
618,PQYALELLTVYAWEQGS,inactive - virtual,inactive - virtual,0,Inactive,virtual,1,17,0.11764705882352941,0.0,0.0,0.11764705882352941,0.0,0.058823529411764705,0.0,0.0,0.0,0.17647058823529413,0.0,0.0,0.058823529411764705,0.11764705882352941,0.0,0.058823529411764705,0.058823529411764705,0.058823529411764705,0.058823529411764705,0.11764705882352941,1968.1653000000006,-2.101441600528558,4.0500284194946286,0.17647058823529413,51.058823529411775,0.2447058823529412,0.10365948496187116,-0.0010176966420583587,97.64705882352942,0.3094117647058823,0.35294117647058826
619,PQYSQARVMLVKTISMISIVDDTFDA,inactive - virtual,inactive - virtual,0,Inactive,virtual,1,26,0.07692307692307693,0.0,0.11538461538461539,0.0,0.038461538461538464,0.0,0.0,0.11538461538461539,0.038461538461538464,0.038461538461538464,0.07692307692307693,0.0,0.038461538461538464,0.07692307692307693,0.038461538461538464,0.11538461538461539,0.07692307692307693,0.11538461538461539,0.0,0.038461538461538464,2929.3669999999997,-1.102368788176606,4.429428672790528,0.07692307692307693,15.08846153846154,0.14076923076923079,0.15713019430838224,-0.00034273464009449095,101.15384615384616,1.1573076923076926,0.46153846153846156
620,PRESFAVLASALALMAAVFERLAVEIRELS,inactive - virtual,inactive - virtual,0,Inactive,virtual,1,30,0.23333333333333334,0.0,0.0,0.13333333333333333,0.06666666666666667,0.0,0.0,0.03333333333333333,0.0,0.16666666666666666,0.03333333333333333,0.0,0.03333333333333333,0.0,0.1,0.1,0.0,0.1,0.0,0.0,3260.803,-1.0942642480144178,4.949391746520996,0.06666666666666667,24.10666666666667,0.2233333333333333,0.33879424679518105,-0.0003063655962782254,130.33333333333331,0.6526666666666666,0.6333333333333333
621,PRRQQSLALRWLVQAANQ,inactive - virtual,inactive - virtual,0,Inactive,virtual,1,18,0.16666666666666666,0.0,0.0,0.0,0.0,0.0,0.0,0.0,0.0,0.16666666666666666,0.0,0.05555555555555555,0.05555555555555555,0.2222222222222222,0.16666666666666666,0.05555555555555555,0.0,0.05555555555555555,0.05555555555555555,0.0,2135.4316999999996,2.901252708226204,11.999967765808105,0.05555555555555555,128.07777777777778,-0.25944444444444437,0.4239791699997194,0.0014029895478215263,97.77777777777776,2.7999999999999994,0.3888888888888889
622,PSALIDQEINVLRQQAAQRF,inactive - virtual,inactive - virtual,0,Inactive,virtual,1,20,0.15,0.0,0.05,0.05,0.05,0.0,0.0,0.1,0.0,0.1,0.0,0.05,0.05,0.2,0.1,0.05,0.0,0.05,0.0,0.0,2297.5688999999993,-0.09715492844557261,6.497856330871582,0.05,67.28,-0.08599999999999998,0.16301741076680804,-8.70484903615559e-07,107.5,2.2720000000000002,0.45
623,PSDQQNEMVRE,inactive - virtual,inactive - virtual,0,Inactive,virtual,1,11,0.0,0.0,0.09090909090909091,0.18181818181818182,0.0,0.0,0.0,0.0,0.0,0.0,0.09090909090909091,0.09090909090909091,0.09090909090909091,0.18181818181818182,0.09090909090909091,0.09090909090909091,0.0,0.09090909090909091,0.0,0.0,1332.3969,-2.093916562615658,4.426927757263184,0.0,44.10909090909091,-0.5163636363636364,0.4129664361275744,-0.0015018012608826177,26.363636363636367,4.7263636363636365,0.18181818181818182
624,PSFFRLHKYMDNIFKKHTD,inactive - virtual,inactive - virtual,0,Inactive,virtual,1,19,0.0,0.0,0.10526315789473684,0.0,0.15789473684210525,0.0,0.10526315789473684,0.05263157894736842,0.15789473684210525,0.05263157894736842,0.05263157894736842,0.05263157894736842,0.05263157894736842,0.0,0.05263157894736842,0.05263157894736842,0.05263157894736842,0.0,0.0,0.05263157894736842,2424.7761,1.9666957359779698,9.555262184143068,0.21052631578947367,66.44736842105262,-0.1836842105263158,0.5206203983610912,0.0009044119466508301,41.05263157894736,2.6289473684210525,0.3157894736842105
625,PSSQIVGTQAVFNVMMG,inactive - virtual,inactive - virtual,0,Inactive,virtual,1,17,0.058823529411764705,0.0,0.0,0.0,0.058823529411764705,0.11764705882352941,0.0,0.058823529411764705,0.0,0.0,0.11764705882352941,0.058823529411764705,0.058823529411764705,0.11764705882352941,0.0,0.11764705882352941,0.058823529411764705,0.17647058823529413,0.0,0.0,1766.0469000000003,-0.09867193707367528,5.954987144470215,0.05882352941176471,22.288235294117644,0.3523529411764706,0.04779144840159437,-2.264941536196597e-06,80.0,-0.07764705882352946,0.47058823529411764
626,PSVVANTVKGG,inactive - virtual,inactive - virtual,0,Inactive,virtual,1,11,0.09090909090909091,0.0,0.0,0.0,0.0,0.18181818181818182,0.0,0.0,0.09090909090909091,0.0,0.0,0.09090909090909091,0.09090909090909091,0.0,0.0,0.09090909090909091,0.09090909090909091,0.2727272727272727,0.0,0.0,1028.1600999999998,0.8988224702590388,9.179991722106934,0.0,19.763636363636365,0.22636363636363638,0.3687074397652358,0.000968720821661998,88.18181818181817,0.2136363636363635,0.36363636363636365
627,PTKEREQVIAHLGL,inactive - virtual,inactive - virtual,0,Inactive,virtual,1,14,0.07142857142857142,0.0,0.0,0.14285714285714285,0.0,0.07142857142857142,0.07142857142857142,0.07142857142857142,0.07142857142857142,0.14285714285714285,0.0,0.0,0.07142857142857142,0.07142857142857142,0.07142857142857142,0.0,0.07142857142857142,0.07142857142857142,0.0,0.0,1590.8219000000001,-0.06233468491859906,7.179298973083497,0.0,11.592857142857145,-0.06142857142857142,0.1047281684830584,6.097445987314798e-05,111.42857142857142,1.807857142857143,0.35714285714285715
628,PTLLDLFAEDIGHANQLLQLVDEEFQALER,inactive - virtual,inactive - virtual,0,Inactive,virtual,1,30,0.1,0.0,0.1,0.13333333333333333,0.06666666666666667,0.03333333333333333,0.03333333333333333,0.03333333333333333,0.0,0.23333333333333334,0.0,0.03333333333333333,0.03333333333333333,0.1,0.03333333333333333,0.0,0.03333333333333333,0.03333333333333333,0.0,0.0,3438.7922,-6.056248117906609,4.0500284194946286,0.06666666666666667,30.29666666666667,0.10400000000000004,0.396586804717775,-0.0017151331859951145,123.66666666666666,1.4359999999999997,0.4666666666666667
629,PVSDTMDMLTKL,inactive - virtual,inactive - virtual,0,Inactive,virtual,1,12,0.0,0.0,0.16666666666666666,0.0,0.0,0.0,0.0,0.0,0.08333333333333333,0.16666666666666666,0.16666666666666666,0.0,0.08333333333333333,0.0,0.0,0.08333333333333333,0.16666666666666666,0.08333333333333333,0.0,0.0,1350.6009000000001,-1.1002845614309513,4.208154487609863,0.0,5.616666666666669,0.09333333333333337,0.493383839694085,-0.0007426329038945653,89.16666666666664,1.079166666666667,0.4166666666666667
630,PWTQRFFESFG,inactive - virtual,inactive - virtual,0,Inactive,virtual,1,11,0.0,0.0,0.0,0.09090909090909091,0.2727272727272727,0.09090909090909091,0.0,0.0,0.0,0.0,0.0,0.0,0.09090909090909091,0.09090909090909091,0.09090909090909091,0.09090909090909091,0.09090909090909091,0.0,0.09090909090909091,0.0,1401.5232000000003,-0.09757629436720405,6.431184196472167,0.36363636363636365,3.4636363636363656,0.06272727272727273,0.5201724414741304,-2.1405178626215637e-06,0.0,1.9118181818181812,0.2727272727272727
631,QAGNYASMFWLT,inactive - virtual,inactive - virtual,0,Inactive,virtual,1,12,0.16666666666666666,0.0,0.0,0.0,0.08333333333333333,0.08333333333333333,0.0,0.0,0.0,0.08333333333333333,0.08333333333333333,0.08333333333333333,0.0,0.08333333333333333,0.0,0.08333333333333333,0.08333333333333333,0.0,0.08333333333333333,0.08333333333333333,1388.5459,-0.445052725100336,5.524318122863768,0.25,32.108333333333334,0.3225,0.209137149325517,-3.600878614381909e-06,49.16666666666666,0.09583333333333333,0.4166666666666667
632,QAKEVLKQHFEKS,inactive - virtual,inactive - virtual,0,Inactive,virtual,1,13,0.07692307692307693,0.0,0.0,0.15384615384615385,0.07692307692307693,0.0,0.07692307692307693,0.0,0.23076923076923078,0.07692307692307693,0.0,0.0,0.0,0.15384615384615385,0.0,0.07692307692307693,0.0,0.07692307692307693,0.0,0.0,1571.7755,0.5888040526208282,8.505330085754395,0.07692307692307693,12.90769230769231,-0.3261538461538462,0.3987302643285854,0.0006979348254844825,60.0,2.7430769230769227,0.3076923076923077
633,QARVWVARAVSEHQRFTA,inactive - virtual,inactive - virtual,0,Inactive,virtual,1,18,0.2222222222222222,0.0,0.0,0.05555555555555555,0.05555555555555555,0.0,0.05555555555555555,0.0,0.0,0.0,0.0,0.0,0.0,0.1111111111111111,0.16666666666666666,0.05555555555555555,0.05555555555555555,0.16666666666666666,0.05555555555555555,0.0,2112.3536000000004,1.5951247149827208,11.69902935028076,0.1111111111111111,11.238888888888892,-0.1544444444444444,0.32054287327866454,0.0009922598054299715,70.55555555555554,2.7005555555555554,0.4444444444444444
634,QASTGSLLNILR,inactive - virtual,inactive - virtual,0,Inactive,virtual,1,12,0.08333333333333333,0.0,0.0,0.0,0.0,0.08333333333333333,0.0,0.08333333333333333,0.0,0.25,0.0,0.08333333333333333,0.0,0.08333333333333333,0.08333333333333333,0.16666666666666666,0.08333333333333333,0.0,0.0,0.0,1272.4509,0.5574277493335762,9.750021171569824,0.0,70.80833333333334,0.10500000000000002,0.39223644823561377,0.0007827358030900774,138.33333333333331,1.1700000000000002,0.4166666666666667
635,QDDVLEALSAAVR,inactive - virtual,inactive - virtual,0,Inactive,virtual,1,13,0.23076923076923078,0.0,0.15384615384615385,0.07692307692307693,0.0,0.0,0.0,0.0,0.0,0.15384615384615385,0.0,0.0,0.0,0.07692307692307693,0.07692307692307693,0.07692307692307693,0.0,0.15384615384615385,0.0,0.0,1386.5072000000002,-2.4405585214165693,4.0500284194946286,0.0,24.04615384615385,0.014615384615384645,0.5095133138921301,-0.0014439131344166287,127.6923076923077,1.904615384615385,0.5384615384615384
636,QDELVWGAYWLYKAT,inactive - virtual,inactive - virtual,0,Inactive,virtual,1,15,0.13333333333333333,0.0,0.06666666666666667,0.06666666666666667,0.0,0.06666666666666667,0.0,0.0,0.06666666666666667,0.13333333333333333,0.0,0.0,0.0,0.06666666666666667,0.0,0.0,0.06666666666666667,0.06666666666666667,0.13333333333333333,0.13333333333333333,1843.0416,-1.4484966653400582,4.3702592849731445,0.26666666666666666,10.913333333333336,0.20800000000000007,0.23605449251187352,-0.0005447491929139198,84.66666666666666,0.4246666666666666,0.3333333333333333
637,QDLLDRVLAAHAYWSQ,inactive - virtual,inactive - virtual,0,Inactive,virtual,1,16,0.1875,0.0,0.125,0.0,0.0,0.0,0.0625,0.0,0.0,0.1875,0.0,0.0,0.0,0.125,0.0625,0.0625,0.0,0.0625,0.0625,0.0625,1886.0714000000003,-1.4075584338476528,5.210851097106932,0.125,16.950000000000003,0.04687500000000004,0.34279345804782885,-0.00047983118425517476,110.0,1.5675,0.4375
638,QEWVELMVEAKE,inactive - virtual,inactive - virtual,0,Inactive,virtual,1,12,0.08333333333333333,0.0,0.0,0.3333333333333333,0.0,0.0,0.0,0.0,0.08333333333333333,0.08333333333333333,0.08333333333333333,0.0,0.0,0.08333333333333333,0.0,0.0,0.0,0.16666666666666666,0.08333333333333333,0.0,1490.6762,-3.4384771946842614,4.329448890686037,0.08333333333333334,5.616666666666669,0.00500000000000006,0.3310627615931211,-0.0020118335256393057,89.16666666666666,1.5699999999999996,0.4166666666666667
639,QFRRGANFKFELGEILEND,inactive - virtual,inactive - virtual,0,Inactive,virtual,1,19,0.05263157894736842,0.0,0.05263157894736842,0.15789473684210525,0.15789473684210525,0.10526315789473684,0.0,0.05263157894736842,0.05263157894736842,0.10526315789473684,0.0,0.10526315789473684,0.0,0.05263157894736842,0.10526315789473684,0.0,0.0,0.0,0.0,0.0,2283.4975000000004,-1.4400248833004867,5.010493659973144,0.15789473684210525,27.2,-0.17105263157894743,0.36046238862765817,-0.0004379242391066346,66.84210526315788,2.945789473684211,0.3684210526315789
640,QFSRQMLDRKLLLG,inactive - virtual,inactive - virtual,0,Inactive,virtual,1,14,0.0,0.0,0.07142857142857142,0.0,0.07142857142857142,0.07142857142857142,0.0,0.0,0.07142857142857142,0.2857142857142857,0.07142857142857142,0.0,0.0,0.14285714285714285,0.14285714285714285,0.07142857142857142,0.0,0.0,0.0,0.0,1705.0336,1.5553435225879215,10.835024070739745,0.07142857142857144,19.964285714285715,-0.18285714285714288,0.23608099044975997,0.0011706470229437432,111.42857142857142,2.331428571428571,0.42857142857142855
641,QGLAEKIFWSLK,inactive - virtual,inactive - virtual,0,Inactive,virtual,1,12,0.08333333333333333,0.0,0.0,0.08333333333333333,0.08333333333333333,0.08333333333333333,0.0,0.08333333333333333,0.16666666666666666,0.16666666666666666,0.0,0.0,0.0,0.08333333333333333,0.0,0.08333333333333333,0.0,0.0,0.08333333333333333,0.0,1419.6661000000001,0.5535624431722228,8.591073036193851,0.16666666666666669,-4.983333333333334,0.16166666666666663,0.38090268072719763,0.0007022758810146019,105.83333333333331,0.3358333333333334,0.4166666666666667
642,QHLAKLEMKIFFEEL,inactive - virtual,inactive - virtual,0,Inactive,virtual,1,15,0.06666666666666667,0.0,0.0,0.2,0.13333333333333333,0.0,0.06666666666666667,0.06666666666666667,0.13333333333333333,0.2,0.06666666666666667,0.0,0.0,0.06666666666666667,0.0,0.0,0.0,0.0,0.0,0.0,1876.2223000000004,-1.4075695937720414,5.497887992858886,0.13333333333333333,19.746666666666666,0.126,0.2930098663680738,-0.0004807512938179221,110.66666666666667,0.7953333333333332,0.5333333333333333
643,QIKQTNAGAVYRLIDQLG,inactive - virtual,inactive - virtual,0,Inactive,virtual,1,18,0.1111111111111111,0.0,0.05555555555555555,0.0,0.0,0.1111111111111111,0.0,0.1111111111111111,0.05555555555555555,0.1111111111111111,0.0,0.05555555555555555,0.0,0.16666666666666666,0.05555555555555555,0.0,0.05555555555555555,0.05555555555555555,0.0,0.05555555555555555,1988.2478,0.5528630481540096,8.58978366851807,0.05555555555555555,-8.78888888888889,0.015555555555555569,0.36638774078186953,0.000500437568527255,113.88888888888889,1.4411111111111108,0.3888888888888889
644,QINEMHLLIQQAR,inactive - virtual,inactive - virtual,0,Inactive,virtual,1,13,0.07692307692307693,0.0,0.0,0.07692307692307693,0.0,0.0,0.07692307692307693,0.15384615384615385,0.0,0.15384615384615385,0.07692307692307693,0.07692307692307693,0.0,0.23076923076923078,0.07692307692307693,0.0,0.0,0.0,0.0,0.0,1593.8487999999998,-0.40482504855053225,6.749653053283692,0.0,68.10769230769232,-0.054615384615384614,0.2769999091541637,6.023151488534053e-05,127.6923076923077,1.9853846153846155,0.46153846153846156
645,QIPRIAREKIRGLTEYF,inactive - virtual,inactive - virtual,0,Inactive,virtual,1,17,0.058823529411764705,0.0,0.0,0.11764705882352941,0.058823529411764705,0.058823529411764705,0.0,0.17647058823529413,0.058823529411764705,0.058823529411764705,0.0,0.0,0.058823529411764705,0.058823529411764705,0.17647058823529413,0.0,0.058823529411764705,0.0,0.0,0.058823529411764705,2090.4276000000004,1.5546078494119464,9.978303718566895,0.11764705882352942,4.623529411764708,-0.20000000000000007,0.6828032514556739,0.0009557842166444226,97.6470588235294,2.7511764705882356,0.35294117647058826
646,QLEESMLYSLN,inactive - virtual,inactive - virtual,0,Inactive,virtual,1,11,0.0,0.0,0.0,0.18181818181818182,0.0,0.0,0.0,0.0,0.0,0.2727272727272727,0.09090909090909091,0.09090909090909091,0.0,0.09090909090909091,0.0,0.18181818181818182,0.0,0.0,0.0,0.09090909090909091,1326.4716999999998,-2.4428112032206473,4.0500284194946286,0.09090909090909091,56.236363636363635,0.06636363636363639,0.3126098789185244,-0.0015092575839816655,106.36363636363635,1.420909090909091,0.36363636363636365
647,QLLRGVGAAATAVTQALNELLQHVKA,inactive - virtual,inactive - virtual,0,Inactive,virtual,1,26,0.23076923076923078,0.0,0.0,0.038461538461538464,0.0,0.07692307692307693,0.038461538461538464,0.0,0.038461538461538464,0.19230769230769232,0.0,0.038461538461538464,0.0,0.11538461538461539,0.038461538461538464,0.0,0.07692307692307693,0.11538461538461539,0.0,0.0,2673.0755999999997,0.5926693587821821,8.755016136169434,0.0,12.492307692307694,0.18884615384615389,0.4874986903294202,0.0004100139165307436,131.53846153846155,0.41846153846153844,0.5384615384615384
648,QLVDRLDQSWQYYQDRLMA,inactive - virtual,inactive - virtual,0,Inactive,virtual,1,19,0.05263157894736842,0.0,0.15789473684210525,0.0,0.0,0.0,0.0,0.0,0.0,0.15789473684210525,0.05263157894736842,0.0,0.0,0.21052631578947367,0.10526315789473684,0.05263157894736842,0.0,0.05263157894736842,0.05263157894736842,0.10526315789473684,2428.6769999999997,-1.4462691017693547,4.428973960876465,0.15789473684210528,35.910526315789475,-0.22578947368421057,0.44344585305774653,-0.00041339328359438053,82.10526315789473,2.976315789473684,0.3157894736842105
649,QLVSFLIRLLKVWIRVVI,inactive - virtual,inactive - virtual,0,Inactive,virtual,1,18,0.0,0.0,0.0,0.0,0.05555555555555555,0.0,0.0,0.16666666666666666,0.05555555555555555,0.2222222222222222,0.0,0.0,0.0,0.05555555555555555,0.1111111111111111,0.05555555555555555,0.0,0.2222222222222222,0.05555555555555555,0.0,2195.7763999999997,2.554897038432917,11.999967765808105,0.1111111111111111,0.011111111111110876,0.41555555555555557,0.6276755117681332,0.0013644354170272066,216.1111111111111,-0.6433333333333333,0.6666666666666666
650,QMSFWGATVITGLFG,inactive - virtual,inactive - virtual,0,Inactive,virtual,1,15,0.06666666666666667,0.0,0.0,0.0,0.13333333333333333,0.2,0.0,0.06666666666666667,0.0,0.06666666666666667,0.06666666666666667,0.0,0.0,0.06666666666666667,0.0,0.06666666666666667,0.13333333333333333,0.06666666666666667,0.06666666666666667,0.0,1614.8611000000005,-0.4425471324330503,5.525000190734862,0.2,20.39333333333333,0.5586666666666666,0.16281559053020553,-2.4769795711109874e-06,78.0,-1.0046666666666666,0.4666666666666667
651,QPNAILEKVFTA,inactive - virtual,inactive - virtual,0,Inactive,virtual,1,12,0.16666666666666666,0.0,0.0,0.08333333333333333,0.08333333333333333,0.0,0.0,0.08333333333333333,0.08333333333333333,0.08333333333333333,0.0,0.08333333333333333,0.08333333333333333,0.08333333333333333,0.0,0.0,0.08333333333333333,0.08333333333333333,0.0,0.0,1330.5283,-0.4439319641604915,6.0014245986938475,0.08333333333333334,34.19166666666667,0.18666666666666665,0.3413659567673036,-2.2547405920948796e-06,105.83333333333331,0.5524999999999998,0.5
652,QRAFLKLYMITMTE,inactive - virtual,inactive - virtual,0,Inactive,virtual,1,14,0.07142857142857142,0.0,0.0,0.07142857142857142,0.07142857142857142,0.0,0.0,0.07142857142857142,0.07142857142857142,0.14285714285714285,0.14285714285714285,0.0,0.0,0.07142857142857142,0.07142857142857142,0.0,0.14285714285714285,0.0,0.0,0.07142857142857142,1745.114,0.555629811595546,8.590299415588383,0.14285714285714288,40.24285714285713,0.0907142857142857,0.2761928189082874,0.0005707343907582287,90.71428571428571,0.9892857142857144,0.5
653,QTREHLLLARQI,inactive - virtual,inactive - virtual,0,Inactive,virtual,1,12,0.08333333333333333,0.0,0.0,0.08333333333333333,0.0,0.0,0.08333333333333333,0.08333333333333333,0.0,0.25,0.0,0.0,0.0,0.16666666666666666,0.16666666666666666,0.0,0.08333333333333333,0.0,0.0,0.0,1477.7106,0.595149833216094,9.605354118347169,0.0,18.933333333333337,-0.2141666666666667,0.41052179132292416,0.0007416881526145185,138.33333333333331,2.789166666666666,0.4166666666666667
654,QVIAKWGAWVKRIEAKFRSL,inactive - virtual,inactive - virtual,0,Inactive,virtual,1,20,0.15,0.0,0.0,0.05,0.05,0.05,0.0,0.1,0.15,0.05,0.0,0.0,0.0,0.05,0.1,0.05,0.0,0.1,0.1,0.0,2386.8375000000005,3.5510066140381906,11.097152519226071,0.15000000000000002,50.855,-0.0004999999999999782,0.47838387750487155,0.001674599051465536,102.5,1.2694999999999996,0.45
655,QVIEVLNKQVADWSVLFTKLHNFHWYV,inactive - virtual,inactive - virtual,0,Inactive,virtual,1,27,0.037037037037037035,0.0,0.037037037037037035,0.037037037037037035,0.07407407407407407,0.0,0.07407407407407407,0.037037037037037035,0.07407407407407407,0.1111111111111111,0.0,0.07407407407407407,0.0,0.07407407407407407,0.0,0.037037037037037035,0.037037037037037035,0.18518518518518517,0.07407407407407407,0.037037037037037035,3314.7886,-0.37524378298796446,6.920454216003418,0.18518518518518517,33.69259259259259,0.2285185185185185,0.32717473131971603,5.852540123084349e-05,115.18518518518518,0.5225925925925926,0.4444444444444444
656,QVTQELRALMDETMKELKAYKSELEE,inactive - virtual,inactive - virtual,0,Inactive,virtual,1,26,0.07692307692307693,0.0,0.038461538461538464,0.23076923076923078,0.0,0.0,0.0,0.0,0.11538461538461539,0.15384615384615385,0.07692307692307693,0.0,0.0,0.07692307692307693,0.038461538461538464,0.038461538461538464,0.07692307692307693,0.038461538461538464,0.0,0.038461538461538464,3113.5152000000003,-3.4433310848847984,4.668550300598144,0.038461538461538464,32.04615384615384,-0.2323076923076923,0.4113663811761611,-0.0009625761196330841,78.84615384615384,2.6488461538461534,0.34615384615384615
657,RAAAIEQLKIWGERVG,inactive - virtual,inactive - virtual,0,Inactive,virtual,1,16,0.1875,0.0,0.0,0.125,0.0,0.125,0.0,0.125,0.0625,0.0625,0.0,0.0,0.0,0.0625,0.125,0.0,0.0,0.0625,0.0625,0.0,1797.0662000000002,0.5571385603126058,8.74566822052002,0.0625,21.7625,-0.012499999999999983,0.16486746823844786,0.0005553484282749142,110.0,1.6318749999999997,0.4375
658,RDIPELAQLQSEILDAIW,inactive - virtual,inactive - virtual,0,Inactive,virtual,1,18,0.1111111111111111,0.0,0.1111111111111111,0.1111111111111111,0.0,0.0,0.0,0.16666666666666666,0.0,0.16666666666666666,0.0,0.0,0.05555555555555555,0.1111111111111111,0.05555555555555555,0.05555555555555555,0.0,0.0,0.05555555555555555,0.0,2110.3659999999995,-3.4394377604767246,4.0500284194946286,0.05555555555555555,92.12222222222222,0.1116666666666667,0.5121396206371039,-0.0014215516710339893,141.1111111111111,1.388333333333333,0.4444444444444444
659,REEEKEALRFAEAQ,inactive - virtual,inactive - virtual,0,Inactive,virtual,1,14,0.21428571428571427,0.0,0.0,0.35714285714285715,0.07142857142857142,0.0,0.0,0.0,0.07142857142857142,0.07142857142857142,0.0,0.0,0.0,0.07142857142857142,0.14285714285714285,0.0,0.0,0.0,0.0,0.0,1705.8233000000002,-2.43949915686786,4.652237510681153,0.07142857142857144,69.61428571428573,-0.4921428571428571,0.41622412766352995,-0.0011706979634428017,49.28571428571428,4.4035714285714285,0.35714285714285715
660,REEIYQAFEAIYPVLSEF,inactive - virtual,inactive - virtual,0,Inactive,virtual,1,18,0.1111111111111111,0.0,0.0,0.2222222222222222,0.1111111111111111,0.0,0.0,0.1111111111111111,0.0,0.05555555555555555,0.0,0.0,0.05555555555555555,0.05555555555555555,0.05555555555555555,0.05555555555555555,0.0,0.05555555555555555,0.0,0.1111111111111111,2204.4323,-3.443100392241617,4.093396568298339,0.2222222222222222,66.51111111111112,0.15499999999999997,0.4428490156941213,-0.0013608898405037106,92.2222222222222,1.2777777777777777,0.4444444444444444
661,REGFLSPLKAYLI,inactive - virtual,inactive - virtual,0,Inactive,virtual,1,13,0.07692307692307693,0.0,0.0,0.07692307692307693,0.07692307692307693,0.07692307692307693,0.0,0.07692307692307693,0.07692307692307693,0.23076923076923078,0.0,0.0,0.07692307692307693,0.0,0.07692307692307693,0.07692307692307693,0.0,0.0,0.0,0.07692307692307693,1506.7864,0.5535373249388496,8.589912605285647,0.15384615384615385,36.5,0.18923076923076926,0.16238389524020846,0.000661007837853981,127.6923076923077,0.41615384615384604,0.46153846153846156
662,RFESAVETLLDIESQLEDL,inactive - virtual,inactive - virtual,0,Inactive,virtual,1,19,0.05263157894736842,0.0,0.10526315789473684,0.21052631578947367,0.05263157894736842,0.0,0.0,0.05263157894736842,0.0,0.21052631578947367,0.0,0.0,0.0,0.05263157894736842,0.05263157894736842,0.10526315789473684,0.05263157894736842,0.05263157894736842,0.0,0.0,2207.3902000000003,-5.437196238597036,4.0500284194946286,0.052631578947368425,73.14736842105263,0.010526315789473694,0.39074457724149764,-0.0022637594625326742,123.1578947368421,2.1621052631578945,0.42105263157894735
663,RFLIRVYHPLLLKVL,inactive - virtual,inactive - virtual,0,Inactive,virtual,1,15,0.0,0.0,0.0,0.0,0.06666666666666667,0.0,0.06666666666666667,0.06666666666666667,0.06666666666666667,0.3333333333333333,0.0,0.0,0.06666666666666667,0.0,0.13333333333333333,0.0,0.0,0.13333333333333333,0.0,0.06666666666666667,1880.3681000000001,2.589017886941678,11.000449943542481,0.13333333333333333,-0.7066666666666658,0.252,0.47765006386913716,0.001645420848024591,194.66666666666663,-0.025999999999999978,0.6
664,RFLKRVQPLVNRWLLLI,inactive - virtual,inactive - virtual,0,Inactive,virtual,1,17,0.0,0.0,0.0,0.0,0.058823529411764705,0.0,0.0,0.058823529411764705,0.058823529411764705,0.29411764705882354,0.0,0.058823529411764705,0.058823529411764705,0.058823529411764705,0.17647058823529413,0.0,0.0,0.11764705882352941,0.058823529411764705,0.0,2164.6830000000004,3.554871920199543,11.999967765808105,0.11764705882352942,75.8764705882353,0.03529411764705886,0.6965614157921133,0.0018459918048311767,171.76470588235296,1.1517647058823528,0.5294117647058824
665,RFSGKVREDLTKIVWVFFW,inactive - virtual,inactive - virtual,0,Inactive,virtual,1,19,0.0,0.0,0.05263157894736842,0.05263157894736842,0.15789473684210525,0.05263157894736842,0.0,0.05263157894736842,0.10526315789473684,0.05263157894736842,0.0,0.0,0.0,0.0,0.10526315789473684,0.05263157894736842,0.05263157894736842,0.15789473684210525,0.10526315789473684,0.0,2413.8145999999997,1.5539586908604806,9.98616886138916,0.2631578947368421,-2.7315789473684204,0.08578947368421053,0.39623485582897516,0.0008273193527272124,86.84210526315789,1.3652631578947367,0.42105263157894735
666,RFVPRWRTVVGQFKRDILVIFLW,inactive - virtual,inactive - virtual,0,Inactive,virtual,1,23,0.0,0.0,0.043478260869565216,0.0,0.13043478260869565,0.043478260869565216,0.0,0.08695652173913043,0.043478260869565216,0.08695652173913043,0.0,0.0,0.043478260869565216,0.043478260869565216,0.17391304347826086,0.0,0.043478260869565216,0.17391304347826086,0.08695652173913043,0.0,2932.5129999999995,3.5552932861211746,11.999967765808105,0.21739130434782608,58.90434782608695,0.08347826086956518,0.44749609324128575,0.001362650553107907,118.26086956521738,1.3773913043478263,0.4782608695652174
667,RGEQMKGHAATIEDQVRRMIA,inactive - virtual,inactive - virtual,0,Inactive,virtual,1,21,0.14285714285714285,0.0,0.047619047619047616,0.09523809523809523,0.0,0.09523809523809523,0.047619047619047616,0.09523809523809523,0.047619047619047616,0.0,0.09523809523809523,0.0,0.0,0.09523809523809523,0.14285714285714285,0.0,0.047619047619047616,0.047619047619047616,0.0,0.0,2397.7362,0.5941863674102841,8.750567817687987,0.0,60.79999999999999,-0.26333333333333336,0.31986458857839334,0.00045793121856414797,65.23809523809524,3.0985714285714288,0.38095238095238093
668,RGFRGWWLASTILLLVAEK,inactive - virtual,inactive - virtual,0,Inactive,virtual,1,19,0.10526315789473684,0.0,0.0,0.05263157894736842,0.05263157894736842,0.10526315789473684,0.0,0.05263157894736842,0.05263157894736842,0.21052631578947367,0.0,0.0,0.0,0.0,0.10526315789473684,0.05263157894736842,0.05263157894736842,0.05263157894736842,0.10526315789473684,0.0,2216.6252000000004,1.5560177993727615,10.835024070739745,0.15789473684210528,23.66315789473684,0.23421052631578948,0.35363983262187054,0.0009009171580281779,128.42105263157893,0.3363157894736841,0.47368421052631576
669,RGQLIREAYED,inactive - virtual,inactive - virtual,0,Inactive,virtual,1,11,0.09090909090909091,0.0,0.09090909090909091,0.18181818181818182,0.0,0.09090909090909091,0.0,0.09090909090909091,0.0,0.09090909090909091,0.0,0.0,0.0,0.09090909090909091,0.18181818181818182,0.0,0.0,0.0,0.0,0.09090909090909091,1349.4489,-1.441145644240331,4.872204399108886,0.09090909090909091,12.027272727272727,-0.3972727272727274,0.30927760309693014,-0.0007425247322983438,80.00000000000001,4.115454545454546,0.2727272727272727
670,RHSDNINKFLDFIHGI,inactive - virtual,inactive - virtual,0,Inactive,virtual,1,16,0.0,0.0,0.125,0.0,0.125,0.0625,0.125,0.1875,0.0625,0.0625,0.0,0.125,0.0,0.0,0.0625,0.0625,0.0,0.0,0.0,0.0,1926.1385,-0.3709319926716059,6.919999504089356,0.125,54.887499999999996,-0.010000000000000037,0.5192146752375796,0.00010071957386275141,97.5,2.333125,0.375
671,RIENGLRKRLQSIYRHLEE,inactive - virtual,inactive - virtual,0,Inactive,virtual,1,19,0.0,0.0,0.0,0.15789473684210525,0.0,0.05263157894736842,0.05263157894736842,0.10526315789473684,0.05263157894736842,0.15789473684210525,0.0,0.05263157894736842,0.0,0.05263157894736842,0.21052631578947367,0.05263157894736842,0.0,0.0,0.0,0.05263157894736842,2410.7333,1.5944224199511612,9.970825386047363,0.052631578947368425,110.66315789473683,-0.478421052631579,0.6478311863857231,0.0008702721985780301,102.63157894736841,4.2368421052631575,0.2631578947368421
672,RILKNFDSWWGKVIVIL,inactive - virtual,inactive - virtual,0,Inactive,virtual,1,17,0.0,0.0,0.058823529411764705,0.0,0.058823529411764705,0.058823529411764705,0.0,0.17647058823529413,0.11764705882352941,0.11764705882352941,0.0,0.058823529411764705,0.0,0.0,0.058823529411764705,0.058823529411764705,0.0,0.11764705882352941,0.11764705882352941,0.0,2087.5078000000003,1.552863048154009,9.994291877746583,0.17647058823529413,15.741176470588238,0.2670588235294118,0.5763574624298626,0.0009561630842486981,148.82352941176472,0.20705882352941174,0.47058823529411764
673,RILQWIIRLLLIVWW,inactive - virtual,inactive - virtual,0,Inactive,virtual,1,15,0.0,0.0,0.0,0.0,0.0,0.0,0.0,0.26666666666666666,0.0,0.26666666666666666,0.0,0.0,0.0,0.06666666666666667,0.13333333333333333,0.0,0.0,0.06666666666666667,0.2,0.0,2021.5373999999997,1.5574026311002025,11.999967765808105,0.2,38.24666666666666,0.5120000000000001,0.5529445650358247,0.0009873660674535256,227.33333333333334,-1.0006666666666666,0.6
674,RIWARLQGVFRVVFWL,inactive - virtual,inactive - virtual,0,Inactive,virtual,1,16,0.0625,0.0,0.0,0.0,0.125,0.0625,0.0,0.0625,0.0,0.125,0.0,0.0,0.0,0.0625,0.1875,0.0,0.0,0.1875,0.125,0.0,2046.464,2.5573775128668292,11.999967765808105,0.25,28.068749999999998,0.229375,0.46864452921073196,0.0014639914779668306,133.75,0.628125,0.5625
675,RKQSLEQDLQFYYG,inactive - virtual,inactive - virtual,0,Inactive,virtual,1,14,0.0,0.0,0.07142857142857142,0.07142857142857142,0.07142857142857142,0.07142857142857142,0.0,0.0,0.07142857142857142,0.14285714285714285,0.0,0.0,0.0,0.21428571428571427,0.07142857142857142,0.07142857142857142,0.0,0.0,0.0,0.14285714285714285,1774.9263000000003,-0.4485217835734314,6.068267250061035,0.2142857142857143,129.00785714285715,-0.2835714285714286,0.034194699776898985,-2.2536100015211866e-06,55.71428571428571,3.0385714285714287,0.21428571428571427
676,RLDEAEASARSGIEVL,inactive - virtual,inactive - virtual,0,Inactive,virtual,1,16,0.1875,0.0,0.0625,0.1875,0.0,0.0625,0.0,0.0625,0.0,0.125,0.0,0.0,0.0,0.0,0.125,0.125,0.0,0.0625,0.0,0.0,1715.8595,-2.4387886019252596,4.407318305969238,0.0,58.99374999999999,-0.08999999999999997,0.31865367741798967,-0.001165013462636812,110.0,2.53875,0.4375
677,RLFEQASRLAEHY,inactive - virtual,inactive - virtual,0,Inactive,virtual,1,13,0.15384615384615385,0.0,0.0,0.15384615384615385,0.07692307692307693,0.0,0.07692307692307693,0.0,0.0,0.15384615384615385,0.0,0.0,0.0,0.07692307692307693,0.15384615384615385,0.07692307692307693,0.0,0.0,0.0,0.07692307692307693,1619.7785000000001,-0.40623499851134737,6.75698528289795,0.15384615384615385,66.86153846153847,-0.23153846153846153,0.7347145146549177,5.988467569669955e-05,75.38461538461539,3.1353846153846145,0.38461538461538464
678,RLKSGWRDALKQIVFFFFL,inactive - virtual,inactive - virtual,0,Inactive,virtual,1,19,0.05263157894736842,0.0,0.05263157894736842,0.0,0.21052631578947367,0.05263157894736842,0.0,0.05263157894736842,0.10526315789473684,0.15789473684210525,0.0,0.0,0.0,0.05263157894736842,0.10526315789473684,0.05263157894736842,0.0,0.05263157894736842,0.05263157894736842,0.0,2371.8209,2.552837929920636,11.00038547515869,0.26315789473684215,15.005263157894735,0.13578947368421054,0.40575782695104734,0.0012631596699594829,102.63157894736841,0.9410526315789468,0.5263157894736842
679,RLLGKWSAILKNVRFFFFWL,inactive - virtual,inactive - virtual,0,Inactive,virtual,1,20,0.05,0.0,0.0,0.0,0.2,0.05,0.0,0.05,0.1,0.2,0.0,0.05,0.0,0.0,0.1,0.05,0.0,0.05,0.1,0.0,2542.0744,3.552391445765631,11.999967765808105,0.30000000000000004,16.810000000000002,0.27299999999999996,0.3487848324892858,0.0015715477089627392,117.0,0.1504999999999999,0.55
680,RLVVLEALTNFLNH,inactive - virtual,inactive - virtual,0,Inactive,virtual,1,14,0.07142857142857142,0.0,0.0,0.07142857142857142,0.07142857142857142,0.0,0.07142857142857142,0.0,0.0,0.2857142857142857,0.0,0.14285714285714285,0.0,0.0,0.07142857142857142,0.0,0.07142857142857142,0.14285714285714285,0.0,0.0,1638.9075000000003,-0.40482504855053225,6.749653053283692,0.07142857142857144,-12.185714285714285,0.2264285714285715,0.1972427219781068,5.8575516654361736e-05,160.0,0.6921428571428571,0.5714285714285714
681,RLWTQWQAIVQEIRFLWLLL,inactive - virtual,inactive - virtual,0,Inactive,virtual,1,20,0.05,0.0,0.0,0.05,0.05,0.0,0.0,0.1,0.0,0.25,0.0,0.0,0.0,0.15,0.1,0.0,0.05,0.05,0.15,0.0,2613.1078,0.5585233920400472,9.598842811584472,0.2,43.08,0.2655,0.3579305364014124,0.0003815377079418777,156.0,0.2790000000000002,0.5
682,RMDEVRTLQENLRQLQDEYDQQQT,inactive - virtual,inactive - virtual,0,Inactive,virtual,1,24,0.0,0.0,0.125,0.125,0.0,0.0,0.0,0.0,0.0,0.125,0.041666666666666664,0.041666666666666664,0.0,0.25,0.125,0.0,0.08333333333333333,0.041666666666666664,0.0,0.041666666666666664,3037.2351999999996,-3.4404263445159087,4.2962549209594725,0.04166666666666667,94.76666666666667,-0.5458333333333333,0.29461887887533567,-0.0009874096218935615,60.83333333333333,4.8066666666666675,0.20833333333333334
683,RNEVVSLMQANG,inactive - virtual,inactive - virtual,0,Inactive,virtual,1,12,0.08333333333333333,0.0,0.0,0.08333333333333333,0.0,0.08333333333333333,0.0,0.0,0.0,0.08333333333333333,0.08333333333333333,0.16666666666666666,0.0,0.08333333333333333,0.08333333333333333,0.08333333333333333,0.0,0.16666666666666666,0.0,0.0,1317.4714999999999,-0.4414514897265791,6.0021066665649405,0.0,0.6416666666666678,-0.06583333333333334,0.16880803912430534,-2.2770916984826977e-06,89.16666666666666,2.1541666666666663,0.4166666666666667
684,RPEDKSKIVAEIR,inactive - virtual,inactive - virtual,0,Inactive,virtual,1,13,0.07692307692307693,0.0,0.07692307692307693,0.15384615384615385,0.0,0.0,0.0,0.15384615384615385,0.15384615384615385,0.0,0.0,0.0,0.07692307692307693,0.0,0.15384615384615385,0.07692307692307693,0.0,0.07692307692307693,0.0,0.0,1540.7633,0.5550794518003253,8.589010047912598,0.0,47.45384615384616,-0.4553846153846154,0.09890916566736688,0.0006483771101462256,90.0,3.922307692307692,0.3076923076923077
685,RPEVQDALSAE,inactive - virtual,inactive - virtual,0,Inactive,virtual,1,11,0.18181818181818182,0.0,0.09090909090909091,0.18181818181818182,0.0,0.0,0.0,0.0,0.0,0.09090909090909091,0.0,0.0,0.09090909090909091,0.09090909090909091,0.09090909090909091,0.09090909090909091,0.0,0.09090909090909091,0.0,0.0,1214.2825,-2.4377917579750332,4.426586723327637,0.0,59.909090909090914,-0.2136363636363636,0.22172735159013737,-0.001647890107718154,80.0,3.0563636363636366,0.36363636363636365
686,RPQLRNLLHEK,inactive - virtual,inactive - virtual,0,Inactive,virtual,1,11,0.0,0.0,0.0,0.09090909090909091,0.0,0.0,0.09090909090909091,0.0,0.09090909090909091,0.2727272727272727,0.0,0.09090909090909091,0.09090909090909091,0.09090909090909091,0.18181818181818182,0.0,0.0,0.0,0.0,0.0,1403.6321,1.5926442405488084,10.835024070739745,0.0,72.83636363636364,-0.5318181818181817,0.30073485099955055,0.0014932710187157583,106.36363636363635,4.0254545454545445,0.2727272727272727
687,RPRIIAAIWHYVKAR,inactive - virtual,inactive - virtual,0,Inactive,virtual,1,15,0.2,0.0,0.0,0.0,0.0,0.0,0.06666666666666667,0.2,0.06666666666666667,0.0,0.0,0.0,0.06666666666666667,0.0,0.2,0.0,0.0,0.06666666666666667,0.06666666666666667,0.06666666666666667,1850.2198000000003,3.5889927687083043,11.723011589050294,0.13333333333333333,60.30666666666667,-0.06999999999999999,0.15222792563102816,0.0022127098399109296,117.33333333333333,1.9033333333333335,0.4666666666666667
688,RRQELEEFSAALARR,inactive - virtual,inactive - virtual,0,Inactive,virtual,1,15,0.2,0.0,0.0,0.2,0.06666666666666667,0.0,0.0,0.0,0.0,0.13333333333333333,0.0,0.0,0.0,0.06666666666666667,0.26666666666666666,0.06666666666666667,0.0,0.0,0.0,0.0,1832.0293000000001,0.5607146774529896,9.44772891998291,0.06666666666666667,133.12,-0.5326666666666665,0.17961138128968443,0.0005458425899139206,72.0,4.72,0.4
689,RVIEGIKNVIPKLLTWWP,inactive - virtual,inactive - virtual,0,Inactive,virtual,1,18,0.0,0.0,0.0,0.05555555555555555,0.0,0.05555555555555555,0.0,0.16666666666666666,0.1111111111111111,0.1111111111111111,0.0,0.05555555555555555,0.1111111111111111,0.0,0.05555555555555555,0.0,0.05555555555555555,0.1111111111111111,0.1111111111111111,0.0,2162.6176,1.553537324938849,9.994291877746583,0.1111111111111111,9.75555555555555,0.215,0.6114854867656897,0.0009234169664573528,140.55555555555554,0.20888888888888898,0.3888888888888889
690,RVNAAIPNIIV,inactive - virtual,inactive - virtual,0,Inactive,virtual,1,11,0.18181818181818182,0.0,0.0,0.0,0.0,0.0,0.0,0.2727272727272727,0.0,0.0,0.0,0.18181818181818182,0.09090909090909091,0.0,0.09090909090909091,0.0,0.0,0.18181818181818182,0.0,0.0,1179.412,0.5574277493335762,9.750021171569824,0.0,38.699999999999996,0.33636363636363636,0.4325537185946338,0.0008444900416309849,177.27272727272725,0.15818181818181795,0.6363636363636364
691,RVWRWIVKWWLFV,inactive - virtual,inactive - virtual,0,Inactive,virtual,1,13,0.0,0.0,0.0,0.0,0.07692307692307693,0.0,0.0,0.07692307692307693,0.07692307692307693,0.07692307692307693,0.0,0.0,0.0,0.0,0.15384615384615385,0.0,0.0,0.23076923076923078,0.3076923076923077,0.0,1874.2806000000003,2.554897038432917,11.999967765808105,0.38461538461538464,54.03846153846154,0.28769230769230775,0.6639474725452346,0.0015984804831722047,126.92307692307692,0.08692307692307691,0.46153846153846156
692,RYGWRTAVDYSWFG,inactive - virtual,inactive - virtual,0,Inactive,virtual,1,14,0.07142857142857142,0.0,0.07142857142857142,0.0,0.07142857142857142,0.14285714285714285,0.0,0.0,0.0,0.0,0.0,0.0,0.0,0.0,0.14285714285714285,0.07142857142857142,0.07142857142857142,0.07142857142857142,0.14285714285714285,0.14285714285714285,1763.9068,0.5528379299206359,8.588558769226076,0.3571428571428572,-4.085714285714286,-0.007857142857142865,0.3748752881302178,0.0005640877369026764,27.857142857142854,2.102857142857143,0.21428571428571427
693,SAATADFVAMTAMAARIF,inactive - virtual,inactive - virtual,0,Inactive,virtual,1,18,0.3888888888888889,0.0,0.05555555555555555,0.0,0.1111111111111111,0.0,0.0,0.05555555555555555,0.0,0.0,0.1111111111111111,0.0,0.0,0.0,0.05555555555555555,0.05555555555555555,0.1111111111111111,0.05555555555555555,0.0,0.0,1845.1470000000004,-0.7463503217026553,5.552964973449707,0.1111111111111111,5.794444444444444,0.38000000000000006,0.22926224473187162,-2.167845432620654e-06,76.66666666666666,-0.006111111111111154,0.7222222222222222
694,SAAWAEWQKAR,inactive - virtual,inactive - virtual,0,Inactive,virtual,1,11,0.36363636363636365,0.0,0.0,0.09090909090909091,0.0,0.0,0.0,0.0,0.09090909090909091,0.0,0.0,0.0,0.0,0.09090909090909091,0.09090909090909091,0.09090909090909091,0.0,0.0,0.18181818181818182,0.0,1303.4252,0.2518183624148991,8.463554573059085,0.18181818181818182,-18.236363636363635,-0.15181818181818182,0.17740410018668992,0.00076490490475131,36.36363636363637,2.210909090909091,0.36363636363636365
695,SAEEMVQTLVNDYSALIQELKEGMEVAGEA,inactive - virtual,inactive - virtual,0,Inactive,virtual,1,30,0.13333333333333333,0.0,0.03333333333333333,0.2,0.0,0.06666666666666667,0.0,0.03333333333333333,0.03333333333333333,0.1,0.06666666666666667,0.03333333333333333,0.0,0.06666666666666667,0.0,0.06666666666666667,0.03333333333333333,0.1,0.0,0.03333333333333333,3255.5813,-6.744611823164786,4.0500284194946286,0.03333333333333333,21.610000000000003,0.10833333333333336,0.3971313841826298,-0.0018417552578795242,94.33333333333334,1.2246666666666666,0.43333333333333335
696,SANNIIEEIQMQK,inactive - virtual,inactive - virtual,0,Inactive,virtual,1,13,0.07692307692307693,0.0,0.0,0.15384615384615385,0.0,0.0,0.0,0.23076923076923078,0.07692307692307693,0.0,0.07692307692307693,0.15384615384615385,0.0,0.15384615384615385,0.0,0.07692307692307693,0.0,0.0,0.0,0.0,1517.7032,-1.7470357584118832,4.529237937927246,0.0,110.92307692307692,-0.07384615384615387,0.2706571961512997,-0.0006602051775372106,97.6923076923077,2.1546153846153846,0.38461538461538464
697,SASSQNAWLAANRN,inactive - virtual,inactive - virtual,0,Inactive,virtual,1,14,0.2857142857142857,0.0,0.0,0.0,0.0,0.0,0.0,0.0,0.0,0.07142857142857142,0.0,0.21428571428571427,0.0,0.07142857142857142,0.07142857142857142,0.21428571428571427,0.0,0.0,0.07142857142857142,0.0,1489.5489999999998,0.25320319414234005,9.46507091522217,0.07142857142857144,54.42857142857143,-0.1314285714285714,0.19129111227749637,0.0006686583196267329,56.42857142857142,2.5778571428571424,0.35714285714285715
698,SAVKVLAEESK,inactive - virtual,inactive - virtual,0,Inactive,virtual,1,11,0.18181818181818182,0.0,0.0,0.18181818181818182,0.0,0.0,0.0,0.0,0.18181818181818182,0.09090909090909091,0.0,0.0,0.0,0.0,0.0,0.18181818181818182,0.0,0.18181818181818182,0.0,0.0,1160.3179,-0.7495413510791691,5.863476371765136,0.0,45.9,-0.027272727272727258,0.4306283351833867,-1.7236624379481523e-06,106.36363636363637,1.3545454545454545,0.45454545454545453
699,SDEFNTVADNLVTFGDSFLQVILDHI,inactive - virtual,inactive - virtual,0,Inactive,virtual,1,26,0.038461538461538464,0.0,0.15384615384615385,0.038461538461538464,0.11538461538461539,0.038461538461538464,0.038461538461538464,0.07692307692307693,0.0,0.11538461538461539,0.0,0.07692307692307693,0.0,0.038461538461538464,0.0,0.07692307692307693,0.07692307692307693,0.11538461538461539,0.0,0.0,2910.1465999999996,-5.707238548888375,4.0500284194946286,0.11538461538461538,45.91923076923077,0.24961538461538463,0.45794503742080067,-0.0016844434670258682,112.3076923076923,1.1038461538461535,0.46153846153846156
700,SDELSRAWEVAYDELAAAIK,inactive - virtual,inactive - virtual,0,Inactive,virtual,1,20,0.25,0.0,0.1,0.15,0.0,0.0,0.0,0.05,0.05,0.1,0.0,0.0,0.0,0.0,0.05,0.1,0.0,0.05,0.05,0.05,2237.4211,-3.747552740062688,4.177177238464354,0.1,26.724999999999998,0.02450000000000001,0.4803092333666378,-0.0013408240704737132,98.0,1.7549999999999997,0.45
701,SDIFNKNMRAHALEK,inactive - virtual,inactive - virtual,0,Inactive,virtual,1,15,0.13333333333333333,0.0,0.06666666666666667,0.06666666666666667,0.06666666666666667,0.0,0.06666666666666667,0.06666666666666667,0.13333333333333333,0.06666666666666667,0.06666666666666667,0.13333333333333333,0.0,0.0,0.06666666666666667,0.06666666666666667,0.0,0.0,0.0,0.0,1774.0095999999999,0.28638569507866496,8.334488868713382,0.06666666666666667,14.433333333333332,-0.24666666666666667,0.20036201007402185,0.0006178093697329778,65.33333333333333,2.9399999999999995,0.4
702,SDIKKLGSSWIINWFFG,inactive - virtual,inactive - virtual,0,Inactive,virtual,1,17,0.0,0.0,0.058823529411764705,0.0,0.11764705882352941,0.11764705882352941,0.0,0.17647058823529413,0.11764705882352941,0.058823529411764705,0.0,0.058823529411764705,0.0,0.0,0.0,0.17647058823529413,0.0,0.0,0.11764705882352941,0.0,1998.2822,0.24866361119614666,8.310377693176271,0.23529411764705885,4.6529411764705895,0.29764705882352943,0.22750226511887894,0.0004984261543619795,91.76470588235294,0.2635294117647061,0.35294117647058826
703,SDSEISTILSDVVTNER,inactive - virtual,inactive - virtual,0,Inactive,virtual,1,17,0.0,0.0,0.11764705882352941,0.11764705882352941,0.0,0.0,0.0,0.11764705882352941,0.0,0.058823529411764705,0.0,0.058823529411764705,0.0,0.0,0.058823529411764705,0.23529411764705882,0.11764705882352941,0.11764705882352941,0.0,0.0,1864.9581999999996,-3.7436623156679607,4.0500284194946286,0.0,40.89411764705883,-0.07529411764705884,0.3000004445658128,-0.0016086135895676046,102.94117647058823,2.8541176470588243,0.29411764705882354
704,SDWYLKGRLTSLESQFINALGILET,inactive - virtual,inactive - virtual,0,Inactive,virtual,1,25,0.04,0.0,0.04,0.08,0.04,0.08,0.0,0.08,0.04,0.2,0.0,0.04,0.0,0.04,0.04,0.12,0.08,0.0,0.04,0.04,2855.2008000000005,-1.7491199851575372,4.676564598083496,0.12,19.508000000000006,0.14000000000000004,0.12197906502257017,-0.0003509374091572949,113.2,1.0812,0.36
705,SEAAKAYMKGLEYQMSGNEQWSKT,inactive - virtual,inactive - virtual,0,Inactive,virtual,1,24,0.125,0.0,0.0,0.125,0.0,0.08333333333333333,0.0,0.0,0.125,0.041666666666666664,0.08333333333333333,0.041666666666666664,0.0,0.08333333333333333,0.0,0.125,0.041666666666666664,0.0,0.041666666666666664,0.08333333333333333,2738.0132000000003,-0.7559373681411814,5.951690483093262,0.125,55.17500000000001,-0.13583333333333333,0.3207305214098901,-7.304548542377338e-07,28.749999999999996,2.0245833333333327,0.25
706,SEEEENNVIEQAKEEIKEAIKKADET,inactive - virtual,inactive - virtual,0,Inactive,virtual,1,26,0.11538461538461539,0.0,0.038461538461538464,0.34615384615384615,0.0,0.0,0.0,0.11538461538461539,0.15384615384615385,0.0,0.0,0.07692307692307693,0.0,0.038461538461538464,0.0,0.038461538461538464,0.038461538461538464,0.038461538461538464,0.0,0.0,3004.1710000000003,-6.746260725679823,4.261981010437012,0.0,89.09615384615383,-0.34769230769230774,0.42023494816154144,-0.0019945542544055283,67.6923076923077,3.568076923076922,0.2692307692307692
707,SEELNSAWTIAYDELAIVIKKEMDDA,inactive - virtual,inactive - virtual,0,Inactive,virtual,1,26,0.15384615384615385,0.0,0.11538461538461539,0.15384615384615385,0.0,0.0,0.0,0.11538461538461539,0.07692307692307693,0.07692307692307693,0.038461538461538464,0.038461538461538464,0.0,0.0,0.0,0.07692307692307693,0.038461538461538464,0.038461538461538464,0.038461538461538464,0.038461538461538464,2955.2489,-5.748465969401751,4.0500284194946286,0.07692307692307693,26.35769230769231,0.07076923076923078,0.2778159868611877,-0.0016912217537543228,101.53846153846155,1.541923076923077,0.4230769230769231
708,SEERIRSGVKRLSKSRQ,inactive - virtual,inactive - virtual,0,Inactive,virtual,1,17,0.0,0.0,0.0,0.11764705882352941,0.0,0.058823529411764705,0.0,0.058823529411764705,0.11764705882352941,0.058823529411764705,0.0,0.0,0.0,0.058823529411764705,0.23529411764705882,0.23529411764705882,0.0,0.058823529411764705,0.0,0.0,2016.2666,3.250358175987337,11.553846549987792,0.0,105.90588235294118,-0.7041176470588235,0.3976120195484663,0.0019828693577745044,62.94117647058823,5.2188235294117655,0.17647058823529413
709,SEEVLAMVSRKM,inactive - virtual,inactive - virtual,0,Inactive,virtual,1,12,0.08333333333333333,0.0,0.0,0.16666666666666666,0.0,0.0,0.0,0.0,0.08333333333333333,0.08333333333333333,0.16666666666666666,0.0,0.0,0.0,0.08333333333333333,0.16666666666666666,0.0,0.16666666666666666,0.0,0.0,1379.6453999999999,-0.7470608766452567,5.86364688873291,0.0,95.60000000000001,-0.053333333333333316,0.4243204109802328,-1.449643025404994e-06,89.16666666666666,1.7816666666666665,0.5
710,SEEYIQLLKKLI,inactive - virtual,inactive - virtual,0,Inactive,virtual,1,12,0.0,0.0,0.0,0.16666666666666666,0.0,0.0,0.0,0.16666666666666666,0.16666666666666666,0.25,0.0,0.0,0.0,0.08333333333333333,0.0,0.08333333333333333,0.0,0.0,0.0,0.08333333333333333,1476.7556,-0.7520469437464548,5.863249015808105,0.08333333333333334,38.233333333333334,0.07083333333333335,0.5708335015492094,-2.031474308621577e-06,162.5,0.7666666666666669,0.4166666666666667
711,SEREAVEIIKKN,inactive - virtual,inactive - virtual,0,Inactive,virtual,1,12,0.08333333333333333,0.0,0.0,0.25,0.0,0.0,0.0,0.16666666666666666,0.16666666666666666,0.0,0.0,0.08333333333333333,0.0,0.0,0.08333333333333333,0.08333333333333333,0.0,0.08333333333333333,0.0,0.0,1415.5916,-0.7484457083726976,5.952315711975097,0.0,34.19166666666667,-0.3466666666666667,0.5092414800945552,-0.0,97.49999999999997,3.4,0.3333333333333333
712,SESAVSHQLRSLRNL,inactive - virtual,inactive - virtual,0,Inactive,virtual,1,15,0.06666666666666667,0.0,0.0,0.06666666666666667,0.0,0.0,0.06666666666666667,0.0,0.0,0.2,0.0,0.06666666666666667,0.0,0.06666666666666667,0.13333333333333333,0.26666666666666666,0.0,0.06666666666666667,0.0,0.0,1696.8627000000001,0.29092527802485835,9.338003730773927,0.0,98.21333333333332,-0.23133333333333334,0.4818628419867761,0.0006458950891936331,104.0,3.0986666666666665,0.3333333333333333
713,SESKLIEQAFR,inactive - virtual,inactive - virtual,0,Inactive,virtual,1,11,0.09090909090909091,0.0,0.0,0.18181818181818182,0.09090909090909091,0.0,0.0,0.09090909090909091,0.09090909090909091,0.09090909090909091,0.0,0.0,0.0,0.09090909090909091,0.09090909090909091,0.18181818181818182,0.0,0.0,0.0,0.0,1307.4520000000002,-0.7470608766452567,5.86364688873291,0.09090909090909091,93.84545454545454,-0.21545454545454537,0.6226606878207411,-1.529683508482095e-06,80.00000000000001,2.8909090909090907,0.36363636363636365
714,SFADFKAQFTDAAIKN,inactive - virtual,inactive - virtual,0,Inactive,virtual,1,16,0.25,0.0,0.125,0.0,0.1875,0.0,0.0,0.0625,0.125,0.0,0.0,0.0625,0.0,0.0625,0.0,0.0625,0.0625,0.0,0.0,0.0,1773.9383000000003,-0.7508899046488482,5.679318046569825,0.1875,-20.056250000000002,0.05124999999999999,0.2769980142923999,-2.2548676956379586e-06,49.375,1.599375,0.5
715,SFDRVMNAIEEN,inactive - virtual,inactive - virtual,0,Inactive,virtual,1,12,0.08333333333333333,0.0,0.08333333333333333,0.16666666666666666,0.08333333333333333,0.0,0.0,0.08333333333333333,0.0,0.0,0.08333333333333333,0.16666666666666666,0.0,0.0,0.08333333333333333,0.08333333333333333,0.0,0.08333333333333333,0.0,0.0,1424.5352,-2.744108799822966,4.136821556091308,0.08333333333333334,76.95,-0.13833333333333334,0.5922844504536786,-0.0014046639616999172,64.99999999999999,3.1533333333333338,0.4166666666666667
716,SFSRIISELGTRD,inactive - virtual,inactive - virtual,0,Inactive,virtual,1,13,0.0,0.0,0.07692307692307693,0.07692307692307693,0.07692307692307693,0.07692307692307693,0.0,0.15384615384615385,0.0,0.07692307692307693,0.0,0.0,0.0,0.0,0.15384615384615385,0.23076923076923078,0.07692307692307693,0.0,0.0,0.0,1480.6218000000001,-0.7439853677041257,5.914688301086425,0.07692307692307693,32.330769230769235,-0.12692307692307694,0.5126299388824299,-1.3507854817576422e-06,90.0,3.0353846153846153,0.3076923076923077
717,SGARRVRIAQTLTEN,inactive - virtual,inactive - virtual,0,Inactive,virtual,1,15,0.13333333333333333,0.0,0.0,0.06666666666666667,0.0,0.06666666666666667,0.0,0.06666666666666667,0.0,0.06666666666666667,0.0,0.06666666666666667,0.0,0.06666666666666667,0.2,0.06666666666666667,0.13333333333333333,0.06666666666666667,0.0,0.0,1671.8566,1.2542737186154378,11.698964881896973,0.0,54.699999999999996,-0.32199999999999995,0.3460776019685371,0.0011944780065316475,84.66666666666666,3.5900000000000003,0.3333333333333333
718,SGDELYELLQHILKQRDHHHHH,inactive - virtual,inactive - virtual,0,Inactive,virtual,1,22,0.0,0.0,0.09090909090909091,0.09090909090909091,0.0,0.045454545454545456,0.2727272727272727,0.045454545454545456,0.045454545454545456,0.18181818181818182,0.0,0.0,0.0,0.09090909090909091,0.045454545454545456,0.045454545454545456,0.0,0.0,0.0,0.045454545454545456,2742.960099999999,-2.528914853946251,6.241341972351075,0.045454545454545456,56.550000000000004,-0.22818181818181815,0.2908326204101686,-0.0005133122126745826,88.63636363636364,3.116818181818181,0.22727272727272727
719,SGPAYVFYLLDALQNAAIRQ,inactive - virtual,inactive - virtual,0,Inactive,virtual,1,20,0.2,0.0,0.05,0.0,0.05,0.05,0.0,0.05,0.0,0.15,0.0,0.05,0.05,0.1,0.05,0.05,0.0,0.05,0.0,0.1,2210.4864,-0.7513615070372266,5.552567100524903,0.15000000000000002,61.36050000000001,0.22700000000000004,0.27240843600251996,-2.261941922379201e-06,112.5,0.5079999999999998,0.5
720,SGRFWKLYIEAEIKA,inactive - virtual,inactive - virtual,0,Inactive,virtual,1,15,0.13333333333333333,0.0,0.0,0.13333333333333333,0.06666666666666667,0.06666666666666667,0.0,0.13333333333333333,0.13333333333333333,0.06666666666666667,0.0,0.0,0.0,0.0,0.06666666666666667,0.06666666666666667,0.0,0.0,0.06666666666666667,0.06666666666666667,1811.0877,0.247927938020172,8.219993019104006,0.2,40.14666666666666,0.04866666666666666,0.37186847250537647,0.0005504972143847075,91.33333333333333,1.2366666666666666,0.4
721,SGTIKAAHEVLMEMG,inactive - virtual,inactive - virtual,0,Inactive,virtual,1,15,0.13333333333333333,0.0,0.0,0.13333333333333333,0.0,0.13333333333333333,0.06666666666666667,0.06666666666666667,0.06666666666666667,0.06666666666666667,0.13333333333333333,0.0,0.0,0.0,0.0,0.06666666666666667,0.06666666666666667,0.06666666666666667,0.0,0.0,1573.8327000000004,-1.7104093172358363,5.376252555847168,0.0,-7.646666666666666,0.23133333333333336,0.33738335452753987,-0.0005737559091140142,84.66666666666666,0.38133333333333325,0.4666666666666667
722,SHAQDIYKEAFNSAWDQY,inactive - virtual,inactive - virtual,0,Inactive,virtual,1,18,0.16666666666666666,0.0,0.1111111111111111,0.05555555555555555,0.05555555555555555,0.0,0.05555555555555555,0.05555555555555555,0.05555555555555555,0.0,0.0,0.05555555555555555,0.0,0.1111111111111111,0.0,0.1111111111111111,0.0,0.0,0.05555555555555555,0.1111111111111111,2173.2527000000005,-2.715648295200242,4.534751319885253,0.2222222222222222,15.95555555555556,-0.08277777777777778,0.3570198635953942,-0.0008765633196212142,38.33333333333333,2.422222222222222,0.2777777777777778
723,SIDEKYEAEVKKSEIDHHK,inactive - virtual,inactive - virtual,0,Inactive,virtual,1,19,0.05263157894736842,0.0,0.10526315789473684,0.21052631578947367,0.0,0.0,0.10526315789473684,0.10526315789473684,0.21052631578947367,0.0,0.0,0.0,0.0,0.0,0.0,0.10526315789473684,0.0,0.05263157894736842,0.0,0.05263157894736842,2285.4658,-2.680670756539233,5.430874824523924,0.052631578947368425,36.72631578947368,-0.3757894736842106,0.16886608226409508,-0.0007880217198213059,61.57894736842104,3.5499999999999994,0.21052631578947367
724,SIERLLEMESL,inactive - virtual,inactive - virtual,0,Inactive,virtual,1,11,0.0,0.0,0.0,0.2727272727272727,0.0,0.0,0.0,0.09090909090909091,0.0,0.2727272727272727,0.09090909090909091,0.0,0.0,0.0,0.09090909090909091,0.18181818181818182,0.0,0.0,0.0,0.0,1319.5240000000001,-2.7434345230381263,4.251863670349121,0.0,66.54545454545455,0.02363636363636362,0.3480212888123008,-0.0015156911930763227,141.8181818181818,1.8290909090909089,0.45454545454545453
725,SIPHLANLLIERSQ,inactive - virtual,inactive - virtual,0,Inactive,virtual,1,14,0.07142857142857142,0.0,0.0,0.07142857142857142,0.0,0.0,0.07142857142857142,0.14285714285714285,0.0,0.21428571428571427,0.0,0.07142857142857142,0.07142857142857142,0.07142857142857142,0.07142857142857142,0.14285714285714285,0.0,0.0,0.0,0.0,1590.8218,-0.7090496037417684,6.467390632629394,0.0,83.75714285714287,0.08642857142857142,0.34444969359767424,6.0345857194043366e-05,146.4285714285714,1.3542857142857143,0.42857142857142855
726,SISRYKTIEWLNYIATEL,inactive - virtual,inactive - virtual,0,Inactive,virtual,1,18,0.05555555555555555,0.0,0.0,0.1111111111111111,0.0,0.0,0.0,0.16666666666666666,0.05555555555555555,0.1111111111111111,0.0,0.05555555555555555,0.0,0.0,0.05555555555555555,0.1111111111111111,0.1111111111111111,0.0,0.05555555555555555,0.1111111111111111,2200.4885000000004,-0.752072061979828,5.863249015808105,0.16666666666666666,49.57222222222223,0.09055555555555554,0.1236899000582497,-1.3633327122595423e-06,113.88888888888887,1.3449999999999998,0.3333333333333333
727,SKDALMLEAFEQLLGKRRELLGE,inactive - virtual,inactive - virtual,0,Inactive,virtual,1,23,0.08695652173913043,0.0,0.043478260869565216,0.17391304347826086,0.043478260869565216,0.08695652173913043,0.0,0.0,0.08695652173913043,0.2608695652173913,0.043478260869565216,0.0,0.0,0.043478260869565216,0.08695652173913043,0.043478260869565216,0.0,0.0,0.0,0.0,2647.0550000000007,-1.7448110948545255,5.153784751892089,0.043478260869565216,50.04782608695652,-0.09782608695652174,0.12890747214366316,-0.0003770220546568646,110.43478260869564,1.9778260869565218,0.43478260869565216
728,SKDLAQTSYFMATNSLHLT,inactive - virtual,inactive - virtual,0,Inactive,virtual,1,19,0.10526315789473684,0.0,0.05263157894736842,0.0,0.05263157894736842,0.0,0.05263157894736842,0.0,0.05263157894736842,0.15789473684210525,0.05263157894736842,0.05263157894736842,0.0,0.05263157894736842,0.0,0.15789473684210525,0.15789473684210525,0.0,0.0,0.05263157894736842,2128.3613,-0.7147099476278063,6.460228919982909,0.10526315789473685,8.057894736842105,0.08000000000000002,0.19770670524579434,4.4165253221949195e-05,72.10526315789473,1.3394736842105261,0.3684210526315789
729,SKEDIDTAMKLGAG,inactive - virtual,inactive - virtual,0,Inactive,virtual,1,14,0.14285714285714285,0.0,0.14285714285714285,0.07142857142857142,0.0,0.14285714285714285,0.0,0.07142857142857142,0.14285714285714285,0.07142857142857142,0.07142857142857142,0.0,0.0,0.0,0.0,0.07142857142857142,0.07142857142857142,0.0,0.0,0.0,1435.5995,-1.7497691437090035,4.55617961883545,0.0,0.17857142857142985,-0.030714285714285732,0.30609838141045137,-0.0006979611454364347,70.0,1.6878571428571423,0.35714285714285715
730,SKEDVERVKLRINLARNWVKKY,inactive - virtual,inactive - virtual,0,Inactive,virtual,1,22,0.045454545454545456,0.0,0.045454545454545456,0.09090909090909091,0.0,0.0,0.0,0.045454545454545456,0.18181818181818182,0.09090909090909091,0.0,0.09090909090909091,0.0,0.0,0.13636363636363635,0.045454545454545456,0.0,0.13636363636363635,0.045454545454545456,0.045454545454545456,2745.1863000000003,3.2433130003738584,10.160878181457516,0.09090909090909091,17.613636363636367,-0.4104545454545454,0.3004274041904538,0.0014563654974701205,97.27272727272727,3.4136363636363636,0.3181818181818182
731,SKEEQRDYVFYLAVGNYRL,inactive - virtual,inactive - virtual,0,Inactive,virtual,1,19,0.05263157894736842,0.0,0.05263157894736842,0.10526315789473684,0.05263157894736842,0.05263157894736842,0.0,0.0,0.05263157894736842,0.10526315789473684,0.0,0.05263157894736842,0.0,0.05263157894736842,0.10526315789473684,0.05263157894736842,0.0,0.10526315789473684,0.0,0.15789473684210525,2350.5833000000007,-0.7541562887254827,5.903263664245605,0.21052631578947367,36.09,-0.1689473684210526,0.13728192415701243,-1.276275318111623e-06,76.84210526315789,2.6357894736842105,0.3157894736842105
732,SKIQKELVAIMN,inactive - virtual,inactive - virtual,0,Inactive,virtual,1,12,0.08333333333333333,0.0,0.0,0.08333333333333333,0.0,0.0,0.0,0.16666666666666666,0.16666666666666666,0.08333333333333333,0.08333333333333333,0.08333333333333333,0.0,0.08333333333333333,0.0,0.08333333333333333,0.0,0.08333333333333333,0.0,0.0,1373.6607000000001,0.24933788798098666,8.310893440246584,0.0,2.091666666666667,0.059166666666666666,0.469675969038529,0.0007257929488159456,129.99999999999997,0.8774999999999998,0.5
733,SKPIQNVESGFIFALVS,inactive - virtual,inactive - virtual,0,Inactive,virtual,1,17,0.058823529411764705,0.0,0.0,0.058823529411764705,0.11764705882352941,0.058823529411764705,0.0,0.11764705882352941,0.058823529411764705,0.058823529411764705,0.0,0.058823529411764705,0.058823529411764705,0.058823529411764705,0.0,0.17647058823529413,0.0,0.11764705882352941,0.0,0.0,1836.0921000000003,-0.7481565193517274,5.718195915222168,0.11764705882352942,16.30588235294118,0.3123529411764706,0.2715216291716999,-1.6338979358422745e-06,108.8235294117647,0.1876470588235292,0.47058823529411764
734,SKYLKSLLSLM,inactive - virtual,inactive - virtual,0,Inactive,virtual,1,11,0.0,0.0,0.0,0.0,0.0,0.0,0.0,0.0,0.18181818181818182,0.36363636363636365,0.09090909090909091,0.0,0.0,0.0,0.0,0.2727272727272727,0.0,0.0,0.0,0.09090909090909091,1282.5914,1.2457115343738563,9.7000581741333,0.09090909090909091,1.3727272727272726,0.16000000000000006,0.5319521179758123,0.0015554342741306722,141.81818181818184,-0.05363636363636366,0.45454545454545453
735,SKYRLTVVVAKRAQQLLRH,inactive - virtual,inactive - virtual,0,Inactive,virtual,1,19,0.10526315789473684,0.0,0.0,0.0,0.0,0.0,0.05263157894736842,0.0,0.10526315789473684,0.15789473684210525,0.0,0.0,0.0,0.10526315789473684,0.15789473684210525,0.05263157894736842,0.05263157894736842,0.15789473684210525,0.0,0.05263157894736842,2266.6907,4.2822626208497825,11.733906745910645,0.052631578947368425,48.1421052631579,-0.24894736842105267,0.4236826042240079,0.002246888634969934,117.89473684210526,2.4847368421052627,0.42105263157894735
736,SLAEALGWLFVSEGS,inactive - virtual,inactive - virtual,0,Inactive,virtual,1,15,0.13333333333333333,0.0,0.0,0.13333333333333333,0.06666666666666667,0.13333333333333333,0.0,0.0,0.0,0.2,0.0,0.0,0.0,0.0,0.0,0.2,0.0,0.06666666666666667,0.06666666666666667,0.0,1565.7211000000002,-2.7445301657445973,4.0500284194946286,0.13333333333333333,38.626666666666665,0.43933333333333346,0.1675654293457721,-0.0012779981222816193,110.66666666666666,-0.38599999999999995,0.4666666666666667
737,SLEQQFSIRSFATQVQNM,inactive - virtual,inactive - virtual,0,Inactive,virtual,1,18,0.05555555555555555,0.0,0.0,0.05555555555555555,0.1111111111111111,0.0,0.0,0.05555555555555555,0.0,0.05555555555555555,0.05555555555555555,0.05555555555555555,0.0,0.2222222222222222,0.05555555555555555,0.16666666666666666,0.05555555555555555,0.05555555555555555,0.0,0.0,2114.3379,-0.7456760449178153,5.7184232711792,0.1111111111111111,42.68888888888888,-0.04166666666666666,0.21373458010996332,-1.4188824881523311e-06,65.0,2.183333333333333,0.3888888888888889
738,SLESLIDMITSI,inactive - virtual,inactive - virtual,0,Inactive,virtual,1,12,0.0,0.0,0.08333333333333333,0.08333333333333333,0.0,0.0,0.0,0.25,0.0,0.16666666666666666,0.08333333333333333,0.0,0.0,0.0,0.0,0.25,0.08333333333333333,0.0,0.0,0.0,1321.5365000000002,-2.745204442529437,4.0500284194946286,0.0,25.21666666666667,0.4008333333333334,0.5228328885804683,-0.00151489928416847,162.5,0.11250000000000004,0.5
739,SLKDQLALAIGKLG,inactive - virtual,inactive - virtual,0,Inactive,virtual,1,14,0.14285714285714285,0.0,0.07142857142857142,0.0,0.0,0.14285714285714285,0.0,0.07142857142857142,0.14285714285714285,0.2857142857142857,0.0,0.0,0.0,0.07142857142857142,0.0,0.07142857142857142,0.0,0.0,0.0,0.0,1426.7002,0.24866361119614666,8.310377693176271,0.0,-8.907142857142858,0.2192857142857143,0.2979753313366107,0.0006981096368568245,153.57142857142853,-0.09571428571428586,0.5
740,SLLPTLSAIAEL,inactive - virtual,inactive - virtual,0,Inactive,virtual,1,12,0.16666666666666666,0.0,0.0,0.08333333333333333,0.0,0.0,0.0,0.08333333333333333,0.0,0.3333333333333333,0.0,0.0,0.08333333333333333,0.0,0.0,0.16666666666666666,0.08333333333333333,0.0,0.0,0.0,1227.4468000000002,-1.7456509266844416,4.0500284194946286,0.0,25.21666666666667,0.5008333333333335,0.32039119921053466,-0.0008171412277485844,179.16666666666663,-1.0033333333333332,0.5833333333333334
741,SLPEMFDKMRPYYEESKKRVKE,inactive - virtual,inactive - virtual,0,Inactive,virtual,1,22,0.0,0.0,0.045454545454545456,0.18181818181818182,0.045454545454545456,0.0,0.0,0.0,0.18181818181818182,0.045454545454545456,0.09090909090909091,0.0,0.09090909090909091,0.0,0.09090909090909091,0.09090909090909091,0.0,0.045454545454545456,0.0,0.09090909090909091,2791.2051000000006,0.24516653447633274,8.067331886291505,0.13636363636363635,87.35909090909091,-0.4445454545454546,0.4087130997089056,0.00035826756138018995,30.909090909090914,3.5654545454545445,0.22727272727272727
742,SMDHRIERLEYYIQLLVK,inactive - virtual,inactive - virtual,0,Inactive,virtual,1,18,0.0,0.0,0.05555555555555555,0.1111111111111111,0.0,0.0,0.05555555555555555,0.1111111111111111,0.05555555555555555,0.16666666666666666,0.05555555555555555,0.0,0.0,0.05555555555555555,0.1111111111111111,0.05555555555555555,0.0,0.05555555555555555,0.0,0.1111111111111111,2306.6816000000003,-0.7150242548821497,6.480861473083496,0.1111111111111111,39.111111111111114,-0.10833333333333332,0.4114281888244293,4.161807611772713e-05,124.44444444444443,2.256666666666666,0.3888888888888889
743,SNEQRQDIAFAYQRRTK,inactive - virtual,inactive - virtual,0,Inactive,virtual,1,17,0.11764705882352941,0.0,0.058823529411764705,0.058823529411764705,0.058823529411764705,0.0,0.0,0.058823529411764705,0.058823529411764705,0.0,0.0,0.058823529411764705,0.0,0.17647058823529413,0.17647058823529413,0.058823529411764705,0.058823529411764705,0.0,0.0,0.058823529411764705,2111.2779000000005,1.2497090174358712,9.976305198669433,0.11764705882352942,77.09411764705882,-0.5941176470588235,0.1080048712033265,0.0009458716986851577,34.705882352941174,4.922941176470587,0.23529411764705882
744,SNEVMRILISRSLLQE,inactive - virtual,inactive - virtual,0,Inactive,virtual,1,16,0.0,0.0,0.0,0.125,0.0,0.0,0.0,0.125,0.0,0.1875,0.0625,0.0625,0.0,0.0625,0.125,0.1875,0.0,0.0625,0.0,0.0,1888.1934,-0.7424879155546473,6.006426429748534,0.0,88.6125,-0.050625,0.0864887407336609,-5.296049147336087e-07,140.0,2.178125,0.4375
745,SNTELQAVDGRFKRAVASMEAARALTNN,inactive - virtual,inactive - virtual,0,Inactive,virtual,1,28,0.21428571428571427,0.0,0.03571428571428571,0.07142857142857142,0.03571428571428571,0.03571428571428571,0.0,0.0,0.03571428571428571,0.07142857142857142,0.03571428571428571,0.10714285714285714,0.0,0.03571428571428571,0.10714285714285714,0.07142857142857142,0.07142857142857142,0.07142857142857142,0.0,0.0,3021.3251999999993,0.2533353710430015,8.460137748718264,0.03571428571428572,20.67142857142857,-0.1639285714285714,0.13503302819868387,0.0003306490850056101,70.0,2.678571428571428,0.42857142857142855
746,SPAEVRDLDFANDASKVLGSIAGKLEK,inactive - virtual,inactive - virtual,0,Inactive,virtual,1,27,0.14814814814814814,0.0,0.1111111111111111,0.07407407407407407,0.037037037037037035,0.07407407407407407,0.0,0.037037037037037035,0.1111111111111111,0.1111111111111111,0.0,0.037037037037037035,0.037037037037037035,0.0,0.037037037037037035,0.1111111111111111,0.0,0.07407407407407407,0.0,0.0,2831.1382000000003,-1.750732609514814,4.860381889343262,0.037037037037037035,20.811111111111103,-0.031111111111111096,0.3309794187888891,-0.00035321335852921956,94.07407407407406,1.7899999999999994,0.4074074074074074
747,SPAQAEALGVWRRYRAYFDA,inactive - virtual,inactive - virtual,0,Inactive,virtual,1,20,0.25,0.0,0.05,0.05,0.05,0.05,0.0,0.0,0.0,0.05,0.0,0.0,0.05,0.05,0.15,0.05,0.0,0.05,0.05,0.1,2327.555,0.24970901743587115,8.307798957824708,0.2,63.68500000000001,-0.08699999999999997,0.2586643404746039,0.0004279159291274983,59.0,2.2625,0.4
748,SPAVIDYVNRLEEIRDNV,inactive - virtual,inactive - virtual,0,Inactive,virtual,1,18,0.05555555555555555,0.0,0.1111111111111111,0.1111111111111111,0.0,0.0,0.0,0.1111111111111111,0.0,0.05555555555555555,0.0,0.1111111111111111,0.05555555555555555,0.0,0.1111111111111111,0.05555555555555555,0.0,0.16666666666666666,0.0,0.05555555555555555,2102.3041000000003,-2.74619302656862,4.315978050231934,0.05555555555555555,73.36666666666667,-0.1011111111111111,0.32063130682420726,-0.0009518101516902835,118.88888888888886,2.723888888888889,0.3888888888888889
749,SPAVQMKIKELYRRR,inactive - virtual,inactive - virtual,0,Inactive,virtual,1,15,0.06666666666666667,0.0,0.0,0.06666666666666667,0.0,0.0,0.0,0.06666666666666667,0.13333333333333333,0.06666666666666667,0.06666666666666667,0.0,0.06666666666666667,0.06666666666666667,0.2,0.06666666666666667,0.0,0.06666666666666667,0.0,0.06666666666666667,1875.246,3.2467569406135803,11.000063133239745,0.06666666666666667,105.24666666666667,-0.4686666666666666,0.2244687825269776,0.0021309158778829488,78.0,3.5806666666666667,0.3333333333333333
750,SPEEAAALVDGLR,inactive - virtual,inactive - virtual,0,Inactive,virtual,1,13,0.23076923076923078,0.0,0.07692307692307693,0.15384615384615385,0.0,0.07692307692307693,0.0,0.0,0.0,0.15384615384615385,0.0,0.0,0.07692307692307693,0.0,0.07692307692307693,0.07692307692307693,0.0,0.07692307692307693,0.0,0.0,1327.4401,-2.744108799822966,4.136821556091308,0.0,84.73076923076923,0.05384615384615386,0.3319585764416795,-0.0015074127644187306,105.38461538461539,1.5699999999999998,0.46153846153846156
751,SPEEKEEWMKSIKASISR,inactive - virtual,inactive - virtual,0,Inactive,virtual,1,18,0.05555555555555555,0.0,0.0,0.2222222222222222,0.0,0.0,0.0,0.1111111111111111,0.16666666666666666,0.0,0.05555555555555555,0.0,0.05555555555555555,0.0,0.05555555555555555,0.2222222222222222,0.0,0.0,0.05555555555555555,0.0,2135.3973,-0.749830540100139,6.016486930847167,0.05555555555555555,90.52222222222221,-0.31611111111111106,0.33184428373544983,4.6829633792263745e-07,48.888888888888886,3.1155555555555545,0.2222222222222222
752,SPEHRQELIER,inactive - virtual,inactive - virtual,0,Inactive,virtual,1,11,0.0,0.0,0.0,0.2727272727272727,0.0,0.0,0.09090909090909091,0.09090909090909091,0.0,0.09090909090909091,0.0,0.0,0.09090909090909091,0.09090909090909091,0.18181818181818182,0.09090909090909091,0.0,0.0,0.0,0.0,1393.5049000000001,-1.7068332000954527,5.473560905456543,0.0,132.94545454545454,-0.5481818181818182,0.2586385659302071,-0.0006465687364999175,70.90909090909092,4.911818181818182,0.18181818181818182
753,SPEIASGLKKLIRE,inactive - virtual,inactive - virtual,0,Inactive,virtual,1,14,0.07142857142857142,0.0,0.0,0.14285714285714285,0.0,0.07142857142857142,0.0,0.14285714285714285,0.14285714285714285,0.14285714285714285,0.0,0.0,0.07142857142857142,0.0,0.07142857142857142,0.14285714285714285,0.0,0.0,0.0,0.0,1540.803,0.2525260173441546,8.31192493438721,0.0,54.71428571428572,-0.07999999999999999,0.6290220748471066,0.0006477112687482558,118.57142857142856,1.7149999999999999,0.35714285714285715
754,SPEQMQVLLDQAG,inactive - virtual,inactive - virtual,0,Inactive,virtual,1,13,0.07692307692307693,0.0,0.07692307692307693,0.07692307692307693,0.0,0.07692307692307693,0.0,0.0,0.0,0.15384615384615385,0.07692307692307693,0.0,0.07692307692307693,0.23076923076923078,0.0,0.07692307692307693,0.0,0.07692307692307693,0.0,0.0,1415.5682,-2.745204442529437,4.0500284194946286,0.0,59.615384615384606,0.0607692307692308,0.28459015143110195,-0.0014142712829460923,90.0,1.274615384615385,0.38461538461538464
755,SPEVVVARGEQE,inactive - virtual,inactive - virtual,0,Inactive,virtual,1,12,0.08333333333333333,0.0,0.0,0.25,0.0,0.08333333333333333,0.0,0.0,0.0,0.0,0.0,0.0,0.08333333333333333,0.08333333333333333,0.08333333333333333,0.08333333333333333,0.0,0.25,0.0,0.0,1299.3869000000002,-2.74134203638143,4.522133064270019,0.0,79.00833333333334,-0.10249999999999997,0.2288931030554058,-0.0015391837708463201,80.83333333333333,2.4516666666666667,0.3333333333333333
756,SPKEAYAYLEKLRSIIQYTG,inactive - virtual,inactive - virtual,0,Inactive,virtual,1,20,0.1,0.0,0.0,0.1,0.0,0.05,0.0,0.1,0.1,0.1,0.0,0.0,0.05,0.05,0.05,0.1,0.05,0.0,0.0,0.15,2330.6336,0.24291675268560065,8.10543270111084,0.15,58.405000000000015,-0.030999999999999982,0.34696034177034146,0.00042735042735042735,88.0,1.5364999999999998,0.3
757,SPKESEVLRLFAEG,inactive - virtual,inactive - virtual,0,Inactive,virtual,1,14,0.07142857142857142,0.0,0.0,0.21428571428571427,0.07142857142857142,0.07142857142857142,0.0,0.0,0.07142857142857142,0.14285714285714285,0.0,0.0,0.07142857142857142,0.0,0.07142857142857142,0.14285714285714285,0.0,0.07142857142857142,0.0,0.0,1561.7342999999998,-1.745940115705412,4.7827966690063475,0.07142857142857144,81.94285714285715,-0.06142857142857142,0.36641404031884217,-0.0006403114474880582,83.57142857142856,2.0064285714285712,0.35714285714285715
758,SPKSTYSYWASVLN,inactive - virtual,inactive - virtual,0,Inactive,virtual,1,14,0.07142857142857142,0.0,0.0,0.0,0.0,0.0,0.0,0.0,0.07142857142857142,0.07142857142857142,0.0,0.07142857142857142,0.07142857142857142,0.0,0.0,0.2857142857142857,0.07142857142857142,0.07142857142857142,0.07142857142857142,0.14285714285714285,1602.7413000000001,0.2457115343738563,8.219219398498538,0.2142857142857143,22.52857142857143,0.08714285714285715,0.2995433834161035,0.0006201840586491967,55.71428571428571,1.11,0.21428571428571427
759,SPSKSLQMILRRALGDFENMLAD,inactive - virtual,inactive - virtual,0,Inactive,virtual,1,23,0.08695652173913043,0.0,0.08695652173913043,0.043478260869565216,0.043478260869565216,0.043478260869565216,0.0,0.043478260869565216,0.043478260869565216,0.17391304347826086,0.08695652173913043,0.043478260869565216,0.043478260869565216,0.043478260869565216,0.08695652173913043,0.13043478260869565,0.0,0.0,0.0,0.0,2592.9876,-0.7460444762164067,5.947370719909667,0.043478260869565216,85.9,-0.047391304347826034,0.43599798528272893,-7.713103405720809e-07,93.47826086956522,1.9643478260869565,0.43478260869565216
760,SPVVIKKRIEGLIER,inactive - virtual,inactive - virtual,0,Inactive,virtual,1,15,0.0,0.0,0.0,0.13333333333333333,0.0,0.06666666666666667,0.0,0.2,0.13333333333333333,0.06666666666666667,0.0,0.0,0.06666666666666667,0.0,0.13333333333333333,0.06666666666666667,0.0,0.13333333333333333,0.0,0.0,1737.0955000000004,1.2504084124540835,9.984170341491701,0.0,126.12666666666667,-0.10399999999999997,0.3637639334771729,0.0011501928501525531,142.66666666666666,1.9506666666666665,0.4
761,SQESINQLVYMG,inactive - virtual,inactive - virtual,0,Inactive,virtual,1,12,0.0,0.0,0.0,0.08333333333333333,0.0,0.08333333333333333,0.0,0.08333333333333333,0.0,0.08333333333333333,0.08333333333333333,0.08333333333333333,0.0,0.16666666666666666,0.0,0.16666666666666666,0.0,0.08333333333333333,0.0,0.08333333333333333,1368.5115999999996,-1.7481565193517272,4.0500284194946286,0.08333333333333334,81.36666666666667,0.11666666666666665,0.35837414599941636,-0.0007336392599304358,89.16666666666664,1.1916666666666664,0.3333333333333333
762,SQRQRDELNRAIADYLRSN,inactive - virtual,inactive - virtual,0,Inactive,virtual,1,19,0.10526315789473684,0.0,0.10526315789473684,0.05263157894736842,0.0,0.0,0.0,0.05263157894736842,0.0,0.10526315789473684,0.0,0.10526315789473684,0.0,0.10526315789473684,0.21052631578947367,0.10526315789473684,0.0,0.0,0.0,0.05263157894736842,2305.4669000000004,0.2526359760247878,8.45743007659912,0.052631578947368425,58.54210526315789,-0.5821052631578947,0.45410731507013924,0.0004324497824738557,72.10526315789473,5.097368421052631,0.2631578947368421
763,SRAITQYIAHR,inactive - virtual,inactive - virtual,0,Inactive,virtual,1,11,0.18181818181818182,0.0,0.0,0.0,0.0,0.0,0.09090909090909091,0.18181818181818182,0.0,0.0,0.0,0.0,0.0,0.09090909090909091,0.18181818181818182,0.09090909090909091,0.09090909090909091,0.0,0.0,0.09090909090909091,1315.4806,1.287298924417728,10.834379386901855,0.09090909090909091,5.1727272727272755,-0.1981818181818182,0.2791374107030248,0.0015918143947456441,89.09090909090911,2.971818181818182,0.36363636363636365
764,SRAKASFDTRVAAAELALNR,inactive - virtual,inactive - virtual,0,Inactive,virtual,1,20,0.3,0.0,0.05,0.05,0.05,0.0,0.0,0.0,0.05,0.1,0.0,0.05,0.0,0.0,0.15,0.1,0.05,0.05,0.0,0.0,2147.3946000000005,1.2522146101031568,10.736645317077638,0.05,17.785,-0.18050000000000002,0.22731224626676655,0.0009304274937133277,83.5,2.7064999999999997,0.5
765,SRDLQEKYERHMEKLIELANKEVERT,inactive - virtual,inactive - virtual,0,Inactive,virtual,1,26,0.038461538461538464,0.0,0.038461538461538464,0.23076923076923078,0.0,0.0,0.038461538461538464,0.038461538461538464,0.11538461538461539,0.11538461538461539,0.038461538461538464,0.038461538461538464,0.0,0.038461538461538464,0.11538461538461539,0.038461538461538464,0.038461538461538464,0.038461538461538464,0.0,0.038461538461538464,3245.6215000000007,-1.713071922023432,5.663687324523925,0.038461538461538464,64.21923076923078,-0.4723076923076924,0.5175950298359571,-0.0002766797201159713,75.0,4.079230769230769,0.2692307692307692
766,SRKALTEGNIMAVQAMAYFKELIQKRKRH,inactive - virtual,inactive - virtual,0,Inactive,virtual,1,29,0.13793103448275862,0.0,0.0,0.06896551724137931,0.034482758620689655,0.034482758620689655,0.034482758620689655,0.06896551724137931,0.13793103448275862,0.06896551724137931,0.06896551724137931,0.034482758620689655,0.0,0.06896551724137931,0.10344827586206896,0.034482758620689655,0.034482758620689655,0.034482758620689655,0.0,0.034482758620689655,3419.0344000000005,4.2794929573949005,10.54859104156494,0.06896551724137931,67.61379310344827,-0.21689655172413796,0.2852187269845988,0.0014904768590013572,77.58620689655172,2.3962068965517234,0.41379310344827586
767,SRPLHISTFINELDSGFRLL,inactive - virtual,inactive - virtual,0,Inactive,virtual,1,20,0.0,0.0,0.05,0.05,0.1,0.05,0.05,0.1,0.0,0.2,0.0,0.05,0.05,0.0,0.1,0.15,0.05,0.0,0.0,0.0,2315.6255,-0.708628237820137,6.471596717834472,0.1,66.53,0.0895,0.27677202375484206,4.1889248282324894e-05,117.0,1.6509999999999998,0.4
768,SRWGVLILVAL,inactive - virtual,inactive - virtual,0,Inactive,virtual,1,11,0.09090909090909091,0.0,0.0,0.0,0.0,0.09090909090909091,0.0,0.09090909090909091,0.0,0.2727272727272727,0.0,0.0,0.0,0.0,0.09090909090909091,0.09090909090909091,0.0,0.18181818181818182,0.09090909090909091,0.0,1226.5097999999998,0.25320319414234005,9.46507091522217,0.09090909090909091,86.75454545454546,0.5572727272727274,0.30306173433052047,0.0008120602359540485,203.63636363636363,-1.3199999999999998,0.6363636363636364
769,SSAVSRIISKLKQ,inactive - virtual,inactive - virtual,0,Inactive,virtual,1,13,0.07692307692307693,0.0,0.0,0.0,0.0,0.0,0.0,0.15384615384615385,0.15384615384615385,0.07692307692307693,0.0,0.0,0.0,0.07692307692307693,0.07692307692307693,0.3076923076923077,0.0,0.07692307692307693,0.0,0.0,1416.6656999999998,2.2481920088077687,11.16600475311279,0.0,43.98461538461539,-0.11153846153846152,0.6013866261024129,0.002114112672676064,120.0,1.8884615384615382,0.38461538461538464
770,SSQNWQRFYQLTKLLDSMHEVVENLL,inactive - virtual,inactive - virtual,0,Inactive,virtual,1,26,0.0,0.0,0.038461538461538464,0.07692307692307693,0.038461538461538464,0.0,0.038461538461538464,0.0,0.038461538461538464,0.19230769230769232,0.038461538461538464,0.07692307692307693,0.0,0.11538461538461539,0.038461538461538464,0.11538461538461539,0.038461538461538464,0.07692307692307693,0.038461538461538464,0.038461538461538464,3179.5594999999994,-1.7124935439814903,5.421837425231933,0.11538461538461539,59.15423076923078,-0.03346153846153843,0.3284296019613912,-0.0002840006667568256,97.30769230769232,1.9207692307692308,0.34615384615384615
771,SSREWFSTLYRLFIG,inactive - virtual,inactive - virtual,0,Inactive,virtual,1,15,0.0,0.0,0.0,0.06666666666666667,0.13333333333333333,0.06666666666666667,0.0,0.06666666666666667,0.0,0.13333333333333333,0.0,0.0,0.0,0.0,0.13333333333333333,0.2,0.06666666666666667,0.0,0.06666666666666667,0.06666666666666667,1862.0913,0.2517932441815258,8.461298179626464,0.26666666666666666,13.72,0.08133333333333333,0.4389863892446975,0.0005348828466937689,78.0,1.7046666666666666,0.3333333333333333
772,STATFYDAKKFLIQE,inactive - virtual,inactive - virtual,0,Inactive,virtual,1,15,0.13333333333333333,0.0,0.06666666666666667,0.06666666666666667,0.13333333333333333,0.0,0.0,0.06666666666666667,0.13333333333333333,0.06666666666666667,0.0,0.0,0.0,0.06666666666666667,0.0,0.06666666666666667,0.13333333333333333,0.0,0.0,0.06666666666666667,1761.9674000000005,-0.7506287338745974,5.967491722106933,0.2,67.92066666666668,0.041999999999999975,0.20655708668165007,-1.702639659018031e-06,65.33333333333333,1.4286666666666668,0.4
773,STEVVALSRLQGSLQDMLWQLDLS,inactive - virtual,inactive - virtual,0,Inactive,virtual,1,24,0.041666666666666664,0.0,0.08333333333333333,0.041666666666666664,0.0,0.041666666666666664,0.0,0.0,0.0,0.25,0.041666666666666664,0.0,0.0,0.125,0.041666666666666664,0.16666666666666666,0.041666666666666664,0.08333333333333333,0.041666666666666664,0.0,2690.0331999999994,-2.7447830766078054,4.0500284194946286,0.04166666666666667,70.69166666666666,0.12458333333333338,0.19415543663460463,-0.0007442268516453287,125.83333333333333,1.122083333333333,0.4166666666666667
774,STLVQTPALRAVGNIV,inactive - virtual,inactive - virtual,0,Inactive,virtual,1,16,0.125,0.0,0.0,0.0,0.0,0.0625,0.0,0.0625,0.0,0.125,0.0,0.0625,0.0625,0.0625,0.0625,0.0625,0.125,0.1875,0.0,0.0,1638.9060000000004,0.25320319414234005,9.46507091522217,0.0,44.99375,0.27062500000000006,0.31796205614685663,0.000607720985289003,140.0,0.2624999999999998,0.5
775,STLVSVAVALAAYKTG,inactive - virtual,inactive - virtual,0,Inactive,virtual,1,16,0.25,0.0,0.0,0.0,0.0,0.0625,0.0,0.0,0.0625,0.125,0.0,0.0,0.0,0.0,0.0,0.125,0.125,0.1875,0.0,0.0625,1550.7943,0.24821712704114218,8.310119819641116,0.0625,4.06875,0.42250000000000004,0.009344061237423842,0.0006416043332473562,128.125,-0.7818749999999998,0.5625
776,SVADHSYRVAFITLLLAEELKKK,inactive - virtual,inactive - virtual,0,Inactive,virtual,1,23,0.13043478260869565,0.0,0.043478260869565216,0.08695652173913043,0.043478260869565216,0.0,0.043478260869565216,0.043478260869565216,0.13043478260869565,0.17391304347826086,0.0,0.0,0.0,0.0,0.043478260869565216,0.08695652173913043,0.043478260869565216,0.08695652173913043,0.0,0.043478260869565216,2632.0618000000004,0.28249527068393787,8.180731773376465,0.08695652173913043,9.004347826086956,0.04913043478260873,0.2742425318992822,0.00041678222843617377,123.04347826086956,1.1734782608695653,0.4782608695652174
777,SVEGLQEFVKNLVGYYI,inactive - virtual,inactive - virtual,0,Inactive,virtual,1,17,0.0,0.0,0.0,0.11764705882352941,0.058823529411764705,0.11764705882352941,0.0,0.058823529411764705,0.058823529411764705,0.11764705882352941,0.0,0.058823529411764705,0.0,0.058823529411764705,0.0,0.058823529411764705,0.0,0.17647058823529413,0.0,0.11764705882352941,1958.2133,-1.7520469437464545,4.529237937927246,0.17647058823529413,35.49411764705882,0.281764705882353,0.37327633867251037,-0.0005121998549703302,120.0,0.19352941176470584,0.4117647058823529
778,SVEKKVPLLHNFHSFL,inactive - virtual,inactive - virtual,0,Inactive,virtual,1,16,0.0,0.0,0.0,0.0625,0.125,0.0,0.125,0.0,0.125,0.1875,0.0,0.0625,0.0625,0.0,0.0,0.125,0.0,0.125,0.0,0.0,1895.2073,0.32259077033308037,8.357375144958496,0.125,21.512500000000003,0.14625,0.28426474121434253,0.0006300093393344273,109.375,0.741875,0.4375
779,SVEVAELWSTFMQKWIAYTAAVIDAERDR,inactive - virtual,inactive - virtual,0,Inactive,virtual,1,29,0.1724137931034483,0.0,0.06896551724137931,0.10344827586206896,0.034482758620689655,0.0,0.0,0.06896551724137931,0.034482758620689655,0.034482758620689655,0.034482758620689655,0.0,0.0,0.034482758620689655,0.06896551724137931,0.06896551724137931,0.06896551724137931,0.10344827586206896,0.06896551724137931,0.034482758620689655,3386.7855,-2.7475778582960615,4.512299919128417,0.13793103448275862,13.948275862068964,0.07551724137931033,0.20913597129168043,-0.0005905296755925227,87.58620689655172,1.5503448275862068,0.4482758620689655
780,SVLENHHLAVGFKL,inactive - virtual,inactive - virtual,0,Inactive,virtual,1,14,0.07142857142857142,0.0,0.0,0.07142857142857142,0.07142857142857142,0.07142857142857142,0.14285714285714285,0.0,0.07142857142857142,0.21428571428571427,0.0,0.07142857142857142,0.0,0.0,0.0,0.07142857142857142,0.0,0.14285714285714285,0.0,0.0,1563.7979,-0.6749036369996335,6.662234687805176,0.07142857142857144,-13.578571428571427,0.27142857142857146,0.08160792706551397,0.00012469625271773884,132.14285714285714,0.22500000000000003,0.5
781,SVNSEIYQRVMESFKKEG,inactive - virtual,inactive - virtual,0,Inactive,virtual,1,18,0.0,0.0,0.0,0.16666666666666666,0.05555555555555555,0.05555555555555555,0.0,0.05555555555555555,0.1111111111111111,0.0,0.05555555555555555,0.05555555555555555,0.0,0.05555555555555555,0.05555555555555555,0.16666666666666666,0.0,0.1111111111111111,0.0,0.05555555555555555,2131.3652000000006,-0.7509513010399833,5.952088356018066,0.1111111111111111,33.19444444444444,-0.20611111111111113,0.40745488086718673,-4.691817938696707e-07,53.888888888888886,2.761111111111111,0.2777777777777778
782,SVPYFIENLKQHIEMN,inactive - virtual,inactive - virtual,0,Inactive,virtual,1,16,0.0,0.0,0.0,0.125,0.0625,0.0,0.0625,0.125,0.0625,0.0625,0.0625,0.125,0.0625,0.0625,0.0,0.0625,0.0,0.0625,0.0,0.0625,1962.2286000000008,-1.712914909903122,5.376252555847168,0.125,113.26875,0.078125,0.3616751202436275,-0.00046070032564989835,91.25,1.37875,0.375
783,SVRKVFHLVRIKQVAWANEG,inactive - virtual,inactive - virtual,0,Inactive,virtual,1,20,0.1,0.0,0.0,0.05,0.05,0.05,0.05,0.05,0.1,0.05,0.0,0.05,0.0,0.05,0.1,0.05,0.0,0.2,0.05,0.0,2337.7237,2.285914092690286,11.000127601623536,0.1,1.5450000000000008,-0.015999999999999976,0.2606615339189107,0.0013243616670873027,107.0,1.6060000000000003,0.45
784,SVSRAAITAAY,inactive - virtual,inactive - virtual,0,Inactive,virtual,1,11,0.36363636363636365,0.0,0.0,0.0,0.0,0.0,0.0,0.09090909090909091,0.0,0.0,0.0,0.0,0.0,0.0,0.09090909090909091,0.18181818181818182,0.09090909090909091,0.09090909090909091,0.0,0.09090909090909091,1109.2329,0.2506976014750544,8.462780952453613,0.09090909090909091,26.6,0.21181818181818182,0.3832833339705806,0.0008970186525788159,98.18181818181819,0.7481818181818181,0.5454545454545454
785,SVSSIKQAVDFLSNE,inactive - virtual,inactive - virtual,0,Inactive,virtual,1,15,0.06666666666666667,0.0,0.06666666666666667,0.06666666666666667,0.06666666666666667,0.0,0.0,0.06666666666666667,0.06666666666666667,0.06666666666666667,0.0,0.06666666666666667,0.0,0.06666666666666667,0.0,0.26666666666666666,0.0,0.13333333333333333,0.0,0.0,1623.7588999999998,-1.7456175485400258,4.745510292053221,0.06666666666666667,17.226666666666667,0.06866666666666665,0.406823939433739,-0.000617086268906735,97.33333333333333,1.6099999999999999,0.4
786,SVTELITKAVSA,inactive - virtual,inactive - virtual,0,Inactive,virtual,1,12,0.16666666666666666,0.0,0.0,0.08333333333333333,0.0,0.0,0.0,0.08333333333333333,0.08333333333333333,0.08333333333333333,0.0,0.0,0.0,0.0,0.0,0.16666666666666666,0.16666666666666666,0.16666666666666666,0.0,0.0,1218.397,-0.7481565193517274,5.718195915222168,0.0,18.14166666666667,0.27,0.46854250262969327,-2.4622455679579775e-06,129.99999999999997,0.22999999999999973,0.5
787,SVTKILQRFEDAGG,inactive - virtual,inactive - virtual,0,Inactive,virtual,1,14,0.07142857142857142,0.0,0.07142857142857142,0.07142857142857142,0.07142857142857142,0.14285714285714285,0.0,0.07142857142857142,0.07142857142857142,0.07142857142857142,0.0,0.0,0.0,0.07142857142857142,0.07142857142857142,0.07142857142857142,0.07142857142857142,0.07142857142857142,0.0,0.0,1520.6856,-0.7477351534300962,5.7889604568481445,0.07142857142857144,56.77142857142857,-0.024285714285714275,0.5879918764179518,-1.315192445534593e-06,83.57142857142856,1.9257142857142855,0.35714285714285715
788,SVWASISSYLDELTEGL,inactive - virtual,inactive - virtual,0,Inactive,virtual,1,17,0.058823529411764705,0.0,0.058823529411764705,0.11764705882352941,0.0,0.058823529411764705,0.0,0.058823529411764705,0.0,0.17647058823529413,0.0,0.0,0.0,0.0,0.0,0.23529411764705882,0.058823529411764705,0.058823529411764705,0.058823529411764705,0.058823529411764705,1870.0175000000004,-3.746589274256878,4.0500284194946286,0.11764705882352942,23.229411764705887,0.2835294117647059,0.43293385456734135,-0.0016053304242735372,114.70588235294117,0.5794117647058824,0.35294117647058826
789,SWQSLKDRYLKHL,inactive - virtual,inactive - virtual,0,Inactive,virtual,1,13,0.0,0.0,0.07692307692307693,0.0,0.0,0.0,0.07692307692307693,0.0,0.15384615384615385,0.23076923076923078,0.0,0.0,0.0,0.07692307692307693,0.07692307692307693,0.15384615384615385,0.0,0.0,0.07692307692307693,0.07692307692307693,1673.912,1.2827593414715346,9.696963691711428,0.15384615384615385,18.369230769230768,-0.28,0.42017421279271056,0.0012509558401835213,90.0,2.6761538461538454,0.23076923076923078
790,SYKDLFLELYGKIKD,inactive - virtual,inactive - virtual,0,Inactive,virtual,1,15,0.0,0.0,0.13333333333333333,0.06666666666666667,0.06666666666666667,0.06666666666666667,0.0,0.06666666666666667,0.2,0.2,0.0,0.0,0.0,0.0,0.0,0.06666666666666667,0.0,0.0,0.0,0.13333333333333333,1832.1002000000003,-0.7560166104188029,5.9465181350708,0.2,-13.306666666666667,-0.0213333333333333,0.37579739613236707,-2.1832750216962956e-06,104.0,1.3986666666666665,0.3333333333333333
791,TAAQELMIQQLVAAQLQ,inactive - virtual,inactive - virtual,0,Inactive,virtual,1,17,0.23529411764705882,0.0,0.0,0.058823529411764705,0.0,0.0,0.0,0.058823529411764705,0.0,0.17647058823529413,0.058823529411764705,0.0,0.0,0.29411764705882354,0.0,0.0,0.058823529411764705,0.058823529411764705,0.0,0.0,1856.1481999999996,-1.7904868427636826,4.0500284194946286,0.0,51.247058823529414,0.2282352941176471,0.01727285215435723,-0.0005403658109527786,132.35294117647058,0.22176470588235303,0.5882352941176471
792,TAEQRREMLEAKRKQIINFISRN,inactive - virtual,inactive - virtual,0,Inactive,virtual,1,23,0.08695652173913043,0.0,0.0,0.13043478260869565,0.043478260869565216,0.0,0.0,0.13043478260869565,0.08695652173913043,0.043478260869565216,0.043478260869565216,0.08695652173913043,0.0,0.08695652173913043,0.17391304347826086,0.043478260869565216,0.043478260869565216,0.0,0.0,0.0,2832.2455000000004,2.206643020847941,10.834250450134277,0.043478260869565216,74.50000000000001,-0.4491304347826086,0.16896415179851834,0.0010592285285550358,76.52173913043478,4.039565217391305,0.34782608695652173
793,TAESFYNQGIRLSFEQWG,inactive - virtual,inactive - virtual,0,Inactive,virtual,1,18,0.05555555555555555,0.0,0.0,0.1111111111111111,0.1111111111111111,0.1111111111111111,0.0,0.05555555555555555,0.0,0.05555555555555555,0.0,0.05555555555555555,0.0,0.1111111111111111,0.05555555555555555,0.1111111111111111,0.05555555555555555,0.0,0.05555555555555555,0.05555555555555555,2133.2749,-1.7918967927244975,4.528385353088378,0.2222222222222222,34.28944444444445,0.037777777777777785,0.30643321089457165,-0.000469699242481062,48.888888888888886,1.8861111111111108,0.2777777777777778
794,TAHEAVLDFLTGRVEVFT,inactive - virtual,inactive - virtual,0,Inactive,virtual,1,18,0.1111111111111111,0.0,0.05555555555555555,0.1111111111111111,0.1111111111111111,0.05555555555555555,0.05555555555555555,0.0,0.0,0.1111111111111111,0.0,0.0,0.0,0.0,0.05555555555555555,0.0,0.16666666666666666,0.16666666666666666,0.0,0.0,2005.2303000000002,-2.75231827472616,4.648088264465333,0.1111111111111111,-4.177777777777779,0.2327777777777778,0.21281475012872256,-0.0009485196211905866,102.77777777777776,0.9527777777777777,0.5
795,TAKQIQAAYLLVENELM,inactive - virtual,inactive - virtual,0,Inactive,virtual,1,17,0.17647058823529413,0.0,0.0,0.11764705882352941,0.0,0.0,0.0,0.058823529411764705,0.058823529411764705,0.17647058823529413,0.058823529411764705,0.058823529411764705,0.0,0.11764705882352941,0.0,0.0,0.058823529411764705,0.058823529411764705,0.0,0.058823529411764705,1935.2448,-1.79437726715841,4.528385353088378,0.05882352941176471,23.317647058823532,0.17941176470588238,0.2462535702994575,-0.0005177625629763596,126.47058823529412,0.476470588235294,0.5294117647058824
796,TAPEMTALVGGMRVLG,inactive - virtual,inactive - virtual,0,Inactive,virtual,1,16,0.125,0.0,0.0,0.0625,0.0,0.1875,0.0,0.0,0.0,0.125,0.125,0.0,0.0625,0.0,0.0625,0.0,0.125,0.125,0.0,0.0,1602.9169000000002,-0.7905119609970561,5.663801002502441,0.0,28.16875,0.32125000000000004,0.18734723693276994,-1.8715843585456542e-06,97.5,-0.13687500000000005,0.5
797,TDAEAKQLAQWILS,inactive - virtual,inactive - virtual,0,Inactive,virtual,1,14,0.21428571428571427,0.0,0.07142857142857142,0.07142857142857142,0.0,0.0,0.0,0.07142857142857142,0.07142857142857142,0.14285714285714285,0.0,0.0,0.0,0.14285714285714285,0.0,0.07142857142857142,0.07142857142857142,0.0,0.07142857142857142,0.0,1573.745,-1.7925459512759638,4.368156242370605,0.07142857142857144,39.92857142857143,0.08571428571428572,0.30678707564119156,-0.0006366957903097696,105.0,1.1149999999999998,0.42857142857142855
798,TDKQFENRLNDNLEELIQ,inactive - virtual,inactive - virtual,0,Inactive,virtual,1,18,0.0,0.0,0.1111111111111111,0.16666666666666666,0.05555555555555555,0.0,0.0,0.05555555555555555,0.05555555555555555,0.16666666666666666,0.0,0.16666666666666666,0.0,0.1111111111111111,0.05555555555555555,0.0,0.05555555555555555,0.0,0.0,0.0,2219.3644,-3.789883063474643,4.177006721496581,0.05555555555555555,31.783333333333335,-0.345,0.44877720448304637,-0.001351284373493379,86.66666666666666,3.8472222222222223,0.2777777777777778
799,TDLEILALLIAALSH,inactive - virtual,inactive - virtual,0,Inactive,virtual,1,15,0.2,0.0,0.06666666666666667,0.06666666666666667,0.0,0.0,0.06666666666666667,0.13333333333333333,0.0,0.3333333333333333,0.0,0.0,0.0,0.0,0.0,0.06666666666666667,0.06666666666666667,0.0,0.0,0.0,1592.8741000000005,-2.753413917432631,4.351218223571778,0.0,35.013333333333335,0.526,0.17430639726885624,-0.0011946913766259855,202.0,-0.9140000000000003,0.6666666666666666
800,TDQQKVSEIFQSSKEKLQGDAKVVSDAFK,inactive - virtual,inactive - virtual,0,Inactive,virtual,1,29,0.06896551724137931,0.0,0.10344827586206896,0.06896551724137931,0.06896551724137931,0.034482758620689655,0.0,0.034482758620689655,0.1724137931034483,0.034482758620689655,0.0,0.0,0.0,0.13793103448275862,0.0,0.13793103448275862,0.034482758620689655,0.10344827586206896,0.0,0.0,3241.5598,-0.8005545926952529,5.914745140075683,0.06896551724137931,48.64827586206897,-0.20448275862068965,0.3653732135640386,-3.08492489750337e-07,63.79310344827586,2.530344827586206,0.3103448275862069
801,TEAKKEELLRKLNILEVF,inactive - virtual,inactive - virtual,0,Inactive,virtual,1,18,0.05555555555555555,0.0,0.0,0.2222222222222222,0.05555555555555555,0.0,0.0,0.05555555555555555,0.16666666666666666,0.2222222222222222,0.0,0.05555555555555555,0.0,0.0,0.05555555555555555,0.0,0.05555555555555555,0.05555555555555555,0.0,0.0,2173.5511,-0.7946664561793799,5.964251899719239,0.05555555555555555,79.35000000000001,-0.11500000000000002,0.12527480304518132,4.6007471613390016e-07,130.0,1.9216666666666664,0.4444444444444444
802,TEEEMLQAAHITAKLAQAAET,inactive - virtual,inactive - virtual,0,Inactive,virtual,1,21,0.2857142857142857,0.0,0.0,0.19047619047619047,0.0,0.0,0.047619047619047616,0.047619047619047616,0.047619047619047616,0.09523809523809523,0.047619047619047616,0.0,0.0,0.09523809523809523,0.0,0.0,0.14285714285714285,0.0,0.0,0.0,2256.4892,-3.753003711435388,4.4803564071655275,0.0,78.10476190476189,0.05952380952380955,0.2520578332794746,-0.0012851818532322325,84.28571428571428,1.3461904761904764,0.47619047619047616
803,TEKGKEIFGEILSNFESLLKSVLEK,inactive - virtual,inactive - virtual,0,Inactive,virtual,1,25,0.0,0.0,0.0,0.2,0.08,0.08,0.0,0.08,0.16,0.16,0.0,0.04,0.0,0.0,0.0,0.12,0.04,0.04,0.0,0.0,2839.2397,-1.7960261696734472,5.059147834777831,0.08,28.90400000000001,0.023600000000000013,0.4668446899749892,-0.0003515012767456194,105.19999999999999,1.3703999999999998,0.36
804,TEQDIIDLKFAIAD,inactive - virtual,inactive - virtual,0,Inactive,virtual,1,14,0.14285714285714285,0.0,0.21428571428571427,0.07142857142857142,0.07142857142857142,0.0,0.0,0.21428571428571427,0.07142857142857142,0.07142857142857142,0.0,0.0,0.0,0.07142857142857142,0.0,0.0,0.07142857142857142,0.0,0.0,0.0,1591.7569,-3.790383671673896,4.0500284194946286,0.07142857142857144,38.42857142857143,0.1357142857142857,0.21762305482044533,-0.0018853344725335477,125.7142857142857,1.4535714285714287,0.5
805,TEQNFQLAKQIQSQWKEFG,inactive - virtual,inactive - virtual,0,Inactive,virtual,1,19,0.05263157894736842,0.0,0.0,0.10526315789473684,0.10526315789473684,0.05263157894736842,0.0,0.05263157894736842,0.10526315789473684,0.05263157894736842,0.0,0.05263157894736842,0.0,0.2631578947368421,0.0,0.05263157894736842,0.05263157894736842,0.0,0.05263157894736842,0.0,2310.5196,-0.79437726715841,5.809934043884279,0.15789473684210528,67.54210526315788,-0.15421052631578944,0.40349775511821645,-8.656022644155236e-07,46.315789473684205,2.3236842105263156,0.2631578947368421
806,TEREQALAAYAEKLTRH,inactive - virtual,inactive - virtual,0,Inactive,virtual,1,17,0.23529411764705882,0.0,0.0,0.17647058823529413,0.0,0.0,0.058823529411764705,0.0,0.058823529411764705,0.11764705882352941,0.0,0.0,0.0,0.058823529411764705,0.11764705882352941,0.0,0.11764705882352941,0.0,0.0,0.058823529411764705,1987.1772999999998,-0.7566803015092654,6.434310340881347,0.05882352941176471,52.33529411764707,-0.30176470588235293,0.3020019261358289,4.931611630551837e-05,69.41176470588235,3.1894117647058824,0.35294117647058826
807,TESMKTVRIREKIKKFL,inactive - virtual,inactive - virtual,0,Inactive,virtual,1,17,0.0,0.0,0.0,0.11764705882352941,0.058823529411764705,0.0,0.0,0.11764705882352941,0.23529411764705882,0.058823529411764705,0.058823529411764705,0.0,0.0,0.0,0.11764705882352941,0.058823529411764705,0.11764705882352941,0.058823529411764705,0.0,0.0,2107.5626,3.2005613110402713,10.446344184875485,0.05882352941176471,22.08235294117647,-0.34823529411764703,0.300364596786848,0.0018969713935954678,85.88235294117646,2.9452941176470584,0.35294117647058826
808,TETQIRELLFDLELAYKSFYALL,inactive - virtual,inactive - virtual,0,Inactive,virtual,1,23,0.08695652173913043,0.0,0.043478260869565216,0.13043478260869565,0.08695652173913043,0.0,0.0,0.043478260869565216,0.043478260869565216,0.2608695652173913,0.0,0.0,0.0,0.043478260869565216,0.043478260869565216,0.043478260869565216,0.08695652173913043,0.0,0.0,0.08695652173913043,2777.1700000000005,-2.7953407329642204,4.406067848205566,0.17391304347826086,44.496086956521744,0.17,0.3260537392499847,-0.0007205150548398016,127.39130434782608,0.8678260869565214,0.4782608695652174
809,TEVYQILNRVS,inactive - virtual,inactive - virtual,0,Inactive,virtual,1,11,0.0,0.0,0.0,0.09090909090909091,0.0,0.0,0.0,0.09090909090909091,0.0,0.09090909090909091,0.0,0.09090909090909091,0.0,0.09090909090909091,0.09090909090909091,0.09090909090909091,0.09090909090909091,0.18181818181818182,0.0,0.09090909090909091,1321.4784000000002,-0.7930175536643418,5.663630485534668,0.09090909090909091,37.25454545454546,-0.012727272727272724,0.6078632541136589,-3.0269092229924024e-06,123.63636363636365,2.009090909090909,0.36363636363636365
810,TFPDKALKGKKSIENIVV,inactive - virtual,inactive - virtual,0,Inactive,virtual,1,18,0.05555555555555555,0.0,0.05555555555555555,0.05555555555555555,0.05555555555555555,0.05555555555555555,0.0,0.1111111111111111,0.2222222222222222,0.05555555555555555,0.0,0.05555555555555555,0.05555555555555555,0.0,0.0,0.05555555555555555,0.05555555555555555,0.1111111111111111,0.0,0.0,1987.3426999999997,1.1999372707221792,9.52405948638916,0.05555555555555555,48.05,-0.007222222222222217,0.3949355091867931,0.0010048557123808087,102.77777777777777,1.2094444444444443,0.3888888888888889
811,TFPEWHRLYTVQFEDALRRH,inactive - virtual,inactive - virtual,0,Inactive,virtual,1,20,0.05,0.0,0.05,0.1,0.1,0.0,0.1,0.0,0.0,0.1,0.0,0.0,0.05,0.05,0.15,0.0,0.1,0.05,0.05,0.05,2601.8733999999995,-0.7182476626841461,6.621935844421387,0.2,87.83,-0.20600000000000002,0.3965543049883952,7.533014589450705e-05,58.5,3.1629999999999994,0.3
812,TFPNWHRLLTKQMEDALVAK,inactive - virtual,inactive - virtual,0,Inactive,virtual,1,20,0.1,0.0,0.05,0.05,0.05,0.0,0.05,0.0,0.1,0.15,0.05,0.05,0.05,0.05,0.05,0.0,0.1,0.05,0.05,0.0,2398.7803999999996,0.2415497789994241,8.286653327941895,0.1,53.40500000000001,-0.042999999999999955,0.31038865418514383,0.00045689701891370236,83.0,1.6724999999999994,0.4
813,TFSQVLDDLSARFI,inactive - virtual,inactive - virtual,0,Inactive,virtual,1,14,0.07142857142857142,0.0,0.14285714285714285,0.0,0.14285714285714285,0.0,0.0,0.07142857142857142,0.0,0.14285714285714285,0.0,0.0,0.0,0.07142857142857142,0.07142857142857142,0.14285714285714285,0.07142857142857142,0.07142857142857142,0.0,0.0,1611.7928,-1.790739753626891,4.206506156921387,0.14285714285714288,26.471428571428575,0.1542857142857143,0.4390856269949502,-0.000622285643380072,111.42857142857142,1.4785714285714282,0.5
814,TGALRTQYDVSLMTVKS,inactive - virtual,inactive - virtual,0,Inactive,virtual,1,17,0.058823529411764705,0.0,0.058823529411764705,0.0,0.0,0.058823529411764705,0.0,0.0,0.058823529411764705,0.11764705882352941,0.058823529411764705,0.0,0.0,0.058823529411764705,0.058823529411764705,0.11764705882352941,0.17647058823529413,0.11764705882352941,0.0,0.058823529411764705,1870.1318,0.2038025768835321,8.254934883117677,0.05882352941176471,12.42352941176471,0.008235294117647077,0.22743760615267333,0.0005320457291967446,85.88235294117646,1.5505882352941174,0.35294117647058826
815,THAEMLHALKERY,inactive - virtual,inactive - virtual,0,Inactive,virtual,1,13,0.15384615384615385,0.0,0.0,0.15384615384615385,0.0,0.0,0.15384615384615385,0.0,0.07692307692307693,0.15384615384615385,0.07692307692307693,0.0,0.0,0.0,0.07692307692307693,0.0,0.07692307692307693,0.0,0.0,0.07692307692307693,1598.8239999999998,-0.7211495030396899,6.619491767883301,0.07692307692307693,-3.1000000000000005,-0.15307692307692308,0.21913701011280834,0.0001219641863112401,75.38461538461539,2.331538461538462,0.38461538461538464
816,THNKLLKNVAFMKSYILEKVKEHQES,inactive - virtual,inactive - virtual,0,Inactive,virtual,1,26,0.038461538461538464,0.0,0.0,0.11538461538461539,0.038461538461538464,0.0,0.07692307692307693,0.038461538461538464,0.19230769230769232,0.11538461538461539,0.038461538461538464,0.07692307692307693,0.0,0.038461538461538464,0.0,0.07692307692307693,0.038461538461538464,0.07692307692307693,0.0,0.038461538461538464,3115.6036,1.2699740054643853,9.303255271911617,0.07692307692307693,36.25,-0.14307692307692305,0.28725105459840805,0.0007048378969126432,86.15384615384616,1.9588461538461541,0.34615384615384615
817,TIEEFHSKLQEATN,inactive - virtual,inactive - virtual,0,Inactive,virtual,1,14,0.07142857142857142,0.0,0.0,0.21428571428571427,0.07142857142857142,0.0,0.07142857142857142,0.07142857142857142,0.07142857142857142,0.07142857142857142,0.0,0.07142857142857142,0.0,0.07142857142857142,0.0,0.07142857142857142,0.14285714285714285,0.0,0.0,0.0,1646.7527000000002,-2.7541244723752327,4.748295402526855,0.07142857142857144,84.2,-0.12214285714285714,0.44884851312167695,-0.0011543880103961719,62.85714285714285,2.623571428571428,0.2857142857142857
818,TIQSRFNYAWGLIKS,inactive - virtual,inactive - virtual,0,Inactive,virtual,1,15,0.06666666666666667,0.0,0.0,0.0,0.06666666666666667,0.06666666666666667,0.0,0.13333333333333333,0.06666666666666667,0.06666666666666667,0.0,0.06666666666666667,0.0,0.06666666666666667,0.06666666666666667,0.13333333333333333,0.06666666666666667,0.0,0.06666666666666667,0.06666666666666667,1784.0225,1.2033560927285274,9.992164421081544,0.2,54.67999999999999,0.08199999999999999,0.30058153465978626,0.0011182547378687578,84.66666666666667,1.2893333333333332,0.3333333333333333
819,TISLGVSIAHVMEAVE,inactive - virtual,inactive - virtual,0,Inactive,virtual,1,16,0.125,0.0,0.0,0.125,0.0,0.0625,0.0625,0.125,0.0,0.0625,0.0625,0.0,0.0,0.0,0.0,0.125,0.0625,0.1875,0.0,0.0,1655.9100000000003,-2.7506471539910944,4.810136222839356,0.0,4.06875,0.45437500000000003,0.20992154546968092,-0.0011492170468201774,140.0,-0.3837500000000002,0.5625
820,TITEMVFLAEVYKSGG,inactive - virtual,inactive - virtual,0,Inactive,virtual,1,16,0.0625,0.0,0.0,0.125,0.0625,0.125,0.0,0.0625,0.0625,0.0625,0.0625,0.0,0.0,0.0,0.0,0.0625,0.125,0.125,0.0,0.0625,1745.0014,-1.79437726715841,4.528385353088378,0.125,24.4125,0.32,0.1413195016766845,-0.0005742087437894339,91.25,0.056874999999999926,0.4375
821,TIVELVVRVWRWFLVIWVLW,inactive - virtual,inactive - virtual,0,Inactive,virtual,1,20,0.0,0.0,0.0,0.05,0.05,0.0,0.0,0.1,0.0,0.15,0.0,0.0,0.0,0.0,0.1,0.0,0.05,0.3,0.2,0.0,2613.192,0.20946292076957018,9.260125923156735,0.25,41.489999999999995,0.5675,0.4494074742747508,0.000381526027575492,184.5,-1.096,0.6
822,TKDEFMSGEPIFTKYFQNLV,inactive - virtual,inactive - virtual,0,Inactive,virtual,1,20,0.0,0.0,0.05,0.1,0.15,0.05,0.0,0.05,0.1,0.05,0.05,0.05,0.05,0.05,0.0,0.05,0.1,0.05,0.0,0.05,2394.6955,-1.7964363756706905,4.675598335266113,0.2,37.33,0.07050000000000001,0.34926425635144326,-0.00041842401971019336,53.5,1.4094999999999995,0.35
823,TKDEQVEGLLA,inactive - virtual,inactive - virtual,0,Inactive,virtual,1,11,0.09090909090909091,0.0,0.09090909090909091,0.18181818181818182,0.0,0.09090909090909091,0.0,0.0,0.09090909090909091,0.18181818181818182,0.0,0.0,0.0,0.09090909090909091,0.0,0.0,0.09090909090909091,0.09090909090909091,0.0,0.0,1202.3115000000003,-2.791425190336119,4.1365373611450185,0.0,19.745454545454546,-0.034545454545454546,0.08902317299937237,-0.0016642962297577163,106.36363636363637,1.7609090909090903,0.36363636363636365
824,TKGEREMIVVATSAAN,inactive - virtual,inactive - virtual,0,Inactive,virtual,1,16,0.1875,0.0,0.0,0.125,0.0,0.0625,0.0,0.0625,0.0625,0.0,0.0625,0.0625,0.0,0.0,0.0625,0.0625,0.125,0.125,0.0,0.0,1676.8896,-0.791896792724498,5.8100477218627935,0.0,-5.950000000000002,0.0024999999999999883,0.35593721924686156,-1.192684075878561e-06,79.375,1.721875,0.4375
825,TKIWLNAARRTGKVPARIRKL,inactive - virtual,inactive - virtual,0,Inactive,virtual,1,21,0.14285714285714285,0.0,0.0,0.0,0.0,0.047619047619047616,0.0,0.09523809523809523,0.14285714285714285,0.09523809523809523,0.0,0.047619047619047616,0.047619047619047616,0.0,0.19047619047619047,0.0,0.09523809523809523,0.047619047619047616,0.047619047619047616,0.0,2448.9569000000006,6.200775145361121,11.999967765808105,0.047619047619047616,40.804761904761904,-0.28619047619047616,0.5427818359847684,0.002856314517182804,102.38095238095238,2.6519047619047615,0.38095238095238093
826,TLDQMRSRLAYDG,inactive - virtual,inactive - virtual,0,Inactive,virtual,1,13,0.07692307692307693,0.0,0.15384615384615385,0.0,0.0,0.07692307692307693,0.0,0.0,0.0,0.15384615384615385,0.07692307692307693,0.0,0.0,0.07692307692307693,0.15384615384615385,0.07692307692307693,0.07692307692307693,0.0,0.0,0.07692307692307693,1525.6854999999998,-0.7932704645275503,5.625548362731934,0.07692307692307693,70.26153846153846,-0.28307692307692317,0.23820286224927306,-2.62176457864966e-06,67.6923076923077,3.3838461538461533,0.3076923076923077
827,TLEDYVRYVTLDM,inactive - virtual,inactive - virtual,0,Inactive,virtual,1,13,0.0,0.0,0.15384615384615385,0.07692307692307693,0.0,0.0,0.0,0.0,0.0,0.15384615384615385,0.07692307692307693,0.0,0.0,0.0,0.07692307692307693,0.0,0.15384615384615385,0.15384615384615385,0.0,0.15384615384615385,1617.8171999999997,-2.7946301780216176,4.0500284194946286,0.15384615384615385,11.715384615384618,0.0323076923076923,0.40876639603748277,-0.001238085819188785,104.61538461538461,1.8707692307692307,0.38461538461538464
828,TLIREWGDAVFDIF,inactive - virtual,inactive - virtual,0,Inactive,virtual,1,14,0.07142857142857142,0.0,0.14285714285714285,0.07142857142857142,0.14285714285714285,0.07142857142857142,0.0,0.14285714285714285,0.0,0.07142857142857142,0.0,0.0,0.0,0.0,0.07142857142857142,0.0,0.07142857142857142,0.07142857142857142,0.07142857142857142,0.0,1681.8841999999997,-2.7896189926870463,4.0500284194946286,0.2142857142857143,-0.04285714285714194,0.30142857142857143,0.6165775620293884,-0.0011903275481749695,111.42857142857142,0.8500000000000003,0.5
829,TMEGKFKAVAEDVAQRYMT,inactive - virtual,inactive - virtual,0,Inactive,virtual,1,19,0.15789473684210525,0.0,0.05263157894736842,0.10526315789473684,0.05263157894736842,0.05263157894736842,0.0,0.0,0.10526315789473684,0.0,0.10526315789473684,0.0,0.0,0.05263157894736842,0.05263157894736842,0.0,0.10526315789473684,0.10526315789473684,0.0,0.05263157894736842,2175.4840000000004,-0.7964614939040637,5.850403404235839,0.10526315789473685,24.873684210526314,-0.08157894736842108,0.25591285417362036,-9.193331157578294e-07,46.315789473684205,1.95,0.42105263157894735
830,TMVQAITDALRIELKND,inactive - virtual,inactive - virtual,0,Inactive,virtual,1,17,0.11764705882352941,0.0,0.11764705882352941,0.058823529411764705,0.0,0.0,0.0,0.11764705882352941,0.058823529411764705,0.11764705882352941,0.058823529411764705,0.058823529411764705,0.0,0.058823529411764705,0.058823529411764705,0.0,0.11764705882352941,0.058823529411764705,0.0,0.0,1931.2149000000004,-1.7908552740622743,4.776544380187987,0.0,41.59411764705883,-0.0170588235294118,0.38072220755379027,-0.0005188430111535713,120.58823529411762,1.9029411764705884,0.47058823529411764
831,TNDEIFSILKD,inactive - virtual,inactive - virtual,0,Inactive,virtual,1,11,0.0,0.0,0.18181818181818182,0.09090909090909091,0.09090909090909091,0.0,0.0,0.18181818181818182,0.09090909090909091,0.09090909090909091,0.0,0.09090909090909091,0.0,0.0,0.0,0.09090909090909091,0.09090909090909091,0.0,0.0,0.0,1294.4068,-2.7908301558289006,4.273291969299317,0.09090909090909091,22.727272727272727,0.0045454545454544784,0.4599298648249562,-0.0015466505975695489,106.36363636363636,2.2427272727272727,0.36363636363636365
832,TPAKALKSAIHVAYILKK,inactive - virtual,inactive - virtual,0,Inactive,virtual,1,18,0.2222222222222222,0.0,0.0,0.0,0.0,0.0,0.05555555555555555,0.1111111111111111,0.2222222222222222,0.1111111111111111,0.0,0.0,0.05555555555555555,0.0,0.0,0.05555555555555555,0.05555555555555555,0.05555555555555555,0.0,0.05555555555555555,1952.3864000000008,3.232490874136091,10.176286125183104,0.05555555555555555,28.26666666666667,0.12944444444444445,0.36454810680105715,0.0020964049190991554,124.99999999999999,0.11166666666666665,0.5
833,TPDQQTLLHFIMDSYN,inactive - virtual,inactive - virtual,0,Inactive,virtual,1,16,0.0,0.0,0.125,0.0,0.0625,0.0,0.0625,0.0625,0.0,0.125,0.0625,0.0625,0.0625,0.125,0.0,0.0625,0.125,0.0,0.0,0.0625,1923.1065000000003,-2.756593786884756,4.195479393005371,0.125,22.256250000000005,0.05374999999999999,0.238139452153105,-0.0009905829619730542,73.125,1.7756250000000002,0.3125
834,TPEEVKKHYEILVEDIKYIESG,inactive - virtual,inactive - virtual,0,Inactive,virtual,1,22,0.0,0.0,0.045454545454545456,0.22727272727272727,0.0,0.045454545454545456,0.045454545454545456,0.13636363636363635,0.13636363636363635,0.045454545454545456,0.0,0.0,0.045454545454545456,0.0,0.0,0.045454545454545456,0.045454545454545456,0.09090909090909091,0.0,0.09090909090909091,2619.9154000000003,-3.761458837009682,4.697310829162597,0.09090909090909091,98.63181818181816,-0.05045454545454547,0.3859456989783381,-0.0011069040276038963,97.27272727272728,1.892272727272727,0.2727272727272727
835,TPEEYQTYVAQVDK,inactive - virtual,inactive - virtual,0,Inactive,virtual,1,14,0.07142857142857142,0.0,0.07142857142857142,0.14285714285714285,0.0,0.0,0.0,0.0,0.07142857142857142,0.0,0.0,0.0,0.07142857142857142,0.14285714285714285,0.0,0.0,0.14285714285714285,0.14285714285714285,0.0,0.14285714285714285,1670.7706999999996,-2.7964363756706905,4.1365373611450185,0.14285714285714288,22.8,-0.15857142857142856,0.32875310199364777,-0.0011988412597708855,48.57142857142857,2.4642857142857144,0.21428571428571427
836,TPEKMGEMAQKFRE,inactive - virtual,inactive - virtual,0,Inactive,virtual,1,14,0.07142857142857142,0.0,0.0,0.21428571428571427,0.07142857142857142,0.07142857142857142,0.0,0.0,0.14285714285714285,0.0,0.14285714285714285,0.0,0.07142857142857142,0.07142857142857142,0.07142857142857142,0.0,0.07142857142857142,0.0,0.0,0.0,1681.9308999999998,-0.791189137795242,6.006767463684081,0.07142857142857144,48.41428571428572,-0.3514285714285715,0.41873031172639025,-0.0,7.142857142857142,3.152142857142857,0.2857142857142857
837,TPEKRVDRIFAMMD,inactive - virtual,inactive - virtual,0,Inactive,virtual,1,14,0.07142857142857142,0.0,0.14285714285714285,0.07142857142857142,0.07142857142857142,0.0,0.0,0.07142857142857142,0.07142857142857142,0.0,0.14285714285714285,0.0,0.07142857142857142,0.0,0.14285714285714285,0.0,0.07142857142857142,0.07142857142857142,0.0,0.0,1708.9991999999997,-0.7908803922956475,5.894453620910644,0.07142857142857144,26.807142857142857,-0.2407142857142857,0.4639904288196316,-1.1702750146284377e-06,55.71428571428571,3.1257142857142854,0.42857142857142855
838,TPERLEKLVKEVL,inactive - virtual,inactive - virtual,0,Inactive,virtual,1,13,0.0,0.0,0.0,0.23076923076923078,0.0,0.0,0.0,0.0,0.15384615384615385,0.23076923076923078,0.0,0.0,0.07692307692307693,0.0,0.07692307692307693,0.0,0.07692307692307693,0.15384615384615385,0.0,0.0,1553.8415000000002,-0.7932816244519385,5.899455451965332,0.0,13.853846153846156,-0.16538461538461535,0.6341221395892169,-0.0,134.6153846153846,2.013846153846153,0.38461538461538464
839,TPETITHYLETVNHAM,inactive - virtual,inactive - virtual,0,Inactive,virtual,1,16,0.0625,0.0,0.0,0.125,0.0,0.0,0.125,0.0625,0.0,0.0625,0.0625,0.0625,0.0625,0.0,0.0,0.0,0.25,0.0625,0.0,0.0625,1857.0486000000005,-2.71861879213903,5.2125562667846665,0.0625,47.699999999999996,0.12375,0.3910296537928898,-0.0009714331870439676,73.125,1.3725,0.3125
840,TPEVVKERLLS,inactive - virtual,inactive - virtual,0,Inactive,virtual,1,11,0.0,0.0,0.0,0.18181818181818182,0.0,0.0,0.0,0.0,0.09090909090909091,0.18181818181818182,0.0,0.0,0.09090909090909091,0.0,0.09090909090909091,0.09090909090909091,0.09090909090909091,0.18181818181818182,0.0,0.0,1270.4749,-0.791896792724498,5.8100477218627935,0.0,22.272727272727273,-0.10818181818181816,0.17580020078214176,-1.5742081732888357e-06,123.63636363636365,2.0127272727272723,0.36363636363636365
841,TPLGIGITDYYIR,inactive - virtual,inactive - virtual,0,Inactive,virtual,1,13,0.0,0.0,0.07692307692307693,0.0,0.0,0.15384615384615385,0.0,0.23076923076923078,0.0,0.07692307692307693,0.0,0.0,0.07692307692307693,0.0,0.07692307692307693,0.0,0.15384615384615385,0.0,0.0,0.15384615384615385,1481.6907999999999,-0.7961974231164675,5.498115348815917,0.15384615384615385,5.661538461538462,0.26153846153846155,0.2860982312518201,-3.374502260916515e-06,120.0,0.576923076923077,0.3076923076923077
842,TPQDIADRERIFKRFD,inactive - virtual,inactive - virtual,0,Inactive,virtual,1,16,0.0625,0.0,0.1875,0.0625,0.125,0.0,0.0,0.125,0.0625,0.0,0.0,0.0,0.0625,0.0625,0.1875,0.0,0.0625,0.0,0.0,0.0,2007.2099000000003,-0.790459026374017,5.9235551834106435,0.125,42.125,-0.4625,0.37317596420332355,-4.982039746713099e-07,55.0,4.61125,0.3125
843,TPSDIKELRDAMAKVQAD,inactive - virtual,inactive - virtual,0,Inactive,virtual,1,18,0.16666666666666666,0.0,0.16666666666666666,0.05555555555555555,0.0,0.0,0.0,0.05555555555555555,0.1111111111111111,0.05555555555555555,0.05555555555555555,0.0,0.05555555555555555,0.05555555555555555,0.05555555555555555,0.05555555555555555,0.05555555555555555,0.05555555555555555,0.0,0.0,1988.2232999999997,-1.7929143825745548,4.860154533386231,0.0,23.55,-0.21111111111111108,0.2947868957724399,-0.0005039658389622931,76.1111111111111,2.713333333333333,0.3888888888888889
844,TPVYRTAIRYYLQMLF,inactive - virtual,inactive - virtual,0,Inactive,virtual,1,16,0.0625,0.0,0.0,0.0,0.0625,0.0,0.0,0.0625,0.0,0.125,0.0625,0.0,0.0625,0.0625,0.125,0.0,0.125,0.0625,0.0,0.1875,2035.4100000000003,1.2008253818278682,9.693417930603026,0.25,29.506250000000005,0.13187500000000002,0.39348930994688536,0.0009791639030956908,97.5,0.9374999999999998,0.4375
845,TPWSKGFLASSYASR,inactive - virtual,inactive - virtual,0,Inactive,virtual,1,15,0.13333333333333333,0.0,0.0,0.0,0.06666666666666667,0.06666666666666667,0.0,0.0,0.06666666666666667,0.06666666666666667,0.0,0.0,0.06666666666666667,0.0,0.06666666666666667,0.26666666666666666,0.06666666666666667,0.0,0.06666666666666667,0.06666666666666667,1657.8231999999998,1.2033560927285274,9.992164421081544,0.2,43.22,0.02933333333333333,0.24969345631035936,0.0012033803224697347,39.333333333333336,1.466,0.26666666666666666
846,TPYDAKGLLISAIRD,inactive - virtual,inactive - virtual,0,Inactive,virtual,1,15,0.13333333333333333,0.0,0.13333333333333333,0.0,0.0,0.06666666666666667,0.0,0.13333333333333333,0.06666666666666667,0.13333333333333333,0.0,0.0,0.06666666666666667,0.0,0.06666666666666667,0.06666666666666667,0.06666666666666667,0.0,0.0,0.06666666666666667,1632.8552,-0.7944816276694047,5.8023176193237305,0.06666666666666667,19.459999999999997,0.07133333333333332,0.3054217294120592,-2.44968950185564e-06,117.33333333333333,1.3186666666666667,0.4
847,TQAQETQGQAAARAAAADLAAG,inactive - virtual,inactive - virtual,0,Inactive,virtual,1,22,0.45454545454545453,0.0,0.045454545454545456,0.045454545454545456,0.0,0.09090909090909091,0.0,0.0,0.0,0.045454545454545456,0.0,0.0,0.0,0.18181818181818182,0.045454545454545456,0.0,0.09090909090909091,0.0,0.0,0.0,2071.1661999999997,-1.7900654768420514,4.368156242370605,0.0,7.586363636363639,0.028181818181818176,0.1386761191187532,-0.00048378452758585723,63.18181818181819,1.4931818181818175,0.5
848,TQDLRSHLVHKLVQAIF,inactive - virtual,inactive - virtual,0,Inactive,virtual,1,17,0.058823529411764705,0.0,0.058823529411764705,0.0,0.058823529411764705,0.0,0.11764705882352941,0.058823529411764705,0.058823529411764705,0.17647058823529413,0.0,0.0,0.0,0.11764705882352941,0.058823529411764705,0.058823529411764705,0.058823529411764705,0.11764705882352941,0.0,0.0,2005.3229999999999,0.2795610519029115,8.465617561340334,0.05882352941176471,62.41764705882353,0.06411764705882354,0.20332356214710792,0.0005954132237586831,131.76470588235293,1.3535294117647059,0.47058823529411764
849,TQGLLSEILRK,inactive - virtual,inactive - virtual,0,Inactive,virtual,1,11,0.0,0.0,0.0,0.09090909090909091,0.0,0.09090909090909091,0.0,0.09090909090909091,0.09090909090909091,0.2727272727272727,0.0,0.0,0.0,0.09090909090909091,0.09090909090909091,0.09090909090909091,0.09090909090909091,0.0,0.0,0.0,1257.4794000000002,0.20698244633565777,8.408820915222172,0.0,72.27272727272728,-0.058181818181818154,0.49682921792361406,0.0007928555523745905,141.8181818181818,1.6518181818181816,0.36363636363636365
850,TQGMQNAMGERFAQYALSSEKLY,inactive - virtual,inactive - virtual,0,Inactive,virtual,1,23,0.13043478260869565,0.0,0.0,0.08695652173913043,0.043478260869565216,0.08695652173913043,0.0,0.0,0.043478260869565216,0.08695652173913043,0.08695652173913043,0.043478260869565216,0.0,0.13043478260869565,0.043478260869565216,0.08695652173913043,0.043478260869565216,0.0,0.0,0.08695652173913043,2623.9137000000005,-0.7969079780590693,5.809763526916504,0.13043478260869565,19.804347826086957,-0.05217391304347824,0.16554982912759733,-1.143327540473795e-06,46.95652173913043,1.833478260869565,0.34782608695652173
851,TQSDVYAMVGYIHELW,inactive - virtual,inactive - virtual,0,Inactive,virtual,1,16,0.0625,0.0,0.0625,0.0625,0.0,0.0625,0.0625,0.0625,0.0,0.0625,0.0625,0.0,0.0,0.0625,0.0,0.0625,0.0625,0.125,0.0625,0.125,1912.1251000000002,-2.758425102767202,4.351218223571778,0.1875,54.11249999999999,0.290625,0.25873798516139807,-0.0009962711740310543,91.25,0.41437500000000016,0.375
852,TRELAYMIKKA,inactive - virtual,inactive - virtual,0,Inactive,virtual,1,11,0.18181818181818182,0.0,0.0,0.09090909090909091,0.0,0.0,0.0,0.09090909090909091,0.18181818181818182,0.09090909090909091,0.09090909090909091,0.0,0.0,0.0,0.09090909090909091,0.0,0.09090909090909091,0.0,0.0,0.09090909090909091,1323.6037,1.2019712610010869,9.696641349792483,0.09090909090909091,41.31818181818181,-0.14999999999999994,0.6474825656222266,0.001507997068622933,89.09090909090911,1.7936363636363637,0.45454545454545453
853,TRTQRRIAVVEFIFSLL,inactive - virtual,inactive - virtual,0,Inactive,virtual,1,17,0.058823529411764705,0.0,0.0,0.058823529411764705,0.11764705882352941,0.0,0.0,0.11764705882352941,0.0,0.11764705882352941,0.0,0.0,0.0,0.058823529411764705,0.17647058823529413,0.058823529411764705,0.11764705882352941,0.11764705882352941,0.0,0.0,2049.4186,1.2094378025361965,11.698964881896973,0.11764705882352942,38.670588235294126,0.05000000000000001,0.1872215894390819,0.0009744220315991842,131.76470588235293,1.7717647058823527,0.5294117647058824
854,TSAQTKVVVDA,inactive - virtual,inactive - virtual,0,Inactive,virtual,1,11,0.18181818181818182,0.0,0.09090909090909091,0.0,0.0,0.0,0.0,0.0,0.09090909090909091,0.0,0.0,0.0,0.0,0.09090909090909091,0.0,0.09090909090909091,0.18181818181818182,0.2727272727272727,0.0,0.0,1118.2381,-0.7936667122158085,5.49828586578369,0.0,-12.29090909090909,0.09181818181818184,0.21102681809720727,-3.5770496494491344e-06,97.27272727272727,1.1463636363636365,0.45454545454545453
855,TSFDEYVAELDSK,inactive - virtual,inactive - virtual,0,Inactive,virtual,1,13,0.07692307692307693,0.0,0.15384615384615385,0.15384615384615385,0.07692307692307693,0.0,0.0,0.0,0.07692307692307693,0.07692307692307693,0.0,0.0,0.0,0.0,0.0,0.15384615384615385,0.07692307692307693,0.07692307692307693,0.0,0.07692307692307693,1503.5623999999998,-3.7934842988484,4.0500284194946286,0.15384615384615385,33.53846153846154,-0.06999999999999999,0.30762630815076797,-0.001995916385668775,60.0,2.4899999999999998,0.3076923076923077
856,TSHLMGMFYRTIRMMEN,inactive - virtual,inactive - virtual,0,Inactive,virtual,1,17,0.0,0.0,0.0,0.058823529411764705,0.058823529411764705,0.058823529411764705,0.058823529411764705,0.058823529411764705,0.0,0.058823529411764705,0.23529411764705882,0.058823529411764705,0.0,0.0,0.11764705882352941,0.058823529411764705,0.11764705882352941,0.0,0.0,0.058823529411764705,2118.5252000000005,0.24358376927833136,8.437058067321779,0.11764705882352942,16.94764705882353,-0.011764705882352951,0.4999635209716796,0.0005168678281638683,45.882352941176464,1.9688235294117642,0.4117647058823529
857,TTDEINAMDKALILYT,inactive - virtual,inactive - virtual,0,Inactive,virtual,1,16,0.125,0.0,0.125,0.0625,0.0,0.0,0.0,0.125,0.0625,0.125,0.0625,0.0625,0.0,0.0,0.0,0.0,0.1875,0.0,0.0,0.0625,1812.0461,-2.794605059788245,4.0500284194946286,0.0625,22.8375,0.135625,0.22023627186244984,-0.00110537788692365,110.0,1.1649999999999996,0.4375
858,TTGNFEKLFVALVEYMRAS,inactive - virtual,inactive - virtual,0,Inactive,virtual,1,19,0.10526315789473684,0.0,0.0,0.10526315789473684,0.10526315789473684,0.05263157894736842,0.0,0.0,0.05263157894736842,0.10526315789473684,0.05263157894736842,0.05263157894736842,0.0,0.0,0.05263157894736842,0.05263157894736842,0.10526315789473684,0.10526315789473684,0.0,0.05263157894736842,2176.4901000000004,-0.7944023853917836,5.80987720489502,0.15789473684210528,7.31578947368421,0.15157894736842106,0.31697002654726597,-9.189107232286849e-07,82.10526315789473,0.9799999999999999,0.47368421052631576
859,TVEEVNALKNEILKAHA,inactive - virtual,inactive - virtual,0,Inactive,virtual,1,17,0.17647058823529413,0.0,0.0,0.17647058823529413,0.0,0.0,0.058823529411764705,0.058823529411764705,0.11764705882352941,0.11764705882352941,0.0,0.11764705882352941,0.0,0.0,0.0,0.0,0.058823529411764705,0.11764705882352941,0.0,0.0,1879.1188000000002,-1.7566300650425184,5.464978218078613,0.0,36.26470588235295,0.025294117647058828,0.28645257531409096,-0.0004800119204734131,120.58823529411764,1.3982352941176472,0.47058823529411764
860,TVFGTALNYVSLRIL,inactive - virtual,inactive - virtual,0,Inactive,virtual,1,15,0.06666666666666667,0.0,0.0,0.0,0.06666666666666667,0.06666666666666667,0.0,0.06666666666666667,0.0,0.2,0.0,0.06666666666666667,0.0,0.0,0.06666666666666667,0.06666666666666667,0.13333333333333333,0.13333333333333333,0.0,0.06666666666666667,1666.9573,0.2058616853958135,8.407853889465336,0.13333333333333333,29.35333333333333,0.39333333333333337,0.24018164600038053,0.0005968949464894178,149.33333333333331,-0.21666666666666667,0.5333333333333333
861,TVLAALFLAGS,inactive - virtual,inactive - virtual,0,Inactive,virtual,1,11,0.2727272727272727,0.0,0.0,0.0,0.09090909090909091,0.09090909090909091,0.0,0.0,0.0,0.2727272727272727,0.0,0.0,0.0,0.0,0.0,0.09090909090909091,0.09090909090909091,0.09090909090909091,0.0,0.0,1062.2591,-0.7916076037035273,5.1849893569946275,0.09090909090909091,9.09090909090909,0.700909090909091,0.13224280006825914,-3.7655564551051533e-06,160.0,-2.016363636363636,0.7272727272727273
862,TYYAKDIAFQFWKM,inactive - virtual,inactive - virtual,0,Inactive,virtual,1,14,0.14285714285714285,0.0,0.07142857142857142,0.0,0.14285714285714285,0.0,0.0,0.07142857142857142,0.14285714285714285,0.0,0.07142857142857142,0.0,0.0,0.07142857142857142,0.0,0.0,0.07142857142857142,0.0,0.07142857142857142,0.14285714285714285,1812.0937000000001,0.19881650978233445,8.101113319396973,0.3571428571428572,52.91428571428571,0.15785714285714286,0.36128139514741264,0.0005485348490701397,42.14285714285714,0.6449999999999999,0.42857142857142855
863,VADIAKLKVNIIKNVRII,inactive - virtual,inactive - virtual,0,Inactive,virtual,1,18,0.1111111111111111,0.0,0.05555555555555555,0.0,0.0,0.0,0.0,0.2777777777777778,0.16666666666666666,0.05555555555555555,0.0,0.1111111111111111,0.0,0.0,0.05555555555555555,0.0,0.0,0.16666666666666666,0.0,0.0,2020.5049,2.516055409021993,10.289557075500486,0.0,10.27222222222222,0.17666666666666664,0.3898743886954174,0.0014827939480626178,189.44444444444443,0.4616666666666666,0.6111111111111112
864,VADPVAAFKWRAQ,inactive - virtual,inactive - virtual,0,Inactive,virtual,1,13,0.3076923076923077,0.0,0.07692307692307693,0.0,0.07692307692307693,0.0,0.0,0.0,0.07692307692307693,0.0,0.0,0.0,0.07692307692307693,0.07692307692307693,0.07692307692307693,0.0,0.0,0.15384615384615385,0.07692307692307693,0.0,1458.6624,0.5210665943565651,8.717753410339355,0.15384615384615385,5.953846153846157,0.08153846153846157,0.22746736693285377,0.0006828184772325284,75.38461538461539,1.0846153846153848,0.5384615384615384
865,VDDNLYPQLERASRKIFEFLERE,inactive - virtual,inactive - virtual,0,Inactive,virtual,1,23,0.043478260869565216,0.0,0.08695652173913043,0.17391304347826086,0.08695652173913043,0.0,0.0,0.043478260869565216,0.043478260869565216,0.13043478260869565,0.0,0.043478260869565216,0.043478260869565216,0.043478260869565216,0.13043478260869565,0.043478260869565216,0.0,0.043478260869565216,0.0,0.043478260869565216,2868.1599000000006,-2.474467220206388,4.801894569396972,0.13043478260869565,21.452173913043477,-0.27695652173913043,0.5679160898933304,-0.0006969625125516011,84.78260869565217,3.444347826086957,0.34782608695652173
866,VEAIEALLKGN,inactive - virtual,inactive - virtual,0,Inactive,virtual,1,11,0.18181818181818182,0.0,0.0,0.18181818181818182,0.0,0.09090909090909091,0.0,0.09090909090909091,0.09090909090909091,0.18181818181818182,0.0,0.09090909090909091,0.0,0.0,0.0,0.0,0.0,0.09090909090909091,0.0,0.0,1156.3291,-1.4771132496853774,4.531284141540527,0.0,25.881818181818172,0.24181818181818182,0.38810935348199144,-0.000866534639765465,150.9090909090909,0.22272727272727258,0.5454545454545454
867,VFWPTMLKAAG,inactive - virtual,inactive - virtual,0,Inactive,virtual,1,11,0.18181818181818182,0.0,0.0,0.0,0.09090909090909091,0.09090909090909091,0.0,0.0,0.09090909090909091,0.09090909090909091,0.09090909090909091,0.0,0.09090909090909091,0.0,0.0,0.0,0.09090909090909091,0.09090909090909091,0.09090909090909091,0.0,1220.4821,0.5206452284349337,8.720009803771973,0.18181818181818182,1.3727272727272726,0.46727272727272734,0.26041844647835216,0.0008160656785389475,80.0,-1.1872727272727273,0.5454545454545454
868,VGVLLQLLVQA,inactive - virtual,inactive - virtual,0,Inactive,virtual,1,11,0.09090909090909091,0.0,0.0,0.0,0.0,0.09090909090909091,0.0,0.0,0.0,0.36363636363636365,0.0,0.0,0.0,0.18181818181818182,0.0,0.0,0.0,0.2727272727272727,0.0,0.0,1152.4263,-0.47684917889778056,5.494989204406737,0.0,31.009090909090908,0.6454545454545455,0.3613166216828525,-3.4709266506425554e-06,230.0,-2.1336363636363638,0.7272727272727273
869,VGYETAAKLAREAYLTG,inactive - virtual,inactive - virtual,0,Inactive,virtual,1,17,0.23529411764705882,0.0,0.0,0.11764705882352941,0.0,0.11764705882352941,0.0,0.0,0.058823529411764705,0.11764705882352941,0.0,0.0,0.0,0.0,0.058823529411764705,0.0,0.11764705882352941,0.058823529411764705,0.0,0.11764705882352941,1813.0159000000003,-0.482149553253322,6.112431144714355,0.11764705882352942,-15.0,0.09882352941176471,0.33385350592843316,-1.654697686732634e-06,86.47058823529412,0.9711764705882352,0.4117647058823529
870,VHVLADAFKRYLLD,inactive - virtual,inactive - virtual,0,Inactive,virtual,1,14,0.14285714285714285,0.0,0.14285714285714285,0.0,0.07142857142857142,0.0,0.07142857142857142,0.0,0.07142857142857142,0.21428571428571427,0.0,0.0,0.0,0.0,0.07142857142857142,0.0,0.0,0.14285714285714285,0.0,0.07142857142857142,1659.925,-0.4430967616876105,6.726008033752441,0.14285714285714288,10.385714285714288,0.14285714285714288,0.4774719147455908,5.723132903194713e-05,139.28571428571428,0.947857142857143,0.5714285714285714
871,VIDPLHTHLTRLVAAYTG,inactive - virtual,inactive - virtual,0,Inactive,virtual,1,18,0.1111111111111111,0.0,0.05555555555555555,0.0,0.0,0.05555555555555555,0.1111111111111111,0.05555555555555555,0.0,0.16666666666666666,0.0,0.0,0.05555555555555555,0.0,0.05555555555555555,0.0,0.16666666666666666,0.1111111111111111,0.0,0.05555555555555555,1977.2666000000004,-0.40568052329134097,6.890386390686037,0.05555555555555555,-4.177777777777778,0.25833333333333336,0.3725759883322091,9.760933003585752e-05,130.0,0.47166666666666657,0.4444444444444444
872,VKYAVFEAALTKAITAMSEVQKVSQ,inactive - virtual,inactive - virtual,0,Inactive,virtual,1,25,0.2,0.0,0.0,0.08,0.04,0.0,0.0,0.04,0.12,0.04,0.04,0.0,0.0,0.08,0.0,0.08,0.08,0.16,0.0,0.04,2713.1527,0.5153699723127652,8.402438545227053,0.08,47.50800000000001,0.1584,0.1890581515164004,0.000367468192071238,97.60000000000001,0.522,0.52
873,VLSFKTGIISL,inactive - virtual,inactive - virtual,0,Inactive,virtual,1,11,0.0,0.0,0.0,0.0,0.09090909090909091,0.09090909090909091,0.0,0.18181818181818182,0.09090909090909091,0.18181818181818182,0.0,0.0,0.0,0.0,0.0,0.18181818181818182,0.09090909090909091,0.09090909090909091,0.0,0.0,1177.4325999999999,0.5206452284349337,8.720009803771973,0.09090909090909091,-20.009090909090908,0.5336363636363636,0.2458539503913091,0.0008459029759478189,168.18181818181822,-1.1563636363636365,0.5454545454545454
874,VMELLTKTLGWDIQEELNKLT,inactive - virtual,inactive - virtual,0,Inactive,virtual,1,21,0.0,0.0,0.047619047619047616,0.14285714285714285,0.0,0.047619047619047616,0.0,0.047619047619047616,0.09523809523809523,0.23809523809523808,0.047619047619047616,0.047619047619047616,0.0,0.047619047619047616,0.0,0.0,0.14285714285714285,0.047619047619047616,0.047619047619047616,0.0,2474.8666000000007,-2.478051597257814,4.40726146697998,0.047619047619047616,47.32857142857143,0.0966666666666667,0.2752839308314553,-0.0008081232549588464,125.23809523809523,0.9980952380952381,0.38095238095238093
875,VMGQNLILNMND,inactive - virtual,inactive - virtual,0,Inactive,virtual,1,12,0.0,0.0,0.08333333333333333,0.0,0.0,0.08333333333333333,0.0,0.08333333333333333,0.0,0.16666666666666666,0.16666666666666666,0.25,0.0,0.08333333333333333,0.0,0.0,0.0,0.08333333333333333,0.0,0.0,1361.5867999999998,-1.4751333834507174,4.299324226379395,0.0,25.21666666666667,0.19749999999999998,0.23277992616785545,-0.000737373218075926,121.66666666666664,0.8116666666666665,0.5
876,VMPSLLQAFDLTA,inactive - virtual,inactive - virtual,0,Inactive,virtual,1,13,0.15384615384615385,0.0,0.07692307692307693,0.0,0.07692307692307693,0.0,0.0,0.0,0.0,0.23076923076923078,0.07692307692307693,0.0,0.07692307692307693,0.07692307692307693,0.0,0.07692307692307693,0.07692307692307693,0.07692307692307693,0.0,0.0,1405.6577,-1.476402694742776,4.0500284194946286,0.07692307692307693,92.41538461538464,0.4323076923076924,0.32984794124812983,-0.0007142552253034161,127.6923076923077,-0.5784615384615385,0.6153846153846154
877,VMQWVIRILGGGLQKAL,inactive - virtual,inactive - virtual,0,Inactive,virtual,1,17,0.058823529411764705,0.0,0.0,0.0,0.0,0.17647058823529413,0.0,0.11764705882352941,0.058823529411764705,0.17647058823529413,0.058823529411764705,0.0,0.0,0.11764705882352941,0.058823529411764705,0.0,0.0,0.11764705882352941,0.058823529411764705,0.0,1882.3194000000003,1.5206201102015604,11.000707817077636,0.05882352941176471,45.00588235294117,0.3594117647058823,0.48416813708336737,0.0010603879234778175,154.7058823529412,-0.6141176470588234,0.5294117647058824
878,VNFLVADALKQHRHRRDDVIVMLSAR,inactive - virtual,inactive - virtual,0,Inactive,virtual,1,26,0.11538461538461539,0.0,0.11538461538461539,0.0,0.038461538461538464,0.0,0.07692307692307693,0.038461538461538464,0.038461538461538464,0.11538461538461539,0.038461538461538464,0.038461538461538464,0.0,0.038461538461538464,0.15384615384615385,0.038461538461538464,0.0,0.15384615384615385,0.0,0.0,3060.5381999999995,1.595137090318548,10.667277336120605,0.038461538461538464,32.56923076923077,-0.1542307692307692,0.05169976222650175,0.0007171936978441712,116.15384615384616,2.680384615384615,0.5
879,VNQFLDYLQEFLGVMNT,inactive - virtual,inactive - virtual,0,Inactive,virtual,1,17,0.0,0.0,0.058823529411764705,0.058823529411764705,0.11764705882352941,0.058823529411764705,0.0,0.0,0.0,0.17647058823529413,0.058823529411764705,0.11764705882352941,0.0,0.11764705882352941,0.0,0.0,0.058823529411764705,0.11764705882352941,0.0,0.058823529411764705,2031.2871000000005,-2.477787526470217,4.0500284194946286,0.17647058823529413,26.05294117647059,0.2547058823529412,0.4590660315972507,-0.0009860728896415579,102.94117647058823,0.6182352941176471,0.47058823529411764
880,VPMQRVLKYHLLLQELVK,inactive - virtual,inactive - virtual,0,Inactive,virtual,1,18,0.0,0.0,0.0,0.05555555555555555,0.0,0.0,0.05555555555555555,0.0,0.1111111111111111,0.2777777777777778,0.05555555555555555,0.0,0.05555555555555555,0.1111111111111111,0.05555555555555555,0.0,0.0,0.16666666666666666,0.0,0.05555555555555555,2207.7227000000003,1.5533561269828802,9.69941349029541,0.05555555555555555,41.116666666666674,0.08222222222222225,0.28714359262026734,0.0009489385024436866,156.66666666666666,0.5355555555555556,0.5
881,VQEVNRFIKAFEEMKALMKSL,inactive - virtual,inactive - virtual,0,Inactive,virtual,1,21,0.09523809523809523,0.0,0.0,0.14285714285714285,0.09523809523809523,0.0,0.0,0.047619047619047616,0.14285714285714285,0.09523809523809523,0.09523809523809523,0.047619047619047616,0.0,0.047619047619047616,0.047619047619047616,0.047619047619047616,0.0,0.09523809523809523,0.0,0.0,2511.9992,0.5189712076865218,8.468325233459474,0.09523809523809523,30.176190476190477,-0.014761904761904733,0.4074830468325435,0.0003976910828025478,92.85714285714285,1.4504761904761903,0.5238095238095238
882,VSDARSAITSAQELLDS,inactive - virtual,inactive - virtual,0,Inactive,virtual,1,17,0.17647058823529413,0.0,0.11764705882352941,0.058823529411764705,0.0,0.0,0.0,0.058823529411764705,0.0,0.11764705882352941,0.0,0.0,0.0,0.058823529411764705,0.058823529411764705,0.23529411764705882,0.058823529411764705,0.058823529411764705,0.0,0.0,1762.8696,-2.4748605678812994,4.0500284194946286,0.0,57.91764705882353,-0.005882352941176472,0.4161753386789377,-0.00113564811926007,103.52941176470587,2.155882352941176,0.4117647058823529
883,VWHYALWSLIQQSEILFAQ,inactive - virtual,inactive - virtual,0,Inactive,virtual,1,19,0.10526315789473684,0.0,0.0,0.05263157894736842,0.05263157894736842,0.0,0.05263157894736842,0.10526315789473684,0.0,0.15789473684210525,0.0,0.0,0.0,0.15789473684210525,0.0,0.10526315789473684,0.0,0.05263157894736842,0.10526315789473684,0.05263157894736842,2332.6523999999995,-1.4416075694491746,5.238929557800293,0.2105263157894737,133.66315789473683,0.39315789473684215,0.17400464455116463,-0.00038796909965447174,128.42105263157893,-0.25631578947368433,0.47368421052631576
884,VYGPFWKNWQAQ,inactive - virtual,inactive - virtual,0,Inactive,virtual,1,12,0.08333333333333333,0.0,0.0,0.0,0.08333333333333333,0.08333333333333333,0.0,0.0,0.08333333333333333,0.0,0.0,0.08333333333333333,0.08333333333333333,0.16666666666666666,0.0,0.0,0.0,0.08333333333333333,0.16666666666666666,0.08333333333333333,1523.6908,0.518139635767648,8.56148204803467,0.33333333333333337,3.2166666666666677,0.11833333333333329,0.2521544143612874,0.0006530156855023955,32.49999999999999,0.7483333333333332,0.25
885,WATLLAQWADRAL,inactive - virtual,inactive - virtual,0,Inactive,virtual,1,13,0.3076923076923077,0.0,0.07692307692307693,0.0,0.0,0.0,0.0,0.0,0.0,0.23076923076923078,0.0,0.0,0.0,0.07692307692307693,0.07692307692307693,0.0,0.07692307692307693,0.0,0.15384615384615385,0.0,1514.7257,-0.4421257665114191,5.83636417388916,0.15384615384615385,-26.22307692307692,0.2384615384615385,0.49830852068458414,-2.6407346523802923e-06,120.76923076923077,0.3915384615384614,0.5384615384615384
886,WDDIRNDLFRIQNDLFVLGEDVST,inactive - virtual,inactive - virtual,0,Inactive,virtual,1,24,0.0,0.0,0.20833333333333334,0.041666666666666664,0.08333333333333333,0.041666666666666664,0.0,0.08333333333333333,0.0,0.125,0.0,0.08333333333333333,0.0,0.041666666666666664,0.08333333333333333,0.041666666666666664,0.041666666666666664,0.08333333333333333,0.041666666666666664,0.0,2881.1121000000003,-4.439244187184928,4.0500284194946286,0.125,19.608333333333334,-0.037083333333333364,0.41719203808000693,-0.0013883489753984562,105.41666666666666,2.6304166666666666,0.375
887,YAKGALQYLVPILTQTLT,inactive - virtual,inactive - virtual,0,Inactive,virtual,1,18,0.1111111111111111,0.0,0.0,0.0,0.0,0.05555555555555555,0.0,0.05555555555555555,0.05555555555555555,0.2222222222222222,0.0,0.0,0.05555555555555555,0.1111111111111111,0.0,0.0,0.16666666666666666,0.05555555555555555,0.0,0.1111111111111111,1993.3454000000006,0.5499360895650922,8.49740047454834,0.1111111111111111,44.3,0.32833333333333337,0.3237020820511585,0.0004986580379762711,135.55555555555554,-0.4766666666666667,0.4444444444444444
888,YDDIIEAAGELG,inactive - virtual,inactive - virtual,0,Inactive,virtual,1,12,0.16666666666666666,0.0,0.16666666666666666,0.16666666666666666,0.0,0.16666666666666666,0.0,0.16666666666666666,0.0,0.08333333333333333,0.0,0.0,0.0,0.0,0.0,0.0,0.0,0.0,0.0,0.08333333333333333,1265.3225000000004,-4.441918234910637,4.0500284194946286,0.08333333333333334,59.233333333333334,0.25666666666666665,0.49352210335802327,-0.0031620209747654764,114.16666666666666,0.9116666666666667,0.4166666666666667
889,YDLLKDLEEGIQTLMGRL,inactive - virtual,inactive - virtual,0,Inactive,virtual,1,18,0.0,0.0,0.1111111111111111,0.1111111111111111,0.0,0.1111111111111111,0.0,0.05555555555555555,0.05555555555555555,0.2777777777777778,0.05555555555555555,0.0,0.0,0.05555555555555555,0.05555555555555555,0.0,0.05555555555555555,0.0,0.0,0.05555555555555555,2107.4266000000002,-2.4444489458112963,4.316716957092285,0.05555555555555555,31.27777777777778,0.032222222222222235,0.5321777739388175,-0.0009494977294619513,130.0,1.4461111111111107,0.3888888888888889
890,YEDKAVELYSRTAR,inactive - virtual,inactive - virtual,0,Inactive,virtual,1,14,0.14285714285714285,0.0,0.07142857142857142,0.14285714285714285,0.0,0.0,0.0,0.0,0.07142857142857142,0.07142857142857142,0.0,0.0,0.0,0.0,0.14285714285714285,0.07142857142857142,0.07142857142857142,0.07142857142857142,0.0,0.14285714285714285,1700.8464000000001,-0.4474261408669604,6.180581092834472,0.14285714285714288,25.35,-0.3678571428571428,0.5465412112715279,-1.7638239703677574e-06,62.857142857142854,3.6714285714285713,0.2857142857142857
891,YETLEFLGDALVNFFIVDLLVQYS,inactive - virtual,inactive - virtual,0,Inactive,virtual,1,24,0.041666666666666664,0.0,0.08333333333333333,0.08333333333333333,0.125,0.041666666666666664,0.0,0.041666666666666664,0.0,0.20833333333333334,0.0,0.041666666666666664,0.0,0.041666666666666664,0.0,0.041666666666666664,0.041666666666666664,0.125,0.0,0.08333333333333333,2809.1666999999998,-4.444423827577922,4.0500284194946286,0.20833333333333334,-12.7625,0.4283333333333334,0.09717889301590764,-0.0014246150122099687,137.91666666666666,-0.15999999999999995,0.5416666666666666
892,YFSKGIPNVLRR,inactive - virtual,inactive - virtual,0,Inactive,virtual,1,12,0.0,0.0,0.0,0.0,0.08333333333333333,0.08333333333333333,0.0,0.08333333333333333,0.08333333333333333,0.08333333333333333,0.0,0.08333333333333333,0.08333333333333333,0.0,0.16666666666666666,0.08333333333333333,0.0,0.08333333333333333,0.0,0.08333333333333333,1449.6986,2.552391445765631,11.00038547515869,0.16666666666666669,56.400000000000006,-0.15000000000000002,0.7280210084102081,0.002065944678209285,89.16666666666664,2.3141666666666665,0.3333333333333333
893,YGSIGLTNFGYLDKE,inactive - virtual,inactive - virtual,0,Inactive,virtual,1,15,0.0,0.0,0.06666666666666667,0.06666666666666667,0.06666666666666667,0.2,0.0,0.06666666666666667,0.06666666666666667,0.13333333333333333,0.0,0.06666666666666667,0.0,0.0,0.0,0.06666666666666667,0.06666666666666667,0.0,0.0,0.13333333333333333,1676.8197,-1.4464041786833612,4.748863792419433,0.2,-27.686666666666667,0.17399999999999996,0.20773047894594543,-0.0005987488296368744,78.0,0.894,0.26666666666666666
894,YKEPLKAVVKKLLEKE,inactive - virtual,inactive - virtual,0,Inactive,virtual,1,16,0.0625,0.0,0.0,0.1875,0.0,0.0,0.0,0.0,0.3125,0.1875,0.0,0.0,0.0625,0.0,0.0,0.0,0.0,0.125,0.0,0.0625,1915.3199,1.5478740810394656,9.308992958068849,0.0625,9.000000000000002,-0.20125,0.33848639856876367,0.0010431622749082403,115.625,1.4793749999999999,0.375
895,YKKFRQLIQVN,inactive - virtual,inactive - virtual,0,Inactive,virtual,1,11,0.0,0.0,0.0,0.0,0.09090909090909091,0.0,0.0,0.09090909090909091,0.18181818181818182,0.09090909090909091,0.0,0.09090909090909091,0.0,0.18181818181818182,0.09090909090909091,0.0,0.0,0.09090909090909091,0.0,0.09090909090909091,1436.6997999999999,2.5499109713317187,10.289686012268067,0.18181818181818182,19.745454545454546,-0.26545454545454544,0.5176544301490223,0.002084638407461544,97.27272727272728,2.456363636363636,0.36363636363636365
896,YLADLFLAPQIHGAINRFQ,inactive - virtual,inactive - virtual,0,Inactive,virtual,1,19,0.15789473684210525,0.0,0.05263157894736842,0.0,0.10526315789473684,0.05263157894736842,0.05263157894736842,0.10526315789473684,0.0,0.15789473684210525,0.0,0.05263157894736842,0.05263157894736842,0.10526315789473684,0.05263157894736842,0.0,0.0,0.0,0.0,0.05263157894736842,2187.4977,-0.4080049180026579,6.743628120422364,0.15789473684210528,21.847368421052632,0.26,0.16765227982719655,4.297142857142857e-05,118.42105263157893,0.48578947368421055,0.5263157894736842
897,YLDKEVKLIKKMGNHLTNLRRVA,inactive - virtual,inactive - virtual,0,Inactive,virtual,1,23,0.043478260869565216,0.0,0.043478260869565216,0.043478260869565216,0.0,0.043478260869565216,0.043478260869565216,0.043478260869565216,0.17391304347826086,0.17391304347826086,0.043478260869565216,0.08695652173913043,0.0,0.0,0.08695652173913043,0.0,0.043478260869565216,0.08695652173913043,0.0,0.043478260869565216,2740.2740999999996,3.5830683540346695,10.16642246246338,0.043478260869565216,34.46521739130435,-0.20217391304347823,0.4908286102100815,0.001494372837812194,114.34782608695652,2.19304347826087,0.391304347826087
898,YLSESVETIKKLGDHITSLKKLW,inactive - virtual,inactive - virtual,0,Inactive,virtual,1,23,0.0,0.0,0.043478260869565216,0.08695652173913043,0.0,0.043478260869565216,0.043478260869565216,0.08695652173913043,0.17391304347826086,0.17391304347826086,0.0,0.0,0.0,0.0,0.0,0.13043478260869565,0.08695652173913043,0.043478260869565216,0.043478260869565216,0.043478260869565216,2689.1099,0.5842393514412616,8.387030601501465,0.08695652173913043,40.947826086956525,0.01869565217391305,0.43387987175108156,0.0004075682751234605,114.3478260869565,1.2108695652173913,0.30434782608695654
899,YPIVDAAMRQLTETG,inactive - virtual,inactive - virtual,0,Inactive,virtual,1,15,0.13333333333333333,0.0,0.06666666666666667,0.06666666666666667,0.0,0.06666666666666667,0.0,0.06666666666666667,0.0,0.06666666666666667,0.06666666666666667,0.0,0.06666666666666667,0.06666666666666667,0.06666666666666667,0.0,0.13333333333333333,0.06666666666666667,0.0,0.06666666666666667,1664.8771000000006,-1.44351059823886,4.3702592849731445,0.06666666666666667,16.873333333333335,0.08333333333333331,0.4486036140977311,-0.0006024458219210993,84.66666666666666,1.3653333333333333,0.4
900,YQNIVKAVQYAARKLQ,inactive - virtual,inactive - virtual,0,Inactive,virtual,1,16,0.1875,0.0,0.0,0.0,0.0,0.0,0.0,0.0625,0.125,0.0625,0.0,0.0625,0.0,0.1875,0.0625,0.0,0.0,0.125,0.0,0.125,1893.1931,2.5474053786644326,9.9971284866333,0.125,54.887499999999996,-0.10937500000000001,0.6413177428469181,0.0015814493978449186,103.75,1.638125,0.4375
901,YQQQKKYLGRMTE,inactive - virtual,inactive - virtual,0,Inactive,virtual,1,13,0.0,0.0,0.0,0.07692307692307693,0.0,0.07692307692307693,0.0,0.0,0.15384615384615385,0.07692307692307693,0.07692307692307693,0.0,0.0,0.23076923076923078,0.07692307692307693,0.0,0.07692307692307693,0.0,0.0,0.15384615384615385,1672.9024000000002,1.5506186262609742,9.526315879821777,0.15384615384615385,51.46153846153847,-0.46923076923076923,0.43562438099853507,0.0011925327722352068,30.0,3.3915384615384614,0.15384615384615385
