rank,ID,sequence,true_class,y_true,traditional_wrong_count,esm2_wrong_count,total_wrong_count,traditional_correct_count,esm2_correct_count,traditional_mean_true_class_probability,esm2_mean_true_class_probability,all_models_mean_true_class_probability,true_class_probability_gain,traditional_mean_margin,esm2_mean_margin,representation_disagreement,wrong_count_difference_esm2_minus_traditional,LR_traditional_correct,SVM_traditional_correct,RF_traditional_correct,XGB_traditional_correct,LR_esm2_correct,SVM_esm2_correct,RF_esm2_correct,XGB_esm2_correct,mean_absolute_descriptor_z,maximum_absolute_descriptor_z,most_extreme_descriptor,difficulty_category,LR_traditional_probability_active,LR_traditional_true_class_probability,LR_esm2_probability_active,LR_esm2_true_class_probability,SVM_traditional_probability_active,SVM_traditional_true_class_probability,SVM_esm2_probability_active,SVM_esm2_true_class_probability,RF_traditional_probability_active,RF_traditional_true_class_probability,RF_esm2_probability_active,RF_esm2_true_class_probability,XGB_traditional_probability_active,XGB_traditional_true_class_probability,XGB_esm2_probability_active,XGB_esm2_true_class_probability
1,48,FAKLLFKALKKAL,Inactive,0,4,4,8,0,0,0.07906206848899613,0.08867658796827019,0.08386932822863316,0.009614519479274053,-0.4209379315110039,-0.41132341203172984,0.009614519479274053,0,False,False,False,False,False,False,False,False,1.0513565087967565,1.8009181898361868,hydrophobic_moment,Consensus hard error,0.8932089940453428,0.10679100595465718,0.9257903,0.07420970000000005,0.8140167353320058,0.1859832646679942,0.8246995481269193,0.17530045187308074,0.9766666666666668,0.023333333333333206,0.91,0.08999999999999997,0.99985933,0.0001406699999999539,0.9848038,0.015196199999999993
2,40,FAKLLAKLAKKFAL,Inactive,0,4,4,8,0,0,0.10487809308294138,0.12504428341580018,0.11496118824937078,0.020166190332858797,-0.3951219069170586,-0.3749557165841998,0.020166190332858797,0,False,False,False,False,False,False,False,False,0.9415260643515528,1.3388089862719956,boman_index,Consensus hard error,0.8577552364702028,0.1422447635297972,0.90584534,0.09415465999999995,0.7560220211980317,0.24397797880196825,0.849791193003466,0.15020880699653405,0.98,0.020000000000000018,0.7533333333333333,0.2466666666666667,0.98671037,0.013289630000000052,0.990853,0.009147000000000016
3,145,MPKWKVFKKIEKVGRNIRNGIVKAGPAIAVLGEAKALG,Inactive,0,4,4,8,0,0,0.13073104570432573,0.14202879435378657,0.13637992002905613,0.011297748649460843,-0.3692689542956743,-0.35797120564621343,0.011297748649460843,0,False,False,False,False,False,False,False,False,1.7805069507667663,4.440836560618289,length,Consensus hard error,0.9736519862665448,0.02634801373345519,0.87076575,0.12923425,0.6548745642494856,0.34512543575051435,0.8732128392515204,0.12678716074847962,0.8566666666666667,0.1433333333333333,0.7733333333333333,0.22666666666666668,0.9918826,0.008117400000000052,0.9145729,0.08542709999999998
4,56,FALALKALKKALKKLKKALKKAL,Inactive,0,4,4,8,0,0,0.04979833418409926,0.29365794833333336,0.17172814125871633,0.2438596141492341,-0.4502016658159007,-0.20634205166666664,0.2438596141492341,0,False,False,False,False,False,False,False,False,1.3311551122811214,2.910548033682616,net_charge_pH7_4,Consensus hard error,0.9814991953415776,0.01850080465842241,0.8302379,0.16976210000000003,0.8316469679220253,0.1683530320779747,0.5,0.5,1.0,0.0,0.6366666666666667,0.3633333333333333,0.9876605,0.012339499999999948,0.85846364,0.14153636000000003
5,68,FKRLAKIKVLRLAKIKR,Active,1,4,4,8,0,0,0.21117461377333696,0.1510130619774307,0.18109383787538383,-0.060161551795906265,-0.28882538622666304,-0.3489869380225693,0.060161551795906265,0,False,False,False,False,False,False,False,False,0.9919344227607968,2.5445262641400994,net_charge_pH7_4,Consensus hard error,0.4956828731097921,0.4956828731097921,0.0024941724,0.0024941724,0.0736720833168891,0.0736720833168891,0.1014689255097228,0.1014689255097228,0.2366666666666666,0.2366666666666666,0.36,0.36,0.038676832,0.038676832,0.14008915,0.14008915
6,388,GLGLVLKIAVNAFLKLVA,Inactive,0,2,4,6,2,0,0.4749827470769515,0.12153624244494701,0.2982594947609492,-0.35344650463200444,-0.025017252923048516,-0.378463757555053,0.35344650463200444,2,False,True,False,True,False,False,False,False,0.8653880975178421,2.1153203612053977,boman_index,Cross-representation difficult,0.8048389851726113,0.19516101482738868,0.9686183,0.03138169999999996,0.4572254398529163,0.5427745601470837,0.817555080220212,0.18244491977978805,0.5266666666666666,0.4733333333333334,0.83,0.17000000000000004,0.31133792,0.6886620800000001,0.89768165,0.10231835
7,67,FKLAFKLAKKAFL,Inactive,0,4,2,6,0,2,0.2354257749804483,0.5421429864180604,0.38878438069925436,0.30671721143761205,-0.2645742250195517,0.04214298641806036,0.30671721143761205,-2,False,False,False,False,False,True,False,True,0.8901512205323527,1.1818241650049834,boman_index,Cross-representation difficult,0.876687272022794,0.12331272797720605,0.67771506,0.32228493999999996,0.6728743613887461,0.3271256386112539,0.3494581309944251,0.6505418690055749,0.8766666666666667,0.1233333333333333,0.5333333333333333,0.4666666666666667,0.6320686,0.3679314,0.27092153,0.7290784699999999
8,149,VAKLLAKLAKKVL,Inactive,0,4,2,6,0,2,0.2959889327811186,0.6280673130330959,0.46202812290710726,0.33207838025197733,-0.2040110672188814,0.12806731303309593,0.33207838025197733,-2,False,False,False,False,True,False,False,True,1.099279072596588,1.9220802365666807,hydrophobic_moment,Cross-representation difficult,0.6946182973911832,0.3053817026088168,0.3335615,0.6664384999999999,0.6309533048176758,0.36904669518232425,0.590258361534283,0.409741638465717,0.7466666666666667,0.2533333333333333,0.5333333333333333,0.4666666666666667,0.743806,0.25619400000000003,0.030577553,0.969422447
9,33,FAKLLAKALKKL,Inactive,0,2,3,5,2,1,0.45357801939477976,0.4452943981472111,0.44943620877099544,-0.008283621247568651,-0.04642198060522024,-0.05470560185278889,0.008283621247568651,1,False,False,True,True,False,False,False,True,1.1238590926774932,2.2846731822869386,hydrophobic_moment,Mixed difficulty,0.8323650427648159,0.16763495723518407,0.5142283,0.48577170000000003,0.7222421596560651,0.2777578403439349,0.6526136074111555,0.3473863925888445,0.25,0.75,0.67,0.32999999999999996,0.38108072,0.6189192800000001,0.3819805,0.6180194999999999
10,47,FAKLLAKLAKLKL,Inactive,0,2,3,5,2,1,0.5468506988979658,0.41079776656223144,0.4788242327300986,-0.13605293233573434,0.04685069889796578,-0.08920223343776856,0.13605293233573434,1,False,False,True,True,False,False,False,True,0.8587698180524274,1.3857317568563485,boman_index,Mixed difficulty,0.7661081826429801,0.23389181735701992,0.8959325,0.10406749999999998,0.6998046234318234,0.30019537656817663,0.7738021670844075,0.22619783291559248,0.3283333333333333,0.6716666666666666,0.5666666666666667,0.43333333333333335,0.018351065,0.981648935,0.1204076,0.8795923999999999
11,43,FAKLLAKLAKKL,Inactive,0,2,2,4,2,2,0.4540406660754598,0.5784979801273483,0.516269323101404,0.12445731405188853,-0.04595933392454021,0.07849798012734832,0.12445731405188853,0,False,False,True,True,True,False,False,True,1.1202039816022487,2.2590874047602285,hydrophobic_moment,Mixed difficulty,0.8308583619095085,0.16914163809049154,0.41962564,0.58037436,0.7218982537886524,0.27810174621134764,0.5395157961572734,0.4604842038427266,0.25,0.75,0.6233333333333333,0.3766666666666667,0.38108072,0.6189192800000001,0.10353331,0.89646669
12,392,GLWAIAVKAGKVILKLIVFIWIRV,Inactive,0,2,1,3,2,3,0.36696239316731216,0.6844589813319252,0.5257106872496187,0.317496588164613,-0.13303760683268784,0.18445898133192518,0.317496588164613,-1,False,True,True,False,True,True,False,True,1.373410405369534,2.0155660967879134,mean_eisenberg_hydrophobicity,Mixed difficulty,0.9621484233260054,0.037851576673994636,0.08039413,0.91960587,0.3444338706714126,0.6555661293285874,0.3026131046722995,0.6973868953277005,0.4533333333333333,0.5466666666666666,0.61,0.39,0.7722348,0.2277652,0.26915684,0.73084316
13,91,GLFAVIKKVAAVIRRL,Active,1,3,0,3,1,4,0.30140793076694494,0.8309698280485613,0.5661888794077531,0.5295618972816164,-0.19859206923305506,0.33096982804856134,0.5295618972816164,-3,True,False,False,False,True,True,True,True,0.8880847550100036,1.6565385875063838,isoelectric_point,Traditional-specific difficulty,0.6680820654221024,0.6680820654221024,0.8780034,0.8780034,0.156129284979011,0.156129284979011,0.7533895121942451,0.7533895121942451,0.2566666666666666,0.2566666666666666,0.72,0.72,0.124753706,0.124753706,0.9724864,0.9724864
14,55,FALALKALKKAL,Inactive,0,2,1,3,2,3,0.598837505951186,0.6626020729554308,0.6307197894533085,0.06376456700424482,0.09883750595118601,0.16260207295543083,0.06376456700424482,-1,False,False,True,True,True,False,True,True,1.0439931254775778,1.5719901305985857,boman_index,Mixed difficulty,0.6745217380734418,0.32547826192655815,0.33893088,0.6610691200000001,0.6525031161218139,0.3474968838781861,0.5409321298449434,0.45906787015505657,0.22,0.78,0.4233333333333333,0.5766666666666667,0.057625122,0.942374878,0.046395365,0.953604635
15,142,KYKKALKKLAKLL,Inactive,0,2,1,3,2,3,0.54787378292721,0.7268105507778563,0.6373421668525332,0.17893676785064627,0.04787378292721001,0.22681055077785628,0.17893676785064627,-1,False,True,True,False,True,True,False,True,1.084600363483823,2.016099662369959,hydrophobic_moment,Mixed difficulty,0.5910638599393508,0.40893614006064916,0.05195908,0.94804092,0.1652365083518089,0.8347634916481911,0.2362555268885746,0.7637444731114253,0.33,0.6699999999999999,0.57,0.43000000000000005,0.7222045,0.2777955,0.23454319,0.76545681
16,37,FAKLLAKLAKAKL,Inactive,0,2,0,2,2,4,0.5762412651855442,0.7352621867412604,0.6557517259634023,0.15902092155571623,0.0762412651855442,0.23526218674126043,0.15902092155571623,-2,False,False,True,True,True,True,True,True,0.8345686506443312,1.2222903623569297,boman_index,Generally well classified,0.6716867350127756,0.32831326498722435,0.18252881,0.81747119,0.5713871709117144,0.4286128290882856,0.4270582117016248,0.5729417882983752,0.3133333333333333,0.6866666666666668,0.4233333333333333,0.5766666666666667,0.1386277,0.8613723,0.026030898,0.973969102
17,46,FAKLLAKLAKKVL,Active,1,0,1,1,4,3,0.8872629081412039,0.543821574703206,0.715542241422205,-0.3434413334379979,0.3872629081412039,0.04382157470320602,0.3434413334379979,1,True,True,True,True,True,True,True,False,1.0900764668221679,1.958456558685223,hydrophobic_moment,Generally well classified,0.8212455805907843,0.8212455805907843,0.7093795,0.7093795,0.7897793786406978,0.7897793786406978,0.7429864454794904,0.7429864454794904,0.9433333333333334,0.9433333333333334,0.6533333333333333,0.6533333333333333,0.99469334,0.99469334,0.06958702,0.06958702
18,103,GLFDVIKAVASVIGGL,Active,1,1,0,1,3,4,0.5658702278782279,0.9459836260177495,0.7559269269479887,0.3801133981395216,0.06587022787822794,0.44598362601774955,0.3801133981395216,-1,True,True,False,True,True,True,True,True,0.9246713688374207,2.1867921937092407,mean_eisenberg_hydrophobicity,Generally well classified,0.8097861845321099,0.8097861845321099,0.999946,0.999946,0.5188826269808017,0.5188826269808017,0.8611341707376647,0.8611341707376647,0.12,0.12,0.9233333333333332,0.9233333333333332,0.8148121,0.8148121,0.999521,0.999521
19,78,FLKLLKKLAAKFLPTIICKISYKC,Active,1,1,0,1,3,4,0.6665993452287553,0.8971068974237252,0.7818531213262403,0.23050755219496988,0.1665993452287553,0.3971068974237252,0.23050755219496988,-1,True,False,True,True,True,True,True,True,1.1488942618247553,1.7851853959492063,net_charge_pH7_4,Generally well classified,0.9708324330315576,0.9708324330315576,0.99678063,0.99678063,0.0449580256612416,0.0449580256612416,0.8443535596949011,0.8443535596949011,0.6522222222222221,0.6522222222222221,0.8,0.8,0.9983847,0.9983847,0.9472934,0.9472934
20,38,FAKLLAKLAKKAA,Inactive,0,1,0,1,3,4,0.664481487537379,0.9068032277842624,0.7856423576608207,0.24232174024688335,0.164481487537379,0.40680322778426237,0.24232174024688335,-1,False,True,True,True,True,True,True,True,0.9926414769703066,1.715433258615818,hydrophobic_moment,Generally well classified,0.6820144257644353,0.3179855742355647,0.012668522,0.987331478,0.4687516070860489,0.5312483929139511,0.1527444816962839,0.847255518303716,0.19,0.81,0.2066666666666666,0.7933333333333334,0.001308017,0.998691983,0.0007074185,0.9992925815
21,679,RLLGKWSAILKNVRFFFFWL,Inactive,0,1,0,1,3,4,0.7425398583075191,0.8571271277486152,0.799833493028067,0.1145872694410961,0.24253985830751912,0.3571271277486152,0.1145872694410961,-1,False,True,True,True,True,True,True,True,0.9087038225127885,1.6565385875063838,isoelectric_point,Generally well classified,0.8708564430153344,0.12914355698466562,0.4557121,0.5442879,0.0717284944212561,0.9282715055787439,0.0199503150055395,0.9800496849944605,0.0833333333333333,0.9166666666666667,0.09,0.91,0.003922296,0.996077704,0.005829074,0.994170926
22,12,FAKKLAKKLKKLAKKLAKKWKL,Active,1,0,1,1,4,3,0.880193722761111,0.7527965265565327,0.8164951246588219,-0.12739719620457823,0.38019372276111096,0.25279652655653273,0.12739719620457823,1,True,True,True,True,True,False,True,True,1.4869005902249077,3.6480937488506466,net_charge_pH7_4,Generally well classified,0.9837456922970708,0.9837456922970708,0.85414505,0.85414505,0.7318863320807067,0.7318863320807067,0.4938035628927978,0.4938035628927978,0.8566666666666667,0.8566666666666667,0.7333333333333333,0.7333333333333333,0.9484762,0.9484762,0.92990416,0.92990416
23,411,HGLVKAGHPLKRKLGH,Inactive,0,1,0,1,3,4,0.741337773696398,0.9092062746878241,0.825272024192111,0.16786850099142614,0.24133777369639797,0.4092062746878241,0.16786850099142614,-1,False,True,True,True,True,True,True,True,0.6033689647962902,1.3672709109915762,isoelectric_point,Generally well classified,0.834896712380231,0.165103287619769,0.08390746,0.91609254,0.0395280073675102,0.9604719926324898,0.065738154582037,0.934261845417963,0.1566666666666666,0.8433333333333334,0.1966666666666666,0.8033333333333335,0.0035575188,0.9964424812,0.01686262,0.98313738
24,366,GFFGWFNRMFEKSTHHYTDSVGGI,Inactive,0,0,1,1,4,3,0.8779440313665743,0.8176048641169291,0.8477744477417517,-0.060339167249645165,0.3779440313665743,0.3176048641169291,0.060339167249645165,1,True,True,True,True,False,True,True,True,0.6631924443549203,1.682939663505853,molecular_weight,Generally well classified,0.4199589623985076,0.5800410376014924,0.6545187,0.3454813,0.0228883694685287,0.9771116305314713,0.0203134848656164,0.9796865151343837,0.0266666666666666,0.9733333333333334,0.0466666666666666,0.9533333333333334,0.018709876,0.981290124,0.008081692,0.991918308
25,873,VLSFKTGIISL,Inactive,0,1,0,1,3,4,0.7560846883908752,0.9924561200375086,0.874270404214192,0.23637143164663343,0.25608468839087517,0.4924561200375086,0.23637143164663343,-1,False,True,True,True,True,True,True,True,1.027318646184776,1.9295125009080696,mean_eisenberg_hydrophobicity,Generally well classified,0.515988945994327,0.484011054005673,0.006920381,0.993079619,0.1324079537755054,0.8675920462244946,0.0064380350832991,0.9935619649167009,0.1966666666666666,0.8033333333333335,0.0166666666666666,0.9833333333333334,0.13059768,0.8694023200000001,0.0001504371,0.9998495629
26,216,DGGGFVISKHPVRLAKKLNR,Inactive,0,1,0,1,3,4,0.7916560108710408,0.9626533658794639,0.8771546883752523,0.17099735500842317,0.29165601087104076,0.46265336587946393,0.17099735500842317,-1,False,True,True,True,True,True,True,True,0.7813252738594383,1.3017505281005086,isoelectric_point,Generally well classified,0.6336857388903133,0.3663142611096867,0.13092203,0.86907797,0.0545635916921901,0.94543640830781,0.0078628644121445,0.9921371355878555,0.1433333333333333,0.8566666666666667,0.01,0.99,0.0017932926,0.9982067074,0.00060164207,0.99939835793
27,30,FAKLLAKALKKAL,Active,1,0,0,0,4,4,0.7288429115422134,0.7266827847283759,0.7277628481352947,-0.002160126813837482,0.22884291154221337,0.22668278472837589,0.002160126813837482,0,True,True,True,True,True,True,True,True,1.0401717872258325,1.8183013234238163,hydrophobic_moment,Generally well classified,0.7926142535917479,0.7926142535917479,0.52983123,0.52983123,0.706242795910439,0.706242795910439,0.73314287558017,0.73314287558017,0.5866666666666667,0.5866666666666667,0.7833333333333333,0.7833333333333333,0.82984793,0.82984793,0.8604237,0.8604237
28,80,FLKWLFKWAKK,Active,1,0,0,0,4,4,0.7223721504139946,0.9428590498940843,0.8326156001540395,0.2204868994800897,0.2223721504139946,0.4428590498940843,0.2204868994800897,0,True,True,True,True,True,True,True,True,1.0129090480662488,2.082494556423624,hydrophobic_moment,Generally well classified,0.8850885789028619,0.8850885789028619,0.96082735,0.96082735,0.6535822560864497,0.6535822560864497,0.8991260162430039,0.8991260162430039,0.6266666666666667,0.6266666666666667,0.9133333333333332,0.9133333333333332,0.7241511,0.7241511,0.9981495,0.9981495
29,147,VAKKLAKLAKKLAKLAL,Active,1,0,0,0,4,4,0.8193498850605934,0.895938297076037,0.8576440910683152,0.07658841201544364,0.31934988506059336,0.395938297076037,0.07658841201544364,0,True,True,True,True,True,True,True,True,0.8497955814922947,1.7915480227161944,net_charge_pH7_4,Generally well classified,0.8497896271854146,0.8497896271854146,0.8567063,0.8567063,0.733348335279181,0.733348335279181,0.8018214883041482,0.8018214883041482,0.7762777777777778,0.7762777777777778,0.93,0.93,0.9179838,0.9179838,0.9952254,0.9952254
30,114,KKVVFKVKFK,Inactive,0,0,0,0,4,4,0.8459934314752064,0.8974603364271581,0.8717268839511823,0.05146690495195161,0.34599343147520645,0.39746033642715806,0.05146690495195161,0,True,True,True,True,True,True,True,True,0.995242880898809,1.4354566033465588,net_charge_pH7_4,Generally well classified,0.4190544145650223,0.5809455854349777,0.057371516,0.942628484,0.0295408764674854,0.9704591235325146,0.0880638175913673,0.9119361824086327,0.1666666666666666,0.8333333333333334,0.26,0.74,0.0007643164,0.9992356836,0.0047233207,0.9952766793
31,50,FAKLWAKLAFGKGIGKVGKKLL,Active,1,0,0,0,4,4,0.9337613232945206,0.817282239501309,0.8755217813979148,-0.11647908379321159,0.43376132329452055,0.31728223950130896,0.11647908379321159,0,True,True,True,True,True,True,True,True,1.148761746348958,1.804229460930573,net_charge_pH7_4,Generally well classified,0.9864514667941772,0.9864514667941772,0.9988809,0.9988809,0.8730004597172382,0.8730004597172382,0.8079150546719025,0.8079150546719025,0.8766666666666667,0.8766666666666667,0.6633333333333333,0.6633333333333333,0.9989267,0.9989267,0.79899967,0.79899967
32,88,GIGKFLKKAKKFAKAFVKIINN,Active,1,0,0,0,4,4,0.8235681142428296,0.9549191986179417,0.8892436564303856,0.13135108437511211,0.3235681142428296,0.4549191986179417,0.13135108437511211,0,True,True,True,True,True,True,True,True,1.1215656803160676,2.1730023185145875,net_charge_pH7_4,Generally well classified,0.9650184256514384,0.9650184256514384,0.9932139,0.9932139,0.726658575764324,0.726658575764324,0.9074554278051002,0.9074554278051002,0.6355555555555557,0.6355555555555557,0.9266666666666666,0.9266666666666666,0.9670399,0.9670399,0.9923408,0.9923408
33,534,NFKDVIETAKKVMNF,Inactive,0,0,0,0,4,4,0.9853651609289826,0.8000949444892521,0.8927300527091173,-0.18527021643973052,0.48536516092898263,0.3000949444892521,0.18527021643973052,0,True,True,True,True,True,True,True,True,0.36783700932975555,1.1252657592677024,hydrophobic_moment,Generally well classified,0.0118367880032001,0.9881632119967999,0.01435639,0.98564361,0.0064071366608693,0.9935928633391307,0.233968172042992,0.766031827957008,0.04,0.96,0.43,0.5700000000000001,0.00029543162,0.99970456838,0.12129566,0.87870434
34,1,AIGKFLHSAKKFGKAFVGEIMNS,Active,1,0,0,0,4,4,0.904701541951357,0.895923807774502,0.9003126748629295,-0.008777734176855012,0.404701541951357,0.395923807774502,0.008777734176855012,0,True,True,True,True,True,True,True,True,0.8093308159406155,1.3245607110244264,length,Generally well classified,0.8870694667042022,0.8870694667042022,0.84230965,0.84230965,0.7550209177678925,0.7550209177678925,0.8148817477646745,0.8148817477646745,0.9833333333333332,0.9833333333333332,0.9333333333333332,0.9333333333333332,0.99338245,0.99338245,0.9931705,0.9931705
35,513,LVLPIAQALKVLG,Inactive,0,0,0,0,4,4,0.8210000281589549,0.9842666078756395,0.9026333180172972,0.16326657971668457,0.3210000281589549,0.48426660787563947,0.16326657971668457,0,True,True,True,True,True,True,True,True,0.9597903086522963,2.191902493712003,boman_index,Generally well classified,0.3857675513169205,0.6142324486830795,0.0102850385,0.9897149615,0.0574004890472598,0.9425995109527402,0.0055481655307754,0.9944518344692246,0.27,0.73,0.0466666666666666,0.9533333333333334,0.002831847,0.997168153,0.0004336978,0.9995663022
36,90,GLFAVIKKVAAVIKKL,Active,1,0,0,0,4,4,0.8762883787591298,0.949083293413761,0.9126858360864454,0.07279491465463117,0.3762883787591298,0.44908329341376096,0.07279491465463117,0,True,True,True,True,True,True,True,True,0.9311495004142366,1.6267881061793457,boman_index,Generally well classified,0.8783556308384108,0.8783556308384108,0.9686529,0.9686529,0.7921196875314415,0.7921196875314415,0.876230540321711,0.876230540321711,0.8391666666666666,0.8391666666666666,0.9533333333333334,0.9533333333333334,0.99551153,0.99551153,0.9981164,0.9981164
37,61,FALALKKALKALKKAL,Active,1,0,0,0,4,4,0.8803367278511687,0.9490047579529248,0.9146707429020468,0.06866803010175615,0.3803367278511687,0.4490047579529248,0.06866803010175615,0,True,True,True,True,True,True,True,True,0.8558066260397891,1.4354566033465588,net_charge_pH7_4,Generally well classified,0.8608903344493853,0.8608903344493853,0.95724076,0.95724076,0.7738161769552891,0.7738161769552891,0.8986942051450327,0.8986942051450327,0.94,0.94,0.9466666666666668,0.9466666666666668,0.9466404,0.9466404,0.9934174,0.9934174
38,21,FAKKLAKLAKKLAKLAL,Active,1,0,0,0,4,4,0.8960198545853931,0.9362560843011305,0.9161379694432619,0.04023622971573737,0.3960198545853931,0.4362560843011305,0.04023622971573737,0,True,True,True,True,True,True,True,True,0.8395327847034054,1.804229460930573,net_charge_pH7_4,Generally well classified,0.90675732147678,0.90675732147678,0.9583988,0.9583988,0.7679778513621469,0.7679778513621469,0.8520397205378551,0.8520397205378551,0.9105026455026458,0.9105026455026458,0.9466666666666668,0.9466666666666668,0.9988416,0.9988416,0.98791915,0.98791915
39,70,FLGALFHALSKLL,Active,1,0,0,0,4,4,0.8877341596984809,0.9509295924612755,0.9193318760798783,0.0631954327627946,0.3877341596984809,0.4509295924612755,0.0631954327627946,0,True,True,True,True,True,True,True,True,0.965296701646645,2.109255847933545,mean_eisenberg_hydrophobicity,Generally well classified,0.9048209678264562,0.9048209678264562,0.99981076,0.99981076,0.6947766309674673,0.6947766309674673,0.8685256431784358,0.8685256431784358,0.97,0.97,0.9366666666666666,0.9366666666666666,0.98133904,0.98133904,0.9987153,0.9987153
40,15,FAKKLAKKLKKLAKKLIGAVLKV,Active,1,0,0,0,4,4,0.9476011752548872,0.9001673098814373,0.9238842425681623,-0.047433865373449846,0.4476011752548872,0.40016730988143734,0.047433865373449846,0,True,True,True,True,True,True,True,True,1.313454405110421,2.910548033682616,net_charge_pH7_4,Generally well classified,0.987114596497958,0.987114596497958,0.98811215,0.98811215,0.9025328378549244,0.9025328378549244,0.8075661895257495,0.8075661895257495,0.9066666666666666,0.9066666666666666,0.84,0.84,0.9940906,0.9940906,0.9649909,0.9649909
41,663,RFLIRVYHPLLLKVL,Inactive,0,0,0,0,4,4,0.8687304306196088,0.9908189458642285,0.9297746882419187,0.12208851524461972,0.36873043061960875,0.4908189458642285,0.12208851524461972,0,True,True,True,True,True,True,True,True,0.6678059804072146,1.263720329059716,isoelectric_point,Generally well classified,0.2987277491781456,0.7012722508218544,0.00020419907,0.99979580093,0.0357752711134194,0.9642247288865806,0.0095547932064193,0.9904452067935807,0.19,0.81,0.0266666666666666,0.9733333333333334,0.00057525723,0.99942474277,0.0002985576,0.9997014424
42,139,KWKSFLKTFKSLKKTVLHTALKAISS,Active,1,0,0,0,4,4,0.9259078133514946,0.9356856268070588,0.9307967200792767,0.009777813455564166,0.42590781335149464,0.4356856268070588,0.009777813455564166,0,True,True,True,True,True,True,True,True,1.132888909207447,2.1865430835317476,net_charge_pH7_4,Generally well classified,0.9279693572659634,0.9279693572659634,0.98840255,0.98840255,0.7758917961400148,0.7758917961400148,0.8316730638949023,0.8316730638949023,1.0,1.0,0.9233333333333332,0.9233333333333332,0.9997701,0.9997701,0.99933356,0.99933356
43,72,FLGALFKALSKLL,Active,1,0,0,0,4,4,0.9218825751817257,0.9677941831097242,0.9448383791457249,0.04591160792799853,0.42188257518172567,0.4677941831097242,0.04591160792799853,0,True,True,True,True,True,True,True,True,1.0997547494889255,1.9012816218207536,boman_index,Generally well classified,0.9446056480983056,0.9446056480983056,0.9999801,0.9999801,0.8464337859619306,0.8464337859619306,0.9316576324388968,0.9316576324388968,0.8966666666666666,0.8966666666666666,0.94,0.94,0.9998242,0.9998242,0.999539,0.999539
44,459,KLDSRFDNNLGKFRFVLLLFV,Inactive,0,0,0,0,4,4,0.895307509737889,0.9954247861529091,0.9453661479453991,0.1001172764150201,0.395307509737889,0.4954247861529091,0.1001172764150201,0,True,True,True,True,True,True,True,True,0.5808723521720144,1.1739388977861993,molecular_weight,Generally well classified,0.381785559765773,0.618214440234227,0.0007850972,0.9992149028,0.0167633405326711,0.9832366594673289,0.0069406009883634,0.9930593990116366,0.02,0.98,0.01,0.99,0.00022106075,0.99977893925,0.0005751572,0.9994248428
45,608,PIKFIRKA,Inactive,0,0,0,0,4,4,0.9109484513852006,0.9839420129318649,0.9474452321585327,0.07299356154666425,0.41094845138520064,0.4839420129318649,0.07299356154666425,0,True,True,True,True,True,True,True,True,1.2651105855701001,2.556710835661472,hydrophobic_moment,Generally well classified,0.2401574891818985,0.7598425108181015,0.00010786858,0.99989213142,0.0125370375639655,0.9874629624360345,0.0173641660458738,0.9826358339541262,0.1033333333333333,0.8966666666666667,0.0466666666666666,0.9533333333333334,0.00017833438,0.99982166562,9.324698e-05,0.99990675302
46,235,DLRELIARVRALIRRKS,Inactive,0,0,0,0,4,4,0.9700635360371543,0.9293855478544721,0.9497245419458131,-0.0406779881826822,0.47006353603715434,0.42938554785447214,0.0406779881826822,0,True,True,True,True,True,True,True,True,1.0715609959917296,1.8677319619449273,boman_index,Generally well classified,0.0166797332834007,0.9833202667165993,0.004284246,0.995715754,0.0157475241013156,0.9842524758986844,0.0514372319154451,0.9485627680845549,0.0866666666666666,0.9133333333333334,0.2066666666666666,0.7933333333333334,0.0006519318,0.9993480682,0.020069664,0.979930336
47,641,QGLAEKIFWSLK,Inactive,0,0,0,0,4,4,0.9080009542618006,0.9932592518408268,0.9506301030513137,0.08525829757902614,0.4080009542618006,0.49325925184082675,0.08525829757902614,0,True,True,True,True,True,True,True,True,0.47635400922099586,0.9607082453444061,length,Generally well classified,0.1806830243661718,0.8193169756338282,0.000406989,0.999593011,0.0196282966199591,0.9803717033800409,0.0095743066900264,0.9904256933099737,0.1666666666666666,0.8333333333333334,0.0166666666666666,0.9833333333333334,0.0010181953,0.9989818047,0.00031503028,0.99968496972
48,461,KLKELALIFISNLVAN,Inactive,0,0,0,0,4,4,0.9371683086698162,0.9798595647654615,0.9585139367176388,0.04269125609564539,0.43716830866981615,0.47985956476546154,0.04269125609564539,0,True,True,True,True,True,True,True,True,0.5408052864745833,1.135205504126373,mean_eisenberg_hydrophobicity,Generally well classified,0.0712853991438709,0.9287146008561291,2.225864e-05,0.99997774136,0.0226695418435314,0.9773304581564686,0.0101211001981538,0.9898788998018462,0.1433333333333333,0.8566666666666667,0.07,0.9299999999999999,0.014038491,0.985961509,0.0004183821,0.9995816179
49,394,GNFADLLAHSDGLIKNISDDLRALDKLI,Inactive,0,0,0,0,4,4,0.9229416742863195,0.9968762947684088,0.9599089845273641,0.07393462048208932,0.42294167428631946,0.4968762947684088,0.07393462048208932,0,True,True,True,True,True,True,True,True,1.0675285016170284,2.363319327555714,length,Generally well classified,0.2728737440312015,0.7271262559687985,0.0049504917,0.9950495083,0.0169166824568539,0.9830833175431462,0.0037215285430316,0.9962784714569684,0.0166666666666666,0.9833333333333334,0.0033333333333333,0.9966666666666667,0.0017762097,0.9982237903,0.00048946735,0.99951053265
50,397,GPKDAVVKVFNQWG,Inactive,0,0,0,0,4,4,0.9343415618266699,0.9978465325893217,0.9660940472079957,0.06350497076265171,0.43434156182666994,0.49784653258932166,0.06350497076265171,0,True,True,True,True,True,True,True,True,0.3158043219169831,0.6447293276981179,molecular_weight,Generally well classified,0.0841676297049286,0.9158323702950714,0.00032667082,0.99967332918,0.0050829496550584,0.9949170503449416,0.0048652313593801,0.9951347686406199,0.1533333333333333,0.8466666666666667,0.0033333333333333,0.9966666666666667,0.02004984,0.97995016,8.863413e-05,0.99991136587
51,861,TVLAALFLAGS,Inactive,0,0,0,0,4,4,0.9377908359867675,0.9948045518365289,0.9662976939116482,0.05701371584976145,0.4377908359867675,0.49480455183652894,0.05701371584976145,0,True,True,True,True,True,True,True,True,1.4951675307143086,2.577998301941158,mean_eisenberg_hydrophobicity,Generally well classified,0.1590823443856063,0.8409176556143937,0.0019612825,0.9980387175,0.0247291051339905,0.9752708948660095,0.0073043008538844,0.9926956991461156,0.0633333333333333,0.9366666666666668,0.01,0.99,0.0016918732,0.9983081268,0.0015162093,0.9984837907
52,647,QLLRGVGAAATAVTQALNELLQHVKA,Inactive,0,0,0,0,4,4,0.950434765159268,0.9853162673019222,0.9678755162305951,0.034881502142654286,0.45043476515926795,0.48531626730192223,0.034881502142654286,0,True,True,True,True,True,True,True,True,0.8010691785461077,1.947815880943199,length,Generally well classified,0.1190839006297627,0.8809160993702373,0.021837987,0.978162013,0.0411138458998323,0.9588861541001676,0.0085748282256441,0.9914251717743559,0.0333333333333333,0.9666666666666667,0.0266666666666666,0.9733333333333334,0.0047298595,0.9952701405,0.0016554489,0.9983445511
53,800,TDQQKVSEIFQSSKEKLQGDAKVVSDAFK,Inactive,0,0,0,0,4,4,0.9776035448840478,0.9582104427215451,0.9679069938027964,-0.019393102162502673,0.47760354488404777,0.4582104427215451,0.019393102162502673,0,True,True,True,True,True,True,True,True,1.1665215733251404,2.5710710508619714,length,Generally well classified,0.0760349956054668,0.9239650043945332,0.012743071,0.987256929,0.0129175533883422,0.9870824466116578,0.0371061528471527,0.9628938471528473,0.0,1.0,0.1166666666666666,0.8833333333333334,0.00063327147,0.99936672853,0.0006423386,0.9993576614
54,416,HPAFIAHADRVLGGLDIAIST,Inactive,0,0,0,0,4,4,0.9402713062300956,0.9963750414257905,0.968323173827943,0.05610373519569489,0.4402713062300956,0.4963750414257905,0.05610373519569489,0,True,True,True,True,True,True,True,True,0.7599872899251879,1.1400515257373542,mean_eisenberg_hydrophobicity,Generally well classified,0.2056900535988769,0.7943099464011231,0.0010322635,0.9989677365,0.0198055665834075,0.9801944334165925,0.0065594778301717,0.9934405221698283,0.0133333333333333,0.9866666666666667,0.0066666666666666,0.9933333333333334,8.5821564e-05,0.999914178436,0.0002414263,0.9997585737
55,880,VPMQRVLKYHLLLQELVK,Inactive,0,0,0,0,4,4,0.9841022239538209,0.9586237237372202,0.9713629738455205,-0.025478500216600697,0.48410222395382085,0.45862372373722016,0.025478500216600697,0,True,True,True,True,True,True,True,True,0.4376938056739208,0.7524029094446364,isoelectric_point,Generally well classified,0.0270726650623371,0.9729273349376629,6.775935e-07,0.9999993224065,0.0064665888153792,0.9935334111846208,0.0581277741242863,0.9418722258757137,0.03,0.97,0.1033333333333333,0.8966666666666667,5.1850307e-05,0.999948149693,0.00404332,0.99595668
56,600,PEKEAVTLGIKALKSSL,Inactive,0,0,0,0,4,4,0.9439440519064216,0.9991492192072582,0.9715466355568398,0.05520516730083658,0.4439440519064216,0.4991492192072582,0.05520516730083658,0,True,True,True,True,True,True,True,True,0.22222687264553811,0.43964822792595376,isoelectric_point,Generally well classified,0.1304569192446881,0.869543080755312,5.1090166e-05,0.999948909834,0.0103616192662923,0.9896383807337077,0.003314037808967,0.996685962191033,0.0833333333333333,0.9166666666666667,0.0,1.0,7.192053e-05,0.99992807947,3.7995196e-05,0.999962004804
57,128,KWKLFKKIGIGKFLHLAKKF,Active,1,0,0,0,4,4,0.9732902120246052,0.970734140210363,0.972012176117484,-0.0025560718142422223,0.4732902120246052,0.470734140210363,0.0025560718142422223,0,True,True,True,True,True,True,True,True,0.9299304992046225,2.1865430835317476,net_charge_pH7_4,Generally well classified,0.9852097142650492,0.9852097142650492,0.9999764,0.9999764,0.9092065338333716,0.9092065338333716,0.938158764174785,0.938158764174785,1.0,1.0,0.9466666666666668,0.9466666666666668,0.9987446,0.9987446,0.99813473,0.99813473
58,776,SVADHSYRVAFITLLLAEELKKK,Inactive,0,0,0,0,4,4,0.9716859291904014,0.977858857293216,0.9747723932418088,0.006172928102814557,0.4716859291904014,0.477858857293216,0.006172928102814557,0,True,True,True,True,True,True,True,True,0.5149554094158311,1.3382129777474885,molecular_weight,Generally well classified,0.0835099730682481,0.9164900269317519,5.7741663e-06,0.9999942258337,0.0094968458401463,0.9905031541598537,0.0124038306608358,0.9875961693391642,0.02,0.98,0.07,0.9299999999999999,0.00024946433,0.99975053567,0.006154966,0.993845034
59,894,YKEPLKAVVKKLLEKE,Inactive,0,0,0,0,4,4,0.973531095581985,0.9796677264479318,0.9765994110149584,0.006136630865946735,0.47353109558198503,0.47966772644793176,0.006136630865946735,0,True,True,True,True,True,True,True,True,0.3412648331645841,0.9195076589295517,mean_eisenberg_hydrophobicity,Generally well classified,0.0222378004730842,0.9777621995269158,0.00015337582,0.99984662418,0.0067318262823091,0.9932681737176909,0.0140831594216063,0.9859168405783937,0.0766666666666666,0.9233333333333333,0.0666666666666666,0.9333333333333333,0.00023932425,0.99976067575,0.0004258923,0.9995741077
60,288,EDKEAVFDVVDTLTAVLQVATGVISTL,Inactive,0,0,0,0,4,4,0.991434914133181,0.9622778695824432,0.9768563918578121,-0.029157044550737754,0.49143491413318097,0.4622778695824432,0.029157044550737754,0,True,True,True,True,True,True,True,True,1.2895004445248819,2.1555676042494563,length,Generally well classified,0.0225919778481374,0.9774080221518626,7.919927e-05,0.99992080073,0.0077507157858055,0.9922492842141944,0.0275927537335602,0.9724072462664398,0.0033333333333333,0.9966666666666667,0.1166666666666666,0.8833333333333334,0.0005843165,0.9994156835,0.006549902,0.993450098
61,453,KKAEAVATVVAAVDQARVR,Inactive,0,0,0,0,4,4,0.991514093493095,0.9628352139991012,0.9771746537460981,-0.028678879493993836,0.49151409349309505,0.4628352139991012,0.028678879493993836,0,True,True,True,True,True,True,True,True,0.5244910250135794,1.0335649699563474,hydrophobic_moment,Generally well classified,0.0043356453815785,0.9956643546184215,1.00464385e-11,0.9999999999899536,0.0062676235552079,0.9937323764447921,0.0307970893268825,0.9692029106731175,0.0233333333333333,0.9766666666666667,0.1166666666666666,0.8833333333333334,7.0237575e-06,0.9999929762425,0.001195388,0.998804612
62,359,GAQYIQAAGVALGLKMR,Inactive,0,0,0,0,4,4,0.964015133515488,0.9915977493727987,0.9778064414441434,0.0275826158573107,0.46401513351548795,0.49159774937279865,0.0275826158573107,0,True,True,True,True,True,True,True,True,0.5586573369279375,0.8682924033903969,isoelectric_point,Generally well classified,0.0898070183935871,0.9101929816064129,0.01331103,0.98668897,0.014121216710461,0.985878783289539,0.0065766766154719,0.9934233233845281,0.04,0.96,0.0133333333333333,0.9866666666666667,1.1230834e-05,0.999988769166,0.00038796256,0.99961203744
63,507,LQWYVSEQHEEEALFRGIVDKIKLIG,Inactive,0,0,0,0,4,4,0.9872146363051126,0.9685456853535221,0.9778801608293174,-0.01866895095159049,0.48721463630511264,0.46854568535352215,0.01866895095159049,0,True,True,True,True,True,True,True,True,1.024442949509153,2.194350101669689,molecular_weight,Generally well classified,0.0471503755872253,0.9528496244127747,5.5425985e-06,0.9999944574015,0.0035278717323238,0.9964721282676762,0.0210496946540781,0.9789503053459219,0.0,1.0,0.1033333333333333,0.8966666666666667,0.00046320746,0.99953679254,0.001428688,0.998571312
64,212,DFPALIKQASLDALFK,Inactive,0,0,0,0,4,4,0.9568316100988375,0.9994988293747002,0.978165219736769,0.0426672192758627,0.45683161009883755,0.49949882937470025,0.0426672192758627,0,True,True,True,True,True,True,True,True,0.5579223140569349,1.2353614204422543,hydrophobic_moment,Generally well classified,0.0864857898091184,0.9135142101908816,3.3258377e-05,0.999966741623,0.0053449098955312,0.9946550901044688,0.001869709264199,0.998130290735801,0.08,0.92,0.0,1.0,0.0008428599,0.9991571401,0.00010171486,0.99989828514
65,538,NIDSYLNAVNIINIFKIIG,Inactive,0,0,0,0,4,4,0.9769018450624916,0.980254317558998,0.9785780813107448,0.003352472496506387,0.47690184506249156,0.48025431755899795,0.003352472496506387,0,True,True,True,True,True,True,True,True,0.8634479525580634,1.7486310018450404,hydrophobic_moment,Generally well classified,0.0210934543439731,0.9789065456560269,5.5740304e-07,0.99999944259696,0.0111885005360601,0.9888114994639399,0.0112530540943018,0.9887469459056982,0.06,0.94,0.0666666666666666,0.9333333333333333,0.00011066487,0.99988933513,0.0010624516,0.9989375484
66,807,TESMKTVRIREKIKKFL,Inactive,0,0,0,0,4,4,0.9833890406287153,0.9746782654439694,0.9790336530363424,-0.008710775184745945,0.48338904062871535,0.4746782654439694,0.008710775184745945,0,True,True,True,True,True,True,True,True,0.7926369324087243,1.489342788361959,mean_eisenberg_hydrophobicity,Generally well classified,0.0179586682772894,0.9820413317227106,6.190735e-05,0.99993809265,0.0051302166545158,0.9948697833454841,0.0186937112741221,0.9813062887258779,0.0433333333333333,0.9566666666666667,0.08,0.92,2.161922e-05,0.99997838078,0.0025313196,0.9974686804
67,434,IMELLGTVIQHEGIHQGQYYVALKQSG,Inactive,0,0,0,0,4,4,0.977359086390621,0.9842225174936436,0.9807908019421323,0.006863431103022677,0.47735908639062097,0.48422251749364364,0.006863431103022677,0,True,True,True,True,True,True,True,True,1.1567191534931405,2.1555676042494563,length,Generally well classified,0.0720020420280263,0.9279979579719737,1.9272291e-05,0.999980727709,0.0116490941028235,0.9883509058971764,0.0118590325344254,0.9881409674655746,0.0066666666666666,0.9933333333333334,0.05,0.95,0.00024585164,0.99975414836,0.0012316252,0.9987683748
68,626,PSVVANTVKGG,Inactive,0,0,0,0,4,4,0.9698760351303343,0.9929658215531127,0.9814209283417235,0.02308978642277848,0.46987603513033427,0.49296582155311275,0.02308978642277848,0,True,True,True,True,True,True,True,True,0.6866713169255909,1.5868439583508152,molecular_weight,Generally well classified,0.0599927519580136,0.9400072480419864,2.49584e-06,0.99999750416,0.0069712671573161,0.9930287328426839,0.0079005994775486,0.9920994005224514,0.0533333333333333,0.9466666666666667,0.02,0.98,0.00019850703,0.99980149297,0.00023361847,0.99976638153
69,872,VKYAVFEAALTKAITAMSEVQKVSQ,Inactive,0,0,0,0,4,4,0.9834305340286654,0.9802326590445218,0.9818315965365936,-0.0031978749841435894,0.4834305340286654,0.48023265904452184,0.0031978749841435894,0,True,True,True,True,True,True,True,True,0.7935339369853135,1.7400641576369413,length,Generally well classified,0.029460481506143,0.970539518493857,6.8450674e-05,0.999931549326,0.010074388072529,0.989925611927471,0.0183295134479127,0.9816704865520873,0.0266666666666666,0.9733333333333334,0.06,0.94,7.632764e-05,0.99992367236,0.0006713997,0.9993286003
70,451,KHHAAYVNNLNNALKK,Inactive,0,0,0,0,4,4,0.9675173000955564,0.9970821741186194,0.982299737107088,0.02956487402306307,0.46751730009555637,0.49708217411861944,0.02956487402306307,0,True,True,True,True,True,True,True,True,0.538103843070035,0.8711047632128663,isoelectric_point,Generally well classified,0.0044815270236678,0.9955184729763322,2.3902394e-06,0.9999976097606,0.0122123607974399,0.9877876392025601,0.0047077497594553,0.9952922502405447,0.1129166666666666,0.8870833333333334,0.0066666666666666,0.9933333333333334,0.00032024513,0.99967975487,0.00029449686,0.99970550314
71,364,GEGWAKSILFN,Inactive,0,0,0,0,4,4,0.9703925640501381,0.9959142285971107,0.9831533963236245,0.025521664546972578,0.4703925640501381,0.49591422859711065,0.025521664546972578,0,True,True,True,True,True,True,True,True,0.8338869199202074,1.2345010809165304,molecular_weight,Generally well classified,0.104468472262318,0.895531527737682,0.00024204075,0.99975795925,0.010186902683796,0.989813097316204,0.0091424414248907,0.9908575585751093,0.0033333333333333,0.9966666666666667,0.0066666666666666,0.9933333333333334,0.00044103552,0.99955896448,0.00029193677,0.99970806323
72,615,PNGPTHAPWLLAHKIQ,Inactive,0,0,0,0,4,4,0.9723976896143567,0.9940643363949415,0.9832310130046491,0.02166664678058483,0.4723976896143567,0.4940643363949415,0.02166664678058483,0,True,True,True,True,True,True,True,True,0.4119233136642148,0.9281565696459424,hydrophobic_moment,Generally well classified,0.0485962935563494,0.9514037064436506,0.003484212,0.996515788,0.0114954177162237,0.9885045822837764,0.0064656048069005,0.9935343951930995,0.05,0.95,0.0133333333333333,0.9866666666666667,0.00031753027,0.99968246973,0.00045950428,0.99954049572
73,735,SKYRLTVVVAKRAQQLLRH,Inactive,0,0,0,0,4,4,0.9683371641092167,0.9986729536682464,0.9835050588887315,0.030335789559029713,0.46833716410921666,0.4986729536682464,0.030335789559029713,0,True,True,True,True,True,True,True,True,0.9097179879171406,1.5519745425754374,isoelectric_point,Generally well classified,0.0227260820535017,0.9772739179464983,1.6654089e-05,0.999983345911,0.009655552976298,0.990344447023702,0.001819849134681,0.998180150865319,0.0933333333333333,0.9066666666666667,0.0033333333333333,0.9966666666666667,0.0009363752,0.9990636248,0.00013834877,0.99986165123
74,736,SLAEALGWLFVSEGS,Inactive,0,0,0,0,4,4,0.9702922679965236,0.997357369560414,0.9838248187784688,0.027065101563890415,0.47029226799652357,0.497357369560414,0.027065101563890415,0,True,True,True,True,True,True,True,True,1.0775363574393715,1.5639168826444887,mean_eisenberg_hydrophobicity,Generally well classified,0.1082266429555046,0.8917733570444955,0.00025847866,0.99974152134,0.0036398195317346,0.9963601804682654,0.0032734430316775,0.9967265569683225,0.0066666666666666,0.9933333333333334,0.0066666666666666,0.9933333333333334,0.00029779886,0.99970220114,0.0003719334,0.9996280666
75,546,NKQADSIKQMEERNKKRVENFKKTG,Inactive,0,0,0,0,4,4,0.987739815559209,0.9818361233523888,0.9847879694557988,-0.005903692206820188,0.487739815559209,0.4818361233523888,0.005903692206820188,0,True,True,True,True,True,True,True,True,1.5434975109053468,2.6127076098062973,mean_eisenberg_hydrophobicity,Generally well classified,0.0093801364467483,0.9906198635532517,0.00025020583,0.99974979417,0.009244733856416,0.990755266143584,0.0151729018437781,0.9848270981562219,0.03,0.97,0.0566666666666666,0.9433333333333334,0.00041586746,0.99958413254,0.00056573225,0.99943426775
76,369,GFSVQRRLWLAS,Inactive,0,0,0,0,4,4,0.9764333073077436,0.9940648980412223,0.9852491026744831,0.017631590733478752,0.4764333073077436,0.49406489804122233,0.017631590733478752,0,True,True,True,True,True,True,True,True,0.6706602044468444,1.6565385875063838,isoelectric_point,Generally well classified,0.075241117046988,0.924758882953012,0.008015633,0.991984367,0.0022446294853706,0.9977553705146294,0.0055474158751101,0.9944525841248899,0.0166666666666666,0.9833333333333334,0.01,0.99,0.00011435757,0.99988564243,0.00017735896,0.99982264104
77,352,FTELQRDFLRN,Inactive,0,0,0,0,4,4,0.9717745641316361,0.9996294758889448,0.9857020200102904,0.027854911757308698,0.4717745641316361,0.4996294758889448,0.027854911757308698,0,True,True,True,True,True,True,True,True,1.2254632463669903,2.1043795037800637,hydrophobic_moment,Generally well classified,0.0006142874702481,0.999385712529752,8.6366036e-08,0.999999913633964,0.0034169369365411,0.9965830630634589,0.0014553285231846,0.9985446714768154,0.1066666666666666,0.8933333333333334,0.0,1.0,0.0022038524,0.9977961476,2.6681555e-05,0.999973318445
78,478,KVRGLIEIISN,Inactive,0,0,0,0,4,4,0.9760591158292018,0.995659244456657,0.9858591801429294,0.019600128627455193,0.4760591158292018,0.495659244456657,0.019600128627455193,0,True,True,True,True,True,True,True,True,0.5977353570822085,1.1978097921066475,molecular_weight,Generally well classified,0.0437384748837267,0.9562615251162733,1.2551134e-08,0.999999987448866,0.0119379523494662,0.9880620476505338,0.0039942066319047,0.9960057933680952,0.04,0.96,0.0133333333333333,0.9866666666666667,8.710945e-05,0.99991289055,3.5469657e-05,0.999964530343
79,170,AKVVRTALEDAASVAGLLIT,Inactive,0,0,0,0,4,4,0.9785814489446021,0.9934137463335366,0.9859975976390694,0.014832297388934546,0.4785814489446021,0.49341374633353663,0.014832297388934546,0,True,True,True,True,True,True,True,True,0.5480630889490966,0.9578411131644702,mean_eisenberg_hydrophobicity,Generally well classified,0.0591804626889886,0.9408195373110114,6.2626714e-05,0.999937373286,0.0130584002852703,0.9869415997147297,0.0052905632518531,0.9947094367481469,0.0133333333333333,0.9866666666666667,0.02,0.98,0.000102007914,0.999897992086,0.0009918247,0.9990081753
80,512,LVGALMHVMQKRSR,Inactive,0,0,0,0,4,4,0.9764323421629096,0.9958927258120986,0.9861625339875042,0.019460383649189006,0.47643234216290964,0.49589272581209864,0.019460383649189006,0,True,True,True,True,True,True,True,True,0.6128738057832593,1.6565385875063838,isoelectric_point,Generally well classified,0.037342940267296,0.962657059732704,0.0035056698,0.9964943302,0.0067172256410654,0.9932827743589346,0.0026509846816051,0.9973490153183949,0.05,0.95,0.01,0.99,0.00021046544,0.99978953456,0.00027244227,0.99972755773
81,391,GLTSLMAIDKL,Inactive,0,0,0,0,4,4,0.9741026411397024,0.9985238523932108,0.9863132467664567,0.02442121125350849,0.47410264113970235,0.49852385239321084,0.02442121125350849,0,True,True,True,True,True,True,True,True,0.9242552329404236,1.34383105467231,molecular_weight,Generally well classified,0.0787763396568464,0.9212236603431536,0.00021409708,0.99978590292,0.0104877728510107,0.9895122271489893,0.0022320740638231,0.9977679259361769,0.0133333333333333,0.9866666666666667,0.0033333333333333,0.9966666666666667,0.0009919896,0.9990080104,0.00012508595,0.99987491405
82,518,MPGTATHTVKMFS,Inactive,0,0,0,0,4,4,0.9838104947001292,0.988954441804667,0.9863824682523981,0.005143947104537805,0.48381049470012916,0.48895444180466696,0.005143947104537805,0,True,True,True,True,True,True,True,True,0.49756595152910027,0.8947502146516236,molecular_weight,Generally well classified,0.0216335800276645,0.9783664199723355,0.00060153945,0.99939846055,0.0093802661384856,0.9906197338615144,0.0159985851646651,0.9840014148353349,0.0333333333333333,0.9666666666666667,0.0266666666666666,0.9733333333333334,0.0004108417,0.9995891583,0.0009154415,0.9990845585
83,189,DAMLRTSMVATQLVGLAMMRYV,Inactive,0,0,0,0,4,4,0.9903134271767253,0.9827400953544322,0.9865267612655788,-0.007573331822293139,0.4903134271767253,0.4827400953544322,0.007573331822293139,0,True,True,True,True,True,True,True,True,0.6387069338399858,1.1168089877181688,length,Generally well classified,0.012450021222979,0.987549978777021,0.021649463,0.978350537,0.0059694313201197,0.9940305686798803,0.0114258542489378,0.9885741457510622,0.02,0.98,0.0333333333333333,0.9666666666666667,0.00032683875,0.99967316125,0.002630968,0.997369032
84,760,SPVVIKKRIEGLIER,Inactive,0,0,0,0,4,4,0.9753347564405213,0.9995413145428063,0.9874380354916638,0.024206558102285003,0.47533475644052126,0.49954131454280626,0.024206558102285003,0,True,True,True,True,True,True,True,True,0.40091790158563834,0.8643145611189744,isoelectric_point,Generally well classified,0.0548946497241738,0.9451053502758262,1.496578e-07,0.9999998503422,0.0101833636404079,0.989816636359592,0.0018165137849746,0.9981834862150254,0.0333333333333333,0.9666666666666667,0.0,1.0,0.00024962754,0.99975037246,1.8078386e-05,0.999981921614
85,771,SSREWFSTLYRLFIG,Inactive,0,0,0,0,4,4,0.9830172753601678,0.9924842908059711,0.9877507830830694,0.009467015445803306,0.4830172753601678,0.4924842908059711,0.009467015445803306,0,True,True,True,True,True,True,True,True,0.2521081298290878,0.4207781579241343,hydrophobic_moment,Generally well classified,0.0653369820312408,0.9346630179687592,0.004811581,0.995188419,0.0023303135280879,0.9976696864719121,0.0075798579094488,0.9924201420905512,0.0,1.0,0.0166666666666666,0.9833333333333334,0.000263603,0.999736397,0.0010047312,0.9989952688
86,167,AHAIGVLLDNL,Inactive,0,0,0,0,4,4,0.976786566915556,0.9995603906340658,0.9881734787748109,0.022773823718509778,0.476786566915556,0.49956039063406577,0.022773823718509778,0,True,True,True,True,True,True,True,True,1.0956663264017992,1.7779641887101199,mean_eisenberg_hydrophobicity,Generally well classified,0.055271794569022,0.944728205430978,1.1619436e-05,0.999988380564,0.0208432332060874,0.9791567667939126,0.0015317115777369,0.9984682884222631,0.0166666666666666,0.9833333333333334,0.0,1.0,7.2037896e-05,0.999927962104,0.00021510645,0.99978489355
87,464,KPEQYNIVGEHLLATLDEMFS,Inactive,0,0,0,0,4,4,0.998905417927799,0.978302196103774,0.9886038070157865,-0.020603221824024964,0.49890541792779897,0.478302196103774,0.020603221824024964,0,True,True,True,True,True,True,True,True,0.8502149263381352,1.5044089719936709,net_charge_pH7_4,Generally well classified,0.0037522876069916,0.9962477123930084,2.0723259e-05,0.999979276741,0.0006017269978127,0.9993982730021873,0.019063773759237,0.980936226240763,0.0,1.0,0.0666666666666666,0.9333333333333333,2.4313684e-05,0.999975686316,0.0010400519,0.9989599481
88,185,DAAGLASRHKG,Inactive,0,0,0,0,4,4,0.9802626960378168,0.9971048009616079,0.9886837484997123,0.016842104923791124,0.4802626960378168,0.4971048009616079,0.016842104923791124,0,True,True,True,True,True,True,True,True,0.7945032765948902,1.4883431944440872,molecular_weight,Generally well classified,0.0608735442861567,0.9391264557138433,4.4552685e-06,0.9999955447315,0.0047310933012432,0.9952689066987568,0.0048377386734015,0.9951622613265985,0.0133333333333333,0.9866666666666667,0.0066666666666666,0.9933333333333334,1.1244928e-05,0.999988755072,7.1935545e-05,0.999928064455
89,341,FKSVQNSLQRILYLWAIRH,Inactive,0,0,0,0,4,4,0.9817933039478636,0.9959066877391812,0.9888499958435224,0.014113383791317657,0.48179330394786357,0.49590668773918123,0.014113383791317657,0,True,True,True,True,True,True,True,True,0.5503945045393308,1.263720329059716,isoelectric_point,Generally well classified,0.0532066347572272,0.9467933652427728,0.00043442895,0.99956557105,0.0027284821646521,0.997271517835348,0.0056021060632751,0.994397893936725,0.0166666666666666,0.9833333333333334,0.01,0.99,0.00022500062,0.99977499938,0.00033671403,0.99966328597
90,562,NPARALYQTVRELIENSLDA,Inactive,0,0,0,0,4,4,0.9996506953550821,0.9783707184987414,0.9890107069269117,-0.021279976856340754,0.4996506953550821,0.47837071849874135,0.021279976856340754,0,True,True,True,True,True,True,True,True,0.8255816443448449,1.2206104552741672,isoelectric_point,Generally well classified,0.0008276318886148,0.9991723681113852,1.9451765e-05,0.999980548235,0.0005600655010569,0.9994399344989431,0.0225304451067015,0.9774695548932985,0.0,1.0,0.0633333333333333,0.9366666666666668,9.52119e-06,0.99999047881,0.0006338958,0.9993661042
91,862,TYYAKDIAFQFWKM,Inactive,0,0,0,0,4,4,0.9817466390298016,0.9967515414469497,0.9892490902383757,0.015004902417148025,0.48174663902980164,0.49675154144694966,0.015004902417148025,0,True,True,True,True,True,True,True,True,0.271190951043288,0.5452047987318911,length,Generally well classified,0.009992908363735,0.990007091636265,2.1255535e-05,0.999978744465,0.009007197350392,0.990992802649608,0.0060751902305348,0.9939248097694652,0.0466666666666666,0.9533333333333334,0.0066666666666666,0.9933333333333334,0.0073466715,0.9926533285,0.00023072178,0.99976927822
92,173,ALYGLLKEEMGEILAK,Inactive,0,0,0,0,4,4,0.9819549651929425,0.9993205008661191,0.9906377330295308,0.01736553567317667,0.48195496519294245,0.4993205008661191,0.01736553567317667,0,True,True,True,True,True,True,True,True,0.7212540532611599,1.178525354793087,isoelectric_point,Generally well classified,0.0266654073437805,0.9733345926562195,1.474876e-06,0.999998525124,0.0049235796544499,0.9950764203455501,0.0025488850595235,0.9974511149404764,0.04,0.96,0.0,1.0,0.00059115223,0.99940884777,0.0001676366,0.9998323634
93,708,SEERIRSGVKRLSKSRQ,Inactive,0,0,0,0,4,4,0.9847907275470218,0.9966707938627661,0.990730760704894,0.011880066315744342,0.4847907275470218,0.49667079386276614,0.011880066315744342,0,True,True,True,True,True,True,True,True,1.2168411157535377,2.8690336470177136,mean_eisenberg_hydrophobicity,Generally well classified,0.0090721095356399,0.9909278904643601,3.9266965e-06,0.9999960733035,0.0117430872092731,0.9882569127907269,0.0031896873924359,0.9968103126075641,0.04,0.96,0.01,0.99,2.1893067e-05,0.999978106933,0.00012321046,0.99987678954
94,881,VQEVNRFIKAFEEMKALMKSL,Inactive,0,0,0,0,4,4,0.9880001621656871,0.99454019692583,0.9912701795457586,0.0065400347601428654,0.4880001621656871,0.49454019692582996,0.0065400347601428654,0,True,True,True,True,True,True,True,True,0.4213269753668148,1.119253211761832,molecular_weight,Generally well classified,0.0264041839438194,0.9735958160561806,0.016065672,0.983934328,0.004706578376766,0.995293421623234,0.0056450412066802,0.9943549587933198,0.0166666666666666,0.9833333333333334,0.0,1.0,0.00022192235,0.99977807765,0.00012849909,0.99987150091
95,309,EKETFREKFMQH,Inactive,0,0,0,0,4,4,0.9869307047184768,0.9962716695561615,0.9916011871373192,0.009340964837684762,0.48693070471847677,0.49627166955616153,0.009340964837684762,0,True,True,True,True,True,True,True,True,1.1238596666007348,2.0808286883744946,boman_index,Generally well classified,0.0001533662858966,0.9998466337141034,6.789257e-09,0.999999993210743,0.0076705241068627,0.9923294758931372,0.0048881304770971,0.9951118695229029,0.0433333333333333,0.9566666666666667,0.01,0.99,0.0011199574,0.9988800426,2.5184509e-05,0.999974815491
96,720,SGRFWKLYIEAEIKA,Inactive,0,0,0,0,4,4,0.9839981556936507,0.9992826768404152,0.9916404162670329,0.015284521146764485,0.4839981556936507,0.49928267684041516,0.015284521146764485,0,True,True,True,True,True,True,True,True,0.1301005850887588,0.33745307542563363,length,Generally well classified,0.0476384207406507,0.9523615792593493,4.0964214e-06,0.9999959035786,0.0027563813314132,0.9972436186685868,0.0028109683739395,0.9971890316260605,0.0133333333333333,0.9866666666666667,0.0,1.0,0.00027924182,0.99972075818,5.4227843e-05,0.999945772157
97,271,DSVASLLDVVKSTG,Inactive,0,0,0,0,4,4,0.9859575523493045,0.9996016804027973,0.9927796163760509,0.013644128053492799,0.4859575523493045,0.4996016804027973,0.013644128053492799,0,True,True,True,True,True,True,True,True,0.6842032893896661,1.4058385089838892,isoelectric_point,Generally well classified,0.0444805322759376,0.9555194677240624,8.648851e-08,0.99999991351149,0.0083228099495109,0.9916771900504892,0.0015291441103006,0.9984708558896994,0.0033333333333333,0.9966666666666667,0.0,1.0,3.3115044e-05,0.999966884956,6.404779e-05,0.99993595221
98,704,SDWYLKGRLTSLESQFINALGILET,Inactive,0,0,0,0,4,4,0.9883041840617373,0.9984553782320695,0.9933797811469034,0.010151194170332278,0.48830418406173726,0.49845537823206953,0.010151194170332278,0,True,True,True,True,True,True,True,True,1.0833684790610605,1.7451545500795331,molecular_weight,Generally well classified,0.0405249850321308,0.9594750149678692,0.0012586291,0.9987413709,0.0023074555275867,0.9976925444724133,0.0013872223883884,0.9986127776116116,0.0033333333333333,0.9966666666666667,0.0033333333333333,0.9966666666666667,0.00061748986,0.99938251014,0.00019930225,0.99980069775
99,315,EPGQRKIVMHK,Inactive,0,0,0,0,4,4,0.99433436746565,0.9925467419121703,0.9934405546889101,-0.001787625553479666,0.49433436746564996,0.4925467419121703,0.001787625553479666,0,True,True,True,True,True,True,True,True,1.002180151287305,1.4609404371018782,mean_eisenberg_hydrophobicity,Generally well classified,0.0048418416849944,0.9951581583150056,1.1299946e-05,0.999988700054,0.0044650693770727,0.9955349306229273,0.0063586954569852,0.9936413045430148,0.0133333333333333,0.9866666666666667,0.0233333333333333,0.9766666666666667,2.2285742e-05,0.999977714258,0.000109703615,0.999890296385
100,169,AKQEKIIIQVALNDITHVVELL,Inactive,0,0,0,0,4,4,0.9885072033690481,0.999576940712652,0.99404207204085,0.011069737343603947,0.48850720336904807,0.499576940712652,0.011069737343603947,0,True,True,True,True,True,True,True,True,0.7408591475619034,1.1168089877181688,length,Generally well classified,0.0215862176976818,0.9784137823023182,5.4283994e-08,0.999999945716006,0.0075109191494591,0.9924890808505409,0.0015821509153979,0.9984178490846021,0.0166666666666666,0.9833333333333334,0.0,1.0,0.00020738301,0.99979261699,0.00011003195,0.99988996805
101,370,GFYPMVAAQRI,Inactive,0,0,0,0,4,4,0.9926202389187396,0.9958284268913256,0.9942243329050325,0.0032081879725859297,0.49262023891873963,0.49582842689132556,0.0032081879725859297,0,True,True,True,True,True,True,True,True,0.7362936175121334,1.17774128570366,molecular_weight,Generally well classified,0.0073698402406047,0.9926301597593953,0.0005188581,0.9994811419,0.0020959089394371,0.9979040910605629,0.0027435201713642,0.9972564798286359,0.02,0.98,0.0133333333333333,0.9866666666666667,5.3295145e-05,0.999946704855,9.058083e-05,0.99990941917
102,634,QASTGSLLNILR,Inactive,0,0,0,0,4,4,0.9900833567194123,0.9984853107900404,0.9942843337547264,0.00840195407062816,0.4900833567194123,0.49848531079004044,0.00840195407062816,0,True,True,True,True,True,True,True,True,0.47659903909392715,1.1413275660650513,molecular_weight,Generally well classified,0.020354863202438,0.979645136797562,8.4178944e-05,0.999915821056,0.0026306343212464,0.9973693656787536,0.0025420419885048,0.9974579580114952,0.0166666666666666,0.9833333333333334,0.0033333333333333,0.9966666666666667,1.4408932e-05,0.999985591068,9.9202574e-05,0.999900797426
103,875,VMGQNLILNMND,Inactive,0,0,0,0,4,4,0.998186695735413,0.9911116657566321,0.9946491807460225,-0.007075029978780845,0.49818669573541297,0.4911116657566321,0.007075029978780845,0,True,True,True,True,True,True,True,True,0.8313576283371502,1.3698740653668302,isoelectric_point,Generally well classified,0.0002949275520045,0.9997050724479954,2.8019914e-08,0.999999971980086,0.0069534279593436,0.9930465720406564,0.0051007336835579,0.9948992663164421,0.0,1.0,0.03,0.97,4.861547e-06,0.999995138453,0.00045257527,0.99954742473
104,532,NEQDLGIQYKALKPEVDKLNIMAAKRQQEL,Inactive,0,0,0,0,4,4,0.993460103061499,0.996020261740118,0.9947401824008086,0.002560158678619029,0.493460103061499,0.49602026174011804,0.002560158678619029,0,True,True,True,True,True,True,True,True,1.3749556276430515,2.893682163639491,molecular_weight,Generally well classified,0.0094991871860754,0.9905008128139245,0.00014145249,0.99985854751,0.0065779424179287,0.9934220575820712,0.0057083843195275,0.9942916156804725,0.01,0.99,0.01,0.99,8.245815e-05,0.99991754185,6.911623e-05,0.99993088377
105,179,AQTSRWAAMQIGMSFISAY,Inactive,0,0,0,0,4,4,0.9915476346599026,0.9980327826524473,0.994790208656175,0.0064851479925447375,0.4915476346599026,0.4980327826524473,0.0064851479925447375,0,True,True,True,True,True,True,True,True,0.5329792628314708,1.2075618109598085,hydrophobic_moment,Generally well classified,0.0201235070422622,0.9798764929577378,0.0010824966,0.9989175034,0.0036122944481278,0.9963877055518722,0.003301643816877,0.996698356183123,0.01,0.99,0.0033333333333333,0.9966666666666667,7.365987e-05,0.99992634013,0.00015139564,0.99984860436
106,848,TQDLRSHLVHKLVQAIF,Inactive,0,0,0,0,4,4,0.9915387088132195,0.9981975358014255,0.9948681223073226,0.006658826988205968,0.4915387088132195,0.49819753580142545,0.006658826988205968,0,True,True,True,True,True,True,True,True,0.2725527542327872,1.009270330096964,hydrophobic_moment,Generally well classified,0.0270137950656061,0.9729862049343939,6.020056e-05,0.99993979944,0.0034921582221831,0.9965078417778169,0.0036557320709647,0.9963442679290353,0.0033333333333333,0.9966666666666667,0.0033333333333333,0.9966666666666667,5.878126e-06,0.999994121874,0.00016059083,0.99983940917
107,316,EQEILRQVKKAYDRAARLG,Inactive,0,0,0,0,4,4,0.9919367137717008,0.9986752089004391,0.99530596133607,0.006738495128738364,0.4919367137717008,0.49867520890043915,0.006738495128738364,0,True,True,True,True,True,True,True,True,1.0610522831836953,2.064526710759223,hydrophobic_moment,Generally well classified,0.0097229072521983,0.9902770927478017,0.0011966109,0.9988033891,0.0025154701309991,0.9974845298690009,0.0038253134682436,0.9961746865317564,0.02,0.98,0.0,1.0,1.476753e-05,0.99998523247,0.00027724003,0.99972275997
108,871,VIDPLHTHLTRLVAAYTG,Inactive,0,0,0,0,4,4,0.9921672783400954,0.9985382623618655,0.9953527703509805,0.006370984021770054,0.49216727834009544,0.4985382623618655,0.006370984021770054,0,True,True,True,True,True,True,True,True,0.3645126462595084,0.862212953374446,mean_eisenberg_hydrophobicity,Generally well classified,0.0270957979556418,0.9729042020443582,6.0171293e-05,0.999939828707,0.0042019171279765,0.9957980828720235,0.0020333755862048,0.9979666244137952,0.0,1.0,0.0033333333333333,0.9966666666666667,3.3171556e-05,0.999966828444,0.00042007034,0.99957992966
109,175,APDAEGRAIQAVYWANKWAKEQG,Inactive,0,0,0,0,4,4,0.9970681855874949,0.9937562634149998,0.9954122245012473,-0.0033119221724950965,0.4970681855874949,0.4937562634149998,0.0033119221724950965,0,True,True,True,True,True,True,True,True,0.6620257476021234,1.3245607110244264,length,Generally well classified,0.0095056946044011,0.9904943053955989,0.0012242094,0.9987757906,0.0020802770456196,0.9979197229543804,0.0100764952066673,0.9899235047933327,0.0,1.0,0.0133333333333333,0.9866666666666667,0.000141286,0.999858714,0.0003409084,0.9996590916
110,452,KIPDDLQADFNKFR,Inactive,0,0,0,0,4,4,0.9933233947051778,0.9976118958874837,0.9954676452963307,0.004288501182305837,0.49332339470517783,0.49761189588748367,0.004288501182305837,0,True,True,True,True,True,True,True,True,0.761812097045648,1.4637567169737833,boman_index,Generally well classified,0.0053667375070043,0.9946332624929957,3.152822e-08,0.99999996847178,0.003806255105618,0.996193744894382,0.0028492238491787,0.9971507761508213,0.0166666666666666,0.9833333333333334,0.0066666666666666,0.9933333333333334,0.0008667619,0.9991332381,3.6494406e-05,0.999963505594
111,158,AEGVATADPLMRLAKQLK,Inactive,0,0,0,0,4,4,0.9916358584237658,0.9996506469328708,0.9956432526783182,0.008014788509104975,0.4916358584237658,0.49965064693287076,0.008014788509104975,0,True,True,True,True,True,True,True,True,0.1266317116182485,0.3336906713712608,isoelectric_point,Generally well classified,0.02375521709117,0.97624478290883,3.3424512e-05,0.999966575488,0.0030335944895005,0.9969664055104995,0.001276587496517,0.998723412503483,0.0066666666666666,0.9933333333333334,0.0,1.0,1.0880576e-06,0.9999989119424,8.740026e-05,0.99991259974
112,345,FNQRRISSAKFLGELYNY,Inactive,0,0,0,0,4,4,0.9980810526349859,0.9935911501103198,0.9958361013726529,-0.004489902524666078,0.4980810526349859,0.49359115011031984,0.004489902524666078,0,True,True,True,True,True,True,True,True,0.679627064947289,1.2992624282263487,hydrophobic_moment,Generally well classified,0.0057766439258489,0.9942233560741511,6.007778e-05,0.99993992222,0.0018597680042069,0.998140231995793,0.008533974172054,0.991466025827946,0.0,1.0,0.0166666666666666,0.9833333333333334,3.937753e-05,0.99996062247,0.00037468094,0.99962531906
113,433,IKPLNNFAAEVGKIRDS,Inactive,0,0,0,0,4,4,0.9921092117338588,0.9996026899321233,0.995855950832991,0.007493478198264514,0.4921092117338588,0.4996026899321233,0.007493478198264514,0,True,True,True,True,True,True,True,True,0.19605529419127407,0.46396606770923327,boman_index,Generally well classified,0.0247122812326589,0.9752877187673411,8.1294615e-07,0.99999918705385,0.0035110376425727,0.9964889623574273,0.0015635627883568,0.9984364372116432,0.0033333333333333,0.9966666666666667,0.0,1.0,6.500856e-06,0.999993499144,2.4864537e-05,0.999975135463
114,730,SKEDVERVKLRINLARNWVKKY,Inactive,0,0,0,0,4,4,0.9944476056842162,0.9973061440148756,0.9958768748495459,0.0028585383306594103,0.4944476056842162,0.4973061440148756,0.0028585383306594103,0,True,True,True,True,True,True,True,True,1.1734965400212756,1.7305554576400912,mean_eisenberg_hydrophobicity,Generally well classified,0.0094864705154877,0.9905135294845123,0.00019490438,0.99980509562,0.0025937027976473,0.9974062972023527,0.0037135499138313,0.9962864500861687,0.01,0.99,0.0066666666666666,0.9933333333333334,0.00012940395,0.99987059605,0.00020030298,0.99979969702
115,657,RAAAIEQLKIWGERVG,Inactive,0,0,0,0,4,4,0.9924421284547457,0.9995220042923955,0.9959820663735706,0.007079875837649796,0.49244212845474566,0.49952200429239546,0.007079875837649796,0,True,True,True,True,True,True,True,True,0.35118979147386326,1.2426294882916644,hydrophobic_moment,Generally well classified,0.0150026057890756,0.9849973942109244,5.873794e-07,0.9999994126206,0.0018828229506083,0.9981171770493917,0.0018624639480178,0.9981375360519822,0.0133333333333333,0.9866666666666667,0.0,1.0,1.2724108e-05,0.999987275892,4.8931503e-05,0.999951068497
116,372,GGKEALAIENFADAL,Inactive,0,0,0,0,4,4,0.9926857784704548,0.9993310446202506,0.9960084115453527,0.00664526614979577,0.4926857784704548,0.4993310446202506,0.00664526614979577,0,True,True,True,True,True,True,True,True,0.7427391791545983,1.4335154938544084,isoelectric_point,Generally well classified,0.0224951582772552,0.9775048417227448,6.481447e-08,0.99999993518553,0.0066779966659254,0.9933220033340746,0.0026257125845275,0.9973742874154725,0.0,1.0,0.0,1.0,8.3731175e-05,0.999916268825,5.004412e-05,0.99994995588
117,544,NKEEMMDIVKAIYDMMG,Inactive,0,0,0,0,4,4,0.9980554111399513,0.9940110794725632,0.9960332453062573,-0.004044331667388157,0.49805541113995133,0.4940110794725632,0.004044331667388157,0,True,True,True,True,True,True,True,True,0.4263039326575778,1.3630385872632154,isoelectric_point,Generally well classified,0.0011858070219113,0.9988141929780887,2.8004238e-06,0.9999971995762,0.0065811036672832,0.9934188963327168,0.0069688318192807,0.9930311681807193,0.0,1.0,0.0166666666666666,0.9833333333333334,1.1444751e-05,0.999988555249,0.0003173832,0.9996826168
118,396,GPDMTAMVALIASV,Inactive,0,0,0,0,4,4,0.9937200036408312,0.9985197200429138,0.9961198618418725,0.004799716402082543,0.49372000364083124,0.4985197200429138,0.004799716402082543,0,True,True,True,True,True,True,True,True,1.1988195417709746,1.8849542762252838,mean_eisenberg_hydrophobicity,Generally well classified,0.0126851486501767,0.9873148513498233,6.6221907e-07,0.99999933778093,0.0057234263678321,0.9942765736321679,0.0025152840899414,0.9974847159100586,0.0066666666666666,0.9933333333333334,0.0033333333333333,0.9966666666666667,4.4743752e-05,0.999955256248,7.1840186e-05,0.999928159814
119,705,SEAAKAYMKGLEYQMSGNEQWSKT,Inactive,0,0,0,0,4,4,0.9964099723958477,0.9960382080608642,0.9962240902283559,-0.00037176433498353756,0.4964099723958477,0.4960382080608642,0.00037176433498353756,0,True,True,True,True,True,True,True,True,0.8338254806399192,1.5323124343306838,length,Generally well classified,0.0063752889663489,0.9936247110336511,0.004867041,0.995132959,0.0026996904502604,0.9973003095497396,0.004165330939877,0.995834669060123,0.0,1.0,0.0066666666666666,0.9933333333333334,0.005285131,0.994714869,0.00014812915,0.99985187085
120,217,DHAVLEVLATPVREALLARFG,Inactive,0,0,0,0,4,4,0.9948096862366991,0.9977478135706888,0.9962787499036939,0.002938127333989682,0.4948096862366991,0.49774781357068876,0.002938127333989682,0,True,True,True,True,True,True,True,True,0.8254144689267952,1.5847209718764554,hydrophobic_moment,Generally well classified,0.0182727213188953,0.9817272786811047,0.0002944727,0.9997055273,0.0023504551343084,0.9976495448656916,0.0052393937039114,0.9947606062960886,0.0,1.0,0.0033333333333333,0.9966666666666667,0.0001380786,0.9998619214,0.00014154598,0.99985845402
121,493,LKRAEALIHLANAALE,Inactive,0,0,0,0,4,4,0.9934589642083141,0.9991019103708676,0.9962804372895908,0.005642946162553453,0.49345896420831414,0.4991019103708676,0.005642946162553453,0,True,True,True,True,True,True,True,True,0.305363103415655,0.4034562408682491,mean_eisenberg_hydrophobicity,Generally well classified,0.0102447240721202,0.9897552759278798,7.367479e-07,0.9999992632521,0.0058416762746237,0.9941583237253763,0.0034279281086298,0.9965720718913702,0.01,0.99,0.0,1.0,7.774282e-05,0.99992225718,0.00016369366,0.99983630634
122,749,SPAVQMKIKELYRRR,Inactive,0,0,0,0,4,4,0.993017765767833,0.9996786482001946,0.9963482069840137,0.006660882432361626,0.49301776576783296,0.4996786482001946,0.006660882432361626,0,True,True,True,True,True,True,True,True,1.0092008214613455,1.9562332155720774,mean_eisenberg_hydrophobicity,Generally well classified,0.0016334417369349,0.9983665582630651,7.399676e-06,0.999992600324,0.0029385496203999,0.9970614503796001,0.0012556326182216,0.9987443673817784,0.0233333333333333,0.9766666666666667,0.0,1.0,2.3612238e-05,0.999976387762,2.2374905e-05,0.999977625095
123,407,HALRTIVFELLTRH,Inactive,0,0,0,0,4,4,0.9934332240220758,0.9995132811993199,0.9964732526106979,0.006080057177244136,0.4934332240220758,0.4995132811993199,0.006080057177244136,0,True,True,True,True,True,True,True,True,0.4022548773925271,0.7734216030350157,hydrophobic_moment,Generally well classified,0.0121213645116774,0.9878786354883226,4.9981722e-06,0.9999950018278,0.0041035424370189,0.9958964575629811,0.0019044643435205,0.9980955356564795,0.01,0.99,0.0,1.0,4.2196963e-05,0.999957803037,3.7412687e-05,0.999962587313
124,728,SKDLAQTSYFMATNSLHLT,Inactive,0,0,0,0,4,4,0.9973211461093667,0.9956551967166439,0.9964881714130054,-0.0016659493927227986,0.49732114610936673,0.49565519671664393,0.0016659493927227986,0,True,True,True,True,True,True,True,True,0.4649292951772277,1.043354524953152,hydrophobic_moment,Generally well classified,0.0051111068355368,0.9948888931644632,6.689088e-05,0.99993310912,0.0022108980736628,0.9977891019263372,0.003869031750091,0.996130968249909,0.0033333333333333,0.9966666666666667,0.0133333333333333,0.9866666666666667,6.007732e-05,0.99993992268,0.00010995717,0.99989004283
125,501,LPEDQELLFQSASLELFVLRLAYRA,Inactive,0,0,0,0,4,4,0.9944643698599255,0.9986512326085938,0.9965578012342597,0.004186862748668307,0.4944643698599255,0.4986512326085938,0.004186862748668307,0,True,True,True,True,True,True,True,True,1.031051783327788,1.8675844391715748,molecular_weight,Generally well classified,0.0194912255498953,0.9805087744501046,2.9607065e-06,0.9999970392935,0.0022720191104027,0.9977279808895974,0.0019979215857914,0.9980020784142086,0.0,1.0,0.0033333333333333,0.9966666666666667,0.0003792759,0.9996207241,6.085394e-05,0.99993914606
126,491,LEQVEFKLNQLLENL,Inactive,0,0,0,0,4,4,0.9953715736712547,0.9986607852243689,0.9970161794478118,0.003289211553114124,0.49537157367125473,0.49866078522436885,0.003289211553114124,0,True,True,True,True,True,True,True,True,0.5322126381445618,1.388213697795157,isoelectric_point,Generally well classified,0.0009157067669061,0.9990842932330939,1.9413591e-07,0.99999980586409,0.0037909969447415,0.9962090030552585,0.0019754652002811,0.9980245347997189,0.0133333333333333,0.9866666666666667,0.0033333333333333,0.9966666666666667,0.00047366827,0.99952633173,4.7866433e-05,0.999952133567
127,301,EGKDRELYGKLHETLKKVTEDLEA,Inactive,0,0,0,0,4,4,0.9973203899229316,0.9969375085063654,0.9971289492146486,-0.00038288141656617203,0.4973203899229316,0.4969375085063654,0.00038288141656617203,0,True,True,True,True,True,True,True,True,1.1500676437978938,1.6483088060343778,molecular_weight,Generally well classified,0.0077220492918449,0.992277950708155,0.00019952851,0.99980047149,0.0027935849464289,0.9972064150535711,0.0049373624778714,0.9950626375221286,0.0,1.0,0.0066666666666666,0.9933333333333334,0.00020280607,0.99979719393,0.00044640832,0.99955359168
128,419,HSATRAAMLVRINT,Inactive,0,0,0,0,4,4,0.9947735867643067,0.9995616876741561,0.9971676372192314,0.00478810090984938,0.4947735867643067,0.4995616876741561,0.00478810090984938,0,True,True,True,True,True,True,True,True,0.7116378583567522,1.6565385875063838,isoelectric_point,Generally well classified,0.0017656123585928,0.9982343876414072,3.4849952e-06,0.9999965150048,0.0024712155163136,0.9975287844836864,0.0017151661041758,0.9982848338958242,0.0166666666666666,0.9833333333333334,0.0,1.0,2.1584012e-06,0.9999978415988,3.4598204e-05,0.999965401796
129,490,LEPIKAWIEKR,Inactive,0,0,0,0,4,4,0.996226976830233,0.9984100866656143,0.9973185317479236,0.0021831098353812806,0.496226976830233,0.49841008666561426,0.0021831098353812806,0,True,True,True,True,True,True,True,True,0.6118852227382375,1.1684599686506636,length,Generally well classified,0.0066006891033427,0.9933993108966573,2.6040092e-07,0.99999973959908,0.0018201998130585,0.9981798001869415,0.0029726034082898,0.9970273965917102,0.0066666666666666,0.9933333333333334,0.0033333333333333,0.9966666666666667,4.537096e-06,0.999995462904,5.3456195e-05,0.999946543805
130,469,KQLTAIAALAE,Inactive,0,0,0,0,4,4,0.9963319943926113,0.9985374925198178,0.9974347434562146,0.0022054981272064955,0.49633199439261133,0.4985374925198178,0.0022054981272064955,0,True,True,True,True,True,True,True,True,0.8167616914757984,1.4041826533202943,molecular_weight,Generally well classified,0.0039199867648353,0.9960800132351647,2.6853197e-09,0.9999999973146803,0.0040806760613525,0.9959193239386475,0.0024595553160755,0.9975404446839246,0.0066666666666666,0.9933333333333334,0.0033333333333333,0.9966666666666667,4.6929367e-06,0.9999953070633,5.7138586e-05,0.999942861414
131,866,VEAIEALLKGN,Inactive,0,0,0,0,4,4,0.9954438069381583,0.9995843300729519,0.997514068505555,0.004140523134793628,0.49544380693815826,0.4995843300729519,0.004140523134793628,0,True,True,True,True,True,True,True,True,0.8809790667333497,1.3531004424964561,molecular_weight,Generally well classified,0.006141136746846,0.993858863253154,3.915682e-09,0.999999996084318,0.0052074971738545,0.9947925028261455,0.0015610666925103,0.9984389333074897,0.0066666666666666,0.9933333333333334,0.0,1.0,0.00020947166,0.99979052834,0.0001016091,0.9998983909
132,349,FPQLTQNNSRE,Inactive,0,0,0,0,4,4,0.9984164225803158,0.9966941685712606,0.9975552955757881,-0.0017222540090552352,0.4984164225803158,0.4966941685712606,0.0017222540090552352,0,True,True,True,True,True,True,True,True,1.0576741370185858,1.9250911596637432,boman_index,Generally well classified,3.209039135417146e-05,0.9999679096086458,1.0127976e-07,0.99999989872024,0.0062741602733826,0.9937258397266174,0.0031558275351977,0.9968441724648023,0.0,1.0,0.01,0.99,2.8059014e-05,0.999971940986,6.73969e-05,0.9999326031
133,694,SAAWAEWQKAR,Inactive,0,0,0,0,4,4,0.9977490791095152,0.9973969494855572,0.9975730142975362,-0.0003521296239579197,0.49774907910951516,0.49739694948555724,0.0003521296239579197,0,True,True,True,True,True,True,True,True,0.7512829285197309,1.1684599686506636,length,Generally well classified,0.0008122267302414,0.9991877732697586,6.727271e-08,0.99999993272729,0.0048338400513647,0.9951661599486353,0.0034899781383943,0.9965100218616058,0.0033333333333333,0.9966666666666667,0.0066666666666666,0.9933333333333334,2.4283447e-05,0.999975716553,0.00025548998,0.99974451002
134,166,AGNLDIMTSAALATAERMAQSMLN,Inactive,0,0,0,0,4,4,0.9981395357373728,0.997016850182317,0.9975781929598448,-0.0011226855550557913,0.4981395357373728,0.497016850182317,0.0011226855550557913,0,True,True,True,True,True,True,True,True,0.8557859593459527,1.5323124343306838,length,Generally well classified,0.0047335785099505,0.9952664214900495,0.0069606965,0.9930393035,0.0026778934575585,0.9973221065424415,0.0048193578707319,0.9951806421292682,0.0,1.0,0.0,1.0,3.0385083e-05,0.999969614917,0.0001525449,0.9998474551
135,326,EVNRNFGERINDLRILILLL,Inactive,0,0,0,0,4,4,0.9959074436815105,0.9993629880106472,0.9976352158460788,0.0034555443291366394,0.4959074436815105,0.49936298801064716,0.0034555443291366394,0,True,True,True,True,True,True,True,True,0.5034174250923639,0.9347176765255398,molecular_weight,Generally well classified,0.0097497853791221,0.9902502146208779,3.7491364e-07,0.99999962508636,0.0032520085135025,0.9967479914864975,0.0024639133637714,0.9975360866362286,0.0033333333333333,0.9966666666666667,0.0,1.0,3.5098048e-05,0.999964901952,8.375968e-05,0.99991624032
136,252,DPLWKKEMFEKYLSN,Inactive,0,0,0,0,4,4,0.9971277774520255,0.9983333284604555,0.9977305529562405,0.0012055510084300058,0.4971277774520255,0.4983333284604555,0.0012055510084300058,0,True,True,True,True,True,True,True,True,0.6172968970150189,1.4484324000753515,hydrophobic_moment,Generally well classified,0.0025514381615636,0.9974485618384364,1.4407598e-05,0.999985592402,0.0021505715436681,0.997849428456332,0.0032718509148446,0.9967281490851554,0.0066666666666666,0.9933333333333334,0.0033333333333333,0.9966666666666667,0.00012021382,0.99987978618,4.7094312e-05,0.999952905688
137,439,KDAENHKAYLKSH,Inactive,0,0,0,0,4,4,0.9965294837676639,0.9992180849344414,0.9978737843510527,0.0026886011667774934,0.4965294837676639,0.4992180849344414,0.0026886011667774934,0,True,True,True,True,True,True,True,True,0.8259838289751477,1.719846766527714,mean_eisenberg_hydrophobicity,Generally well classified,0.0018495902472607,0.9981504097527393,1.3158721e-08,0.999999986841279,0.0053400183714169,0.994659981628583,0.0030803010215133,0.9969196989784866,0.0066666666666666,0.9933333333333334,0.0,1.0,2.5789644e-05,0.999974210356,4.7346082e-05,0.999952653918
138,671,RIENGLRKRLQSIYRHLEE,Inactive,0,0,0,0,4,4,0.9963446984287692,0.9994075061137585,0.9978761022712639,0.0030628076849893437,0.49634469842876916,0.4994075061137585,0.0030628076849893437,0,True,True,True,True,True,True,True,True,1.1987081717807873,2.0769632399261453,boman_index,Generally well classified,0.0061127745179059,0.9938872254820941,6.837956e-05,0.99993162044,0.0050933002636839,0.9949066997363161,0.0020176287149658,0.9979823712850342,0.0033333333333333,0.9966666666666667,0.0,1.0,8.179817e-05,0.99991820183,0.00028396727,0.99971603273
139,570,NQDELEGYNLFKGSG,Inactive,0,0,0,0,4,4,0.9977858716613087,0.9981946570556033,0.997990264358456,0.00040878539429456406,0.4977858716613087,0.4981946570556033,0.00040878539429456406,0,True,True,True,True,True,True,True,True,0.8271769654459203,1.4335154938544084,isoelectric_point,Generally well classified,0.0021441066803366,0.9978558933196634,6.153706e-08,0.99999993846294,0.0033236025110951,0.9966763974889049,0.0038378738591938,0.9961621261408062,0.0033333333333333,0.9966666666666667,0.0033333333333333,0.9966666666666667,5.547083e-05,0.99994452917,5.0103048e-05,0.999949896952
140,329,EYKYYKLKLAEMQR,Inactive,0,0,0,0,4,4,0.997890937378136,0.9983712994123353,0.9981311183952356,0.000480362034199322,0.49789093737813594,0.49837129941233527,0.000480362034199322,0,True,True,True,True,True,True,True,True,0.701177930931965,1.5487981795555068,mean_eisenberg_hydrophobicity,Generally well classified,0.0002683819559057,0.9997316180440943,1.9491247e-07,0.99999980508753,0.0048042739382173,0.9951957260617827,0.0031344781248558,0.9968655218751442,0.0033333333333333,0.9966666666666667,0.0033333333333333,0.9966666666666667,3.026126e-05,0.99996973874,4.679598e-05,0.99995320402
141,424,HWDKVADMVANFAHEIDTYG,Inactive,0,0,0,0,4,4,0.9971448528704653,0.999123054438957,0.9981339536547111,0.001978201568491711,0.4971448528704653,0.499123054438957,0.001978201568491711,0,True,True,True,True,True,True,True,True,0.7613865389030895,1.491366766116131,net_charge_pH7_4,Generally well classified,0.0076029490737834,0.9923970509262166,6.8820884e-07,0.99999931179116,0.0030714352443553,0.9969285647556447,0.0033197539353318,0.9966802460646682,0.0,1.0,0.0,1.0,0.0007462042,0.9992537958,0.0001873401,0.9998126599
142,465,KPQELLSLIIERFE,Inactive,0,0,0,0,4,4,0.9976087188076997,0.99885478898002,0.9982317538938599,0.0012460701723202572,0.49760871880769975,0.49885478898002,0.0012460701723202572,0,True,True,True,True,True,True,True,True,0.5069335965476146,1.0907363713054836,isoelectric_point,Generally well classified,0.0069646745252622,0.9930353254747378,2.36492e-08,0.9999999763508,0.0025500410489386,0.9974499589510614,0.0012209661953869,0.9987790338046131,0.0,1.0,0.0033333333333333,0.9966666666666667,5.0409195e-05,0.999949590805,2.6520902e-05,0.999973479098
143,614,PNDMSRIFNIVKESL,Inactive,0,0,0,0,4,4,0.9967721051847622,0.9997453849101364,0.9982587450474494,0.0029732797253742005,0.4967721051847622,0.4997453849101364,0.0029732797253742005,0,True,True,True,True,True,True,True,True,0.48636314838923944,1.0990426963601596,hydrophobic_moment,Generally well classified,0.0074969995568415,0.9925030004431585,5.7044035e-06,0.9999942955965,0.0020762417069764,0.9979237582930236,0.0009620945289541,0.9990379054710459,0.0033333333333333,0.9966666666666667,0.0,1.0,5.0046638e-06,0.9999949953362,5.0661427e-05,0.999949338573
144,852,TRELAYMIKKA,Inactive,0,0,0,0,4,4,0.9980612494332853,0.9987478499986137,0.9984045497159495,0.0006866005653283214,0.49806124943328534,0.49874784999861366,0.0006866005653283214,0,True,True,True,True,True,True,True,True,0.8545647335639138,1.6859740543622084,hydrophobic_moment,Generally well classified,0.0031459581789185,0.9968540418210815,7.8287786e-07,0.99999921712214,0.0012743573618066,0.9987256426381934,0.0016413527973521,0.9983586472026479,0.0033333333333333,0.9966666666666667,0.0033333333333333,0.9966666666666667,1.3533928e-06,0.9999986466072,3.3130997e-05,0.999966869003
145,357,GAGTSVNMNTNEVLANIGLELM,Inactive,0,0,0,0,4,4,0.9980075687608101,0.9991554035488437,0.9985814861548269,0.001147834788033597,0.4980075687608101,0.4991554035488437,0.001147834788033597,0,True,True,True,True,True,True,True,True,1.0140053877277182,1.4678492515186445,isoelectric_point,Generally well classified,0.0039457475477603,0.9960542524522397,1.2448575e-05,0.999987551425,0.0037823689589992,0.9962176310410008,0.003119523069625,0.996880476930375,0.0,1.0,0.0,1.0,0.00024160845,0.99975839155,0.00024641416,0.99975358584
146,195,DDETREELEELLIQA,Inactive,0,0,0,0,4,4,0.9989536721409487,0.9982476653687609,0.9986006687548548,-0.000706006772187795,0.49895367214094866,0.49824766536876086,0.000706006772187795,0,True,True,True,True,True,True,True,True,1.1649513180762685,2.624210157881885,net_charge_pH7_4,Generally well classified,2.198031326792524e-05,0.9999780196867321,1.6479212e-13,0.9999999999998352,0.0041615474984374,0.9958384525015626,0.0036345662314584,0.9963654337685416,0.0,1.0,0.0033333333333333,0.9966666666666667,1.7836245e-06,0.9999982163755,4.143896e-05,0.99995856104
147,535,NGETFLTELLD,Inactive,0,0,0,0,4,4,0.9979394989390136,0.999397051577802,0.9986682752584077,0.0014575526387884397,0.49793949893901357,0.499397051577802,0.0014575526387884397,0,True,True,True,True,True,True,True,True,0.9126705664515933,1.5160421869939016,net_charge_pH7_4,Generally well classified,0.0014005470814134,0.9985994529185866,7.0952233e-10,0.9999999992904777,0.0034703436521995,0.9965296563478006,0.0023558538852697,0.9976441461147303,0.0033333333333333,0.9966666666666667,0.0,1.0,3.7780177e-05,0.999962219823,5.5939094e-05,0.999944060906
148,229,DLESDALGWQYITG,Inactive,0,0,0,0,4,4,0.998911622130762,0.9985135920016821,0.9987126070662221,-0.0003980301290799071,0.498911622130762,0.4985135920016821,0.0003980301290799071,0,True,True,True,True,True,True,True,True,0.9506366420911092,1.851981167009061,hydrophobic_moment,Generally well classified,0.0029337834241763,0.9970662165758237,1.1586518e-07,0.99999988413482,0.0013221230927753,0.9986778769072246,0.0024736147247583,0.9975263852752417,0.0,1.0,0.0033333333333333,0.9966666666666667,9.760496e-05,0.99990239504,0.00013856807,0.99986143193
149,177,APEDVRKSSKEVL,Inactive,0,0,0,0,4,4,0.9977638939445127,0.9996629803177834,0.9987134371311481,0.001899086373270742,0.4977638939445127,0.49966298031778345,0.001899086373270742,0,True,True,True,True,True,True,True,True,0.8935839222870595,1.3918083805536186,mean_eisenberg_hydrophobicity,Generally well classified,0.0035882756871711,0.9964117243128289,1.6091826e-09,0.9999999983908174,0.0020100179924446,0.9979899820075554,0.0013147797396835,0.9986852202603165,0.0033333333333333,0.9966666666666667,0.0,1.0,1.2797209e-05,0.999987202791,3.329738e-05,0.99996670262
150,497,LLTEVETYVLSI,Inactive,0,0,0,0,4,4,0.9977542722107632,0.999711028834256,0.9987326505225096,0.001956756623492817,0.4977542722107632,0.499711028834256,0.001956756623492817,0,True,True,True,True,True,True,True,True,1.0425389984640694,1.6052696003915254,mean_eisenberg_hydrophobicity,Generally well classified,0.0017954512643988,0.9982045487356012,6.97005e-10,0.999999999302995,0.0038486882762152,0.9961513117237848,0.0011186046909713,0.9988813953090288,0.0033333333333333,0.9966666666666667,0.0,1.0,5.438283e-06,0.999994561717,3.7279275e-05,0.999962720725
151,302,EGNKRLDSVNSIVS,Inactive,0,0,0,0,4,4,0.9977441840960781,0.99973270864654,0.998738446371309,0.0019885245504618343,0.4977441840960781,0.49973270864653996,0.0019885245504618343,0,True,True,True,True,True,True,True,True,0.6182739253687098,1.1646146699444142,boman_index,Generally well classified,0.0032739795630757,0.9967260204369243,2.1174841e-08,0.999999978825159,0.0024130265923784,0.9975869734076216,0.001035248735999,0.998964751264001,0.0033333333333333,0.9966666666666667,0.0,1.0,2.9241269e-06,0.9999970758731,3.3895503e-05,0.999966104497
152,428,IDDSVNNLIPFMQKH,Inactive,0,0,0,0,4,4,0.9980222897757061,0.9995262387715412,0.9987742642736237,0.0015039489958351693,0.49802228977570606,0.49952623877154123,0.0015039489958351693,0,True,True,True,True,True,True,True,True,0.5003391418034243,1.0116369335116915,isoelectric_point,Generally well classified,0.0051744300862089,0.9948255699137911,3.466455e-07,0.9999996533545,0.0027256366579668,0.9972743633420332,0.0018030303083349,0.998196969691665,0.0,1.0,0.0,1.0,1.0774153e-05,0.999989225847,9.166796e-05,0.99990833204
153,554,NLLYDIVKENG,Inactive,0,0,0,0,4,4,0.9980585935983393,0.9995398807165259,0.9987992371574326,0.001481287118186625,0.49805859359833926,0.4995398807165259,0.001481287118186625,0,True,True,True,True,True,True,True,True,0.7315557299576861,1.3419960370226753,isoelectric_point,Generally well classified,0.0011757172264403,0.9988242827735597,3.6658684e-10,0.9999999996334131,0.0032437335698692,0.9967562664301308,0.0017964484233098,0.9982035515766902,0.0033333333333333,0.9966666666666667,0.0,1.0,1.2841477e-05,0.999987158523,4.4028344e-05,0.999955971656
154,578,NSREREMFVQEVRRYY,Inactive,0,0,0,0,4,4,0.9980699756117308,0.9995730505957771,0.998821513103754,0.0015030749840462265,0.49806997561173083,0.49957305059577706,0.0015030749840462265,0,True,True,True,True,True,True,True,True,0.8841988371521502,2.7076605960567517,boman_index,Generally well classified,2.5363971401409324e-05,0.9999746360285986,8.792155e-09,0.999999991207845,0.0043470357823417,0.9956529642176583,0.0016778842737368,0.9983221157262632,0.0033333333333333,0.9966666666666667,0.0,1.0,1.4364466e-05,0.999985635534,2.9904551e-05,0.999970095449
155,723,SIDEKYEAEVKKSEIDHHK,Inactive,0,0,0,0,4,4,0.9986109498410078,0.9991149236780683,0.9988629367595381,0.0005039738370604674,0.49861094984100784,0.4991149236780683,0.0005039738370604674,0,True,True,True,True,True,True,True,True,1.111846754211369,1.607715777126578,boman_index,Generally well classified,0.0015174980735164,0.9984825019264836,3.7687908e-10,0.9999999996231209,0.0039778437464523,0.9960221562535477,0.0034503717468478,0.9965496282531522,0.0,1.0,0.0,1.0,6.0858816e-05,0.999939141184,8.9933164e-05,0.999910066836
156,742,SMDHRIERLEYYIQLLVK,Inactive,0,0,0,0,4,4,0.999224716627305,0.9985093389374015,0.9988670277823533,-0.0007153776899035957,0.49922471662730505,0.49850933893740146,0.0007153776899035957,0,True,True,True,True,True,True,True,True,0.5127460872211439,0.7448127644557055,molecular_weight,Generally well classified,0.0024225494339113,0.9975774505660887,8.983291e-06,0.999991016709,0.0006723766748686,0.9993276233251314,0.0023904190360605,0.9976095809639395,0.0,1.0,0.0033333333333333,0.9966666666666667,6.207382e-06,0.999993792618,0.00022990859,0.99977009141
157,675,RKQSLEQDLQFYYG,Inactive,0,0,0,0,4,4,0.9985806050090786,0.9993311794731715,0.998955892241125,0.0007505744640928791,0.49858060500907864,0.4993311794731715,0.0007505744640928791,0,True,True,True,True,True,True,True,True,0.9125691390423359,2.0355776051645287,hydrophobic_moment,Generally well classified,0.0003624189167381,0.999637581083262,5.712757e-09,0.999999994287243,0.0052625137419474,0.9947374862580526,0.0025888739445568,0.9974111260554432,0.0,1.0,0.0,1.0,5.2647305e-05,0.999947352695,8.640245e-05,0.99991359755
158,261,DQNGEIYMWPVAQA,Inactive,0,0,0,0,4,4,0.9997081748418148,0.9983825839566933,0.9990453793992541,-0.0013255908851215192,0.49970817484181485,0.4983825839566933,0.0013255908851215192,0,True,True,True,True,True,True,True,True,0.773770484491437,1.4678492515186445,isoelectric_point,Generally well classified,0.0002183535982761,0.9997816464017238,1.928302e-06,0.999998071698,0.0009073052844642,0.9990926947155357,0.0029816452778936,0.9970183547221064,0.0,1.0,0.0033333333333333,0.9966666666666667,4.164175e-05,0.99995835825,0.00015275726,0.99984724274
159,713,SESKLIEQAFR,Inactive,0,0,0,0,4,4,0.9984367802042675,0.999765763327603,0.9991012717659352,0.0013289831233355143,0.4984367802042675,0.49976576332760303,0.0013289831233355143,0,True,True,True,True,True,True,True,True,1.0270541070949009,1.5353500070441328,hydrophobic_moment,Generally well classified,0.0035076470765026,0.9964923529234974,1.0952197e-09,0.9999999989047803,0.0027196076464272,0.9972803923535728,0.0009175231143685,0.9990824768856315,0.0,1.0,0.0,1.0,2.562446e-05,0.99997437554,1.942248e-05,0.99998057752
160,563,NPEILLARVKRFLERE,Inactive,0,0,0,0,4,4,0.9987576445921933,0.9994804226395819,0.9991190336158876,0.000722778047388628,0.4987576445921933,0.4994804226395819,0.000722778047388628,0,True,True,True,True,True,True,True,True,0.5344081022266683,1.2691069877587107,boman_index,Generally well classified,0.0033242110819575,0.9966757889180425,5.3903e-06,0.9999946097,0.0016375771922697,0.9983624228077304,0.0020322105116725,0.9979677894883275,0.0,1.0,0.0,1.0,7.633357e-06,0.999992366643,4.070863e-05,0.99995929137
161,602,PEYEHLYTELTGTIVLLIES,Inactive,0,0,0,0,4,4,0.9987073178821826,0.9995838736113878,0.9991455957467852,0.0008765557292051973,0.4987073178821826,0.4995838736113878,0.0008765557292051973,0,True,True,True,True,True,True,True,True,0.9953719554963675,1.7467284901638664,net_charge_pH7_4,Generally well classified,0.002874935494271,0.997125064505729,2.2453656e-07,0.99999977546344,0.0022506366009983,0.9977493633990017,0.0015677605438886,0.9984322394561114,0.0,1.0,0.0,1.0,4.5156376e-05,0.999954843624,9.6520474e-05,0.999903479526
162,517,MPEVFNYLGIYLTQA,Inactive,0,0,0,0,4,4,0.9989762616571094,0.9993243712108834,0.9991503164339964,0.00034810955377395647,0.4989762616571094,0.49932437121088336,0.00034810955377395647,0,True,True,True,True,True,True,True,True,0.7857635905790146,1.4678492515186445,isoelectric_point,Generally well classified,0.0025091087577122,0.9974908912422878,4.482215e-06,0.999995517785,0.0015272473758503,0.9984727526241497,0.0026505829914665,0.9973494170085335,0.0,1.0,0.0,1.0,5.8597238e-05,0.999941402762,4.744995e-05,0.99995255005
163,239,DMNQVLDAYEN,Inactive,0,0,0,0,4,4,0.9987783594804303,0.999785429727662,0.9992818946040462,0.0010070702472317894,0.49877835948043026,0.49978542972766204,0.0010070702472317894,0,True,True,True,True,True,True,True,True,1.0315314575198615,1.5176870454360933,net_charge_pH7_4,Generally well classified,7.185361406881137e-06,0.9999928146385931,4.4609273e-13,0.9999999999995539,0.004872207978872,0.995127792021128,0.0008289666979058,0.9991710333020942,0.0,1.0,0.0,1.0,7.168738e-06,0.999992831262,2.9314391e-05,0.999970685609
164,724,SIERLLEMESL,Inactive,0,0,0,0,4,4,0.9990045359708315,0.9995674657712628,0.9992860008710471,0.0005629298004312666,0.4990045359708315,0.49956746577126276,0.0005629298004312666,0,True,True,True,True,True,True,True,True,0.7831983795782166,1.3885264320874788,isoelectric_point,Generally well classified,0.0007822474152272,0.9992177525847727,8.610077e-11,0.9999999999138992,0.0031967567974468,0.9968032432025532,0.001710010245848,0.998289989754152,0.0,1.0,0.0,1.0,2.851904e-06,0.999997148096,2.0126583e-05,0.999979873417
165,581,NTDTLERVTEIFKALG,Inactive,0,0,0,0,4,4,0.9990311896403103,0.9995567237654537,0.999293956702882,0.0005255341251433343,0.49903118964031035,0.4995567237654537,0.0005255341251433343,0,True,True,True,True,True,True,True,True,0.5122407926890638,1.2206104552741672,isoelectric_point,Generally well classified,0.0026772235501306,0.9973227764498694,4.1760785e-07,0.99999958239215,0.0011748882746279,0.9988251117253721,0.0016648575303353,0.9983351424696647,0.0,1.0,0.0,1.0,2.3129614e-05,0.999976870386,0.0001078298,0.9998921702
166,569,NPVLQQHFRNLEALAL,Inactive,0,0,0,0,4,4,0.9989623805874444,0.999653866006269,0.9993081232968567,0.0006914854188246888,0.49896238058744435,0.49965386600626904,0.0006914854188246888,0,True,True,True,True,True,True,True,True,0.17713508097890868,0.40687582665166766,isoelectric_point,Generally well classified,0.002872003554241,0.997127996445759,1.2735635e-06,0.9999987264365,0.0012720053239815,0.9987279946760185,0.001335499301424,0.998664500698576,0.0,1.0,0.0,1.0,6.468772e-06,0.999993531228,4.776311e-05,0.99995223689
167,824,TKGEREMIVVATSAAN,Inactive,0,0,0,0,4,4,0.9994204562551652,0.9991992028922494,0.9993098295737073,-0.00022125336291578535,0.4994204562551652,0.4991992028922494,0.00022125336291578535,0,True,True,True,True,True,True,True,True,0.3455277547580269,0.776148011393035,isoelectric_point,Generally well classified,0.0012255082790274,0.9987744917209725,4.4604085e-09,0.9999999955395915,0.0010884335650115,0.9989115664349885,0.0031453483435939,0.9968546516564061,0.0,1.0,0.0,1.0,4.2331353e-06,0.9999957668647,5.7835627e-05,0.999942164373
168,701,SDIFNKNMRAHALEK,Inactive,0,0,0,0,4,4,0.9990844291223091,0.9995848864775885,0.9993346577999488,0.0005004573552793712,0.4990844291223091,0.4995848864775885,0.0005004573552793712,0,True,True,True,True,True,True,True,True,0.6046811426685706,1.190966497904587,boman_index,Generally well classified,0.0019848579310576,0.9980151420689424,8.57505e-08,0.9999999142495,0.0016633007667061,0.9983366992332939,0.0016301063891461,0.9983698936108539,0.0,1.0,0.0,1.0,1.4124813e-05,0.999985875187,3.026195e-05,0.99996973805
169,282,DWYRTYAELRETA,Inactive,0,0,0,0,4,4,0.999157878774642,0.9996678596586197,0.9994128692166309,0.0005099808839776898,0.499157878774642,0.4996678596586197,0.0005099808839776898,0,True,True,True,True,True,True,True,True,0.9006457744845097,1.6381968088981747,boman_index,Generally well classified,2.586860116499702e-05,0.999974131398835,2.7241864e-09,0.9999999972758136,0.003275671430267,0.996724328569733,0.0012989928113348,0.9987010071886652,0.0,1.0,0.0,1.0,6.694487e-05,0.99993305513,2.956583e-05,0.99997043417
170,817,TIEEFHSKLQEATN,Inactive,0,0,0,0,4,4,0.9994109057267623,0.9995027794370099,0.9994568425818862,9.187371024765856e-05,0.4994109057267623,0.49950277943700994,9.187371024765856e-05,0,True,True,True,True,True,True,True,True,0.78979501444885,1.2629959157560469,net_charge_pH7_4,Generally well classified,0.0003936408221244,0.9996063591778755,2.5912972e-10,0.9999999997408703,0.0019389054358264,0.9980610945641736,0.0019422602228306,0.9980577397771694,0.0,1.0,0.0,1.0,2.3830835e-05,0.999976169165,4.662177e-05,0.99995337823
171,837,TPEKRVDRIFAMMD,Inactive,0,0,0,0,4,4,0.9992278919402703,0.9996870023156516,0.9994574471279609,0.0004591103753812664,0.4992278919402703,0.49968700231565155,0.0004591103753812664,0,True,True,True,True,True,True,True,True,0.733344599609483,1.3178456695646779,boman_index,Generally well classified,0.0008900036271093,0.9991099963728907,1.2395076e-07,0.99999987604924,0.0021849526308094,0.9978150473691906,0.001196964636634,0.998803035363366,0.0,1.0,0.0,1.0,1.3475981e-05,0.999986524019,5.490215e-05,0.99994509785
172,198,DEAAFQKLMSNLD,Inactive,0,0,0,0,4,4,0.9994917221945119,0.999441197344242,0.999466459769377,-5.0524850269906274e-05,0.4994917221945119,0.49944119734424197,5.0524850269906274e-05,0,True,True,True,True,True,True,True,True,0.7575277651532415,1.3796805192475068,isoelectric_point,Generally well classified,0.0008553879132933,0.9991446120867067,8.098615e-09,0.999999991901385,0.0011697200886592,0.9988302799113408,0.0021628941444171,0.9978371058555829,0.0,1.0,0.0,1.0,8.00322e-06,0.99999199678,7.230838e-05,0.99992769162
173,580,NSVLRAVAEVYA,Inactive,0,0,0,0,4,4,0.9992405476328667,0.999730550473327,0.9994855490530969,0.0004900028404603018,0.49924054763286674,0.49973055047332704,0.0004900028404603018,0,True,True,True,True,True,True,True,True,0.7129650365342642,1.1066742769194187,molecular_weight,Generally well classified,0.0009697813057494,0.9990302186942506,6.3106226e-10,0.9999999993689377,0.0020663736828833,0.9979336263171167,0.0010467539656296,0.9989532460343704,0.0,1.0,0.0,1.0,1.6544799e-06,0.9999983455201,3.104351e-05,0.99996895649
174,576,NSNHQMLLVQQAEDKIKELLNT,Inactive,0,0,0,0,4,4,0.9993456966112587,0.9996334989335921,0.9994895977724254,0.0002878023223333859,0.4993456966112587,0.4996334989335921,0.0002878023223333859,0,True,True,True,True,True,True,True,True,0.8225077587707468,1.2193475363903685,molecular_weight,Generally well classified,0.0011204217955378,0.9988795782044622,1.9182438e-07,0.99999980817562,0.0014900291034273,0.9985099708965727,0.0014179781782517,0.9985820218217483,0.0,1.0,0.0,1.0,6.762656e-06,0.999993237344,4.7834263e-05,0.999952165737
175,744,SNEVMRILISRSLLQE,Inactive,0,0,0,0,4,4,0.9993669327773848,0.9996459413123744,0.9995064370448796,0.0002790085349896332,0.49936693277738475,0.4996459413123744,0.0002790085349896332,0,True,True,True,True,True,True,True,True,0.584374615774693,1.7182470565847872,hydrophobic_moment,Generally well classified,0.0011211297398558,0.9988788702601442,2.0084008e-06,0.9999979915992,0.001403950901605,0.9985960490983949,0.0013724189157025,0.9986275810842975,0.0,1.0,0.0,1.0,7.188249e-06,0.999992811751,4.1807434e-05,0.999958192566
176,516,MLEEYRKHVAERAAE,Inactive,0,0,0,0,4,4,0.9996607338186616,0.9994003033903671,0.9995305186045144,-0.00026043042829448915,0.4996607338186616,0.4994003033903671,0.00026043042829448915,0,True,True,True,True,True,True,True,True,0.8308899736653551,1.4911170716830489,boman_index,Generally well classified,7.144289691754348e-05,0.9999285571030825,3.079508e-10,0.9999999996920492,0.0012815818520359,0.9987184181479641,0.0023796204925807,0.9976203795074193,0.0,1.0,0.0,1.0,4.0399764e-06,0.9999959600236,1.9165638e-05,0.999980834362
177,806,TEREQALAAYAEKLTRH,Inactive,0,0,0,0,4,4,0.9997278768158049,0.9994276394701238,0.9995777581429643,-0.00030023734568107585,0.4997278768158049,0.4994276394701238,0.00030023734568107585,0,True,True,True,True,True,True,True,True,0.6252211676977374,1.3613635031023927,boman_index,Generally well classified,0.0002123206619776,0.9997876793380224,2.6807416e-07,0.99999973192584,0.0008729739588028,0.9991270260411972,0.0022441072353445,0.9977558927646555,0.0,1.0,0.0,1.0,3.198116e-06,0.999996801884,4.506681e-05,0.99995493319
178,567,NPQVLADIGAEAT,Inactive,0,0,0,0,4,4,0.9995634835485043,0.9996478725181147,0.9996056780333096,8.438896961038278e-05,0.49956348354850433,0.4996478725181147,8.438896961038278e-05,0,True,True,True,True,True,True,True,True,0.8664799238702194,1.4678492515186445,isoelectric_point,Generally well classified,0.0007967727058259,0.9992032272941741,5.5057525e-11,0.9999999999449425,0.0009460662534569,0.999053933746543,0.0013870719384838,0.9986129280615162,0.0,1.0,0.0,1.0,3.2268467e-06,0.9999967731533,2.1437934e-05,0.999978562066
179,197,DDYLKEQVLHMKQYVSDN,Inactive,0,0,0,0,4,4,0.9995396032382864,0.999682271162883,0.9996109372005847,0.0001426679245966067,0.4995396032382864,0.499682271162883,0.0001426679245966067,0,True,True,True,True,True,True,True,True,0.8533030211256004,1.228629856055859,isoelectric_point,Generally well classified,0.000310181981629,0.999689818018371,1.6923245e-07,0.99999983076755,0.0015192717082252,0.9984807282917748,0.001193645682018,0.998806354317982,0.0,1.0,0.0,1.0,1.2133357e-05,0.999987866643,7.7100434e-05,0.999922899566
180,519,MPYTDAVVHEVQRYID,Inactive,0,0,0,0,4,4,0.9996026455308168,0.9997994002847338,0.9997010229077752,0.0001967547539170056,0.4996026455308168,0.4997994002847338,0.0001967547539170056,0,True,True,True,True,True,True,True,True,0.5367256124796623,1.2356802733770411,net_charge_pH7_4,Generally well classified,0.0002534272454106,0.9997465727545894,2.075566e-08,0.99999997924434,0.0013277245868222,0.9986722754131778,0.0007444646624052,0.9992555353375948,0.0,1.0,0.0,1.0,8.2660445e-06,0.9999917339555,5.7913443e-05,0.999942086557
181,573,NREANLQALIATG,Inactive,0,0,0,0,4,4,0.9996766112374875,0.9997311874113215,0.9997038993244045,5.4576173833975616e-05,0.4996766112374875,0.4997311874113215,5.4576173833975616e-05,0,True,True,True,True,True,True,True,True,0.6731054582913124,1.4818685214933538,hydrophobic_moment,Generally well classified,0.0003327712314328,0.9996672287685672,3.1022065e-09,0.9999999968977935,0.0009599153905172,0.9990400846094828,0.0010545833345079,0.9989454166654921,0.0,1.0,0.0,1.0,8.684281e-07,0.9999991315719,2.0663918e-05,0.999979336082
