threshold,family_id,family_minimum_member_ID,family_size,ID,sequence,split,label,binary_class,split_composition,label_composition,cross_split_family,mixed_label_family
0.8,1,1,4,1,AIGKFLHSAKKFGKAFVGEIMNS,test,1,Active,cross_split,Active_only,True,False
0.8,1,1,4,85,GIGKFLHAAKKFAKAFVAEIMNS,development,1,Active,cross_split,Active_only,True,False
0.8,1,1,4,86,GIGKFLHSAKKFAKAFVAEIMNS,development,1,Active,cross_split,Active_only,True,False
0.8,1,1,4,87,GIGKFLHSAKKFGKAFVGEIMNS,development,1,Active,cross_split,Active_only,True,False
0.8,2,2,51,2,FAKALAKLAKKLL,development,1,Active,cross_split,mixed_label,True,True
0.8,2,2,51,4,FAKFLAKFLKKAL,development,1,Active,cross_split,mixed_label,True,True
0.8,2,2,51,7,FAKKLAKKLAKAAL,development,0,Inactive,cross_split,mixed_label,True,True
0.8,2,2,51,8,FAKKLAKKLAKAL,development,0,Inactive,cross_split,mixed_label,True,True
0.8,2,2,51,9,FAKKLAKKLAKLAL,development,0,Inactive,cross_split,mixed_label,True,True
0.8,2,2,51,10,FAKKLAKKLAKLL,development,0,Inactive,cross_split,mixed_label,True,True
0.8,2,2,51,11,FAKKLAKKLKKLAKKLAK,development,0,Inactive,cross_split,mixed_label,True,True
0.8,2,2,51,12,FAKKLAKKLKKLAKKLAKKWKL,test,1,Active,cross_split,mixed_label,True,True
0.8,2,2,51,13,FAKKLAKKLKKLAKKLAKLAKKL,development,0,Inactive,cross_split,mixed_label,True,True
0.8,2,2,51,16,FAKKLAKKLKKLAKLALAK,development,0,Inactive,cross_split,mixed_label,True,True
0.8,2,2,51,17,FAKKLAKKLKKLAKLALAL,development,0,Inactive,cross_split,mixed_label,True,True
0.8,2,2,51,19,FAKKLAKLAKKALAL,development,0,Inactive,cross_split,mixed_label,True,True
0.8,2,2,51,20,FAKKLAKLAKKL,development,0,Inactive,cross_split,mixed_label,True,True
0.8,2,2,51,21,FAKKLAKLAKKLAKLAL,test,1,Active,cross_split,mixed_label,True,True
0.8,2,2,51,22,FAKKLAKLAKKLAKLALAL,development,1,Active,cross_split,mixed_label,True,True
0.8,2,2,51,23,FAKKLAKLAKKLLAL,development,1,Active,cross_split,mixed_label,True,True
0.8,2,2,51,24,FAKKLAKLALKLAKL,development,1,Active,cross_split,mixed_label,True,True
0.8,2,2,51,25,FAKKLKKLAKLAKKL,development,0,Inactive,cross_split,mixed_label,True,True
0.8,2,2,51,26,FAKKLLAKALKL,development,0,Inactive,cross_split,mixed_label,True,True
0.8,2,2,51,27,FAKLAKKALAKLL,development,0,Inactive,cross_split,mixed_label,True,True
0.8,2,2,51,29,FAKLFAKLAKKFAL,development,0,Inactive,cross_split,mixed_label,True,True
0.8,2,2,51,30,FAKLLAKALKKAL,test,1,Active,cross_split,mixed_label,True,True
0.8,2,2,51,31,FAKLLAKALKKFAL,development,1,Active,cross_split,mixed_label,True,True
0.8,2,2,51,32,FAKLLAKALKKFL,development,1,Active,cross_split,mixed_label,True,True
0.8,2,2,51,33,FAKLLAKALKKL,test,0,Inactive,cross_split,mixed_label,True,True
0.8,2,2,51,34,FAKLLAKALKKLL,development,1,Active,cross_split,mixed_label,True,True
0.8,2,2,51,35,FAKLLAKALKLKL,development,0,Inactive,cross_split,mixed_label,True,True
0.8,2,2,51,36,FAKLLAKFLKKAL,development,1,Active,cross_split,mixed_label,True,True
0.8,2,2,51,37,FAKLLAKLAKAKL,test,0,Inactive,cross_split,mixed_label,True,True
0.8,2,2,51,38,FAKLLAKLAKKAA,test,0,Inactive,cross_split,mixed_label,True,True
0.8,2,2,51,39,FAKLLAKLAKKAL,development,0,Inactive,cross_split,mixed_label,True,True
0.8,2,2,51,40,FAKLLAKLAKKFAL,test,0,Inactive,cross_split,mixed_label,True,True
0.8,2,2,51,41,FAKLLAKLAKKGL,development,0,Inactive,cross_split,mixed_label,True,True
0.8,2,2,51,42,FAKLLAKLAKKIL,development,0,Inactive,cross_split,mixed_label,True,True
0.8,2,2,51,43,FAKLLAKLAKKL,test,0,Inactive,cross_split,mixed_label,True,True
0.8,2,2,51,44,FAKLLAKLAKKLL,development,1,Active,cross_split,mixed_label,True,True
0.8,2,2,51,45,FAKLLAKLAKKSL,development,0,Inactive,cross_split,mixed_label,True,True
0.8,2,2,51,46,FAKLLAKLAKKVL,test,1,Active,cross_split,mixed_label,True,True
0.8,2,2,51,47,FAKLLAKLAKLKL,test,0,Inactive,cross_split,mixed_label,True,True
0.8,2,2,51,48,FAKLLFKALKKAL,test,0,Inactive,cross_split,mixed_label,True,True
0.8,2,2,51,49,FAKLLKLAAKKLL,development,0,Inactive,cross_split,mixed_label,True,True
0.8,2,2,51,51,FAKLWAKLAKKL,development,0,Inactive,cross_split,mixed_label,True,True
0.8,2,2,51,54,FALALKALKK,development,0,Inactive,cross_split,mixed_label,True,True
0.8,2,2,51,55,FALALKALKKAL,test,0,Inactive,cross_split,mixed_label,True,True
0.8,2,2,51,57,FALALKALKKL,development,1,Active,cross_split,mixed_label,True,True
0.8,2,2,51,62,FALALKLAKKAL,development,0,Inactive,cross_split,mixed_label,True,True
0.8,2,2,51,64,FALLKALKKAL,development,0,Inactive,cross_split,mixed_label,True,True
0.8,2,2,51,65,FALLKALLKKAL,development,0,Inactive,cross_split,mixed_label,True,True
0.8,2,2,51,147,VAKKLAKLAKKLAKLAL,test,1,Active,cross_split,mixed_label,True,True
0.8,2,2,51,148,VAKLLAKLAKKLL,development,1,Active,cross_split,mixed_label,True,True
0.8,2,2,51,149,VAKLLAKLAKKVL,test,0,Inactive,cross_split,mixed_label,True,True
0.8,3,3,1,3,FAKALKALLKALKAL,development,1,Active,development_only,Active_only,False,False
0.8,4,5,1,5,FAKIIAKIAKIAKKIL,development,0,Inactive,development_only,Inactive_only,False,False
0.8,5,6,1,6,FAKKFAKKFKKFAKKFAKFAFAF,development,1,Active,development_only,Active_only,False,False
0.8,6,14,1,14,FAKKLAKKLKKLAKKLAKLALALKALALKAL,development,1,Active,development_only,Active_only,False,False
0.8,7,15,1,15,FAKKLAKKLKKLAKKLIGAVLKV,test,1,Active,test_only,Active_only,False,False
0.8,8,18,1,18,FAKKLAKKLL,development,0,Inactive,development_only,Inactive_only,False,False
0.8,9,28,1,28,FAKLF,development,0,Inactive,development_only,Inactive_only,False,False
0.8,10,50,1,50,FAKLWAKLAFGKGIGKVGKKLL,test,1,Active,test_only,Active_only,False,False
0.8,11,52,8,52,FALAAKALKKLAKKLKKLAKKAL,development,1,Active,cross_split,mixed_label,True,True
0.8,11,52,8,56,FALALKALKKALKKLKKALKKAL,test,0,Inactive,cross_split,mixed_label,True,True
0.8,11,52,8,58,FALALKALKKLAKKLKKLAKKAL,development,1,Active,cross_split,mixed_label,True,True
0.8,11,52,8,59,FALALKALKKLKKALKKAL,development,1,Active,cross_split,mixed_label,True,True
0.8,11,52,8,60,FALALKALKKLLKKLKKLAKKAL,development,1,Active,cross_split,mixed_label,True,True
0.8,11,52,8,61,FALALKKALKALKKAL,test,1,Active,cross_split,mixed_label,True,True
0.8,11,52,8,63,FALKALKKLKKALKKAL,development,1,Active,cross_split,mixed_label,True,True
0.8,11,52,8,150,VALALKALKKALKKLKKALKKAL,development,0,Inactive,cross_split,mixed_label,True,True
0.8,12,53,1,53,FALAKLAKKAKAKLKKALKAL,development,1,Active,development_only,Active_only,False,False
0.8,13,66,1,66,FAVGLRAIKRALKKLRRGVRKVAKDL,development,0,Inactive,development_only,Inactive_only,False,False
0.8,14,67,1,67,FKLAFKLAKKAFL,test,0,Inactive,test_only,Inactive_only,False,False
0.8,15,68,1,68,FKRLAKIKVLRLAKIKR,test,1,Active,test_only,Active_only,False,False
0.8,16,69,1,69,FKVKFKVKVK,development,0,Inactive,development_only,Inactive_only,False,False
0.8,17,70,3,70,FLGALFHALSKLL,test,1,Active,cross_split,Active_only,True,False
0.8,17,70,3,71,FLGALFKALSHLL,development,1,Active,cross_split,Active_only,True,False
0.8,17,70,3,72,FLGALFKALSKLL,test,1,Active,cross_split,Active_only,True,False
0.8,18,73,1,73,FLGMIPGLIGGLISAFK,development,1,Active,development_only,Active_only,False,False
0.8,19,74,1,74,FLGMIPKLIKKLIKAFK,development,1,Active,development_only,Active_only,False,False
0.8,20,75,4,75,FLGWLFKWAKK,development,1,Active,cross_split,Active_only,True,False
0.8,20,75,4,76,FLGWLFKWAWK,development,1,Active,cross_split,Active_only,True,False
0.8,20,75,4,80,FLKWLFKWAKK,test,1,Active,cross_split,Active_only,True,False
0.8,20,75,4,83,FLWWLFKWAWK,development,1,Active,cross_split,Active_only,True,False
0.8,21,77,1,77,FLKLLAGLLKNFA,development,1,Active,development_only,Active_only,False,False
0.8,22,78,1,78,FLKLLKKLAAKFLPTIICKISYKC,test,1,Active,test_only,Active_only,False,False
0.8,23,79,1,79,FLKLLKKLAAKLF,development,1,Active,development_only,Active_only,False,False
0.8,24,81,1,81,FLSLIPKLVKKIIKAFK,development,1,Active,development_only,Active_only,False,False
0.8,25,82,1,82,FLSLIPSLVGGSISAFK,development,0,Inactive,development_only,Inactive_only,False,False
0.8,26,84,1,84,GIGAVLKVLTTGLPALISWIKRKRQQ,development,1,Active,development_only,Active_only,False,False
0.8,27,88,2,88,GIGKFLKKAKKFAKAFVKIINN,test,1,Active,cross_split,mixed_label,True,True
0.8,27,88,2,89,GIGKFLKKAKKFGKAFVKILKK,development,0,Inactive,cross_split,mixed_label,True,True
0.8,28,90,14,90,GLFAVIKKVAAVIKKL,test,1,Active,cross_split,Active_only,True,False
0.8,28,90,14,91,GLFAVIKKVAAVIRRL,test,1,Active,cross_split,Active_only,True,False
0.8,28,90,14,92,GLFAVIKKVAKVIKKL,development,1,Active,cross_split,Active_only,True,False
0.8,28,90,14,93,GLFAVIKKVASVIGGL,development,1,Active,cross_split,Active_only,True,False
0.8,28,90,14,94,GLFAVIKKVASVIKGL,development,1,Active,cross_split,Active_only,True,False
0.8,28,90,14,95,GLFAVIKKVASVIKKL,development,1,Active,cross_split,Active_only,True,False
0.8,28,90,14,102,GLFDVIAKVASVIKKL,development,1,Active,cross_split,Active_only,True,False
0.8,28,90,14,103,GLFDVIKAVASVIGGL,test,1,Active,cross_split,Active_only,True,False
0.8,28,90,14,104,GLFDVIKKVAAVIGGL,development,1,Active,cross_split,Active_only,True,False
0.8,28,90,14,105,GLFDVIKKVASVIGGL,development,1,Active,cross_split,Active_only,True,False
0.8,28,90,14,106,GLFDVIKKVASVIKGL,development,1,Active,cross_split,Active_only,True,False
0.8,28,90,14,107,GLFDVIKKVASVIKKL,development,1,Active,cross_split,Active_only,True,False
0.8,28,90,14,108,GLFKVIKKVAKVIKKL,development,1,Active,cross_split,Active_only,True,False
0.8,28,90,14,109,GLFKVIKKVASVIGGL,development,1,Active,cross_split,Active_only,True,False
0.8,29,96,1,96,GLFDIAKKVIGVIGSL,development,1,Active,development_only,Active_only,False,False
0.8,30,97,1,97,GLFDIIKKIAESF,development,1,Active,development_only,Active_only,False,False
0.8,31,98,3,98,GLFDIVKKIAGHIAGSI,development,1,Active,development_only,Active_only,False,False
0.8,31,98,3,99,GLFDIVKKIAGHIASSI,development,1,Active,development_only,Active_only,False,False
0.8,31,98,3,100,GLFDIVKKIAGHIVSSI,development,1,Active,development_only,Active_only,False,False
0.8,32,101,1,101,GLFDIVKKVVGAFGSL,development,1,Active,development_only,Active_only,False,False
0.8,33,110,1,110,ILPWKWPWWPWRR,development,0,Inactive,development_only,Inactive_only,False,False
0.8,34,111,1,111,KKKFPWWWPFKKK,development,1,Active,development_only,Active_only,False,False
0.8,35,112,2,112,KKKFPWWWPFKKKCKKKFPWWWPFKKKC,development,1,Active,development_only,Active_only,False,False
0.8,35,112,2,113,KKKFPWWWPFKKKKKKFPWWWPFKKKK,development,1,Active,development_only,Active_only,False,False
0.8,36,114,1,114,KKVVFKVKFK,test,0,Inactive,test_only,Inactive_only,False,False
0.8,37,115,1,115,KLAKKLAKLAKLAKAL,development,1,Active,development_only,Active_only,False,False
0.8,38,116,1,116,KLALKLALKALKAAKLA,development,0,Inactive,development_only,Inactive_only,False,False
0.8,39,117,1,117,KTKLFKKFAKKLAKKLKKLAKKL,development,1,Active,development_only,Active_only,False,False
0.8,40,118,10,118,KWKKFLKIGIGKFLHLAKKF,development,1,Active,cross_split,mixed_label,True,True
0.8,40,118,10,120,KWKLFAKIGIGKFLHLAKKF,development,1,Active,cross_split,mixed_label,True,True
0.8,40,118,10,123,KWKLFKKIGIGAFLHLAKKF,development,1,Active,cross_split,mixed_label,True,True
0.8,40,118,10,124,KWKLFKKIGIGAFLHSAKKF,development,1,Active,cross_split,mixed_label,True,True
0.8,40,118,10,127,KWKLFKKIGIGKFKLAKKF,development,1,Active,cross_split,mixed_label,True,True
0.8,40,118,10,128,KWKLFKKIGIGKFLHLAKKF,test,1,Active,cross_split,mixed_label,True,True
0.8,40,118,10,129,KWKLFKKIGIGKFLHSAKKF,development,1,Active,cross_split,mixed_label,True,True
0.8,40,118,10,130,KWKLFKKIGIGKFLHSATTF,development,1,Active,cross_split,mixed_label,True,True
0.8,40,118,10,131,KWKLFKKIKFLHSAKKF,development,0,Inactive,cross_split,mixed_label,True,True
0.8,40,118,10,132,KWKLFKKIPKFLHSAKKF,development,1,Active,cross_split,mixed_label,True,True
0.8,41,119,1,119,KWKLAKKALALL,development,0,Inactive,development_only,Inactive_only,False,False
0.8,42,121,1,121,KWKLFKKALKKLKKALKKAL,development,1,Active,development_only,Active_only,False,False
0.8,43,122,1,122,KWKLFKKIGAVLKVL,development,1,Active,development_only,Active_only,False,False
0.8,44,125,2,125,KWKLFKKIGIGAVLKVLKKG,development,1,Active,development_only,Active_only,False,False
0.8,44,125,2,126,KWKLFKKIGIGAVLKVLTTG,development,1,Active,development_only,Active_only,False,False
0.8,45,133,1,133,KWKLFKKKTKLFKKFAKKLAKKL,development,1,Active,development_only,Active_only,False,False
0.8,46,134,8,134,KWKSFAKTFKSAKKTVLHTALKAISS,development,1,Active,cross_split,Active_only,True,False
0.8,46,134,8,135,KWKSFLKTFKSAKKTVAHTAAKAISS,development,1,Active,cross_split,Active_only,True,False
0.8,46,134,8,136,KWKSFLKTFKSAKKTVAHTALKAISS,development,1,Active,cross_split,Active_only,True,False
0.8,46,134,8,137,KWKSFLKTFKSAKKTVLHTALKAISS,development,1,Active,cross_split,Active_only,True,False
0.8,46,134,8,138,KWKSFLKTFKSAKKTVLHTLLKAISS,development,1,Active,cross_split,Active_only,True,False
0.8,46,134,8,139,KWKSFLKTFKSLKKTVLHTALKAISS,test,1,Active,cross_split,Active_only,True,False
0.8,46,134,8,140,KWKSFLKTFKSLKKTVLHTLLKAISS,development,1,Active,cross_split,Active_only,True,False
0.8,46,134,8,141,KWKSFLKTFKSLKKTVLHTLLKLISS,development,1,Active,cross_split,Active_only,True,False
0.8,47,142,1,142,KYKKALKKLAKLL,test,0,Inactive,test_only,Inactive_only,False,False
0.8,48,143,1,143,LGGIVSAVKKIVDFLG,development,1,Active,development_only,Active_only,False,False
0.8,49,144,2,144,LPKWKVFKKIEKVGRNIRNGIVKAGPAIAVLGEAKALG,development,1,Active,cross_split,mixed_label,True,True
0.8,49,144,2,145,MPKWKVFKKIEKVGRNIRNGIVKAGPAIAVLGEAKALG,test,0,Inactive,cross_split,mixed_label,True,True
0.8,50,146,1,146,RAGLQFPVGRLLRRLLRRLLR,development,1,Active,development_only,Active_only,False,False
0.8,51,151,1,151,WALAL,development,0,Inactive,development_only,Inactive_only,False,False
0.8,52,152,1,152,AADIFSKFKKDMEVKFA,development,0,Inactive,development_only,Inactive_only,False,False
0.8,53,153,1,153,AAQKDNVKSSWAKASA,development,0,Inactive,development_only,Inactive_only,False,False
0.8,54,154,1,154,AASQRKLIAEKFAQALMSSL,development,0,Inactive,development_only,Inactive_only,False,False
0.8,55,155,1,155,AAYATLYEALVLVATLAAP,development,0,Inactive,development_only,Inactive_only,False,False
0.8,56,156,1,156,AEAHESIRLVFHDS,development,0,Inactive,development_only,Inactive_only,False,False
0.8,57,157,1,157,AEGEREARVFTLWLNSL,development,0,Inactive,development_only,Inactive_only,False,False
0.8,58,158,1,158,AEGVATADPLMRLAKQLK,test,0,Inactive,test_only,Inactive_only,False,False
0.8,59,159,1,159,AEHAKVLMDSLTGVWDNFLT,development,0,Inactive,development_only,Inactive_only,False,False
0.8,60,160,1,160,AEHLAKAELTTVFSTLYQKF,development,0,Inactive,development_only,Inactive_only,False,False
0.8,61,161,1,161,AEKAKYDEIFLKT,development,0,Inactive,development_only,Inactive_only,False,False
0.8,62,162,1,162,AFFTIAAVARVLD,development,0,Inactive,development_only,Inactive_only,False,False
0.8,63,163,1,163,AFRHSVKEELNYIRRRLERFPNRL,development,0,Inactive,development_only,Inactive_only,False,False
0.8,64,164,1,164,AGDVLHNVLQMLIIESHS,development,0,Inactive,development_only,Inactive_only,False,False
0.8,65,165,1,165,AGEMVRQARILAQATSDLVNAIKADA,development,0,Inactive,development_only,Inactive_only,False,False
0.8,66,166,1,166,AGNLDIMTSAALATAERMAQSMLN,test,0,Inactive,test_only,Inactive_only,False,False
0.8,67,167,1,167,AHAIGVLLDNL,test,0,Inactive,test_only,Inactive_only,False,False
0.8,68,168,1,168,AIEKEILIEAISS,development,0,Inactive,development_only,Inactive_only,False,False
0.8,69,169,1,169,AKQEKIIIQVALNDITHVVELL,test,0,Inactive,test_only,Inactive_only,False,False
0.8,70,170,1,170,AKVVRTALEDAASVAGLLIT,test,0,Inactive,test_only,Inactive_only,False,False
0.8,71,171,1,171,ALAVAAKPFL,development,0,Inactive,development_only,Inactive_only,False,False
0.8,72,172,1,172,ALGKVIKKWGTTVAKLA,development,0,Inactive,development_only,Inactive_only,False,False
0.8,73,173,1,173,ALYGLLKEEMGEILAK,test,0,Inactive,test_only,Inactive_only,False,False
0.8,74,174,1,174,AMFEQMRANVGKLLKG,development,0,Inactive,development_only,Inactive_only,False,False
0.8,75,175,1,175,APDAEGRAIQAVYWANKWAKEQG,test,0,Inactive,test_only,Inactive_only,False,False
0.8,76,176,1,176,APDLLISLATVLYHLQQ,development,0,Inactive,development_only,Inactive_only,False,False
0.8,77,177,1,177,APEDVRKSSKEVL,test,0,Inactive,test_only,Inactive_only,False,False
0.8,78,178,1,178,APLLNFVRDFVREDAKYLYSSLV,development,0,Inactive,development_only,Inactive_only,False,False
0.8,79,179,1,179,AQTSRWAAMQIGMSFISAY,test,0,Inactive,test_only,Inactive_only,False,False
0.8,80,180,1,180,ARDEAEMEYLKIAQ,development,0,Inactive,development_only,Inactive_only,False,False
0.8,81,181,1,181,ASLPEAIEALTKG,development,0,Inactive,development_only,Inactive_only,False,False
0.8,82,182,1,182,ATLKNLGSVHVSKG,development,0,Inactive,development_only,Inactive_only,False,False
0.8,83,183,1,183,AVDTLVLALAEAT,development,0,Inactive,development_only,Inactive_only,False,False
0.8,84,184,1,184,DAAALFRLHKFLTKW,development,0,Inactive,development_only,Inactive_only,False,False
0.8,85,185,1,185,DAAGLASRHKG,test,0,Inactive,test_only,Inactive_only,False,False
0.8,86,186,1,186,DAENRDLFLALLSV,development,0,Inactive,development_only,Inactive_only,False,False
0.8,87,187,1,187,DAHAWMIGQLKGL,development,0,Inactive,development_only,Inactive_only,False,False
0.8,88,188,1,188,DALEIFKTLFSLVMRFSSYL,development,0,Inactive,development_only,Inactive_only,False,False
0.8,89,189,1,189,DAMLRTSMVATQLVGLAMMRYV,test,0,Inactive,test_only,Inactive_only,False,False
0.8,90,190,1,190,DARAKKLLDKWAKWING,development,0,Inactive,development_only,Inactive_only,False,False
0.8,91,191,1,191,DATAALALTMA,development,0,Inactive,development_only,Inactive_only,False,False
0.8,92,192,1,192,DATLISELQQM,development,0,Inactive,development_only,Inactive_only,False,False
0.8,93,193,1,193,DDADLEKFVIEY,development,0,Inactive,development_only,Inactive_only,False,False
0.8,94,194,1,194,DDETLGVLMWILDRSIH,development,0,Inactive,development_only,Inactive_only,False,False
0.8,95,195,1,195,DDETREELEELLIQA,test,0,Inactive,test_only,Inactive_only,False,False
0.8,96,196,1,196,DDRVQSHILHLEHDLVHVTRKN,development,0,Inactive,development_only,Inactive_only,False,False
0.8,97,197,1,197,DDYLKEQVLHMKQYVSDN,test,0,Inactive,test_only,Inactive_only,False,False
0.8,98,198,1,198,DEAAFQKLMSNLD,test,0,Inactive,test_only,Inactive_only,False,False
0.8,99,199,1,199,DEAGLMRELRLFRRRIMVRIAWAQTL,development,0,Inactive,development_only,Inactive_only,False,False
0.8,100,200,1,200,DEETMERIMRELKKK,development,0,Inactive,development_only,Inactive_only,False,False
0.8,101,201,1,201,DEFTKQHIVGK,development,0,Inactive,development_only,Inactive_only,False,False
0.8,102,202,1,202,DEKAFKNTYRQAMND,development,0,Inactive,development_only,Inactive_only,False,False
0.8,103,203,1,203,DEKKILKDFLIQ,development,0,Inactive,development_only,Inactive_only,False,False
0.8,104,204,1,204,DEKSIITYVSSLYDAM,development,0,Inactive,development_only,Inactive_only,False,False
0.8,105,205,1,205,DELLSKMRFAL,development,0,Inactive,development_only,Inactive_only,False,False
0.8,106,206,1,206,DEPQVQAKIMAYLQQEQSNR,development,0,Inactive,development_only,Inactive_only,False,False
0.8,107,207,1,207,DEQYREGAVRTVASFRERLDR,development,0,Inactive,development_only,Inactive_only,False,False
0.8,108,208,1,208,DERLLQKYRAQVFEWG,development,0,Inactive,development_only,Inactive_only,False,False
0.8,109,209,1,209,DEVLLALAEQLGT,development,0,Inactive,development_only,Inactive_only,False,False
0.8,110,210,1,210,DFAALAQTAHRLKGVFAMLN,development,0,Inactive,development_only,Inactive_only,False,False
0.8,111,211,1,211,DFLEEQYKGQRDLAGKASTLKK,development,0,Inactive,development_only,Inactive_only,False,False
0.8,112,212,1,212,DFPALIKQASLDALFK,test,0,Inactive,test_only,Inactive_only,False,False
0.8,113,213,1,213,DFSETINAYFVAKLL,development,0,Inactive,development_only,Inactive_only,False,False
0.8,114,214,1,214,DGALKRAEELKTQANDYFK,development,0,Inactive,development_only,Inactive_only,False,False
0.8,115,215,1,215,DGFSVLMRAMQQ,development,0,Inactive,development_only,Inactive_only,False,False
0.8,116,216,1,216,DGGGFVISKHPVRLAKKLNR,test,0,Inactive,test_only,Inactive_only,False,False
0.8,117,217,1,217,DHAVLEVLATPVREALLARFG,test,0,Inactive,test_only,Inactive_only,False,False
0.8,118,218,1,218,DIFDFMERWIEKKLEYSASH,development,0,Inactive,development_only,Inactive_only,False,False
0.8,119,219,1,219,DIHAAIEMLLG,development,0,Inactive,development_only,Inactive_only,False,False
0.8,120,220,1,220,DIIGTEITSALKNVYSIAIAWIRGYESRKN,development,0,Inactive,development_only,Inactive_only,False,False
0.8,121,221,1,221,DILREIGMIARALDSISNIEF,development,0,Inactive,development_only,Inactive_only,False,False
0.8,122,222,1,222,DIRAVLRDLSFHLNGHILHSIFWPNM,development,0,Inactive,development_only,Inactive_only,False,False
0.8,123,223,1,223,DIRTSLANDMAIYGDIIEATREHTELAENL,development,0,Inactive,development_only,Inactive_only,False,False
0.8,124,224,1,224,DIYQQVRDELKRAS,development,0,Inactive,development_only,Inactive_only,False,False
0.8,125,225,1,225,DKETMNIHHTK,development,0,Inactive,development_only,Inactive_only,False,False
0.8,126,226,1,226,DLAANNGGWQWS,development,0,Inactive,development_only,Inactive_only,False,False
0.8,127,227,1,227,DLARIEQFLDALWLE,development,0,Inactive,development_only,Inactive_only,False,False
0.8,128,228,1,228,DLEAKKMYFDAVQAIETHL,development,0,Inactive,development_only,Inactive_only,False,False
0.8,129,229,1,229,DLESDALGWQYITG,test,0,Inactive,test_only,Inactive_only,False,False
0.8,130,230,1,230,DLGRKITSALRSLSN,development,0,Inactive,development_only,Inactive_only,False,False
0.8,131,231,1,231,DLKQAESWLHKQAQKEGWSKAARLH,development,0,Inactive,development_only,Inactive_only,False,False
0.8,132,232,1,232,DLKRAESMLQQA,development,0,Inactive,development_only,Inactive_only,False,False
0.8,133,233,1,233,DLKTMTERLRS,development,0,Inactive,development_only,Inactive_only,False,False
0.8,134,234,1,234,DLQLNANAERINVYY,development,0,Inactive,development_only,Inactive_only,False,False
0.8,135,235,1,235,DLRELIARVRALIRRKS,test,0,Inactive,test_only,Inactive_only,False,False
0.8,136,236,1,236,DLSASRSAIDSLNNRMLSQIWSH,development,0,Inactive,development_only,Inactive_only,False,False
0.8,137,237,1,237,DLVDFAVEYFTRLREARRGLEHHH,development,0,Inactive,development_only,Inactive_only,False,False
0.8,138,238,1,238,DMASLQQQRQE,development,0,Inactive,development_only,Inactive_only,False,False
0.8,139,239,1,239,DMNQVLDAYEN,test,0,Inactive,test_only,Inactive_only,False,False
0.8,140,240,1,240,DNAMANQYETLANARQKGIEKYL,development,0,Inactive,development_only,Inactive_only,False,False
0.8,141,241,1,241,DNKTRFKIIKEKLKEF,development,0,Inactive,development_only,Inactive_only,False,False
0.8,142,242,1,242,DNTYLNTAESLYDEF,development,0,Inactive,development_only,Inactive_only,False,False
0.8,143,243,1,243,DNVVLQLQVARFLMKTVAQ,development,0,Inactive,development_only,Inactive_only,False,False
0.8,144,244,1,244,DPARALFAAMSQ,development,0,Inactive,development_only,Inactive_only,False,False
0.8,145,245,1,245,DPATVKKVVNFL,development,0,Inactive,development_only,Inactive_only,False,False
0.8,146,246,1,246,DPAWQGFRELIEKAL,development,0,Inactive,development_only,Inactive_only,False,False
0.8,147,247,1,247,DPEKVLFLAGNLLARLTE,development,0,Inactive,development_only,Inactive_only,False,False
0.8,148,248,1,248,DPETLEAIAEN,development,0,Inactive,development_only,Inactive_only,False,False
0.8,149,249,1,249,DPETNINIGTSYLQYVYQQF,development,0,Inactive,development_only,Inactive_only,False,False
0.8,150,250,1,250,DPKRLQASLQTIVGMVVYSW,development,0,Inactive,development_only,Inactive_only,False,False
0.8,151,251,1,251,DPLRERQVAEKQLAALGDILSA,development,0,Inactive,development_only,Inactive_only,False,False
0.8,152,252,1,252,DPLWKKEMFEKYLSN,test,0,Inactive,test_only,Inactive_only,False,False
0.8,153,253,1,253,DPQKADAVAVN,development,0,Inactive,development_only,Inactive_only,False,False
0.8,154,254,1,254,DPQKRAVVNQRLYFDMGT,development,0,Inactive,development_only,Inactive_only,False,False
0.8,155,255,1,255,DPTKLNHAVAGL,development,0,Inactive,development_only,Inactive_only,False,False
0.8,156,256,1,256,DPYVILITEILL,development,0,Inactive,development_only,Inactive_only,False,False
0.8,157,257,1,257,DQDKIQKAIAAG,development,0,Inactive,development_only,Inactive_only,False,False
0.8,158,258,1,258,DQEDVAQTIRDYD,development,0,Inactive,development_only,Inactive_only,False,False
0.8,159,259,1,259,DQGTLFELILAANYLD,development,0,Inactive,development_only,Inactive_only,False,False
0.8,160,260,1,260,DQHLMAEYRELPRVFGAVRKHVANG,development,0,Inactive,development_only,Inactive_only,False,False
0.8,161,261,1,261,DQNGEIYMWPVAQA,test,0,Inactive,test_only,Inactive_only,False,False
0.8,162,262,1,262,DQQGVFVKGYAM,development,0,Inactive,development_only,Inactive_only,False,False
0.8,163,263,1,263,DRASYEARERHVAERLLMHLEEM,development,0,Inactive,development_only,Inactive_only,False,False
0.8,164,264,1,264,DRAVIEHNLLSASKL,development,0,Inactive,development_only,Inactive_only,False,False
0.8,165,265,1,265,DRQLRSSIERVISIFQS,development,0,Inactive,development_only,Inactive_only,False,False
0.8,166,266,1,266,DRTSFDKLANS,development,0,Inactive,development_only,Inactive_only,False,False
0.8,167,267,1,267,DSEQVVHQLERLIAR,development,0,Inactive,development_only,Inactive_only,False,False
0.8,168,268,1,268,DSGYRSAMSVQSSL,development,0,Inactive,development_only,Inactive_only,False,False
0.8,169,269,1,269,DSMVVLQQRAYEILMTIME,development,0,Inactive,development_only,Inactive_only,False,False
0.8,170,270,1,270,DSSVIISALKTYLVSG,development,0,Inactive,development_only,Inactive_only,False,False
0.8,171,271,1,271,DSVASLLDVVKSTG,test,0,Inactive,test_only,Inactive_only,False,False
0.8,172,272,1,272,DSVTNDIFNVAKASIEKHIWMLQAEL,development,0,Inactive,development_only,Inactive_only,False,False
0.8,173,273,1,273,DTAFLMEQLELREELDEIEQAK,development,0,Inactive,development_only,Inactive_only,False,False
0.8,174,274,1,274,DTMKDAGMQMKKVLDS,development,0,Inactive,development_only,Inactive_only,False,False
0.8,175,275,1,275,DTRAWALAEKLFG,development,0,Inactive,development_only,Inactive_only,False,False
0.8,176,276,1,276,DVALADSFDAL,development,0,Inactive,development_only,Inactive_only,False,False
0.8,177,277,1,277,DVEAVEIMQRIHVLRSQGGFN,development,0,Inactive,development_only,Inactive_only,False,False
0.8,178,278,1,278,DVLAEDTITALLH,development,0,Inactive,development_only,Inactive_only,False,False
0.8,179,279,1,279,DVRVKEYFDDIARYFSIGLLNLIHLFG,development,0,Inactive,development_only,Inactive_only,False,False
0.8,180,280,1,280,DWGEAFTAINL,development,0,Inactive,development_only,Inactive_only,False,False
0.8,181,281,1,281,DWLKRLQKIFPPILSI,development,0,Inactive,development_only,Inactive_only,False,False
0.8,182,282,1,282,DWYRTYAELRETA,test,0,Inactive,test_only,Inactive_only,False,False
0.8,183,283,1,283,DYERFKSYIQTL,development,0,Inactive,development_only,Inactive_only,False,False
0.8,184,284,1,284,EALVHKLTERM,development,0,Inactive,development_only,Inactive_only,False,False
0.8,185,285,1,285,EAQKIDRLVQSFSGAYFQQN,development,0,Inactive,development_only,Inactive_only,False,False
0.8,186,286,1,286,EDDIMYLM,development,0,Inactive,development_only,Inactive_only,False,False
0.8,187,287,1,287,EDDSKLASRKYARIIQKI,development,0,Inactive,development_only,Inactive_only,False,False
0.8,188,288,1,288,EDKEAVFDVVDTLTAVLQVATGVISTL,test,0,Inactive,test_only,Inactive_only,False,False
0.8,189,289,1,289,EDLPKWSGYFEKLLKKN,development,0,Inactive,development_only,Inactive_only,False,False
0.8,190,290,1,290,EDMIFEIFKNYLTKVAYYARQVAEMN,development,0,Inactive,development_only,Inactive_only,False,False
0.8,191,291,1,291,EDNLLRQLAQKV,development,0,Inactive,development_only,Inactive_only,False,False
0.8,192,292,1,292,EELHTSLVEEL,development,0,Inactive,development_only,Inactive_only,False,False
0.8,193,293,1,293,EEMIAEFKAAFDMF,development,0,Inactive,development_only,Inactive_only,False,False
0.8,194,294,1,294,EERVKNGLERLKKAIKSGKQST,development,0,Inactive,development_only,Inactive_only,False,False
0.8,195,295,1,295,EESDIKYKTSKNFINKVY,development,0,Inactive,development_only,Inactive_only,False,False
0.8,196,296,1,296,EEVKKHGTTVLTALGRILKQ,development,0,Inactive,development_only,Inactive_only,False,False
0.8,197,297,1,297,EFPEMLAEIIT,development,0,Inactive,development_only,Inactive_only,False,False
0.8,198,298,1,298,EFRDLHLFLGEAAETAEEVADELAERVQAL,development,0,Inactive,development_only,Inactive_only,False,False
0.8,199,299,1,299,EGDQQLLKRVLVRKL,development,0,Inactive,development_only,Inactive_only,False,False
0.8,200,300,1,300,EGHVAAVEVLRGIHRIADMS,development,0,Inactive,development_only,Inactive_only,False,False
0.8,201,301,1,301,EGKDRELYGKLHETLKKVTEDLEA,test,0,Inactive,test_only,Inactive_only,False,False
0.8,202,302,1,302,EGNKRLDSVNSIVS,test,0,Inactive,test_only,Inactive_only,False,False
0.8,203,303,1,303,EGQQRRIRQQRLISIGKWIADNQ,development,0,Inactive,development_only,Inactive_only,False,False
0.8,204,304,1,304,EGVAWLEAVLRLLAQ,development,0,Inactive,development_only,Inactive_only,False,False
0.8,205,305,1,305,EHEIQEWYKGFLRD,development,0,Inactive,development_only,Inactive_only,False,False
0.8,206,306,1,306,EIEKFRVWISIL,development,0,Inactive,development_only,Inactive_only,False,False
0.8,207,307,1,307,EISEMVRMRERILDSIHLG,development,0,Inactive,development_only,Inactive_only,False,False
0.8,208,308,1,308,EISKLVKKMISSWKDAIN,development,0,Inactive,development_only,Inactive_only,False,False
0.8,209,309,1,309,EKETFREKFMQH,test,0,Inactive,test_only,Inactive_only,False,False
0.8,210,310,1,310,EKNSYRKLVGNLYFVYSAMEEEMAKF,development,0,Inactive,development_only,Inactive_only,False,False
0.8,211,311,1,311,EKVQYLTRSAIRR,development,0,Inactive,development_only,Inactive_only,False,False
0.8,212,312,1,312,EMNYYTVLFGVSRALGVLAQLIWSRAL,development,0,Inactive,development_only,Inactive_only,False,False
0.8,213,313,1,313,EPEEVFKSVLKEMEG,development,0,Inactive,development_only,Inactive_only,False,False
0.8,214,314,1,314,EPEKVDKLQEPLLEALRLYARRRR,development,0,Inactive,development_only,Inactive_only,False,False
0.8,215,315,1,315,EPGQRKIVMHK,test,0,Inactive,test_only,Inactive_only,False,False
0.8,216,316,1,316,EQEILRQVKKAYDRAARLG,test,0,Inactive,test_only,Inactive_only,False,False
0.8,217,317,1,317,EQEVYAQVARL,development,0,Inactive,development_only,Inactive_only,False,False
0.8,218,318,1,318,EQPSLVRTLDQLEDK,development,0,Inactive,development_only,Inactive_only,False,False
0.8,219,319,1,319,ERQEVKQMVVATLAES,development,0,Inactive,development_only,Inactive_only,False,False
0.8,220,320,1,320,ERVRAAMEKLA,development,0,Inactive,development_only,Inactive_only,False,False
0.8,221,321,1,321,ESLYESIRRRYEEL,development,0,Inactive,development_only,Inactive_only,False,False
0.8,222,322,1,322,ESPVRKILRIVFHDAI,development,0,Inactive,development_only,Inactive_only,False,False
0.8,223,323,1,323,ETNIRVALEKSFL,development,0,Inactive,development_only,Inactive_only,False,False
0.8,224,324,1,324,EVKRRFPTKLGAWALIWWLL,development,0,Inactive,development_only,Inactive_only,False,False
0.8,225,325,1,325,EVKRSVNRDFAKWFLIVFI,development,0,Inactive,development_only,Inactive_only,False,False
0.8,226,326,1,326,EVNRNFGERINDLRILILLL,test,0,Inactive,test_only,Inactive_only,False,False
0.8,227,327,1,327,EVVGRVSKLWNEWWLIV,development,0,Inactive,development_only,Inactive_only,False,False
0.8,228,328,1,328,EWQTMVAALQA,development,0,Inactive,development_only,Inactive_only,False,False
0.8,229,329,1,329,EYKYYKLKLAEMQR,test,0,Inactive,test_only,Inactive_only,False,False
0.8,230,330,1,330,FADLFDPVIQERH,development,0,Inactive,development_only,Inactive_only,False,False
0.8,231,331,1,331,FALRLRRVINRIGQAWR,development,0,Inactive,development_only,Inactive_only,False,False
0.8,232,332,1,332,FEVIDTIKAAVENA,development,0,Inactive,development_only,Inactive_only,False,False
0.8,233,333,1,333,FFSFELVESINDVKKSLR,development,0,Inactive,development_only,Inactive_only,False,False
0.8,234,334,1,334,FGLKVLGWYSEMKRNVQRLERAIEEV,development,0,Inactive,development_only,Inactive_only,False,False
0.8,235,335,1,335,FHSVAEQF,development,0,Inactive,development_only,Inactive_only,False,False
0.8,236,336,1,336,FIAVHEMLDGFRTALIDHLDTMAERAVQ,development,0,Inactive,development_only,Inactive_only,False,False
0.8,237,337,1,337,FKATIADLSKKR,development,0,Inactive,development_only,Inactive_only,False,False
0.8,238,338,1,338,FKEAIEAIAESA,development,0,Inactive,development_only,Inactive_only,False,False
0.8,239,339,1,339,FKGKIIKKVISTGAKLI,development,0,Inactive,development_only,Inactive_only,False,False
0.8,240,340,1,340,FKSIYRFFEHGLK,development,0,Inactive,development_only,Inactive_only,False,False
0.8,241,341,1,341,FKSVQNSLQRILYLWAIRH,test,0,Inactive,test_only,Inactive_only,False,False
0.8,242,342,1,342,FLDQNMLAVIDELMQAL,development,0,Inactive,development_only,Inactive_only,False,False
0.8,243,343,1,343,FLLKKLKKVATGFAKG,development,0,Inactive,development_only,Inactive_only,False,False
0.8,244,344,1,344,FLLSKAKDAKSSAEGAV,development,0,Inactive,development_only,Inactive_only,False,False
0.8,245,345,1,345,FNQRRISSAKFLGELYNY,test,0,Inactive,test_only,Inactive_only,False,False
0.8,246,346,1,346,FNRMFEKSTHHYTDSVGGILR,development,0,Inactive,development_only,Inactive_only,False,False
0.8,247,347,1,347,FPLLVDHTSREADYFRKRLIQLNEG,development,0,Inactive,development_only,Inactive_only,False,False
0.8,248,348,1,348,FPNLASAAFYWSKKEN,development,0,Inactive,development_only,Inactive_only,False,False
0.8,249,349,1,349,FPQLTQNNSRE,test,0,Inactive,test_only,Inactive_only,False,False
0.8,250,350,1,350,FSALNIAVHELSDVGRAIVRN,development,0,Inactive,development_only,Inactive_only,False,False
0.8,251,351,1,351,FSEFIQALSVTSRG,development,0,Inactive,development_only,Inactive_only,False,False
0.8,252,352,1,352,FTELQRDFLRN,test,0,Inactive,test_only,Inactive_only,False,False
0.8,253,353,1,353,FTRIIKAAG,development,0,Inactive,development_only,Inactive_only,False,False
0.8,254,354,1,354,FVPVFFVVVRRR,development,0,Inactive,development_only,Inactive_only,False,False
0.8,255,355,1,355,FYQTFFDEADELLADMEQHLLDL,development,0,Inactive,development_only,Inactive_only,False,False
0.8,256,356,1,356,GAFRKLLQSAKDN,development,0,Inactive,development_only,Inactive_only,False,False
0.8,257,357,1,357,GAGTSVNMNTNEVLANIGLELM,test,0,Inactive,test_only,Inactive_only,False,False
0.8,258,358,1,358,GAPLARMEVTLALESLFGRF,development,0,Inactive,development_only,Inactive_only,False,False
0.8,259,359,1,359,GAQYIQAAGVALGLKMR,test,0,Inactive,test_only,Inactive_only,False,False
0.8,260,360,1,360,GAVAIARVFSY,development,0,Inactive,development_only,Inactive_only,False,False
0.8,261,361,1,361,GEAEIASLKSQIRA,development,0,Inactive,development_only,Inactive_only,False,False
0.8,262,362,1,362,GEAYLLLERYVAFLRA,development,0,Inactive,development_only,Inactive_only,False,False
0.8,263,363,1,363,GEDAILKKVAEEAAETLMASKD,development,0,Inactive,development_only,Inactive_only,False,False
0.8,264,364,1,364,GEGWAKSILFN,test,0,Inactive,test_only,Inactive_only,False,False
0.8,265,365,1,365,GEKRAEEIKKILMT,development,0,Inactive,development_only,Inactive_only,False,False
0.8,266,366,1,366,GFFGWFNRMFEKSTHHYTDSVGGI,test,0,Inactive,test_only,Inactive_only,False,False
0.8,267,367,1,367,GFKNEVRTPVTKFRIVFFVV,development,0,Inactive,development_only,Inactive_only,False,False
0.8,268,368,1,368,GFMIWHPKMDEYMEEIDGYLDEMSERLITL,development,0,Inactive,development_only,Inactive_only,False,False
0.8,269,369,1,369,GFSVQRRLWLAS,test,0,Inactive,test_only,Inactive_only,False,False
0.8,270,370,1,370,GFYPMVAAQRI,test,0,Inactive,test_only,Inactive_only,False,False
0.8,271,371,1,371,GGFAAAIARRA,development,0,Inactive,development_only,Inactive_only,False,False
0.8,272,372,1,372,GGKEALAIENFADAL,test,0,Inactive,test_only,Inactive_only,False,False
0.8,273,373,1,373,GGSSGVLMSIFFTAAGQKLEQ,development,0,Inactive,development_only,Inactive_only,False,False
0.8,274,374,1,374,GHNLISLLEVLSG,development,0,Inactive,development_only,Inactive_only,False,False
0.8,275,375,1,375,GIHELAVFAEEH,development,0,Inactive,development_only,Inactive_only,False,False
0.8,276,376,1,376,GKASLRAAELYSKY,development,0,Inactive,development_only,Inactive_only,False,False
0.8,277,377,1,377,GKDAAAEEISQLLYHVQVMMVARG,development,0,Inactive,development_only,Inactive_only,False,False
0.8,278,378,1,378,GKKGPKFIQAVASLKA,development,0,Inactive,development_only,Inactive_only,False,False
0.8,279,379,1,379,GKSNMMDAISFVL,development,0,Inactive,development_only,Inactive_only,False,False
0.8,280,380,1,380,GKTTAALALARELFG,development,0,Inactive,development_only,Inactive_only,False,False
0.8,281,381,1,381,GKTTFVKRHLTG,development,0,Inactive,development_only,Inactive_only,False,False
0.8,282,382,1,382,GKTTILYRLQVG,development,0,Inactive,development_only,Inactive_only,False,False
0.8,283,383,1,383,GLEKLEESIYRE,development,0,Inactive,development_only,Inactive_only,False,False
0.8,284,384,1,384,GLFDKVKSLVPKIAKAV,development,0,Inactive,development_only,Inactive_only,False,False
0.8,285,385,1,385,GLFDVIGSQAGGAAPHFLG,development,0,Inactive,development_only,Inactive_only,False,False
0.8,286,386,1,386,GLFKLIKFAKKKSPGAF,development,0,Inactive,development_only,Inactive_only,False,False
0.8,287,387,1,387,GLGKIIGKVKKSLLKSI,development,0,Inactive,development_only,Inactive_only,False,False
0.8,288,388,1,388,GLGLVLKIAVNAFLKLVA,test,0,Inactive,test_only,Inactive_only,False,False
0.8,289,389,1,389,GLLDIAGGNAETLAGHAV,development,0,Inactive,development_only,Inactive_only,False,False
0.8,290,390,1,390,GLNAELTRYTLSLMVLERKLSSA,development,0,Inactive,development_only,Inactive_only,False,False
0.8,291,391,1,391,GLTSLMAIDKL,test,0,Inactive,test_only,Inactive_only,False,False
0.8,292,392,1,392,GLWAIAVKAGKVILKLIVFIWIRV,test,0,Inactive,test_only,Inactive_only,False,False
0.8,293,393,1,393,GLWKSLGAVVKRVEGLWVGLF,development,0,Inactive,development_only,Inactive_only,False,False
0.8,294,394,1,394,GNFADLLAHSDGLIKNISDDLRALDKLI,test,0,Inactive,test_only,Inactive_only,False,False
0.8,295,395,1,395,GNYLRAEILYRLK,development,0,Inactive,development_only,Inactive_only,False,False
0.8,296,396,1,396,GPDMTAMVALIASV,test,0,Inactive,test_only,Inactive_only,False,False
0.8,297,397,1,397,GPKDAVVKVFNQWG,test,0,Inactive,test_only,Inactive_only,False,False
0.8,298,398,1,398,GPKKAQLIVGWRELHG,development,0,Inactive,development_only,Inactive_only,False,False
0.8,299,399,1,399,GSDFLIHFIDE,development,0,Inactive,development_only,Inactive_only,False,False
0.8,300,400,1,400,GSHANEFFFRA,development,0,Inactive,development_only,Inactive_only,False,False
0.8,301,401,1,401,GTLRHAANAAFIMLEAAEL,development,0,Inactive,development_only,Inactive_only,False,False
0.8,302,402,1,402,GTTTAVIIAGGLLQQAQGLIN,development,0,Inactive,development_only,Inactive_only,False,False
0.8,303,403,1,403,GVSGLAAARQLQSF,development,0,Inactive,development_only,Inactive_only,False,False
0.8,304,404,1,404,GWQNELLLLLRYLDEN,development,0,Inactive,development_only,Inactive_only,False,False
0.8,305,405,1,405,GYKKVSKSYTGEWKKYLNSL,development,0,Inactive,development_only,Inactive_only,False,False
0.8,306,406,1,406,HAHASAIAKAYASEIAFEAANQAIQIHG,development,0,Inactive,development_only,Inactive_only,False,False
0.8,307,407,1,407,HALRTIVFELLTRH,test,0,Inactive,test_only,Inactive_only,False,False
0.8,308,408,1,408,HDKHIEIVVRQM,development,0,Inactive,development_only,Inactive_only,False,False
0.8,309,409,1,409,HDLVTDGLITLYIETK,development,0,Inactive,development_only,Inactive_only,False,False
0.8,310,410,1,410,HFGSLLLLAAWLAEN,development,0,Inactive,development_only,Inactive_only,False,False
0.8,311,411,1,411,HGLVKAGHPLKRKLGH,test,0,Inactive,test_only,Inactive_only,False,False
0.8,312,412,1,412,HHKAYVDGANTALDKLAEARDK,development,0,Inactive,development_only,Inactive_only,False,False
0.8,313,413,1,413,HKEMAKAFEEW,development,0,Inactive,development_only,Inactive_only,False,False
0.8,314,414,1,414,HLDLINMMSRLAREELVHHEQVLRLMKRR,development,0,Inactive,development_only,Inactive_only,False,False
0.8,315,415,1,415,HMKMRSQLLIVLQEHLRN,development,0,Inactive,development_only,Inactive_only,False,False
0.8,316,416,1,416,HPAFIAHADRVLGGLDIAIST,test,0,Inactive,test_only,Inactive_only,False,False
0.8,317,417,1,417,HPFYQALGQLARLTLAQWQAQL,development,0,Inactive,development_only,Inactive_only,False,False
0.8,318,418,1,418,HQAAMQMLKETINEEAAEWDRLH,development,0,Inactive,development_only,Inactive_only,False,False
0.8,319,419,1,419,HSATRAAMLVRINT,test,0,Inactive,test_only,Inactive_only,False,False
0.8,320,420,1,420,HSDWISNANKVRVIYWQMT,development,0,Inactive,development_only,Inactive_only,False,False
0.8,321,421,1,421,HSRRGLLKMVGKRRRLLAYLRNK,development,0,Inactive,development_only,Inactive_only,False,False
0.8,322,422,1,422,HTFLDDIVGAIAAAAASRLAHSYHD,development,0,Inactive,development_only,Inactive_only,False,False
0.8,323,423,1,423,HVVDEKARLIYED,development,0,Inactive,development_only,Inactive_only,False,False
0.8,324,424,1,424,HWDKVADMVANFAHEIDTYG,test,0,Inactive,test_only,Inactive_only,False,False
0.8,325,425,1,425,IAMVNGLMGVLDKLAHLIDE,development,0,Inactive,development_only,Inactive_only,False,False
0.8,326,426,1,426,IASEFKNIATNS,development,0,Inactive,development_only,Inactive_only,False,False
0.8,327,427,1,427,IDDLRVIARENLERRRK,development,0,Inactive,development_only,Inactive_only,False,False
0.8,328,428,1,428,IDDSVNNLIPFMQKH,test,0,Inactive,test_only,Inactive_only,False,False
0.8,329,429,1,429,IEEATEFYENDV,development,0,Inactive,development_only,Inactive_only,False,False
0.8,330,430,1,430,IEFRKAFLKIL,development,0,Inactive,development_only,Inactive_only,False,False
0.8,331,431,1,431,IGVQQHADKVQRALGEAIDD,development,0,Inactive,development_only,Inactive_only,False,False
0.8,332,432,1,432,IHNVVGKL,development,0,Inactive,development_only,Inactive_only,False,False
0.8,333,433,1,433,IKPLNNFAAEVGKIRDS,test,0,Inactive,test_only,Inactive_only,False,False
0.8,334,434,1,434,IMELLGTVIQHEGIHQGQYYVALKQSG,test,0,Inactive,test_only,Inactive_only,False,False
0.8,335,435,1,435,IPAAKINWDRDIEYMAGILEN,development,0,Inactive,development_only,Inactive_only,False,False
0.8,336,436,1,436,IPAVANWIKRR,development,0,Inactive,development_only,Inactive_only,False,False
0.8,337,437,1,437,IPEAKSFYGFQIMIENIHSETYSLLIDTYI,development,0,Inactive,development_only,Inactive_only,False,False
0.8,338,438,1,438,IRVNATKAYEMAL,development,0,Inactive,development_only,Inactive_only,False,False
0.8,339,439,1,439,KDAENHKAYLKSH,test,0,Inactive,test_only,Inactive_only,False,False
0.8,340,440,1,440,KDFETLKVDFLSKLPEMLKMFEDRL,development,0,Inactive,development_only,Inactive_only,False,False
0.8,341,441,1,441,KDTVIEDIIDKTFEEAD,development,0,Inactive,development_only,Inactive_only,False,False
0.8,342,442,1,442,KEDIHRSLVEELTKISAKEK,development,0,Inactive,development_only,Inactive_only,False,False
0.8,343,443,1,443,KEEGYFYFRSRLSQ,development,0,Inactive,development_only,Inactive_only,False,False
0.8,344,444,1,444,KEEVQKVLEDA,development,0,Inactive,development_only,Inactive_only,False,False
0.8,345,445,1,445,KEIAEKMVEGRMKKFTGEV,development,0,Inactive,development_only,Inactive_only,False,False
0.8,346,446,1,446,KFLKKWEGIWATFKPALSAVV,development,0,Inactive,development_only,Inactive_only,False,False
0.8,347,447,1,447,KFLRFILKWFKVIFQ,development,0,Inactive,development_only,Inactive_only,False,False
0.8,348,448,1,448,KFLTKLKNIVANIRIWWVILL,development,0,Inactive,development_only,Inactive_only,False,False
0.8,349,449,1,449,KGQEYINNIHL,development,0,Inactive,development_only,Inactive_only,False,False
0.8,350,450,1,450,KHFDFLAEFNAKAND,development,0,Inactive,development_only,Inactive_only,False,False
0.8,351,451,1,451,KHHAAYVNNLNNALKK,test,0,Inactive,test_only,Inactive_only,False,False
0.8,352,452,1,452,KIPDDLQADFNKFR,test,0,Inactive,test_only,Inactive_only,False,False
0.8,353,453,1,453,KKAEAVATVVAAVDQARVR,test,0,Inactive,test_only,Inactive_only,False,False
0.8,354,454,1,454,KKDVKLILDTILETITEALAK,development,0,Inactive,development_only,Inactive_only,False,False
0.8,355,455,1,455,KKEELQRSLNILTAF,development,0,Inactive,development_only,Inactive_only,False,False
0.8,356,456,1,456,KKQELLEALTKHFQ,development,0,Inactive,development_only,Inactive_only,False,False
0.8,357,457,1,457,KKTAERLIVEMKDRFKG,development,0,Inactive,development_only,Inactive_only,False,False
0.8,358,458,1,458,KKVKGYKRALTE,development,0,Inactive,development_only,Inactive_only,False,False
0.8,359,459,1,459,KLDSRFDNNLGKFRFVLLLFV,test,0,Inactive,test_only,Inactive_only,False,False
0.8,360,460,1,460,KLEEKFPQVAAT,development,0,Inactive,development_only,Inactive_only,False,False
0.8,361,461,1,461,KLKELALIFISNLVAN,test,0,Inactive,test_only,Inactive_only,False,False
0.8,362,462,1,462,KNIKRNVEKIIAQWDERTRK,development,0,Inactive,development_only,Inactive_only,False,False
0.8,363,463,1,463,KPEEVEQIKLYVMSREYEDYMAR,development,0,Inactive,development_only,Inactive_only,False,False
0.8,364,464,1,464,KPEQYNIVGEHLLATLDEMFS,test,0,Inactive,test_only,Inactive_only,False,False
0.8,365,465,1,465,KPQELLSLIIERFE,test,0,Inactive,test_only,Inactive_only,False,False
0.8,366,466,1,466,KPQERADLISYLKEATS,development,0,Inactive,development_only,Inactive_only,False,False
0.8,367,467,1,467,KPWLSVILFLIRERSR,development,0,Inactive,development_only,Inactive_only,False,False
0.8,368,468,1,468,KQAEAEEFVQTLGQSLA,development,0,Inactive,development_only,Inactive_only,False,False
0.8,369,469,1,469,KQLTAIAALAE,test,0,Inactive,test_only,Inactive_only,False,False
0.8,370,470,1,470,KREIIHAVLTGLALDQLAEQ,development,0,Inactive,development_only,Inactive_only,False,False
0.8,371,471,1,471,KREVQNAILTGIQLDKLAED,development,0,Inactive,development_only,Inactive_only,False,False
0.8,372,472,1,472,KSEALAKMWGQRK,development,0,Inactive,development_only,Inactive_only,False,False
0.8,373,473,1,473,KTASTGFAELLKDRREQV,development,0,Inactive,development_only,Inactive_only,False,False
0.8,374,474,1,474,KTFRTTFKTLL,development,0,Inactive,development_only,Inactive_only,False,False
0.8,375,475,1,475,KVAEFERLFRQAAG,development,0,Inactive,development_only,Inactive_only,False,False
0.8,376,476,1,476,KVNRAVAAEIRNWTWVFLIW,development,0,Inactive,development_only,Inactive_only,False,False
0.8,377,477,1,477,KVRETREILDIIDTVYNS,development,0,Inactive,development_only,Inactive_only,False,False
0.8,378,478,1,478,KVRGLIEIISN,test,0,Inactive,test_only,Inactive_only,False,False
0.8,379,479,1,479,KVSDILTVAIRLEEEGERFYRELS,development,0,Inactive,development_only,Inactive_only,False,False
0.8,380,480,1,480,KVVDNFENILII,development,0,Inactive,development_only,Inactive_only,False,False
0.8,381,481,1,481,KVWKGVKTIIADVWQV,development,0,Inactive,development_only,Inactive_only,False,False
0.8,382,482,1,482,KWEAEKIHIGFRQAY,development,0,Inactive,development_only,Inactive_only,False,False
0.8,383,483,1,483,KWVRIWIKVLRGLFVWVWFF,development,0,Inactive,development_only,Inactive_only,False,False
0.8,384,484,1,484,KYDHFAGRAYVRLHQD,development,0,Inactive,development_only,Inactive_only,False,False
0.8,385,485,1,485,LADLQEQLYNG,development,0,Inactive,development_only,Inactive_only,False,False
0.8,386,486,1,486,LDAYINLGNVLKEA,development,0,Inactive,development_only,Inactive_only,False,False
0.8,387,487,1,487,LDEAATRSKAWMVDALA,development,0,Inactive,development_only,Inactive_only,False,False
0.8,388,488,1,488,LEARMKQFKDMLLER,development,0,Inactive,development_only,Inactive_only,False,False
0.8,389,489,1,489,LEEFDKVSKNVD,development,0,Inactive,development_only,Inactive_only,False,False
0.8,390,490,1,490,LEPIKAWIEKR,test,0,Inactive,test_only,Inactive_only,False,False
0.8,391,491,1,491,LEQVEFKLNQLLENL,test,0,Inactive,test_only,Inactive_only,False,False
0.8,392,492,1,492,LHDAIHMAADNAV,development,0,Inactive,development_only,Inactive_only,False,False
0.8,393,493,1,493,LKRAEALIHLANAALE,test,0,Inactive,test_only,Inactive_only,False,False
0.8,394,494,1,494,LKYVGMVLNEALRLW,development,0,Inactive,development_only,Inactive_only,False,False
0.8,395,495,1,495,LLNIRREFIEKY,development,0,Inactive,development_only,Inactive_only,False,False
0.8,396,496,1,496,LLPALLQQIGREN,development,0,Inactive,development_only,Inactive_only,False,False
0.8,397,497,1,497,LLTEVETYVLSI,test,0,Inactive,test_only,Inactive_only,False,False
0.8,398,498,1,498,LMEPVREAAGRLADA,development,0,Inactive,development_only,Inactive_only,False,False
0.8,399,499,1,499,LMGHQKKILGSIQTMRAQLT,development,0,Inactive,development_only,Inactive_only,False,False
0.8,400,500,1,500,LNNFSRYFLHQSREETEHAEKLMRLQNQRG,development,0,Inactive,development_only,Inactive_only,False,False
0.8,401,501,1,501,LPEDQELLFQSASLELFVLRLAYRA,test,0,Inactive,test_only,Inactive_only,False,False
0.8,402,502,1,502,LPHFYELFSLWA,development,0,Inactive,development_only,Inactive_only,False,False
0.8,403,503,1,503,LPIHYKLSQEFFLKAYEN,development,0,Inactive,development_only,Inactive_only,False,False
0.8,404,504,1,504,LQAPLQRRILEIGKKH,development,0,Inactive,development_only,Inactive_only,False,False
0.8,405,505,1,505,LQMEFKYLAYLTG,development,0,Inactive,development_only,Inactive_only,False,False
0.8,406,506,1,506,LQNAIIEFYTEYY,development,0,Inactive,development_only,Inactive_only,False,False
0.8,407,507,1,507,LQWYVSEQHEEEALFRGIVDKIKLIG,test,0,Inactive,test_only,Inactive_only,False,False
0.8,408,508,1,508,LREIVENMIKSSLERAIAAY,development,0,Inactive,development_only,Inactive_only,False,False
0.8,409,509,1,509,LRSWFRERLIAHRLASVNL,development,0,Inactive,development_only,Inactive_only,False,False
0.8,410,510,1,510,LRTYFMERLRHYRQLSL,development,0,Inactive,development_only,Inactive_only,False,False
0.8,411,511,1,511,LSTVSNFFMNA,development,0,Inactive,development_only,Inactive_only,False,False
0.8,412,512,1,512,LVGALMHVMQKRSR,test,0,Inactive,test_only,Inactive_only,False,False
0.8,413,513,1,513,LVLPIAQALKVLG,test,0,Inactive,test_only,Inactive_only,False,False
0.8,414,514,1,514,MEALKKQILQI,development,0,Inactive,development_only,Inactive_only,False,False
0.8,415,515,1,515,MEKLNQLWEKAQRLH,development,0,Inactive,development_only,Inactive_only,False,False
0.8,416,516,1,516,MLEEYRKHVAERAAE,test,0,Inactive,test_only,Inactive_only,False,False
0.8,417,517,1,517,MPEVFNYLGIYLTQA,test,0,Inactive,test_only,Inactive_only,False,False
0.8,418,518,1,518,MPGTATHTVKMFS,test,0,Inactive,test_only,Inactive_only,False,False
0.8,419,519,1,519,MPYTDAVVHEVQRYID,test,0,Inactive,test_only,Inactive_only,False,False
0.8,420,520,1,520,MTDQQAEARAF,development,0,Inactive,development_only,Inactive_only,False,False
0.8,421,521,1,521,MVFKQMEQVAQFLKAAEDY,development,0,Inactive,development_only,Inactive_only,False,False
0.8,422,522,1,522,MYSNRMRSYKQEMGKLETDFKRSRI,development,0,Inactive,development_only,Inactive_only,False,False
0.8,423,523,1,523,NAAGWDLLLTLYRSA,development,0,Inactive,development_only,Inactive_only,False,False
0.8,424,524,1,524,NAAQLDALAHALLEIPRFSYATR,development,0,Inactive,development_only,Inactive_only,False,False
0.8,425,525,1,525,NAGQANEFFNEFWS,development,0,Inactive,development_only,Inactive_only,False,False
0.8,426,526,1,526,NAKIARINELAAKAKAGV,development,0,Inactive,development_only,Inactive_only,False,False
0.8,427,527,1,527,NAKYVAEATGNFITVMDALKL,development,0,Inactive,development_only,Inactive_only,False,False
0.8,428,528,1,528,NASRTVGVVAALL,development,0,Inactive,development_only,Inactive_only,False,False
0.8,429,529,1,529,NDAEVKKIAAQYGKD,development,0,Inactive,development_only,Inactive_only,False,False
0.8,430,530,1,530,NDEETVALTAGGHT,development,0,Inactive,development_only,Inactive_only,False,False
0.8,431,531,1,531,NEEVRIEAIIGLSYR,development,0,Inactive,development_only,Inactive_only,False,False
0.8,432,532,1,532,NEQDLGIQYKALKPEVDKLNIMAAKRQQEL,test,0,Inactive,test_only,Inactive_only,False,False
0.8,433,533,1,533,NEYIMSLISDN,development,0,Inactive,development_only,Inactive_only,False,False
0.8,434,534,1,534,NFKDVIETAKKVMNF,test,0,Inactive,test_only,Inactive_only,False,False
0.8,435,535,1,535,NGETFLTELLD,test,0,Inactive,test_only,Inactive_only,False,False
0.8,436,536,1,536,NGLEVVKALAQG,development,0,Inactive,development_only,Inactive_only,False,False
0.8,437,537,1,537,NIDEIERKIDEAIEKE,development,0,Inactive,development_only,Inactive_only,False,False
0.8,438,538,1,538,NIDSYLNAVNIINIFKIIG,test,0,Inactive,test_only,Inactive_only,False,False
0.8,439,539,1,539,NIEQLWRDYNKYEEGIN,development,0,Inactive,development_only,Inactive_only,False,False
0.8,440,540,1,540,NILKQIFKLLQA,development,0,Inactive,development_only,Inactive_only,False,False
0.8,441,541,1,541,NINELFIEISRRI,development,0,Inactive,development_only,Inactive_only,False,False
0.8,442,542,1,542,NIPKHTHRFFILVLEI,development,0,Inactive,development_only,Inactive_only,False,False
0.8,443,543,1,543,NKDQWEERIQVWHEEH,development,0,Inactive,development_only,Inactive_only,False,False
0.8,444,544,1,544,NKEEMMDIVKAIYDMMG,test,0,Inactive,test_only,Inactive_only,False,False
0.8,445,545,1,545,NKLVDRWLHVRKHLLVAYYNLVG,development,0,Inactive,development_only,Inactive_only,False,False
0.8,446,546,1,546,NKQADSIKQMEERNKKRVENFKKTG,test,0,Inactive,test_only,Inactive_only,False,False
0.8,447,547,1,547,NKRAVDWAMRAAMAL,development,0,Inactive,development_only,Inactive_only,False,False
0.8,448,548,1,548,NKSVGAVYAILYLS,development,0,Inactive,development_only,Inactive_only,False,False
0.8,449,549,1,549,NLDSIQEELADVIAWTVSIANLEG,development,0,Inactive,development_only,Inactive_only,False,False
0.8,450,550,1,550,NLEQTARRWLEERG,development,0,Inactive,development_only,Inactive_only,False,False
0.8,451,551,1,551,NLESEIHTVLKHLVENN,development,0,Inactive,development_only,Inactive_only,False,False
0.8,452,552,1,552,NLFDHFSAVAQRL,development,0,Inactive,development_only,Inactive_only,False,False
0.8,453,553,1,553,NLFPIVFGVIFDA,development,0,Inactive,development_only,Inactive_only,False,False
0.8,454,554,1,554,NLLYDIVKENG,test,0,Inactive,test_only,Inactive_only,False,False
0.8,455,555,1,555,NLNQSIDNFVNMAFFA,development,0,Inactive,development_only,Inactive_only,False,False
0.8,456,556,1,556,NLSTLAALVAAAG,development,0,Inactive,development_only,Inactive_only,False,False
0.8,457,557,1,557,NLTQLKASFAVQ,development,0,Inactive,development_only,Inactive_only,False,False
0.8,458,558,1,558,NLVADMRFNVVRESEARLQVSRLYS,development,0,Inactive,development_only,Inactive_only,False,False
0.8,459,559,1,559,NNAITKGFTALEKLLV,development,0,Inactive,development_only,Inactive_only,False,False
0.8,460,560,1,560,NPAAEKMQVLQVLDRLRGKLQEKG,development,0,Inactive,development_only,Inactive_only,False,False
0.8,461,561,1,561,NPAQYLAQHEQLL,development,0,Inactive,development_only,Inactive_only,False,False
0.8,462,562,1,562,NPARALYQTVRELIENSLDA,test,0,Inactive,test_only,Inactive_only,False,False
0.8,463,563,1,563,NPEILLARVKRFLERE,test,0,Inactive,test_only,Inactive_only,False,False
0.8,464,564,1,564,NPERVLLQLKYRYDVEI,development,0,Inactive,development_only,Inactive_only,False,False
0.8,465,565,1,565,NPGQAIWLGEFSKRH,development,0,Inactive,development_only,Inactive_only,False,False
0.8,466,566,1,566,NPMIIEGQIHGGLTEGYAVAMG,development,0,Inactive,development_only,Inactive_only,False,False
0.8,467,567,1,567,NPQVLADIGAEAT,test,0,Inactive,test_only,Inactive_only,False,False
0.8,468,568,1,568,NPRWIGRHKHMFNFLD,development,0,Inactive,development_only,Inactive_only,False,False
0.8,469,569,1,569,NPVLQQHFRNLEALAL,test,0,Inactive,test_only,Inactive_only,False,False
0.8,470,570,1,570,NQDELEGYNLFKGSG,test,0,Inactive,test_only,Inactive_only,False,False
0.8,471,571,1,571,NQPFALEMIKSRQKKD,development,0,Inactive,development_only,Inactive_only,False,False
0.8,472,572,1,572,NQRALLKSLQDYRQHLDQLITLISN,development,0,Inactive,development_only,Inactive_only,False,False
0.8,473,573,1,573,NREANLQALIATG,test,0,Inactive,test_only,Inactive_only,False,False
0.8,474,574,1,574,NRKMAMGRKKFNMD,development,0,Inactive,development_only,Inactive_only,False,False
0.8,475,575,1,575,NSDQDAGIAIIRRAL,development,0,Inactive,development_only,Inactive_only,False,False
0.8,476,576,1,576,NSNHQMLLVQQAEDKIKELLNT,test,0,Inactive,test_only,Inactive_only,False,False
0.8,477,577,1,577,NSNTFLTRLLVHM,development,0,Inactive,development_only,Inactive_only,False,False
0.8,478,578,1,578,NSREREMFVQEVRRYY,test,0,Inactive,test_only,Inactive_only,False,False
0.8,479,579,1,579,NSSDSIDWLTSM,development,0,Inactive,development_only,Inactive_only,False,False
0.8,480,580,1,580,NSVLRAVAEVYA,test,0,Inactive,test_only,Inactive_only,False,False
0.8,481,581,1,581,NTDTLERVTEIFKALG,test,0,Inactive,test_only,Inactive_only,False,False
0.8,482,582,1,582,NTEKLLKTVPIIQNQMDALLD,development,0,Inactive,development_only,Inactive_only,False,False
0.8,483,583,1,583,NTPEAYSVLFDMAREVNRLKAED,development,0,Inactive,development_only,Inactive_only,False,False
0.8,484,584,1,584,NVGKAWAEDVLALVKH,development,0,Inactive,development_only,Inactive_only,False,False
0.8,485,585,1,585,NVKDLADAAKRT,development,0,Inactive,development_only,Inactive_only,False,False
0.8,486,586,1,586,NVKDVTKLVAN,development,0,Inactive,development_only,Inactive_only,False,False
0.8,487,587,1,587,NWDDMEKIWHHTFYN,development,0,Inactive,development_only,Inactive_only,False,False
0.8,488,588,1,588,NYAHLNRGIALYYG,development,0,Inactive,development_only,Inactive_only,False,False
0.8,489,589,1,589,NYEEIYILNHILR,development,0,Inactive,development_only,Inactive_only,False,False
0.8,490,590,1,590,NYEKFSETKERLLEKF,development,0,Inactive,development_only,Inactive_only,False,False
0.8,491,591,1,591,PAERYYRDARIT,development,0,Inactive,development_only,Inactive_only,False,False
0.8,492,592,1,592,PALDILKALVDNLYVEN,development,0,Inactive,development_only,Inactive_only,False,False
0.8,493,593,1,593,PATSRKIFKYIRELDE,development,0,Inactive,development_only,Inactive_only,False,False
0.8,494,594,1,594,PDEVSALRRTTEKNTTTLINLAKQH,development,0,Inactive,development_only,Inactive_only,False,False
0.8,495,595,1,595,PDFRKAFKRLL,development,0,Inactive,development_only,Inactive_only,False,False
0.8,496,596,1,596,PDIKAQYQQRWL,development,0,Inactive,development_only,Inactive_only,False,False
0.8,497,597,1,597,PDYREVMETFQE,development,0,Inactive,development_only,Inactive_only,False,False
0.8,498,598,1,598,PEALTVAATEVRRIRDRAIQSDAQVAPMTT,development,0,Inactive,development_only,Inactive_only,False,False
0.8,499,599,1,599,PEDFANHLFTVFD,development,0,Inactive,development_only,Inactive_only,False,False
0.8,500,600,1,600,PEKEAVTLGIKALKSSL,test,0,Inactive,test_only,Inactive_only,False,False
0.8,501,601,1,601,PEVQIAILTEQINNLNEHLRV,development,0,Inactive,development_only,Inactive_only,False,False
0.8,502,602,1,602,PEYEHLYTELTGTIVLLIES,test,0,Inactive,test_only,Inactive_only,False,False
0.8,503,603,1,603,PGLRRAWKRLQ,development,0,Inactive,development_only,Inactive_only,False,False
0.8,504,604,1,604,PGRIQRVARGS,development,0,Inactive,development_only,Inactive_only,False,False
0.8,505,605,1,605,PIAFIHKAI,development,0,Inactive,development_only,Inactive_only,False,False
0.8,506,606,1,606,PIDIDYMISDTLELLR,development,0,Inactive,development_only,Inactive_only,False,False
0.8,507,607,1,607,PIEAFLRLNEELEERG,development,0,Inactive,development_only,Inactive_only,False,False
0.8,508,608,1,608,PIKFIRKA,test,0,Inactive,test_only,Inactive_only,False,False
0.8,509,609,1,609,PKAYAQHVFRS,development,0,Inactive,development_only,Inactive_only,False,False
0.8,510,610,1,610,PKPLVSFFQSLLQLVNHDLLEQQN,development,0,Inactive,development_only,Inactive_only,False,False
0.8,511,611,1,611,PLEELFLEQLEA,development,0,Inactive,development_only,Inactive_only,False,False
0.8,512,612,1,612,PLGRLIHMVNQKKDRLLNEYLS,development,0,Inactive,development_only,Inactive_only,False,False
0.8,513,613,1,613,PLTKGILGFVFTLT,development,0,Inactive,development_only,Inactive_only,False,False
0.8,514,614,1,614,PNDMSRIFNIVKESL,test,0,Inactive,test_only,Inactive_only,False,False
0.8,515,615,1,615,PNGPTHAPWLLAHKIQ,test,0,Inactive,test_only,Inactive_only,False,False
0.8,516,616,1,616,PQHERDVIYEEES,development,0,Inactive,development_only,Inactive_only,False,False
0.8,517,617,1,617,PQSYAMAIARQESA,development,0,Inactive,development_only,Inactive_only,False,False
0.8,518,618,1,618,PQYALELLTVYAWEQGS,development,0,Inactive,development_only,Inactive_only,False,False
0.8,519,619,1,619,PQYSQARVMLVKTISMISIVDDTFDA,development,0,Inactive,development_only,Inactive_only,False,False
0.8,520,620,1,620,PRESFAVLASALALMAAVFERLAVEIRELS,development,0,Inactive,development_only,Inactive_only,False,False
0.8,521,621,1,621,PRRQQSLALRWLVQAANQ,development,0,Inactive,development_only,Inactive_only,False,False
0.8,522,622,1,622,PSALIDQEINVLRQQAAQRF,development,0,Inactive,development_only,Inactive_only,False,False
0.8,523,623,1,623,PSDQQNEMVRE,development,0,Inactive,development_only,Inactive_only,False,False
0.8,524,624,1,624,PSFFRLHKYMDNIFKKHTD,development,0,Inactive,development_only,Inactive_only,False,False
0.8,525,625,1,625,PSSQIVGTQAVFNVMMG,development,0,Inactive,development_only,Inactive_only,False,False
0.8,526,626,1,626,PSVVANTVKGG,test,0,Inactive,test_only,Inactive_only,False,False
0.8,527,627,1,627,PTKEREQVIAHLGL,development,0,Inactive,development_only,Inactive_only,False,False
0.8,528,628,1,628,PTLLDLFAEDIGHANQLLQLVDEEFQALER,development,0,Inactive,development_only,Inactive_only,False,False
0.8,529,629,1,629,PVSDTMDMLTKL,development,0,Inactive,development_only,Inactive_only,False,False
0.8,530,630,1,630,PWTQRFFESFG,development,0,Inactive,development_only,Inactive_only,False,False
0.8,531,631,1,631,QAGNYASMFWLT,development,0,Inactive,development_only,Inactive_only,False,False
0.8,532,632,1,632,QAKEVLKQHFEKS,development,0,Inactive,development_only,Inactive_only,False,False
0.8,533,633,1,633,QARVWVARAVSEHQRFTA,development,0,Inactive,development_only,Inactive_only,False,False
0.8,534,634,1,634,QASTGSLLNILR,test,0,Inactive,test_only,Inactive_only,False,False
0.8,535,635,1,635,QDDVLEALSAAVR,development,0,Inactive,development_only,Inactive_only,False,False
0.8,536,636,1,636,QDELVWGAYWLYKAT,development,0,Inactive,development_only,Inactive_only,False,False
0.8,537,637,1,637,QDLLDRVLAAHAYWSQ,development,0,Inactive,development_only,Inactive_only,False,False
0.8,538,638,1,638,QEWVELMVEAKE,development,0,Inactive,development_only,Inactive_only,False,False
0.8,539,639,1,639,QFRRGANFKFELGEILEND,development,0,Inactive,development_only,Inactive_only,False,False
0.8,540,640,1,640,QFSRQMLDRKLLLG,development,0,Inactive,development_only,Inactive_only,False,False
0.8,541,641,1,641,QGLAEKIFWSLK,test,0,Inactive,test_only,Inactive_only,False,False
0.8,542,642,1,642,QHLAKLEMKIFFEEL,development,0,Inactive,development_only,Inactive_only,False,False
0.8,543,643,1,643,QIKQTNAGAVYRLIDQLG,development,0,Inactive,development_only,Inactive_only,False,False
0.8,544,644,1,644,QINEMHLLIQQAR,development,0,Inactive,development_only,Inactive_only,False,False
0.8,545,645,1,645,QIPRIAREKIRGLTEYF,development,0,Inactive,development_only,Inactive_only,False,False
0.8,546,646,1,646,QLEESMLYSLN,development,0,Inactive,development_only,Inactive_only,False,False
0.8,547,647,1,647,QLLRGVGAAATAVTQALNELLQHVKA,test,0,Inactive,test_only,Inactive_only,False,False
0.8,548,648,1,648,QLVDRLDQSWQYYQDRLMA,development,0,Inactive,development_only,Inactive_only,False,False
0.8,549,649,1,649,QLVSFLIRLLKVWIRVVI,development,0,Inactive,development_only,Inactive_only,False,False
0.8,550,650,1,650,QMSFWGATVITGLFG,development,0,Inactive,development_only,Inactive_only,False,False
0.8,551,651,1,651,QPNAILEKVFTA,development,0,Inactive,development_only,Inactive_only,False,False
0.8,552,652,1,652,QRAFLKLYMITMTE,development,0,Inactive,development_only,Inactive_only,False,False
0.8,553,653,1,653,QTREHLLLARQI,development,0,Inactive,development_only,Inactive_only,False,False
0.8,554,654,1,654,QVIAKWGAWVKRIEAKFRSL,development,0,Inactive,development_only,Inactive_only,False,False
0.8,555,655,1,655,QVIEVLNKQVADWSVLFTKLHNFHWYV,development,0,Inactive,development_only,Inactive_only,False,False
0.8,556,656,1,656,QVTQELRALMDETMKELKAYKSELEE,development,0,Inactive,development_only,Inactive_only,False,False
0.8,557,657,1,657,RAAAIEQLKIWGERVG,test,0,Inactive,test_only,Inactive_only,False,False
0.8,558,658,1,658,RDIPELAQLQSEILDAIW,development,0,Inactive,development_only,Inactive_only,False,False
0.8,559,659,1,659,REEEKEALRFAEAQ,development,0,Inactive,development_only,Inactive_only,False,False
0.8,560,660,1,660,REEIYQAFEAIYPVLSEF,development,0,Inactive,development_only,Inactive_only,False,False
0.8,561,661,1,661,REGFLSPLKAYLI,development,0,Inactive,development_only,Inactive_only,False,False
0.8,562,662,1,662,RFESAVETLLDIESQLEDL,development,0,Inactive,development_only,Inactive_only,False,False
0.8,563,663,1,663,RFLIRVYHPLLLKVL,test,0,Inactive,test_only,Inactive_only,False,False
0.8,564,664,1,664,RFLKRVQPLVNRWLLLI,development,0,Inactive,development_only,Inactive_only,False,False
0.8,565,665,1,665,RFSGKVREDLTKIVWVFFW,development,0,Inactive,development_only,Inactive_only,False,False
0.8,566,666,1,666,RFVPRWRTVVGQFKRDILVIFLW,development,0,Inactive,development_only,Inactive_only,False,False
0.8,567,667,1,667,RGEQMKGHAATIEDQVRRMIA,development,0,Inactive,development_only,Inactive_only,False,False
0.8,568,668,1,668,RGFRGWWLASTILLLVAEK,development,0,Inactive,development_only,Inactive_only,False,False
0.8,569,669,1,669,RGQLIREAYED,development,0,Inactive,development_only,Inactive_only,False,False
0.8,570,670,1,670,RHSDNINKFLDFIHGI,development,0,Inactive,development_only,Inactive_only,False,False
0.8,571,671,1,671,RIENGLRKRLQSIYRHLEE,test,0,Inactive,test_only,Inactive_only,False,False
0.8,572,672,1,672,RILKNFDSWWGKVIVIL,development,0,Inactive,development_only,Inactive_only,False,False
0.8,573,673,1,673,RILQWIIRLLLIVWW,development,0,Inactive,development_only,Inactive_only,False,False
0.8,574,674,1,674,RIWARLQGVFRVVFWL,development,0,Inactive,development_only,Inactive_only,False,False
0.8,575,675,1,675,RKQSLEQDLQFYYG,test,0,Inactive,test_only,Inactive_only,False,False
0.8,576,676,1,676,RLDEAEASARSGIEVL,development,0,Inactive,development_only,Inactive_only,False,False
0.8,577,677,1,677,RLFEQASRLAEHY,development,0,Inactive,development_only,Inactive_only,False,False
0.8,578,678,1,678,RLKSGWRDALKQIVFFFFL,development,0,Inactive,development_only,Inactive_only,False,False
0.8,579,679,1,679,RLLGKWSAILKNVRFFFFWL,test,0,Inactive,test_only,Inactive_only,False,False
0.8,580,680,1,680,RLVVLEALTNFLNH,development,0,Inactive,development_only,Inactive_only,False,False
0.8,581,681,1,681,RLWTQWQAIVQEIRFLWLLL,development,0,Inactive,development_only,Inactive_only,False,False
0.8,582,682,1,682,RMDEVRTLQENLRQLQDEYDQQQT,development,0,Inactive,development_only,Inactive_only,False,False
0.8,583,683,1,683,RNEVVSLMQANG,development,0,Inactive,development_only,Inactive_only,False,False
0.8,584,684,1,684,RPEDKSKIVAEIR,development,0,Inactive,development_only,Inactive_only,False,False
0.8,585,685,1,685,RPEVQDALSAE,development,0,Inactive,development_only,Inactive_only,False,False
0.8,586,686,1,686,RPQLRNLLHEK,development,0,Inactive,development_only,Inactive_only,False,False
0.8,587,687,1,687,RPRIIAAIWHYVKAR,development,0,Inactive,development_only,Inactive_only,False,False
0.8,588,688,1,688,RRQELEEFSAALARR,development,0,Inactive,development_only,Inactive_only,False,False
0.8,589,689,1,689,RVIEGIKNVIPKLLTWWP,development,0,Inactive,development_only,Inactive_only,False,False
0.8,590,690,1,690,RVNAAIPNIIV,development,0,Inactive,development_only,Inactive_only,False,False
0.8,591,691,1,691,RVWRWIVKWWLFV,development,0,Inactive,development_only,Inactive_only,False,False
0.8,592,692,1,692,RYGWRTAVDYSWFG,development,0,Inactive,development_only,Inactive_only,False,False
0.8,593,693,1,693,SAATADFVAMTAMAARIF,development,0,Inactive,development_only,Inactive_only,False,False
0.8,594,694,1,694,SAAWAEWQKAR,test,0,Inactive,test_only,Inactive_only,False,False
0.8,595,695,1,695,SAEEMVQTLVNDYSALIQELKEGMEVAGEA,development,0,Inactive,development_only,Inactive_only,False,False
0.8,596,696,1,696,SANNIIEEIQMQK,development,0,Inactive,development_only,Inactive_only,False,False
0.8,597,697,1,697,SASSQNAWLAANRN,development,0,Inactive,development_only,Inactive_only,False,False
0.8,598,698,1,698,SAVKVLAEESK,development,0,Inactive,development_only,Inactive_only,False,False
0.8,599,699,1,699,SDEFNTVADNLVTFGDSFLQVILDHI,development,0,Inactive,development_only,Inactive_only,False,False
0.8,600,700,1,700,SDELSRAWEVAYDELAAAIK,development,0,Inactive,development_only,Inactive_only,False,False
0.8,601,701,1,701,SDIFNKNMRAHALEK,test,0,Inactive,test_only,Inactive_only,False,False
0.8,602,702,1,702,SDIKKLGSSWIINWFFG,development,0,Inactive,development_only,Inactive_only,False,False
0.8,603,703,1,703,SDSEISTILSDVVTNER,development,0,Inactive,development_only,Inactive_only,False,False
0.8,604,704,1,704,SDWYLKGRLTSLESQFINALGILET,test,0,Inactive,test_only,Inactive_only,False,False
0.8,605,705,1,705,SEAAKAYMKGLEYQMSGNEQWSKT,test,0,Inactive,test_only,Inactive_only,False,False
0.8,606,706,1,706,SEEEENNVIEQAKEEIKEAIKKADET,development,0,Inactive,development_only,Inactive_only,False,False
0.8,607,707,1,707,SEELNSAWTIAYDELAIVIKKEMDDA,development,0,Inactive,development_only,Inactive_only,False,False
0.8,608,708,1,708,SEERIRSGVKRLSKSRQ,test,0,Inactive,test_only,Inactive_only,False,False
0.8,609,709,1,709,SEEVLAMVSRKM,development,0,Inactive,development_only,Inactive_only,False,False
0.8,610,710,1,710,SEEYIQLLKKLI,development,0,Inactive,development_only,Inactive_only,False,False
0.8,611,711,1,711,SEREAVEIIKKN,development,0,Inactive,development_only,Inactive_only,False,False
0.8,612,712,1,712,SESAVSHQLRSLRNL,development,0,Inactive,development_only,Inactive_only,False,False
0.8,613,713,1,713,SESKLIEQAFR,test,0,Inactive,test_only,Inactive_only,False,False
0.8,614,714,1,714,SFADFKAQFTDAAIKN,development,0,Inactive,development_only,Inactive_only,False,False
0.8,615,715,1,715,SFDRVMNAIEEN,development,0,Inactive,development_only,Inactive_only,False,False
0.8,616,716,1,716,SFSRIISELGTRD,development,0,Inactive,development_only,Inactive_only,False,False
0.8,617,717,1,717,SGARRVRIAQTLTEN,development,0,Inactive,development_only,Inactive_only,False,False
0.8,618,718,1,718,SGDELYELLQHILKQRDHHHHH,development,0,Inactive,development_only,Inactive_only,False,False
0.8,619,719,1,719,SGPAYVFYLLDALQNAAIRQ,development,0,Inactive,development_only,Inactive_only,False,False
0.8,620,720,1,720,SGRFWKLYIEAEIKA,test,0,Inactive,test_only,Inactive_only,False,False
0.8,621,721,1,721,SGTIKAAHEVLMEMG,development,0,Inactive,development_only,Inactive_only,False,False
0.8,622,722,1,722,SHAQDIYKEAFNSAWDQY,development,0,Inactive,development_only,Inactive_only,False,False
0.8,623,723,1,723,SIDEKYEAEVKKSEIDHHK,test,0,Inactive,test_only,Inactive_only,False,False
0.8,624,724,1,724,SIERLLEMESL,test,0,Inactive,test_only,Inactive_only,False,False
0.8,625,725,1,725,SIPHLANLLIERSQ,development,0,Inactive,development_only,Inactive_only,False,False
0.8,626,726,1,726,SISRYKTIEWLNYIATEL,development,0,Inactive,development_only,Inactive_only,False,False
0.8,627,727,1,727,SKDALMLEAFEQLLGKRRELLGE,development,0,Inactive,development_only,Inactive_only,False,False
0.8,628,728,1,728,SKDLAQTSYFMATNSLHLT,test,0,Inactive,test_only,Inactive_only,False,False
0.8,629,729,1,729,SKEDIDTAMKLGAG,development,0,Inactive,development_only,Inactive_only,False,False
0.8,630,730,1,730,SKEDVERVKLRINLARNWVKKY,test,0,Inactive,test_only,Inactive_only,False,False
0.8,631,731,1,731,SKEEQRDYVFYLAVGNYRL,development,0,Inactive,development_only,Inactive_only,False,False
0.8,632,732,1,732,SKIQKELVAIMN,development,0,Inactive,development_only,Inactive_only,False,False
0.8,633,733,1,733,SKPIQNVESGFIFALVS,development,0,Inactive,development_only,Inactive_only,False,False
0.8,634,734,1,734,SKYLKSLLSLM,development,0,Inactive,development_only,Inactive_only,False,False
0.8,635,735,1,735,SKYRLTVVVAKRAQQLLRH,test,0,Inactive,test_only,Inactive_only,False,False
0.8,636,736,1,736,SLAEALGWLFVSEGS,test,0,Inactive,test_only,Inactive_only,False,False
0.8,637,737,1,737,SLEQQFSIRSFATQVQNM,development,0,Inactive,development_only,Inactive_only,False,False
0.8,638,738,1,738,SLESLIDMITSI,development,0,Inactive,development_only,Inactive_only,False,False
0.8,639,739,1,739,SLKDQLALAIGKLG,development,0,Inactive,development_only,Inactive_only,False,False
0.8,640,740,1,740,SLLPTLSAIAEL,development,0,Inactive,development_only,Inactive_only,False,False
0.8,641,741,1,741,SLPEMFDKMRPYYEESKKRVKE,development,0,Inactive,development_only,Inactive_only,False,False
0.8,642,742,1,742,SMDHRIERLEYYIQLLVK,test,0,Inactive,test_only,Inactive_only,False,False
0.8,643,743,1,743,SNEQRQDIAFAYQRRTK,development,0,Inactive,development_only,Inactive_only,False,False
0.8,644,744,1,744,SNEVMRILISRSLLQE,test,0,Inactive,test_only,Inactive_only,False,False
0.8,645,745,1,745,SNTELQAVDGRFKRAVASMEAARALTNN,development,0,Inactive,development_only,Inactive_only,False,False
0.8,646,746,1,746,SPAEVRDLDFANDASKVLGSIAGKLEK,development,0,Inactive,development_only,Inactive_only,False,False
0.8,647,747,1,747,SPAQAEALGVWRRYRAYFDA,development,0,Inactive,development_only,Inactive_only,False,False
0.8,648,748,1,748,SPAVIDYVNRLEEIRDNV,development,0,Inactive,development_only,Inactive_only,False,False
0.8,649,749,1,749,SPAVQMKIKELYRRR,test,0,Inactive,test_only,Inactive_only,False,False
0.8,650,750,1,750,SPEEAAALVDGLR,development,0,Inactive,development_only,Inactive_only,False,False
0.8,651,751,1,751,SPEEKEEWMKSIKASISR,development,0,Inactive,development_only,Inactive_only,False,False
0.8,652,752,1,752,SPEHRQELIER,development,0,Inactive,development_only,Inactive_only,False,False
0.8,653,753,1,753,SPEIASGLKKLIRE,development,0,Inactive,development_only,Inactive_only,False,False
0.8,654,754,1,754,SPEQMQVLLDQAG,development,0,Inactive,development_only,Inactive_only,False,False
0.8,655,755,1,755,SPEVVVARGEQE,development,0,Inactive,development_only,Inactive_only,False,False
0.8,656,756,1,756,SPKEAYAYLEKLRSIIQYTG,development,0,Inactive,development_only,Inactive_only,False,False
0.8,657,757,1,757,SPKESEVLRLFAEG,development,0,Inactive,development_only,Inactive_only,False,False
0.8,658,758,1,758,SPKSTYSYWASVLN,development,0,Inactive,development_only,Inactive_only,False,False
0.8,659,759,1,759,SPSKSLQMILRRALGDFENMLAD,development,0,Inactive,development_only,Inactive_only,False,False
0.8,660,760,1,760,SPVVIKKRIEGLIER,test,0,Inactive,test_only,Inactive_only,False,False
0.8,661,761,1,761,SQESINQLVYMG,development,0,Inactive,development_only,Inactive_only,False,False
0.8,662,762,1,762,SQRQRDELNRAIADYLRSN,development,0,Inactive,development_only,Inactive_only,False,False
0.8,663,763,1,763,SRAITQYIAHR,development,0,Inactive,development_only,Inactive_only,False,False
0.8,664,764,1,764,SRAKASFDTRVAAAELALNR,development,0,Inactive,development_only,Inactive_only,False,False
0.8,665,765,1,765,SRDLQEKYERHMEKLIELANKEVERT,development,0,Inactive,development_only,Inactive_only,False,False
0.8,666,766,1,766,SRKALTEGNIMAVQAMAYFKELIQKRKRH,development,0,Inactive,development_only,Inactive_only,False,False
0.8,667,767,1,767,SRPLHISTFINELDSGFRLL,development,0,Inactive,development_only,Inactive_only,False,False
0.8,668,768,1,768,SRWGVLILVAL,development,0,Inactive,development_only,Inactive_only,False,False
0.8,669,769,1,769,SSAVSRIISKLKQ,development,0,Inactive,development_only,Inactive_only,False,False
0.8,670,770,1,770,SSQNWQRFYQLTKLLDSMHEVVENLL,development,0,Inactive,development_only,Inactive_only,False,False
0.8,671,771,1,771,SSREWFSTLYRLFIG,test,0,Inactive,test_only,Inactive_only,False,False
0.8,672,772,1,772,STATFYDAKKFLIQE,development,0,Inactive,development_only,Inactive_only,False,False
0.8,673,773,1,773,STEVVALSRLQGSLQDMLWQLDLS,development,0,Inactive,development_only,Inactive_only,False,False
0.8,674,774,1,774,STLVQTPALRAVGNIV,development,0,Inactive,development_only,Inactive_only,False,False
0.8,675,775,1,775,STLVSVAVALAAYKTG,development,0,Inactive,development_only,Inactive_only,False,False
0.8,676,776,1,776,SVADHSYRVAFITLLLAEELKKK,test,0,Inactive,test_only,Inactive_only,False,False
0.8,677,777,1,777,SVEGLQEFVKNLVGYYI,development,0,Inactive,development_only,Inactive_only,False,False
0.8,678,778,1,778,SVEKKVPLLHNFHSFL,development,0,Inactive,development_only,Inactive_only,False,False
0.8,679,779,1,779,SVEVAELWSTFMQKWIAYTAAVIDAERDR,development,0,Inactive,development_only,Inactive_only,False,False
0.8,680,780,1,780,SVLENHHLAVGFKL,development,0,Inactive,development_only,Inactive_only,False,False
0.8,681,781,1,781,SVNSEIYQRVMESFKKEG,development,0,Inactive,development_only,Inactive_only,False,False
0.8,682,782,1,782,SVPYFIENLKQHIEMN,development,0,Inactive,development_only,Inactive_only,False,False
0.8,683,783,1,783,SVRKVFHLVRIKQVAWANEG,development,0,Inactive,development_only,Inactive_only,False,False
0.8,684,784,1,784,SVSRAAITAAY,development,0,Inactive,development_only,Inactive_only,False,False
0.8,685,785,1,785,SVSSIKQAVDFLSNE,development,0,Inactive,development_only,Inactive_only,False,False
0.8,686,786,1,786,SVTELITKAVSA,development,0,Inactive,development_only,Inactive_only,False,False
0.8,687,787,1,787,SVTKILQRFEDAGG,development,0,Inactive,development_only,Inactive_only,False,False
0.8,688,788,1,788,SVWASISSYLDELTEGL,development,0,Inactive,development_only,Inactive_only,False,False
0.8,689,789,1,789,SWQSLKDRYLKHL,development,0,Inactive,development_only,Inactive_only,False,False
0.8,690,790,1,790,SYKDLFLELYGKIKD,development,0,Inactive,development_only,Inactive_only,False,False
0.8,691,791,1,791,TAAQELMIQQLVAAQLQ,development,0,Inactive,development_only,Inactive_only,False,False
0.8,692,792,1,792,TAEQRREMLEAKRKQIINFISRN,development,0,Inactive,development_only,Inactive_only,False,False
0.8,693,793,1,793,TAESFYNQGIRLSFEQWG,development,0,Inactive,development_only,Inactive_only,False,False
0.8,694,794,1,794,TAHEAVLDFLTGRVEVFT,development,0,Inactive,development_only,Inactive_only,False,False
0.8,695,795,1,795,TAKQIQAAYLLVENELM,development,0,Inactive,development_only,Inactive_only,False,False
0.8,696,796,1,796,TAPEMTALVGGMRVLG,development,0,Inactive,development_only,Inactive_only,False,False
0.8,697,797,1,797,TDAEAKQLAQWILS,development,0,Inactive,development_only,Inactive_only,False,False
0.8,698,798,1,798,TDKQFENRLNDNLEELIQ,development,0,Inactive,development_only,Inactive_only,False,False
0.8,699,799,1,799,TDLEILALLIAALSH,development,0,Inactive,development_only,Inactive_only,False,False
0.8,700,800,1,800,TDQQKVSEIFQSSKEKLQGDAKVVSDAFK,test,0,Inactive,test_only,Inactive_only,False,False
0.8,701,801,1,801,TEAKKEELLRKLNILEVF,development,0,Inactive,development_only,Inactive_only,False,False
0.8,702,802,1,802,TEEEMLQAAHITAKLAQAAET,development,0,Inactive,development_only,Inactive_only,False,False
0.8,703,803,1,803,TEKGKEIFGEILSNFESLLKSVLEK,development,0,Inactive,development_only,Inactive_only,False,False
0.8,704,804,1,804,TEQDIIDLKFAIAD,development,0,Inactive,development_only,Inactive_only,False,False
0.8,705,805,1,805,TEQNFQLAKQIQSQWKEFG,development,0,Inactive,development_only,Inactive_only,False,False
0.8,706,806,1,806,TEREQALAAYAEKLTRH,test,0,Inactive,test_only,Inactive_only,False,False
0.8,707,807,1,807,TESMKTVRIREKIKKFL,test,0,Inactive,test_only,Inactive_only,False,False
0.8,708,808,1,808,TETQIRELLFDLELAYKSFYALL,development,0,Inactive,development_only,Inactive_only,False,False
0.8,709,809,1,809,TEVYQILNRVS,development,0,Inactive,development_only,Inactive_only,False,False
0.8,710,810,1,810,TFPDKALKGKKSIENIVV,development,0,Inactive,development_only,Inactive_only,False,False
0.8,711,811,1,811,TFPEWHRLYTVQFEDALRRH,development,0,Inactive,development_only,Inactive_only,False,False
0.8,712,812,1,812,TFPNWHRLLTKQMEDALVAK,development,0,Inactive,development_only,Inactive_only,False,False
0.8,713,813,1,813,TFSQVLDDLSARFI,development,0,Inactive,development_only,Inactive_only,False,False
0.8,714,814,1,814,TGALRTQYDVSLMTVKS,development,0,Inactive,development_only,Inactive_only,False,False
0.8,715,815,1,815,THAEMLHALKERY,development,0,Inactive,development_only,Inactive_only,False,False
0.8,716,816,1,816,THNKLLKNVAFMKSYILEKVKEHQES,development,0,Inactive,development_only,Inactive_only,False,False
0.8,717,817,1,817,TIEEFHSKLQEATN,test,0,Inactive,test_only,Inactive_only,False,False
0.8,718,818,1,818,TIQSRFNYAWGLIKS,development,0,Inactive,development_only,Inactive_only,False,False
0.8,719,819,1,819,TISLGVSIAHVMEAVE,development,0,Inactive,development_only,Inactive_only,False,False
0.8,720,820,1,820,TITEMVFLAEVYKSGG,development,0,Inactive,development_only,Inactive_only,False,False
0.8,721,821,1,821,TIVELVVRVWRWFLVIWVLW,development,0,Inactive,development_only,Inactive_only,False,False
0.8,722,822,1,822,TKDEFMSGEPIFTKYFQNLV,development,0,Inactive,development_only,Inactive_only,False,False
0.8,723,823,1,823,TKDEQVEGLLA,development,0,Inactive,development_only,Inactive_only,False,False
0.8,724,824,1,824,TKGEREMIVVATSAAN,test,0,Inactive,test_only,Inactive_only,False,False
0.8,725,825,1,825,TKIWLNAARRTGKVPARIRKL,development,0,Inactive,development_only,Inactive_only,False,False
0.8,726,826,1,826,TLDQMRSRLAYDG,development,0,Inactive,development_only,Inactive_only,False,False
0.8,727,827,1,827,TLEDYVRYVTLDM,development,0,Inactive,development_only,Inactive_only,False,False
0.8,728,828,1,828,TLIREWGDAVFDIF,development,0,Inactive,development_only,Inactive_only,False,False
0.8,729,829,1,829,TMEGKFKAVAEDVAQRYMT,development,0,Inactive,development_only,Inactive_only,False,False
0.8,730,830,1,830,TMVQAITDALRIELKND,development,0,Inactive,development_only,Inactive_only,False,False
0.8,731,831,1,831,TNDEIFSILKD,development,0,Inactive,development_only,Inactive_only,False,False
0.8,732,832,1,832,TPAKALKSAIHVAYILKK,development,0,Inactive,development_only,Inactive_only,False,False
0.8,733,833,1,833,TPDQQTLLHFIMDSYN,development,0,Inactive,development_only,Inactive_only,False,False
0.8,734,834,1,834,TPEEVKKHYEILVEDIKYIESG,development,0,Inactive,development_only,Inactive_only,False,False
0.8,735,835,1,835,TPEEYQTYVAQVDK,development,0,Inactive,development_only,Inactive_only,False,False
0.8,736,836,1,836,TPEKMGEMAQKFRE,development,0,Inactive,development_only,Inactive_only,False,False
0.8,737,837,1,837,TPEKRVDRIFAMMD,test,0,Inactive,test_only,Inactive_only,False,False
0.8,738,838,1,838,TPERLEKLVKEVL,development,0,Inactive,development_only,Inactive_only,False,False
0.8,739,839,1,839,TPETITHYLETVNHAM,development,0,Inactive,development_only,Inactive_only,False,False
0.8,740,840,1,840,TPEVVKERLLS,development,0,Inactive,development_only,Inactive_only,False,False
0.8,741,841,1,841,TPLGIGITDYYIR,development,0,Inactive,development_only,Inactive_only,False,False
0.8,742,842,1,842,TPQDIADRERIFKRFD,development,0,Inactive,development_only,Inactive_only,False,False
0.8,743,843,1,843,TPSDIKELRDAMAKVQAD,development,0,Inactive,development_only,Inactive_only,False,False
0.8,744,844,1,844,TPVYRTAIRYYLQMLF,development,0,Inactive,development_only,Inactive_only,False,False
0.8,745,845,1,845,TPWSKGFLASSYASR,development,0,Inactive,development_only,Inactive_only,False,False
0.8,746,846,1,846,TPYDAKGLLISAIRD,development,0,Inactive,development_only,Inactive_only,False,False
0.8,747,847,1,847,TQAQETQGQAAARAAAADLAAG,development,0,Inactive,development_only,Inactive_only,False,False
0.8,748,848,1,848,TQDLRSHLVHKLVQAIF,test,0,Inactive,test_only,Inactive_only,False,False
0.8,749,849,1,849,TQGLLSEILRK,development,0,Inactive,development_only,Inactive_only,False,False
0.8,750,850,1,850,TQGMQNAMGERFAQYALSSEKLY,development,0,Inactive,development_only,Inactive_only,False,False
0.8,751,851,1,851,TQSDVYAMVGYIHELW,development,0,Inactive,development_only,Inactive_only,False,False
0.8,752,852,1,852,TRELAYMIKKA,test,0,Inactive,test_only,Inactive_only,False,False
0.8,753,853,1,853,TRTQRRIAVVEFIFSLL,development,0,Inactive,development_only,Inactive_only,False,False
0.8,754,854,1,854,TSAQTKVVVDA,development,0,Inactive,development_only,Inactive_only,False,False
0.8,755,855,1,855,TSFDEYVAELDSK,development,0,Inactive,development_only,Inactive_only,False,False
0.8,756,856,1,856,TSHLMGMFYRTIRMMEN,development,0,Inactive,development_only,Inactive_only,False,False
0.8,757,857,1,857,TTDEINAMDKALILYT,development,0,Inactive,development_only,Inactive_only,False,False
0.8,758,858,1,858,TTGNFEKLFVALVEYMRAS,development,0,Inactive,development_only,Inactive_only,False,False
0.8,759,859,1,859,TVEEVNALKNEILKAHA,development,0,Inactive,development_only,Inactive_only,False,False
0.8,760,860,1,860,TVFGTALNYVSLRIL,development,0,Inactive,development_only,Inactive_only,False,False
0.8,761,861,1,861,TVLAALFLAGS,test,0,Inactive,test_only,Inactive_only,False,False
0.8,762,862,1,862,TYYAKDIAFQFWKM,test,0,Inactive,test_only,Inactive_only,False,False
0.8,763,863,1,863,VADIAKLKVNIIKNVRII,development,0,Inactive,development_only,Inactive_only,False,False
0.8,764,864,1,864,VADPVAAFKWRAQ,development,0,Inactive,development_only,Inactive_only,False,False
0.8,765,865,1,865,VDDNLYPQLERASRKIFEFLERE,development,0,Inactive,development_only,Inactive_only,False,False
0.8,766,866,1,866,VEAIEALLKGN,test,0,Inactive,test_only,Inactive_only,False,False
0.8,767,867,1,867,VFWPTMLKAAG,development,0,Inactive,development_only,Inactive_only,False,False
0.8,768,868,1,868,VGVLLQLLVQA,development,0,Inactive,development_only,Inactive_only,False,False
0.8,769,869,1,869,VGYETAAKLAREAYLTG,development,0,Inactive,development_only,Inactive_only,False,False
0.8,770,870,1,870,VHVLADAFKRYLLD,development,0,Inactive,development_only,Inactive_only,False,False
0.8,771,871,1,871,VIDPLHTHLTRLVAAYTG,test,0,Inactive,test_only,Inactive_only,False,False
0.8,772,872,1,872,VKYAVFEAALTKAITAMSEVQKVSQ,test,0,Inactive,test_only,Inactive_only,False,False
0.8,773,873,1,873,VLSFKTGIISL,test,0,Inactive,test_only,Inactive_only,False,False
0.8,774,874,1,874,VMELLTKTLGWDIQEELNKLT,development,0,Inactive,development_only,Inactive_only,False,False
0.8,775,875,1,875,VMGQNLILNMND,test,0,Inactive,test_only,Inactive_only,False,False
0.8,776,876,1,876,VMPSLLQAFDLTA,development,0,Inactive,development_only,Inactive_only,False,False
0.8,777,877,1,877,VMQWVIRILGGGLQKAL,development,0,Inactive,development_only,Inactive_only,False,False
0.8,778,878,1,878,VNFLVADALKQHRHRRDDVIVMLSAR,development,0,Inactive,development_only,Inactive_only,False,False
0.8,779,879,1,879,VNQFLDYLQEFLGVMNT,development,0,Inactive,development_only,Inactive_only,False,False
0.8,780,880,1,880,VPMQRVLKYHLLLQELVK,test,0,Inactive,test_only,Inactive_only,False,False
0.8,781,881,1,881,VQEVNRFIKAFEEMKALMKSL,test,0,Inactive,test_only,Inactive_only,False,False
0.8,782,882,1,882,VSDARSAITSAQELLDS,development,0,Inactive,development_only,Inactive_only,False,False
0.8,783,883,1,883,VWHYALWSLIQQSEILFAQ,development,0,Inactive,development_only,Inactive_only,False,False
0.8,784,884,1,884,VYGPFWKNWQAQ,development,0,Inactive,development_only,Inactive_only,False,False
0.8,785,885,1,885,WATLLAQWADRAL,development,0,Inactive,development_only,Inactive_only,False,False
0.8,786,886,1,886,WDDIRNDLFRIQNDLFVLGEDVST,development,0,Inactive,development_only,Inactive_only,False,False
0.8,787,887,1,887,YAKGALQYLVPILTQTLT,development,0,Inactive,development_only,Inactive_only,False,False
0.8,788,888,1,888,YDDIIEAAGELG,development,0,Inactive,development_only,Inactive_only,False,False
0.8,789,889,1,889,YDLLKDLEEGIQTLMGRL,development,0,Inactive,development_only,Inactive_only,False,False
0.8,790,890,1,890,YEDKAVELYSRTAR,development,0,Inactive,development_only,Inactive_only,False,False
0.8,791,891,1,891,YETLEFLGDALVNFFIVDLLVQYS,development,0,Inactive,development_only,Inactive_only,False,False
0.8,792,892,1,892,YFSKGIPNVLRR,development,0,Inactive,development_only,Inactive_only,False,False
0.8,793,893,1,893,YGSIGLTNFGYLDKE,development,0,Inactive,development_only,Inactive_only,False,False
0.8,794,894,1,894,YKEPLKAVVKKLLEKE,test,0,Inactive,test_only,Inactive_only,False,False
0.8,795,895,1,895,YKKFRQLIQVN,development,0,Inactive,development_only,Inactive_only,False,False
0.8,796,896,1,896,YLADLFLAPQIHGAINRFQ,development,0,Inactive,development_only,Inactive_only,False,False
0.8,797,897,1,897,YLDKEVKLIKKMGNHLTNLRRVA,development,0,Inactive,development_only,Inactive_only,False,False
0.8,798,898,1,898,YLSESVETIKKLGDHITSLKKLW,development,0,Inactive,development_only,Inactive_only,False,False
0.8,799,899,1,899,YPIVDAAMRQLTETG,development,0,Inactive,development_only,Inactive_only,False,False
0.8,800,900,1,900,YQNIVKAVQYAARKLQ,development,0,Inactive,development_only,Inactive_only,False,False
0.8,801,901,1,901,YQQQKKYLGRMTE,development,0,Inactive,development_only,Inactive_only,False,False
0.9,1,1,4,1,AIGKFLHSAKKFGKAFVGEIMNS,test,1,Active,cross_split,Active_only,True,False
0.9,1,1,4,85,GIGKFLHAAKKFAKAFVAEIMNS,development,1,Active,cross_split,Active_only,True,False
0.9,1,1,4,86,GIGKFLHSAKKFAKAFVAEIMNS,development,1,Active,cross_split,Active_only,True,False
0.9,1,1,4,87,GIGKFLHSAKKFGKAFVGEIMNS,development,1,Active,cross_split,Active_only,True,False
0.9,2,2,17,2,FAKALAKLAKKLL,development,1,Active,cross_split,mixed_label,True,True
0.9,2,2,17,20,FAKKLAKLAKKL,development,0,Inactive,cross_split,mixed_label,True,True
0.9,2,2,17,29,FAKLFAKLAKKFAL,development,0,Inactive,cross_split,mixed_label,True,True
0.9,2,2,17,37,FAKLLAKLAKAKL,test,0,Inactive,cross_split,mixed_label,True,True
0.9,2,2,17,38,FAKLLAKLAKKAA,test,0,Inactive,cross_split,mixed_label,True,True
0.9,2,2,17,39,FAKLLAKLAKKAL,development,0,Inactive,cross_split,mixed_label,True,True
0.9,2,2,17,40,FAKLLAKLAKKFAL,test,0,Inactive,cross_split,mixed_label,True,True
0.9,2,2,17,41,FAKLLAKLAKKGL,development,0,Inactive,cross_split,mixed_label,True,True
0.9,2,2,17,42,FAKLLAKLAKKIL,development,0,Inactive,cross_split,mixed_label,True,True
0.9,2,2,17,43,FAKLLAKLAKKL,test,0,Inactive,cross_split,mixed_label,True,True
0.9,2,2,17,44,FAKLLAKLAKKLL,development,1,Active,cross_split,mixed_label,True,True
0.9,2,2,17,45,FAKLLAKLAKKSL,development,0,Inactive,cross_split,mixed_label,True,True
0.9,2,2,17,46,FAKLLAKLAKKVL,test,1,Active,cross_split,mixed_label,True,True
0.9,2,2,17,47,FAKLLAKLAKLKL,test,0,Inactive,cross_split,mixed_label,True,True
0.9,2,2,17,51,FAKLWAKLAKKL,development,0,Inactive,cross_split,mixed_label,True,True
0.9,2,2,17,148,VAKLLAKLAKKLL,development,1,Active,cross_split,mixed_label,True,True
0.9,2,2,17,149,VAKLLAKLAKKVL,test,0,Inactive,cross_split,mixed_label,True,True
0.9,3,3,1,3,FAKALKALLKALKAL,development,1,Active,development_only,Active_only,False,False
0.9,4,4,9,4,FAKFLAKFLKKAL,development,1,Active,cross_split,mixed_label,True,True
0.9,4,4,9,30,FAKLLAKALKKAL,test,1,Active,cross_split,mixed_label,True,True
0.9,4,4,9,31,FAKLLAKALKKFAL,development,1,Active,cross_split,mixed_label,True,True
0.9,4,4,9,32,FAKLLAKALKKFL,development,1,Active,cross_split,mixed_label,True,True
0.9,4,4,9,33,FAKLLAKALKKL,test,0,Inactive,cross_split,mixed_label,True,True
0.9,4,4,9,34,FAKLLAKALKKLL,development,1,Active,cross_split,mixed_label,True,True
0.9,4,4,9,35,FAKLLAKALKLKL,development,0,Inactive,cross_split,mixed_label,True,True
0.9,4,4,9,36,FAKLLAKFLKKAL,development,1,Active,cross_split,mixed_label,True,True
0.9,4,4,9,48,FAKLLFKALKKAL,test,0,Inactive,cross_split,mixed_label,True,True
0.9,5,5,1,5,FAKIIAKIAKIAKKIL,development,0,Inactive,development_only,Inactive_only,False,False
0.9,6,6,1,6,FAKKFAKKFKKFAKKFAKFAFAF,development,1,Active,development_only,Active_only,False,False
0.9,7,7,4,7,FAKKLAKKLAKAAL,development,0,Inactive,development_only,Inactive_only,False,False
0.9,7,7,4,8,FAKKLAKKLAKAL,development,0,Inactive,development_only,Inactive_only,False,False
0.9,7,7,4,9,FAKKLAKKLAKLAL,development,0,Inactive,development_only,Inactive_only,False,False
0.9,7,7,4,10,FAKKLAKKLAKLL,development,0,Inactive,development_only,Inactive_only,False,False
0.9,8,11,1,11,FAKKLAKKLKKLAKKLAK,development,0,Inactive,development_only,Inactive_only,False,False
0.9,9,12,1,12,FAKKLAKKLKKLAKKLAKKWKL,test,1,Active,test_only,Active_only,False,False
0.9,10,13,1,13,FAKKLAKKLKKLAKKLAKLAKKL,development,0,Inactive,development_only,Inactive_only,False,False
0.9,11,14,1,14,FAKKLAKKLKKLAKKLAKLALALKALALKAL,development,1,Active,development_only,Active_only,False,False
0.9,12,15,1,15,FAKKLAKKLKKLAKKLIGAVLKV,test,1,Active,test_only,Active_only,False,False
0.9,13,16,2,16,FAKKLAKKLKKLAKLALAK,development,0,Inactive,development_only,Inactive_only,False,False
0.9,13,16,2,17,FAKKLAKKLKKLAKLALAL,development,0,Inactive,development_only,Inactive_only,False,False
0.9,14,18,1,18,FAKKLAKKLL,development,0,Inactive,development_only,Inactive_only,False,False
0.9,15,19,2,19,FAKKLAKLAKKALAL,development,0,Inactive,development_only,mixed_label,False,True
0.9,15,19,2,23,FAKKLAKLAKKLLAL,development,1,Active,development_only,mixed_label,False,True
0.9,16,21,2,21,FAKKLAKLAKKLAKLAL,test,1,Active,test_only,Active_only,False,False
0.9,16,21,2,147,VAKKLAKLAKKLAKLAL,test,1,Active,test_only,Active_only,False,False
0.9,17,22,1,22,FAKKLAKLAKKLAKLALAL,development,1,Active,development_only,Active_only,False,False
0.9,18,24,1,24,FAKKLAKLALKLAKL,development,1,Active,development_only,Active_only,False,False
0.9,19,25,1,25,FAKKLKKLAKLAKKL,development,0,Inactive,development_only,Inactive_only,False,False
0.9,20,26,1,26,FAKKLLAKALKL,development,0,Inactive,development_only,Inactive_only,False,False
0.9,21,27,1,27,FAKLAKKALAKLL,development,0,Inactive,development_only,Inactive_only,False,False
0.9,22,28,1,28,FAKLF,development,0,Inactive,development_only,Inactive_only,False,False
0.9,23,49,1,49,FAKLLKLAAKKLL,development,0,Inactive,development_only,Inactive_only,False,False
0.9,24,50,1,50,FAKLWAKLAFGKGIGKVGKKLL,test,1,Active,test_only,Active_only,False,False
0.9,25,52,3,52,FALAAKALKKLAKKLKKLAKKAL,development,1,Active,development_only,Active_only,False,False
0.9,25,52,3,58,FALALKALKKLAKKLKKLAKKAL,development,1,Active,development_only,Active_only,False,False
0.9,25,52,3,60,FALALKALKKLLKKLKKLAKKAL,development,1,Active,development_only,Active_only,False,False
0.9,26,53,1,53,FALAKLAKKAKAKLKKALKAL,development,1,Active,development_only,Active_only,False,False
0.9,27,54,5,54,FALALKALKK,development,0,Inactive,cross_split,mixed_label,True,True
0.9,27,54,5,55,FALALKALKKAL,test,0,Inactive,cross_split,mixed_label,True,True
0.9,27,54,5,57,FALALKALKKL,development,1,Active,cross_split,mixed_label,True,True
0.9,27,54,5,64,FALLKALKKAL,development,0,Inactive,cross_split,mixed_label,True,True
0.9,27,54,5,65,FALLKALLKKAL,development,0,Inactive,cross_split,mixed_label,True,True
0.9,28,56,2,56,FALALKALKKALKKLKKALKKAL,test,0,Inactive,cross_split,Inactive_only,True,False
0.9,28,56,2,150,VALALKALKKALKKLKKALKKAL,development,0,Inactive,cross_split,Inactive_only,True,False
0.9,29,59,1,59,FALALKALKKLKKALKKAL,development,1,Active,development_only,Active_only,False,False
0.9,30,61,1,61,FALALKKALKALKKAL,test,1,Active,test_only,Active_only,False,False
0.9,31,62,1,62,FALALKLAKKAL,development,0,Inactive,development_only,Inactive_only,False,False
0.9,32,63,1,63,FALKALKKLKKALKKAL,development,1,Active,development_only,Active_only,False,False
0.9,33,66,1,66,FAVGLRAIKRALKKLRRGVRKVAKDL,development,0,Inactive,development_only,Inactive_only,False,False
0.9,34,67,1,67,FKLAFKLAKKAFL,test,0,Inactive,test_only,Inactive_only,False,False
0.9,35,68,1,68,FKRLAKIKVLRLAKIKR,test,1,Active,test_only,Active_only,False,False
0.9,36,69,1,69,FKVKFKVKVK,development,0,Inactive,development_only,Inactive_only,False,False
0.9,37,70,3,70,FLGALFHALSKLL,test,1,Active,cross_split,Active_only,True,False
0.9,37,70,3,71,FLGALFKALSHLL,development,1,Active,cross_split,Active_only,True,False
0.9,37,70,3,72,FLGALFKALSKLL,test,1,Active,cross_split,Active_only,True,False
0.9,38,73,1,73,FLGMIPGLIGGLISAFK,development,1,Active,development_only,Active_only,False,False
0.9,39,74,1,74,FLGMIPKLIKKLIKAFK,development,1,Active,development_only,Active_only,False,False
0.9,40,75,4,75,FLGWLFKWAKK,development,1,Active,cross_split,Active_only,True,False
0.9,40,75,4,76,FLGWLFKWAWK,development,1,Active,cross_split,Active_only,True,False
0.9,40,75,4,80,FLKWLFKWAKK,test,1,Active,cross_split,Active_only,True,False
0.9,40,75,4,83,FLWWLFKWAWK,development,1,Active,cross_split,Active_only,True,False
0.9,41,77,1,77,FLKLLAGLLKNFA,development,1,Active,development_only,Active_only,False,False
0.9,42,78,1,78,FLKLLKKLAAKFLPTIICKISYKC,test,1,Active,test_only,Active_only,False,False
0.9,43,79,1,79,FLKLLKKLAAKLF,development,1,Active,development_only,Active_only,False,False
0.9,44,81,1,81,FLSLIPKLVKKIIKAFK,development,1,Active,development_only,Active_only,False,False
0.9,45,82,1,82,FLSLIPSLVGGSISAFK,development,0,Inactive,development_only,Inactive_only,False,False
0.9,46,84,1,84,GIGAVLKVLTTGLPALISWIKRKRQQ,development,1,Active,development_only,Active_only,False,False
0.9,47,88,1,88,GIGKFLKKAKKFAKAFVKIINN,test,1,Active,test_only,Active_only,False,False
0.9,48,89,1,89,GIGKFLKKAKKFGKAFVKILKK,development,0,Inactive,development_only,Inactive_only,False,False
0.9,49,90,13,90,GLFAVIKKVAAVIKKL,test,1,Active,cross_split,Active_only,True,False
0.9,49,90,13,92,GLFAVIKKVAKVIKKL,development,1,Active,cross_split,Active_only,True,False
0.9,49,90,13,93,GLFAVIKKVASVIGGL,development,1,Active,cross_split,Active_only,True,False
0.9,49,90,13,94,GLFAVIKKVASVIKGL,development,1,Active,cross_split,Active_only,True,False
0.9,49,90,13,95,GLFAVIKKVASVIKKL,development,1,Active,cross_split,Active_only,True,False
0.9,49,90,13,102,GLFDVIAKVASVIKKL,development,1,Active,cross_split,Active_only,True,False
0.9,49,90,13,103,GLFDVIKAVASVIGGL,test,1,Active,cross_split,Active_only,True,False
0.9,49,90,13,104,GLFDVIKKVAAVIGGL,development,1,Active,cross_split,Active_only,True,False
0.9,49,90,13,105,GLFDVIKKVASVIGGL,development,1,Active,cross_split,Active_only,True,False
0.9,49,90,13,106,GLFDVIKKVASVIKGL,development,1,Active,cross_split,Active_only,True,False
0.9,49,90,13,107,GLFDVIKKVASVIKKL,development,1,Active,cross_split,Active_only,True,False
0.9,49,90,13,108,GLFKVIKKVAKVIKKL,development,1,Active,cross_split,Active_only,True,False
0.9,49,90,13,109,GLFKVIKKVASVIGGL,development,1,Active,cross_split,Active_only,True,False
0.9,50,91,1,91,GLFAVIKKVAAVIRRL,test,1,Active,test_only,Active_only,False,False
0.9,51,96,1,96,GLFDIAKKVIGVIGSL,development,1,Active,development_only,Active_only,False,False
0.9,52,97,1,97,GLFDIIKKIAESF,development,1,Active,development_only,Active_only,False,False
0.9,53,98,3,98,GLFDIVKKIAGHIAGSI,development,1,Active,development_only,Active_only,False,False
0.9,53,98,3,99,GLFDIVKKIAGHIASSI,development,1,Active,development_only,Active_only,False,False
0.9,53,98,3,100,GLFDIVKKIAGHIVSSI,development,1,Active,development_only,Active_only,False,False
0.9,54,101,1,101,GLFDIVKKVVGAFGSL,development,1,Active,development_only,Active_only,False,False
0.9,55,110,1,110,ILPWKWPWWPWRR,development,0,Inactive,development_only,Inactive_only,False,False
0.9,56,111,1,111,KKKFPWWWPFKKK,development,1,Active,development_only,Active_only,False,False
0.9,57,112,2,112,KKKFPWWWPFKKKCKKKFPWWWPFKKKC,development,1,Active,development_only,Active_only,False,False
0.9,57,112,2,113,KKKFPWWWPFKKKKKKFPWWWPFKKKK,development,1,Active,development_only,Active_only,False,False
0.9,58,114,1,114,KKVVFKVKFK,test,0,Inactive,test_only,Inactive_only,False,False
0.9,59,115,1,115,KLAKKLAKLAKLAKAL,development,1,Active,development_only,Active_only,False,False
0.9,60,116,1,116,KLALKLALKALKAAKLA,development,0,Inactive,development_only,Inactive_only,False,False
0.9,61,117,1,117,KTKLFKKFAKKLAKKLKKLAKKL,development,1,Active,development_only,Active_only,False,False
0.9,62,118,8,118,KWKKFLKIGIGKFLHLAKKF,development,1,Active,cross_split,Active_only,True,False
0.9,62,118,8,120,KWKLFAKIGIGKFLHLAKKF,development,1,Active,cross_split,Active_only,True,False
0.9,62,118,8,123,KWKLFKKIGIGAFLHLAKKF,development,1,Active,cross_split,Active_only,True,False
0.9,62,118,8,124,KWKLFKKIGIGAFLHSAKKF,development,1,Active,cross_split,Active_only,True,False
0.9,62,118,8,127,KWKLFKKIGIGKFKLAKKF,development,1,Active,cross_split,Active_only,True,False
0.9,62,118,8,128,KWKLFKKIGIGKFLHLAKKF,test,1,Active,cross_split,Active_only,True,False
0.9,62,118,8,129,KWKLFKKIGIGKFLHSAKKF,development,1,Active,cross_split,Active_only,True,False
0.9,62,118,8,130,KWKLFKKIGIGKFLHSATTF,development,1,Active,cross_split,Active_only,True,False
0.9,63,119,1,119,KWKLAKKALALL,development,0,Inactive,development_only,Inactive_only,False,False
0.9,64,121,1,121,KWKLFKKALKKLKKALKKAL,development,1,Active,development_only,Active_only,False,False
0.9,65,122,1,122,KWKLFKKIGAVLKVL,development,1,Active,development_only,Active_only,False,False
0.9,66,125,2,125,KWKLFKKIGIGAVLKVLKKG,development,1,Active,development_only,Active_only,False,False
0.9,66,125,2,126,KWKLFKKIGIGAVLKVLTTG,development,1,Active,development_only,Active_only,False,False
0.9,67,131,2,131,KWKLFKKIKFLHSAKKF,development,0,Inactive,development_only,mixed_label,False,True
0.9,67,131,2,132,KWKLFKKIPKFLHSAKKF,development,1,Active,development_only,mixed_label,False,True
0.9,68,133,1,133,KWKLFKKKTKLFKKFAKKLAKKL,development,1,Active,development_only,Active_only,False,False
0.9,69,134,8,134,KWKSFAKTFKSAKKTVLHTALKAISS,development,1,Active,cross_split,Active_only,True,False
0.9,69,134,8,135,KWKSFLKTFKSAKKTVAHTAAKAISS,development,1,Active,cross_split,Active_only,True,False
0.9,69,134,8,136,KWKSFLKTFKSAKKTVAHTALKAISS,development,1,Active,cross_split,Active_only,True,False
0.9,69,134,8,137,KWKSFLKTFKSAKKTVLHTALKAISS,development,1,Active,cross_split,Active_only,True,False
0.9,69,134,8,138,KWKSFLKTFKSAKKTVLHTLLKAISS,development,1,Active,cross_split,Active_only,True,False
0.9,69,134,8,139,KWKSFLKTFKSLKKTVLHTALKAISS,test,1,Active,cross_split,Active_only,True,False
0.9,69,134,8,140,KWKSFLKTFKSLKKTVLHTLLKAISS,development,1,Active,cross_split,Active_only,True,False
0.9,69,134,8,141,KWKSFLKTFKSLKKTVLHTLLKLISS,development,1,Active,cross_split,Active_only,True,False
0.9,70,142,1,142,KYKKALKKLAKLL,test,0,Inactive,test_only,Inactive_only,False,False
0.9,71,143,1,143,LGGIVSAVKKIVDFLG,development,1,Active,development_only,Active_only,False,False
0.9,72,144,2,144,LPKWKVFKKIEKVGRNIRNGIVKAGPAIAVLGEAKALG,development,1,Active,cross_split,mixed_label,True,True
0.9,72,144,2,145,MPKWKVFKKIEKVGRNIRNGIVKAGPAIAVLGEAKALG,test,0,Inactive,cross_split,mixed_label,True,True
0.9,73,146,1,146,RAGLQFPVGRLLRRLLRRLLR,development,1,Active,development_only,Active_only,False,False
0.9,74,151,1,151,WALAL,development,0,Inactive,development_only,Inactive_only,False,False
0.9,75,152,1,152,AADIFSKFKKDMEVKFA,development,0,Inactive,development_only,Inactive_only,False,False
0.9,76,153,1,153,AAQKDNVKSSWAKASA,development,0,Inactive,development_only,Inactive_only,False,False
0.9,77,154,1,154,AASQRKLIAEKFAQALMSSL,development,0,Inactive,development_only,Inactive_only,False,False
0.9,78,155,1,155,AAYATLYEALVLVATLAAP,development,0,Inactive,development_only,Inactive_only,False,False
0.9,79,156,1,156,AEAHESIRLVFHDS,development,0,Inactive,development_only,Inactive_only,False,False
0.9,80,157,1,157,AEGEREARVFTLWLNSL,development,0,Inactive,development_only,Inactive_only,False,False
0.9,81,158,1,158,AEGVATADPLMRLAKQLK,test,0,Inactive,test_only,Inactive_only,False,False
0.9,82,159,1,159,AEHAKVLMDSLTGVWDNFLT,development,0,Inactive,development_only,Inactive_only,False,False
0.9,83,160,1,160,AEHLAKAELTTVFSTLYQKF,development,0,Inactive,development_only,Inactive_only,False,False
0.9,84,161,1,161,AEKAKYDEIFLKT,development,0,Inactive,development_only,Inactive_only,False,False
0.9,85,162,1,162,AFFTIAAVARVLD,development,0,Inactive,development_only,Inactive_only,False,False
0.9,86,163,1,163,AFRHSVKEELNYIRRRLERFPNRL,development,0,Inactive,development_only,Inactive_only,False,False
0.9,87,164,1,164,AGDVLHNVLQMLIIESHS,development,0,Inactive,development_only,Inactive_only,False,False
0.9,88,165,1,165,AGEMVRQARILAQATSDLVNAIKADA,development,0,Inactive,development_only,Inactive_only,False,False
0.9,89,166,1,166,AGNLDIMTSAALATAERMAQSMLN,test,0,Inactive,test_only,Inactive_only,False,False
0.9,90,167,1,167,AHAIGVLLDNL,test,0,Inactive,test_only,Inactive_only,False,False
0.9,91,168,1,168,AIEKEILIEAISS,development,0,Inactive,development_only,Inactive_only,False,False
0.9,92,169,1,169,AKQEKIIIQVALNDITHVVELL,test,0,Inactive,test_only,Inactive_only,False,False
0.9,93,170,1,170,AKVVRTALEDAASVAGLLIT,test,0,Inactive,test_only,Inactive_only,False,False
0.9,94,171,1,171,ALAVAAKPFL,development,0,Inactive,development_only,Inactive_only,False,False
0.9,95,172,1,172,ALGKVIKKWGTTVAKLA,development,0,Inactive,development_only,Inactive_only,False,False
0.9,96,173,1,173,ALYGLLKEEMGEILAK,test,0,Inactive,test_only,Inactive_only,False,False
0.9,97,174,1,174,AMFEQMRANVGKLLKG,development,0,Inactive,development_only,Inactive_only,False,False
0.9,98,175,1,175,APDAEGRAIQAVYWANKWAKEQG,test,0,Inactive,test_only,Inactive_only,False,False
0.9,99,176,1,176,APDLLISLATVLYHLQQ,development,0,Inactive,development_only,Inactive_only,False,False
0.9,100,177,1,177,APEDVRKSSKEVL,test,0,Inactive,test_only,Inactive_only,False,False
0.9,101,178,1,178,APLLNFVRDFVREDAKYLYSSLV,development,0,Inactive,development_only,Inactive_only,False,False
0.9,102,179,1,179,AQTSRWAAMQIGMSFISAY,test,0,Inactive,test_only,Inactive_only,False,False
0.9,103,180,1,180,ARDEAEMEYLKIAQ,development,0,Inactive,development_only,Inactive_only,False,False
0.9,104,181,1,181,ASLPEAIEALTKG,development,0,Inactive,development_only,Inactive_only,False,False
0.9,105,182,1,182,ATLKNLGSVHVSKG,development,0,Inactive,development_only,Inactive_only,False,False
0.9,106,183,1,183,AVDTLVLALAEAT,development,0,Inactive,development_only,Inactive_only,False,False
0.9,107,184,1,184,DAAALFRLHKFLTKW,development,0,Inactive,development_only,Inactive_only,False,False
0.9,108,185,1,185,DAAGLASRHKG,test,0,Inactive,test_only,Inactive_only,False,False
0.9,109,186,1,186,DAENRDLFLALLSV,development,0,Inactive,development_only,Inactive_only,False,False
0.9,110,187,1,187,DAHAWMIGQLKGL,development,0,Inactive,development_only,Inactive_only,False,False
0.9,111,188,1,188,DALEIFKTLFSLVMRFSSYL,development,0,Inactive,development_only,Inactive_only,False,False
0.9,112,189,1,189,DAMLRTSMVATQLVGLAMMRYV,test,0,Inactive,test_only,Inactive_only,False,False
0.9,113,190,1,190,DARAKKLLDKWAKWING,development,0,Inactive,development_only,Inactive_only,False,False
0.9,114,191,1,191,DATAALALTMA,development,0,Inactive,development_only,Inactive_only,False,False
0.9,115,192,1,192,DATLISELQQM,development,0,Inactive,development_only,Inactive_only,False,False
0.9,116,193,1,193,DDADLEKFVIEY,development,0,Inactive,development_only,Inactive_only,False,False
0.9,117,194,1,194,DDETLGVLMWILDRSIH,development,0,Inactive,development_only,Inactive_only,False,False
0.9,118,195,1,195,DDETREELEELLIQA,test,0,Inactive,test_only,Inactive_only,False,False
0.9,119,196,1,196,DDRVQSHILHLEHDLVHVTRKN,development,0,Inactive,development_only,Inactive_only,False,False
0.9,120,197,1,197,DDYLKEQVLHMKQYVSDN,test,0,Inactive,test_only,Inactive_only,False,False
0.9,121,198,1,198,DEAAFQKLMSNLD,test,0,Inactive,test_only,Inactive_only,False,False
0.9,122,199,1,199,DEAGLMRELRLFRRRIMVRIAWAQTL,development,0,Inactive,development_only,Inactive_only,False,False
0.9,123,200,1,200,DEETMERIMRELKKK,development,0,Inactive,development_only,Inactive_only,False,False
0.9,124,201,1,201,DEFTKQHIVGK,development,0,Inactive,development_only,Inactive_only,False,False
0.9,125,202,1,202,DEKAFKNTYRQAMND,development,0,Inactive,development_only,Inactive_only,False,False
0.9,126,203,1,203,DEKKILKDFLIQ,development,0,Inactive,development_only,Inactive_only,False,False
0.9,127,204,1,204,DEKSIITYVSSLYDAM,development,0,Inactive,development_only,Inactive_only,False,False
0.9,128,205,1,205,DELLSKMRFAL,development,0,Inactive,development_only,Inactive_only,False,False
0.9,129,206,1,206,DEPQVQAKIMAYLQQEQSNR,development,0,Inactive,development_only,Inactive_only,False,False
0.9,130,207,1,207,DEQYREGAVRTVASFRERLDR,development,0,Inactive,development_only,Inactive_only,False,False
0.9,131,208,1,208,DERLLQKYRAQVFEWG,development,0,Inactive,development_only,Inactive_only,False,False
0.9,132,209,1,209,DEVLLALAEQLGT,development,0,Inactive,development_only,Inactive_only,False,False
0.9,133,210,1,210,DFAALAQTAHRLKGVFAMLN,development,0,Inactive,development_only,Inactive_only,False,False
0.9,134,211,1,211,DFLEEQYKGQRDLAGKASTLKK,development,0,Inactive,development_only,Inactive_only,False,False
0.9,135,212,1,212,DFPALIKQASLDALFK,test,0,Inactive,test_only,Inactive_only,False,False
0.9,136,213,1,213,DFSETINAYFVAKLL,development,0,Inactive,development_only,Inactive_only,False,False
0.9,137,214,1,214,DGALKRAEELKTQANDYFK,development,0,Inactive,development_only,Inactive_only,False,False
0.9,138,215,1,215,DGFSVLMRAMQQ,development,0,Inactive,development_only,Inactive_only,False,False
0.9,139,216,1,216,DGGGFVISKHPVRLAKKLNR,test,0,Inactive,test_only,Inactive_only,False,False
0.9,140,217,1,217,DHAVLEVLATPVREALLARFG,test,0,Inactive,test_only,Inactive_only,False,False
0.9,141,218,1,218,DIFDFMERWIEKKLEYSASH,development,0,Inactive,development_only,Inactive_only,False,False
0.9,142,219,1,219,DIHAAIEMLLG,development,0,Inactive,development_only,Inactive_only,False,False
0.9,143,220,1,220,DIIGTEITSALKNVYSIAIAWIRGYESRKN,development,0,Inactive,development_only,Inactive_only,False,False
0.9,144,221,1,221,DILREIGMIARALDSISNIEF,development,0,Inactive,development_only,Inactive_only,False,False
0.9,145,222,1,222,DIRAVLRDLSFHLNGHILHSIFWPNM,development,0,Inactive,development_only,Inactive_only,False,False
0.9,146,223,1,223,DIRTSLANDMAIYGDIIEATREHTELAENL,development,0,Inactive,development_only,Inactive_only,False,False
0.9,147,224,1,224,DIYQQVRDELKRAS,development,0,Inactive,development_only,Inactive_only,False,False
0.9,148,225,1,225,DKETMNIHHTK,development,0,Inactive,development_only,Inactive_only,False,False
0.9,149,226,1,226,DLAANNGGWQWS,development,0,Inactive,development_only,Inactive_only,False,False
0.9,150,227,1,227,DLARIEQFLDALWLE,development,0,Inactive,development_only,Inactive_only,False,False
0.9,151,228,1,228,DLEAKKMYFDAVQAIETHL,development,0,Inactive,development_only,Inactive_only,False,False
0.9,152,229,1,229,DLESDALGWQYITG,test,0,Inactive,test_only,Inactive_only,False,False
0.9,153,230,1,230,DLGRKITSALRSLSN,development,0,Inactive,development_only,Inactive_only,False,False
0.9,154,231,1,231,DLKQAESWLHKQAQKEGWSKAARLH,development,0,Inactive,development_only,Inactive_only,False,False
0.9,155,232,1,232,DLKRAESMLQQA,development,0,Inactive,development_only,Inactive_only,False,False
0.9,156,233,1,233,DLKTMTERLRS,development,0,Inactive,development_only,Inactive_only,False,False
0.9,157,234,1,234,DLQLNANAERINVYY,development,0,Inactive,development_only,Inactive_only,False,False
0.9,158,235,1,235,DLRELIARVRALIRRKS,test,0,Inactive,test_only,Inactive_only,False,False
0.9,159,236,1,236,DLSASRSAIDSLNNRMLSQIWSH,development,0,Inactive,development_only,Inactive_only,False,False
0.9,160,237,1,237,DLVDFAVEYFTRLREARRGLEHHH,development,0,Inactive,development_only,Inactive_only,False,False
0.9,161,238,1,238,DMASLQQQRQE,development,0,Inactive,development_only,Inactive_only,False,False
0.9,162,239,1,239,DMNQVLDAYEN,test,0,Inactive,test_only,Inactive_only,False,False
0.9,163,240,1,240,DNAMANQYETLANARQKGIEKYL,development,0,Inactive,development_only,Inactive_only,False,False
0.9,164,241,1,241,DNKTRFKIIKEKLKEF,development,0,Inactive,development_only,Inactive_only,False,False
0.9,165,242,1,242,DNTYLNTAESLYDEF,development,0,Inactive,development_only,Inactive_only,False,False
0.9,166,243,1,243,DNVVLQLQVARFLMKTVAQ,development,0,Inactive,development_only,Inactive_only,False,False
0.9,167,244,1,244,DPARALFAAMSQ,development,0,Inactive,development_only,Inactive_only,False,False
0.9,168,245,1,245,DPATVKKVVNFL,development,0,Inactive,development_only,Inactive_only,False,False
0.9,169,246,1,246,DPAWQGFRELIEKAL,development,0,Inactive,development_only,Inactive_only,False,False
0.9,170,247,1,247,DPEKVLFLAGNLLARLTE,development,0,Inactive,development_only,Inactive_only,False,False
0.9,171,248,1,248,DPETLEAIAEN,development,0,Inactive,development_only,Inactive_only,False,False
0.9,172,249,1,249,DPETNINIGTSYLQYVYQQF,development,0,Inactive,development_only,Inactive_only,False,False
0.9,173,250,1,250,DPKRLQASLQTIVGMVVYSW,development,0,Inactive,development_only,Inactive_only,False,False
0.9,174,251,1,251,DPLRERQVAEKQLAALGDILSA,development,0,Inactive,development_only,Inactive_only,False,False
0.9,175,252,1,252,DPLWKKEMFEKYLSN,test,0,Inactive,test_only,Inactive_only,False,False
0.9,176,253,1,253,DPQKADAVAVN,development,0,Inactive,development_only,Inactive_only,False,False
0.9,177,254,1,254,DPQKRAVVNQRLYFDMGT,development,0,Inactive,development_only,Inactive_only,False,False
0.9,178,255,1,255,DPTKLNHAVAGL,development,0,Inactive,development_only,Inactive_only,False,False
0.9,179,256,1,256,DPYVILITEILL,development,0,Inactive,development_only,Inactive_only,False,False
0.9,180,257,1,257,DQDKIQKAIAAG,development,0,Inactive,development_only,Inactive_only,False,False
0.9,181,258,1,258,DQEDVAQTIRDYD,development,0,Inactive,development_only,Inactive_only,False,False
0.9,182,259,1,259,DQGTLFELILAANYLD,development,0,Inactive,development_only,Inactive_only,False,False
0.9,183,260,1,260,DQHLMAEYRELPRVFGAVRKHVANG,development,0,Inactive,development_only,Inactive_only,False,False
0.9,184,261,1,261,DQNGEIYMWPVAQA,test,0,Inactive,test_only,Inactive_only,False,False
0.9,185,262,1,262,DQQGVFVKGYAM,development,0,Inactive,development_only,Inactive_only,False,False
0.9,186,263,1,263,DRASYEARERHVAERLLMHLEEM,development,0,Inactive,development_only,Inactive_only,False,False
0.9,187,264,1,264,DRAVIEHNLLSASKL,development,0,Inactive,development_only,Inactive_only,False,False
0.9,188,265,1,265,DRQLRSSIERVISIFQS,development,0,Inactive,development_only,Inactive_only,False,False
0.9,189,266,1,266,DRTSFDKLANS,development,0,Inactive,development_only,Inactive_only,False,False
0.9,190,267,1,267,DSEQVVHQLERLIAR,development,0,Inactive,development_only,Inactive_only,False,False
0.9,191,268,1,268,DSGYRSAMSVQSSL,development,0,Inactive,development_only,Inactive_only,False,False
0.9,192,269,1,269,DSMVVLQQRAYEILMTIME,development,0,Inactive,development_only,Inactive_only,False,False
0.9,193,270,1,270,DSSVIISALKTYLVSG,development,0,Inactive,development_only,Inactive_only,False,False
0.9,194,271,1,271,DSVASLLDVVKSTG,test,0,Inactive,test_only,Inactive_only,False,False
0.9,195,272,1,272,DSVTNDIFNVAKASIEKHIWMLQAEL,development,0,Inactive,development_only,Inactive_only,False,False
0.9,196,273,1,273,DTAFLMEQLELREELDEIEQAK,development,0,Inactive,development_only,Inactive_only,False,False
0.9,197,274,1,274,DTMKDAGMQMKKVLDS,development,0,Inactive,development_only,Inactive_only,False,False
0.9,198,275,1,275,DTRAWALAEKLFG,development,0,Inactive,development_only,Inactive_only,False,False
0.9,199,276,1,276,DVALADSFDAL,development,0,Inactive,development_only,Inactive_only,False,False
0.9,200,277,1,277,DVEAVEIMQRIHVLRSQGGFN,development,0,Inactive,development_only,Inactive_only,False,False
0.9,201,278,1,278,DVLAEDTITALLH,development,0,Inactive,development_only,Inactive_only,False,False
0.9,202,279,1,279,DVRVKEYFDDIARYFSIGLLNLIHLFG,development,0,Inactive,development_only,Inactive_only,False,False
0.9,203,280,1,280,DWGEAFTAINL,development,0,Inactive,development_only,Inactive_only,False,False
0.9,204,281,1,281,DWLKRLQKIFPPILSI,development,0,Inactive,development_only,Inactive_only,False,False
0.9,205,282,1,282,DWYRTYAELRETA,test,0,Inactive,test_only,Inactive_only,False,False
0.9,206,283,1,283,DYERFKSYIQTL,development,0,Inactive,development_only,Inactive_only,False,False
0.9,207,284,1,284,EALVHKLTERM,development,0,Inactive,development_only,Inactive_only,False,False
0.9,208,285,1,285,EAQKIDRLVQSFSGAYFQQN,development,0,Inactive,development_only,Inactive_only,False,False
0.9,209,286,1,286,EDDIMYLM,development,0,Inactive,development_only,Inactive_only,False,False
0.9,210,287,1,287,EDDSKLASRKYARIIQKI,development,0,Inactive,development_only,Inactive_only,False,False
0.9,211,288,1,288,EDKEAVFDVVDTLTAVLQVATGVISTL,test,0,Inactive,test_only,Inactive_only,False,False
0.9,212,289,1,289,EDLPKWSGYFEKLLKKN,development,0,Inactive,development_only,Inactive_only,False,False
0.9,213,290,1,290,EDMIFEIFKNYLTKVAYYARQVAEMN,development,0,Inactive,development_only,Inactive_only,False,False
0.9,214,291,1,291,EDNLLRQLAQKV,development,0,Inactive,development_only,Inactive_only,False,False
0.9,215,292,1,292,EELHTSLVEEL,development,0,Inactive,development_only,Inactive_only,False,False
0.9,216,293,1,293,EEMIAEFKAAFDMF,development,0,Inactive,development_only,Inactive_only,False,False
0.9,217,294,1,294,EERVKNGLERLKKAIKSGKQST,development,0,Inactive,development_only,Inactive_only,False,False
0.9,218,295,1,295,EESDIKYKTSKNFINKVY,development,0,Inactive,development_only,Inactive_only,False,False
0.9,219,296,1,296,EEVKKHGTTVLTALGRILKQ,development,0,Inactive,development_only,Inactive_only,False,False
0.9,220,297,1,297,EFPEMLAEIIT,development,0,Inactive,development_only,Inactive_only,False,False
0.9,221,298,1,298,EFRDLHLFLGEAAETAEEVADELAERVQAL,development,0,Inactive,development_only,Inactive_only,False,False
0.9,222,299,1,299,EGDQQLLKRVLVRKL,development,0,Inactive,development_only,Inactive_only,False,False
0.9,223,300,1,300,EGHVAAVEVLRGIHRIADMS,development,0,Inactive,development_only,Inactive_only,False,False
0.9,224,301,1,301,EGKDRELYGKLHETLKKVTEDLEA,test,0,Inactive,test_only,Inactive_only,False,False
0.9,225,302,1,302,EGNKRLDSVNSIVS,test,0,Inactive,test_only,Inactive_only,False,False
0.9,226,303,1,303,EGQQRRIRQQRLISIGKWIADNQ,development,0,Inactive,development_only,Inactive_only,False,False
0.9,227,304,1,304,EGVAWLEAVLRLLAQ,development,0,Inactive,development_only,Inactive_only,False,False
0.9,228,305,1,305,EHEIQEWYKGFLRD,development,0,Inactive,development_only,Inactive_only,False,False
0.9,229,306,1,306,EIEKFRVWISIL,development,0,Inactive,development_only,Inactive_only,False,False
0.9,230,307,1,307,EISEMVRMRERILDSIHLG,development,0,Inactive,development_only,Inactive_only,False,False
0.9,231,308,1,308,EISKLVKKMISSWKDAIN,development,0,Inactive,development_only,Inactive_only,False,False
0.9,232,309,1,309,EKETFREKFMQH,test,0,Inactive,test_only,Inactive_only,False,False
0.9,233,310,1,310,EKNSYRKLVGNLYFVYSAMEEEMAKF,development,0,Inactive,development_only,Inactive_only,False,False
0.9,234,311,1,311,EKVQYLTRSAIRR,development,0,Inactive,development_only,Inactive_only,False,False
0.9,235,312,1,312,EMNYYTVLFGVSRALGVLAQLIWSRAL,development,0,Inactive,development_only,Inactive_only,False,False
0.9,236,313,1,313,EPEEVFKSVLKEMEG,development,0,Inactive,development_only,Inactive_only,False,False
0.9,237,314,1,314,EPEKVDKLQEPLLEALRLYARRRR,development,0,Inactive,development_only,Inactive_only,False,False
0.9,238,315,1,315,EPGQRKIVMHK,test,0,Inactive,test_only,Inactive_only,False,False
0.9,239,316,1,316,EQEILRQVKKAYDRAARLG,test,0,Inactive,test_only,Inactive_only,False,False
0.9,240,317,1,317,EQEVYAQVARL,development,0,Inactive,development_only,Inactive_only,False,False
0.9,241,318,1,318,EQPSLVRTLDQLEDK,development,0,Inactive,development_only,Inactive_only,False,False
0.9,242,319,1,319,ERQEVKQMVVATLAES,development,0,Inactive,development_only,Inactive_only,False,False
0.9,243,320,1,320,ERVRAAMEKLA,development,0,Inactive,development_only,Inactive_only,False,False
0.9,244,321,1,321,ESLYESIRRRYEEL,development,0,Inactive,development_only,Inactive_only,False,False
0.9,245,322,1,322,ESPVRKILRIVFHDAI,development,0,Inactive,development_only,Inactive_only,False,False
0.9,246,323,1,323,ETNIRVALEKSFL,development,0,Inactive,development_only,Inactive_only,False,False
0.9,247,324,1,324,EVKRRFPTKLGAWALIWWLL,development,0,Inactive,development_only,Inactive_only,False,False
0.9,248,325,1,325,EVKRSVNRDFAKWFLIVFI,development,0,Inactive,development_only,Inactive_only,False,False
0.9,249,326,1,326,EVNRNFGERINDLRILILLL,test,0,Inactive,test_only,Inactive_only,False,False
0.9,250,327,1,327,EVVGRVSKLWNEWWLIV,development,0,Inactive,development_only,Inactive_only,False,False
0.9,251,328,1,328,EWQTMVAALQA,development,0,Inactive,development_only,Inactive_only,False,False
0.9,252,329,1,329,EYKYYKLKLAEMQR,test,0,Inactive,test_only,Inactive_only,False,False
0.9,253,330,1,330,FADLFDPVIQERH,development,0,Inactive,development_only,Inactive_only,False,False
0.9,254,331,1,331,FALRLRRVINRIGQAWR,development,0,Inactive,development_only,Inactive_only,False,False
0.9,255,332,1,332,FEVIDTIKAAVENA,development,0,Inactive,development_only,Inactive_only,False,False
0.9,256,333,1,333,FFSFELVESINDVKKSLR,development,0,Inactive,development_only,Inactive_only,False,False
0.9,257,334,1,334,FGLKVLGWYSEMKRNVQRLERAIEEV,development,0,Inactive,development_only,Inactive_only,False,False
0.9,258,335,1,335,FHSVAEQF,development,0,Inactive,development_only,Inactive_only,False,False
0.9,259,336,1,336,FIAVHEMLDGFRTALIDHLDTMAERAVQ,development,0,Inactive,development_only,Inactive_only,False,False
0.9,260,337,1,337,FKATIADLSKKR,development,0,Inactive,development_only,Inactive_only,False,False
0.9,261,338,1,338,FKEAIEAIAESA,development,0,Inactive,development_only,Inactive_only,False,False
0.9,262,339,1,339,FKGKIIKKVISTGAKLI,development,0,Inactive,development_only,Inactive_only,False,False
0.9,263,340,1,340,FKSIYRFFEHGLK,development,0,Inactive,development_only,Inactive_only,False,False
0.9,264,341,1,341,FKSVQNSLQRILYLWAIRH,test,0,Inactive,test_only,Inactive_only,False,False
0.9,265,342,1,342,FLDQNMLAVIDELMQAL,development,0,Inactive,development_only,Inactive_only,False,False
0.9,266,343,1,343,FLLKKLKKVATGFAKG,development,0,Inactive,development_only,Inactive_only,False,False
0.9,267,344,1,344,FLLSKAKDAKSSAEGAV,development,0,Inactive,development_only,Inactive_only,False,False
0.9,268,345,1,345,FNQRRISSAKFLGELYNY,test,0,Inactive,test_only,Inactive_only,False,False
0.9,269,346,1,346,FNRMFEKSTHHYTDSVGGILR,development,0,Inactive,development_only,Inactive_only,False,False
0.9,270,347,1,347,FPLLVDHTSREADYFRKRLIQLNEG,development,0,Inactive,development_only,Inactive_only,False,False
0.9,271,348,1,348,FPNLASAAFYWSKKEN,development,0,Inactive,development_only,Inactive_only,False,False
0.9,272,349,1,349,FPQLTQNNSRE,test,0,Inactive,test_only,Inactive_only,False,False
0.9,273,350,1,350,FSALNIAVHELSDVGRAIVRN,development,0,Inactive,development_only,Inactive_only,False,False
0.9,274,351,1,351,FSEFIQALSVTSRG,development,0,Inactive,development_only,Inactive_only,False,False
0.9,275,352,1,352,FTELQRDFLRN,test,0,Inactive,test_only,Inactive_only,False,False
0.9,276,353,1,353,FTRIIKAAG,development,0,Inactive,development_only,Inactive_only,False,False
0.9,277,354,1,354,FVPVFFVVVRRR,development,0,Inactive,development_only,Inactive_only,False,False
0.9,278,355,1,355,FYQTFFDEADELLADMEQHLLDL,development,0,Inactive,development_only,Inactive_only,False,False
0.9,279,356,1,356,GAFRKLLQSAKDN,development,0,Inactive,development_only,Inactive_only,False,False
0.9,280,357,1,357,GAGTSVNMNTNEVLANIGLELM,test,0,Inactive,test_only,Inactive_only,False,False
0.9,281,358,1,358,GAPLARMEVTLALESLFGRF,development,0,Inactive,development_only,Inactive_only,False,False
0.9,282,359,1,359,GAQYIQAAGVALGLKMR,test,0,Inactive,test_only,Inactive_only,False,False
0.9,283,360,1,360,GAVAIARVFSY,development,0,Inactive,development_only,Inactive_only,False,False
0.9,284,361,1,361,GEAEIASLKSQIRA,development,0,Inactive,development_only,Inactive_only,False,False
0.9,285,362,1,362,GEAYLLLERYVAFLRA,development,0,Inactive,development_only,Inactive_only,False,False
0.9,286,363,1,363,GEDAILKKVAEEAAETLMASKD,development,0,Inactive,development_only,Inactive_only,False,False
0.9,287,364,1,364,GEGWAKSILFN,test,0,Inactive,test_only,Inactive_only,False,False
0.9,288,365,1,365,GEKRAEEIKKILMT,development,0,Inactive,development_only,Inactive_only,False,False
0.9,289,366,1,366,GFFGWFNRMFEKSTHHYTDSVGGI,test,0,Inactive,test_only,Inactive_only,False,False
0.9,290,367,1,367,GFKNEVRTPVTKFRIVFFVV,development,0,Inactive,development_only,Inactive_only,False,False
0.9,291,368,1,368,GFMIWHPKMDEYMEEIDGYLDEMSERLITL,development,0,Inactive,development_only,Inactive_only,False,False
0.9,292,369,1,369,GFSVQRRLWLAS,test,0,Inactive,test_only,Inactive_only,False,False
0.9,293,370,1,370,GFYPMVAAQRI,test,0,Inactive,test_only,Inactive_only,False,False
0.9,294,371,1,371,GGFAAAIARRA,development,0,Inactive,development_only,Inactive_only,False,False
0.9,295,372,1,372,GGKEALAIENFADAL,test,0,Inactive,test_only,Inactive_only,False,False
0.9,296,373,1,373,GGSSGVLMSIFFTAAGQKLEQ,development,0,Inactive,development_only,Inactive_only,False,False
0.9,297,374,1,374,GHNLISLLEVLSG,development,0,Inactive,development_only,Inactive_only,False,False
0.9,298,375,1,375,GIHELAVFAEEH,development,0,Inactive,development_only,Inactive_only,False,False
0.9,299,376,1,376,GKASLRAAELYSKY,development,0,Inactive,development_only,Inactive_only,False,False
0.9,300,377,1,377,GKDAAAEEISQLLYHVQVMMVARG,development,0,Inactive,development_only,Inactive_only,False,False
0.9,301,378,1,378,GKKGPKFIQAVASLKA,development,0,Inactive,development_only,Inactive_only,False,False
0.9,302,379,1,379,GKSNMMDAISFVL,development,0,Inactive,development_only,Inactive_only,False,False
0.9,303,380,1,380,GKTTAALALARELFG,development,0,Inactive,development_only,Inactive_only,False,False
0.9,304,381,1,381,GKTTFVKRHLTG,development,0,Inactive,development_only,Inactive_only,False,False
0.9,305,382,1,382,GKTTILYRLQVG,development,0,Inactive,development_only,Inactive_only,False,False
0.9,306,383,1,383,GLEKLEESIYRE,development,0,Inactive,development_only,Inactive_only,False,False
0.9,307,384,1,384,GLFDKVKSLVPKIAKAV,development,0,Inactive,development_only,Inactive_only,False,False
0.9,308,385,1,385,GLFDVIGSQAGGAAPHFLG,development,0,Inactive,development_only,Inactive_only,False,False
0.9,309,386,1,386,GLFKLIKFAKKKSPGAF,development,0,Inactive,development_only,Inactive_only,False,False
0.9,310,387,1,387,GLGKIIGKVKKSLLKSI,development,0,Inactive,development_only,Inactive_only,False,False
0.9,311,388,1,388,GLGLVLKIAVNAFLKLVA,test,0,Inactive,test_only,Inactive_only,False,False
0.9,312,389,1,389,GLLDIAGGNAETLAGHAV,development,0,Inactive,development_only,Inactive_only,False,False
0.9,313,390,1,390,GLNAELTRYTLSLMVLERKLSSA,development,0,Inactive,development_only,Inactive_only,False,False
0.9,314,391,1,391,GLTSLMAIDKL,test,0,Inactive,test_only,Inactive_only,False,False
0.9,315,392,1,392,GLWAIAVKAGKVILKLIVFIWIRV,test,0,Inactive,test_only,Inactive_only,False,False
0.9,316,393,1,393,GLWKSLGAVVKRVEGLWVGLF,development,0,Inactive,development_only,Inactive_only,False,False
0.9,317,394,1,394,GNFADLLAHSDGLIKNISDDLRALDKLI,test,0,Inactive,test_only,Inactive_only,False,False
0.9,318,395,1,395,GNYLRAEILYRLK,development,0,Inactive,development_only,Inactive_only,False,False
0.9,319,396,1,396,GPDMTAMVALIASV,test,0,Inactive,test_only,Inactive_only,False,False
0.9,320,397,1,397,GPKDAVVKVFNQWG,test,0,Inactive,test_only,Inactive_only,False,False
0.9,321,398,1,398,GPKKAQLIVGWRELHG,development,0,Inactive,development_only,Inactive_only,False,False
0.9,322,399,1,399,GSDFLIHFIDE,development,0,Inactive,development_only,Inactive_only,False,False
0.9,323,400,1,400,GSHANEFFFRA,development,0,Inactive,development_only,Inactive_only,False,False
0.9,324,401,1,401,GTLRHAANAAFIMLEAAEL,development,0,Inactive,development_only,Inactive_only,False,False
0.9,325,402,1,402,GTTTAVIIAGGLLQQAQGLIN,development,0,Inactive,development_only,Inactive_only,False,False
0.9,326,403,1,403,GVSGLAAARQLQSF,development,0,Inactive,development_only,Inactive_only,False,False
0.9,327,404,1,404,GWQNELLLLLRYLDEN,development,0,Inactive,development_only,Inactive_only,False,False
0.9,328,405,1,405,GYKKVSKSYTGEWKKYLNSL,development,0,Inactive,development_only,Inactive_only,False,False
0.9,329,406,1,406,HAHASAIAKAYASEIAFEAANQAIQIHG,development,0,Inactive,development_only,Inactive_only,False,False
0.9,330,407,1,407,HALRTIVFELLTRH,test,0,Inactive,test_only,Inactive_only,False,False
0.9,331,408,1,408,HDKHIEIVVRQM,development,0,Inactive,development_only,Inactive_only,False,False
0.9,332,409,1,409,HDLVTDGLITLYIETK,development,0,Inactive,development_only,Inactive_only,False,False
0.9,333,410,1,410,HFGSLLLLAAWLAEN,development,0,Inactive,development_only,Inactive_only,False,False
0.9,334,411,1,411,HGLVKAGHPLKRKLGH,test,0,Inactive,test_only,Inactive_only,False,False
0.9,335,412,1,412,HHKAYVDGANTALDKLAEARDK,development,0,Inactive,development_only,Inactive_only,False,False
0.9,336,413,1,413,HKEMAKAFEEW,development,0,Inactive,development_only,Inactive_only,False,False
0.9,337,414,1,414,HLDLINMMSRLAREELVHHEQVLRLMKRR,development,0,Inactive,development_only,Inactive_only,False,False
0.9,338,415,1,415,HMKMRSQLLIVLQEHLRN,development,0,Inactive,development_only,Inactive_only,False,False
0.9,339,416,1,416,HPAFIAHADRVLGGLDIAIST,test,0,Inactive,test_only,Inactive_only,False,False
0.9,340,417,1,417,HPFYQALGQLARLTLAQWQAQL,development,0,Inactive,development_only,Inactive_only,False,False
0.9,341,418,1,418,HQAAMQMLKETINEEAAEWDRLH,development,0,Inactive,development_only,Inactive_only,False,False
0.9,342,419,1,419,HSATRAAMLVRINT,test,0,Inactive,test_only,Inactive_only,False,False
0.9,343,420,1,420,HSDWISNANKVRVIYWQMT,development,0,Inactive,development_only,Inactive_only,False,False
0.9,344,421,1,421,HSRRGLLKMVGKRRRLLAYLRNK,development,0,Inactive,development_only,Inactive_only,False,False
0.9,345,422,1,422,HTFLDDIVGAIAAAAASRLAHSYHD,development,0,Inactive,development_only,Inactive_only,False,False
0.9,346,423,1,423,HVVDEKARLIYED,development,0,Inactive,development_only,Inactive_only,False,False
0.9,347,424,1,424,HWDKVADMVANFAHEIDTYG,test,0,Inactive,test_only,Inactive_only,False,False
0.9,348,425,1,425,IAMVNGLMGVLDKLAHLIDE,development,0,Inactive,development_only,Inactive_only,False,False
0.9,349,426,1,426,IASEFKNIATNS,development,0,Inactive,development_only,Inactive_only,False,False
0.9,350,427,1,427,IDDLRVIARENLERRRK,development,0,Inactive,development_only,Inactive_only,False,False
0.9,351,428,1,428,IDDSVNNLIPFMQKH,test,0,Inactive,test_only,Inactive_only,False,False
0.9,352,429,1,429,IEEATEFYENDV,development,0,Inactive,development_only,Inactive_only,False,False
0.9,353,430,1,430,IEFRKAFLKIL,development,0,Inactive,development_only,Inactive_only,False,False
0.9,354,431,1,431,IGVQQHADKVQRALGEAIDD,development,0,Inactive,development_only,Inactive_only,False,False
0.9,355,432,1,432,IHNVVGKL,development,0,Inactive,development_only,Inactive_only,False,False
0.9,356,433,1,433,IKPLNNFAAEVGKIRDS,test,0,Inactive,test_only,Inactive_only,False,False
0.9,357,434,1,434,IMELLGTVIQHEGIHQGQYYVALKQSG,test,0,Inactive,test_only,Inactive_only,False,False
0.9,358,435,1,435,IPAAKINWDRDIEYMAGILEN,development,0,Inactive,development_only,Inactive_only,False,False
0.9,359,436,1,436,IPAVANWIKRR,development,0,Inactive,development_only,Inactive_only,False,False
0.9,360,437,1,437,IPEAKSFYGFQIMIENIHSETYSLLIDTYI,development,0,Inactive,development_only,Inactive_only,False,False
0.9,361,438,1,438,IRVNATKAYEMAL,development,0,Inactive,development_only,Inactive_only,False,False
0.9,362,439,1,439,KDAENHKAYLKSH,test,0,Inactive,test_only,Inactive_only,False,False
0.9,363,440,1,440,KDFETLKVDFLSKLPEMLKMFEDRL,development,0,Inactive,development_only,Inactive_only,False,False
0.9,364,441,1,441,KDTVIEDIIDKTFEEAD,development,0,Inactive,development_only,Inactive_only,False,False
0.9,365,442,1,442,KEDIHRSLVEELTKISAKEK,development,0,Inactive,development_only,Inactive_only,False,False
0.9,366,443,1,443,KEEGYFYFRSRLSQ,development,0,Inactive,development_only,Inactive_only,False,False
0.9,367,444,1,444,KEEVQKVLEDA,development,0,Inactive,development_only,Inactive_only,False,False
0.9,368,445,1,445,KEIAEKMVEGRMKKFTGEV,development,0,Inactive,development_only,Inactive_only,False,False
0.9,369,446,1,446,KFLKKWEGIWATFKPALSAVV,development,0,Inactive,development_only,Inactive_only,False,False
0.9,370,447,1,447,KFLRFILKWFKVIFQ,development,0,Inactive,development_only,Inactive_only,False,False
0.9,371,448,1,448,KFLTKLKNIVANIRIWWVILL,development,0,Inactive,development_only,Inactive_only,False,False
0.9,372,449,1,449,KGQEYINNIHL,development,0,Inactive,development_only,Inactive_only,False,False
0.9,373,450,1,450,KHFDFLAEFNAKAND,development,0,Inactive,development_only,Inactive_only,False,False
0.9,374,451,1,451,KHHAAYVNNLNNALKK,test,0,Inactive,test_only,Inactive_only,False,False
0.9,375,452,1,452,KIPDDLQADFNKFR,test,0,Inactive,test_only,Inactive_only,False,False
0.9,376,453,1,453,KKAEAVATVVAAVDQARVR,test,0,Inactive,test_only,Inactive_only,False,False
0.9,377,454,1,454,KKDVKLILDTILETITEALAK,development,0,Inactive,development_only,Inactive_only,False,False
0.9,378,455,1,455,KKEELQRSLNILTAF,development,0,Inactive,development_only,Inactive_only,False,False
0.9,379,456,1,456,KKQELLEALTKHFQ,development,0,Inactive,development_only,Inactive_only,False,False
0.9,380,457,1,457,KKTAERLIVEMKDRFKG,development,0,Inactive,development_only,Inactive_only,False,False
0.9,381,458,1,458,KKVKGYKRALTE,development,0,Inactive,development_only,Inactive_only,False,False
0.9,382,459,1,459,KLDSRFDNNLGKFRFVLLLFV,test,0,Inactive,test_only,Inactive_only,False,False
0.9,383,460,1,460,KLEEKFPQVAAT,development,0,Inactive,development_only,Inactive_only,False,False
0.9,384,461,1,461,KLKELALIFISNLVAN,test,0,Inactive,test_only,Inactive_only,False,False
0.9,385,462,1,462,KNIKRNVEKIIAQWDERTRK,development,0,Inactive,development_only,Inactive_only,False,False
0.9,386,463,1,463,KPEEVEQIKLYVMSREYEDYMAR,development,0,Inactive,development_only,Inactive_only,False,False
0.9,387,464,1,464,KPEQYNIVGEHLLATLDEMFS,test,0,Inactive,test_only,Inactive_only,False,False
0.9,388,465,1,465,KPQELLSLIIERFE,test,0,Inactive,test_only,Inactive_only,False,False
0.9,389,466,1,466,KPQERADLISYLKEATS,development,0,Inactive,development_only,Inactive_only,False,False
0.9,390,467,1,467,KPWLSVILFLIRERSR,development,0,Inactive,development_only,Inactive_only,False,False
0.9,391,468,1,468,KQAEAEEFVQTLGQSLA,development,0,Inactive,development_only,Inactive_only,False,False
0.9,392,469,1,469,KQLTAIAALAE,test,0,Inactive,test_only,Inactive_only,False,False
0.9,393,470,1,470,KREIIHAVLTGLALDQLAEQ,development,0,Inactive,development_only,Inactive_only,False,False
0.9,394,471,1,471,KREVQNAILTGIQLDKLAED,development,0,Inactive,development_only,Inactive_only,False,False
0.9,395,472,1,472,KSEALAKMWGQRK,development,0,Inactive,development_only,Inactive_only,False,False
0.9,396,473,1,473,KTASTGFAELLKDRREQV,development,0,Inactive,development_only,Inactive_only,False,False
0.9,397,474,1,474,KTFRTTFKTLL,development,0,Inactive,development_only,Inactive_only,False,False
0.9,398,475,1,475,KVAEFERLFRQAAG,development,0,Inactive,development_only,Inactive_only,False,False
0.9,399,476,1,476,KVNRAVAAEIRNWTWVFLIW,development,0,Inactive,development_only,Inactive_only,False,False
0.9,400,477,1,477,KVRETREILDIIDTVYNS,development,0,Inactive,development_only,Inactive_only,False,False
0.9,401,478,1,478,KVRGLIEIISN,test,0,Inactive,test_only,Inactive_only,False,False
0.9,402,479,1,479,KVSDILTVAIRLEEEGERFYRELS,development,0,Inactive,development_only,Inactive_only,False,False
0.9,403,480,1,480,KVVDNFENILII,development,0,Inactive,development_only,Inactive_only,False,False
0.9,404,481,1,481,KVWKGVKTIIADVWQV,development,0,Inactive,development_only,Inactive_only,False,False
0.9,405,482,1,482,KWEAEKIHIGFRQAY,development,0,Inactive,development_only,Inactive_only,False,False
0.9,406,483,1,483,KWVRIWIKVLRGLFVWVWFF,development,0,Inactive,development_only,Inactive_only,False,False
0.9,407,484,1,484,KYDHFAGRAYVRLHQD,development,0,Inactive,development_only,Inactive_only,False,False
0.9,408,485,1,485,LADLQEQLYNG,development,0,Inactive,development_only,Inactive_only,False,False
0.9,409,486,1,486,LDAYINLGNVLKEA,development,0,Inactive,development_only,Inactive_only,False,False
0.9,410,487,1,487,LDEAATRSKAWMVDALA,development,0,Inactive,development_only,Inactive_only,False,False
0.9,411,488,1,488,LEARMKQFKDMLLER,development,0,Inactive,development_only,Inactive_only,False,False
0.9,412,489,1,489,LEEFDKVSKNVD,development,0,Inactive,development_only,Inactive_only,False,False
0.9,413,490,1,490,LEPIKAWIEKR,test,0,Inactive,test_only,Inactive_only,False,False
0.9,414,491,1,491,LEQVEFKLNQLLENL,test,0,Inactive,test_only,Inactive_only,False,False
0.9,415,492,1,492,LHDAIHMAADNAV,development,0,Inactive,development_only,Inactive_only,False,False
0.9,416,493,1,493,LKRAEALIHLANAALE,test,0,Inactive,test_only,Inactive_only,False,False
0.9,417,494,1,494,LKYVGMVLNEALRLW,development,0,Inactive,development_only,Inactive_only,False,False
0.9,418,495,1,495,LLNIRREFIEKY,development,0,Inactive,development_only,Inactive_only,False,False
0.9,419,496,1,496,LLPALLQQIGREN,development,0,Inactive,development_only,Inactive_only,False,False
0.9,420,497,1,497,LLTEVETYVLSI,test,0,Inactive,test_only,Inactive_only,False,False
0.9,421,498,1,498,LMEPVREAAGRLADA,development,0,Inactive,development_only,Inactive_only,False,False
0.9,422,499,1,499,LMGHQKKILGSIQTMRAQLT,development,0,Inactive,development_only,Inactive_only,False,False
0.9,423,500,1,500,LNNFSRYFLHQSREETEHAEKLMRLQNQRG,development,0,Inactive,development_only,Inactive_only,False,False
0.9,424,501,1,501,LPEDQELLFQSASLELFVLRLAYRA,test,0,Inactive,test_only,Inactive_only,False,False
0.9,425,502,1,502,LPHFYELFSLWA,development,0,Inactive,development_only,Inactive_only,False,False
0.9,426,503,1,503,LPIHYKLSQEFFLKAYEN,development,0,Inactive,development_only,Inactive_only,False,False
0.9,427,504,1,504,LQAPLQRRILEIGKKH,development,0,Inactive,development_only,Inactive_only,False,False
0.9,428,505,1,505,LQMEFKYLAYLTG,development,0,Inactive,development_only,Inactive_only,False,False
0.9,429,506,1,506,LQNAIIEFYTEYY,development,0,Inactive,development_only,Inactive_only,False,False
0.9,430,507,1,507,LQWYVSEQHEEEALFRGIVDKIKLIG,test,0,Inactive,test_only,Inactive_only,False,False
0.9,431,508,1,508,LREIVENMIKSSLERAIAAY,development,0,Inactive,development_only,Inactive_only,False,False
0.9,432,509,1,509,LRSWFRERLIAHRLASVNL,development,0,Inactive,development_only,Inactive_only,False,False
0.9,433,510,1,510,LRTYFMERLRHYRQLSL,development,0,Inactive,development_only,Inactive_only,False,False
0.9,434,511,1,511,LSTVSNFFMNA,development,0,Inactive,development_only,Inactive_only,False,False
0.9,435,512,1,512,LVGALMHVMQKRSR,test,0,Inactive,test_only,Inactive_only,False,False
0.9,436,513,1,513,LVLPIAQALKVLG,test,0,Inactive,test_only,Inactive_only,False,False
0.9,437,514,1,514,MEALKKQILQI,development,0,Inactive,development_only,Inactive_only,False,False
0.9,438,515,1,515,MEKLNQLWEKAQRLH,development,0,Inactive,development_only,Inactive_only,False,False
0.9,439,516,1,516,MLEEYRKHVAERAAE,test,0,Inactive,test_only,Inactive_only,False,False
0.9,440,517,1,517,MPEVFNYLGIYLTQA,test,0,Inactive,test_only,Inactive_only,False,False
0.9,441,518,1,518,MPGTATHTVKMFS,test,0,Inactive,test_only,Inactive_only,False,False
0.9,442,519,1,519,MPYTDAVVHEVQRYID,test,0,Inactive,test_only,Inactive_only,False,False
0.9,443,520,1,520,MTDQQAEARAF,development,0,Inactive,development_only,Inactive_only,False,False
0.9,444,521,1,521,MVFKQMEQVAQFLKAAEDY,development,0,Inactive,development_only,Inactive_only,False,False
0.9,445,522,1,522,MYSNRMRSYKQEMGKLETDFKRSRI,development,0,Inactive,development_only,Inactive_only,False,False
0.9,446,523,1,523,NAAGWDLLLTLYRSA,development,0,Inactive,development_only,Inactive_only,False,False
0.9,447,524,1,524,NAAQLDALAHALLEIPRFSYATR,development,0,Inactive,development_only,Inactive_only,False,False
0.9,448,525,1,525,NAGQANEFFNEFWS,development,0,Inactive,development_only,Inactive_only,False,False
0.9,449,526,1,526,NAKIARINELAAKAKAGV,development,0,Inactive,development_only,Inactive_only,False,False
0.9,450,527,1,527,NAKYVAEATGNFITVMDALKL,development,0,Inactive,development_only,Inactive_only,False,False
0.9,451,528,1,528,NASRTVGVVAALL,development,0,Inactive,development_only,Inactive_only,False,False
0.9,452,529,1,529,NDAEVKKIAAQYGKD,development,0,Inactive,development_only,Inactive_only,False,False
0.9,453,530,1,530,NDEETVALTAGGHT,development,0,Inactive,development_only,Inactive_only,False,False
0.9,454,531,1,531,NEEVRIEAIIGLSYR,development,0,Inactive,development_only,Inactive_only,False,False
0.9,455,532,1,532,NEQDLGIQYKALKPEVDKLNIMAAKRQQEL,test,0,Inactive,test_only,Inactive_only,False,False
0.9,456,533,1,533,NEYIMSLISDN,development,0,Inactive,development_only,Inactive_only,False,False
0.9,457,534,1,534,NFKDVIETAKKVMNF,test,0,Inactive,test_only,Inactive_only,False,False
0.9,458,535,1,535,NGETFLTELLD,test,0,Inactive,test_only,Inactive_only,False,False
0.9,459,536,1,536,NGLEVVKALAQG,development,0,Inactive,development_only,Inactive_only,False,False
0.9,460,537,1,537,NIDEIERKIDEAIEKE,development,0,Inactive,development_only,Inactive_only,False,False
0.9,461,538,1,538,NIDSYLNAVNIINIFKIIG,test,0,Inactive,test_only,Inactive_only,False,False
0.9,462,539,1,539,NIEQLWRDYNKYEEGIN,development,0,Inactive,development_only,Inactive_only,False,False
0.9,463,540,1,540,NILKQIFKLLQA,development,0,Inactive,development_only,Inactive_only,False,False
0.9,464,541,1,541,NINELFIEISRRI,development,0,Inactive,development_only,Inactive_only,False,False
0.9,465,542,1,542,NIPKHTHRFFILVLEI,development,0,Inactive,development_only,Inactive_only,False,False
0.9,466,543,1,543,NKDQWEERIQVWHEEH,development,0,Inactive,development_only,Inactive_only,False,False
0.9,467,544,1,544,NKEEMMDIVKAIYDMMG,test,0,Inactive,test_only,Inactive_only,False,False
0.9,468,545,1,545,NKLVDRWLHVRKHLLVAYYNLVG,development,0,Inactive,development_only,Inactive_only,False,False
0.9,469,546,1,546,NKQADSIKQMEERNKKRVENFKKTG,test,0,Inactive,test_only,Inactive_only,False,False
0.9,470,547,1,547,NKRAVDWAMRAAMAL,development,0,Inactive,development_only,Inactive_only,False,False
0.9,471,548,1,548,NKSVGAVYAILYLS,development,0,Inactive,development_only,Inactive_only,False,False
0.9,472,549,1,549,NLDSIQEELADVIAWTVSIANLEG,development,0,Inactive,development_only,Inactive_only,False,False
0.9,473,550,1,550,NLEQTARRWLEERG,development,0,Inactive,development_only,Inactive_only,False,False
0.9,474,551,1,551,NLESEIHTVLKHLVENN,development,0,Inactive,development_only,Inactive_only,False,False
0.9,475,552,1,552,NLFDHFSAVAQRL,development,0,Inactive,development_only,Inactive_only,False,False
0.9,476,553,1,553,NLFPIVFGVIFDA,development,0,Inactive,development_only,Inactive_only,False,False
0.9,477,554,1,554,NLLYDIVKENG,test,0,Inactive,test_only,Inactive_only,False,False
0.9,478,555,1,555,NLNQSIDNFVNMAFFA,development,0,Inactive,development_only,Inactive_only,False,False
0.9,479,556,1,556,NLSTLAALVAAAG,development,0,Inactive,development_only,Inactive_only,False,False
0.9,480,557,1,557,NLTQLKASFAVQ,development,0,Inactive,development_only,Inactive_only,False,False
0.9,481,558,1,558,NLVADMRFNVVRESEARLQVSRLYS,development,0,Inactive,development_only,Inactive_only,False,False
0.9,482,559,1,559,NNAITKGFTALEKLLV,development,0,Inactive,development_only,Inactive_only,False,False
0.9,483,560,1,560,NPAAEKMQVLQVLDRLRGKLQEKG,development,0,Inactive,development_only,Inactive_only,False,False
0.9,484,561,1,561,NPAQYLAQHEQLL,development,0,Inactive,development_only,Inactive_only,False,False
0.9,485,562,1,562,NPARALYQTVRELIENSLDA,test,0,Inactive,test_only,Inactive_only,False,False
0.9,486,563,1,563,NPEILLARVKRFLERE,test,0,Inactive,test_only,Inactive_only,False,False
0.9,487,564,1,564,NPERVLLQLKYRYDVEI,development,0,Inactive,development_only,Inactive_only,False,False
0.9,488,565,1,565,NPGQAIWLGEFSKRH,development,0,Inactive,development_only,Inactive_only,False,False
0.9,489,566,1,566,NPMIIEGQIHGGLTEGYAVAMG,development,0,Inactive,development_only,Inactive_only,False,False
0.9,490,567,1,567,NPQVLADIGAEAT,test,0,Inactive,test_only,Inactive_only,False,False
0.9,491,568,1,568,NPRWIGRHKHMFNFLD,development,0,Inactive,development_only,Inactive_only,False,False
0.9,492,569,1,569,NPVLQQHFRNLEALAL,test,0,Inactive,test_only,Inactive_only,False,False
0.9,493,570,1,570,NQDELEGYNLFKGSG,test,0,Inactive,test_only,Inactive_only,False,False
0.9,494,571,1,571,NQPFALEMIKSRQKKD,development,0,Inactive,development_only,Inactive_only,False,False
0.9,495,572,1,572,NQRALLKSLQDYRQHLDQLITLISN,development,0,Inactive,development_only,Inactive_only,False,False
0.9,496,573,1,573,NREANLQALIATG,test,0,Inactive,test_only,Inactive_only,False,False
0.9,497,574,1,574,NRKMAMGRKKFNMD,development,0,Inactive,development_only,Inactive_only,False,False
0.9,498,575,1,575,NSDQDAGIAIIRRAL,development,0,Inactive,development_only,Inactive_only,False,False
0.9,499,576,1,576,NSNHQMLLVQQAEDKIKELLNT,test,0,Inactive,test_only,Inactive_only,False,False
0.9,500,577,1,577,NSNTFLTRLLVHM,development,0,Inactive,development_only,Inactive_only,False,False
0.9,501,578,1,578,NSREREMFVQEVRRYY,test,0,Inactive,test_only,Inactive_only,False,False
0.9,502,579,1,579,NSSDSIDWLTSM,development,0,Inactive,development_only,Inactive_only,False,False
0.9,503,580,1,580,NSVLRAVAEVYA,test,0,Inactive,test_only,Inactive_only,False,False
0.9,504,581,1,581,NTDTLERVTEIFKALG,test,0,Inactive,test_only,Inactive_only,False,False
0.9,505,582,1,582,NTEKLLKTVPIIQNQMDALLD,development,0,Inactive,development_only,Inactive_only,False,False
0.9,506,583,1,583,NTPEAYSVLFDMAREVNRLKAED,development,0,Inactive,development_only,Inactive_only,False,False
0.9,507,584,1,584,NVGKAWAEDVLALVKH,development,0,Inactive,development_only,Inactive_only,False,False
0.9,508,585,1,585,NVKDLADAAKRT,development,0,Inactive,development_only,Inactive_only,False,False
0.9,509,586,1,586,NVKDVTKLVAN,development,0,Inactive,development_only,Inactive_only,False,False
0.9,510,587,1,587,NWDDMEKIWHHTFYN,development,0,Inactive,development_only,Inactive_only,False,False
0.9,511,588,1,588,NYAHLNRGIALYYG,development,0,Inactive,development_only,Inactive_only,False,False
0.9,512,589,1,589,NYEEIYILNHILR,development,0,Inactive,development_only,Inactive_only,False,False
0.9,513,590,1,590,NYEKFSETKERLLEKF,development,0,Inactive,development_only,Inactive_only,False,False
0.9,514,591,1,591,PAERYYRDARIT,development,0,Inactive,development_only,Inactive_only,False,False
0.9,515,592,1,592,PALDILKALVDNLYVEN,development,0,Inactive,development_only,Inactive_only,False,False
0.9,516,593,1,593,PATSRKIFKYIRELDE,development,0,Inactive,development_only,Inactive_only,False,False
0.9,517,594,1,594,PDEVSALRRTTEKNTTTLINLAKQH,development,0,Inactive,development_only,Inactive_only,False,False
0.9,518,595,1,595,PDFRKAFKRLL,development,0,Inactive,development_only,Inactive_only,False,False
0.9,519,596,1,596,PDIKAQYQQRWL,development,0,Inactive,development_only,Inactive_only,False,False
0.9,520,597,1,597,PDYREVMETFQE,development,0,Inactive,development_only,Inactive_only,False,False
0.9,521,598,1,598,PEALTVAATEVRRIRDRAIQSDAQVAPMTT,development,0,Inactive,development_only,Inactive_only,False,False
0.9,522,599,1,599,PEDFANHLFTVFD,development,0,Inactive,development_only,Inactive_only,False,False
0.9,523,600,1,600,PEKEAVTLGIKALKSSL,test,0,Inactive,test_only,Inactive_only,False,False
0.9,524,601,1,601,PEVQIAILTEQINNLNEHLRV,development,0,Inactive,development_only,Inactive_only,False,False
0.9,525,602,1,602,PEYEHLYTELTGTIVLLIES,test,0,Inactive,test_only,Inactive_only,False,False
0.9,526,603,1,603,PGLRRAWKRLQ,development,0,Inactive,development_only,Inactive_only,False,False
0.9,527,604,1,604,PGRIQRVARGS,development,0,Inactive,development_only,Inactive_only,False,False
0.9,528,605,1,605,PIAFIHKAI,development,0,Inactive,development_only,Inactive_only,False,False
0.9,529,606,1,606,PIDIDYMISDTLELLR,development,0,Inactive,development_only,Inactive_only,False,False
0.9,530,607,1,607,PIEAFLRLNEELEERG,development,0,Inactive,development_only,Inactive_only,False,False
0.9,531,608,1,608,PIKFIRKA,test,0,Inactive,test_only,Inactive_only,False,False
0.9,532,609,1,609,PKAYAQHVFRS,development,0,Inactive,development_only,Inactive_only,False,False
0.9,533,610,1,610,PKPLVSFFQSLLQLVNHDLLEQQN,development,0,Inactive,development_only,Inactive_only,False,False
0.9,534,611,1,611,PLEELFLEQLEA,development,0,Inactive,development_only,Inactive_only,False,False
0.9,535,612,1,612,PLGRLIHMVNQKKDRLLNEYLS,development,0,Inactive,development_only,Inactive_only,False,False
0.9,536,613,1,613,PLTKGILGFVFTLT,development,0,Inactive,development_only,Inactive_only,False,False
0.9,537,614,1,614,PNDMSRIFNIVKESL,test,0,Inactive,test_only,Inactive_only,False,False
0.9,538,615,1,615,PNGPTHAPWLLAHKIQ,test,0,Inactive,test_only,Inactive_only,False,False
0.9,539,616,1,616,PQHERDVIYEEES,development,0,Inactive,development_only,Inactive_only,False,False
0.9,540,617,1,617,PQSYAMAIARQESA,development,0,Inactive,development_only,Inactive_only,False,False
0.9,541,618,1,618,PQYALELLTVYAWEQGS,development,0,Inactive,development_only,Inactive_only,False,False
0.9,542,619,1,619,PQYSQARVMLVKTISMISIVDDTFDA,development,0,Inactive,development_only,Inactive_only,False,False
0.9,543,620,1,620,PRESFAVLASALALMAAVFERLAVEIRELS,development,0,Inactive,development_only,Inactive_only,False,False
0.9,544,621,1,621,PRRQQSLALRWLVQAANQ,development,0,Inactive,development_only,Inactive_only,False,False
0.9,545,622,1,622,PSALIDQEINVLRQQAAQRF,development,0,Inactive,development_only,Inactive_only,False,False
0.9,546,623,1,623,PSDQQNEMVRE,development,0,Inactive,development_only,Inactive_only,False,False
0.9,547,624,1,624,PSFFRLHKYMDNIFKKHTD,development,0,Inactive,development_only,Inactive_only,False,False
0.9,548,625,1,625,PSSQIVGTQAVFNVMMG,development,0,Inactive,development_only,Inactive_only,False,False
0.9,549,626,1,626,PSVVANTVKGG,test,0,Inactive,test_only,Inactive_only,False,False
0.9,550,627,1,627,PTKEREQVIAHLGL,development,0,Inactive,development_only,Inactive_only,False,False
0.9,551,628,1,628,PTLLDLFAEDIGHANQLLQLVDEEFQALER,development,0,Inactive,development_only,Inactive_only,False,False
0.9,552,629,1,629,PVSDTMDMLTKL,development,0,Inactive,development_only,Inactive_only,False,False
0.9,553,630,1,630,PWTQRFFESFG,development,0,Inactive,development_only,Inactive_only,False,False
0.9,554,631,1,631,QAGNYASMFWLT,development,0,Inactive,development_only,Inactive_only,False,False
0.9,555,632,1,632,QAKEVLKQHFEKS,development,0,Inactive,development_only,Inactive_only,False,False
0.9,556,633,1,633,QARVWVARAVSEHQRFTA,development,0,Inactive,development_only,Inactive_only,False,False
0.9,557,634,1,634,QASTGSLLNILR,test,0,Inactive,test_only,Inactive_only,False,False
0.9,558,635,1,635,QDDVLEALSAAVR,development,0,Inactive,development_only,Inactive_only,False,False
0.9,559,636,1,636,QDELVWGAYWLYKAT,development,0,Inactive,development_only,Inactive_only,False,False
0.9,560,637,1,637,QDLLDRVLAAHAYWSQ,development,0,Inactive,development_only,Inactive_only,False,False
0.9,561,638,1,638,QEWVELMVEAKE,development,0,Inactive,development_only,Inactive_only,False,False
0.9,562,639,1,639,QFRRGANFKFELGEILEND,development,0,Inactive,development_only,Inactive_only,False,False
0.9,563,640,1,640,QFSRQMLDRKLLLG,development,0,Inactive,development_only,Inactive_only,False,False
0.9,564,641,1,641,QGLAEKIFWSLK,test,0,Inactive,test_only,Inactive_only,False,False
0.9,565,642,1,642,QHLAKLEMKIFFEEL,development,0,Inactive,development_only,Inactive_only,False,False
0.9,566,643,1,643,QIKQTNAGAVYRLIDQLG,development,0,Inactive,development_only,Inactive_only,False,False
0.9,567,644,1,644,QINEMHLLIQQAR,development,0,Inactive,development_only,Inactive_only,False,False
0.9,568,645,1,645,QIPRIAREKIRGLTEYF,development,0,Inactive,development_only,Inactive_only,False,False
0.9,569,646,1,646,QLEESMLYSLN,development,0,Inactive,development_only,Inactive_only,False,False
0.9,570,647,1,647,QLLRGVGAAATAVTQALNELLQHVKA,test,0,Inactive,test_only,Inactive_only,False,False
0.9,571,648,1,648,QLVDRLDQSWQYYQDRLMA,development,0,Inactive,development_only,Inactive_only,False,False
0.9,572,649,1,649,QLVSFLIRLLKVWIRVVI,development,0,Inactive,development_only,Inactive_only,False,False
0.9,573,650,1,650,QMSFWGATVITGLFG,development,0,Inactive,development_only,Inactive_only,False,False
0.9,574,651,1,651,QPNAILEKVFTA,development,0,Inactive,development_only,Inactive_only,False,False
0.9,575,652,1,652,QRAFLKLYMITMTE,development,0,Inactive,development_only,Inactive_only,False,False
0.9,576,653,1,653,QTREHLLLARQI,development,0,Inactive,development_only,Inactive_only,False,False
0.9,577,654,1,654,QVIAKWGAWVKRIEAKFRSL,development,0,Inactive,development_only,Inactive_only,False,False
0.9,578,655,1,655,QVIEVLNKQVADWSVLFTKLHNFHWYV,development,0,Inactive,development_only,Inactive_only,False,False
0.9,579,656,1,656,QVTQELRALMDETMKELKAYKSELEE,development,0,Inactive,development_only,Inactive_only,False,False
0.9,580,657,1,657,RAAAIEQLKIWGERVG,test,0,Inactive,test_only,Inactive_only,False,False
0.9,581,658,1,658,RDIPELAQLQSEILDAIW,development,0,Inactive,development_only,Inactive_only,False,False
0.9,582,659,1,659,REEEKEALRFAEAQ,development,0,Inactive,development_only,Inactive_only,False,False
0.9,583,660,1,660,REEIYQAFEAIYPVLSEF,development,0,Inactive,development_only,Inactive_only,False,False
0.9,584,661,1,661,REGFLSPLKAYLI,development,0,Inactive,development_only,Inactive_only,False,False
0.9,585,662,1,662,RFESAVETLLDIESQLEDL,development,0,Inactive,development_only,Inactive_only,False,False
0.9,586,663,1,663,RFLIRVYHPLLLKVL,test,0,Inactive,test_only,Inactive_only,False,False
0.9,587,664,1,664,RFLKRVQPLVNRWLLLI,development,0,Inactive,development_only,Inactive_only,False,False
0.9,588,665,1,665,RFSGKVREDLTKIVWVFFW,development,0,Inactive,development_only,Inactive_only,False,False
0.9,589,666,1,666,RFVPRWRTVVGQFKRDILVIFLW,development,0,Inactive,development_only,Inactive_only,False,False
0.9,590,667,1,667,RGEQMKGHAATIEDQVRRMIA,development,0,Inactive,development_only,Inactive_only,False,False
0.9,591,668,1,668,RGFRGWWLASTILLLVAEK,development,0,Inactive,development_only,Inactive_only,False,False
0.9,592,669,1,669,RGQLIREAYED,development,0,Inactive,development_only,Inactive_only,False,False
0.9,593,670,1,670,RHSDNINKFLDFIHGI,development,0,Inactive,development_only,Inactive_only,False,False
0.9,594,671,1,671,RIENGLRKRLQSIYRHLEE,test,0,Inactive,test_only,Inactive_only,False,False
0.9,595,672,1,672,RILKNFDSWWGKVIVIL,development,0,Inactive,development_only,Inactive_only,False,False
0.9,596,673,1,673,RILQWIIRLLLIVWW,development,0,Inactive,development_only,Inactive_only,False,False
0.9,597,674,1,674,RIWARLQGVFRVVFWL,development,0,Inactive,development_only,Inactive_only,False,False
0.9,598,675,1,675,RKQSLEQDLQFYYG,test,0,Inactive,test_only,Inactive_only,False,False
0.9,599,676,1,676,RLDEAEASARSGIEVL,development,0,Inactive,development_only,Inactive_only,False,False
0.9,600,677,1,677,RLFEQASRLAEHY,development,0,Inactive,development_only,Inactive_only,False,False
0.9,601,678,1,678,RLKSGWRDALKQIVFFFFL,development,0,Inactive,development_only,Inactive_only,False,False
0.9,602,679,1,679,RLLGKWSAILKNVRFFFFWL,test,0,Inactive,test_only,Inactive_only,False,False
0.9,603,680,1,680,RLVVLEALTNFLNH,development,0,Inactive,development_only,Inactive_only,False,False
0.9,604,681,1,681,RLWTQWQAIVQEIRFLWLLL,development,0,Inactive,development_only,Inactive_only,False,False
0.9,605,682,1,682,RMDEVRTLQENLRQLQDEYDQQQT,development,0,Inactive,development_only,Inactive_only,False,False
0.9,606,683,1,683,RNEVVSLMQANG,development,0,Inactive,development_only,Inactive_only,False,False
0.9,607,684,1,684,RPEDKSKIVAEIR,development,0,Inactive,development_only,Inactive_only,False,False
0.9,608,685,1,685,RPEVQDALSAE,development,0,Inactive,development_only,Inactive_only,False,False
0.9,609,686,1,686,RPQLRNLLHEK,development,0,Inactive,development_only,Inactive_only,False,False
0.9,610,687,1,687,RPRIIAAIWHYVKAR,development,0,Inactive,development_only,Inactive_only,False,False
0.9,611,688,1,688,RRQELEEFSAALARR,development,0,Inactive,development_only,Inactive_only,False,False
0.9,612,689,1,689,RVIEGIKNVIPKLLTWWP,development,0,Inactive,development_only,Inactive_only,False,False
0.9,613,690,1,690,RVNAAIPNIIV,development,0,Inactive,development_only,Inactive_only,False,False
0.9,614,691,1,691,RVWRWIVKWWLFV,development,0,Inactive,development_only,Inactive_only,False,False
0.9,615,692,1,692,RYGWRTAVDYSWFG,development,0,Inactive,development_only,Inactive_only,False,False
0.9,616,693,1,693,SAATADFVAMTAMAARIF,development,0,Inactive,development_only,Inactive_only,False,False
0.9,617,694,1,694,SAAWAEWQKAR,test,0,Inactive,test_only,Inactive_only,False,False
0.9,618,695,1,695,SAEEMVQTLVNDYSALIQELKEGMEVAGEA,development,0,Inactive,development_only,Inactive_only,False,False
0.9,619,696,1,696,SANNIIEEIQMQK,development,0,Inactive,development_only,Inactive_only,False,False
0.9,620,697,1,697,SASSQNAWLAANRN,development,0,Inactive,development_only,Inactive_only,False,False
0.9,621,698,1,698,SAVKVLAEESK,development,0,Inactive,development_only,Inactive_only,False,False
0.9,622,699,1,699,SDEFNTVADNLVTFGDSFLQVILDHI,development,0,Inactive,development_only,Inactive_only,False,False
0.9,623,700,1,700,SDELSRAWEVAYDELAAAIK,development,0,Inactive,development_only,Inactive_only,False,False
0.9,624,701,1,701,SDIFNKNMRAHALEK,test,0,Inactive,test_only,Inactive_only,False,False
0.9,625,702,1,702,SDIKKLGSSWIINWFFG,development,0,Inactive,development_only,Inactive_only,False,False
0.9,626,703,1,703,SDSEISTILSDVVTNER,development,0,Inactive,development_only,Inactive_only,False,False
0.9,627,704,1,704,SDWYLKGRLTSLESQFINALGILET,test,0,Inactive,test_only,Inactive_only,False,False
0.9,628,705,1,705,SEAAKAYMKGLEYQMSGNEQWSKT,test,0,Inactive,test_only,Inactive_only,False,False
0.9,629,706,1,706,SEEEENNVIEQAKEEIKEAIKKADET,development,0,Inactive,development_only,Inactive_only,False,False
0.9,630,707,1,707,SEELNSAWTIAYDELAIVIKKEMDDA,development,0,Inactive,development_only,Inactive_only,False,False
0.9,631,708,1,708,SEERIRSGVKRLSKSRQ,test,0,Inactive,test_only,Inactive_only,False,False
0.9,632,709,1,709,SEEVLAMVSRKM,development,0,Inactive,development_only,Inactive_only,False,False
0.9,633,710,1,710,SEEYIQLLKKLI,development,0,Inactive,development_only,Inactive_only,False,False
0.9,634,711,1,711,SEREAVEIIKKN,development,0,Inactive,development_only,Inactive_only,False,False
0.9,635,712,1,712,SESAVSHQLRSLRNL,development,0,Inactive,development_only,Inactive_only,False,False
0.9,636,713,1,713,SESKLIEQAFR,test,0,Inactive,test_only,Inactive_only,False,False
0.9,637,714,1,714,SFADFKAQFTDAAIKN,development,0,Inactive,development_only,Inactive_only,False,False
0.9,638,715,1,715,SFDRVMNAIEEN,development,0,Inactive,development_only,Inactive_only,False,False
0.9,639,716,1,716,SFSRIISELGTRD,development,0,Inactive,development_only,Inactive_only,False,False
0.9,640,717,1,717,SGARRVRIAQTLTEN,development,0,Inactive,development_only,Inactive_only,False,False
0.9,641,718,1,718,SGDELYELLQHILKQRDHHHHH,development,0,Inactive,development_only,Inactive_only,False,False
0.9,642,719,1,719,SGPAYVFYLLDALQNAAIRQ,development,0,Inactive,development_only,Inactive_only,False,False
0.9,643,720,1,720,SGRFWKLYIEAEIKA,test,0,Inactive,test_only,Inactive_only,False,False
0.9,644,721,1,721,SGTIKAAHEVLMEMG,development,0,Inactive,development_only,Inactive_only,False,False
0.9,645,722,1,722,SHAQDIYKEAFNSAWDQY,development,0,Inactive,development_only,Inactive_only,False,False
0.9,646,723,1,723,SIDEKYEAEVKKSEIDHHK,test,0,Inactive,test_only,Inactive_only,False,False
0.9,647,724,1,724,SIERLLEMESL,test,0,Inactive,test_only,Inactive_only,False,False
0.9,648,725,1,725,SIPHLANLLIERSQ,development,0,Inactive,development_only,Inactive_only,False,False
0.9,649,726,1,726,SISRYKTIEWLNYIATEL,development,0,Inactive,development_only,Inactive_only,False,False
0.9,650,727,1,727,SKDALMLEAFEQLLGKRRELLGE,development,0,Inactive,development_only,Inactive_only,False,False
0.9,651,728,1,728,SKDLAQTSYFMATNSLHLT,test,0,Inactive,test_only,Inactive_only,False,False
0.9,652,729,1,729,SKEDIDTAMKLGAG,development,0,Inactive,development_only,Inactive_only,False,False
0.9,653,730,1,730,SKEDVERVKLRINLARNWVKKY,test,0,Inactive,test_only,Inactive_only,False,False
0.9,654,731,1,731,SKEEQRDYVFYLAVGNYRL,development,0,Inactive,development_only,Inactive_only,False,False
0.9,655,732,1,732,SKIQKELVAIMN,development,0,Inactive,development_only,Inactive_only,False,False
0.9,656,733,1,733,SKPIQNVESGFIFALVS,development,0,Inactive,development_only,Inactive_only,False,False
0.9,657,734,1,734,SKYLKSLLSLM,development,0,Inactive,development_only,Inactive_only,False,False
0.9,658,735,1,735,SKYRLTVVVAKRAQQLLRH,test,0,Inactive,test_only,Inactive_only,False,False
0.9,659,736,1,736,SLAEALGWLFVSEGS,test,0,Inactive,test_only,Inactive_only,False,False
0.9,660,737,1,737,SLEQQFSIRSFATQVQNM,development,0,Inactive,development_only,Inactive_only,False,False
0.9,661,738,1,738,SLESLIDMITSI,development,0,Inactive,development_only,Inactive_only,False,False
0.9,662,739,1,739,SLKDQLALAIGKLG,development,0,Inactive,development_only,Inactive_only,False,False
0.9,663,740,1,740,SLLPTLSAIAEL,development,0,Inactive,development_only,Inactive_only,False,False
0.9,664,741,1,741,SLPEMFDKMRPYYEESKKRVKE,development,0,Inactive,development_only,Inactive_only,False,False
0.9,665,742,1,742,SMDHRIERLEYYIQLLVK,test,0,Inactive,test_only,Inactive_only,False,False
0.9,666,743,1,743,SNEQRQDIAFAYQRRTK,development,0,Inactive,development_only,Inactive_only,False,False
0.9,667,744,1,744,SNEVMRILISRSLLQE,test,0,Inactive,test_only,Inactive_only,False,False
0.9,668,745,1,745,SNTELQAVDGRFKRAVASMEAARALTNN,development,0,Inactive,development_only,Inactive_only,False,False
0.9,669,746,1,746,SPAEVRDLDFANDASKVLGSIAGKLEK,development,0,Inactive,development_only,Inactive_only,False,False
0.9,670,747,1,747,SPAQAEALGVWRRYRAYFDA,development,0,Inactive,development_only,Inactive_only,False,False
0.9,671,748,1,748,SPAVIDYVNRLEEIRDNV,development,0,Inactive,development_only,Inactive_only,False,False
0.9,672,749,1,749,SPAVQMKIKELYRRR,test,0,Inactive,test_only,Inactive_only,False,False
0.9,673,750,1,750,SPEEAAALVDGLR,development,0,Inactive,development_only,Inactive_only,False,False
0.9,674,751,1,751,SPEEKEEWMKSIKASISR,development,0,Inactive,development_only,Inactive_only,False,False
0.9,675,752,1,752,SPEHRQELIER,development,0,Inactive,development_only,Inactive_only,False,False
0.9,676,753,1,753,SPEIASGLKKLIRE,development,0,Inactive,development_only,Inactive_only,False,False
0.9,677,754,1,754,SPEQMQVLLDQAG,development,0,Inactive,development_only,Inactive_only,False,False
0.9,678,755,1,755,SPEVVVARGEQE,development,0,Inactive,development_only,Inactive_only,False,False
0.9,679,756,1,756,SPKEAYAYLEKLRSIIQYTG,development,0,Inactive,development_only,Inactive_only,False,False
0.9,680,757,1,757,SPKESEVLRLFAEG,development,0,Inactive,development_only,Inactive_only,False,False
0.9,681,758,1,758,SPKSTYSYWASVLN,development,0,Inactive,development_only,Inactive_only,False,False
0.9,682,759,1,759,SPSKSLQMILRRALGDFENMLAD,development,0,Inactive,development_only,Inactive_only,False,False
0.9,683,760,1,760,SPVVIKKRIEGLIER,test,0,Inactive,test_only,Inactive_only,False,False
0.9,684,761,1,761,SQESINQLVYMG,development,0,Inactive,development_only,Inactive_only,False,False
0.9,685,762,1,762,SQRQRDELNRAIADYLRSN,development,0,Inactive,development_only,Inactive_only,False,False
0.9,686,763,1,763,SRAITQYIAHR,development,0,Inactive,development_only,Inactive_only,False,False
0.9,687,764,1,764,SRAKASFDTRVAAAELALNR,development,0,Inactive,development_only,Inactive_only,False,False
0.9,688,765,1,765,SRDLQEKYERHMEKLIELANKEVERT,development,0,Inactive,development_only,Inactive_only,False,False
0.9,689,766,1,766,SRKALTEGNIMAVQAMAYFKELIQKRKRH,development,0,Inactive,development_only,Inactive_only,False,False
0.9,690,767,1,767,SRPLHISTFINELDSGFRLL,development,0,Inactive,development_only,Inactive_only,False,False
0.9,691,768,1,768,SRWGVLILVAL,development,0,Inactive,development_only,Inactive_only,False,False
0.9,692,769,1,769,SSAVSRIISKLKQ,development,0,Inactive,development_only,Inactive_only,False,False
0.9,693,770,1,770,SSQNWQRFYQLTKLLDSMHEVVENLL,development,0,Inactive,development_only,Inactive_only,False,False
0.9,694,771,1,771,SSREWFSTLYRLFIG,test,0,Inactive,test_only,Inactive_only,False,False
0.9,695,772,1,772,STATFYDAKKFLIQE,development,0,Inactive,development_only,Inactive_only,False,False
0.9,696,773,1,773,STEVVALSRLQGSLQDMLWQLDLS,development,0,Inactive,development_only,Inactive_only,False,False
0.9,697,774,1,774,STLVQTPALRAVGNIV,development,0,Inactive,development_only,Inactive_only,False,False
0.9,698,775,1,775,STLVSVAVALAAYKTG,development,0,Inactive,development_only,Inactive_only,False,False
0.9,699,776,1,776,SVADHSYRVAFITLLLAEELKKK,test,0,Inactive,test_only,Inactive_only,False,False
0.9,700,777,1,777,SVEGLQEFVKNLVGYYI,development,0,Inactive,development_only,Inactive_only,False,False
0.9,701,778,1,778,SVEKKVPLLHNFHSFL,development,0,Inactive,development_only,Inactive_only,False,False
0.9,702,779,1,779,SVEVAELWSTFMQKWIAYTAAVIDAERDR,development,0,Inactive,development_only,Inactive_only,False,False
0.9,703,780,1,780,SVLENHHLAVGFKL,development,0,Inactive,development_only,Inactive_only,False,False
0.9,704,781,1,781,SVNSEIYQRVMESFKKEG,development,0,Inactive,development_only,Inactive_only,False,False
0.9,705,782,1,782,SVPYFIENLKQHIEMN,development,0,Inactive,development_only,Inactive_only,False,False
0.9,706,783,1,783,SVRKVFHLVRIKQVAWANEG,development,0,Inactive,development_only,Inactive_only,False,False
0.9,707,784,1,784,SVSRAAITAAY,development,0,Inactive,development_only,Inactive_only,False,False
0.9,708,785,1,785,SVSSIKQAVDFLSNE,development,0,Inactive,development_only,Inactive_only,False,False
0.9,709,786,1,786,SVTELITKAVSA,development,0,Inactive,development_only,Inactive_only,False,False
0.9,710,787,1,787,SVTKILQRFEDAGG,development,0,Inactive,development_only,Inactive_only,False,False
0.9,711,788,1,788,SVWASISSYLDELTEGL,development,0,Inactive,development_only,Inactive_only,False,False
0.9,712,789,1,789,SWQSLKDRYLKHL,development,0,Inactive,development_only,Inactive_only,False,False
0.9,713,790,1,790,SYKDLFLELYGKIKD,development,0,Inactive,development_only,Inactive_only,False,False
0.9,714,791,1,791,TAAQELMIQQLVAAQLQ,development,0,Inactive,development_only,Inactive_only,False,False
0.9,715,792,1,792,TAEQRREMLEAKRKQIINFISRN,development,0,Inactive,development_only,Inactive_only,False,False
0.9,716,793,1,793,TAESFYNQGIRLSFEQWG,development,0,Inactive,development_only,Inactive_only,False,False
0.9,717,794,1,794,TAHEAVLDFLTGRVEVFT,development,0,Inactive,development_only,Inactive_only,False,False
0.9,718,795,1,795,TAKQIQAAYLLVENELM,development,0,Inactive,development_only,Inactive_only,False,False
0.9,719,796,1,796,TAPEMTALVGGMRVLG,development,0,Inactive,development_only,Inactive_only,False,False
0.9,720,797,1,797,TDAEAKQLAQWILS,development,0,Inactive,development_only,Inactive_only,False,False
0.9,721,798,1,798,TDKQFENRLNDNLEELIQ,development,0,Inactive,development_only,Inactive_only,False,False
0.9,722,799,1,799,TDLEILALLIAALSH,development,0,Inactive,development_only,Inactive_only,False,False
0.9,723,800,1,800,TDQQKVSEIFQSSKEKLQGDAKVVSDAFK,test,0,Inactive,test_only,Inactive_only,False,False
0.9,724,801,1,801,TEAKKEELLRKLNILEVF,development,0,Inactive,development_only,Inactive_only,False,False
0.9,725,802,1,802,TEEEMLQAAHITAKLAQAAET,development,0,Inactive,development_only,Inactive_only,False,False
0.9,726,803,1,803,TEKGKEIFGEILSNFESLLKSVLEK,development,0,Inactive,development_only,Inactive_only,False,False
0.9,727,804,1,804,TEQDIIDLKFAIAD,development,0,Inactive,development_only,Inactive_only,False,False
0.9,728,805,1,805,TEQNFQLAKQIQSQWKEFG,development,0,Inactive,development_only,Inactive_only,False,False
0.9,729,806,1,806,TEREQALAAYAEKLTRH,test,0,Inactive,test_only,Inactive_only,False,False
0.9,730,807,1,807,TESMKTVRIREKIKKFL,test,0,Inactive,test_only,Inactive_only,False,False
0.9,731,808,1,808,TETQIRELLFDLELAYKSFYALL,development,0,Inactive,development_only,Inactive_only,False,False
0.9,732,809,1,809,TEVYQILNRVS,development,0,Inactive,development_only,Inactive_only,False,False
0.9,733,810,1,810,TFPDKALKGKKSIENIVV,development,0,Inactive,development_only,Inactive_only,False,False
0.9,734,811,1,811,TFPEWHRLYTVQFEDALRRH,development,0,Inactive,development_only,Inactive_only,False,False
0.9,735,812,1,812,TFPNWHRLLTKQMEDALVAK,development,0,Inactive,development_only,Inactive_only,False,False
0.9,736,813,1,813,TFSQVLDDLSARFI,development,0,Inactive,development_only,Inactive_only,False,False
0.9,737,814,1,814,TGALRTQYDVSLMTVKS,development,0,Inactive,development_only,Inactive_only,False,False
0.9,738,815,1,815,THAEMLHALKERY,development,0,Inactive,development_only,Inactive_only,False,False
0.9,739,816,1,816,THNKLLKNVAFMKSYILEKVKEHQES,development,0,Inactive,development_only,Inactive_only,False,False
0.9,740,817,1,817,TIEEFHSKLQEATN,test,0,Inactive,test_only,Inactive_only,False,False
0.9,741,818,1,818,TIQSRFNYAWGLIKS,development,0,Inactive,development_only,Inactive_only,False,False
0.9,742,819,1,819,TISLGVSIAHVMEAVE,development,0,Inactive,development_only,Inactive_only,False,False
0.9,743,820,1,820,TITEMVFLAEVYKSGG,development,0,Inactive,development_only,Inactive_only,False,False
0.9,744,821,1,821,TIVELVVRVWRWFLVIWVLW,development,0,Inactive,development_only,Inactive_only,False,False
0.9,745,822,1,822,TKDEFMSGEPIFTKYFQNLV,development,0,Inactive,development_only,Inactive_only,False,False
0.9,746,823,1,823,TKDEQVEGLLA,development,0,Inactive,development_only,Inactive_only,False,False
0.9,747,824,1,824,TKGEREMIVVATSAAN,test,0,Inactive,test_only,Inactive_only,False,False
0.9,748,825,1,825,TKIWLNAARRTGKVPARIRKL,development,0,Inactive,development_only,Inactive_only,False,False
0.9,749,826,1,826,TLDQMRSRLAYDG,development,0,Inactive,development_only,Inactive_only,False,False
0.9,750,827,1,827,TLEDYVRYVTLDM,development,0,Inactive,development_only,Inactive_only,False,False
0.9,751,828,1,828,TLIREWGDAVFDIF,development,0,Inactive,development_only,Inactive_only,False,False
0.9,752,829,1,829,TMEGKFKAVAEDVAQRYMT,development,0,Inactive,development_only,Inactive_only,False,False
0.9,753,830,1,830,TMVQAITDALRIELKND,development,0,Inactive,development_only,Inactive_only,False,False
0.9,754,831,1,831,TNDEIFSILKD,development,0,Inactive,development_only,Inactive_only,False,False
0.9,755,832,1,832,TPAKALKSAIHVAYILKK,development,0,Inactive,development_only,Inactive_only,False,False
0.9,756,833,1,833,TPDQQTLLHFIMDSYN,development,0,Inactive,development_only,Inactive_only,False,False
0.9,757,834,1,834,TPEEVKKHYEILVEDIKYIESG,development,0,Inactive,development_only,Inactive_only,False,False
0.9,758,835,1,835,TPEEYQTYVAQVDK,development,0,Inactive,development_only,Inactive_only,False,False
0.9,759,836,1,836,TPEKMGEMAQKFRE,development,0,Inactive,development_only,Inactive_only,False,False
0.9,760,837,1,837,TPEKRVDRIFAMMD,test,0,Inactive,test_only,Inactive_only,False,False
0.9,761,838,1,838,TPERLEKLVKEVL,development,0,Inactive,development_only,Inactive_only,False,False
0.9,762,839,1,839,TPETITHYLETVNHAM,development,0,Inactive,development_only,Inactive_only,False,False
0.9,763,840,1,840,TPEVVKERLLS,development,0,Inactive,development_only,Inactive_only,False,False
0.9,764,841,1,841,TPLGIGITDYYIR,development,0,Inactive,development_only,Inactive_only,False,False
0.9,765,842,1,842,TPQDIADRERIFKRFD,development,0,Inactive,development_only,Inactive_only,False,False
0.9,766,843,1,843,TPSDIKELRDAMAKVQAD,development,0,Inactive,development_only,Inactive_only,False,False
0.9,767,844,1,844,TPVYRTAIRYYLQMLF,development,0,Inactive,development_only,Inactive_only,False,False
0.9,768,845,1,845,TPWSKGFLASSYASR,development,0,Inactive,development_only,Inactive_only,False,False
0.9,769,846,1,846,TPYDAKGLLISAIRD,development,0,Inactive,development_only,Inactive_only,False,False
0.9,770,847,1,847,TQAQETQGQAAARAAAADLAAG,development,0,Inactive,development_only,Inactive_only,False,False
0.9,771,848,1,848,TQDLRSHLVHKLVQAIF,test,0,Inactive,test_only,Inactive_only,False,False
0.9,772,849,1,849,TQGLLSEILRK,development,0,Inactive,development_only,Inactive_only,False,False
0.9,773,850,1,850,TQGMQNAMGERFAQYALSSEKLY,development,0,Inactive,development_only,Inactive_only,False,False
0.9,774,851,1,851,TQSDVYAMVGYIHELW,development,0,Inactive,development_only,Inactive_only,False,False
0.9,775,852,1,852,TRELAYMIKKA,test,0,Inactive,test_only,Inactive_only,False,False
0.9,776,853,1,853,TRTQRRIAVVEFIFSLL,development,0,Inactive,development_only,Inactive_only,False,False
0.9,777,854,1,854,TSAQTKVVVDA,development,0,Inactive,development_only,Inactive_only,False,False
0.9,778,855,1,855,TSFDEYVAELDSK,development,0,Inactive,development_only,Inactive_only,False,False
0.9,779,856,1,856,TSHLMGMFYRTIRMMEN,development,0,Inactive,development_only,Inactive_only,False,False
0.9,780,857,1,857,TTDEINAMDKALILYT,development,0,Inactive,development_only,Inactive_only,False,False
0.9,781,858,1,858,TTGNFEKLFVALVEYMRAS,development,0,Inactive,development_only,Inactive_only,False,False
0.9,782,859,1,859,TVEEVNALKNEILKAHA,development,0,Inactive,development_only,Inactive_only,False,False
0.9,783,860,1,860,TVFGTALNYVSLRIL,development,0,Inactive,development_only,Inactive_only,False,False
0.9,784,861,1,861,TVLAALFLAGS,test,0,Inactive,test_only,Inactive_only,False,False
0.9,785,862,1,862,TYYAKDIAFQFWKM,test,0,Inactive,test_only,Inactive_only,False,False
0.9,786,863,1,863,VADIAKLKVNIIKNVRII,development,0,Inactive,development_only,Inactive_only,False,False
0.9,787,864,1,864,VADPVAAFKWRAQ,development,0,Inactive,development_only,Inactive_only,False,False
0.9,788,865,1,865,VDDNLYPQLERASRKIFEFLERE,development,0,Inactive,development_only,Inactive_only,False,False
0.9,789,866,1,866,VEAIEALLKGN,test,0,Inactive,test_only,Inactive_only,False,False
0.9,790,867,1,867,VFWPTMLKAAG,development,0,Inactive,development_only,Inactive_only,False,False
0.9,791,868,1,868,VGVLLQLLVQA,development,0,Inactive,development_only,Inactive_only,False,False
0.9,792,869,1,869,VGYETAAKLAREAYLTG,development,0,Inactive,development_only,Inactive_only,False,False
0.9,793,870,1,870,VHVLADAFKRYLLD,development,0,Inactive,development_only,Inactive_only,False,False
0.9,794,871,1,871,VIDPLHTHLTRLVAAYTG,test,0,Inactive,test_only,Inactive_only,False,False
0.9,795,872,1,872,VKYAVFEAALTKAITAMSEVQKVSQ,test,0,Inactive,test_only,Inactive_only,False,False
0.9,796,873,1,873,VLSFKTGIISL,test,0,Inactive,test_only,Inactive_only,False,False
0.9,797,874,1,874,VMELLTKTLGWDIQEELNKLT,development,0,Inactive,development_only,Inactive_only,False,False
0.9,798,875,1,875,VMGQNLILNMND,test,0,Inactive,test_only,Inactive_only,False,False
0.9,799,876,1,876,VMPSLLQAFDLTA,development,0,Inactive,development_only,Inactive_only,False,False
0.9,800,877,1,877,VMQWVIRILGGGLQKAL,development,0,Inactive,development_only,Inactive_only,False,False
0.9,801,878,1,878,VNFLVADALKQHRHRRDDVIVMLSAR,development,0,Inactive,development_only,Inactive_only,False,False
0.9,802,879,1,879,VNQFLDYLQEFLGVMNT,development,0,Inactive,development_only,Inactive_only,False,False
0.9,803,880,1,880,VPMQRVLKYHLLLQELVK,test,0,Inactive,test_only,Inactive_only,False,False
0.9,804,881,1,881,VQEVNRFIKAFEEMKALMKSL,test,0,Inactive,test_only,Inactive_only,False,False
0.9,805,882,1,882,VSDARSAITSAQELLDS,development,0,Inactive,development_only,Inactive_only,False,False
0.9,806,883,1,883,VWHYALWSLIQQSEILFAQ,development,0,Inactive,development_only,Inactive_only,False,False
0.9,807,884,1,884,VYGPFWKNWQAQ,development,0,Inactive,development_only,Inactive_only,False,False
0.9,808,885,1,885,WATLLAQWADRAL,development,0,Inactive,development_only,Inactive_only,False,False
0.9,809,886,1,886,WDDIRNDLFRIQNDLFVLGEDVST,development,0,Inactive,development_only,Inactive_only,False,False
0.9,810,887,1,887,YAKGALQYLVPILTQTLT,development,0,Inactive,development_only,Inactive_only,False,False
0.9,811,888,1,888,YDDIIEAAGELG,development,0,Inactive,development_only,Inactive_only,False,False
0.9,812,889,1,889,YDLLKDLEEGIQTLMGRL,development,0,Inactive,development_only,Inactive_only,False,False
0.9,813,890,1,890,YEDKAVELYSRTAR,development,0,Inactive,development_only,Inactive_only,False,False
0.9,814,891,1,891,YETLEFLGDALVNFFIVDLLVQYS,development,0,Inactive,development_only,Inactive_only,False,False
0.9,815,892,1,892,YFSKGIPNVLRR,development,0,Inactive,development_only,Inactive_only,False,False
0.9,816,893,1,893,YGSIGLTNFGYLDKE,development,0,Inactive,development_only,Inactive_only,False,False
0.9,817,894,1,894,YKEPLKAVVKKLLEKE,test,0,Inactive,test_only,Inactive_only,False,False
0.9,818,895,1,895,YKKFRQLIQVN,development,0,Inactive,development_only,Inactive_only,False,False
0.9,819,896,1,896,YLADLFLAPQIHGAINRFQ,development,0,Inactive,development_only,Inactive_only,False,False
0.9,820,897,1,897,YLDKEVKLIKKMGNHLTNLRRVA,development,0,Inactive,development_only,Inactive_only,False,False
0.9,821,898,1,898,YLSESVETIKKLGDHITSLKKLW,development,0,Inactive,development_only,Inactive_only,False,False
0.9,822,899,1,899,YPIVDAAMRQLTETG,development,0,Inactive,development_only,Inactive_only,False,False
0.9,823,900,1,900,YQNIVKAVQYAARKLQ,development,0,Inactive,development_only,Inactive_only,False,False
0.9,824,901,1,901,YQQQKKYLGRMTE,development,0,Inactive,development_only,Inactive_only,False,False
0.95,1,1,2,1,AIGKFLHSAKKFGKAFVGEIMNS,test,1,Active,cross_split,Active_only,True,False
0.95,1,1,2,87,GIGKFLHSAKKFGKAFVGEIMNS,development,1,Active,cross_split,Active_only,True,False
0.95,2,2,1,2,FAKALAKLAKKLL,development,1,Active,development_only,Active_only,False,False
0.95,3,3,1,3,FAKALKALLKALKAL,development,1,Active,development_only,Active_only,False,False
0.95,4,4,1,4,FAKFLAKFLKKAL,development,1,Active,development_only,Active_only,False,False
0.95,5,5,1,5,FAKIIAKIAKIAKKIL,development,0,Inactive,development_only,Inactive_only,False,False
0.95,6,6,1,6,FAKKFAKKFKKFAKKFAKFAFAF,development,1,Active,development_only,Active_only,False,False
0.95,7,7,1,7,FAKKLAKKLAKAAL,development,0,Inactive,development_only,Inactive_only,False,False
0.95,8,8,1,8,FAKKLAKKLAKAL,development,0,Inactive,development_only,Inactive_only,False,False
0.95,9,9,1,9,FAKKLAKKLAKLAL,development,0,Inactive,development_only,Inactive_only,False,False
0.95,10,10,1,10,FAKKLAKKLAKLL,development,0,Inactive,development_only,Inactive_only,False,False
0.95,11,11,1,11,FAKKLAKKLKKLAKKLAK,development,0,Inactive,development_only,Inactive_only,False,False
0.95,12,12,1,12,FAKKLAKKLKKLAKKLAKKWKL,test,1,Active,test_only,Active_only,False,False
0.95,13,13,1,13,FAKKLAKKLKKLAKKLAKLAKKL,development,0,Inactive,development_only,Inactive_only,False,False
0.95,14,14,1,14,FAKKLAKKLKKLAKKLAKLALALKALALKAL,development,1,Active,development_only,Active_only,False,False
0.95,15,15,1,15,FAKKLAKKLKKLAKKLIGAVLKV,test,1,Active,test_only,Active_only,False,False
0.95,16,16,1,16,FAKKLAKKLKKLAKLALAK,development,0,Inactive,development_only,Inactive_only,False,False
0.95,17,17,1,17,FAKKLAKKLKKLAKLALAL,development,0,Inactive,development_only,Inactive_only,False,False
0.95,18,18,1,18,FAKKLAKKLL,development,0,Inactive,development_only,Inactive_only,False,False
0.95,19,19,1,19,FAKKLAKLAKKALAL,development,0,Inactive,development_only,Inactive_only,False,False
0.95,20,20,1,20,FAKKLAKLAKKL,development,0,Inactive,development_only,Inactive_only,False,False
0.95,21,21,1,21,FAKKLAKLAKKLAKLAL,test,1,Active,test_only,Active_only,False,False
0.95,22,22,1,22,FAKKLAKLAKKLAKLALAL,development,1,Active,development_only,Active_only,False,False
0.95,23,23,1,23,FAKKLAKLAKKLLAL,development,1,Active,development_only,Active_only,False,False
0.95,24,24,1,24,FAKKLAKLALKLAKL,development,1,Active,development_only,Active_only,False,False
0.95,25,25,1,25,FAKKLKKLAKLAKKL,development,0,Inactive,development_only,Inactive_only,False,False
0.95,26,26,1,26,FAKKLLAKALKL,development,0,Inactive,development_only,Inactive_only,False,False
0.95,27,27,1,27,FAKLAKKALAKLL,development,0,Inactive,development_only,Inactive_only,False,False
0.95,28,28,1,28,FAKLF,development,0,Inactive,development_only,Inactive_only,False,False
0.95,29,29,1,29,FAKLFAKLAKKFAL,development,0,Inactive,development_only,Inactive_only,False,False
0.95,30,30,1,30,FAKLLAKALKKAL,test,1,Active,test_only,Active_only,False,False
0.95,31,31,1,31,FAKLLAKALKKFAL,development,1,Active,development_only,Active_only,False,False
0.95,32,32,1,32,FAKLLAKALKKFL,development,1,Active,development_only,Active_only,False,False
0.95,33,33,1,33,FAKLLAKALKKL,test,0,Inactive,test_only,Inactive_only,False,False
0.95,34,34,1,34,FAKLLAKALKKLL,development,1,Active,development_only,Active_only,False,False
0.95,35,35,1,35,FAKLLAKALKLKL,development,0,Inactive,development_only,Inactive_only,False,False
0.95,36,36,1,36,FAKLLAKFLKKAL,development,1,Active,development_only,Active_only,False,False
0.95,37,37,1,37,FAKLLAKLAKAKL,test,0,Inactive,test_only,Inactive_only,False,False
0.95,38,38,1,38,FAKLLAKLAKKAA,test,0,Inactive,test_only,Inactive_only,False,False
0.95,39,39,1,39,FAKLLAKLAKKAL,development,0,Inactive,development_only,Inactive_only,False,False
0.95,40,40,1,40,FAKLLAKLAKKFAL,test,0,Inactive,test_only,Inactive_only,False,False
0.95,41,41,1,41,FAKLLAKLAKKGL,development,0,Inactive,development_only,Inactive_only,False,False
0.95,42,42,1,42,FAKLLAKLAKKIL,development,0,Inactive,development_only,Inactive_only,False,False
0.95,43,43,1,43,FAKLLAKLAKKL,test,0,Inactive,test_only,Inactive_only,False,False
0.95,44,44,1,44,FAKLLAKLAKKLL,development,1,Active,development_only,Active_only,False,False
0.95,45,45,1,45,FAKLLAKLAKKSL,development,0,Inactive,development_only,Inactive_only,False,False
0.95,46,46,1,46,FAKLLAKLAKKVL,test,1,Active,test_only,Active_only,False,False
0.95,47,47,1,47,FAKLLAKLAKLKL,test,0,Inactive,test_only,Inactive_only,False,False
0.95,48,48,1,48,FAKLLFKALKKAL,test,0,Inactive,test_only,Inactive_only,False,False
0.95,49,49,1,49,FAKLLKLAAKKLL,development,0,Inactive,development_only,Inactive_only,False,False
0.95,50,50,1,50,FAKLWAKLAFGKGIGKVGKKLL,test,1,Active,test_only,Active_only,False,False
0.95,51,51,1,51,FAKLWAKLAKKL,development,0,Inactive,development_only,Inactive_only,False,False
0.95,52,52,3,52,FALAAKALKKLAKKLKKLAKKAL,development,1,Active,development_only,Active_only,False,False
0.95,52,52,3,58,FALALKALKKLAKKLKKLAKKAL,development,1,Active,development_only,Active_only,False,False
0.95,52,52,3,60,FALALKALKKLLKKLKKLAKKAL,development,1,Active,development_only,Active_only,False,False
0.95,53,53,1,53,FALAKLAKKAKAKLKKALKAL,development,1,Active,development_only,Active_only,False,False
0.95,54,54,1,54,FALALKALKK,development,0,Inactive,development_only,Inactive_only,False,False
0.95,55,55,1,55,FALALKALKKAL,test,0,Inactive,test_only,Inactive_only,False,False
0.95,56,56,2,56,FALALKALKKALKKLKKALKKAL,test,0,Inactive,cross_split,Inactive_only,True,False
0.95,56,56,2,150,VALALKALKKALKKLKKALKKAL,development,0,Inactive,cross_split,Inactive_only,True,False
0.95,57,57,1,57,FALALKALKKL,development,1,Active,development_only,Active_only,False,False
0.95,58,59,1,59,FALALKALKKLKKALKKAL,development,1,Active,development_only,Active_only,False,False
0.95,59,61,1,61,FALALKKALKALKKAL,test,1,Active,test_only,Active_only,False,False
0.95,60,62,1,62,FALALKLAKKAL,development,0,Inactive,development_only,Inactive_only,False,False
0.95,61,63,1,63,FALKALKKLKKALKKAL,development,1,Active,development_only,Active_only,False,False
0.95,62,64,1,64,FALLKALKKAL,development,0,Inactive,development_only,Inactive_only,False,False
0.95,63,65,1,65,FALLKALLKKAL,development,0,Inactive,development_only,Inactive_only,False,False
0.95,64,66,1,66,FAVGLRAIKRALKKLRRGVRKVAKDL,development,0,Inactive,development_only,Inactive_only,False,False
0.95,65,67,1,67,FKLAFKLAKKAFL,test,0,Inactive,test_only,Inactive_only,False,False
0.95,66,68,1,68,FKRLAKIKVLRLAKIKR,test,1,Active,test_only,Active_only,False,False
0.95,67,69,1,69,FKVKFKVKVK,development,0,Inactive,development_only,Inactive_only,False,False
0.95,68,70,1,70,FLGALFHALSKLL,test,1,Active,test_only,Active_only,False,False
0.95,69,71,1,71,FLGALFKALSHLL,development,1,Active,development_only,Active_only,False,False
0.95,70,72,1,72,FLGALFKALSKLL,test,1,Active,test_only,Active_only,False,False
0.95,71,73,1,73,FLGMIPGLIGGLISAFK,development,1,Active,development_only,Active_only,False,False
0.95,72,74,1,74,FLGMIPKLIKKLIKAFK,development,1,Active,development_only,Active_only,False,False
0.95,73,75,1,75,FLGWLFKWAKK,development,1,Active,development_only,Active_only,False,False
0.95,74,76,1,76,FLGWLFKWAWK,development,1,Active,development_only,Active_only,False,False
0.95,75,77,1,77,FLKLLAGLLKNFA,development,1,Active,development_only,Active_only,False,False
0.95,76,78,1,78,FLKLLKKLAAKFLPTIICKISYKC,test,1,Active,test_only,Active_only,False,False
0.95,77,79,1,79,FLKLLKKLAAKLF,development,1,Active,development_only,Active_only,False,False
0.95,78,80,1,80,FLKWLFKWAKK,test,1,Active,test_only,Active_only,False,False
0.95,79,81,1,81,FLSLIPKLVKKIIKAFK,development,1,Active,development_only,Active_only,False,False
0.95,80,82,1,82,FLSLIPSLVGGSISAFK,development,0,Inactive,development_only,Inactive_only,False,False
0.95,81,83,1,83,FLWWLFKWAWK,development,1,Active,development_only,Active_only,False,False
0.95,82,84,1,84,GIGAVLKVLTTGLPALISWIKRKRQQ,development,1,Active,development_only,Active_only,False,False
0.95,83,85,2,85,GIGKFLHAAKKFAKAFVAEIMNS,development,1,Active,development_only,Active_only,False,False
0.95,83,85,2,86,GIGKFLHSAKKFAKAFVAEIMNS,development,1,Active,development_only,Active_only,False,False
0.95,84,88,1,88,GIGKFLKKAKKFAKAFVKIINN,test,1,Active,test_only,Active_only,False,False
0.95,85,89,1,89,GIGKFLKKAKKFGKAFVKILKK,development,0,Inactive,development_only,Inactive_only,False,False
0.95,86,90,1,90,GLFAVIKKVAAVIKKL,test,1,Active,test_only,Active_only,False,False
0.95,87,91,1,91,GLFAVIKKVAAVIRRL,test,1,Active,test_only,Active_only,False,False
0.95,88,92,1,92,GLFAVIKKVAKVIKKL,development,1,Active,development_only,Active_only,False,False
0.95,89,93,1,93,GLFAVIKKVASVIGGL,development,1,Active,development_only,Active_only,False,False
0.95,90,94,1,94,GLFAVIKKVASVIKGL,development,1,Active,development_only,Active_only,False,False
0.95,91,95,1,95,GLFAVIKKVASVIKKL,development,1,Active,development_only,Active_only,False,False
0.95,92,96,1,96,GLFDIAKKVIGVIGSL,development,1,Active,development_only,Active_only,False,False
0.95,93,97,1,97,GLFDIIKKIAESF,development,1,Active,development_only,Active_only,False,False
0.95,94,98,1,98,GLFDIVKKIAGHIAGSI,development,1,Active,development_only,Active_only,False,False
0.95,95,99,1,99,GLFDIVKKIAGHIASSI,development,1,Active,development_only,Active_only,False,False
0.95,96,100,1,100,GLFDIVKKIAGHIVSSI,development,1,Active,development_only,Active_only,False,False
0.95,97,101,1,101,GLFDIVKKVVGAFGSL,development,1,Active,development_only,Active_only,False,False
0.95,98,102,1,102,GLFDVIAKVASVIKKL,development,1,Active,development_only,Active_only,False,False
0.95,99,103,1,103,GLFDVIKAVASVIGGL,test,1,Active,test_only,Active_only,False,False
0.95,100,104,1,104,GLFDVIKKVAAVIGGL,development,1,Active,development_only,Active_only,False,False
0.95,101,105,1,105,GLFDVIKKVASVIGGL,development,1,Active,development_only,Active_only,False,False
0.95,102,106,1,106,GLFDVIKKVASVIKGL,development,1,Active,development_only,Active_only,False,False
0.95,103,107,1,107,GLFDVIKKVASVIKKL,development,1,Active,development_only,Active_only,False,False
0.95,104,108,1,108,GLFKVIKKVAKVIKKL,development,1,Active,development_only,Active_only,False,False
0.95,105,109,1,109,GLFKVIKKVASVIGGL,development,1,Active,development_only,Active_only,False,False
0.95,106,110,1,110,ILPWKWPWWPWRR,development,0,Inactive,development_only,Inactive_only,False,False
0.95,107,111,1,111,KKKFPWWWPFKKK,development,1,Active,development_only,Active_only,False,False
0.95,108,112,1,112,KKKFPWWWPFKKKCKKKFPWWWPFKKKC,development,1,Active,development_only,Active_only,False,False
0.95,109,113,1,113,KKKFPWWWPFKKKKKKFPWWWPFKKKK,development,1,Active,development_only,Active_only,False,False
0.95,110,114,1,114,KKVVFKVKFK,test,0,Inactive,test_only,Inactive_only,False,False
0.95,111,115,1,115,KLAKKLAKLAKLAKAL,development,1,Active,development_only,Active_only,False,False
0.95,112,116,1,116,KLALKLALKALKAAKLA,development,0,Inactive,development_only,Inactive_only,False,False
0.95,113,117,1,117,KTKLFKKFAKKLAKKLKKLAKKL,development,1,Active,development_only,Active_only,False,False
0.95,114,118,1,118,KWKKFLKIGIGKFLHLAKKF,development,1,Active,development_only,Active_only,False,False
0.95,115,119,1,119,KWKLAKKALALL,development,0,Inactive,development_only,Inactive_only,False,False
0.95,116,120,5,120,KWKLFAKIGIGKFLHLAKKF,development,1,Active,cross_split,Active_only,True,False
0.95,116,120,5,123,KWKLFKKIGIGAFLHLAKKF,development,1,Active,cross_split,Active_only,True,False
0.95,116,120,5,124,KWKLFKKIGIGAFLHSAKKF,development,1,Active,cross_split,Active_only,True,False
0.95,116,120,5,128,KWKLFKKIGIGKFLHLAKKF,test,1,Active,cross_split,Active_only,True,False
0.95,116,120,5,129,KWKLFKKIGIGKFLHSAKKF,development,1,Active,cross_split,Active_only,True,False
0.95,117,121,1,121,KWKLFKKALKKLKKALKKAL,development,1,Active,development_only,Active_only,False,False
0.95,118,122,1,122,KWKLFKKIGAVLKVL,development,1,Active,development_only,Active_only,False,False
0.95,119,125,1,125,KWKLFKKIGIGAVLKVLKKG,development,1,Active,development_only,Active_only,False,False
0.95,120,126,1,126,KWKLFKKIGIGAVLKVLTTG,development,1,Active,development_only,Active_only,False,False
0.95,121,127,1,127,KWKLFKKIGIGKFKLAKKF,development,1,Active,development_only,Active_only,False,False
0.95,122,130,1,130,KWKLFKKIGIGKFLHSATTF,development,1,Active,development_only,Active_only,False,False
0.95,123,131,1,131,KWKLFKKIKFLHSAKKF,development,0,Inactive,development_only,Inactive_only,False,False
0.95,124,132,1,132,KWKLFKKIPKFLHSAKKF,development,1,Active,development_only,Active_only,False,False
0.95,125,133,1,133,KWKLFKKKTKLFKKFAKKLAKKL,development,1,Active,development_only,Active_only,False,False
0.95,126,134,8,134,KWKSFAKTFKSAKKTVLHTALKAISS,development,1,Active,cross_split,Active_only,True,False
0.95,126,134,8,135,KWKSFLKTFKSAKKTVAHTAAKAISS,development,1,Active,cross_split,Active_only,True,False
0.95,126,134,8,136,KWKSFLKTFKSAKKTVAHTALKAISS,development,1,Active,cross_split,Active_only,True,False
0.95,126,134,8,137,KWKSFLKTFKSAKKTVLHTALKAISS,development,1,Active,cross_split,Active_only,True,False
0.95,126,134,8,138,KWKSFLKTFKSAKKTVLHTLLKAISS,development,1,Active,cross_split,Active_only,True,False
0.95,126,134,8,139,KWKSFLKTFKSLKKTVLHTALKAISS,test,1,Active,cross_split,Active_only,True,False
0.95,126,134,8,140,KWKSFLKTFKSLKKTVLHTLLKAISS,development,1,Active,cross_split,Active_only,True,False
0.95,126,134,8,141,KWKSFLKTFKSLKKTVLHTLLKLISS,development,1,Active,cross_split,Active_only,True,False
0.95,127,142,1,142,KYKKALKKLAKLL,test,0,Inactive,test_only,Inactive_only,False,False
0.95,128,143,1,143,LGGIVSAVKKIVDFLG,development,1,Active,development_only,Active_only,False,False
0.95,129,144,2,144,LPKWKVFKKIEKVGRNIRNGIVKAGPAIAVLGEAKALG,development,1,Active,cross_split,mixed_label,True,True
0.95,129,144,2,145,MPKWKVFKKIEKVGRNIRNGIVKAGPAIAVLGEAKALG,test,0,Inactive,cross_split,mixed_label,True,True
0.95,130,146,1,146,RAGLQFPVGRLLRRLLRRLLR,development,1,Active,development_only,Active_only,False,False
0.95,131,147,1,147,VAKKLAKLAKKLAKLAL,test,1,Active,test_only,Active_only,False,False
0.95,132,148,1,148,VAKLLAKLAKKLL,development,1,Active,development_only,Active_only,False,False
0.95,133,149,1,149,VAKLLAKLAKKVL,test,0,Inactive,test_only,Inactive_only,False,False
0.95,134,151,1,151,WALAL,development,0,Inactive,development_only,Inactive_only,False,False
0.95,135,152,1,152,AADIFSKFKKDMEVKFA,development,0,Inactive,development_only,Inactive_only,False,False
0.95,136,153,1,153,AAQKDNVKSSWAKASA,development,0,Inactive,development_only,Inactive_only,False,False
0.95,137,154,1,154,AASQRKLIAEKFAQALMSSL,development,0,Inactive,development_only,Inactive_only,False,False
0.95,138,155,1,155,AAYATLYEALVLVATLAAP,development,0,Inactive,development_only,Inactive_only,False,False
0.95,139,156,1,156,AEAHESIRLVFHDS,development,0,Inactive,development_only,Inactive_only,False,False
0.95,140,157,1,157,AEGEREARVFTLWLNSL,development,0,Inactive,development_only,Inactive_only,False,False
0.95,141,158,1,158,AEGVATADPLMRLAKQLK,test,0,Inactive,test_only,Inactive_only,False,False
0.95,142,159,1,159,AEHAKVLMDSLTGVWDNFLT,development,0,Inactive,development_only,Inactive_only,False,False
0.95,143,160,1,160,AEHLAKAELTTVFSTLYQKF,development,0,Inactive,development_only,Inactive_only,False,False
0.95,144,161,1,161,AEKAKYDEIFLKT,development,0,Inactive,development_only,Inactive_only,False,False
0.95,145,162,1,162,AFFTIAAVARVLD,development,0,Inactive,development_only,Inactive_only,False,False
0.95,146,163,1,163,AFRHSVKEELNYIRRRLERFPNRL,development,0,Inactive,development_only,Inactive_only,False,False
0.95,147,164,1,164,AGDVLHNVLQMLIIESHS,development,0,Inactive,development_only,Inactive_only,False,False
0.95,148,165,1,165,AGEMVRQARILAQATSDLVNAIKADA,development,0,Inactive,development_only,Inactive_only,False,False
0.95,149,166,1,166,AGNLDIMTSAALATAERMAQSMLN,test,0,Inactive,test_only,Inactive_only,False,False
0.95,150,167,1,167,AHAIGVLLDNL,test,0,Inactive,test_only,Inactive_only,False,False
0.95,151,168,1,168,AIEKEILIEAISS,development,0,Inactive,development_only,Inactive_only,False,False
0.95,152,169,1,169,AKQEKIIIQVALNDITHVVELL,test,0,Inactive,test_only,Inactive_only,False,False
0.95,153,170,1,170,AKVVRTALEDAASVAGLLIT,test,0,Inactive,test_only,Inactive_only,False,False
0.95,154,171,1,171,ALAVAAKPFL,development,0,Inactive,development_only,Inactive_only,False,False
0.95,155,172,1,172,ALGKVIKKWGTTVAKLA,development,0,Inactive,development_only,Inactive_only,False,False
0.95,156,173,1,173,ALYGLLKEEMGEILAK,test,0,Inactive,test_only,Inactive_only,False,False
0.95,157,174,1,174,AMFEQMRANVGKLLKG,development,0,Inactive,development_only,Inactive_only,False,False
0.95,158,175,1,175,APDAEGRAIQAVYWANKWAKEQG,test,0,Inactive,test_only,Inactive_only,False,False
0.95,159,176,1,176,APDLLISLATVLYHLQQ,development,0,Inactive,development_only,Inactive_only,False,False
0.95,160,177,1,177,APEDVRKSSKEVL,test,0,Inactive,test_only,Inactive_only,False,False
0.95,161,178,1,178,APLLNFVRDFVREDAKYLYSSLV,development,0,Inactive,development_only,Inactive_only,False,False
0.95,162,179,1,179,AQTSRWAAMQIGMSFISAY,test,0,Inactive,test_only,Inactive_only,False,False
0.95,163,180,1,180,ARDEAEMEYLKIAQ,development,0,Inactive,development_only,Inactive_only,False,False
0.95,164,181,1,181,ASLPEAIEALTKG,development,0,Inactive,development_only,Inactive_only,False,False
0.95,165,182,1,182,ATLKNLGSVHVSKG,development,0,Inactive,development_only,Inactive_only,False,False
0.95,166,183,1,183,AVDTLVLALAEAT,development,0,Inactive,development_only,Inactive_only,False,False
0.95,167,184,1,184,DAAALFRLHKFLTKW,development,0,Inactive,development_only,Inactive_only,False,False
0.95,168,185,1,185,DAAGLASRHKG,test,0,Inactive,test_only,Inactive_only,False,False
0.95,169,186,1,186,DAENRDLFLALLSV,development,0,Inactive,development_only,Inactive_only,False,False
0.95,170,187,1,187,DAHAWMIGQLKGL,development,0,Inactive,development_only,Inactive_only,False,False
0.95,171,188,1,188,DALEIFKTLFSLVMRFSSYL,development,0,Inactive,development_only,Inactive_only,False,False
0.95,172,189,1,189,DAMLRTSMVATQLVGLAMMRYV,test,0,Inactive,test_only,Inactive_only,False,False
0.95,173,190,1,190,DARAKKLLDKWAKWING,development,0,Inactive,development_only,Inactive_only,False,False
0.95,174,191,1,191,DATAALALTMA,development,0,Inactive,development_only,Inactive_only,False,False
0.95,175,192,1,192,DATLISELQQM,development,0,Inactive,development_only,Inactive_only,False,False
0.95,176,193,1,193,DDADLEKFVIEY,development,0,Inactive,development_only,Inactive_only,False,False
0.95,177,194,1,194,DDETLGVLMWILDRSIH,development,0,Inactive,development_only,Inactive_only,False,False
0.95,178,195,1,195,DDETREELEELLIQA,test,0,Inactive,test_only,Inactive_only,False,False
0.95,179,196,1,196,DDRVQSHILHLEHDLVHVTRKN,development,0,Inactive,development_only,Inactive_only,False,False
0.95,180,197,1,197,DDYLKEQVLHMKQYVSDN,test,0,Inactive,test_only,Inactive_only,False,False
0.95,181,198,1,198,DEAAFQKLMSNLD,test,0,Inactive,test_only,Inactive_only,False,False
0.95,182,199,1,199,DEAGLMRELRLFRRRIMVRIAWAQTL,development,0,Inactive,development_only,Inactive_only,False,False
0.95,183,200,1,200,DEETMERIMRELKKK,development,0,Inactive,development_only,Inactive_only,False,False
0.95,184,201,1,201,DEFTKQHIVGK,development,0,Inactive,development_only,Inactive_only,False,False
0.95,185,202,1,202,DEKAFKNTYRQAMND,development,0,Inactive,development_only,Inactive_only,False,False
0.95,186,203,1,203,DEKKILKDFLIQ,development,0,Inactive,development_only,Inactive_only,False,False
0.95,187,204,1,204,DEKSIITYVSSLYDAM,development,0,Inactive,development_only,Inactive_only,False,False
0.95,188,205,1,205,DELLSKMRFAL,development,0,Inactive,development_only,Inactive_only,False,False
0.95,189,206,1,206,DEPQVQAKIMAYLQQEQSNR,development,0,Inactive,development_only,Inactive_only,False,False
0.95,190,207,1,207,DEQYREGAVRTVASFRERLDR,development,0,Inactive,development_only,Inactive_only,False,False
0.95,191,208,1,208,DERLLQKYRAQVFEWG,development,0,Inactive,development_only,Inactive_only,False,False
0.95,192,209,1,209,DEVLLALAEQLGT,development,0,Inactive,development_only,Inactive_only,False,False
0.95,193,210,1,210,DFAALAQTAHRLKGVFAMLN,development,0,Inactive,development_only,Inactive_only,False,False
0.95,194,211,1,211,DFLEEQYKGQRDLAGKASTLKK,development,0,Inactive,development_only,Inactive_only,False,False
0.95,195,212,1,212,DFPALIKQASLDALFK,test,0,Inactive,test_only,Inactive_only,False,False
0.95,196,213,1,213,DFSETINAYFVAKLL,development,0,Inactive,development_only,Inactive_only,False,False
0.95,197,214,1,214,DGALKRAEELKTQANDYFK,development,0,Inactive,development_only,Inactive_only,False,False
0.95,198,215,1,215,DGFSVLMRAMQQ,development,0,Inactive,development_only,Inactive_only,False,False
0.95,199,216,1,216,DGGGFVISKHPVRLAKKLNR,test,0,Inactive,test_only,Inactive_only,False,False
0.95,200,217,1,217,DHAVLEVLATPVREALLARFG,test,0,Inactive,test_only,Inactive_only,False,False
0.95,201,218,1,218,DIFDFMERWIEKKLEYSASH,development,0,Inactive,development_only,Inactive_only,False,False
0.95,202,219,1,219,DIHAAIEMLLG,development,0,Inactive,development_only,Inactive_only,False,False
0.95,203,220,1,220,DIIGTEITSALKNVYSIAIAWIRGYESRKN,development,0,Inactive,development_only,Inactive_only,False,False
0.95,204,221,1,221,DILREIGMIARALDSISNIEF,development,0,Inactive,development_only,Inactive_only,False,False
0.95,205,222,1,222,DIRAVLRDLSFHLNGHILHSIFWPNM,development,0,Inactive,development_only,Inactive_only,False,False
0.95,206,223,1,223,DIRTSLANDMAIYGDIIEATREHTELAENL,development,0,Inactive,development_only,Inactive_only,False,False
0.95,207,224,1,224,DIYQQVRDELKRAS,development,0,Inactive,development_only,Inactive_only,False,False
0.95,208,225,1,225,DKETMNIHHTK,development,0,Inactive,development_only,Inactive_only,False,False
0.95,209,226,1,226,DLAANNGGWQWS,development,0,Inactive,development_only,Inactive_only,False,False
0.95,210,227,1,227,DLARIEQFLDALWLE,development,0,Inactive,development_only,Inactive_only,False,False
0.95,211,228,1,228,DLEAKKMYFDAVQAIETHL,development,0,Inactive,development_only,Inactive_only,False,False
0.95,212,229,1,229,DLESDALGWQYITG,test,0,Inactive,test_only,Inactive_only,False,False
0.95,213,230,1,230,DLGRKITSALRSLSN,development,0,Inactive,development_only,Inactive_only,False,False
0.95,214,231,1,231,DLKQAESWLHKQAQKEGWSKAARLH,development,0,Inactive,development_only,Inactive_only,False,False
0.95,215,232,1,232,DLKRAESMLQQA,development,0,Inactive,development_only,Inactive_only,False,False
0.95,216,233,1,233,DLKTMTERLRS,development,0,Inactive,development_only,Inactive_only,False,False
0.95,217,234,1,234,DLQLNANAERINVYY,development,0,Inactive,development_only,Inactive_only,False,False
0.95,218,235,1,235,DLRELIARVRALIRRKS,test,0,Inactive,test_only,Inactive_only,False,False
0.95,219,236,1,236,DLSASRSAIDSLNNRMLSQIWSH,development,0,Inactive,development_only,Inactive_only,False,False
0.95,220,237,1,237,DLVDFAVEYFTRLREARRGLEHHH,development,0,Inactive,development_only,Inactive_only,False,False
0.95,221,238,1,238,DMASLQQQRQE,development,0,Inactive,development_only,Inactive_only,False,False
0.95,222,239,1,239,DMNQVLDAYEN,test,0,Inactive,test_only,Inactive_only,False,False
0.95,223,240,1,240,DNAMANQYETLANARQKGIEKYL,development,0,Inactive,development_only,Inactive_only,False,False
0.95,224,241,1,241,DNKTRFKIIKEKLKEF,development,0,Inactive,development_only,Inactive_only,False,False
0.95,225,242,1,242,DNTYLNTAESLYDEF,development,0,Inactive,development_only,Inactive_only,False,False
0.95,226,243,1,243,DNVVLQLQVARFLMKTVAQ,development,0,Inactive,development_only,Inactive_only,False,False
0.95,227,244,1,244,DPARALFAAMSQ,development,0,Inactive,development_only,Inactive_only,False,False
0.95,228,245,1,245,DPATVKKVVNFL,development,0,Inactive,development_only,Inactive_only,False,False
0.95,229,246,1,246,DPAWQGFRELIEKAL,development,0,Inactive,development_only,Inactive_only,False,False
0.95,230,247,1,247,DPEKVLFLAGNLLARLTE,development,0,Inactive,development_only,Inactive_only,False,False
0.95,231,248,1,248,DPETLEAIAEN,development,0,Inactive,development_only,Inactive_only,False,False
0.95,232,249,1,249,DPETNINIGTSYLQYVYQQF,development,0,Inactive,development_only,Inactive_only,False,False
0.95,233,250,1,250,DPKRLQASLQTIVGMVVYSW,development,0,Inactive,development_only,Inactive_only,False,False
0.95,234,251,1,251,DPLRERQVAEKQLAALGDILSA,development,0,Inactive,development_only,Inactive_only,False,False
0.95,235,252,1,252,DPLWKKEMFEKYLSN,test,0,Inactive,test_only,Inactive_only,False,False
0.95,236,253,1,253,DPQKADAVAVN,development,0,Inactive,development_only,Inactive_only,False,False
0.95,237,254,1,254,DPQKRAVVNQRLYFDMGT,development,0,Inactive,development_only,Inactive_only,False,False
0.95,238,255,1,255,DPTKLNHAVAGL,development,0,Inactive,development_only,Inactive_only,False,False
0.95,239,256,1,256,DPYVILITEILL,development,0,Inactive,development_only,Inactive_only,False,False
0.95,240,257,1,257,DQDKIQKAIAAG,development,0,Inactive,development_only,Inactive_only,False,False
0.95,241,258,1,258,DQEDVAQTIRDYD,development,0,Inactive,development_only,Inactive_only,False,False
0.95,242,259,1,259,DQGTLFELILAANYLD,development,0,Inactive,development_only,Inactive_only,False,False
0.95,243,260,1,260,DQHLMAEYRELPRVFGAVRKHVANG,development,0,Inactive,development_only,Inactive_only,False,False
0.95,244,261,1,261,DQNGEIYMWPVAQA,test,0,Inactive,test_only,Inactive_only,False,False
0.95,245,262,1,262,DQQGVFVKGYAM,development,0,Inactive,development_only,Inactive_only,False,False
0.95,246,263,1,263,DRASYEARERHVAERLLMHLEEM,development,0,Inactive,development_only,Inactive_only,False,False
0.95,247,264,1,264,DRAVIEHNLLSASKL,development,0,Inactive,development_only,Inactive_only,False,False
0.95,248,265,1,265,DRQLRSSIERVISIFQS,development,0,Inactive,development_only,Inactive_only,False,False
0.95,249,266,1,266,DRTSFDKLANS,development,0,Inactive,development_only,Inactive_only,False,False
0.95,250,267,1,267,DSEQVVHQLERLIAR,development,0,Inactive,development_only,Inactive_only,False,False
0.95,251,268,1,268,DSGYRSAMSVQSSL,development,0,Inactive,development_only,Inactive_only,False,False
0.95,252,269,1,269,DSMVVLQQRAYEILMTIME,development,0,Inactive,development_only,Inactive_only,False,False
0.95,253,270,1,270,DSSVIISALKTYLVSG,development,0,Inactive,development_only,Inactive_only,False,False
0.95,254,271,1,271,DSVASLLDVVKSTG,test,0,Inactive,test_only,Inactive_only,False,False
0.95,255,272,1,272,DSVTNDIFNVAKASIEKHIWMLQAEL,development,0,Inactive,development_only,Inactive_only,False,False
0.95,256,273,1,273,DTAFLMEQLELREELDEIEQAK,development,0,Inactive,development_only,Inactive_only,False,False
0.95,257,274,1,274,DTMKDAGMQMKKVLDS,development,0,Inactive,development_only,Inactive_only,False,False
0.95,258,275,1,275,DTRAWALAEKLFG,development,0,Inactive,development_only,Inactive_only,False,False
0.95,259,276,1,276,DVALADSFDAL,development,0,Inactive,development_only,Inactive_only,False,False
0.95,260,277,1,277,DVEAVEIMQRIHVLRSQGGFN,development,0,Inactive,development_only,Inactive_only,False,False
0.95,261,278,1,278,DVLAEDTITALLH,development,0,Inactive,development_only,Inactive_only,False,False
0.95,262,279,1,279,DVRVKEYFDDIARYFSIGLLNLIHLFG,development,0,Inactive,development_only,Inactive_only,False,False
0.95,263,280,1,280,DWGEAFTAINL,development,0,Inactive,development_only,Inactive_only,False,False
0.95,264,281,1,281,DWLKRLQKIFPPILSI,development,0,Inactive,development_only,Inactive_only,False,False
0.95,265,282,1,282,DWYRTYAELRETA,test,0,Inactive,test_only,Inactive_only,False,False
0.95,266,283,1,283,DYERFKSYIQTL,development,0,Inactive,development_only,Inactive_only,False,False
0.95,267,284,1,284,EALVHKLTERM,development,0,Inactive,development_only,Inactive_only,False,False
0.95,268,285,1,285,EAQKIDRLVQSFSGAYFQQN,development,0,Inactive,development_only,Inactive_only,False,False
0.95,269,286,1,286,EDDIMYLM,development,0,Inactive,development_only,Inactive_only,False,False
0.95,270,287,1,287,EDDSKLASRKYARIIQKI,development,0,Inactive,development_only,Inactive_only,False,False
0.95,271,288,1,288,EDKEAVFDVVDTLTAVLQVATGVISTL,test,0,Inactive,test_only,Inactive_only,False,False
0.95,272,289,1,289,EDLPKWSGYFEKLLKKN,development,0,Inactive,development_only,Inactive_only,False,False
0.95,273,290,1,290,EDMIFEIFKNYLTKVAYYARQVAEMN,development,0,Inactive,development_only,Inactive_only,False,False
0.95,274,291,1,291,EDNLLRQLAQKV,development,0,Inactive,development_only,Inactive_only,False,False
0.95,275,292,1,292,EELHTSLVEEL,development,0,Inactive,development_only,Inactive_only,False,False
0.95,276,293,1,293,EEMIAEFKAAFDMF,development,0,Inactive,development_only,Inactive_only,False,False
0.95,277,294,1,294,EERVKNGLERLKKAIKSGKQST,development,0,Inactive,development_only,Inactive_only,False,False
0.95,278,295,1,295,EESDIKYKTSKNFINKVY,development,0,Inactive,development_only,Inactive_only,False,False
0.95,279,296,1,296,EEVKKHGTTVLTALGRILKQ,development,0,Inactive,development_only,Inactive_only,False,False
0.95,280,297,1,297,EFPEMLAEIIT,development,0,Inactive,development_only,Inactive_only,False,False
0.95,281,298,1,298,EFRDLHLFLGEAAETAEEVADELAERVQAL,development,0,Inactive,development_only,Inactive_only,False,False
0.95,282,299,1,299,EGDQQLLKRVLVRKL,development,0,Inactive,development_only,Inactive_only,False,False
0.95,283,300,1,300,EGHVAAVEVLRGIHRIADMS,development,0,Inactive,development_only,Inactive_only,False,False
0.95,284,301,1,301,EGKDRELYGKLHETLKKVTEDLEA,test,0,Inactive,test_only,Inactive_only,False,False
0.95,285,302,1,302,EGNKRLDSVNSIVS,test,0,Inactive,test_only,Inactive_only,False,False
0.95,286,303,1,303,EGQQRRIRQQRLISIGKWIADNQ,development,0,Inactive,development_only,Inactive_only,False,False
0.95,287,304,1,304,EGVAWLEAVLRLLAQ,development,0,Inactive,development_only,Inactive_only,False,False
0.95,288,305,1,305,EHEIQEWYKGFLRD,development,0,Inactive,development_only,Inactive_only,False,False
0.95,289,306,1,306,EIEKFRVWISIL,development,0,Inactive,development_only,Inactive_only,False,False
0.95,290,307,1,307,EISEMVRMRERILDSIHLG,development,0,Inactive,development_only,Inactive_only,False,False
0.95,291,308,1,308,EISKLVKKMISSWKDAIN,development,0,Inactive,development_only,Inactive_only,False,False
0.95,292,309,1,309,EKETFREKFMQH,test,0,Inactive,test_only,Inactive_only,False,False
0.95,293,310,1,310,EKNSYRKLVGNLYFVYSAMEEEMAKF,development,0,Inactive,development_only,Inactive_only,False,False
0.95,294,311,1,311,EKVQYLTRSAIRR,development,0,Inactive,development_only,Inactive_only,False,False
0.95,295,312,1,312,EMNYYTVLFGVSRALGVLAQLIWSRAL,development,0,Inactive,development_only,Inactive_only,False,False
0.95,296,313,1,313,EPEEVFKSVLKEMEG,development,0,Inactive,development_only,Inactive_only,False,False
0.95,297,314,1,314,EPEKVDKLQEPLLEALRLYARRRR,development,0,Inactive,development_only,Inactive_only,False,False
0.95,298,315,1,315,EPGQRKIVMHK,test,0,Inactive,test_only,Inactive_only,False,False
0.95,299,316,1,316,EQEILRQVKKAYDRAARLG,test,0,Inactive,test_only,Inactive_only,False,False
0.95,300,317,1,317,EQEVYAQVARL,development,0,Inactive,development_only,Inactive_only,False,False
0.95,301,318,1,318,EQPSLVRTLDQLEDK,development,0,Inactive,development_only,Inactive_only,False,False
0.95,302,319,1,319,ERQEVKQMVVATLAES,development,0,Inactive,development_only,Inactive_only,False,False
0.95,303,320,1,320,ERVRAAMEKLA,development,0,Inactive,development_only,Inactive_only,False,False
0.95,304,321,1,321,ESLYESIRRRYEEL,development,0,Inactive,development_only,Inactive_only,False,False
0.95,305,322,1,322,ESPVRKILRIVFHDAI,development,0,Inactive,development_only,Inactive_only,False,False
0.95,306,323,1,323,ETNIRVALEKSFL,development,0,Inactive,development_only,Inactive_only,False,False
0.95,307,324,1,324,EVKRRFPTKLGAWALIWWLL,development,0,Inactive,development_only,Inactive_only,False,False
0.95,308,325,1,325,EVKRSVNRDFAKWFLIVFI,development,0,Inactive,development_only,Inactive_only,False,False
0.95,309,326,1,326,EVNRNFGERINDLRILILLL,test,0,Inactive,test_only,Inactive_only,False,False
0.95,310,327,1,327,EVVGRVSKLWNEWWLIV,development,0,Inactive,development_only,Inactive_only,False,False
0.95,311,328,1,328,EWQTMVAALQA,development,0,Inactive,development_only,Inactive_only,False,False
0.95,312,329,1,329,EYKYYKLKLAEMQR,test,0,Inactive,test_only,Inactive_only,False,False
0.95,313,330,1,330,FADLFDPVIQERH,development,0,Inactive,development_only,Inactive_only,False,False
0.95,314,331,1,331,FALRLRRVINRIGQAWR,development,0,Inactive,development_only,Inactive_only,False,False
0.95,315,332,1,332,FEVIDTIKAAVENA,development,0,Inactive,development_only,Inactive_only,False,False
0.95,316,333,1,333,FFSFELVESINDVKKSLR,development,0,Inactive,development_only,Inactive_only,False,False
0.95,317,334,1,334,FGLKVLGWYSEMKRNVQRLERAIEEV,development,0,Inactive,development_only,Inactive_only,False,False
0.95,318,335,1,335,FHSVAEQF,development,0,Inactive,development_only,Inactive_only,False,False
0.95,319,336,1,336,FIAVHEMLDGFRTALIDHLDTMAERAVQ,development,0,Inactive,development_only,Inactive_only,False,False
0.95,320,337,1,337,FKATIADLSKKR,development,0,Inactive,development_only,Inactive_only,False,False
0.95,321,338,1,338,FKEAIEAIAESA,development,0,Inactive,development_only,Inactive_only,False,False
0.95,322,339,1,339,FKGKIIKKVISTGAKLI,development,0,Inactive,development_only,Inactive_only,False,False
0.95,323,340,1,340,FKSIYRFFEHGLK,development,0,Inactive,development_only,Inactive_only,False,False
0.95,324,341,1,341,FKSVQNSLQRILYLWAIRH,test,0,Inactive,test_only,Inactive_only,False,False
0.95,325,342,1,342,FLDQNMLAVIDELMQAL,development,0,Inactive,development_only,Inactive_only,False,False
0.95,326,343,1,343,FLLKKLKKVATGFAKG,development,0,Inactive,development_only,Inactive_only,False,False
0.95,327,344,1,344,FLLSKAKDAKSSAEGAV,development,0,Inactive,development_only,Inactive_only,False,False
0.95,328,345,1,345,FNQRRISSAKFLGELYNY,test,0,Inactive,test_only,Inactive_only,False,False
0.95,329,346,1,346,FNRMFEKSTHHYTDSVGGILR,development,0,Inactive,development_only,Inactive_only,False,False
0.95,330,347,1,347,FPLLVDHTSREADYFRKRLIQLNEG,development,0,Inactive,development_only,Inactive_only,False,False
0.95,331,348,1,348,FPNLASAAFYWSKKEN,development,0,Inactive,development_only,Inactive_only,False,False
0.95,332,349,1,349,FPQLTQNNSRE,test,0,Inactive,test_only,Inactive_only,False,False
0.95,333,350,1,350,FSALNIAVHELSDVGRAIVRN,development,0,Inactive,development_only,Inactive_only,False,False
0.95,334,351,1,351,FSEFIQALSVTSRG,development,0,Inactive,development_only,Inactive_only,False,False
0.95,335,352,1,352,FTELQRDFLRN,test,0,Inactive,test_only,Inactive_only,False,False
0.95,336,353,1,353,FTRIIKAAG,development,0,Inactive,development_only,Inactive_only,False,False
0.95,337,354,1,354,FVPVFFVVVRRR,development,0,Inactive,development_only,Inactive_only,False,False
0.95,338,355,1,355,FYQTFFDEADELLADMEQHLLDL,development,0,Inactive,development_only,Inactive_only,False,False
0.95,339,356,1,356,GAFRKLLQSAKDN,development,0,Inactive,development_only,Inactive_only,False,False
0.95,340,357,1,357,GAGTSVNMNTNEVLANIGLELM,test,0,Inactive,test_only,Inactive_only,False,False
0.95,341,358,1,358,GAPLARMEVTLALESLFGRF,development,0,Inactive,development_only,Inactive_only,False,False
0.95,342,359,1,359,GAQYIQAAGVALGLKMR,test,0,Inactive,test_only,Inactive_only,False,False
0.95,343,360,1,360,GAVAIARVFSY,development,0,Inactive,development_only,Inactive_only,False,False
0.95,344,361,1,361,GEAEIASLKSQIRA,development,0,Inactive,development_only,Inactive_only,False,False
0.95,345,362,1,362,GEAYLLLERYVAFLRA,development,0,Inactive,development_only,Inactive_only,False,False
0.95,346,363,1,363,GEDAILKKVAEEAAETLMASKD,development,0,Inactive,development_only,Inactive_only,False,False
0.95,347,364,1,364,GEGWAKSILFN,test,0,Inactive,test_only,Inactive_only,False,False
0.95,348,365,1,365,GEKRAEEIKKILMT,development,0,Inactive,development_only,Inactive_only,False,False
0.95,349,366,1,366,GFFGWFNRMFEKSTHHYTDSVGGI,test,0,Inactive,test_only,Inactive_only,False,False
0.95,350,367,1,367,GFKNEVRTPVTKFRIVFFVV,development,0,Inactive,development_only,Inactive_only,False,False
0.95,351,368,1,368,GFMIWHPKMDEYMEEIDGYLDEMSERLITL,development,0,Inactive,development_only,Inactive_only,False,False
0.95,352,369,1,369,GFSVQRRLWLAS,test,0,Inactive,test_only,Inactive_only,False,False
0.95,353,370,1,370,GFYPMVAAQRI,test,0,Inactive,test_only,Inactive_only,False,False
0.95,354,371,1,371,GGFAAAIARRA,development,0,Inactive,development_only,Inactive_only,False,False
0.95,355,372,1,372,GGKEALAIENFADAL,test,0,Inactive,test_only,Inactive_only,False,False
0.95,356,373,1,373,GGSSGVLMSIFFTAAGQKLEQ,development,0,Inactive,development_only,Inactive_only,False,False
0.95,357,374,1,374,GHNLISLLEVLSG,development,0,Inactive,development_only,Inactive_only,False,False
0.95,358,375,1,375,GIHELAVFAEEH,development,0,Inactive,development_only,Inactive_only,False,False
0.95,359,376,1,376,GKASLRAAELYSKY,development,0,Inactive,development_only,Inactive_only,False,False
0.95,360,377,1,377,GKDAAAEEISQLLYHVQVMMVARG,development,0,Inactive,development_only,Inactive_only,False,False
0.95,361,378,1,378,GKKGPKFIQAVASLKA,development,0,Inactive,development_only,Inactive_only,False,False
0.95,362,379,1,379,GKSNMMDAISFVL,development,0,Inactive,development_only,Inactive_only,False,False
0.95,363,380,1,380,GKTTAALALARELFG,development,0,Inactive,development_only,Inactive_only,False,False
0.95,364,381,1,381,GKTTFVKRHLTG,development,0,Inactive,development_only,Inactive_only,False,False
0.95,365,382,1,382,GKTTILYRLQVG,development,0,Inactive,development_only,Inactive_only,False,False
0.95,366,383,1,383,GLEKLEESIYRE,development,0,Inactive,development_only,Inactive_only,False,False
0.95,367,384,1,384,GLFDKVKSLVPKIAKAV,development,0,Inactive,development_only,Inactive_only,False,False
0.95,368,385,1,385,GLFDVIGSQAGGAAPHFLG,development,0,Inactive,development_only,Inactive_only,False,False
0.95,369,386,1,386,GLFKLIKFAKKKSPGAF,development,0,Inactive,development_only,Inactive_only,False,False
0.95,370,387,1,387,GLGKIIGKVKKSLLKSI,development,0,Inactive,development_only,Inactive_only,False,False
0.95,371,388,1,388,GLGLVLKIAVNAFLKLVA,test,0,Inactive,test_only,Inactive_only,False,False
0.95,372,389,1,389,GLLDIAGGNAETLAGHAV,development,0,Inactive,development_only,Inactive_only,False,False
0.95,373,390,1,390,GLNAELTRYTLSLMVLERKLSSA,development,0,Inactive,development_only,Inactive_only,False,False
0.95,374,391,1,391,GLTSLMAIDKL,test,0,Inactive,test_only,Inactive_only,False,False
0.95,375,392,1,392,GLWAIAVKAGKVILKLIVFIWIRV,test,0,Inactive,test_only,Inactive_only,False,False
0.95,376,393,1,393,GLWKSLGAVVKRVEGLWVGLF,development,0,Inactive,development_only,Inactive_only,False,False
0.95,377,394,1,394,GNFADLLAHSDGLIKNISDDLRALDKLI,test,0,Inactive,test_only,Inactive_only,False,False
0.95,378,395,1,395,GNYLRAEILYRLK,development,0,Inactive,development_only,Inactive_only,False,False
0.95,379,396,1,396,GPDMTAMVALIASV,test,0,Inactive,test_only,Inactive_only,False,False
0.95,380,397,1,397,GPKDAVVKVFNQWG,test,0,Inactive,test_only,Inactive_only,False,False
0.95,381,398,1,398,GPKKAQLIVGWRELHG,development,0,Inactive,development_only,Inactive_only,False,False
0.95,382,399,1,399,GSDFLIHFIDE,development,0,Inactive,development_only,Inactive_only,False,False
0.95,383,400,1,400,GSHANEFFFRA,development,0,Inactive,development_only,Inactive_only,False,False
0.95,384,401,1,401,GTLRHAANAAFIMLEAAEL,development,0,Inactive,development_only,Inactive_only,False,False
0.95,385,402,1,402,GTTTAVIIAGGLLQQAQGLIN,development,0,Inactive,development_only,Inactive_only,False,False
0.95,386,403,1,403,GVSGLAAARQLQSF,development,0,Inactive,development_only,Inactive_only,False,False
0.95,387,404,1,404,GWQNELLLLLRYLDEN,development,0,Inactive,development_only,Inactive_only,False,False
0.95,388,405,1,405,GYKKVSKSYTGEWKKYLNSL,development,0,Inactive,development_only,Inactive_only,False,False
0.95,389,406,1,406,HAHASAIAKAYASEIAFEAANQAIQIHG,development,0,Inactive,development_only,Inactive_only,False,False
0.95,390,407,1,407,HALRTIVFELLTRH,test,0,Inactive,test_only,Inactive_only,False,False
0.95,391,408,1,408,HDKHIEIVVRQM,development,0,Inactive,development_only,Inactive_only,False,False
0.95,392,409,1,409,HDLVTDGLITLYIETK,development,0,Inactive,development_only,Inactive_only,False,False
0.95,393,410,1,410,HFGSLLLLAAWLAEN,development,0,Inactive,development_only,Inactive_only,False,False
0.95,394,411,1,411,HGLVKAGHPLKRKLGH,test,0,Inactive,test_only,Inactive_only,False,False
0.95,395,412,1,412,HHKAYVDGANTALDKLAEARDK,development,0,Inactive,development_only,Inactive_only,False,False
0.95,396,413,1,413,HKEMAKAFEEW,development,0,Inactive,development_only,Inactive_only,False,False
0.95,397,414,1,414,HLDLINMMSRLAREELVHHEQVLRLMKRR,development,0,Inactive,development_only,Inactive_only,False,False
0.95,398,415,1,415,HMKMRSQLLIVLQEHLRN,development,0,Inactive,development_only,Inactive_only,False,False
0.95,399,416,1,416,HPAFIAHADRVLGGLDIAIST,test,0,Inactive,test_only,Inactive_only,False,False
0.95,400,417,1,417,HPFYQALGQLARLTLAQWQAQL,development,0,Inactive,development_only,Inactive_only,False,False
0.95,401,418,1,418,HQAAMQMLKETINEEAAEWDRLH,development,0,Inactive,development_only,Inactive_only,False,False
0.95,402,419,1,419,HSATRAAMLVRINT,test,0,Inactive,test_only,Inactive_only,False,False
0.95,403,420,1,420,HSDWISNANKVRVIYWQMT,development,0,Inactive,development_only,Inactive_only,False,False
0.95,404,421,1,421,HSRRGLLKMVGKRRRLLAYLRNK,development,0,Inactive,development_only,Inactive_only,False,False
0.95,405,422,1,422,HTFLDDIVGAIAAAAASRLAHSYHD,development,0,Inactive,development_only,Inactive_only,False,False
0.95,406,423,1,423,HVVDEKARLIYED,development,0,Inactive,development_only,Inactive_only,False,False
0.95,407,424,1,424,HWDKVADMVANFAHEIDTYG,test,0,Inactive,test_only,Inactive_only,False,False
0.95,408,425,1,425,IAMVNGLMGVLDKLAHLIDE,development,0,Inactive,development_only,Inactive_only,False,False
0.95,409,426,1,426,IASEFKNIATNS,development,0,Inactive,development_only,Inactive_only,False,False
0.95,410,427,1,427,IDDLRVIARENLERRRK,development,0,Inactive,development_only,Inactive_only,False,False
0.95,411,428,1,428,IDDSVNNLIPFMQKH,test,0,Inactive,test_only,Inactive_only,False,False
0.95,412,429,1,429,IEEATEFYENDV,development,0,Inactive,development_only,Inactive_only,False,False
0.95,413,430,1,430,IEFRKAFLKIL,development,0,Inactive,development_only,Inactive_only,False,False
0.95,414,431,1,431,IGVQQHADKVQRALGEAIDD,development,0,Inactive,development_only,Inactive_only,False,False
0.95,415,432,1,432,IHNVVGKL,development,0,Inactive,development_only,Inactive_only,False,False
0.95,416,433,1,433,IKPLNNFAAEVGKIRDS,test,0,Inactive,test_only,Inactive_only,False,False
0.95,417,434,1,434,IMELLGTVIQHEGIHQGQYYVALKQSG,test,0,Inactive,test_only,Inactive_only,False,False
0.95,418,435,1,435,IPAAKINWDRDIEYMAGILEN,development,0,Inactive,development_only,Inactive_only,False,False
0.95,419,436,1,436,IPAVANWIKRR,development,0,Inactive,development_only,Inactive_only,False,False
0.95,420,437,1,437,IPEAKSFYGFQIMIENIHSETYSLLIDTYI,development,0,Inactive,development_only,Inactive_only,False,False
0.95,421,438,1,438,IRVNATKAYEMAL,development,0,Inactive,development_only,Inactive_only,False,False
0.95,422,439,1,439,KDAENHKAYLKSH,test,0,Inactive,test_only,Inactive_only,False,False
0.95,423,440,1,440,KDFETLKVDFLSKLPEMLKMFEDRL,development,0,Inactive,development_only,Inactive_only,False,False
0.95,424,441,1,441,KDTVIEDIIDKTFEEAD,development,0,Inactive,development_only,Inactive_only,False,False
0.95,425,442,1,442,KEDIHRSLVEELTKISAKEK,development,0,Inactive,development_only,Inactive_only,False,False
0.95,426,443,1,443,KEEGYFYFRSRLSQ,development,0,Inactive,development_only,Inactive_only,False,False
0.95,427,444,1,444,KEEVQKVLEDA,development,0,Inactive,development_only,Inactive_only,False,False
0.95,428,445,1,445,KEIAEKMVEGRMKKFTGEV,development,0,Inactive,development_only,Inactive_only,False,False
0.95,429,446,1,446,KFLKKWEGIWATFKPALSAVV,development,0,Inactive,development_only,Inactive_only,False,False
0.95,430,447,1,447,KFLRFILKWFKVIFQ,development,0,Inactive,development_only,Inactive_only,False,False
0.95,431,448,1,448,KFLTKLKNIVANIRIWWVILL,development,0,Inactive,development_only,Inactive_only,False,False
0.95,432,449,1,449,KGQEYINNIHL,development,0,Inactive,development_only,Inactive_only,False,False
0.95,433,450,1,450,KHFDFLAEFNAKAND,development,0,Inactive,development_only,Inactive_only,False,False
0.95,434,451,1,451,KHHAAYVNNLNNALKK,test,0,Inactive,test_only,Inactive_only,False,False
0.95,435,452,1,452,KIPDDLQADFNKFR,test,0,Inactive,test_only,Inactive_only,False,False
0.95,436,453,1,453,KKAEAVATVVAAVDQARVR,test,0,Inactive,test_only,Inactive_only,False,False
0.95,437,454,1,454,KKDVKLILDTILETITEALAK,development,0,Inactive,development_only,Inactive_only,False,False
0.95,438,455,1,455,KKEELQRSLNILTAF,development,0,Inactive,development_only,Inactive_only,False,False
0.95,439,456,1,456,KKQELLEALTKHFQ,development,0,Inactive,development_only,Inactive_only,False,False
0.95,440,457,1,457,KKTAERLIVEMKDRFKG,development,0,Inactive,development_only,Inactive_only,False,False
0.95,441,458,1,458,KKVKGYKRALTE,development,0,Inactive,development_only,Inactive_only,False,False
0.95,442,459,1,459,KLDSRFDNNLGKFRFVLLLFV,test,0,Inactive,test_only,Inactive_only,False,False
0.95,443,460,1,460,KLEEKFPQVAAT,development,0,Inactive,development_only,Inactive_only,False,False
0.95,444,461,1,461,KLKELALIFISNLVAN,test,0,Inactive,test_only,Inactive_only,False,False
0.95,445,462,1,462,KNIKRNVEKIIAQWDERTRK,development,0,Inactive,development_only,Inactive_only,False,False
0.95,446,463,1,463,KPEEVEQIKLYVMSREYEDYMAR,development,0,Inactive,development_only,Inactive_only,False,False
0.95,447,464,1,464,KPEQYNIVGEHLLATLDEMFS,test,0,Inactive,test_only,Inactive_only,False,False
0.95,448,465,1,465,KPQELLSLIIERFE,test,0,Inactive,test_only,Inactive_only,False,False
0.95,449,466,1,466,KPQERADLISYLKEATS,development,0,Inactive,development_only,Inactive_only,False,False
0.95,450,467,1,467,KPWLSVILFLIRERSR,development,0,Inactive,development_only,Inactive_only,False,False
0.95,451,468,1,468,KQAEAEEFVQTLGQSLA,development,0,Inactive,development_only,Inactive_only,False,False
0.95,452,469,1,469,KQLTAIAALAE,test,0,Inactive,test_only,Inactive_only,False,False
0.95,453,470,1,470,KREIIHAVLTGLALDQLAEQ,development,0,Inactive,development_only,Inactive_only,False,False
0.95,454,471,1,471,KREVQNAILTGIQLDKLAED,development,0,Inactive,development_only,Inactive_only,False,False
0.95,455,472,1,472,KSEALAKMWGQRK,development,0,Inactive,development_only,Inactive_only,False,False
0.95,456,473,1,473,KTASTGFAELLKDRREQV,development,0,Inactive,development_only,Inactive_only,False,False
0.95,457,474,1,474,KTFRTTFKTLL,development,0,Inactive,development_only,Inactive_only,False,False
0.95,458,475,1,475,KVAEFERLFRQAAG,development,0,Inactive,development_only,Inactive_only,False,False
0.95,459,476,1,476,KVNRAVAAEIRNWTWVFLIW,development,0,Inactive,development_only,Inactive_only,False,False
0.95,460,477,1,477,KVRETREILDIIDTVYNS,development,0,Inactive,development_only,Inactive_only,False,False
0.95,461,478,1,478,KVRGLIEIISN,test,0,Inactive,test_only,Inactive_only,False,False
0.95,462,479,1,479,KVSDILTVAIRLEEEGERFYRELS,development,0,Inactive,development_only,Inactive_only,False,False
0.95,463,480,1,480,KVVDNFENILII,development,0,Inactive,development_only,Inactive_only,False,False
0.95,464,481,1,481,KVWKGVKTIIADVWQV,development,0,Inactive,development_only,Inactive_only,False,False
0.95,465,482,1,482,KWEAEKIHIGFRQAY,development,0,Inactive,development_only,Inactive_only,False,False
0.95,466,483,1,483,KWVRIWIKVLRGLFVWVWFF,development,0,Inactive,development_only,Inactive_only,False,False
0.95,467,484,1,484,KYDHFAGRAYVRLHQD,development,0,Inactive,development_only,Inactive_only,False,False
0.95,468,485,1,485,LADLQEQLYNG,development,0,Inactive,development_only,Inactive_only,False,False
0.95,469,486,1,486,LDAYINLGNVLKEA,development,0,Inactive,development_only,Inactive_only,False,False
0.95,470,487,1,487,LDEAATRSKAWMVDALA,development,0,Inactive,development_only,Inactive_only,False,False
0.95,471,488,1,488,LEARMKQFKDMLLER,development,0,Inactive,development_only,Inactive_only,False,False
0.95,472,489,1,489,LEEFDKVSKNVD,development,0,Inactive,development_only,Inactive_only,False,False
0.95,473,490,1,490,LEPIKAWIEKR,test,0,Inactive,test_only,Inactive_only,False,False
0.95,474,491,1,491,LEQVEFKLNQLLENL,test,0,Inactive,test_only,Inactive_only,False,False
0.95,475,492,1,492,LHDAIHMAADNAV,development,0,Inactive,development_only,Inactive_only,False,False
0.95,476,493,1,493,LKRAEALIHLANAALE,test,0,Inactive,test_only,Inactive_only,False,False
0.95,477,494,1,494,LKYVGMVLNEALRLW,development,0,Inactive,development_only,Inactive_only,False,False
0.95,478,495,1,495,LLNIRREFIEKY,development,0,Inactive,development_only,Inactive_only,False,False
0.95,479,496,1,496,LLPALLQQIGREN,development,0,Inactive,development_only,Inactive_only,False,False
0.95,480,497,1,497,LLTEVETYVLSI,test,0,Inactive,test_only,Inactive_only,False,False
0.95,481,498,1,498,LMEPVREAAGRLADA,development,0,Inactive,development_only,Inactive_only,False,False
0.95,482,499,1,499,LMGHQKKILGSIQTMRAQLT,development,0,Inactive,development_only,Inactive_only,False,False
0.95,483,500,1,500,LNNFSRYFLHQSREETEHAEKLMRLQNQRG,development,0,Inactive,development_only,Inactive_only,False,False
0.95,484,501,1,501,LPEDQELLFQSASLELFVLRLAYRA,test,0,Inactive,test_only,Inactive_only,False,False
0.95,485,502,1,502,LPHFYELFSLWA,development,0,Inactive,development_only,Inactive_only,False,False
0.95,486,503,1,503,LPIHYKLSQEFFLKAYEN,development,0,Inactive,development_only,Inactive_only,False,False
0.95,487,504,1,504,LQAPLQRRILEIGKKH,development,0,Inactive,development_only,Inactive_only,False,False
0.95,488,505,1,505,LQMEFKYLAYLTG,development,0,Inactive,development_only,Inactive_only,False,False
0.95,489,506,1,506,LQNAIIEFYTEYY,development,0,Inactive,development_only,Inactive_only,False,False
0.95,490,507,1,507,LQWYVSEQHEEEALFRGIVDKIKLIG,test,0,Inactive,test_only,Inactive_only,False,False
0.95,491,508,1,508,LREIVENMIKSSLERAIAAY,development,0,Inactive,development_only,Inactive_only,False,False
0.95,492,509,1,509,LRSWFRERLIAHRLASVNL,development,0,Inactive,development_only,Inactive_only,False,False
0.95,493,510,1,510,LRTYFMERLRHYRQLSL,development,0,Inactive,development_only,Inactive_only,False,False
0.95,494,511,1,511,LSTVSNFFMNA,development,0,Inactive,development_only,Inactive_only,False,False
0.95,495,512,1,512,LVGALMHVMQKRSR,test,0,Inactive,test_only,Inactive_only,False,False
0.95,496,513,1,513,LVLPIAQALKVLG,test,0,Inactive,test_only,Inactive_only,False,False
0.95,497,514,1,514,MEALKKQILQI,development,0,Inactive,development_only,Inactive_only,False,False
0.95,498,515,1,515,MEKLNQLWEKAQRLH,development,0,Inactive,development_only,Inactive_only,False,False
0.95,499,516,1,516,MLEEYRKHVAERAAE,test,0,Inactive,test_only,Inactive_only,False,False
0.95,500,517,1,517,MPEVFNYLGIYLTQA,test,0,Inactive,test_only,Inactive_only,False,False
0.95,501,518,1,518,MPGTATHTVKMFS,test,0,Inactive,test_only,Inactive_only,False,False
0.95,502,519,1,519,MPYTDAVVHEVQRYID,test,0,Inactive,test_only,Inactive_only,False,False
0.95,503,520,1,520,MTDQQAEARAF,development,0,Inactive,development_only,Inactive_only,False,False
0.95,504,521,1,521,MVFKQMEQVAQFLKAAEDY,development,0,Inactive,development_only,Inactive_only,False,False
0.95,505,522,1,522,MYSNRMRSYKQEMGKLETDFKRSRI,development,0,Inactive,development_only,Inactive_only,False,False
0.95,506,523,1,523,NAAGWDLLLTLYRSA,development,0,Inactive,development_only,Inactive_only,False,False
0.95,507,524,1,524,NAAQLDALAHALLEIPRFSYATR,development,0,Inactive,development_only,Inactive_only,False,False
0.95,508,525,1,525,NAGQANEFFNEFWS,development,0,Inactive,development_only,Inactive_only,False,False
0.95,509,526,1,526,NAKIARINELAAKAKAGV,development,0,Inactive,development_only,Inactive_only,False,False
0.95,510,527,1,527,NAKYVAEATGNFITVMDALKL,development,0,Inactive,development_only,Inactive_only,False,False
0.95,511,528,1,528,NASRTVGVVAALL,development,0,Inactive,development_only,Inactive_only,False,False
0.95,512,529,1,529,NDAEVKKIAAQYGKD,development,0,Inactive,development_only,Inactive_only,False,False
0.95,513,530,1,530,NDEETVALTAGGHT,development,0,Inactive,development_only,Inactive_only,False,False
0.95,514,531,1,531,NEEVRIEAIIGLSYR,development,0,Inactive,development_only,Inactive_only,False,False
0.95,515,532,1,532,NEQDLGIQYKALKPEVDKLNIMAAKRQQEL,test,0,Inactive,test_only,Inactive_only,False,False
0.95,516,533,1,533,NEYIMSLISDN,development,0,Inactive,development_only,Inactive_only,False,False
0.95,517,534,1,534,NFKDVIETAKKVMNF,test,0,Inactive,test_only,Inactive_only,False,False
0.95,518,535,1,535,NGETFLTELLD,test,0,Inactive,test_only,Inactive_only,False,False
0.95,519,536,1,536,NGLEVVKALAQG,development,0,Inactive,development_only,Inactive_only,False,False
0.95,520,537,1,537,NIDEIERKIDEAIEKE,development,0,Inactive,development_only,Inactive_only,False,False
0.95,521,538,1,538,NIDSYLNAVNIINIFKIIG,test,0,Inactive,test_only,Inactive_only,False,False
0.95,522,539,1,539,NIEQLWRDYNKYEEGIN,development,0,Inactive,development_only,Inactive_only,False,False
0.95,523,540,1,540,NILKQIFKLLQA,development,0,Inactive,development_only,Inactive_only,False,False
0.95,524,541,1,541,NINELFIEISRRI,development,0,Inactive,development_only,Inactive_only,False,False
0.95,525,542,1,542,NIPKHTHRFFILVLEI,development,0,Inactive,development_only,Inactive_only,False,False
0.95,526,543,1,543,NKDQWEERIQVWHEEH,development,0,Inactive,development_only,Inactive_only,False,False
0.95,527,544,1,544,NKEEMMDIVKAIYDMMG,test,0,Inactive,test_only,Inactive_only,False,False
0.95,528,545,1,545,NKLVDRWLHVRKHLLVAYYNLVG,development,0,Inactive,development_only,Inactive_only,False,False
0.95,529,546,1,546,NKQADSIKQMEERNKKRVENFKKTG,test,0,Inactive,test_only,Inactive_only,False,False
0.95,530,547,1,547,NKRAVDWAMRAAMAL,development,0,Inactive,development_only,Inactive_only,False,False
0.95,531,548,1,548,NKSVGAVYAILYLS,development,0,Inactive,development_only,Inactive_only,False,False
0.95,532,549,1,549,NLDSIQEELADVIAWTVSIANLEG,development,0,Inactive,development_only,Inactive_only,False,False
0.95,533,550,1,550,NLEQTARRWLEERG,development,0,Inactive,development_only,Inactive_only,False,False
0.95,534,551,1,551,NLESEIHTVLKHLVENN,development,0,Inactive,development_only,Inactive_only,False,False
0.95,535,552,1,552,NLFDHFSAVAQRL,development,0,Inactive,development_only,Inactive_only,False,False
0.95,536,553,1,553,NLFPIVFGVIFDA,development,0,Inactive,development_only,Inactive_only,False,False
0.95,537,554,1,554,NLLYDIVKENG,test,0,Inactive,test_only,Inactive_only,False,False
0.95,538,555,1,555,NLNQSIDNFVNMAFFA,development,0,Inactive,development_only,Inactive_only,False,False
0.95,539,556,1,556,NLSTLAALVAAAG,development,0,Inactive,development_only,Inactive_only,False,False
0.95,540,557,1,557,NLTQLKASFAVQ,development,0,Inactive,development_only,Inactive_only,False,False
0.95,541,558,1,558,NLVADMRFNVVRESEARLQVSRLYS,development,0,Inactive,development_only,Inactive_only,False,False
0.95,542,559,1,559,NNAITKGFTALEKLLV,development,0,Inactive,development_only,Inactive_only,False,False
0.95,543,560,1,560,NPAAEKMQVLQVLDRLRGKLQEKG,development,0,Inactive,development_only,Inactive_only,False,False
0.95,544,561,1,561,NPAQYLAQHEQLL,development,0,Inactive,development_only,Inactive_only,False,False
0.95,545,562,1,562,NPARALYQTVRELIENSLDA,test,0,Inactive,test_only,Inactive_only,False,False
0.95,546,563,1,563,NPEILLARVKRFLERE,test,0,Inactive,test_only,Inactive_only,False,False
0.95,547,564,1,564,NPERVLLQLKYRYDVEI,development,0,Inactive,development_only,Inactive_only,False,False
0.95,548,565,1,565,NPGQAIWLGEFSKRH,development,0,Inactive,development_only,Inactive_only,False,False
0.95,549,566,1,566,NPMIIEGQIHGGLTEGYAVAMG,development,0,Inactive,development_only,Inactive_only,False,False
0.95,550,567,1,567,NPQVLADIGAEAT,test,0,Inactive,test_only,Inactive_only,False,False
0.95,551,568,1,568,NPRWIGRHKHMFNFLD,development,0,Inactive,development_only,Inactive_only,False,False
0.95,552,569,1,569,NPVLQQHFRNLEALAL,test,0,Inactive,test_only,Inactive_only,False,False
0.95,553,570,1,570,NQDELEGYNLFKGSG,test,0,Inactive,test_only,Inactive_only,False,False
0.95,554,571,1,571,NQPFALEMIKSRQKKD,development,0,Inactive,development_only,Inactive_only,False,False
0.95,555,572,1,572,NQRALLKSLQDYRQHLDQLITLISN,development,0,Inactive,development_only,Inactive_only,False,False
0.95,556,573,1,573,NREANLQALIATG,test,0,Inactive,test_only,Inactive_only,False,False
0.95,557,574,1,574,NRKMAMGRKKFNMD,development,0,Inactive,development_only,Inactive_only,False,False
0.95,558,575,1,575,NSDQDAGIAIIRRAL,development,0,Inactive,development_only,Inactive_only,False,False
0.95,559,576,1,576,NSNHQMLLVQQAEDKIKELLNT,test,0,Inactive,test_only,Inactive_only,False,False
0.95,560,577,1,577,NSNTFLTRLLVHM,development,0,Inactive,development_only,Inactive_only,False,False
0.95,561,578,1,578,NSREREMFVQEVRRYY,test,0,Inactive,test_only,Inactive_only,False,False
0.95,562,579,1,579,NSSDSIDWLTSM,development,0,Inactive,development_only,Inactive_only,False,False
0.95,563,580,1,580,NSVLRAVAEVYA,test,0,Inactive,test_only,Inactive_only,False,False
0.95,564,581,1,581,NTDTLERVTEIFKALG,test,0,Inactive,test_only,Inactive_only,False,False
0.95,565,582,1,582,NTEKLLKTVPIIQNQMDALLD,development,0,Inactive,development_only,Inactive_only,False,False
0.95,566,583,1,583,NTPEAYSVLFDMAREVNRLKAED,development,0,Inactive,development_only,Inactive_only,False,False
0.95,567,584,1,584,NVGKAWAEDVLALVKH,development,0,Inactive,development_only,Inactive_only,False,False
0.95,568,585,1,585,NVKDLADAAKRT,development,0,Inactive,development_only,Inactive_only,False,False
0.95,569,586,1,586,NVKDVTKLVAN,development,0,Inactive,development_only,Inactive_only,False,False
0.95,570,587,1,587,NWDDMEKIWHHTFYN,development,0,Inactive,development_only,Inactive_only,False,False
0.95,571,588,1,588,NYAHLNRGIALYYG,development,0,Inactive,development_only,Inactive_only,False,False
0.95,572,589,1,589,NYEEIYILNHILR,development,0,Inactive,development_only,Inactive_only,False,False
0.95,573,590,1,590,NYEKFSETKERLLEKF,development,0,Inactive,development_only,Inactive_only,False,False
0.95,574,591,1,591,PAERYYRDARIT,development,0,Inactive,development_only,Inactive_only,False,False
0.95,575,592,1,592,PALDILKALVDNLYVEN,development,0,Inactive,development_only,Inactive_only,False,False
0.95,576,593,1,593,PATSRKIFKYIRELDE,development,0,Inactive,development_only,Inactive_only,False,False
0.95,577,594,1,594,PDEVSALRRTTEKNTTTLINLAKQH,development,0,Inactive,development_only,Inactive_only,False,False
0.95,578,595,1,595,PDFRKAFKRLL,development,0,Inactive,development_only,Inactive_only,False,False
0.95,579,596,1,596,PDIKAQYQQRWL,development,0,Inactive,development_only,Inactive_only,False,False
0.95,580,597,1,597,PDYREVMETFQE,development,0,Inactive,development_only,Inactive_only,False,False
0.95,581,598,1,598,PEALTVAATEVRRIRDRAIQSDAQVAPMTT,development,0,Inactive,development_only,Inactive_only,False,False
0.95,582,599,1,599,PEDFANHLFTVFD,development,0,Inactive,development_only,Inactive_only,False,False
0.95,583,600,1,600,PEKEAVTLGIKALKSSL,test,0,Inactive,test_only,Inactive_only,False,False
0.95,584,601,1,601,PEVQIAILTEQINNLNEHLRV,development,0,Inactive,development_only,Inactive_only,False,False
0.95,585,602,1,602,PEYEHLYTELTGTIVLLIES,test,0,Inactive,test_only,Inactive_only,False,False
0.95,586,603,1,603,PGLRRAWKRLQ,development,0,Inactive,development_only,Inactive_only,False,False
0.95,587,604,1,604,PGRIQRVARGS,development,0,Inactive,development_only,Inactive_only,False,False
0.95,588,605,1,605,PIAFIHKAI,development,0,Inactive,development_only,Inactive_only,False,False
0.95,589,606,1,606,PIDIDYMISDTLELLR,development,0,Inactive,development_only,Inactive_only,False,False
0.95,590,607,1,607,PIEAFLRLNEELEERG,development,0,Inactive,development_only,Inactive_only,False,False
0.95,591,608,1,608,PIKFIRKA,test,0,Inactive,test_only,Inactive_only,False,False
0.95,592,609,1,609,PKAYAQHVFRS,development,0,Inactive,development_only,Inactive_only,False,False
0.95,593,610,1,610,PKPLVSFFQSLLQLVNHDLLEQQN,development,0,Inactive,development_only,Inactive_only,False,False
0.95,594,611,1,611,PLEELFLEQLEA,development,0,Inactive,development_only,Inactive_only,False,False
0.95,595,612,1,612,PLGRLIHMVNQKKDRLLNEYLS,development,0,Inactive,development_only,Inactive_only,False,False
0.95,596,613,1,613,PLTKGILGFVFTLT,development,0,Inactive,development_only,Inactive_only,False,False
0.95,597,614,1,614,PNDMSRIFNIVKESL,test,0,Inactive,test_only,Inactive_only,False,False
0.95,598,615,1,615,PNGPTHAPWLLAHKIQ,test,0,Inactive,test_only,Inactive_only,False,False
0.95,599,616,1,616,PQHERDVIYEEES,development,0,Inactive,development_only,Inactive_only,False,False
0.95,600,617,1,617,PQSYAMAIARQESA,development,0,Inactive,development_only,Inactive_only,False,False
0.95,601,618,1,618,PQYALELLTVYAWEQGS,development,0,Inactive,development_only,Inactive_only,False,False
0.95,602,619,1,619,PQYSQARVMLVKTISMISIVDDTFDA,development,0,Inactive,development_only,Inactive_only,False,False
0.95,603,620,1,620,PRESFAVLASALALMAAVFERLAVEIRELS,development,0,Inactive,development_only,Inactive_only,False,False
0.95,604,621,1,621,PRRQQSLALRWLVQAANQ,development,0,Inactive,development_only,Inactive_only,False,False
0.95,605,622,1,622,PSALIDQEINVLRQQAAQRF,development,0,Inactive,development_only,Inactive_only,False,False
0.95,606,623,1,623,PSDQQNEMVRE,development,0,Inactive,development_only,Inactive_only,False,False
0.95,607,624,1,624,PSFFRLHKYMDNIFKKHTD,development,0,Inactive,development_only,Inactive_only,False,False
0.95,608,625,1,625,PSSQIVGTQAVFNVMMG,development,0,Inactive,development_only,Inactive_only,False,False
0.95,609,626,1,626,PSVVANTVKGG,test,0,Inactive,test_only,Inactive_only,False,False
0.95,610,627,1,627,PTKEREQVIAHLGL,development,0,Inactive,development_only,Inactive_only,False,False
0.95,611,628,1,628,PTLLDLFAEDIGHANQLLQLVDEEFQALER,development,0,Inactive,development_only,Inactive_only,False,False
0.95,612,629,1,629,PVSDTMDMLTKL,development,0,Inactive,development_only,Inactive_only,False,False
0.95,613,630,1,630,PWTQRFFESFG,development,0,Inactive,development_only,Inactive_only,False,False
0.95,614,631,1,631,QAGNYASMFWLT,development,0,Inactive,development_only,Inactive_only,False,False
0.95,615,632,1,632,QAKEVLKQHFEKS,development,0,Inactive,development_only,Inactive_only,False,False
0.95,616,633,1,633,QARVWVARAVSEHQRFTA,development,0,Inactive,development_only,Inactive_only,False,False
0.95,617,634,1,634,QASTGSLLNILR,test,0,Inactive,test_only,Inactive_only,False,False
0.95,618,635,1,635,QDDVLEALSAAVR,development,0,Inactive,development_only,Inactive_only,False,False
0.95,619,636,1,636,QDELVWGAYWLYKAT,development,0,Inactive,development_only,Inactive_only,False,False
0.95,620,637,1,637,QDLLDRVLAAHAYWSQ,development,0,Inactive,development_only,Inactive_only,False,False
0.95,621,638,1,638,QEWVELMVEAKE,development,0,Inactive,development_only,Inactive_only,False,False
0.95,622,639,1,639,QFRRGANFKFELGEILEND,development,0,Inactive,development_only,Inactive_only,False,False
0.95,623,640,1,640,QFSRQMLDRKLLLG,development,0,Inactive,development_only,Inactive_only,False,False
0.95,624,641,1,641,QGLAEKIFWSLK,test,0,Inactive,test_only,Inactive_only,False,False
0.95,625,642,1,642,QHLAKLEMKIFFEEL,development,0,Inactive,development_only,Inactive_only,False,False
0.95,626,643,1,643,QIKQTNAGAVYRLIDQLG,development,0,Inactive,development_only,Inactive_only,False,False
0.95,627,644,1,644,QINEMHLLIQQAR,development,0,Inactive,development_only,Inactive_only,False,False
0.95,628,645,1,645,QIPRIAREKIRGLTEYF,development,0,Inactive,development_only,Inactive_only,False,False
0.95,629,646,1,646,QLEESMLYSLN,development,0,Inactive,development_only,Inactive_only,False,False
0.95,630,647,1,647,QLLRGVGAAATAVTQALNELLQHVKA,test,0,Inactive,test_only,Inactive_only,False,False
0.95,631,648,1,648,QLVDRLDQSWQYYQDRLMA,development,0,Inactive,development_only,Inactive_only,False,False
0.95,632,649,1,649,QLVSFLIRLLKVWIRVVI,development,0,Inactive,development_only,Inactive_only,False,False
0.95,633,650,1,650,QMSFWGATVITGLFG,development,0,Inactive,development_only,Inactive_only,False,False
0.95,634,651,1,651,QPNAILEKVFTA,development,0,Inactive,development_only,Inactive_only,False,False
0.95,635,652,1,652,QRAFLKLYMITMTE,development,0,Inactive,development_only,Inactive_only,False,False
0.95,636,653,1,653,QTREHLLLARQI,development,0,Inactive,development_only,Inactive_only,False,False
0.95,637,654,1,654,QVIAKWGAWVKRIEAKFRSL,development,0,Inactive,development_only,Inactive_only,False,False
0.95,638,655,1,655,QVIEVLNKQVADWSVLFTKLHNFHWYV,development,0,Inactive,development_only,Inactive_only,False,False
0.95,639,656,1,656,QVTQELRALMDETMKELKAYKSELEE,development,0,Inactive,development_only,Inactive_only,False,False
0.95,640,657,1,657,RAAAIEQLKIWGERVG,test,0,Inactive,test_only,Inactive_only,False,False
0.95,641,658,1,658,RDIPELAQLQSEILDAIW,development,0,Inactive,development_only,Inactive_only,False,False
0.95,642,659,1,659,REEEKEALRFAEAQ,development,0,Inactive,development_only,Inactive_only,False,False
0.95,643,660,1,660,REEIYQAFEAIYPVLSEF,development,0,Inactive,development_only,Inactive_only,False,False
0.95,644,661,1,661,REGFLSPLKAYLI,development,0,Inactive,development_only,Inactive_only,False,False
0.95,645,662,1,662,RFESAVETLLDIESQLEDL,development,0,Inactive,development_only,Inactive_only,False,False
0.95,646,663,1,663,RFLIRVYHPLLLKVL,test,0,Inactive,test_only,Inactive_only,False,False
0.95,647,664,1,664,RFLKRVQPLVNRWLLLI,development,0,Inactive,development_only,Inactive_only,False,False
0.95,648,665,1,665,RFSGKVREDLTKIVWVFFW,development,0,Inactive,development_only,Inactive_only,False,False
0.95,649,666,1,666,RFVPRWRTVVGQFKRDILVIFLW,development,0,Inactive,development_only,Inactive_only,False,False
0.95,650,667,1,667,RGEQMKGHAATIEDQVRRMIA,development,0,Inactive,development_only,Inactive_only,False,False
0.95,651,668,1,668,RGFRGWWLASTILLLVAEK,development,0,Inactive,development_only,Inactive_only,False,False
0.95,652,669,1,669,RGQLIREAYED,development,0,Inactive,development_only,Inactive_only,False,False
0.95,653,670,1,670,RHSDNINKFLDFIHGI,development,0,Inactive,development_only,Inactive_only,False,False
0.95,654,671,1,671,RIENGLRKRLQSIYRHLEE,test,0,Inactive,test_only,Inactive_only,False,False
0.95,655,672,1,672,RILKNFDSWWGKVIVIL,development,0,Inactive,development_only,Inactive_only,False,False
0.95,656,673,1,673,RILQWIIRLLLIVWW,development,0,Inactive,development_only,Inactive_only,False,False
0.95,657,674,1,674,RIWARLQGVFRVVFWL,development,0,Inactive,development_only,Inactive_only,False,False
0.95,658,675,1,675,RKQSLEQDLQFYYG,test,0,Inactive,test_only,Inactive_only,False,False
0.95,659,676,1,676,RLDEAEASARSGIEVL,development,0,Inactive,development_only,Inactive_only,False,False
0.95,660,677,1,677,RLFEQASRLAEHY,development,0,Inactive,development_only,Inactive_only,False,False
0.95,661,678,1,678,RLKSGWRDALKQIVFFFFL,development,0,Inactive,development_only,Inactive_only,False,False
0.95,662,679,1,679,RLLGKWSAILKNVRFFFFWL,test,0,Inactive,test_only,Inactive_only,False,False
0.95,663,680,1,680,RLVVLEALTNFLNH,development,0,Inactive,development_only,Inactive_only,False,False
0.95,664,681,1,681,RLWTQWQAIVQEIRFLWLLL,development,0,Inactive,development_only,Inactive_only,False,False
0.95,665,682,1,682,RMDEVRTLQENLRQLQDEYDQQQT,development,0,Inactive,development_only,Inactive_only,False,False
0.95,666,683,1,683,RNEVVSLMQANG,development,0,Inactive,development_only,Inactive_only,False,False
0.95,667,684,1,684,RPEDKSKIVAEIR,development,0,Inactive,development_only,Inactive_only,False,False
0.95,668,685,1,685,RPEVQDALSAE,development,0,Inactive,development_only,Inactive_only,False,False
0.95,669,686,1,686,RPQLRNLLHEK,development,0,Inactive,development_only,Inactive_only,False,False
0.95,670,687,1,687,RPRIIAAIWHYVKAR,development,0,Inactive,development_only,Inactive_only,False,False
0.95,671,688,1,688,RRQELEEFSAALARR,development,0,Inactive,development_only,Inactive_only,False,False
0.95,672,689,1,689,RVIEGIKNVIPKLLTWWP,development,0,Inactive,development_only,Inactive_only,False,False
0.95,673,690,1,690,RVNAAIPNIIV,development,0,Inactive,development_only,Inactive_only,False,False
0.95,674,691,1,691,RVWRWIVKWWLFV,development,0,Inactive,development_only,Inactive_only,False,False
0.95,675,692,1,692,RYGWRTAVDYSWFG,development,0,Inactive,development_only,Inactive_only,False,False
0.95,676,693,1,693,SAATADFVAMTAMAARIF,development,0,Inactive,development_only,Inactive_only,False,False
0.95,677,694,1,694,SAAWAEWQKAR,test,0,Inactive,test_only,Inactive_only,False,False
0.95,678,695,1,695,SAEEMVQTLVNDYSALIQELKEGMEVAGEA,development,0,Inactive,development_only,Inactive_only,False,False
0.95,679,696,1,696,SANNIIEEIQMQK,development,0,Inactive,development_only,Inactive_only,False,False
0.95,680,697,1,697,SASSQNAWLAANRN,development,0,Inactive,development_only,Inactive_only,False,False
0.95,681,698,1,698,SAVKVLAEESK,development,0,Inactive,development_only,Inactive_only,False,False
0.95,682,699,1,699,SDEFNTVADNLVTFGDSFLQVILDHI,development,0,Inactive,development_only,Inactive_only,False,False
0.95,683,700,1,700,SDELSRAWEVAYDELAAAIK,development,0,Inactive,development_only,Inactive_only,False,False
0.95,684,701,1,701,SDIFNKNMRAHALEK,test,0,Inactive,test_only,Inactive_only,False,False
0.95,685,702,1,702,SDIKKLGSSWIINWFFG,development,0,Inactive,development_only,Inactive_only,False,False
0.95,686,703,1,703,SDSEISTILSDVVTNER,development,0,Inactive,development_only,Inactive_only,False,False
0.95,687,704,1,704,SDWYLKGRLTSLESQFINALGILET,test,0,Inactive,test_only,Inactive_only,False,False
0.95,688,705,1,705,SEAAKAYMKGLEYQMSGNEQWSKT,test,0,Inactive,test_only,Inactive_only,False,False
0.95,689,706,1,706,SEEEENNVIEQAKEEIKEAIKKADET,development,0,Inactive,development_only,Inactive_only,False,False
0.95,690,707,1,707,SEELNSAWTIAYDELAIVIKKEMDDA,development,0,Inactive,development_only,Inactive_only,False,False
0.95,691,708,1,708,SEERIRSGVKRLSKSRQ,test,0,Inactive,test_only,Inactive_only,False,False
0.95,692,709,1,709,SEEVLAMVSRKM,development,0,Inactive,development_only,Inactive_only,False,False
0.95,693,710,1,710,SEEYIQLLKKLI,development,0,Inactive,development_only,Inactive_only,False,False
0.95,694,711,1,711,SEREAVEIIKKN,development,0,Inactive,development_only,Inactive_only,False,False
0.95,695,712,1,712,SESAVSHQLRSLRNL,development,0,Inactive,development_only,Inactive_only,False,False
0.95,696,713,1,713,SESKLIEQAFR,test,0,Inactive,test_only,Inactive_only,False,False
0.95,697,714,1,714,SFADFKAQFTDAAIKN,development,0,Inactive,development_only,Inactive_only,False,False
0.95,698,715,1,715,SFDRVMNAIEEN,development,0,Inactive,development_only,Inactive_only,False,False
0.95,699,716,1,716,SFSRIISELGTRD,development,0,Inactive,development_only,Inactive_only,False,False
0.95,700,717,1,717,SGARRVRIAQTLTEN,development,0,Inactive,development_only,Inactive_only,False,False
0.95,701,718,1,718,SGDELYELLQHILKQRDHHHHH,development,0,Inactive,development_only,Inactive_only,False,False
0.95,702,719,1,719,SGPAYVFYLLDALQNAAIRQ,development,0,Inactive,development_only,Inactive_only,False,False
0.95,703,720,1,720,SGRFWKLYIEAEIKA,test,0,Inactive,test_only,Inactive_only,False,False
0.95,704,721,1,721,SGTIKAAHEVLMEMG,development,0,Inactive,development_only,Inactive_only,False,False
0.95,705,722,1,722,SHAQDIYKEAFNSAWDQY,development,0,Inactive,development_only,Inactive_only,False,False
0.95,706,723,1,723,SIDEKYEAEVKKSEIDHHK,test,0,Inactive,test_only,Inactive_only,False,False
0.95,707,724,1,724,SIERLLEMESL,test,0,Inactive,test_only,Inactive_only,False,False
0.95,708,725,1,725,SIPHLANLLIERSQ,development,0,Inactive,development_only,Inactive_only,False,False
0.95,709,726,1,726,SISRYKTIEWLNYIATEL,development,0,Inactive,development_only,Inactive_only,False,False
0.95,710,727,1,727,SKDALMLEAFEQLLGKRRELLGE,development,0,Inactive,development_only,Inactive_only,False,False
0.95,711,728,1,728,SKDLAQTSYFMATNSLHLT,test,0,Inactive,test_only,Inactive_only,False,False
0.95,712,729,1,729,SKEDIDTAMKLGAG,development,0,Inactive,development_only,Inactive_only,False,False
0.95,713,730,1,730,SKEDVERVKLRINLARNWVKKY,test,0,Inactive,test_only,Inactive_only,False,False
0.95,714,731,1,731,SKEEQRDYVFYLAVGNYRL,development,0,Inactive,development_only,Inactive_only,False,False
0.95,715,732,1,732,SKIQKELVAIMN,development,0,Inactive,development_only,Inactive_only,False,False
0.95,716,733,1,733,SKPIQNVESGFIFALVS,development,0,Inactive,development_only,Inactive_only,False,False
0.95,717,734,1,734,SKYLKSLLSLM,development,0,Inactive,development_only,Inactive_only,False,False
0.95,718,735,1,735,SKYRLTVVVAKRAQQLLRH,test,0,Inactive,test_only,Inactive_only,False,False
0.95,719,736,1,736,SLAEALGWLFVSEGS,test,0,Inactive,test_only,Inactive_only,False,False
0.95,720,737,1,737,SLEQQFSIRSFATQVQNM,development,0,Inactive,development_only,Inactive_only,False,False
0.95,721,738,1,738,SLESLIDMITSI,development,0,Inactive,development_only,Inactive_only,False,False
0.95,722,739,1,739,SLKDQLALAIGKLG,development,0,Inactive,development_only,Inactive_only,False,False
0.95,723,740,1,740,SLLPTLSAIAEL,development,0,Inactive,development_only,Inactive_only,False,False
0.95,724,741,1,741,SLPEMFDKMRPYYEESKKRVKE,development,0,Inactive,development_only,Inactive_only,False,False
0.95,725,742,1,742,SMDHRIERLEYYIQLLVK,test,0,Inactive,test_only,Inactive_only,False,False
0.95,726,743,1,743,SNEQRQDIAFAYQRRTK,development,0,Inactive,development_only,Inactive_only,False,False
0.95,727,744,1,744,SNEVMRILISRSLLQE,test,0,Inactive,test_only,Inactive_only,False,False
0.95,728,745,1,745,SNTELQAVDGRFKRAVASMEAARALTNN,development,0,Inactive,development_only,Inactive_only,False,False
0.95,729,746,1,746,SPAEVRDLDFANDASKVLGSIAGKLEK,development,0,Inactive,development_only,Inactive_only,False,False
0.95,730,747,1,747,SPAQAEALGVWRRYRAYFDA,development,0,Inactive,development_only,Inactive_only,False,False
0.95,731,748,1,748,SPAVIDYVNRLEEIRDNV,development,0,Inactive,development_only,Inactive_only,False,False
0.95,732,749,1,749,SPAVQMKIKELYRRR,test,0,Inactive,test_only,Inactive_only,False,False
0.95,733,750,1,750,SPEEAAALVDGLR,development,0,Inactive,development_only,Inactive_only,False,False
0.95,734,751,1,751,SPEEKEEWMKSIKASISR,development,0,Inactive,development_only,Inactive_only,False,False
0.95,735,752,1,752,SPEHRQELIER,development,0,Inactive,development_only,Inactive_only,False,False
0.95,736,753,1,753,SPEIASGLKKLIRE,development,0,Inactive,development_only,Inactive_only,False,False
0.95,737,754,1,754,SPEQMQVLLDQAG,development,0,Inactive,development_only,Inactive_only,False,False
0.95,738,755,1,755,SPEVVVARGEQE,development,0,Inactive,development_only,Inactive_only,False,False
0.95,739,756,1,756,SPKEAYAYLEKLRSIIQYTG,development,0,Inactive,development_only,Inactive_only,False,False
0.95,740,757,1,757,SPKESEVLRLFAEG,development,0,Inactive,development_only,Inactive_only,False,False
0.95,741,758,1,758,SPKSTYSYWASVLN,development,0,Inactive,development_only,Inactive_only,False,False
0.95,742,759,1,759,SPSKSLQMILRRALGDFENMLAD,development,0,Inactive,development_only,Inactive_only,False,False
0.95,743,760,1,760,SPVVIKKRIEGLIER,test,0,Inactive,test_only,Inactive_only,False,False
0.95,744,761,1,761,SQESINQLVYMG,development,0,Inactive,development_only,Inactive_only,False,False
0.95,745,762,1,762,SQRQRDELNRAIADYLRSN,development,0,Inactive,development_only,Inactive_only,False,False
0.95,746,763,1,763,SRAITQYIAHR,development,0,Inactive,development_only,Inactive_only,False,False
0.95,747,764,1,764,SRAKASFDTRVAAAELALNR,development,0,Inactive,development_only,Inactive_only,False,False
0.95,748,765,1,765,SRDLQEKYERHMEKLIELANKEVERT,development,0,Inactive,development_only,Inactive_only,False,False
0.95,749,766,1,766,SRKALTEGNIMAVQAMAYFKELIQKRKRH,development,0,Inactive,development_only,Inactive_only,False,False
0.95,750,767,1,767,SRPLHISTFINELDSGFRLL,development,0,Inactive,development_only,Inactive_only,False,False
0.95,751,768,1,768,SRWGVLILVAL,development,0,Inactive,development_only,Inactive_only,False,False
0.95,752,769,1,769,SSAVSRIISKLKQ,development,0,Inactive,development_only,Inactive_only,False,False
0.95,753,770,1,770,SSQNWQRFYQLTKLLDSMHEVVENLL,development,0,Inactive,development_only,Inactive_only,False,False
0.95,754,771,1,771,SSREWFSTLYRLFIG,test,0,Inactive,test_only,Inactive_only,False,False
0.95,755,772,1,772,STATFYDAKKFLIQE,development,0,Inactive,development_only,Inactive_only,False,False
0.95,756,773,1,773,STEVVALSRLQGSLQDMLWQLDLS,development,0,Inactive,development_only,Inactive_only,False,False
0.95,757,774,1,774,STLVQTPALRAVGNIV,development,0,Inactive,development_only,Inactive_only,False,False
0.95,758,775,1,775,STLVSVAVALAAYKTG,development,0,Inactive,development_only,Inactive_only,False,False
0.95,759,776,1,776,SVADHSYRVAFITLLLAEELKKK,test,0,Inactive,test_only,Inactive_only,False,False
0.95,760,777,1,777,SVEGLQEFVKNLVGYYI,development,0,Inactive,development_only,Inactive_only,False,False
0.95,761,778,1,778,SVEKKVPLLHNFHSFL,development,0,Inactive,development_only,Inactive_only,False,False
0.95,762,779,1,779,SVEVAELWSTFMQKWIAYTAAVIDAERDR,development,0,Inactive,development_only,Inactive_only,False,False
0.95,763,780,1,780,SVLENHHLAVGFKL,development,0,Inactive,development_only,Inactive_only,False,False
0.95,764,781,1,781,SVNSEIYQRVMESFKKEG,development,0,Inactive,development_only,Inactive_only,False,False
0.95,765,782,1,782,SVPYFIENLKQHIEMN,development,0,Inactive,development_only,Inactive_only,False,False
0.95,766,783,1,783,SVRKVFHLVRIKQVAWANEG,development,0,Inactive,development_only,Inactive_only,False,False
0.95,767,784,1,784,SVSRAAITAAY,development,0,Inactive,development_only,Inactive_only,False,False
0.95,768,785,1,785,SVSSIKQAVDFLSNE,development,0,Inactive,development_only,Inactive_only,False,False
0.95,769,786,1,786,SVTELITKAVSA,development,0,Inactive,development_only,Inactive_only,False,False
0.95,770,787,1,787,SVTKILQRFEDAGG,development,0,Inactive,development_only,Inactive_only,False,False
0.95,771,788,1,788,SVWASISSYLDELTEGL,development,0,Inactive,development_only,Inactive_only,False,False
0.95,772,789,1,789,SWQSLKDRYLKHL,development,0,Inactive,development_only,Inactive_only,False,False
0.95,773,790,1,790,SYKDLFLELYGKIKD,development,0,Inactive,development_only,Inactive_only,False,False
0.95,774,791,1,791,TAAQELMIQQLVAAQLQ,development,0,Inactive,development_only,Inactive_only,False,False
0.95,775,792,1,792,TAEQRREMLEAKRKQIINFISRN,development,0,Inactive,development_only,Inactive_only,False,False
0.95,776,793,1,793,TAESFYNQGIRLSFEQWG,development,0,Inactive,development_only,Inactive_only,False,False
0.95,777,794,1,794,TAHEAVLDFLTGRVEVFT,development,0,Inactive,development_only,Inactive_only,False,False
0.95,778,795,1,795,TAKQIQAAYLLVENELM,development,0,Inactive,development_only,Inactive_only,False,False
0.95,779,796,1,796,TAPEMTALVGGMRVLG,development,0,Inactive,development_only,Inactive_only,False,False
0.95,780,797,1,797,TDAEAKQLAQWILS,development,0,Inactive,development_only,Inactive_only,False,False
0.95,781,798,1,798,TDKQFENRLNDNLEELIQ,development,0,Inactive,development_only,Inactive_only,False,False
0.95,782,799,1,799,TDLEILALLIAALSH,development,0,Inactive,development_only,Inactive_only,False,False
0.95,783,800,1,800,TDQQKVSEIFQSSKEKLQGDAKVVSDAFK,test,0,Inactive,test_only,Inactive_only,False,False
0.95,784,801,1,801,TEAKKEELLRKLNILEVF,development,0,Inactive,development_only,Inactive_only,False,False
0.95,785,802,1,802,TEEEMLQAAHITAKLAQAAET,development,0,Inactive,development_only,Inactive_only,False,False
0.95,786,803,1,803,TEKGKEIFGEILSNFESLLKSVLEK,development,0,Inactive,development_only,Inactive_only,False,False
0.95,787,804,1,804,TEQDIIDLKFAIAD,development,0,Inactive,development_only,Inactive_only,False,False
0.95,788,805,1,805,TEQNFQLAKQIQSQWKEFG,development,0,Inactive,development_only,Inactive_only,False,False
0.95,789,806,1,806,TEREQALAAYAEKLTRH,test,0,Inactive,test_only,Inactive_only,False,False
0.95,790,807,1,807,TESMKTVRIREKIKKFL,test,0,Inactive,test_only,Inactive_only,False,False
0.95,791,808,1,808,TETQIRELLFDLELAYKSFYALL,development,0,Inactive,development_only,Inactive_only,False,False
0.95,792,809,1,809,TEVYQILNRVS,development,0,Inactive,development_only,Inactive_only,False,False
0.95,793,810,1,810,TFPDKALKGKKSIENIVV,development,0,Inactive,development_only,Inactive_only,False,False
0.95,794,811,1,811,TFPEWHRLYTVQFEDALRRH,development,0,Inactive,development_only,Inactive_only,False,False
0.95,795,812,1,812,TFPNWHRLLTKQMEDALVAK,development,0,Inactive,development_only,Inactive_only,False,False
0.95,796,813,1,813,TFSQVLDDLSARFI,development,0,Inactive,development_only,Inactive_only,False,False
0.95,797,814,1,814,TGALRTQYDVSLMTVKS,development,0,Inactive,development_only,Inactive_only,False,False
0.95,798,815,1,815,THAEMLHALKERY,development,0,Inactive,development_only,Inactive_only,False,False
0.95,799,816,1,816,THNKLLKNVAFMKSYILEKVKEHQES,development,0,Inactive,development_only,Inactive_only,False,False
0.95,800,817,1,817,TIEEFHSKLQEATN,test,0,Inactive,test_only,Inactive_only,False,False
0.95,801,818,1,818,TIQSRFNYAWGLIKS,development,0,Inactive,development_only,Inactive_only,False,False
0.95,802,819,1,819,TISLGVSIAHVMEAVE,development,0,Inactive,development_only,Inactive_only,False,False
0.95,803,820,1,820,TITEMVFLAEVYKSGG,development,0,Inactive,development_only,Inactive_only,False,False
0.95,804,821,1,821,TIVELVVRVWRWFLVIWVLW,development,0,Inactive,development_only,Inactive_only,False,False
0.95,805,822,1,822,TKDEFMSGEPIFTKYFQNLV,development,0,Inactive,development_only,Inactive_only,False,False
0.95,806,823,1,823,TKDEQVEGLLA,development,0,Inactive,development_only,Inactive_only,False,False
0.95,807,824,1,824,TKGEREMIVVATSAAN,test,0,Inactive,test_only,Inactive_only,False,False
0.95,808,825,1,825,TKIWLNAARRTGKVPARIRKL,development,0,Inactive,development_only,Inactive_only,False,False
0.95,809,826,1,826,TLDQMRSRLAYDG,development,0,Inactive,development_only,Inactive_only,False,False
0.95,810,827,1,827,TLEDYVRYVTLDM,development,0,Inactive,development_only,Inactive_only,False,False
0.95,811,828,1,828,TLIREWGDAVFDIF,development,0,Inactive,development_only,Inactive_only,False,False
0.95,812,829,1,829,TMEGKFKAVAEDVAQRYMT,development,0,Inactive,development_only,Inactive_only,False,False
0.95,813,830,1,830,TMVQAITDALRIELKND,development,0,Inactive,development_only,Inactive_only,False,False
0.95,814,831,1,831,TNDEIFSILKD,development,0,Inactive,development_only,Inactive_only,False,False
0.95,815,832,1,832,TPAKALKSAIHVAYILKK,development,0,Inactive,development_only,Inactive_only,False,False
0.95,816,833,1,833,TPDQQTLLHFIMDSYN,development,0,Inactive,development_only,Inactive_only,False,False
0.95,817,834,1,834,TPEEVKKHYEILVEDIKYIESG,development,0,Inactive,development_only,Inactive_only,False,False
0.95,818,835,1,835,TPEEYQTYVAQVDK,development,0,Inactive,development_only,Inactive_only,False,False
0.95,819,836,1,836,TPEKMGEMAQKFRE,development,0,Inactive,development_only,Inactive_only,False,False
0.95,820,837,1,837,TPEKRVDRIFAMMD,test,0,Inactive,test_only,Inactive_only,False,False
0.95,821,838,1,838,TPERLEKLVKEVL,development,0,Inactive,development_only,Inactive_only,False,False
0.95,822,839,1,839,TPETITHYLETVNHAM,development,0,Inactive,development_only,Inactive_only,False,False
0.95,823,840,1,840,TPEVVKERLLS,development,0,Inactive,development_only,Inactive_only,False,False
0.95,824,841,1,841,TPLGIGITDYYIR,development,0,Inactive,development_only,Inactive_only,False,False
0.95,825,842,1,842,TPQDIADRERIFKRFD,development,0,Inactive,development_only,Inactive_only,False,False
0.95,826,843,1,843,TPSDIKELRDAMAKVQAD,development,0,Inactive,development_only,Inactive_only,False,False
0.95,827,844,1,844,TPVYRTAIRYYLQMLF,development,0,Inactive,development_only,Inactive_only,False,False
0.95,828,845,1,845,TPWSKGFLASSYASR,development,0,Inactive,development_only,Inactive_only,False,False
0.95,829,846,1,846,TPYDAKGLLISAIRD,development,0,Inactive,development_only,Inactive_only,False,False
0.95,830,847,1,847,TQAQETQGQAAARAAAADLAAG,development,0,Inactive,development_only,Inactive_only,False,False
0.95,831,848,1,848,TQDLRSHLVHKLVQAIF,test,0,Inactive,test_only,Inactive_only,False,False
0.95,832,849,1,849,TQGLLSEILRK,development,0,Inactive,development_only,Inactive_only,False,False
0.95,833,850,1,850,TQGMQNAMGERFAQYALSSEKLY,development,0,Inactive,development_only,Inactive_only,False,False
0.95,834,851,1,851,TQSDVYAMVGYIHELW,development,0,Inactive,development_only,Inactive_only,False,False
0.95,835,852,1,852,TRELAYMIKKA,test,0,Inactive,test_only,Inactive_only,False,False
0.95,836,853,1,853,TRTQRRIAVVEFIFSLL,development,0,Inactive,development_only,Inactive_only,False,False
0.95,837,854,1,854,TSAQTKVVVDA,development,0,Inactive,development_only,Inactive_only,False,False
0.95,838,855,1,855,TSFDEYVAELDSK,development,0,Inactive,development_only,Inactive_only,False,False
0.95,839,856,1,856,TSHLMGMFYRTIRMMEN,development,0,Inactive,development_only,Inactive_only,False,False
0.95,840,857,1,857,TTDEINAMDKALILYT,development,0,Inactive,development_only,Inactive_only,False,False
0.95,841,858,1,858,TTGNFEKLFVALVEYMRAS,development,0,Inactive,development_only,Inactive_only,False,False
0.95,842,859,1,859,TVEEVNALKNEILKAHA,development,0,Inactive,development_only,Inactive_only,False,False
0.95,843,860,1,860,TVFGTALNYVSLRIL,development,0,Inactive,development_only,Inactive_only,False,False
0.95,844,861,1,861,TVLAALFLAGS,test,0,Inactive,test_only,Inactive_only,False,False
0.95,845,862,1,862,TYYAKDIAFQFWKM,test,0,Inactive,test_only,Inactive_only,False,False
0.95,846,863,1,863,VADIAKLKVNIIKNVRII,development,0,Inactive,development_only,Inactive_only,False,False
0.95,847,864,1,864,VADPVAAFKWRAQ,development,0,Inactive,development_only,Inactive_only,False,False
0.95,848,865,1,865,VDDNLYPQLERASRKIFEFLERE,development,0,Inactive,development_only,Inactive_only,False,False
0.95,849,866,1,866,VEAIEALLKGN,test,0,Inactive,test_only,Inactive_only,False,False
0.95,850,867,1,867,VFWPTMLKAAG,development,0,Inactive,development_only,Inactive_only,False,False
0.95,851,868,1,868,VGVLLQLLVQA,development,0,Inactive,development_only,Inactive_only,False,False
0.95,852,869,1,869,VGYETAAKLAREAYLTG,development,0,Inactive,development_only,Inactive_only,False,False
0.95,853,870,1,870,VHVLADAFKRYLLD,development,0,Inactive,development_only,Inactive_only,False,False
0.95,854,871,1,871,VIDPLHTHLTRLVAAYTG,test,0,Inactive,test_only,Inactive_only,False,False
0.95,855,872,1,872,VKYAVFEAALTKAITAMSEVQKVSQ,test,0,Inactive,test_only,Inactive_only,False,False
0.95,856,873,1,873,VLSFKTGIISL,test,0,Inactive,test_only,Inactive_only,False,False
0.95,857,874,1,874,VMELLTKTLGWDIQEELNKLT,development,0,Inactive,development_only,Inactive_only,False,False
0.95,858,875,1,875,VMGQNLILNMND,test,0,Inactive,test_only,Inactive_only,False,False
0.95,859,876,1,876,VMPSLLQAFDLTA,development,0,Inactive,development_only,Inactive_only,False,False
0.95,860,877,1,877,VMQWVIRILGGGLQKAL,development,0,Inactive,development_only,Inactive_only,False,False
0.95,861,878,1,878,VNFLVADALKQHRHRRDDVIVMLSAR,development,0,Inactive,development_only,Inactive_only,False,False
0.95,862,879,1,879,VNQFLDYLQEFLGVMNT,development,0,Inactive,development_only,Inactive_only,False,False
0.95,863,880,1,880,VPMQRVLKYHLLLQELVK,test,0,Inactive,test_only,Inactive_only,False,False
0.95,864,881,1,881,VQEVNRFIKAFEEMKALMKSL,test,0,Inactive,test_only,Inactive_only,False,False
0.95,865,882,1,882,VSDARSAITSAQELLDS,development,0,Inactive,development_only,Inactive_only,False,False
0.95,866,883,1,883,VWHYALWSLIQQSEILFAQ,development,0,Inactive,development_only,Inactive_only,False,False
0.95,867,884,1,884,VYGPFWKNWQAQ,development,0,Inactive,development_only,Inactive_only,False,False
0.95,868,885,1,885,WATLLAQWADRAL,development,0,Inactive,development_only,Inactive_only,False,False
0.95,869,886,1,886,WDDIRNDLFRIQNDLFVLGEDVST,development,0,Inactive,development_only,Inactive_only,False,False
0.95,870,887,1,887,YAKGALQYLVPILTQTLT,development,0,Inactive,development_only,Inactive_only,False,False
0.95,871,888,1,888,YDDIIEAAGELG,development,0,Inactive,development_only,Inactive_only,False,False
0.95,872,889,1,889,YDLLKDLEEGIQTLMGRL,development,0,Inactive,development_only,Inactive_only,False,False
0.95,873,890,1,890,YEDKAVELYSRTAR,development,0,Inactive,development_only,Inactive_only,False,False
0.95,874,891,1,891,YETLEFLGDALVNFFIVDLLVQYS,development,0,Inactive,development_only,Inactive_only,False,False
0.95,875,892,1,892,YFSKGIPNVLRR,development,0,Inactive,development_only,Inactive_only,False,False
0.95,876,893,1,893,YGSIGLTNFGYLDKE,development,0,Inactive,development_only,Inactive_only,False,False
0.95,877,894,1,894,YKEPLKAVVKKLLEKE,test,0,Inactive,test_only,Inactive_only,False,False
0.95,878,895,1,895,YKKFRQLIQVN,development,0,Inactive,development_only,Inactive_only,False,False
0.95,879,896,1,896,YLADLFLAPQIHGAINRFQ,development,0,Inactive,development_only,Inactive_only,False,False
0.95,880,897,1,897,YLDKEVKLIKKMGNHLTNLRRVA,development,0,Inactive,development_only,Inactive_only,False,False
0.95,881,898,1,898,YLSESVETIKKLGDHITSLKKLW,development,0,Inactive,development_only,Inactive_only,False,False
0.95,882,899,1,899,YPIVDAAMRQLTETG,development,0,Inactive,development_only,Inactive_only,False,False
0.95,883,900,1,900,YQNIVKAVQYAARKLQ,development,0,Inactive,development_only,Inactive_only,False,False
0.95,884,901,1,901,YQQQKKYLGRMTE,development,0,Inactive,development_only,Inactive_only,False,False
