ID,sequence,label,binary_class,classifier,transition,descriptor,descriptor_label,raw_value,test_set_zscore,correct_class_probability_gain
1,AIGKFLHSAKKFGKAFVGEIMNS,1,Active,Logistic Regression,stable_correct,length,Length,23.0,1.3245607110244264,-0.0447598167042021
1,AIGKFLHSAKKFGKAFVGEIMNS,1,Active,Logistic Regression,stable_correct,molecular_weight,Molecular weight,2480.9238,1.062580590046904,-0.0447598167042021
1,AIGKFLHSAKKFGKAFVGEIMNS,1,Active,Logistic Regression,stable_correct,net_charge_pH7_4,Net charge (pH 7.4),2.6355271293782248,0.729553824824036,-0.0447598167042021
1,AIGKFLHSAKKFGKAFVGEIMNS,1,Active,Logistic Regression,stable_correct,isoelectric_point,Isoelectric point,10.001705741882326,0.8712061095127761,-0.0447598167042021
1,AIGKFLHSAKKFGKAFVGEIMNS,1,Active,Logistic Regression,stable_correct,mean_eisenberg_hydrophobicity,Mean hydrophobicity,0.1852173913043478,0.5787558052306905,-0.0447598167042021
1,AIGKFLHSAKKFGKAFVGEIMNS,1,Active,Logistic Regression,stable_correct,hydrophobic_moment,Hydrophobic moment,0.4588864603132566,0.5415357118141274,-0.0447598167042021
1,AIGKFLHSAKKFGKAFVGEIMNS,1,Active,Logistic Regression,stable_correct,boman_index,Boman index,0.3813043478260868,-0.5571229591313481,-0.0447598167042021
12,FAKKLAKKLKKLAKKLAKKWKL,1,Active,Logistic Regression,stable_correct,length,Length,22.0,1.1168089877181688,-0.1296006422970708
12,FAKKLAKKLKKLAKKLAKKWKL,1,Active,Logistic Regression,stable_correct,molecular_weight,Molecular weight,2611.3939,1.300520652681939,-0.1296006422970708
12,FAKKLAKKLKKLAKKLAKKWKL,1,Active,Logistic Regression,stable_correct,net_charge_pH7_4,Net charge (pH 7.4),10.529891348226808,3.6480937488506466,-0.1296006422970708
12,FAKKLAKKLKKLAKKLAKKWKL,1,Active,Logistic Regression,stable_correct,isoelectric_point,Isoelectric point,11.000127601623536,1.2635936461848307,-0.1296006422970708
12,FAKKLAKKLKKLAKKLAKKWKL,1,Active,Logistic Regression,stable_correct,mean_eisenberg_hydrophobicity,Mean hydrophobicity,-0.2959090909090909,-1.2864836591065638,-0.1296006422970708
12,FAKKLAKKLKKLAKKLAKKWKL,1,Active,Logistic Regression,stable_correct,hydrophobic_moment,Hydrophobic moment,0.6526570489310181,1.717373839059535,-0.1296006422970708
12,FAKKLAKKLKKLAKKLAKKWKL,1,Active,Logistic Regression,stable_correct,boman_index,Boman index,1.0863636363636366,-0.0754295979726699,-0.1296006422970708
15,FAKKLAKKLKKLAKKLIGAVLKV,1,Active,Logistic Regression,stable_correct,length,Length,23.0,1.3245607110244264,0.000997553502042
15,FAKKLAKKLKKLAKKLIGAVLKV,1,Active,Logistic Regression,stable_correct,molecular_weight,Molecular weight,2537.3103,1.165413402635922,0.000997553502042
15,FAKKLAKKLKKLAKKLIGAVLKV,1,Active,Logistic Regression,stable_correct,net_charge_pH7_4,Net charge (pH 7.4),8.534902533561377,2.910548033682616,0.000997553502042
15,FAKKLAKKLKKLAKKLIGAVLKV,1,Active,Logistic Regression,stable_correct,isoelectric_point,Isoelectric point,10.90329608917236,1.2255381105690593,0.000997553502042
15,FAKKLAKKLKKLAKKLIGAVLKV,1,Active,Logistic Regression,stable_correct,mean_eisenberg_hydrophobicity,Mean hydrophobicity,-0.0104347826086956,-0.17975192518371957,0.000997553502042
15,FAKKLAKKLKKLAKKLIGAVLKV,1,Active,Logistic Regression,stable_correct,hydrophobic_moment,Hydrophobic moment,0.6343178898810873,1.6060882069811604,0.000997553502042
15,FAKKLAKKLKKLAKKLIGAVLKV,1,Active,Logistic Regression,stable_correct,boman_index,Boman index,0.0517391304347827,-0.7822804456960445,0.000997553502042
21,FAKKLAKLAKKLAKLAL,1,Active,Logistic Regression,stable_correct,length,Length,17.0,0.07805037118688135,0.0516414785232199
21,FAKKLAKLAKKLAKLAL,1,Active,Logistic Regression,stable_correct,molecular_weight,Molecular weight,1855.4004,-0.07819478282151619,0.0516414785232199
21,FAKKLAKLAKKLAKLAL,1,Active,Logistic Regression,stable_correct,net_charge_pH7_4,Net charge (pH 7.4),5.5424193115632345,1.804229460930573,0.0516414785232199
21,FAKKLAKLAKKLAKLAL,1,Active,Logistic Regression,stable_correct,isoelectric_point,Isoelectric point,10.699318122863769,1.1453731873411672,0.0516414785232199
21,FAKKLAKLAKKLAKLAL,1,Active,Logistic Regression,stable_correct,mean_eisenberg_hydrophobicity,Mean hydrophobicity,0.0470588235294118,0.04314028108707701,0.0516414785232199
21,FAKKLAKLAKKLAKLAL,1,Active,Logistic Regression,stable_correct,hydrophobic_moment,Hydrophobic moment,0.6623655720203274,1.7762870708821994,0.0516414785232199
21,FAKKLAKLAKKLAKLAL,1,Active,Logistic Regression,stable_correct,boman_index,Boman index,-0.1958823529411765,-0.9514543386744236,0.0516414785232199
30,FAKLLAKALKKAL,1,Active,Logistic Regression,stable_correct,length,Length,13.0,-0.7529565220381487,-0.2627830235917479
30,FAKLLAKALKKAL,1,Active,Logistic Regression,stable_correct,molecular_weight,Molecular weight,1414.8203,-0.8816865912109477,-0.2627830235917479
30,FAKLLAKALKKAL,1,Active,Logistic Regression,stable_correct,net_charge_pH7_4,Net charge (pH 7.4),3.5474304968978063,1.0666837457625442,-0.2627830235917479
30,FAKLLAKALKKAL,1,Active,Logistic Regression,stable_correct,isoelectric_point,Isoelectric point,10.477740287780762,1.058291379144496,-0.2627830235917479
30,FAKLLAKALKKAL,1,Active,Logistic Regression,stable_correct,mean_eisenberg_hydrophobicity,Mean hydrophobicity,0.16,0.48099258664394434,-0.2627830235917479
30,FAKLLAKALKKAL,1,Active,Logistic Regression,stable_correct,hydrophobic_moment,Hydrophobic moment,0.6692892516125144,1.8183013234238163,-0.2627830235917479
30,FAKLLAKALKKAL,1,Active,Logistic Regression,stable_correct,boman_index,Boman index,-0.5923076923076924,-1.2222903623569297,-0.2627830235917479
33,FAKLLAKALKKL,0,Inactive,Logistic Regression,persistent_error,length,Length,12.0,-0.9607082453444061,0.3181367427648159
33,FAKLLAKALKKL,0,Inactive,Logistic Regression,persistent_error,molecular_weight,Molecular weight,1343.7424,-1.0113123060526374,0.3181367427648159
33,FAKLLAKALKKL,0,Inactive,Logistic Regression,persistent_error,net_charge_pH7_4,Net charge (pH 7.4),3.5474304968978063,1.0666837457625442,0.3181367427648159
33,FAKLLAKALKKL,0,Inactive,Logistic Regression,persistent_error,isoelectric_point,Isoelectric point,10.477740287780762,1.058291379144496,0.3181367427648159
33,FAKLLAKALKKL,0,Inactive,Logistic Regression,persistent_error,mean_eisenberg_hydrophobicity,Mean hydrophobicity,0.1216666666666667,0.3323812572405285,0.3181367427648159
33,FAKLLAKALKKL,0,Inactive,Logistic Regression,persistent_error,hydrophobic_moment,Hydrophobic moment,0.7461443454495983,2.2846731822869386,0.3181367427648159
33,FAKLLAKALKKL,0,Inactive,Logistic Regression,persistent_error,boman_index,Boman index,-0.4908333333333334,-1.1529635329109007,0.3181367427648159
37,FAKLLAKLAKAKL,0,Inactive,Logistic Regression,rescue,length,Length,13.0,-0.7529565220381487,0.4891579250127756
37,FAKLLAKLAKAKL,0,Inactive,Logistic Regression,rescue,molecular_weight,Molecular weight,1414.8203,-0.8816865912109477,0.4891579250127756
37,FAKLLAKLAKAKL,0,Inactive,Logistic Regression,rescue,net_charge_pH7_4,Net charge (pH 7.4),3.5474304968978063,1.0666837457625442,0.4891579250127756
37,FAKLLAKLAKAKL,0,Inactive,Logistic Regression,rescue,isoelectric_point,Isoelectric point,10.477740287780762,1.058291379144496,0.4891579250127756
37,FAKLLAKLAKAKL,0,Inactive,Logistic Regression,rescue,mean_eisenberg_hydrophobicity,Mean hydrophobicity,0.16,0.48099258664394434,0.4891579250127756
37,FAKLLAKLAKAKL,0,Inactive,Logistic Regression,rescue,hydrophobic_moment,Hydrophobic moment,0.4321146957638214,0.37907936735330755,0.4891579250127756
37,FAKLLAKLAKAKL,0,Inactive,Logistic Regression,rescue,boman_index,Boman index,-0.5923076923076924,-1.2222903623569297,0.4891579250127756
38,FAKLLAKLAKKAA,0,Inactive,Logistic Regression,rescue,length,Length,13.0,-0.7529565220381487,0.6693459037644353
38,FAKLLAKLAKKAA,0,Inactive,Logistic Regression,rescue,molecular_weight,Molecular weight,1372.7406,-0.9584279017001976,0.6693459037644353
38,FAKLLAKLAKKAA,0,Inactive,Logistic Regression,rescue,net_charge_pH7_4,Net charge (pH 7.4),3.5474304968978063,1.0666837457625442,0.6693459037644353
38,FAKLLAKLAKKAA,0,Inactive,Logistic Regression,rescue,isoelectric_point,Isoelectric point,10.477740287780762,1.058291379144496,0.6693459037644353
38,FAKLLAKLAKKAA,0,Inactive,Logistic Regression,rescue,mean_eisenberg_hydrophobicity,Mean hydrophobicity,0.1230769230769231,0.33784856367343,0.6693459037644353
38,FAKLLAKLAKKAA,0,Inactive,Logistic Regression,rescue,hydrophobic_moment,Hydrophobic moment,0.6523372537091026,1.715433258615818,0.6693459037644353
38,FAKLLAKLAKKAA,0,Inactive,Logistic Regression,rescue,boman_index,Boman index,-0.3530769230769233,-1.0588489678575108,0.6693459037644353
40,FAKLLAKLAKKFAL,0,Inactive,Logistic Regression,persistent_error,length,Length,14.0,-0.5452047987318911,-0.0480901035297972
40,FAKLLAKLAKKFAL,0,Inactive,Logistic Regression,persistent_error,molecular_weight,Molecular weight,1561.9941,-0.6132837679569143,-0.0480901035297972
40,FAKLLAKLAKKFAL,0,Inactive,Logistic Regression,persistent_error,net_charge_pH7_4,Net charge (pH 7.4),3.5474304968978063,1.0666837457625442,-0.0480901035297972
40,FAKLLAKLAKKFAL,0,Inactive,Logistic Regression,persistent_error,isoelectric_point,Isoelectric point,10.477740287780762,1.058291379144496,-0.0480901035297972
40,FAKLLAKLAKKFAL,0,Inactive,Logistic Regression,persistent_error,mean_eisenberg_hydrophobicity,Mean hydrophobicity,0.2342857142857143,0.7689847280965268,-0.0480901035297972
40,FAKLLAKLAKKFAL,0,Inactive,Logistic Regression,persistent_error,hydrophobic_moment,Hydrophobic moment,0.567302406594784,1.1994250444965016,-0.0480901035297972
40,FAKLLAKLAKKFAL,0,Inactive,Logistic Regression,persistent_error,boman_index,Boman index,-0.7628571428571431,-1.3388089862719956,-0.0480901035297972
43,FAKLLAKLAKKL,0,Inactive,Logistic Regression,rescue,length,Length,12.0,-0.9607082453444061,0.4112327219095084
43,FAKLLAKLAKKL,0,Inactive,Logistic Regression,rescue,molecular_weight,Molecular weight,1343.7424,-1.0113123060526374,0.4112327219095084
43,FAKLLAKLAKKL,0,Inactive,Logistic Regression,rescue,net_charge_pH7_4,Net charge (pH 7.4),3.5474304968978063,1.0666837457625442,0.4112327219095084
43,FAKLLAKLAKKL,0,Inactive,Logistic Regression,rescue,isoelectric_point,Isoelectric point,10.477740287780762,1.058291379144496,0.4112327219095084
43,FAKLLAKLAKKL,0,Inactive,Logistic Regression,rescue,mean_eisenberg_hydrophobicity,Mean hydrophobicity,0.1216666666666667,0.3323812572405285,0.4112327219095084
43,FAKLLAKLAKKL,0,Inactive,Logistic Regression,rescue,hydrophobic_moment,Hydrophobic moment,0.7419279732664577,2.2590874047602285,0.4112327219095084
43,FAKLLAKLAKKL,0,Inactive,Logistic Regression,rescue,boman_index,Boman index,-0.4908333333333335,-1.1529635329109007,0.4112327219095084
46,FAKLLAKLAKKVL,1,Active,Logistic Regression,stable_correct,length,Length,13.0,-0.7529565220381487,-0.1118660805907842
46,FAKLLAKLAKKVL,1,Active,Logistic Regression,stable_correct,molecular_weight,Molecular weight,1442.8733999999995,-0.8305257783418938,-0.1118660805907842
46,FAKLLAKLAKKVL,1,Active,Logistic Regression,stable_correct,net_charge_pH7_4,Net charge (pH 7.4),3.5474304968978063,1.0666837457625442,-0.1118660805907842
46,FAKLLAKLAKKVL,1,Active,Logistic Regression,stable_correct,isoelectric_point,Isoelectric point,10.477740287780762,1.058291379144496,-0.1118660805907842
46,FAKLLAKLAKKVL,1,Active,Logistic Regression,stable_correct,mean_eisenberg_hydrophobicity,Mean hydrophobicity,0.1969230769230769,0.6241366096144586,-0.1118660805907842
46,FAKLLAKLAKKVL,1,Active,Logistic Regression,stable_correct,hydrophobic_moment,Hydrophobic moment,0.6923859362710444,1.958456558685223,-0.1118660805907842
46,FAKLLAKLAKKVL,1,Active,Logistic Regression,stable_correct,boman_index,Boman index,-0.7638461538461541,-1.33948467416841,-0.1118660805907842
47,FAKLLAKLAKLKL,0,Inactive,Logistic Regression,persistent_error,length,Length,13.0,-0.7529565220381487,-0.1298243173570199
47,FAKLLAKLAKLKL,0,Inactive,Logistic Regression,persistent_error,molecular_weight,Molecular weight,1456.9,-0.8049452807216978,-0.1298243173570199
47,FAKLLAKLAKLKL,0,Inactive,Logistic Regression,persistent_error,net_charge_pH7_4,Net charge (pH 7.4),3.5474304968978063,1.0666837457625442,-0.1298243173570199
47,FAKLLAKLAKLKL,0,Inactive,Logistic Regression,persistent_error,isoelectric_point,Isoelectric point,10.477740287780762,1.058291379144496,-0.1298243173570199
47,FAKLLAKLAKLKL,0,Inactive,Logistic Regression,persistent_error,mean_eisenberg_hydrophobicity,Mean hydrophobicity,0.1969230769230769,0.6241366096144586,-0.1298243173570199
47,FAKLLAKLAKLKL,0,Inactive,Logistic Regression,persistent_error,hydrophobic_moment,Hydrophobic moment,0.4221552409279093,0.3186434322292984,-0.1298243173570199
47,FAKLLAKLAKLKL,0,Inactive,Logistic Regression,persistent_error,boman_index,Boman index,-0.8315384615384617,-1.3857317568563485,-0.1298243173570199
48,FAKLLFKALKKAL,0,Inactive,Logistic Regression,persistent_error,length,Length,13.0,-0.7529565220381487,-0.0325813059546571
48,FAKLLFKALKKAL,0,Inactive,Logistic Regression,persistent_error,molecular_weight,Molecular weight,1490.9162,-0.7429094827986041,-0.0325813059546571
48,FAKLLFKALKKAL,0,Inactive,Logistic Regression,persistent_error,net_charge_pH7_4,Net charge (pH 7.4),3.5474304968978063,1.0666837457625442,-0.0325813059546571
48,FAKLLFKALKKAL,0,Inactive,Logistic Regression,persistent_error,isoelectric_point,Isoelectric point,10.477740287780762,1.058291379144496,-0.0325813059546571
48,FAKLLFKALKKAL,0,Inactive,Logistic Regression,persistent_error,mean_eisenberg_hydrophobicity,Mean hydrophobicity,0.2046153846153846,0.6539582810666491,-0.0325813059546571
48,FAKLLFKALKKAL,0,Inactive,Logistic Regression,persistent_error,hydrophobic_moment,Hydrophobic moment,0.6664246225881205,1.8009181898361868,-0.0325813059546571
48,FAKLLFKALKKAL,0,Inactive,Logistic Regression,persistent_error,boman_index,Boman index,-0.6823076923076924,-1.283777960930666,-0.0325813059546571
50,FAKLWAKLAFGKGIGKVGKKLL,1,Active,Logistic Regression,stable_correct,length,Length,22.0,1.1168089877181688,0.0124294332058227
50,FAKLWAKLAFGKGIGKVGKKLL,1,Active,Logistic Regression,stable_correct,molecular_weight,Molecular weight,2373.9645000000005,0.8675174871490033,0.0124294332058227
50,FAKLWAKLAFGKGIGKVGKKLL,1,Active,Logistic Regression,stable_correct,net_charge_pH7_4,Net charge (pH 7.4),5.5424193115632345,1.804229460930573,0.0124294332058227
50,FAKLWAKLAFGKGIGKVGKKLL,1,Active,Logistic Regression,stable_correct,isoelectric_point,Isoelectric point,10.699318122863769,1.1453731873411672,0.0124294332058227
50,FAKLWAKLAFGKGIGKVGKKLL,1,Active,Logistic Regression,stable_correct,mean_eisenberg_hydrophobicity,Mean hydrophobicity,0.2222727272727272,0.7224125723546316,0.0124294332058227
50,FAKLWAKLAFGKGIGKVGKKLL,1,Active,Logistic Regression,stable_correct,hydrophobic_moment,Hydrophobic moment,0.1769606847830692,-1.1692454665181073,0.0124294332058227
50,FAKLWAKLAFGKGIGKVGKKLL,1,Active,Logistic Regression,stable_correct,boman_index,Boman index,-0.5827272727272728,-1.215745062431054,0.0124294332058227
55,FALALKALKKAL,0,Inactive,Logistic Regression,rescue,length,Length,12.0,-0.9607082453444061,0.3355908580734419
55,FALALKALKKAL,0,Inactive,Logistic Regression,rescue,molecular_weight,Molecular weight,1286.648,-1.1154361253193492,0.3355908580734419
55,FALALKALKKAL,0,Inactive,Logistic Regression,rescue,net_charge_pH7_4,Net charge (pH 7.4),2.5499360895650924,0.6979108881785296,0.3355908580734419
55,FALALKALKKAL,0,Inactive,Logistic Regression,rescue,isoelectric_point,Isoelectric point,10.302063941955566,0.989249212331598,0.3355908580734419
55,FALALKALKKAL,0,Inactive,Logistic Regression,rescue,mean_eisenberg_hydrophobicity,Mean hydrophobicity,0.2983333333333334,1.017285644925837,0.3355908580734419
55,FALALKALKKAL,0,Inactive,Logistic Regression,rescue,hydrophobic_moment,Hydrophobic moment,0.5270839680472563,0.9553716316447395,0.3355908580734419
55,FALALKALKKAL,0,Inactive,Logistic Regression,rescue,boman_index,Boman index,-1.1041666666666667,-1.5719901305985857,0.3355908580734419
56,FALALKALKKALKKLKKALKKAL,0,Inactive,Logistic Regression,persistent_error,length,Length,23.0,1.3245607110244264,0.1512612953415776
56,FALALKALKKALKKLKKALKKAL,0,Inactive,Logistic Regression,persistent_error,molecular_weight,Molecular weight,2537.3104000000003,1.165413585007257,0.1512612953415776
56,FALALKALKKALKKLKKALKKAL,0,Inactive,Logistic Regression,persistent_error,net_charge_pH7_4,Net charge (pH 7.4),8.534902533561377,2.910548033682616,0.1512612953415776
56,FALALKALKKALKKLKKALKKAL,0,Inactive,Logistic Regression,persistent_error,isoelectric_point,Isoelectric point,10.90329608917236,1.2255381105690593,0.1512612953415776
56,FALALKALKKALKKLKKALKKAL,0,Inactive,Logistic Regression,persistent_error,mean_eisenberg_hydrophobicity,Mean hydrophobicity,-0.0382608695652173,-0.2876285801759911,0.1512612953415776
56,FALALKALKKALKKLKKALKKAL,0,Inactive,Logistic Regression,persistent_error,hydrophobic_moment,Hydrophobic moment,0.6393088461929213,1.6363743136846243,0.1512612953415776
56,FALALKALKKALKKLKKALKKAL,0,Inactive,Logistic Regression,persistent_error,boman_index,Boman index,0.0726086956521738,-0.7680224518238739,0.1512612953415776
61,FALALKKALKALKKAL,1,Active,Logistic Regression,stable_correct,length,Length,16.0,-0.12970135211937614,0.0963504255506146
61,FALALKKALKALKKAL,1,Active,Logistic Regression,stable_correct,molecular_weight,Molecular weight,1727.2281,-0.3119443169299172,0.0963504255506146
61,FALALKKALKALKKAL,1,Active,Logistic Regression,stable_correct,net_charge_pH7_4,Net charge (pH 7.4),4.5449249042305215,1.4354566033465588,0.0963504255506146
61,FALALKKALKALKKAL,1,Active,Logistic Regression,stable_correct,isoelectric_point,Isoelectric point,10.602486610412598,1.1073176517253978,0.0963504255506146
61,FALALKKALKALKKAL,1,Active,Logistic Regression,stable_correct,mean_eisenberg_hydrophobicity,Mean hydrophobicity,0.14375,0.4179943057011919,0.0963504255506146
61,FALALKKALKALKKAL,1,Active,Logistic Regression,stable_correct,hydrophobic_moment,Hydrophobic moment,0.5989436322959629,1.3914302390805735,0.0963504255506146
61,FALALKKALKALKKAL,1,Active,Logistic Regression,stable_correct,boman_index,Boman index,-0.555,-1.1968019133755088,0.0963504255506146
67,FKLAFKLAKKAFL,0,Inactive,Logistic Regression,persistent_error,length,Length,13.0,-0.7529565220381487,0.1989722120227939
67,FKLAFKLAKKAFL,0,Inactive,Logistic Regression,persistent_error,molecular_weight,Molecular weight,1524.9324,-0.6808736848755099,0.1989722120227939
67,FKLAFKLAKKAFL,0,Inactive,Logistic Regression,persistent_error,net_charge_pH7_4,Net charge (pH 7.4),3.5474304968978063,1.0666837457625442,0.1989722120227939
67,FKLAFKLAKKAFL,0,Inactive,Logistic Regression,persistent_error,isoelectric_point,Isoelectric point,10.477740287780762,1.058291379144496,0.1989722120227939
67,FKLAFKLAKKAFL,0,Inactive,Logistic Regression,persistent_error,mean_eisenberg_hydrophobicity,Mean hydrophobicity,0.2123076923076923,0.6837799525188397,0.1989722120227939
67,FKLAFKLAKKAFL,0,Inactive,Logistic Regression,persistent_error,hydrophobic_moment,Hydrophobic moment,0.5025754469180348,0.8066490943819465,0.1989722120227939
67,FKLAFKLAKKAFL,0,Inactive,Logistic Regression,persistent_error,boman_index,Boman index,-0.5330769230769231,-1.1818241650049834,0.1989722120227939
68,FKRLAKIKVLRLAKIKR,1,Active,Logistic Regression,persistent_error,length,Length,17.0,0.07805037118688135,-0.4931887007097921
68,FKRLAKIKVLRLAKIKR,1,Active,Logistic Regression,persistent_error,molecular_weight,Molecular weight,2081.6825000000003,0.3344789029286085,-0.4931887007097921
68,FKRLAKIKVLRLAKIKR,1,Active,Logistic Regression,persistent_error,net_charge_pH7_4,Net charge (pH 7.4),7.544849549530399,2.5445262641400994,-0.4931887007097921
68,FKRLAKIKVLRLAKIKR,1,Active,Logistic Regression,persistent_error,isoelectric_point,Isoelectric point,11.999967765808105,1.6565385875063838,-0.4931887007097921
68,FKRLAKIKVLRLAKIKR,1,Active,Logistic Regression,persistent_error,mean_eisenberg_hydrophobicity,Mean hydrophobicity,-0.3152941176470588,-1.3616358659078727,-0.4931887007097921
68,FKRLAKIKVLRLAKIKR,1,Active,Logistic Regression,persistent_error,hydrophobic_moment,Hydrophobic moment,0.4171274170084164,0.2881336056153212,-0.4931887007097921
68,FKRLAKIKVLRLAKIKR,1,Active,Logistic Regression,persistent_error,boman_index,Boman index,2.19235294117647,0.680177362040411,-0.4931887007097921
70,FLGALFHALSKLL,1,Active,Logistic Regression,stable_correct,length,Length,13.0,-0.7529565220381487,0.0949897921735438
70,FLGALFHALSKLL,1,Active,Logistic Regression,stable_correct,molecular_weight,Molecular weight,1429.7469,-0.8544647515792764,0.0949897921735438
70,FLGALFHALSKLL,1,Active,Logistic Regression,stable_correct,net_charge_pH7_4,Net charge (pH 7.4),0.5915737160757106,-0.026094061972339332,0.0949897921735438
70,FLGALFHALSKLL,1,Active,Logistic Regression,stable_correct,isoelectric_point,Isoelectric point,8.757208061218265,0.38210886615271017,0.0949897921735438
70,FLGALFHALSKLL,1,Active,Logistic Regression,stable_correct,mean_eisenberg_hydrophobicity,Mean hydrophobicity,0.58,2.109255847933545,0.0949897921735438
70,FLGALFHALSKLL,1,Active,Logistic Regression,stable_correct,hydrophobic_moment,Hydrophobic moment,0.4823871653403376,0.6841426223112593,0.0949897921735438
70,FLGALFHALSKLL,1,Active,Logistic Regression,stable_correct,boman_index,Boman index,-1.654615384615385,-1.9480542395392373,0.0949897921735438
72,FLGALFKALSKLL,1,Active,Logistic Regression,stable_correct,length,Length,13.0,-0.7529565220381487,0.0553744519016944
72,FLGALFKALSKLL,1,Active,Logistic Regression,stable_correct,molecular_weight,Molecular weight,1420.7799,-0.8708179891536202,0.0553744519016944
72,FLGALFKALSKLL,1,Active,Logistic Regression,stable_correct,net_charge_pH7_4,Net charge (pH 7.4),1.552441682232378,0.32913803059451513,0.0553744519016944
72,FLGALFKALSKLL,1,Active,Logistic Regression,stable_correct,isoelectric_point,Isoelectric point,10.002737236022949,0.8716114947124106,0.0553744519016944
72,FLGALFKALSKLL,1,Active,Logistic Regression,stable_correct,mean_eisenberg_hydrophobicity,Mean hydrophobicity,0.4953846153846153,1.7812174619594494,0.0553744519016944
72,FLGALFKALSKLL,1,Active,Logistic Regression,stable_correct,hydrophobic_moment,Hydrophobic moment,0.5659568803708914,1.1912601261435805,0.0553744519016944
72,FLGALFKALSKLL,1,Active,Logistic Regression,stable_correct,boman_index,Boman index,-1.5861538461538462,-1.9012816218207536,0.0553744519016944
78,FLKLLKKLAAKFLPTIICKISYKC,1,Active,Logistic Regression,stable_correct,length,Length,24.0,1.5323124343306838,0.0259481969684423
78,FLKLLKKLAAKFLPTIICKISYKC,1,Active,Logistic Regression,stable_correct,molecular_weight,Molecular weight,2783.5687000000003,1.6145181333014424,0.0259481969684423
78,FLKLLKKLAAKFLPTIICKISYKC,1,Active,Logistic Regression,stable_correct,net_charge_pH7_4,Net charge (pH 7.4),5.490906983795277,1.7851853959492063,0.0259481969684423
78,FLKLLKKLAAKFLPTIICKISYKC,1,Active,Logistic Regression,stable_correct,isoelectric_point,Isoelectric point,9.928985404968262,0.8426264529384826,0.0259481969684423
78,FLKLLKKLAAKFLPTIICKISYKC,1,Active,Logistic Regression,stable_correct,mean_eisenberg_hydrophobicity,Mean hydrophobicity,0.21125,0.6796794726941635,0.0259481969684423
78,FLKLLKKLAAKFLPTIICKISYKC,1,Active,Logistic Regression,stable_correct,hydrophobic_moment,Hydrophobic moment,0.2994180886172191,-0.4261498015938438,0.0259481969684423
78,FLKLLKKLAAKFLPTIICKISYKC,1,Active,Logistic Regression,stable_correct,boman_index,Boman index,-0.5037499999999999,-1.1617881419654645,0.0259481969684423
80,FLKWLFKWAKK,1,Active,Logistic Regression,stable_correct,length,Length,11.0,-1.1684599686506636,0.0757387710971381
80,FLKWLFKWAKK,1,Active,Logistic Regression,stable_correct,molecular_weight,Molecular weight,1494.865,-0.7357080035375837,0.0757387710971381
80,FLKWLFKWAKK,1,Active,Logistic Regression,stable_correct,net_charge_pH7_4,Net charge (pH 7.4),3.5474304968978063,1.0666837457625442,0.0757387710971381
80,FLKWLFKWAKK,1,Active,Logistic Regression,stable_correct,isoelectric_point,Isoelectric point,10.477740287780762,1.058291379144496,0.0757387710971381
80,FLKWLFKWAKK,1,Active,Logistic Regression,stable_correct,mean_eisenberg_hydrophobicity,Mean hydrophobicity,0.0763636363636363,0.1567496861274002,0.0757387710971381
80,FLKWLFKWAKK,1,Active,Logistic Regression,stable_correct,hydrophobic_moment,Hydrophobic moment,0.7128266034647883,2.082494556423624,0.0757387710971381
80,FLKWLFKWAKK,1,Active,Logistic Regression,stable_correct,boman_index,Boman index,-0.0063636363636367,-0.8219759968174293,0.0757387710971381
88,GIGKFLKKAKKFAKAFVKIINN,1,Active,Logistic Regression,stable_correct,length,Length,22.0,1.1168089877181688,0.0281954743485616
88,GIGKFLKKAKKFAKAFVKIINN,1,Active,Logistic Regression,stable_correct,molecular_weight,Molecular weight,2464.0457000000006,1.031799773820349,0.0281954743485616
88,GIGKFLKKAKKFAKAFVKIINN,1,Active,Logistic Regression,stable_correct,net_charge_pH7_4,Net charge (pH 7.4),6.539913718895949,2.1730023185145875,0.0281954743485616
88,GIGKFLKKAKKFAKAFVKIINN,1,Active,Logistic Regression,stable_correct,isoelectric_point,Isoelectric point,10.778420829772951,1.1764611648382053,0.0281954743485616
88,GIGKFLKKAKKFAKAFVKIINN,1,Active,Logistic Regression,stable_correct,mean_eisenberg_hydrophobicity,Mean hydrophobicity,0.0345454545454545,-0.005371764130871697,0.0281954743485616
88,GIGKFLKKAKKFAKAFVKIINN,1,Active,Logistic Regression,stable_correct,hydrophobic_moment,Hydrophobic moment,0.6839899685814352,1.907508171755164,0.0281954743485616
88,GIGKFLKKAKKFAKAFVKIINN,1,Active,Logistic Regression,stable_correct,boman_index,Boman index,0.5527272727272726,-0.4400075814351273,0.0281954743485616
90,GLFAVIKKVAAVIKKL,1,Active,Logistic Regression,stable_correct,length,Length,16.0,-0.12970135211937614,0.0902972691615892
90,GLFAVIKKVAAVIKKL,1,Active,Logistic Regression,stable_correct,molecular_weight,Molecular weight,1698.1867000000002,-0.3649075056989077,0.0902972691615892
90,GLFAVIKKVAAVIKKL,1,Active,Logistic Regression,stable_correct,net_charge_pH7_4,Net charge (pH 7.4),3.5474304968978063,1.0666837457625442,0.0902972691615892
90,GLFAVIKKVAAVIKKL,1,Active,Logistic Regression,stable_correct,isoelectric_point,Isoelectric point,10.477740287780762,1.058291379144496,0.0902972691615892
90,GLFAVIKKVAAVIKKL,1,Active,Logistic Regression,stable_correct,mean_eisenberg_hydrophobicity,Mean hydrophobicity,0.365,1.2757401308448209,0.0902972691615892
90,GLFAVIKKVAAVIKKL,1,Active,Logistic Regression,stable_correct,hydrophobic_moment,Hydrophobic moment,0.5337684330905158,0.995934283150166,0.0902972691615892
90,GLFAVIKKVAAVIKKL,1,Active,Logistic Regression,stable_correct,boman_index,Boman index,-1.1843749999999995,-1.6267881061793457,0.0902972691615892
91,GLFAVIKKVAAVIRRL,1,Active,Logistic Regression,stable_correct,length,Length,16.0,-0.12970135211937614,0.2099213345778976
91,GLFAVIKKVAAVIRRL,1,Active,Logistic Regression,stable_correct,molecular_weight,Molecular weight,1754.2135000000003,-0.2627306828004765,0.2099213345778976
91,GLFAVIKKVAAVIRRL,1,Active,Logistic Regression,stable_correct,net_charge_pH7_4,Net charge (pH 7.4),3.552391445765631,1.068517804456876,0.2099213345778976
91,GLFAVIKKVAAVIRRL,1,Active,Logistic Regression,stable_correct,isoelectric_point,Isoelectric point,11.999967765808105,1.6565385875063838,0.2099213345778976
91,GLFAVIKKVAAVIRRL,1,Active,Logistic Regression,stable_correct,mean_eisenberg_hydrophobicity,Mean hydrophobicity,0.2399999999999999,0.7911379697467251,0.2099213345778976
91,GLFAVIKKVAAVIRRL,1,Active,Logistic Regression,stable_correct,hydrophobic_moment,Hydrophobic moment,0.6137653853350615,1.4813715581440494,0.2099213345778976
91,GLFAVIKKVAAVIRRL,1,Active,Logistic Regression,stable_correct,boman_index,Boman index,-0.0131249999999997,-0.8265953302961375,0.2099213345778976
103,GLFDVIKAVASVIGGL,1,Active,Logistic Regression,stable_correct,length,Length,16.0,-0.12970135211937614,0.19015981546789
103,GLFDVIKAVASVIGGL,1,Active,Logistic Regression,stable_correct,molecular_weight,Molecular weight,1558.8592000000003,-0.6190009269255551,0.19015981546789
103,GLFDVIKAVASVIGGL,1,Active,Logistic Regression,stable_correct,net_charge_pH7_4,Net charge (pH 7.4),-0.4446062409453315,-0.4091689352878712,0.19015981546789
103,GLFDVIKAVASVIGGL,1,Active,Logistic Regression,stable_correct,isoelectric_point,Isoelectric point,5.835682106018066,-0.7660734995475115,0.19015981546789
103,GLFDVIKAVASVIGGL,1,Active,Logistic Regression,stable_correct,mean_eisenberg_hydrophobicity,Mean hydrophobicity,0.6000000000000001,2.1867921937092407,0.19015981546789
103,GLFDVIKAVASVIGGL,1,Active,Logistic Regression,stable_correct,hydrophobic_moment,Hydrophobic moment,0.4584283569699565,0.5387558504269413,0.19015981546789
103,GLFDVIKAVASVIGGL,1,Active,Logistic Regression,stable_correct,boman_index,Boman index,-1.4718750000000005,-1.8232068238454486,0.19015981546789
114,KKVVFKVKFK,0,Inactive,Logistic Regression,stable_correct,length,Length,10.0,-1.3762116919569212,0.3616828985650223
114,KKVVFKVKFK,0,Inactive,Logistic Regression,stable_correct,molecular_weight,Molecular weight,1250.6174,-1.1811456114067964,0.3616828985650223
114,KKVVFKVKFK,0,Inactive,Logistic Regression,stable_correct,net_charge_pH7_4,Net charge (pH 7.4),4.5449249042305215,1.4354566033465588,0.3616828985650223
114,KKVVFKVKFK,0,Inactive,Logistic Regression,stable_correct,isoelectric_point,Isoelectric point,10.602486610412598,1.1073176517253978,0.3616828985650223
114,KKVVFKVKFK,0,Inactive,Logistic Regression,stable_correct,mean_eisenberg_hydrophobicity,Mean hydrophobicity,-0.18,-0.8371252915428754,0.3616828985650223
114,KKVVFKVKFK,0,Inactive,Logistic Regression,stable_correct,hydrophobic_moment,Hydrophobic moment,0.2258682015320238,-0.8724650143734575,0.3616828985650223
114,KKVVFKVKFK,0,Inactive,Logistic Regression,stable_correct,boman_index,Boman index,0.967,-0.15697830193965584,0.3616828985650223
128,KWKLFKKIGIGKFLHLAKKF,1,Active,Logistic Regression,stable_correct,length,Length,20.0,0.7013055411056538,0.0147666857349507
128,KWKLFKKIGIGKFLHLAKKF,1,Active,Logistic Regression,stable_correct,molecular_weight,Molecular weight,2431.0605000000005,0.9716442243570683,0.0147666857349507
128,KWKLFKKIGIGKFLHLAKKF,1,Active,Logistic Regression,stable_correct,net_charge_pH7_4,Net charge (pH 7.4),6.576540160071996,2.1865430835317476,0.0147666857349507
128,KWKLFKKIGIGKFLHLAKKF,1,Active,Logistic Regression,stable_correct,isoelectric_point,Isoelectric point,10.778420829772951,1.1764611648382053,0.0147666857349507
128,KWKLFKKIGIGKFLHLAKKF,1,Active,Logistic Regression,stable_correct,mean_eisenberg_hydrophobicity,Mean hydrophobicity,0.0595,0.09137244912107555,0.0147666857349507
128,KWKLFKKIGIGKFLHLAKKF,1,Active,Logistic Regression,stable_correct,hydrophobic_moment,Hydrophobic moment,0.2543734147443813,-0.6994897617335055,0.0147666857349507
128,KWKLFKKIGIGKFLHLAKKF,1,Active,Logistic Regression,stable_correct,boman_index,Boman index,0.1974999999999999,-0.682697269745102,0.0147666857349507
139,KWKSFLKTFKSLKKTVLHTALKAISS,1,Active,Logistic Regression,stable_correct,length,Length,26.0,1.947815880943199,0.0604331927340365
139,KWKSFLKTFKSLKKTVLHTALKAISS,1,Active,Logistic Regression,stable_correct,molecular_weight,Molecular weight,2991.6138999999994,1.9939329411303488,0.0604331927340365
139,KWKSFLKTFKSLKKTVLHTALKAISS,1,Active,Logistic Regression,stable_correct,net_charge_pH7_4,Net charge (pH 7.4),6.576540160071996,2.1865430835317476,0.0604331927340365
139,KWKSFLKTFKSLKKTVLHTALKAISS,1,Active,Logistic Regression,stable_correct,isoelectric_point,Isoelectric point,10.778420829772951,1.1764611648382053,0.0604331927340365
139,KWKSFLKTFKSLKKTVLHTALKAISS,1,Active,Logistic Regression,stable_correct,mean_eisenberg_hydrophobicity,Mean hydrophobicity,-0.0161538461538461,-0.20192368961121773,0.0604331927340365
139,KWKSFLKTFKSLKKTVLHTALKAISS,1,Active,Logistic Regression,stable_correct,hydrophobic_moment,Hydrophobic moment,0.4097974589285517,0.2436539751260044,0.0604331927340365
139,KWKSFLKTFKSLKKTVLHTALKAISS,1,Active,Logistic Regression,stable_correct,boman_index,Boman index,0.9334615384615385,-0.17989162927140717,0.0604331927340365
142,KYKKALKKLAKLL,0,Inactive,Logistic Regression,rescue,length,Length,13.0,-0.7529565220381487,0.5391047799393508
142,KYKKALKKLAKLL,0,Inactive,Logistic Regression,rescue,molecular_weight,Molecular weight,1545.0085,-0.6442606333681743,0.5391047799393508
142,KYKKALKKLAKLL,0,Inactive,Logistic Regression,rescue,net_charge_pH7_4,Net charge (pH 7.4),5.539913718895949,1.8033031453932988,0.5391047799393508
142,KYKKALKKLAKLL,0,Inactive,Logistic Regression,rescue,isoelectric_point,Isoelectric point,10.398315238952636,1.0270767187725725,0.5391047799393508
142,KYKKALKKLAKLL,0,Inactive,Logistic Regression,rescue,mean_eisenberg_hydrophobicity,Mean hydrophobicity,-0.2384615384615384,-1.063769994579523,0.5391047799393508
142,KYKKALKKLAKLL,0,Inactive,Logistic Regression,rescue,hydrophobic_moment,Hydrophobic moment,0.7018851503821844,2.016099662369959,0.5391047799393508
142,KYKKALKKLAKLL,0,Inactive,Logistic Regression,rescue,boman_index,Boman index,0.78,-0.28473586786508587,0.5391047799393508
145,MPKWKVFKKIEKVGRNIRNGIVKAGPAIAVLGEAKALG,0,Inactive,Logistic Regression,persistent_error,length,Length,38.0,4.440836560618289,0.1028862362665448
145,MPKWKVFKKIEKVGRNIRNGIVKAGPAIAVLGEAKALG,0,Inactive,Logistic Regression,persistent_error,molecular_weight,Molecular weight,4088.951700000001,3.9951625321538238,0.1028862362665448
145,MPKWKVFKKIEKVGRNIRNGIVKAGPAIAVLGEAKALG,0,Inactive,Logistic Regression,persistent_error,net_charge_pH7_4,Net charge (pH 7.4),6.2695406194974,2.073045607232704,0.1028862362665448
145,MPKWKVFKKIEKVGRNIRNGIVKAGPAIAVLGEAKALG,0,Inactive,Logistic Regression,persistent_error,isoelectric_point,Isoelectric point,10.72878017425537,1.156952002105752,0.1028862362665448
145,MPKWKVFKKIEKVGRNIRNGIVKAGPAIAVLGEAKALG,0,Inactive,Logistic Regression,persistent_error,mean_eisenberg_hydrophobicity,Mean hydrophobicity,0.0539473684210526,0.06984591101756002,0.1028862362665448
145,MPKWKVFKKIEKVGRNIRNGIVKAGPAIAVLGEAKALG,0,Inactive,Logistic Regression,persistent_error,hydrophobic_moment,Hydrophobic moment,0.3000237863788378,-0.42247430818290405,0.1028862362665448
145,MPKWKVFKKIEKVGRNIRNGIVKAGPAIAVLGEAKALG,0,Inactive,Logistic Regression,persistent_error,boman_index,Boman index,0.7499999999999997,-0.3052317340563316,0.1028862362665448
147,VAKKLAKLAKKLAKLAL,1,Active,Logistic Regression,stable_correct,length,Length,17.0,0.07805037118688135,0.0069166728145854
147,VAKKLAKLAKKLAKLAL,1,Active,Logistic Regression,stable_correct,molecular_weight,Molecular weight,1807.3576,-0.16581107836480502,0.0069166728145854
147,VAKKLAKLAKKLAKLAL,1,Active,Logistic Regression,stable_correct,net_charge_pH7_4,Net charge (pH 7.4),5.508117265098505,1.7915480227161944,0.0069166728145854
147,VAKKLAKLAKKLAKLAL,1,Active,Logistic Regression,stable_correct,isoelectric_point,Isoelectric point,10.699253654479982,1.145347850766191,0.0069166728145854
147,VAKKLAKLAKKLAKLAL,1,Active,Logistic Regression,stable_correct,mean_eisenberg_hydrophobicity,Mean hydrophobicity,0.0411764705882353,0.02033547350599005,0.0069166728145854
147,VAKKLAKLAKKLAKLAL,1,Active,Logistic Regression,stable_correct,hydrophobic_moment,Hydrophobic moment,0.6585976675655884,1.7534226839321259,0.0069166728145854
147,VAKKLAKLAKKLAKLAL,1,Active,Logistic Regression,stable_correct,boman_index,Boman index,-0.2582352941176471,-0.9940535899738749,0.0069166728145854
149,VAKLLAKLAKKVL,0,Inactive,Logistic Regression,rescue,length,Length,13.0,-0.7529565220381487,0.3610567973911831
149,VAKLLAKLAKKVL,0,Inactive,Logistic Regression,rescue,molecular_weight,Molecular weight,1394.8306,-0.9181420738851818,0.3610567973911831
149,VAKLLAKLAKKVL,0,Inactive,Logistic Regression,rescue,net_charge_pH7_4,Net charge (pH 7.4),3.513128450433076,1.0540023075481655,0.3610567973911831
149,VAKLLAKLAKKVL,0,Inactive,Logistic Regression,rescue,isoelectric_point,Isoelectric point,10.477675819396971,1.058266042569518,0.3610567973911831
149,VAKLLAKLAKKVL,0,Inactive,Logistic Regression,rescue,mean_eisenberg_hydrophobicity,Mean hydrophobicity,0.1892307692307692,0.5943149381622681,0.3610567973911831
149,VAKLLAKLAKKVL,0,Inactive,Logistic Regression,rescue,hydrophobic_moment,Hydrophobic moment,0.6863913514848103,1.9220802365666807,0.3610567973911831
149,VAKLLAKLAKKVL,0,Inactive,Logistic Regression,rescue,boman_index,Boman index,-0.8453846153846155,-1.3951913874061543,0.3610567973911831
158,AEGVATADPLMRLAKQLK,0,Inactive,Logistic Regression,stable_correct,length,Length,18.0,0.28580209449313887,0.02372179257917
158,AEGVATADPLMRLAKQLK,0,Inactive,Logistic Regression,stable_correct,molecular_weight,Molecular weight,1912.2580000000005,0.025497181124843067,0.02372179257917
158,AEGVATADPLMRLAKQLK,0,Inactive,Logistic Regression,stable_correct,net_charge_pH7_4,Net charge (pH 7.4),0.6043332394583807,-0.021376876728344464,0.02372179257917
158,AEGVATADPLMRLAKQLK,0,Inactive,Logistic Regression,stable_correct,isoelectric_point,Isoelectric point,8.634008979797365,0.3336906713712608,0.02372179257917
158,AEGVATADPLMRLAKQLK,0,Inactive,Logistic Regression,stable_correct,mean_eisenberg_hydrophobicity,Mean hydrophobicity,0.0044444444444444,-0.12206788050035244,0.02372179257917
158,AEGVATADPLMRLAKQLK,0,Inactive,Logistic Regression,stable_correct,hydrophobic_moment,Hydrophobic moment,0.361077177684928,-0.05199029506496194,0.02372179257917
158,AEGVATADPLMRLAKQLK,0,Inactive,Logistic Regression,stable_correct,boman_index,Boman index,1.1294444444444445,-0.045996982044837785,0.02372179257917
166,AGNLDIMTSAALATAERMAQSMLN,0,Inactive,Logistic Regression,stable_correct,length,Length,24.0,1.5323124343306838,-0.0022271179900494
166,AGNLDIMTSAALATAERMAQSMLN,0,Inactive,Logistic Regression,stable_correct,molecular_weight,Molecular weight,2480.8363,1.0624210151291213,-0.0022271179900494
166,AGNLDIMTSAALATAERMAQSMLN,0,Inactive,Logistic Regression,stable_correct,net_charge_pH7_4,Net charge (pH 7.4),-1.3906555752070475,-0.7589225918963733,-0.0022271179900494
166,AGNLDIMTSAALATAERMAQSMLN,0,Inactive,Logistic Regression,stable_correct,isoelectric_point,Isoelectric point,4.37037296295166,-1.3419513606952007,-0.0022271179900494
166,AGNLDIMTSAALATAERMAQSMLN,0,Inactive,Logistic Regression,stable_correct,mean_eisenberg_hydrophobicity,Mean hydrophobicity,0.15875,0.4761465650329634,-0.0022271179900494
166,AGNLDIMTSAALATAERMAQSMLN,0,Inactive,Logistic Regression,stable_correct,hydrophobic_moment,Hydrophobic moment,0.2630663784353652,-0.6467391445240893,-0.0022271179900494
166,AGNLDIMTSAALATAERMAQSMLN,0,Inactive,Logistic Regression,stable_correct,boman_index,Boman index,0.945,-0.17200860381323585,-0.0022271179900494
167,AHAIGVLLDNL,0,Inactive,Logistic Regression,stable_correct,length,Length,11.0,-1.1684599686506636,0.0552601751330219
167,AHAIGVLLDNL,0,Inactive,Logistic Regression,stable_correct,molecular_weight,Molecular weight,1135.3131,-1.3914276021777765,0.0552601751330219
167,AHAIGVLLDNL,0,Inactive,Logistic Regression,stable_correct,net_charge_pH7_4,Net charge (pH 7.4),-1.3551247767374717,-0.7457868850818321,0.0552601751330219
167,AHAIGVLLDNL,0,Inactive,Logistic Regression,stable_correct,isoelectric_point,Isoelectric point,5.078188896179198,-1.063774207674558,0.0552601751330219
167,AHAIGVLLDNL,0,Inactive,Logistic Regression,stable_correct,mean_eisenberg_hydrophobicity,Mean hydrophobicity,0.4945454545454545,1.7779641887101199,0.0552601751330219
167,AHAIGVLLDNL,0,Inactive,Logistic Regression,stable_correct,hydrophobic_moment,Hydrophobic moment,0.4012201711318436,0.19160530204476026,0.0552601751330219
167,AHAIGVLLDNL,0,Inactive,Logistic Regression,stable_correct,boman_index,Boman index,-0.7509090909090907,-1.3306461304728845,0.0552601751330219
169,AKQEKIIIQVALNDITHVVELL,0,Inactive,Logistic Regression,stable_correct,length,Length,22.0,1.1168089877181688,0.0215861634136877
169,AKQEKIIIQVALNDITHVVELL,0,Inactive,Logistic Regression,stable_correct,molecular_weight,Molecular weight,2487.9315,1.0753606260622637,0.0215861634136877
169,AKQEKIIIQVALNDITHVVELL,0,Inactive,Logistic Regression,stable_correct,net_charge_pH7_4,Net charge (pH 7.4),-1.357894440192354,-0.7468108273709262,0.0215861634136877
169,AKQEKIIIQVALNDITHVVELL,0,Inactive,Logistic Regression,stable_correct,isoelectric_point,Isoelectric point,5.447187614440917,-0.9187548486919823,0.0215861634136877
169,AKQEKIIIQVALNDITHVVELL,0,Inactive,Logistic Regression,stable_correct,mean_eisenberg_hydrophobicity,Mean hydrophobicity,0.2331818181818181,0.7647051245959199,0.0215861634136877
169,AKQEKIIIQVALNDITHVVELL,0,Inactive,Logistic Regression,stable_correct,hydrophobic_moment,Hydrophobic moment,0.3697933873567896,0.0009013833386029649,0.0215861634136877
169,AKQEKIIIQVALNDITHVVELL,0,Inactive,Logistic Regression,stable_correct,boman_index,Boman index,0.3731818181818182,-0.5626722351554598,0.0215861634136877
170,AKVVRTALEDAASVAGLLIT,0,Inactive,Logistic Regression,stable_correct,length,Length,20.0,0.7013055411056538,0.0591178359749885
170,AKVVRTALEDAASVAGLLIT,0,Inactive,Logistic Regression,stable_correct,molecular_weight,Molecular weight,1998.324,0.18245689396898762,0.0591178359749885
170,AKVVRTALEDAASVAGLLIT,0,Inactive,Logistic Regression,stable_correct,net_charge_pH7_4,Net charge (pH 7.4),-0.3931611678743332,-0.39014973431235883,0.0591178359749885
170,AKVVRTALEDAASVAGLLIT,0,Inactive,Logistic Regression,stable_correct,isoelectric_point,Isoelectric point,6.114193153381346,-0.6566164972347237,0.0591178359749885
170,AKVVRTALEDAASVAGLLIT,0,Inactive,Logistic Regression,stable_correct,mean_eisenberg_hydrophobicity,Mean hydrophobicity,0.283,0.9578411131644702,0.0591178359749885
170,AKVVRTALEDAASVAGLLIT,0,Inactive,Logistic Regression,stable_correct,hydrophobic_moment,Hydrophobic moment,0.406621699469199,0.22438284072988973,0.0591178359749885
170,AKVVRTALEDAASVAGLLIT,0,Inactive,Logistic Regression,stable_correct,boman_index,Boman index,0.1375000000000002,-0.7236890021275927,0.0591178359749885
173,ALYGLLKEEMGEILAK,0,Inactive,Logistic Regression,stable_correct,length,Length,16.0,-0.12970135211937614,0.0266639324677805
173,ALYGLLKEEMGEILAK,0,Inactive,Logistic Regression,stable_correct,molecular_weight,Molecular weight,1778.1175000000003,-0.21913663897566243,0.0266639324677805
173,ALYGLLKEEMGEILAK,0,Inactive,Logistic Regression,stable_correct,net_charge_pH7_4,Net charge (pH 7.4),-1.396352197250847,-0.7610286283555506,0.0266639324677805
173,ALYGLLKEEMGEILAK,0,Inactive,Logistic Regression,stable_correct,isoelectric_point,Isoelectric point,4.786207008361816,-1.178525354793087,0.0266639324677805
173,ALYGLLKEEMGEILAK,0,Inactive,Logistic Regression,stable_correct,mean_eisenberg_hydrophobicity,Mean hydrophobicity,0.23,0.7523697968588778,0.0266639324677805
173,ALYGLLKEEMGEILAK,0,Inactive,Logistic Regression,stable_correct,hydrophobic_moment,Hydrophobic moment,0.1789650752067653,-1.1570824303273228,0.0266639324677805
173,ALYGLLKEEMGEILAK,0,Inactive,Logistic Regression,stable_correct,boman_index,Boman index,-0.0487500000000001,-0.8509341713982418,0.0266639324677805
175,APDAEGRAIQAVYWANKWAKEQG,0,Inactive,Logistic Regression,stable_correct,length,Length,23.0,1.3245607110244264,0.008281485204401
175,APDAEGRAIQAVYWANKWAKEQG,0,Inactive,Logistic Regression,stable_correct,molecular_weight,Molecular weight,2559.7888000000003,1.2064077430858922,0.008281485204401
175,APDAEGRAIQAVYWANKWAKEQG,0,Inactive,Logistic Regression,stable_correct,net_charge_pH7_4,Net charge (pH 7.4),-0.3970515922690603,-0.39158802099418033,0.008281485204401
175,APDAEGRAIQAVYWANKWAKEQG,0,Inactive,Logistic Regression,stable_correct,isoelectric_point,Isoelectric point,6.224460792541504,-0.6132804595843538,0.008281485204401
175,APDAEGRAIQAVYWANKWAKEQG,0,Inactive,Logistic Regression,stable_correct,mean_eisenberg_hydrophobicity,Mean hydrophobicity,-0.0513043478260869,-0.3381957622036186,0.008281485204401
175,APDAEGRAIQAVYWANKWAKEQG,0,Inactive,Logistic Regression,stable_correct,hydrophobic_moment,Hydrophobic moment,0.304754344226066,-0.39376835069168026,0.008281485204401
175,APDAEGRAIQAVYWANKWAKEQG,0,Inactive,Logistic Regression,stable_correct,boman_index,Boman index,1.73304347826087,0.36637918563071226,0.008281485204401
177,APEDVRKSSKEVL,0,Inactive,Logistic Regression,stable_correct,length,Length,13.0,-0.7529565220381487,0.0035882740779885
177,APEDVRKSSKEVL,0,Inactive,Logistic Regression,stable_correct,molecular_weight,Molecular weight,1457.6283,-0.8036170702917441,0.0035882740779885
177,APEDVRKSSKEVL,0,Inactive,Logistic Regression,stable_correct,net_charge_pH7_4,Net charge (pH 7.4),-0.3945459996017746,-0.39066170545690604,0.0035882740779885
177,APEDVRKSSKEVL,0,Inactive,Logistic Regression,stable_correct,isoelectric_point,Isoelectric point,6.225370216369629,-0.6129230489645572,0.0035882740779885
177,APEDVRKSSKEVL,0,Inactive,Logistic Regression,stable_correct,mean_eisenberg_hydrophobicity,Mean hydrophobicity,-0.3230769230769231,-1.3918083805536186,0.0035882740779885
177,APEDVRKSSKEVL,0,Inactive,Logistic Regression,stable_correct,hydrophobic_moment,Hydrophobic moment,0.5344739121744981,1.0002152692938213,0.0035882740779885
177,APEDVRKSSKEVL,0,Inactive,Logistic Regression,stable_correct,boman_index,Boman index,3.103846153846154,1.3029054594106204,0.0035882740779885
179,AQTSRWAAMQIGMSFISAY,0,Inactive,Logistic Regression,stable_correct,length,Length,19.0,0.49355381779939633,0.0190410104422621
179,AQTSRWAAMQIGMSFISAY,0,Inactive,Logistic Regression,stable_correct,molecular_weight,Molecular weight,2119.4222,0.40330529749584915,0.0190410104422621
179,AQTSRWAAMQIGMSFISAY,0,Inactive,Logistic Regression,stable_correct,net_charge_pH7_4,Net charge (pH 7.4),0.6052715870308174,-0.02102997040671424,0.0190410104422621
179,AQTSRWAAMQIGMSFISAY,0,Inactive,Logistic Regression,stable_correct,isoelectric_point,Isoelectric point,8.792601203918458,0.396018645815198,0.0190410104422621
179,AQTSRWAAMQIGMSFISAY,0,Inactive,Logistic Regression,stable_correct,mean_eisenberg_hydrophobicity,Mean hydrophobicity,0.2378947368421052,0.7829762491387572,0.0190410104422621
179,AQTSRWAAMQIGMSFISAY,0,Inactive,Logistic Regression,stable_correct,hydrophobic_moment,Hydrophobic moment,0.1706463967496112,-1.2075618109598085,0.0190410104422621
179,AQTSRWAAMQIGMSFISAY,0,Inactive,Logistic Regression,stable_correct,boman_index,Boman index,0.5726315789473683,-0.42640904820457215,0.0190410104422621
185,DAAGLASRHKG,0,Inactive,Logistic Regression,stable_correct,length,Length,11.0,-1.1684599686506636,0.0608690890176566
185,DAAGLASRHKG,0,Inactive,Logistic Regression,stable_correct,molecular_weight,Molecular weight,1082.1712,-1.4883431944440872,0.0608690890176566
185,DAAGLASRHKG,0,Inactive,Logistic Regression,stable_correct,net_charge_pH7_4,Net charge (pH 7.4),0.5919950819973421,-0.025938283339530698,0.0608690890176566
185,DAAGLASRHKG,0,Inactive,Logistic Regression,stable_correct,isoelectric_point,Isoelectric point,8.754887199401857,0.38119674945353,0.0608690890176566
185,DAAGLASRHKG,0,Inactive,Logistic Regression,stable_correct,mean_eisenberg_hydrophobicity,Mean hydrophobicity,-0.1418181818181818,-0.6891013586983661,0.0608690890176566
185,DAAGLASRHKG,0,Inactive,Logistic Regression,stable_correct,hydrophobic_moment,Hydrophobic moment,0.1929609899209173,-1.0721524610065483,0.0608690890176566
185,DAAGLASRHKG,0,Inactive,Logistic Regression,stable_correct,boman_index,Boman index,2.2745454545454544,0.7363309205715062,0.0608690890176566
189,DAMLRTSMVATQLVGLAMMRYV,0,Inactive,Logistic Regression,stable_correct,length,Length,22.0,1.1168089877181688,-0.009199441777021
189,DAMLRTSMVATQLVGLAMMRYV,0,Inactive,Logistic Regression,stable_correct,molecular_weight,Molecular weight,2457.9964,1.0207675846758764,-0.009199441777021
189,DAMLRTSMVATQLVGLAMMRYV,0,Inactive,Logistic Regression,stable_correct,net_charge_pH7_4,Net charge (pH 7.4),0.5553435225879215,-0.03948833454679927,-0.009199441777021
189,DAMLRTSMVATQLVGLAMMRYV,0,Inactive,Logistic Regression,stable_correct,isoelectric_point,Isoelectric point,8.745345878601075,0.37744693635690263,-0.009199441777021
189,DAMLRTSMVATQLVGLAMMRYV,0,Inactive,Logistic Regression,stable_correct,mean_eisenberg_hydrophobicity,Mean hydrophobicity,0.215,0.6942175375271064,-0.009199441777021
189,DAMLRTSMVATQLVGLAMMRYV,0,Inactive,Logistic Regression,stable_correct,hydrophobic_moment,Hydrophobic moment,0.2511300301283408,-0.7191712589104825,-0.009199441777021
189,DAMLRTSMVATQLVGLAMMRYV,0,Inactive,Logistic Regression,stable_correct,boman_index,Boman index,0.4604545454545454,-0.5030478971445641,-0.009199441777021
195,DDETREELEELLIQA,0,Inactive,Logistic Regression,stable_correct,length,Length,15.0,-0.33745307542563363,2.1980313103187044e-05
195,DDETREELEELLIQA,0,Inactive,Logistic Regression,stable_correct,molecular_weight,Molecular weight,1802.8872,-0.17396380650714335,2.1980313103187044e-05
195,DDETREELEELLIQA,0,Inactive,Logistic Regression,stable_correct,net_charge_pH7_4,Net charge (pH 7.4),-6.436075477657191,-2.624210157881885,2.1980313103187044e-05
195,DDETREELEELLIQA,0,Inactive,Logistic Regression,stable_correct,isoelectric_point,Isoelectric point,4.0500284194946286,-1.4678492515186445,2.1980313103187044e-05
195,DDETREELEELLIQA,0,Inactive,Logistic Regression,stable_correct,mean_eisenberg_hydrophobicity,Mean hydrophobicity,-0.2386666666666666,-1.0645652391515812,2.1980313103187044e-05
195,DDETREELEELLIQA,0,Inactive,Logistic Regression,stable_correct,hydrophobic_moment,Hydrophobic moment,0.2231561759533877,-0.8889221201714673,2.1980313103187044e-05
195,DDETREELEELLIQA,0,Inactive,Logistic Regression,stable_correct,boman_index,Boman index,3.535333333333333,1.597695575877525,2.1980313103187044e-05
197,DDYLKEQVLHMKQYVSDN,0,Inactive,Logistic Regression,stable_correct,length,Length,18.0,0.28580209449313887,0.0003100127491789
197,DDYLKEQVLHMKQYVSDN,0,Inactive,Logistic Regression,stable_correct,molecular_weight,Molecular weight,2225.4333,0.5966391553989933,0.0003100127491789
197,DDYLKEQVLHMKQYVSDN,0,Inactive,Logistic Regression,stable_correct,net_charge_pH7_4,Net charge (pH 7.4),-2.413482848521288,-1.1370609890865506,0.0003100127491789
197,DDYLKEQVLHMKQYVSDN,0,Inactive,Logistic Regression,stable_correct,isoelectric_point,Isoelectric point,4.658717155456543,-1.228629856055859,0.0003100127491789
197,DDYLKEQVLHMKQYVSDN,0,Inactive,Logistic Regression,stable_correct,mean_eisenberg_hydrophobicity,Mean hydrophobicity,-0.2188888888888888,-0.9878904083289493,0.0003100127491789
197,DDYLKEQVLHMKQYVSDN,0,Inactive,Logistic Regression,stable_correct,hydrophobic_moment,Hydrophobic moment,0.2605061050069643,-0.662275388361515,0.0003100127491789
197,DDYLKEQVLHMKQYVSDN,0,Inactive,Logistic Regression,stable_correct,boman_index,Boman index,2.77,1.0748232561541964,0.0003100127491789
198,DEAAFQKLMSNLD,0,Inactive,Logistic Regression,stable_correct,length,Length,13.0,-0.7529565220381487,0.0008553798146783
198,DEAAFQKLMSNLD,0,Inactive,Logistic Regression,stable_correct,molecular_weight,Molecular weight,1481.6262999999997,-0.7598515974123988,0.0008553798146783
198,DEAAFQKLMSNLD,0,Inactive,Logistic Regression,stable_correct,net_charge_pH7_4,Net charge (pH 7.4),-2.441769684558424,-1.1475186089796974,0.0008553798146783
198,DEAAFQKLMSNLD,0,Inactive,Logistic Regression,stable_correct,isoelectric_point,Isoelectric point,4.274371910095215,-1.3796805192475068,0.0008553798146783
198,DEAAFQKLMSNLD,0,Inactive,Logistic Regression,stable_correct,mean_eisenberg_hydrophobicity,Mean hydrophobicity,-0.0438461538461538,-0.3092817068391035,0.0008553798146783
198,DEAAFQKLMSNLD,0,Inactive,Logistic Regression,stable_correct,hydrophobic_moment,Hydrophobic moment,0.3080720028531845,-0.3736361441747983,0.0008553798146783
198,DEAAFQKLMSNLD,0,Inactive,Logistic Regression,stable_correct,boman_index,Boman index,2.045384615384615,0.5797692573810367,0.0008553798146783
212,DFPALIKQASLDALFK,0,Inactive,Logistic Regression,stable_correct,length,Length,16.0,-0.12970135211937614,0.0864525314321184
212,DFPALIKQASLDALFK,0,Inactive,Logistic Regression,stable_correct,molecular_weight,Molecular weight,1777.0681000000002,-0.22105044376104416,0.0864525314321184
212,DFPALIKQASLDALFK,0,Inactive,Logistic Regression,stable_correct,net_charge_pH7_4,Net charge (pH 7.4),-0.446665349457612,-0.4099301860022283,0.0864525314321184
212,DFPALIKQASLDALFK,0,Inactive,Logistic Regression,stable_correct,isoelectric_point,Isoelectric point,5.959761619567872,-0.7173092881089769,0.0864525314321184
212,DFPALIKQASLDALFK,0,Inactive,Logistic Regression,stable_correct,mean_eisenberg_hydrophobicity,Mean hydrophobicity,0.203125,0.6481803322227873,0.0864525314321184
212,DFPALIKQASLDALFK,0,Inactive,Logistic Regression,stable_correct,hydrophobic_moment,Hydrophobic moment,0.1660651992463658,-1.2353614204422543,0.0864525314321184
212,DFPALIKQASLDALFK,0,Inactive,Logistic Regression,stable_correct,boman_index,Boman index,0.400625,-0.5439231757418774,0.0864525314321184
216,DGGGFVISKHPVRLAKKLNR,0,Inactive,Logistic Regression,rescue,length,Length,20.0,0.7013055411056538,0.5027637088903133
216,DGGGFVISKHPVRLAKKLNR,0,Inactive,Logistic Regression,rescue,molecular_weight,Molecular weight,2192.5658000000008,0.536698256996548,0.5027637088903133
216,DGGGFVISKHPVRLAKKLNR,0,Inactive,Logistic Regression,rescue,net_charge_pH7_4,Net charge (pH 7.4),3.586958778429397,1.0812973187596788,0.5027637088903133
216,DGGGFVISKHPVRLAKKLNR,0,Inactive,Logistic Regression,rescue,isoelectric_point,Isoelectric point,11.097216987609862,1.3017505281005086,0.5027637088903133
216,DGGGFVISKHPVRLAKKLNR,0,Inactive,Logistic Regression,rescue,mean_eisenberg_hydrophobicity,Mean hydrophobicity,-0.1289999999999999,-0.639407609814852,0.5027637088903133
216,DGGGFVISKHPVRLAKKLNR,0,Inactive,Logistic Regression,rescue,hydrophobic_moment,Hydrophobic moment,0.4814575035363016,0.6785012512320518,0.5027637088903133
216,DGGGFVISKHPVRLAKKLNR,0,Inactive,Logistic Regression,rescue,boman_index,Boman index,1.9730000000000003,0.5303164110067755,0.5027637088903133
217,DHAVLEVLATPVREALLARFG,0,Inactive,Logistic Regression,stable_correct,length,Length,21.0,0.9090572644119114,0.0179782486188953
217,DHAVLEVLATPVREALLARFG,0,Inactive,Logistic Regression,stable_correct,molecular_weight,Molecular weight,2277.6206,0.6918138309051313,0.0179782486188953
217,DHAVLEVLATPVREALLARFG,0,Inactive,Logistic Regression,stable_correct,net_charge_pH7_4,Net charge (pH 7.4),-1.4032829216890566,-0.7635909114494882,0.0179782486188953
217,DHAVLEVLATPVREALLARFG,0,Inactive,Logistic Regression,stable_correct,isoelectric_point,Isoelectric point,5.445482444763183,-0.9194249936041015,0.0179782486188953
217,DHAVLEVLATPVREALLARFG,0,Inactive,Logistic Regression,stable_correct,mean_eisenberg_hydrophobicity,Mean hydrophobicity,0.1976190476190477,0.6268347608410857,0.0179782486188953
217,DHAVLEVLATPVREALLARFG,0,Inactive,Logistic Regression,stable_correct,hydrophobic_moment,Hydrophobic moment,0.1084929838605369,-1.5847209718764554,0.0179782486188953
217,DHAVLEVLATPVREALLARFG,0,Inactive,Logistic Regression,stable_correct,boman_index,Boman index,0.7833333333333333,-0.2824585493993919,0.0179782486188953
229,DLESDALGWQYITG,0,Inactive,Logistic Regression,stable_correct,length,Length,14.0,-0.5452047987318911,0.0029336675589962
229,DLESDALGWQYITG,0,Inactive,Logistic Regression,stable_correct,molecular_weight,Molecular weight,1567.6509,-0.6029673863007807,0.0029336675589962
229,DLESDALGWQYITG,0,Inactive,Logistic Regression,stable_correct,net_charge_pH7_4,Net charge (pH 7.4),-3.4430389958504817,-1.5176870454360933,0.0029336675589962
229,DLESDALGWQYITG,0,Inactive,Logistic Regression,stable_correct,isoelectric_point,Isoelectric point,4.0500284194946286,-1.4678492515186445,0.0029336675589962
229,DLESDALGWQYITG,0,Inactive,Logistic Regression,stable_correct,mean_eisenberg_hydrophobicity,Mean hydrophobicity,0.1878571428571429,0.5889896396886629,0.0029336675589962
229,DLESDALGWQYITG,0,Inactive,Logistic Regression,stable_correct,hydrophobic_moment,Hydrophobic moment,0.0644502163018232,-1.851981167009061,0.0029336675589962
229,DLESDALGWQYITG,0,Inactive,Logistic Regression,stable_correct,boman_index,Boman index,1.0799999999999998,-0.07977720595263135,0.0029336675589962
235,DLRELIARVRALIRRKS,0,Inactive,Logistic Regression,stable_correct,length,Length,17.0,0.07805037118688135,0.0123954872834006
235,DLRELIARVRALIRRKS,0,Inactive,Logistic Regression,stable_correct,molecular_weight,Molecular weight,2065.4696000000004,0.3049112208198682,0.0123954872834006
235,DLRELIARVRALIRRKS,0,Inactive,Logistic Regression,stable_correct,net_charge_pH7_4,Net charge (pH 7.4),3.556388928827646,1.069995670639469,0.0123954872834006
235,DLRELIARVRALIRRKS,0,Inactive,Logistic Regression,stable_correct,isoelectric_point,Isoelectric point,11.82919101715088,1.5894220003917545,0.0123954872834006
235,DLRELIARVRALIRRKS,0,Inactive,Logistic Regression,stable_correct,mean_eisenberg_hydrophobicity,Mean hydrophobicity,-0.4341176470588235,-1.822292979045827,0.0123954872834006
235,DLRELIARVRALIRRKS,0,Inactive,Logistic Regression,stable_correct,hydrophobic_moment,Hydrophobic moment,0.496292472628917,0.7685227679133789,0.0123954872834006
235,DLRELIARVRALIRRKS,0,Inactive,Logistic Regression,stable_correct,boman_index,Boman index,3.930588235294117,1.8677319619449273,0.0123954872834006
239,DMNQVLDAYEN,0,Inactive,Logistic Regression,stable_correct,length,Length,11.0,-1.1684599686506636,7.185360960781928e-06
239,DMNQVLDAYEN,0,Inactive,Logistic Regression,stable_correct,molecular_weight,Molecular weight,1311.3742,-1.0703426243813838,7.185360960781928e-06
239,DMNQVLDAYEN,0,Inactive,Logistic Regression,stable_correct,net_charge_pH7_4,Net charge (pH 7.4),-3.4430389958504817,-1.5176870454360933,7.185360960781928e-06
239,DMNQVLDAYEN,0,Inactive,Logistic Regression,stable_correct,isoelectric_point,Isoelectric point,4.0500284194946286,-1.4678492515186445,7.185360960781928e-06
239,DMNQVLDAYEN,0,Inactive,Logistic Regression,stable_correct,mean_eisenberg_hydrophobicity,Mean hydrophobicity,-0.1118181818181818,-0.5727968400348233,7.185360960781928e-06
239,DMNQVLDAYEN,0,Inactive,Logistic Regression,stable_correct,hydrophobic_moment,Hydrophobic moment,0.4310078018548522,0.3723625169258719,7.185360960781928e-06
239,DMNQVLDAYEN,0,Inactive,Logistic Regression,stable_correct,boman_index,Boman index,2.735454545454546,1.0512219556915503,7.185360960781928e-06
252,DPLWKKEMFEKYLSN,0,Inactive,Logistic Regression,stable_correct,length,Length,15.0,-0.33745307542563363,0.0025370305635635
252,DPLWKKEMFEKYLSN,0,Inactive,Logistic Regression,stable_correct,molecular_weight,Molecular weight,1928.2108000000003,0.054590515392266316,0.0025370305635635
252,DPLWKKEMFEKYLSN,0,Inactive,Logistic Regression,stable_correct,net_charge_pH7_4,Net charge (pH 7.4),-0.4498814970674991,-0.4111191931142396,0.0025370305635635
252,DPLWKKEMFEKYLSN,0,Inactive,Logistic Regression,stable_correct,isoelectric_point,Isoelectric point,6.179899024963378,-0.6307935799544004,0.0025370305635635
252,DPLWKKEMFEKYLSN,0,Inactive,Logistic Regression,stable_correct,mean_eisenberg_hydrophobicity,Mean hydrophobicity,-0.174,-0.8138643878101668,0.0025370305635635
252,DPLWKKEMFEKYLSN,0,Inactive,Logistic Regression,stable_correct,hydrophobic_moment,Hydrophobic moment,0.1309524671583278,-1.4484324000753515,0.0025370305635635
252,DPLWKKEMFEKYLSN,0,Inactive,Logistic Regression,stable_correct,boman_index,Boman index,2.111333333333333,0.6248251273330737,0.0025370305635635
261,DQNGEIYMWPVAQA,0,Inactive,Logistic Regression,stable_correct,length,Length,14.0,-0.5452047987318911,0.0002164252962761
261,DQNGEIYMWPVAQA,0,Inactive,Logistic Regression,stable_correct,molecular_weight,Molecular weight,1621.7677,-0.5042738558933719,0.0002164252962761
261,DQNGEIYMWPVAQA,0,Inactive,Logistic Regression,stable_correct,net_charge_pH7_4,Net charge (pH 7.4),-2.443485480005487,-1.1481529371377217,0.0002164252962761
261,DQNGEIYMWPVAQA,0,Inactive,Logistic Regression,stable_correct,isoelectric_point,Isoelectric point,4.0500284194946286,-1.4678492515186445,0.0002164252962761
261,DQNGEIYMWPVAQA,0,Inactive,Logistic Regression,stable_correct,mean_eisenberg_hydrophobicity,Mean hydrophobicity,0.1378571428571429,0.3951487752494247,0.0002164252962761
261,DQNGEIYMWPVAQA,0,Inactive,Logistic Regression,stable_correct,hydrophobic_moment,Hydrophobic moment,0.1588075041909526,-1.2794025446549155,0.0002164252962761
261,DQNGEIYMWPVAQA,0,Inactive,Logistic Regression,stable_correct,boman_index,Boman index,1.0850000000000002,-0.07636122825409021,0.0002164252962761
271,DSVASLLDVVKSTG,0,Inactive,Logistic Regression,stable_correct,length,Length,14.0,-0.5452047987318911,0.0444804457874276
271,DSVASLLDVVKSTG,0,Inactive,Logistic Regression,stable_correct,molecular_weight,Molecular weight,1390.5356,-0.9259749227066166,0.0444804457874276
271,DSVASLLDVVKSTG,0,Inactive,Logistic Regression,stable_correct,net_charge_pH7_4,Net charge (pH 7.4),-1.4441597567903264,-0.778703043586243,0.0444804457874276
271,DSVASLLDVVKSTG,0,Inactive,Logistic Regression,stable_correct,isoelectric_point,Isoelectric point,4.207813453674317,-1.4058385089838892,0.0444804457874276
271,DSVASLLDVVKSTG,0,Inactive,Logistic Regression,stable_correct,mean_eisenberg_hydrophobicity,Mean hydrophobicity,0.1935714285714286,0.6111428813388615,0.0444804457874276
271,DSVASLLDVVKSTG,0,Inactive,Logistic Regression,stable_correct,hydrophobic_moment,Hydrophobic moment,0.4098819957295438,0.2441669610980808,0.0444804457874276
271,DSVASLLDVVKSTG,0,Inactive,Logistic Regression,stable_correct,boman_index,Boman index,0.7892857142857145,-0.2783919092820812,0.0444804457874276
282,DWYRTYAELRETA,0,Inactive,Logistic Regression,stable_correct,length,Length,13.0,-0.7529565220381487,2.5865876978614644e-05
282,DWYRTYAELRETA,0,Inactive,Logistic Regression,stable_correct,molecular_weight,Molecular weight,1673.7796,-0.4094190597081373,2.5865876978614644e-05
282,DWYRTYAELRETA,0,Inactive,Logistic Regression,stable_correct,net_charge_pH7_4,Net charge (pH 7.4),-1.4449205481996747,-0.7789843075411969,2.5865876978614644e-05
282,DWYRTYAELRETA,0,Inactive,Logistic Regression,stable_correct,isoelectric_point,Isoelectric point,4.679122352600097,-1.2206104552741672,2.5865876978614644e-05
282,DWYRTYAELRETA,0,Inactive,Logistic Regression,stable_correct,mean_eisenberg_hydrophobicity,Mean hydrophobicity,-0.293076923076923,-1.2755038618900754,2.5865876978614644e-05
282,DWYRTYAELRETA,0,Inactive,Logistic Regression,stable_correct,hydrophobic_moment,Hydrophobic moment,0.4073577608108996,0.22884940604166792,2.5865876978614644e-05
282,DWYRTYAELRETA,0,Inactive,Logistic Regression,stable_correct,boman_index,Boman index,3.594615384615385,1.6381968088981747,2.5865876978614644e-05
288,EDKEAVFDVVDTLTAVLQVATGVISTL,0,Inactive,Logistic Regression,stable_correct,length,Length,27.0,2.1555676042494563,0.0225127785781373
288,EDKEAVFDVVDTLTAVLQVATGVISTL,0,Inactive,Logistic Regression,stable_correct,molecular_weight,Molecular weight,2834.1750999999995,1.7068097003787535,0.0225127785781373
288,EDKEAVFDVVDTLTAVLQVATGVISTL,0,Inactive,Logistic Regression,stable_correct,net_charge_pH7_4,Net charge (pH 7.4),-4.332643959934803,-1.8465732650626607,0.0225127785781373
288,EDKEAVFDVVDTLTAVLQVATGVISTL,0,Inactive,Logistic Regression,stable_correct,isoelectric_point,Isoelectric point,4.0500284194946286,-1.4678492515186445,0.0225127785781373
288,EDKEAVFDVVDTLTAVLQVATGVISTL,0,Inactive,Logistic Regression,stable_correct,mean_eisenberg_hydrophobicity,Mean hydrophobicity,0.2937037037037037,0.9993374167370183,0.0225127785781373
288,EDKEAVFDVVDTLTAVLQVATGVISTL,0,Inactive,Logistic Regression,stable_correct,hydrophobic_moment,Hydrophobic moment,0.3172138853343177,-0.3181613992571478,0.0225127785781373
288,EDKEAVFDVVDTLTAVLQVATGVISTL,0,Inactive,Logistic Regression,stable_correct,boman_index,Boman index,0.417777777777778,-0.5322044744704939,0.0225127785781373
301,EGKDRELYGKLHETLKKVTEDLEA,0,Inactive,Logistic Regression,stable_correct,length,Length,24.0,1.5323124343306838,0.0075225207818448
301,EGKDRELYGKLHETLKKVTEDLEA,0,Inactive,Logistic Regression,stable_correct,molecular_weight,Molecular weight,2802.0972000000006,1.6483088060343778,0.0075225207818448
301,EGKDRELYGKLHETLKKVTEDLEA,0,Inactive,Logistic Regression,stable_correct,net_charge_pH7_4,Net charge (pH 7.4),-2.303149208996744,-1.0962707337868642,0.0075225207818448
301,EGKDRELYGKLHETLKKVTEDLEA,0,Inactive,Logistic Regression,stable_correct,isoelectric_point,Isoelectric point,5.094388008117675,-1.0574078310094266,0.0075225207818448
301,EGKDRELYGKLHETLKKVTEDLEA,0,Inactive,Logistic Regression,stable_correct,mean_eisenberg_hydrophobicity,Mean hydrophobicity,-0.2983333333333333,-1.2958820040490724,0.0075225207818448
301,EGKDRELYGKLHETLKKVTEDLEA,0,Inactive,Logistic Regression,stable_correct,hydrophobic_moment,Hydrophobic moment,0.3345743561016327,-0.21281464059396438,0.0075225207818448
301,EGKDRELYGKLHETLKKVTEDLEA,0,Inactive,Logistic Regression,stable_correct,boman_index,Boman index,2.964166666666667,1.2074770567808686,0.0075225207818448
302,EGNKRLDSVNSIVS,0,Inactive,Logistic Regression,stable_correct,length,Length,14.0,-0.5452047987318911,0.0032739583882347
302,EGNKRLDSVNSIVS,0,Inactive,Logistic Regression,stable_correct,molecular_weight,Molecular weight,1517.6402999999998,-0.694172384966496,0.0032739583882347
302,EGNKRLDSVNSIVS,0,Inactive,Logistic Regression,stable_correct,net_charge_pH7_4,Net charge (pH 7.4),-0.334682807418031,-0.36853033280617525,0.0032739583882347
302,EGNKRLDSVNSIVS,0,Inactive,Logistic Regression,stable_correct,isoelectric_point,Isoelectric point,6.168474388122559,-0.635283550865598,0.0032739583882347
302,EGNKRLDSVNSIVS,0,Inactive,Logistic Regression,stable_correct,mean_eisenberg_hydrophobicity,Mean hydrophobicity,-0.1828571428571428,-0.8482019123679745,0.0032739583882347
302,EGNKRLDSVNSIVS,0,Inactive,Logistic Regression,stable_correct,hydrophobic_moment,Hydrophobic moment,0.3577945663180282,-0.07190982789841963,0.0032739583882347
302,EGNKRLDSVNSIVS,0,Inactive,Logistic Regression,stable_correct,boman_index,Boman index,2.901428571428571,1.1646146699444142,0.0032739583882347
309,EKETFREKFMQH,0,Inactive,Logistic Regression,stable_correct,length,Length,12.0,-0.9607082453444061,0.0001533594966395
309,EKETFREKFMQH,0,Inactive,Logistic Regression,stable_correct,molecular_weight,Molecular weight,1609.8036000000002,-0.5260929447372664,0.0001533594966395
309,EKETFREKFMQH,0,Inactive,Logistic Regression,stable_correct,net_charge_pH7_4,Net charge (pH 7.4),-0.2987669211845851,-0.35525225936375204,0.0001533594966395
309,EKETFREKFMQH,0,Inactive,Logistic Regression,stable_correct,isoelectric_point,Isoelectric point,6.861625862121582,-0.3628696440891793,0.0001533594966395
309,EKETFREKFMQH,0,Inactive,Logistic Regression,stable_correct,mean_eisenberg_hydrophobicity,Mean hydrophobicity,-0.4983333333333333,-2.071245461806025,0.0001533594966395
309,EKETFREKFMQH,0,Inactive,Logistic Regression,stable_correct,hydrophobic_moment,Hydrophobic moment,0.1208031557194723,-1.5100204224900202,0.0001533594966395
309,EKETFREKFMQH,0,Inactive,Logistic Regression,stable_correct,boman_index,Boman index,4.2425,2.0808286883744946,0.0001533594966395
315,EPGQRKIVMHK,0,Inactive,Logistic Regression,stable_correct,length,Length,11.0,-1.1684599686506636,0.0048305417389943
315,EPGQRKIVMHK,0,Inactive,Logistic Regression,stable_correct,molecular_weight,Molecular weight,1322.5792,-1.0499079163385023,0.0048305417389943
315,EPGQRKIVMHK,0,Inactive,Logistic Regression,stable_correct,net_charge_pH7_4,Net charge (pH 7.4),1.698991556935726,0.38331739809337134,0.0048305417389943
315,EPGQRKIVMHK,0,Inactive,Logistic Regression,stable_correct,isoelectric_point,Isoelectric point,9.9959680557251,0.8689511543398049,0.0048305417389943
315,EPGQRKIVMHK,0,Inactive,Logistic Regression,stable_correct,mean_eisenberg_hydrophobicity,Mean hydrophobicity,-0.3409090909090909,-1.4609404371018782,0.0048305417389943
315,EPGQRKIVMHK,0,Inactive,Logistic Regression,stable_correct,hydrophobic_moment,Hydrophobic moment,0.2065639140782027,-0.989607235850032,0.0048305417389943
315,EPGQRKIVMHK,0,Inactive,Logistic Regression,stable_correct,boman_index,Boman index,2.7981818181818183,1.0940769486368818,0.0048305417389943
316,EQEILRQVKKAYDRAARLG,0,Inactive,Logistic Regression,stable_correct,length,Length,19.0,0.49355381779939633,0.0085262963521982
316,EQEILRQVKKAYDRAARLG,0,Inactive,Logistic Regression,stable_correct,molecular_weight,Molecular weight,2244.5528,0.6315076427194636,0.0085262963521982
316,EQEILRQVKKAYDRAARLG,0,Inactive,Logistic Regression,stable_correct,net_charge_pH7_4,Net charge (pH 7.4),1.6613765317204954,0.36941115437436417,0.0085262963521982
316,EQEILRQVKKAYDRAARLG,0,Inactive,Logistic Regression,stable_correct,isoelectric_point,Isoelectric point,9.695803260803224,0.7509840612459134,0.0085262963521982
316,EQEILRQVKKAYDRAARLG,0,Inactive,Logistic Regression,stable_correct,mean_eisenberg_hydrophobicity,Mean hydrophobicity,-0.3831578947368421,-1.62473133021178,0.0085262963521982
316,EQEILRQVKKAYDRAARLG,0,Inactive,Logistic Regression,stable_correct,hydrophobic_moment,Hydrophobic moment,0.7098656176369683,2.064526710759223,0.0085262963521982
316,EQEILRQVKKAYDRAARLG,0,Inactive,Logistic Regression,stable_correct,boman_index,Boman index,3.381578947368421,1.4926512651757264,0.0085262963521982
326,EVNRNFGERINDLRILILLL,0,Inactive,Logistic Regression,stable_correct,length,Length,20.0,0.7013055411056538,0.009749410465482
326,EVNRNFGERINDLRILILLL,0,Inactive,Logistic Regression,stable_correct,molecular_weight,Molecular weight,2410.8125,0.9347176765255398,0.009749410465482
326,EVNRNFGERINDLRILILLL,0,Inactive,Logistic Regression,stable_correct,net_charge_pH7_4,Net charge (pH 7.4),-0.3311066902776476,-0.3672082452563906,0.009749410465482
326,EVNRNFGERINDLRILILLL,0,Inactive,Logistic Regression,stable_correct,isoelectric_point,Isoelectric point,6.281413459777832,-0.5908976195195754,0.009749410465482
326,EVNRNFGERINDLRILILLL,0,Inactive,Logistic Regression,stable_correct,mean_eisenberg_hydrophobicity,Mean hydrophobicity,0.013,-0.08889955480741597,0.009749410465482
326,EVNRNFGERINDLRILILLL,0,Inactive,Logistic Regression,stable_correct,hydrophobic_moment,Hydrophobic moment,0.319814792655498,-0.302378580948698,0.009749410465482
326,EVNRNFGERINDLRILILLL,0,Inactive,Logistic Regression,stable_correct,boman_index,Boman index,1.9849999999999997,0.5385147574832733,0.009749410465482
329,EYKYYKLKLAEMQR,0,Inactive,Logistic Regression,stable_correct,length,Length,14.0,-0.5452047987318911,0.0002681870434356
329,EYKYYKLKLAEMQR,0,Inactive,Logistic Regression,stable_correct,molecular_weight,Molecular weight,1863.1838,-0.06400009236359872,0.0002681870434356
329,EYKYYKLKLAEMQR,0,Inactive,Logistic Regression,stable_correct,net_charge_pH7_4,Net charge (pH 7.4),1.6534635060303802,0.36648571531984103,0.0002681870434356
329,EYKYYKLKLAEMQR,0,Inactive,Logistic Regression,stable_correct,isoelectric_point,Isoelectric point,9.31228084564209,0.6002567767064889,0.0002681870434356
329,EYKYYKLKLAEMQR,0,Inactive,Logistic Regression,stable_correct,mean_eisenberg_hydrophobicity,Mean hydrophobicity,-0.3635714285714285,-1.5487981795555068,0.0002681870434356
329,EYKYYKLKLAEMQR,0,Inactive,Logistic Regression,stable_correct,hydrophobic_moment,Hydrophobic moment,0.2397512106630324,-0.7882201783868277,0.0002681870434356
329,EYKYYKLKLAEMQR,0,Inactive,Logistic Regression,stable_correct,boman_index,Boman index,2.6535714285714285,0.9952797754596009,0.0002681870434356
341,FKSVQNSLQRILYLWAIRH,0,Inactive,Logistic Regression,stable_correct,length,Length,19.0,0.49355381779939633,0.0527722058072271
341,FKSVQNSLQRILYLWAIRH,0,Inactive,Logistic Regression,stable_correct,molecular_weight,Molecular weight,2372.7677,0.8653348670164078,0.0527722058072271
341,FKSVQNSLQRILYLWAIRH,0,Inactive,Logistic Regression,stable_correct,net_charge_pH7_4,Net charge (pH 7.4),2.589017886941678,0.7123593963527471,0.0527722058072271
341,FKSVQNSLQRILYLWAIRH,0,Inactive,Logistic Regression,stable_correct,isoelectric_point,Isoelectric point,11.00044994354248,1.263720329059716,0.0527722058072271
341,FKSVQNSLQRILYLWAIRH,0,Inactive,Logistic Regression,stable_correct,mean_eisenberg_hydrophobicity,Mean hydrophobicity,0.0184210526315789,-0.06788312424189874,0.0527722058072271
341,FKSVQNSLQRILYLWAIRH,0,Inactive,Logistic Regression,stable_correct,hydrophobic_moment,Hydrophobic moment,0.332308528422048,-0.2265641295872568,0.0527722058072271
341,FKSVQNSLQRILYLWAIRH,0,Inactive,Logistic Regression,stable_correct,boman_index,Boman index,1.5236842105263153,0.22334586771789341,0.0527722058072271
345,FNQRRISSAKFLGELYNY,0,Inactive,Logistic Regression,stable_correct,length,Length,18.0,0.28580209449313887,0.0057165661458489
345,FNQRRISSAKFLGELYNY,0,Inactive,Logistic Regression,stable_correct,molecular_weight,Molecular weight,2206.458000000001,0.5620336475430294,0.0057165661458489
345,FNQRRISSAKFLGELYNY,0,Inactive,Logistic Regression,stable_correct,net_charge_pH7_4,Net charge (pH 7.4),1.5510066140381902,0.32860748706975124,0.0057165661458489
345,FNQRRISSAKFLGELYNY,0,Inactive,Logistic Regression,stable_correct,isoelectric_point,Isoelectric point,9.696641349792484,0.7513134367206181,0.0057165661458489
345,FNQRRISSAKFLGELYNY,0,Inactive,Logistic Regression,stable_correct,mean_eisenberg_hydrophobicity,Mean hydrophobicity,-0.1327777777777778,-0.6540533640169283,0.0057165661458489
345,FNQRRISSAKFLGELYNY,0,Inactive,Logistic Regression,stable_correct,hydrophobic_moment,Hydrophobic moment,0.1555347226402029,-1.2992624282263487,0.0057165661458489
345,FNQRRISSAKFLGELYNY,0,Inactive,Logistic Regression,stable_correct,boman_index,Boman index,2.4794444444444443,0.8763169965612079,0.0057165661458489
349,FPQLTQNNSRE,0,Inactive,Logistic Regression,stable_correct,length,Length,11.0,-1.1684599686506636,3.198911159418838e-05
349,FPQLTQNNSRE,0,Inactive,Logistic Regression,stable_correct,molecular_weight,Molecular weight,1333.4063999999998,-1.0301622071977719,3.198911159418838e-05
349,FPQLTQNNSRE,0,Inactive,Logistic Regression,stable_correct,net_charge_pH7_4,Net charge (pH 7.4),-0.4393590030698826,-0.40722903578414704,3.198911159418838e-05
349,FPQLTQNNSRE,0,Inactive,Logistic Regression,stable_correct,isoelectric_point,Isoelectric point,6.218208503723144,-0.6157376575954576,3.198911159418838e-05
349,FPQLTQNNSRE,0,Inactive,Logistic Regression,stable_correct,mean_eisenberg_hydrophobicity,Mean hydrophobicity,-0.3918181818181818,-1.658305680894557,3.198911159418838e-05
349,FPQLTQNNSRE,0,Inactive,Logistic Regression,stable_correct,hydrophobic_moment,Hydrophobic moment,0.4683122479772165,0.5987332493437604,3.198911159418838e-05
349,FPQLTQNNSRE,0,Inactive,Logistic Regression,stable_correct,boman_index,Boman index,4.014545454545455,1.9250911596637432,3.198911159418838e-05
352,FTELQRDFLRN,0,Inactive,Logistic Regression,stable_correct,length,Length,11.0,-1.1684599686506636,0.000614201104212
352,FTELQRDFLRN,0,Inactive,Logistic Regression,stable_correct,molecular_weight,Molecular weight,1438.5866,-0.8383436727138895,0.000614201104212
352,FTELQRDFLRN,0,Inactive,Logistic Regression,stable_correct,net_charge_pH7_4,Net charge (pH 7.4),-0.4410301238049481,-0.4078468477380866,0.000614201104212
352,FTELQRDFLRN,0,Inactive,Logistic Regression,stable_correct,isoelectric_point,Isoelectric point,6.070427131652831,-0.6738168833124473,0.000614201104212
352,FTELQRDFLRN,0,Inactive,Logistic Regression,stable_correct,mean_eisenberg_hydrophobicity,Mean hydrophobicity,-0.3381818181818182,-1.4503672990415564,0.000614201104212
352,FTELQRDFLRN,0,Inactive,Logistic Regression,stable_correct,hydrophobic_moment,Hydrophobic moment,0.7164331025507301,2.1043795037800637,0.000614201104212
352,FTELQRDFLRN,0,Inactive,Logistic Regression,stable_correct,boman_index,Boman index,4.029090909090909,1.935028549332226,0.000614201104212
357,GAGTSVNMNTNEVLANIGLELM,0,Inactive,Logistic Regression,stable_correct,length,Length,22.0,1.1168089877181688,0.0039332989727602
357,GAGTSVNMNTNEVLANIGLELM,0,Inactive,Logistic Regression,stable_correct,molecular_weight,Molecular weight,2248.5329,0.6387662042082166,0.0039332989727602
357,GAGTSVNMNTNEVLANIGLELM,0,Inactive,Logistic Regression,stable_correct,net_charge_pH7_4,Net charge (pH 7.4),-2.440305610553361,-1.1469773420306373,0.0039332989727602
357,GAGTSVNMNTNEVLANIGLELM,0,Inactive,Logistic Regression,stable_correct,isoelectric_point,Isoelectric point,4.0500284194946286,-1.4678492515186445,0.0039332989727602
357,GAGTSVNMNTNEVLANIGLELM,0,Inactive,Logistic Regression,stable_correct,mean_eisenberg_hydrophobicity,Mean hydrophobicity,0.2718181818181818,0.9144912471171497,0.0039332989727602
357,GAGTSVNMNTNEVLANIGLELM,0,Inactive,Logistic Regression,stable_correct,hydrophobic_moment,Hydrophobic moment,0.1553357327482075,-1.3004699381153042,0.0039332989727602
357,GAGTSVNMNTNEVLANIGLELM,0,Inactive,Logistic Regression,stable_correct,boman_index,Boman index,0.4463636363636361,-0.5126747433859068,0.0039332989727602
359,GAQYIQAAGVALGLKMR,0,Inactive,Logistic Regression,stable_correct,length,Length,17.0,0.07805037118688135,0.076495988393587
359,GAQYIQAAGVALGLKMR,0,Inactive,Logistic Regression,stable_correct,molecular_weight,Molecular weight,1747.0702,-0.2757580143455653,0.076495988393587
359,GAQYIQAAGVALGLKMR,0,Inactive,Logistic Regression,stable_correct,net_charge_pH7_4,Net charge (pH 7.4),1.5524165639990049,0.3291287444044068,0.076495988393587
359,GAQYIQAAGVALGLKMR,0,Inactive,Logistic Regression,stable_correct,isoelectric_point,Isoelectric point,9.994291877746583,0.8682924033903969,0.076495988393587
359,GAQYIQAAGVALGLKMR,0,Inactive,Logistic Regression,stable_correct,mean_eisenberg_hydrophobicity,Mean hydrophobicity,0.2247058823529412,0.7318454700358997,0.076495988393587
359,GAQYIQAAGVALGLKMR,0,Inactive,Logistic Regression,stable_correct,hydrophobic_moment,Hydrophobic moment,0.2329999443279909,-0.8291881932984699,0.076495988393587
359,GAQYIQAAGVALGLKMR,0,Inactive,Logistic Regression,stable_correct,boman_index,Boman index,0.028235294117647,-0.7983381618339428,0.076495988393587
364,GEGWAKSILFN,0,Inactive,Logistic Regression,stable_correct,length,Length,11.0,-1.1684599686506636,0.104226431512318
364,GEGWAKSILFN,0,Inactive,Logistic Regression,stable_correct,molecular_weight,Molecular weight,1221.3609,-1.2345010809165304,0.104226431512318
364,GEGWAKSILFN,0,Inactive,Logistic Regression,stable_correct,net_charge_pH7_4,Net charge (pH 7.4),-0.4439319641604915,-0.408919655718061,0.104226431512318
364,GEGWAKSILFN,0,Inactive,Logistic Regression,stable_correct,isoelectric_point,Isoelectric point,6.001424598693848,-0.7009354140895334,0.104226431512318
364,GEGWAKSILFN,0,Inactive,Logistic Regression,stable_correct,mean_eisenberg_hydrophobicity,Mean hydrophobicity,0.2627272727272727,0.8792474535827427,0.104226431512318
364,GEGWAKSILFN,0,Inactive,Logistic Regression,stable_correct,hydrophobic_moment,Hydrophobic moment,0.2297971471715368,-0.8486233977701909,0.104226431512318
364,GEGWAKSILFN,0,Inactive,Logistic Regression,stable_correct,boman_index,Boman index,0.3236363636363636,-0.596521468713729,0.104226431512318
366,GFFGWFNRMFEKSTHHYTDSVGGI,0,Inactive,Logistic Regression,regression,length,Length,24.0,1.5323124343306838,-0.2345597376014924
366,GFFGWFNRMFEKSTHHYTDSVGGI,0,Inactive,Logistic Regression,regression,molecular_weight,Molecular weight,2821.0864,1.682939663505853,-0.2345597376014924
366,GFFGWFNRMFEKSTHHYTDSVGGI,0,Inactive,Logistic Regression,regression,net_charge_pH7_4,Net charge (pH 7.4),-0.372763308554052,-0.3826086625882065,-0.2345597376014924
366,GFFGWFNRMFEKSTHHYTDSVGGI,0,Inactive,Logistic Regression,regression,isoelectric_point,Isoelectric point,6.921477317810059,-0.3393475576737986,-0.2345597376014924
366,GFFGWFNRMFEKSTHHYTDSVGGI,0,Inactive,Logistic Regression,regression,mean_eisenberg_hydrophobicity,Mean hydrophobicity,0.1354166666666666,0.38568749496131866,-0.2345597376014924
366,GFFGWFNRMFEKSTHHYTDSVGGI,0,Inactive,Logistic Regression,regression,hydrophobic_moment,Hydrophobic moment,0.3941535203514257,0.14872347215088005,-0.2345597376014924
366,GFFGWFNRMFEKSTHHYTDSVGGI,0,Inactive,Logistic Regression,regression,boman_index,Boman index,1.4466666666666663,0.17072782527370195,-0.2345597376014924
369,GFSVQRRLWLAS,0,Inactive,Logistic Regression,stable_correct,length,Length,12.0,-0.9607082453444061,0.067225484046988
369,GFSVQRRLWLAS,0,Inactive,Logistic Regression,stable_correct,molecular_weight,Molecular weight,1419.6296,-0.8729158066156216,0.067225484046988
369,GFSVQRRLWLAS,0,Inactive,Logistic Regression,stable_correct,net_charge_pH7_4,Net charge (pH 7.4),1.5574026311002025,0.3309720892888468,0.067225484046988
369,GFSVQRRLWLAS,0,Inactive,Logistic Regression,stable_correct,isoelectric_point,Isoelectric point,11.999967765808105,1.6565385875063838,0.067225484046988
369,GFSVQRRLWLAS,0,Inactive,Logistic Regression,stable_correct,mean_eisenberg_hydrophobicity,Mean hydrophobicity,0.0166666666666666,-0.07468455808187209,0.067225484046988
369,GFSVQRRLWLAS,0,Inactive,Logistic Regression,stable_correct,hydrophobic_moment,Hydrophobic moment,0.293162921364036,-0.46410738948711516,0.067225484046988
369,GFSVQRRLWLAS,0,Inactive,Logistic Regression,stable_correct,boman_index,Boman index,1.6866666666666663,0.3346947548036656,0.067225484046988
370,GFYPMVAAQRI,0,Inactive,Logistic Regression,stable_correct,length,Length,11.0,-1.1684599686506636,0.0068509821406047
370,GFYPMVAAQRI,0,Inactive,Logistic Regression,stable_correct,molecular_weight,Molecular weight,1252.4841,-1.17774128570366,0.0068509821406047
370,GFYPMVAAQRI,0,Inactive,Logistic Regression,stable_correct,net_charge_pH7_4,Net charge (pH 7.4),0.5549221566662905,-0.03964411317960774,0.0068509821406047
370,GFYPMVAAQRI,0,Inactive,Logistic Regression,stable_correct,isoelectric_point,Isoelectric point,8.747602272033692,0.378333716481105,0.0068509821406047
370,GFYPMVAAQRI,0,Inactive,Logistic Regression,stable_correct,mean_eisenberg_hydrophobicity,Mean hydrophobicity,0.280909090909091,0.949735040651557,0.0068509821406047
370,GFYPMVAAQRI,0,Inactive,Logistic Regression,stable_correct,hydrophobic_moment,Hydrophobic moment,0.2491472748820839,-0.7312030085799006,0.0068509821406047
370,GFYPMVAAQRI,0,Inactive,Logistic Regression,stable_correct,boman_index,Boman index,0.1590909090909091,-0.7089381893384389,0.0068509821406047
372,GGKEALAIENFADAL,0,Inactive,Logistic Regression,stable_correct,length,Length,15.0,-0.33745307542563363,0.0224950934627852
372,GGKEALAIENFADAL,0,Inactive,Logistic Regression,stable_correct,molecular_weight,Molecular weight,1518.6664,-0.6923010727020779,0.0224950934627852
372,GGKEALAIENFADAL,0,Inactive,Logistic Regression,stable_correct,net_charge_pH7_4,Net charge (pH 7.4),-2.442364719065642,-1.1477385927449946,0.0224950934627852
372,GGKEALAIENFADAL,0,Inactive,Logistic Regression,stable_correct,isoelectric_point,Isoelectric point,4.137389945983887,-1.4335154938544084,0.0224950934627852
372,GGKEALAIENFADAL,0,Inactive,Logistic Regression,stable_correct,mean_eisenberg_hydrophobicity,Mean hydrophobicity,0.2386666666666666,0.7859688800283455,0.0224950934627852
372,GGKEALAIENFADAL,0,Inactive,Logistic Regression,stable_correct,hydrophobic_moment,Hydrophobic moment,0.3146187152095756,-0.33390940312671097,0.0224950934627852
372,GGKEALAIENFADAL,0,Inactive,Logistic Regression,stable_correct,boman_index,Boman index,0.5113333333333332,-0.46828773620001757,0.0224950934627852
388,GLGLVLKIAVNAFLKLVA,0,Inactive,Logistic Regression,persistent_error,length,Length,18.0,0.28580209449313887,-0.1637793148273887
388,GLGLVLKIAVNAFLKLVA,0,Inactive,Logistic Regression,persistent_error,molecular_weight,Molecular weight,1839.3112,-0.10753687158934559,-0.1637793148273887
388,GLGLVLKIAVNAFLKLVA,0,Inactive,Logistic Regression,persistent_error,net_charge_pH7_4,Net charge (pH 7.4),1.552441682232378,0.32913803059451513,-0.1637793148273887
388,GLGLVLKIAVNAFLKLVA,0,Inactive,Logistic Regression,persistent_error,isoelectric_point,Isoelectric point,10.002737236022949,0.8716114947124106,-0.1637793148273887
388,GLGLVLKIAVNAFLKLVA,0,Inactive,Logistic Regression,persistent_error,mean_eisenberg_hydrophobicity,Mean hydrophobicity,0.58,2.109255847933545,-0.1637793148273887
388,GLGLVLKIAVNAFLKLVA,0,Inactive,Logistic Regression,persistent_error,hydrophobic_moment,Hydrophobic moment,0.330250610350481,-0.2390519820965413,-0.1637793148273887
388,GLGLVLKIAVNAFLKLVA,0,Inactive,Logistic Regression,persistent_error,boman_index,Boman index,-1.899444444444444,-2.1153203612053977,-0.1637793148273887
391,GLTSLMAIDKL,0,Inactive,Logistic Regression,stable_correct,length,Length,11.0,-1.1684599686506636,0.0785622425768464
391,GLTSLMAIDKL,0,Inactive,Logistic Regression,stable_correct,molecular_weight,Molecular weight,1161.4118,-1.34383105467231,0.0785622425768464
391,GLTSLMAIDKL,0,Inactive,Logistic Regression,stable_correct,net_charge_pH7_4,Net charge (pH 7.4),-0.4446062409453315,-0.4091689352878712,0.0785622425768464
391,GLTSLMAIDKL,0,Inactive,Logistic Regression,stable_correct,isoelectric_point,Isoelectric point,5.835682106018066,-0.7660734995475115,0.0785622425768464
391,GLTSLMAIDKL,0,Inactive,Logistic Regression,stable_correct,mean_eisenberg_hydrophobicity,Mean hydrophobicity,0.3463636363636364,1.2034903540992867,0.0785622425768464
391,GLTSLMAIDKL,0,Inactive,Logistic Regression,stable_correct,hydrophobic_moment,Hydrophobic moment,0.2906821832029579,-0.47916099764465825,0.0785622425768464
391,GLTSLMAIDKL,0,Inactive,Logistic Regression,stable_correct,boman_index,Boman index,-0.4127272727272727,-1.099601820680663,0.0785622425768464
392,GLWAIAVKAGKVILKLIVFIWIRV,0,Inactive,Logistic Regression,rescue,length,Length,24.0,1.5323124343306838,0.8817542933260054
392,GLWAIAVKAGKVILKLIVFIWIRV,0,Inactive,Logistic Regression,rescue,molecular_weight,Molecular weight,2707.4326,1.4756677116125856,0.8817542933260054
392,GLWAIAVKAGKVILKLIVFIWIRV,0,Inactive,Logistic Regression,rescue,net_charge_pH7_4,Net charge (pH 7.4),3.549910971331719,1.0676007751097103,0.8817542933260054
392,GLWAIAVKAGKVILKLIVFIWIRV,0,Inactive,Logistic Regression,rescue,isoelectric_point,Isoelectric point,11.263867759704592,1.3672455744165983,0.8817542933260054
392,GLWAIAVKAGKVILKLIVFIWIRV,0,Inactive,Logistic Regression,rescue,mean_eisenberg_hydrophobicity,Mean hydrophobicity,0.5558333333333333,2.0155660967879134,0.8817542933260054
392,GLWAIAVKAGKVILKLIVFIWIRV,0,Inactive,Logistic Regression,rescue,hydrophobic_moment,Hydrophobic moment,0.3316589742159591,-0.23050575254810052,0.8817542933260054
392,GLWAIAVKAGKVILKLIVFIWIRV,0,Inactive,Logistic Regression,rescue,boman_index,Boman index,-1.620833333333333,-1.924974492781146,0.8817542933260054
394,GNFADLLAHSDGLIKNISDDLRALDKLI,0,Inactive,Logistic Regression,stable_correct,length,Length,28.0,2.363319327555714,0.2679232523312015
394,GNFADLLAHSDGLIKNISDDLRALDKLI,0,Inactive,Logistic Regression,stable_correct,molecular_weight,Molecular weight,3038.4102000000003,2.0792759779877446,0.2679232523312015
394,GNFADLLAHSDGLIKNISDDLRALDKLI,0,Inactive,Logistic Regression,stable_correct,net_charge_pH7_4,Net charge (pH 7.4),-2.4087245740499243,-1.1353018589490034,0.2679232523312015
394,GNFADLLAHSDGLIKNISDDLRALDKLI,0,Inactive,Logistic Regression,stable_correct,isoelectric_point,Isoelectric point,4.664969444274903,-1.2261726580447552,0.2679232523312015
394,GNFADLLAHSDGLIKNISDDLRALDKLI,0,Inactive,Logistic Regression,stable_correct,mean_eisenberg_hydrophobicity,Mean hydrophobicity,0.0892857142857143,0.20684622122273608,0.2679232523312015
394,GNFADLLAHSDGLIKNISDDLRALDKLI,0,Inactive,Logistic Regression,stable_correct,hydrophobic_moment,Hydrophobic moment,0.4204906217264806,0.30854219478997924,0.2679232523312015
394,GNFADLLAHSDGLIKNISDDLRALDKLI,0,Inactive,Logistic Regression,stable_correct,boman_index,Boman index,1.4210714285714283,0.15324127276926638,0.2679232523312015
396,GPDMTAMVALIASV,0,Inactive,Logistic Regression,stable_correct,length,Length,14.0,-0.5452047987318911,0.0126844864311066
396,GPDMTAMVALIASV,0,Inactive,Logistic Regression,stable_correct,molecular_weight,Molecular weight,1375.6532999999995,-0.9531159718370571,0.0126844864311066
396,GPDMTAMVALIASV,0,Inactive,Logistic Regression,stable_correct,net_charge_pH7_4,Net charge (pH 7.4),-1.4421006482780456,-0.7779417928718857,0.0126844864311066
396,GPDMTAMVALIASV,0,Inactive,Logistic Regression,stable_correct,isoelectric_point,Isoelectric point,4.0500284194946286,-1.4678492515186445,0.0126844864311066
396,GPDMTAMVALIASV,0,Inactive,Logistic Regression,stable_correct,mean_eisenberg_hydrophobicity,Mean hydrophobicity,0.5221428571428571,1.8849542762252838,0.0126844864311066
396,GPDMTAMVALIASV,0,Inactive,Logistic Regression,stable_correct,hydrophobic_moment,Hydrophobic moment,0.1641131453540669,-1.2472068682440909,0.0126844864311066
396,GPDMTAMVALIASV,0,Inactive,Logistic Regression,stable_correct,boman_index,Boman index,-1.0214285714285711,-1.515463832967968,0.0126844864311066
397,GPKDAVVKVFNQWG,0,Inactive,Logistic Regression,stable_correct,length,Length,14.0,-0.5452047987318911,0.0838409588849286
397,GPKDAVVKVFNQWG,0,Inactive,Logistic Regression,stable_correct,molecular_weight,Molecular weight,1544.7515,-0.6447293276981179,0.0838409588849286
397,GPKDAVVKVFNQWG,0,Inactive,Logistic Regression,stable_correct,net_charge_pH7_4,Net charge (pH 7.4),0.5528881663873828,-0.04039607770385666,0.0838409588849286
397,GPKDAVVKVFNQWG,0,Inactive,Logistic Regression,stable_correct,isoelectric_point,Isoelectric point,8.59094409942627,0.3167658392864841,0.0838409588849286
397,GPKDAVVKVFNQWG,0,Inactive,Logistic Regression,stable_correct,mean_eisenberg_hydrophobicity,Mean hydrophobicity,0.1057142857142857,0.27053679096705713,0.0838409588849286
397,GPKDAVVKVFNQWG,0,Inactive,Logistic Regression,stable_correct,hydrophobic_moment,Hydrophobic moment,0.3871639800610008,0.10630956391007992,0.0838409588849286
397,GPKDAVVKVFNQWG,0,Inactive,Logistic Regression,stable_correct,boman_index,Boman index,0.777142857142857,-0.28668785512139505,0.0838409588849286
407,HALRTIVFELLTRH,0,Inactive,Logistic Regression,stable_correct,length,Length,14.0,-0.5452047987318911,0.0121163663394774
407,HALRTIVFELLTRH,0,Inactive,Logistic Regression,stable_correct,molecular_weight,Molecular weight,1706.0002000000002,-0.35065792146927316,0.0121163663394774
407,HALRTIVFELLTRH,0,Inactive,Logistic Regression,stable_correct,net_charge_pH7_4,Net charge (pH 7.4),0.6317762743921409,-0.01123120940539467,0.0121163663394774
407,HALRTIVFELLTRH,0,Inactive,Logistic Regression,stable_correct,isoelectric_point,Isoelectric point,9.611736488342284,0.7179451674756305,0.0121163663394774
407,HALRTIVFELLTRH,0,Inactive,Logistic Regression,stable_correct,mean_eisenberg_hydrophobicity,Mean hydrophobicity,0.07,0.1320790306533156,0.0121163663394774
407,HALRTIVFELLTRH,0,Inactive,Logistic Regression,stable_correct,hydrophobic_moment,Hydrophobic moment,0.2421899210519722,-0.7734216030350157,0.0121163663394774
407,HALRTIVFELLTRH,0,Inactive,Logistic Regression,stable_correct,boman_index,Boman index,1.614285714285714,0.28524441097716874,0.0121163663394774
411,HGLVKAGHPLKRKLGH,0,Inactive,Logistic Regression,rescue,length,Length,16.0,-0.12970135211937614,0.750989252380231
411,HGLVKAGHPLKRKLGH,0,Inactive,Logistic Regression,rescue,molecular_weight,Molecular weight,1748.0866000000003,-0.27390439210060424,0.750989252380231
411,HGLVKAGHPLKRKLGH,0,Inactive,Logistic Regression,rescue,net_charge_pH7_4,Net charge (pH 7.4),3.65979029485986,1.1082230701611904,0.750989252380231
411,HGLVKAGHPLKRKLGH,0,Inactive,Logistic Regression,rescue,isoelectric_point,Isoelectric point,11.263932228088382,1.3672709109915762,0.750989252380231
411,HGLVKAGHPLKRKLGH,0,Inactive,Logistic Regression,rescue,mean_eisenberg_hydrophobicity,Mean hydrophobicity,-0.1012499999999999,-0.5318259300510748,0.750989252380231
411,HGLVKAGHPLKRKLGH,0,Inactive,Logistic Regression,rescue,hydrophobic_moment,Hydrophobic moment,0.4826549600408846,0.6857676533411158,0.750989252380231
411,HGLVKAGHPLKRKLGH,0,Inactive,Logistic Regression,rescue,boman_index,Boman index,1.3824999999999998,0.12688944480909373,0.750989252380231
416,HPAFIAHADRVLGGLDIAIST,0,Inactive,Logistic Regression,stable_correct,length,Length,21.0,0.9090572644119114,0.2046577900988769
416,HPAFIAHADRVLGGLDIAIST,0,Inactive,Logistic Regression,stable_correct,molecular_weight,Molecular weight,2174.4578,0.5036744557256411,0.2046577900988769
416,HPAFIAHADRVLGGLDIAIST,0,Inactive,Logistic Regression,stable_correct,net_charge_pH7_4,Net charge (pH 7.4),-1.36842640000432,-0.7507044842047568,0.2046577900988769
416,HPAFIAHADRVLGGLDIAIST,0,Inactive,Logistic Regression,stable_correct,isoelectric_point,Isoelectric point,5.978120613098144,-0.7100940612218283,0.2046577900988769
416,HPAFIAHADRVLGGLDIAIST,0,Inactive,Logistic Regression,stable_correct,mean_eisenberg_hydrophobicity,Mean hydrophobicity,0.33,1.1400515257373542,0.2046577900988769
416,HPAFIAHADRVLGGLDIAIST,0,Inactive,Logistic Regression,stable_correct,hydrophobic_moment,Hydrophobic moment,0.2520638402499912,-0.7135047150222861,0.2046577900988769
416,HPAFIAHADRVLGGLDIAIST,0,Inactive,Logistic Regression,stable_correct,boman_index,Boman index,0.3290476190476193,-0.5928245231525373,0.2046577900988769
419,HSATRAAMLVRINT,0,Inactive,Logistic Regression,stable_correct,length,Length,14.0,-0.5452047987318911,0.0017621273633928
419,HSATRAAMLVRINT,0,Inactive,Logistic Regression,stable_correct,molecular_weight,Molecular weight,1540.7896,-0.6519546976039717,0.0017621273633928
419,HSATRAAMLVRINT,0,Inactive,Logistic Regression,stable_correct,net_charge_pH7_4,Net charge (pH 7.4),1.5940290722762491,0.3445128543060068,0.0017621273633928
419,HSATRAAMLVRINT,0,Inactive,Logistic Regression,stable_correct,isoelectric_point,Isoelectric point,11.999967765808105,1.6565385875063838,0.0017621273633928
419,HSATRAAMLVRINT,0,Inactive,Logistic Regression,stable_correct,mean_eisenberg_hydrophobicity,Mean hydrophobicity,-0.0257142857142857,-0.23898776698751178,0.0017621273633928
419,HSATRAAMLVRINT,0,Inactive,Logistic Regression,stable_correct,hydrophobic_moment,Hydrophobic moment,0.205753066439374,-0.9945276191544481,0.0017621273633928
419,HSATRAAMLVRINT,0,Inactive,Logistic Regression,stable_correct,boman_index,Boman index,2.001428571428572,0.5497386842070511,0.0017621273633928
424,HWDKVADMVANFAHEIDTYG,0,Inactive,Logistic Regression,stable_correct,length,Length,20.0,0.7013055411056538,0.0076022608649434
424,HWDKVADMVANFAHEIDTYG,0,Inactive,Logistic Regression,stable_correct,molecular_weight,Molecular weight,2319.5064000000007,0.7682015233765761,0.0076022608649434
424,HWDKVADMVANFAHEIDTYG,0,Inactive,Logistic Regression,stable_correct,net_charge_pH7_4,Net charge (pH 7.4),-3.37184522201067,-1.491366766116131,0.0076022608649434
424,HWDKVADMVANFAHEIDTYG,0,Inactive,Logistic Regression,stable_correct,isoelectric_point,Isoelectric point,4.63615207672119,-1.237498107059569,0.0076022608649434
424,HWDKVADMVANFAHEIDTYG,0,Inactive,Logistic Regression,stable_correct,mean_eisenberg_hydrophobicity,Mean hydrophobicity,0.114,0.3026589913598452,0.0076022608649434
424,HWDKVADMVANFAHEIDTYG,0,Inactive,Logistic Regression,stable_correct,hydrophobic_moment,Hydrophobic moment,0.4711650077975259,0.6160443582613812,0.0076022608649434
424,HWDKVADMVANFAHEIDTYG,0,Inactive,Logistic Regression,stable_correct,boman_index,Boman index,1.508,0.21263048504247067,0.0076022608649434
428,IDDSVNNLIPFMQKH,0,Inactive,Logistic Regression,stable_correct,length,Length,15.0,-0.33745307542563363,0.0051740834407089
428,IDDSVNNLIPFMQKH,0,Inactive,Logistic Regression,stable_correct,molecular_weight,Molecular weight,1771.0022,-0.23211290654706124,0.0051740834407089
428,IDDSVNNLIPFMQKH,0,Inactive,Logistic Regression,stable_correct,net_charge_pH7_4,Net charge (pH 7.4),-1.4075333156142795,-0.7651622785690829,0.0051740834407089
428,IDDSVNNLIPFMQKH,0,Inactive,Logistic Regression,stable_correct,isoelectric_point,Isoelectric point,5.210851097106932,-1.0116369335116915,0.0051740834407089
428,IDDSVNNLIPFMQKH,0,Inactive,Logistic Regression,stable_correct,mean_eisenberg_hydrophobicity,Mean hydrophobicity,0.0446666666666666,0.03386632600410129,0.0051740834407089
428,IDDSVNNLIPFMQKH,0,Inactive,Logistic Regression,stable_correct,hydrophobic_moment,Hydrophobic moment,0.4961086531802058,0.7674073152646271,0.0051740834407089
428,IDDSVNNLIPFMQKH,0,Inactive,Logistic Regression,stable_correct,boman_index,Boman index,1.7160000000000002,0.3547351573017727,0.0051740834407089
433,IKPLNNFAAEVGKIRDS,0,Inactive,Logistic Regression,stable_correct,length,Length,17.0,0.07805037118688135,0.0247114682865089
433,IKPLNNFAAEVGKIRDS,0,Inactive,Logistic Regression,stable_correct,molecular_weight,Molecular weight,1872.1294000000005,-0.04768588225486054,0.0247114682865089
433,IKPLNNFAAEVGKIRDS,0,Inactive,Logistic Regression,stable_correct,net_charge_pH7_4,Net charge (pH 7.4),0.5539838090938538,-0.039991019501237964,0.0247114682865089
433,IKPLNNFAAEVGKIRDS,0,Inactive,Logistic Regression,stable_correct,isoelectric_point,Isoelectric point,8.589977073669434,0.3163857906618259,0.0247114682865089
433,IKPLNNFAAEVGKIRDS,0,Inactive,Logistic Regression,stable_correct,mean_eisenberg_hydrophobicity,Mean hydrophobicity,-0.0494117647058823,-0.3308585632427472,0.0247114682865089
433,IKPLNNFAAEVGKIRDS,0,Inactive,Logistic Regression,stable_correct,hydrophobic_moment,Hydrophobic moment,0.3853742888367007,0.09544936478213224,0.0247114682865089
433,IKPLNNFAAEVGKIRDS,0,Inactive,Logistic Regression,stable_correct,boman_index,Boman index,1.875882352941176,0.46396606770923327,0.0247114682865089
434,IMELLGTVIQHEGIHQGQYYVALKQSG,0,Inactive,Logistic Regression,stable_correct,length,Length,27.0,2.1555676042494563,0.0719827697370263
434,IMELLGTVIQHEGIHQGQYYVALKQSG,0,Inactive,Logistic Regression,stable_correct,molecular_weight,Molecular weight,3013.4253000000003,2.0337106824071474,0.0719827697370263
434,IMELLGTVIQHEGIHQGQYYVALKQSG,0,Inactive,Logistic Regression,stable_correct,net_charge_pH7_4,Net charge (pH 7.4),-1.374569506203125,-0.7529755854868513,0.0719827697370263
434,IMELLGTVIQHEGIHQGQYYVALKQSG,0,Inactive,Logistic Regression,stable_correct,isoelectric_point,Isoelectric point,6.003243446350097,-0.7002205928499403,0.0719827697370263
434,IMELLGTVIQHEGIHQGQYYVALKQSG,0,Inactive,Logistic Regression,stable_correct,mean_eisenberg_hydrophobicity,Mean hydrophobicity,0.2218518518518518,0.7207809152465573,0.0719827697370263
434,IMELLGTVIQHEGIHQGQYYVALKQSG,0,Inactive,Logistic Regression,stable_correct,hydrophobic_moment,Hydrophobic moment,0.1712161273138526,-1.204104573592307,0.0719827697370263
434,IMELLGTVIQHEGIHQGQYYVALKQSG,0,Inactive,Logistic Regression,stable_correct,boman_index,Boman index,0.4214814814814814,-0.5296741206197231,0.0719827697370263
439,KDAENHKAYLKSH,0,Inactive,Logistic Regression,stable_correct,length,Length,13.0,-0.7529565220381487,0.0018495770885397
439,KDAENHKAYLKSH,0,Inactive,Logistic Regression,stable_correct,molecular_weight,Molecular weight,1540.6786999999997,-0.6521569474140533,0.0018495770885397
439,KDAENHKAYLKSH,0,Inactive,Logistic Regression,stable_correct,net_charge_pH7_4,Net charge (pH 7.4),0.6222506243447499,-0.0147528343513579,0.0018495770885397
439,KDAENHKAYLKSH,0,Inactive,Logistic Regression,stable_correct,isoelectric_point,Isoelectric point,8.44601917266846,0.2598092187377166,0.0018495770885397
439,KDAENHKAYLKSH,0,Inactive,Logistic Regression,stable_correct,mean_eisenberg_hydrophobicity,Mean hydrophobicity,-0.4076923076923077,-1.719846766527714,0.0018495770885397
439,KDAENHKAYLKSH,0,Inactive,Logistic Regression,stable_correct,hydrophobic_moment,Hydrophobic moment,0.2159196508694192,-0.9328347808244368,0.0018495770885397
439,KDAENHKAYLKSH,0,Inactive,Logistic Regression,stable_correct,boman_index,Boman index,3.318461538461537,1.449529732932606,0.0018495770885397
451,KHHAAYVNNLNNALKK,0,Inactive,Logistic Regression,stable_correct,length,Length,16.0,-0.12970135211937614,0.0044791367842678
451,KHHAAYVNNLNNALKK,0,Inactive,Logistic Regression,stable_correct,molecular_weight,Molecular weight,1835.0743,-0.11526376266537301,0.0044791367842678
451,KHHAAYVNNLNNALKK,0,Inactive,Logistic Regression,stable_correct,net_charge_pH7_4,Net charge (pH 7.4),2.6206833792499005,0.7240661026755755,0.0044791367842678
451,KHHAAYVNNLNNALKK,0,Inactive,Logistic Regression,stable_correct,isoelectric_point,Isoelectric point,10.001447868347167,0.8711047632128663,0.0044791367842678
451,KHHAAYVNNLNNALKK,0,Inactive,Logistic Regression,stable_correct,mean_eisenberg_hydrophobicity,Mean hydrophobicity,-0.1875,-0.8662014212087611,0.0044791367842678
451,KHHAAYVNNLNNALKK,0,Inactive,Logistic Regression,stable_correct,hydrophobic_moment,Hydrophobic moment,0.4443878337919169,0.45355518815420176,0.0044791367842678
451,KHHAAYVNNLNNALKK,0,Inactive,Logistic Regression,stable_correct,boman_index,Boman index,2.085,0.6068343114540917,0.0044791367842678
452,KIPDDLQADFNKFR,0,Inactive,Logistic Regression,stable_correct,length,Length,14.0,-0.5452047987318911,0.0053667059787843
452,KIPDDLQADFNKFR,0,Inactive,Logistic Regression,stable_correct,molecular_weight,Molecular weight,1706.8955,-0.3490251509105235,0.0053667059787843
452,KIPDDLQADFNKFR,0,Inactive,Logistic Regression,stable_correct,net_charge_pH7_4,Net charge (pH 7.4),-0.446243983535981,-0.40977440736941984,0.0053667059787843
452,KIPDDLQADFNKFR,0,Inactive,Logistic Regression,stable_correct,isoelectric_point,Isoelectric point,6.039222526550293,-0.6860805352042267,0.0053667059787843
452,KIPDDLQADFNKFR,0,Inactive,Logistic Regression,stable_correct,mean_eisenberg_hydrophobicity,Mean hydrophobicity,-0.2992857142857143,-1.2995742109907724,0.0053667059787843
452,KIPDDLQADFNKFR,0,Inactive,Logistic Regression,stable_correct,hydrophobic_moment,Hydrophobic moment,0.4651046411989659,0.5792688591389191,0.0053667059787843
452,KIPDDLQADFNKFR,0,Inactive,Logistic Regression,stable_correct,boman_index,Boman index,3.3392857142857144,1.4637567169737833,0.0053667059787843
453,KKAEAVATVVAAVDQARVR,0,Inactive,Logistic Regression,stable_correct,length,Length,19.0,0.49355381779939633,0.004335645371532
453,KKAEAVATVVAAVDQARVR,0,Inactive,Logistic Regression,stable_correct,molecular_weight,Molecular weight,1982.2882,0.15321219149383875,0.004335645371532
453,KKAEAVATVVAAVDQARVR,0,Inactive,Logistic Regression,stable_correct,net_charge_pH7_4,Net charge (pH 7.4),1.5539586908604806,0.3296988674299425,0.004335645371532
453,KKAEAVATVVAAVDQARVR,0,Inactive,Logistic Regression,stable_correct,isoelectric_point,Isoelectric point,9.98616886138916,0.8650999949432678,0.004335645371532
453,KKAEAVATVVAAVDQARVR,0,Inactive,Logistic Regression,stable_correct,mean_eisenberg_hydrophobicity,Mean hydrophobicity,-0.0694736842105262,-0.408634959624559,0.004335645371532
453,KKAEAVATVVAAVDQARVR,0,Inactive,Logistic Regression,stable_correct,hydrophobic_moment,Hydrophobic moment,0.1993199611779528,-1.0335649699563474,0.004335645371532
453,KKAEAVATVVAAVDQARVR,0,Inactive,Logistic Regression,stable_correct,boman_index,Boman index,1.7642105263157892,0.3876723738477037,0.004335645371532
459,KLDSRFDNNLGKFRFVLLLFV,0,Inactive,Logistic Regression,stable_correct,length,Length,21.0,0.9090572644119114,0.381000462565773
459,KLDSRFDNNLGKFRFVLLLFV,0,Inactive,Logistic Regression,stable_correct,molecular_weight,Molecular weight,2541.9851,1.1739388977861993,0.381000462565773
459,KLDSRFDNNLGKFRFVLLLFV,0,Inactive,Logistic Regression,stable_correct,net_charge_pH7_4,Net charge (pH 7.4),1.553284414075641,0.32944958786013245,0.381000462565773
459,KLDSRFDNNLGKFRFVLLLFV,0,Inactive,Logistic Regression,stable_correct,isoelectric_point,Isoelectric point,9.98616886138916,0.8650999949432678,0.381000462565773
459,KLDSRFDNNLGKFRFVLLLFV,0,Inactive,Logistic Regression,stable_correct,mean_eisenberg_hydrophobicity,Mean hydrophobicity,0.0685714285714285,0.12654072024076565,0.381000462565773
459,KLDSRFDNNLGKFRFVLLLFV,0,Inactive,Logistic Regression,stable_correct,hydrophobic_moment,Hydrophobic moment,0.2840723680839046,-0.5192706586952187,0.381000462565773
459,KLDSRFDNNLGKFRFVLLLFV,0,Inactive,Logistic Regression,stable_correct,boman_index,Boman index,1.405714285714286,0.14274934126660532,0.381000462565773
461,KLKELALIFISNLVAN,0,Inactive,Logistic Regression,stable_correct,length,Length,16.0,-0.12970135211937614,0.0712631405038708
461,KLKELALIFISNLVAN,0,Inactive,Logistic Regression,stable_correct,molecular_weight,Molecular weight,1786.1626,-0.20446468273507493,0.0712631405038708
461,KLKELALIFISNLVAN,0,Inactive,Logistic Regression,stable_correct,net_charge_pH7_4,Net charge (pH 7.4),0.5535624431722228,-0.04014679813404643,0.0712631405038708
461,KLKELALIFISNLVAN,0,Inactive,Logistic Regression,stable_correct,isoelectric_point,Isoelectric point,8.591073036193851,0.31681651243643966,0.0712631405038708
461,KLKELALIFISNLVAN,0,Inactive,Logistic Regression,stable_correct,mean_eisenberg_hydrophobicity,Mean hydrophobicity,0.32875,1.135205504126373,0.0712631405038708
461,KLKELALIFISNLVAN,0,Inactive,Logistic Regression,stable_correct,hydrophobic_moment,Hydrophobic moment,0.2206984114455915,-0.9038363196723941,0.0712631405038708
461,KLKELALIFISNLVAN,0,Inactive,Logistic Regression,stable_correct,boman_index,Boman index,-0.3481250000000002,-1.0554658360983789,0.0712631405038708
464,KPEQYNIVGEHLLATLDEMFS,0,Inactive,Logistic Regression,stable_correct,length,Length,21.0,0.9090572644119114,0.0037315643479916
464,KPEQYNIVGEHLLATLDEMFS,0,Inactive,Logistic Regression,stable_correct,molecular_weight,Molecular weight,2434.7181,0.9783146382917077,0.0037315643479916
464,KPEQYNIVGEHLLATLDEMFS,0,Inactive,Logistic Regression,stable_correct,net_charge_pH7_4,Net charge (pH 7.4),-3.4071231096170376,-1.5044089719936709,0.0037315643479916
464,KPEQYNIVGEHLLATLDEMFS,0,Inactive,Logistic Regression,stable_correct,isoelectric_point,Isoelectric point,4.396973609924316,-1.3314971000661426,0.0037315643479916
464,KPEQYNIVGEHLLATLDEMFS,0,Inactive,Logistic Regression,stable_correct,mean_eisenberg_hydrophobicity,Mean hydrophobicity,0.1066666666666666,0.27422899790875666,0.0037315643479916
464,KPEQYNIVGEHLLATLDEMFS,0,Inactive,Logistic Regression,stable_correct,hydrophobic_moment,Hydrophobic moment,0.2162805581553481,-0.9306447242723922,0.0037315643479916
464,KPEQYNIVGEHLLATLDEMFS,0,Inactive,Logistic Regression,stable_correct,boman_index,Boman index,1.2309523809523806,0.0233527874223655,0.0037315643479916
465,KPQELLSLIIERFE,0,Inactive,Logistic Regression,stable_correct,length,Length,14.0,-0.5452047987318911,0.0069646508760621
465,KPQELLSLIIERFE,0,Inactive,Logistic Regression,stable_correct,molecular_weight,Molecular weight,1714.9988000000003,-0.3342470545531931,0.0069646508760621
465,KPQELLSLIIERFE,0,Inactive,Logistic Regression,stable_correct,net_charge_pH7_4,Net charge (pH 7.4),-1.4396230738574791,-0.7770258356572558,0.0069646508760621
465,KPQELLSLIIERFE,0,Inactive,Logistic Regression,stable_correct,isoelectric_point,Isoelectric point,5.0095842361450185,-1.0907363713054836,0.0069646508760621
465,KPQELLSLIIERFE,0,Inactive,Logistic Regression,stable_correct,mean_eisenberg_hydrophobicity,Mean hydrophobicity,0.0121428571428571,-0.09222254105494593,0.0069646508760621
465,KPQELLSLIIERFE,0,Inactive,Logistic Regression,stable_correct,hydrophobic_moment,Hydrophobic moment,0.4422275326894548,0.4404460552319913,0.0069646508760621
465,KPQELLSLIIERFE,0,Inactive,Logistic Regression,stable_correct,boman_index,Boman index,1.59,0.26865251929854167,0.0069646508760621
469,KQLTAIAALAE,0,Inactive,Logistic Regression,stable_correct,length,Length,11.0,-1.1684599686506636,0.0039199840795155
469,KQLTAIAALAE,0,Inactive,Logistic Regression,stable_correct,molecular_weight,Molecular weight,1128.3191000000002,-1.4041826533202943,0.0039199840795155
469,KQLTAIAALAE,0,Inactive,Logistic Regression,stable_correct,net_charge_pH7_4,Net charge (pH 7.4),-0.441839477503795,-0.40814606513131296,0.0039199840795155
469,KQLTAIAALAE,0,Inactive,Logistic Regression,stable_correct,isoelectric_point,Isoelectric point,6.217469596862792,-0.6160280537240425,0.0039199840795155
469,KQLTAIAALAE,0,Inactive,Logistic Regression,stable_correct,mean_eisenberg_hydrophobicity,Mean hydrophobicity,0.2672727272727272,0.8968693503499461,0.0039199840795155
469,KQLTAIAALAE,0,Inactive,Logistic Regression,stable_correct,hydrophobic_moment,Hydrophobic moment,0.3183955093828917,-0.31099107161199563,0.0039199840795155
469,KQLTAIAALAE,0,Inactive,Logistic Regression,stable_correct,boman_index,Boman index,-0.1390909090909091,-0.9126546775423332,0.0039199840795155
478,KVRGLIEIISN,0,Inactive,Logistic Regression,stable_correct,length,Length,11.0,-1.1684599686506636,0.0437384623325927
478,KVRGLIEIISN,0,Inactive,Logistic Regression,stable_correct,molecular_weight,Molecular weight,1241.4799,-1.1978097921066475,0.0437384623325927
478,KVRGLIEIISN,0,Inactive,Logistic Regression,stable_correct,net_charge_pH7_4,Net charge (pH 7.4),0.5560429176061352,-0.03922976878688052,0.0437384623325927
478,KVRGLIEIISN,0,Inactive,Logistic Regression,stable_correct,isoelectric_point,Isoelectric point,8.74786014556885,0.3784350627810147,0.0437384623325927
478,KVRGLIEIISN,0,Inactive,Logistic Regression,stable_correct,mean_eisenberg_hydrophobicity,Mean hydrophobicity,0.1072727272727272,0.27657858414438374,0.0437384623325927
478,KVRGLIEIISN,0,Inactive,Logistic Regression,stable_correct,hydrophobic_moment,Hydrophobic moment,0.549649197471756,1.092301891787091,0.0437384623325927
478,KVRGLIEIISN,0,Inactive,Logistic Regression,stable_correct,boman_index,Boman index,1.1509090909090909,-0.03133243131877836,0.0437384623325927
490,LEPIKAWIEKR,0,Inactive,Logistic Regression,stable_correct,length,Length,11.0,-1.1684599686506636,0.0066004287024226
490,LEPIKAWIEKR,0,Inactive,Logistic Regression,stable_correct,molecular_weight,Molecular weight,1382.6494,-0.9403570908965114,0.0066004287024226
490,LEPIKAWIEKR,0,Inactive,Logistic Regression,stable_correct,net_charge_pH7_4,Net charge (pH 7.4),0.5546580858786934,-0.0397417399314279,0.0066004287024226
490,LEPIKAWIEKR,0,Inactive,Logistic Regression,stable_correct,isoelectric_point,Isoelectric point,8.590106010437015,0.3164364638117815,0.0066004287024226
490,LEPIKAWIEKR,0,Inactive,Logistic Regression,stable_correct,mean_eisenberg_hydrophobicity,Mean hydrophobicity,-0.1390909090909091,-0.6785282206380442,0.0066004287024226
490,LEPIKAWIEKR,0,Inactive,Logistic Regression,stable_correct,hydrophobic_moment,Hydrophobic moment,0.2593703574686046,-0.6691673282996387,0.0066004287024226
490,LEPIKAWIEKR,0,Inactive,Logistic Regression,stable_correct,boman_index,Boman index,1.8854545454545453,0.4705057469395953,0.0066004287024226
491,LEQVEFKLNQLLENL,0,Inactive,Logistic Regression,stable_correct,length,Length,15.0,-0.33745307542563363,0.000915512630996
491,LEQVEFKLNQLLENL,0,Inactive,Logistic Regression,stable_correct,molecular_weight,Molecular weight,1830.086,-0.12436099194964842,0.000915512630996
491,LEQVEFKLNQLLENL,0,Inactive,Logistic Regression,stable_correct,net_charge_pH7_4,Net charge (pH 7.4),-2.4416904422808026,-1.1474893131751844,0.000915512630996
491,LEQVEFKLNQLLENL,0,Inactive,Logistic Regression,stable_correct,isoelectric_point,Isoelectric point,4.25265941619873,-1.388213697795157,0.000915512630996
491,LEQVEFKLNQLLENL,0,Inactive,Logistic Regression,stable_correct,mean_eisenberg_hydrophobicity,Mean hydrophobicity,0.0546666666666667,0.07263449889194931,0.000915512630996
491,LEQVEFKLNQLLENL,0,Inactive,Logistic Regression,stable_correct,hydrophobic_moment,Hydrophobic moment,0.4718724480325304,0.6203372450560158,0.000915512630996
491,LEQVEFKLNQLLENL,0,Inactive,Logistic Regression,stable_correct,boman_index,Boman index,1.248,0.03499964471834334,0.000915512630996
493,LKRAEALIHLANAALE,0,Inactive,Logistic Regression,stable_correct,length,Length,16.0,-0.12970135211937614,0.0102439873242201
493,LKRAEALIHLANAALE,0,Inactive,Logistic Regression,stable_correct,molecular_weight,Molecular weight,1733.0207000000005,-0.3013802750013848,0.0102439873242201
493,LKRAEALIHLANAALE,0,Inactive,Logistic Regression,stable_correct,net_charge_pH7_4,Net charge (pH 7.4),-0.4041173936212767,-0.394200241911534,0.0102439873242201
493,LKRAEALIHLANAALE,0,Inactive,Logistic Regression,stable_correct,isoelectric_point,Isoelectric point,6.771536064147949,-0.3982756336128057,0.0102439873242201
493,LKRAEALIHLANAALE,0,Inactive,Logistic Regression,stable_correct,mean_eisenberg_hydrophobicity,Mean hydrophobicity,0.14,0.4034562408682491,0.0102439873242201
493,LKRAEALIHLANAALE,0,Inactive,Logistic Regression,stable_correct,hydrophobic_moment,Hydrophobic moment,0.3376428658113105,-0.19419431881964574,0.0102439873242201
493,LKRAEALIHLANAALE,0,Inactive,Logistic Regression,stable_correct,boman_index,Boman index,0.7337500000000001,-0.3163336615765892,0.0102439873242201
497,LLTEVETYVLSI,0,Inactive,Logistic Regression,stable_correct,length,Length,12.0,-0.9607082453444061,0.0017954505673938
497,LLTEVETYVLSI,0,Inactive,Logistic Regression,stable_correct,molecular_weight,Molecular weight,1379.5939999999998,-0.9459292646541396,0.0017954505673938
497,LLTEVETYVLSI,0,Inactive,Logistic Regression,stable_correct,net_charge_pH7_4,Net charge (pH 7.4),-2.4428112032206477,-1.1479036575679116,0.0017954505673938
497,LLTEVETYVLSI,0,Inactive,Logistic Regression,stable_correct,isoelectric_point,Isoelectric point,4.0500284194946286,-1.4678492515186445,0.0017954505673938
497,LLTEVETYVLSI,0,Inactive,Logistic Regression,stable_correct,mean_eisenberg_hydrophobicity,Mean hydrophobicity,0.4499999999999999,1.6052696003915254,0.0017954505673938
497,LLTEVETYVLSI,0,Inactive,Logistic Regression,stable_correct,hydrophobic_moment,Hydrophobic moment,0.376505302978849,0.04163061036716793,0.0017954505673938
497,LLTEVETYVLSI,0,Inactive,Logistic Regression,stable_correct,boman_index,Boman index,-0.455,-1.1284823594046907,0.0017954505673938
501,LPEDQELLFQSASLELFVLRLAYRA,0,Inactive,Logistic Regression,stable_correct,length,Length,25.0,1.7400641576369413,0.0194882648433953
501,LPEDQELLFQSASLELFVLRLAYRA,0,Inactive,Logistic Regression,stable_correct,molecular_weight,Molecular weight,2922.333,1.8675844391715748,0.0194882648433953
501,LPEDQELLFQSASLELFVLRLAYRA,0,Inactive,Logistic Regression,stable_correct,net_charge_pH7_4,Net charge (pH 7.4),-2.4412941945925457,-1.1473428207324847,0.0194882648433953
501,LPEDQELLFQSASLELFVLRLAYRA,0,Inactive,Logistic Regression,stable_correct,isoelectric_point,Isoelectric point,4.407318305969238,-1.3274315542659536,0.0194882648433953
501,LPEDQELLFQSASLELFVLRLAYRA,0,Inactive,Logistic Regression,stable_correct,mean_eisenberg_hydrophobicity,Mean hydrophobicity,0.1304,0.36623879489591527,0.0194882648433953
501,LPEDQELLFQSASLELFVLRLAYRA,0,Inactive,Logistic Regression,stable_correct,hydrophobic_moment,Hydrophobic moment,0.2554841822329715,-0.6927494056613805,0.0194882648433953
501,LPEDQELLFQSASLELFVLRLAYRA,0,Inactive,Logistic Regression,stable_correct,boman_index,Boman index,1.0856,-0.0759513109302655,0.0194882648433953
507,LQWYVSEQHEEEALFRGIVDKIKLIG,0,Inactive,Logistic Regression,stable_correct,length,Length,26.0,1.947815880943199,0.0471448329887252
507,LQWYVSEQHEEEALFRGIVDKIKLIG,0,Inactive,Logistic Regression,stable_correct,molecular_weight,Molecular weight,3101.509000000001,2.194350101669689,0.0471448329887252
507,LQWYVSEQHEEEALFRGIVDKIKLIG,0,Inactive,Logistic Regression,stable_correct,net_charge_pH7_4,Net charge (pH 7.4),-2.408533059577852,-1.1352310562070371,0.0471448329887252
507,LQWYVSEQHEEEALFRGIVDKIKLIG,0,Inactive,Logistic Regression,stable_correct,isoelectric_point,Isoelectric point,4.960589027404784,-1.1099918684470396,0.0471448329887252
507,LQWYVSEQHEEEALFRGIVDKIKLIG,0,Inactive,Logistic Regression,stable_correct,mean_eisenberg_hydrophobicity,Mean hydrophobicity,0.0734615384615385,0.14549878280680142,0.0471448329887252
507,LQWYVSEQHEEEALFRGIVDKIKLIG,0,Inactive,Logistic Regression,stable_correct,hydrophobic_moment,Hydrophobic moment,0.2798176482387999,-0.5450891373937101,0.0471448329887252
507,LQWYVSEQHEEEALFRGIVDKIKLIG,0,Inactive,Logistic Regression,stable_correct,boman_index,Boman index,1.3330769230769224,0.09312381909659281,0.0471448329887252
512,LVGALMHVMQKRSR,0,Inactive,Logistic Regression,stable_correct,length,Length,14.0,-0.5452047987318911,0.033837270467296
512,LVGALMHVMQKRSR,0,Inactive,Logistic Regression,stable_correct,molecular_weight,Molecular weight,1626.0031999999997,-0.49654951801603,0.033837270467296
512,LVGALMHVMQKRSR,0,Inactive,Logistic Regression,stable_correct,net_charge_pH7_4,Net charge (pH 7.4),2.591523479608964,0.7132857118900215,0.033837270467296
512,LVGALMHVMQKRSR,0,Inactive,Logistic Regression,stable_correct,isoelectric_point,Isoelectric point,11.999967765808105,1.6565385875063838,0.033837270467296
512,LVGALMHVMQKRSR,0,Inactive,Logistic Regression,stable_correct,mean_eisenberg_hydrophobicity,Mean hydrophobicity,-0.0821428571428571,-0.45775102828322334,0.033837270467296
512,LVGALMHVMQKRSR,0,Inactive,Logistic Regression,stable_correct,hydrophobic_moment,Hydrophobic moment,0.3555110079766958,-0.08576691004221491,0.033837270467296
512,LVGALMHVMQKRSR,0,Inactive,Logistic Regression,stable_correct,boman_index,Boman index,1.687142857142857,0.33502008601305067,0.033837270467296
513,LVLPIAQALKVLG,0,Inactive,Logistic Regression,stable_correct,length,Length,13.0,-0.7529565220381487,0.3754825128169206
513,LVLPIAQALKVLG,0,Inactive,Logistic Regression,stable_correct,molecular_weight,Molecular weight,1334.6890999999998,-1.0278229300887487,0.3754825128169206
513,LVLPIAQALKVLG,0,Inactive,Logistic Regression,stable_correct,net_charge_pH7_4,Net charge (pH 7.4),0.5549472748996638,-0.03963482698949938,0.3754825128169206
513,LVLPIAQALKVLG,0,Inactive,Logistic Regression,stable_correct,isoelectric_point,Isoelectric point,8.750052070617677,0.37929650633023926,0.3754825128169206
513,LVLPIAQALKVLG,0,Inactive,Logistic Regression,stable_correct,mean_eisenberg_hydrophobicity,Mean hydrophobicity,0.5761538461538461,2.09434501220745,0.3754825128169206
513,LVLPIAQALKVLG,0,Inactive,Logistic Regression,stable_correct,hydrophobic_moment,Hydrophobic moment,0.4079715284730888,0.2325738691999856,0.3754825128169206
513,LVLPIAQALKVLG,0,Inactive,Logistic Regression,stable_correct,boman_index,Boman index,-2.011538461538461,-2.191902493712003,0.3754825128169206
516,MLEEYRKHVAERAAE,0,Inactive,Logistic Regression,stable_correct,length,Length,15.0,-0.33745307542563363,7.144258896674138e-05
516,MLEEYRKHVAERAAE,0,Inactive,Logistic Regression,stable_correct,molecular_weight,Molecular weight,1832.0458000000003,-0.12078687853399062,7.144258896674138e-05
516,MLEEYRKHVAERAAE,0,Inactive,Logistic Regression,stable_correct,net_charge_pH7_4,Net charge (pH 7.4),-1.6769709674537387,-0.8647731556618725,7.144258896674138e-05
516,MLEEYRKHVAERAAE,0,Inactive,Logistic Regression,stable_correct,isoelectric_point,Isoelectric point,5.640838050842285,-0.8426487248389886,7.144258896674138e-05
516,MLEEYRKHVAERAAE,0,Inactive,Logistic Regression,stable_correct,mean_eisenberg_hydrophobicity,Mean hydrophobicity,-0.3266666666666667,-1.405725160564641,7.144258896674138e-05
516,MLEEYRKHVAERAAE,0,Inactive,Logistic Regression,stable_correct,hydrophobic_moment,Hydrophobic moment,0.2454356715945723,-0.7537257489493103,7.144258896674138e-05
516,MLEEYRKHVAERAAE,0,Inactive,Logistic Regression,stable_correct,boman_index,Boman index,3.3793333333333337,1.4911170716830489,7.144258896674138e-05
517,MPEVFNYLGIYLTQA,0,Inactive,Logistic Regression,stable_correct,length,Length,15.0,-0.33745307542563363,0.0025046265427121
517,MPEVFNYLGIYLTQA,0,Inactive,Logistic Regression,stable_correct,molecular_weight,Molecular weight,1759.0294,-0.25394786169706685,0.0025046265427121
517,MPEVFNYLGIYLTQA,0,Inactive,Logistic Regression,stable_correct,net_charge_pH7_4,Net charge (pH 7.4),-1.7190019416392683,-0.8803119720637452,0.0025046265427121
517,MPEVFNYLGIYLTQA,0,Inactive,Logistic Regression,stable_correct,isoelectric_point,Isoelectric point,4.0500284194946286,-1.4678492515186445,0.0025046265427121
517,MPEVFNYLGIYLTQA,0,Inactive,Logistic Regression,stable_correct,mean_eisenberg_hydrophobicity,Mean hydrophobicity,0.3906666666666668,1.3752451079236303,0.0025046265427121
517,MPEVFNYLGIYLTQA,0,Inactive,Logistic Regression,stable_correct,hydrophobic_moment,Hydrophobic moment,0.3468446999799064,-0.13835577524496379,0.0025046265427121
517,MPEVFNYLGIYLTQA,0,Inactive,Logistic Regression,stable_correct,boman_index,Boman index,-0.3360000000000002,-1.047182090179417,0.0025046265427121
518,MPGTATHTVKMFS,0,Inactive,Logistic Regression,stable_correct,length,Length,13.0,-0.7529565220381487,0.0210320405776645
518,MPGTATHTVKMFS,0,Inactive,Logistic Regression,stable_correct,molecular_weight,Molecular weight,1407.6571,-0.8947502146516236,0.0210320405776645
518,MPGTATHTVKMFS,0,Inactive,Logistic Regression,stable_correct,net_charge_pH7_4,Net charge (pH 7.4),0.3190093312642195,-0.12686088965946038,0.0210320405776645
518,MPGTATHTVKMFS,0,Inactive,Logistic Regression,stable_correct,isoelectric_point,Isoelectric point,8.521060371398928,0.28930099201118875,0.0210320405776645
518,MPGTATHTVKMFS,0,Inactive,Logistic Regression,stable_correct,mean_eisenberg_hydrophobicity,Mean hydrophobicity,0.1976923076923076,0.6271187767596774,0.0210320405776645
518,MPGTATHTVKMFS,0,Inactive,Logistic Regression,stable_correct,hydrophobic_moment,Hydrophobic moment,0.3145481885713802,-0.33433737266929264,0.0210320405776645
518,MPGTATHTVKMFS,0,Inactive,Logistic Regression,stable_correct,boman_index,Boman index,0.5269230769230769,-0.4576368929143104,0.0210320405776645
519,MPYTDAVVHEVQRYID,0,Inactive,Logistic Regression,stable_correct,length,Length,16.0,-0.12970135211937614,0.0002534064897505
519,MPYTDAVVHEVQRYID,0,Inactive,Logistic Regression,stable_correct,molecular_weight,Molecular weight,1936.1483,0.06906624007681501,0.0002534064897505
519,MPYTDAVVHEVQRYID,0,Inactive,Logistic Regression,stable_correct,net_charge_pH7_4,Net charge (pH 7.4),-2.680238339094528,-1.2356802733770411,0.0002534064897505
519,MPYTDAVVHEVQRYID,0,Inactive,Logistic Regression,stable_correct,isoelectric_point,Isoelectric point,4.745737648010253,-1.1944301273740476,0.0002534064897505
519,MPYTDAVVHEVQRYID,0,Inactive,Logistic Regression,stable_correct,mean_eisenberg_hydrophobicity,Mean hydrophobicity,0.01625,-0.07629989861886549,0.0002534064897505
519,MPYTDAVVHEVQRYID,0,Inactive,Logistic Regression,stable_correct,hydrophobic_moment,Hydrophobic moment,0.4594547873037933,0.5449844320197204,0.0002534064897505
519,MPYTDAVVHEVQRYID,0,Inactive,Logistic Regression,stable_correct,boman_index,Boman index,1.93875,0.5069169637717701,0.0002534064897505
532,NEQDLGIQYKALKPEVDKLNIMAAKRQQEL,0,Inactive,Logistic Regression,stable_correct,length,Length,30.0,2.778822774168229,0.0093577346960754
532,NEQDLGIQYKALKPEVDKLNIMAAKRQQEL,0,Inactive,Logistic Regression,stable_correct,molecular_weight,Molecular weight,3484.9750000000004,2.893682163639491,0.0093577346960754
532,NEQDLGIQYKALKPEVDKLNIMAAKRQQEL,0,Inactive,Logistic Regression,stable_correct,net_charge_pH7_4,Net charge (pH 7.4),-0.4508449628733091,-0.4114753856259782,0.0093577346960754
532,NEQDLGIQYKALKPEVDKLNIMAAKRQQEL,0,Inactive,Logistic Regression,stable_correct,isoelectric_point,Isoelectric point,6.278059959411621,-0.5922155711800765,0.0093577346960754
532,NEQDLGIQYKALKPEVDKLNIMAAKRQQEL,0,Inactive,Logistic Regression,stable_correct,mean_eisenberg_hydrophobicity,Mean hydrophobicity,-0.1939999999999999,-0.8914007335858617,0.0093577346960754
532,NEQDLGIQYKALKPEVDKLNIMAAKRQQEL,0,Inactive,Logistic Regression,stable_correct,hydrophobic_moment,Hydrophobic moment,0.1521930471311745,-1.3195403739168003,0.0093577346960754
532,NEQDLGIQYKALKPEVDKLNIMAAKRQQEL,0,Inactive,Logistic Regression,stable_correct,boman_index,Boman index,2.276333333333333,0.7375523913849238,0.0093577346960754
534,NFKDVIETAKKVMNF,0,Inactive,Logistic Regression,stable_correct,length,Length,15.0,-0.33745307542563363,-0.0025196019967999
534,NFKDVIETAKKVMNF,0,Inactive,Logistic Regression,stable_correct,molecular_weight,Molecular weight,1784.0838,-0.20825581803891627,-0.0025196019967999
534,NFKDVIETAKKVMNF,0,Inactive,Logistic Regression,stable_correct,net_charge_pH7_4,Net charge (pH 7.4),0.5515033346599418,-0.04090804884840372,-0.0025196019967999
534,NFKDVIETAKKVMNF,0,Inactive,Logistic Regression,stable_correct,isoelectric_point,Isoelectric point,8.497658348083494,0.28010381529445977,-0.0025196019967999
534,NFKDVIETAKKVMNF,0,Inactive,Logistic Regression,stable_correct,mean_eisenberg_hydrophobicity,Mean hydrophobicity,-0.0326666666666666,-0.2659408776619199,-0.0025196019967999
534,NFKDVIETAKKVMNF,0,Inactive,Logistic Regression,stable_correct,hydrophobic_moment,Hydrophobic moment,0.5550814316006148,1.1252657592677024,-0.0025196019967999
534,NFKDVIETAKKVMNF,0,Inactive,Logistic Regression,stable_correct,boman_index,Boman index,1.660666666666667,0.31693167077125334,-0.0025196019967999
535,NGETFLTELLD,0,Inactive,Logistic Regression,stable_correct,length,Length,11.0,-1.1684599686506636,0.001400546371891
535,NGETFLTELLD,0,Inactive,Logistic Regression,stable_correct,molecular_weight,Molecular weight,1251.339,-1.1798296198562617,0.001400546371891
535,NGETFLTELLD,0,Inactive,Logistic Regression,stable_correct,net_charge_pH7_4,Net charge (pH 7.4),-3.4385898151062984,-1.5160421869939016,0.001400546371891
535,NGETFLTELLD,0,Inactive,Logistic Regression,stable_correct,isoelectric_point,Isoelectric point,4.0500284194946286,-1.4678492515186445,0.001400546371891
535,NGETFLTELLD,0,Inactive,Logistic Regression,stable_correct,mean_eisenberg_hydrophobicity,Mean hydrophobicity,0.1563636363636363,0.46689506923018126,0.001400546371891
535,NGETFLTELLD,0,Inactive,Logistic Regression,stable_correct,hydrophobic_moment,Hydrophobic moment,0.4435198604363886,0.4482881547403922,0.001400546371891
535,NGETFLTELLD,0,Inactive,Logistic Regression,stable_correct,boman_index,Boman index,1.4036363636363636,0.14132971417110762,0.001400546371891
538,NIDSYLNAVNIINIFKIIG,0,Inactive,Logistic Regression,stable_correct,length,Length,19.0,0.49355381779939633,0.0210928969409331
538,NIDSYLNAVNIINIFKIIG,0,Inactive,Logistic Regression,stable_correct,molecular_weight,Molecular weight,2134.4731000000006,0.4307538246964399,0.0210928969409331
538,NIDSYLNAVNIINIFKIIG,0,Inactive,Logistic Regression,stable_correct,net_charge_pH7_4,Net charge (pH 7.4),-0.4471118336126172,-0.4100952508251455,0.0210928969409331
538,NIDSYLNAVNIINIFKIIG,0,Inactive,Logistic Regression,stable_correct,isoelectric_point,Isoelectric point,5.834943199157714,-0.7663638956760964,0.0210928969409331
538,NIDSYLNAVNIINIFKIIG,0,Inactive,Logistic Regression,stable_correct,mean_eisenberg_hydrophobicity,Mean hydrophobicity,0.3926315789473684,1.3828627138243998,0.0210928969409331
538,NIDSYLNAVNIINIFKIIG,0,Inactive,Logistic Regression,stable_correct,hydrophobic_moment,Hydrophobic moment,0.081481661254616,-1.7486310018450404,0.0210928969409331
538,NIDSYLNAVNIINIFKIIG,0,Inactive,Logistic Regression,stable_correct,boman_index,Boman index,0.008421052631579,-0.8118751632399251,0.0210928969409331
544,NKEEMMDIVKAIYDMMG,0,Inactive,Logistic Regression,stable_correct,length,Length,17.0,0.07805037118688135,0.0011830065981113
544,NKEEMMDIVKAIYDMMG,0,Inactive,Logistic Regression,stable_correct,molecular_weight,Molecular weight,2018.3979,0.21906593330696159,0.0011830065981113
544,NKEEMMDIVKAIYDMMG,0,Inactive,Logistic Regression,stable_correct,net_charge_pH7_4,Net charge (pH 7.4),-2.4469294202452088,-1.149426158996626,0.0011830065981113
544,NKEEMMDIVKAIYDMMG,0,Inactive,Logistic Regression,stable_correct,isoelectric_point,Isoelectric point,4.316716957092285,-1.3630385872632154,0.0011830065981113
544,NKEEMMDIVKAIYDMMG,0,Inactive,Logistic Regression,stable_correct,mean_eisenberg_hydrophobicity,Mean hydrophobicity,0.0447058823529411,0.034018358054641845,0.0011830065981113
544,NKEEMMDIVKAIYDMMG,0,Inactive,Logistic Regression,stable_correct,hydrophobic_moment,Hydrophobic moment,0.3634733170721414,-0.037450048943101506,0.0011830065981113
544,NKEEMMDIVKAIYDMMG,0,Inactive,Logistic Regression,stable_correct,boman_index,Boman index,1.347647058823529,0.10307807085161719,0.0011830065981113
546,NKQADSIKQMEERNKKRVENFKKTG,0,Inactive,Logistic Regression,stable_correct,length,Length,25.0,1.7400641576369413,0.0091299306167482
546,NKQADSIKQMEERNKKRVENFKKTG,0,Inactive,Logistic Regression,stable_correct,molecular_weight,Molecular weight,3007.384900000001,2.022694724311457,0.0091299306167482
546,NKQADSIKQMEERNKKRVENFKKTG,0,Inactive,Logistic Regression,stable_correct,net_charge_pH7_4,Net charge (pH 7.4),3.5461778420710264,1.066220640308877,0.0091299306167482
546,NKQADSIKQMEERNKKRVENFKKTG,0,Inactive,Logistic Regression,stable_correct,isoelectric_point,Isoelectric point,9.99525890350342,0.868672452015055,0.0091299306167482
546,NKQADSIKQMEERNKKRVENFKKTG,0,Inactive,Logistic Regression,stable_correct,mean_eisenberg_hydrophobicity,Mean hydrophobicity,-0.638,-2.6127076098062973,0.0091299306167482
546,NKQADSIKQMEERNKKRVENFKKTG,0,Inactive,Logistic Regression,stable_correct,hydrophobic_moment,Hydrophobic moment,0.4100231054099912,0.24502324245417847,0.0091299306167482
546,NKQADSIKQMEERNKKRVENFKKTG,0,Inactive,Logistic Regression,stable_correct,boman_index,Boman index,4.4888,2.2490997498046204,0.0091299306167482
554,NLLYDIVKENG,0,Inactive,Logistic Regression,stable_correct,length,Length,11.0,-1.1684599686506636,0.0011757168598534
554,NLLYDIVKENG,0,Inactive,Logistic Regression,stable_correct,molecular_weight,Molecular weight,1277.4225,-1.1322607927936557,0.0011757168598534
554,NLLYDIVKENG,0,Inactive,Logistic Regression,stable_correct,net_charge_pH7_4,Net charge (pH 7.4),-1.4459910726727725,-0.779380079553707,0.0011757168598534
554,NLLYDIVKENG,0,Inactive,Logistic Regression,stable_correct,isoelectric_point,Isoelectric point,4.3702592849731445,-1.3419960370226753,0.0011757168598534
554,NLLYDIVKENG,0,Inactive,Logistic Regression,stable_correct,mean_eisenberg_hydrophobicity,Mean hydrophobicity,0.0672727272727272,0.12150589259299323,0.0011757168598534
554,NLLYDIVKENG,0,Inactive,Logistic Regression,stable_correct,hydrophobic_moment,Hydrophobic moment,0.4484477452252622,0.4781915310100515,0.0011757168598534
554,NLLYDIVKENG,0,Inactive,Logistic Regression,stable_correct,boman_index,Boman index,1.3418181818181818,0.0990958080800564,0.0011757168598534
562,NPARALYQTVRELIENSLDA,0,Inactive,Logistic Regression,stable_correct,length,Length,20.0,0.7013055411056538,0.0008081801236148
562,NPARALYQTVRELIENSLDA,0,Inactive,Logistic Regression,stable_correct,molecular_weight,Molecular weight,2273.5012,0.684301226147269,0.0008081801236148
562,NPARALYQTVRELIENSLDA,0,Inactive,Logistic Regression,stable_correct,net_charge_pH7_4,Net charge (pH 7.4),-1.442414955532389,-0.7780579920039223,0.0008081801236148
562,NPARALYQTVRELIENSLDA,0,Inactive,Logistic Regression,stable_correct,isoelectric_point,Isoelectric point,4.679122352600097,-1.2206104552741672,0.0008081801236148
562,NPARALYQTVRELIENSLDA,0,Inactive,Logistic Regression,stable_correct,mean_eisenberg_hydrophobicity,Mean hydrophobicity,-0.0989999999999999,-0.5231030911513092,0.0008081801236148
562,NPARALYQTVRELIENSLDA,0,Inactive,Logistic Regression,stable_correct,hydrophobic_moment,Hydrophobic moment,0.5428459902520462,1.0510186893488402,0.0008081801236148
562,NPARALYQTVRELIENSLDA,0,Inactive,Logistic Regression,stable_correct,boman_index,Boman index,2.398,0.8206745153827528,0.0008081801236148
563,NPEILLARVKRFLERE,0,Inactive,Logistic Regression,stable_correct,length,Length,16.0,-0.12970135211937614,0.0033188207819574
563,NPEILLARVKRFLERE,0,Inactive,Logistic Regression,stable_correct,molecular_weight,Molecular weight,1983.3176000000003,0.1550895220122992,0.0033188207819574
563,NPEILLARVKRFLERE,0,Inactive,Logistic Regression,stable_correct,net_charge_pH7_4,Net charge (pH 7.4),0.5603266896757733,-0.03764606179489526,0.0033188207819574
563,NPEILLARVKRFLERE,0,Inactive,Logistic Regression,stable_correct,isoelectric_point,Isoelectric point,8.743927574157716,0.3768895317074043,0.0033188207819574
563,NPEILLARVKRFLERE,0,Inactive,Logistic Regression,stable_correct,mean_eisenberg_hydrophobicity,Mean hydrophobicity,-0.26625,-1.1715007827005612,0.0033188207819574
563,NPEILLARVKRFLERE,0,Inactive,Logistic Regression,stable_correct,hydrophobic_moment,Hydrophobic moment,0.4686730187477426,0.6009224774934312,0.0033188207819574
563,NPEILLARVKRFLERE,0,Inactive,Logistic Regression,stable_correct,boman_index,Boman index,3.054375,1.2691069877587107,0.0033188207819574
567,NPQVLADIGAEAT,0,Inactive,Logistic Regression,stable_correct,length,Length,13.0,-0.7529565220381487,0.0007967726507683
567,NPQVLADIGAEAT,0,Inactive,Logistic Regression,stable_correct,molecular_weight,Molecular weight,1298.3988000000002,-1.0940060345321738,0.0007967726507683
567,NPQVLADIGAEAT,0,Inactive,Logistic Regression,stable_correct,net_charge_pH7_4,Net charge (pH 7.4),-2.4409798873382007,-1.1472266216004472,0.0007967726507683
567,NPQVLADIGAEAT,0,Inactive,Logistic Regression,stable_correct,isoelectric_point,Isoelectric point,4.0500284194946286,-1.4678492515186445,0.0007967726507683
567,NPQVLADIGAEAT,0,Inactive,Logistic Regression,stable_correct,mean_eisenberg_hydrophobicity,Mean hydrophobicity,0.2107692307692308,0.6778156182284016,0.0007967726507683
567,NPQVLADIGAEAT,0,Inactive,Logistic Regression,stable_correct,hydrophobic_moment,Hydrophobic moment,0.2650027820037613,-0.6349886659726425,0.0007967726507683
567,NPQVLADIGAEAT,0,Inactive,Logistic Regression,stable_correct,boman_index,Boman index,0.7715384615384616,-0.2905167532010781,0.0007967726507683
569,NPVLQQHFRNLEALAL,0,Inactive,Logistic Regression,stable_correct,length,Length,16.0,-0.12970135211937614,0.002870729990741
569,NPVLQQHFRNLEALAL,0,Inactive,Logistic Regression,stable_correct,molecular_weight,Molecular weight,1863.1241,-0.06410896805036002,0.002870729990741
569,NPVLQQHFRNLEALAL,0,Inactive,Logistic Regression,stable_correct,net_charge_pH7_4,Net charge (pH 7.4),-0.4048250485505322,-0.394461861353735,0.002870729990741
569,NPVLQQHFRNLEALAL,0,Inactive,Logistic Regression,stable_correct,isoelectric_point,Isoelectric point,6.749653053283692,-0.40687582665166766,0.002870729990741
569,NPVLQQHFRNLEALAL,0,Inactive,Logistic Regression,stable_correct,mean_eisenberg_hydrophobicity,Mean hydrophobicity,0.0724999999999999,0.1417710738752771,0.002870729990741
569,NPVLQQHFRNLEALAL,0,Inactive,Logistic Regression,stable_correct,hydrophobic_moment,Hydrophobic moment,0.361685385710996,-0.04829956887452752,0.002870729990741
569,NPVLQQHFRNLEALAL,0,Inactive,Logistic Regression,stable_correct,boman_index,Boman index,1.276875,0.05472691592741708,0.002870729990741
570,NQDELEGYNLFKGSG,0,Inactive,Logistic Regression,stable_correct,length,Length,15.0,-0.33745307542563363,0.0021440451432765
570,NQDELEGYNLFKGSG,0,Inactive,Logistic Regression,stable_correct,molecular_weight,Molecular weight,1670.7308000000005,-0.41497919695768026,0.0021440451432765
570,NQDELEGYNLFKGSG,0,Inactive,Logistic Regression,stable_correct,net_charge_pH7_4,Net charge (pH 7.4),-2.444870311732928,-1.1486649082822686,0.0021440451432765
570,NQDELEGYNLFKGSG,0,Inactive,Logistic Regression,stable_correct,isoelectric_point,Isoelectric point,4.137389945983887,-1.4335154938544084,0.0021440451432765
570,NQDELEGYNLFKGSG,0,Inactive,Logistic Regression,stable_correct,mean_eisenberg_hydrophobicity,Mean hydrophobicity,-0.0913333333333333,-0.4933808252706262,0.0021440451432765
570,NQDELEGYNLFKGSG,0,Inactive,Logistic Regression,stable_correct,hydrophobic_moment,Hydrophobic moment,0.1713134821568069,-1.2035138052149479,0.0021440451432765
570,NQDELEGYNLFKGSG,0,Inactive,Logistic Regression,stable_correct,boman_index,Boman index,2.307333333333333,0.7587314531158772,0.0021440451432765
573,NREANLQALIATG,0,Inactive,Logistic Regression,stable_correct,length,Length,13.0,-0.7529565220381487,0.0003327681292263
573,NREANLQALIATG,0,Inactive,Logistic Regression,stable_correct,molecular_weight,Molecular weight,1370.5111,-0.9624938706052942,0.0003327681292263
573,NREANLQALIATG,0,Inactive,Logistic Regression,stable_correct,net_charge_pH7_4,Net charge (pH 7.4),-0.4414514897265791,-0.40800262637089507,0.0003327681292263
573,NREANLQALIATG,0,Inactive,Logistic Regression,stable_correct,isoelectric_point,Isoelectric point,6.0021066665649405,-0.7006673561246863,0.0003327681292263
573,NREANLQALIATG,0,Inactive,Logistic Regression,stable_correct,mean_eisenberg_hydrophobicity,Mean hydrophobicity,0.0184615384615384,-0.06772616807636096,0.0003327681292263
573,NREANLQALIATG,0,Inactive,Logistic Regression,stable_correct,hydrophobic_moment,Hydrophobic moment,0.1254424086067828,-1.4818685214933538,0.0003327681292263
573,NREANLQALIATG,0,Inactive,Logistic Regression,stable_correct,boman_index,Boman index,1.6915384615384603,0.3380231433304485,0.0003327681292263
576,NSNHQMLLVQQAEDKIKELLNT,0,Inactive,Logistic Regression,stable_correct,length,Length,22.0,1.1168089877181688,0.0011202299711577
576,NSNHQMLLVQQAEDKIKELLNT,0,Inactive,Logistic Regression,stable_correct,molecular_weight,Molecular weight,2566.8841,1.2193475363903685,0.0011202299711577
576,NSNHQMLLVQQAEDKIKELLNT,0,Inactive,Logistic Regression,stable_correct,net_charge_pH7_4,Net charge (pH 7.4),-1.408243870556881,-0.7654249701438197,0.0011202299711577
576,NSNHQMLLVQQAEDKIKELLNT,0,Inactive,Logistic Regression,stable_correct,isoelectric_point,Isoelectric point,5.4454256057739245,-0.919447331767839,0.0011202299711577
576,NSNHQMLLVQQAEDKIKELLNT,0,Inactive,Logistic Regression,stable_correct,mean_eisenberg_hydrophobicity,Mean hydrophobicity,-0.1245454545454545,-0.622138150982993,0.0011202299711577
576,NSNHQMLLVQQAEDKIKELLNT,0,Inactive,Logistic Regression,stable_correct,hydrophobic_moment,Hydrophobic moment,0.2959314193363199,-0.4473075980727714,0.0011202299711577
576,NSNHQMLLVQQAEDKIKELLNT,0,Inactive,Logistic Regression,stable_correct,boman_index,Boman index,2.173181818181817,0.667079736319267,0.0011202299711577
578,NSREREMFVQEVRRYY,0,Inactive,Logistic Regression,stable_correct,length,Length,16.0,-0.12970135211937614,2.5355179246400184e-05
578,NSREREMFVQEVRRYY,0,Inactive,Logistic Regression,stable_correct,molecular_weight,Molecular weight,2162.3874000000005,0.48166150615305825,2.5355179246400184e-05
578,NSREREMFVQEVRRYY,0,Inactive,Logistic Regression,stable_correct,net_charge_pH7_4,Net charge (pH 7.4),0.5557034921184183,-0.03935525410902575,2.5355179246400184e-05
578,NSREREMFVQEVRRYY,0,Inactive,Logistic Regression,stable_correct,isoelectric_point,Isoelectric point,8.586818122863772,0.31514429848794323,2.5355179246400184e-05
578,NSREREMFVQEVRRYY,0,Inactive,Logistic Regression,stable_correct,mean_eisenberg_hydrophobicity,Mean hydrophobicity,-0.591875,-2.4338894123611,2.5355179246400184e-05
578,NSREREMFVQEVRRYY,0,Inactive,Logistic Regression,stable_correct,hydrophobic_moment,Hydrophobic moment,0.383154531675848,0.08197944077779659,2.5355179246400184e-05
578,NSREREMFVQEVRRYY,0,Inactive,Logistic Regression,stable_correct,boman_index,Boman index,5.16,2.7076605960567517,2.5355179246400184e-05
580,NSVLRAVAEVYA,0,Inactive,Logistic Regression,stable_correct,length,Length,12.0,-0.9607082453444061,0.0009697806746871
580,NSVLRAVAEVYA,0,Inactive,Logistic Regression,stable_correct,molecular_weight,Molecular weight,1291.4524,-1.1066742769194187,0.0009697806746871
580,NSVLRAVAEVYA,0,Inactive,Logistic Regression,stable_correct,net_charge_pH7_4,Net charge (pH 7.4),-0.4439570823938648,-0.4089289419081693,0.0009697806746871
580,NSVLRAVAEVYA,0,Inactive,Logistic Regression,stable_correct,isoelectric_point,Isoelectric point,6.00136775970459,-0.7009577522532708,0.0009697806746871
580,NSVLRAVAEVYA,0,Inactive,Logistic Regression,stable_correct,mean_eisenberg_hydrophobicity,Mean hydrophobicity,0.1933333333333333,0.6102198296034363,0.0009697806746871
580,NSVLRAVAEVYA,0,Inactive,Logistic Regression,stable_correct,hydrophobic_moment,Hydrophobic moment,0.5217633345470923,0.9230849787774501,0.0009697806746871
580,NSVLRAVAEVYA,0,Inactive,Logistic Regression,stable_correct,boman_index,Boman index,0.7866666666666666,-0.280181230933698,0.0009697806746871
581,NTDTLERVTEIFKALG,0,Inactive,Logistic Regression,stable_correct,length,Length,16.0,-0.12970135211937614,0.0026768059422805
581,NTDTLERVTEIFKALG,0,Inactive,Logistic Regression,stable_correct,molecular_weight,Molecular weight,1807.0098000000005,-0.16644536586657252,0.0026768059422805
581,NTDTLERVTEIFKALG,0,Inactive,Logistic Regression,stable_correct,net_charge_pH7_4,Net charge (pH 7.4),-1.4423898372990154,-0.778048705813814,0.0026768059422805
581,NTDTLERVTEIFKALG,0,Inactive,Logistic Regression,stable_correct,isoelectric_point,Isoelectric point,4.679122352600097,-1.2206104552741672,0.0026768059422805
581,NTDTLERVTEIFKALG,0,Inactive,Logistic Regression,stable_correct,mean_eisenberg_hydrophobicity,Mean hydrophobicity,-0.0193749999999999,-0.2144115145318223,0.0026768059422805
581,NTDTLERVTEIFKALG,0,Inactive,Logistic Regression,stable_correct,hydrophobic_moment,Hydrophobic moment,0.4521742407256637,0.5008046402627881,0.0026768059422805
581,NTDTLERVTEIFKALG,0,Inactive,Logistic Regression,stable_correct,boman_index,Boman index,2.039375,0.575663514954906,0.0026768059422805
600,PEKEAVTLGIKALKSSL,0,Inactive,Logistic Regression,stable_correct,length,Length,17.0,0.07805037118688135,0.130405829078688
600,PEKEAVTLGIKALKSSL,0,Inactive,Logistic Regression,stable_correct,molecular_weight,Molecular weight,1784.1023999999998,-0.20822189697067972,0.130405829078688
600,PEKEAVTLGIKALKSSL,0,Inactive,Logistic Regression,stable_correct,net_charge_pH7_4,Net charge (pH 7.4),0.896052806804156,0.0864716061026888,0.130405829078688
600,PEKEAVTLGIKALKSSL,0,Inactive,Logistic Regression,stable_correct,isoelectric_point,Isoelectric point,8.903615760803223,0.43964822792595376,0.130405829078688
600,PEKEAVTLGIKALKSSL,0,Inactive,Logistic Regression,stable_correct,mean_eisenberg_hydrophobicity,Mean hydrophobicity,0.0735294117647059,0.14576191520196774,0.130405829078688
600,PEKEAVTLGIKALKSSL,0,Inactive,Logistic Regression,stable_correct,hydrophobic_moment,Hydrophobic moment,0.3306973505163492,-0.23634107470988938,0.130405829078688
600,PEKEAVTLGIKALKSSL,0,Inactive,Logistic Regression,stable_correct,boman_index,Boman index,0.6682352941176471,-0.3610930164207062,0.130405829078688
602,PEYEHLYTELTGTIVLLIES,0,Inactive,Logistic Regression,stable_correct,length,Length,20.0,0.7013055411056538,0.0028747109577109
602,PEYEHLYTELTGTIVLLIES,0,Inactive,Logistic Regression,stable_correct,molecular_weight,Molecular weight,2320.5891000000006,0.7701760578163821,0.0028747109577109
602,PEYEHLYTELTGTIVLLIES,0,Inactive,Logistic Regression,stable_correct,net_charge_pH7_4,Net charge (pH 7.4),-4.062573637472822,-1.7467284901638664,0.0028747109577109
602,PEYEHLYTELTGTIVLLIES,0,Inactive,Logistic Regression,stable_correct,isoelectric_point,Isoelectric point,4.088167381286621,-1.4528603436509135,0.0028747109577109
602,PEYEHLYTELTGTIVLLIES,0,Inactive,Logistic Regression,stable_correct,mean_eisenberg_hydrophobicity,Mean hydrophobicity,0.2865,0.9714099736752169,0.0028747109577109
602,PEYEHLYTELTGTIVLLIES,0,Inactive,Logistic Regression,stable_correct,hydrophobic_moment,Hydrophobic moment,0.236531283201438,-0.8077593329268175,0.0028747109577109
602,PEYEHLYTELTGTIVLLIES,0,Inactive,Logistic Regression,stable_correct,boman_index,Boman index,0.4394999999999998,-0.517363949135722,0.0028747109577109
608,PIKFIRKA,0,Inactive,Logistic Regression,stable_correct,length,Length,8.0,-1.791715138569436,0.2400496206018985
608,PIKFIRKA,0,Inactive,Logistic Regression,stable_correct,molecular_weight,Molecular weight,972.2277,-1.6888486227093755,0.2400496206018985
608,PIKFIRKA,0,Inactive,Logistic Regression,stable_correct,net_charge_pH7_4,Net charge (pH 7.4),2.89629175935838,0.8259582929069783,0.2400496206018985
608,PIKFIRKA,0,Inactive,Logistic Regression,stable_correct,isoelectric_point,Isoelectric point,11.16877689361572,1.3298741263252112,0.2400496206018985
608,PIKFIRKA,0,Inactive,Logistic Regression,stable_correct,mean_eisenberg_hydrophobicity,Mean hydrophobicity,-0.095,-0.5075958219961705,0.2400496206018985
608,PIKFIRKA,0,Inactive,Logistic Regression,stable_correct,hydrophobic_moment,Hydrophobic moment,0.7909744075127042,2.556710835661472,0.2400496206018985
608,PIKFIRKA,0,Inactive,Logistic Regression,stable_correct,boman_index,Boman index,1.4237499999999998,0.15507126082205624,0.2400496206018985
614,PNDMSRIFNIVKESL,0,Inactive,Logistic Regression,stable_correct,length,Length,15.0,-0.33745307542563363,0.0074912951533414
614,PNDMSRIFNIVKESL,0,Inactive,Logistic Regression,stable_correct,molecular_weight,Molecular weight,1763.0232999999998,-0.24666413296413836,0.0074912951533414
614,PNDMSRIFNIVKESL,0,Inactive,Logistic Regression,stable_correct,net_charge_pH7_4,Net charge (pH 7.4),-0.0996354028794854,-0.28163350170396984,0.0074912951533414
614,PNDMSRIFNIVKESL,0,Inactive,Logistic Regression,stable_correct,isoelectric_point,Isoelectric point,6.492854499816894,-0.5077996504168061,0.0074912951533414
614,PNDMSRIFNIVKESL,0,Inactive,Logistic Regression,stable_correct,mean_eisenberg_hydrophobicity,Mean hydrophobicity,-0.04,-0.29437087111300847,0.0074912951533414
614,PNDMSRIFNIVKESL,0,Inactive,Logistic Regression,stable_correct,hydrophobic_moment,Hydrophobic moment,0.5507600388704277,1.0990426963601596,0.0074912951533414
614,PNDMSRIFNIVKESL,0,Inactive,Logistic Regression,stable_correct,boman_index,Boman index,2.13,0.6375781107409598,0.0074912951533414
615,PNGPTHAPWLLAHKIQ,0,Inactive,Logistic Regression,stable_correct,length,Length,16.0,-0.12970135211937614,0.0451120815563493
615,PNGPTHAPWLLAHKIQ,0,Inactive,Logistic Regression,stable_correct,molecular_weight,Molecular weight,1780.0373000000004,-0.21563547409384837,0.0451120815563493
615,PNGPTHAPWLLAHKIQ,0,Inactive,Logistic Regression,stable_correct,net_charge_pH7_4,Net charge (pH 7.4),0.9720753526111328,0.1145770784261034,0.0451120815563493
615,PNGPTHAPWLLAHKIQ,0,Inactive,Logistic Regression,stable_correct,isoelectric_point,Isoelectric point,9.182377052307132,0.5492035781274117,0.0451120815563493
615,PNGPTHAPWLLAHKIQ,0,Inactive,Logistic Regression,stable_correct,mean_eisenberg_hydrophobicity,Mean hydrophobicity,0.156875,0.4688775326164919,0.0451120815563493
615,PNGPTHAPWLLAHKIQ,0,Inactive,Logistic Regression,stable_correct,hydrophobic_moment,Hydrophobic moment,0.2166905900937312,-0.9281565696459424,0.0451120815563493
615,PNGPTHAPWLLAHKIQ,0,Inactive,Logistic Regression,stable_correct,boman_index,Boman index,0.498125,-0.47731161062032973,0.0451120815563493
626,PSVVANTVKGG,0,Inactive,Logistic Regression,stable_correct,length,Length,11.0,-1.1684599686506636,0.0599902561180135
626,PSVVANTVKGG,0,Inactive,Logistic Regression,stable_correct,molecular_weight,Molecular weight,1028.1600999999998,-1.5868439583508152,0.0599902561180135
626,PSVVANTVKGG,0,Inactive,Logistic Regression,stable_correct,net_charge_pH7_4,Net charge (pH 7.4),0.8988224702590388,0.08749554839178322,0.0599902561180135
626,PSVVANTVKGG,0,Inactive,Logistic Regression,stable_correct,isoelectric_point,Isoelectric point,9.179991722106934,0.5482661248532538,0.0599902561180135
626,PSVVANTVKGG,0,Inactive,Logistic Regression,stable_correct,mean_eisenberg_hydrophobicity,Mean hydrophobicity,0.2263636363636363,0.7382722794451148,0.0599902561180135
626,PSVVANTVKGG,0,Inactive,Logistic Regression,stable_correct,hydrophobic_moment,Hydrophobic moment,0.3687074397652358,-0.005688360705877279,0.0599902561180135
626,PSVVANTVKGG,0,Inactive,Logistic Regression,stable_correct,boman_index,Boman index,0.2136363636363635,-0.6716729780816291,0.0599902561180135
634,QASTGSLLNILR,0,Inactive,Logistic Regression,stable_correct,length,Length,12.0,-0.9607082453444061,0.0202706842584379
634,QASTGSLLNILR,0,Inactive,Logistic Regression,stable_correct,molecular_weight,Molecular weight,1272.4509,-1.1413275660650513,0.0202706842584379
634,QASTGSLLNILR,0,Inactive,Logistic Regression,stable_correct,net_charge_pH7_4,Net charge (pH 7.4),0.5574277493335762,-0.03871779764233346,0.0202706842584379
634,QASTGSLLNILR,0,Inactive,Logistic Regression,stable_correct,isoelectric_point,Isoelectric point,9.750021171569824,0.7722921208017465,0.0202706842584379
634,QASTGSLLNILR,0,Inactive,Logistic Regression,stable_correct,mean_eisenberg_hydrophobicity,Mean hydrophobicity,0.105,0.2677676357607823,0.0202706842584379
634,QASTGSLLNILR,0,Inactive,Logistic Regression,stable_correct,hydrophobic_moment,Hydrophobic moment,0.3922364482356137,0.1370903006642753,0.0202706842584379
634,QASTGSLLNILR,0,Inactive,Logistic Regression,stable_correct,boman_index,Boman index,1.1700000000000002,-0.01828960737889476,0.0202706842584379
641,QGLAEKIFWSLK,0,Inactive,Logistic Regression,stable_correct,length,Length,12.0,-0.9607082453444061,0.1802760353661717
641,QGLAEKIFWSLK,0,Inactive,Logistic Regression,stable_correct,molecular_weight,Molecular weight,1419.6661,-0.8728492410784897,0.1802760353661717
641,QGLAEKIFWSLK,0,Inactive,Logistic Regression,stable_correct,net_charge_pH7_4,Net charge (pH 7.4),0.5535624431722228,-0.04014679813404643,0.1802760353661717
641,QGLAEKIFWSLK,0,Inactive,Logistic Regression,stable_correct,isoelectric_point,Isoelectric point,8.591073036193851,0.31681651243643966,0.1802760353661717
641,QGLAEKIFWSLK,0,Inactive,Logistic Regression,stable_correct,mean_eisenberg_hydrophobicity,Mean hydrophobicity,0.1616666666666666,0.48745394879191867,0.1802760353661717
641,QGLAEKIFWSLK,0,Inactive,Logistic Regression,stable_correct,hydrophobic_moment,Hydrophobic moment,0.3809026807271976,0.06831476534286726,0.1802760353661717
641,QGLAEKIFWSLK,0,Inactive,Logistic Regression,stable_correct,boman_index,Boman index,0.3358333333333334,-0.5881885534188034,0.1802760353661717
647,QLLRGVGAAATAVTQALNELLQHVKA,0,Inactive,Logistic Regression,stable_correct,length,Length,26.0,1.947815880943199,0.0972459136297627
647,QLLRGVGAAATAVTQALNELLQHVKA,0,Inactive,Logistic Regression,stable_correct,molecular_weight,Molecular weight,2673.0756,1.4130103921811459,0.0972459136297627
647,QLLRGVGAAATAVTQALNELLQHVKA,0,Inactive,Logistic Regression,stable_correct,net_charge_pH7_4,Net charge (pH 7.4),0.5926693587821821,-0.02568900376972047,0.0972459136297627
647,QLLRGVGAAATAVTQALNELLQHVKA,0,Inactive,Logistic Regression,stable_correct,isoelectric_point,Isoelectric point,8.755016136169434,0.38124742260348415,0.0972459136297627
647,QLLRGVGAAATAVTQALNELLQHVKA,0,Inactive,Logistic Regression,stable_correct,mean_eisenberg_hydrophobicity,Mean hydrophobicity,0.1888461538461538,0.5928238545896585,0.0972459136297627
647,QLLRGVGAAATAVTQALNELLQHVKA,0,Inactive,Logistic Regression,stable_correct,hydrophobic_moment,Hydrophobic moment,0.4874986903294202,0.715160363514426,0.0972459136297627
647,QLLRGVGAAATAVTQALNELLQHVKA,0,Inactive,Logistic Regression,stable_correct,boman_index,Boman index,0.4184615384615384,-0.531737332221121,0.0972459136297627
657,RAAAIEQLKIWGERVG,0,Inactive,Logistic Regression,stable_correct,length,Length,16.0,-0.12970135211937614,0.0150020184096756
657,RAAAIEQLKIWGERVG,0,Inactive,Logistic Regression,stable_correct,molecular_weight,Molecular weight,1797.0662000000002,-0.18457964189470313,0.0150020184096756
657,RAAAIEQLKIWGERVG,0,Inactive,Logistic Regression,stable_correct,net_charge_pH7_4,Net charge (pH 7.4),0.5571385603126058,-0.038824710584261984,0.0150020184096756
657,RAAAIEQLKIWGERVG,0,Inactive,Logistic Regression,stable_correct,isoelectric_point,Isoelectric point,8.74566822052002,0.37757361923178867,0.0150020184096756
657,RAAAIEQLKIWGERVG,0,Inactive,Logistic Regression,stable_correct,mean_eisenberg_hydrophobicity,Mean hydrophobicity,-0.0124999999999999,-0.18775839567142708,0.0150020184096756
657,RAAAIEQLKIWGERVG,0,Inactive,Logistic Regression,stable_correct,hydrophobic_moment,Hydrophobic moment,0.1648674682384478,-1.2426294882916644,0.0150020184096756
657,RAAAIEQLKIWGERVG,0,Inactive,Logistic Regression,stable_correct,boman_index,Boman index,1.6318749999999995,0.2972613325238214,0.0150020184096756
663,RFLIRVYHPLLLKVL,0,Inactive,Logistic Regression,stable_correct,length,Length,15.0,-0.33745307542563363,0.2985235501081456
663,RFLIRVYHPLLLKVL,0,Inactive,Logistic Regression,stable_correct,molecular_weight,Molecular weight,1880.3681,-0.032660855110471704,0.2985235501081456
663,RFLIRVYHPLLLKVL,0,Inactive,Logistic Regression,stable_correct,net_charge_pH7_4,Net charge (pH 7.4),2.589017886941678,0.7123593963527471,0.2985235501081456
663,RFLIRVYHPLLLKVL,0,Inactive,Logistic Regression,stable_correct,isoelectric_point,Isoelectric point,11.00044994354248,1.263720329059716,0.2985235501081456
663,RFLIRVYHPLLLKVL,0,Inactive,Logistic Regression,stable_correct,mean_eisenberg_hydrophobicity,Mean hydrophobicity,0.252,0.8376597772121426,0.2985235501081456
663,RFLIRVYHPLLLKVL,0,Inactive,Logistic Regression,stable_correct,hydrophobic_moment,Hydrophobic moment,0.4776500638691371,0.655396956819911,0.2985235501081456
663,RFLIRVYHPLLLKVL,0,Inactive,Logistic Regression,stable_correct,boman_index,Boman index,-0.0259999999999999,-0.8353914728698805,0.2985235501081456
671,RIENGLRKRLQSIYRHLEE,0,Inactive,Logistic Regression,stable_correct,length,Length,19.0,0.49355381779939633,0.0060443949579058
671,RIENGLRKRLQSIYRHLEE,0,Inactive,Logistic Regression,stable_correct,molecular_weight,Molecular weight,2410.7333,0.9345732384285297,0.0060443949579058
671,RIENGLRKRLQSIYRHLEE,0,Inactive,Logistic Regression,stable_correct,net_charge_pH7_4,Net charge (pH 7.4),1.5944224199511612,0.34465827461617093,0.0060443949579058
671,RIENGLRKRLQSIYRHLEE,0,Inactive,Logistic Regression,stable_correct,isoelectric_point,Isoelectric point,9.970825386047364,0.8590698900986922,0.0060443949579058
671,RIENGLRKRLQSIYRHLEE,0,Inactive,Logistic Regression,stable_correct,mean_eisenberg_hydrophobicity,Mean hydrophobicity,-0.478421052631579,-1.9940491877223288,0.0060443949579058
671,RIENGLRKRLQSIYRHLEE,0,Inactive,Logistic Regression,stable_correct,hydrophobic_moment,Hydrophobic moment,0.6478311863857231,1.6880895538742484,0.0060443949579058
671,RIENGLRKRLQSIYRHLEE,0,Inactive,Logistic Regression,stable_correct,boman_index,Boman index,4.2368421052631575,2.0769632399261453,0.0060443949579058
675,RKQSLEQDLQFYYG,0,Inactive,Logistic Regression,stable_correct,length,Length,14.0,-0.5452047987318911,0.000362413203981
675,RKQSLEQDLQFYYG,0,Inactive,Logistic Regression,stable_correct,molecular_weight,Molecular weight,1774.9263000000003,-0.22495647300568863,0.000362413203981
675,RKQSLEQDLQFYYG,0,Inactive,Logistic Regression,stable_correct,net_charge_pH7_4,Net charge (pH 7.4),-0.4485217835734314,-0.4106165081598009,0.000362413203981
675,RKQSLEQDLQFYYG,0,Inactive,Logistic Regression,stable_correct,isoelectric_point,Isoelectric point,6.068267250061035,-0.6746657335344647,0.000362413203981
675,RKQSLEQDLQFYYG,0,Inactive,Logistic Regression,stable_correct,mean_eisenberg_hydrophobicity,Mean hydrophobicity,-0.2835714285714286,-1.238652796452726,0.000362413203981
675,RKQSLEQDLQFYYG,0,Inactive,Logistic Regression,stable_correct,hydrophobic_moment,Hydrophobic moment,0.0341946997768989,-2.0355776051645287,0.000362413203981
675,RKQSLEQDLQFYYG,0,Inactive,Logistic Regression,stable_correct,boman_index,Boman index,3.0385714285714287,1.258310058247251,0.000362413203981
679,RLLGKWSAILKNVRFFFFWL,0,Inactive,Logistic Regression,rescue,length,Length,20.0,0.7013055411056538,0.4151443430153344
679,RLLGKWSAILKNVRFFFFWL,0,Inactive,Logistic Regression,rescue,molecular_weight,Molecular weight,2542.0744,1.1741017553880049,0.4151443430153344
679,RLLGKWSAILKNVRFFFFWL,0,Inactive,Logistic Regression,rescue,net_charge_pH7_4,Net charge (pH 7.4),3.552391445765631,1.068517804456876,0.4151443430153344
679,RLLGKWSAILKNVRFFFFWL,0,Inactive,Logistic Regression,rescue,isoelectric_point,Isoelectric point,11.999967765808105,1.6565385875063838,0.4151443430153344
679,RLLGKWSAILKNVRFFFFWL,0,Inactive,Logistic Regression,rescue,mean_eisenberg_hydrophobicity,Mean hydrophobicity,0.2729999999999999,0.9190729402766223,0.4151443430153344
679,RLLGKWSAILKNVRFFFFWL,0,Inactive,Logistic Regression,rescue,hydrophobic_moment,Hydrophobic moment,0.3487848324892858,-0.12658266874459206,0.4151443430153344
679,RLLGKWSAILKNVRFFFFWL,0,Inactive,Logistic Regression,rescue,boman_index,Boman index,0.1504999999999999,-0.7148074601113866,0.4151443430153344
694,SAAWAEWQKAR,0,Inactive,Logistic Regression,stable_correct,length,Length,11.0,-1.1684599686506636,0.0008121594575314
694,SAAWAEWQKAR,0,Inactive,Logistic Regression,stable_correct,molecular_weight,Molecular weight,1303.4252,-1.084839321769413,0.0008121594575314
694,SAAWAEWQKAR,0,Inactive,Logistic Regression,stable_correct,net_charge_pH7_4,Net charge (pH 7.4),0.2518183624148991,-0.1517013352842724,0.0008121594575314
694,SAAWAEWQKAR,0,Inactive,Logistic Regression,stable_correct,isoelectric_point,Isoelectric point,8.463554573059085,0.2667007671315175,0.0008121594575314
694,SAAWAEWQKAR,0,Inactive,Logistic Regression,stable_correct,mean_eisenberg_hydrophobicity,Mean hydrophobicity,-0.1518181818181818,-0.7278695315862138,0.0008121594575314
694,SAAWAEWQKAR,0,Inactive,Logistic Regression,stable_correct,hydrophobic_moment,Hydrophobic moment,0.1774041001866899,-1.1665547344441412,0.0008121594575314
694,SAAWAEWQKAR,0,Inactive,Logistic Regression,stable_correct,boman_index,Boman index,2.210909090909091,0.6928548407718946,0.0008121594575314
701,SDIFNKNMRAHALEK,0,Inactive,Logistic Regression,stable_correct,length,Length,15.0,-0.33745307542563363,0.0019847721805575
701,SDIFNKNMRAHALEK,0,Inactive,Logistic Regression,stable_correct,molecular_weight,Molecular weight,1774.0096,-0.22662827103004507,0.0019847721805575
701,SDIFNKNMRAHALEK,0,Inactive,Logistic Regression,stable_correct,net_charge_pH7_4,Net charge (pH 7.4),0.2863856950786649,-0.13892182098146966,0.0019847721805575
701,SDIFNKNMRAHALEK,0,Inactive,Logistic Regression,stable_correct,isoelectric_point,Isoelectric point,8.334488868713382,0.21597694402714288,0.0019847721805575
701,SDIFNKNMRAHALEK,0,Inactive,Logistic Regression,stable_correct,mean_eisenberg_hydrophobicity,Mean hydrophobicity,-0.2466666666666666,-1.0955797774618594,0.0019847721805575
701,SDIFNKNMRAHALEK,0,Inactive,Logistic Regression,stable_correct,hydrophobic_moment,Hydrophobic moment,0.2003620100740218,-1.0272416118492564,0.0019847721805575
701,SDIFNKNMRAHALEK,0,Inactive,Logistic Regression,stable_correct,boman_index,Boman index,2.9399999999999995,1.190966497904587,0.0019847721805575
704,SDWYLKGRLTSLESQFINALGILET,0,Inactive,Logistic Regression,stable_correct,length,Length,25.0,1.7400641576369413,0.0392663559321307
704,SDWYLKGRLTSLESQFINALGILET,0,Inactive,Logistic Regression,stable_correct,molecular_weight,Molecular weight,2855.2008000000005,1.7451545500795331,0.0392663559321307
704,SDWYLKGRLTSLESQFINALGILET,0,Inactive,Logistic Regression,stable_correct,net_charge_pH7_4,Net charge (pH 7.4),-1.7491199851575372,-0.8914465878484802,0.0392663559321307
704,SDWYLKGRLTSLESQFINALGILET,0,Inactive,Logistic Regression,stable_correct,isoelectric_point,Isoelectric point,4.676564598083496,-1.221615672642346,0.0392663559321307
704,SDWYLKGRLTSLESQFINALGILET,0,Inactive,Logistic Regression,stable_correct,mean_eisenberg_hydrophobicity,Mean hydrophobicity,0.14,0.4034562408682491,0.0392663559321307
704,SDWYLKGRLTSLESQFINALGILET,0,Inactive,Logistic Regression,stable_correct,hydrophobic_moment,Hydrophobic moment,0.1219790650225701,-1.502884773046892,0.0392663559321307
704,SDWYLKGRLTSLESQFINALGILET,0,Inactive,Logistic Regression,stable_correct,boman_index,Boman index,1.0812,-0.07895737130498147,0.0392663559321307
705,SEAAKAYMKGLEYQMSGNEQWSKT,0,Inactive,Logistic Regression,stable_correct,length,Length,24.0,1.5323124343306838,0.0015082479663488
705,SEAAKAYMKGLEYQMSGNEQWSKT,0,Inactive,Logistic Regression,stable_correct,molecular_weight,Molecular weight,2738.0132000000003,1.5314379599638708,0.0015082479663488
705,SEAAKAYMKGLEYQMSGNEQWSKT,0,Inactive,Logistic Regression,stable_correct,net_charge_pH7_4,Net charge (pH 7.4),-0.7559373681411814,-0.5242677955790956,0.0015082479663488
705,SEAAKAYMKGLEYQMSGNEQWSKT,0,Inactive,Logistic Regression,stable_correct,isoelectric_point,Isoelectric point,5.951690483093262,-0.7204813073596741,0.0015082479663488
705,SEAAKAYMKGLEYQMSGNEQWSKT,0,Inactive,Logistic Regression,stable_correct,mean_eisenberg_hydrophobicity,Mean hydrophobicity,-0.1358333333333333,-0.6658991946215482,0.0015082479663488
705,SEAAKAYMKGLEYQMSGNEQWSKT,0,Inactive,Logistic Regression,stable_correct,hydrophobic_moment,Hydrophobic moment,0.3207305214098901,-0.296821758361173,0.0015082479663488
705,SEAAKAYMKGLEYQMSGNEQWSKT,0,Inactive,Logistic Regression,stable_correct,boman_index,Boman index,2.0245833333333327,0.5655579142633886,0.0015082479663488
708,SEERIRSGVKRLSKSRQ,0,Inactive,Logistic Regression,stable_correct,length,Length,17.0,0.07805037118688135,0.0090681828391399
708,SEERIRSGVKRLSKSRQ,0,Inactive,Logistic Regression,stable_correct,molecular_weight,Molecular weight,2016.2666,0.21517905305245075,0.0090681828391399
708,SEERIRSGVKRLSKSRQ,0,Inactive,Logistic Regression,stable_correct,net_charge_pH7_4,Net charge (pH 7.4),3.250358175987337,0.9568563543647213,0.0090681828391399
708,SEERIRSGVKRLSKSRQ,0,Inactive,Logistic Regression,stable_correct,isoelectric_point,Isoelectric point,11.553846549987792,1.481209488664089,0.0090681828391399
708,SEERIRSGVKRLSKSRQ,0,Inactive,Logistic Regression,stable_correct,mean_eisenberg_hydrophobicity,Mean hydrophobicity,-0.7041176470588235,-2.8690336470177136,0.0090681828391399
708,SEERIRSGVKRLSKSRQ,0,Inactive,Logistic Regression,stable_correct,hydrophobic_moment,Hydrophobic moment,0.3976120195484663,0.16971032700814614,0.0090681828391399
708,SEERIRSGVKRLSKSRQ,0,Inactive,Logistic Regression,stable_correct,boman_index,Boman index,5.2188235294117655,2.747848568980763,0.0090681828391399
713,SESKLIEQAFR,0,Inactive,Logistic Regression,stable_correct,length,Length,11.0,-1.1684599686506636,0.0035076459812829
713,SESKLIEQAFR,0,Inactive,Logistic Regression,stable_correct,molecular_weight,Molecular weight,1307.4520000000002,-1.0774955928673977,0.0035076459812829
713,SESKLIEQAFR,0,Inactive,Logistic Regression,stable_correct,net_charge_pH7_4,Net charge (pH 7.4),-0.7470608766452567,-0.5209861640128342,0.0035076459812829
713,SESKLIEQAFR,0,Inactive,Logistic Regression,stable_correct,isoelectric_point,Isoelectric point,5.86364688873291,-0.755083122988758,0.0035076459812829
713,SESKLIEQAFR,0,Inactive,Logistic Regression,stable_correct,mean_eisenberg_hydrophobicity,Mean hydrophobicity,-0.2154545454545453,-0.9745760863270618,0.0035076459812829
713,SESKLIEQAFR,0,Inactive,Logistic Regression,stable_correct,hydrophobic_moment,Hydrophobic moment,0.6226606878207411,1.5353500070441328,0.0035076459812829
713,SESKLIEQAFR,0,Inactive,Logistic Regression,stable_correct,boman_index,Boman index,2.8909090909090907,1.1574278077734583,0.0035076459812829
720,SGRFWKLYIEAEIKA,0,Inactive,Logistic Regression,stable_correct,length,Length,15.0,-0.33745307542563363,0.0476343243192507
720,SGRFWKLYIEAEIKA,0,Inactive,Logistic Regression,stable_correct,molecular_weight,Molecular weight,1811.0877,-0.15900844521257362,0.0476343243192507
720,SGRFWKLYIEAEIKA,0,Inactive,Logistic Regression,stable_correct,net_charge_pH7_4,Net charge (pH 7.4),0.247927938020172,-0.1531396219660939,0.0476343243192507
720,SGRFWKLYIEAEIKA,0,Inactive,Logistic Regression,stable_correct,isoelectric_point,Isoelectric point,8.219993019104006,0.17097918686761693,0.0476343243192507
720,SGRFWKLYIEAEIKA,0,Inactive,Logistic Regression,stable_correct,mean_eisenberg_hydrophobicity,Mean hydrophobicity,0.0486666666666666,0.049373595159240356,0.0476343243192507
720,SGRFWKLYIEAEIKA,0,Inactive,Logistic Regression,stable_correct,hydrophobic_moment,Hydrophobic moment,0.3718684725053764,0.01349340905516928,0.0476343243192507
720,SGRFWKLYIEAEIKA,0,Inactive,Logistic Regression,stable_correct,boman_index,Boman index,1.2366666666666666,0.027256761934983883,0.0476343243192507
723,SIDEKYEAEVKKSEIDHHK,0,Inactive,Logistic Regression,stable_correct,length,Length,19.0,0.49355381779939633,0.0015174976966373
723,SIDEKYEAEVKKSEIDHHK,0,Inactive,Logistic Regression,stable_correct,molecular_weight,Molecular weight,2285.4658,0.7061212268478363,0.0015174976966373
723,SIDEKYEAEVKKSEIDHHK,0,Inactive,Logistic Regression,stable_correct,net_charge_pH7_4,Net charge (pH 7.4),-2.680670756539233,-1.235840137748792,0.0015174976966373
723,SIDEKYEAEVKKSEIDHHK,0,Inactive,Logistic Regression,stable_correct,isoelectric_point,Isoelectric point,5.430874824523924,-0.9251659016845889,0.0015174976966373
723,SIDEKYEAEVKKSEIDHHK,0,Inactive,Logistic Regression,stable_correct,mean_eisenberg_hydrophobicity,Mean hydrophobicity,-0.3757894736842106,-1.5961653080838927,0.0015174976966373
723,SIDEKYEAEVKKSEIDHHK,0,Inactive,Logistic Regression,stable_correct,hydrophobic_moment,Hydrophobic moment,0.168866082264095,-1.2183651101884994,0.0015174976966373
723,SIDEKYEAEVKKSEIDHHK,0,Inactive,Logistic Regression,stable_correct,boman_index,Boman index,3.5499999999999994,1.607715777126578,0.0015174976966373
724,SIERLLEMESL,0,Inactive,Logistic Regression,stable_correct,length,Length,11.0,-1.1684599686506636,0.0007822473291264
724,SIERLLEMESL,0,Inactive,Logistic Regression,stable_correct,molecular_weight,Molecular weight,1319.524,-1.0554797253534611,0.0007822473291264
724,SIERLLEMESL,0,Inactive,Logistic Regression,stable_correct,net_charge_pH7_4,Net charge (pH 7.4),-2.7434345230381263,-1.2590438503254104,0.0007822473291264
724,SIERLLEMESL,0,Inactive,Logistic Regression,stable_correct,isoelectric_point,Isoelectric point,4.251863670349121,-1.3885264320874788,0.0007822473291264
724,SIERLLEMESL,0,Inactive,Logistic Regression,stable_correct,mean_eisenberg_hydrophobicity,Mean hydrophobicity,0.0236363636363636,-0.04766431637215998,0.0007822473291264
724,SIERLLEMESL,0,Inactive,Logistic Regression,stable_correct,hydrophobic_moment,Hydrophobic moment,0.3480212888123008,-0.13121600228411676,0.0007822473291264
724,SIERLLEMESL,0,Inactive,Logistic Regression,stable_correct,boman_index,Boman index,1.8290909090909089,0.431998361974225,0.0007822473291264
728,SKDLAQTSYFMATNSLHLT,0,Inactive,Logistic Regression,stable_correct,length,Length,19.0,0.49355381779939633,0.0050442159555368
728,SKDLAQTSYFMATNSLHLT,0,Inactive,Logistic Regression,stable_correct,molecular_weight,Molecular weight,2128.3613,0.419607653467837,0.0050442159555368
728,SKDLAQTSYFMATNSLHLT,0,Inactive,Logistic Regression,stable_correct,net_charge_pH7_4,Net charge (pH 7.4),-0.7147099476278063,-0.5090260523053772,0.0050442159555368
728,SKDLAQTSYFMATNSLHLT,0,Inactive,Logistic Regression,stable_correct,isoelectric_point,Isoelectric point,6.460228919982909,-0.5206217564020185,0.0050442159555368
728,SKDLAQTSYFMATNSLHLT,0,Inactive,Logistic Regression,stable_correct,mean_eisenberg_hydrophobicity,Mean hydrophobicity,0.08,0.17084720354116323,0.0050442159555368
728,SKDLAQTSYFMATNSLHLT,0,Inactive,Logistic Regression,stable_correct,hydrophobic_moment,Hydrophobic moment,0.1977067052457943,-1.043354524953152,0.0050442159555368
728,SKDLAQTSYFMATNSLHLT,0,Inactive,Logistic Regression,stable_correct,boman_index,Boman index,1.339473684210526,0.0974940577716494,0.0050442159555368
730,SKEDVERVKLRINLARNWVKKY,0,Inactive,Logistic Regression,stable_correct,length,Length,22.0,1.1168089877181688,0.0092915661354876
730,SKEDVERVKLRINLARNWVKKY,0,Inactive,Logistic Regression,stable_correct,molecular_weight,Molecular weight,2745.1863000000003,1.5445196381666726,0.0092915661354876
730,SKEDVERVKLRINLARNWVKKY,0,Inactive,Logistic Regression,stable_correct,net_charge_pH7_4,Net charge (pH 7.4),3.2433130003738584,0.9542517587659242,0.0092915661354876
730,SKEDVERVKLRINLARNWVKKY,0,Inactive,Logistic Regression,stable_correct,isoelectric_point,Isoelectric point,10.160878181457516,0.9337621131315061,0.0092915661354876
730,SKEDVERVKLRINLARNWVKKY,0,Inactive,Logistic Regression,stable_correct,mean_eisenberg_hydrophobicity,Mean hydrophobicity,-0.4104545454545454,-1.7305554576400912,0.0092915661354876
730,SKEDVERVKLRINLARNWVKKY,0,Inactive,Logistic Regression,stable_correct,hydrophobic_moment,Hydrophobic moment,0.3004274041904538,-0.4200250757420118,0.0092915661354876
730,SKEDVERVKLRINLARNWVKKY,0,Inactive,Logistic Regression,stable_correct,boman_index,Boman index,3.413636363636364,1.514552748984554,0.0092915661354876
735,SKYRLTVVVAKRAQQLLRH,0,Inactive,Logistic Regression,stable_correct,length,Length,19.0,0.49355381779939633,0.0227094279645017
735,SKYRLTVVVAKRAQQLLRH,0,Inactive,Logistic Regression,stable_correct,molecular_weight,Molecular weight,2266.6907,0.6718808264037575,0.0227094279645017
735,SKYRLTVVVAKRAQQLLRH,0,Inactive,Logistic Regression,stable_correct,net_charge_pH7_4,Net charge (pH 7.4),4.282262620849783,1.3383505743705504,0.0227094279645017
735,SKYRLTVVVAKRAQQLLRH,0,Inactive,Logistic Regression,stable_correct,isoelectric_point,Isoelectric point,11.733906745910645,1.5519745425754374,0.0227094279645017
735,SKYRLTVVVAKRAQQLLRH,0,Inactive,Logistic Regression,stable_correct,mean_eisenberg_hydrophobicity,Mean hydrophobicity,-0.2489473684210526,-1.1044216414538248,0.0227094279645017
735,SKYRLTVVVAKRAQQLLRH,0,Inactive,Logistic Regression,stable_correct,hydrophobic_moment,Hydrophobic moment,0.4236826042240079,0.32791177377957703,0.0227094279645017
735,SKYRLTVVVAKRAQQLLRH,0,Inactive,Logistic Regression,stable_correct,boman_index,Boman index,2.4847368421052627,0.8799327390374411,0.0227094279645017
736,SLAEALGWLFVSEGS,0,Inactive,Logistic Regression,stable_correct,length,Length,15.0,-0.33745307542563363,0.1079681642955046
736,SLAEALGWLFVSEGS,0,Inactive,Logistic Regression,stable_correct,molecular_weight,Molecular weight,1565.7211000000002,-0.6064867883160552,0.1079681642955046
736,SLAEALGWLFVSEGS,0,Inactive,Logistic Regression,stable_correct,net_charge_pH7_4,Net charge (pH 7.4),-2.7445301657445973,-1.259448908528029,0.1079681642955046
736,SLAEALGWLFVSEGS,0,Inactive,Logistic Regression,stable_correct,isoelectric_point,Isoelectric point,4.0500284194946286,-1.4678492515186445,0.1079681642955046
736,SLAEALGWLFVSEGS,0,Inactive,Logistic Regression,stable_correct,mean_eisenberg_hydrophobicity,Mean hydrophobicity,0.4393333333333334,1.5639168826444887,0.1079681642955046
736,SLAEALGWLFVSEGS,0,Inactive,Logistic Regression,stable_correct,hydrophobic_moment,Hydrophobic moment,0.1675654293457721,-1.226257728477924,0.1079681642955046
736,SLAEALGWLFVSEGS,0,Inactive,Logistic Regression,stable_correct,boman_index,Boman index,-0.3859999999999999,-1.081341867164826,0.1079681642955046
742,SMDHRIERLEYYIQLLVK,0,Inactive,Logistic Regression,stable_correct,length,Length,18.0,0.28580209449313887,0.0024135661429113
742,SMDHRIERLEYYIQLLVK,0,Inactive,Logistic Regression,stable_correct,molecular_weight,Molecular weight,2306.6816000000003,0.7448127644557055,0.0024135661429113
742,SMDHRIERLEYYIQLLVK,0,Inactive,Logistic Regression,stable_correct,net_charge_pH7_4,Net charge (pH 7.4),-0.7150242548821497,-0.5091422514374141,0.0024135661429113
742,SMDHRIERLEYYIQLLVK,0,Inactive,Logistic Regression,stable_correct,isoelectric_point,Isoelectric point,6.480861473083496,-0.5125130029653769,0.0024135661429113
742,SMDHRIERLEYYIQLLVK,0,Inactive,Logistic Regression,stable_correct,mean_eisenberg_hydrophobicity,Mean hydrophobicity,-0.1083333333333333,-0.5592867191799671,0.0024135661429113
742,SMDHRIERLEYYIQLLVK,0,Inactive,Logistic Regression,stable_correct,hydrophobic_moment,Hydrophobic moment,0.4114281888244293,0.25354956557907504,0.0024135661429113
742,SMDHRIERLEYYIQLLVK,0,Inactive,Logistic Regression,stable_correct,boman_index,Boman index,2.256666666666666,0.7241162124373292,0.0024135661429113
744,SNEVMRILISRSLLQE,0,Inactive,Logistic Regression,stable_correct,length,Length,16.0,-0.12970135211937614,0.0011191213390557
744,SNEVMRILISRSLLQE,0,Inactive,Logistic Regression,stable_correct,molecular_weight,Molecular weight,1888.1934,-0.01838975106335296,0.0011191213390557
744,SNEVMRILISRSLLQE,0,Inactive,Logistic Regression,stable_correct,net_charge_pH7_4,Net charge (pH 7.4),-0.7424879155546473,-0.5192955440789201,0.0011191213390557
744,SNEVMRILISRSLLQE,0,Inactive,Logistic Regression,stable_correct,isoelectric_point,Isoelectric point,6.006426429748534,-0.6989696556806514,0.0011191213390557
744,SNEVMRILISRSLLQE,0,Inactive,Logistic Regression,stable_correct,mean_eisenberg_hydrophobicity,Mean hydrophobicity,-0.050625,-0.3355620548063466,0.0011191213390557
744,SNEVMRILISRSLLQE,0,Inactive,Logistic Regression,stable_correct,hydrophobic_moment,Hydrophobic moment,0.0864887407336609,-1.7182470565847872,0.0011191213390557
744,SNEVMRILISRSLLQE,0,Inactive,Logistic Regression,stable_correct,boman_index,Boman index,2.178125,0.6704568960894163,0.0011191213390557
749,SPAVQMKIKELYRRR,0,Inactive,Logistic Regression,stable_correct,length,Length,15.0,-0.33745307542563363,0.0016260420609348
749,SPAVQMKIKELYRRR,0,Inactive,Logistic Regression,stable_correct,molecular_weight,Molecular weight,1875.246,-0.04200209724045297,0.0016260420609348
749,SPAVQMKIKELYRRR,0,Inactive,Logistic Regression,stable_correct,net_charge_pH7_4,Net charge (pH 7.4),3.2467569406135803,0.9555249806248284,0.0016260420609348
749,SPAVQMKIKELYRRR,0,Inactive,Logistic Regression,stable_correct,isoelectric_point,Isoelectric point,11.000063133239744,1.2635683096098522,0.0016260420609348
749,SPAVQMKIKELYRRR,0,Inactive,Logistic Regression,stable_correct,mean_eisenberg_hydrophobicity,Mean hydrophobicity,-0.4686666666666666,-1.9562332155720774,0.0016260420609348
749,SPAVQMKIKELYRRR,0,Inactive,Logistic Regression,stable_correct,hydrophobic_moment,Hydrophobic moment,0.2244687825269776,-0.8809569647456118,0.0016260420609348
749,SPAVQMKIKELYRRR,0,Inactive,Logistic Regression,stable_correct,boman_index,Boman index,3.5806666666666667,1.6286671070109628,0.0016260420609348
760,SPVVIKKRIEGLIER,0,Inactive,Logistic Regression,stable_correct,length,Length,15.0,-0.33745307542563363,0.0548945000663737
760,SPVVIKKRIEGLIER,0,Inactive,Logistic Regression,stable_correct,molecular_weight,Molecular weight,1737.0955000000004,-0.2939490078587582,0.0548945000663737
760,SPVVIKKRIEGLIER,0,Inactive,Logistic Regression,stable_correct,net_charge_pH7_4,Net charge (pH 7.4),1.2504084124540835,0.2174765805023605,0.0548945000663737
760,SPVVIKKRIEGLIER,0,Inactive,Logistic Regression,stable_correct,isoelectric_point,Isoelectric point,9.9841703414917,0.8643145611189744,0.0548945000663737
760,SPVVIKKRIEGLIER,0,Inactive,Logistic Regression,stable_correct,mean_eisenberg_hydrophobicity,Mean hydrophobicity,-0.1039999999999999,-0.5424871775952329,0.0548945000663737
760,SPVVIKKRIEGLIER,0,Inactive,Logistic Regression,stable_correct,hydrophobic_moment,Hydrophobic moment,0.3637639334771729,-0.03568653131188305,0.0548945000663737
760,SPVVIKKRIEGLIER,0,Inactive,Logistic Regression,stable_correct,boman_index,Boman index,1.9506666666666663,0.5150583772866257,0.0548945000663737
771,SSREWFSTLYRLFIG,0,Inactive,Logistic Regression,stable_correct,length,Length,15.0,-0.33745307542563363,0.0605254010312408
771,SSREWFSTLYRLFIG,0,Inactive,Logistic Regression,stable_correct,molecular_weight,Molecular weight,1862.0913,-0.06599249919419645,0.0605254010312408
771,SSREWFSTLYRLFIG,0,Inactive,Logistic Regression,stable_correct,net_charge_pH7_4,Net charge (pH 7.4),0.2517932441815258,-0.15171062147438077,0.0605254010312408
771,SSREWFSTLYRLFIG,0,Inactive,Logistic Regression,stable_correct,isoelectric_point,Isoelectric point,8.461298179626464,0.26581398700731373,0.0605254010312408
771,SSREWFSTLYRLFIG,0,Inactive,Logistic Regression,stable_correct,mean_eisenberg_hydrophobicity,Mean hydrophobicity,0.0813333333333333,0.17601629325954277,0.0605254010312408
771,SSREWFSTLYRLFIG,0,Inactive,Logistic Regression,stable_correct,hydrophobic_moment,Hydrophobic moment,0.4389863892446975,0.4207781579241343,0.0605254010312408
771,SSREWFSTLYRLFIG,0,Inactive,Logistic Regression,stable_correct,boman_index,Boman index,1.7046666666666666,0.3469922745184131,0.0605254010312408
776,SVADHSYRVAFITLLLAEELKKK,0,Inactive,Logistic Regression,stable_correct,length,Length,23.0,1.3245607110244264,0.0835041989019481
776,SVADHSYRVAFITLLLAEELKKK,0,Inactive,Logistic Regression,stable_correct,molecular_weight,Molecular weight,2632.0618000000004,1.3382129777474885,0.0835041989019481
776,SVADHSYRVAFITLLLAEELKKK,0,Inactive,Logistic Regression,stable_correct,net_charge_pH7_4,Net charge (pH 7.4),0.2824952706839378,-0.14036010766329116,0.0835041989019481
776,SVADHSYRVAFITLLLAEELKKK,0,Inactive,Logistic Regression,stable_correct,isoelectric_point,Isoelectric point,8.180731773376465,0.15554921270649508,0.0835041989019481
776,SVADHSYRVAFITLLLAEELKKK,0,Inactive,Logistic Regression,stable_correct,mean_eisenberg_hydrophobicity,Mean hydrophobicity,0.0491304347826087,0.05117153940911182,0.0835041989019481
776,SVADHSYRVAFITLLLAEELKKK,0,Inactive,Logistic Regression,stable_correct,hydrophobic_moment,Hydrophobic moment,0.2742425318992822,-0.5789200422931384,0.0835041989019481
776,SVADHSYRVAFITLLLAEELKKK,0,Inactive,Logistic Regression,stable_correct,boman_index,Boman index,1.1734782608695653,-0.015913275066866343,0.0835041989019481
800,TDQQKVSEIFQSSKEKLQGDAKVVSDAFK,0,Inactive,Logistic Regression,stable_correct,length,Length,29.0,2.5710710508619714,0.0632919246054667
800,TDQQKVSEIFQSSKEKLQGDAKVVSDAFK,0,Inactive,Logistic Regression,stable_correct,molecular_weight,Molecular weight,3241.5598,2.4497626147595586,0.0632919246054667
800,TDQQKVSEIFQSSKEKLQGDAKVVSDAFK,0,Inactive,Logistic Regression,stable_correct,net_charge_pH7_4,Net charge (pH 7.4),-0.8005545926952529,-0.5407627466037028,0.0632919246054667
800,TDQQKVSEIFQSSKEKLQGDAKVVSDAFK,0,Inactive,Logistic Regression,stable_correct,isoelectric_point,Isoelectric point,5.914745140075683,-0.7350011137889219,0.0632919246054667
800,TDQQKVSEIFQSSKEKLQGDAKVVSDAFK,0,Inactive,Logistic Regression,stable_correct,mean_eisenberg_hydrophobicity,Mean hydrophobicity,-0.2044827586206896,-0.9320404734407091,0.0632919246054667
800,TDQQKVSEIFQSSKEKLQGDAKVVSDAFK,0,Inactive,Logistic Regression,stable_correct,hydrophobic_moment,Hydrophobic moment,0.3653732135640386,-0.02592110252802232,0.0632919246054667
800,TDQQKVSEIFQSSKEKLQGDAKVVSDAFK,0,Inactive,Logistic Regression,stable_correct,boman_index,Boman index,2.530344827586206,0.9110919112930971,0.0632919246054667
806,TEREQALAAYAEKLTRH,0,Inactive,Logistic Regression,stable_correct,length,Length,17.0,0.07805037118688135,0.0002120525878176
806,TEREQALAAYAEKLTRH,0,Inactive,Logistic Regression,stable_correct,molecular_weight,Molecular weight,1987.1773,0.16212850841418275,0.0002120525878176
806,TEREQALAAYAEKLTRH,0,Inactive,Logistic Regression,stable_correct,net_charge_pH7_4,Net charge (pH 7.4),-0.7566803015092654,-0.5245424574309605,0.0002120525878176
806,TEREQALAAYAEKLTRH,0,Inactive,Logistic Regression,stable_correct,isoelectric_point,Isoelectric point,6.434310340881347,-0.5308079590662289,0.0002120525878176
806,TEREQALAAYAEKLTRH,0,Inactive,Logistic Regression,stable_correct,mean_eisenberg_hydrophobicity,Mean hydrophobicity,-0.3017647058823529,-1.3091848084713729,0.0002120525878176
806,TEREQALAAYAEKLTRH,0,Inactive,Logistic Regression,stable_correct,hydrophobic_moment,Hydrophobic moment,0.3020019261358289,-0.4104705662121432,0.0002120525878176
806,TEREQALAAYAEKLTRH,0,Inactive,Logistic Regression,stable_correct,boman_index,Boman index,3.1894117647058824,1.3613635031023927,0.0002120525878176
807,TESMKTVRIREKIKKFL,0,Inactive,Logistic Regression,stable_correct,length,Length,17.0,0.07805037118688135,0.0178967609272894
807,TESMKTVRIREKIKKFL,0,Inactive,Logistic Regression,stable_correct,molecular_weight,Molecular weight,2107.5626,0.38167678669662075,0.0178967609272894
807,TESMKTVRIREKIKKFL,0,Inactive,Logistic Regression,stable_correct,net_charge_pH7_4,Net charge (pH 7.4),3.2005613110402718,0.9384464945697589,0.0178967609272894
807,TESMKTVRIREKIKKFL,0,Inactive,Logistic Regression,stable_correct,isoelectric_point,Isoelectric point,10.446344184875484,1.0459524671305926,0.0178967609272894
807,TESMKTVRIREKIKKFL,0,Inactive,Logistic Regression,stable_correct,mean_eisenberg_hydrophobicity,Mean hydrophobicity,-0.348235294117647,-1.489342788361959,0.0178967609272894
807,TESMKTVRIREKIKKFL,0,Inactive,Logistic Regression,stable_correct,hydrophobic_moment,Hydrophobic moment,0.300364596786848,-0.4204062034475101,0.0178967609272894
807,TESMKTVRIREKIKKFL,0,Inactive,Logistic Regression,stable_correct,boman_index,Boman index,2.9452941176470584,1.1945834154677482,0.0178967609272894
817,TIEEFHSKLQEATN,0,Inactive,Logistic Regression,stable_correct,length,Length,14.0,-0.5452047987318911,0.0003936405629947
817,TIEEFHSKLQEATN,0,Inactive,Logistic Regression,stable_correct,molecular_weight,Molecular weight,1646.7527000000002,-0.45870837794143976,0.0003936405629947
817,TIEEFHSKLQEATN,0,Inactive,Logistic Regression,stable_correct,net_charge_pH7_4,Net charge (pH 7.4),-2.7541244723752327,-1.2629959157560469,0.0003936405629947
817,TIEEFHSKLQEATN,0,Inactive,Logistic Regression,stable_correct,isoelectric_point,Isoelectric point,4.748295402526855,-1.1934249100058685,0.0003936405629947
817,TIEEFHSKLQEATN,0,Inactive,Logistic Regression,stable_correct,mean_eisenberg_hydrophobicity,Mean hydrophobicity,-0.1221428571428571,-0.6128237198346139,0.0003936405629947
817,TIEEFHSKLQEATN,0,Inactive,Logistic Regression,stable_correct,hydrophobic_moment,Hydrophobic moment,0.4488485131216769,0.48062346960373514,0.0003936405629947
817,TIEEFHSKLQEATN,0,Inactive,Logistic Regression,stable_correct,boman_index,Boman index,2.623571428571428,0.9747839092683552,0.0003936405629947
824,TKGEREMIVVATSAAN,0,Inactive,Logistic Regression,stable_correct,length,Length,16.0,-0.12970135211937614,0.0012255038186189
824,TKGEREMIVVATSAAN,0,Inactive,Logistic Regression,stable_correct,molecular_weight,Molecular weight,1676.8896,-0.4037473112018134,0.0012255038186189
824,TKGEREMIVVATSAAN,0,Inactive,Logistic Regression,stable_correct,net_charge_pH7_4,Net charge (pH 7.4),-0.791896792724498,-0.5375619651134652,0.0012255038186189
824,TKGEREMIVVATSAAN,0,Inactive,Logistic Regression,stable_correct,isoelectric_point,Isoelectric point,5.8100477218627935,-0.776148011393035,0.0012255038186189
824,TKGEREMIVVATSAAN,0,Inactive,Logistic Regression,stable_correct,mean_eisenberg_hydrophobicity,Mean hydrophobicity,0.0024999999999999,-0.1296061363396564,0.0012255038186189
824,TKGEREMIVVATSAAN,0,Inactive,Logistic Regression,stable_correct,hydrophobic_moment,Hydrophobic moment,0.3559372192468615,-0.08318057604128408,0.0012255038186189
824,TKGEREMIVVATSAAN,0,Inactive,Logistic Regression,stable_correct,boman_index,Boman index,1.721875,0.3587489310975581,0.0012255038186189
837,TPEKRVDRIFAMMD,0,Inactive,Logistic Regression,stable_correct,length,Length,14.0,-0.5452047987318911,0.0008898796763493
837,TPEKRVDRIFAMMD,0,Inactive,Logistic Regression,stable_correct,molecular_weight,Molecular weight,1708.9991999999995,-0.34518860514436567,0.0008898796763493
837,TPEKRVDRIFAMMD,0,Inactive,Logistic Regression,stable_correct,net_charge_pH7_4,Net charge (pH 7.4),-0.7908803922956475,-0.537186202715359,0.0008898796763493
837,TPEKRVDRIFAMMD,0,Inactive,Logistic Regression,stable_correct,isoelectric_point,Isoelectric point,5.894453620910644,-0.7429758382431394,0.0008898796763493
837,TPEKRVDRIFAMMD,0,Inactive,Logistic Regression,stable_correct,mean_eisenberg_hydrophobicity,Mean hydrophobicity,-0.2407142857142857,-1.072503484076236,0.0008898796763493
837,TPEKRVDRIFAMMD,0,Inactive,Logistic Regression,stable_correct,hydrophobic_moment,Hydrophobic moment,0.4639904288196316,0.5725075987907118,0.0008898796763493
837,TPEKRVDRIFAMMD,0,Inactive,Logistic Regression,stable_correct,boman_index,Boman index,3.125714285714285,1.3178456695646779,0.0008898796763493
848,TQDLRSHLVHKLVQAIF,0,Inactive,Logistic Regression,stable_correct,length,Length,17.0,0.07805037118688135,0.026953594505606
848,TQDLRSHLVHKLVQAIF,0,Inactive,Logistic Regression,stable_correct,molecular_weight,Molecular weight,2005.323,0.19522106367823605,0.026953594505606
848,TQDLRSHLVHKLVQAIF,0,Inactive,Logistic Regression,stable_correct,net_charge_pH7_4,Net charge (pH 7.4),0.2795610519029115,-0.14144488592039356,0.026953594505606
848,TQDLRSHLVHKLVQAIF,0,Inactive,Logistic Regression,stable_correct,isoelectric_point,Isoelectric point,8.465617561340334,0.26751153753078794,0.026953594505606
848,TQDLRSHLVHKLVQAIF,0,Inactive,Logistic Regression,stable_correct,mean_eisenberg_hydrophobicity,Mean hydrophobicity,0.0641176470588235,0.10927422307222862,0.026953594505606
848,TQDLRSHLVHKLVQAIF,0,Inactive,Logistic Regression,stable_correct,hydrophobic_moment,Hydrophobic moment,0.2033235621471079,-1.009270330096964,0.026953594505606
848,TQDLRSHLVHKLVQAIF,0,Inactive,Logistic Regression,stable_correct,boman_index,Boman index,1.353529411764706,0.1070968681440187,0.026953594505606
852,TRELAYMIKKA,0,Inactive,Logistic Regression,stable_correct,length,Length,11.0,-1.1684599686506636,0.0031451753010585
852,TRELAYMIKKA,0,Inactive,Logistic Regression,stable_correct,molecular_weight,Molecular weight,1323.6037,-1.0480395220154384,0.0031451753010585
852,TRELAYMIKKA,0,Inactive,Logistic Regression,stable_correct,net_charge_pH7_4,Net charge (pH 7.4),1.2019712610010869,0.199569405661837,0.0031451753010585
852,TRELAYMIKKA,0,Inactive,Logistic Regression,stable_correct,isoelectric_point,Isoelectric point,9.696641349792484,0.7513134367206181,0.0031451753010585
852,TRELAYMIKKA,0,Inactive,Logistic Regression,stable_correct,mean_eisenberg_hydrophobicity,Mean hydrophobicity,-0.1499999999999999,-0.7208207728793321,0.0031451753010585
852,TRELAYMIKKA,0,Inactive,Logistic Regression,stable_correct,hydrophobic_moment,Hydrophobic moment,0.6474825656222266,1.6859740543622084,0.0031451753010585
852,TRELAYMIKKA,0,Inactive,Logistic Regression,stable_correct,boman_index,Boman index,1.7936363636363637,0.4077759746572987,0.0031451753010585
861,TVLAALFLAGS,0,Inactive,Logistic Regression,stable_correct,length,Length,11.0,-1.1684599686506636,0.1571210618856062
861,TVLAALFLAGS,0,Inactive,Logistic Regression,stable_correct,molecular_weight,Molecular weight,1062.2591,-1.524657156962665,0.1571210618856062
861,TVLAALFLAGS,0,Inactive,Logistic Regression,stable_correct,net_charge_pH7_4,Net charge (pH 7.4),-0.7916076037035273,-0.5374550521715366,0.1571210618856062
861,TVLAALFLAGS,0,Inactive,Logistic Regression,stable_correct,isoelectric_point,Isoelectric point,5.184989356994628,-1.0218007980121642,0.1571210618856062
861,TVLAALFLAGS,0,Inactive,Logistic Regression,stable_correct,mean_eisenberg_hydrophobicity,Mean hydrophobicity,0.700909090909091,2.577998301941158,0.1571210618856062
861,TVLAALFLAGS,0,Inactive,Logistic Regression,stable_correct,hydrophobic_moment,Hydrophobic moment,0.1322428000682591,-1.4406024056310984,0.1571210618856062
861,TVLAALFLAGS,0,Inactive,Logistic Regression,stable_correct,boman_index,Boman index,-2.016363636363636,-2.195199031630875,0.1571210618856062
862,TYYAKDIAFQFWKM,0,Inactive,Logistic Regression,stable_correct,length,Length,14.0,-0.5452047987318911,0.009971652828735
862,TYYAKDIAFQFWKM,0,Inactive,Logistic Regression,stable_correct,molecular_weight,Molecular weight,1812.0937,-0.15717378958641245,0.009971652828735
862,TYYAKDIAFQFWKM,0,Inactive,Logistic Regression,stable_correct,net_charge_pH7_4,Net charge (pH 7.4),0.1988165097823344,-0.171296076376428,0.009971652828735
862,TYYAKDIAFQFWKM,0,Inactive,Logistic Regression,stable_correct,isoelectric_point,Isoelectric point,8.101113319396973,0.12425854260964042,0.009971652828735
862,TYYAKDIAFQFWKM,0,Inactive,Logistic Regression,stable_correct,mean_eisenberg_hydrophobicity,Mean hydrophobicity,0.1578571428571428,0.4726851210251196,0.009971652828735
862,TYYAKDIAFQFWKM,0,Inactive,Logistic Regression,stable_correct,hydrophobic_moment,Hydrophobic moment,0.3612813951474126,-0.05075106324783411,0.009971652828735
862,TYYAKDIAFQFWKM,0,Inactive,Logistic Regression,stable_correct,boman_index,Boman index,0.6449999999999999,-0.3769672657256905,0.009971652828735
866,VEAIEALLKGN,0,Inactive,Logistic Regression,stable_correct,length,Length,11.0,-1.1684599686506636,0.006141132831164
866,VEAIEALLKGN,0,Inactive,Logistic Regression,stable_correct,molecular_weight,Molecular weight,1156.3291,-1.3531004424964561,0.006141132831164
866,VEAIEALLKGN,0,Inactive,Logistic Regression,stable_correct,net_charge_pH7_4,Net charge (pH 7.4),-1.4771132496853774,-0.7908859226610016,0.006141132831164
866,VEAIEALLKGN,0,Inactive,Logistic Regression,stable_correct,isoelectric_point,Isoelectric point,4.531284141540527,-1.278712019154894,0.006141132831164
866,VEAIEALLKGN,0,Inactive,Logistic Regression,stable_correct,mean_eisenberg_hydrophobicity,Mean hydrophobicity,0.2418181818181818,0.7981867284536067,0.006141132831164
866,VEAIEALLKGN,0,Inactive,Logistic Regression,stable_correct,hydrophobic_moment,Hydrophobic moment,0.3881093534819914,0.11204627617799778,0.006141132831164
866,VEAIEALLKGN,0,Inactive,Logistic Regression,stable_correct,boman_index,Boman index,0.2227272727272725,-0.6654621095388276,0.006141132831164
871,VIDPLHTHLTRLVAAYTG,0,Inactive,Logistic Regression,stable_correct,length,Length,18.0,0.28580209449313887,0.0270356266626418
871,VIDPLHTHLTRLVAAYTG,0,Inactive,Logistic Regression,stable_correct,molecular_weight,Molecular weight,1977.2666000000004,0.14405423255513944,0.0270356266626418
871,VIDPLHTHLTRLVAAYTG,0,Inactive,Logistic Regression,stable_correct,net_charge_pH7_4,Net charge (pH 7.4),-0.4056805232913409,-0.39477812965803816,0.0270356266626418
871,VIDPLHTHLTRLVAAYTG,0,Inactive,Logistic Regression,stable_correct,isoelectric_point,Isoelectric point,6.890386390686037,-0.3515665332381031,0.0270356266626418
871,VIDPLHTHLTRLVAAYTG,0,Inactive,Logistic Regression,stable_correct,mean_eisenberg_hydrophobicity,Mean hydrophobicity,0.2583333333333333,0.862212953374446,0.0270356266626418
871,VIDPLHTHLTRLVAAYTG,0,Inactive,Logistic Regression,stable_correct,hydrophobic_moment,Hydrophobic moment,0.3725759883322091,0.01778675455591778,0.0270356266626418
871,VIDPLHTHLTRLVAAYTG,0,Inactive,Logistic Regression,stable_correct,boman_index,Boman index,0.4716666666666665,-0.4953878259417755,0.0270356266626418
872,VKYAVFEAALTKAITAMSEVQKVSQ,0,Inactive,Logistic Regression,stable_correct,length,Length,25.0,1.7400641576369413,0.029392030832143
872,VKYAVFEAALTKAITAMSEVQKVSQ,0,Inactive,Logistic Regression,stable_correct,molecular_weight,Molecular weight,2713.1527,1.486099534323526,0.029392030832143
872,VKYAVFEAALTKAITAMSEVQKVSQ,0,Inactive,Logistic Regression,stable_correct,net_charge_pH7_4,Net charge (pH 7.4),0.5153699723127652,-0.054266523030246844,0.029392030832143
872,VKYAVFEAALTKAITAMSEVQKVSQ,0,Inactive,Logistic Regression,stable_correct,isoelectric_point,Isoelectric point,8.402438545227053,0.24268169405312193,0.029392030832143
872,VKYAVFEAALTKAITAMSEVQKVSQ,0,Inactive,Logistic Regression,stable_correct,mean_eisenberg_hydrophobicity,Mean hydrophobicity,0.1584,0.4747896789818888,0.029392030832143
872,VKYAVFEAALTKAITAMSEVQKVSQ,0,Inactive,Logistic Regression,stable_correct,hydrophobic_moment,Hydrophobic moment,0.1890581515164004,-1.0958356537616738,0.029392030832143
872,VKYAVFEAALTKAITAMSEVQKVSQ,0,Inactive,Logistic Regression,stable_correct,boman_index,Boman index,0.522,-0.46100031710979683,0.029392030832143
873,VLSFKTGIISL,0,Inactive,Logistic Regression,rescue,length,Length,11.0,-1.1684599686506636,0.509068564994327
873,VLSFKTGIISL,0,Inactive,Logistic Regression,rescue,molecular_weight,Molecular weight,1177.4326,-1.3146137078973525,0.509068564994327
873,VLSFKTGIISL,0,Inactive,Logistic Regression,rescue,net_charge_pH7_4,Net charge (pH 7.4),0.5206452284349337,-0.05231626520387813,0.509068564994327
873,VLSFKTGIISL,0,Inactive,Logistic Regression,rescue,isoelectric_point,Isoelectric point,8.720009803771973,0.36748966239085873,0.509068564994327
873,VLSFKTGIISL,0,Inactive,Logistic Regression,rescue,mean_eisenberg_hydrophobicity,Mean hydrophobicity,0.5336363636363636,1.9295125009080696,0.509068564994327
873,VLSFKTGIISL,0,Inactive,Logistic Regression,rescue,hydrophobic_moment,Hydrophobic moment,0.2458539503913091,-0.7511875507607727,0.509068564994327
873,VLSFKTGIISL,0,Inactive,Logistic Regression,rescue,boman_index,Boman index,-1.1563636363636365,-1.6076508674818384,0.509068564994327
875,VMGQNLILNMND,0,Inactive,Logistic Regression,stable_correct,length,Length,12.0,-0.9607082453444061,0.0002948995320906
875,VMGQNLILNMND,0,Inactive,Logistic Regression,stable_correct,molecular_weight,Molecular weight,1361.5867999999998,-0.9787692356197601,0.0002948995320906
875,VMGQNLILNMND,0,Inactive,Logistic Regression,stable_correct,net_charge_pH7_4,Net charge (pH 7.4),-1.4751333834507174,-0.7901539677511569,0.0002948995320906
875,VMGQNLILNMND,0,Inactive,Logistic Regression,stable_correct,isoelectric_point,Isoelectric point,4.299324226379395,-1.3698740653668302,0.0002948995320906
875,VMGQNLILNMND,0,Inactive,Logistic Regression,stable_correct,mean_eisenberg_hydrophobicity,Mean hydrophobicity,0.1974999999999999,0.6263732349733726,0.0002948995320906
875,VMGQNLILNMND,0,Inactive,Logistic Regression,stable_correct,hydrophobic_moment,Hydrophobic moment,0.2327799261678554,-0.8305233068635325,0.0002948995320906
875,VMGQNLILNMND,0,Inactive,Logistic Regression,stable_correct,boman_index,Boman index,0.8116666666666665,-0.26310134244099354,0.0002948995320906
880,VPMQRVLKYHLLLQELVK,0,Inactive,Logistic Regression,stable_correct,length,Length,18.0,0.28580209449313887,0.0270719874688371
880,VPMQRVLKYHLLLQELVK,0,Inactive,Logistic Regression,stable_correct,molecular_weight,Molecular weight,2207.7227000000003,0.5643400978118217,0.0270719874688371
880,VPMQRVLKYHLLLQELVK,0,Inactive,Logistic Regression,stable_correct,net_charge_pH7_4,Net charge (pH 7.4),1.5533561269828802,0.3294761000626409,0.0270719874688371
880,VPMQRVLKYHLLLQELVK,0,Inactive,Logistic Regression,stable_correct,isoelectric_point,Isoelectric point,9.69941349029541,0.7524029094446364,0.0270719874688371
880,VPMQRVLKYHLLLQELVK,0,Inactive,Logistic Regression,stable_correct,mean_eisenberg_hydrophobicity,Mean hydrophobicity,0.0822222222222222,0.17946235307179592,0.0270719874688371
880,VPMQRVLKYHLLLQELVK,0,Inactive,Logistic Regression,stable_correct,hydrophobic_moment,Hydrophobic moment,0.2871435926202673,-0.500633862817437,0.0270719874688371
880,VPMQRVLKYHLLLQELVK,0,Inactive,Logistic Regression,stable_correct,boman_index,Boman index,0.5355555555555556,-0.45173922201597483,0.0270719874688371
881,VQEVNRFIKAFEEMKALMKSL,0,Inactive,Logistic Regression,stable_correct,length,Length,21.0,0.9090572644119114,0.0103385119438194
881,VQEVNRFIKAFEEMKALMKSL,0,Inactive,Logistic Regression,stable_correct,molecular_weight,Molecular weight,2511.9992,1.119253211761832,0.0103385119438194
881,VQEVNRFIKAFEEMKALMKSL,0,Inactive,Logistic Regression,stable_correct,net_charge_pH7_4,Net charge (pH 7.4),0.5189712076865218,-0.05293514929035387,0.0103385119438194
881,VQEVNRFIKAFEEMKALMKSL,0,Inactive,Logistic Regression,stable_correct,isoelectric_point,Isoelectric point,8.468325233459474,0.2685756736798305,0.0103385119438194
881,VQEVNRFIKAFEEMKALMKSL,0,Inactive,Logistic Regression,stable_correct,mean_eisenberg_hydrophobicity,Mean hydrophobicity,-0.0147619047619047,-0.19652738715796417,0.0103385119438194
881,VQEVNRFIKAFEEMKALMKSL,0,Inactive,Logistic Regression,stable_correct,hydrophobic_moment,Hydrophobic moment,0.4074830468325435,0.229609666317031,0.0103385119438194
881,VQEVNRFIKAFEEMKALMKSL,0,Inactive,Logistic Regression,stable_correct,boman_index,Boman index,1.4504761904761905,0.17333047494878095,0.0103385119438194
894,YKEPLKAVVKKLLEKE,0,Inactive,Logistic Regression,stable_correct,length,Length,16.0,-0.12970135211937614,0.0220844246530842
894,YKEPLKAVVKKLLEKE,0,Inactive,Logistic Regression,stable_correct,molecular_weight,Molecular weight,1915.3199,0.031081209019219534,0.0220844246530842
894,YKEPLKAVVKKLLEKE,0,Inactive,Logistic Regression,stable_correct,net_charge_pH7_4,Net charge (pH 7.4),1.5478740810394656,0.3274493922103476,0.0220844246530842
894,YKEPLKAVVKKLLEKE,0,Inactive,Logistic Regression,stable_correct,isoelectric_point,Isoelectric point,9.308992958068847,0.5989646113826513,0.0220844246530842
894,YKEPLKAVVKKLLEKE,0,Inactive,Logistic Regression,stable_correct,mean_eisenberg_hydrophobicity,Mean hydrophobicity,-0.20125,-0.9195076589295517,0.0220844246530842
894,YKEPLKAVVKKLLEKE,0,Inactive,Logistic Regression,stable_correct,hydrophobic_moment,Hydrophobic moment,0.3384863985687636,-0.1890755957726181,0.0220844246530842
894,YKEPLKAVVKKLLEKE,0,Inactive,Logistic Regression,stable_correct,boman_index,Boman index,1.479375,0.19307401271832403,0.0220844246530842
1,AIGKFLHSAKKFGKAFVGEIMNS,1,Active,RBF-SVM,stable_correct,length,Length,23.0,1.3245607110244264,0.0598608299967819
1,AIGKFLHSAKKFGKAFVGEIMNS,1,Active,RBF-SVM,stable_correct,molecular_weight,Molecular weight,2480.9238,1.062580590046904,0.0598608299967819
1,AIGKFLHSAKKFGKAFVGEIMNS,1,Active,RBF-SVM,stable_correct,net_charge_pH7_4,Net charge (pH 7.4),2.6355271293782248,0.729553824824036,0.0598608299967819
1,AIGKFLHSAKKFGKAFVGEIMNS,1,Active,RBF-SVM,stable_correct,isoelectric_point,Isoelectric point,10.001705741882326,0.8712061095127761,0.0598608299967819
1,AIGKFLHSAKKFGKAFVGEIMNS,1,Active,RBF-SVM,stable_correct,mean_eisenberg_hydrophobicity,Mean hydrophobicity,0.1852173913043478,0.5787558052306905,0.0598608299967819
1,AIGKFLHSAKKFGKAFVGEIMNS,1,Active,RBF-SVM,stable_correct,hydrophobic_moment,Hydrophobic moment,0.4588864603132566,0.5415357118141274,0.0598608299967819
1,AIGKFLHSAKKFGKAFVGEIMNS,1,Active,RBF-SVM,stable_correct,boman_index,Boman index,0.3813043478260868,-0.5571229591313481,0.0598608299967819
12,FAKKLAKKLKKLAKKLAKKWKL,1,Active,RBF-SVM,regression,length,Length,22.0,1.1168089877181688,-0.2380827691879089
12,FAKKLAKKLKKLAKKLAKKWKL,1,Active,RBF-SVM,regression,molecular_weight,Molecular weight,2611.3939,1.300520652681939,-0.2380827691879089
12,FAKKLAKKLKKLAKKLAKKWKL,1,Active,RBF-SVM,regression,net_charge_pH7_4,Net charge (pH 7.4),10.529891348226808,3.6480937488506466,-0.2380827691879089
12,FAKKLAKKLKKLAKKLAKKWKL,1,Active,RBF-SVM,regression,isoelectric_point,Isoelectric point,11.000127601623536,1.2635936461848307,-0.2380827691879089
12,FAKKLAKKLKKLAKKLAKKWKL,1,Active,RBF-SVM,regression,mean_eisenberg_hydrophobicity,Mean hydrophobicity,-0.2959090909090909,-1.2864836591065638,-0.2380827691879089
12,FAKKLAKKLKKLAKKLAKKWKL,1,Active,RBF-SVM,regression,hydrophobic_moment,Hydrophobic moment,0.6526570489310181,1.717373839059535,-0.2380827691879089
12,FAKKLAKKLKKLAKKLAKKWKL,1,Active,RBF-SVM,regression,boman_index,Boman index,1.0863636363636366,-0.0754295979726699,-0.2380827691879089
15,FAKKLAKKLKKLAKKLIGAVLKV,1,Active,RBF-SVM,stable_correct,length,Length,23.0,1.3245607110244264,-0.0949666483291749
15,FAKKLAKKLKKLAKKLIGAVLKV,1,Active,RBF-SVM,stable_correct,molecular_weight,Molecular weight,2537.3103,1.165413402635922,-0.0949666483291749
15,FAKKLAKKLKKLAKKLIGAVLKV,1,Active,RBF-SVM,stable_correct,net_charge_pH7_4,Net charge (pH 7.4),8.534902533561377,2.910548033682616,-0.0949666483291749
15,FAKKLAKKLKKLAKKLIGAVLKV,1,Active,RBF-SVM,stable_correct,isoelectric_point,Isoelectric point,10.90329608917236,1.2255381105690593,-0.0949666483291749
15,FAKKLAKKLKKLAKKLIGAVLKV,1,Active,RBF-SVM,stable_correct,mean_eisenberg_hydrophobicity,Mean hydrophobicity,-0.0104347826086956,-0.17975192518371957,-0.0949666483291749
15,FAKKLAKKLKKLAKKLIGAVLKV,1,Active,RBF-SVM,stable_correct,hydrophobic_moment,Hydrophobic moment,0.6343178898810873,1.6060882069811604,-0.0949666483291749
15,FAKKLAKKLKKLAKKLIGAVLKV,1,Active,RBF-SVM,stable_correct,boman_index,Boman index,0.0517391304347827,-0.7822804456960445,-0.0949666483291749
21,FAKKLAKLAKKLAKLAL,1,Active,RBF-SVM,stable_correct,length,Length,17.0,0.07805037118688135,0.0840618691757082
21,FAKKLAKLAKKLAKLAL,1,Active,RBF-SVM,stable_correct,molecular_weight,Molecular weight,1855.4004,-0.07819478282151619,0.0840618691757082
21,FAKKLAKLAKKLAKLAL,1,Active,RBF-SVM,stable_correct,net_charge_pH7_4,Net charge (pH 7.4),5.5424193115632345,1.804229460930573,0.0840618691757082
21,FAKKLAKLAKKLAKLAL,1,Active,RBF-SVM,stable_correct,isoelectric_point,Isoelectric point,10.699318122863769,1.1453731873411672,0.0840618691757082
21,FAKKLAKLAKKLAKLAL,1,Active,RBF-SVM,stable_correct,mean_eisenberg_hydrophobicity,Mean hydrophobicity,0.0470588235294118,0.04314028108707701,0.0840618691757082
21,FAKKLAKLAKKLAKLAL,1,Active,RBF-SVM,stable_correct,hydrophobic_moment,Hydrophobic moment,0.6623655720203274,1.7762870708821994,0.0840618691757082
21,FAKKLAKLAKKLAKLAL,1,Active,RBF-SVM,stable_correct,boman_index,Boman index,-0.1958823529411765,-0.9514543386744236,0.0840618691757082
30,FAKLLAKALKKAL,1,Active,RBF-SVM,stable_correct,length,Length,13.0,-0.7529565220381487,0.0269000796697309
30,FAKLLAKALKKAL,1,Active,RBF-SVM,stable_correct,molecular_weight,Molecular weight,1414.8203,-0.8816865912109477,0.0269000796697309
30,FAKLLAKALKKAL,1,Active,RBF-SVM,stable_correct,net_charge_pH7_4,Net charge (pH 7.4),3.5474304968978063,1.0666837457625442,0.0269000796697309
30,FAKLLAKALKKAL,1,Active,RBF-SVM,stable_correct,isoelectric_point,Isoelectric point,10.477740287780762,1.058291379144496,0.0269000796697309
30,FAKLLAKALKKAL,1,Active,RBF-SVM,stable_correct,mean_eisenberg_hydrophobicity,Mean hydrophobicity,0.16,0.48099258664394434,0.0269000796697309
30,FAKLLAKALKKAL,1,Active,RBF-SVM,stable_correct,hydrophobic_moment,Hydrophobic moment,0.6692892516125144,1.8183013234238163,0.0269000796697309
30,FAKLLAKALKKAL,1,Active,RBF-SVM,stable_correct,boman_index,Boman index,-0.5923076923076924,-1.2222903623569297,0.0269000796697309
33,FAKLLAKALKKL,0,Inactive,RBF-SVM,persistent_error,length,Length,12.0,-0.9607082453444061,0.0696285522449096
33,FAKLLAKALKKL,0,Inactive,RBF-SVM,persistent_error,molecular_weight,Molecular weight,1343.7424,-1.0113123060526374,0.0696285522449096
33,FAKLLAKALKKL,0,Inactive,RBF-SVM,persistent_error,net_charge_pH7_4,Net charge (pH 7.4),3.5474304968978063,1.0666837457625442,0.0696285522449096
33,FAKLLAKALKKL,0,Inactive,RBF-SVM,persistent_error,isoelectric_point,Isoelectric point,10.477740287780762,1.058291379144496,0.0696285522449096
33,FAKLLAKALKKL,0,Inactive,RBF-SVM,persistent_error,mean_eisenberg_hydrophobicity,Mean hydrophobicity,0.1216666666666667,0.3323812572405285,0.0696285522449096
33,FAKLLAKALKKL,0,Inactive,RBF-SVM,persistent_error,hydrophobic_moment,Hydrophobic moment,0.7461443454495983,2.2846731822869386,0.0696285522449096
33,FAKLLAKALKKL,0,Inactive,RBF-SVM,persistent_error,boman_index,Boman index,-0.4908333333333334,-1.1529635329109007,0.0696285522449096
37,FAKLLAKLAKAKL,0,Inactive,RBF-SVM,rescue,length,Length,13.0,-0.7529565220381487,0.1443289592100896
37,FAKLLAKLAKAKL,0,Inactive,RBF-SVM,rescue,molecular_weight,Molecular weight,1414.8203,-0.8816865912109477,0.1443289592100896
37,FAKLLAKLAKAKL,0,Inactive,RBF-SVM,rescue,net_charge_pH7_4,Net charge (pH 7.4),3.5474304968978063,1.0666837457625442,0.1443289592100896
37,FAKLLAKLAKAKL,0,Inactive,RBF-SVM,rescue,isoelectric_point,Isoelectric point,10.477740287780762,1.058291379144496,0.1443289592100896
37,FAKLLAKLAKAKL,0,Inactive,RBF-SVM,rescue,mean_eisenberg_hydrophobicity,Mean hydrophobicity,0.16,0.48099258664394434,0.1443289592100896
37,FAKLLAKLAKAKL,0,Inactive,RBF-SVM,rescue,hydrophobic_moment,Hydrophobic moment,0.4321146957638214,0.37907936735330755,0.1443289592100896
37,FAKLLAKLAKAKL,0,Inactive,RBF-SVM,rescue,boman_index,Boman index,-0.5923076923076924,-1.2222903623569297,0.1443289592100896
38,FAKLLAKLAKKAA,0,Inactive,RBF-SVM,stable_correct,length,Length,13.0,-0.7529565220381487,0.3160071253897649
38,FAKLLAKLAKKAA,0,Inactive,RBF-SVM,stable_correct,molecular_weight,Molecular weight,1372.7406,-0.9584279017001976,0.3160071253897649
38,FAKLLAKLAKKAA,0,Inactive,RBF-SVM,stable_correct,net_charge_pH7_4,Net charge (pH 7.4),3.5474304968978063,1.0666837457625442,0.3160071253897649
38,FAKLLAKLAKKAA,0,Inactive,RBF-SVM,stable_correct,isoelectric_point,Isoelectric point,10.477740287780762,1.058291379144496,0.3160071253897649
38,FAKLLAKLAKKAA,0,Inactive,RBF-SVM,stable_correct,mean_eisenberg_hydrophobicity,Mean hydrophobicity,0.1230769230769231,0.33784856367343,0.3160071253897649
38,FAKLLAKLAKKAA,0,Inactive,RBF-SVM,stable_correct,hydrophobic_moment,Hydrophobic moment,0.6523372537091026,1.715433258615818,0.3160071253897649
38,FAKLLAKLAKKAA,0,Inactive,RBF-SVM,stable_correct,boman_index,Boman index,-0.3530769230769233,-1.0588489678575108,0.3160071253897649
40,FAKLLAKLAKKFAL,0,Inactive,RBF-SVM,persistent_error,length,Length,14.0,-0.5452047987318911,-0.0937691718054342
40,FAKLLAKLAKKFAL,0,Inactive,RBF-SVM,persistent_error,molecular_weight,Molecular weight,1561.9941,-0.6132837679569143,-0.0937691718054342
40,FAKLLAKLAKKFAL,0,Inactive,RBF-SVM,persistent_error,net_charge_pH7_4,Net charge (pH 7.4),3.5474304968978063,1.0666837457625442,-0.0937691718054342
40,FAKLLAKLAKKFAL,0,Inactive,RBF-SVM,persistent_error,isoelectric_point,Isoelectric point,10.477740287780762,1.058291379144496,-0.0937691718054342
40,FAKLLAKLAKKFAL,0,Inactive,RBF-SVM,persistent_error,mean_eisenberg_hydrophobicity,Mean hydrophobicity,0.2342857142857143,0.7689847280965268,-0.0937691718054342
40,FAKLLAKLAKKFAL,0,Inactive,RBF-SVM,persistent_error,hydrophobic_moment,Hydrophobic moment,0.567302406594784,1.1994250444965016,-0.0937691718054342
40,FAKLLAKLAKKFAL,0,Inactive,RBF-SVM,persistent_error,boman_index,Boman index,-0.7628571428571431,-1.3388089862719956,-0.0937691718054342
43,FAKLLAKLAKKL,0,Inactive,RBF-SVM,persistent_error,length,Length,12.0,-0.9607082453444061,0.1823824576313789
43,FAKLLAKLAKKL,0,Inactive,RBF-SVM,persistent_error,molecular_weight,Molecular weight,1343.7424,-1.0113123060526374,0.1823824576313789
43,FAKLLAKLAKKL,0,Inactive,RBF-SVM,persistent_error,net_charge_pH7_4,Net charge (pH 7.4),3.5474304968978063,1.0666837457625442,0.1823824576313789
43,FAKLLAKLAKKL,0,Inactive,RBF-SVM,persistent_error,isoelectric_point,Isoelectric point,10.477740287780762,1.058291379144496,0.1823824576313789
43,FAKLLAKLAKKL,0,Inactive,RBF-SVM,persistent_error,mean_eisenberg_hydrophobicity,Mean hydrophobicity,0.1216666666666667,0.3323812572405285,0.1823824576313789
43,FAKLLAKLAKKL,0,Inactive,RBF-SVM,persistent_error,hydrophobic_moment,Hydrophobic moment,0.7419279732664577,2.2590874047602285,0.1823824576313789
43,FAKLLAKLAKKL,0,Inactive,RBF-SVM,persistent_error,boman_index,Boman index,-0.4908333333333335,-1.1529635329109007,0.1823824576313789
46,FAKLLAKLAKKVL,1,Active,RBF-SVM,stable_correct,length,Length,13.0,-0.7529565220381487,-0.0467929331612073
46,FAKLLAKLAKKVL,1,Active,RBF-SVM,stable_correct,molecular_weight,Molecular weight,1442.8733999999995,-0.8305257783418938,-0.0467929331612073
46,FAKLLAKLAKKVL,1,Active,RBF-SVM,stable_correct,net_charge_pH7_4,Net charge (pH 7.4),3.5474304968978063,1.0666837457625442,-0.0467929331612073
46,FAKLLAKLAKKVL,1,Active,RBF-SVM,stable_correct,isoelectric_point,Isoelectric point,10.477740287780762,1.058291379144496,-0.0467929331612073
46,FAKLLAKLAKKVL,1,Active,RBF-SVM,stable_correct,mean_eisenberg_hydrophobicity,Mean hydrophobicity,0.1969230769230769,0.6241366096144586,-0.0467929331612073
46,FAKLLAKLAKKVL,1,Active,RBF-SVM,stable_correct,hydrophobic_moment,Hydrophobic moment,0.6923859362710444,1.958456558685223,-0.0467929331612073
46,FAKLLAKLAKKVL,1,Active,RBF-SVM,stable_correct,boman_index,Boman index,-0.7638461538461541,-1.33948467416841,-0.0467929331612073
47,FAKLLAKLAKLKL,0,Inactive,RBF-SVM,persistent_error,length,Length,13.0,-0.7529565220381487,-0.0739975436525841
47,FAKLLAKLAKLKL,0,Inactive,RBF-SVM,persistent_error,molecular_weight,Molecular weight,1456.9,-0.8049452807216978,-0.0739975436525841
47,FAKLLAKLAKLKL,0,Inactive,RBF-SVM,persistent_error,net_charge_pH7_4,Net charge (pH 7.4),3.5474304968978063,1.0666837457625442,-0.0739975436525841
47,FAKLLAKLAKLKL,0,Inactive,RBF-SVM,persistent_error,isoelectric_point,Isoelectric point,10.477740287780762,1.058291379144496,-0.0739975436525841
47,FAKLLAKLAKLKL,0,Inactive,RBF-SVM,persistent_error,mean_eisenberg_hydrophobicity,Mean hydrophobicity,0.1969230769230769,0.6241366096144586,-0.0739975436525841
47,FAKLLAKLAKLKL,0,Inactive,RBF-SVM,persistent_error,hydrophobic_moment,Hydrophobic moment,0.4221552409279093,0.3186434322292984,-0.0739975436525841
47,FAKLLAKLAKLKL,0,Inactive,RBF-SVM,persistent_error,boman_index,Boman index,-0.8315384615384617,-1.3857317568563485,-0.0739975436525841
48,FAKLLFKALKKAL,0,Inactive,RBF-SVM,persistent_error,length,Length,13.0,-0.7529565220381487,-0.0106828127949134
48,FAKLLFKALKKAL,0,Inactive,RBF-SVM,persistent_error,molecular_weight,Molecular weight,1490.9162,-0.7429094827986041,-0.0106828127949134
48,FAKLLFKALKKAL,0,Inactive,RBF-SVM,persistent_error,net_charge_pH7_4,Net charge (pH 7.4),3.5474304968978063,1.0666837457625442,-0.0106828127949134
48,FAKLLFKALKKAL,0,Inactive,RBF-SVM,persistent_error,isoelectric_point,Isoelectric point,10.477740287780762,1.058291379144496,-0.0106828127949134
48,FAKLLFKALKKAL,0,Inactive,RBF-SVM,persistent_error,mean_eisenberg_hydrophobicity,Mean hydrophobicity,0.2046153846153846,0.6539582810666491,-0.0106828127949134
48,FAKLLFKALKKAL,0,Inactive,RBF-SVM,persistent_error,hydrophobic_moment,Hydrophobic moment,0.6664246225881205,1.8009181898361868,-0.0106828127949134
48,FAKLLFKALKKAL,0,Inactive,RBF-SVM,persistent_error,boman_index,Boman index,-0.6823076923076924,-1.283777960930666,-0.0106828127949134
50,FAKLWAKLAFGKGIGKVGKKLL,1,Active,RBF-SVM,stable_correct,length,Length,22.0,1.1168089877181688,-0.0650854050453356
50,FAKLWAKLAFGKGIGKVGKKLL,1,Active,RBF-SVM,stable_correct,molecular_weight,Molecular weight,2373.9645000000005,0.8675174871490033,-0.0650854050453356
50,FAKLWAKLAFGKGIGKVGKKLL,1,Active,RBF-SVM,stable_correct,net_charge_pH7_4,Net charge (pH 7.4),5.5424193115632345,1.804229460930573,-0.0650854050453356
50,FAKLWAKLAFGKGIGKVGKKLL,1,Active,RBF-SVM,stable_correct,isoelectric_point,Isoelectric point,10.699318122863769,1.1453731873411672,-0.0650854050453356
50,FAKLWAKLAFGKGIGKVGKKLL,1,Active,RBF-SVM,stable_correct,mean_eisenberg_hydrophobicity,Mean hydrophobicity,0.2222727272727272,0.7224125723546316,-0.0650854050453356
50,FAKLWAKLAFGKGIGKVGKKLL,1,Active,RBF-SVM,stable_correct,hydrophobic_moment,Hydrophobic moment,0.1769606847830692,-1.1692454665181073,-0.0650854050453356
50,FAKLWAKLAFGKGIGKVGKKLL,1,Active,RBF-SVM,stable_correct,boman_index,Boman index,-0.5827272727272728,-1.215745062431054,-0.0650854050453356
55,FALALKALKKAL,0,Inactive,RBF-SVM,persistent_error,length,Length,12.0,-0.9607082453444061,0.1115709862768704
55,FALALKALKKAL,0,Inactive,RBF-SVM,persistent_error,molecular_weight,Molecular weight,1286.648,-1.1154361253193492,0.1115709862768704
55,FALALKALKKAL,0,Inactive,RBF-SVM,persistent_error,net_charge_pH7_4,Net charge (pH 7.4),2.5499360895650924,0.6979108881785296,0.1115709862768704
55,FALALKALKKAL,0,Inactive,RBF-SVM,persistent_error,isoelectric_point,Isoelectric point,10.302063941955566,0.989249212331598,0.1115709862768704
55,FALALKALKKAL,0,Inactive,RBF-SVM,persistent_error,mean_eisenberg_hydrophobicity,Mean hydrophobicity,0.2983333333333334,1.017285644925837,0.1115709862768704
55,FALALKALKKAL,0,Inactive,RBF-SVM,persistent_error,hydrophobic_moment,Hydrophobic moment,0.5270839680472563,0.9553716316447395,0.1115709862768704
55,FALALKALKKAL,0,Inactive,RBF-SVM,persistent_error,boman_index,Boman index,-1.1041666666666667,-1.5719901305985857,0.1115709862768704
56,FALALKALKKALKKLKKALKKAL,0,Inactive,RBF-SVM,persistent_error,length,Length,23.0,1.3245607110244264,0.3316469679220253
56,FALALKALKKALKKLKKALKKAL,0,Inactive,RBF-SVM,persistent_error,molecular_weight,Molecular weight,2537.3104000000003,1.165413585007257,0.3316469679220253
56,FALALKALKKALKKLKKALKKAL,0,Inactive,RBF-SVM,persistent_error,net_charge_pH7_4,Net charge (pH 7.4),8.534902533561377,2.910548033682616,0.3316469679220253
56,FALALKALKKALKKLKKALKKAL,0,Inactive,RBF-SVM,persistent_error,isoelectric_point,Isoelectric point,10.90329608917236,1.2255381105690593,0.3316469679220253
56,FALALKALKKALKKLKKALKKAL,0,Inactive,RBF-SVM,persistent_error,mean_eisenberg_hydrophobicity,Mean hydrophobicity,-0.0382608695652173,-0.2876285801759911,0.3316469679220253
56,FALALKALKKALKKLKKALKKAL,0,Inactive,RBF-SVM,persistent_error,hydrophobic_moment,Hydrophobic moment,0.6393088461929213,1.6363743136846243,0.3316469679220253
56,FALALKALKKALKKLKKALKKAL,0,Inactive,RBF-SVM,persistent_error,boman_index,Boman index,0.0726086956521738,-0.7680224518238739,0.3316469679220253
61,FALALKKALKALKKAL,1,Active,RBF-SVM,stable_correct,length,Length,16.0,-0.12970135211937614,0.1248780281897435
61,FALALKKALKALKKAL,1,Active,RBF-SVM,stable_correct,molecular_weight,Molecular weight,1727.2281,-0.3119443169299172,0.1248780281897435
61,FALALKKALKALKKAL,1,Active,RBF-SVM,stable_correct,net_charge_pH7_4,Net charge (pH 7.4),4.5449249042305215,1.4354566033465588,0.1248780281897435
61,FALALKKALKALKKAL,1,Active,RBF-SVM,stable_correct,isoelectric_point,Isoelectric point,10.602486610412598,1.1073176517253978,0.1248780281897435
61,FALALKKALKALKKAL,1,Active,RBF-SVM,stable_correct,mean_eisenberg_hydrophobicity,Mean hydrophobicity,0.14375,0.4179943057011919,0.1248780281897435
61,FALALKKALKALKKAL,1,Active,RBF-SVM,stable_correct,hydrophobic_moment,Hydrophobic moment,0.5989436322959629,1.3914302390805735,0.1248780281897435
61,FALALKKALKALKKAL,1,Active,RBF-SVM,stable_correct,boman_index,Boman index,-0.555,-1.1968019133755088,0.1248780281897435
67,FKLAFKLAKKAFL,0,Inactive,RBF-SVM,rescue,length,Length,13.0,-0.7529565220381487,0.323416230394321
67,FKLAFKLAKKAFL,0,Inactive,RBF-SVM,rescue,molecular_weight,Molecular weight,1524.9324,-0.6808736848755099,0.323416230394321
67,FKLAFKLAKKAFL,0,Inactive,RBF-SVM,rescue,net_charge_pH7_4,Net charge (pH 7.4),3.5474304968978063,1.0666837457625442,0.323416230394321
67,FKLAFKLAKKAFL,0,Inactive,RBF-SVM,rescue,isoelectric_point,Isoelectric point,10.477740287780762,1.058291379144496,0.323416230394321
67,FKLAFKLAKKAFL,0,Inactive,RBF-SVM,rescue,mean_eisenberg_hydrophobicity,Mean hydrophobicity,0.2123076923076923,0.6837799525188397,0.323416230394321
67,FKLAFKLAKKAFL,0,Inactive,RBF-SVM,rescue,hydrophobic_moment,Hydrophobic moment,0.5025754469180348,0.8066490943819465,0.323416230394321
67,FKLAFKLAKKAFL,0,Inactive,RBF-SVM,rescue,boman_index,Boman index,-0.5330769230769231,-1.1818241650049834,0.323416230394321
68,FKRLAKIKVLRLAKIKR,1,Active,RBF-SVM,persistent_error,length,Length,17.0,0.07805037118688135,0.0277968421928336
68,FKRLAKIKVLRLAKIKR,1,Active,RBF-SVM,persistent_error,molecular_weight,Molecular weight,2081.6825000000003,0.3344789029286085,0.0277968421928336
68,FKRLAKIKVLRLAKIKR,1,Active,RBF-SVM,persistent_error,net_charge_pH7_4,Net charge (pH 7.4),7.544849549530399,2.5445262641400994,0.0277968421928336
68,FKRLAKIKVLRLAKIKR,1,Active,RBF-SVM,persistent_error,isoelectric_point,Isoelectric point,11.999967765808105,1.6565385875063838,0.0277968421928336
68,FKRLAKIKVLRLAKIKR,1,Active,RBF-SVM,persistent_error,mean_eisenberg_hydrophobicity,Mean hydrophobicity,-0.3152941176470588,-1.3616358659078727,0.0277968421928336
68,FKRLAKIKVLRLAKIKR,1,Active,RBF-SVM,persistent_error,hydrophobic_moment,Hydrophobic moment,0.4171274170084164,0.2881336056153212,0.0277968421928336
68,FKRLAKIKVLRLAKIKR,1,Active,RBF-SVM,persistent_error,boman_index,Boman index,2.19235294117647,0.680177362040411,0.0277968421928336
70,FLGALFHALSKLL,1,Active,RBF-SVM,stable_correct,length,Length,13.0,-0.7529565220381487,0.1737490122109685
70,FLGALFHALSKLL,1,Active,RBF-SVM,stable_correct,molecular_weight,Molecular weight,1429.7469,-0.8544647515792764,0.1737490122109685
70,FLGALFHALSKLL,1,Active,RBF-SVM,stable_correct,net_charge_pH7_4,Net charge (pH 7.4),0.5915737160757106,-0.026094061972339332,0.1737490122109685
70,FLGALFHALSKLL,1,Active,RBF-SVM,stable_correct,isoelectric_point,Isoelectric point,8.757208061218265,0.38210886615271017,0.1737490122109685
70,FLGALFHALSKLL,1,Active,RBF-SVM,stable_correct,mean_eisenberg_hydrophobicity,Mean hydrophobicity,0.58,2.109255847933545,0.1737490122109685
70,FLGALFHALSKLL,1,Active,RBF-SVM,stable_correct,hydrophobic_moment,Hydrophobic moment,0.4823871653403376,0.6841426223112593,0.1737490122109685
70,FLGALFHALSKLL,1,Active,RBF-SVM,stable_correct,boman_index,Boman index,-1.654615384615385,-1.9480542395392373,0.1737490122109685
72,FLGALFKALSKLL,1,Active,RBF-SVM,stable_correct,length,Length,13.0,-0.7529565220381487,0.0852238464769661
72,FLGALFKALSKLL,1,Active,RBF-SVM,stable_correct,molecular_weight,Molecular weight,1420.7799,-0.8708179891536202,0.0852238464769661
72,FLGALFKALSKLL,1,Active,RBF-SVM,stable_correct,net_charge_pH7_4,Net charge (pH 7.4),1.552441682232378,0.32913803059451513,0.0852238464769661
72,FLGALFKALSKLL,1,Active,RBF-SVM,stable_correct,isoelectric_point,Isoelectric point,10.002737236022949,0.8716114947124106,0.0852238464769661
72,FLGALFKALSKLL,1,Active,RBF-SVM,stable_correct,mean_eisenberg_hydrophobicity,Mean hydrophobicity,0.4953846153846153,1.7812174619594494,0.0852238464769661
72,FLGALFKALSKLL,1,Active,RBF-SVM,stable_correct,hydrophobic_moment,Hydrophobic moment,0.5659568803708914,1.1912601261435805,0.0852238464769661
72,FLGALFKALSKLL,1,Active,RBF-SVM,stable_correct,boman_index,Boman index,-1.5861538461538462,-1.9012816218207536,0.0852238464769661
78,FLKLLKKLAAKFLPTIICKISYKC,1,Active,RBF-SVM,rescue,length,Length,24.0,1.5323124343306838,0.7993955340336595
78,FLKLLKKLAAKFLPTIICKISYKC,1,Active,RBF-SVM,rescue,molecular_weight,Molecular weight,2783.5687000000003,1.6145181333014424,0.7993955340336595
78,FLKLLKKLAAKFLPTIICKISYKC,1,Active,RBF-SVM,rescue,net_charge_pH7_4,Net charge (pH 7.4),5.490906983795277,1.7851853959492063,0.7993955340336595
78,FLKLLKKLAAKFLPTIICKISYKC,1,Active,RBF-SVM,rescue,isoelectric_point,Isoelectric point,9.928985404968262,0.8426264529384826,0.7993955340336595
78,FLKLLKKLAAKFLPTIICKISYKC,1,Active,RBF-SVM,rescue,mean_eisenberg_hydrophobicity,Mean hydrophobicity,0.21125,0.6796794726941635,0.7993955340336595
78,FLKLLKKLAAKFLPTIICKISYKC,1,Active,RBF-SVM,rescue,hydrophobic_moment,Hydrophobic moment,0.2994180886172191,-0.4261498015938438,0.7993955340336595
78,FLKLLKKLAAKFLPTIICKISYKC,1,Active,RBF-SVM,rescue,boman_index,Boman index,-0.5037499999999999,-1.1617881419654645,0.7993955340336595
80,FLKWLFKWAKK,1,Active,RBF-SVM,stable_correct,length,Length,11.0,-1.1684599686506636,0.2455437601565542
80,FLKWLFKWAKK,1,Active,RBF-SVM,stable_correct,molecular_weight,Molecular weight,1494.865,-0.7357080035375837,0.2455437601565542
80,FLKWLFKWAKK,1,Active,RBF-SVM,stable_correct,net_charge_pH7_4,Net charge (pH 7.4),3.5474304968978063,1.0666837457625442,0.2455437601565542
80,FLKWLFKWAKK,1,Active,RBF-SVM,stable_correct,isoelectric_point,Isoelectric point,10.477740287780762,1.058291379144496,0.2455437601565542
80,FLKWLFKWAKK,1,Active,RBF-SVM,stable_correct,mean_eisenberg_hydrophobicity,Mean hydrophobicity,0.0763636363636363,0.1567496861274002,0.2455437601565542
80,FLKWLFKWAKK,1,Active,RBF-SVM,stable_correct,hydrophobic_moment,Hydrophobic moment,0.7128266034647883,2.082494556423624,0.2455437601565542
80,FLKWLFKWAKK,1,Active,RBF-SVM,stable_correct,boman_index,Boman index,-0.0063636363636367,-0.8219759968174293,0.2455437601565542
88,GIGKFLKKAKKFAKAFVKIINN,1,Active,RBF-SVM,stable_correct,length,Length,22.0,1.1168089877181688,0.1807968520407762
88,GIGKFLKKAKKFAKAFVKIINN,1,Active,RBF-SVM,stable_correct,molecular_weight,Molecular weight,2464.0457000000006,1.031799773820349,0.1807968520407762
88,GIGKFLKKAKKFAKAFVKIINN,1,Active,RBF-SVM,stable_correct,net_charge_pH7_4,Net charge (pH 7.4),6.539913718895949,2.1730023185145875,0.1807968520407762
88,GIGKFLKKAKKFAKAFVKIINN,1,Active,RBF-SVM,stable_correct,isoelectric_point,Isoelectric point,10.778420829772951,1.1764611648382053,0.1807968520407762
88,GIGKFLKKAKKFAKAFVKIINN,1,Active,RBF-SVM,stable_correct,mean_eisenberg_hydrophobicity,Mean hydrophobicity,0.0345454545454545,-0.005371764130871697,0.1807968520407762
88,GIGKFLKKAKKFAKAFVKIINN,1,Active,RBF-SVM,stable_correct,hydrophobic_moment,Hydrophobic moment,0.6839899685814352,1.907508171755164,0.1807968520407762
88,GIGKFLKKAKKFAKAFVKIINN,1,Active,RBF-SVM,stable_correct,boman_index,Boman index,0.5527272727272726,-0.4400075814351273,0.1807968520407762
90,GLFAVIKKVAAVIKKL,1,Active,RBF-SVM,stable_correct,length,Length,16.0,-0.12970135211937614,0.0841108527902695
90,GLFAVIKKVAAVIKKL,1,Active,RBF-SVM,stable_correct,molecular_weight,Molecular weight,1698.1867000000002,-0.3649075056989077,0.0841108527902695
90,GLFAVIKKVAAVIKKL,1,Active,RBF-SVM,stable_correct,net_charge_pH7_4,Net charge (pH 7.4),3.5474304968978063,1.0666837457625442,0.0841108527902695
90,GLFAVIKKVAAVIKKL,1,Active,RBF-SVM,stable_correct,isoelectric_point,Isoelectric point,10.477740287780762,1.058291379144496,0.0841108527902695
90,GLFAVIKKVAAVIKKL,1,Active,RBF-SVM,stable_correct,mean_eisenberg_hydrophobicity,Mean hydrophobicity,0.365,1.2757401308448209,0.0841108527902695
90,GLFAVIKKVAAVIKKL,1,Active,RBF-SVM,stable_correct,hydrophobic_moment,Hydrophobic moment,0.5337684330905158,0.995934283150166,0.0841108527902695
90,GLFAVIKKVAAVIKKL,1,Active,RBF-SVM,stable_correct,boman_index,Boman index,-1.1843749999999995,-1.6267881061793457,0.0841108527902695
91,GLFAVIKKVAAVIRRL,1,Active,RBF-SVM,rescue,length,Length,16.0,-0.12970135211937614,0.5972602272152341
91,GLFAVIKKVAAVIRRL,1,Active,RBF-SVM,rescue,molecular_weight,Molecular weight,1754.2135000000003,-0.2627306828004765,0.5972602272152341
91,GLFAVIKKVAAVIRRL,1,Active,RBF-SVM,rescue,net_charge_pH7_4,Net charge (pH 7.4),3.552391445765631,1.068517804456876,0.5972602272152341
91,GLFAVIKKVAAVIRRL,1,Active,RBF-SVM,rescue,isoelectric_point,Isoelectric point,11.999967765808105,1.6565385875063838,0.5972602272152341
91,GLFAVIKKVAAVIRRL,1,Active,RBF-SVM,rescue,mean_eisenberg_hydrophobicity,Mean hydrophobicity,0.2399999999999999,0.7911379697467251,0.5972602272152341
91,GLFAVIKKVAAVIRRL,1,Active,RBF-SVM,rescue,hydrophobic_moment,Hydrophobic moment,0.6137653853350615,1.4813715581440494,0.5972602272152341
91,GLFAVIKKVAAVIRRL,1,Active,RBF-SVM,rescue,boman_index,Boman index,-0.0131249999999997,-0.8265953302961375,0.5972602272152341
103,GLFDVIKAVASVIGGL,1,Active,RBF-SVM,stable_correct,length,Length,16.0,-0.12970135211937614,0.342251543756863
103,GLFDVIKAVASVIGGL,1,Active,RBF-SVM,stable_correct,molecular_weight,Molecular weight,1558.8592000000003,-0.6190009269255551,0.342251543756863
103,GLFDVIKAVASVIGGL,1,Active,RBF-SVM,stable_correct,net_charge_pH7_4,Net charge (pH 7.4),-0.4446062409453315,-0.4091689352878712,0.342251543756863
103,GLFDVIKAVASVIGGL,1,Active,RBF-SVM,stable_correct,isoelectric_point,Isoelectric point,5.835682106018066,-0.7660734995475115,0.342251543756863
103,GLFDVIKAVASVIGGL,1,Active,RBF-SVM,stable_correct,mean_eisenberg_hydrophobicity,Mean hydrophobicity,0.6000000000000001,2.1867921937092407,0.342251543756863
103,GLFDVIKAVASVIGGL,1,Active,RBF-SVM,stable_correct,hydrophobic_moment,Hydrophobic moment,0.4584283569699565,0.5387558504269413,0.342251543756863
103,GLFDVIKAVASVIGGL,1,Active,RBF-SVM,stable_correct,boman_index,Boman index,-1.4718750000000005,-1.8232068238454486,0.342251543756863
114,KKVVFKVKFK,0,Inactive,RBF-SVM,stable_correct,length,Length,10.0,-1.3762116919569212,-0.0585229411238819
114,KKVVFKVKFK,0,Inactive,RBF-SVM,stable_correct,molecular_weight,Molecular weight,1250.6174,-1.1811456114067964,-0.0585229411238819
114,KKVVFKVKFK,0,Inactive,RBF-SVM,stable_correct,net_charge_pH7_4,Net charge (pH 7.4),4.5449249042305215,1.4354566033465588,-0.0585229411238819
114,KKVVFKVKFK,0,Inactive,RBF-SVM,stable_correct,isoelectric_point,Isoelectric point,10.602486610412598,1.1073176517253978,-0.0585229411238819
114,KKVVFKVKFK,0,Inactive,RBF-SVM,stable_correct,mean_eisenberg_hydrophobicity,Mean hydrophobicity,-0.18,-0.8371252915428754,-0.0585229411238819
114,KKVVFKVKFK,0,Inactive,RBF-SVM,stable_correct,hydrophobic_moment,Hydrophobic moment,0.2258682015320238,-0.8724650143734575,-0.0585229411238819
114,KKVVFKVKFK,0,Inactive,RBF-SVM,stable_correct,boman_index,Boman index,0.967,-0.15697830193965584,-0.0585229411238819
128,KWKLFKKIGIGKFLHLAKKF,1,Active,RBF-SVM,stable_correct,length,Length,20.0,0.7013055411056538,0.0289522303414134
128,KWKLFKKIGIGKFLHLAKKF,1,Active,RBF-SVM,stable_correct,molecular_weight,Molecular weight,2431.0605000000005,0.9716442243570683,0.0289522303414134
128,KWKLFKKIGIGKFLHLAKKF,1,Active,RBF-SVM,stable_correct,net_charge_pH7_4,Net charge (pH 7.4),6.576540160071996,2.1865430835317476,0.0289522303414134
128,KWKLFKKIGIGKFLHLAKKF,1,Active,RBF-SVM,stable_correct,isoelectric_point,Isoelectric point,10.778420829772951,1.1764611648382053,0.0289522303414134
128,KWKLFKKIGIGKFLHLAKKF,1,Active,RBF-SVM,stable_correct,mean_eisenberg_hydrophobicity,Mean hydrophobicity,0.0595,0.09137244912107555,0.0289522303414134
128,KWKLFKKIGIGKFLHLAKKF,1,Active,RBF-SVM,stable_correct,hydrophobic_moment,Hydrophobic moment,0.2543734147443813,-0.6994897617335055,0.0289522303414134
128,KWKLFKKIGIGKFLHLAKKF,1,Active,RBF-SVM,stable_correct,boman_index,Boman index,0.1974999999999999,-0.682697269745102,0.0289522303414134
139,KWKSFLKTFKSLKKTVLHTALKAISS,1,Active,RBF-SVM,stable_correct,length,Length,26.0,1.947815880943199,0.0557812677548874
139,KWKSFLKTFKSLKKTVLHTALKAISS,1,Active,RBF-SVM,stable_correct,molecular_weight,Molecular weight,2991.6138999999994,1.9939329411303488,0.0557812677548874
139,KWKSFLKTFKSLKKTVLHTALKAISS,1,Active,RBF-SVM,stable_correct,net_charge_pH7_4,Net charge (pH 7.4),6.576540160071996,2.1865430835317476,0.0557812677548874
139,KWKSFLKTFKSLKKTVLHTALKAISS,1,Active,RBF-SVM,stable_correct,isoelectric_point,Isoelectric point,10.778420829772951,1.1764611648382053,0.0557812677548874
139,KWKSFLKTFKSLKKTVLHTALKAISS,1,Active,RBF-SVM,stable_correct,mean_eisenberg_hydrophobicity,Mean hydrophobicity,-0.0161538461538461,-0.20192368961121773,0.0557812677548874
139,KWKSFLKTFKSLKKTVLHTALKAISS,1,Active,RBF-SVM,stable_correct,hydrophobic_moment,Hydrophobic moment,0.4097974589285517,0.2436539751260044,0.0557812677548874
139,KWKSFLKTFKSLKKTVLHTALKAISS,1,Active,RBF-SVM,stable_correct,boman_index,Boman index,0.9334615384615385,-0.17989162927140717,0.0557812677548874
142,KYKKALKKLAKLL,0,Inactive,RBF-SVM,stable_correct,length,Length,13.0,-0.7529565220381487,-0.0710190185367657
142,KYKKALKKLAKLL,0,Inactive,RBF-SVM,stable_correct,molecular_weight,Molecular weight,1545.0085,-0.6442606333681743,-0.0710190185367657
142,KYKKALKKLAKLL,0,Inactive,RBF-SVM,stable_correct,net_charge_pH7_4,Net charge (pH 7.4),5.539913718895949,1.8033031453932988,-0.0710190185367657
142,KYKKALKKLAKLL,0,Inactive,RBF-SVM,stable_correct,isoelectric_point,Isoelectric point,10.398315238952636,1.0270767187725725,-0.0710190185367657
142,KYKKALKKLAKLL,0,Inactive,RBF-SVM,stable_correct,mean_eisenberg_hydrophobicity,Mean hydrophobicity,-0.2384615384615384,-1.063769994579523,-0.0710190185367657
142,KYKKALKKLAKLL,0,Inactive,RBF-SVM,stable_correct,hydrophobic_moment,Hydrophobic moment,0.7018851503821844,2.016099662369959,-0.0710190185367657
142,KYKKALKKLAKLL,0,Inactive,RBF-SVM,stable_correct,boman_index,Boman index,0.78,-0.28473586786508587,-0.0710190185367657
145,MPKWKVFKKIEKVGRNIRNGIVKAGPAIAVLGEAKALG,0,Inactive,RBF-SVM,persistent_error,length,Length,38.0,4.440836560618289,-0.2183382750020347
145,MPKWKVFKKIEKVGRNIRNGIVKAGPAIAVLGEAKALG,0,Inactive,RBF-SVM,persistent_error,molecular_weight,Molecular weight,4088.951700000001,3.9951625321538238,-0.2183382750020347
145,MPKWKVFKKIEKVGRNIRNGIVKAGPAIAVLGEAKALG,0,Inactive,RBF-SVM,persistent_error,net_charge_pH7_4,Net charge (pH 7.4),6.2695406194974,2.073045607232704,-0.2183382750020347
145,MPKWKVFKKIEKVGRNIRNGIVKAGPAIAVLGEAKALG,0,Inactive,RBF-SVM,persistent_error,isoelectric_point,Isoelectric point,10.72878017425537,1.156952002105752,-0.2183382750020347
145,MPKWKVFKKIEKVGRNIRNGIVKAGPAIAVLGEAKALG,0,Inactive,RBF-SVM,persistent_error,mean_eisenberg_hydrophobicity,Mean hydrophobicity,0.0539473684210526,0.06984591101756002,-0.2183382750020347
145,MPKWKVFKKIEKVGRNIRNGIVKAGPAIAVLGEAKALG,0,Inactive,RBF-SVM,persistent_error,hydrophobic_moment,Hydrophobic moment,0.3000237863788378,-0.42247430818290405,-0.2183382750020347
145,MPKWKVFKKIEKVGRNIRNGIVKAGPAIAVLGEAKALG,0,Inactive,RBF-SVM,persistent_error,boman_index,Boman index,0.7499999999999997,-0.3052317340563316,-0.2183382750020347
147,VAKKLAKLAKKLAKLAL,1,Active,RBF-SVM,stable_correct,length,Length,17.0,0.07805037118688135,0.0684731530249672
147,VAKKLAKLAKKLAKLAL,1,Active,RBF-SVM,stable_correct,molecular_weight,Molecular weight,1807.3576,-0.16581107836480502,0.0684731530249672
147,VAKKLAKLAKKLAKLAL,1,Active,RBF-SVM,stable_correct,net_charge_pH7_4,Net charge (pH 7.4),5.508117265098505,1.7915480227161944,0.0684731530249672
147,VAKKLAKLAKKLAKLAL,1,Active,RBF-SVM,stable_correct,isoelectric_point,Isoelectric point,10.699253654479982,1.145347850766191,0.0684731530249672
147,VAKKLAKLAKKLAKLAL,1,Active,RBF-SVM,stable_correct,mean_eisenberg_hydrophobicity,Mean hydrophobicity,0.0411764705882353,0.02033547350599005,0.0684731530249672
147,VAKKLAKLAKKLAKLAL,1,Active,RBF-SVM,stable_correct,hydrophobic_moment,Hydrophobic moment,0.6585976675655884,1.7534226839321259,0.0684731530249672
147,VAKKLAKLAKKLAKLAL,1,Active,RBF-SVM,stable_correct,boman_index,Boman index,-0.2582352941176471,-0.9940535899738749,0.0684731530249672
149,VAKLLAKLAKKVL,0,Inactive,RBF-SVM,persistent_error,length,Length,13.0,-0.7529565220381487,0.0406949432833927
149,VAKLLAKLAKKVL,0,Inactive,RBF-SVM,persistent_error,molecular_weight,Molecular weight,1394.8306,-0.9181420738851818,0.0406949432833927
149,VAKLLAKLAKKVL,0,Inactive,RBF-SVM,persistent_error,net_charge_pH7_4,Net charge (pH 7.4),3.513128450433076,1.0540023075481655,0.0406949432833927
149,VAKLLAKLAKKVL,0,Inactive,RBF-SVM,persistent_error,isoelectric_point,Isoelectric point,10.477675819396971,1.058266042569518,0.0406949432833927
149,VAKLLAKLAKKVL,0,Inactive,RBF-SVM,persistent_error,mean_eisenberg_hydrophobicity,Mean hydrophobicity,0.1892307692307692,0.5943149381622681,0.0406949432833927
149,VAKLLAKLAKKVL,0,Inactive,RBF-SVM,persistent_error,hydrophobic_moment,Hydrophobic moment,0.6863913514848103,1.9220802365666807,0.0406949432833927
149,VAKLLAKLAKKVL,0,Inactive,RBF-SVM,persistent_error,boman_index,Boman index,-0.8453846153846155,-1.3951913874061543,0.0406949432833927
158,AEGVATADPLMRLAKQLK,0,Inactive,RBF-SVM,stable_correct,length,Length,18.0,0.28580209449313887,0.0017570069929834
158,AEGVATADPLMRLAKQLK,0,Inactive,RBF-SVM,stable_correct,molecular_weight,Molecular weight,1912.2580000000005,0.025497181124843067,0.0017570069929834
158,AEGVATADPLMRLAKQLK,0,Inactive,RBF-SVM,stable_correct,net_charge_pH7_4,Net charge (pH 7.4),0.6043332394583807,-0.021376876728344464,0.0017570069929834
158,AEGVATADPLMRLAKQLK,0,Inactive,RBF-SVM,stable_correct,isoelectric_point,Isoelectric point,8.634008979797365,0.3336906713712608,0.0017570069929834
158,AEGVATADPLMRLAKQLK,0,Inactive,RBF-SVM,stable_correct,mean_eisenberg_hydrophobicity,Mean hydrophobicity,0.0044444444444444,-0.12206788050035244,0.0017570069929834
158,AEGVATADPLMRLAKQLK,0,Inactive,RBF-SVM,stable_correct,hydrophobic_moment,Hydrophobic moment,0.361077177684928,-0.05199029506496194,0.0017570069929834
158,AEGVATADPLMRLAKQLK,0,Inactive,RBF-SVM,stable_correct,boman_index,Boman index,1.1294444444444445,-0.045996982044837785,0.0017570069929834
166,AGNLDIMTSAALATAERMAQSMLN,0,Inactive,RBF-SVM,stable_correct,length,Length,24.0,1.5323124343306838,-0.0021414644131733
166,AGNLDIMTSAALATAERMAQSMLN,0,Inactive,RBF-SVM,stable_correct,molecular_weight,Molecular weight,2480.8363,1.0624210151291213,-0.0021414644131733
166,AGNLDIMTSAALATAERMAQSMLN,0,Inactive,RBF-SVM,stable_correct,net_charge_pH7_4,Net charge (pH 7.4),-1.3906555752070475,-0.7589225918963733,-0.0021414644131733
166,AGNLDIMTSAALATAERMAQSMLN,0,Inactive,RBF-SVM,stable_correct,isoelectric_point,Isoelectric point,4.37037296295166,-1.3419513606952007,-0.0021414644131733
166,AGNLDIMTSAALATAERMAQSMLN,0,Inactive,RBF-SVM,stable_correct,mean_eisenberg_hydrophobicity,Mean hydrophobicity,0.15875,0.4761465650329634,-0.0021414644131733
166,AGNLDIMTSAALATAERMAQSMLN,0,Inactive,RBF-SVM,stable_correct,hydrophobic_moment,Hydrophobic moment,0.2630663784353652,-0.6467391445240893,-0.0021414644131733
166,AGNLDIMTSAALATAERMAQSMLN,0,Inactive,RBF-SVM,stable_correct,boman_index,Boman index,0.945,-0.17200860381323585,-0.0021414644131733
167,AHAIGVLLDNL,0,Inactive,RBF-SVM,stable_correct,length,Length,11.0,-1.1684599686506636,0.0193115216283504
167,AHAIGVLLDNL,0,Inactive,RBF-SVM,stable_correct,molecular_weight,Molecular weight,1135.3131,-1.3914276021777765,0.0193115216283504
167,AHAIGVLLDNL,0,Inactive,RBF-SVM,stable_correct,net_charge_pH7_4,Net charge (pH 7.4),-1.3551247767374717,-0.7457868850818321,0.0193115216283504
167,AHAIGVLLDNL,0,Inactive,RBF-SVM,stable_correct,isoelectric_point,Isoelectric point,5.078188896179198,-1.063774207674558,0.0193115216283504
167,AHAIGVLLDNL,0,Inactive,RBF-SVM,stable_correct,mean_eisenberg_hydrophobicity,Mean hydrophobicity,0.4945454545454545,1.7779641887101199,0.0193115216283504
167,AHAIGVLLDNL,0,Inactive,RBF-SVM,stable_correct,hydrophobic_moment,Hydrophobic moment,0.4012201711318436,0.19160530204476026,0.0193115216283504
167,AHAIGVLLDNL,0,Inactive,RBF-SVM,stable_correct,boman_index,Boman index,-0.7509090909090907,-1.3306461304728845,0.0193115216283504
169,AKQEKIIIQVALNDITHVVELL,0,Inactive,RBF-SVM,stable_correct,length,Length,22.0,1.1168089877181688,0.0059287682340611
169,AKQEKIIIQVALNDITHVVELL,0,Inactive,RBF-SVM,stable_correct,molecular_weight,Molecular weight,2487.9315,1.0753606260622637,0.0059287682340611
169,AKQEKIIIQVALNDITHVVELL,0,Inactive,RBF-SVM,stable_correct,net_charge_pH7_4,Net charge (pH 7.4),-1.357894440192354,-0.7468108273709262,0.0059287682340611
169,AKQEKIIIQVALNDITHVVELL,0,Inactive,RBF-SVM,stable_correct,isoelectric_point,Isoelectric point,5.447187614440917,-0.9187548486919823,0.0059287682340611
169,AKQEKIIIQVALNDITHVVELL,0,Inactive,RBF-SVM,stable_correct,mean_eisenberg_hydrophobicity,Mean hydrophobicity,0.2331818181818181,0.7647051245959199,0.0059287682340611
169,AKQEKIIIQVALNDITHVVELL,0,Inactive,RBF-SVM,stable_correct,hydrophobic_moment,Hydrophobic moment,0.3697933873567896,0.0009013833386029649,0.0059287682340611
169,AKQEKIIIQVALNDITHVVELL,0,Inactive,RBF-SVM,stable_correct,boman_index,Boman index,0.3731818181818182,-0.5626722351554598,0.0059287682340611
170,AKVVRTALEDAASVAGLLIT,0,Inactive,RBF-SVM,stable_correct,length,Length,20.0,0.7013055411056538,0.0077678370334172
170,AKVVRTALEDAASVAGLLIT,0,Inactive,RBF-SVM,stable_correct,molecular_weight,Molecular weight,1998.324,0.18245689396898762,0.0077678370334172
170,AKVVRTALEDAASVAGLLIT,0,Inactive,RBF-SVM,stable_correct,net_charge_pH7_4,Net charge (pH 7.4),-0.3931611678743332,-0.39014973431235883,0.0077678370334172
170,AKVVRTALEDAASVAGLLIT,0,Inactive,RBF-SVM,stable_correct,isoelectric_point,Isoelectric point,6.114193153381346,-0.6566164972347237,0.0077678370334172
170,AKVVRTALEDAASVAGLLIT,0,Inactive,RBF-SVM,stable_correct,mean_eisenberg_hydrophobicity,Mean hydrophobicity,0.283,0.9578411131644702,0.0077678370334172
170,AKVVRTALEDAASVAGLLIT,0,Inactive,RBF-SVM,stable_correct,hydrophobic_moment,Hydrophobic moment,0.406621699469199,0.22438284072988973,0.0077678370334172
170,AKVVRTALEDAASVAGLLIT,0,Inactive,RBF-SVM,stable_correct,boman_index,Boman index,0.1375000000000002,-0.7236890021275927,0.0077678370334172
173,ALYGLLKEEMGEILAK,0,Inactive,RBF-SVM,stable_correct,length,Length,16.0,-0.12970135211937614,0.0023746945949263
173,ALYGLLKEEMGEILAK,0,Inactive,RBF-SVM,stable_correct,molecular_weight,Molecular weight,1778.1175000000003,-0.21913663897566243,0.0023746945949263
173,ALYGLLKEEMGEILAK,0,Inactive,RBF-SVM,stable_correct,net_charge_pH7_4,Net charge (pH 7.4),-1.396352197250847,-0.7610286283555506,0.0023746945949263
173,ALYGLLKEEMGEILAK,0,Inactive,RBF-SVM,stable_correct,isoelectric_point,Isoelectric point,4.786207008361816,-1.178525354793087,0.0023746945949263
173,ALYGLLKEEMGEILAK,0,Inactive,RBF-SVM,stable_correct,mean_eisenberg_hydrophobicity,Mean hydrophobicity,0.23,0.7523697968588778,0.0023746945949263
173,ALYGLLKEEMGEILAK,0,Inactive,RBF-SVM,stable_correct,hydrophobic_moment,Hydrophobic moment,0.1789650752067653,-1.1570824303273228,0.0023746945949263
173,ALYGLLKEEMGEILAK,0,Inactive,RBF-SVM,stable_correct,boman_index,Boman index,-0.0487500000000001,-0.8509341713982418,0.0023746945949263
175,APDAEGRAIQAVYWANKWAKEQG,0,Inactive,RBF-SVM,stable_correct,length,Length,23.0,1.3245607110244264,-0.0079962181610476
175,APDAEGRAIQAVYWANKWAKEQG,0,Inactive,RBF-SVM,stable_correct,molecular_weight,Molecular weight,2559.7888000000003,1.2064077430858922,-0.0079962181610476
175,APDAEGRAIQAVYWANKWAKEQG,0,Inactive,RBF-SVM,stable_correct,net_charge_pH7_4,Net charge (pH 7.4),-0.3970515922690603,-0.39158802099418033,-0.0079962181610476
175,APDAEGRAIQAVYWANKWAKEQG,0,Inactive,RBF-SVM,stable_correct,isoelectric_point,Isoelectric point,6.224460792541504,-0.6132804595843538,-0.0079962181610476
175,APDAEGRAIQAVYWANKWAKEQG,0,Inactive,RBF-SVM,stable_correct,mean_eisenberg_hydrophobicity,Mean hydrophobicity,-0.0513043478260869,-0.3381957622036186,-0.0079962181610476
175,APDAEGRAIQAVYWANKWAKEQG,0,Inactive,RBF-SVM,stable_correct,hydrophobic_moment,Hydrophobic moment,0.304754344226066,-0.39376835069168026,-0.0079962181610476
175,APDAEGRAIQAVYWANKWAKEQG,0,Inactive,RBF-SVM,stable_correct,boman_index,Boman index,1.73304347826087,0.36637918563071226,-0.0079962181610476
177,APEDVRKSSKEVL,0,Inactive,RBF-SVM,stable_correct,length,Length,13.0,-0.7529565220381487,0.000695238252761
177,APEDVRKSSKEVL,0,Inactive,RBF-SVM,stable_correct,molecular_weight,Molecular weight,1457.6283,-0.8036170702917441,0.000695238252761
177,APEDVRKSSKEVL,0,Inactive,RBF-SVM,stable_correct,net_charge_pH7_4,Net charge (pH 7.4),-0.3945459996017746,-0.39066170545690604,0.000695238252761
177,APEDVRKSSKEVL,0,Inactive,RBF-SVM,stable_correct,isoelectric_point,Isoelectric point,6.225370216369629,-0.6129230489645572,0.000695238252761
177,APEDVRKSSKEVL,0,Inactive,RBF-SVM,stable_correct,mean_eisenberg_hydrophobicity,Mean hydrophobicity,-0.3230769230769231,-1.3918083805536186,0.000695238252761
177,APEDVRKSSKEVL,0,Inactive,RBF-SVM,stable_correct,hydrophobic_moment,Hydrophobic moment,0.5344739121744981,1.0002152692938213,0.000695238252761
177,APEDVRKSSKEVL,0,Inactive,RBF-SVM,stable_correct,boman_index,Boman index,3.103846153846154,1.3029054594106204,0.000695238252761
179,AQTSRWAAMQIGMSFISAY,0,Inactive,RBF-SVM,stable_correct,length,Length,19.0,0.49355381779939633,0.0003106506312507
179,AQTSRWAAMQIGMSFISAY,0,Inactive,RBF-SVM,stable_correct,molecular_weight,Molecular weight,2119.4222,0.40330529749584915,0.0003106506312507
179,AQTSRWAAMQIGMSFISAY,0,Inactive,RBF-SVM,stable_correct,net_charge_pH7_4,Net charge (pH 7.4),0.6052715870308174,-0.02102997040671424,0.0003106506312507
179,AQTSRWAAMQIGMSFISAY,0,Inactive,RBF-SVM,stable_correct,isoelectric_point,Isoelectric point,8.792601203918458,0.396018645815198,0.0003106506312507
179,AQTSRWAAMQIGMSFISAY,0,Inactive,RBF-SVM,stable_correct,mean_eisenberg_hydrophobicity,Mean hydrophobicity,0.2378947368421052,0.7829762491387572,0.0003106506312507
179,AQTSRWAAMQIGMSFISAY,0,Inactive,RBF-SVM,stable_correct,hydrophobic_moment,Hydrophobic moment,0.1706463967496112,-1.2075618109598085,0.0003106506312507
179,AQTSRWAAMQIGMSFISAY,0,Inactive,RBF-SVM,stable_correct,boman_index,Boman index,0.5726315789473683,-0.42640904820457215,0.0003106506312507
185,DAAGLASRHKG,0,Inactive,RBF-SVM,stable_correct,length,Length,11.0,-1.1684599686506636,-0.0001066453721583
185,DAAGLASRHKG,0,Inactive,RBF-SVM,stable_correct,molecular_weight,Molecular weight,1082.1712,-1.4883431944440872,-0.0001066453721583
185,DAAGLASRHKG,0,Inactive,RBF-SVM,stable_correct,net_charge_pH7_4,Net charge (pH 7.4),0.5919950819973421,-0.025938283339530698,-0.0001066453721583
185,DAAGLASRHKG,0,Inactive,RBF-SVM,stable_correct,isoelectric_point,Isoelectric point,8.754887199401857,0.38119674945353,-0.0001066453721583
185,DAAGLASRHKG,0,Inactive,RBF-SVM,stable_correct,mean_eisenberg_hydrophobicity,Mean hydrophobicity,-0.1418181818181818,-0.6891013586983661,-0.0001066453721583
185,DAAGLASRHKG,0,Inactive,RBF-SVM,stable_correct,hydrophobic_moment,Hydrophobic moment,0.1929609899209173,-1.0721524610065483,-0.0001066453721583
185,DAAGLASRHKG,0,Inactive,RBF-SVM,stable_correct,boman_index,Boman index,2.2745454545454544,0.7363309205715062,-0.0001066453721583
189,DAMLRTSMVATQLVGLAMMRYV,0,Inactive,RBF-SVM,stable_correct,length,Length,22.0,1.1168089877181688,-0.005456422928818
189,DAMLRTSMVATQLVGLAMMRYV,0,Inactive,RBF-SVM,stable_correct,molecular_weight,Molecular weight,2457.9964,1.0207675846758764,-0.005456422928818
189,DAMLRTSMVATQLVGLAMMRYV,0,Inactive,RBF-SVM,stable_correct,net_charge_pH7_4,Net charge (pH 7.4),0.5553435225879215,-0.03948833454679927,-0.005456422928818
189,DAMLRTSMVATQLVGLAMMRYV,0,Inactive,RBF-SVM,stable_correct,isoelectric_point,Isoelectric point,8.745345878601075,0.37744693635690263,-0.005456422928818
189,DAMLRTSMVATQLVGLAMMRYV,0,Inactive,RBF-SVM,stable_correct,mean_eisenberg_hydrophobicity,Mean hydrophobicity,0.215,0.6942175375271064,-0.005456422928818
189,DAMLRTSMVATQLVGLAMMRYV,0,Inactive,RBF-SVM,stable_correct,hydrophobic_moment,Hydrophobic moment,0.2511300301283408,-0.7191712589104825,-0.005456422928818
189,DAMLRTSMVATQLVGLAMMRYV,0,Inactive,RBF-SVM,stable_correct,boman_index,Boman index,0.4604545454545454,-0.5030478971445641,-0.005456422928818
195,DDETREELEELLIQA,0,Inactive,RBF-SVM,stable_correct,length,Length,15.0,-0.33745307542563363,0.000526981266979
195,DDETREELEELLIQA,0,Inactive,RBF-SVM,stable_correct,molecular_weight,Molecular weight,1802.8872,-0.17396380650714335,0.000526981266979
195,DDETREELEELLIQA,0,Inactive,RBF-SVM,stable_correct,net_charge_pH7_4,Net charge (pH 7.4),-6.436075477657191,-2.624210157881885,0.000526981266979
195,DDETREELEELLIQA,0,Inactive,RBF-SVM,stable_correct,isoelectric_point,Isoelectric point,4.0500284194946286,-1.4678492515186445,0.000526981266979
195,DDETREELEELLIQA,0,Inactive,RBF-SVM,stable_correct,mean_eisenberg_hydrophobicity,Mean hydrophobicity,-0.2386666666666666,-1.0645652391515812,0.000526981266979
195,DDETREELEELLIQA,0,Inactive,RBF-SVM,stable_correct,hydrophobic_moment,Hydrophobic moment,0.2231561759533877,-0.8889221201714673,0.000526981266979
195,DDETREELEELLIQA,0,Inactive,RBF-SVM,stable_correct,boman_index,Boman index,3.535333333333333,1.597695575877525,0.000526981266979
197,DDYLKEQVLHMKQYVSDN,0,Inactive,RBF-SVM,stable_correct,length,Length,18.0,0.28580209449313887,0.0003256260262072
197,DDYLKEQVLHMKQYVSDN,0,Inactive,RBF-SVM,stable_correct,molecular_weight,Molecular weight,2225.4333,0.5966391553989933,0.0003256260262072
197,DDYLKEQVLHMKQYVSDN,0,Inactive,RBF-SVM,stable_correct,net_charge_pH7_4,Net charge (pH 7.4),-2.413482848521288,-1.1370609890865506,0.0003256260262072
197,DDYLKEQVLHMKQYVSDN,0,Inactive,RBF-SVM,stable_correct,isoelectric_point,Isoelectric point,4.658717155456543,-1.228629856055859,0.0003256260262072
197,DDYLKEQVLHMKQYVSDN,0,Inactive,RBF-SVM,stable_correct,mean_eisenberg_hydrophobicity,Mean hydrophobicity,-0.2188888888888888,-0.9878904083289493,0.0003256260262072
197,DDYLKEQVLHMKQYVSDN,0,Inactive,RBF-SVM,stable_correct,hydrophobic_moment,Hydrophobic moment,0.2605061050069643,-0.662275388361515,0.0003256260262072
197,DDYLKEQVLHMKQYVSDN,0,Inactive,RBF-SVM,stable_correct,boman_index,Boman index,2.77,1.0748232561541964,0.0003256260262072
198,DEAAFQKLMSNLD,0,Inactive,RBF-SVM,stable_correct,length,Length,13.0,-0.7529565220381487,-0.0009931740557578
198,DEAAFQKLMSNLD,0,Inactive,RBF-SVM,stable_correct,molecular_weight,Molecular weight,1481.6262999999997,-0.7598515974123988,-0.0009931740557578
198,DEAAFQKLMSNLD,0,Inactive,RBF-SVM,stable_correct,net_charge_pH7_4,Net charge (pH 7.4),-2.441769684558424,-1.1475186089796974,-0.0009931740557578
198,DEAAFQKLMSNLD,0,Inactive,RBF-SVM,stable_correct,isoelectric_point,Isoelectric point,4.274371910095215,-1.3796805192475068,-0.0009931740557578
198,DEAAFQKLMSNLD,0,Inactive,RBF-SVM,stable_correct,mean_eisenberg_hydrophobicity,Mean hydrophobicity,-0.0438461538461538,-0.3092817068391035,-0.0009931740557578
198,DEAAFQKLMSNLD,0,Inactive,RBF-SVM,stable_correct,hydrophobic_moment,Hydrophobic moment,0.3080720028531845,-0.3736361441747983,-0.0009931740557578
198,DEAAFQKLMSNLD,0,Inactive,RBF-SVM,stable_correct,boman_index,Boman index,2.045384615384615,0.5797692573810367,-0.0009931740557578
212,DFPALIKQASLDALFK,0,Inactive,RBF-SVM,stable_correct,length,Length,16.0,-0.12970135211937614,0.0034752006313321
212,DFPALIKQASLDALFK,0,Inactive,RBF-SVM,stable_correct,molecular_weight,Molecular weight,1777.0681000000002,-0.22105044376104416,0.0034752006313321
212,DFPALIKQASLDALFK,0,Inactive,RBF-SVM,stable_correct,net_charge_pH7_4,Net charge (pH 7.4),-0.446665349457612,-0.4099301860022283,0.0034752006313321
212,DFPALIKQASLDALFK,0,Inactive,RBF-SVM,stable_correct,isoelectric_point,Isoelectric point,5.959761619567872,-0.7173092881089769,0.0034752006313321
212,DFPALIKQASLDALFK,0,Inactive,RBF-SVM,stable_correct,mean_eisenberg_hydrophobicity,Mean hydrophobicity,0.203125,0.6481803322227873,0.0034752006313321
212,DFPALIKQASLDALFK,0,Inactive,RBF-SVM,stable_correct,hydrophobic_moment,Hydrophobic moment,0.1660651992463658,-1.2353614204422543,0.0034752006313321
212,DFPALIKQASLDALFK,0,Inactive,RBF-SVM,stable_correct,boman_index,Boman index,0.400625,-0.5439231757418774,0.0034752006313321
216,DGGGFVISKHPVRLAKKLNR,0,Inactive,RBF-SVM,stable_correct,length,Length,20.0,0.7013055411056538,0.0467007272800455
216,DGGGFVISKHPVRLAKKLNR,0,Inactive,RBF-SVM,stable_correct,molecular_weight,Molecular weight,2192.5658000000008,0.536698256996548,0.0467007272800455
216,DGGGFVISKHPVRLAKKLNR,0,Inactive,RBF-SVM,stable_correct,net_charge_pH7_4,Net charge (pH 7.4),3.586958778429397,1.0812973187596788,0.0467007272800455
216,DGGGFVISKHPVRLAKKLNR,0,Inactive,RBF-SVM,stable_correct,isoelectric_point,Isoelectric point,11.097216987609862,1.3017505281005086,0.0467007272800455
216,DGGGFVISKHPVRLAKKLNR,0,Inactive,RBF-SVM,stable_correct,mean_eisenberg_hydrophobicity,Mean hydrophobicity,-0.1289999999999999,-0.639407609814852,0.0467007272800455
216,DGGGFVISKHPVRLAKKLNR,0,Inactive,RBF-SVM,stable_correct,hydrophobic_moment,Hydrophobic moment,0.4814575035363016,0.6785012512320518,0.0467007272800455
216,DGGGFVISKHPVRLAKKLNR,0,Inactive,RBF-SVM,stable_correct,boman_index,Boman index,1.9730000000000003,0.5303164110067755,0.0467007272800455
217,DHAVLEVLATPVREALLARFG,0,Inactive,RBF-SVM,stable_correct,length,Length,21.0,0.9090572644119114,-0.0028889385696029
217,DHAVLEVLATPVREALLARFG,0,Inactive,RBF-SVM,stable_correct,molecular_weight,Molecular weight,2277.6206,0.6918138309051313,-0.0028889385696029
217,DHAVLEVLATPVREALLARFG,0,Inactive,RBF-SVM,stable_correct,net_charge_pH7_4,Net charge (pH 7.4),-1.4032829216890566,-0.7635909114494882,-0.0028889385696029
217,DHAVLEVLATPVREALLARFG,0,Inactive,RBF-SVM,stable_correct,isoelectric_point,Isoelectric point,5.445482444763183,-0.9194249936041015,-0.0028889385696029
217,DHAVLEVLATPVREALLARFG,0,Inactive,RBF-SVM,stable_correct,mean_eisenberg_hydrophobicity,Mean hydrophobicity,0.1976190476190477,0.6268347608410857,-0.0028889385696029
217,DHAVLEVLATPVREALLARFG,0,Inactive,RBF-SVM,stable_correct,hydrophobic_moment,Hydrophobic moment,0.1084929838605369,-1.5847209718764554,-0.0028889385696029
217,DHAVLEVLATPVREALLARFG,0,Inactive,RBF-SVM,stable_correct,boman_index,Boman index,0.7833333333333333,-0.2824585493993919,-0.0028889385696029
229,DLESDALGWQYITG,0,Inactive,RBF-SVM,stable_correct,length,Length,14.0,-0.5452047987318911,-0.0011514916319829
229,DLESDALGWQYITG,0,Inactive,RBF-SVM,stable_correct,molecular_weight,Molecular weight,1567.6509,-0.6029673863007807,-0.0011514916319829
229,DLESDALGWQYITG,0,Inactive,RBF-SVM,stable_correct,net_charge_pH7_4,Net charge (pH 7.4),-3.4430389958504817,-1.5176870454360933,-0.0011514916319829
229,DLESDALGWQYITG,0,Inactive,RBF-SVM,stable_correct,isoelectric_point,Isoelectric point,4.0500284194946286,-1.4678492515186445,-0.0011514916319829
229,DLESDALGWQYITG,0,Inactive,RBF-SVM,stable_correct,mean_eisenberg_hydrophobicity,Mean hydrophobicity,0.1878571428571429,0.5889896396886629,-0.0011514916319829
229,DLESDALGWQYITG,0,Inactive,RBF-SVM,stable_correct,hydrophobic_moment,Hydrophobic moment,0.0644502163018232,-1.851981167009061,-0.0011514916319829
229,DLESDALGWQYITG,0,Inactive,RBF-SVM,stable_correct,boman_index,Boman index,1.0799999999999998,-0.07977720595263135,-0.0011514916319829
235,DLRELIARVRALIRRKS,0,Inactive,RBF-SVM,stable_correct,length,Length,17.0,0.07805037118688135,-0.0356897078141295
235,DLRELIARVRALIRRKS,0,Inactive,RBF-SVM,stable_correct,molecular_weight,Molecular weight,2065.4696000000004,0.3049112208198682,-0.0356897078141295
235,DLRELIARVRALIRRKS,0,Inactive,RBF-SVM,stable_correct,net_charge_pH7_4,Net charge (pH 7.4),3.556388928827646,1.069995670639469,-0.0356897078141295
235,DLRELIARVRALIRRKS,0,Inactive,RBF-SVM,stable_correct,isoelectric_point,Isoelectric point,11.82919101715088,1.5894220003917545,-0.0356897078141295
235,DLRELIARVRALIRRKS,0,Inactive,RBF-SVM,stable_correct,mean_eisenberg_hydrophobicity,Mean hydrophobicity,-0.4341176470588235,-1.822292979045827,-0.0356897078141295
235,DLRELIARVRALIRRKS,0,Inactive,RBF-SVM,stable_correct,hydrophobic_moment,Hydrophobic moment,0.496292472628917,0.7685227679133789,-0.0356897078141295
235,DLRELIARVRALIRRKS,0,Inactive,RBF-SVM,stable_correct,boman_index,Boman index,3.930588235294117,1.8677319619449273,-0.0356897078141295
239,DMNQVLDAYEN,0,Inactive,RBF-SVM,stable_correct,length,Length,11.0,-1.1684599686506636,0.0040432412809662
239,DMNQVLDAYEN,0,Inactive,RBF-SVM,stable_correct,molecular_weight,Molecular weight,1311.3742,-1.0703426243813838,0.0040432412809662
239,DMNQVLDAYEN,0,Inactive,RBF-SVM,stable_correct,net_charge_pH7_4,Net charge (pH 7.4),-3.4430389958504817,-1.5176870454360933,0.0040432412809662
239,DMNQVLDAYEN,0,Inactive,RBF-SVM,stable_correct,isoelectric_point,Isoelectric point,4.0500284194946286,-1.4678492515186445,0.0040432412809662
239,DMNQVLDAYEN,0,Inactive,RBF-SVM,stable_correct,mean_eisenberg_hydrophobicity,Mean hydrophobicity,-0.1118181818181818,-0.5727968400348233,0.0040432412809662
239,DMNQVLDAYEN,0,Inactive,RBF-SVM,stable_correct,hydrophobic_moment,Hydrophobic moment,0.4310078018548522,0.3723625169258719,0.0040432412809662
239,DMNQVLDAYEN,0,Inactive,RBF-SVM,stable_correct,boman_index,Boman index,2.735454545454546,1.0512219556915503,0.0040432412809662
252,DPLWKKEMFEKYLSN,0,Inactive,RBF-SVM,stable_correct,length,Length,15.0,-0.33745307542563363,-0.0011212793711765
252,DPLWKKEMFEKYLSN,0,Inactive,RBF-SVM,stable_correct,molecular_weight,Molecular weight,1928.2108000000003,0.054590515392266316,-0.0011212793711765
252,DPLWKKEMFEKYLSN,0,Inactive,RBF-SVM,stable_correct,net_charge_pH7_4,Net charge (pH 7.4),-0.4498814970674991,-0.4111191931142396,-0.0011212793711765
252,DPLWKKEMFEKYLSN,0,Inactive,RBF-SVM,stable_correct,isoelectric_point,Isoelectric point,6.179899024963378,-0.6307935799544004,-0.0011212793711765
252,DPLWKKEMFEKYLSN,0,Inactive,RBF-SVM,stable_correct,mean_eisenberg_hydrophobicity,Mean hydrophobicity,-0.174,-0.8138643878101668,-0.0011212793711765
252,DPLWKKEMFEKYLSN,0,Inactive,RBF-SVM,stable_correct,hydrophobic_moment,Hydrophobic moment,0.1309524671583278,-1.4484324000753515,-0.0011212793711765
252,DPLWKKEMFEKYLSN,0,Inactive,RBF-SVM,stable_correct,boman_index,Boman index,2.111333333333333,0.6248251273330737,-0.0011212793711765
261,DQNGEIYMWPVAQA,0,Inactive,RBF-SVM,stable_correct,length,Length,14.0,-0.5452047987318911,-0.0020743399934293
261,DQNGEIYMWPVAQA,0,Inactive,RBF-SVM,stable_correct,molecular_weight,Molecular weight,1621.7677,-0.5042738558933719,-0.0020743399934293
261,DQNGEIYMWPVAQA,0,Inactive,RBF-SVM,stable_correct,net_charge_pH7_4,Net charge (pH 7.4),-2.443485480005487,-1.1481529371377217,-0.0020743399934293
261,DQNGEIYMWPVAQA,0,Inactive,RBF-SVM,stable_correct,isoelectric_point,Isoelectric point,4.0500284194946286,-1.4678492515186445,-0.0020743399934293
261,DQNGEIYMWPVAQA,0,Inactive,RBF-SVM,stable_correct,mean_eisenberg_hydrophobicity,Mean hydrophobicity,0.1378571428571429,0.3951487752494247,-0.0020743399934293
261,DQNGEIYMWPVAQA,0,Inactive,RBF-SVM,stable_correct,hydrophobic_moment,Hydrophobic moment,0.1588075041909526,-1.2794025446549155,-0.0020743399934293
261,DQNGEIYMWPVAQA,0,Inactive,RBF-SVM,stable_correct,boman_index,Boman index,1.0850000000000002,-0.07636122825409021,-0.0020743399934293
271,DSVASLLDVVKSTG,0,Inactive,RBF-SVM,stable_correct,length,Length,14.0,-0.5452047987318911,0.0067936658392102
271,DSVASLLDVVKSTG,0,Inactive,RBF-SVM,stable_correct,molecular_weight,Molecular weight,1390.5356,-0.9259749227066166,0.0067936658392102
271,DSVASLLDVVKSTG,0,Inactive,RBF-SVM,stable_correct,net_charge_pH7_4,Net charge (pH 7.4),-1.4441597567903264,-0.778703043586243,0.0067936658392102
271,DSVASLLDVVKSTG,0,Inactive,RBF-SVM,stable_correct,isoelectric_point,Isoelectric point,4.207813453674317,-1.4058385089838892,0.0067936658392102
271,DSVASLLDVVKSTG,0,Inactive,RBF-SVM,stable_correct,mean_eisenberg_hydrophobicity,Mean hydrophobicity,0.1935714285714286,0.6111428813388615,0.0067936658392102
271,DSVASLLDVVKSTG,0,Inactive,RBF-SVM,stable_correct,hydrophobic_moment,Hydrophobic moment,0.4098819957295438,0.2441669610980808,0.0067936658392102
271,DSVASLLDVVKSTG,0,Inactive,RBF-SVM,stable_correct,boman_index,Boman index,0.7892857142857145,-0.2783919092820812,0.0067936658392102
282,DWYRTYAELRETA,0,Inactive,RBF-SVM,stable_correct,length,Length,13.0,-0.7529565220381487,0.0019766786189321
282,DWYRTYAELRETA,0,Inactive,RBF-SVM,stable_correct,molecular_weight,Molecular weight,1673.7796,-0.4094190597081373,0.0019766786189321
282,DWYRTYAELRETA,0,Inactive,RBF-SVM,stable_correct,net_charge_pH7_4,Net charge (pH 7.4),-1.4449205481996747,-0.7789843075411969,0.0019766786189321
282,DWYRTYAELRETA,0,Inactive,RBF-SVM,stable_correct,isoelectric_point,Isoelectric point,4.679122352600097,-1.2206104552741672,0.0019766786189321
282,DWYRTYAELRETA,0,Inactive,RBF-SVM,stable_correct,mean_eisenberg_hydrophobicity,Mean hydrophobicity,-0.293076923076923,-1.2755038618900754,0.0019766786189321
282,DWYRTYAELRETA,0,Inactive,RBF-SVM,stable_correct,hydrophobic_moment,Hydrophobic moment,0.4073577608108996,0.22884940604166792,0.0019766786189321
282,DWYRTYAELRETA,0,Inactive,RBF-SVM,stable_correct,boman_index,Boman index,3.594615384615385,1.6381968088981747,0.0019766786189321
288,EDKEAVFDVVDTLTAVLQVATGVISTL,0,Inactive,RBF-SVM,stable_correct,length,Length,27.0,2.1555676042494563,-0.0198420379477546
288,EDKEAVFDVVDTLTAVLQVATGVISTL,0,Inactive,RBF-SVM,stable_correct,molecular_weight,Molecular weight,2834.1750999999995,1.7068097003787535,-0.0198420379477546
288,EDKEAVFDVVDTLTAVLQVATGVISTL,0,Inactive,RBF-SVM,stable_correct,net_charge_pH7_4,Net charge (pH 7.4),-4.332643959934803,-1.8465732650626607,-0.0198420379477546
288,EDKEAVFDVVDTLTAVLQVATGVISTL,0,Inactive,RBF-SVM,stable_correct,isoelectric_point,Isoelectric point,4.0500284194946286,-1.4678492515186445,-0.0198420379477546
288,EDKEAVFDVVDTLTAVLQVATGVISTL,0,Inactive,RBF-SVM,stable_correct,mean_eisenberg_hydrophobicity,Mean hydrophobicity,0.2937037037037037,0.9993374167370183,-0.0198420379477546
288,EDKEAVFDVVDTLTAVLQVATGVISTL,0,Inactive,RBF-SVM,stable_correct,hydrophobic_moment,Hydrophobic moment,0.3172138853343177,-0.3181613992571478,-0.0198420379477546
288,EDKEAVFDVVDTLTAVLQVATGVISTL,0,Inactive,RBF-SVM,stable_correct,boman_index,Boman index,0.417777777777778,-0.5322044744704939,-0.0198420379477546
301,EGKDRELYGKLHETLKKVTEDLEA,0,Inactive,RBF-SVM,stable_correct,length,Length,24.0,1.5323124343306838,-0.0021437775314424
301,EGKDRELYGKLHETLKKVTEDLEA,0,Inactive,RBF-SVM,stable_correct,molecular_weight,Molecular weight,2802.0972000000006,1.6483088060343778,-0.0021437775314424
301,EGKDRELYGKLHETLKKVTEDLEA,0,Inactive,RBF-SVM,stable_correct,net_charge_pH7_4,Net charge (pH 7.4),-2.303149208996744,-1.0962707337868642,-0.0021437775314424
301,EGKDRELYGKLHETLKKVTEDLEA,0,Inactive,RBF-SVM,stable_correct,isoelectric_point,Isoelectric point,5.094388008117675,-1.0574078310094266,-0.0021437775314424
301,EGKDRELYGKLHETLKKVTEDLEA,0,Inactive,RBF-SVM,stable_correct,mean_eisenberg_hydrophobicity,Mean hydrophobicity,-0.2983333333333333,-1.2958820040490724,-0.0021437775314424
301,EGKDRELYGKLHETLKKVTEDLEA,0,Inactive,RBF-SVM,stable_correct,hydrophobic_moment,Hydrophobic moment,0.3345743561016327,-0.21281464059396438,-0.0021437775314424
301,EGKDRELYGKLHETLKKVTEDLEA,0,Inactive,RBF-SVM,stable_correct,boman_index,Boman index,2.964166666666667,1.2074770567808686,-0.0021437775314424
302,EGNKRLDSVNSIVS,0,Inactive,RBF-SVM,stable_correct,length,Length,14.0,-0.5452047987318911,0.0013777778563793
302,EGNKRLDSVNSIVS,0,Inactive,RBF-SVM,stable_correct,molecular_weight,Molecular weight,1517.6402999999998,-0.694172384966496,0.0013777778563793
302,EGNKRLDSVNSIVS,0,Inactive,RBF-SVM,stable_correct,net_charge_pH7_4,Net charge (pH 7.4),-0.334682807418031,-0.36853033280617525,0.0013777778563793
302,EGNKRLDSVNSIVS,0,Inactive,RBF-SVM,stable_correct,isoelectric_point,Isoelectric point,6.168474388122559,-0.635283550865598,0.0013777778563793
302,EGNKRLDSVNSIVS,0,Inactive,RBF-SVM,stable_correct,mean_eisenberg_hydrophobicity,Mean hydrophobicity,-0.1828571428571428,-0.8482019123679745,0.0013777778563793
302,EGNKRLDSVNSIVS,0,Inactive,RBF-SVM,stable_correct,hydrophobic_moment,Hydrophobic moment,0.3577945663180282,-0.07190982789841963,0.0013777778563793
302,EGNKRLDSVNSIVS,0,Inactive,RBF-SVM,stable_correct,boman_index,Boman index,2.901428571428571,1.1646146699444142,0.0013777778563793
309,EKETFREKFMQH,0,Inactive,RBF-SVM,stable_correct,length,Length,12.0,-0.9607082453444061,0.0027823936297656
309,EKETFREKFMQH,0,Inactive,RBF-SVM,stable_correct,molecular_weight,Molecular weight,1609.8036000000002,-0.5260929447372664,0.0027823936297656
309,EKETFREKFMQH,0,Inactive,RBF-SVM,stable_correct,net_charge_pH7_4,Net charge (pH 7.4),-0.2987669211845851,-0.35525225936375204,0.0027823936297656
309,EKETFREKFMQH,0,Inactive,RBF-SVM,stable_correct,isoelectric_point,Isoelectric point,6.861625862121582,-0.3628696440891793,0.0027823936297656
309,EKETFREKFMQH,0,Inactive,RBF-SVM,stable_correct,mean_eisenberg_hydrophobicity,Mean hydrophobicity,-0.4983333333333333,-2.071245461806025,0.0027823936297656
309,EKETFREKFMQH,0,Inactive,RBF-SVM,stable_correct,hydrophobic_moment,Hydrophobic moment,0.1208031557194723,-1.5100204224900202,0.0027823936297656
309,EKETFREKFMQH,0,Inactive,RBF-SVM,stable_correct,boman_index,Boman index,4.2425,2.0808286883744946,0.0027823936297656
315,EPGQRKIVMHK,0,Inactive,RBF-SVM,stable_correct,length,Length,11.0,-1.1684599686506636,-0.0018936260799125
315,EPGQRKIVMHK,0,Inactive,RBF-SVM,stable_correct,molecular_weight,Molecular weight,1322.5792,-1.0499079163385023,-0.0018936260799125
315,EPGQRKIVMHK,0,Inactive,RBF-SVM,stable_correct,net_charge_pH7_4,Net charge (pH 7.4),1.698991556935726,0.38331739809337134,-0.0018936260799125
315,EPGQRKIVMHK,0,Inactive,RBF-SVM,stable_correct,isoelectric_point,Isoelectric point,9.9959680557251,0.8689511543398049,-0.0018936260799125
315,EPGQRKIVMHK,0,Inactive,RBF-SVM,stable_correct,mean_eisenberg_hydrophobicity,Mean hydrophobicity,-0.3409090909090909,-1.4609404371018782,-0.0018936260799125
315,EPGQRKIVMHK,0,Inactive,RBF-SVM,stable_correct,hydrophobic_moment,Hydrophobic moment,0.2065639140782027,-0.989607235850032,-0.0018936260799125
315,EPGQRKIVMHK,0,Inactive,RBF-SVM,stable_correct,boman_index,Boman index,2.7981818181818183,1.0940769486368818,-0.0018936260799125
316,EQEILRQVKKAYDRAARLG,0,Inactive,RBF-SVM,stable_correct,length,Length,19.0,0.49355381779939633,-0.0013098433372444
316,EQEILRQVKKAYDRAARLG,0,Inactive,RBF-SVM,stable_correct,molecular_weight,Molecular weight,2244.5528,0.6315076427194636,-0.0013098433372444
316,EQEILRQVKKAYDRAARLG,0,Inactive,RBF-SVM,stable_correct,net_charge_pH7_4,Net charge (pH 7.4),1.6613765317204954,0.36941115437436417,-0.0013098433372444
316,EQEILRQVKKAYDRAARLG,0,Inactive,RBF-SVM,stable_correct,isoelectric_point,Isoelectric point,9.695803260803224,0.7509840612459134,-0.0013098433372444
316,EQEILRQVKKAYDRAARLG,0,Inactive,RBF-SVM,stable_correct,mean_eisenberg_hydrophobicity,Mean hydrophobicity,-0.3831578947368421,-1.62473133021178,-0.0013098433372444
316,EQEILRQVKKAYDRAARLG,0,Inactive,RBF-SVM,stable_correct,hydrophobic_moment,Hydrophobic moment,0.7098656176369683,2.064526710759223,-0.0013098433372444
316,EQEILRQVKKAYDRAARLG,0,Inactive,RBF-SVM,stable_correct,boman_index,Boman index,3.381578947368421,1.4926512651757264,-0.0013098433372444
326,EVNRNFGERINDLRILILLL,0,Inactive,RBF-SVM,stable_correct,length,Length,20.0,0.7013055411056538,0.0007880951497311
326,EVNRNFGERINDLRILILLL,0,Inactive,RBF-SVM,stable_correct,molecular_weight,Molecular weight,2410.8125,0.9347176765255398,0.0007880951497311
326,EVNRNFGERINDLRILILLL,0,Inactive,RBF-SVM,stable_correct,net_charge_pH7_4,Net charge (pH 7.4),-0.3311066902776476,-0.3672082452563906,0.0007880951497311
326,EVNRNFGERINDLRILILLL,0,Inactive,RBF-SVM,stable_correct,isoelectric_point,Isoelectric point,6.281413459777832,-0.5908976195195754,0.0007880951497311
326,EVNRNFGERINDLRILILLL,0,Inactive,RBF-SVM,stable_correct,mean_eisenberg_hydrophobicity,Mean hydrophobicity,0.013,-0.08889955480741597,0.0007880951497311
326,EVNRNFGERINDLRILILLL,0,Inactive,RBF-SVM,stable_correct,hydrophobic_moment,Hydrophobic moment,0.319814792655498,-0.302378580948698,0.0007880951497311
326,EVNRNFGERINDLRILILLL,0,Inactive,RBF-SVM,stable_correct,boman_index,Boman index,1.9849999999999997,0.5385147574832733,0.0007880951497311
329,EYKYYKLKLAEMQR,0,Inactive,RBF-SVM,stable_correct,length,Length,14.0,-0.5452047987318911,0.0016697958133614
329,EYKYYKLKLAEMQR,0,Inactive,RBF-SVM,stable_correct,molecular_weight,Molecular weight,1863.1838,-0.06400009236359872,0.0016697958133614
329,EYKYYKLKLAEMQR,0,Inactive,RBF-SVM,stable_correct,net_charge_pH7_4,Net charge (pH 7.4),1.6534635060303802,0.36648571531984103,0.0016697958133614
329,EYKYYKLKLAEMQR,0,Inactive,RBF-SVM,stable_correct,isoelectric_point,Isoelectric point,9.31228084564209,0.6002567767064889,0.0016697958133614
329,EYKYYKLKLAEMQR,0,Inactive,RBF-SVM,stable_correct,mean_eisenberg_hydrophobicity,Mean hydrophobicity,-0.3635714285714285,-1.5487981795555068,0.0016697958133614
329,EYKYYKLKLAEMQR,0,Inactive,RBF-SVM,stable_correct,hydrophobic_moment,Hydrophobic moment,0.2397512106630324,-0.7882201783868277,0.0016697958133614
329,EYKYYKLKLAEMQR,0,Inactive,RBF-SVM,stable_correct,boman_index,Boman index,2.6535714285714285,0.9952797754596009,0.0016697958133614
341,FKSVQNSLQRILYLWAIRH,0,Inactive,RBF-SVM,stable_correct,length,Length,19.0,0.49355381779939633,-0.002873623898623
341,FKSVQNSLQRILYLWAIRH,0,Inactive,RBF-SVM,stable_correct,molecular_weight,Molecular weight,2372.7677,0.8653348670164078,-0.002873623898623
341,FKSVQNSLQRILYLWAIRH,0,Inactive,RBF-SVM,stable_correct,net_charge_pH7_4,Net charge (pH 7.4),2.589017886941678,0.7123593963527471,-0.002873623898623
341,FKSVQNSLQRILYLWAIRH,0,Inactive,RBF-SVM,stable_correct,isoelectric_point,Isoelectric point,11.00044994354248,1.263720329059716,-0.002873623898623
341,FKSVQNSLQRILYLWAIRH,0,Inactive,RBF-SVM,stable_correct,mean_eisenberg_hydrophobicity,Mean hydrophobicity,0.0184210526315789,-0.06788312424189874,-0.002873623898623
341,FKSVQNSLQRILYLWAIRH,0,Inactive,RBF-SVM,stable_correct,hydrophobic_moment,Hydrophobic moment,0.332308528422048,-0.2265641295872568,-0.002873623898623
341,FKSVQNSLQRILYLWAIRH,0,Inactive,RBF-SVM,stable_correct,boman_index,Boman index,1.5236842105263153,0.22334586771789341,-0.002873623898623
345,FNQRRISSAKFLGELYNY,0,Inactive,RBF-SVM,stable_correct,length,Length,18.0,0.28580209449313887,-0.006674206167847
345,FNQRRISSAKFLGELYNY,0,Inactive,RBF-SVM,stable_correct,molecular_weight,Molecular weight,2206.458000000001,0.5620336475430294,-0.006674206167847
345,FNQRRISSAKFLGELYNY,0,Inactive,RBF-SVM,stable_correct,net_charge_pH7_4,Net charge (pH 7.4),1.5510066140381902,0.32860748706975124,-0.006674206167847
345,FNQRRISSAKFLGELYNY,0,Inactive,RBF-SVM,stable_correct,isoelectric_point,Isoelectric point,9.696641349792484,0.7513134367206181,-0.006674206167847
345,FNQRRISSAKFLGELYNY,0,Inactive,RBF-SVM,stable_correct,mean_eisenberg_hydrophobicity,Mean hydrophobicity,-0.1327777777777778,-0.6540533640169283,-0.006674206167847
345,FNQRRISSAKFLGELYNY,0,Inactive,RBF-SVM,stable_correct,hydrophobic_moment,Hydrophobic moment,0.1555347226402029,-1.2992624282263487,-0.006674206167847
345,FNQRRISSAKFLGELYNY,0,Inactive,RBF-SVM,stable_correct,boman_index,Boman index,2.4794444444444443,0.8763169965612079,-0.006674206167847
349,FPQLTQNNSRE,0,Inactive,RBF-SVM,stable_correct,length,Length,11.0,-1.1684599686506636,0.0031183327381848
349,FPQLTQNNSRE,0,Inactive,RBF-SVM,stable_correct,molecular_weight,Molecular weight,1333.4063999999998,-1.0301622071977719,0.0031183327381848
349,FPQLTQNNSRE,0,Inactive,RBF-SVM,stable_correct,net_charge_pH7_4,Net charge (pH 7.4),-0.4393590030698826,-0.40722903578414704,0.0031183327381848
349,FPQLTQNNSRE,0,Inactive,RBF-SVM,stable_correct,isoelectric_point,Isoelectric point,6.218208503723144,-0.6157376575954576,0.0031183327381848
349,FPQLTQNNSRE,0,Inactive,RBF-SVM,stable_correct,mean_eisenberg_hydrophobicity,Mean hydrophobicity,-0.3918181818181818,-1.658305680894557,0.0031183327381848
349,FPQLTQNNSRE,0,Inactive,RBF-SVM,stable_correct,hydrophobic_moment,Hydrophobic moment,0.4683122479772165,0.5987332493437604,0.0031183327381848
349,FPQLTQNNSRE,0,Inactive,RBF-SVM,stable_correct,boman_index,Boman index,4.014545454545455,1.9250911596637432,0.0031183327381848
352,FTELQRDFLRN,0,Inactive,RBF-SVM,stable_correct,length,Length,11.0,-1.1684599686506636,0.0019616084133564
352,FTELQRDFLRN,0,Inactive,RBF-SVM,stable_correct,molecular_weight,Molecular weight,1438.5866,-0.8383436727138895,0.0019616084133564
352,FTELQRDFLRN,0,Inactive,RBF-SVM,stable_correct,net_charge_pH7_4,Net charge (pH 7.4),-0.4410301238049481,-0.4078468477380866,0.0019616084133564
352,FTELQRDFLRN,0,Inactive,RBF-SVM,stable_correct,isoelectric_point,Isoelectric point,6.070427131652831,-0.6738168833124473,0.0019616084133564
352,FTELQRDFLRN,0,Inactive,RBF-SVM,stable_correct,mean_eisenberg_hydrophobicity,Mean hydrophobicity,-0.3381818181818182,-1.4503672990415564,0.0019616084133564
352,FTELQRDFLRN,0,Inactive,RBF-SVM,stable_correct,hydrophobic_moment,Hydrophobic moment,0.7164331025507301,2.1043795037800637,0.0019616084133564
352,FTELQRDFLRN,0,Inactive,RBF-SVM,stable_correct,boman_index,Boman index,4.029090909090909,1.935028549332226,0.0019616084133564
357,GAGTSVNMNTNEVLANIGLELM,0,Inactive,RBF-SVM,stable_correct,length,Length,22.0,1.1168089877181688,0.0006628458893741
357,GAGTSVNMNTNEVLANIGLELM,0,Inactive,RBF-SVM,stable_correct,molecular_weight,Molecular weight,2248.5329,0.6387662042082166,0.0006628458893741
357,GAGTSVNMNTNEVLANIGLELM,0,Inactive,RBF-SVM,stable_correct,net_charge_pH7_4,Net charge (pH 7.4),-2.440305610553361,-1.1469773420306373,0.0006628458893741
357,GAGTSVNMNTNEVLANIGLELM,0,Inactive,RBF-SVM,stable_correct,isoelectric_point,Isoelectric point,4.0500284194946286,-1.4678492515186445,0.0006628458893741
357,GAGTSVNMNTNEVLANIGLELM,0,Inactive,RBF-SVM,stable_correct,mean_eisenberg_hydrophobicity,Mean hydrophobicity,0.2718181818181818,0.9144912471171497,0.0006628458893741
357,GAGTSVNMNTNEVLANIGLELM,0,Inactive,RBF-SVM,stable_correct,hydrophobic_moment,Hydrophobic moment,0.1553357327482075,-1.3004699381153042,0.0006628458893741
357,GAGTSVNMNTNEVLANIGLELM,0,Inactive,RBF-SVM,stable_correct,boman_index,Boman index,0.4463636363636361,-0.5126747433859068,0.0006628458893741
359,GAQYIQAAGVALGLKMR,0,Inactive,RBF-SVM,stable_correct,length,Length,17.0,0.07805037118688135,0.007544540094989
359,GAQYIQAAGVALGLKMR,0,Inactive,RBF-SVM,stable_correct,molecular_weight,Molecular weight,1747.0702,-0.2757580143455653,0.007544540094989
359,GAQYIQAAGVALGLKMR,0,Inactive,RBF-SVM,stable_correct,net_charge_pH7_4,Net charge (pH 7.4),1.5524165639990049,0.3291287444044068,0.007544540094989
359,GAQYIQAAGVALGLKMR,0,Inactive,RBF-SVM,stable_correct,isoelectric_point,Isoelectric point,9.994291877746583,0.8682924033903969,0.007544540094989
359,GAQYIQAAGVALGLKMR,0,Inactive,RBF-SVM,stable_correct,mean_eisenberg_hydrophobicity,Mean hydrophobicity,0.2247058823529412,0.7318454700358997,0.007544540094989
359,GAQYIQAAGVALGLKMR,0,Inactive,RBF-SVM,stable_correct,hydrophobic_moment,Hydrophobic moment,0.2329999443279909,-0.8291881932984699,0.007544540094989
359,GAQYIQAAGVALGLKMR,0,Inactive,RBF-SVM,stable_correct,boman_index,Boman index,0.028235294117647,-0.7983381618339428,0.007544540094989
364,GEGWAKSILFN,0,Inactive,RBF-SVM,stable_correct,length,Length,11.0,-1.1684599686506636,0.0010444612589052
364,GEGWAKSILFN,0,Inactive,RBF-SVM,stable_correct,molecular_weight,Molecular weight,1221.3609,-1.2345010809165304,0.0010444612589052
364,GEGWAKSILFN,0,Inactive,RBF-SVM,stable_correct,net_charge_pH7_4,Net charge (pH 7.4),-0.4439319641604915,-0.408919655718061,0.0010444612589052
364,GEGWAKSILFN,0,Inactive,RBF-SVM,stable_correct,isoelectric_point,Isoelectric point,6.001424598693848,-0.7009354140895334,0.0010444612589052
364,GEGWAKSILFN,0,Inactive,RBF-SVM,stable_correct,mean_eisenberg_hydrophobicity,Mean hydrophobicity,0.2627272727272727,0.8792474535827427,0.0010444612589052
364,GEGWAKSILFN,0,Inactive,RBF-SVM,stable_correct,hydrophobic_moment,Hydrophobic moment,0.2297971471715368,-0.8486233977701909,0.0010444612589052
364,GEGWAKSILFN,0,Inactive,RBF-SVM,stable_correct,boman_index,Boman index,0.3236363636363636,-0.596521468713729,0.0010444612589052
366,GFFGWFNRMFEKSTHHYTDSVGGI,0,Inactive,RBF-SVM,stable_correct,length,Length,24.0,1.5323124343306838,0.0025748846029123
366,GFFGWFNRMFEKSTHHYTDSVGGI,0,Inactive,RBF-SVM,stable_correct,molecular_weight,Molecular weight,2821.0864,1.682939663505853,0.0025748846029123
366,GFFGWFNRMFEKSTHHYTDSVGGI,0,Inactive,RBF-SVM,stable_correct,net_charge_pH7_4,Net charge (pH 7.4),-0.372763308554052,-0.3826086625882065,0.0025748846029123
366,GFFGWFNRMFEKSTHHYTDSVGGI,0,Inactive,RBF-SVM,stable_correct,isoelectric_point,Isoelectric point,6.921477317810059,-0.3393475576737986,0.0025748846029123
366,GFFGWFNRMFEKSTHHYTDSVGGI,0,Inactive,RBF-SVM,stable_correct,mean_eisenberg_hydrophobicity,Mean hydrophobicity,0.1354166666666666,0.38568749496131866,0.0025748846029123
366,GFFGWFNRMFEKSTHHYTDSVGGI,0,Inactive,RBF-SVM,stable_correct,hydrophobic_moment,Hydrophobic moment,0.3941535203514257,0.14872347215088005,0.0025748846029123
366,GFFGWFNRMFEKSTHHYTDSVGGI,0,Inactive,RBF-SVM,stable_correct,boman_index,Boman index,1.4466666666666663,0.17072782527370195,0.0025748846029123
369,GFSVQRRLWLAS,0,Inactive,RBF-SVM,stable_correct,length,Length,12.0,-0.9607082453444061,-0.0033027863897394
369,GFSVQRRLWLAS,0,Inactive,RBF-SVM,stable_correct,molecular_weight,Molecular weight,1419.6296,-0.8729158066156216,-0.0033027863897394
369,GFSVQRRLWLAS,0,Inactive,RBF-SVM,stable_correct,net_charge_pH7_4,Net charge (pH 7.4),1.5574026311002025,0.3309720892888468,-0.0033027863897394
369,GFSVQRRLWLAS,0,Inactive,RBF-SVM,stable_correct,isoelectric_point,Isoelectric point,11.999967765808105,1.6565385875063838,-0.0033027863897394
369,GFSVQRRLWLAS,0,Inactive,RBF-SVM,stable_correct,mean_eisenberg_hydrophobicity,Mean hydrophobicity,0.0166666666666666,-0.07468455808187209,-0.0033027863897394
369,GFSVQRRLWLAS,0,Inactive,RBF-SVM,stable_correct,hydrophobic_moment,Hydrophobic moment,0.293162921364036,-0.46410738948711516,-0.0033027863897394
369,GFSVQRRLWLAS,0,Inactive,RBF-SVM,stable_correct,boman_index,Boman index,1.6866666666666663,0.3346947548036656,-0.0033027863897394
370,GFYPMVAAQRI,0,Inactive,RBF-SVM,stable_correct,length,Length,11.0,-1.1684599686506636,-0.000647611231927
370,GFYPMVAAQRI,0,Inactive,RBF-SVM,stable_correct,molecular_weight,Molecular weight,1252.4841,-1.17774128570366,-0.000647611231927
370,GFYPMVAAQRI,0,Inactive,RBF-SVM,stable_correct,net_charge_pH7_4,Net charge (pH 7.4),0.5549221566662905,-0.03964411317960774,-0.000647611231927
370,GFYPMVAAQRI,0,Inactive,RBF-SVM,stable_correct,isoelectric_point,Isoelectric point,8.747602272033692,0.378333716481105,-0.000647611231927
370,GFYPMVAAQRI,0,Inactive,RBF-SVM,stable_correct,mean_eisenberg_hydrophobicity,Mean hydrophobicity,0.280909090909091,0.949735040651557,-0.000647611231927
370,GFYPMVAAQRI,0,Inactive,RBF-SVM,stable_correct,hydrophobic_moment,Hydrophobic moment,0.2491472748820839,-0.7312030085799006,-0.000647611231927
370,GFYPMVAAQRI,0,Inactive,RBF-SVM,stable_correct,boman_index,Boman index,0.1590909090909091,-0.7089381893384389,-0.000647611231927
372,GGKEALAIENFADAL,0,Inactive,RBF-SVM,stable_correct,length,Length,15.0,-0.33745307542563363,0.0040522840813979
372,GGKEALAIENFADAL,0,Inactive,RBF-SVM,stable_correct,molecular_weight,Molecular weight,1518.6664,-0.6923010727020779,0.0040522840813979
372,GGKEALAIENFADAL,0,Inactive,RBF-SVM,stable_correct,net_charge_pH7_4,Net charge (pH 7.4),-2.442364719065642,-1.1477385927449946,0.0040522840813979
372,GGKEALAIENFADAL,0,Inactive,RBF-SVM,stable_correct,isoelectric_point,Isoelectric point,4.137389945983887,-1.4335154938544084,0.0040522840813979
372,GGKEALAIENFADAL,0,Inactive,RBF-SVM,stable_correct,mean_eisenberg_hydrophobicity,Mean hydrophobicity,0.2386666666666666,0.7859688800283455,0.0040522840813979
372,GGKEALAIENFADAL,0,Inactive,RBF-SVM,stable_correct,hydrophobic_moment,Hydrophobic moment,0.3146187152095756,-0.33390940312671097,0.0040522840813979
372,GGKEALAIENFADAL,0,Inactive,RBF-SVM,stable_correct,boman_index,Boman index,0.5113333333333332,-0.46828773620001757,0.0040522840813979
388,GLGLVLKIAVNAFLKLVA,0,Inactive,RBF-SVM,regression,length,Length,18.0,0.28580209449313887,-0.3603296403672956
388,GLGLVLKIAVNAFLKLVA,0,Inactive,RBF-SVM,regression,molecular_weight,Molecular weight,1839.3112,-0.10753687158934559,-0.3603296403672956
388,GLGLVLKIAVNAFLKLVA,0,Inactive,RBF-SVM,regression,net_charge_pH7_4,Net charge (pH 7.4),1.552441682232378,0.32913803059451513,-0.3603296403672956
388,GLGLVLKIAVNAFLKLVA,0,Inactive,RBF-SVM,regression,isoelectric_point,Isoelectric point,10.002737236022949,0.8716114947124106,-0.3603296403672956
388,GLGLVLKIAVNAFLKLVA,0,Inactive,RBF-SVM,regression,mean_eisenberg_hydrophobicity,Mean hydrophobicity,0.58,2.109255847933545,-0.3603296403672956
388,GLGLVLKIAVNAFLKLVA,0,Inactive,RBF-SVM,regression,hydrophobic_moment,Hydrophobic moment,0.330250610350481,-0.2390519820965413,-0.3603296403672956
388,GLGLVLKIAVNAFLKLVA,0,Inactive,RBF-SVM,regression,boman_index,Boman index,-1.899444444444444,-2.1153203612053977,-0.3603296403672956
391,GLTSLMAIDKL,0,Inactive,RBF-SVM,stable_correct,length,Length,11.0,-1.1684599686506636,0.0082556987871875
391,GLTSLMAIDKL,0,Inactive,RBF-SVM,stable_correct,molecular_weight,Molecular weight,1161.4118,-1.34383105467231,0.0082556987871875
391,GLTSLMAIDKL,0,Inactive,RBF-SVM,stable_correct,net_charge_pH7_4,Net charge (pH 7.4),-0.4446062409453315,-0.4091689352878712,0.0082556987871875
391,GLTSLMAIDKL,0,Inactive,RBF-SVM,stable_correct,isoelectric_point,Isoelectric point,5.835682106018066,-0.7660734995475115,0.0082556987871875
391,GLTSLMAIDKL,0,Inactive,RBF-SVM,stable_correct,mean_eisenberg_hydrophobicity,Mean hydrophobicity,0.3463636363636364,1.2034903540992867,0.0082556987871875
391,GLTSLMAIDKL,0,Inactive,RBF-SVM,stable_correct,hydrophobic_moment,Hydrophobic moment,0.2906821832029579,-0.47916099764465825,0.0082556987871875
391,GLTSLMAIDKL,0,Inactive,RBF-SVM,stable_correct,boman_index,Boman index,-0.4127272727272727,-1.099601820680663,0.0082556987871875
392,GLWAIAVKAGKVILKLIVFIWIRV,0,Inactive,RBF-SVM,stable_correct,length,Length,24.0,1.5323124343306838,0.0418207659991131
392,GLWAIAVKAGKVILKLIVFIWIRV,0,Inactive,RBF-SVM,stable_correct,molecular_weight,Molecular weight,2707.4326,1.4756677116125856,0.0418207659991131
392,GLWAIAVKAGKVILKLIVFIWIRV,0,Inactive,RBF-SVM,stable_correct,net_charge_pH7_4,Net charge (pH 7.4),3.549910971331719,1.0676007751097103,0.0418207659991131
392,GLWAIAVKAGKVILKLIVFIWIRV,0,Inactive,RBF-SVM,stable_correct,isoelectric_point,Isoelectric point,11.263867759704592,1.3672455744165983,0.0418207659991131
392,GLWAIAVKAGKVILKLIVFIWIRV,0,Inactive,RBF-SVM,stable_correct,mean_eisenberg_hydrophobicity,Mean hydrophobicity,0.5558333333333333,2.0155660967879134,0.0418207659991131
392,GLWAIAVKAGKVILKLIVFIWIRV,0,Inactive,RBF-SVM,stable_correct,hydrophobic_moment,Hydrophobic moment,0.3316589742159591,-0.23050575254810052,0.0418207659991131
392,GLWAIAVKAGKVILKLIVFIWIRV,0,Inactive,RBF-SVM,stable_correct,boman_index,Boman index,-1.620833333333333,-1.924974492781146,0.0418207659991131
394,GNFADLLAHSDGLIKNISDDLRALDKLI,0,Inactive,RBF-SVM,stable_correct,length,Length,28.0,2.363319327555714,0.0131951539138222
394,GNFADLLAHSDGLIKNISDDLRALDKLI,0,Inactive,RBF-SVM,stable_correct,molecular_weight,Molecular weight,3038.4102000000003,2.0792759779877446,0.0131951539138222
394,GNFADLLAHSDGLIKNISDDLRALDKLI,0,Inactive,RBF-SVM,stable_correct,net_charge_pH7_4,Net charge (pH 7.4),-2.4087245740499243,-1.1353018589490034,0.0131951539138222
394,GNFADLLAHSDGLIKNISDDLRALDKLI,0,Inactive,RBF-SVM,stable_correct,isoelectric_point,Isoelectric point,4.664969444274903,-1.2261726580447552,0.0131951539138222
394,GNFADLLAHSDGLIKNISDDLRALDKLI,0,Inactive,RBF-SVM,stable_correct,mean_eisenberg_hydrophobicity,Mean hydrophobicity,0.0892857142857143,0.20684622122273608,0.0131951539138222
394,GNFADLLAHSDGLIKNISDDLRALDKLI,0,Inactive,RBF-SVM,stable_correct,hydrophobic_moment,Hydrophobic moment,0.4204906217264806,0.30854219478997924,0.0131951539138222
394,GNFADLLAHSDGLIKNISDDLRALDKLI,0,Inactive,RBF-SVM,stable_correct,boman_index,Boman index,1.4210714285714283,0.15324127276926638,0.0131951539138222
396,GPDMTAMVALIASV,0,Inactive,RBF-SVM,stable_correct,length,Length,14.0,-0.5452047987318911,0.0032081422778906
396,GPDMTAMVALIASV,0,Inactive,RBF-SVM,stable_correct,molecular_weight,Molecular weight,1375.6532999999995,-0.9531159718370571,0.0032081422778906
396,GPDMTAMVALIASV,0,Inactive,RBF-SVM,stable_correct,net_charge_pH7_4,Net charge (pH 7.4),-1.4421006482780456,-0.7779417928718857,0.0032081422778906
396,GPDMTAMVALIASV,0,Inactive,RBF-SVM,stable_correct,isoelectric_point,Isoelectric point,4.0500284194946286,-1.4678492515186445,0.0032081422778906
396,GPDMTAMVALIASV,0,Inactive,RBF-SVM,stable_correct,mean_eisenberg_hydrophobicity,Mean hydrophobicity,0.5221428571428571,1.8849542762252838,0.0032081422778906
396,GPDMTAMVALIASV,0,Inactive,RBF-SVM,stable_correct,hydrophobic_moment,Hydrophobic moment,0.1641131453540669,-1.2472068682440909,0.0032081422778906
396,GPDMTAMVALIASV,0,Inactive,RBF-SVM,stable_correct,boman_index,Boman index,-1.0214285714285711,-1.515463832967968,0.0032081422778906
397,GPKDAVVKVFNQWG,0,Inactive,RBF-SVM,stable_correct,length,Length,14.0,-0.5452047987318911,0.0002177182956782
397,GPKDAVVKVFNQWG,0,Inactive,RBF-SVM,stable_correct,molecular_weight,Molecular weight,1544.7515,-0.6447293276981179,0.0002177182956782
397,GPKDAVVKVFNQWG,0,Inactive,RBF-SVM,stable_correct,net_charge_pH7_4,Net charge (pH 7.4),0.5528881663873828,-0.04039607770385666,0.0002177182956782
397,GPKDAVVKVFNQWG,0,Inactive,RBF-SVM,stable_correct,isoelectric_point,Isoelectric point,8.59094409942627,0.3167658392864841,0.0002177182956782
397,GPKDAVVKVFNQWG,0,Inactive,RBF-SVM,stable_correct,mean_eisenberg_hydrophobicity,Mean hydrophobicity,0.1057142857142857,0.27053679096705713,0.0002177182956782
397,GPKDAVVKVFNQWG,0,Inactive,RBF-SVM,stable_correct,hydrophobic_moment,Hydrophobic moment,0.3871639800610008,0.10630956391007992,0.0002177182956782
397,GPKDAVVKVFNQWG,0,Inactive,RBF-SVM,stable_correct,boman_index,Boman index,0.777142857142857,-0.28668785512139505,0.0002177182956782
407,HALRTIVFELLTRH,0,Inactive,RBF-SVM,stable_correct,length,Length,14.0,-0.5452047987318911,0.0021990780934983
407,HALRTIVFELLTRH,0,Inactive,RBF-SVM,stable_correct,molecular_weight,Molecular weight,1706.0002000000002,-0.35065792146927316,0.0021990780934983
407,HALRTIVFELLTRH,0,Inactive,RBF-SVM,stable_correct,net_charge_pH7_4,Net charge (pH 7.4),0.6317762743921409,-0.01123120940539467,0.0021990780934983
407,HALRTIVFELLTRH,0,Inactive,RBF-SVM,stable_correct,isoelectric_point,Isoelectric point,9.611736488342284,0.7179451674756305,0.0021990780934983
407,HALRTIVFELLTRH,0,Inactive,RBF-SVM,stable_correct,mean_eisenberg_hydrophobicity,Mean hydrophobicity,0.07,0.1320790306533156,0.0021990780934983
407,HALRTIVFELLTRH,0,Inactive,RBF-SVM,stable_correct,hydrophobic_moment,Hydrophobic moment,0.2421899210519722,-0.7734216030350157,0.0021990780934983
407,HALRTIVFELLTRH,0,Inactive,RBF-SVM,stable_correct,boman_index,Boman index,1.614285714285714,0.28524441097716874,0.0021990780934983
411,HGLVKAGHPLKRKLGH,0,Inactive,RBF-SVM,stable_correct,length,Length,16.0,-0.12970135211937614,-0.0262101472145268
411,HGLVKAGHPLKRKLGH,0,Inactive,RBF-SVM,stable_correct,molecular_weight,Molecular weight,1748.0866000000003,-0.27390439210060424,-0.0262101472145268
411,HGLVKAGHPLKRKLGH,0,Inactive,RBF-SVM,stable_correct,net_charge_pH7_4,Net charge (pH 7.4),3.65979029485986,1.1082230701611904,-0.0262101472145268
411,HGLVKAGHPLKRKLGH,0,Inactive,RBF-SVM,stable_correct,isoelectric_point,Isoelectric point,11.263932228088382,1.3672709109915762,-0.0262101472145268
411,HGLVKAGHPLKRKLGH,0,Inactive,RBF-SVM,stable_correct,mean_eisenberg_hydrophobicity,Mean hydrophobicity,-0.1012499999999999,-0.5318259300510748,-0.0262101472145268
411,HGLVKAGHPLKRKLGH,0,Inactive,RBF-SVM,stable_correct,hydrophobic_moment,Hydrophobic moment,0.4826549600408846,0.6857676533411158,-0.0262101472145268
411,HGLVKAGHPLKRKLGH,0,Inactive,RBF-SVM,stable_correct,boman_index,Boman index,1.3824999999999998,0.12688944480909373,-0.0262101472145268
416,HPAFIAHADRVLGGLDIAIST,0,Inactive,RBF-SVM,stable_correct,length,Length,21.0,0.9090572644119114,0.0132460887532357
416,HPAFIAHADRVLGGLDIAIST,0,Inactive,RBF-SVM,stable_correct,molecular_weight,Molecular weight,2174.4578,0.5036744557256411,0.0132460887532357
416,HPAFIAHADRVLGGLDIAIST,0,Inactive,RBF-SVM,stable_correct,net_charge_pH7_4,Net charge (pH 7.4),-1.36842640000432,-0.7507044842047568,0.0132460887532357
416,HPAFIAHADRVLGGLDIAIST,0,Inactive,RBF-SVM,stable_correct,isoelectric_point,Isoelectric point,5.978120613098144,-0.7100940612218283,0.0132460887532357
416,HPAFIAHADRVLGGLDIAIST,0,Inactive,RBF-SVM,stable_correct,mean_eisenberg_hydrophobicity,Mean hydrophobicity,0.33,1.1400515257373542,0.0132460887532357
416,HPAFIAHADRVLGGLDIAIST,0,Inactive,RBF-SVM,stable_correct,hydrophobic_moment,Hydrophobic moment,0.2520638402499912,-0.7135047150222861,0.0132460887532357
416,HPAFIAHADRVLGGLDIAIST,0,Inactive,RBF-SVM,stable_correct,boman_index,Boman index,0.3290476190476193,-0.5928245231525373,0.0132460887532357
419,HSATRAAMLVRINT,0,Inactive,RBF-SVM,stable_correct,length,Length,14.0,-0.5452047987318911,0.0007560494121378
419,HSATRAAMLVRINT,0,Inactive,RBF-SVM,stable_correct,molecular_weight,Molecular weight,1540.7896,-0.6519546976039717,0.0007560494121378
419,HSATRAAMLVRINT,0,Inactive,RBF-SVM,stable_correct,net_charge_pH7_4,Net charge (pH 7.4),1.5940290722762491,0.3445128543060068,0.0007560494121378
419,HSATRAAMLVRINT,0,Inactive,RBF-SVM,stable_correct,isoelectric_point,Isoelectric point,11.999967765808105,1.6565385875063838,0.0007560494121378
419,HSATRAAMLVRINT,0,Inactive,RBF-SVM,stable_correct,mean_eisenberg_hydrophobicity,Mean hydrophobicity,-0.0257142857142857,-0.23898776698751178,0.0007560494121378
419,HSATRAAMLVRINT,0,Inactive,RBF-SVM,stable_correct,hydrophobic_moment,Hydrophobic moment,0.205753066439374,-0.9945276191544481,0.0007560494121378
419,HSATRAAMLVRINT,0,Inactive,RBF-SVM,stable_correct,boman_index,Boman index,2.001428571428572,0.5497386842070511,0.0007560494121378
424,HWDKVADMVANFAHEIDTYG,0,Inactive,RBF-SVM,stable_correct,length,Length,20.0,0.7013055411056538,-0.0002483186909765
424,HWDKVADMVANFAHEIDTYG,0,Inactive,RBF-SVM,stable_correct,molecular_weight,Molecular weight,2319.5064000000007,0.7682015233765761,-0.0002483186909765
424,HWDKVADMVANFAHEIDTYG,0,Inactive,RBF-SVM,stable_correct,net_charge_pH7_4,Net charge (pH 7.4),-3.37184522201067,-1.491366766116131,-0.0002483186909765
424,HWDKVADMVANFAHEIDTYG,0,Inactive,RBF-SVM,stable_correct,isoelectric_point,Isoelectric point,4.63615207672119,-1.237498107059569,-0.0002483186909765
424,HWDKVADMVANFAHEIDTYG,0,Inactive,RBF-SVM,stable_correct,mean_eisenberg_hydrophobicity,Mean hydrophobicity,0.114,0.3026589913598452,-0.0002483186909765
424,HWDKVADMVANFAHEIDTYG,0,Inactive,RBF-SVM,stable_correct,hydrophobic_moment,Hydrophobic moment,0.4711650077975259,0.6160443582613812,-0.0002483186909765
424,HWDKVADMVANFAHEIDTYG,0,Inactive,RBF-SVM,stable_correct,boman_index,Boman index,1.508,0.21263048504247067,-0.0002483186909765
428,IDDSVNNLIPFMQKH,0,Inactive,RBF-SVM,stable_correct,length,Length,15.0,-0.33745307542563363,0.0009226063496318
428,IDDSVNNLIPFMQKH,0,Inactive,RBF-SVM,stable_correct,molecular_weight,Molecular weight,1771.0022,-0.23211290654706124,0.0009226063496318
428,IDDSVNNLIPFMQKH,0,Inactive,RBF-SVM,stable_correct,net_charge_pH7_4,Net charge (pH 7.4),-1.4075333156142795,-0.7651622785690829,0.0009226063496318
428,IDDSVNNLIPFMQKH,0,Inactive,RBF-SVM,stable_correct,isoelectric_point,Isoelectric point,5.210851097106932,-1.0116369335116915,0.0009226063496318
428,IDDSVNNLIPFMQKH,0,Inactive,RBF-SVM,stable_correct,mean_eisenberg_hydrophobicity,Mean hydrophobicity,0.0446666666666666,0.03386632600410129,0.0009226063496318
428,IDDSVNNLIPFMQKH,0,Inactive,RBF-SVM,stable_correct,hydrophobic_moment,Hydrophobic moment,0.4961086531802058,0.7674073152646271,0.0009226063496318
428,IDDSVNNLIPFMQKH,0,Inactive,RBF-SVM,stable_correct,boman_index,Boman index,1.7160000000000002,0.3547351573017727,0.0009226063496318
433,IKPLNNFAAEVGKIRDS,0,Inactive,RBF-SVM,stable_correct,length,Length,17.0,0.07805037118688135,0.0019474748542158
433,IKPLNNFAAEVGKIRDS,0,Inactive,RBF-SVM,stable_correct,molecular_weight,Molecular weight,1872.1294000000005,-0.04768588225486054,0.0019474748542158
433,IKPLNNFAAEVGKIRDS,0,Inactive,RBF-SVM,stable_correct,net_charge_pH7_4,Net charge (pH 7.4),0.5539838090938538,-0.039991019501237964,0.0019474748542158
433,IKPLNNFAAEVGKIRDS,0,Inactive,RBF-SVM,stable_correct,isoelectric_point,Isoelectric point,8.589977073669434,0.3163857906618259,0.0019474748542158
433,IKPLNNFAAEVGKIRDS,0,Inactive,RBF-SVM,stable_correct,mean_eisenberg_hydrophobicity,Mean hydrophobicity,-0.0494117647058823,-0.3308585632427472,0.0019474748542158
433,IKPLNNFAAEVGKIRDS,0,Inactive,RBF-SVM,stable_correct,hydrophobic_moment,Hydrophobic moment,0.3853742888367007,0.09544936478213224,0.0019474748542158
433,IKPLNNFAAEVGKIRDS,0,Inactive,RBF-SVM,stable_correct,boman_index,Boman index,1.875882352941176,0.46396606770923327,0.0019474748542158
434,IMELLGTVIQHEGIHQGQYYVALKQSG,0,Inactive,RBF-SVM,stable_correct,length,Length,27.0,2.1555676042494563,-0.0002099384316018
434,IMELLGTVIQHEGIHQGQYYVALKQSG,0,Inactive,RBF-SVM,stable_correct,molecular_weight,Molecular weight,3013.4253000000003,2.0337106824071474,-0.0002099384316018
434,IMELLGTVIQHEGIHQGQYYVALKQSG,0,Inactive,RBF-SVM,stable_correct,net_charge_pH7_4,Net charge (pH 7.4),-1.374569506203125,-0.7529755854868513,-0.0002099384316018
434,IMELLGTVIQHEGIHQGQYYVALKQSG,0,Inactive,RBF-SVM,stable_correct,isoelectric_point,Isoelectric point,6.003243446350097,-0.7002205928499403,-0.0002099384316018
434,IMELLGTVIQHEGIHQGQYYVALKQSG,0,Inactive,RBF-SVM,stable_correct,mean_eisenberg_hydrophobicity,Mean hydrophobicity,0.2218518518518518,0.7207809152465573,-0.0002099384316018
434,IMELLGTVIQHEGIHQGQYYVALKQSG,0,Inactive,RBF-SVM,stable_correct,hydrophobic_moment,Hydrophobic moment,0.1712161273138526,-1.204104573592307,-0.0002099384316018
434,IMELLGTVIQHEGIHQGQYYVALKQSG,0,Inactive,RBF-SVM,stable_correct,boman_index,Boman index,0.4214814814814814,-0.5296741206197231,-0.0002099384316018
439,KDAENHKAYLKSH,0,Inactive,RBF-SVM,stable_correct,length,Length,13.0,-0.7529565220381487,0.0022597173499036
439,KDAENHKAYLKSH,0,Inactive,RBF-SVM,stable_correct,molecular_weight,Molecular weight,1540.6786999999997,-0.6521569474140533,0.0022597173499036
439,KDAENHKAYLKSH,0,Inactive,RBF-SVM,stable_correct,net_charge_pH7_4,Net charge (pH 7.4),0.6222506243447499,-0.0147528343513579,0.0022597173499036
439,KDAENHKAYLKSH,0,Inactive,RBF-SVM,stable_correct,isoelectric_point,Isoelectric point,8.44601917266846,0.2598092187377166,0.0022597173499036
439,KDAENHKAYLKSH,0,Inactive,RBF-SVM,stable_correct,mean_eisenberg_hydrophobicity,Mean hydrophobicity,-0.4076923076923077,-1.719846766527714,0.0022597173499036
439,KDAENHKAYLKSH,0,Inactive,RBF-SVM,stable_correct,hydrophobic_moment,Hydrophobic moment,0.2159196508694192,-0.9328347808244368,0.0022597173499036
439,KDAENHKAYLKSH,0,Inactive,RBF-SVM,stable_correct,boman_index,Boman index,3.318461538461537,1.449529732932606,0.0022597173499036
451,KHHAAYVNNLNNALKK,0,Inactive,RBF-SVM,stable_correct,length,Length,16.0,-0.12970135211937614,0.0075046110379846
451,KHHAAYVNNLNNALKK,0,Inactive,RBF-SVM,stable_correct,molecular_weight,Molecular weight,1835.0743,-0.11526376266537301,0.0075046110379846
451,KHHAAYVNNLNNALKK,0,Inactive,RBF-SVM,stable_correct,net_charge_pH7_4,Net charge (pH 7.4),2.6206833792499005,0.7240661026755755,0.0075046110379846
451,KHHAAYVNNLNNALKK,0,Inactive,RBF-SVM,stable_correct,isoelectric_point,Isoelectric point,10.001447868347167,0.8711047632128663,0.0075046110379846
451,KHHAAYVNNLNNALKK,0,Inactive,RBF-SVM,stable_correct,mean_eisenberg_hydrophobicity,Mean hydrophobicity,-0.1875,-0.8662014212087611,0.0075046110379846
451,KHHAAYVNNLNNALKK,0,Inactive,RBF-SVM,stable_correct,hydrophobic_moment,Hydrophobic moment,0.4443878337919169,0.45355518815420176,0.0075046110379846
451,KHHAAYVNNLNNALKK,0,Inactive,RBF-SVM,stable_correct,boman_index,Boman index,2.085,0.6068343114540917,0.0075046110379846
452,KIPDDLQADFNKFR,0,Inactive,RBF-SVM,stable_correct,length,Length,14.0,-0.5452047987318911,0.0009570312564393
452,KIPDDLQADFNKFR,0,Inactive,RBF-SVM,stable_correct,molecular_weight,Molecular weight,1706.8955,-0.3490251509105235,0.0009570312564393
452,KIPDDLQADFNKFR,0,Inactive,RBF-SVM,stable_correct,net_charge_pH7_4,Net charge (pH 7.4),-0.446243983535981,-0.40977440736941984,0.0009570312564393
452,KIPDDLQADFNKFR,0,Inactive,RBF-SVM,stable_correct,isoelectric_point,Isoelectric point,6.039222526550293,-0.6860805352042267,0.0009570312564393
452,KIPDDLQADFNKFR,0,Inactive,RBF-SVM,stable_correct,mean_eisenberg_hydrophobicity,Mean hydrophobicity,-0.2992857142857143,-1.2995742109907724,0.0009570312564393
452,KIPDDLQADFNKFR,0,Inactive,RBF-SVM,stable_correct,hydrophobic_moment,Hydrophobic moment,0.4651046411989659,0.5792688591389191,0.0009570312564393
452,KIPDDLQADFNKFR,0,Inactive,RBF-SVM,stable_correct,boman_index,Boman index,3.3392857142857144,1.4637567169737833,0.0009570312564393
453,KKAEAVATVVAAVDQARVR,0,Inactive,RBF-SVM,stable_correct,length,Length,19.0,0.49355381779939633,-0.0245294657716745
453,KKAEAVATVVAAVDQARVR,0,Inactive,RBF-SVM,stable_correct,molecular_weight,Molecular weight,1982.2882,0.15321219149383875,-0.0245294657716745
453,KKAEAVATVVAAVDQARVR,0,Inactive,RBF-SVM,stable_correct,net_charge_pH7_4,Net charge (pH 7.4),1.5539586908604806,0.3296988674299425,-0.0245294657716745
453,KKAEAVATVVAAVDQARVR,0,Inactive,RBF-SVM,stable_correct,isoelectric_point,Isoelectric point,9.98616886138916,0.8650999949432678,-0.0245294657716745
453,KKAEAVATVVAAVDQARVR,0,Inactive,RBF-SVM,stable_correct,mean_eisenberg_hydrophobicity,Mean hydrophobicity,-0.0694736842105262,-0.408634959624559,-0.0245294657716745
453,KKAEAVATVVAAVDQARVR,0,Inactive,RBF-SVM,stable_correct,hydrophobic_moment,Hydrophobic moment,0.1993199611779528,-1.0335649699563474,-0.0245294657716745
453,KKAEAVATVVAAVDQARVR,0,Inactive,RBF-SVM,stable_correct,boman_index,Boman index,1.7642105263157892,0.3876723738477037,-0.0245294657716745
459,KLDSRFDNNLGKFRFVLLLFV,0,Inactive,RBF-SVM,stable_correct,length,Length,21.0,0.9090572644119114,0.0098227395443077
459,KLDSRFDNNLGKFRFVLLLFV,0,Inactive,RBF-SVM,stable_correct,molecular_weight,Molecular weight,2541.9851,1.1739388977861993,0.0098227395443077
459,KLDSRFDNNLGKFRFVLLLFV,0,Inactive,RBF-SVM,stable_correct,net_charge_pH7_4,Net charge (pH 7.4),1.553284414075641,0.32944958786013245,0.0098227395443077
459,KLDSRFDNNLGKFRFVLLLFV,0,Inactive,RBF-SVM,stable_correct,isoelectric_point,Isoelectric point,9.98616886138916,0.8650999949432678,0.0098227395443077
459,KLDSRFDNNLGKFRFVLLLFV,0,Inactive,RBF-SVM,stable_correct,mean_eisenberg_hydrophobicity,Mean hydrophobicity,0.0685714285714285,0.12654072024076565,0.0098227395443077
459,KLDSRFDNNLGKFRFVLLLFV,0,Inactive,RBF-SVM,stable_correct,hydrophobic_moment,Hydrophobic moment,0.2840723680839046,-0.5192706586952187,0.0098227395443077
459,KLDSRFDNNLGKFRFVLLLFV,0,Inactive,RBF-SVM,stable_correct,boman_index,Boman index,1.405714285714286,0.14274934126660532,0.0098227395443077
461,KLKELALIFISNLVAN,0,Inactive,RBF-SVM,stable_correct,length,Length,16.0,-0.12970135211937614,0.0125484416453776
461,KLKELALIFISNLVAN,0,Inactive,RBF-SVM,stable_correct,molecular_weight,Molecular weight,1786.1626,-0.20446468273507493,0.0125484416453776
461,KLKELALIFISNLVAN,0,Inactive,RBF-SVM,stable_correct,net_charge_pH7_4,Net charge (pH 7.4),0.5535624431722228,-0.04014679813404643,0.0125484416453776
461,KLKELALIFISNLVAN,0,Inactive,RBF-SVM,stable_correct,isoelectric_point,Isoelectric point,8.591073036193851,0.31681651243643966,0.0125484416453776
461,KLKELALIFISNLVAN,0,Inactive,RBF-SVM,stable_correct,mean_eisenberg_hydrophobicity,Mean hydrophobicity,0.32875,1.135205504126373,0.0125484416453776
461,KLKELALIFISNLVAN,0,Inactive,RBF-SVM,stable_correct,hydrophobic_moment,Hydrophobic moment,0.2206984114455915,-0.9038363196723941,0.0125484416453776
461,KLKELALIFISNLVAN,0,Inactive,RBF-SVM,stable_correct,boman_index,Boman index,-0.3481250000000002,-1.0554658360983789,0.0125484416453776
464,KPEQYNIVGEHLLATLDEMFS,0,Inactive,RBF-SVM,stable_correct,length,Length,21.0,0.9090572644119114,-0.0184620467614242
464,KPEQYNIVGEHLLATLDEMFS,0,Inactive,RBF-SVM,stable_correct,molecular_weight,Molecular weight,2434.7181,0.9783146382917077,-0.0184620467614242
464,KPEQYNIVGEHLLATLDEMFS,0,Inactive,RBF-SVM,stable_correct,net_charge_pH7_4,Net charge (pH 7.4),-3.4071231096170376,-1.5044089719936709,-0.0184620467614242
464,KPEQYNIVGEHLLATLDEMFS,0,Inactive,RBF-SVM,stable_correct,isoelectric_point,Isoelectric point,4.396973609924316,-1.3314971000661426,-0.0184620467614242
464,KPEQYNIVGEHLLATLDEMFS,0,Inactive,RBF-SVM,stable_correct,mean_eisenberg_hydrophobicity,Mean hydrophobicity,0.1066666666666666,0.27422899790875666,-0.0184620467614242
464,KPEQYNIVGEHLLATLDEMFS,0,Inactive,RBF-SVM,stable_correct,hydrophobic_moment,Hydrophobic moment,0.2162805581553481,-0.9306447242723922,-0.0184620467614242
464,KPEQYNIVGEHLLATLDEMFS,0,Inactive,RBF-SVM,stable_correct,boman_index,Boman index,1.2309523809523806,0.0233527874223655,-0.0184620467614242
465,KPQELLSLIIERFE,0,Inactive,RBF-SVM,stable_correct,length,Length,14.0,-0.5452047987318911,0.0013290748535517
465,KPQELLSLIIERFE,0,Inactive,RBF-SVM,stable_correct,molecular_weight,Molecular weight,1714.9988000000003,-0.3342470545531931,0.0013290748535517
465,KPQELLSLIIERFE,0,Inactive,RBF-SVM,stable_correct,net_charge_pH7_4,Net charge (pH 7.4),-1.4396230738574791,-0.7770258356572558,0.0013290748535517
465,KPQELLSLIIERFE,0,Inactive,RBF-SVM,stable_correct,isoelectric_point,Isoelectric point,5.0095842361450185,-1.0907363713054836,0.0013290748535517
465,KPQELLSLIIERFE,0,Inactive,RBF-SVM,stable_correct,mean_eisenberg_hydrophobicity,Mean hydrophobicity,0.0121428571428571,-0.09222254105494593,0.0013290748535517
465,KPQELLSLIIERFE,0,Inactive,RBF-SVM,stable_correct,hydrophobic_moment,Hydrophobic moment,0.4422275326894548,0.4404460552319913,0.0013290748535517
465,KPQELLSLIIERFE,0,Inactive,RBF-SVM,stable_correct,boman_index,Boman index,1.59,0.26865251929854167,0.0013290748535517
469,KQLTAIAALAE,0,Inactive,RBF-SVM,stable_correct,length,Length,11.0,-1.1684599686506636,0.001621120745277
469,KQLTAIAALAE,0,Inactive,RBF-SVM,stable_correct,molecular_weight,Molecular weight,1128.3191000000002,-1.4041826533202943,0.001621120745277
469,KQLTAIAALAE,0,Inactive,RBF-SVM,stable_correct,net_charge_pH7_4,Net charge (pH 7.4),-0.441839477503795,-0.40814606513131296,0.001621120745277
469,KQLTAIAALAE,0,Inactive,RBF-SVM,stable_correct,isoelectric_point,Isoelectric point,6.217469596862792,-0.6160280537240425,0.001621120745277
469,KQLTAIAALAE,0,Inactive,RBF-SVM,stable_correct,mean_eisenberg_hydrophobicity,Mean hydrophobicity,0.2672727272727272,0.8968693503499461,0.001621120745277
469,KQLTAIAALAE,0,Inactive,RBF-SVM,stable_correct,hydrophobic_moment,Hydrophobic moment,0.3183955093828917,-0.31099107161199563,0.001621120745277
469,KQLTAIAALAE,0,Inactive,RBF-SVM,stable_correct,boman_index,Boman index,-0.1390909090909091,-0.9126546775423332,0.001621120745277
478,KVRGLIEIISN,0,Inactive,RBF-SVM,stable_correct,length,Length,11.0,-1.1684599686506636,0.0079437457175614
478,KVRGLIEIISN,0,Inactive,RBF-SVM,stable_correct,molecular_weight,Molecular weight,1241.4799,-1.1978097921066475,0.0079437457175614
478,KVRGLIEIISN,0,Inactive,RBF-SVM,stable_correct,net_charge_pH7_4,Net charge (pH 7.4),0.5560429176061352,-0.03922976878688052,0.0079437457175614
478,KVRGLIEIISN,0,Inactive,RBF-SVM,stable_correct,isoelectric_point,Isoelectric point,8.74786014556885,0.3784350627810147,0.0079437457175614
478,KVRGLIEIISN,0,Inactive,RBF-SVM,stable_correct,mean_eisenberg_hydrophobicity,Mean hydrophobicity,0.1072727272727272,0.27657858414438374,0.0079437457175614
478,KVRGLIEIISN,0,Inactive,RBF-SVM,stable_correct,hydrophobic_moment,Hydrophobic moment,0.549649197471756,1.092301891787091,0.0079437457175614
478,KVRGLIEIISN,0,Inactive,RBF-SVM,stable_correct,boman_index,Boman index,1.1509090909090909,-0.03133243131877836,0.0079437457175614
490,LEPIKAWIEKR,0,Inactive,RBF-SVM,stable_correct,length,Length,11.0,-1.1684599686506636,-0.0011524035952312
490,LEPIKAWIEKR,0,Inactive,RBF-SVM,stable_correct,molecular_weight,Molecular weight,1382.6494,-0.9403570908965114,-0.0011524035952312
490,LEPIKAWIEKR,0,Inactive,RBF-SVM,stable_correct,net_charge_pH7_4,Net charge (pH 7.4),0.5546580858786934,-0.0397417399314279,-0.0011524035952312
490,LEPIKAWIEKR,0,Inactive,RBF-SVM,stable_correct,isoelectric_point,Isoelectric point,8.590106010437015,0.3164364638117815,-0.0011524035952312
490,LEPIKAWIEKR,0,Inactive,RBF-SVM,stable_correct,mean_eisenberg_hydrophobicity,Mean hydrophobicity,-0.1390909090909091,-0.6785282206380442,-0.0011524035952312
490,LEPIKAWIEKR,0,Inactive,RBF-SVM,stable_correct,hydrophobic_moment,Hydrophobic moment,0.2593703574686046,-0.6691673282996387,-0.0011524035952312
490,LEPIKAWIEKR,0,Inactive,RBF-SVM,stable_correct,boman_index,Boman index,1.8854545454545453,0.4705057469395953,-0.0011524035952312
491,LEQVEFKLNQLLENL,0,Inactive,RBF-SVM,stable_correct,length,Length,15.0,-0.33745307542563363,0.0018155317444603
491,LEQVEFKLNQLLENL,0,Inactive,RBF-SVM,stable_correct,molecular_weight,Molecular weight,1830.086,-0.12436099194964842,0.0018155317444603
491,LEQVEFKLNQLLENL,0,Inactive,RBF-SVM,stable_correct,net_charge_pH7_4,Net charge (pH 7.4),-2.4416904422808026,-1.1474893131751844,0.0018155317444603
491,LEQVEFKLNQLLENL,0,Inactive,RBF-SVM,stable_correct,isoelectric_point,Isoelectric point,4.25265941619873,-1.388213697795157,0.0018155317444603
491,LEQVEFKLNQLLENL,0,Inactive,RBF-SVM,stable_correct,mean_eisenberg_hydrophobicity,Mean hydrophobicity,0.0546666666666667,0.07263449889194931,0.0018155317444603
491,LEQVEFKLNQLLENL,0,Inactive,RBF-SVM,stable_correct,hydrophobic_moment,Hydrophobic moment,0.4718724480325304,0.6203372450560158,0.0018155317444603
491,LEQVEFKLNQLLENL,0,Inactive,RBF-SVM,stable_correct,boman_index,Boman index,1.248,0.03499964471834334,0.0018155317444603
493,LKRAEALIHLANAALE,0,Inactive,RBF-SVM,stable_correct,length,Length,16.0,-0.12970135211937614,0.0024137481659939
493,LKRAEALIHLANAALE,0,Inactive,RBF-SVM,stable_correct,molecular_weight,Molecular weight,1733.0207000000005,-0.3013802750013848,0.0024137481659939
493,LKRAEALIHLANAALE,0,Inactive,RBF-SVM,stable_correct,net_charge_pH7_4,Net charge (pH 7.4),-0.4041173936212767,-0.394200241911534,0.0024137481659939
493,LKRAEALIHLANAALE,0,Inactive,RBF-SVM,stable_correct,isoelectric_point,Isoelectric point,6.771536064147949,-0.3982756336128057,0.0024137481659939
493,LKRAEALIHLANAALE,0,Inactive,RBF-SVM,stable_correct,mean_eisenberg_hydrophobicity,Mean hydrophobicity,0.14,0.4034562408682491,0.0024137481659939
493,LKRAEALIHLANAALE,0,Inactive,RBF-SVM,stable_correct,hydrophobic_moment,Hydrophobic moment,0.3376428658113105,-0.19419431881964574,0.0024137481659939
493,LKRAEALIHLANAALE,0,Inactive,RBF-SVM,stable_correct,boman_index,Boman index,0.7337500000000001,-0.3163336615765892,0.0024137481659939
497,LLTEVETYVLSI,0,Inactive,RBF-SVM,stable_correct,length,Length,12.0,-0.9607082453444061,0.0027300835852439
497,LLTEVETYVLSI,0,Inactive,RBF-SVM,stable_correct,molecular_weight,Molecular weight,1379.5939999999998,-0.9459292646541396,0.0027300835852439
497,LLTEVETYVLSI,0,Inactive,RBF-SVM,stable_correct,net_charge_pH7_4,Net charge (pH 7.4),-2.4428112032206477,-1.1479036575679116,0.0027300835852439
497,LLTEVETYVLSI,0,Inactive,RBF-SVM,stable_correct,isoelectric_point,Isoelectric point,4.0500284194946286,-1.4678492515186445,0.0027300835852439
497,LLTEVETYVLSI,0,Inactive,RBF-SVM,stable_correct,mean_eisenberg_hydrophobicity,Mean hydrophobicity,0.4499999999999999,1.6052696003915254,0.0027300835852439
497,LLTEVETYVLSI,0,Inactive,RBF-SVM,stable_correct,hydrophobic_moment,Hydrophobic moment,0.376505302978849,0.04163061036716793,0.0027300835852439
497,LLTEVETYVLSI,0,Inactive,RBF-SVM,stable_correct,boman_index,Boman index,-0.455,-1.1284823594046907,0.0027300835852439
501,LPEDQELLFQSASLELFVLRLAYRA,0,Inactive,RBF-SVM,stable_correct,length,Length,25.0,1.7400641576369413,0.0002740975246112
501,LPEDQELLFQSASLELFVLRLAYRA,0,Inactive,RBF-SVM,stable_correct,molecular_weight,Molecular weight,2922.333,1.8675844391715748,0.0002740975246112
501,LPEDQELLFQSASLELFVLRLAYRA,0,Inactive,RBF-SVM,stable_correct,net_charge_pH7_4,Net charge (pH 7.4),-2.4412941945925457,-1.1473428207324847,0.0002740975246112
501,LPEDQELLFQSASLELFVLRLAYRA,0,Inactive,RBF-SVM,stable_correct,isoelectric_point,Isoelectric point,4.407318305969238,-1.3274315542659536,0.0002740975246112
501,LPEDQELLFQSASLELFVLRLAYRA,0,Inactive,RBF-SVM,stable_correct,mean_eisenberg_hydrophobicity,Mean hydrophobicity,0.1304,0.36623879489591527,0.0002740975246112
501,LPEDQELLFQSASLELFVLRLAYRA,0,Inactive,RBF-SVM,stable_correct,hydrophobic_moment,Hydrophobic moment,0.2554841822329715,-0.6927494056613805,0.0002740975246112
501,LPEDQELLFQSASLELFVLRLAYRA,0,Inactive,RBF-SVM,stable_correct,boman_index,Boman index,1.0856,-0.0759513109302655,0.0002740975246112
507,LQWYVSEQHEEEALFRGIVDKIKLIG,0,Inactive,RBF-SVM,stable_correct,length,Length,26.0,1.947815880943199,-0.0175218229217543
507,LQWYVSEQHEEEALFRGIVDKIKLIG,0,Inactive,RBF-SVM,stable_correct,molecular_weight,Molecular weight,3101.509000000001,2.194350101669689,-0.0175218229217543
507,LQWYVSEQHEEEALFRGIVDKIKLIG,0,Inactive,RBF-SVM,stable_correct,net_charge_pH7_4,Net charge (pH 7.4),-2.408533059577852,-1.1352310562070371,-0.0175218229217543
507,LQWYVSEQHEEEALFRGIVDKIKLIG,0,Inactive,RBF-SVM,stable_correct,isoelectric_point,Isoelectric point,4.960589027404784,-1.1099918684470396,-0.0175218229217543
507,LQWYVSEQHEEEALFRGIVDKIKLIG,0,Inactive,RBF-SVM,stable_correct,mean_eisenberg_hydrophobicity,Mean hydrophobicity,0.0734615384615385,0.14549878280680142,-0.0175218229217543
507,LQWYVSEQHEEEALFRGIVDKIKLIG,0,Inactive,RBF-SVM,stable_correct,hydrophobic_moment,Hydrophobic moment,0.2798176482387999,-0.5450891373937101,-0.0175218229217543
507,LQWYVSEQHEEEALFRGIVDKIKLIG,0,Inactive,RBF-SVM,stable_correct,boman_index,Boman index,1.3330769230769224,0.09312381909659281,-0.0175218229217543
512,LVGALMHVMQKRSR,0,Inactive,RBF-SVM,stable_correct,length,Length,14.0,-0.5452047987318911,0.0040662409594602
512,LVGALMHVMQKRSR,0,Inactive,RBF-SVM,stable_correct,molecular_weight,Molecular weight,1626.0031999999997,-0.49654951801603,0.0040662409594602
512,LVGALMHVMQKRSR,0,Inactive,RBF-SVM,stable_correct,net_charge_pH7_4,Net charge (pH 7.4),2.591523479608964,0.7132857118900215,0.0040662409594602
512,LVGALMHVMQKRSR,0,Inactive,RBF-SVM,stable_correct,isoelectric_point,Isoelectric point,11.999967765808105,1.6565385875063838,0.0040662409594602
512,LVGALMHVMQKRSR,0,Inactive,RBF-SVM,stable_correct,mean_eisenberg_hydrophobicity,Mean hydrophobicity,-0.0821428571428571,-0.45775102828322334,0.0040662409594602
512,LVGALMHVMQKRSR,0,Inactive,RBF-SVM,stable_correct,hydrophobic_moment,Hydrophobic moment,0.3555110079766958,-0.08576691004221491,0.0040662409594602
512,LVGALMHVMQKRSR,0,Inactive,RBF-SVM,stable_correct,boman_index,Boman index,1.687142857142857,0.33502008601305067,0.0040662409594602
513,LVLPIAQALKVLG,0,Inactive,RBF-SVM,stable_correct,length,Length,13.0,-0.7529565220381487,0.0518523235164843
513,LVLPIAQALKVLG,0,Inactive,RBF-SVM,stable_correct,molecular_weight,Molecular weight,1334.6890999999998,-1.0278229300887487,0.0518523235164843
513,LVLPIAQALKVLG,0,Inactive,RBF-SVM,stable_correct,net_charge_pH7_4,Net charge (pH 7.4),0.5549472748996638,-0.03963482698949938,0.0518523235164843
513,LVLPIAQALKVLG,0,Inactive,RBF-SVM,stable_correct,isoelectric_point,Isoelectric point,8.750052070617677,0.37929650633023926,0.0518523235164843
513,LVLPIAQALKVLG,0,Inactive,RBF-SVM,stable_correct,mean_eisenberg_hydrophobicity,Mean hydrophobicity,0.5761538461538461,2.09434501220745,0.0518523235164843
513,LVLPIAQALKVLG,0,Inactive,RBF-SVM,stable_correct,hydrophobic_moment,Hydrophobic moment,0.4079715284730888,0.2325738691999856,0.0518523235164843
513,LVLPIAQALKVLG,0,Inactive,RBF-SVM,stable_correct,boman_index,Boman index,-2.011538461538461,-2.191902493712003,0.0518523235164843
516,MLEEYRKHVAERAAE,0,Inactive,RBF-SVM,stable_correct,length,Length,15.0,-0.33745307542563363,-0.0010980386405448
516,MLEEYRKHVAERAAE,0,Inactive,RBF-SVM,stable_correct,molecular_weight,Molecular weight,1832.0458000000003,-0.12078687853399062,-0.0010980386405448
516,MLEEYRKHVAERAAE,0,Inactive,RBF-SVM,stable_correct,net_charge_pH7_4,Net charge (pH 7.4),-1.6769709674537387,-0.8647731556618725,-0.0010980386405448
516,MLEEYRKHVAERAAE,0,Inactive,RBF-SVM,stable_correct,isoelectric_point,Isoelectric point,5.640838050842285,-0.8426487248389886,-0.0010980386405448
516,MLEEYRKHVAERAAE,0,Inactive,RBF-SVM,stable_correct,mean_eisenberg_hydrophobicity,Mean hydrophobicity,-0.3266666666666667,-1.405725160564641,-0.0010980386405448
516,MLEEYRKHVAERAAE,0,Inactive,RBF-SVM,stable_correct,hydrophobic_moment,Hydrophobic moment,0.2454356715945723,-0.7537257489493103,-0.0010980386405448
516,MLEEYRKHVAERAAE,0,Inactive,RBF-SVM,stable_correct,boman_index,Boman index,3.3793333333333337,1.4911170716830489,-0.0010980386405448
517,MPEVFNYLGIYLTQA,0,Inactive,RBF-SVM,stable_correct,length,Length,15.0,-0.33745307542563363,-0.0011233356156161
517,MPEVFNYLGIYLTQA,0,Inactive,RBF-SVM,stable_correct,molecular_weight,Molecular weight,1759.0294,-0.25394786169706685,-0.0011233356156161
517,MPEVFNYLGIYLTQA,0,Inactive,RBF-SVM,stable_correct,net_charge_pH7_4,Net charge (pH 7.4),-1.7190019416392683,-0.8803119720637452,-0.0011233356156161
517,MPEVFNYLGIYLTQA,0,Inactive,RBF-SVM,stable_correct,isoelectric_point,Isoelectric point,4.0500284194946286,-1.4678492515186445,-0.0011233356156161
517,MPEVFNYLGIYLTQA,0,Inactive,RBF-SVM,stable_correct,mean_eisenberg_hydrophobicity,Mean hydrophobicity,0.3906666666666668,1.3752451079236303,-0.0011233356156161
517,MPEVFNYLGIYLTQA,0,Inactive,RBF-SVM,stable_correct,hydrophobic_moment,Hydrophobic moment,0.3468446999799064,-0.13835577524496379,-0.0011233356156161
517,MPEVFNYLGIYLTQA,0,Inactive,RBF-SVM,stable_correct,boman_index,Boman index,-0.3360000000000002,-1.047182090179417,-0.0011233356156161
518,MPGTATHTVKMFS,0,Inactive,RBF-SVM,stable_correct,length,Length,13.0,-0.7529565220381487,-0.0066183190261794
518,MPGTATHTVKMFS,0,Inactive,RBF-SVM,stable_correct,molecular_weight,Molecular weight,1407.6571,-0.8947502146516236,-0.0066183190261794
518,MPGTATHTVKMFS,0,Inactive,RBF-SVM,stable_correct,net_charge_pH7_4,Net charge (pH 7.4),0.3190093312642195,-0.12686088965946038,-0.0066183190261794
518,MPGTATHTVKMFS,0,Inactive,RBF-SVM,stable_correct,isoelectric_point,Isoelectric point,8.521060371398928,0.28930099201118875,-0.0066183190261794
518,MPGTATHTVKMFS,0,Inactive,RBF-SVM,stable_correct,mean_eisenberg_hydrophobicity,Mean hydrophobicity,0.1976923076923076,0.6271187767596774,-0.0066183190261794
518,MPGTATHTVKMFS,0,Inactive,RBF-SVM,stable_correct,hydrophobic_moment,Hydrophobic moment,0.3145481885713802,-0.33433737266929264,-0.0066183190261794
518,MPGTATHTVKMFS,0,Inactive,RBF-SVM,stable_correct,boman_index,Boman index,0.5269230769230769,-0.4576368929143104,-0.0066183190261794
519,MPYTDAVVHEVQRYID,0,Inactive,RBF-SVM,stable_correct,length,Length,16.0,-0.12970135211937614,0.0005832599244169
519,MPYTDAVVHEVQRYID,0,Inactive,RBF-SVM,stable_correct,molecular_weight,Molecular weight,1936.1483,0.06906624007681501,0.0005832599244169
519,MPYTDAVVHEVQRYID,0,Inactive,RBF-SVM,stable_correct,net_charge_pH7_4,Net charge (pH 7.4),-2.680238339094528,-1.2356802733770411,0.0005832599244169
519,MPYTDAVVHEVQRYID,0,Inactive,RBF-SVM,stable_correct,isoelectric_point,Isoelectric point,4.745737648010253,-1.1944301273740476,0.0005832599244169
519,MPYTDAVVHEVQRYID,0,Inactive,RBF-SVM,stable_correct,mean_eisenberg_hydrophobicity,Mean hydrophobicity,0.01625,-0.07629989861886549,0.0005832599244169
519,MPYTDAVVHEVQRYID,0,Inactive,RBF-SVM,stable_correct,hydrophobic_moment,Hydrophobic moment,0.4594547873037933,0.5449844320197204,0.0005832599244169
519,MPYTDAVVHEVQRYID,0,Inactive,RBF-SVM,stable_correct,boman_index,Boman index,1.93875,0.5069169637717701,0.0005832599244169
532,NEQDLGIQYKALKPEVDKLNIMAAKRQQEL,0,Inactive,RBF-SVM,stable_correct,length,Length,30.0,2.778822774168229,0.0008695580984012
532,NEQDLGIQYKALKPEVDKLNIMAAKRQQEL,0,Inactive,RBF-SVM,stable_correct,molecular_weight,Molecular weight,3484.9750000000004,2.893682163639491,0.0008695580984012
532,NEQDLGIQYKALKPEVDKLNIMAAKRQQEL,0,Inactive,RBF-SVM,stable_correct,net_charge_pH7_4,Net charge (pH 7.4),-0.4508449628733091,-0.4114753856259782,0.0008695580984012
532,NEQDLGIQYKALKPEVDKLNIMAAKRQQEL,0,Inactive,RBF-SVM,stable_correct,isoelectric_point,Isoelectric point,6.278059959411621,-0.5922155711800765,0.0008695580984012
532,NEQDLGIQYKALKPEVDKLNIMAAKRQQEL,0,Inactive,RBF-SVM,stable_correct,mean_eisenberg_hydrophobicity,Mean hydrophobicity,-0.1939999999999999,-0.8914007335858617,0.0008695580984012
532,NEQDLGIQYKALKPEVDKLNIMAAKRQQEL,0,Inactive,RBF-SVM,stable_correct,hydrophobic_moment,Hydrophobic moment,0.1521930471311745,-1.3195403739168003,0.0008695580984012
532,NEQDLGIQYKALKPEVDKLNIMAAKRQQEL,0,Inactive,RBF-SVM,stable_correct,boman_index,Boman index,2.276333333333333,0.7375523913849238,0.0008695580984012
534,NFKDVIETAKKVMNF,0,Inactive,RBF-SVM,stable_correct,length,Length,15.0,-0.33745307542563363,-0.2275610353821227
534,NFKDVIETAKKVMNF,0,Inactive,RBF-SVM,stable_correct,molecular_weight,Molecular weight,1784.0838,-0.20825581803891627,-0.2275610353821227
534,NFKDVIETAKKVMNF,0,Inactive,RBF-SVM,stable_correct,net_charge_pH7_4,Net charge (pH 7.4),0.5515033346599418,-0.04090804884840372,-0.2275610353821227
534,NFKDVIETAKKVMNF,0,Inactive,RBF-SVM,stable_correct,isoelectric_point,Isoelectric point,8.497658348083494,0.28010381529445977,-0.2275610353821227
534,NFKDVIETAKKVMNF,0,Inactive,RBF-SVM,stable_correct,mean_eisenberg_hydrophobicity,Mean hydrophobicity,-0.0326666666666666,-0.2659408776619199,-0.2275610353821227
534,NFKDVIETAKKVMNF,0,Inactive,RBF-SVM,stable_correct,hydrophobic_moment,Hydrophobic moment,0.5550814316006148,1.1252657592677024,-0.2275610353821227
534,NFKDVIETAKKVMNF,0,Inactive,RBF-SVM,stable_correct,boman_index,Boman index,1.660666666666667,0.31693167077125334,-0.2275610353821227
535,NGETFLTELLD,0,Inactive,RBF-SVM,stable_correct,length,Length,11.0,-1.1684599686506636,0.0011144897669297
535,NGETFLTELLD,0,Inactive,RBF-SVM,stable_correct,molecular_weight,Molecular weight,1251.339,-1.1798296198562617,0.0011144897669297
535,NGETFLTELLD,0,Inactive,RBF-SVM,stable_correct,net_charge_pH7_4,Net charge (pH 7.4),-3.4385898151062984,-1.5160421869939016,0.0011144897669297
535,NGETFLTELLD,0,Inactive,RBF-SVM,stable_correct,isoelectric_point,Isoelectric point,4.0500284194946286,-1.4678492515186445,0.0011144897669297
535,NGETFLTELLD,0,Inactive,RBF-SVM,stable_correct,mean_eisenberg_hydrophobicity,Mean hydrophobicity,0.1563636363636363,0.46689506923018126,0.0011144897669297
535,NGETFLTELLD,0,Inactive,RBF-SVM,stable_correct,hydrophobic_moment,Hydrophobic moment,0.4435198604363886,0.4482881547403922,0.0011144897669297
535,NGETFLTELLD,0,Inactive,RBF-SVM,stable_correct,boman_index,Boman index,1.4036363636363636,0.14132971417110762,0.0011144897669297
538,NIDSYLNAVNIINIFKIIG,0,Inactive,RBF-SVM,stable_correct,length,Length,19.0,0.49355381779939633,-6.455355824164233e-05
538,NIDSYLNAVNIINIFKIIG,0,Inactive,RBF-SVM,stable_correct,molecular_weight,Molecular weight,2134.4731000000006,0.4307538246964399,-6.455355824164233e-05
538,NIDSYLNAVNIINIFKIIG,0,Inactive,RBF-SVM,stable_correct,net_charge_pH7_4,Net charge (pH 7.4),-0.4471118336126172,-0.4100952508251455,-6.455355824164233e-05
538,NIDSYLNAVNIINIFKIIG,0,Inactive,RBF-SVM,stable_correct,isoelectric_point,Isoelectric point,5.834943199157714,-0.7663638956760964,-6.455355824164233e-05
538,NIDSYLNAVNIINIFKIIG,0,Inactive,RBF-SVM,stable_correct,mean_eisenberg_hydrophobicity,Mean hydrophobicity,0.3926315789473684,1.3828627138243998,-6.455355824164233e-05
538,NIDSYLNAVNIINIFKIIG,0,Inactive,RBF-SVM,stable_correct,hydrophobic_moment,Hydrophobic moment,0.081481661254616,-1.7486310018450404,-6.455355824164233e-05
538,NIDSYLNAVNIINIFKIIG,0,Inactive,RBF-SVM,stable_correct,boman_index,Boman index,0.008421052631579,-0.8118751632399251,-6.455355824164233e-05
544,NKEEMMDIVKAIYDMMG,0,Inactive,RBF-SVM,stable_correct,length,Length,17.0,0.07805037118688135,-0.0003877281519975
544,NKEEMMDIVKAIYDMMG,0,Inactive,RBF-SVM,stable_correct,molecular_weight,Molecular weight,2018.3979,0.21906593330696159,-0.0003877281519975
544,NKEEMMDIVKAIYDMMG,0,Inactive,RBF-SVM,stable_correct,net_charge_pH7_4,Net charge (pH 7.4),-2.4469294202452088,-1.149426158996626,-0.0003877281519975
544,NKEEMMDIVKAIYDMMG,0,Inactive,RBF-SVM,stable_correct,isoelectric_point,Isoelectric point,4.316716957092285,-1.3630385872632154,-0.0003877281519975
544,NKEEMMDIVKAIYDMMG,0,Inactive,RBF-SVM,stable_correct,mean_eisenberg_hydrophobicity,Mean hydrophobicity,0.0447058823529411,0.034018358054641845,-0.0003877281519975
544,NKEEMMDIVKAIYDMMG,0,Inactive,RBF-SVM,stable_correct,hydrophobic_moment,Hydrophobic moment,0.3634733170721414,-0.037450048943101506,-0.0003877281519975
544,NKEEMMDIVKAIYDMMG,0,Inactive,RBF-SVM,stable_correct,boman_index,Boman index,1.347647058823529,0.10307807085161719,-0.0003877281519975
546,NKQADSIKQMEERNKKRVENFKKTG,0,Inactive,RBF-SVM,stable_correct,length,Length,25.0,1.7400641576369413,-0.005928167987362
546,NKQADSIKQMEERNKKRVENFKKTG,0,Inactive,RBF-SVM,stable_correct,molecular_weight,Molecular weight,3007.384900000001,2.022694724311457,-0.005928167987362
546,NKQADSIKQMEERNKKRVENFKKTG,0,Inactive,RBF-SVM,stable_correct,net_charge_pH7_4,Net charge (pH 7.4),3.5461778420710264,1.066220640308877,-0.005928167987362
546,NKQADSIKQMEERNKKRVENFKKTG,0,Inactive,RBF-SVM,stable_correct,isoelectric_point,Isoelectric point,9.99525890350342,0.868672452015055,-0.005928167987362
546,NKQADSIKQMEERNKKRVENFKKTG,0,Inactive,RBF-SVM,stable_correct,mean_eisenberg_hydrophobicity,Mean hydrophobicity,-0.638,-2.6127076098062973,-0.005928167987362
546,NKQADSIKQMEERNKKRVENFKKTG,0,Inactive,RBF-SVM,stable_correct,hydrophobic_moment,Hydrophobic moment,0.4100231054099912,0.24502324245417847,-0.005928167987362
546,NKQADSIKQMEERNKKRVENFKKTG,0,Inactive,RBF-SVM,stable_correct,boman_index,Boman index,4.4888,2.2490997498046204,-0.005928167987362
554,NLLYDIVKENG,0,Inactive,RBF-SVM,stable_correct,length,Length,11.0,-1.1684599686506636,0.0014472851465593
554,NLLYDIVKENG,0,Inactive,RBF-SVM,stable_correct,molecular_weight,Molecular weight,1277.4225,-1.1322607927936557,0.0014472851465593
554,NLLYDIVKENG,0,Inactive,RBF-SVM,stable_correct,net_charge_pH7_4,Net charge (pH 7.4),-1.4459910726727725,-0.779380079553707,0.0014472851465593
554,NLLYDIVKENG,0,Inactive,RBF-SVM,stable_correct,isoelectric_point,Isoelectric point,4.3702592849731445,-1.3419960370226753,0.0014472851465593
554,NLLYDIVKENG,0,Inactive,RBF-SVM,stable_correct,mean_eisenberg_hydrophobicity,Mean hydrophobicity,0.0672727272727272,0.12150589259299323,0.0014472851465593
554,NLLYDIVKENG,0,Inactive,RBF-SVM,stable_correct,hydrophobic_moment,Hydrophobic moment,0.4484477452252622,0.4781915310100515,0.0014472851465593
554,NLLYDIVKENG,0,Inactive,RBF-SVM,stable_correct,boman_index,Boman index,1.3418181818181818,0.0990958080800564,0.0014472851465593
562,NPARALYQTVRELIENSLDA,0,Inactive,RBF-SVM,stable_correct,length,Length,20.0,0.7013055411056538,-0.0219703796056446
562,NPARALYQTVRELIENSLDA,0,Inactive,RBF-SVM,stable_correct,molecular_weight,Molecular weight,2273.5012,0.684301226147269,-0.0219703796056446
562,NPARALYQTVRELIENSLDA,0,Inactive,RBF-SVM,stable_correct,net_charge_pH7_4,Net charge (pH 7.4),-1.442414955532389,-0.7780579920039223,-0.0219703796056446
562,NPARALYQTVRELIENSLDA,0,Inactive,RBF-SVM,stable_correct,isoelectric_point,Isoelectric point,4.679122352600097,-1.2206104552741672,-0.0219703796056446
562,NPARALYQTVRELIENSLDA,0,Inactive,RBF-SVM,stable_correct,mean_eisenberg_hydrophobicity,Mean hydrophobicity,-0.0989999999999999,-0.5231030911513092,-0.0219703796056446
562,NPARALYQTVRELIENSLDA,0,Inactive,RBF-SVM,stable_correct,hydrophobic_moment,Hydrophobic moment,0.5428459902520462,1.0510186893488402,-0.0219703796056446
562,NPARALYQTVRELIENSLDA,0,Inactive,RBF-SVM,stable_correct,boman_index,Boman index,2.398,0.8206745153827528,-0.0219703796056446
563,NPEILLARVKRFLERE,0,Inactive,RBF-SVM,stable_correct,length,Length,16.0,-0.12970135211937614,-0.0003946333194028
563,NPEILLARVKRFLERE,0,Inactive,RBF-SVM,stable_correct,molecular_weight,Molecular weight,1983.3176000000003,0.1550895220122992,-0.0003946333194028
563,NPEILLARVKRFLERE,0,Inactive,RBF-SVM,stable_correct,net_charge_pH7_4,Net charge (pH 7.4),0.5603266896757733,-0.03764606179489526,-0.0003946333194028
563,NPEILLARVKRFLERE,0,Inactive,RBF-SVM,stable_correct,isoelectric_point,Isoelectric point,8.743927574157716,0.3768895317074043,-0.0003946333194028
563,NPEILLARVKRFLERE,0,Inactive,RBF-SVM,stable_correct,mean_eisenberg_hydrophobicity,Mean hydrophobicity,-0.26625,-1.1715007827005612,-0.0003946333194028
563,NPEILLARVKRFLERE,0,Inactive,RBF-SVM,stable_correct,hydrophobic_moment,Hydrophobic moment,0.4686730187477426,0.6009224774934312,-0.0003946333194028
563,NPEILLARVKRFLERE,0,Inactive,RBF-SVM,stable_correct,boman_index,Boman index,3.054375,1.2691069877587107,-0.0003946333194028
567,NPQVLADIGAEAT,0,Inactive,RBF-SVM,stable_correct,length,Length,13.0,-0.7529565220381487,-0.0004410056850268
567,NPQVLADIGAEAT,0,Inactive,RBF-SVM,stable_correct,molecular_weight,Molecular weight,1298.3988000000002,-1.0940060345321738,-0.0004410056850268
567,NPQVLADIGAEAT,0,Inactive,RBF-SVM,stable_correct,net_charge_pH7_4,Net charge (pH 7.4),-2.4409798873382007,-1.1472266216004472,-0.0004410056850268
567,NPQVLADIGAEAT,0,Inactive,RBF-SVM,stable_correct,isoelectric_point,Isoelectric point,4.0500284194946286,-1.4678492515186445,-0.0004410056850268
567,NPQVLADIGAEAT,0,Inactive,RBF-SVM,stable_correct,mean_eisenberg_hydrophobicity,Mean hydrophobicity,0.2107692307692308,0.6778156182284016,-0.0004410056850268
567,NPQVLADIGAEAT,0,Inactive,RBF-SVM,stable_correct,hydrophobic_moment,Hydrophobic moment,0.2650027820037613,-0.6349886659726425,-0.0004410056850268
567,NPQVLADIGAEAT,0,Inactive,RBF-SVM,stable_correct,boman_index,Boman index,0.7715384615384616,-0.2905167532010781,-0.0004410056850268
569,NPVLQQHFRNLEALAL,0,Inactive,RBF-SVM,stable_correct,length,Length,16.0,-0.12970135211937614,-6.349397744243035e-05
569,NPVLQQHFRNLEALAL,0,Inactive,RBF-SVM,stable_correct,molecular_weight,Molecular weight,1863.1241,-0.06410896805036002,-6.349397744243035e-05
569,NPVLQQHFRNLEALAL,0,Inactive,RBF-SVM,stable_correct,net_charge_pH7_4,Net charge (pH 7.4),-0.4048250485505322,-0.394461861353735,-6.349397744243035e-05
569,NPVLQQHFRNLEALAL,0,Inactive,RBF-SVM,stable_correct,isoelectric_point,Isoelectric point,6.749653053283692,-0.40687582665166766,-6.349397744243035e-05
569,NPVLQQHFRNLEALAL,0,Inactive,RBF-SVM,stable_correct,mean_eisenberg_hydrophobicity,Mean hydrophobicity,0.0724999999999999,0.1417710738752771,-6.349397744243035e-05
569,NPVLQQHFRNLEALAL,0,Inactive,RBF-SVM,stable_correct,hydrophobic_moment,Hydrophobic moment,0.361685385710996,-0.04829956887452752,-6.349397744243035e-05
569,NPVLQQHFRNLEALAL,0,Inactive,RBF-SVM,stable_correct,boman_index,Boman index,1.276875,0.05472691592741708,-6.349397744243035e-05
570,NQDELEGYNLFKGSG,0,Inactive,RBF-SVM,stable_correct,length,Length,15.0,-0.33745307542563363,-0.0005142713480986
570,NQDELEGYNLFKGSG,0,Inactive,RBF-SVM,stable_correct,molecular_weight,Molecular weight,1670.7308000000005,-0.41497919695768026,-0.0005142713480986
570,NQDELEGYNLFKGSG,0,Inactive,RBF-SVM,stable_correct,net_charge_pH7_4,Net charge (pH 7.4),-2.444870311732928,-1.1486649082822686,-0.0005142713480986
570,NQDELEGYNLFKGSG,0,Inactive,RBF-SVM,stable_correct,isoelectric_point,Isoelectric point,4.137389945983887,-1.4335154938544084,-0.0005142713480986
570,NQDELEGYNLFKGSG,0,Inactive,RBF-SVM,stable_correct,mean_eisenberg_hydrophobicity,Mean hydrophobicity,-0.0913333333333333,-0.4933808252706262,-0.0005142713480986
570,NQDELEGYNLFKGSG,0,Inactive,RBF-SVM,stable_correct,hydrophobic_moment,Hydrophobic moment,0.1713134821568069,-1.2035138052149479,-0.0005142713480986
570,NQDELEGYNLFKGSG,0,Inactive,RBF-SVM,stable_correct,boman_index,Boman index,2.307333333333333,0.7587314531158772,-0.0005142713480986
573,NREANLQALIATG,0,Inactive,RBF-SVM,stable_correct,length,Length,13.0,-0.7529565220381487,-9.466794399071166e-05
573,NREANLQALIATG,0,Inactive,RBF-SVM,stable_correct,molecular_weight,Molecular weight,1370.5111,-0.9624938706052942,-9.466794399071166e-05
573,NREANLQALIATG,0,Inactive,RBF-SVM,stable_correct,net_charge_pH7_4,Net charge (pH 7.4),-0.4414514897265791,-0.40800262637089507,-9.466794399071166e-05
573,NREANLQALIATG,0,Inactive,RBF-SVM,stable_correct,isoelectric_point,Isoelectric point,6.0021066665649405,-0.7006673561246863,-9.466794399071166e-05
573,NREANLQALIATG,0,Inactive,RBF-SVM,stable_correct,mean_eisenberg_hydrophobicity,Mean hydrophobicity,0.0184615384615384,-0.06772616807636096,-9.466794399071166e-05
573,NREANLQALIATG,0,Inactive,RBF-SVM,stable_correct,hydrophobic_moment,Hydrophobic moment,0.1254424086067828,-1.4818685214933538,-9.466794399071166e-05
573,NREANLQALIATG,0,Inactive,RBF-SVM,stable_correct,boman_index,Boman index,1.6915384615384603,0.3380231433304485,-9.466794399071166e-05
576,NSNHQMLLVQQAEDKIKELLNT,0,Inactive,RBF-SVM,stable_correct,length,Length,22.0,1.1168089877181688,7.205092517559297e-05
576,NSNHQMLLVQQAEDKIKELLNT,0,Inactive,RBF-SVM,stable_correct,molecular_weight,Molecular weight,2566.8841,1.2193475363903685,7.205092517559297e-05
576,NSNHQMLLVQQAEDKIKELLNT,0,Inactive,RBF-SVM,stable_correct,net_charge_pH7_4,Net charge (pH 7.4),-1.408243870556881,-0.7654249701438197,7.205092517559297e-05
576,NSNHQMLLVQQAEDKIKELLNT,0,Inactive,RBF-SVM,stable_correct,isoelectric_point,Isoelectric point,5.4454256057739245,-0.919447331767839,7.205092517559297e-05
576,NSNHQMLLVQQAEDKIKELLNT,0,Inactive,RBF-SVM,stable_correct,mean_eisenberg_hydrophobicity,Mean hydrophobicity,-0.1245454545454545,-0.622138150982993,7.205092517559297e-05
576,NSNHQMLLVQQAEDKIKELLNT,0,Inactive,RBF-SVM,stable_correct,hydrophobic_moment,Hydrophobic moment,0.2959314193363199,-0.4473075980727714,7.205092517559297e-05
576,NSNHQMLLVQQAEDKIKELLNT,0,Inactive,RBF-SVM,stable_correct,boman_index,Boman index,2.173181818181817,0.667079736319267,7.205092517559297e-05
578,NSREREMFVQEVRRYY,0,Inactive,RBF-SVM,stable_correct,length,Length,16.0,-0.12970135211937614,0.0026691515086049
578,NSREREMFVQEVRRYY,0,Inactive,RBF-SVM,stable_correct,molecular_weight,Molecular weight,2162.3874000000005,0.48166150615305825,0.0026691515086049
578,NSREREMFVQEVRRYY,0,Inactive,RBF-SVM,stable_correct,net_charge_pH7_4,Net charge (pH 7.4),0.5557034921184183,-0.03935525410902575,0.0026691515086049
578,NSREREMFVQEVRRYY,0,Inactive,RBF-SVM,stable_correct,isoelectric_point,Isoelectric point,8.586818122863772,0.31514429848794323,0.0026691515086049
578,NSREREMFVQEVRRYY,0,Inactive,RBF-SVM,stable_correct,mean_eisenberg_hydrophobicity,Mean hydrophobicity,-0.591875,-2.4338894123611,0.0026691515086049
578,NSREREMFVQEVRRYY,0,Inactive,RBF-SVM,stable_correct,hydrophobic_moment,Hydrophobic moment,0.383154531675848,0.08197944077779659,0.0026691515086049
578,NSREREMFVQEVRRYY,0,Inactive,RBF-SVM,stable_correct,boman_index,Boman index,5.16,2.7076605960567517,0.0026691515086049
580,NSVLRAVAEVYA,0,Inactive,RBF-SVM,stable_correct,length,Length,12.0,-0.9607082453444061,0.0010196197172537
580,NSVLRAVAEVYA,0,Inactive,RBF-SVM,stable_correct,molecular_weight,Molecular weight,1291.4524,-1.1066742769194187,0.0010196197172537
580,NSVLRAVAEVYA,0,Inactive,RBF-SVM,stable_correct,net_charge_pH7_4,Net charge (pH 7.4),-0.4439570823938648,-0.4089289419081693,0.0010196197172537
580,NSVLRAVAEVYA,0,Inactive,RBF-SVM,stable_correct,isoelectric_point,Isoelectric point,6.00136775970459,-0.7009577522532708,0.0010196197172537
580,NSVLRAVAEVYA,0,Inactive,RBF-SVM,stable_correct,mean_eisenberg_hydrophobicity,Mean hydrophobicity,0.1933333333333333,0.6102198296034363,0.0010196197172537
580,NSVLRAVAEVYA,0,Inactive,RBF-SVM,stable_correct,hydrophobic_moment,Hydrophobic moment,0.5217633345470923,0.9230849787774501,0.0010196197172537
580,NSVLRAVAEVYA,0,Inactive,RBF-SVM,stable_correct,boman_index,Boman index,0.7866666666666666,-0.280181230933698,0.0010196197172537
581,NTDTLERVTEIFKALG,0,Inactive,RBF-SVM,stable_correct,length,Length,16.0,-0.12970135211937614,-0.0004899692557074
581,NTDTLERVTEIFKALG,0,Inactive,RBF-SVM,stable_correct,molecular_weight,Molecular weight,1807.0098000000005,-0.16644536586657252,-0.0004899692557074
581,NTDTLERVTEIFKALG,0,Inactive,RBF-SVM,stable_correct,net_charge_pH7_4,Net charge (pH 7.4),-1.4423898372990154,-0.778048705813814,-0.0004899692557074
581,NTDTLERVTEIFKALG,0,Inactive,RBF-SVM,stable_correct,isoelectric_point,Isoelectric point,4.679122352600097,-1.2206104552741672,-0.0004899692557074
581,NTDTLERVTEIFKALG,0,Inactive,RBF-SVM,stable_correct,mean_eisenberg_hydrophobicity,Mean hydrophobicity,-0.0193749999999999,-0.2144115145318223,-0.0004899692557074
581,NTDTLERVTEIFKALG,0,Inactive,RBF-SVM,stable_correct,hydrophobic_moment,Hydrophobic moment,0.4521742407256637,0.5008046402627881,-0.0004899692557074
581,NTDTLERVTEIFKALG,0,Inactive,RBF-SVM,stable_correct,boman_index,Boman index,2.039375,0.575663514954906,-0.0004899692557074
600,PEKEAVTLGIKALKSSL,0,Inactive,RBF-SVM,stable_correct,length,Length,17.0,0.07805037118688135,0.0070475814573253
600,PEKEAVTLGIKALKSSL,0,Inactive,RBF-SVM,stable_correct,molecular_weight,Molecular weight,1784.1023999999998,-0.20822189697067972,0.0070475814573253
600,PEKEAVTLGIKALKSSL,0,Inactive,RBF-SVM,stable_correct,net_charge_pH7_4,Net charge (pH 7.4),0.896052806804156,0.0864716061026888,0.0070475814573253
600,PEKEAVTLGIKALKSSL,0,Inactive,RBF-SVM,stable_correct,isoelectric_point,Isoelectric point,8.903615760803223,0.43964822792595376,0.0070475814573253
600,PEKEAVTLGIKALKSSL,0,Inactive,RBF-SVM,stable_correct,mean_eisenberg_hydrophobicity,Mean hydrophobicity,0.0735294117647059,0.14576191520196774,0.0070475814573253
600,PEKEAVTLGIKALKSSL,0,Inactive,RBF-SVM,stable_correct,hydrophobic_moment,Hydrophobic moment,0.3306973505163492,-0.23634107470988938,0.0070475814573253
600,PEKEAVTLGIKALKSSL,0,Inactive,RBF-SVM,stable_correct,boman_index,Boman index,0.6682352941176471,-0.3610930164207062,0.0070475814573253
602,PEYEHLYTELTGTIVLLIES,0,Inactive,RBF-SVM,stable_correct,length,Length,20.0,0.7013055411056538,0.0006828760571097
602,PEYEHLYTELTGTIVLLIES,0,Inactive,RBF-SVM,stable_correct,molecular_weight,Molecular weight,2320.5891000000006,0.7701760578163821,0.0006828760571097
602,PEYEHLYTELTGTIVLLIES,0,Inactive,RBF-SVM,stable_correct,net_charge_pH7_4,Net charge (pH 7.4),-4.062573637472822,-1.7467284901638664,0.0006828760571097
602,PEYEHLYTELTGTIVLLIES,0,Inactive,RBF-SVM,stable_correct,isoelectric_point,Isoelectric point,4.088167381286621,-1.4528603436509135,0.0006828760571097
602,PEYEHLYTELTGTIVLLIES,0,Inactive,RBF-SVM,stable_correct,mean_eisenberg_hydrophobicity,Mean hydrophobicity,0.2865,0.9714099736752169,0.0006828760571097
602,PEYEHLYTELTGTIVLLIES,0,Inactive,RBF-SVM,stable_correct,hydrophobic_moment,Hydrophobic moment,0.236531283201438,-0.8077593329268175,0.0006828760571097
602,PEYEHLYTELTGTIVLLIES,0,Inactive,RBF-SVM,stable_correct,boman_index,Boman index,0.4394999999999998,-0.517363949135722,0.0006828760571097
608,PIKFIRKA,0,Inactive,RBF-SVM,stable_correct,length,Length,8.0,-1.791715138569436,-0.0048271284819082
608,PIKFIRKA,0,Inactive,RBF-SVM,stable_correct,molecular_weight,Molecular weight,972.2277,-1.6888486227093755,-0.0048271284819082
608,PIKFIRKA,0,Inactive,RBF-SVM,stable_correct,net_charge_pH7_4,Net charge (pH 7.4),2.89629175935838,0.8259582929069783,-0.0048271284819082
608,PIKFIRKA,0,Inactive,RBF-SVM,stable_correct,isoelectric_point,Isoelectric point,11.16877689361572,1.3298741263252112,-0.0048271284819082
608,PIKFIRKA,0,Inactive,RBF-SVM,stable_correct,mean_eisenberg_hydrophobicity,Mean hydrophobicity,-0.095,-0.5075958219961705,-0.0048271284819082
608,PIKFIRKA,0,Inactive,RBF-SVM,stable_correct,hydrophobic_moment,Hydrophobic moment,0.7909744075127042,2.556710835661472,-0.0048271284819082
608,PIKFIRKA,0,Inactive,RBF-SVM,stable_correct,boman_index,Boman index,1.4237499999999998,0.15507126082205624,-0.0048271284819082
614,PNDMSRIFNIVKESL,0,Inactive,RBF-SVM,stable_correct,length,Length,15.0,-0.33745307542563363,0.0011141471780222
614,PNDMSRIFNIVKESL,0,Inactive,RBF-SVM,stable_correct,molecular_weight,Molecular weight,1763.0232999999998,-0.24666413296413836,0.0011141471780222
614,PNDMSRIFNIVKESL,0,Inactive,RBF-SVM,stable_correct,net_charge_pH7_4,Net charge (pH 7.4),-0.0996354028794854,-0.28163350170396984,0.0011141471780222
614,PNDMSRIFNIVKESL,0,Inactive,RBF-SVM,stable_correct,isoelectric_point,Isoelectric point,6.492854499816894,-0.5077996504168061,0.0011141471780222
614,PNDMSRIFNIVKESL,0,Inactive,RBF-SVM,stable_correct,mean_eisenberg_hydrophobicity,Mean hydrophobicity,-0.04,-0.29437087111300847,0.0011141471780222
614,PNDMSRIFNIVKESL,0,Inactive,RBF-SVM,stable_correct,hydrophobic_moment,Hydrophobic moment,0.5507600388704277,1.0990426963601596,0.0011141471780222
614,PNDMSRIFNIVKESL,0,Inactive,RBF-SVM,stable_correct,boman_index,Boman index,2.13,0.6375781107409598,0.0011141471780222
615,PNGPTHAPWLLAHKIQ,0,Inactive,RBF-SVM,stable_correct,length,Length,16.0,-0.12970135211937614,0.0050298129093231
615,PNGPTHAPWLLAHKIQ,0,Inactive,RBF-SVM,stable_correct,molecular_weight,Molecular weight,1780.0373000000004,-0.21563547409384837,0.0050298129093231
615,PNGPTHAPWLLAHKIQ,0,Inactive,RBF-SVM,stable_correct,net_charge_pH7_4,Net charge (pH 7.4),0.9720753526111328,0.1145770784261034,0.0050298129093231
615,PNGPTHAPWLLAHKIQ,0,Inactive,RBF-SVM,stable_correct,isoelectric_point,Isoelectric point,9.182377052307132,0.5492035781274117,0.0050298129093231
615,PNGPTHAPWLLAHKIQ,0,Inactive,RBF-SVM,stable_correct,mean_eisenberg_hydrophobicity,Mean hydrophobicity,0.156875,0.4688775326164919,0.0050298129093231
615,PNGPTHAPWLLAHKIQ,0,Inactive,RBF-SVM,stable_correct,hydrophobic_moment,Hydrophobic moment,0.2166905900937312,-0.9281565696459424,0.0050298129093231
615,PNGPTHAPWLLAHKIQ,0,Inactive,RBF-SVM,stable_correct,boman_index,Boman index,0.498125,-0.47731161062032973,0.0050298129093231
626,PSVVANTVKGG,0,Inactive,RBF-SVM,stable_correct,length,Length,11.0,-1.1684599686506636,-0.0009293323202325
626,PSVVANTVKGG,0,Inactive,RBF-SVM,stable_correct,molecular_weight,Molecular weight,1028.1600999999998,-1.5868439583508152,-0.0009293323202325
626,PSVVANTVKGG,0,Inactive,RBF-SVM,stable_correct,net_charge_pH7_4,Net charge (pH 7.4),0.8988224702590388,0.08749554839178322,-0.0009293323202325
626,PSVVANTVKGG,0,Inactive,RBF-SVM,stable_correct,isoelectric_point,Isoelectric point,9.179991722106934,0.5482661248532538,-0.0009293323202325
626,PSVVANTVKGG,0,Inactive,RBF-SVM,stable_correct,mean_eisenberg_hydrophobicity,Mean hydrophobicity,0.2263636363636363,0.7382722794451148,-0.0009293323202325
626,PSVVANTVKGG,0,Inactive,RBF-SVM,stable_correct,hydrophobic_moment,Hydrophobic moment,0.3687074397652358,-0.005688360705877279,-0.0009293323202325
626,PSVVANTVKGG,0,Inactive,RBF-SVM,stable_correct,boman_index,Boman index,0.2136363636363635,-0.6716729780816291,-0.0009293323202325
634,QASTGSLLNILR,0,Inactive,RBF-SVM,stable_correct,length,Length,12.0,-0.9607082453444061,8.859233274161049e-05
634,QASTGSLLNILR,0,Inactive,RBF-SVM,stable_correct,molecular_weight,Molecular weight,1272.4509,-1.1413275660650513,8.859233274161049e-05
634,QASTGSLLNILR,0,Inactive,RBF-SVM,stable_correct,net_charge_pH7_4,Net charge (pH 7.4),0.5574277493335762,-0.03871779764233346,8.859233274161049e-05
634,QASTGSLLNILR,0,Inactive,RBF-SVM,stable_correct,isoelectric_point,Isoelectric point,9.750021171569824,0.7722921208017465,8.859233274161049e-05
634,QASTGSLLNILR,0,Inactive,RBF-SVM,stable_correct,mean_eisenberg_hydrophobicity,Mean hydrophobicity,0.105,0.2677676357607823,8.859233274161049e-05
634,QASTGSLLNILR,0,Inactive,RBF-SVM,stable_correct,hydrophobic_moment,Hydrophobic moment,0.3922364482356137,0.1370903006642753,8.859233274161049e-05
634,QASTGSLLNILR,0,Inactive,RBF-SVM,stable_correct,boman_index,Boman index,1.1700000000000002,-0.01828960737889476,8.859233274161049e-05
641,QGLAEKIFWSLK,0,Inactive,RBF-SVM,stable_correct,length,Length,12.0,-0.9607082453444061,0.0100539899299327
641,QGLAEKIFWSLK,0,Inactive,RBF-SVM,stable_correct,molecular_weight,Molecular weight,1419.6661,-0.8728492410784897,0.0100539899299327
641,QGLAEKIFWSLK,0,Inactive,RBF-SVM,stable_correct,net_charge_pH7_4,Net charge (pH 7.4),0.5535624431722228,-0.04014679813404643,0.0100539899299327
641,QGLAEKIFWSLK,0,Inactive,RBF-SVM,stable_correct,isoelectric_point,Isoelectric point,8.591073036193851,0.31681651243643966,0.0100539899299327
641,QGLAEKIFWSLK,0,Inactive,RBF-SVM,stable_correct,mean_eisenberg_hydrophobicity,Mean hydrophobicity,0.1616666666666666,0.48745394879191867,0.0100539899299327
641,QGLAEKIFWSLK,0,Inactive,RBF-SVM,stable_correct,hydrophobic_moment,Hydrophobic moment,0.3809026807271976,0.06831476534286726,0.0100539899299327
641,QGLAEKIFWSLK,0,Inactive,RBF-SVM,stable_correct,boman_index,Boman index,0.3358333333333334,-0.5881885534188034,0.0100539899299327
647,QLLRGVGAAATAVTQALNELLQHVKA,0,Inactive,RBF-SVM,stable_correct,length,Length,26.0,1.947815880943199,0.0325390176741882
647,QLLRGVGAAATAVTQALNELLQHVKA,0,Inactive,RBF-SVM,stable_correct,molecular_weight,Molecular weight,2673.0756,1.4130103921811459,0.0325390176741882
647,QLLRGVGAAATAVTQALNELLQHVKA,0,Inactive,RBF-SVM,stable_correct,net_charge_pH7_4,Net charge (pH 7.4),0.5926693587821821,-0.02568900376972047,0.0325390176741882
647,QLLRGVGAAATAVTQALNELLQHVKA,0,Inactive,RBF-SVM,stable_correct,isoelectric_point,Isoelectric point,8.755016136169434,0.38124742260348415,0.0325390176741882
647,QLLRGVGAAATAVTQALNELLQHVKA,0,Inactive,RBF-SVM,stable_correct,mean_eisenberg_hydrophobicity,Mean hydrophobicity,0.1888461538461538,0.5928238545896585,0.0325390176741882
647,QLLRGVGAAATAVTQALNELLQHVKA,0,Inactive,RBF-SVM,stable_correct,hydrophobic_moment,Hydrophobic moment,0.4874986903294202,0.715160363514426,0.0325390176741882
647,QLLRGVGAAATAVTQALNELLQHVKA,0,Inactive,RBF-SVM,stable_correct,boman_index,Boman index,0.4184615384615384,-0.531737332221121,0.0325390176741882
657,RAAAIEQLKIWGERVG,0,Inactive,RBF-SVM,stable_correct,length,Length,16.0,-0.12970135211937614,2.03590025904532e-05
657,RAAAIEQLKIWGERVG,0,Inactive,RBF-SVM,stable_correct,molecular_weight,Molecular weight,1797.0662000000002,-0.18457964189470313,2.03590025904532e-05
657,RAAAIEQLKIWGERVG,0,Inactive,RBF-SVM,stable_correct,net_charge_pH7_4,Net charge (pH 7.4),0.5571385603126058,-0.038824710584261984,2.03590025904532e-05
657,RAAAIEQLKIWGERVG,0,Inactive,RBF-SVM,stable_correct,isoelectric_point,Isoelectric point,8.74566822052002,0.37757361923178867,2.03590025904532e-05
657,RAAAIEQLKIWGERVG,0,Inactive,RBF-SVM,stable_correct,mean_eisenberg_hydrophobicity,Mean hydrophobicity,-0.0124999999999999,-0.18775839567142708,2.03590025904532e-05
657,RAAAIEQLKIWGERVG,0,Inactive,RBF-SVM,stable_correct,hydrophobic_moment,Hydrophobic moment,0.1648674682384478,-1.2426294882916644,2.03590025904532e-05
657,RAAAIEQLKIWGERVG,0,Inactive,RBF-SVM,stable_correct,boman_index,Boman index,1.6318749999999995,0.2972613325238214,2.03590025904532e-05
663,RFLIRVYHPLLLKVL,0,Inactive,RBF-SVM,stable_correct,length,Length,15.0,-0.33745307542563363,0.0262204779070001
663,RFLIRVYHPLLLKVL,0,Inactive,RBF-SVM,stable_correct,molecular_weight,Molecular weight,1880.3681,-0.032660855110471704,0.0262204779070001
663,RFLIRVYHPLLLKVL,0,Inactive,RBF-SVM,stable_correct,net_charge_pH7_4,Net charge (pH 7.4),2.589017886941678,0.7123593963527471,0.0262204779070001
663,RFLIRVYHPLLLKVL,0,Inactive,RBF-SVM,stable_correct,isoelectric_point,Isoelectric point,11.00044994354248,1.263720329059716,0.0262204779070001
663,RFLIRVYHPLLLKVL,0,Inactive,RBF-SVM,stable_correct,mean_eisenberg_hydrophobicity,Mean hydrophobicity,0.252,0.8376597772121426,0.0262204779070001
663,RFLIRVYHPLLLKVL,0,Inactive,RBF-SVM,stable_correct,hydrophobic_moment,Hydrophobic moment,0.4776500638691371,0.655396956819911,0.0262204779070001
663,RFLIRVYHPLLLKVL,0,Inactive,RBF-SVM,stable_correct,boman_index,Boman index,-0.0259999999999999,-0.8353914728698805,0.0262204779070001
671,RIENGLRKRLQSIYRHLEE,0,Inactive,RBF-SVM,stable_correct,length,Length,19.0,0.49355381779939633,0.0030756715487181
671,RIENGLRKRLQSIYRHLEE,0,Inactive,RBF-SVM,stable_correct,molecular_weight,Molecular weight,2410.7333,0.9345732384285297,0.0030756715487181
671,RIENGLRKRLQSIYRHLEE,0,Inactive,RBF-SVM,stable_correct,net_charge_pH7_4,Net charge (pH 7.4),1.5944224199511612,0.34465827461617093,0.0030756715487181
671,RIENGLRKRLQSIYRHLEE,0,Inactive,RBF-SVM,stable_correct,isoelectric_point,Isoelectric point,9.970825386047364,0.8590698900986922,0.0030756715487181
671,RIENGLRKRLQSIYRHLEE,0,Inactive,RBF-SVM,stable_correct,mean_eisenberg_hydrophobicity,Mean hydrophobicity,-0.478421052631579,-1.9940491877223288,0.0030756715487181
671,RIENGLRKRLQSIYRHLEE,0,Inactive,RBF-SVM,stable_correct,hydrophobic_moment,Hydrophobic moment,0.6478311863857231,1.6880895538742484,0.0030756715487181
671,RIENGLRKRLQSIYRHLEE,0,Inactive,RBF-SVM,stable_correct,boman_index,Boman index,4.2368421052631575,2.0769632399261453,0.0030756715487181
675,RKQSLEQDLQFYYG,0,Inactive,RBF-SVM,stable_correct,length,Length,14.0,-0.5452047987318911,0.0026736397973906
675,RKQSLEQDLQFYYG,0,Inactive,RBF-SVM,stable_correct,molecular_weight,Molecular weight,1774.9263000000003,-0.22495647300568863,0.0026736397973906
675,RKQSLEQDLQFYYG,0,Inactive,RBF-SVM,stable_correct,net_charge_pH7_4,Net charge (pH 7.4),-0.4485217835734314,-0.4106165081598009,0.0026736397973906
675,RKQSLEQDLQFYYG,0,Inactive,RBF-SVM,stable_correct,isoelectric_point,Isoelectric point,6.068267250061035,-0.6746657335344647,0.0026736397973906
675,RKQSLEQDLQFYYG,0,Inactive,RBF-SVM,stable_correct,mean_eisenberg_hydrophobicity,Mean hydrophobicity,-0.2835714285714286,-1.238652796452726,0.0026736397973906
675,RKQSLEQDLQFYYG,0,Inactive,RBF-SVM,stable_correct,hydrophobic_moment,Hydrophobic moment,0.0341946997768989,-2.0355776051645287,0.0026736397973906
675,RKQSLEQDLQFYYG,0,Inactive,RBF-SVM,stable_correct,boman_index,Boman index,3.0385714285714287,1.258310058247251,0.0026736397973906
679,RLLGKWSAILKNVRFFFFWL,0,Inactive,RBF-SVM,stable_correct,length,Length,20.0,0.7013055411056538,0.0517781794157166
679,RLLGKWSAILKNVRFFFFWL,0,Inactive,RBF-SVM,stable_correct,molecular_weight,Molecular weight,2542.0744,1.1741017553880049,0.0517781794157166
679,RLLGKWSAILKNVRFFFFWL,0,Inactive,RBF-SVM,stable_correct,net_charge_pH7_4,Net charge (pH 7.4),3.552391445765631,1.068517804456876,0.0517781794157166
679,RLLGKWSAILKNVRFFFFWL,0,Inactive,RBF-SVM,stable_correct,isoelectric_point,Isoelectric point,11.999967765808105,1.6565385875063838,0.0517781794157166
679,RLLGKWSAILKNVRFFFFWL,0,Inactive,RBF-SVM,stable_correct,mean_eisenberg_hydrophobicity,Mean hydrophobicity,0.2729999999999999,0.9190729402766223,0.0517781794157166
679,RLLGKWSAILKNVRFFFFWL,0,Inactive,RBF-SVM,stable_correct,hydrophobic_moment,Hydrophobic moment,0.3487848324892858,-0.12658266874459206,0.0517781794157166
679,RLLGKWSAILKNVRFFFFWL,0,Inactive,RBF-SVM,stable_correct,boman_index,Boman index,0.1504999999999999,-0.7148074601113866,0.0517781794157166
694,SAAWAEWQKAR,0,Inactive,RBF-SVM,stable_correct,length,Length,11.0,-1.1684599686506636,0.0013438619129704
694,SAAWAEWQKAR,0,Inactive,RBF-SVM,stable_correct,molecular_weight,Molecular weight,1303.4252,-1.084839321769413,0.0013438619129704
694,SAAWAEWQKAR,0,Inactive,RBF-SVM,stable_correct,net_charge_pH7_4,Net charge (pH 7.4),0.2518183624148991,-0.1517013352842724,0.0013438619129704
694,SAAWAEWQKAR,0,Inactive,RBF-SVM,stable_correct,isoelectric_point,Isoelectric point,8.463554573059085,0.2667007671315175,0.0013438619129704
694,SAAWAEWQKAR,0,Inactive,RBF-SVM,stable_correct,mean_eisenberg_hydrophobicity,Mean hydrophobicity,-0.1518181818181818,-0.7278695315862138,0.0013438619129704
694,SAAWAEWQKAR,0,Inactive,RBF-SVM,stable_correct,hydrophobic_moment,Hydrophobic moment,0.1774041001866899,-1.1665547344441412,0.0013438619129704
694,SAAWAEWQKAR,0,Inactive,RBF-SVM,stable_correct,boman_index,Boman index,2.210909090909091,0.6928548407718946,0.0013438619129704
701,SDIFNKNMRAHALEK,0,Inactive,RBF-SVM,stable_correct,length,Length,15.0,-0.33745307542563363,3.3194377559997434e-05
701,SDIFNKNMRAHALEK,0,Inactive,RBF-SVM,stable_correct,molecular_weight,Molecular weight,1774.0096,-0.22662827103004507,3.3194377559997434e-05
701,SDIFNKNMRAHALEK,0,Inactive,RBF-SVM,stable_correct,net_charge_pH7_4,Net charge (pH 7.4),0.2863856950786649,-0.13892182098146966,3.3194377559997434e-05
701,SDIFNKNMRAHALEK,0,Inactive,RBF-SVM,stable_correct,isoelectric_point,Isoelectric point,8.334488868713382,0.21597694402714288,3.3194377559997434e-05
701,SDIFNKNMRAHALEK,0,Inactive,RBF-SVM,stable_correct,mean_eisenberg_hydrophobicity,Mean hydrophobicity,-0.2466666666666666,-1.0955797774618594,3.3194377559997434e-05
701,SDIFNKNMRAHALEK,0,Inactive,RBF-SVM,stable_correct,hydrophobic_moment,Hydrophobic moment,0.2003620100740218,-1.0272416118492564,3.3194377559997434e-05
701,SDIFNKNMRAHALEK,0,Inactive,RBF-SVM,stable_correct,boman_index,Boman index,2.9399999999999995,1.190966497904587,3.3194377559997434e-05
704,SDWYLKGRLTSLESQFINALGILET,0,Inactive,RBF-SVM,stable_correct,length,Length,25.0,1.7400641576369413,0.0009202331391983
704,SDWYLKGRLTSLESQFINALGILET,0,Inactive,RBF-SVM,stable_correct,molecular_weight,Molecular weight,2855.2008000000005,1.7451545500795331,0.0009202331391983
704,SDWYLKGRLTSLESQFINALGILET,0,Inactive,RBF-SVM,stable_correct,net_charge_pH7_4,Net charge (pH 7.4),-1.7491199851575372,-0.8914465878484802,0.0009202331391983
704,SDWYLKGRLTSLESQFINALGILET,0,Inactive,RBF-SVM,stable_correct,isoelectric_point,Isoelectric point,4.676564598083496,-1.221615672642346,0.0009202331391983
704,SDWYLKGRLTSLESQFINALGILET,0,Inactive,RBF-SVM,stable_correct,mean_eisenberg_hydrophobicity,Mean hydrophobicity,0.14,0.4034562408682491,0.0009202331391983
704,SDWYLKGRLTSLESQFINALGILET,0,Inactive,RBF-SVM,stable_correct,hydrophobic_moment,Hydrophobic moment,0.1219790650225701,-1.502884773046892,0.0009202331391983
704,SDWYLKGRLTSLESQFINALGILET,0,Inactive,RBF-SVM,stable_correct,boman_index,Boman index,1.0812,-0.07895737130498147,0.0009202331391983
705,SEAAKAYMKGLEYQMSGNEQWSKT,0,Inactive,RBF-SVM,stable_correct,length,Length,24.0,1.5323124343306838,-0.0014656404896166
705,SEAAKAYMKGLEYQMSGNEQWSKT,0,Inactive,RBF-SVM,stable_correct,molecular_weight,Molecular weight,2738.0132000000003,1.5314379599638708,-0.0014656404896166
705,SEAAKAYMKGLEYQMSGNEQWSKT,0,Inactive,RBF-SVM,stable_correct,net_charge_pH7_4,Net charge (pH 7.4),-0.7559373681411814,-0.5242677955790956,-0.0014656404896166
705,SEAAKAYMKGLEYQMSGNEQWSKT,0,Inactive,RBF-SVM,stable_correct,isoelectric_point,Isoelectric point,5.951690483093262,-0.7204813073596741,-0.0014656404896166
705,SEAAKAYMKGLEYQMSGNEQWSKT,0,Inactive,RBF-SVM,stable_correct,mean_eisenberg_hydrophobicity,Mean hydrophobicity,-0.1358333333333333,-0.6658991946215482,-0.0014656404896166
705,SEAAKAYMKGLEYQMSGNEQWSKT,0,Inactive,RBF-SVM,stable_correct,hydrophobic_moment,Hydrophobic moment,0.3207305214098901,-0.296821758361173,-0.0014656404896166
705,SEAAKAYMKGLEYQMSGNEQWSKT,0,Inactive,RBF-SVM,stable_correct,boman_index,Boman index,2.0245833333333327,0.5655579142633886,-0.0014656404896166
708,SEERIRSGVKRLSKSRQ,0,Inactive,RBF-SVM,stable_correct,length,Length,17.0,0.07805037118688135,0.0085533998168372
708,SEERIRSGVKRLSKSRQ,0,Inactive,RBF-SVM,stable_correct,molecular_weight,Molecular weight,2016.2666,0.21517905305245075,0.0085533998168372
708,SEERIRSGVKRLSKSRQ,0,Inactive,RBF-SVM,stable_correct,net_charge_pH7_4,Net charge (pH 7.4),3.250358175987337,0.9568563543647213,0.0085533998168372
708,SEERIRSGVKRLSKSRQ,0,Inactive,RBF-SVM,stable_correct,isoelectric_point,Isoelectric point,11.553846549987792,1.481209488664089,0.0085533998168372
708,SEERIRSGVKRLSKSRQ,0,Inactive,RBF-SVM,stable_correct,mean_eisenberg_hydrophobicity,Mean hydrophobicity,-0.7041176470588235,-2.8690336470177136,0.0085533998168372
708,SEERIRSGVKRLSKSRQ,0,Inactive,RBF-SVM,stable_correct,hydrophobic_moment,Hydrophobic moment,0.3976120195484663,0.16971032700814614,0.0085533998168372
708,SEERIRSGVKRLSKSRQ,0,Inactive,RBF-SVM,stable_correct,boman_index,Boman index,5.2188235294117655,2.747848568980763,0.0085533998168372
713,SESKLIEQAFR,0,Inactive,RBF-SVM,stable_correct,length,Length,11.0,-1.1684599686506636,0.0018020845320586
713,SESKLIEQAFR,0,Inactive,RBF-SVM,stable_correct,molecular_weight,Molecular weight,1307.4520000000002,-1.0774955928673977,0.0018020845320586
713,SESKLIEQAFR,0,Inactive,RBF-SVM,stable_correct,net_charge_pH7_4,Net charge (pH 7.4),-0.7470608766452567,-0.5209861640128342,0.0018020845320586
713,SESKLIEQAFR,0,Inactive,RBF-SVM,stable_correct,isoelectric_point,Isoelectric point,5.86364688873291,-0.755083122988758,0.0018020845320586
713,SESKLIEQAFR,0,Inactive,RBF-SVM,stable_correct,mean_eisenberg_hydrophobicity,Mean hydrophobicity,-0.2154545454545453,-0.9745760863270618,0.0018020845320586
713,SESKLIEQAFR,0,Inactive,RBF-SVM,stable_correct,hydrophobic_moment,Hydrophobic moment,0.6226606878207411,1.5353500070441328,0.0018020845320586
713,SESKLIEQAFR,0,Inactive,RBF-SVM,stable_correct,boman_index,Boman index,2.8909090909090907,1.1574278077734583,0.0018020845320586
720,SGRFWKLYIEAEIKA,0,Inactive,RBF-SVM,stable_correct,length,Length,15.0,-0.33745307542563363,-5.4587042526255125e-05
720,SGRFWKLYIEAEIKA,0,Inactive,RBF-SVM,stable_correct,molecular_weight,Molecular weight,1811.0877,-0.15900844521257362,-5.4587042526255125e-05
720,SGRFWKLYIEAEIKA,0,Inactive,RBF-SVM,stable_correct,net_charge_pH7_4,Net charge (pH 7.4),0.247927938020172,-0.1531396219660939,-5.4587042526255125e-05
720,SGRFWKLYIEAEIKA,0,Inactive,RBF-SVM,stable_correct,isoelectric_point,Isoelectric point,8.219993019104006,0.17097918686761693,-5.4587042526255125e-05
720,SGRFWKLYIEAEIKA,0,Inactive,RBF-SVM,stable_correct,mean_eisenberg_hydrophobicity,Mean hydrophobicity,0.0486666666666666,0.049373595159240356,-5.4587042526255125e-05
720,SGRFWKLYIEAEIKA,0,Inactive,RBF-SVM,stable_correct,hydrophobic_moment,Hydrophobic moment,0.3718684725053764,0.01349340905516928,-5.4587042526255125e-05
720,SGRFWKLYIEAEIKA,0,Inactive,RBF-SVM,stable_correct,boman_index,Boman index,1.2366666666666666,0.027256761934983883,-5.4587042526255125e-05
723,SIDEKYEAEVKKSEIDHHK,0,Inactive,RBF-SVM,stable_correct,length,Length,19.0,0.49355381779939633,0.0005274719996044
723,SIDEKYEAEVKKSEIDHHK,0,Inactive,RBF-SVM,stable_correct,molecular_weight,Molecular weight,2285.4658,0.7061212268478363,0.0005274719996044
723,SIDEKYEAEVKKSEIDHHK,0,Inactive,RBF-SVM,stable_correct,net_charge_pH7_4,Net charge (pH 7.4),-2.680670756539233,-1.235840137748792,0.0005274719996044
723,SIDEKYEAEVKKSEIDHHK,0,Inactive,RBF-SVM,stable_correct,isoelectric_point,Isoelectric point,5.430874824523924,-0.9251659016845889,0.0005274719996044
723,SIDEKYEAEVKKSEIDHHK,0,Inactive,RBF-SVM,stable_correct,mean_eisenberg_hydrophobicity,Mean hydrophobicity,-0.3757894736842106,-1.5961653080838927,0.0005274719996044
723,SIDEKYEAEVKKSEIDHHK,0,Inactive,RBF-SVM,stable_correct,hydrophobic_moment,Hydrophobic moment,0.168866082264095,-1.2183651101884994,0.0005274719996044
723,SIDEKYEAEVKKSEIDHHK,0,Inactive,RBF-SVM,stable_correct,boman_index,Boman index,3.5499999999999994,1.607715777126578,0.0005274719996044
724,SIERLLEMESL,0,Inactive,RBF-SVM,stable_correct,length,Length,11.0,-1.1684599686506636,0.0014867465515987
724,SIERLLEMESL,0,Inactive,RBF-SVM,stable_correct,molecular_weight,Molecular weight,1319.524,-1.0554797253534611,0.0014867465515987
724,SIERLLEMESL,0,Inactive,RBF-SVM,stable_correct,net_charge_pH7_4,Net charge (pH 7.4),-2.7434345230381263,-1.2590438503254104,0.0014867465515987
724,SIERLLEMESL,0,Inactive,RBF-SVM,stable_correct,isoelectric_point,Isoelectric point,4.251863670349121,-1.3885264320874788,0.0014867465515987
724,SIERLLEMESL,0,Inactive,RBF-SVM,stable_correct,mean_eisenberg_hydrophobicity,Mean hydrophobicity,0.0236363636363636,-0.04766431637215998,0.0014867465515987
724,SIERLLEMESL,0,Inactive,RBF-SVM,stable_correct,hydrophobic_moment,Hydrophobic moment,0.3480212888123008,-0.13121600228411676,0.0014867465515987
724,SIERLLEMESL,0,Inactive,RBF-SVM,stable_correct,boman_index,Boman index,1.8290909090909089,0.431998361974225,0.0014867465515987
728,SKDLAQTSYFMATNSLHLT,0,Inactive,RBF-SVM,stable_correct,length,Length,19.0,0.49355381779939633,-0.0016581336764281
728,SKDLAQTSYFMATNSLHLT,0,Inactive,RBF-SVM,stable_correct,molecular_weight,Molecular weight,2128.3613,0.419607653467837,-0.0016581336764281
728,SKDLAQTSYFMATNSLHLT,0,Inactive,RBF-SVM,stable_correct,net_charge_pH7_4,Net charge (pH 7.4),-0.7147099476278063,-0.5090260523053772,-0.0016581336764281
728,SKDLAQTSYFMATNSLHLT,0,Inactive,RBF-SVM,stable_correct,isoelectric_point,Isoelectric point,6.460228919982909,-0.5206217564020185,-0.0016581336764281
728,SKDLAQTSYFMATNSLHLT,0,Inactive,RBF-SVM,stable_correct,mean_eisenberg_hydrophobicity,Mean hydrophobicity,0.08,0.17084720354116323,-0.0016581336764281
728,SKDLAQTSYFMATNSLHLT,0,Inactive,RBF-SVM,stable_correct,hydrophobic_moment,Hydrophobic moment,0.1977067052457943,-1.043354524953152,-0.0016581336764281
728,SKDLAQTSYFMATNSLHLT,0,Inactive,RBF-SVM,stable_correct,boman_index,Boman index,1.339473684210526,0.0974940577716494,-0.0016581336764281
730,SKEDVERVKLRINLARNWVKKY,0,Inactive,RBF-SVM,stable_correct,length,Length,22.0,1.1168089877181688,-0.001119847116184
730,SKEDVERVKLRINLARNWVKKY,0,Inactive,RBF-SVM,stable_correct,molecular_weight,Molecular weight,2745.1863000000003,1.5445196381666726,-0.001119847116184
730,SKEDVERVKLRINLARNWVKKY,0,Inactive,RBF-SVM,stable_correct,net_charge_pH7_4,Net charge (pH 7.4),3.2433130003738584,0.9542517587659242,-0.001119847116184
730,SKEDVERVKLRINLARNWVKKY,0,Inactive,RBF-SVM,stable_correct,isoelectric_point,Isoelectric point,10.160878181457516,0.9337621131315061,-0.001119847116184
730,SKEDVERVKLRINLARNWVKKY,0,Inactive,RBF-SVM,stable_correct,mean_eisenberg_hydrophobicity,Mean hydrophobicity,-0.4104545454545454,-1.7305554576400912,-0.001119847116184
730,SKEDVERVKLRINLARNWVKKY,0,Inactive,RBF-SVM,stable_correct,hydrophobic_moment,Hydrophobic moment,0.3004274041904538,-0.4200250757420118,-0.001119847116184
730,SKEDVERVKLRINLARNWVKKY,0,Inactive,RBF-SVM,stable_correct,boman_index,Boman index,3.413636363636364,1.514552748984554,-0.001119847116184
735,SKYRLTVVVAKRAQQLLRH,0,Inactive,RBF-SVM,stable_correct,length,Length,19.0,0.49355381779939633,0.007835703841617
735,SKYRLTVVVAKRAQQLLRH,0,Inactive,RBF-SVM,stable_correct,molecular_weight,Molecular weight,2266.6907,0.6718808264037575,0.007835703841617
735,SKYRLTVVVAKRAQQLLRH,0,Inactive,RBF-SVM,stable_correct,net_charge_pH7_4,Net charge (pH 7.4),4.282262620849783,1.3383505743705504,0.007835703841617
735,SKYRLTVVVAKRAQQLLRH,0,Inactive,RBF-SVM,stable_correct,isoelectric_point,Isoelectric point,11.733906745910645,1.5519745425754374,0.007835703841617
735,SKYRLTVVVAKRAQQLLRH,0,Inactive,RBF-SVM,stable_correct,mean_eisenberg_hydrophobicity,Mean hydrophobicity,-0.2489473684210526,-1.1044216414538248,0.007835703841617
735,SKYRLTVVVAKRAQQLLRH,0,Inactive,RBF-SVM,stable_correct,hydrophobic_moment,Hydrophobic moment,0.4236826042240079,0.32791177377957703,0.007835703841617
735,SKYRLTVVVAKRAQQLLRH,0,Inactive,RBF-SVM,stable_correct,boman_index,Boman index,2.4847368421052627,0.8799327390374411,0.007835703841617
736,SLAEALGWLFVSEGS,0,Inactive,RBF-SVM,stable_correct,length,Length,15.0,-0.33745307542563363,0.0003663765000571
736,SLAEALGWLFVSEGS,0,Inactive,RBF-SVM,stable_correct,molecular_weight,Molecular weight,1565.7211000000002,-0.6064867883160552,0.0003663765000571
736,SLAEALGWLFVSEGS,0,Inactive,RBF-SVM,stable_correct,net_charge_pH7_4,Net charge (pH 7.4),-2.7445301657445973,-1.259448908528029,0.0003663765000571
736,SLAEALGWLFVSEGS,0,Inactive,RBF-SVM,stable_correct,isoelectric_point,Isoelectric point,4.0500284194946286,-1.4678492515186445,0.0003663765000571
736,SLAEALGWLFVSEGS,0,Inactive,RBF-SVM,stable_correct,mean_eisenberg_hydrophobicity,Mean hydrophobicity,0.4393333333333334,1.5639168826444887,0.0003663765000571
736,SLAEALGWLFVSEGS,0,Inactive,RBF-SVM,stable_correct,hydrophobic_moment,Hydrophobic moment,0.1675654293457721,-1.226257728477924,0.0003663765000571
736,SLAEALGWLFVSEGS,0,Inactive,RBF-SVM,stable_correct,boman_index,Boman index,-0.3859999999999999,-1.081341867164826,0.0003663765000571
742,SMDHRIERLEYYIQLLVK,0,Inactive,RBF-SVM,stable_correct,length,Length,18.0,0.28580209449313887,-0.0017180423611918
742,SMDHRIERLEYYIQLLVK,0,Inactive,RBF-SVM,stable_correct,molecular_weight,Molecular weight,2306.6816000000003,0.7448127644557055,-0.0017180423611918
742,SMDHRIERLEYYIQLLVK,0,Inactive,RBF-SVM,stable_correct,net_charge_pH7_4,Net charge (pH 7.4),-0.7150242548821497,-0.5091422514374141,-0.0017180423611918
742,SMDHRIERLEYYIQLLVK,0,Inactive,RBF-SVM,stable_correct,isoelectric_point,Isoelectric point,6.480861473083496,-0.5125130029653769,-0.0017180423611918
742,SMDHRIERLEYYIQLLVK,0,Inactive,RBF-SVM,stable_correct,mean_eisenberg_hydrophobicity,Mean hydrophobicity,-0.1083333333333333,-0.5592867191799671,-0.0017180423611918
742,SMDHRIERLEYYIQLLVK,0,Inactive,RBF-SVM,stable_correct,hydrophobic_moment,Hydrophobic moment,0.4114281888244293,0.25354956557907504,-0.0017180423611918
742,SMDHRIERLEYYIQLLVK,0,Inactive,RBF-SVM,stable_correct,boman_index,Boman index,2.256666666666666,0.7241162124373292,-0.0017180423611918
744,SNEVMRILISRSLLQE,0,Inactive,RBF-SVM,stable_correct,length,Length,16.0,-0.12970135211937614,3.153198590255535e-05
744,SNEVMRILISRSLLQE,0,Inactive,RBF-SVM,stable_correct,molecular_weight,Molecular weight,1888.1934,-0.01838975106335296,3.153198590255535e-05
744,SNEVMRILISRSLLQE,0,Inactive,RBF-SVM,stable_correct,net_charge_pH7_4,Net charge (pH 7.4),-0.7424879155546473,-0.5192955440789201,3.153198590255535e-05
744,SNEVMRILISRSLLQE,0,Inactive,RBF-SVM,stable_correct,isoelectric_point,Isoelectric point,6.006426429748534,-0.6989696556806514,3.153198590255535e-05
744,SNEVMRILISRSLLQE,0,Inactive,RBF-SVM,stable_correct,mean_eisenberg_hydrophobicity,Mean hydrophobicity,-0.050625,-0.3355620548063466,3.153198590255535e-05
744,SNEVMRILISRSLLQE,0,Inactive,RBF-SVM,stable_correct,hydrophobic_moment,Hydrophobic moment,0.0864887407336609,-1.7182470565847872,3.153198590255535e-05
744,SNEVMRILISRSLLQE,0,Inactive,RBF-SVM,stable_correct,boman_index,Boman index,2.178125,0.6704568960894163,3.153198590255535e-05
749,SPAVQMKIKELYRRR,0,Inactive,RBF-SVM,stable_correct,length,Length,15.0,-0.33745307542563363,0.0016829170021782
749,SPAVQMKIKELYRRR,0,Inactive,RBF-SVM,stable_correct,molecular_weight,Molecular weight,1875.246,-0.04200209724045297,0.0016829170021782
749,SPAVQMKIKELYRRR,0,Inactive,RBF-SVM,stable_correct,net_charge_pH7_4,Net charge (pH 7.4),3.2467569406135803,0.9555249806248284,0.0016829170021782
749,SPAVQMKIKELYRRR,0,Inactive,RBF-SVM,stable_correct,isoelectric_point,Isoelectric point,11.000063133239744,1.2635683096098522,0.0016829170021782
749,SPAVQMKIKELYRRR,0,Inactive,RBF-SVM,stable_correct,mean_eisenberg_hydrophobicity,Mean hydrophobicity,-0.4686666666666666,-1.9562332155720774,0.0016829170021782
749,SPAVQMKIKELYRRR,0,Inactive,RBF-SVM,stable_correct,hydrophobic_moment,Hydrophobic moment,0.2244687825269776,-0.8809569647456118,0.0016829170021782
749,SPAVQMKIKELYRRR,0,Inactive,RBF-SVM,stable_correct,boman_index,Boman index,3.5806666666666667,1.6286671070109628,0.0016829170021782
760,SPVVIKKRIEGLIER,0,Inactive,RBF-SVM,stable_correct,length,Length,15.0,-0.33745307542563363,0.0083668498554333
760,SPVVIKKRIEGLIER,0,Inactive,RBF-SVM,stable_correct,molecular_weight,Molecular weight,1737.0955000000004,-0.2939490078587582,0.0083668498554333
760,SPVVIKKRIEGLIER,0,Inactive,RBF-SVM,stable_correct,net_charge_pH7_4,Net charge (pH 7.4),1.2504084124540835,0.2174765805023605,0.0083668498554333
760,SPVVIKKRIEGLIER,0,Inactive,RBF-SVM,stable_correct,isoelectric_point,Isoelectric point,9.9841703414917,0.8643145611189744,0.0083668498554333
760,SPVVIKKRIEGLIER,0,Inactive,RBF-SVM,stable_correct,mean_eisenberg_hydrophobicity,Mean hydrophobicity,-0.1039999999999999,-0.5424871775952329,0.0083668498554333
760,SPVVIKKRIEGLIER,0,Inactive,RBF-SVM,stable_correct,hydrophobic_moment,Hydrophobic moment,0.3637639334771729,-0.03568653131188305,0.0083668498554333
760,SPVVIKKRIEGLIER,0,Inactive,RBF-SVM,stable_correct,boman_index,Boman index,1.9506666666666663,0.5150583772866257,0.0083668498554333
771,SSREWFSTLYRLFIG,0,Inactive,RBF-SVM,stable_correct,length,Length,15.0,-0.33745307542563363,-0.0052495443813609
771,SSREWFSTLYRLFIG,0,Inactive,RBF-SVM,stable_correct,molecular_weight,Molecular weight,1862.0913,-0.06599249919419645,-0.0052495443813609
771,SSREWFSTLYRLFIG,0,Inactive,RBF-SVM,stable_correct,net_charge_pH7_4,Net charge (pH 7.4),0.2517932441815258,-0.15171062147438077,-0.0052495443813609
771,SSREWFSTLYRLFIG,0,Inactive,RBF-SVM,stable_correct,isoelectric_point,Isoelectric point,8.461298179626464,0.26581398700731373,-0.0052495443813609
771,SSREWFSTLYRLFIG,0,Inactive,RBF-SVM,stable_correct,mean_eisenberg_hydrophobicity,Mean hydrophobicity,0.0813333333333333,0.17601629325954277,-0.0052495443813609
771,SSREWFSTLYRLFIG,0,Inactive,RBF-SVM,stable_correct,hydrophobic_moment,Hydrophobic moment,0.4389863892446975,0.4207781579241343,-0.0052495443813609
771,SSREWFSTLYRLFIG,0,Inactive,RBF-SVM,stable_correct,boman_index,Boman index,1.7046666666666666,0.3469922745184131,-0.0052495443813609
776,SVADHSYRVAFITLLLAEELKKK,0,Inactive,RBF-SVM,stable_correct,length,Length,23.0,1.3245607110244264,-0.0029069848206895
776,SVADHSYRVAFITLLLAEELKKK,0,Inactive,RBF-SVM,stable_correct,molecular_weight,Molecular weight,2632.0618000000004,1.3382129777474885,-0.0029069848206895
776,SVADHSYRVAFITLLLAEELKKK,0,Inactive,RBF-SVM,stable_correct,net_charge_pH7_4,Net charge (pH 7.4),0.2824952706839378,-0.14036010766329116,-0.0029069848206895
776,SVADHSYRVAFITLLLAEELKKK,0,Inactive,RBF-SVM,stable_correct,isoelectric_point,Isoelectric point,8.180731773376465,0.15554921270649508,-0.0029069848206895
776,SVADHSYRVAFITLLLAEELKKK,0,Inactive,RBF-SVM,stable_correct,mean_eisenberg_hydrophobicity,Mean hydrophobicity,0.0491304347826087,0.05117153940911182,-0.0029069848206895
776,SVADHSYRVAFITLLLAEELKKK,0,Inactive,RBF-SVM,stable_correct,hydrophobic_moment,Hydrophobic moment,0.2742425318992822,-0.5789200422931384,-0.0029069848206895
776,SVADHSYRVAFITLLLAEELKKK,0,Inactive,RBF-SVM,stable_correct,boman_index,Boman index,1.1734782608695653,-0.015913275066866343,-0.0029069848206895
800,TDQQKVSEIFQSSKEKLQGDAKVVSDAFK,0,Inactive,RBF-SVM,stable_correct,length,Length,29.0,2.5710710508619714,-0.0241885994588104
800,TDQQKVSEIFQSSKEKLQGDAKVVSDAFK,0,Inactive,RBF-SVM,stable_correct,molecular_weight,Molecular weight,3241.5598,2.4497626147595586,-0.0241885994588104
800,TDQQKVSEIFQSSKEKLQGDAKVVSDAFK,0,Inactive,RBF-SVM,stable_correct,net_charge_pH7_4,Net charge (pH 7.4),-0.8005545926952529,-0.5407627466037028,-0.0241885994588104
800,TDQQKVSEIFQSSKEKLQGDAKVVSDAFK,0,Inactive,RBF-SVM,stable_correct,isoelectric_point,Isoelectric point,5.914745140075683,-0.7350011137889219,-0.0241885994588104
800,TDQQKVSEIFQSSKEKLQGDAKVVSDAFK,0,Inactive,RBF-SVM,stable_correct,mean_eisenberg_hydrophobicity,Mean hydrophobicity,-0.2044827586206896,-0.9320404734407091,-0.0241885994588104
800,TDQQKVSEIFQSSKEKLQGDAKVVSDAFK,0,Inactive,RBF-SVM,stable_correct,hydrophobic_moment,Hydrophobic moment,0.3653732135640386,-0.02592110252802232,-0.0241885994588104
800,TDQQKVSEIFQSSKEKLQGDAKVVSDAFK,0,Inactive,RBF-SVM,stable_correct,boman_index,Boman index,2.530344827586206,0.9110919112930971,-0.0241885994588104
806,TEREQALAAYAEKLTRH,0,Inactive,RBF-SVM,stable_correct,length,Length,17.0,0.07805037118688135,-0.0013711332765417
806,TEREQALAAYAEKLTRH,0,Inactive,RBF-SVM,stable_correct,molecular_weight,Molecular weight,1987.1773,0.16212850841418275,-0.0013711332765417
806,TEREQALAAYAEKLTRH,0,Inactive,RBF-SVM,stable_correct,net_charge_pH7_4,Net charge (pH 7.4),-0.7566803015092654,-0.5245424574309605,-0.0013711332765417
806,TEREQALAAYAEKLTRH,0,Inactive,RBF-SVM,stable_correct,isoelectric_point,Isoelectric point,6.434310340881347,-0.5308079590662289,-0.0013711332765417
806,TEREQALAAYAEKLTRH,0,Inactive,RBF-SVM,stable_correct,mean_eisenberg_hydrophobicity,Mean hydrophobicity,-0.3017647058823529,-1.3091848084713729,-0.0013711332765417
806,TEREQALAAYAEKLTRH,0,Inactive,RBF-SVM,stable_correct,hydrophobic_moment,Hydrophobic moment,0.3020019261358289,-0.4104705662121432,-0.0013711332765417
806,TEREQALAAYAEKLTRH,0,Inactive,RBF-SVM,stable_correct,boman_index,Boman index,3.1894117647058824,1.3613635031023927,-0.0013711332765417
807,TESMKTVRIREKIKKFL,0,Inactive,RBF-SVM,stable_correct,length,Length,17.0,0.07805037118688135,-0.0135634946196062
807,TESMKTVRIREKIKKFL,0,Inactive,RBF-SVM,stable_correct,molecular_weight,Molecular weight,2107.5626,0.38167678669662075,-0.0135634946196062
807,TESMKTVRIREKIKKFL,0,Inactive,RBF-SVM,stable_correct,net_charge_pH7_4,Net charge (pH 7.4),3.2005613110402718,0.9384464945697589,-0.0135634946196062
807,TESMKTVRIREKIKKFL,0,Inactive,RBF-SVM,stable_correct,isoelectric_point,Isoelectric point,10.446344184875484,1.0459524671305926,-0.0135634946196062
807,TESMKTVRIREKIKKFL,0,Inactive,RBF-SVM,stable_correct,mean_eisenberg_hydrophobicity,Mean hydrophobicity,-0.348235294117647,-1.489342788361959,-0.0135634946196062
807,TESMKTVRIREKIKKFL,0,Inactive,RBF-SVM,stable_correct,hydrophobic_moment,Hydrophobic moment,0.300364596786848,-0.4204062034475101,-0.0135634946196062
807,TESMKTVRIREKIKKFL,0,Inactive,RBF-SVM,stable_correct,boman_index,Boman index,2.9452941176470584,1.1945834154677482,-0.0135634946196062
817,TIEEFHSKLQEATN,0,Inactive,RBF-SVM,stable_correct,length,Length,14.0,-0.5452047987318911,-3.3547870041950034e-06
817,TIEEFHSKLQEATN,0,Inactive,RBF-SVM,stable_correct,molecular_weight,Molecular weight,1646.7527000000002,-0.45870837794143976,-3.3547870041950034e-06
817,TIEEFHSKLQEATN,0,Inactive,RBF-SVM,stable_correct,net_charge_pH7_4,Net charge (pH 7.4),-2.7541244723752327,-1.2629959157560469,-3.3547870041950034e-06
817,TIEEFHSKLQEATN,0,Inactive,RBF-SVM,stable_correct,isoelectric_point,Isoelectric point,4.748295402526855,-1.1934249100058685,-3.3547870041950034e-06
817,TIEEFHSKLQEATN,0,Inactive,RBF-SVM,stable_correct,mean_eisenberg_hydrophobicity,Mean hydrophobicity,-0.1221428571428571,-0.6128237198346139,-3.3547870041950034e-06
817,TIEEFHSKLQEATN,0,Inactive,RBF-SVM,stable_correct,hydrophobic_moment,Hydrophobic moment,0.4488485131216769,0.48062346960373514,-3.3547870041950034e-06
817,TIEEFHSKLQEATN,0,Inactive,RBF-SVM,stable_correct,boman_index,Boman index,2.623571428571428,0.9747839092683552,-3.3547870041950034e-06
824,TKGEREMIVVATSAAN,0,Inactive,RBF-SVM,stable_correct,length,Length,16.0,-0.12970135211937614,-0.0020569147785823
824,TKGEREMIVVATSAAN,0,Inactive,RBF-SVM,stable_correct,molecular_weight,Molecular weight,1676.8896,-0.4037473112018134,-0.0020569147785823
824,TKGEREMIVVATSAAN,0,Inactive,RBF-SVM,stable_correct,net_charge_pH7_4,Net charge (pH 7.4),-0.791896792724498,-0.5375619651134652,-0.0020569147785823
824,TKGEREMIVVATSAAN,0,Inactive,RBF-SVM,stable_correct,isoelectric_point,Isoelectric point,5.8100477218627935,-0.776148011393035,-0.0020569147785823
824,TKGEREMIVVATSAAN,0,Inactive,RBF-SVM,stable_correct,mean_eisenberg_hydrophobicity,Mean hydrophobicity,0.0024999999999999,-0.1296061363396564,-0.0020569147785823
824,TKGEREMIVVATSAAN,0,Inactive,RBF-SVM,stable_correct,hydrophobic_moment,Hydrophobic moment,0.3559372192468615,-0.08318057604128408,-0.0020569147785823
824,TKGEREMIVVATSAAN,0,Inactive,RBF-SVM,stable_correct,boman_index,Boman index,1.721875,0.3587489310975581,-0.0020569147785823
837,TPEKRVDRIFAMMD,0,Inactive,RBF-SVM,stable_correct,length,Length,14.0,-0.5452047987318911,0.0009879879941754
837,TPEKRVDRIFAMMD,0,Inactive,RBF-SVM,stable_correct,molecular_weight,Molecular weight,1708.9991999999995,-0.34518860514436567,0.0009879879941754
837,TPEKRVDRIFAMMD,0,Inactive,RBF-SVM,stable_correct,net_charge_pH7_4,Net charge (pH 7.4),-0.7908803922956475,-0.537186202715359,0.0009879879941754
837,TPEKRVDRIFAMMD,0,Inactive,RBF-SVM,stable_correct,isoelectric_point,Isoelectric point,5.894453620910644,-0.7429758382431394,0.0009879879941754
837,TPEKRVDRIFAMMD,0,Inactive,RBF-SVM,stable_correct,mean_eisenberg_hydrophobicity,Mean hydrophobicity,-0.2407142857142857,-1.072503484076236,0.0009879879941754
837,TPEKRVDRIFAMMD,0,Inactive,RBF-SVM,stable_correct,hydrophobic_moment,Hydrophobic moment,0.4639904288196316,0.5725075987907118,0.0009879879941754
837,TPEKRVDRIFAMMD,0,Inactive,RBF-SVM,stable_correct,boman_index,Boman index,3.125714285714285,1.3178456695646779,0.0009879879941754
848,TQDLRSHLVHKLVQAIF,0,Inactive,RBF-SVM,stable_correct,length,Length,17.0,0.07805037118688135,-0.0001635738487816
848,TQDLRSHLVHKLVQAIF,0,Inactive,RBF-SVM,stable_correct,molecular_weight,Molecular weight,2005.323,0.19522106367823605,-0.0001635738487816
848,TQDLRSHLVHKLVQAIF,0,Inactive,RBF-SVM,stable_correct,net_charge_pH7_4,Net charge (pH 7.4),0.2795610519029115,-0.14144488592039356,-0.0001635738487816
848,TQDLRSHLVHKLVQAIF,0,Inactive,RBF-SVM,stable_correct,isoelectric_point,Isoelectric point,8.465617561340334,0.26751153753078794,-0.0001635738487816
848,TQDLRSHLVHKLVQAIF,0,Inactive,RBF-SVM,stable_correct,mean_eisenberg_hydrophobicity,Mean hydrophobicity,0.0641176470588235,0.10927422307222862,-0.0001635738487816
848,TQDLRSHLVHKLVQAIF,0,Inactive,RBF-SVM,stable_correct,hydrophobic_moment,Hydrophobic moment,0.2033235621471079,-1.009270330096964,-0.0001635738487816
848,TQDLRSHLVHKLVQAIF,0,Inactive,RBF-SVM,stable_correct,boman_index,Boman index,1.353529411764706,0.1070968681440187,-0.0001635738487816
852,TRELAYMIKKA,0,Inactive,RBF-SVM,stable_correct,length,Length,11.0,-1.1684599686506636,-0.0003669954355455
852,TRELAYMIKKA,0,Inactive,RBF-SVM,stable_correct,molecular_weight,Molecular weight,1323.6037,-1.0480395220154384,-0.0003669954355455
852,TRELAYMIKKA,0,Inactive,RBF-SVM,stable_correct,net_charge_pH7_4,Net charge (pH 7.4),1.2019712610010869,0.199569405661837,-0.0003669954355455
852,TRELAYMIKKA,0,Inactive,RBF-SVM,stable_correct,isoelectric_point,Isoelectric point,9.696641349792484,0.7513134367206181,-0.0003669954355455
852,TRELAYMIKKA,0,Inactive,RBF-SVM,stable_correct,mean_eisenberg_hydrophobicity,Mean hydrophobicity,-0.1499999999999999,-0.7208207728793321,-0.0003669954355455
852,TRELAYMIKKA,0,Inactive,RBF-SVM,stable_correct,hydrophobic_moment,Hydrophobic moment,0.6474825656222266,1.6859740543622084,-0.0003669954355455
852,TRELAYMIKKA,0,Inactive,RBF-SVM,stable_correct,boman_index,Boman index,1.7936363636363637,0.4077759746572987,-0.0003669954355455
861,TVLAALFLAGS,0,Inactive,RBF-SVM,stable_correct,length,Length,11.0,-1.1684599686506636,0.017424804280106
861,TVLAALFLAGS,0,Inactive,RBF-SVM,stable_correct,molecular_weight,Molecular weight,1062.2591,-1.524657156962665,0.017424804280106
861,TVLAALFLAGS,0,Inactive,RBF-SVM,stable_correct,net_charge_pH7_4,Net charge (pH 7.4),-0.7916076037035273,-0.5374550521715366,0.017424804280106
861,TVLAALFLAGS,0,Inactive,RBF-SVM,stable_correct,isoelectric_point,Isoelectric point,5.184989356994628,-1.0218007980121642,0.017424804280106
861,TVLAALFLAGS,0,Inactive,RBF-SVM,stable_correct,mean_eisenberg_hydrophobicity,Mean hydrophobicity,0.700909090909091,2.577998301941158,0.017424804280106
861,TVLAALFLAGS,0,Inactive,RBF-SVM,stable_correct,hydrophobic_moment,Hydrophobic moment,0.1322428000682591,-1.4406024056310984,0.017424804280106
861,TVLAALFLAGS,0,Inactive,RBF-SVM,stable_correct,boman_index,Boman index,-2.016363636363636,-2.195199031630875,0.017424804280106
862,TYYAKDIAFQFWKM,0,Inactive,RBF-SVM,stable_correct,length,Length,14.0,-0.5452047987318911,0.0029320071198571
862,TYYAKDIAFQFWKM,0,Inactive,RBF-SVM,stable_correct,molecular_weight,Molecular weight,1812.0937,-0.15717378958641245,0.0029320071198571
862,TYYAKDIAFQFWKM,0,Inactive,RBF-SVM,stable_correct,net_charge_pH7_4,Net charge (pH 7.4),0.1988165097823344,-0.171296076376428,0.0029320071198571
862,TYYAKDIAFQFWKM,0,Inactive,RBF-SVM,stable_correct,isoelectric_point,Isoelectric point,8.101113319396973,0.12425854260964042,0.0029320071198571
862,TYYAKDIAFQFWKM,0,Inactive,RBF-SVM,stable_correct,mean_eisenberg_hydrophobicity,Mean hydrophobicity,0.1578571428571428,0.4726851210251196,0.0029320071198571
862,TYYAKDIAFQFWKM,0,Inactive,RBF-SVM,stable_correct,hydrophobic_moment,Hydrophobic moment,0.3612813951474126,-0.05075106324783411,0.0029320071198571
862,TYYAKDIAFQFWKM,0,Inactive,RBF-SVM,stable_correct,boman_index,Boman index,0.6449999999999999,-0.3769672657256905,0.0029320071198571
866,VEAIEALLKGN,0,Inactive,RBF-SVM,stable_correct,length,Length,11.0,-1.1684599686506636,0.0036464304813441
866,VEAIEALLKGN,0,Inactive,RBF-SVM,stable_correct,molecular_weight,Molecular weight,1156.3291,-1.3531004424964561,0.0036464304813441
866,VEAIEALLKGN,0,Inactive,RBF-SVM,stable_correct,net_charge_pH7_4,Net charge (pH 7.4),-1.4771132496853774,-0.7908859226610016,0.0036464304813441
866,VEAIEALLKGN,0,Inactive,RBF-SVM,stable_correct,isoelectric_point,Isoelectric point,4.531284141540527,-1.278712019154894,0.0036464304813441
866,VEAIEALLKGN,0,Inactive,RBF-SVM,stable_correct,mean_eisenberg_hydrophobicity,Mean hydrophobicity,0.2418181818181818,0.7981867284536067,0.0036464304813441
866,VEAIEALLKGN,0,Inactive,RBF-SVM,stable_correct,hydrophobic_moment,Hydrophobic moment,0.3881093534819914,0.11204627617799778,0.0036464304813441
866,VEAIEALLKGN,0,Inactive,RBF-SVM,stable_correct,boman_index,Boman index,0.2227272727272725,-0.6654621095388276,0.0036464304813441
871,VIDPLHTHLTRLVAAYTG,0,Inactive,RBF-SVM,stable_correct,length,Length,18.0,0.28580209449313887,0.0021685415417717
871,VIDPLHTHLTRLVAAYTG,0,Inactive,RBF-SVM,stable_correct,molecular_weight,Molecular weight,1977.2666000000004,0.14405423255513944,0.0021685415417717
871,VIDPLHTHLTRLVAAYTG,0,Inactive,RBF-SVM,stable_correct,net_charge_pH7_4,Net charge (pH 7.4),-0.4056805232913409,-0.39477812965803816,0.0021685415417717
871,VIDPLHTHLTRLVAAYTG,0,Inactive,RBF-SVM,stable_correct,isoelectric_point,Isoelectric point,6.890386390686037,-0.3515665332381031,0.0021685415417717
871,VIDPLHTHLTRLVAAYTG,0,Inactive,RBF-SVM,stable_correct,mean_eisenberg_hydrophobicity,Mean hydrophobicity,0.2583333333333333,0.862212953374446,0.0021685415417717
871,VIDPLHTHLTRLVAAYTG,0,Inactive,RBF-SVM,stable_correct,hydrophobic_moment,Hydrophobic moment,0.3725759883322091,0.01778675455591778,0.0021685415417717
871,VIDPLHTHLTRLVAAYTG,0,Inactive,RBF-SVM,stable_correct,boman_index,Boman index,0.4716666666666665,-0.4953878259417755,0.0021685415417717
872,VKYAVFEAALTKAITAMSEVQKVSQ,0,Inactive,RBF-SVM,stable_correct,length,Length,25.0,1.7400641576369413,-0.0082551253753836
872,VKYAVFEAALTKAITAMSEVQKVSQ,0,Inactive,RBF-SVM,stable_correct,molecular_weight,Molecular weight,2713.1527,1.486099534323526,-0.0082551253753836
872,VKYAVFEAALTKAITAMSEVQKVSQ,0,Inactive,RBF-SVM,stable_correct,net_charge_pH7_4,Net charge (pH 7.4),0.5153699723127652,-0.054266523030246844,-0.0082551253753836
872,VKYAVFEAALTKAITAMSEVQKVSQ,0,Inactive,RBF-SVM,stable_correct,isoelectric_point,Isoelectric point,8.402438545227053,0.24268169405312193,-0.0082551253753836
872,VKYAVFEAALTKAITAMSEVQKVSQ,0,Inactive,RBF-SVM,stable_correct,mean_eisenberg_hydrophobicity,Mean hydrophobicity,0.1584,0.4747896789818888,-0.0082551253753836
872,VKYAVFEAALTKAITAMSEVQKVSQ,0,Inactive,RBF-SVM,stable_correct,hydrophobic_moment,Hydrophobic moment,0.1890581515164004,-1.0958356537616738,-0.0082551253753836
872,VKYAVFEAALTKAITAMSEVQKVSQ,0,Inactive,RBF-SVM,stable_correct,boman_index,Boman index,0.522,-0.46100031710979683,-0.0082551253753836
873,VLSFKTGIISL,0,Inactive,RBF-SVM,stable_correct,length,Length,11.0,-1.1684599686506636,0.1259699186922063
873,VLSFKTGIISL,0,Inactive,RBF-SVM,stable_correct,molecular_weight,Molecular weight,1177.4326,-1.3146137078973525,0.1259699186922063
873,VLSFKTGIISL,0,Inactive,RBF-SVM,stable_correct,net_charge_pH7_4,Net charge (pH 7.4),0.5206452284349337,-0.05231626520387813,0.1259699186922063
873,VLSFKTGIISL,0,Inactive,RBF-SVM,stable_correct,isoelectric_point,Isoelectric point,8.720009803771973,0.36748966239085873,0.1259699186922063
873,VLSFKTGIISL,0,Inactive,RBF-SVM,stable_correct,mean_eisenberg_hydrophobicity,Mean hydrophobicity,0.5336363636363636,1.9295125009080696,0.1259699186922063
873,VLSFKTGIISL,0,Inactive,RBF-SVM,stable_correct,hydrophobic_moment,Hydrophobic moment,0.2458539503913091,-0.7511875507607727,0.1259699186922063
873,VLSFKTGIISL,0,Inactive,RBF-SVM,stable_correct,boman_index,Boman index,-1.1563636363636365,-1.6076508674818384,0.1259699186922063
875,VMGQNLILNMND,0,Inactive,RBF-SVM,stable_correct,length,Length,12.0,-0.9607082453444061,0.0018526942757857
875,VMGQNLILNMND,0,Inactive,RBF-SVM,stable_correct,molecular_weight,Molecular weight,1361.5867999999998,-0.9787692356197601,0.0018526942757857
875,VMGQNLILNMND,0,Inactive,RBF-SVM,stable_correct,net_charge_pH7_4,Net charge (pH 7.4),-1.4751333834507174,-0.7901539677511569,0.0018526942757857
875,VMGQNLILNMND,0,Inactive,RBF-SVM,stable_correct,isoelectric_point,Isoelectric point,4.299324226379395,-1.3698740653668302,0.0018526942757857
875,VMGQNLILNMND,0,Inactive,RBF-SVM,stable_correct,mean_eisenberg_hydrophobicity,Mean hydrophobicity,0.1974999999999999,0.6263732349733726,0.0018526942757857
875,VMGQNLILNMND,0,Inactive,RBF-SVM,stable_correct,hydrophobic_moment,Hydrophobic moment,0.2327799261678554,-0.8305233068635325,0.0018526942757857
875,VMGQNLILNMND,0,Inactive,RBF-SVM,stable_correct,boman_index,Boman index,0.8116666666666665,-0.26310134244099354,0.0018526942757857
880,VPMQRVLKYHLLLQELVK,0,Inactive,RBF-SVM,stable_correct,length,Length,18.0,0.28580209449313887,-0.051661185308907
880,VPMQRVLKYHLLLQELVK,0,Inactive,RBF-SVM,stable_correct,molecular_weight,Molecular weight,2207.7227000000003,0.5643400978118217,-0.051661185308907
880,VPMQRVLKYHLLLQELVK,0,Inactive,RBF-SVM,stable_correct,net_charge_pH7_4,Net charge (pH 7.4),1.5533561269828802,0.3294761000626409,-0.051661185308907
880,VPMQRVLKYHLLLQELVK,0,Inactive,RBF-SVM,stable_correct,isoelectric_point,Isoelectric point,9.69941349029541,0.7524029094446364,-0.051661185308907
880,VPMQRVLKYHLLLQELVK,0,Inactive,RBF-SVM,stable_correct,mean_eisenberg_hydrophobicity,Mean hydrophobicity,0.0822222222222222,0.17946235307179592,-0.051661185308907
880,VPMQRVLKYHLLLQELVK,0,Inactive,RBF-SVM,stable_correct,hydrophobic_moment,Hydrophobic moment,0.2871435926202673,-0.500633862817437,-0.051661185308907
880,VPMQRVLKYHLLLQELVK,0,Inactive,RBF-SVM,stable_correct,boman_index,Boman index,0.5355555555555556,-0.45173922201597483,-0.051661185308907
881,VQEVNRFIKAFEEMKALMKSL,0,Inactive,RBF-SVM,stable_correct,length,Length,21.0,0.9090572644119114,-0.0009384628299141
881,VQEVNRFIKAFEEMKALMKSL,0,Inactive,RBF-SVM,stable_correct,molecular_weight,Molecular weight,2511.9992,1.119253211761832,-0.0009384628299141
881,VQEVNRFIKAFEEMKALMKSL,0,Inactive,RBF-SVM,stable_correct,net_charge_pH7_4,Net charge (pH 7.4),0.5189712076865218,-0.05293514929035387,-0.0009384628299141
881,VQEVNRFIKAFEEMKALMKSL,0,Inactive,RBF-SVM,stable_correct,isoelectric_point,Isoelectric point,8.468325233459474,0.2685756736798305,-0.0009384628299141
881,VQEVNRFIKAFEEMKALMKSL,0,Inactive,RBF-SVM,stable_correct,mean_eisenberg_hydrophobicity,Mean hydrophobicity,-0.0147619047619047,-0.19652738715796417,-0.0009384628299141
881,VQEVNRFIKAFEEMKALMKSL,0,Inactive,RBF-SVM,stable_correct,hydrophobic_moment,Hydrophobic moment,0.4074830468325435,0.229609666317031,-0.0009384628299141
881,VQEVNRFIKAFEEMKALMKSL,0,Inactive,RBF-SVM,stable_correct,boman_index,Boman index,1.4504761904761905,0.17333047494878095,-0.0009384628299141
894,YKEPLKAVVKKLLEKE,0,Inactive,RBF-SVM,stable_correct,length,Length,16.0,-0.12970135211937614,-0.0073513331392972
894,YKEPLKAVVKKLLEKE,0,Inactive,RBF-SVM,stable_correct,molecular_weight,Molecular weight,1915.3199,0.031081209019219534,-0.0073513331392972
894,YKEPLKAVVKKLLEKE,0,Inactive,RBF-SVM,stable_correct,net_charge_pH7_4,Net charge (pH 7.4),1.5478740810394656,0.3274493922103476,-0.0073513331392972
894,YKEPLKAVVKKLLEKE,0,Inactive,RBF-SVM,stable_correct,isoelectric_point,Isoelectric point,9.308992958068847,0.5989646113826513,-0.0073513331392972
894,YKEPLKAVVKKLLEKE,0,Inactive,RBF-SVM,stable_correct,mean_eisenberg_hydrophobicity,Mean hydrophobicity,-0.20125,-0.9195076589295517,-0.0073513331392972
894,YKEPLKAVVKKLLEKE,0,Inactive,RBF-SVM,stable_correct,hydrophobic_moment,Hydrophobic moment,0.3384863985687636,-0.1890755957726181,-0.0073513331392972
894,YKEPLKAVVKKLLEKE,0,Inactive,RBF-SVM,stable_correct,boman_index,Boman index,1.479375,0.19307401271832403,-0.0073513331392972
1,AIGKFLHSAKKFGKAFVGEIMNS,1,Active,Random Forest,stable_correct,length,Length,23.0,1.3245607110244264,-0.0499999999999999
1,AIGKFLHSAKKFGKAFVGEIMNS,1,Active,Random Forest,stable_correct,molecular_weight,Molecular weight,2480.9238,1.062580590046904,-0.0499999999999999
1,AIGKFLHSAKKFGKAFVGEIMNS,1,Active,Random Forest,stable_correct,net_charge_pH7_4,Net charge (pH 7.4),2.6355271293782248,0.729553824824036,-0.0499999999999999
1,AIGKFLHSAKKFGKAFVGEIMNS,1,Active,Random Forest,stable_correct,isoelectric_point,Isoelectric point,10.001705741882326,0.8712061095127761,-0.0499999999999999
1,AIGKFLHSAKKFGKAFVGEIMNS,1,Active,Random Forest,stable_correct,mean_eisenberg_hydrophobicity,Mean hydrophobicity,0.1852173913043478,0.5787558052306905,-0.0499999999999999
1,AIGKFLHSAKKFGKAFVGEIMNS,1,Active,Random Forest,stable_correct,hydrophobic_moment,Hydrophobic moment,0.4588864603132566,0.5415357118141274,-0.0499999999999999
1,AIGKFLHSAKKFGKAFVGEIMNS,1,Active,Random Forest,stable_correct,boman_index,Boman index,0.3813043478260868,-0.5571229591313481,-0.0499999999999999
12,FAKKLAKKLKKLAKKLAKKWKL,1,Active,Random Forest,stable_correct,length,Length,22.0,1.1168089877181688,-0.1233333333333334
12,FAKKLAKKLKKLAKKLAKKWKL,1,Active,Random Forest,stable_correct,molecular_weight,Molecular weight,2611.3939,1.300520652681939,-0.1233333333333334
12,FAKKLAKKLKKLAKKLAKKWKL,1,Active,Random Forest,stable_correct,net_charge_pH7_4,Net charge (pH 7.4),10.529891348226808,3.6480937488506466,-0.1233333333333334
12,FAKKLAKKLKKLAKKLAKKWKL,1,Active,Random Forest,stable_correct,isoelectric_point,Isoelectric point,11.000127601623536,1.2635936461848307,-0.1233333333333334
12,FAKKLAKKLKKLAKKLAKKWKL,1,Active,Random Forest,stable_correct,mean_eisenberg_hydrophobicity,Mean hydrophobicity,-0.2959090909090909,-1.2864836591065638,-0.1233333333333334
12,FAKKLAKKLKKLAKKLAKKWKL,1,Active,Random Forest,stable_correct,hydrophobic_moment,Hydrophobic moment,0.6526570489310181,1.717373839059535,-0.1233333333333334
12,FAKKLAKKLKKLAKKLAKKWKL,1,Active,Random Forest,stable_correct,boman_index,Boman index,1.0863636363636366,-0.0754295979726699,-0.1233333333333334
15,FAKKLAKKLKKLAKKLIGAVLKV,1,Active,Random Forest,stable_correct,length,Length,23.0,1.3245607110244264,-0.0666666666666666
15,FAKKLAKKLKKLAKKLIGAVLKV,1,Active,Random Forest,stable_correct,molecular_weight,Molecular weight,2537.3103,1.165413402635922,-0.0666666666666666
15,FAKKLAKKLKKLAKKLIGAVLKV,1,Active,Random Forest,stable_correct,net_charge_pH7_4,Net charge (pH 7.4),8.534902533561377,2.910548033682616,-0.0666666666666666
15,FAKKLAKKLKKLAKKLIGAVLKV,1,Active,Random Forest,stable_correct,isoelectric_point,Isoelectric point,10.90329608917236,1.2255381105690593,-0.0666666666666666
15,FAKKLAKKLKKLAKKLIGAVLKV,1,Active,Random Forest,stable_correct,mean_eisenberg_hydrophobicity,Mean hydrophobicity,-0.0104347826086956,-0.17975192518371957,-0.0666666666666666
15,FAKKLAKKLKKLAKKLIGAVLKV,1,Active,Random Forest,stable_correct,hydrophobic_moment,Hydrophobic moment,0.6343178898810873,1.6060882069811604,-0.0666666666666666
15,FAKKLAKKLKKLAKKLIGAVLKV,1,Active,Random Forest,stable_correct,boman_index,Boman index,0.0517391304347827,-0.7822804456960445,-0.0666666666666666
21,FAKKLAKLAKKLAKLAL,1,Active,Random Forest,stable_correct,length,Length,17.0,0.07805037118688135,0.0361640211640209
21,FAKKLAKLAKKLAKLAL,1,Active,Random Forest,stable_correct,molecular_weight,Molecular weight,1855.4004,-0.07819478282151619,0.0361640211640209
21,FAKKLAKLAKKLAKLAL,1,Active,Random Forest,stable_correct,net_charge_pH7_4,Net charge (pH 7.4),5.5424193115632345,1.804229460930573,0.0361640211640209
21,FAKKLAKLAKKLAKLAL,1,Active,Random Forest,stable_correct,isoelectric_point,Isoelectric point,10.699318122863769,1.1453731873411672,0.0361640211640209
21,FAKKLAKLAKKLAKLAL,1,Active,Random Forest,stable_correct,mean_eisenberg_hydrophobicity,Mean hydrophobicity,0.0470588235294118,0.04314028108707701,0.0361640211640209
21,FAKKLAKLAKKLAKLAL,1,Active,Random Forest,stable_correct,hydrophobic_moment,Hydrophobic moment,0.6623655720203274,1.7762870708821994,0.0361640211640209
21,FAKKLAKLAKKLAKLAL,1,Active,Random Forest,stable_correct,boman_index,Boman index,-0.1958823529411765,-0.9514543386744236,0.0361640211640209
30,FAKLLAKALKKAL,1,Active,Random Forest,stable_correct,length,Length,13.0,-0.7529565220381487,0.1966666666666666
30,FAKLLAKALKKAL,1,Active,Random Forest,stable_correct,molecular_weight,Molecular weight,1414.8203,-0.8816865912109477,0.1966666666666666
30,FAKLLAKALKKAL,1,Active,Random Forest,stable_correct,net_charge_pH7_4,Net charge (pH 7.4),3.5474304968978063,1.0666837457625442,0.1966666666666666
30,FAKLLAKALKKAL,1,Active,Random Forest,stable_correct,isoelectric_point,Isoelectric point,10.477740287780762,1.058291379144496,0.1966666666666666
30,FAKLLAKALKKAL,1,Active,Random Forest,stable_correct,mean_eisenberg_hydrophobicity,Mean hydrophobicity,0.16,0.48099258664394434,0.1966666666666666
30,FAKLLAKALKKAL,1,Active,Random Forest,stable_correct,hydrophobic_moment,Hydrophobic moment,0.6692892516125144,1.8183013234238163,0.1966666666666666
30,FAKLLAKALKKAL,1,Active,Random Forest,stable_correct,boman_index,Boman index,-0.5923076923076924,-1.2222903623569297,0.1966666666666666
33,FAKLLAKALKKL,0,Inactive,Random Forest,regression,length,Length,12.0,-0.9607082453444061,-0.42
33,FAKLLAKALKKL,0,Inactive,Random Forest,regression,molecular_weight,Molecular weight,1343.7424,-1.0113123060526374,-0.42
33,FAKLLAKALKKL,0,Inactive,Random Forest,regression,net_charge_pH7_4,Net charge (pH 7.4),3.5474304968978063,1.0666837457625442,-0.42
33,FAKLLAKALKKL,0,Inactive,Random Forest,regression,isoelectric_point,Isoelectric point,10.477740287780762,1.058291379144496,-0.42
33,FAKLLAKALKKL,0,Inactive,Random Forest,regression,mean_eisenberg_hydrophobicity,Mean hydrophobicity,0.1216666666666667,0.3323812572405285,-0.42
33,FAKLLAKALKKL,0,Inactive,Random Forest,regression,hydrophobic_moment,Hydrophobic moment,0.7461443454495983,2.2846731822869386,-0.42
33,FAKLLAKALKKL,0,Inactive,Random Forest,regression,boman_index,Boman index,-0.4908333333333334,-1.1529635329109007,-0.42
37,FAKLLAKLAKAKL,0,Inactive,Random Forest,stable_correct,length,Length,13.0,-0.7529565220381487,-0.1100000000000001
37,FAKLLAKLAKAKL,0,Inactive,Random Forest,stable_correct,molecular_weight,Molecular weight,1414.8203,-0.8816865912109477,-0.1100000000000001
37,FAKLLAKLAKAKL,0,Inactive,Random Forest,stable_correct,net_charge_pH7_4,Net charge (pH 7.4),3.5474304968978063,1.0666837457625442,-0.1100000000000001
37,FAKLLAKLAKAKL,0,Inactive,Random Forest,stable_correct,isoelectric_point,Isoelectric point,10.477740287780762,1.058291379144496,-0.1100000000000001
37,FAKLLAKLAKAKL,0,Inactive,Random Forest,stable_correct,mean_eisenberg_hydrophobicity,Mean hydrophobicity,0.16,0.48099258664394434,-0.1100000000000001
37,FAKLLAKLAKAKL,0,Inactive,Random Forest,stable_correct,hydrophobic_moment,Hydrophobic moment,0.4321146957638214,0.37907936735330755,-0.1100000000000001
37,FAKLLAKLAKAKL,0,Inactive,Random Forest,stable_correct,boman_index,Boman index,-0.5923076923076924,-1.2222903623569297,-0.1100000000000001
38,FAKLLAKLAKKAA,0,Inactive,Random Forest,stable_correct,length,Length,13.0,-0.7529565220381487,-0.0166666666666666
38,FAKLLAKLAKKAA,0,Inactive,Random Forest,stable_correct,molecular_weight,Molecular weight,1372.7406,-0.9584279017001976,-0.0166666666666666
38,FAKLLAKLAKKAA,0,Inactive,Random Forest,stable_correct,net_charge_pH7_4,Net charge (pH 7.4),3.5474304968978063,1.0666837457625442,-0.0166666666666666
38,FAKLLAKLAKKAA,0,Inactive,Random Forest,stable_correct,isoelectric_point,Isoelectric point,10.477740287780762,1.058291379144496,-0.0166666666666666
38,FAKLLAKLAKKAA,0,Inactive,Random Forest,stable_correct,mean_eisenberg_hydrophobicity,Mean hydrophobicity,0.1230769230769231,0.33784856367343,-0.0166666666666666
38,FAKLLAKLAKKAA,0,Inactive,Random Forest,stable_correct,hydrophobic_moment,Hydrophobic moment,0.6523372537091026,1.715433258615818,-0.0166666666666666
38,FAKLLAKLAKKAA,0,Inactive,Random Forest,stable_correct,boman_index,Boman index,-0.3530769230769233,-1.0588489678575108,-0.0166666666666666
40,FAKLLAKLAKKFAL,0,Inactive,Random Forest,persistent_error,length,Length,14.0,-0.5452047987318911,0.2266666666666666
40,FAKLLAKLAKKFAL,0,Inactive,Random Forest,persistent_error,molecular_weight,Molecular weight,1561.9941,-0.6132837679569143,0.2266666666666666
40,FAKLLAKLAKKFAL,0,Inactive,Random Forest,persistent_error,net_charge_pH7_4,Net charge (pH 7.4),3.5474304968978063,1.0666837457625442,0.2266666666666666
40,FAKLLAKLAKKFAL,0,Inactive,Random Forest,persistent_error,isoelectric_point,Isoelectric point,10.477740287780762,1.058291379144496,0.2266666666666666
40,FAKLLAKLAKKFAL,0,Inactive,Random Forest,persistent_error,mean_eisenberg_hydrophobicity,Mean hydrophobicity,0.2342857142857143,0.7689847280965268,0.2266666666666666
40,FAKLLAKLAKKFAL,0,Inactive,Random Forest,persistent_error,hydrophobic_moment,Hydrophobic moment,0.567302406594784,1.1994250444965016,0.2266666666666666
40,FAKLLAKLAKKFAL,0,Inactive,Random Forest,persistent_error,boman_index,Boman index,-0.7628571428571431,-1.3388089862719956,0.2266666666666666
43,FAKLLAKLAKKL,0,Inactive,Random Forest,regression,length,Length,12.0,-0.9607082453444061,-0.3733333333333333
43,FAKLLAKLAKKL,0,Inactive,Random Forest,regression,molecular_weight,Molecular weight,1343.7424,-1.0113123060526374,-0.3733333333333333
43,FAKLLAKLAKKL,0,Inactive,Random Forest,regression,net_charge_pH7_4,Net charge (pH 7.4),3.5474304968978063,1.0666837457625442,-0.3733333333333333
43,FAKLLAKLAKKL,0,Inactive,Random Forest,regression,isoelectric_point,Isoelectric point,10.477740287780762,1.058291379144496,-0.3733333333333333
43,FAKLLAKLAKKL,0,Inactive,Random Forest,regression,mean_eisenberg_hydrophobicity,Mean hydrophobicity,0.1216666666666667,0.3323812572405285,-0.3733333333333333
43,FAKLLAKLAKKL,0,Inactive,Random Forest,regression,hydrophobic_moment,Hydrophobic moment,0.7419279732664577,2.2590874047602285,-0.3733333333333333
43,FAKLLAKLAKKL,0,Inactive,Random Forest,regression,boman_index,Boman index,-0.4908333333333335,-1.1529635329109007,-0.3733333333333333
46,FAKLLAKLAKKVL,1,Active,Random Forest,stable_correct,length,Length,13.0,-0.7529565220381487,-0.29
46,FAKLLAKLAKKVL,1,Active,Random Forest,stable_correct,molecular_weight,Molecular weight,1442.8733999999995,-0.8305257783418938,-0.29
46,FAKLLAKLAKKVL,1,Active,Random Forest,stable_correct,net_charge_pH7_4,Net charge (pH 7.4),3.5474304968978063,1.0666837457625442,-0.29
46,FAKLLAKLAKKVL,1,Active,Random Forest,stable_correct,isoelectric_point,Isoelectric point,10.477740287780762,1.058291379144496,-0.29
46,FAKLLAKLAKKVL,1,Active,Random Forest,stable_correct,mean_eisenberg_hydrophobicity,Mean hydrophobicity,0.1969230769230769,0.6241366096144586,-0.29
46,FAKLLAKLAKKVL,1,Active,Random Forest,stable_correct,hydrophobic_moment,Hydrophobic moment,0.6923859362710444,1.958456558685223,-0.29
46,FAKLLAKLAKKVL,1,Active,Random Forest,stable_correct,boman_index,Boman index,-0.7638461538461541,-1.33948467416841,-0.29
47,FAKLLAKLAKLKL,0,Inactive,Random Forest,regression,length,Length,13.0,-0.7529565220381487,-0.2383333333333332
47,FAKLLAKLAKLKL,0,Inactive,Random Forest,regression,molecular_weight,Molecular weight,1456.9,-0.8049452807216978,-0.2383333333333332
47,FAKLLAKLAKLKL,0,Inactive,Random Forest,regression,net_charge_pH7_4,Net charge (pH 7.4),3.5474304968978063,1.0666837457625442,-0.2383333333333332
47,FAKLLAKLAKLKL,0,Inactive,Random Forest,regression,isoelectric_point,Isoelectric point,10.477740287780762,1.058291379144496,-0.2383333333333332
47,FAKLLAKLAKLKL,0,Inactive,Random Forest,regression,mean_eisenberg_hydrophobicity,Mean hydrophobicity,0.1969230769230769,0.6241366096144586,-0.2383333333333332
47,FAKLLAKLAKLKL,0,Inactive,Random Forest,regression,hydrophobic_moment,Hydrophobic moment,0.4221552409279093,0.3186434322292984,-0.2383333333333332
47,FAKLLAKLAKLKL,0,Inactive,Random Forest,regression,boman_index,Boman index,-0.8315384615384617,-1.3857317568563485,-0.2383333333333332
48,FAKLLFKALKKAL,0,Inactive,Random Forest,persistent_error,length,Length,13.0,-0.7529565220381487,0.0666666666666667
48,FAKLLFKALKKAL,0,Inactive,Random Forest,persistent_error,molecular_weight,Molecular weight,1490.9162,-0.7429094827986041,0.0666666666666667
48,FAKLLFKALKKAL,0,Inactive,Random Forest,persistent_error,net_charge_pH7_4,Net charge (pH 7.4),3.5474304968978063,1.0666837457625442,0.0666666666666667
48,FAKLLFKALKKAL,0,Inactive,Random Forest,persistent_error,isoelectric_point,Isoelectric point,10.477740287780762,1.058291379144496,0.0666666666666667
48,FAKLLFKALKKAL,0,Inactive,Random Forest,persistent_error,mean_eisenberg_hydrophobicity,Mean hydrophobicity,0.2046153846153846,0.6539582810666491,0.0666666666666667
48,FAKLLFKALKKAL,0,Inactive,Random Forest,persistent_error,hydrophobic_moment,Hydrophobic moment,0.6664246225881205,1.8009181898361868,0.0666666666666667
48,FAKLLFKALKKAL,0,Inactive,Random Forest,persistent_error,boman_index,Boman index,-0.6823076923076924,-1.283777960930666,0.0666666666666667
50,FAKLWAKLAFGKGIGKVGKKLL,1,Active,Random Forest,stable_correct,length,Length,22.0,1.1168089877181688,-0.2133333333333333
50,FAKLWAKLAFGKGIGKVGKKLL,1,Active,Random Forest,stable_correct,molecular_weight,Molecular weight,2373.9645000000005,0.8675174871490033,-0.2133333333333333
50,FAKLWAKLAFGKGIGKVGKKLL,1,Active,Random Forest,stable_correct,net_charge_pH7_4,Net charge (pH 7.4),5.5424193115632345,1.804229460930573,-0.2133333333333333
50,FAKLWAKLAFGKGIGKVGKKLL,1,Active,Random Forest,stable_correct,isoelectric_point,Isoelectric point,10.699318122863769,1.1453731873411672,-0.2133333333333333
50,FAKLWAKLAFGKGIGKVGKKLL,1,Active,Random Forest,stable_correct,mean_eisenberg_hydrophobicity,Mean hydrophobicity,0.2222727272727272,0.7224125723546316,-0.2133333333333333
50,FAKLWAKLAFGKGIGKVGKKLL,1,Active,Random Forest,stable_correct,hydrophobic_moment,Hydrophobic moment,0.1769606847830692,-1.1692454665181073,-0.2133333333333333
50,FAKLWAKLAFGKGIGKVGKKLL,1,Active,Random Forest,stable_correct,boman_index,Boman index,-0.5827272727272728,-1.215745062431054,-0.2133333333333333
55,FALALKALKKAL,0,Inactive,Random Forest,stable_correct,length,Length,12.0,-0.9607082453444061,-0.2033333333333333
55,FALALKALKKAL,0,Inactive,Random Forest,stable_correct,molecular_weight,Molecular weight,1286.648,-1.1154361253193492,-0.2033333333333333
55,FALALKALKKAL,0,Inactive,Random Forest,stable_correct,net_charge_pH7_4,Net charge (pH 7.4),2.5499360895650924,0.6979108881785296,-0.2033333333333333
55,FALALKALKKAL,0,Inactive,Random Forest,stable_correct,isoelectric_point,Isoelectric point,10.302063941955566,0.989249212331598,-0.2033333333333333
55,FALALKALKKAL,0,Inactive,Random Forest,stable_correct,mean_eisenberg_hydrophobicity,Mean hydrophobicity,0.2983333333333334,1.017285644925837,-0.2033333333333333
55,FALALKALKKAL,0,Inactive,Random Forest,stable_correct,hydrophobic_moment,Hydrophobic moment,0.5270839680472563,0.9553716316447395,-0.2033333333333333
55,FALALKALKKAL,0,Inactive,Random Forest,stable_correct,boman_index,Boman index,-1.1041666666666667,-1.5719901305985857,-0.2033333333333333
56,FALALKALKKALKKLKKALKKAL,0,Inactive,Random Forest,persistent_error,length,Length,23.0,1.3245607110244264,0.3633333333333333
56,FALALKALKKALKKLKKALKKAL,0,Inactive,Random Forest,persistent_error,molecular_weight,Molecular weight,2537.3104000000003,1.165413585007257,0.3633333333333333
56,FALALKALKKALKKLKKALKKAL,0,Inactive,Random Forest,persistent_error,net_charge_pH7_4,Net charge (pH 7.4),8.534902533561377,2.910548033682616,0.3633333333333333
56,FALALKALKKALKKLKKALKKAL,0,Inactive,Random Forest,persistent_error,isoelectric_point,Isoelectric point,10.90329608917236,1.2255381105690593,0.3633333333333333
56,FALALKALKKALKKLKKALKKAL,0,Inactive,Random Forest,persistent_error,mean_eisenberg_hydrophobicity,Mean hydrophobicity,-0.0382608695652173,-0.2876285801759911,0.3633333333333333
56,FALALKALKKALKKLKKALKKAL,0,Inactive,Random Forest,persistent_error,hydrophobic_moment,Hydrophobic moment,0.6393088461929213,1.6363743136846243,0.3633333333333333
56,FALALKALKKALKKLKKALKKAL,0,Inactive,Random Forest,persistent_error,boman_index,Boman index,0.0726086956521738,-0.7680224518238739,0.3633333333333333
61,FALALKKALKALKKAL,1,Active,Random Forest,stable_correct,length,Length,16.0,-0.12970135211937614,0.0066666666666668
61,FALALKKALKALKKAL,1,Active,Random Forest,stable_correct,molecular_weight,Molecular weight,1727.2281,-0.3119443169299172,0.0066666666666668
61,FALALKKALKALKKAL,1,Active,Random Forest,stable_correct,net_charge_pH7_4,Net charge (pH 7.4),4.5449249042305215,1.4354566033465588,0.0066666666666668
61,FALALKKALKALKKAL,1,Active,Random Forest,stable_correct,isoelectric_point,Isoelectric point,10.602486610412598,1.1073176517253978,0.0066666666666668
61,FALALKKALKALKKAL,1,Active,Random Forest,stable_correct,mean_eisenberg_hydrophobicity,Mean hydrophobicity,0.14375,0.4179943057011919,0.0066666666666668
61,FALALKKALKALKKAL,1,Active,Random Forest,stable_correct,hydrophobic_moment,Hydrophobic moment,0.5989436322959629,1.3914302390805735,0.0066666666666668
61,FALALKKALKALKKAL,1,Active,Random Forest,stable_correct,boman_index,Boman index,-0.555,-1.1968019133755088,0.0066666666666668
67,FKLAFKLAKKAFL,0,Inactive,Random Forest,persistent_error,length,Length,13.0,-0.7529565220381487,0.3433333333333334
67,FKLAFKLAKKAFL,0,Inactive,Random Forest,persistent_error,molecular_weight,Molecular weight,1524.9324,-0.6808736848755099,0.3433333333333334
67,FKLAFKLAKKAFL,0,Inactive,Random Forest,persistent_error,net_charge_pH7_4,Net charge (pH 7.4),3.5474304968978063,1.0666837457625442,0.3433333333333334
67,FKLAFKLAKKAFL,0,Inactive,Random Forest,persistent_error,isoelectric_point,Isoelectric point,10.477740287780762,1.058291379144496,0.3433333333333334
67,FKLAFKLAKKAFL,0,Inactive,Random Forest,persistent_error,mean_eisenberg_hydrophobicity,Mean hydrophobicity,0.2123076923076923,0.6837799525188397,0.3433333333333334
67,FKLAFKLAKKAFL,0,Inactive,Random Forest,persistent_error,hydrophobic_moment,Hydrophobic moment,0.5025754469180348,0.8066490943819465,0.3433333333333334
67,FKLAFKLAKKAFL,0,Inactive,Random Forest,persistent_error,boman_index,Boman index,-0.5330769230769231,-1.1818241650049834,0.3433333333333334
68,FKRLAKIKVLRLAKIKR,1,Active,Random Forest,persistent_error,length,Length,17.0,0.07805037118688135,0.1233333333333333
68,FKRLAKIKVLRLAKIKR,1,Active,Random Forest,persistent_error,molecular_weight,Molecular weight,2081.6825000000003,0.3344789029286085,0.1233333333333333
68,FKRLAKIKVLRLAKIKR,1,Active,Random Forest,persistent_error,net_charge_pH7_4,Net charge (pH 7.4),7.544849549530399,2.5445262641400994,0.1233333333333333
68,FKRLAKIKVLRLAKIKR,1,Active,Random Forest,persistent_error,isoelectric_point,Isoelectric point,11.999967765808105,1.6565385875063838,0.1233333333333333
68,FKRLAKIKVLRLAKIKR,1,Active,Random Forest,persistent_error,mean_eisenberg_hydrophobicity,Mean hydrophobicity,-0.3152941176470588,-1.3616358659078727,0.1233333333333333
68,FKRLAKIKVLRLAKIKR,1,Active,Random Forest,persistent_error,hydrophobic_moment,Hydrophobic moment,0.4171274170084164,0.2881336056153212,0.1233333333333333
68,FKRLAKIKVLRLAKIKR,1,Active,Random Forest,persistent_error,boman_index,Boman index,2.19235294117647,0.680177362040411,0.1233333333333333
70,FLGALFHALSKLL,1,Active,Random Forest,stable_correct,length,Length,13.0,-0.7529565220381487,-0.0333333333333333
70,FLGALFHALSKLL,1,Active,Random Forest,stable_correct,molecular_weight,Molecular weight,1429.7469,-0.8544647515792764,-0.0333333333333333
70,FLGALFHALSKLL,1,Active,Random Forest,stable_correct,net_charge_pH7_4,Net charge (pH 7.4),0.5915737160757106,-0.026094061972339332,-0.0333333333333333
70,FLGALFHALSKLL,1,Active,Random Forest,stable_correct,isoelectric_point,Isoelectric point,8.757208061218265,0.38210886615271017,-0.0333333333333333
70,FLGALFHALSKLL,1,Active,Random Forest,stable_correct,mean_eisenberg_hydrophobicity,Mean hydrophobicity,0.58,2.109255847933545,-0.0333333333333333
70,FLGALFHALSKLL,1,Active,Random Forest,stable_correct,hydrophobic_moment,Hydrophobic moment,0.4823871653403376,0.6841426223112593,-0.0333333333333333
70,FLGALFHALSKLL,1,Active,Random Forest,stable_correct,boman_index,Boman index,-1.654615384615385,-1.9480542395392373,-0.0333333333333333
72,FLGALFKALSKLL,1,Active,Random Forest,stable_correct,length,Length,13.0,-0.7529565220381487,0.0433333333333333
72,FLGALFKALSKLL,1,Active,Random Forest,stable_correct,molecular_weight,Molecular weight,1420.7799,-0.8708179891536202,0.0433333333333333
72,FLGALFKALSKLL,1,Active,Random Forest,stable_correct,net_charge_pH7_4,Net charge (pH 7.4),1.552441682232378,0.32913803059451513,0.0433333333333333
72,FLGALFKALSKLL,1,Active,Random Forest,stable_correct,isoelectric_point,Isoelectric point,10.002737236022949,0.8716114947124106,0.0433333333333333
72,FLGALFKALSKLL,1,Active,Random Forest,stable_correct,mean_eisenberg_hydrophobicity,Mean hydrophobicity,0.4953846153846153,1.7812174619594494,0.0433333333333333
72,FLGALFKALSKLL,1,Active,Random Forest,stable_correct,hydrophobic_moment,Hydrophobic moment,0.5659568803708914,1.1912601261435805,0.0433333333333333
72,FLGALFKALSKLL,1,Active,Random Forest,stable_correct,boman_index,Boman index,-1.5861538461538462,-1.9012816218207536,0.0433333333333333
78,FLKLLKKLAAKFLPTIICKISYKC,1,Active,Random Forest,stable_correct,length,Length,24.0,1.5323124343306838,0.1477777777777779
78,FLKLLKKLAAKFLPTIICKISYKC,1,Active,Random Forest,stable_correct,molecular_weight,Molecular weight,2783.5687000000003,1.6145181333014424,0.1477777777777779
78,FLKLLKKLAAKFLPTIICKISYKC,1,Active,Random Forest,stable_correct,net_charge_pH7_4,Net charge (pH 7.4),5.490906983795277,1.7851853959492063,0.1477777777777779
78,FLKLLKKLAAKFLPTIICKISYKC,1,Active,Random Forest,stable_correct,isoelectric_point,Isoelectric point,9.928985404968262,0.8426264529384826,0.1477777777777779
78,FLKLLKKLAAKFLPTIICKISYKC,1,Active,Random Forest,stable_correct,mean_eisenberg_hydrophobicity,Mean hydrophobicity,0.21125,0.6796794726941635,0.1477777777777779
78,FLKLLKKLAAKFLPTIICKISYKC,1,Active,Random Forest,stable_correct,hydrophobic_moment,Hydrophobic moment,0.2994180886172191,-0.4261498015938438,0.1477777777777779
78,FLKLLKKLAAKFLPTIICKISYKC,1,Active,Random Forest,stable_correct,boman_index,Boman index,-0.5037499999999999,-1.1617881419654645,0.1477777777777779
80,FLKWLFKWAKK,1,Active,Random Forest,stable_correct,length,Length,11.0,-1.1684599686506636,0.2866666666666665
80,FLKWLFKWAKK,1,Active,Random Forest,stable_correct,molecular_weight,Molecular weight,1494.865,-0.7357080035375837,0.2866666666666665
80,FLKWLFKWAKK,1,Active,Random Forest,stable_correct,net_charge_pH7_4,Net charge (pH 7.4),3.5474304968978063,1.0666837457625442,0.2866666666666665
80,FLKWLFKWAKK,1,Active,Random Forest,stable_correct,isoelectric_point,Isoelectric point,10.477740287780762,1.058291379144496,0.2866666666666665
80,FLKWLFKWAKK,1,Active,Random Forest,stable_correct,mean_eisenberg_hydrophobicity,Mean hydrophobicity,0.0763636363636363,0.1567496861274002,0.2866666666666665
80,FLKWLFKWAKK,1,Active,Random Forest,stable_correct,hydrophobic_moment,Hydrophobic moment,0.7128266034647883,2.082494556423624,0.2866666666666665
80,FLKWLFKWAKK,1,Active,Random Forest,stable_correct,boman_index,Boman index,-0.0063636363636367,-0.8219759968174293,0.2866666666666665
88,GIGKFLKKAKKFAKAFVKIINN,1,Active,Random Forest,stable_correct,length,Length,22.0,1.1168089877181688,0.291111111111111
88,GIGKFLKKAKKFAKAFVKIINN,1,Active,Random Forest,stable_correct,molecular_weight,Molecular weight,2464.0457000000006,1.031799773820349,0.291111111111111
88,GIGKFLKKAKKFAKAFVKIINN,1,Active,Random Forest,stable_correct,net_charge_pH7_4,Net charge (pH 7.4),6.539913718895949,2.1730023185145875,0.291111111111111
88,GIGKFLKKAKKFAKAFVKIINN,1,Active,Random Forest,stable_correct,isoelectric_point,Isoelectric point,10.778420829772951,1.1764611648382053,0.291111111111111
88,GIGKFLKKAKKFAKAFVKIINN,1,Active,Random Forest,stable_correct,mean_eisenberg_hydrophobicity,Mean hydrophobicity,0.0345454545454545,-0.005371764130871697,0.291111111111111
88,GIGKFLKKAKKFAKAFVKIINN,1,Active,Random Forest,stable_correct,hydrophobic_moment,Hydrophobic moment,0.6839899685814352,1.907508171755164,0.291111111111111
88,GIGKFLKKAKKFAKAFVKIINN,1,Active,Random Forest,stable_correct,boman_index,Boman index,0.5527272727272726,-0.4400075814351273,0.291111111111111
90,GLFAVIKKVAAVIKKL,1,Active,Random Forest,stable_correct,length,Length,16.0,-0.12970135211937614,0.1141666666666667
90,GLFAVIKKVAAVIKKL,1,Active,Random Forest,stable_correct,molecular_weight,Molecular weight,1698.1867000000002,-0.3649075056989077,0.1141666666666667
90,GLFAVIKKVAAVIKKL,1,Active,Random Forest,stable_correct,net_charge_pH7_4,Net charge (pH 7.4),3.5474304968978063,1.0666837457625442,0.1141666666666667
90,GLFAVIKKVAAVIKKL,1,Active,Random Forest,stable_correct,isoelectric_point,Isoelectric point,10.477740287780762,1.058291379144496,0.1141666666666667
90,GLFAVIKKVAAVIKKL,1,Active,Random Forest,stable_correct,mean_eisenberg_hydrophobicity,Mean hydrophobicity,0.365,1.2757401308448209,0.1141666666666667
90,GLFAVIKKVAAVIKKL,1,Active,Random Forest,stable_correct,hydrophobic_moment,Hydrophobic moment,0.5337684330905158,0.995934283150166,0.1141666666666667
90,GLFAVIKKVAAVIKKL,1,Active,Random Forest,stable_correct,boman_index,Boman index,-1.1843749999999995,-1.6267881061793457,0.1141666666666667
91,GLFAVIKKVAAVIRRL,1,Active,Random Forest,rescue,length,Length,16.0,-0.12970135211937614,0.4633333333333334
91,GLFAVIKKVAAVIRRL,1,Active,Random Forest,rescue,molecular_weight,Molecular weight,1754.2135000000003,-0.2627306828004765,0.4633333333333334
91,GLFAVIKKVAAVIRRL,1,Active,Random Forest,rescue,net_charge_pH7_4,Net charge (pH 7.4),3.552391445765631,1.068517804456876,0.4633333333333334
91,GLFAVIKKVAAVIRRL,1,Active,Random Forest,rescue,isoelectric_point,Isoelectric point,11.999967765808105,1.6565385875063838,0.4633333333333334
91,GLFAVIKKVAAVIRRL,1,Active,Random Forest,rescue,mean_eisenberg_hydrophobicity,Mean hydrophobicity,0.2399999999999999,0.7911379697467251,0.4633333333333334
91,GLFAVIKKVAAVIRRL,1,Active,Random Forest,rescue,hydrophobic_moment,Hydrophobic moment,0.6137653853350615,1.4813715581440494,0.4633333333333334
91,GLFAVIKKVAAVIRRL,1,Active,Random Forest,rescue,boman_index,Boman index,-0.0131249999999997,-0.8265953302961375,0.4633333333333334
103,GLFDVIKAVASVIGGL,1,Active,Random Forest,rescue,length,Length,16.0,-0.12970135211937614,0.8033333333333332
103,GLFDVIKAVASVIGGL,1,Active,Random Forest,rescue,molecular_weight,Molecular weight,1558.8592000000003,-0.6190009269255551,0.8033333333333332
103,GLFDVIKAVASVIGGL,1,Active,Random Forest,rescue,net_charge_pH7_4,Net charge (pH 7.4),-0.4446062409453315,-0.4091689352878712,0.8033333333333332
103,GLFDVIKAVASVIGGL,1,Active,Random Forest,rescue,isoelectric_point,Isoelectric point,5.835682106018066,-0.7660734995475115,0.8033333333333332
103,GLFDVIKAVASVIGGL,1,Active,Random Forest,rescue,mean_eisenberg_hydrophobicity,Mean hydrophobicity,0.6000000000000001,2.1867921937092407,0.8033333333333332
103,GLFDVIKAVASVIGGL,1,Active,Random Forest,rescue,hydrophobic_moment,Hydrophobic moment,0.4584283569699565,0.5387558504269413,0.8033333333333332
103,GLFDVIKAVASVIGGL,1,Active,Random Forest,rescue,boman_index,Boman index,-1.4718750000000005,-1.8232068238454486,0.8033333333333332
114,KKVVFKVKFK,0,Inactive,Random Forest,stable_correct,length,Length,10.0,-1.3762116919569212,-0.0933333333333333
114,KKVVFKVKFK,0,Inactive,Random Forest,stable_correct,molecular_weight,Molecular weight,1250.6174,-1.1811456114067964,-0.0933333333333333
114,KKVVFKVKFK,0,Inactive,Random Forest,stable_correct,net_charge_pH7_4,Net charge (pH 7.4),4.5449249042305215,1.4354566033465588,-0.0933333333333333
114,KKVVFKVKFK,0,Inactive,Random Forest,stable_correct,isoelectric_point,Isoelectric point,10.602486610412598,1.1073176517253978,-0.0933333333333333
114,KKVVFKVKFK,0,Inactive,Random Forest,stable_correct,mean_eisenberg_hydrophobicity,Mean hydrophobicity,-0.18,-0.8371252915428754,-0.0933333333333333
114,KKVVFKVKFK,0,Inactive,Random Forest,stable_correct,hydrophobic_moment,Hydrophobic moment,0.2258682015320238,-0.8724650143734575,-0.0933333333333333
114,KKVVFKVKFK,0,Inactive,Random Forest,stable_correct,boman_index,Boman index,0.967,-0.15697830193965584,-0.0933333333333333
128,KWKLFKKIGIGKFLHLAKKF,1,Active,Random Forest,stable_correct,length,Length,20.0,0.7013055411056538,-0.0533333333333332
128,KWKLFKKIGIGKFLHLAKKF,1,Active,Random Forest,stable_correct,molecular_weight,Molecular weight,2431.0605000000005,0.9716442243570683,-0.0533333333333332
128,KWKLFKKIGIGKFLHLAKKF,1,Active,Random Forest,stable_correct,net_charge_pH7_4,Net charge (pH 7.4),6.576540160071996,2.1865430835317476,-0.0533333333333332
128,KWKLFKKIGIGKFLHLAKKF,1,Active,Random Forest,stable_correct,isoelectric_point,Isoelectric point,10.778420829772951,1.1764611648382053,-0.0533333333333332
128,KWKLFKKIGIGKFLHLAKKF,1,Active,Random Forest,stable_correct,mean_eisenberg_hydrophobicity,Mean hydrophobicity,0.0595,0.09137244912107555,-0.0533333333333332
128,KWKLFKKIGIGKFLHLAKKF,1,Active,Random Forest,stable_correct,hydrophobic_moment,Hydrophobic moment,0.2543734147443813,-0.6994897617335055,-0.0533333333333332
128,KWKLFKKIGIGKFLHLAKKF,1,Active,Random Forest,stable_correct,boman_index,Boman index,0.1974999999999999,-0.682697269745102,-0.0533333333333332
139,KWKSFLKTFKSLKKTVLHTALKAISS,1,Active,Random Forest,stable_correct,length,Length,26.0,1.947815880943199,-0.0766666666666667
139,KWKSFLKTFKSLKKTVLHTALKAISS,1,Active,Random Forest,stable_correct,molecular_weight,Molecular weight,2991.6138999999994,1.9939329411303488,-0.0766666666666667
139,KWKSFLKTFKSLKKTVLHTALKAISS,1,Active,Random Forest,stable_correct,net_charge_pH7_4,Net charge (pH 7.4),6.576540160071996,2.1865430835317476,-0.0766666666666667
139,KWKSFLKTFKSLKKTVLHTALKAISS,1,Active,Random Forest,stable_correct,isoelectric_point,Isoelectric point,10.778420829772951,1.1764611648382053,-0.0766666666666667
139,KWKSFLKTFKSLKKTVLHTALKAISS,1,Active,Random Forest,stable_correct,mean_eisenberg_hydrophobicity,Mean hydrophobicity,-0.0161538461538461,-0.20192368961121773,-0.0766666666666667
139,KWKSFLKTFKSLKKTVLHTALKAISS,1,Active,Random Forest,stable_correct,hydrophobic_moment,Hydrophobic moment,0.4097974589285517,0.2436539751260044,-0.0766666666666667
139,KWKSFLKTFKSLKKTVLHTALKAISS,1,Active,Random Forest,stable_correct,boman_index,Boman index,0.9334615384615385,-0.17989162927140717,-0.0766666666666667
142,KYKKALKKLAKLL,0,Inactive,Random Forest,regression,length,Length,13.0,-0.7529565220381487,-0.2399999999999998
142,KYKKALKKLAKLL,0,Inactive,Random Forest,regression,molecular_weight,Molecular weight,1545.0085,-0.6442606333681743,-0.2399999999999998
142,KYKKALKKLAKLL,0,Inactive,Random Forest,regression,net_charge_pH7_4,Net charge (pH 7.4),5.539913718895949,1.8033031453932988,-0.2399999999999998
142,KYKKALKKLAKLL,0,Inactive,Random Forest,regression,isoelectric_point,Isoelectric point,10.398315238952636,1.0270767187725725,-0.2399999999999998
142,KYKKALKKLAKLL,0,Inactive,Random Forest,regression,mean_eisenberg_hydrophobicity,Mean hydrophobicity,-0.2384615384615384,-1.063769994579523,-0.2399999999999998
142,KYKKALKKLAKLL,0,Inactive,Random Forest,regression,hydrophobic_moment,Hydrophobic moment,0.7018851503821844,2.016099662369959,-0.2399999999999998
142,KYKKALKKLAKLL,0,Inactive,Random Forest,regression,boman_index,Boman index,0.78,-0.28473586786508587,-0.2399999999999998
145,MPKWKVFKKIEKVGRNIRNGIVKAGPAIAVLGEAKALG,0,Inactive,Random Forest,persistent_error,length,Length,38.0,4.440836560618289,0.0833333333333333
145,MPKWKVFKKIEKVGRNIRNGIVKAGPAIAVLGEAKALG,0,Inactive,Random Forest,persistent_error,molecular_weight,Molecular weight,4088.951700000001,3.9951625321538238,0.0833333333333333
145,MPKWKVFKKIEKVGRNIRNGIVKAGPAIAVLGEAKALG,0,Inactive,Random Forest,persistent_error,net_charge_pH7_4,Net charge (pH 7.4),6.2695406194974,2.073045607232704,0.0833333333333333
145,MPKWKVFKKIEKVGRNIRNGIVKAGPAIAVLGEAKALG,0,Inactive,Random Forest,persistent_error,isoelectric_point,Isoelectric point,10.72878017425537,1.156952002105752,0.0833333333333333
145,MPKWKVFKKIEKVGRNIRNGIVKAGPAIAVLGEAKALG,0,Inactive,Random Forest,persistent_error,mean_eisenberg_hydrophobicity,Mean hydrophobicity,0.0539473684210526,0.06984591101756002,0.0833333333333333
145,MPKWKVFKKIEKVGRNIRNGIVKAGPAIAVLGEAKALG,0,Inactive,Random Forest,persistent_error,hydrophobic_moment,Hydrophobic moment,0.3000237863788378,-0.42247430818290405,0.0833333333333333
145,MPKWKVFKKIEKVGRNIRNGIVKAGPAIAVLGEAKALG,0,Inactive,Random Forest,persistent_error,boman_index,Boman index,0.7499999999999997,-0.3052317340563316,0.0833333333333333
147,VAKKLAKLAKKLAKLAL,1,Active,Random Forest,stable_correct,length,Length,17.0,0.07805037118688135,0.1537222222222222
147,VAKKLAKLAKKLAKLAL,1,Active,Random Forest,stable_correct,molecular_weight,Molecular weight,1807.3576,-0.16581107836480502,0.1537222222222222
147,VAKKLAKLAKKLAKLAL,1,Active,Random Forest,stable_correct,net_charge_pH7_4,Net charge (pH 7.4),5.508117265098505,1.7915480227161944,0.1537222222222222
147,VAKKLAKLAKKLAKLAL,1,Active,Random Forest,stable_correct,isoelectric_point,Isoelectric point,10.699253654479982,1.145347850766191,0.1537222222222222
147,VAKKLAKLAKKLAKLAL,1,Active,Random Forest,stable_correct,mean_eisenberg_hydrophobicity,Mean hydrophobicity,0.0411764705882353,0.02033547350599005,0.1537222222222222
147,VAKKLAKLAKKLAKLAL,1,Active,Random Forest,stable_correct,hydrophobic_moment,Hydrophobic moment,0.6585976675655884,1.7534226839321259,0.1537222222222222
147,VAKKLAKLAKKLAKLAL,1,Active,Random Forest,stable_correct,boman_index,Boman index,-0.2582352941176471,-0.9940535899738749,0.1537222222222222
149,VAKLLAKLAKKVL,0,Inactive,Random Forest,persistent_error,length,Length,13.0,-0.7529565220381487,0.2133333333333333
149,VAKLLAKLAKKVL,0,Inactive,Random Forest,persistent_error,molecular_weight,Molecular weight,1394.8306,-0.9181420738851818,0.2133333333333333
149,VAKLLAKLAKKVL,0,Inactive,Random Forest,persistent_error,net_charge_pH7_4,Net charge (pH 7.4),3.513128450433076,1.0540023075481655,0.2133333333333333
149,VAKLLAKLAKKVL,0,Inactive,Random Forest,persistent_error,isoelectric_point,Isoelectric point,10.477675819396971,1.058266042569518,0.2133333333333333
149,VAKLLAKLAKKVL,0,Inactive,Random Forest,persistent_error,mean_eisenberg_hydrophobicity,Mean hydrophobicity,0.1892307692307692,0.5943149381622681,0.2133333333333333
149,VAKLLAKLAKKVL,0,Inactive,Random Forest,persistent_error,hydrophobic_moment,Hydrophobic moment,0.6863913514848103,1.9220802365666807,0.2133333333333333
149,VAKLLAKLAKKVL,0,Inactive,Random Forest,persistent_error,boman_index,Boman index,-0.8453846153846155,-1.3951913874061543,0.2133333333333333
158,AEGVATADPLMRLAKQLK,0,Inactive,Random Forest,stable_correct,length,Length,18.0,0.28580209449313887,0.0066666666666665
158,AEGVATADPLMRLAKQLK,0,Inactive,Random Forest,stable_correct,molecular_weight,Molecular weight,1912.2580000000005,0.025497181124843067,0.0066666666666665
158,AEGVATADPLMRLAKQLK,0,Inactive,Random Forest,stable_correct,net_charge_pH7_4,Net charge (pH 7.4),0.6043332394583807,-0.021376876728344464,0.0066666666666665
158,AEGVATADPLMRLAKQLK,0,Inactive,Random Forest,stable_correct,isoelectric_point,Isoelectric point,8.634008979797365,0.3336906713712608,0.0066666666666665
158,AEGVATADPLMRLAKQLK,0,Inactive,Random Forest,stable_correct,mean_eisenberg_hydrophobicity,Mean hydrophobicity,0.0044444444444444,-0.12206788050035244,0.0066666666666665
158,AEGVATADPLMRLAKQLK,0,Inactive,Random Forest,stable_correct,hydrophobic_moment,Hydrophobic moment,0.361077177684928,-0.05199029506496194,0.0066666666666665
158,AEGVATADPLMRLAKQLK,0,Inactive,Random Forest,stable_correct,boman_index,Boman index,1.1294444444444445,-0.045996982044837785,0.0066666666666665
166,AGNLDIMTSAALATAERMAQSMLN,0,Inactive,Random Forest,stable_correct,length,Length,24.0,1.5323124343306838,0.0
166,AGNLDIMTSAALATAERMAQSMLN,0,Inactive,Random Forest,stable_correct,molecular_weight,Molecular weight,2480.8363,1.0624210151291213,0.0
166,AGNLDIMTSAALATAERMAQSMLN,0,Inactive,Random Forest,stable_correct,net_charge_pH7_4,Net charge (pH 7.4),-1.3906555752070475,-0.7589225918963733,0.0
166,AGNLDIMTSAALATAERMAQSMLN,0,Inactive,Random Forest,stable_correct,isoelectric_point,Isoelectric point,4.37037296295166,-1.3419513606952007,0.0
166,AGNLDIMTSAALATAERMAQSMLN,0,Inactive,Random Forest,stable_correct,mean_eisenberg_hydrophobicity,Mean hydrophobicity,0.15875,0.4761465650329634,0.0
166,AGNLDIMTSAALATAERMAQSMLN,0,Inactive,Random Forest,stable_correct,hydrophobic_moment,Hydrophobic moment,0.2630663784353652,-0.6467391445240893,0.0
166,AGNLDIMTSAALATAERMAQSMLN,0,Inactive,Random Forest,stable_correct,boman_index,Boman index,0.945,-0.17200860381323585,0.0
167,AHAIGVLLDNL,0,Inactive,Random Forest,stable_correct,length,Length,11.0,-1.1684599686506636,0.0166666666666666
167,AHAIGVLLDNL,0,Inactive,Random Forest,stable_correct,molecular_weight,Molecular weight,1135.3131,-1.3914276021777765,0.0166666666666666
167,AHAIGVLLDNL,0,Inactive,Random Forest,stable_correct,net_charge_pH7_4,Net charge (pH 7.4),-1.3551247767374717,-0.7457868850818321,0.0166666666666666
167,AHAIGVLLDNL,0,Inactive,Random Forest,stable_correct,isoelectric_point,Isoelectric point,5.078188896179198,-1.063774207674558,0.0166666666666666
167,AHAIGVLLDNL,0,Inactive,Random Forest,stable_correct,mean_eisenberg_hydrophobicity,Mean hydrophobicity,0.4945454545454545,1.7779641887101199,0.0166666666666666
167,AHAIGVLLDNL,0,Inactive,Random Forest,stable_correct,hydrophobic_moment,Hydrophobic moment,0.4012201711318436,0.19160530204476026,0.0166666666666666
167,AHAIGVLLDNL,0,Inactive,Random Forest,stable_correct,boman_index,Boman index,-0.7509090909090907,-1.3306461304728845,0.0166666666666666
169,AKQEKIIIQVALNDITHVVELL,0,Inactive,Random Forest,stable_correct,length,Length,22.0,1.1168089877181688,0.0166666666666666
169,AKQEKIIIQVALNDITHVVELL,0,Inactive,Random Forest,stable_correct,molecular_weight,Molecular weight,2487.9315,1.0753606260622637,0.0166666666666666
169,AKQEKIIIQVALNDITHVVELL,0,Inactive,Random Forest,stable_correct,net_charge_pH7_4,Net charge (pH 7.4),-1.357894440192354,-0.7468108273709262,0.0166666666666666
169,AKQEKIIIQVALNDITHVVELL,0,Inactive,Random Forest,stable_correct,isoelectric_point,Isoelectric point,5.447187614440917,-0.9187548486919823,0.0166666666666666
169,AKQEKIIIQVALNDITHVVELL,0,Inactive,Random Forest,stable_correct,mean_eisenberg_hydrophobicity,Mean hydrophobicity,0.2331818181818181,0.7647051245959199,0.0166666666666666
169,AKQEKIIIQVALNDITHVVELL,0,Inactive,Random Forest,stable_correct,hydrophobic_moment,Hydrophobic moment,0.3697933873567896,0.0009013833386029649,0.0166666666666666
169,AKQEKIIIQVALNDITHVVELL,0,Inactive,Random Forest,stable_correct,boman_index,Boman index,0.3731818181818182,-0.5626722351554598,0.0166666666666666
170,AKVVRTALEDAASVAGLLIT,0,Inactive,Random Forest,stable_correct,length,Length,20.0,0.7013055411056538,-0.0066666666666667
170,AKVVRTALEDAASVAGLLIT,0,Inactive,Random Forest,stable_correct,molecular_weight,Molecular weight,1998.324,0.18245689396898762,-0.0066666666666667
170,AKVVRTALEDAASVAGLLIT,0,Inactive,Random Forest,stable_correct,net_charge_pH7_4,Net charge (pH 7.4),-0.3931611678743332,-0.39014973431235883,-0.0066666666666667
170,AKVVRTALEDAASVAGLLIT,0,Inactive,Random Forest,stable_correct,isoelectric_point,Isoelectric point,6.114193153381346,-0.6566164972347237,-0.0066666666666667
170,AKVVRTALEDAASVAGLLIT,0,Inactive,Random Forest,stable_correct,mean_eisenberg_hydrophobicity,Mean hydrophobicity,0.283,0.9578411131644702,-0.0066666666666667
170,AKVVRTALEDAASVAGLLIT,0,Inactive,Random Forest,stable_correct,hydrophobic_moment,Hydrophobic moment,0.406621699469199,0.22438284072988973,-0.0066666666666667
170,AKVVRTALEDAASVAGLLIT,0,Inactive,Random Forest,stable_correct,boman_index,Boman index,0.1375000000000002,-0.7236890021275927,-0.0066666666666667
173,ALYGLLKEEMGEILAK,0,Inactive,Random Forest,stable_correct,length,Length,16.0,-0.12970135211937614,0.04
173,ALYGLLKEEMGEILAK,0,Inactive,Random Forest,stable_correct,molecular_weight,Molecular weight,1778.1175000000003,-0.21913663897566243,0.04
173,ALYGLLKEEMGEILAK,0,Inactive,Random Forest,stable_correct,net_charge_pH7_4,Net charge (pH 7.4),-1.396352197250847,-0.7610286283555506,0.04
173,ALYGLLKEEMGEILAK,0,Inactive,Random Forest,stable_correct,isoelectric_point,Isoelectric point,4.786207008361816,-1.178525354793087,0.04
173,ALYGLLKEEMGEILAK,0,Inactive,Random Forest,stable_correct,mean_eisenberg_hydrophobicity,Mean hydrophobicity,0.23,0.7523697968588778,0.04
173,ALYGLLKEEMGEILAK,0,Inactive,Random Forest,stable_correct,hydrophobic_moment,Hydrophobic moment,0.1789650752067653,-1.1570824303273228,0.04
173,ALYGLLKEEMGEILAK,0,Inactive,Random Forest,stable_correct,boman_index,Boman index,-0.0487500000000001,-0.8509341713982418,0.04
175,APDAEGRAIQAVYWANKWAKEQG,0,Inactive,Random Forest,stable_correct,length,Length,23.0,1.3245607110244264,-0.0133333333333333
175,APDAEGRAIQAVYWANKWAKEQG,0,Inactive,Random Forest,stable_correct,molecular_weight,Molecular weight,2559.7888000000003,1.2064077430858922,-0.0133333333333333
175,APDAEGRAIQAVYWANKWAKEQG,0,Inactive,Random Forest,stable_correct,net_charge_pH7_4,Net charge (pH 7.4),-0.3970515922690603,-0.39158802099418033,-0.0133333333333333
175,APDAEGRAIQAVYWANKWAKEQG,0,Inactive,Random Forest,stable_correct,isoelectric_point,Isoelectric point,6.224460792541504,-0.6132804595843538,-0.0133333333333333
175,APDAEGRAIQAVYWANKWAKEQG,0,Inactive,Random Forest,stable_correct,mean_eisenberg_hydrophobicity,Mean hydrophobicity,-0.0513043478260869,-0.3381957622036186,-0.0133333333333333
175,APDAEGRAIQAVYWANKWAKEQG,0,Inactive,Random Forest,stable_correct,hydrophobic_moment,Hydrophobic moment,0.304754344226066,-0.39376835069168026,-0.0133333333333333
175,APDAEGRAIQAVYWANKWAKEQG,0,Inactive,Random Forest,stable_correct,boman_index,Boman index,1.73304347826087,0.36637918563071226,-0.0133333333333333
177,APEDVRKSSKEVL,0,Inactive,Random Forest,stable_correct,length,Length,13.0,-0.7529565220381487,0.0033333333333332
177,APEDVRKSSKEVL,0,Inactive,Random Forest,stable_correct,molecular_weight,Molecular weight,1457.6283,-0.8036170702917441,0.0033333333333332
177,APEDVRKSSKEVL,0,Inactive,Random Forest,stable_correct,net_charge_pH7_4,Net charge (pH 7.4),-0.3945459996017746,-0.39066170545690604,0.0033333333333332
177,APEDVRKSSKEVL,0,Inactive,Random Forest,stable_correct,isoelectric_point,Isoelectric point,6.225370216369629,-0.6129230489645572,0.0033333333333332
177,APEDVRKSSKEVL,0,Inactive,Random Forest,stable_correct,mean_eisenberg_hydrophobicity,Mean hydrophobicity,-0.3230769230769231,-1.3918083805536186,0.0033333333333332
177,APEDVRKSSKEVL,0,Inactive,Random Forest,stable_correct,hydrophobic_moment,Hydrophobic moment,0.5344739121744981,1.0002152692938213,0.0033333333333332
177,APEDVRKSSKEVL,0,Inactive,Random Forest,stable_correct,boman_index,Boman index,3.103846153846154,1.3029054594106204,0.0033333333333332
179,AQTSRWAAMQIGMSFISAY,0,Inactive,Random Forest,stable_correct,length,Length,19.0,0.49355381779939633,0.0066666666666667
179,AQTSRWAAMQIGMSFISAY,0,Inactive,Random Forest,stable_correct,molecular_weight,Molecular weight,2119.4222,0.40330529749584915,0.0066666666666667
179,AQTSRWAAMQIGMSFISAY,0,Inactive,Random Forest,stable_correct,net_charge_pH7_4,Net charge (pH 7.4),0.6052715870308174,-0.02102997040671424,0.0066666666666667
179,AQTSRWAAMQIGMSFISAY,0,Inactive,Random Forest,stable_correct,isoelectric_point,Isoelectric point,8.792601203918458,0.396018645815198,0.0066666666666667
179,AQTSRWAAMQIGMSFISAY,0,Inactive,Random Forest,stable_correct,mean_eisenberg_hydrophobicity,Mean hydrophobicity,0.2378947368421052,0.7829762491387572,0.0066666666666667
179,AQTSRWAAMQIGMSFISAY,0,Inactive,Random Forest,stable_correct,hydrophobic_moment,Hydrophobic moment,0.1706463967496112,-1.2075618109598085,0.0066666666666667
179,AQTSRWAAMQIGMSFISAY,0,Inactive,Random Forest,stable_correct,boman_index,Boman index,0.5726315789473683,-0.42640904820457215,0.0066666666666667
185,DAAGLASRHKG,0,Inactive,Random Forest,stable_correct,length,Length,11.0,-1.1684599686506636,0.0066666666666667
185,DAAGLASRHKG,0,Inactive,Random Forest,stable_correct,molecular_weight,Molecular weight,1082.1712,-1.4883431944440872,0.0066666666666667
185,DAAGLASRHKG,0,Inactive,Random Forest,stable_correct,net_charge_pH7_4,Net charge (pH 7.4),0.5919950819973421,-0.025938283339530698,0.0066666666666667
185,DAAGLASRHKG,0,Inactive,Random Forest,stable_correct,isoelectric_point,Isoelectric point,8.754887199401857,0.38119674945353,0.0066666666666667
185,DAAGLASRHKG,0,Inactive,Random Forest,stable_correct,mean_eisenberg_hydrophobicity,Mean hydrophobicity,-0.1418181818181818,-0.6891013586983661,0.0066666666666667
185,DAAGLASRHKG,0,Inactive,Random Forest,stable_correct,hydrophobic_moment,Hydrophobic moment,0.1929609899209173,-1.0721524610065483,0.0066666666666667
185,DAAGLASRHKG,0,Inactive,Random Forest,stable_correct,boman_index,Boman index,2.2745454545454544,0.7363309205715062,0.0066666666666667
189,DAMLRTSMVATQLVGLAMMRYV,0,Inactive,Random Forest,stable_correct,length,Length,22.0,1.1168089877181688,-0.0133333333333333
189,DAMLRTSMVATQLVGLAMMRYV,0,Inactive,Random Forest,stable_correct,molecular_weight,Molecular weight,2457.9964,1.0207675846758764,-0.0133333333333333
189,DAMLRTSMVATQLVGLAMMRYV,0,Inactive,Random Forest,stable_correct,net_charge_pH7_4,Net charge (pH 7.4),0.5553435225879215,-0.03948833454679927,-0.0133333333333333
189,DAMLRTSMVATQLVGLAMMRYV,0,Inactive,Random Forest,stable_correct,isoelectric_point,Isoelectric point,8.745345878601075,0.37744693635690263,-0.0133333333333333
189,DAMLRTSMVATQLVGLAMMRYV,0,Inactive,Random Forest,stable_correct,mean_eisenberg_hydrophobicity,Mean hydrophobicity,0.215,0.6942175375271064,-0.0133333333333333
189,DAMLRTSMVATQLVGLAMMRYV,0,Inactive,Random Forest,stable_correct,hydrophobic_moment,Hydrophobic moment,0.2511300301283408,-0.7191712589104825,-0.0133333333333333
189,DAMLRTSMVATQLVGLAMMRYV,0,Inactive,Random Forest,stable_correct,boman_index,Boman index,0.4604545454545454,-0.5030478971445641,-0.0133333333333333
195,DDETREELEELLIQA,0,Inactive,Random Forest,stable_correct,length,Length,15.0,-0.33745307542563363,-0.0033333333333332
195,DDETREELEELLIQA,0,Inactive,Random Forest,stable_correct,molecular_weight,Molecular weight,1802.8872,-0.17396380650714335,-0.0033333333333332
195,DDETREELEELLIQA,0,Inactive,Random Forest,stable_correct,net_charge_pH7_4,Net charge (pH 7.4),-6.436075477657191,-2.624210157881885,-0.0033333333333332
195,DDETREELEELLIQA,0,Inactive,Random Forest,stable_correct,isoelectric_point,Isoelectric point,4.0500284194946286,-1.4678492515186445,-0.0033333333333332
195,DDETREELEELLIQA,0,Inactive,Random Forest,stable_correct,mean_eisenberg_hydrophobicity,Mean hydrophobicity,-0.2386666666666666,-1.0645652391515812,-0.0033333333333332
195,DDETREELEELLIQA,0,Inactive,Random Forest,stable_correct,hydrophobic_moment,Hydrophobic moment,0.2231561759533877,-0.8889221201714673,-0.0033333333333332
195,DDETREELEELLIQA,0,Inactive,Random Forest,stable_correct,boman_index,Boman index,3.535333333333333,1.597695575877525,-0.0033333333333332
197,DDYLKEQVLHMKQYVSDN,0,Inactive,Random Forest,stable_correct,length,Length,18.0,0.28580209449313887,0.0
197,DDYLKEQVLHMKQYVSDN,0,Inactive,Random Forest,stable_correct,molecular_weight,Molecular weight,2225.4333,0.5966391553989933,0.0
197,DDYLKEQVLHMKQYVSDN,0,Inactive,Random Forest,stable_correct,net_charge_pH7_4,Net charge (pH 7.4),-2.413482848521288,-1.1370609890865506,0.0
197,DDYLKEQVLHMKQYVSDN,0,Inactive,Random Forest,stable_correct,isoelectric_point,Isoelectric point,4.658717155456543,-1.228629856055859,0.0
197,DDYLKEQVLHMKQYVSDN,0,Inactive,Random Forest,stable_correct,mean_eisenberg_hydrophobicity,Mean hydrophobicity,-0.2188888888888888,-0.9878904083289493,0.0
197,DDYLKEQVLHMKQYVSDN,0,Inactive,Random Forest,stable_correct,hydrophobic_moment,Hydrophobic moment,0.2605061050069643,-0.662275388361515,0.0
197,DDYLKEQVLHMKQYVSDN,0,Inactive,Random Forest,stable_correct,boman_index,Boman index,2.77,1.0748232561541964,0.0
198,DEAAFQKLMSNLD,0,Inactive,Random Forest,stable_correct,length,Length,13.0,-0.7529565220381487,0.0
198,DEAAFQKLMSNLD,0,Inactive,Random Forest,stable_correct,molecular_weight,Molecular weight,1481.6262999999997,-0.7598515974123988,0.0
198,DEAAFQKLMSNLD,0,Inactive,Random Forest,stable_correct,net_charge_pH7_4,Net charge (pH 7.4),-2.441769684558424,-1.1475186089796974,0.0
198,DEAAFQKLMSNLD,0,Inactive,Random Forest,stable_correct,isoelectric_point,Isoelectric point,4.274371910095215,-1.3796805192475068,0.0
198,DEAAFQKLMSNLD,0,Inactive,Random Forest,stable_correct,mean_eisenberg_hydrophobicity,Mean hydrophobicity,-0.0438461538461538,-0.3092817068391035,0.0
198,DEAAFQKLMSNLD,0,Inactive,Random Forest,stable_correct,hydrophobic_moment,Hydrophobic moment,0.3080720028531845,-0.3736361441747983,0.0
198,DEAAFQKLMSNLD,0,Inactive,Random Forest,stable_correct,boman_index,Boman index,2.045384615384615,0.5797692573810367,0.0
212,DFPALIKQASLDALFK,0,Inactive,Random Forest,stable_correct,length,Length,16.0,-0.12970135211937614,0.0799999999999999
212,DFPALIKQASLDALFK,0,Inactive,Random Forest,stable_correct,molecular_weight,Molecular weight,1777.0681000000002,-0.22105044376104416,0.0799999999999999
212,DFPALIKQASLDALFK,0,Inactive,Random Forest,stable_correct,net_charge_pH7_4,Net charge (pH 7.4),-0.446665349457612,-0.4099301860022283,0.0799999999999999
212,DFPALIKQASLDALFK,0,Inactive,Random Forest,stable_correct,isoelectric_point,Isoelectric point,5.959761619567872,-0.7173092881089769,0.0799999999999999
212,DFPALIKQASLDALFK,0,Inactive,Random Forest,stable_correct,mean_eisenberg_hydrophobicity,Mean hydrophobicity,0.203125,0.6481803322227873,0.0799999999999999
212,DFPALIKQASLDALFK,0,Inactive,Random Forest,stable_correct,hydrophobic_moment,Hydrophobic moment,0.1660651992463658,-1.2353614204422543,0.0799999999999999
212,DFPALIKQASLDALFK,0,Inactive,Random Forest,stable_correct,boman_index,Boman index,0.400625,-0.5439231757418774,0.0799999999999999
216,DGGGFVISKHPVRLAKKLNR,0,Inactive,Random Forest,stable_correct,length,Length,20.0,0.7013055411056538,0.1333333333333333
216,DGGGFVISKHPVRLAKKLNR,0,Inactive,Random Forest,stable_correct,molecular_weight,Molecular weight,2192.5658000000008,0.536698256996548,0.1333333333333333
216,DGGGFVISKHPVRLAKKLNR,0,Inactive,Random Forest,stable_correct,net_charge_pH7_4,Net charge (pH 7.4),3.586958778429397,1.0812973187596788,0.1333333333333333
216,DGGGFVISKHPVRLAKKLNR,0,Inactive,Random Forest,stable_correct,isoelectric_point,Isoelectric point,11.097216987609862,1.3017505281005086,0.1333333333333333
216,DGGGFVISKHPVRLAKKLNR,0,Inactive,Random Forest,stable_correct,mean_eisenberg_hydrophobicity,Mean hydrophobicity,-0.1289999999999999,-0.639407609814852,0.1333333333333333
216,DGGGFVISKHPVRLAKKLNR,0,Inactive,Random Forest,stable_correct,hydrophobic_moment,Hydrophobic moment,0.4814575035363016,0.6785012512320518,0.1333333333333333
216,DGGGFVISKHPVRLAKKLNR,0,Inactive,Random Forest,stable_correct,boman_index,Boman index,1.9730000000000003,0.5303164110067755,0.1333333333333333
217,DHAVLEVLATPVREALLARFG,0,Inactive,Random Forest,stable_correct,length,Length,21.0,0.9090572644119114,-0.0033333333333332
217,DHAVLEVLATPVREALLARFG,0,Inactive,Random Forest,stable_correct,molecular_weight,Molecular weight,2277.6206,0.6918138309051313,-0.0033333333333332
217,DHAVLEVLATPVREALLARFG,0,Inactive,Random Forest,stable_correct,net_charge_pH7_4,Net charge (pH 7.4),-1.4032829216890566,-0.7635909114494882,-0.0033333333333332
217,DHAVLEVLATPVREALLARFG,0,Inactive,Random Forest,stable_correct,isoelectric_point,Isoelectric point,5.445482444763183,-0.9194249936041015,-0.0033333333333332
217,DHAVLEVLATPVREALLARFG,0,Inactive,Random Forest,stable_correct,mean_eisenberg_hydrophobicity,Mean hydrophobicity,0.1976190476190477,0.6268347608410857,-0.0033333333333332
217,DHAVLEVLATPVREALLARFG,0,Inactive,Random Forest,stable_correct,hydrophobic_moment,Hydrophobic moment,0.1084929838605369,-1.5847209718764554,-0.0033333333333332
217,DHAVLEVLATPVREALLARFG,0,Inactive,Random Forest,stable_correct,boman_index,Boman index,0.7833333333333333,-0.2824585493993919,-0.0033333333333332
229,DLESDALGWQYITG,0,Inactive,Random Forest,stable_correct,length,Length,14.0,-0.5452047987318911,-0.0033333333333332
229,DLESDALGWQYITG,0,Inactive,Random Forest,stable_correct,molecular_weight,Molecular weight,1567.6509,-0.6029673863007807,-0.0033333333333332
229,DLESDALGWQYITG,0,Inactive,Random Forest,stable_correct,net_charge_pH7_4,Net charge (pH 7.4),-3.4430389958504817,-1.5176870454360933,-0.0033333333333332
229,DLESDALGWQYITG,0,Inactive,Random Forest,stable_correct,isoelectric_point,Isoelectric point,4.0500284194946286,-1.4678492515186445,-0.0033333333333332
229,DLESDALGWQYITG,0,Inactive,Random Forest,stable_correct,mean_eisenberg_hydrophobicity,Mean hydrophobicity,0.1878571428571429,0.5889896396886629,-0.0033333333333332
229,DLESDALGWQYITG,0,Inactive,Random Forest,stable_correct,hydrophobic_moment,Hydrophobic moment,0.0644502163018232,-1.851981167009061,-0.0033333333333332
229,DLESDALGWQYITG,0,Inactive,Random Forest,stable_correct,boman_index,Boman index,1.0799999999999998,-0.07977720595263135,-0.0033333333333332
235,DLRELIARVRALIRRKS,0,Inactive,Random Forest,stable_correct,length,Length,17.0,0.07805037118688135,-0.12
235,DLRELIARVRALIRRKS,0,Inactive,Random Forest,stable_correct,molecular_weight,Molecular weight,2065.4696000000004,0.3049112208198682,-0.12
235,DLRELIARVRALIRRKS,0,Inactive,Random Forest,stable_correct,net_charge_pH7_4,Net charge (pH 7.4),3.556388928827646,1.069995670639469,-0.12
235,DLRELIARVRALIRRKS,0,Inactive,Random Forest,stable_correct,isoelectric_point,Isoelectric point,11.82919101715088,1.5894220003917545,-0.12
235,DLRELIARVRALIRRKS,0,Inactive,Random Forest,stable_correct,mean_eisenberg_hydrophobicity,Mean hydrophobicity,-0.4341176470588235,-1.822292979045827,-0.12
235,DLRELIARVRALIRRKS,0,Inactive,Random Forest,stable_correct,hydrophobic_moment,Hydrophobic moment,0.496292472628917,0.7685227679133789,-0.12
235,DLRELIARVRALIRRKS,0,Inactive,Random Forest,stable_correct,boman_index,Boman index,3.930588235294117,1.8677319619449273,-0.12
239,DMNQVLDAYEN,0,Inactive,Random Forest,stable_correct,length,Length,11.0,-1.1684599686506636,0.0
239,DMNQVLDAYEN,0,Inactive,Random Forest,stable_correct,molecular_weight,Molecular weight,1311.3742,-1.0703426243813838,0.0
239,DMNQVLDAYEN,0,Inactive,Random Forest,stable_correct,net_charge_pH7_4,Net charge (pH 7.4),-3.4430389958504817,-1.5176870454360933,0.0
239,DMNQVLDAYEN,0,Inactive,Random Forest,stable_correct,isoelectric_point,Isoelectric point,4.0500284194946286,-1.4678492515186445,0.0
239,DMNQVLDAYEN,0,Inactive,Random Forest,stable_correct,mean_eisenberg_hydrophobicity,Mean hydrophobicity,-0.1118181818181818,-0.5727968400348233,0.0
239,DMNQVLDAYEN,0,Inactive,Random Forest,stable_correct,hydrophobic_moment,Hydrophobic moment,0.4310078018548522,0.3723625169258719,0.0
239,DMNQVLDAYEN,0,Inactive,Random Forest,stable_correct,boman_index,Boman index,2.735454545454546,1.0512219556915503,0.0
252,DPLWKKEMFEKYLSN,0,Inactive,Random Forest,stable_correct,length,Length,15.0,-0.33745307542563363,0.0033333333333332
252,DPLWKKEMFEKYLSN,0,Inactive,Random Forest,stable_correct,molecular_weight,Molecular weight,1928.2108000000003,0.054590515392266316,0.0033333333333332
252,DPLWKKEMFEKYLSN,0,Inactive,Random Forest,stable_correct,net_charge_pH7_4,Net charge (pH 7.4),-0.4498814970674991,-0.4111191931142396,0.0033333333333332
252,DPLWKKEMFEKYLSN,0,Inactive,Random Forest,stable_correct,isoelectric_point,Isoelectric point,6.179899024963378,-0.6307935799544004,0.0033333333333332
252,DPLWKKEMFEKYLSN,0,Inactive,Random Forest,stable_correct,mean_eisenberg_hydrophobicity,Mean hydrophobicity,-0.174,-0.8138643878101668,0.0033333333333332
252,DPLWKKEMFEKYLSN,0,Inactive,Random Forest,stable_correct,hydrophobic_moment,Hydrophobic moment,0.1309524671583278,-1.4484324000753515,0.0033333333333332
252,DPLWKKEMFEKYLSN,0,Inactive,Random Forest,stable_correct,boman_index,Boman index,2.111333333333333,0.6248251273330737,0.0033333333333332
261,DQNGEIYMWPVAQA,0,Inactive,Random Forest,stable_correct,length,Length,14.0,-0.5452047987318911,-0.0033333333333332
261,DQNGEIYMWPVAQA,0,Inactive,Random Forest,stable_correct,molecular_weight,Molecular weight,1621.7677,-0.5042738558933719,-0.0033333333333332
261,DQNGEIYMWPVAQA,0,Inactive,Random Forest,stable_correct,net_charge_pH7_4,Net charge (pH 7.4),-2.443485480005487,-1.1481529371377217,-0.0033333333333332
261,DQNGEIYMWPVAQA,0,Inactive,Random Forest,stable_correct,isoelectric_point,Isoelectric point,4.0500284194946286,-1.4678492515186445,-0.0033333333333332
261,DQNGEIYMWPVAQA,0,Inactive,Random Forest,stable_correct,mean_eisenberg_hydrophobicity,Mean hydrophobicity,0.1378571428571429,0.3951487752494247,-0.0033333333333332
261,DQNGEIYMWPVAQA,0,Inactive,Random Forest,stable_correct,hydrophobic_moment,Hydrophobic moment,0.1588075041909526,-1.2794025446549155,-0.0033333333333332
261,DQNGEIYMWPVAQA,0,Inactive,Random Forest,stable_correct,boman_index,Boman index,1.0850000000000002,-0.07636122825409021,-0.0033333333333332
271,DSVASLLDVVKSTG,0,Inactive,Random Forest,stable_correct,length,Length,14.0,-0.5452047987318911,0.0033333333333332
271,DSVASLLDVVKSTG,0,Inactive,Random Forest,stable_correct,molecular_weight,Molecular weight,1390.5356,-0.9259749227066166,0.0033333333333332
271,DSVASLLDVVKSTG,0,Inactive,Random Forest,stable_correct,net_charge_pH7_4,Net charge (pH 7.4),-1.4441597567903264,-0.778703043586243,0.0033333333333332
271,DSVASLLDVVKSTG,0,Inactive,Random Forest,stable_correct,isoelectric_point,Isoelectric point,4.207813453674317,-1.4058385089838892,0.0033333333333332
271,DSVASLLDVVKSTG,0,Inactive,Random Forest,stable_correct,mean_eisenberg_hydrophobicity,Mean hydrophobicity,0.1935714285714286,0.6111428813388615,0.0033333333333332
271,DSVASLLDVVKSTG,0,Inactive,Random Forest,stable_correct,hydrophobic_moment,Hydrophobic moment,0.4098819957295438,0.2441669610980808,0.0033333333333332
271,DSVASLLDVVKSTG,0,Inactive,Random Forest,stable_correct,boman_index,Boman index,0.7892857142857145,-0.2783919092820812,0.0033333333333332
282,DWYRTYAELRETA,0,Inactive,Random Forest,stable_correct,length,Length,13.0,-0.7529565220381487,0.0
282,DWYRTYAELRETA,0,Inactive,Random Forest,stable_correct,molecular_weight,Molecular weight,1673.7796,-0.4094190597081373,0.0
282,DWYRTYAELRETA,0,Inactive,Random Forest,stable_correct,net_charge_pH7_4,Net charge (pH 7.4),-1.4449205481996747,-0.7789843075411969,0.0
282,DWYRTYAELRETA,0,Inactive,Random Forest,stable_correct,isoelectric_point,Isoelectric point,4.679122352600097,-1.2206104552741672,0.0
282,DWYRTYAELRETA,0,Inactive,Random Forest,stable_correct,mean_eisenberg_hydrophobicity,Mean hydrophobicity,-0.293076923076923,-1.2755038618900754,0.0
282,DWYRTYAELRETA,0,Inactive,Random Forest,stable_correct,hydrophobic_moment,Hydrophobic moment,0.4073577608108996,0.22884940604166792,0.0
282,DWYRTYAELRETA,0,Inactive,Random Forest,stable_correct,boman_index,Boman index,3.594615384615385,1.6381968088981747,0.0
288,EDKEAVFDVVDTLTAVLQVATGVISTL,0,Inactive,Random Forest,stable_correct,length,Length,27.0,2.1555676042494563,-0.1133333333333332
288,EDKEAVFDVVDTLTAVLQVATGVISTL,0,Inactive,Random Forest,stable_correct,molecular_weight,Molecular weight,2834.1750999999995,1.7068097003787535,-0.1133333333333332
288,EDKEAVFDVVDTLTAVLQVATGVISTL,0,Inactive,Random Forest,stable_correct,net_charge_pH7_4,Net charge (pH 7.4),-4.332643959934803,-1.8465732650626607,-0.1133333333333332
288,EDKEAVFDVVDTLTAVLQVATGVISTL,0,Inactive,Random Forest,stable_correct,isoelectric_point,Isoelectric point,4.0500284194946286,-1.4678492515186445,-0.1133333333333332
288,EDKEAVFDVVDTLTAVLQVATGVISTL,0,Inactive,Random Forest,stable_correct,mean_eisenberg_hydrophobicity,Mean hydrophobicity,0.2937037037037037,0.9993374167370183,-0.1133333333333332
288,EDKEAVFDVVDTLTAVLQVATGVISTL,0,Inactive,Random Forest,stable_correct,hydrophobic_moment,Hydrophobic moment,0.3172138853343177,-0.3181613992571478,-0.1133333333333332
288,EDKEAVFDVVDTLTAVLQVATGVISTL,0,Inactive,Random Forest,stable_correct,boman_index,Boman index,0.417777777777778,-0.5322044744704939,-0.1133333333333332
301,EGKDRELYGKLHETLKKVTEDLEA,0,Inactive,Random Forest,stable_correct,length,Length,24.0,1.5323124343306838,-0.0066666666666665
301,EGKDRELYGKLHETLKKVTEDLEA,0,Inactive,Random Forest,stable_correct,molecular_weight,Molecular weight,2802.0972000000006,1.6483088060343778,-0.0066666666666665
301,EGKDRELYGKLHETLKKVTEDLEA,0,Inactive,Random Forest,stable_correct,net_charge_pH7_4,Net charge (pH 7.4),-2.303149208996744,-1.0962707337868642,-0.0066666666666665
301,EGKDRELYGKLHETLKKVTEDLEA,0,Inactive,Random Forest,stable_correct,isoelectric_point,Isoelectric point,5.094388008117675,-1.0574078310094266,-0.0066666666666665
301,EGKDRELYGKLHETLKKVTEDLEA,0,Inactive,Random Forest,stable_correct,mean_eisenberg_hydrophobicity,Mean hydrophobicity,-0.2983333333333333,-1.2958820040490724,-0.0066666666666665
301,EGKDRELYGKLHETLKKVTEDLEA,0,Inactive,Random Forest,stable_correct,hydrophobic_moment,Hydrophobic moment,0.3345743561016327,-0.21281464059396438,-0.0066666666666665
301,EGKDRELYGKLHETLKKVTEDLEA,0,Inactive,Random Forest,stable_correct,boman_index,Boman index,2.964166666666667,1.2074770567808686,-0.0066666666666665
302,EGNKRLDSVNSIVS,0,Inactive,Random Forest,stable_correct,length,Length,14.0,-0.5452047987318911,0.0033333333333332
302,EGNKRLDSVNSIVS,0,Inactive,Random Forest,stable_correct,molecular_weight,Molecular weight,1517.6402999999998,-0.694172384966496,0.0033333333333332
302,EGNKRLDSVNSIVS,0,Inactive,Random Forest,stable_correct,net_charge_pH7_4,Net charge (pH 7.4),-0.334682807418031,-0.36853033280617525,0.0033333333333332
302,EGNKRLDSVNSIVS,0,Inactive,Random Forest,stable_correct,isoelectric_point,Isoelectric point,6.168474388122559,-0.635283550865598,0.0033333333333332
302,EGNKRLDSVNSIVS,0,Inactive,Random Forest,stable_correct,mean_eisenberg_hydrophobicity,Mean hydrophobicity,-0.1828571428571428,-0.8482019123679745,0.0033333333333332
302,EGNKRLDSVNSIVS,0,Inactive,Random Forest,stable_correct,hydrophobic_moment,Hydrophobic moment,0.3577945663180282,-0.07190982789841963,0.0033333333333332
302,EGNKRLDSVNSIVS,0,Inactive,Random Forest,stable_correct,boman_index,Boman index,2.901428571428571,1.1646146699444142,0.0033333333333332
309,EKETFREKFMQH,0,Inactive,Random Forest,stable_correct,length,Length,12.0,-0.9607082453444061,0.0333333333333333
309,EKETFREKFMQH,0,Inactive,Random Forest,stable_correct,molecular_weight,Molecular weight,1609.8036000000002,-0.5260929447372664,0.0333333333333333
309,EKETFREKFMQH,0,Inactive,Random Forest,stable_correct,net_charge_pH7_4,Net charge (pH 7.4),-0.2987669211845851,-0.35525225936375204,0.0333333333333333
309,EKETFREKFMQH,0,Inactive,Random Forest,stable_correct,isoelectric_point,Isoelectric point,6.861625862121582,-0.3628696440891793,0.0333333333333333
309,EKETFREKFMQH,0,Inactive,Random Forest,stable_correct,mean_eisenberg_hydrophobicity,Mean hydrophobicity,-0.4983333333333333,-2.071245461806025,0.0333333333333333
309,EKETFREKFMQH,0,Inactive,Random Forest,stable_correct,hydrophobic_moment,Hydrophobic moment,0.1208031557194723,-1.5100204224900202,0.0333333333333333
309,EKETFREKFMQH,0,Inactive,Random Forest,stable_correct,boman_index,Boman index,4.2425,2.0808286883744946,0.0333333333333333
315,EPGQRKIVMHK,0,Inactive,Random Forest,stable_correct,length,Length,11.0,-1.1684599686506636,-0.01
315,EPGQRKIVMHK,0,Inactive,Random Forest,stable_correct,molecular_weight,Molecular weight,1322.5792,-1.0499079163385023,-0.01
315,EPGQRKIVMHK,0,Inactive,Random Forest,stable_correct,net_charge_pH7_4,Net charge (pH 7.4),1.698991556935726,0.38331739809337134,-0.01
315,EPGQRKIVMHK,0,Inactive,Random Forest,stable_correct,isoelectric_point,Isoelectric point,9.9959680557251,0.8689511543398049,-0.01
315,EPGQRKIVMHK,0,Inactive,Random Forest,stable_correct,mean_eisenberg_hydrophobicity,Mean hydrophobicity,-0.3409090909090909,-1.4609404371018782,-0.01
315,EPGQRKIVMHK,0,Inactive,Random Forest,stable_correct,hydrophobic_moment,Hydrophobic moment,0.2065639140782027,-0.989607235850032,-0.01
315,EPGQRKIVMHK,0,Inactive,Random Forest,stable_correct,boman_index,Boman index,2.7981818181818183,1.0940769486368818,-0.01
316,EQEILRQVKKAYDRAARLG,0,Inactive,Random Forest,stable_correct,length,Length,19.0,0.49355381779939633,0.02
316,EQEILRQVKKAYDRAARLG,0,Inactive,Random Forest,stable_correct,molecular_weight,Molecular weight,2244.5528,0.6315076427194636,0.02
316,EQEILRQVKKAYDRAARLG,0,Inactive,Random Forest,stable_correct,net_charge_pH7_4,Net charge (pH 7.4),1.6613765317204954,0.36941115437436417,0.02
316,EQEILRQVKKAYDRAARLG,0,Inactive,Random Forest,stable_correct,isoelectric_point,Isoelectric point,9.695803260803224,0.7509840612459134,0.02
316,EQEILRQVKKAYDRAARLG,0,Inactive,Random Forest,stable_correct,mean_eisenberg_hydrophobicity,Mean hydrophobicity,-0.3831578947368421,-1.62473133021178,0.02
316,EQEILRQVKKAYDRAARLG,0,Inactive,Random Forest,stable_correct,hydrophobic_moment,Hydrophobic moment,0.7098656176369683,2.064526710759223,0.02
316,EQEILRQVKKAYDRAARLG,0,Inactive,Random Forest,stable_correct,boman_index,Boman index,3.381578947368421,1.4926512651757264,0.02
326,EVNRNFGERINDLRILILLL,0,Inactive,Random Forest,stable_correct,length,Length,20.0,0.7013055411056538,0.0033333333333332
326,EVNRNFGERINDLRILILLL,0,Inactive,Random Forest,stable_correct,molecular_weight,Molecular weight,2410.8125,0.9347176765255398,0.0033333333333332
326,EVNRNFGERINDLRILILLL,0,Inactive,Random Forest,stable_correct,net_charge_pH7_4,Net charge (pH 7.4),-0.3311066902776476,-0.3672082452563906,0.0033333333333332
326,EVNRNFGERINDLRILILLL,0,Inactive,Random Forest,stable_correct,isoelectric_point,Isoelectric point,6.281413459777832,-0.5908976195195754,0.0033333333333332
326,EVNRNFGERINDLRILILLL,0,Inactive,Random Forest,stable_correct,mean_eisenberg_hydrophobicity,Mean hydrophobicity,0.013,-0.08889955480741597,0.0033333333333332
326,EVNRNFGERINDLRILILLL,0,Inactive,Random Forest,stable_correct,hydrophobic_moment,Hydrophobic moment,0.319814792655498,-0.302378580948698,0.0033333333333332
326,EVNRNFGERINDLRILILLL,0,Inactive,Random Forest,stable_correct,boman_index,Boman index,1.9849999999999997,0.5385147574832733,0.0033333333333332
329,EYKYYKLKLAEMQR,0,Inactive,Random Forest,stable_correct,length,Length,14.0,-0.5452047987318911,0.0
329,EYKYYKLKLAEMQR,0,Inactive,Random Forest,stable_correct,molecular_weight,Molecular weight,1863.1838,-0.06400009236359872,0.0
329,EYKYYKLKLAEMQR,0,Inactive,Random Forest,stable_correct,net_charge_pH7_4,Net charge (pH 7.4),1.6534635060303802,0.36648571531984103,0.0
329,EYKYYKLKLAEMQR,0,Inactive,Random Forest,stable_correct,isoelectric_point,Isoelectric point,9.31228084564209,0.6002567767064889,0.0
329,EYKYYKLKLAEMQR,0,Inactive,Random Forest,stable_correct,mean_eisenberg_hydrophobicity,Mean hydrophobicity,-0.3635714285714285,-1.5487981795555068,0.0
329,EYKYYKLKLAEMQR,0,Inactive,Random Forest,stable_correct,hydrophobic_moment,Hydrophobic moment,0.2397512106630324,-0.7882201783868277,0.0
329,EYKYYKLKLAEMQR,0,Inactive,Random Forest,stable_correct,boman_index,Boman index,2.6535714285714285,0.9952797754596009,0.0
341,FKSVQNSLQRILYLWAIRH,0,Inactive,Random Forest,stable_correct,length,Length,19.0,0.49355381779939633,0.0066666666666665
341,FKSVQNSLQRILYLWAIRH,0,Inactive,Random Forest,stable_correct,molecular_weight,Molecular weight,2372.7677,0.8653348670164078,0.0066666666666665
341,FKSVQNSLQRILYLWAIRH,0,Inactive,Random Forest,stable_correct,net_charge_pH7_4,Net charge (pH 7.4),2.589017886941678,0.7123593963527471,0.0066666666666665
341,FKSVQNSLQRILYLWAIRH,0,Inactive,Random Forest,stable_correct,isoelectric_point,Isoelectric point,11.00044994354248,1.263720329059716,0.0066666666666665
341,FKSVQNSLQRILYLWAIRH,0,Inactive,Random Forest,stable_correct,mean_eisenberg_hydrophobicity,Mean hydrophobicity,0.0184210526315789,-0.06788312424189874,0.0066666666666665
341,FKSVQNSLQRILYLWAIRH,0,Inactive,Random Forest,stable_correct,hydrophobic_moment,Hydrophobic moment,0.332308528422048,-0.2265641295872568,0.0066666666666665
341,FKSVQNSLQRILYLWAIRH,0,Inactive,Random Forest,stable_correct,boman_index,Boman index,1.5236842105263153,0.22334586771789341,0.0066666666666665
345,FNQRRISSAKFLGELYNY,0,Inactive,Random Forest,stable_correct,length,Length,18.0,0.28580209449313887,-0.0166666666666666
345,FNQRRISSAKFLGELYNY,0,Inactive,Random Forest,stable_correct,molecular_weight,Molecular weight,2206.458000000001,0.5620336475430294,-0.0166666666666666
345,FNQRRISSAKFLGELYNY,0,Inactive,Random Forest,stable_correct,net_charge_pH7_4,Net charge (pH 7.4),1.5510066140381902,0.32860748706975124,-0.0166666666666666
345,FNQRRISSAKFLGELYNY,0,Inactive,Random Forest,stable_correct,isoelectric_point,Isoelectric point,9.696641349792484,0.7513134367206181,-0.0166666666666666
345,FNQRRISSAKFLGELYNY,0,Inactive,Random Forest,stable_correct,mean_eisenberg_hydrophobicity,Mean hydrophobicity,-0.1327777777777778,-0.6540533640169283,-0.0166666666666666
345,FNQRRISSAKFLGELYNY,0,Inactive,Random Forest,stable_correct,hydrophobic_moment,Hydrophobic moment,0.1555347226402029,-1.2992624282263487,-0.0166666666666666
345,FNQRRISSAKFLGELYNY,0,Inactive,Random Forest,stable_correct,boman_index,Boman index,2.4794444444444443,0.8763169965612079,-0.0166666666666666
349,FPQLTQNNSRE,0,Inactive,Random Forest,stable_correct,length,Length,11.0,-1.1684599686506636,-0.01
349,FPQLTQNNSRE,0,Inactive,Random Forest,stable_correct,molecular_weight,Molecular weight,1333.4063999999998,-1.0301622071977719,-0.01
349,FPQLTQNNSRE,0,Inactive,Random Forest,stable_correct,net_charge_pH7_4,Net charge (pH 7.4),-0.4393590030698826,-0.40722903578414704,-0.01
349,FPQLTQNNSRE,0,Inactive,Random Forest,stable_correct,isoelectric_point,Isoelectric point,6.218208503723144,-0.6157376575954576,-0.01
349,FPQLTQNNSRE,0,Inactive,Random Forest,stable_correct,mean_eisenberg_hydrophobicity,Mean hydrophobicity,-0.3918181818181818,-1.658305680894557,-0.01
349,FPQLTQNNSRE,0,Inactive,Random Forest,stable_correct,hydrophobic_moment,Hydrophobic moment,0.4683122479772165,0.5987332493437604,-0.01
349,FPQLTQNNSRE,0,Inactive,Random Forest,stable_correct,boman_index,Boman index,4.014545454545455,1.9250911596637432,-0.01
352,FTELQRDFLRN,0,Inactive,Random Forest,stable_correct,length,Length,11.0,-1.1684599686506636,0.1066666666666665
352,FTELQRDFLRN,0,Inactive,Random Forest,stable_correct,molecular_weight,Molecular weight,1438.5866,-0.8383436727138895,0.1066666666666665
352,FTELQRDFLRN,0,Inactive,Random Forest,stable_correct,net_charge_pH7_4,Net charge (pH 7.4),-0.4410301238049481,-0.4078468477380866,0.1066666666666665
352,FTELQRDFLRN,0,Inactive,Random Forest,stable_correct,isoelectric_point,Isoelectric point,6.070427131652831,-0.6738168833124473,0.1066666666666665
352,FTELQRDFLRN,0,Inactive,Random Forest,stable_correct,mean_eisenberg_hydrophobicity,Mean hydrophobicity,-0.3381818181818182,-1.4503672990415564,0.1066666666666665
352,FTELQRDFLRN,0,Inactive,Random Forest,stable_correct,hydrophobic_moment,Hydrophobic moment,0.7164331025507301,2.1043795037800637,0.1066666666666665
352,FTELQRDFLRN,0,Inactive,Random Forest,stable_correct,boman_index,Boman index,4.029090909090909,1.935028549332226,0.1066666666666665
357,GAGTSVNMNTNEVLANIGLELM,0,Inactive,Random Forest,stable_correct,length,Length,22.0,1.1168089877181688,0.0
357,GAGTSVNMNTNEVLANIGLELM,0,Inactive,Random Forest,stable_correct,molecular_weight,Molecular weight,2248.5329,0.6387662042082166,0.0
357,GAGTSVNMNTNEVLANIGLELM,0,Inactive,Random Forest,stable_correct,net_charge_pH7_4,Net charge (pH 7.4),-2.440305610553361,-1.1469773420306373,0.0
357,GAGTSVNMNTNEVLANIGLELM,0,Inactive,Random Forest,stable_correct,isoelectric_point,Isoelectric point,4.0500284194946286,-1.4678492515186445,0.0
357,GAGTSVNMNTNEVLANIGLELM,0,Inactive,Random Forest,stable_correct,mean_eisenberg_hydrophobicity,Mean hydrophobicity,0.2718181818181818,0.9144912471171497,0.0
357,GAGTSVNMNTNEVLANIGLELM,0,Inactive,Random Forest,stable_correct,hydrophobic_moment,Hydrophobic moment,0.1553357327482075,-1.3004699381153042,0.0
357,GAGTSVNMNTNEVLANIGLELM,0,Inactive,Random Forest,stable_correct,boman_index,Boman index,0.4463636363636361,-0.5126747433859068,0.0
359,GAQYIQAAGVALGLKMR,0,Inactive,Random Forest,stable_correct,length,Length,17.0,0.07805037118688135,0.0266666666666667
359,GAQYIQAAGVALGLKMR,0,Inactive,Random Forest,stable_correct,molecular_weight,Molecular weight,1747.0702,-0.2757580143455653,0.0266666666666667
359,GAQYIQAAGVALGLKMR,0,Inactive,Random Forest,stable_correct,net_charge_pH7_4,Net charge (pH 7.4),1.5524165639990049,0.3291287444044068,0.0266666666666667
359,GAQYIQAAGVALGLKMR,0,Inactive,Random Forest,stable_correct,isoelectric_point,Isoelectric point,9.994291877746583,0.8682924033903969,0.0266666666666667
359,GAQYIQAAGVALGLKMR,0,Inactive,Random Forest,stable_correct,mean_eisenberg_hydrophobicity,Mean hydrophobicity,0.2247058823529412,0.7318454700358997,0.0266666666666667
359,GAQYIQAAGVALGLKMR,0,Inactive,Random Forest,stable_correct,hydrophobic_moment,Hydrophobic moment,0.2329999443279909,-0.8291881932984699,0.0266666666666667
359,GAQYIQAAGVALGLKMR,0,Inactive,Random Forest,stable_correct,boman_index,Boman index,0.028235294117647,-0.7983381618339428,0.0266666666666667
364,GEGWAKSILFN,0,Inactive,Random Forest,stable_correct,length,Length,11.0,-1.1684599686506636,-0.0033333333333332
364,GEGWAKSILFN,0,Inactive,Random Forest,stable_correct,molecular_weight,Molecular weight,1221.3609,-1.2345010809165304,-0.0033333333333332
364,GEGWAKSILFN,0,Inactive,Random Forest,stable_correct,net_charge_pH7_4,Net charge (pH 7.4),-0.4439319641604915,-0.408919655718061,-0.0033333333333332
364,GEGWAKSILFN,0,Inactive,Random Forest,stable_correct,isoelectric_point,Isoelectric point,6.001424598693848,-0.7009354140895334,-0.0033333333333332
364,GEGWAKSILFN,0,Inactive,Random Forest,stable_correct,mean_eisenberg_hydrophobicity,Mean hydrophobicity,0.2627272727272727,0.8792474535827427,-0.0033333333333332
364,GEGWAKSILFN,0,Inactive,Random Forest,stable_correct,hydrophobic_moment,Hydrophobic moment,0.2297971471715368,-0.8486233977701909,-0.0033333333333332
364,GEGWAKSILFN,0,Inactive,Random Forest,stable_correct,boman_index,Boman index,0.3236363636363636,-0.596521468713729,-0.0033333333333332
366,GFFGWFNRMFEKSTHHYTDSVGGI,0,Inactive,Random Forest,stable_correct,length,Length,24.0,1.5323124343306838,-0.02
366,GFFGWFNRMFEKSTHHYTDSVGGI,0,Inactive,Random Forest,stable_correct,molecular_weight,Molecular weight,2821.0864,1.682939663505853,-0.02
366,GFFGWFNRMFEKSTHHYTDSVGGI,0,Inactive,Random Forest,stable_correct,net_charge_pH7_4,Net charge (pH 7.4),-0.372763308554052,-0.3826086625882065,-0.02
366,GFFGWFNRMFEKSTHHYTDSVGGI,0,Inactive,Random Forest,stable_correct,isoelectric_point,Isoelectric point,6.921477317810059,-0.3393475576737986,-0.02
366,GFFGWFNRMFEKSTHHYTDSVGGI,0,Inactive,Random Forest,stable_correct,mean_eisenberg_hydrophobicity,Mean hydrophobicity,0.1354166666666666,0.38568749496131866,-0.02
366,GFFGWFNRMFEKSTHHYTDSVGGI,0,Inactive,Random Forest,stable_correct,hydrophobic_moment,Hydrophobic moment,0.3941535203514257,0.14872347215088005,-0.02
366,GFFGWFNRMFEKSTHHYTDSVGGI,0,Inactive,Random Forest,stable_correct,boman_index,Boman index,1.4466666666666663,0.17072782527370195,-0.02
369,GFSVQRRLWLAS,0,Inactive,Random Forest,stable_correct,length,Length,12.0,-0.9607082453444061,0.0066666666666665
369,GFSVQRRLWLAS,0,Inactive,Random Forest,stable_correct,molecular_weight,Molecular weight,1419.6296,-0.8729158066156216,0.0066666666666665
369,GFSVQRRLWLAS,0,Inactive,Random Forest,stable_correct,net_charge_pH7_4,Net charge (pH 7.4),1.5574026311002025,0.3309720892888468,0.0066666666666665
369,GFSVQRRLWLAS,0,Inactive,Random Forest,stable_correct,isoelectric_point,Isoelectric point,11.999967765808105,1.6565385875063838,0.0066666666666665
369,GFSVQRRLWLAS,0,Inactive,Random Forest,stable_correct,mean_eisenberg_hydrophobicity,Mean hydrophobicity,0.0166666666666666,-0.07468455808187209,0.0066666666666665
369,GFSVQRRLWLAS,0,Inactive,Random Forest,stable_correct,hydrophobic_moment,Hydrophobic moment,0.293162921364036,-0.46410738948711516,0.0066666666666665
369,GFSVQRRLWLAS,0,Inactive,Random Forest,stable_correct,boman_index,Boman index,1.6866666666666663,0.3346947548036656,0.0066666666666665
370,GFYPMVAAQRI,0,Inactive,Random Forest,stable_correct,length,Length,11.0,-1.1684599686506636,0.0066666666666667
370,GFYPMVAAQRI,0,Inactive,Random Forest,stable_correct,molecular_weight,Molecular weight,1252.4841,-1.17774128570366,0.0066666666666667
370,GFYPMVAAQRI,0,Inactive,Random Forest,stable_correct,net_charge_pH7_4,Net charge (pH 7.4),0.5549221566662905,-0.03964411317960774,0.0066666666666667
370,GFYPMVAAQRI,0,Inactive,Random Forest,stable_correct,isoelectric_point,Isoelectric point,8.747602272033692,0.378333716481105,0.0066666666666667
370,GFYPMVAAQRI,0,Inactive,Random Forest,stable_correct,mean_eisenberg_hydrophobicity,Mean hydrophobicity,0.280909090909091,0.949735040651557,0.0066666666666667
370,GFYPMVAAQRI,0,Inactive,Random Forest,stable_correct,hydrophobic_moment,Hydrophobic moment,0.2491472748820839,-0.7312030085799006,0.0066666666666667
370,GFYPMVAAQRI,0,Inactive,Random Forest,stable_correct,boman_index,Boman index,0.1590909090909091,-0.7089381893384389,0.0066666666666667
372,GGKEALAIENFADAL,0,Inactive,Random Forest,stable_correct,length,Length,15.0,-0.33745307542563363,0.0
372,GGKEALAIENFADAL,0,Inactive,Random Forest,stable_correct,molecular_weight,Molecular weight,1518.6664,-0.6923010727020779,0.0
372,GGKEALAIENFADAL,0,Inactive,Random Forest,stable_correct,net_charge_pH7_4,Net charge (pH 7.4),-2.442364719065642,-1.1477385927449946,0.0
372,GGKEALAIENFADAL,0,Inactive,Random Forest,stable_correct,isoelectric_point,Isoelectric point,4.137389945983887,-1.4335154938544084,0.0
372,GGKEALAIENFADAL,0,Inactive,Random Forest,stable_correct,mean_eisenberg_hydrophobicity,Mean hydrophobicity,0.2386666666666666,0.7859688800283455,0.0
372,GGKEALAIENFADAL,0,Inactive,Random Forest,stable_correct,hydrophobic_moment,Hydrophobic moment,0.3146187152095756,-0.33390940312671097,0.0
372,GGKEALAIENFADAL,0,Inactive,Random Forest,stable_correct,boman_index,Boman index,0.5113333333333332,-0.46828773620001757,0.0
388,GLGLVLKIAVNAFLKLVA,0,Inactive,Random Forest,persistent_error,length,Length,18.0,0.28580209449313887,-0.3033333333333333
388,GLGLVLKIAVNAFLKLVA,0,Inactive,Random Forest,persistent_error,molecular_weight,Molecular weight,1839.3112,-0.10753687158934559,-0.3033333333333333
388,GLGLVLKIAVNAFLKLVA,0,Inactive,Random Forest,persistent_error,net_charge_pH7_4,Net charge (pH 7.4),1.552441682232378,0.32913803059451513,-0.3033333333333333
388,GLGLVLKIAVNAFLKLVA,0,Inactive,Random Forest,persistent_error,isoelectric_point,Isoelectric point,10.002737236022949,0.8716114947124106,-0.3033333333333333
388,GLGLVLKIAVNAFLKLVA,0,Inactive,Random Forest,persistent_error,mean_eisenberg_hydrophobicity,Mean hydrophobicity,0.58,2.109255847933545,-0.3033333333333333
388,GLGLVLKIAVNAFLKLVA,0,Inactive,Random Forest,persistent_error,hydrophobic_moment,Hydrophobic moment,0.330250610350481,-0.2390519820965413,-0.3033333333333333
388,GLGLVLKIAVNAFLKLVA,0,Inactive,Random Forest,persistent_error,boman_index,Boman index,-1.899444444444444,-2.1153203612053977,-0.3033333333333333
391,GLTSLMAIDKL,0,Inactive,Random Forest,stable_correct,length,Length,11.0,-1.1684599686506636,0.01
391,GLTSLMAIDKL,0,Inactive,Random Forest,stable_correct,molecular_weight,Molecular weight,1161.4118,-1.34383105467231,0.01
391,GLTSLMAIDKL,0,Inactive,Random Forest,stable_correct,net_charge_pH7_4,Net charge (pH 7.4),-0.4446062409453315,-0.4091689352878712,0.01
391,GLTSLMAIDKL,0,Inactive,Random Forest,stable_correct,isoelectric_point,Isoelectric point,5.835682106018066,-0.7660734995475115,0.01
391,GLTSLMAIDKL,0,Inactive,Random Forest,stable_correct,mean_eisenberg_hydrophobicity,Mean hydrophobicity,0.3463636363636364,1.2034903540992867,0.01
391,GLTSLMAIDKL,0,Inactive,Random Forest,stable_correct,hydrophobic_moment,Hydrophobic moment,0.2906821832029579,-0.47916099764465825,0.01
391,GLTSLMAIDKL,0,Inactive,Random Forest,stable_correct,boman_index,Boman index,-0.4127272727272727,-1.099601820680663,0.01
392,GLWAIAVKAGKVILKLIVFIWIRV,0,Inactive,Random Forest,regression,length,Length,24.0,1.5323124343306838,-0.1566666666666666
392,GLWAIAVKAGKVILKLIVFIWIRV,0,Inactive,Random Forest,regression,molecular_weight,Molecular weight,2707.4326,1.4756677116125856,-0.1566666666666666
392,GLWAIAVKAGKVILKLIVFIWIRV,0,Inactive,Random Forest,regression,net_charge_pH7_4,Net charge (pH 7.4),3.549910971331719,1.0676007751097103,-0.1566666666666666
392,GLWAIAVKAGKVILKLIVFIWIRV,0,Inactive,Random Forest,regression,isoelectric_point,Isoelectric point,11.263867759704592,1.3672455744165983,-0.1566666666666666
392,GLWAIAVKAGKVILKLIVFIWIRV,0,Inactive,Random Forest,regression,mean_eisenberg_hydrophobicity,Mean hydrophobicity,0.5558333333333333,2.0155660967879134,-0.1566666666666666
392,GLWAIAVKAGKVILKLIVFIWIRV,0,Inactive,Random Forest,regression,hydrophobic_moment,Hydrophobic moment,0.3316589742159591,-0.23050575254810052,-0.1566666666666666
392,GLWAIAVKAGKVILKLIVFIWIRV,0,Inactive,Random Forest,regression,boman_index,Boman index,-1.620833333333333,-1.924974492781146,-0.1566666666666666
394,GNFADLLAHSDGLIKNISDDLRALDKLI,0,Inactive,Random Forest,stable_correct,length,Length,28.0,2.363319327555714,0.0133333333333333
394,GNFADLLAHSDGLIKNISDDLRALDKLI,0,Inactive,Random Forest,stable_correct,molecular_weight,Molecular weight,3038.4102000000003,2.0792759779877446,0.0133333333333333
394,GNFADLLAHSDGLIKNISDDLRALDKLI,0,Inactive,Random Forest,stable_correct,net_charge_pH7_4,Net charge (pH 7.4),-2.4087245740499243,-1.1353018589490034,0.0133333333333333
394,GNFADLLAHSDGLIKNISDDLRALDKLI,0,Inactive,Random Forest,stable_correct,isoelectric_point,Isoelectric point,4.664969444274903,-1.2261726580447552,0.0133333333333333
394,GNFADLLAHSDGLIKNISDDLRALDKLI,0,Inactive,Random Forest,stable_correct,mean_eisenberg_hydrophobicity,Mean hydrophobicity,0.0892857142857143,0.20684622122273608,0.0133333333333333
394,GNFADLLAHSDGLIKNISDDLRALDKLI,0,Inactive,Random Forest,stable_correct,hydrophobic_moment,Hydrophobic moment,0.4204906217264806,0.30854219478997924,0.0133333333333333
394,GNFADLLAHSDGLIKNISDDLRALDKLI,0,Inactive,Random Forest,stable_correct,boman_index,Boman index,1.4210714285714283,0.15324127276926638,0.0133333333333333
396,GPDMTAMVALIASV,0,Inactive,Random Forest,stable_correct,length,Length,14.0,-0.5452047987318911,0.0033333333333332
396,GPDMTAMVALIASV,0,Inactive,Random Forest,stable_correct,molecular_weight,Molecular weight,1375.6532999999995,-0.9531159718370571,0.0033333333333332
396,GPDMTAMVALIASV,0,Inactive,Random Forest,stable_correct,net_charge_pH7_4,Net charge (pH 7.4),-1.4421006482780456,-0.7779417928718857,0.0033333333333332
396,GPDMTAMVALIASV,0,Inactive,Random Forest,stable_correct,isoelectric_point,Isoelectric point,4.0500284194946286,-1.4678492515186445,0.0033333333333332
396,GPDMTAMVALIASV,0,Inactive,Random Forest,stable_correct,mean_eisenberg_hydrophobicity,Mean hydrophobicity,0.5221428571428571,1.8849542762252838,0.0033333333333332
396,GPDMTAMVALIASV,0,Inactive,Random Forest,stable_correct,hydrophobic_moment,Hydrophobic moment,0.1641131453540669,-1.2472068682440909,0.0033333333333332
396,GPDMTAMVALIASV,0,Inactive,Random Forest,stable_correct,boman_index,Boman index,-1.0214285714285711,-1.515463832967968,0.0033333333333332
397,GPKDAVVKVFNQWG,0,Inactive,Random Forest,stable_correct,length,Length,14.0,-0.5452047987318911,0.15
397,GPKDAVVKVFNQWG,0,Inactive,Random Forest,stable_correct,molecular_weight,Molecular weight,1544.7515,-0.6447293276981179,0.15
397,GPKDAVVKVFNQWG,0,Inactive,Random Forest,stable_correct,net_charge_pH7_4,Net charge (pH 7.4),0.5528881663873828,-0.04039607770385666,0.15
397,GPKDAVVKVFNQWG,0,Inactive,Random Forest,stable_correct,isoelectric_point,Isoelectric point,8.59094409942627,0.3167658392864841,0.15
397,GPKDAVVKVFNQWG,0,Inactive,Random Forest,stable_correct,mean_eisenberg_hydrophobicity,Mean hydrophobicity,0.1057142857142857,0.27053679096705713,0.15
397,GPKDAVVKVFNQWG,0,Inactive,Random Forest,stable_correct,hydrophobic_moment,Hydrophobic moment,0.3871639800610008,0.10630956391007992,0.15
397,GPKDAVVKVFNQWG,0,Inactive,Random Forest,stable_correct,boman_index,Boman index,0.777142857142857,-0.28668785512139505,0.15
407,HALRTIVFELLTRH,0,Inactive,Random Forest,stable_correct,length,Length,14.0,-0.5452047987318911,0.01
407,HALRTIVFELLTRH,0,Inactive,Random Forest,stable_correct,molecular_weight,Molecular weight,1706.0002000000002,-0.35065792146927316,0.01
407,HALRTIVFELLTRH,0,Inactive,Random Forest,stable_correct,net_charge_pH7_4,Net charge (pH 7.4),0.6317762743921409,-0.01123120940539467,0.01
407,HALRTIVFELLTRH,0,Inactive,Random Forest,stable_correct,isoelectric_point,Isoelectric point,9.611736488342284,0.7179451674756305,0.01
407,HALRTIVFELLTRH,0,Inactive,Random Forest,stable_correct,mean_eisenberg_hydrophobicity,Mean hydrophobicity,0.07,0.1320790306533156,0.01
407,HALRTIVFELLTRH,0,Inactive,Random Forest,stable_correct,hydrophobic_moment,Hydrophobic moment,0.2421899210519722,-0.7734216030350157,0.01
407,HALRTIVFELLTRH,0,Inactive,Random Forest,stable_correct,boman_index,Boman index,1.614285714285714,0.28524441097716874,0.01
411,HGLVKAGHPLKRKLGH,0,Inactive,Random Forest,stable_correct,length,Length,16.0,-0.12970135211937614,-0.0399999999999999
411,HGLVKAGHPLKRKLGH,0,Inactive,Random Forest,stable_correct,molecular_weight,Molecular weight,1748.0866000000003,-0.27390439210060424,-0.0399999999999999
411,HGLVKAGHPLKRKLGH,0,Inactive,Random Forest,stable_correct,net_charge_pH7_4,Net charge (pH 7.4),3.65979029485986,1.1082230701611904,-0.0399999999999999
411,HGLVKAGHPLKRKLGH,0,Inactive,Random Forest,stable_correct,isoelectric_point,Isoelectric point,11.263932228088382,1.3672709109915762,-0.0399999999999999
411,HGLVKAGHPLKRKLGH,0,Inactive,Random Forest,stable_correct,mean_eisenberg_hydrophobicity,Mean hydrophobicity,-0.1012499999999999,-0.5318259300510748,-0.0399999999999999
411,HGLVKAGHPLKRKLGH,0,Inactive,Random Forest,stable_correct,hydrophobic_moment,Hydrophobic moment,0.4826549600408846,0.6857676533411158,-0.0399999999999999
411,HGLVKAGHPLKRKLGH,0,Inactive,Random Forest,stable_correct,boman_index,Boman index,1.3824999999999998,0.12688944480909373,-0.0399999999999999
416,HPAFIAHADRVLGGLDIAIST,0,Inactive,Random Forest,stable_correct,length,Length,21.0,0.9090572644119114,0.0066666666666667
416,HPAFIAHADRVLGGLDIAIST,0,Inactive,Random Forest,stable_correct,molecular_weight,Molecular weight,2174.4578,0.5036744557256411,0.0066666666666667
416,HPAFIAHADRVLGGLDIAIST,0,Inactive,Random Forest,stable_correct,net_charge_pH7_4,Net charge (pH 7.4),-1.36842640000432,-0.7507044842047568,0.0066666666666667
416,HPAFIAHADRVLGGLDIAIST,0,Inactive,Random Forest,stable_correct,isoelectric_point,Isoelectric point,5.978120613098144,-0.7100940612218283,0.0066666666666667
416,HPAFIAHADRVLGGLDIAIST,0,Inactive,Random Forest,stable_correct,mean_eisenberg_hydrophobicity,Mean hydrophobicity,0.33,1.1400515257373542,0.0066666666666667
416,HPAFIAHADRVLGGLDIAIST,0,Inactive,Random Forest,stable_correct,hydrophobic_moment,Hydrophobic moment,0.2520638402499912,-0.7135047150222861,0.0066666666666667
416,HPAFIAHADRVLGGLDIAIST,0,Inactive,Random Forest,stable_correct,boman_index,Boman index,0.3290476190476193,-0.5928245231525373,0.0066666666666667
419,HSATRAAMLVRINT,0,Inactive,Random Forest,stable_correct,length,Length,14.0,-0.5452047987318911,0.0166666666666666
419,HSATRAAMLVRINT,0,Inactive,Random Forest,stable_correct,molecular_weight,Molecular weight,1540.7896,-0.6519546976039717,0.0166666666666666
419,HSATRAAMLVRINT,0,Inactive,Random Forest,stable_correct,net_charge_pH7_4,Net charge (pH 7.4),1.5940290722762491,0.3445128543060068,0.0166666666666666
419,HSATRAAMLVRINT,0,Inactive,Random Forest,stable_correct,isoelectric_point,Isoelectric point,11.999967765808105,1.6565385875063838,0.0166666666666666
419,HSATRAAMLVRINT,0,Inactive,Random Forest,stable_correct,mean_eisenberg_hydrophobicity,Mean hydrophobicity,-0.0257142857142857,-0.23898776698751178,0.0166666666666666
419,HSATRAAMLVRINT,0,Inactive,Random Forest,stable_correct,hydrophobic_moment,Hydrophobic moment,0.205753066439374,-0.9945276191544481,0.0166666666666666
419,HSATRAAMLVRINT,0,Inactive,Random Forest,stable_correct,boman_index,Boman index,2.001428571428572,0.5497386842070511,0.0166666666666666
424,HWDKVADMVANFAHEIDTYG,0,Inactive,Random Forest,stable_correct,length,Length,20.0,0.7013055411056538,0.0
424,HWDKVADMVANFAHEIDTYG,0,Inactive,Random Forest,stable_correct,molecular_weight,Molecular weight,2319.5064000000007,0.7682015233765761,0.0
424,HWDKVADMVANFAHEIDTYG,0,Inactive,Random Forest,stable_correct,net_charge_pH7_4,Net charge (pH 7.4),-3.37184522201067,-1.491366766116131,0.0
424,HWDKVADMVANFAHEIDTYG,0,Inactive,Random Forest,stable_correct,isoelectric_point,Isoelectric point,4.63615207672119,-1.237498107059569,0.0
424,HWDKVADMVANFAHEIDTYG,0,Inactive,Random Forest,stable_correct,mean_eisenberg_hydrophobicity,Mean hydrophobicity,0.114,0.3026589913598452,0.0
424,HWDKVADMVANFAHEIDTYG,0,Inactive,Random Forest,stable_correct,hydrophobic_moment,Hydrophobic moment,0.4711650077975259,0.6160443582613812,0.0
424,HWDKVADMVANFAHEIDTYG,0,Inactive,Random Forest,stable_correct,boman_index,Boman index,1.508,0.21263048504247067,0.0
428,IDDSVNNLIPFMQKH,0,Inactive,Random Forest,stable_correct,length,Length,15.0,-0.33745307542563363,0.0
428,IDDSVNNLIPFMQKH,0,Inactive,Random Forest,stable_correct,molecular_weight,Molecular weight,1771.0022,-0.23211290654706124,0.0
428,IDDSVNNLIPFMQKH,0,Inactive,Random Forest,stable_correct,net_charge_pH7_4,Net charge (pH 7.4),-1.4075333156142795,-0.7651622785690829,0.0
428,IDDSVNNLIPFMQKH,0,Inactive,Random Forest,stable_correct,isoelectric_point,Isoelectric point,5.210851097106932,-1.0116369335116915,0.0
428,IDDSVNNLIPFMQKH,0,Inactive,Random Forest,stable_correct,mean_eisenberg_hydrophobicity,Mean hydrophobicity,0.0446666666666666,0.03386632600410129,0.0
428,IDDSVNNLIPFMQKH,0,Inactive,Random Forest,stable_correct,hydrophobic_moment,Hydrophobic moment,0.4961086531802058,0.7674073152646271,0.0
428,IDDSVNNLIPFMQKH,0,Inactive,Random Forest,stable_correct,boman_index,Boman index,1.7160000000000002,0.3547351573017727,0.0
433,IKPLNNFAAEVGKIRDS,0,Inactive,Random Forest,stable_correct,length,Length,17.0,0.07805037118688135,0.0033333333333332
433,IKPLNNFAAEVGKIRDS,0,Inactive,Random Forest,stable_correct,molecular_weight,Molecular weight,1872.1294000000005,-0.04768588225486054,0.0033333333333332
433,IKPLNNFAAEVGKIRDS,0,Inactive,Random Forest,stable_correct,net_charge_pH7_4,Net charge (pH 7.4),0.5539838090938538,-0.039991019501237964,0.0033333333333332
433,IKPLNNFAAEVGKIRDS,0,Inactive,Random Forest,stable_correct,isoelectric_point,Isoelectric point,8.589977073669434,0.3163857906618259,0.0033333333333332
433,IKPLNNFAAEVGKIRDS,0,Inactive,Random Forest,stable_correct,mean_eisenberg_hydrophobicity,Mean hydrophobicity,-0.0494117647058823,-0.3308585632427472,0.0033333333333332
433,IKPLNNFAAEVGKIRDS,0,Inactive,Random Forest,stable_correct,hydrophobic_moment,Hydrophobic moment,0.3853742888367007,0.09544936478213224,0.0033333333333332
433,IKPLNNFAAEVGKIRDS,0,Inactive,Random Forest,stable_correct,boman_index,Boman index,1.875882352941176,0.46396606770923327,0.0033333333333332
434,IMELLGTVIQHEGIHQGQYYVALKQSG,0,Inactive,Random Forest,stable_correct,length,Length,27.0,2.1555676042494563,-0.0433333333333334
434,IMELLGTVIQHEGIHQGQYYVALKQSG,0,Inactive,Random Forest,stable_correct,molecular_weight,Molecular weight,3013.4253000000003,2.0337106824071474,-0.0433333333333334
434,IMELLGTVIQHEGIHQGQYYVALKQSG,0,Inactive,Random Forest,stable_correct,net_charge_pH7_4,Net charge (pH 7.4),-1.374569506203125,-0.7529755854868513,-0.0433333333333334
434,IMELLGTVIQHEGIHQGQYYVALKQSG,0,Inactive,Random Forest,stable_correct,isoelectric_point,Isoelectric point,6.003243446350097,-0.7002205928499403,-0.0433333333333334
434,IMELLGTVIQHEGIHQGQYYVALKQSG,0,Inactive,Random Forest,stable_correct,mean_eisenberg_hydrophobicity,Mean hydrophobicity,0.2218518518518518,0.7207809152465573,-0.0433333333333334
434,IMELLGTVIQHEGIHQGQYYVALKQSG,0,Inactive,Random Forest,stable_correct,hydrophobic_moment,Hydrophobic moment,0.1712161273138526,-1.204104573592307,-0.0433333333333334
434,IMELLGTVIQHEGIHQGQYYVALKQSG,0,Inactive,Random Forest,stable_correct,boman_index,Boman index,0.4214814814814814,-0.5296741206197231,-0.0433333333333334
439,KDAENHKAYLKSH,0,Inactive,Random Forest,stable_correct,length,Length,13.0,-0.7529565220381487,0.0066666666666665
439,KDAENHKAYLKSH,0,Inactive,Random Forest,stable_correct,molecular_weight,Molecular weight,1540.6786999999997,-0.6521569474140533,0.0066666666666665
439,KDAENHKAYLKSH,0,Inactive,Random Forest,stable_correct,net_charge_pH7_4,Net charge (pH 7.4),0.6222506243447499,-0.0147528343513579,0.0066666666666665
439,KDAENHKAYLKSH,0,Inactive,Random Forest,stable_correct,isoelectric_point,Isoelectric point,8.44601917266846,0.2598092187377166,0.0066666666666665
439,KDAENHKAYLKSH,0,Inactive,Random Forest,stable_correct,mean_eisenberg_hydrophobicity,Mean hydrophobicity,-0.4076923076923077,-1.719846766527714,0.0066666666666665
439,KDAENHKAYLKSH,0,Inactive,Random Forest,stable_correct,hydrophobic_moment,Hydrophobic moment,0.2159196508694192,-0.9328347808244368,0.0066666666666665
439,KDAENHKAYLKSH,0,Inactive,Random Forest,stable_correct,boman_index,Boman index,3.318461538461537,1.449529732932606,0.0066666666666665
451,KHHAAYVNNLNNALKK,0,Inactive,Random Forest,stable_correct,length,Length,16.0,-0.12970135211937614,0.1062499999999999
451,KHHAAYVNNLNNALKK,0,Inactive,Random Forest,stable_correct,molecular_weight,Molecular weight,1835.0743,-0.11526376266537301,0.1062499999999999
451,KHHAAYVNNLNNALKK,0,Inactive,Random Forest,stable_correct,net_charge_pH7_4,Net charge (pH 7.4),2.6206833792499005,0.7240661026755755,0.1062499999999999
451,KHHAAYVNNLNNALKK,0,Inactive,Random Forest,stable_correct,isoelectric_point,Isoelectric point,10.001447868347167,0.8711047632128663,0.1062499999999999
451,KHHAAYVNNLNNALKK,0,Inactive,Random Forest,stable_correct,mean_eisenberg_hydrophobicity,Mean hydrophobicity,-0.1875,-0.8662014212087611,0.1062499999999999
451,KHHAAYVNNLNNALKK,0,Inactive,Random Forest,stable_correct,hydrophobic_moment,Hydrophobic moment,0.4443878337919169,0.45355518815420176,0.1062499999999999
451,KHHAAYVNNLNNALKK,0,Inactive,Random Forest,stable_correct,boman_index,Boman index,2.085,0.6068343114540917,0.1062499999999999
452,KIPDDLQADFNKFR,0,Inactive,Random Forest,stable_correct,length,Length,14.0,-0.5452047987318911,0.01
452,KIPDDLQADFNKFR,0,Inactive,Random Forest,stable_correct,molecular_weight,Molecular weight,1706.8955,-0.3490251509105235,0.01
452,KIPDDLQADFNKFR,0,Inactive,Random Forest,stable_correct,net_charge_pH7_4,Net charge (pH 7.4),-0.446243983535981,-0.40977440736941984,0.01
452,KIPDDLQADFNKFR,0,Inactive,Random Forest,stable_correct,isoelectric_point,Isoelectric point,6.039222526550293,-0.6860805352042267,0.01
452,KIPDDLQADFNKFR,0,Inactive,Random Forest,stable_correct,mean_eisenberg_hydrophobicity,Mean hydrophobicity,-0.2992857142857143,-1.2995742109907724,0.01
452,KIPDDLQADFNKFR,0,Inactive,Random Forest,stable_correct,hydrophobic_moment,Hydrophobic moment,0.4651046411989659,0.5792688591389191,0.01
452,KIPDDLQADFNKFR,0,Inactive,Random Forest,stable_correct,boman_index,Boman index,3.3392857142857144,1.4637567169737833,0.01
453,KKAEAVATVVAAVDQARVR,0,Inactive,Random Forest,stable_correct,length,Length,19.0,0.49355381779939633,-0.0933333333333332
453,KKAEAVATVVAAVDQARVR,0,Inactive,Random Forest,stable_correct,molecular_weight,Molecular weight,1982.2882,0.15321219149383875,-0.0933333333333332
453,KKAEAVATVVAAVDQARVR,0,Inactive,Random Forest,stable_correct,net_charge_pH7_4,Net charge (pH 7.4),1.5539586908604806,0.3296988674299425,-0.0933333333333332
453,KKAEAVATVVAAVDQARVR,0,Inactive,Random Forest,stable_correct,isoelectric_point,Isoelectric point,9.98616886138916,0.8650999949432678,-0.0933333333333332
453,KKAEAVATVVAAVDQARVR,0,Inactive,Random Forest,stable_correct,mean_eisenberg_hydrophobicity,Mean hydrophobicity,-0.0694736842105262,-0.408634959624559,-0.0933333333333332
453,KKAEAVATVVAAVDQARVR,0,Inactive,Random Forest,stable_correct,hydrophobic_moment,Hydrophobic moment,0.1993199611779528,-1.0335649699563474,-0.0933333333333332
453,KKAEAVATVVAAVDQARVR,0,Inactive,Random Forest,stable_correct,boman_index,Boman index,1.7642105263157892,0.3876723738477037,-0.0933333333333332
459,KLDSRFDNNLGKFRFVLLLFV,0,Inactive,Random Forest,stable_correct,length,Length,21.0,0.9090572644119114,0.01
459,KLDSRFDNNLGKFRFVLLLFV,0,Inactive,Random Forest,stable_correct,molecular_weight,Molecular weight,2541.9851,1.1739388977861993,0.01
459,KLDSRFDNNLGKFRFVLLLFV,0,Inactive,Random Forest,stable_correct,net_charge_pH7_4,Net charge (pH 7.4),1.553284414075641,0.32944958786013245,0.01
459,KLDSRFDNNLGKFRFVLLLFV,0,Inactive,Random Forest,stable_correct,isoelectric_point,Isoelectric point,9.98616886138916,0.8650999949432678,0.01
459,KLDSRFDNNLGKFRFVLLLFV,0,Inactive,Random Forest,stable_correct,mean_eisenberg_hydrophobicity,Mean hydrophobicity,0.0685714285714285,0.12654072024076565,0.01
459,KLDSRFDNNLGKFRFVLLLFV,0,Inactive,Random Forest,stable_correct,hydrophobic_moment,Hydrophobic moment,0.2840723680839046,-0.5192706586952187,0.01
459,KLDSRFDNNLGKFRFVLLLFV,0,Inactive,Random Forest,stable_correct,boman_index,Boman index,1.405714285714286,0.14274934126660532,0.01
461,KLKELALIFISNLVAN,0,Inactive,Random Forest,stable_correct,length,Length,16.0,-0.12970135211937614,0.0733333333333332
461,KLKELALIFISNLVAN,0,Inactive,Random Forest,stable_correct,molecular_weight,Molecular weight,1786.1626,-0.20446468273507493,0.0733333333333332
461,KLKELALIFISNLVAN,0,Inactive,Random Forest,stable_correct,net_charge_pH7_4,Net charge (pH 7.4),0.5535624431722228,-0.04014679813404643,0.0733333333333332
461,KLKELALIFISNLVAN,0,Inactive,Random Forest,stable_correct,isoelectric_point,Isoelectric point,8.591073036193851,0.31681651243643966,0.0733333333333332
461,KLKELALIFISNLVAN,0,Inactive,Random Forest,stable_correct,mean_eisenberg_hydrophobicity,Mean hydrophobicity,0.32875,1.135205504126373,0.0733333333333332
461,KLKELALIFISNLVAN,0,Inactive,Random Forest,stable_correct,hydrophobic_moment,Hydrophobic moment,0.2206984114455915,-0.9038363196723941,0.0733333333333332
461,KLKELALIFISNLVAN,0,Inactive,Random Forest,stable_correct,boman_index,Boman index,-0.3481250000000002,-1.0554658360983789,0.0733333333333332
464,KPEQYNIVGEHLLATLDEMFS,0,Inactive,Random Forest,stable_correct,length,Length,21.0,0.9090572644119114,-0.0666666666666666
464,KPEQYNIVGEHLLATLDEMFS,0,Inactive,Random Forest,stable_correct,molecular_weight,Molecular weight,2434.7181,0.9783146382917077,-0.0666666666666666
464,KPEQYNIVGEHLLATLDEMFS,0,Inactive,Random Forest,stable_correct,net_charge_pH7_4,Net charge (pH 7.4),-3.4071231096170376,-1.5044089719936709,-0.0666666666666666
464,KPEQYNIVGEHLLATLDEMFS,0,Inactive,Random Forest,stable_correct,isoelectric_point,Isoelectric point,4.396973609924316,-1.3314971000661426,-0.0666666666666666
464,KPEQYNIVGEHLLATLDEMFS,0,Inactive,Random Forest,stable_correct,mean_eisenberg_hydrophobicity,Mean hydrophobicity,0.1066666666666666,0.27422899790875666,-0.0666666666666666
464,KPEQYNIVGEHLLATLDEMFS,0,Inactive,Random Forest,stable_correct,hydrophobic_moment,Hydrophobic moment,0.2162805581553481,-0.9306447242723922,-0.0666666666666666
464,KPEQYNIVGEHLLATLDEMFS,0,Inactive,Random Forest,stable_correct,boman_index,Boman index,1.2309523809523806,0.0233527874223655,-0.0666666666666666
465,KPQELLSLIIERFE,0,Inactive,Random Forest,stable_correct,length,Length,14.0,-0.5452047987318911,-0.0033333333333332
465,KPQELLSLIIERFE,0,Inactive,Random Forest,stable_correct,molecular_weight,Molecular weight,1714.9988000000003,-0.3342470545531931,-0.0033333333333332
465,KPQELLSLIIERFE,0,Inactive,Random Forest,stable_correct,net_charge_pH7_4,Net charge (pH 7.4),-1.4396230738574791,-0.7770258356572558,-0.0033333333333332
465,KPQELLSLIIERFE,0,Inactive,Random Forest,stable_correct,isoelectric_point,Isoelectric point,5.0095842361450185,-1.0907363713054836,-0.0033333333333332
465,KPQELLSLIIERFE,0,Inactive,Random Forest,stable_correct,mean_eisenberg_hydrophobicity,Mean hydrophobicity,0.0121428571428571,-0.09222254105494593,-0.0033333333333332
465,KPQELLSLIIERFE,0,Inactive,Random Forest,stable_correct,hydrophobic_moment,Hydrophobic moment,0.4422275326894548,0.4404460552319913,-0.0033333333333332
465,KPQELLSLIIERFE,0,Inactive,Random Forest,stable_correct,boman_index,Boman index,1.59,0.26865251929854167,-0.0033333333333332
469,KQLTAIAALAE,0,Inactive,Random Forest,stable_correct,length,Length,11.0,-1.1684599686506636,0.0033333333333332
469,KQLTAIAALAE,0,Inactive,Random Forest,stable_correct,molecular_weight,Molecular weight,1128.3191000000002,-1.4041826533202943,0.0033333333333332
469,KQLTAIAALAE,0,Inactive,Random Forest,stable_correct,net_charge_pH7_4,Net charge (pH 7.4),-0.441839477503795,-0.40814606513131296,0.0033333333333332
469,KQLTAIAALAE,0,Inactive,Random Forest,stable_correct,isoelectric_point,Isoelectric point,6.217469596862792,-0.6160280537240425,0.0033333333333332
469,KQLTAIAALAE,0,Inactive,Random Forest,stable_correct,mean_eisenberg_hydrophobicity,Mean hydrophobicity,0.2672727272727272,0.8968693503499461,0.0033333333333332
469,KQLTAIAALAE,0,Inactive,Random Forest,stable_correct,hydrophobic_moment,Hydrophobic moment,0.3183955093828917,-0.31099107161199563,0.0033333333333332
469,KQLTAIAALAE,0,Inactive,Random Forest,stable_correct,boman_index,Boman index,-0.1390909090909091,-0.9126546775423332,0.0033333333333332
478,KVRGLIEIISN,0,Inactive,Random Forest,stable_correct,length,Length,11.0,-1.1684599686506636,0.0266666666666667
478,KVRGLIEIISN,0,Inactive,Random Forest,stable_correct,molecular_weight,Molecular weight,1241.4799,-1.1978097921066475,0.0266666666666667
478,KVRGLIEIISN,0,Inactive,Random Forest,stable_correct,net_charge_pH7_4,Net charge (pH 7.4),0.5560429176061352,-0.03922976878688052,0.0266666666666667
478,KVRGLIEIISN,0,Inactive,Random Forest,stable_correct,isoelectric_point,Isoelectric point,8.74786014556885,0.3784350627810147,0.0266666666666667
478,KVRGLIEIISN,0,Inactive,Random Forest,stable_correct,mean_eisenberg_hydrophobicity,Mean hydrophobicity,0.1072727272727272,0.27657858414438374,0.0266666666666667
478,KVRGLIEIISN,0,Inactive,Random Forest,stable_correct,hydrophobic_moment,Hydrophobic moment,0.549649197471756,1.092301891787091,0.0266666666666667
478,KVRGLIEIISN,0,Inactive,Random Forest,stable_correct,boman_index,Boman index,1.1509090909090909,-0.03133243131877836,0.0266666666666667
490,LEPIKAWIEKR,0,Inactive,Random Forest,stable_correct,length,Length,11.0,-1.1684599686506636,0.0033333333333332
490,LEPIKAWIEKR,0,Inactive,Random Forest,stable_correct,molecular_weight,Molecular weight,1382.6494,-0.9403570908965114,0.0033333333333332
490,LEPIKAWIEKR,0,Inactive,Random Forest,stable_correct,net_charge_pH7_4,Net charge (pH 7.4),0.5546580858786934,-0.0397417399314279,0.0033333333333332
490,LEPIKAWIEKR,0,Inactive,Random Forest,stable_correct,isoelectric_point,Isoelectric point,8.590106010437015,0.3164364638117815,0.0033333333333332
490,LEPIKAWIEKR,0,Inactive,Random Forest,stable_correct,mean_eisenberg_hydrophobicity,Mean hydrophobicity,-0.1390909090909091,-0.6785282206380442,0.0033333333333332
490,LEPIKAWIEKR,0,Inactive,Random Forest,stable_correct,hydrophobic_moment,Hydrophobic moment,0.2593703574686046,-0.6691673282996387,0.0033333333333332
490,LEPIKAWIEKR,0,Inactive,Random Forest,stable_correct,boman_index,Boman index,1.8854545454545453,0.4705057469395953,0.0033333333333332
491,LEQVEFKLNQLLENL,0,Inactive,Random Forest,stable_correct,length,Length,15.0,-0.33745307542563363,0.01
491,LEQVEFKLNQLLENL,0,Inactive,Random Forest,stable_correct,molecular_weight,Molecular weight,1830.086,-0.12436099194964842,0.01
491,LEQVEFKLNQLLENL,0,Inactive,Random Forest,stable_correct,net_charge_pH7_4,Net charge (pH 7.4),-2.4416904422808026,-1.1474893131751844,0.01
491,LEQVEFKLNQLLENL,0,Inactive,Random Forest,stable_correct,isoelectric_point,Isoelectric point,4.25265941619873,-1.388213697795157,0.01
491,LEQVEFKLNQLLENL,0,Inactive,Random Forest,stable_correct,mean_eisenberg_hydrophobicity,Mean hydrophobicity,0.0546666666666667,0.07263449889194931,0.01
491,LEQVEFKLNQLLENL,0,Inactive,Random Forest,stable_correct,hydrophobic_moment,Hydrophobic moment,0.4718724480325304,0.6203372450560158,0.01
491,LEQVEFKLNQLLENL,0,Inactive,Random Forest,stable_correct,boman_index,Boman index,1.248,0.03499964471834334,0.01
493,LKRAEALIHLANAALE,0,Inactive,Random Forest,stable_correct,length,Length,16.0,-0.12970135211937614,0.01
493,LKRAEALIHLANAALE,0,Inactive,Random Forest,stable_correct,molecular_weight,Molecular weight,1733.0207000000005,-0.3013802750013848,0.01
493,LKRAEALIHLANAALE,0,Inactive,Random Forest,stable_correct,net_charge_pH7_4,Net charge (pH 7.4),-0.4041173936212767,-0.394200241911534,0.01
493,LKRAEALIHLANAALE,0,Inactive,Random Forest,stable_correct,isoelectric_point,Isoelectric point,6.771536064147949,-0.3982756336128057,0.01
493,LKRAEALIHLANAALE,0,Inactive,Random Forest,stable_correct,mean_eisenberg_hydrophobicity,Mean hydrophobicity,0.14,0.4034562408682491,0.01
493,LKRAEALIHLANAALE,0,Inactive,Random Forest,stable_correct,hydrophobic_moment,Hydrophobic moment,0.3376428658113105,-0.19419431881964574,0.01
493,LKRAEALIHLANAALE,0,Inactive,Random Forest,stable_correct,boman_index,Boman index,0.7337500000000001,-0.3163336615765892,0.01
497,LLTEVETYVLSI,0,Inactive,Random Forest,stable_correct,length,Length,12.0,-0.9607082453444061,0.0033333333333332
497,LLTEVETYVLSI,0,Inactive,Random Forest,stable_correct,molecular_weight,Molecular weight,1379.5939999999998,-0.9459292646541396,0.0033333333333332
497,LLTEVETYVLSI,0,Inactive,Random Forest,stable_correct,net_charge_pH7_4,Net charge (pH 7.4),-2.4428112032206477,-1.1479036575679116,0.0033333333333332
497,LLTEVETYVLSI,0,Inactive,Random Forest,stable_correct,isoelectric_point,Isoelectric point,4.0500284194946286,-1.4678492515186445,0.0033333333333332
497,LLTEVETYVLSI,0,Inactive,Random Forest,stable_correct,mean_eisenberg_hydrophobicity,Mean hydrophobicity,0.4499999999999999,1.6052696003915254,0.0033333333333332
497,LLTEVETYVLSI,0,Inactive,Random Forest,stable_correct,hydrophobic_moment,Hydrophobic moment,0.376505302978849,0.04163061036716793,0.0033333333333332
497,LLTEVETYVLSI,0,Inactive,Random Forest,stable_correct,boman_index,Boman index,-0.455,-1.1284823594046907,0.0033333333333332
501,LPEDQELLFQSASLELFVLRLAYRA,0,Inactive,Random Forest,stable_correct,length,Length,25.0,1.7400641576369413,-0.0033333333333332
501,LPEDQELLFQSASLELFVLRLAYRA,0,Inactive,Random Forest,stable_correct,molecular_weight,Molecular weight,2922.333,1.8675844391715748,-0.0033333333333332
501,LPEDQELLFQSASLELFVLRLAYRA,0,Inactive,Random Forest,stable_correct,net_charge_pH7_4,Net charge (pH 7.4),-2.4412941945925457,-1.1473428207324847,-0.0033333333333332
501,LPEDQELLFQSASLELFVLRLAYRA,0,Inactive,Random Forest,stable_correct,isoelectric_point,Isoelectric point,4.407318305969238,-1.3274315542659536,-0.0033333333333332
501,LPEDQELLFQSASLELFVLRLAYRA,0,Inactive,Random Forest,stable_correct,mean_eisenberg_hydrophobicity,Mean hydrophobicity,0.1304,0.36623879489591527,-0.0033333333333332
501,LPEDQELLFQSASLELFVLRLAYRA,0,Inactive,Random Forest,stable_correct,hydrophobic_moment,Hydrophobic moment,0.2554841822329715,-0.6927494056613805,-0.0033333333333332
501,LPEDQELLFQSASLELFVLRLAYRA,0,Inactive,Random Forest,stable_correct,boman_index,Boman index,1.0856,-0.0759513109302655,-0.0033333333333332
507,LQWYVSEQHEEEALFRGIVDKIKLIG,0,Inactive,Random Forest,stable_correct,length,Length,26.0,1.947815880943199,-0.1033333333333332
507,LQWYVSEQHEEEALFRGIVDKIKLIG,0,Inactive,Random Forest,stable_correct,molecular_weight,Molecular weight,3101.509000000001,2.194350101669689,-0.1033333333333332
507,LQWYVSEQHEEEALFRGIVDKIKLIG,0,Inactive,Random Forest,stable_correct,net_charge_pH7_4,Net charge (pH 7.4),-2.408533059577852,-1.1352310562070371,-0.1033333333333332
507,LQWYVSEQHEEEALFRGIVDKIKLIG,0,Inactive,Random Forest,stable_correct,isoelectric_point,Isoelectric point,4.960589027404784,-1.1099918684470396,-0.1033333333333332
507,LQWYVSEQHEEEALFRGIVDKIKLIG,0,Inactive,Random Forest,stable_correct,mean_eisenberg_hydrophobicity,Mean hydrophobicity,0.0734615384615385,0.14549878280680142,-0.1033333333333332
507,LQWYVSEQHEEEALFRGIVDKIKLIG,0,Inactive,Random Forest,stable_correct,hydrophobic_moment,Hydrophobic moment,0.2798176482387999,-0.5450891373937101,-0.1033333333333332
507,LQWYVSEQHEEEALFRGIVDKIKLIG,0,Inactive,Random Forest,stable_correct,boman_index,Boman index,1.3330769230769224,0.09312381909659281,-0.1033333333333332
512,LVGALMHVMQKRSR,0,Inactive,Random Forest,stable_correct,length,Length,14.0,-0.5452047987318911,0.04
512,LVGALMHVMQKRSR,0,Inactive,Random Forest,stable_correct,molecular_weight,Molecular weight,1626.0031999999997,-0.49654951801603,0.04
512,LVGALMHVMQKRSR,0,Inactive,Random Forest,stable_correct,net_charge_pH7_4,Net charge (pH 7.4),2.591523479608964,0.7132857118900215,0.04
512,LVGALMHVMQKRSR,0,Inactive,Random Forest,stable_correct,isoelectric_point,Isoelectric point,11.999967765808105,1.6565385875063838,0.04
512,LVGALMHVMQKRSR,0,Inactive,Random Forest,stable_correct,mean_eisenberg_hydrophobicity,Mean hydrophobicity,-0.0821428571428571,-0.45775102828322334,0.04
512,LVGALMHVMQKRSR,0,Inactive,Random Forest,stable_correct,hydrophobic_moment,Hydrophobic moment,0.3555110079766958,-0.08576691004221491,0.04
512,LVGALMHVMQKRSR,0,Inactive,Random Forest,stable_correct,boman_index,Boman index,1.687142857142857,0.33502008601305067,0.04
513,LVLPIAQALKVLG,0,Inactive,Random Forest,stable_correct,length,Length,13.0,-0.7529565220381487,0.2233333333333333
513,LVLPIAQALKVLG,0,Inactive,Random Forest,stable_correct,molecular_weight,Molecular weight,1334.6890999999998,-1.0278229300887487,0.2233333333333333
513,LVLPIAQALKVLG,0,Inactive,Random Forest,stable_correct,net_charge_pH7_4,Net charge (pH 7.4),0.5549472748996638,-0.03963482698949938,0.2233333333333333
513,LVLPIAQALKVLG,0,Inactive,Random Forest,stable_correct,isoelectric_point,Isoelectric point,8.750052070617677,0.37929650633023926,0.2233333333333333
513,LVLPIAQALKVLG,0,Inactive,Random Forest,stable_correct,mean_eisenberg_hydrophobicity,Mean hydrophobicity,0.5761538461538461,2.09434501220745,0.2233333333333333
513,LVLPIAQALKVLG,0,Inactive,Random Forest,stable_correct,hydrophobic_moment,Hydrophobic moment,0.4079715284730888,0.2325738691999856,0.2233333333333333
513,LVLPIAQALKVLG,0,Inactive,Random Forest,stable_correct,boman_index,Boman index,-2.011538461538461,-2.191902493712003,0.2233333333333333
516,MLEEYRKHVAERAAE,0,Inactive,Random Forest,stable_correct,length,Length,15.0,-0.33745307542563363,0.0
516,MLEEYRKHVAERAAE,0,Inactive,Random Forest,stable_correct,molecular_weight,Molecular weight,1832.0458000000003,-0.12078687853399062,0.0
516,MLEEYRKHVAERAAE,0,Inactive,Random Forest,stable_correct,net_charge_pH7_4,Net charge (pH 7.4),-1.6769709674537387,-0.8647731556618725,0.0
516,MLEEYRKHVAERAAE,0,Inactive,Random Forest,stable_correct,isoelectric_point,Isoelectric point,5.640838050842285,-0.8426487248389886,0.0
516,MLEEYRKHVAERAAE,0,Inactive,Random Forest,stable_correct,mean_eisenberg_hydrophobicity,Mean hydrophobicity,-0.3266666666666667,-1.405725160564641,0.0
516,MLEEYRKHVAERAAE,0,Inactive,Random Forest,stable_correct,hydrophobic_moment,Hydrophobic moment,0.2454356715945723,-0.7537257489493103,0.0
516,MLEEYRKHVAERAAE,0,Inactive,Random Forest,stable_correct,boman_index,Boman index,3.3793333333333337,1.4911170716830489,0.0
517,MPEVFNYLGIYLTQA,0,Inactive,Random Forest,stable_correct,length,Length,15.0,-0.33745307542563363,0.0
517,MPEVFNYLGIYLTQA,0,Inactive,Random Forest,stable_correct,molecular_weight,Molecular weight,1759.0294,-0.25394786169706685,0.0
517,MPEVFNYLGIYLTQA,0,Inactive,Random Forest,stable_correct,net_charge_pH7_4,Net charge (pH 7.4),-1.7190019416392683,-0.8803119720637452,0.0
517,MPEVFNYLGIYLTQA,0,Inactive,Random Forest,stable_correct,isoelectric_point,Isoelectric point,4.0500284194946286,-1.4678492515186445,0.0
517,MPEVFNYLGIYLTQA,0,Inactive,Random Forest,stable_correct,mean_eisenberg_hydrophobicity,Mean hydrophobicity,0.3906666666666668,1.3752451079236303,0.0
517,MPEVFNYLGIYLTQA,0,Inactive,Random Forest,stable_correct,hydrophobic_moment,Hydrophobic moment,0.3468446999799064,-0.13835577524496379,0.0
517,MPEVFNYLGIYLTQA,0,Inactive,Random Forest,stable_correct,boman_index,Boman index,-0.3360000000000002,-1.047182090179417,0.0
518,MPGTATHTVKMFS,0,Inactive,Random Forest,stable_correct,length,Length,13.0,-0.7529565220381487,0.0066666666666667
518,MPGTATHTVKMFS,0,Inactive,Random Forest,stable_correct,molecular_weight,Molecular weight,1407.6571,-0.8947502146516236,0.0066666666666667
518,MPGTATHTVKMFS,0,Inactive,Random Forest,stable_correct,net_charge_pH7_4,Net charge (pH 7.4),0.3190093312642195,-0.12686088965946038,0.0066666666666667
518,MPGTATHTVKMFS,0,Inactive,Random Forest,stable_correct,isoelectric_point,Isoelectric point,8.521060371398928,0.28930099201118875,0.0066666666666667
518,MPGTATHTVKMFS,0,Inactive,Random Forest,stable_correct,mean_eisenberg_hydrophobicity,Mean hydrophobicity,0.1976923076923076,0.6271187767596774,0.0066666666666667
518,MPGTATHTVKMFS,0,Inactive,Random Forest,stable_correct,hydrophobic_moment,Hydrophobic moment,0.3145481885713802,-0.33433737266929264,0.0066666666666667
518,MPGTATHTVKMFS,0,Inactive,Random Forest,stable_correct,boman_index,Boman index,0.5269230769230769,-0.4576368929143104,0.0066666666666667
519,MPYTDAVVHEVQRYID,0,Inactive,Random Forest,stable_correct,length,Length,16.0,-0.12970135211937614,0.0
519,MPYTDAVVHEVQRYID,0,Inactive,Random Forest,stable_correct,molecular_weight,Molecular weight,1936.1483,0.06906624007681501,0.0
519,MPYTDAVVHEVQRYID,0,Inactive,Random Forest,stable_correct,net_charge_pH7_4,Net charge (pH 7.4),-2.680238339094528,-1.2356802733770411,0.0
519,MPYTDAVVHEVQRYID,0,Inactive,Random Forest,stable_correct,isoelectric_point,Isoelectric point,4.745737648010253,-1.1944301273740476,0.0
519,MPYTDAVVHEVQRYID,0,Inactive,Random Forest,stable_correct,mean_eisenberg_hydrophobicity,Mean hydrophobicity,0.01625,-0.07629989861886549,0.0
519,MPYTDAVVHEVQRYID,0,Inactive,Random Forest,stable_correct,hydrophobic_moment,Hydrophobic moment,0.4594547873037933,0.5449844320197204,0.0
519,MPYTDAVVHEVQRYID,0,Inactive,Random Forest,stable_correct,boman_index,Boman index,1.93875,0.5069169637717701,0.0
532,NEQDLGIQYKALKPEVDKLNIMAAKRQQEL,0,Inactive,Random Forest,stable_correct,length,Length,30.0,2.778822774168229,0.0
532,NEQDLGIQYKALKPEVDKLNIMAAKRQQEL,0,Inactive,Random Forest,stable_correct,molecular_weight,Molecular weight,3484.9750000000004,2.893682163639491,0.0
532,NEQDLGIQYKALKPEVDKLNIMAAKRQQEL,0,Inactive,Random Forest,stable_correct,net_charge_pH7_4,Net charge (pH 7.4),-0.4508449628733091,-0.4114753856259782,0.0
532,NEQDLGIQYKALKPEVDKLNIMAAKRQQEL,0,Inactive,Random Forest,stable_correct,isoelectric_point,Isoelectric point,6.278059959411621,-0.5922155711800765,0.0
532,NEQDLGIQYKALKPEVDKLNIMAAKRQQEL,0,Inactive,Random Forest,stable_correct,mean_eisenberg_hydrophobicity,Mean hydrophobicity,-0.1939999999999999,-0.8914007335858617,0.0
532,NEQDLGIQYKALKPEVDKLNIMAAKRQQEL,0,Inactive,Random Forest,stable_correct,hydrophobic_moment,Hydrophobic moment,0.1521930471311745,-1.3195403739168003,0.0
532,NEQDLGIQYKALKPEVDKLNIMAAKRQQEL,0,Inactive,Random Forest,stable_correct,boman_index,Boman index,2.276333333333333,0.7375523913849238,0.0
534,NFKDVIETAKKVMNF,0,Inactive,Random Forest,stable_correct,length,Length,15.0,-0.33745307542563363,-0.3899999999999999
534,NFKDVIETAKKVMNF,0,Inactive,Random Forest,stable_correct,molecular_weight,Molecular weight,1784.0838,-0.20825581803891627,-0.3899999999999999
534,NFKDVIETAKKVMNF,0,Inactive,Random Forest,stable_correct,net_charge_pH7_4,Net charge (pH 7.4),0.5515033346599418,-0.04090804884840372,-0.3899999999999999
534,NFKDVIETAKKVMNF,0,Inactive,Random Forest,stable_correct,isoelectric_point,Isoelectric point,8.497658348083494,0.28010381529445977,-0.3899999999999999
534,NFKDVIETAKKVMNF,0,Inactive,Random Forest,stable_correct,mean_eisenberg_hydrophobicity,Mean hydrophobicity,-0.0326666666666666,-0.2659408776619199,-0.3899999999999999
534,NFKDVIETAKKVMNF,0,Inactive,Random Forest,stable_correct,hydrophobic_moment,Hydrophobic moment,0.5550814316006148,1.1252657592677024,-0.3899999999999999
534,NFKDVIETAKKVMNF,0,Inactive,Random Forest,stable_correct,boman_index,Boman index,1.660666666666667,0.31693167077125334,-0.3899999999999999
535,NGETFLTELLD,0,Inactive,Random Forest,stable_correct,length,Length,11.0,-1.1684599686506636,0.0033333333333332
535,NGETFLTELLD,0,Inactive,Random Forest,stable_correct,molecular_weight,Molecular weight,1251.339,-1.1798296198562617,0.0033333333333332
535,NGETFLTELLD,0,Inactive,Random Forest,stable_correct,net_charge_pH7_4,Net charge (pH 7.4),-3.4385898151062984,-1.5160421869939016,0.0033333333333332
535,NGETFLTELLD,0,Inactive,Random Forest,stable_correct,isoelectric_point,Isoelectric point,4.0500284194946286,-1.4678492515186445,0.0033333333333332
535,NGETFLTELLD,0,Inactive,Random Forest,stable_correct,mean_eisenberg_hydrophobicity,Mean hydrophobicity,0.1563636363636363,0.46689506923018126,0.0033333333333332
535,NGETFLTELLD,0,Inactive,Random Forest,stable_correct,hydrophobic_moment,Hydrophobic moment,0.4435198604363886,0.4482881547403922,0.0033333333333332
535,NGETFLTELLD,0,Inactive,Random Forest,stable_correct,boman_index,Boman index,1.4036363636363636,0.14132971417110762,0.0033333333333332
538,NIDSYLNAVNIINIFKIIG,0,Inactive,Random Forest,stable_correct,length,Length,19.0,0.49355381779939633,-0.0066666666666665
538,NIDSYLNAVNIINIFKIIG,0,Inactive,Random Forest,stable_correct,molecular_weight,Molecular weight,2134.4731000000006,0.4307538246964399,-0.0066666666666665
538,NIDSYLNAVNIINIFKIIG,0,Inactive,Random Forest,stable_correct,net_charge_pH7_4,Net charge (pH 7.4),-0.4471118336126172,-0.4100952508251455,-0.0066666666666665
538,NIDSYLNAVNIINIFKIIG,0,Inactive,Random Forest,stable_correct,isoelectric_point,Isoelectric point,5.834943199157714,-0.7663638956760964,-0.0066666666666665
538,NIDSYLNAVNIINIFKIIG,0,Inactive,Random Forest,stable_correct,mean_eisenberg_hydrophobicity,Mean hydrophobicity,0.3926315789473684,1.3828627138243998,-0.0066666666666665
538,NIDSYLNAVNIINIFKIIG,0,Inactive,Random Forest,stable_correct,hydrophobic_moment,Hydrophobic moment,0.081481661254616,-1.7486310018450404,-0.0066666666666665
538,NIDSYLNAVNIINIFKIIG,0,Inactive,Random Forest,stable_correct,boman_index,Boman index,0.008421052631579,-0.8118751632399251,-0.0066666666666665
544,NKEEMMDIVKAIYDMMG,0,Inactive,Random Forest,stable_correct,length,Length,17.0,0.07805037118688135,-0.0166666666666666
544,NKEEMMDIVKAIYDMMG,0,Inactive,Random Forest,stable_correct,molecular_weight,Molecular weight,2018.3979,0.21906593330696159,-0.0166666666666666
544,NKEEMMDIVKAIYDMMG,0,Inactive,Random Forest,stable_correct,net_charge_pH7_4,Net charge (pH 7.4),-2.4469294202452088,-1.149426158996626,-0.0166666666666666
544,NKEEMMDIVKAIYDMMG,0,Inactive,Random Forest,stable_correct,isoelectric_point,Isoelectric point,4.316716957092285,-1.3630385872632154,-0.0166666666666666
544,NKEEMMDIVKAIYDMMG,0,Inactive,Random Forest,stable_correct,mean_eisenberg_hydrophobicity,Mean hydrophobicity,0.0447058823529411,0.034018358054641845,-0.0166666666666666
544,NKEEMMDIVKAIYDMMG,0,Inactive,Random Forest,stable_correct,hydrophobic_moment,Hydrophobic moment,0.3634733170721414,-0.037450048943101506,-0.0166666666666666
544,NKEEMMDIVKAIYDMMG,0,Inactive,Random Forest,stable_correct,boman_index,Boman index,1.347647058823529,0.10307807085161719,-0.0166666666666666
546,NKQADSIKQMEERNKKRVENFKKTG,0,Inactive,Random Forest,stable_correct,length,Length,25.0,1.7400641576369413,-0.0266666666666666
546,NKQADSIKQMEERNKKRVENFKKTG,0,Inactive,Random Forest,stable_correct,molecular_weight,Molecular weight,3007.384900000001,2.022694724311457,-0.0266666666666666
546,NKQADSIKQMEERNKKRVENFKKTG,0,Inactive,Random Forest,stable_correct,net_charge_pH7_4,Net charge (pH 7.4),3.5461778420710264,1.066220640308877,-0.0266666666666666
546,NKQADSIKQMEERNKKRVENFKKTG,0,Inactive,Random Forest,stable_correct,isoelectric_point,Isoelectric point,9.99525890350342,0.868672452015055,-0.0266666666666666
546,NKQADSIKQMEERNKKRVENFKKTG,0,Inactive,Random Forest,stable_correct,mean_eisenberg_hydrophobicity,Mean hydrophobicity,-0.638,-2.6127076098062973,-0.0266666666666666
546,NKQADSIKQMEERNKKRVENFKKTG,0,Inactive,Random Forest,stable_correct,hydrophobic_moment,Hydrophobic moment,0.4100231054099912,0.24502324245417847,-0.0266666666666666
546,NKQADSIKQMEERNKKRVENFKKTG,0,Inactive,Random Forest,stable_correct,boman_index,Boman index,4.4888,2.2490997498046204,-0.0266666666666666
554,NLLYDIVKENG,0,Inactive,Random Forest,stable_correct,length,Length,11.0,-1.1684599686506636,0.0033333333333332
554,NLLYDIVKENG,0,Inactive,Random Forest,stable_correct,molecular_weight,Molecular weight,1277.4225,-1.1322607927936557,0.0033333333333332
554,NLLYDIVKENG,0,Inactive,Random Forest,stable_correct,net_charge_pH7_4,Net charge (pH 7.4),-1.4459910726727725,-0.779380079553707,0.0033333333333332
554,NLLYDIVKENG,0,Inactive,Random Forest,stable_correct,isoelectric_point,Isoelectric point,4.3702592849731445,-1.3419960370226753,0.0033333333333332
554,NLLYDIVKENG,0,Inactive,Random Forest,stable_correct,mean_eisenberg_hydrophobicity,Mean hydrophobicity,0.0672727272727272,0.12150589259299323,0.0033333333333332
554,NLLYDIVKENG,0,Inactive,Random Forest,stable_correct,hydrophobic_moment,Hydrophobic moment,0.4484477452252622,0.4781915310100515,0.0033333333333332
554,NLLYDIVKENG,0,Inactive,Random Forest,stable_correct,boman_index,Boman index,1.3418181818181818,0.0990958080800564,0.0033333333333332
562,NPARALYQTVRELIENSLDA,0,Inactive,Random Forest,stable_correct,length,Length,20.0,0.7013055411056538,-0.0633333333333332
562,NPARALYQTVRELIENSLDA,0,Inactive,Random Forest,stable_correct,molecular_weight,Molecular weight,2273.5012,0.684301226147269,-0.0633333333333332
562,NPARALYQTVRELIENSLDA,0,Inactive,Random Forest,stable_correct,net_charge_pH7_4,Net charge (pH 7.4),-1.442414955532389,-0.7780579920039223,-0.0633333333333332
562,NPARALYQTVRELIENSLDA,0,Inactive,Random Forest,stable_correct,isoelectric_point,Isoelectric point,4.679122352600097,-1.2206104552741672,-0.0633333333333332
562,NPARALYQTVRELIENSLDA,0,Inactive,Random Forest,stable_correct,mean_eisenberg_hydrophobicity,Mean hydrophobicity,-0.0989999999999999,-0.5231030911513092,-0.0633333333333332
562,NPARALYQTVRELIENSLDA,0,Inactive,Random Forest,stable_correct,hydrophobic_moment,Hydrophobic moment,0.5428459902520462,1.0510186893488402,-0.0633333333333332
562,NPARALYQTVRELIENSLDA,0,Inactive,Random Forest,stable_correct,boman_index,Boman index,2.398,0.8206745153827528,-0.0633333333333332
563,NPEILLARVKRFLERE,0,Inactive,Random Forest,stable_correct,length,Length,16.0,-0.12970135211937614,0.0
563,NPEILLARVKRFLERE,0,Inactive,Random Forest,stable_correct,molecular_weight,Molecular weight,1983.3176000000003,0.1550895220122992,0.0
563,NPEILLARVKRFLERE,0,Inactive,Random Forest,stable_correct,net_charge_pH7_4,Net charge (pH 7.4),0.5603266896757733,-0.03764606179489526,0.0
563,NPEILLARVKRFLERE,0,Inactive,Random Forest,stable_correct,isoelectric_point,Isoelectric point,8.743927574157716,0.3768895317074043,0.0
563,NPEILLARVKRFLERE,0,Inactive,Random Forest,stable_correct,mean_eisenberg_hydrophobicity,Mean hydrophobicity,-0.26625,-1.1715007827005612,0.0
563,NPEILLARVKRFLERE,0,Inactive,Random Forest,stable_correct,hydrophobic_moment,Hydrophobic moment,0.4686730187477426,0.6009224774934312,0.0
563,NPEILLARVKRFLERE,0,Inactive,Random Forest,stable_correct,boman_index,Boman index,3.054375,1.2691069877587107,0.0
567,NPQVLADIGAEAT,0,Inactive,Random Forest,stable_correct,length,Length,13.0,-0.7529565220381487,0.0
567,NPQVLADIGAEAT,0,Inactive,Random Forest,stable_correct,molecular_weight,Molecular weight,1298.3988000000002,-1.0940060345321738,0.0
567,NPQVLADIGAEAT,0,Inactive,Random Forest,stable_correct,net_charge_pH7_4,Net charge (pH 7.4),-2.4409798873382007,-1.1472266216004472,0.0
567,NPQVLADIGAEAT,0,Inactive,Random Forest,stable_correct,isoelectric_point,Isoelectric point,4.0500284194946286,-1.4678492515186445,0.0
567,NPQVLADIGAEAT,0,Inactive,Random Forest,stable_correct,mean_eisenberg_hydrophobicity,Mean hydrophobicity,0.2107692307692308,0.6778156182284016,0.0
567,NPQVLADIGAEAT,0,Inactive,Random Forest,stable_correct,hydrophobic_moment,Hydrophobic moment,0.2650027820037613,-0.6349886659726425,0.0
567,NPQVLADIGAEAT,0,Inactive,Random Forest,stable_correct,boman_index,Boman index,0.7715384615384616,-0.2905167532010781,0.0
569,NPVLQQHFRNLEALAL,0,Inactive,Random Forest,stable_correct,length,Length,16.0,-0.12970135211937614,0.0
569,NPVLQQHFRNLEALAL,0,Inactive,Random Forest,stable_correct,molecular_weight,Molecular weight,1863.1241,-0.06410896805036002,0.0
569,NPVLQQHFRNLEALAL,0,Inactive,Random Forest,stable_correct,net_charge_pH7_4,Net charge (pH 7.4),-0.4048250485505322,-0.394461861353735,0.0
569,NPVLQQHFRNLEALAL,0,Inactive,Random Forest,stable_correct,isoelectric_point,Isoelectric point,6.749653053283692,-0.40687582665166766,0.0
569,NPVLQQHFRNLEALAL,0,Inactive,Random Forest,stable_correct,mean_eisenberg_hydrophobicity,Mean hydrophobicity,0.0724999999999999,0.1417710738752771,0.0
569,NPVLQQHFRNLEALAL,0,Inactive,Random Forest,stable_correct,hydrophobic_moment,Hydrophobic moment,0.361685385710996,-0.04829956887452752,0.0
569,NPVLQQHFRNLEALAL,0,Inactive,Random Forest,stable_correct,boman_index,Boman index,1.276875,0.05472691592741708,0.0
570,NQDELEGYNLFKGSG,0,Inactive,Random Forest,stable_correct,length,Length,15.0,-0.33745307542563363,0.0
570,NQDELEGYNLFKGSG,0,Inactive,Random Forest,stable_correct,molecular_weight,Molecular weight,1670.7308000000005,-0.41497919695768026,0.0
570,NQDELEGYNLFKGSG,0,Inactive,Random Forest,stable_correct,net_charge_pH7_4,Net charge (pH 7.4),-2.444870311732928,-1.1486649082822686,0.0
570,NQDELEGYNLFKGSG,0,Inactive,Random Forest,stable_correct,isoelectric_point,Isoelectric point,4.137389945983887,-1.4335154938544084,0.0
570,NQDELEGYNLFKGSG,0,Inactive,Random Forest,stable_correct,mean_eisenberg_hydrophobicity,Mean hydrophobicity,-0.0913333333333333,-0.4933808252706262,0.0
570,NQDELEGYNLFKGSG,0,Inactive,Random Forest,stable_correct,hydrophobic_moment,Hydrophobic moment,0.1713134821568069,-1.2035138052149479,0.0
570,NQDELEGYNLFKGSG,0,Inactive,Random Forest,stable_correct,boman_index,Boman index,2.307333333333333,0.7587314531158772,0.0
573,NREANLQALIATG,0,Inactive,Random Forest,stable_correct,length,Length,13.0,-0.7529565220381487,0.0
573,NREANLQALIATG,0,Inactive,Random Forest,stable_correct,molecular_weight,Molecular weight,1370.5111,-0.9624938706052942,0.0
573,NREANLQALIATG,0,Inactive,Random Forest,stable_correct,net_charge_pH7_4,Net charge (pH 7.4),-0.4414514897265791,-0.40800262637089507,0.0
573,NREANLQALIATG,0,Inactive,Random Forest,stable_correct,isoelectric_point,Isoelectric point,6.0021066665649405,-0.7006673561246863,0.0
573,NREANLQALIATG,0,Inactive,Random Forest,stable_correct,mean_eisenberg_hydrophobicity,Mean hydrophobicity,0.0184615384615384,-0.06772616807636096,0.0
573,NREANLQALIATG,0,Inactive,Random Forest,stable_correct,hydrophobic_moment,Hydrophobic moment,0.1254424086067828,-1.4818685214933538,0.0
573,NREANLQALIATG,0,Inactive,Random Forest,stable_correct,boman_index,Boman index,1.6915384615384603,0.3380231433304485,0.0
576,NSNHQMLLVQQAEDKIKELLNT,0,Inactive,Random Forest,stable_correct,length,Length,22.0,1.1168089877181688,0.0
576,NSNHQMLLVQQAEDKIKELLNT,0,Inactive,Random Forest,stable_correct,molecular_weight,Molecular weight,2566.8841,1.2193475363903685,0.0
576,NSNHQMLLVQQAEDKIKELLNT,0,Inactive,Random Forest,stable_correct,net_charge_pH7_4,Net charge (pH 7.4),-1.408243870556881,-0.7654249701438197,0.0
576,NSNHQMLLVQQAEDKIKELLNT,0,Inactive,Random Forest,stable_correct,isoelectric_point,Isoelectric point,5.4454256057739245,-0.919447331767839,0.0
576,NSNHQMLLVQQAEDKIKELLNT,0,Inactive,Random Forest,stable_correct,mean_eisenberg_hydrophobicity,Mean hydrophobicity,-0.1245454545454545,-0.622138150982993,0.0
576,NSNHQMLLVQQAEDKIKELLNT,0,Inactive,Random Forest,stable_correct,hydrophobic_moment,Hydrophobic moment,0.2959314193363199,-0.4473075980727714,0.0
576,NSNHQMLLVQQAEDKIKELLNT,0,Inactive,Random Forest,stable_correct,boman_index,Boman index,2.173181818181817,0.667079736319267,0.0
578,NSREREMFVQEVRRYY,0,Inactive,Random Forest,stable_correct,length,Length,16.0,-0.12970135211937614,0.0033333333333332
578,NSREREMFVQEVRRYY,0,Inactive,Random Forest,stable_correct,molecular_weight,Molecular weight,2162.3874000000005,0.48166150615305825,0.0033333333333332
578,NSREREMFVQEVRRYY,0,Inactive,Random Forest,stable_correct,net_charge_pH7_4,Net charge (pH 7.4),0.5557034921184183,-0.03935525410902575,0.0033333333333332
578,NSREREMFVQEVRRYY,0,Inactive,Random Forest,stable_correct,isoelectric_point,Isoelectric point,8.586818122863772,0.31514429848794323,0.0033333333333332
578,NSREREMFVQEVRRYY,0,Inactive,Random Forest,stable_correct,mean_eisenberg_hydrophobicity,Mean hydrophobicity,-0.591875,-2.4338894123611,0.0033333333333332
578,NSREREMFVQEVRRYY,0,Inactive,Random Forest,stable_correct,hydrophobic_moment,Hydrophobic moment,0.383154531675848,0.08197944077779659,0.0033333333333332
578,NSREREMFVQEVRRYY,0,Inactive,Random Forest,stable_correct,boman_index,Boman index,5.16,2.7076605960567517,0.0033333333333332
580,NSVLRAVAEVYA,0,Inactive,Random Forest,stable_correct,length,Length,12.0,-0.9607082453444061,0.0
580,NSVLRAVAEVYA,0,Inactive,Random Forest,stable_correct,molecular_weight,Molecular weight,1291.4524,-1.1066742769194187,0.0
580,NSVLRAVAEVYA,0,Inactive,Random Forest,stable_correct,net_charge_pH7_4,Net charge (pH 7.4),-0.4439570823938648,-0.4089289419081693,0.0
580,NSVLRAVAEVYA,0,Inactive,Random Forest,stable_correct,isoelectric_point,Isoelectric point,6.00136775970459,-0.7009577522532708,0.0
580,NSVLRAVAEVYA,0,Inactive,Random Forest,stable_correct,mean_eisenberg_hydrophobicity,Mean hydrophobicity,0.1933333333333333,0.6102198296034363,0.0
580,NSVLRAVAEVYA,0,Inactive,Random Forest,stable_correct,hydrophobic_moment,Hydrophobic moment,0.5217633345470923,0.9230849787774501,0.0
580,NSVLRAVAEVYA,0,Inactive,Random Forest,stable_correct,boman_index,Boman index,0.7866666666666666,-0.280181230933698,0.0
581,NTDTLERVTEIFKALG,0,Inactive,Random Forest,stable_correct,length,Length,16.0,-0.12970135211937614,0.0
581,NTDTLERVTEIFKALG,0,Inactive,Random Forest,stable_correct,molecular_weight,Molecular weight,1807.0098000000005,-0.16644536586657252,0.0
581,NTDTLERVTEIFKALG,0,Inactive,Random Forest,stable_correct,net_charge_pH7_4,Net charge (pH 7.4),-1.4423898372990154,-0.778048705813814,0.0
581,NTDTLERVTEIFKALG,0,Inactive,Random Forest,stable_correct,isoelectric_point,Isoelectric point,4.679122352600097,-1.2206104552741672,0.0
581,NTDTLERVTEIFKALG,0,Inactive,Random Forest,stable_correct,mean_eisenberg_hydrophobicity,Mean hydrophobicity,-0.0193749999999999,-0.2144115145318223,0.0
581,NTDTLERVTEIFKALG,0,Inactive,Random Forest,stable_correct,hydrophobic_moment,Hydrophobic moment,0.4521742407256637,0.5008046402627881,0.0
581,NTDTLERVTEIFKALG,0,Inactive,Random Forest,stable_correct,boman_index,Boman index,2.039375,0.575663514954906,0.0
600,PEKEAVTLGIKALKSSL,0,Inactive,Random Forest,stable_correct,length,Length,17.0,0.07805037118688135,0.0833333333333332
600,PEKEAVTLGIKALKSSL,0,Inactive,Random Forest,stable_correct,molecular_weight,Molecular weight,1784.1023999999998,-0.20822189697067972,0.0833333333333332
600,PEKEAVTLGIKALKSSL,0,Inactive,Random Forest,stable_correct,net_charge_pH7_4,Net charge (pH 7.4),0.896052806804156,0.0864716061026888,0.0833333333333332
600,PEKEAVTLGIKALKSSL,0,Inactive,Random Forest,stable_correct,isoelectric_point,Isoelectric point,8.903615760803223,0.43964822792595376,0.0833333333333332
600,PEKEAVTLGIKALKSSL,0,Inactive,Random Forest,stable_correct,mean_eisenberg_hydrophobicity,Mean hydrophobicity,0.0735294117647059,0.14576191520196774,0.0833333333333332
600,PEKEAVTLGIKALKSSL,0,Inactive,Random Forest,stable_correct,hydrophobic_moment,Hydrophobic moment,0.3306973505163492,-0.23634107470988938,0.0833333333333332
600,PEKEAVTLGIKALKSSL,0,Inactive,Random Forest,stable_correct,boman_index,Boman index,0.6682352941176471,-0.3610930164207062,0.0833333333333332
602,PEYEHLYTELTGTIVLLIES,0,Inactive,Random Forest,stable_correct,length,Length,20.0,0.7013055411056538,0.0
602,PEYEHLYTELTGTIVLLIES,0,Inactive,Random Forest,stable_correct,molecular_weight,Molecular weight,2320.5891000000006,0.7701760578163821,0.0
602,PEYEHLYTELTGTIVLLIES,0,Inactive,Random Forest,stable_correct,net_charge_pH7_4,Net charge (pH 7.4),-4.062573637472822,-1.7467284901638664,0.0
602,PEYEHLYTELTGTIVLLIES,0,Inactive,Random Forest,stable_correct,isoelectric_point,Isoelectric point,4.088167381286621,-1.4528603436509135,0.0
602,PEYEHLYTELTGTIVLLIES,0,Inactive,Random Forest,stable_correct,mean_eisenberg_hydrophobicity,Mean hydrophobicity,0.2865,0.9714099736752169,0.0
602,PEYEHLYTELTGTIVLLIES,0,Inactive,Random Forest,stable_correct,hydrophobic_moment,Hydrophobic moment,0.236531283201438,-0.8077593329268175,0.0
602,PEYEHLYTELTGTIVLLIES,0,Inactive,Random Forest,stable_correct,boman_index,Boman index,0.4394999999999998,-0.517363949135722,0.0
608,PIKFIRKA,0,Inactive,Random Forest,stable_correct,length,Length,8.0,-1.791715138569436,0.0566666666666666
608,PIKFIRKA,0,Inactive,Random Forest,stable_correct,molecular_weight,Molecular weight,972.2277,-1.6888486227093755,0.0566666666666666
608,PIKFIRKA,0,Inactive,Random Forest,stable_correct,net_charge_pH7_4,Net charge (pH 7.4),2.89629175935838,0.8259582929069783,0.0566666666666666
608,PIKFIRKA,0,Inactive,Random Forest,stable_correct,isoelectric_point,Isoelectric point,11.16877689361572,1.3298741263252112,0.0566666666666666
608,PIKFIRKA,0,Inactive,Random Forest,stable_correct,mean_eisenberg_hydrophobicity,Mean hydrophobicity,-0.095,-0.5075958219961705,0.0566666666666666
608,PIKFIRKA,0,Inactive,Random Forest,stable_correct,hydrophobic_moment,Hydrophobic moment,0.7909744075127042,2.556710835661472,0.0566666666666666
608,PIKFIRKA,0,Inactive,Random Forest,stable_correct,boman_index,Boman index,1.4237499999999998,0.15507126082205624,0.0566666666666666
614,PNDMSRIFNIVKESL,0,Inactive,Random Forest,stable_correct,length,Length,15.0,-0.33745307542563363,0.0033333333333332
614,PNDMSRIFNIVKESL,0,Inactive,Random Forest,stable_correct,molecular_weight,Molecular weight,1763.0232999999998,-0.24666413296413836,0.0033333333333332
614,PNDMSRIFNIVKESL,0,Inactive,Random Forest,stable_correct,net_charge_pH7_4,Net charge (pH 7.4),-0.0996354028794854,-0.28163350170396984,0.0033333333333332
614,PNDMSRIFNIVKESL,0,Inactive,Random Forest,stable_correct,isoelectric_point,Isoelectric point,6.492854499816894,-0.5077996504168061,0.0033333333333332
614,PNDMSRIFNIVKESL,0,Inactive,Random Forest,stable_correct,mean_eisenberg_hydrophobicity,Mean hydrophobicity,-0.04,-0.29437087111300847,0.0033333333333332
614,PNDMSRIFNIVKESL,0,Inactive,Random Forest,stable_correct,hydrophobic_moment,Hydrophobic moment,0.5507600388704277,1.0990426963601596,0.0033333333333332
614,PNDMSRIFNIVKESL,0,Inactive,Random Forest,stable_correct,boman_index,Boman index,2.13,0.6375781107409598,0.0033333333333332
615,PNGPTHAPWLLAHKIQ,0,Inactive,Random Forest,stable_correct,length,Length,16.0,-0.12970135211937614,0.0366666666666667
615,PNGPTHAPWLLAHKIQ,0,Inactive,Random Forest,stable_correct,molecular_weight,Molecular weight,1780.0373000000004,-0.21563547409384837,0.0366666666666667
615,PNGPTHAPWLLAHKIQ,0,Inactive,Random Forest,stable_correct,net_charge_pH7_4,Net charge (pH 7.4),0.9720753526111328,0.1145770784261034,0.0366666666666667
615,PNGPTHAPWLLAHKIQ,0,Inactive,Random Forest,stable_correct,isoelectric_point,Isoelectric point,9.182377052307132,0.5492035781274117,0.0366666666666667
615,PNGPTHAPWLLAHKIQ,0,Inactive,Random Forest,stable_correct,mean_eisenberg_hydrophobicity,Mean hydrophobicity,0.156875,0.4688775326164919,0.0366666666666667
615,PNGPTHAPWLLAHKIQ,0,Inactive,Random Forest,stable_correct,hydrophobic_moment,Hydrophobic moment,0.2166905900937312,-0.9281565696459424,0.0366666666666667
615,PNGPTHAPWLLAHKIQ,0,Inactive,Random Forest,stable_correct,boman_index,Boman index,0.498125,-0.47731161062032973,0.0366666666666667
626,PSVVANTVKGG,0,Inactive,Random Forest,stable_correct,length,Length,11.0,-1.1684599686506636,0.0333333333333333
626,PSVVANTVKGG,0,Inactive,Random Forest,stable_correct,molecular_weight,Molecular weight,1028.1600999999998,-1.5868439583508152,0.0333333333333333
626,PSVVANTVKGG,0,Inactive,Random Forest,stable_correct,net_charge_pH7_4,Net charge (pH 7.4),0.8988224702590388,0.08749554839178322,0.0333333333333333
626,PSVVANTVKGG,0,Inactive,Random Forest,stable_correct,isoelectric_point,Isoelectric point,9.179991722106934,0.5482661248532538,0.0333333333333333
626,PSVVANTVKGG,0,Inactive,Random Forest,stable_correct,mean_eisenberg_hydrophobicity,Mean hydrophobicity,0.2263636363636363,0.7382722794451148,0.0333333333333333
626,PSVVANTVKGG,0,Inactive,Random Forest,stable_correct,hydrophobic_moment,Hydrophobic moment,0.3687074397652358,-0.005688360705877279,0.0333333333333333
626,PSVVANTVKGG,0,Inactive,Random Forest,stable_correct,boman_index,Boman index,0.2136363636363635,-0.6716729780816291,0.0333333333333333
634,QASTGSLLNILR,0,Inactive,Random Forest,stable_correct,length,Length,12.0,-0.9607082453444061,0.0133333333333333
634,QASTGSLLNILR,0,Inactive,Random Forest,stable_correct,molecular_weight,Molecular weight,1272.4509,-1.1413275660650513,0.0133333333333333
634,QASTGSLLNILR,0,Inactive,Random Forest,stable_correct,net_charge_pH7_4,Net charge (pH 7.4),0.5574277493335762,-0.03871779764233346,0.0133333333333333
634,QASTGSLLNILR,0,Inactive,Random Forest,stable_correct,isoelectric_point,Isoelectric point,9.750021171569824,0.7722921208017465,0.0133333333333333
634,QASTGSLLNILR,0,Inactive,Random Forest,stable_correct,mean_eisenberg_hydrophobicity,Mean hydrophobicity,0.105,0.2677676357607823,0.0133333333333333
634,QASTGSLLNILR,0,Inactive,Random Forest,stable_correct,hydrophobic_moment,Hydrophobic moment,0.3922364482356137,0.1370903006642753,0.0133333333333333
634,QASTGSLLNILR,0,Inactive,Random Forest,stable_correct,boman_index,Boman index,1.1700000000000002,-0.01828960737889476,0.0133333333333333
641,QGLAEKIFWSLK,0,Inactive,Random Forest,stable_correct,length,Length,12.0,-0.9607082453444061,0.15
641,QGLAEKIFWSLK,0,Inactive,Random Forest,stable_correct,molecular_weight,Molecular weight,1419.6661,-0.8728492410784897,0.15
641,QGLAEKIFWSLK,0,Inactive,Random Forest,stable_correct,net_charge_pH7_4,Net charge (pH 7.4),0.5535624431722228,-0.04014679813404643,0.15
641,QGLAEKIFWSLK,0,Inactive,Random Forest,stable_correct,isoelectric_point,Isoelectric point,8.591073036193851,0.31681651243643966,0.15
641,QGLAEKIFWSLK,0,Inactive,Random Forest,stable_correct,mean_eisenberg_hydrophobicity,Mean hydrophobicity,0.1616666666666666,0.48745394879191867,0.15
641,QGLAEKIFWSLK,0,Inactive,Random Forest,stable_correct,hydrophobic_moment,Hydrophobic moment,0.3809026807271976,0.06831476534286726,0.15
641,QGLAEKIFWSLK,0,Inactive,Random Forest,stable_correct,boman_index,Boman index,0.3358333333333334,-0.5881885534188034,0.15
647,QLLRGVGAAATAVTQALNELLQHVKA,0,Inactive,Random Forest,stable_correct,length,Length,26.0,1.947815880943199,0.0066666666666667
647,QLLRGVGAAATAVTQALNELLQHVKA,0,Inactive,Random Forest,stable_correct,molecular_weight,Molecular weight,2673.0756,1.4130103921811459,0.0066666666666667
647,QLLRGVGAAATAVTQALNELLQHVKA,0,Inactive,Random Forest,stable_correct,net_charge_pH7_4,Net charge (pH 7.4),0.5926693587821821,-0.02568900376972047,0.0066666666666667
647,QLLRGVGAAATAVTQALNELLQHVKA,0,Inactive,Random Forest,stable_correct,isoelectric_point,Isoelectric point,8.755016136169434,0.38124742260348415,0.0066666666666667
647,QLLRGVGAAATAVTQALNELLQHVKA,0,Inactive,Random Forest,stable_correct,mean_eisenberg_hydrophobicity,Mean hydrophobicity,0.1888461538461538,0.5928238545896585,0.0066666666666667
647,QLLRGVGAAATAVTQALNELLQHVKA,0,Inactive,Random Forest,stable_correct,hydrophobic_moment,Hydrophobic moment,0.4874986903294202,0.715160363514426,0.0066666666666667
647,QLLRGVGAAATAVTQALNELLQHVKA,0,Inactive,Random Forest,stable_correct,boman_index,Boman index,0.4184615384615384,-0.531737332221121,0.0066666666666667
657,RAAAIEQLKIWGERVG,0,Inactive,Random Forest,stable_correct,length,Length,16.0,-0.12970135211937614,0.0133333333333333
657,RAAAIEQLKIWGERVG,0,Inactive,Random Forest,stable_correct,molecular_weight,Molecular weight,1797.0662000000002,-0.18457964189470313,0.0133333333333333
657,RAAAIEQLKIWGERVG,0,Inactive,Random Forest,stable_correct,net_charge_pH7_4,Net charge (pH 7.4),0.5571385603126058,-0.038824710584261984,0.0133333333333333
657,RAAAIEQLKIWGERVG,0,Inactive,Random Forest,stable_correct,isoelectric_point,Isoelectric point,8.74566822052002,0.37757361923178867,0.0133333333333333
657,RAAAIEQLKIWGERVG,0,Inactive,Random Forest,stable_correct,mean_eisenberg_hydrophobicity,Mean hydrophobicity,-0.0124999999999999,-0.18775839567142708,0.0133333333333333
657,RAAAIEQLKIWGERVG,0,Inactive,Random Forest,stable_correct,hydrophobic_moment,Hydrophobic moment,0.1648674682384478,-1.2426294882916644,0.0133333333333333
657,RAAAIEQLKIWGERVG,0,Inactive,Random Forest,stable_correct,boman_index,Boman index,1.6318749999999995,0.2972613325238214,0.0133333333333333
663,RFLIRVYHPLLLKVL,0,Inactive,Random Forest,stable_correct,length,Length,15.0,-0.33745307542563363,0.1633333333333333
663,RFLIRVYHPLLLKVL,0,Inactive,Random Forest,stable_correct,molecular_weight,Molecular weight,1880.3681,-0.032660855110471704,0.1633333333333333
663,RFLIRVYHPLLLKVL,0,Inactive,Random Forest,stable_correct,net_charge_pH7_4,Net charge (pH 7.4),2.589017886941678,0.7123593963527471,0.1633333333333333
663,RFLIRVYHPLLLKVL,0,Inactive,Random Forest,stable_correct,isoelectric_point,Isoelectric point,11.00044994354248,1.263720329059716,0.1633333333333333
663,RFLIRVYHPLLLKVL,0,Inactive,Random Forest,stable_correct,mean_eisenberg_hydrophobicity,Mean hydrophobicity,0.252,0.8376597772121426,0.1633333333333333
663,RFLIRVYHPLLLKVL,0,Inactive,Random Forest,stable_correct,hydrophobic_moment,Hydrophobic moment,0.4776500638691371,0.655396956819911,0.1633333333333333
663,RFLIRVYHPLLLKVL,0,Inactive,Random Forest,stable_correct,boman_index,Boman index,-0.0259999999999999,-0.8353914728698805,0.1633333333333333
671,RIENGLRKRLQSIYRHLEE,0,Inactive,Random Forest,stable_correct,length,Length,19.0,0.49355381779939633,0.0033333333333332
671,RIENGLRKRLQSIYRHLEE,0,Inactive,Random Forest,stable_correct,molecular_weight,Molecular weight,2410.7333,0.9345732384285297,0.0033333333333332
671,RIENGLRKRLQSIYRHLEE,0,Inactive,Random Forest,stable_correct,net_charge_pH7_4,Net charge (pH 7.4),1.5944224199511612,0.34465827461617093,0.0033333333333332
671,RIENGLRKRLQSIYRHLEE,0,Inactive,Random Forest,stable_correct,isoelectric_point,Isoelectric point,9.970825386047364,0.8590698900986922,0.0033333333333332
671,RIENGLRKRLQSIYRHLEE,0,Inactive,Random Forest,stable_correct,mean_eisenberg_hydrophobicity,Mean hydrophobicity,-0.478421052631579,-1.9940491877223288,0.0033333333333332
671,RIENGLRKRLQSIYRHLEE,0,Inactive,Random Forest,stable_correct,hydrophobic_moment,Hydrophobic moment,0.6478311863857231,1.6880895538742484,0.0033333333333332
671,RIENGLRKRLQSIYRHLEE,0,Inactive,Random Forest,stable_correct,boman_index,Boman index,4.2368421052631575,2.0769632399261453,0.0033333333333332
675,RKQSLEQDLQFYYG,0,Inactive,Random Forest,stable_correct,length,Length,14.0,-0.5452047987318911,0.0
675,RKQSLEQDLQFYYG,0,Inactive,Random Forest,stable_correct,molecular_weight,Molecular weight,1774.9263000000003,-0.22495647300568863,0.0
675,RKQSLEQDLQFYYG,0,Inactive,Random Forest,stable_correct,net_charge_pH7_4,Net charge (pH 7.4),-0.4485217835734314,-0.4106165081598009,0.0
675,RKQSLEQDLQFYYG,0,Inactive,Random Forest,stable_correct,isoelectric_point,Isoelectric point,6.068267250061035,-0.6746657335344647,0.0
675,RKQSLEQDLQFYYG,0,Inactive,Random Forest,stable_correct,mean_eisenberg_hydrophobicity,Mean hydrophobicity,-0.2835714285714286,-1.238652796452726,0.0
675,RKQSLEQDLQFYYG,0,Inactive,Random Forest,stable_correct,hydrophobic_moment,Hydrophobic moment,0.0341946997768989,-2.0355776051645287,0.0
675,RKQSLEQDLQFYYG,0,Inactive,Random Forest,stable_correct,boman_index,Boman index,3.0385714285714287,1.258310058247251,0.0
679,RLLGKWSAILKNVRFFFFWL,0,Inactive,Random Forest,stable_correct,length,Length,20.0,0.7013055411056538,-0.0066666666666667
679,RLLGKWSAILKNVRFFFFWL,0,Inactive,Random Forest,stable_correct,molecular_weight,Molecular weight,2542.0744,1.1741017553880049,-0.0066666666666667
679,RLLGKWSAILKNVRFFFFWL,0,Inactive,Random Forest,stable_correct,net_charge_pH7_4,Net charge (pH 7.4),3.552391445765631,1.068517804456876,-0.0066666666666667
679,RLLGKWSAILKNVRFFFFWL,0,Inactive,Random Forest,stable_correct,isoelectric_point,Isoelectric point,11.999967765808105,1.6565385875063838,-0.0066666666666667
679,RLLGKWSAILKNVRFFFFWL,0,Inactive,Random Forest,stable_correct,mean_eisenberg_hydrophobicity,Mean hydrophobicity,0.2729999999999999,0.9190729402766223,-0.0066666666666667
679,RLLGKWSAILKNVRFFFFWL,0,Inactive,Random Forest,stable_correct,hydrophobic_moment,Hydrophobic moment,0.3487848324892858,-0.12658266874459206,-0.0066666666666667
679,RLLGKWSAILKNVRFFFFWL,0,Inactive,Random Forest,stable_correct,boman_index,Boman index,0.1504999999999999,-0.7148074601113866,-0.0066666666666667
694,SAAWAEWQKAR,0,Inactive,Random Forest,stable_correct,length,Length,11.0,-1.1684599686506636,-0.0033333333333332
694,SAAWAEWQKAR,0,Inactive,Random Forest,stable_correct,molecular_weight,Molecular weight,1303.4252,-1.084839321769413,-0.0033333333333332
694,SAAWAEWQKAR,0,Inactive,Random Forest,stable_correct,net_charge_pH7_4,Net charge (pH 7.4),0.2518183624148991,-0.1517013352842724,-0.0033333333333332
694,SAAWAEWQKAR,0,Inactive,Random Forest,stable_correct,isoelectric_point,Isoelectric point,8.463554573059085,0.2667007671315175,-0.0033333333333332
694,SAAWAEWQKAR,0,Inactive,Random Forest,stable_correct,mean_eisenberg_hydrophobicity,Mean hydrophobicity,-0.1518181818181818,-0.7278695315862138,-0.0033333333333332
694,SAAWAEWQKAR,0,Inactive,Random Forest,stable_correct,hydrophobic_moment,Hydrophobic moment,0.1774041001866899,-1.1665547344441412,-0.0033333333333332
694,SAAWAEWQKAR,0,Inactive,Random Forest,stable_correct,boman_index,Boman index,2.210909090909091,0.6928548407718946,-0.0033333333333332
701,SDIFNKNMRAHALEK,0,Inactive,Random Forest,stable_correct,length,Length,15.0,-0.33745307542563363,0.0
701,SDIFNKNMRAHALEK,0,Inactive,Random Forest,stable_correct,molecular_weight,Molecular weight,1774.0096,-0.22662827103004507,0.0
701,SDIFNKNMRAHALEK,0,Inactive,Random Forest,stable_correct,net_charge_pH7_4,Net charge (pH 7.4),0.2863856950786649,-0.13892182098146966,0.0
701,SDIFNKNMRAHALEK,0,Inactive,Random Forest,stable_correct,isoelectric_point,Isoelectric point,8.334488868713382,0.21597694402714288,0.0
701,SDIFNKNMRAHALEK,0,Inactive,Random Forest,stable_correct,mean_eisenberg_hydrophobicity,Mean hydrophobicity,-0.2466666666666666,-1.0955797774618594,0.0
701,SDIFNKNMRAHALEK,0,Inactive,Random Forest,stable_correct,hydrophobic_moment,Hydrophobic moment,0.2003620100740218,-1.0272416118492564,0.0
701,SDIFNKNMRAHALEK,0,Inactive,Random Forest,stable_correct,boman_index,Boman index,2.9399999999999995,1.190966497904587,0.0
704,SDWYLKGRLTSLESQFINALGILET,0,Inactive,Random Forest,stable_correct,length,Length,25.0,1.7400641576369413,0.0
704,SDWYLKGRLTSLESQFINALGILET,0,Inactive,Random Forest,stable_correct,molecular_weight,Molecular weight,2855.2008000000005,1.7451545500795331,0.0
704,SDWYLKGRLTSLESQFINALGILET,0,Inactive,Random Forest,stable_correct,net_charge_pH7_4,Net charge (pH 7.4),-1.7491199851575372,-0.8914465878484802,0.0
704,SDWYLKGRLTSLESQFINALGILET,0,Inactive,Random Forest,stable_correct,isoelectric_point,Isoelectric point,4.676564598083496,-1.221615672642346,0.0
704,SDWYLKGRLTSLESQFINALGILET,0,Inactive,Random Forest,stable_correct,mean_eisenberg_hydrophobicity,Mean hydrophobicity,0.14,0.4034562408682491,0.0
704,SDWYLKGRLTSLESQFINALGILET,0,Inactive,Random Forest,stable_correct,hydrophobic_moment,Hydrophobic moment,0.1219790650225701,-1.502884773046892,0.0
704,SDWYLKGRLTSLESQFINALGILET,0,Inactive,Random Forest,stable_correct,boman_index,Boman index,1.0812,-0.07895737130498147,0.0
705,SEAAKAYMKGLEYQMSGNEQWSKT,0,Inactive,Random Forest,stable_correct,length,Length,24.0,1.5323124343306838,-0.0066666666666665
705,SEAAKAYMKGLEYQMSGNEQWSKT,0,Inactive,Random Forest,stable_correct,molecular_weight,Molecular weight,2738.0132000000003,1.5314379599638708,-0.0066666666666665
705,SEAAKAYMKGLEYQMSGNEQWSKT,0,Inactive,Random Forest,stable_correct,net_charge_pH7_4,Net charge (pH 7.4),-0.7559373681411814,-0.5242677955790956,-0.0066666666666665
705,SEAAKAYMKGLEYQMSGNEQWSKT,0,Inactive,Random Forest,stable_correct,isoelectric_point,Isoelectric point,5.951690483093262,-0.7204813073596741,-0.0066666666666665
705,SEAAKAYMKGLEYQMSGNEQWSKT,0,Inactive,Random Forest,stable_correct,mean_eisenberg_hydrophobicity,Mean hydrophobicity,-0.1358333333333333,-0.6658991946215482,-0.0066666666666665
705,SEAAKAYMKGLEYQMSGNEQWSKT,0,Inactive,Random Forest,stable_correct,hydrophobic_moment,Hydrophobic moment,0.3207305214098901,-0.296821758361173,-0.0066666666666665
705,SEAAKAYMKGLEYQMSGNEQWSKT,0,Inactive,Random Forest,stable_correct,boman_index,Boman index,2.0245833333333327,0.5655579142633886,-0.0066666666666665
708,SEERIRSGVKRLSKSRQ,0,Inactive,Random Forest,stable_correct,length,Length,17.0,0.07805037118688135,0.03
708,SEERIRSGVKRLSKSRQ,0,Inactive,Random Forest,stable_correct,molecular_weight,Molecular weight,2016.2666,0.21517905305245075,0.03
708,SEERIRSGVKRLSKSRQ,0,Inactive,Random Forest,stable_correct,net_charge_pH7_4,Net charge (pH 7.4),3.250358175987337,0.9568563543647213,0.03
708,SEERIRSGVKRLSKSRQ,0,Inactive,Random Forest,stable_correct,isoelectric_point,Isoelectric point,11.553846549987792,1.481209488664089,0.03
708,SEERIRSGVKRLSKSRQ,0,Inactive,Random Forest,stable_correct,mean_eisenberg_hydrophobicity,Mean hydrophobicity,-0.7041176470588235,-2.8690336470177136,0.03
708,SEERIRSGVKRLSKSRQ,0,Inactive,Random Forest,stable_correct,hydrophobic_moment,Hydrophobic moment,0.3976120195484663,0.16971032700814614,0.03
708,SEERIRSGVKRLSKSRQ,0,Inactive,Random Forest,stable_correct,boman_index,Boman index,5.2188235294117655,2.747848568980763,0.03
713,SESKLIEQAFR,0,Inactive,Random Forest,stable_correct,length,Length,11.0,-1.1684599686506636,0.0
713,SESKLIEQAFR,0,Inactive,Random Forest,stable_correct,molecular_weight,Molecular weight,1307.4520000000002,-1.0774955928673977,0.0
713,SESKLIEQAFR,0,Inactive,Random Forest,stable_correct,net_charge_pH7_4,Net charge (pH 7.4),-0.7470608766452567,-0.5209861640128342,0.0
713,SESKLIEQAFR,0,Inactive,Random Forest,stable_correct,isoelectric_point,Isoelectric point,5.86364688873291,-0.755083122988758,0.0
713,SESKLIEQAFR,0,Inactive,Random Forest,stable_correct,mean_eisenberg_hydrophobicity,Mean hydrophobicity,-0.2154545454545453,-0.9745760863270618,0.0
713,SESKLIEQAFR,0,Inactive,Random Forest,stable_correct,hydrophobic_moment,Hydrophobic moment,0.6226606878207411,1.5353500070441328,0.0
713,SESKLIEQAFR,0,Inactive,Random Forest,stable_correct,boman_index,Boman index,2.8909090909090907,1.1574278077734583,0.0
720,SGRFWKLYIEAEIKA,0,Inactive,Random Forest,stable_correct,length,Length,15.0,-0.33745307542563363,0.0133333333333333
720,SGRFWKLYIEAEIKA,0,Inactive,Random Forest,stable_correct,molecular_weight,Molecular weight,1811.0877,-0.15900844521257362,0.0133333333333333
720,SGRFWKLYIEAEIKA,0,Inactive,Random Forest,stable_correct,net_charge_pH7_4,Net charge (pH 7.4),0.247927938020172,-0.1531396219660939,0.0133333333333333
720,SGRFWKLYIEAEIKA,0,Inactive,Random Forest,stable_correct,isoelectric_point,Isoelectric point,8.219993019104006,0.17097918686761693,0.0133333333333333
720,SGRFWKLYIEAEIKA,0,Inactive,Random Forest,stable_correct,mean_eisenberg_hydrophobicity,Mean hydrophobicity,0.0486666666666666,0.049373595159240356,0.0133333333333333
720,SGRFWKLYIEAEIKA,0,Inactive,Random Forest,stable_correct,hydrophobic_moment,Hydrophobic moment,0.3718684725053764,0.01349340905516928,0.0133333333333333
720,SGRFWKLYIEAEIKA,0,Inactive,Random Forest,stable_correct,boman_index,Boman index,1.2366666666666666,0.027256761934983883,0.0133333333333333
723,SIDEKYEAEVKKSEIDHHK,0,Inactive,Random Forest,stable_correct,length,Length,19.0,0.49355381779939633,0.0
723,SIDEKYEAEVKKSEIDHHK,0,Inactive,Random Forest,stable_correct,molecular_weight,Molecular weight,2285.4658,0.7061212268478363,0.0
723,SIDEKYEAEVKKSEIDHHK,0,Inactive,Random Forest,stable_correct,net_charge_pH7_4,Net charge (pH 7.4),-2.680670756539233,-1.235840137748792,0.0
723,SIDEKYEAEVKKSEIDHHK,0,Inactive,Random Forest,stable_correct,isoelectric_point,Isoelectric point,5.430874824523924,-0.9251659016845889,0.0
723,SIDEKYEAEVKKSEIDHHK,0,Inactive,Random Forest,stable_correct,mean_eisenberg_hydrophobicity,Mean hydrophobicity,-0.3757894736842106,-1.5961653080838927,0.0
723,SIDEKYEAEVKKSEIDHHK,0,Inactive,Random Forest,stable_correct,hydrophobic_moment,Hydrophobic moment,0.168866082264095,-1.2183651101884994,0.0
723,SIDEKYEAEVKKSEIDHHK,0,Inactive,Random Forest,stable_correct,boman_index,Boman index,3.5499999999999994,1.607715777126578,0.0
724,SIERLLEMESL,0,Inactive,Random Forest,stable_correct,length,Length,11.0,-1.1684599686506636,0.0
724,SIERLLEMESL,0,Inactive,Random Forest,stable_correct,molecular_weight,Molecular weight,1319.524,-1.0554797253534611,0.0
724,SIERLLEMESL,0,Inactive,Random Forest,stable_correct,net_charge_pH7_4,Net charge (pH 7.4),-2.7434345230381263,-1.2590438503254104,0.0
724,SIERLLEMESL,0,Inactive,Random Forest,stable_correct,isoelectric_point,Isoelectric point,4.251863670349121,-1.3885264320874788,0.0
724,SIERLLEMESL,0,Inactive,Random Forest,stable_correct,mean_eisenberg_hydrophobicity,Mean hydrophobicity,0.0236363636363636,-0.04766431637215998,0.0
724,SIERLLEMESL,0,Inactive,Random Forest,stable_correct,hydrophobic_moment,Hydrophobic moment,0.3480212888123008,-0.13121600228411676,0.0
724,SIERLLEMESL,0,Inactive,Random Forest,stable_correct,boman_index,Boman index,1.8290909090909089,0.431998361974225,0.0
728,SKDLAQTSYFMATNSLHLT,0,Inactive,Random Forest,stable_correct,length,Length,19.0,0.49355381779939633,-0.01
728,SKDLAQTSYFMATNSLHLT,0,Inactive,Random Forest,stable_correct,molecular_weight,Molecular weight,2128.3613,0.419607653467837,-0.01
728,SKDLAQTSYFMATNSLHLT,0,Inactive,Random Forest,stable_correct,net_charge_pH7_4,Net charge (pH 7.4),-0.7147099476278063,-0.5090260523053772,-0.01
728,SKDLAQTSYFMATNSLHLT,0,Inactive,Random Forest,stable_correct,isoelectric_point,Isoelectric point,6.460228919982909,-0.5206217564020185,-0.01
728,SKDLAQTSYFMATNSLHLT,0,Inactive,Random Forest,stable_correct,mean_eisenberg_hydrophobicity,Mean hydrophobicity,0.08,0.17084720354116323,-0.01
728,SKDLAQTSYFMATNSLHLT,0,Inactive,Random Forest,stable_correct,hydrophobic_moment,Hydrophobic moment,0.1977067052457943,-1.043354524953152,-0.01
728,SKDLAQTSYFMATNSLHLT,0,Inactive,Random Forest,stable_correct,boman_index,Boman index,1.339473684210526,0.0974940577716494,-0.01
730,SKEDVERVKLRINLARNWVKKY,0,Inactive,Random Forest,stable_correct,length,Length,22.0,1.1168089877181688,0.0033333333333334
730,SKEDVERVKLRINLARNWVKKY,0,Inactive,Random Forest,stable_correct,molecular_weight,Molecular weight,2745.1863000000003,1.5445196381666726,0.0033333333333334
730,SKEDVERVKLRINLARNWVKKY,0,Inactive,Random Forest,stable_correct,net_charge_pH7_4,Net charge (pH 7.4),3.2433130003738584,0.9542517587659242,0.0033333333333334
730,SKEDVERVKLRINLARNWVKKY,0,Inactive,Random Forest,stable_correct,isoelectric_point,Isoelectric point,10.160878181457516,0.9337621131315061,0.0033333333333334
730,SKEDVERVKLRINLARNWVKKY,0,Inactive,Random Forest,stable_correct,mean_eisenberg_hydrophobicity,Mean hydrophobicity,-0.4104545454545454,-1.7305554576400912,0.0033333333333334
730,SKEDVERVKLRINLARNWVKKY,0,Inactive,Random Forest,stable_correct,hydrophobic_moment,Hydrophobic moment,0.3004274041904538,-0.4200250757420118,0.0033333333333334
730,SKEDVERVKLRINLARNWVKKY,0,Inactive,Random Forest,stable_correct,boman_index,Boman index,3.413636363636364,1.514552748984554,0.0033333333333334
735,SKYRLTVVVAKRAQQLLRH,0,Inactive,Random Forest,stable_correct,length,Length,19.0,0.49355381779939633,0.0899999999999999
735,SKYRLTVVVAKRAQQLLRH,0,Inactive,Random Forest,stable_correct,molecular_weight,Molecular weight,2266.6907,0.6718808264037575,0.0899999999999999
735,SKYRLTVVVAKRAQQLLRH,0,Inactive,Random Forest,stable_correct,net_charge_pH7_4,Net charge (pH 7.4),4.282262620849783,1.3383505743705504,0.0899999999999999
735,SKYRLTVVVAKRAQQLLRH,0,Inactive,Random Forest,stable_correct,isoelectric_point,Isoelectric point,11.733906745910645,1.5519745425754374,0.0899999999999999
735,SKYRLTVVVAKRAQQLLRH,0,Inactive,Random Forest,stable_correct,mean_eisenberg_hydrophobicity,Mean hydrophobicity,-0.2489473684210526,-1.1044216414538248,0.0899999999999999
735,SKYRLTVVVAKRAQQLLRH,0,Inactive,Random Forest,stable_correct,hydrophobic_moment,Hydrophobic moment,0.4236826042240079,0.32791177377957703,0.0899999999999999
735,SKYRLTVVVAKRAQQLLRH,0,Inactive,Random Forest,stable_correct,boman_index,Boman index,2.4847368421052627,0.8799327390374411,0.0899999999999999
736,SLAEALGWLFVSEGS,0,Inactive,Random Forest,stable_correct,length,Length,15.0,-0.33745307542563363,0.0
736,SLAEALGWLFVSEGS,0,Inactive,Random Forest,stable_correct,molecular_weight,Molecular weight,1565.7211000000002,-0.6064867883160552,0.0
736,SLAEALGWLFVSEGS,0,Inactive,Random Forest,stable_correct,net_charge_pH7_4,Net charge (pH 7.4),-2.7445301657445973,-1.259448908528029,0.0
736,SLAEALGWLFVSEGS,0,Inactive,Random Forest,stable_correct,isoelectric_point,Isoelectric point,4.0500284194946286,-1.4678492515186445,0.0
736,SLAEALGWLFVSEGS,0,Inactive,Random Forest,stable_correct,mean_eisenberg_hydrophobicity,Mean hydrophobicity,0.4393333333333334,1.5639168826444887,0.0
736,SLAEALGWLFVSEGS,0,Inactive,Random Forest,stable_correct,hydrophobic_moment,Hydrophobic moment,0.1675654293457721,-1.226257728477924,0.0
736,SLAEALGWLFVSEGS,0,Inactive,Random Forest,stable_correct,boman_index,Boman index,-0.3859999999999999,-1.081341867164826,0.0
742,SMDHRIERLEYYIQLLVK,0,Inactive,Random Forest,stable_correct,length,Length,18.0,0.28580209449313887,-0.0033333333333332
742,SMDHRIERLEYYIQLLVK,0,Inactive,Random Forest,stable_correct,molecular_weight,Molecular weight,2306.6816000000003,0.7448127644557055,-0.0033333333333332
742,SMDHRIERLEYYIQLLVK,0,Inactive,Random Forest,stable_correct,net_charge_pH7_4,Net charge (pH 7.4),-0.7150242548821497,-0.5091422514374141,-0.0033333333333332
742,SMDHRIERLEYYIQLLVK,0,Inactive,Random Forest,stable_correct,isoelectric_point,Isoelectric point,6.480861473083496,-0.5125130029653769,-0.0033333333333332
742,SMDHRIERLEYYIQLLVK,0,Inactive,Random Forest,stable_correct,mean_eisenberg_hydrophobicity,Mean hydrophobicity,-0.1083333333333333,-0.5592867191799671,-0.0033333333333332
742,SMDHRIERLEYYIQLLVK,0,Inactive,Random Forest,stable_correct,hydrophobic_moment,Hydrophobic moment,0.4114281888244293,0.25354956557907504,-0.0033333333333332
742,SMDHRIERLEYYIQLLVK,0,Inactive,Random Forest,stable_correct,boman_index,Boman index,2.256666666666666,0.7241162124373292,-0.0033333333333332
744,SNEVMRILISRSLLQE,0,Inactive,Random Forest,stable_correct,length,Length,16.0,-0.12970135211937614,0.0
744,SNEVMRILISRSLLQE,0,Inactive,Random Forest,stable_correct,molecular_weight,Molecular weight,1888.1934,-0.01838975106335296,0.0
744,SNEVMRILISRSLLQE,0,Inactive,Random Forest,stable_correct,net_charge_pH7_4,Net charge (pH 7.4),-0.7424879155546473,-0.5192955440789201,0.0
744,SNEVMRILISRSLLQE,0,Inactive,Random Forest,stable_correct,isoelectric_point,Isoelectric point,6.006426429748534,-0.6989696556806514,0.0
744,SNEVMRILISRSLLQE,0,Inactive,Random Forest,stable_correct,mean_eisenberg_hydrophobicity,Mean hydrophobicity,-0.050625,-0.3355620548063466,0.0
744,SNEVMRILISRSLLQE,0,Inactive,Random Forest,stable_correct,hydrophobic_moment,Hydrophobic moment,0.0864887407336609,-1.7182470565847872,0.0
744,SNEVMRILISRSLLQE,0,Inactive,Random Forest,stable_correct,boman_index,Boman index,2.178125,0.6704568960894163,0.0
749,SPAVQMKIKELYRRR,0,Inactive,Random Forest,stable_correct,length,Length,15.0,-0.33745307542563363,0.0233333333333333
749,SPAVQMKIKELYRRR,0,Inactive,Random Forest,stable_correct,molecular_weight,Molecular weight,1875.246,-0.04200209724045297,0.0233333333333333
749,SPAVQMKIKELYRRR,0,Inactive,Random Forest,stable_correct,net_charge_pH7_4,Net charge (pH 7.4),3.2467569406135803,0.9555249806248284,0.0233333333333333
749,SPAVQMKIKELYRRR,0,Inactive,Random Forest,stable_correct,isoelectric_point,Isoelectric point,11.000063133239744,1.2635683096098522,0.0233333333333333
749,SPAVQMKIKELYRRR,0,Inactive,Random Forest,stable_correct,mean_eisenberg_hydrophobicity,Mean hydrophobicity,-0.4686666666666666,-1.9562332155720774,0.0233333333333333
749,SPAVQMKIKELYRRR,0,Inactive,Random Forest,stable_correct,hydrophobic_moment,Hydrophobic moment,0.2244687825269776,-0.8809569647456118,0.0233333333333333
749,SPAVQMKIKELYRRR,0,Inactive,Random Forest,stable_correct,boman_index,Boman index,3.5806666666666667,1.6286671070109628,0.0233333333333333
760,SPVVIKKRIEGLIER,0,Inactive,Random Forest,stable_correct,length,Length,15.0,-0.33745307542563363,0.0333333333333333
760,SPVVIKKRIEGLIER,0,Inactive,Random Forest,stable_correct,molecular_weight,Molecular weight,1737.0955000000004,-0.2939490078587582,0.0333333333333333
760,SPVVIKKRIEGLIER,0,Inactive,Random Forest,stable_correct,net_charge_pH7_4,Net charge (pH 7.4),1.2504084124540835,0.2174765805023605,0.0333333333333333
760,SPVVIKKRIEGLIER,0,Inactive,Random Forest,stable_correct,isoelectric_point,Isoelectric point,9.9841703414917,0.8643145611189744,0.0333333333333333
760,SPVVIKKRIEGLIER,0,Inactive,Random Forest,stable_correct,mean_eisenberg_hydrophobicity,Mean hydrophobicity,-0.1039999999999999,-0.5424871775952329,0.0333333333333333
760,SPVVIKKRIEGLIER,0,Inactive,Random Forest,stable_correct,hydrophobic_moment,Hydrophobic moment,0.3637639334771729,-0.03568653131188305,0.0333333333333333
760,SPVVIKKRIEGLIER,0,Inactive,Random Forest,stable_correct,boman_index,Boman index,1.9506666666666663,0.5150583772866257,0.0333333333333333
771,SSREWFSTLYRLFIG,0,Inactive,Random Forest,stable_correct,length,Length,15.0,-0.33745307542563363,-0.0166666666666666
771,SSREWFSTLYRLFIG,0,Inactive,Random Forest,stable_correct,molecular_weight,Molecular weight,1862.0913,-0.06599249919419645,-0.0166666666666666
771,SSREWFSTLYRLFIG,0,Inactive,Random Forest,stable_correct,net_charge_pH7_4,Net charge (pH 7.4),0.2517932441815258,-0.15171062147438077,-0.0166666666666666
771,SSREWFSTLYRLFIG,0,Inactive,Random Forest,stable_correct,isoelectric_point,Isoelectric point,8.461298179626464,0.26581398700731373,-0.0166666666666666
771,SSREWFSTLYRLFIG,0,Inactive,Random Forest,stable_correct,mean_eisenberg_hydrophobicity,Mean hydrophobicity,0.0813333333333333,0.17601629325954277,-0.0166666666666666
771,SSREWFSTLYRLFIG,0,Inactive,Random Forest,stable_correct,hydrophobic_moment,Hydrophobic moment,0.4389863892446975,0.4207781579241343,-0.0166666666666666
771,SSREWFSTLYRLFIG,0,Inactive,Random Forest,stable_correct,boman_index,Boman index,1.7046666666666666,0.3469922745184131,-0.0166666666666666
776,SVADHSYRVAFITLLLAEELKKK,0,Inactive,Random Forest,stable_correct,length,Length,23.0,1.3245607110244264,-0.05
776,SVADHSYRVAFITLLLAEELKKK,0,Inactive,Random Forest,stable_correct,molecular_weight,Molecular weight,2632.0618000000004,1.3382129777474885,-0.05
776,SVADHSYRVAFITLLLAEELKKK,0,Inactive,Random Forest,stable_correct,net_charge_pH7_4,Net charge (pH 7.4),0.2824952706839378,-0.14036010766329116,-0.05
776,SVADHSYRVAFITLLLAEELKKK,0,Inactive,Random Forest,stable_correct,isoelectric_point,Isoelectric point,8.180731773376465,0.15554921270649508,-0.05
776,SVADHSYRVAFITLLLAEELKKK,0,Inactive,Random Forest,stable_correct,mean_eisenberg_hydrophobicity,Mean hydrophobicity,0.0491304347826087,0.05117153940911182,-0.05
776,SVADHSYRVAFITLLLAEELKKK,0,Inactive,Random Forest,stable_correct,hydrophobic_moment,Hydrophobic moment,0.2742425318992822,-0.5789200422931384,-0.05
776,SVADHSYRVAFITLLLAEELKKK,0,Inactive,Random Forest,stable_correct,boman_index,Boman index,1.1734782608695653,-0.015913275066866343,-0.05
800,TDQQKVSEIFQSSKEKLQGDAKVVSDAFK,0,Inactive,Random Forest,stable_correct,length,Length,29.0,2.5710710508619714,-0.1166666666666665
800,TDQQKVSEIFQSSKEKLQGDAKVVSDAFK,0,Inactive,Random Forest,stable_correct,molecular_weight,Molecular weight,3241.5598,2.4497626147595586,-0.1166666666666665
800,TDQQKVSEIFQSSKEKLQGDAKVVSDAFK,0,Inactive,Random Forest,stable_correct,net_charge_pH7_4,Net charge (pH 7.4),-0.8005545926952529,-0.5407627466037028,-0.1166666666666665
800,TDQQKVSEIFQSSKEKLQGDAKVVSDAFK,0,Inactive,Random Forest,stable_correct,isoelectric_point,Isoelectric point,5.914745140075683,-0.7350011137889219,-0.1166666666666665
800,TDQQKVSEIFQSSKEKLQGDAKVVSDAFK,0,Inactive,Random Forest,stable_correct,mean_eisenberg_hydrophobicity,Mean hydrophobicity,-0.2044827586206896,-0.9320404734407091,-0.1166666666666665
800,TDQQKVSEIFQSSKEKLQGDAKVVSDAFK,0,Inactive,Random Forest,stable_correct,hydrophobic_moment,Hydrophobic moment,0.3653732135640386,-0.02592110252802232,-0.1166666666666665
800,TDQQKVSEIFQSSKEKLQGDAKVVSDAFK,0,Inactive,Random Forest,stable_correct,boman_index,Boman index,2.530344827586206,0.9110919112930971,-0.1166666666666665
806,TEREQALAAYAEKLTRH,0,Inactive,Random Forest,stable_correct,length,Length,17.0,0.07805037118688135,0.0
806,TEREQALAAYAEKLTRH,0,Inactive,Random Forest,stable_correct,molecular_weight,Molecular weight,1987.1773,0.16212850841418275,0.0
806,TEREQALAAYAEKLTRH,0,Inactive,Random Forest,stable_correct,net_charge_pH7_4,Net charge (pH 7.4),-0.7566803015092654,-0.5245424574309605,0.0
806,TEREQALAAYAEKLTRH,0,Inactive,Random Forest,stable_correct,isoelectric_point,Isoelectric point,6.434310340881347,-0.5308079590662289,0.0
806,TEREQALAAYAEKLTRH,0,Inactive,Random Forest,stable_correct,mean_eisenberg_hydrophobicity,Mean hydrophobicity,-0.3017647058823529,-1.3091848084713729,0.0
806,TEREQALAAYAEKLTRH,0,Inactive,Random Forest,stable_correct,hydrophobic_moment,Hydrophobic moment,0.3020019261358289,-0.4104705662121432,0.0
806,TEREQALAAYAEKLTRH,0,Inactive,Random Forest,stable_correct,boman_index,Boman index,3.1894117647058824,1.3613635031023927,0.0
807,TESMKTVRIREKIKKFL,0,Inactive,Random Forest,stable_correct,length,Length,17.0,0.07805037118688135,-0.0366666666666666
807,TESMKTVRIREKIKKFL,0,Inactive,Random Forest,stable_correct,molecular_weight,Molecular weight,2107.5626,0.38167678669662075,-0.0366666666666666
807,TESMKTVRIREKIKKFL,0,Inactive,Random Forest,stable_correct,net_charge_pH7_4,Net charge (pH 7.4),3.2005613110402718,0.9384464945697589,-0.0366666666666666
807,TESMKTVRIREKIKKFL,0,Inactive,Random Forest,stable_correct,isoelectric_point,Isoelectric point,10.446344184875484,1.0459524671305926,-0.0366666666666666
807,TESMKTVRIREKIKKFL,0,Inactive,Random Forest,stable_correct,mean_eisenberg_hydrophobicity,Mean hydrophobicity,-0.348235294117647,-1.489342788361959,-0.0366666666666666
807,TESMKTVRIREKIKKFL,0,Inactive,Random Forest,stable_correct,hydrophobic_moment,Hydrophobic moment,0.300364596786848,-0.4204062034475101,-0.0366666666666666
807,TESMKTVRIREKIKKFL,0,Inactive,Random Forest,stable_correct,boman_index,Boman index,2.9452941176470584,1.1945834154677482,-0.0366666666666666
817,TIEEFHSKLQEATN,0,Inactive,Random Forest,stable_correct,length,Length,14.0,-0.5452047987318911,0.0
817,TIEEFHSKLQEATN,0,Inactive,Random Forest,stable_correct,molecular_weight,Molecular weight,1646.7527000000002,-0.45870837794143976,0.0
817,TIEEFHSKLQEATN,0,Inactive,Random Forest,stable_correct,net_charge_pH7_4,Net charge (pH 7.4),-2.7541244723752327,-1.2629959157560469,0.0
817,TIEEFHSKLQEATN,0,Inactive,Random Forest,stable_correct,isoelectric_point,Isoelectric point,4.748295402526855,-1.1934249100058685,0.0
817,TIEEFHSKLQEATN,0,Inactive,Random Forest,stable_correct,mean_eisenberg_hydrophobicity,Mean hydrophobicity,-0.1221428571428571,-0.6128237198346139,0.0
817,TIEEFHSKLQEATN,0,Inactive,Random Forest,stable_correct,hydrophobic_moment,Hydrophobic moment,0.4488485131216769,0.48062346960373514,0.0
817,TIEEFHSKLQEATN,0,Inactive,Random Forest,stable_correct,boman_index,Boman index,2.623571428571428,0.9747839092683552,0.0
824,TKGEREMIVVATSAAN,0,Inactive,Random Forest,stable_correct,length,Length,16.0,-0.12970135211937614,0.0
824,TKGEREMIVVATSAAN,0,Inactive,Random Forest,stable_correct,molecular_weight,Molecular weight,1676.8896,-0.4037473112018134,0.0
824,TKGEREMIVVATSAAN,0,Inactive,Random Forest,stable_correct,net_charge_pH7_4,Net charge (pH 7.4),-0.791896792724498,-0.5375619651134652,0.0
824,TKGEREMIVVATSAAN,0,Inactive,Random Forest,stable_correct,isoelectric_point,Isoelectric point,5.8100477218627935,-0.776148011393035,0.0
824,TKGEREMIVVATSAAN,0,Inactive,Random Forest,stable_correct,mean_eisenberg_hydrophobicity,Mean hydrophobicity,0.0024999999999999,-0.1296061363396564,0.0
824,TKGEREMIVVATSAAN,0,Inactive,Random Forest,stable_correct,hydrophobic_moment,Hydrophobic moment,0.3559372192468615,-0.08318057604128408,0.0
824,TKGEREMIVVATSAAN,0,Inactive,Random Forest,stable_correct,boman_index,Boman index,1.721875,0.3587489310975581,0.0
837,TPEKRVDRIFAMMD,0,Inactive,Random Forest,stable_correct,length,Length,14.0,-0.5452047987318911,0.0
837,TPEKRVDRIFAMMD,0,Inactive,Random Forest,stable_correct,molecular_weight,Molecular weight,1708.9991999999995,-0.34518860514436567,0.0
837,TPEKRVDRIFAMMD,0,Inactive,Random Forest,stable_correct,net_charge_pH7_4,Net charge (pH 7.4),-0.7908803922956475,-0.537186202715359,0.0
837,TPEKRVDRIFAMMD,0,Inactive,Random Forest,stable_correct,isoelectric_point,Isoelectric point,5.894453620910644,-0.7429758382431394,0.0
837,TPEKRVDRIFAMMD,0,Inactive,Random Forest,stable_correct,mean_eisenberg_hydrophobicity,Mean hydrophobicity,-0.2407142857142857,-1.072503484076236,0.0
837,TPEKRVDRIFAMMD,0,Inactive,Random Forest,stable_correct,hydrophobic_moment,Hydrophobic moment,0.4639904288196316,0.5725075987907118,0.0
837,TPEKRVDRIFAMMD,0,Inactive,Random Forest,stable_correct,boman_index,Boman index,3.125714285714285,1.3178456695646779,0.0
848,TQDLRSHLVHKLVQAIF,0,Inactive,Random Forest,stable_correct,length,Length,17.0,0.07805037118688135,0.0
848,TQDLRSHLVHKLVQAIF,0,Inactive,Random Forest,stable_correct,molecular_weight,Molecular weight,2005.323,0.19522106367823605,0.0
848,TQDLRSHLVHKLVQAIF,0,Inactive,Random Forest,stable_correct,net_charge_pH7_4,Net charge (pH 7.4),0.2795610519029115,-0.14144488592039356,0.0
848,TQDLRSHLVHKLVQAIF,0,Inactive,Random Forest,stable_correct,isoelectric_point,Isoelectric point,8.465617561340334,0.26751153753078794,0.0
848,TQDLRSHLVHKLVQAIF,0,Inactive,Random Forest,stable_correct,mean_eisenberg_hydrophobicity,Mean hydrophobicity,0.0641176470588235,0.10927422307222862,0.0
848,TQDLRSHLVHKLVQAIF,0,Inactive,Random Forest,stable_correct,hydrophobic_moment,Hydrophobic moment,0.2033235621471079,-1.009270330096964,0.0
848,TQDLRSHLVHKLVQAIF,0,Inactive,Random Forest,stable_correct,boman_index,Boman index,1.353529411764706,0.1070968681440187,0.0
852,TRELAYMIKKA,0,Inactive,Random Forest,stable_correct,length,Length,11.0,-1.1684599686506636,0.0
852,TRELAYMIKKA,0,Inactive,Random Forest,stable_correct,molecular_weight,Molecular weight,1323.6037,-1.0480395220154384,0.0
852,TRELAYMIKKA,0,Inactive,Random Forest,stable_correct,net_charge_pH7_4,Net charge (pH 7.4),1.2019712610010869,0.199569405661837,0.0
852,TRELAYMIKKA,0,Inactive,Random Forest,stable_correct,isoelectric_point,Isoelectric point,9.696641349792484,0.7513134367206181,0.0
852,TRELAYMIKKA,0,Inactive,Random Forest,stable_correct,mean_eisenberg_hydrophobicity,Mean hydrophobicity,-0.1499999999999999,-0.7208207728793321,0.0
852,TRELAYMIKKA,0,Inactive,Random Forest,stable_correct,hydrophobic_moment,Hydrophobic moment,0.6474825656222266,1.6859740543622084,0.0
852,TRELAYMIKKA,0,Inactive,Random Forest,stable_correct,boman_index,Boman index,1.7936363636363637,0.4077759746572987,0.0
861,TVLAALFLAGS,0,Inactive,Random Forest,stable_correct,length,Length,11.0,-1.1684599686506636,0.0533333333333332
861,TVLAALFLAGS,0,Inactive,Random Forest,stable_correct,molecular_weight,Molecular weight,1062.2591,-1.524657156962665,0.0533333333333332
861,TVLAALFLAGS,0,Inactive,Random Forest,stable_correct,net_charge_pH7_4,Net charge (pH 7.4),-0.7916076037035273,-0.5374550521715366,0.0533333333333332
861,TVLAALFLAGS,0,Inactive,Random Forest,stable_correct,isoelectric_point,Isoelectric point,5.184989356994628,-1.0218007980121642,0.0533333333333332
861,TVLAALFLAGS,0,Inactive,Random Forest,stable_correct,mean_eisenberg_hydrophobicity,Mean hydrophobicity,0.700909090909091,2.577998301941158,0.0533333333333332
861,TVLAALFLAGS,0,Inactive,Random Forest,stable_correct,hydrophobic_moment,Hydrophobic moment,0.1322428000682591,-1.4406024056310984,0.0533333333333332
861,TVLAALFLAGS,0,Inactive,Random Forest,stable_correct,boman_index,Boman index,-2.016363636363636,-2.195199031630875,0.0533333333333332
862,TYYAKDIAFQFWKM,0,Inactive,Random Forest,stable_correct,length,Length,14.0,-0.5452047987318911,0.04
862,TYYAKDIAFQFWKM,0,Inactive,Random Forest,stable_correct,molecular_weight,Molecular weight,1812.0937,-0.15717378958641245,0.04
862,TYYAKDIAFQFWKM,0,Inactive,Random Forest,stable_correct,net_charge_pH7_4,Net charge (pH 7.4),0.1988165097823344,-0.171296076376428,0.04
862,TYYAKDIAFQFWKM,0,Inactive,Random Forest,stable_correct,isoelectric_point,Isoelectric point,8.101113319396973,0.12425854260964042,0.04
862,TYYAKDIAFQFWKM,0,Inactive,Random Forest,stable_correct,mean_eisenberg_hydrophobicity,Mean hydrophobicity,0.1578571428571428,0.4726851210251196,0.04
862,TYYAKDIAFQFWKM,0,Inactive,Random Forest,stable_correct,hydrophobic_moment,Hydrophobic moment,0.3612813951474126,-0.05075106324783411,0.04
862,TYYAKDIAFQFWKM,0,Inactive,Random Forest,stable_correct,boman_index,Boman index,0.6449999999999999,-0.3769672657256905,0.04
866,VEAIEALLKGN,0,Inactive,Random Forest,stable_correct,length,Length,11.0,-1.1684599686506636,0.0066666666666665
866,VEAIEALLKGN,0,Inactive,Random Forest,stable_correct,molecular_weight,Molecular weight,1156.3291,-1.3531004424964561,0.0066666666666665
866,VEAIEALLKGN,0,Inactive,Random Forest,stable_correct,net_charge_pH7_4,Net charge (pH 7.4),-1.4771132496853774,-0.7908859226610016,0.0066666666666665
866,VEAIEALLKGN,0,Inactive,Random Forest,stable_correct,isoelectric_point,Isoelectric point,4.531284141540527,-1.278712019154894,0.0066666666666665
866,VEAIEALLKGN,0,Inactive,Random Forest,stable_correct,mean_eisenberg_hydrophobicity,Mean hydrophobicity,0.2418181818181818,0.7981867284536067,0.0066666666666665
866,VEAIEALLKGN,0,Inactive,Random Forest,stable_correct,hydrophobic_moment,Hydrophobic moment,0.3881093534819914,0.11204627617799778,0.0066666666666665
866,VEAIEALLKGN,0,Inactive,Random Forest,stable_correct,boman_index,Boman index,0.2227272727272725,-0.6654621095388276,0.0066666666666665
871,VIDPLHTHLTRLVAAYTG,0,Inactive,Random Forest,stable_correct,length,Length,18.0,0.28580209449313887,-0.0033333333333332
871,VIDPLHTHLTRLVAAYTG,0,Inactive,Random Forest,stable_correct,molecular_weight,Molecular weight,1977.2666000000004,0.14405423255513944,-0.0033333333333332
871,VIDPLHTHLTRLVAAYTG,0,Inactive,Random Forest,stable_correct,net_charge_pH7_4,Net charge (pH 7.4),-0.4056805232913409,-0.39477812965803816,-0.0033333333333332
871,VIDPLHTHLTRLVAAYTG,0,Inactive,Random Forest,stable_correct,isoelectric_point,Isoelectric point,6.890386390686037,-0.3515665332381031,-0.0033333333333332
871,VIDPLHTHLTRLVAAYTG,0,Inactive,Random Forest,stable_correct,mean_eisenberg_hydrophobicity,Mean hydrophobicity,0.2583333333333333,0.862212953374446,-0.0033333333333332
871,VIDPLHTHLTRLVAAYTG,0,Inactive,Random Forest,stable_correct,hydrophobic_moment,Hydrophobic moment,0.3725759883322091,0.01778675455591778,-0.0033333333333332
871,VIDPLHTHLTRLVAAYTG,0,Inactive,Random Forest,stable_correct,boman_index,Boman index,0.4716666666666665,-0.4953878259417755,-0.0033333333333332
872,VKYAVFEAALTKAITAMSEVQKVSQ,0,Inactive,Random Forest,stable_correct,length,Length,25.0,1.7400641576369413,-0.0333333333333334
872,VKYAVFEAALTKAITAMSEVQKVSQ,0,Inactive,Random Forest,stable_correct,molecular_weight,Molecular weight,2713.1527,1.486099534323526,-0.0333333333333334
872,VKYAVFEAALTKAITAMSEVQKVSQ,0,Inactive,Random Forest,stable_correct,net_charge_pH7_4,Net charge (pH 7.4),0.5153699723127652,-0.054266523030246844,-0.0333333333333334
872,VKYAVFEAALTKAITAMSEVQKVSQ,0,Inactive,Random Forest,stable_correct,isoelectric_point,Isoelectric point,8.402438545227053,0.24268169405312193,-0.0333333333333334
872,VKYAVFEAALTKAITAMSEVQKVSQ,0,Inactive,Random Forest,stable_correct,mean_eisenberg_hydrophobicity,Mean hydrophobicity,0.1584,0.4747896789818888,-0.0333333333333334
872,VKYAVFEAALTKAITAMSEVQKVSQ,0,Inactive,Random Forest,stable_correct,hydrophobic_moment,Hydrophobic moment,0.1890581515164004,-1.0958356537616738,-0.0333333333333334
872,VKYAVFEAALTKAITAMSEVQKVSQ,0,Inactive,Random Forest,stable_correct,boman_index,Boman index,0.522,-0.46100031710979683,-0.0333333333333334
873,VLSFKTGIISL,0,Inactive,Random Forest,stable_correct,length,Length,11.0,-1.1684599686506636,0.1799999999999999
873,VLSFKTGIISL,0,Inactive,Random Forest,stable_correct,molecular_weight,Molecular weight,1177.4326,-1.3146137078973525,0.1799999999999999
873,VLSFKTGIISL,0,Inactive,Random Forest,stable_correct,net_charge_pH7_4,Net charge (pH 7.4),0.5206452284349337,-0.05231626520387813,0.1799999999999999
873,VLSFKTGIISL,0,Inactive,Random Forest,stable_correct,isoelectric_point,Isoelectric point,8.720009803771973,0.36748966239085873,0.1799999999999999
873,VLSFKTGIISL,0,Inactive,Random Forest,stable_correct,mean_eisenberg_hydrophobicity,Mean hydrophobicity,0.5336363636363636,1.9295125009080696,0.1799999999999999
873,VLSFKTGIISL,0,Inactive,Random Forest,stable_correct,hydrophobic_moment,Hydrophobic moment,0.2458539503913091,-0.7511875507607727,0.1799999999999999
873,VLSFKTGIISL,0,Inactive,Random Forest,stable_correct,boman_index,Boman index,-1.1563636363636365,-1.6076508674818384,0.1799999999999999
875,VMGQNLILNMND,0,Inactive,Random Forest,stable_correct,length,Length,12.0,-0.9607082453444061,-0.03
875,VMGQNLILNMND,0,Inactive,Random Forest,stable_correct,molecular_weight,Molecular weight,1361.5867999999998,-0.9787692356197601,-0.03
875,VMGQNLILNMND,0,Inactive,Random Forest,stable_correct,net_charge_pH7_4,Net charge (pH 7.4),-1.4751333834507174,-0.7901539677511569,-0.03
875,VMGQNLILNMND,0,Inactive,Random Forest,stable_correct,isoelectric_point,Isoelectric point,4.299324226379395,-1.3698740653668302,-0.03
875,VMGQNLILNMND,0,Inactive,Random Forest,stable_correct,mean_eisenberg_hydrophobicity,Mean hydrophobicity,0.1974999999999999,0.6263732349733726,-0.03
875,VMGQNLILNMND,0,Inactive,Random Forest,stable_correct,hydrophobic_moment,Hydrophobic moment,0.2327799261678554,-0.8305233068635325,-0.03
875,VMGQNLILNMND,0,Inactive,Random Forest,stable_correct,boman_index,Boman index,0.8116666666666665,-0.26310134244099354,-0.03
880,VPMQRVLKYHLLLQELVK,0,Inactive,Random Forest,stable_correct,length,Length,18.0,0.28580209449313887,-0.0733333333333332
880,VPMQRVLKYHLLLQELVK,0,Inactive,Random Forest,stable_correct,molecular_weight,Molecular weight,2207.7227000000003,0.5643400978118217,-0.0733333333333332
880,VPMQRVLKYHLLLQELVK,0,Inactive,Random Forest,stable_correct,net_charge_pH7_4,Net charge (pH 7.4),1.5533561269828802,0.3294761000626409,-0.0733333333333332
880,VPMQRVLKYHLLLQELVK,0,Inactive,Random Forest,stable_correct,isoelectric_point,Isoelectric point,9.69941349029541,0.7524029094446364,-0.0733333333333332
880,VPMQRVLKYHLLLQELVK,0,Inactive,Random Forest,stable_correct,mean_eisenberg_hydrophobicity,Mean hydrophobicity,0.0822222222222222,0.17946235307179592,-0.0733333333333332
880,VPMQRVLKYHLLLQELVK,0,Inactive,Random Forest,stable_correct,hydrophobic_moment,Hydrophobic moment,0.2871435926202673,-0.500633862817437,-0.0733333333333332
880,VPMQRVLKYHLLLQELVK,0,Inactive,Random Forest,stable_correct,boman_index,Boman index,0.5355555555555556,-0.45173922201597483,-0.0733333333333332
881,VQEVNRFIKAFEEMKALMKSL,0,Inactive,Random Forest,stable_correct,length,Length,21.0,0.9090572644119114,0.0166666666666666
881,VQEVNRFIKAFEEMKALMKSL,0,Inactive,Random Forest,stable_correct,molecular_weight,Molecular weight,2511.9992,1.119253211761832,0.0166666666666666
881,VQEVNRFIKAFEEMKALMKSL,0,Inactive,Random Forest,stable_correct,net_charge_pH7_4,Net charge (pH 7.4),0.5189712076865218,-0.05293514929035387,0.0166666666666666
881,VQEVNRFIKAFEEMKALMKSL,0,Inactive,Random Forest,stable_correct,isoelectric_point,Isoelectric point,8.468325233459474,0.2685756736798305,0.0166666666666666
881,VQEVNRFIKAFEEMKALMKSL,0,Inactive,Random Forest,stable_correct,mean_eisenberg_hydrophobicity,Mean hydrophobicity,-0.0147619047619047,-0.19652738715796417,0.0166666666666666
881,VQEVNRFIKAFEEMKALMKSL,0,Inactive,Random Forest,stable_correct,hydrophobic_moment,Hydrophobic moment,0.4074830468325435,0.229609666317031,0.0166666666666666
881,VQEVNRFIKAFEEMKALMKSL,0,Inactive,Random Forest,stable_correct,boman_index,Boman index,1.4504761904761905,0.17333047494878095,0.0166666666666666
894,YKEPLKAVVKKLLEKE,0,Inactive,Random Forest,stable_correct,length,Length,16.0,-0.12970135211937614,0.01
894,YKEPLKAVVKKLLEKE,0,Inactive,Random Forest,stable_correct,molecular_weight,Molecular weight,1915.3199,0.031081209019219534,0.01
894,YKEPLKAVVKKLLEKE,0,Inactive,Random Forest,stable_correct,net_charge_pH7_4,Net charge (pH 7.4),1.5478740810394656,0.3274493922103476,0.01
894,YKEPLKAVVKKLLEKE,0,Inactive,Random Forest,stable_correct,isoelectric_point,Isoelectric point,9.308992958068847,0.5989646113826513,0.01
894,YKEPLKAVVKKLLEKE,0,Inactive,Random Forest,stable_correct,mean_eisenberg_hydrophobicity,Mean hydrophobicity,-0.20125,-0.9195076589295517,0.01
894,YKEPLKAVVKKLLEKE,0,Inactive,Random Forest,stable_correct,hydrophobic_moment,Hydrophobic moment,0.3384863985687636,-0.1890755957726181,0.01
894,YKEPLKAVVKKLLEKE,0,Inactive,Random Forest,stable_correct,boman_index,Boman index,1.479375,0.19307401271832403,0.01
1,AIGKFLHSAKKFGKAFVGEIMNS,1,Active,XGBoost,stable_correct,length,Length,23.0,1.3245607110244264,-0.00021195
1,AIGKFLHSAKKFGKAFVGEIMNS,1,Active,XGBoost,stable_correct,molecular_weight,Molecular weight,2480.9238,1.062580590046904,-0.00021195
1,AIGKFLHSAKKFGKAFVGEIMNS,1,Active,XGBoost,stable_correct,net_charge_pH7_4,Net charge (pH 7.4),2.6355271293782248,0.729553824824036,-0.00021195
1,AIGKFLHSAKKFGKAFVGEIMNS,1,Active,XGBoost,stable_correct,isoelectric_point,Isoelectric point,10.001705741882326,0.8712061095127761,-0.00021195
1,AIGKFLHSAKKFGKAFVGEIMNS,1,Active,XGBoost,stable_correct,mean_eisenberg_hydrophobicity,Mean hydrophobicity,0.1852173913043478,0.5787558052306905,-0.00021195
1,AIGKFLHSAKKFGKAFVGEIMNS,1,Active,XGBoost,stable_correct,hydrophobic_moment,Hydrophobic moment,0.4588864603132566,0.5415357118141274,-0.00021195
1,AIGKFLHSAKKFGKAFVGEIMNS,1,Active,XGBoost,stable_correct,boman_index,Boman index,0.3813043478260868,-0.5571229591313481,-0.00021195
12,FAKKLAKKLKKLAKKLAKKWKL,1,Active,XGBoost,stable_correct,length,Length,22.0,1.1168089877181688,-0.01857204
12,FAKKLAKKLKKLAKKLAKKWKL,1,Active,XGBoost,stable_correct,molecular_weight,Molecular weight,2611.3939,1.300520652681939,-0.01857204
12,FAKKLAKKLKKLAKKLAKKWKL,1,Active,XGBoost,stable_correct,net_charge_pH7_4,Net charge (pH 7.4),10.529891348226808,3.6480937488506466,-0.01857204
12,FAKKLAKKLKKLAKKLAKKWKL,1,Active,XGBoost,stable_correct,isoelectric_point,Isoelectric point,11.000127601623536,1.2635936461848307,-0.01857204
12,FAKKLAKKLKKLAKKLAKKWKL,1,Active,XGBoost,stable_correct,mean_eisenberg_hydrophobicity,Mean hydrophobicity,-0.2959090909090909,-1.2864836591065638,-0.01857204
12,FAKKLAKKLKKLAKKLAKKWKL,1,Active,XGBoost,stable_correct,hydrophobic_moment,Hydrophobic moment,0.6526570489310181,1.717373839059535,-0.01857204
12,FAKKLAKKLKKLAKKLAKKWKL,1,Active,XGBoost,stable_correct,boman_index,Boman index,1.0863636363636366,-0.0754295979726699,-0.01857204
15,FAKKLAKKLKKLAKKLIGAVLKV,1,Active,XGBoost,stable_correct,length,Length,23.0,1.3245607110244264,-0.0290997
15,FAKKLAKKLKKLAKKLIGAVLKV,1,Active,XGBoost,stable_correct,molecular_weight,Molecular weight,2537.3103,1.165413402635922,-0.0290997
15,FAKKLAKKLKKLAKKLIGAVLKV,1,Active,XGBoost,stable_correct,net_charge_pH7_4,Net charge (pH 7.4),8.534902533561377,2.910548033682616,-0.0290997
15,FAKKLAKKLKKLAKKLIGAVLKV,1,Active,XGBoost,stable_correct,isoelectric_point,Isoelectric point,10.90329608917236,1.2255381105690593,-0.0290997
15,FAKKLAKKLKKLAKKLIGAVLKV,1,Active,XGBoost,stable_correct,mean_eisenberg_hydrophobicity,Mean hydrophobicity,-0.0104347826086956,-0.17975192518371957,-0.0290997
15,FAKKLAKKLKKLAKKLIGAVLKV,1,Active,XGBoost,stable_correct,hydrophobic_moment,Hydrophobic moment,0.6343178898810873,1.6060882069811604,-0.0290997
15,FAKKLAKKLKKLAKKLIGAVLKV,1,Active,XGBoost,stable_correct,boman_index,Boman index,0.0517391304347827,-0.7822804456960445,-0.0290997
21,FAKKLAKLAKKLAKLAL,1,Active,XGBoost,stable_correct,length,Length,17.0,0.07805037118688135,-0.01092245
21,FAKKLAKLAKKLAKLAL,1,Active,XGBoost,stable_correct,molecular_weight,Molecular weight,1855.4004,-0.07819478282151619,-0.01092245
21,FAKKLAKLAKKLAKLAL,1,Active,XGBoost,stable_correct,net_charge_pH7_4,Net charge (pH 7.4),5.5424193115632345,1.804229460930573,-0.01092245
21,FAKKLAKLAKKLAKLAL,1,Active,XGBoost,stable_correct,isoelectric_point,Isoelectric point,10.699318122863769,1.1453731873411672,-0.01092245
21,FAKKLAKLAKKLAKLAL,1,Active,XGBoost,stable_correct,mean_eisenberg_hydrophobicity,Mean hydrophobicity,0.0470588235294118,0.04314028108707701,-0.01092245
21,FAKKLAKLAKKLAKLAL,1,Active,XGBoost,stable_correct,hydrophobic_moment,Hydrophobic moment,0.6623655720203274,1.7762870708821994,-0.01092245
21,FAKKLAKLAKKLAKLAL,1,Active,XGBoost,stable_correct,boman_index,Boman index,-0.1958823529411765,-0.9514543386744236,-0.01092245
30,FAKLLAKALKKAL,1,Active,XGBoost,stable_correct,length,Length,13.0,-0.7529565220381487,0.03057577
30,FAKLLAKALKKAL,1,Active,XGBoost,stable_correct,molecular_weight,Molecular weight,1414.8203,-0.8816865912109477,0.03057577
30,FAKLLAKALKKAL,1,Active,XGBoost,stable_correct,net_charge_pH7_4,Net charge (pH 7.4),3.5474304968978063,1.0666837457625442,0.03057577
30,FAKLLAKALKKAL,1,Active,XGBoost,stable_correct,isoelectric_point,Isoelectric point,10.477740287780762,1.058291379144496,0.03057577
30,FAKLLAKALKKAL,1,Active,XGBoost,stable_correct,mean_eisenberg_hydrophobicity,Mean hydrophobicity,0.16,0.48099258664394434,0.03057577
30,FAKLLAKALKKAL,1,Active,XGBoost,stable_correct,hydrophobic_moment,Hydrophobic moment,0.6692892516125144,1.8183013234238163,0.03057577
30,FAKLLAKALKKAL,1,Active,XGBoost,stable_correct,boman_index,Boman index,-0.5923076923076924,-1.2222903623569297,0.03057577
33,FAKLLAKALKKL,0,Inactive,XGBoost,stable_correct,length,Length,12.0,-0.9607082453444061,-0.0008997800000001
33,FAKLLAKALKKL,0,Inactive,XGBoost,stable_correct,molecular_weight,Molecular weight,1343.7424,-1.0113123060526374,-0.0008997800000001
33,FAKLLAKALKKL,0,Inactive,XGBoost,stable_correct,net_charge_pH7_4,Net charge (pH 7.4),3.5474304968978063,1.0666837457625442,-0.0008997800000001
33,FAKLLAKALKKL,0,Inactive,XGBoost,stable_correct,isoelectric_point,Isoelectric point,10.477740287780762,1.058291379144496,-0.0008997800000001
33,FAKLLAKALKKL,0,Inactive,XGBoost,stable_correct,mean_eisenberg_hydrophobicity,Mean hydrophobicity,0.1216666666666667,0.3323812572405285,-0.0008997800000001
33,FAKLLAKALKKL,0,Inactive,XGBoost,stable_correct,hydrophobic_moment,Hydrophobic moment,0.7461443454495983,2.2846731822869386,-0.0008997800000001
33,FAKLLAKALKKL,0,Inactive,XGBoost,stable_correct,boman_index,Boman index,-0.4908333333333334,-1.1529635329109007,-0.0008997800000001
37,FAKLLAKLAKAKL,0,Inactive,XGBoost,stable_correct,length,Length,13.0,-0.7529565220381487,0.112596802
37,FAKLLAKLAKAKL,0,Inactive,XGBoost,stable_correct,molecular_weight,Molecular weight,1414.8203,-0.8816865912109477,0.112596802
37,FAKLLAKLAKAKL,0,Inactive,XGBoost,stable_correct,net_charge_pH7_4,Net charge (pH 7.4),3.5474304968978063,1.0666837457625442,0.112596802
37,FAKLLAKLAKAKL,0,Inactive,XGBoost,stable_correct,isoelectric_point,Isoelectric point,10.477740287780762,1.058291379144496,0.112596802
37,FAKLLAKLAKAKL,0,Inactive,XGBoost,stable_correct,mean_eisenberg_hydrophobicity,Mean hydrophobicity,0.16,0.48099258664394434,0.112596802
37,FAKLLAKLAKAKL,0,Inactive,XGBoost,stable_correct,hydrophobic_moment,Hydrophobic moment,0.4321146957638214,0.37907936735330755,0.112596802
37,FAKLLAKLAKAKL,0,Inactive,XGBoost,stable_correct,boman_index,Boman index,-0.5923076923076924,-1.2222903623569297,0.112596802
38,FAKLLAKLAKKAA,0,Inactive,XGBoost,stable_correct,length,Length,13.0,-0.7529565220381487,0.0006005985
38,FAKLLAKLAKKAA,0,Inactive,XGBoost,stable_correct,molecular_weight,Molecular weight,1372.7406,-0.9584279017001976,0.0006005985
38,FAKLLAKLAKKAA,0,Inactive,XGBoost,stable_correct,net_charge_pH7_4,Net charge (pH 7.4),3.5474304968978063,1.0666837457625442,0.0006005985
38,FAKLLAKLAKKAA,0,Inactive,XGBoost,stable_correct,isoelectric_point,Isoelectric point,10.477740287780762,1.058291379144496,0.0006005985
38,FAKLLAKLAKKAA,0,Inactive,XGBoost,stable_correct,mean_eisenberg_hydrophobicity,Mean hydrophobicity,0.1230769230769231,0.33784856367343,0.0006005985
38,FAKLLAKLAKKAA,0,Inactive,XGBoost,stable_correct,hydrophobic_moment,Hydrophobic moment,0.6523372537091026,1.715433258615818,0.0006005985
38,FAKLLAKLAKKAA,0,Inactive,XGBoost,stable_correct,boman_index,Boman index,-0.3530769230769233,-1.0588489678575108,0.0006005985
40,FAKLLAKLAKKFAL,0,Inactive,XGBoost,persistent_error,length,Length,14.0,-0.5452047987318911,-0.00414263
40,FAKLLAKLAKKFAL,0,Inactive,XGBoost,persistent_error,molecular_weight,Molecular weight,1561.9941,-0.6132837679569143,-0.00414263
40,FAKLLAKLAKKFAL,0,Inactive,XGBoost,persistent_error,net_charge_pH7_4,Net charge (pH 7.4),3.5474304968978063,1.0666837457625442,-0.00414263
40,FAKLLAKLAKKFAL,0,Inactive,XGBoost,persistent_error,isoelectric_point,Isoelectric point,10.477740287780762,1.058291379144496,-0.00414263
40,FAKLLAKLAKKFAL,0,Inactive,XGBoost,persistent_error,mean_eisenberg_hydrophobicity,Mean hydrophobicity,0.2342857142857143,0.7689847280965268,-0.00414263
40,FAKLLAKLAKKFAL,0,Inactive,XGBoost,persistent_error,hydrophobic_moment,Hydrophobic moment,0.567302406594784,1.1994250444965016,-0.00414263
40,FAKLLAKLAKKFAL,0,Inactive,XGBoost,persistent_error,boman_index,Boman index,-0.7628571428571431,-1.3388089862719956,-0.00414263
43,FAKLLAKLAKKL,0,Inactive,XGBoost,stable_correct,length,Length,12.0,-0.9607082453444061,0.2775474099999999
43,FAKLLAKLAKKL,0,Inactive,XGBoost,stable_correct,molecular_weight,Molecular weight,1343.7424,-1.0113123060526374,0.2775474099999999
43,FAKLLAKLAKKL,0,Inactive,XGBoost,stable_correct,net_charge_pH7_4,Net charge (pH 7.4),3.5474304968978063,1.0666837457625442,0.2775474099999999
43,FAKLLAKLAKKL,0,Inactive,XGBoost,stable_correct,isoelectric_point,Isoelectric point,10.477740287780762,1.058291379144496,0.2775474099999999
43,FAKLLAKLAKKL,0,Inactive,XGBoost,stable_correct,mean_eisenberg_hydrophobicity,Mean hydrophobicity,0.1216666666666667,0.3323812572405285,0.2775474099999999
43,FAKLLAKLAKKL,0,Inactive,XGBoost,stable_correct,hydrophobic_moment,Hydrophobic moment,0.7419279732664577,2.2590874047602285,0.2775474099999999
43,FAKLLAKLAKKL,0,Inactive,XGBoost,stable_correct,boman_index,Boman index,-0.4908333333333335,-1.1529635329109007,0.2775474099999999
46,FAKLLAKLAKKVL,1,Active,XGBoost,regression,length,Length,13.0,-0.7529565220381487,-0.92510632
46,FAKLLAKLAKKVL,1,Active,XGBoost,regression,molecular_weight,Molecular weight,1442.8733999999995,-0.8305257783418938,-0.92510632
46,FAKLLAKLAKKVL,1,Active,XGBoost,regression,net_charge_pH7_4,Net charge (pH 7.4),3.5474304968978063,1.0666837457625442,-0.92510632
46,FAKLLAKLAKKVL,1,Active,XGBoost,regression,isoelectric_point,Isoelectric point,10.477740287780762,1.058291379144496,-0.92510632
46,FAKLLAKLAKKVL,1,Active,XGBoost,regression,mean_eisenberg_hydrophobicity,Mean hydrophobicity,0.1969230769230769,0.6241366096144586,-0.92510632
46,FAKLLAKLAKKVL,1,Active,XGBoost,regression,hydrophobic_moment,Hydrophobic moment,0.6923859362710444,1.958456558685223,-0.92510632
46,FAKLLAKLAKKVL,1,Active,XGBoost,regression,boman_index,Boman index,-0.7638461538461541,-1.33948467416841,-0.92510632
47,FAKLLAKLAKLKL,0,Inactive,XGBoost,stable_correct,length,Length,13.0,-0.7529565220381487,-0.102056535
47,FAKLLAKLAKLKL,0,Inactive,XGBoost,stable_correct,molecular_weight,Molecular weight,1456.9,-0.8049452807216978,-0.102056535
47,FAKLLAKLAKLKL,0,Inactive,XGBoost,stable_correct,net_charge_pH7_4,Net charge (pH 7.4),3.5474304968978063,1.0666837457625442,-0.102056535
47,FAKLLAKLAKLKL,0,Inactive,XGBoost,stable_correct,isoelectric_point,Isoelectric point,10.477740287780762,1.058291379144496,-0.102056535
47,FAKLLAKLAKLKL,0,Inactive,XGBoost,stable_correct,mean_eisenberg_hydrophobicity,Mean hydrophobicity,0.1969230769230769,0.6241366096144586,-0.102056535
47,FAKLLAKLAKLKL,0,Inactive,XGBoost,stable_correct,hydrophobic_moment,Hydrophobic moment,0.4221552409279093,0.3186434322292984,-0.102056535
47,FAKLLAKLAKLKL,0,Inactive,XGBoost,stable_correct,boman_index,Boman index,-0.8315384615384617,-1.3857317568563485,-0.102056535
48,FAKLLFKALKKAL,0,Inactive,XGBoost,persistent_error,length,Length,13.0,-0.7529565220381487,0.01505553
48,FAKLLFKALKKAL,0,Inactive,XGBoost,persistent_error,molecular_weight,Molecular weight,1490.9162,-0.7429094827986041,0.01505553
48,FAKLLFKALKKAL,0,Inactive,XGBoost,persistent_error,net_charge_pH7_4,Net charge (pH 7.4),3.5474304968978063,1.0666837457625442,0.01505553
48,FAKLLFKALKKAL,0,Inactive,XGBoost,persistent_error,isoelectric_point,Isoelectric point,10.477740287780762,1.058291379144496,0.01505553
48,FAKLLFKALKKAL,0,Inactive,XGBoost,persistent_error,mean_eisenberg_hydrophobicity,Mean hydrophobicity,0.2046153846153846,0.6539582810666491,0.01505553
48,FAKLLFKALKKAL,0,Inactive,XGBoost,persistent_error,hydrophobic_moment,Hydrophobic moment,0.6664246225881205,1.8009181898361868,0.01505553
48,FAKLLFKALKKAL,0,Inactive,XGBoost,persistent_error,boman_index,Boman index,-0.6823076923076924,-1.283777960930666,0.01505553
50,FAKLWAKLAFGKGIGKVGKKLL,1,Active,XGBoost,stable_correct,length,Length,22.0,1.1168089877181688,-0.1999270299999999
50,FAKLWAKLAFGKGIGKVGKKLL,1,Active,XGBoost,stable_correct,molecular_weight,Molecular weight,2373.9645000000005,0.8675174871490033,-0.1999270299999999
50,FAKLWAKLAFGKGIGKVGKKLL,1,Active,XGBoost,stable_correct,net_charge_pH7_4,Net charge (pH 7.4),5.5424193115632345,1.804229460930573,-0.1999270299999999
50,FAKLWAKLAFGKGIGKVGKKLL,1,Active,XGBoost,stable_correct,isoelectric_point,Isoelectric point,10.699318122863769,1.1453731873411672,-0.1999270299999999
50,FAKLWAKLAFGKGIGKVGKKLL,1,Active,XGBoost,stable_correct,mean_eisenberg_hydrophobicity,Mean hydrophobicity,0.2222727272727272,0.7224125723546316,-0.1999270299999999
50,FAKLWAKLAFGKGIGKVGKKLL,1,Active,XGBoost,stable_correct,hydrophobic_moment,Hydrophobic moment,0.1769606847830692,-1.1692454665181073,-0.1999270299999999
50,FAKLWAKLAFGKGIGKVGKKLL,1,Active,XGBoost,stable_correct,boman_index,Boman index,-0.5827272727272728,-1.215745062431054,-0.1999270299999999
55,FALALKALKKAL,0,Inactive,XGBoost,stable_correct,length,Length,12.0,-0.9607082453444061,0.011229757
55,FALALKALKKAL,0,Inactive,XGBoost,stable_correct,molecular_weight,Molecular weight,1286.648,-1.1154361253193492,0.011229757
55,FALALKALKKAL,0,Inactive,XGBoost,stable_correct,net_charge_pH7_4,Net charge (pH 7.4),2.5499360895650924,0.6979108881785296,0.011229757
55,FALALKALKKAL,0,Inactive,XGBoost,stable_correct,isoelectric_point,Isoelectric point,10.302063941955566,0.989249212331598,0.011229757
55,FALALKALKKAL,0,Inactive,XGBoost,stable_correct,mean_eisenberg_hydrophobicity,Mean hydrophobicity,0.2983333333333334,1.017285644925837,0.011229757
55,FALALKALKKAL,0,Inactive,XGBoost,stable_correct,hydrophobic_moment,Hydrophobic moment,0.5270839680472563,0.9553716316447395,0.011229757
55,FALALKALKKAL,0,Inactive,XGBoost,stable_correct,boman_index,Boman index,-1.1041666666666667,-1.5719901305985857,0.011229757
56,FALALKALKKALKKLKKALKKAL,0,Inactive,XGBoost,persistent_error,length,Length,23.0,1.3245607110244264,0.12919686
56,FALALKALKKALKKLKKALKKAL,0,Inactive,XGBoost,persistent_error,molecular_weight,Molecular weight,2537.3104000000003,1.165413585007257,0.12919686
56,FALALKALKKALKKLKKALKKAL,0,Inactive,XGBoost,persistent_error,net_charge_pH7_4,Net charge (pH 7.4),8.534902533561377,2.910548033682616,0.12919686
56,FALALKALKKALKKLKKALKKAL,0,Inactive,XGBoost,persistent_error,isoelectric_point,Isoelectric point,10.90329608917236,1.2255381105690593,0.12919686
56,FALALKALKKALKKLKKALKKAL,0,Inactive,XGBoost,persistent_error,mean_eisenberg_hydrophobicity,Mean hydrophobicity,-0.0382608695652173,-0.2876285801759911,0.12919686
56,FALALKALKKALKKLKKALKKAL,0,Inactive,XGBoost,persistent_error,hydrophobic_moment,Hydrophobic moment,0.6393088461929213,1.6363743136846243,0.12919686
56,FALALKALKKALKKLKKALKKAL,0,Inactive,XGBoost,persistent_error,boman_index,Boman index,0.0726086956521738,-0.7680224518238739,0.12919686
61,FALALKKALKALKKAL,1,Active,XGBoost,stable_correct,length,Length,16.0,-0.12970135211937614,0.0467769999999999
61,FALALKKALKALKKAL,1,Active,XGBoost,stable_correct,molecular_weight,Molecular weight,1727.2281,-0.3119443169299172,0.0467769999999999
61,FALALKKALKALKKAL,1,Active,XGBoost,stable_correct,net_charge_pH7_4,Net charge (pH 7.4),4.5449249042305215,1.4354566033465588,0.0467769999999999
61,FALALKKALKALKKAL,1,Active,XGBoost,stable_correct,isoelectric_point,Isoelectric point,10.602486610412598,1.1073176517253978,0.0467769999999999
61,FALALKKALKALKKAL,1,Active,XGBoost,stable_correct,mean_eisenberg_hydrophobicity,Mean hydrophobicity,0.14375,0.4179943057011919,0.0467769999999999
61,FALALKKALKALKKAL,1,Active,XGBoost,stable_correct,hydrophobic_moment,Hydrophobic moment,0.5989436322959629,1.3914302390805735,0.0467769999999999
61,FALALKKALKALKKAL,1,Active,XGBoost,stable_correct,boman_index,Boman index,-0.555,-1.1968019133755088,0.0467769999999999
67,FKLAFKLAKKAFL,0,Inactive,XGBoost,rescue,length,Length,13.0,-0.7529565220381487,0.3611470699999999
67,FKLAFKLAKKAFL,0,Inactive,XGBoost,rescue,molecular_weight,Molecular weight,1524.9324,-0.6808736848755099,0.3611470699999999
67,FKLAFKLAKKAFL,0,Inactive,XGBoost,rescue,net_charge_pH7_4,Net charge (pH 7.4),3.5474304968978063,1.0666837457625442,0.3611470699999999
67,FKLAFKLAKKAFL,0,Inactive,XGBoost,rescue,isoelectric_point,Isoelectric point,10.477740287780762,1.058291379144496,0.3611470699999999
67,FKLAFKLAKKAFL,0,Inactive,XGBoost,rescue,mean_eisenberg_hydrophobicity,Mean hydrophobicity,0.2123076923076923,0.6837799525188397,0.3611470699999999
67,FKLAFKLAKKAFL,0,Inactive,XGBoost,rescue,hydrophobic_moment,Hydrophobic moment,0.5025754469180348,0.8066490943819465,0.3611470699999999
67,FKLAFKLAKKAFL,0,Inactive,XGBoost,rescue,boman_index,Boman index,-0.5330769230769231,-1.1818241650049834,0.3611470699999999
68,FKRLAKIKVLRLAKIKR,1,Active,XGBoost,persistent_error,length,Length,17.0,0.07805037118688135,0.101412318
68,FKRLAKIKVLRLAKIKR,1,Active,XGBoost,persistent_error,molecular_weight,Molecular weight,2081.6825000000003,0.3344789029286085,0.101412318
68,FKRLAKIKVLRLAKIKR,1,Active,XGBoost,persistent_error,net_charge_pH7_4,Net charge (pH 7.4),7.544849549530399,2.5445262641400994,0.101412318
68,FKRLAKIKVLRLAKIKR,1,Active,XGBoost,persistent_error,isoelectric_point,Isoelectric point,11.999967765808105,1.6565385875063838,0.101412318
68,FKRLAKIKVLRLAKIKR,1,Active,XGBoost,persistent_error,mean_eisenberg_hydrophobicity,Mean hydrophobicity,-0.3152941176470588,-1.3616358659078727,0.101412318
68,FKRLAKIKVLRLAKIKR,1,Active,XGBoost,persistent_error,hydrophobic_moment,Hydrophobic moment,0.4171274170084164,0.2881336056153212,0.101412318
68,FKRLAKIKVLRLAKIKR,1,Active,XGBoost,persistent_error,boman_index,Boman index,2.19235294117647,0.680177362040411,0.101412318
70,FLGALFHALSKLL,1,Active,XGBoost,stable_correct,length,Length,13.0,-0.7529565220381487,0.0173762599999999
70,FLGALFHALSKLL,1,Active,XGBoost,stable_correct,molecular_weight,Molecular weight,1429.7469,-0.8544647515792764,0.0173762599999999
70,FLGALFHALSKLL,1,Active,XGBoost,stable_correct,net_charge_pH7_4,Net charge (pH 7.4),0.5915737160757106,-0.026094061972339332,0.0173762599999999
70,FLGALFHALSKLL,1,Active,XGBoost,stable_correct,isoelectric_point,Isoelectric point,8.757208061218265,0.38210886615271017,0.0173762599999999
70,FLGALFHALSKLL,1,Active,XGBoost,stable_correct,mean_eisenberg_hydrophobicity,Mean hydrophobicity,0.58,2.109255847933545,0.0173762599999999
70,FLGALFHALSKLL,1,Active,XGBoost,stable_correct,hydrophobic_moment,Hydrophobic moment,0.4823871653403376,0.6841426223112593,0.0173762599999999
70,FLGALFHALSKLL,1,Active,XGBoost,stable_correct,boman_index,Boman index,-1.654615384615385,-1.9480542395392373,0.0173762599999999
72,FLGALFKALSKLL,1,Active,XGBoost,stable_correct,length,Length,13.0,-0.7529565220381487,-0.0002852
72,FLGALFKALSKLL,1,Active,XGBoost,stable_correct,molecular_weight,Molecular weight,1420.7799,-0.8708179891536202,-0.0002852
72,FLGALFKALSKLL,1,Active,XGBoost,stable_correct,net_charge_pH7_4,Net charge (pH 7.4),1.552441682232378,0.32913803059451513,-0.0002852
72,FLGALFKALSKLL,1,Active,XGBoost,stable_correct,isoelectric_point,Isoelectric point,10.002737236022949,0.8716114947124106,-0.0002852
72,FLGALFKALSKLL,1,Active,XGBoost,stable_correct,mean_eisenberg_hydrophobicity,Mean hydrophobicity,0.4953846153846153,1.7812174619594494,-0.0002852
72,FLGALFKALSKLL,1,Active,XGBoost,stable_correct,hydrophobic_moment,Hydrophobic moment,0.5659568803708914,1.1912601261435805,-0.0002852
72,FLGALFKALSKLL,1,Active,XGBoost,stable_correct,boman_index,Boman index,-1.5861538461538462,-1.9012816218207536,-0.0002852
78,FLKLLKKLAAKFLPTIICKISYKC,1,Active,XGBoost,stable_correct,length,Length,24.0,1.5323124343306838,-0.0510913
78,FLKLLKKLAAKFLPTIICKISYKC,1,Active,XGBoost,stable_correct,molecular_weight,Molecular weight,2783.5687000000003,1.6145181333014424,-0.0510913
78,FLKLLKKLAAKFLPTIICKISYKC,1,Active,XGBoost,stable_correct,net_charge_pH7_4,Net charge (pH 7.4),5.490906983795277,1.7851853959492063,-0.0510913
78,FLKLLKKLAAKFLPTIICKISYKC,1,Active,XGBoost,stable_correct,isoelectric_point,Isoelectric point,9.928985404968262,0.8426264529384826,-0.0510913
78,FLKLLKKLAAKFLPTIICKISYKC,1,Active,XGBoost,stable_correct,mean_eisenberg_hydrophobicity,Mean hydrophobicity,0.21125,0.6796794726941635,-0.0510913
78,FLKLLKKLAAKFLPTIICKISYKC,1,Active,XGBoost,stable_correct,hydrophobic_moment,Hydrophobic moment,0.2994180886172191,-0.4261498015938438,-0.0510913
78,FLKLLKKLAAKFLPTIICKISYKC,1,Active,XGBoost,stable_correct,boman_index,Boman index,-0.5037499999999999,-1.1617881419654645,-0.0510913
80,FLKWLFKWAKK,1,Active,XGBoost,stable_correct,length,Length,11.0,-1.1684599686506636,0.2739984
80,FLKWLFKWAKK,1,Active,XGBoost,stable_correct,molecular_weight,Molecular weight,1494.865,-0.7357080035375837,0.2739984
80,FLKWLFKWAKK,1,Active,XGBoost,stable_correct,net_charge_pH7_4,Net charge (pH 7.4),3.5474304968978063,1.0666837457625442,0.2739984
80,FLKWLFKWAKK,1,Active,XGBoost,stable_correct,isoelectric_point,Isoelectric point,10.477740287780762,1.058291379144496,0.2739984
80,FLKWLFKWAKK,1,Active,XGBoost,stable_correct,mean_eisenberg_hydrophobicity,Mean hydrophobicity,0.0763636363636363,0.1567496861274002,0.2739984
80,FLKWLFKWAKK,1,Active,XGBoost,stable_correct,hydrophobic_moment,Hydrophobic moment,0.7128266034647883,2.082494556423624,0.2739984
80,FLKWLFKWAKK,1,Active,XGBoost,stable_correct,boman_index,Boman index,-0.0063636363636367,-0.8219759968174293,0.2739984
88,GIGKFLKKAKKFAKAFVKIINN,1,Active,XGBoost,stable_correct,length,Length,22.0,1.1168089877181688,0.0253009
88,GIGKFLKKAKKFAKAFVKIINN,1,Active,XGBoost,stable_correct,molecular_weight,Molecular weight,2464.0457000000006,1.031799773820349,0.0253009
88,GIGKFLKKAKKFAKAFVKIINN,1,Active,XGBoost,stable_correct,net_charge_pH7_4,Net charge (pH 7.4),6.539913718895949,2.1730023185145875,0.0253009
88,GIGKFLKKAKKFAKAFVKIINN,1,Active,XGBoost,stable_correct,isoelectric_point,Isoelectric point,10.778420829772951,1.1764611648382053,0.0253009
88,GIGKFLKKAKKFAKAFVKIINN,1,Active,XGBoost,stable_correct,mean_eisenberg_hydrophobicity,Mean hydrophobicity,0.0345454545454545,-0.005371764130871697,0.0253009
88,GIGKFLKKAKKFAKAFVKIINN,1,Active,XGBoost,stable_correct,hydrophobic_moment,Hydrophobic moment,0.6839899685814352,1.907508171755164,0.0253009
88,GIGKFLKKAKKFAKAFVKIINN,1,Active,XGBoost,stable_correct,boman_index,Boman index,0.5527272727272726,-0.4400075814351273,0.0253009
90,GLFAVIKKVAAVIKKL,1,Active,XGBoost,stable_correct,length,Length,16.0,-0.12970135211937614,0.0026048699999999
90,GLFAVIKKVAAVIKKL,1,Active,XGBoost,stable_correct,molecular_weight,Molecular weight,1698.1867000000002,-0.3649075056989077,0.0026048699999999
90,GLFAVIKKVAAVIKKL,1,Active,XGBoost,stable_correct,net_charge_pH7_4,Net charge (pH 7.4),3.5474304968978063,1.0666837457625442,0.0026048699999999
90,GLFAVIKKVAAVIKKL,1,Active,XGBoost,stable_correct,isoelectric_point,Isoelectric point,10.477740287780762,1.058291379144496,0.0026048699999999
90,GLFAVIKKVAAVIKKL,1,Active,XGBoost,stable_correct,mean_eisenberg_hydrophobicity,Mean hydrophobicity,0.365,1.2757401308448209,0.0026048699999999
90,GLFAVIKKVAAVIKKL,1,Active,XGBoost,stable_correct,hydrophobic_moment,Hydrophobic moment,0.5337684330905158,0.995934283150166,0.0026048699999999
90,GLFAVIKKVAAVIKKL,1,Active,XGBoost,stable_correct,boman_index,Boman index,-1.1843749999999995,-1.6267881061793457,0.0026048699999999
91,GLFAVIKKVAAVIRRL,1,Active,XGBoost,rescue,length,Length,16.0,-0.12970135211937614,0.847732694
91,GLFAVIKKVAAVIRRL,1,Active,XGBoost,rescue,molecular_weight,Molecular weight,1754.2135000000003,-0.2627306828004765,0.847732694
91,GLFAVIKKVAAVIRRL,1,Active,XGBoost,rescue,net_charge_pH7_4,Net charge (pH 7.4),3.552391445765631,1.068517804456876,0.847732694
91,GLFAVIKKVAAVIRRL,1,Active,XGBoost,rescue,isoelectric_point,Isoelectric point,11.999967765808105,1.6565385875063838,0.847732694
91,GLFAVIKKVAAVIRRL,1,Active,XGBoost,rescue,mean_eisenberg_hydrophobicity,Mean hydrophobicity,0.2399999999999999,0.7911379697467251,0.847732694
91,GLFAVIKKVAAVIRRL,1,Active,XGBoost,rescue,hydrophobic_moment,Hydrophobic moment,0.6137653853350615,1.4813715581440494,0.847732694
91,GLFAVIKKVAAVIRRL,1,Active,XGBoost,rescue,boman_index,Boman index,-0.0131249999999997,-0.8265953302961375,0.847732694
103,GLFDVIKAVASVIGGL,1,Active,XGBoost,stable_correct,length,Length,16.0,-0.12970135211937614,0.1847088999999999
103,GLFDVIKAVASVIGGL,1,Active,XGBoost,stable_correct,molecular_weight,Molecular weight,1558.8592000000003,-0.6190009269255551,0.1847088999999999
103,GLFDVIKAVASVIGGL,1,Active,XGBoost,stable_correct,net_charge_pH7_4,Net charge (pH 7.4),-0.4446062409453315,-0.4091689352878712,0.1847088999999999
103,GLFDVIKAVASVIGGL,1,Active,XGBoost,stable_correct,isoelectric_point,Isoelectric point,5.835682106018066,-0.7660734995475115,0.1847088999999999
103,GLFDVIKAVASVIGGL,1,Active,XGBoost,stable_correct,mean_eisenberg_hydrophobicity,Mean hydrophobicity,0.6000000000000001,2.1867921937092407,0.1847088999999999
103,GLFDVIKAVASVIGGL,1,Active,XGBoost,stable_correct,hydrophobic_moment,Hydrophobic moment,0.4584283569699565,0.5387558504269413,0.1847088999999999
103,GLFDVIKAVASVIGGL,1,Active,XGBoost,stable_correct,boman_index,Boman index,-1.4718750000000005,-1.8232068238454486,0.1847088999999999
114,KKVVFKVKFK,0,Inactive,XGBoost,stable_correct,length,Length,10.0,-1.3762116919569212,-0.0039590043
114,KKVVFKVKFK,0,Inactive,XGBoost,stable_correct,molecular_weight,Molecular weight,1250.6174,-1.1811456114067964,-0.0039590043
114,KKVVFKVKFK,0,Inactive,XGBoost,stable_correct,net_charge_pH7_4,Net charge (pH 7.4),4.5449249042305215,1.4354566033465588,-0.0039590043
114,KKVVFKVKFK,0,Inactive,XGBoost,stable_correct,isoelectric_point,Isoelectric point,10.602486610412598,1.1073176517253978,-0.0039590043
114,KKVVFKVKFK,0,Inactive,XGBoost,stable_correct,mean_eisenberg_hydrophobicity,Mean hydrophobicity,-0.18,-0.8371252915428754,-0.0039590043
114,KKVVFKVKFK,0,Inactive,XGBoost,stable_correct,hydrophobic_moment,Hydrophobic moment,0.2258682015320238,-0.8724650143734575,-0.0039590043
114,KKVVFKVKFK,0,Inactive,XGBoost,stable_correct,boman_index,Boman index,0.967,-0.15697830193965584,-0.0039590043
128,KWKLFKKIGIGKFLHLAKKF,1,Active,XGBoost,stable_correct,length,Length,20.0,0.7013055411056538,-0.00060987
128,KWKLFKKIGIGKFLHLAKKF,1,Active,XGBoost,stable_correct,molecular_weight,Molecular weight,2431.0605000000005,0.9716442243570683,-0.00060987
128,KWKLFKKIGIGKFLHLAKKF,1,Active,XGBoost,stable_correct,net_charge_pH7_4,Net charge (pH 7.4),6.576540160071996,2.1865430835317476,-0.00060987
128,KWKLFKKIGIGKFLHLAKKF,1,Active,XGBoost,stable_correct,isoelectric_point,Isoelectric point,10.778420829772951,1.1764611648382053,-0.00060987
128,KWKLFKKIGIGKFLHLAKKF,1,Active,XGBoost,stable_correct,mean_eisenberg_hydrophobicity,Mean hydrophobicity,0.0595,0.09137244912107555,-0.00060987
128,KWKLFKKIGIGKFLHLAKKF,1,Active,XGBoost,stable_correct,hydrophobic_moment,Hydrophobic moment,0.2543734147443813,-0.6994897617335055,-0.00060987
128,KWKLFKKIGIGKFLHLAKKF,1,Active,XGBoost,stable_correct,boman_index,Boman index,0.1974999999999999,-0.682697269745102,-0.00060987
139,KWKSFLKTFKSLKKTVLHTALKAISS,1,Active,XGBoost,stable_correct,length,Length,26.0,1.947815880943199,-0.00043654
139,KWKSFLKTFKSLKKTVLHTALKAISS,1,Active,XGBoost,stable_correct,molecular_weight,Molecular weight,2991.6138999999994,1.9939329411303488,-0.00043654
139,KWKSFLKTFKSLKKTVLHTALKAISS,1,Active,XGBoost,stable_correct,net_charge_pH7_4,Net charge (pH 7.4),6.576540160071996,2.1865430835317476,-0.00043654
139,KWKSFLKTFKSLKKTVLHTALKAISS,1,Active,XGBoost,stable_correct,isoelectric_point,Isoelectric point,10.778420829772951,1.1764611648382053,-0.00043654
139,KWKSFLKTFKSLKKTVLHTALKAISS,1,Active,XGBoost,stable_correct,mean_eisenberg_hydrophobicity,Mean hydrophobicity,-0.0161538461538461,-0.20192368961121773,-0.00043654
139,KWKSFLKTFKSLKKTVLHTALKAISS,1,Active,XGBoost,stable_correct,hydrophobic_moment,Hydrophobic moment,0.4097974589285517,0.2436539751260044,-0.00043654
139,KWKSFLKTFKSLKKTVLHTALKAISS,1,Active,XGBoost,stable_correct,boman_index,Boman index,0.9334615384615385,-0.17989162927140717,-0.00043654
142,KYKKALKKLAKLL,0,Inactive,XGBoost,rescue,length,Length,13.0,-0.7529565220381487,0.48766131
142,KYKKALKKLAKLL,0,Inactive,XGBoost,rescue,molecular_weight,Molecular weight,1545.0085,-0.6442606333681743,0.48766131
142,KYKKALKKLAKLL,0,Inactive,XGBoost,rescue,net_charge_pH7_4,Net charge (pH 7.4),5.539913718895949,1.8033031453932988,0.48766131
142,KYKKALKKLAKLL,0,Inactive,XGBoost,rescue,isoelectric_point,Isoelectric point,10.398315238952636,1.0270767187725725,0.48766131
142,KYKKALKKLAKLL,0,Inactive,XGBoost,rescue,mean_eisenberg_hydrophobicity,Mean hydrophobicity,-0.2384615384615384,-1.063769994579523,0.48766131
142,KYKKALKKLAKLL,0,Inactive,XGBoost,rescue,hydrophobic_moment,Hydrophobic moment,0.7018851503821844,2.016099662369959,0.48766131
142,KYKKALKKLAKLL,0,Inactive,XGBoost,rescue,boman_index,Boman index,0.78,-0.28473586786508587,0.48766131
145,MPKWKVFKKIEKVGRNIRNGIVKAGPAIAVLGEAKALG,0,Inactive,XGBoost,persistent_error,length,Length,38.0,4.440836560618289,0.0773096999999999
145,MPKWKVFKKIEKVGRNIRNGIVKAGPAIAVLGEAKALG,0,Inactive,XGBoost,persistent_error,molecular_weight,Molecular weight,4088.951700000001,3.9951625321538238,0.0773096999999999
145,MPKWKVFKKIEKVGRNIRNGIVKAGPAIAVLGEAKALG,0,Inactive,XGBoost,persistent_error,net_charge_pH7_4,Net charge (pH 7.4),6.2695406194974,2.073045607232704,0.0773096999999999
145,MPKWKVFKKIEKVGRNIRNGIVKAGPAIAVLGEAKALG,0,Inactive,XGBoost,persistent_error,isoelectric_point,Isoelectric point,10.72878017425537,1.156952002105752,0.0773096999999999
145,MPKWKVFKKIEKVGRNIRNGIVKAGPAIAVLGEAKALG,0,Inactive,XGBoost,persistent_error,mean_eisenberg_hydrophobicity,Mean hydrophobicity,0.0539473684210526,0.06984591101756002,0.0773096999999999
145,MPKWKVFKKIEKVGRNIRNGIVKAGPAIAVLGEAKALG,0,Inactive,XGBoost,persistent_error,hydrophobic_moment,Hydrophobic moment,0.3000237863788378,-0.42247430818290405,0.0773096999999999
145,MPKWKVFKKIEKVGRNIRNGIVKAGPAIAVLGEAKALG,0,Inactive,XGBoost,persistent_error,boman_index,Boman index,0.7499999999999997,-0.3052317340563316,0.0773096999999999
147,VAKKLAKLAKKLAKLAL,1,Active,XGBoost,stable_correct,length,Length,17.0,0.07805037118688135,0.0772416
147,VAKKLAKLAKKLAKLAL,1,Active,XGBoost,stable_correct,molecular_weight,Molecular weight,1807.3576,-0.16581107836480502,0.0772416
147,VAKKLAKLAKKLAKLAL,1,Active,XGBoost,stable_correct,net_charge_pH7_4,Net charge (pH 7.4),5.508117265098505,1.7915480227161944,0.0772416
147,VAKKLAKLAKKLAKLAL,1,Active,XGBoost,stable_correct,isoelectric_point,Isoelectric point,10.699253654479982,1.145347850766191,0.0772416
147,VAKKLAKLAKKLAKLAL,1,Active,XGBoost,stable_correct,mean_eisenberg_hydrophobicity,Mean hydrophobicity,0.0411764705882353,0.02033547350599005,0.0772416
147,VAKKLAKLAKKLAKLAL,1,Active,XGBoost,stable_correct,hydrophobic_moment,Hydrophobic moment,0.6585976675655884,1.7534226839321259,0.0772416
147,VAKKLAKLAKKLAKLAL,1,Active,XGBoost,stable_correct,boman_index,Boman index,-0.2582352941176471,-0.9940535899738749,0.0772416
149,VAKLLAKLAKKVL,0,Inactive,XGBoost,rescue,length,Length,13.0,-0.7529565220381487,0.713228447
149,VAKLLAKLAKKVL,0,Inactive,XGBoost,rescue,molecular_weight,Molecular weight,1394.8306,-0.9181420738851818,0.713228447
149,VAKLLAKLAKKVL,0,Inactive,XGBoost,rescue,net_charge_pH7_4,Net charge (pH 7.4),3.513128450433076,1.0540023075481655,0.713228447
149,VAKLLAKLAKKVL,0,Inactive,XGBoost,rescue,isoelectric_point,Isoelectric point,10.477675819396971,1.058266042569518,0.713228447
149,VAKLLAKLAKKVL,0,Inactive,XGBoost,rescue,mean_eisenberg_hydrophobicity,Mean hydrophobicity,0.1892307692307692,0.5943149381622681,0.713228447
149,VAKLLAKLAKKVL,0,Inactive,XGBoost,rescue,hydrophobic_moment,Hydrophobic moment,0.6863913514848103,1.9220802365666807,0.713228447
149,VAKLLAKLAKKVL,0,Inactive,XGBoost,rescue,boman_index,Boman index,-0.8453846153846155,-1.3951913874061543,0.713228447
158,AEGVATADPLMRLAKQLK,0,Inactive,XGBoost,stable_correct,length,Length,18.0,0.28580209449313887,-8.631220239996296e-05
158,AEGVATADPLMRLAKQLK,0,Inactive,XGBoost,stable_correct,molecular_weight,Molecular weight,1912.2580000000005,0.025497181124843067,-8.631220239996296e-05
158,AEGVATADPLMRLAKQLK,0,Inactive,XGBoost,stable_correct,net_charge_pH7_4,Net charge (pH 7.4),0.6043332394583807,-0.021376876728344464,-8.631220239996296e-05
158,AEGVATADPLMRLAKQLK,0,Inactive,XGBoost,stable_correct,isoelectric_point,Isoelectric point,8.634008979797365,0.3336906713712608,-8.631220239996296e-05
158,AEGVATADPLMRLAKQLK,0,Inactive,XGBoost,stable_correct,mean_eisenberg_hydrophobicity,Mean hydrophobicity,0.0044444444444444,-0.12206788050035244,-8.631220239996296e-05
158,AEGVATADPLMRLAKQLK,0,Inactive,XGBoost,stable_correct,hydrophobic_moment,Hydrophobic moment,0.361077177684928,-0.05199029506496194,-8.631220239996296e-05
158,AEGVATADPLMRLAKQLK,0,Inactive,XGBoost,stable_correct,boman_index,Boman index,1.1294444444444445,-0.045996982044837785,-8.631220239996296e-05
166,AGNLDIMTSAALATAERMAQSMLN,0,Inactive,XGBoost,stable_correct,length,Length,24.0,1.5323124343306838,-0.000122159817
166,AGNLDIMTSAALATAERMAQSMLN,0,Inactive,XGBoost,stable_correct,molecular_weight,Molecular weight,2480.8363,1.0624210151291213,-0.000122159817
166,AGNLDIMTSAALATAERMAQSMLN,0,Inactive,XGBoost,stable_correct,net_charge_pH7_4,Net charge (pH 7.4),-1.3906555752070475,-0.7589225918963733,-0.000122159817
166,AGNLDIMTSAALATAERMAQSMLN,0,Inactive,XGBoost,stable_correct,isoelectric_point,Isoelectric point,4.37037296295166,-1.3419513606952007,-0.000122159817
166,AGNLDIMTSAALATAERMAQSMLN,0,Inactive,XGBoost,stable_correct,mean_eisenberg_hydrophobicity,Mean hydrophobicity,0.15875,0.4761465650329634,-0.000122159817
166,AGNLDIMTSAALATAERMAQSMLN,0,Inactive,XGBoost,stable_correct,hydrophobic_moment,Hydrophobic moment,0.2630663784353652,-0.6467391445240893,-0.000122159817
166,AGNLDIMTSAALATAERMAQSMLN,0,Inactive,XGBoost,stable_correct,boman_index,Boman index,0.945,-0.17200860381323585,-0.000122159817
167,AHAIGVLLDNL,0,Inactive,XGBoost,stable_correct,length,Length,11.0,-1.1684599686506636,-0.000143068554
167,AHAIGVLLDNL,0,Inactive,XGBoost,stable_correct,molecular_weight,Molecular weight,1135.3131,-1.3914276021777765,-0.000143068554
167,AHAIGVLLDNL,0,Inactive,XGBoost,stable_correct,net_charge_pH7_4,Net charge (pH 7.4),-1.3551247767374717,-0.7457868850818321,-0.000143068554
167,AHAIGVLLDNL,0,Inactive,XGBoost,stable_correct,isoelectric_point,Isoelectric point,5.078188896179198,-1.063774207674558,-0.000143068554
167,AHAIGVLLDNL,0,Inactive,XGBoost,stable_correct,mean_eisenberg_hydrophobicity,Mean hydrophobicity,0.4945454545454545,1.7779641887101199,-0.000143068554
167,AHAIGVLLDNL,0,Inactive,XGBoost,stable_correct,hydrophobic_moment,Hydrophobic moment,0.4012201711318436,0.19160530204476026,-0.000143068554
167,AHAIGVLLDNL,0,Inactive,XGBoost,stable_correct,boman_index,Boman index,-0.7509090909090907,-1.3306461304728845,-0.000143068554
169,AKQEKIIIQVALNDITHVVELL,0,Inactive,XGBoost,stable_correct,length,Length,22.0,1.1168089877181688,9.735105999997272e-05
169,AKQEKIIIQVALNDITHVVELL,0,Inactive,XGBoost,stable_correct,molecular_weight,Molecular weight,2487.9315,1.0753606260622637,9.735105999997272e-05
169,AKQEKIIIQVALNDITHVVELL,0,Inactive,XGBoost,stable_correct,net_charge_pH7_4,Net charge (pH 7.4),-1.357894440192354,-0.7468108273709262,9.735105999997272e-05
169,AKQEKIIIQVALNDITHVVELL,0,Inactive,XGBoost,stable_correct,isoelectric_point,Isoelectric point,5.447187614440917,-0.9187548486919823,9.735105999997272e-05
169,AKQEKIIIQVALNDITHVVELL,0,Inactive,XGBoost,stable_correct,mean_eisenberg_hydrophobicity,Mean hydrophobicity,0.2331818181818181,0.7647051245959199,9.735105999997272e-05
169,AKQEKIIIQVALNDITHVVELL,0,Inactive,XGBoost,stable_correct,hydrophobic_moment,Hydrophobic moment,0.3697933873567896,0.0009013833386029649,9.735105999997272e-05
169,AKQEKIIIQVALNDITHVVELL,0,Inactive,XGBoost,stable_correct,boman_index,Boman index,0.3731818181818182,-0.5626722351554598,9.735105999997272e-05
170,AKVVRTALEDAASVAGLLIT,0,Inactive,XGBoost,stable_correct,length,Length,20.0,0.7013055411056538,-0.000889816786
170,AKVVRTALEDAASVAGLLIT,0,Inactive,XGBoost,stable_correct,molecular_weight,Molecular weight,1998.324,0.18245689396898762,-0.000889816786
170,AKVVRTALEDAASVAGLLIT,0,Inactive,XGBoost,stable_correct,net_charge_pH7_4,Net charge (pH 7.4),-0.3931611678743332,-0.39014973431235883,-0.000889816786
170,AKVVRTALEDAASVAGLLIT,0,Inactive,XGBoost,stable_correct,isoelectric_point,Isoelectric point,6.114193153381346,-0.6566164972347237,-0.000889816786
170,AKVVRTALEDAASVAGLLIT,0,Inactive,XGBoost,stable_correct,mean_eisenberg_hydrophobicity,Mean hydrophobicity,0.283,0.9578411131644702,-0.000889816786
170,AKVVRTALEDAASVAGLLIT,0,Inactive,XGBoost,stable_correct,hydrophobic_moment,Hydrophobic moment,0.406621699469199,0.22438284072988973,-0.000889816786
170,AKVVRTALEDAASVAGLLIT,0,Inactive,XGBoost,stable_correct,boman_index,Boman index,0.1375000000000002,-0.7236890021275927,-0.000889816786
173,ALYGLLKEEMGEILAK,0,Inactive,XGBoost,stable_correct,length,Length,16.0,-0.12970135211937614,0.0004235156299999
173,ALYGLLKEEMGEILAK,0,Inactive,XGBoost,stable_correct,molecular_weight,Molecular weight,1778.1175000000003,-0.21913663897566243,0.0004235156299999
173,ALYGLLKEEMGEILAK,0,Inactive,XGBoost,stable_correct,net_charge_pH7_4,Net charge (pH 7.4),-1.396352197250847,-0.7610286283555506,0.0004235156299999
173,ALYGLLKEEMGEILAK,0,Inactive,XGBoost,stable_correct,isoelectric_point,Isoelectric point,4.786207008361816,-1.178525354793087,0.0004235156299999
173,ALYGLLKEEMGEILAK,0,Inactive,XGBoost,stable_correct,mean_eisenberg_hydrophobicity,Mean hydrophobicity,0.23,0.7523697968588778,0.0004235156299999
173,ALYGLLKEEMGEILAK,0,Inactive,XGBoost,stable_correct,hydrophobic_moment,Hydrophobic moment,0.1789650752067653,-1.1570824303273228,0.0004235156299999
173,ALYGLLKEEMGEILAK,0,Inactive,XGBoost,stable_correct,boman_index,Boman index,-0.0487500000000001,-0.8509341713982418,0.0004235156299999
175,APDAEGRAIQAVYWANKWAKEQG,0,Inactive,XGBoost,stable_correct,length,Length,23.0,1.3245607110244264,-0.0001996224
175,APDAEGRAIQAVYWANKWAKEQG,0,Inactive,XGBoost,stable_correct,molecular_weight,Molecular weight,2559.7888000000003,1.2064077430858922,-0.0001996224
175,APDAEGRAIQAVYWANKWAKEQG,0,Inactive,XGBoost,stable_correct,net_charge_pH7_4,Net charge (pH 7.4),-0.3970515922690603,-0.39158802099418033,-0.0001996224
175,APDAEGRAIQAVYWANKWAKEQG,0,Inactive,XGBoost,stable_correct,isoelectric_point,Isoelectric point,6.224460792541504,-0.6132804595843538,-0.0001996224
175,APDAEGRAIQAVYWANKWAKEQG,0,Inactive,XGBoost,stable_correct,mean_eisenberg_hydrophobicity,Mean hydrophobicity,-0.0513043478260869,-0.3381957622036186,-0.0001996224
175,APDAEGRAIQAVYWANKWAKEQG,0,Inactive,XGBoost,stable_correct,hydrophobic_moment,Hydrophobic moment,0.304754344226066,-0.39376835069168026,-0.0001996224
175,APDAEGRAIQAVYWANKWAKEQG,0,Inactive,XGBoost,stable_correct,boman_index,Boman index,1.73304347826087,0.36637918563071226,-0.0001996224
177,APEDVRKSSKEVL,0,Inactive,XGBoost,stable_correct,length,Length,13.0,-0.7529565220381487,-2.0500170999970813e-05
177,APEDVRKSSKEVL,0,Inactive,XGBoost,stable_correct,molecular_weight,Molecular weight,1457.6283,-0.8036170702917441,-2.0500170999970813e-05
177,APEDVRKSSKEVL,0,Inactive,XGBoost,stable_correct,net_charge_pH7_4,Net charge (pH 7.4),-0.3945459996017746,-0.39066170545690604,-2.0500170999970813e-05
177,APEDVRKSSKEVL,0,Inactive,XGBoost,stable_correct,isoelectric_point,Isoelectric point,6.225370216369629,-0.6129230489645572,-2.0500170999970813e-05
177,APEDVRKSSKEVL,0,Inactive,XGBoost,stable_correct,mean_eisenberg_hydrophobicity,Mean hydrophobicity,-0.3230769230769231,-1.3918083805536186,-2.0500170999970813e-05
177,APEDVRKSSKEVL,0,Inactive,XGBoost,stable_correct,hydrophobic_moment,Hydrophobic moment,0.5344739121744981,1.0002152692938213,-2.0500170999970813e-05
177,APEDVRKSSKEVL,0,Inactive,XGBoost,stable_correct,boman_index,Boman index,3.103846153846154,1.3029054594106204,-2.0500170999970813e-05
179,AQTSRWAAMQIGMSFISAY,0,Inactive,XGBoost,stable_correct,length,Length,19.0,0.49355381779939633,-7.77357700000314e-05
179,AQTSRWAAMQIGMSFISAY,0,Inactive,XGBoost,stable_correct,molecular_weight,Molecular weight,2119.4222,0.40330529749584915,-7.77357700000314e-05
179,AQTSRWAAMQIGMSFISAY,0,Inactive,XGBoost,stable_correct,net_charge_pH7_4,Net charge (pH 7.4),0.6052715870308174,-0.02102997040671424,-7.77357700000314e-05
179,AQTSRWAAMQIGMSFISAY,0,Inactive,XGBoost,stable_correct,isoelectric_point,Isoelectric point,8.792601203918458,0.396018645815198,-7.77357700000314e-05
179,AQTSRWAAMQIGMSFISAY,0,Inactive,XGBoost,stable_correct,mean_eisenberg_hydrophobicity,Mean hydrophobicity,0.2378947368421052,0.7829762491387572,-7.77357700000314e-05
179,AQTSRWAAMQIGMSFISAY,0,Inactive,XGBoost,stable_correct,hydrophobic_moment,Hydrophobic moment,0.1706463967496112,-1.2075618109598085,-7.77357700000314e-05
179,AQTSRWAAMQIGMSFISAY,0,Inactive,XGBoost,stable_correct,boman_index,Boman index,0.5726315789473683,-0.42640904820457215,-7.77357700000314e-05
185,DAAGLASRHKG,0,Inactive,XGBoost,stable_correct,length,Length,11.0,-1.1684599686506636,-6.069061699998102e-05
185,DAAGLASRHKG,0,Inactive,XGBoost,stable_correct,molecular_weight,Molecular weight,1082.1712,-1.4883431944440872,-6.069061699998102e-05
185,DAAGLASRHKG,0,Inactive,XGBoost,stable_correct,net_charge_pH7_4,Net charge (pH 7.4),0.5919950819973421,-0.025938283339530698,-6.069061699998102e-05
185,DAAGLASRHKG,0,Inactive,XGBoost,stable_correct,isoelectric_point,Isoelectric point,8.754887199401857,0.38119674945353,-6.069061699998102e-05
185,DAAGLASRHKG,0,Inactive,XGBoost,stable_correct,mean_eisenberg_hydrophobicity,Mean hydrophobicity,-0.1418181818181818,-0.6891013586983661,-6.069061699998102e-05
185,DAAGLASRHKG,0,Inactive,XGBoost,stable_correct,hydrophobic_moment,Hydrophobic moment,0.1929609899209173,-1.0721524610065483,-6.069061699998102e-05
185,DAAGLASRHKG,0,Inactive,XGBoost,stable_correct,boman_index,Boman index,2.2745454545454544,0.7363309205715062,-6.069061699998102e-05
189,DAMLRTSMVATQLVGLAMMRYV,0,Inactive,XGBoost,stable_correct,length,Length,22.0,1.1168089877181688,-0.00230412925
189,DAMLRTSMVATQLVGLAMMRYV,0,Inactive,XGBoost,stable_correct,molecular_weight,Molecular weight,2457.9964,1.0207675846758764,-0.00230412925
189,DAMLRTSMVATQLVGLAMMRYV,0,Inactive,XGBoost,stable_correct,net_charge_pH7_4,Net charge (pH 7.4),0.5553435225879215,-0.03948833454679927,-0.00230412925
189,DAMLRTSMVATQLVGLAMMRYV,0,Inactive,XGBoost,stable_correct,isoelectric_point,Isoelectric point,8.745345878601075,0.37744693635690263,-0.00230412925
189,DAMLRTSMVATQLVGLAMMRYV,0,Inactive,XGBoost,stable_correct,mean_eisenberg_hydrophobicity,Mean hydrophobicity,0.215,0.6942175375271064,-0.00230412925
189,DAMLRTSMVATQLVGLAMMRYV,0,Inactive,XGBoost,stable_correct,hydrophobic_moment,Hydrophobic moment,0.2511300301283408,-0.7191712589104825,-0.00230412925
189,DAMLRTSMVATQLVGLAMMRYV,0,Inactive,XGBoost,stable_correct,boman_index,Boman index,0.4604545454545454,-0.5030478971445641,-0.00230412925
195,DDETREELEELLIQA,0,Inactive,XGBoost,stable_correct,length,Length,15.0,-0.33745307542563363,-3.965533549998845e-05
195,DDETREELEELLIQA,0,Inactive,XGBoost,stable_correct,molecular_weight,Molecular weight,1802.8872,-0.17396380650714335,-3.965533549998845e-05
195,DDETREELEELLIQA,0,Inactive,XGBoost,stable_correct,net_charge_pH7_4,Net charge (pH 7.4),-6.436075477657191,-2.624210157881885,-3.965533549998845e-05
195,DDETREELEELLIQA,0,Inactive,XGBoost,stable_correct,isoelectric_point,Isoelectric point,4.0500284194946286,-1.4678492515186445,-3.965533549998845e-05
195,DDETREELEELLIQA,0,Inactive,XGBoost,stable_correct,mean_eisenberg_hydrophobicity,Mean hydrophobicity,-0.2386666666666666,-1.0645652391515812,-3.965533549998845e-05
195,DDETREELEELLIQA,0,Inactive,XGBoost,stable_correct,hydrophobic_moment,Hydrophobic moment,0.2231561759533877,-0.8889221201714673,-3.965533549998845e-05
195,DDETREELEELLIQA,0,Inactive,XGBoost,stable_correct,boman_index,Boman index,3.535333333333333,1.597695575877525,-3.965533549998845e-05
197,DDYLKEQVLHMKQYVSDN,0,Inactive,XGBoost,stable_correct,length,Length,18.0,0.28580209449313887,-6.496707699998883e-05
197,DDYLKEQVLHMKQYVSDN,0,Inactive,XGBoost,stable_correct,molecular_weight,Molecular weight,2225.4333,0.5966391553989933,-6.496707699998883e-05
197,DDYLKEQVLHMKQYVSDN,0,Inactive,XGBoost,stable_correct,net_charge_pH7_4,Net charge (pH 7.4),-2.413482848521288,-1.1370609890865506,-6.496707699998883e-05
197,DDYLKEQVLHMKQYVSDN,0,Inactive,XGBoost,stable_correct,isoelectric_point,Isoelectric point,4.658717155456543,-1.228629856055859,-6.496707699998883e-05
197,DDYLKEQVLHMKQYVSDN,0,Inactive,XGBoost,stable_correct,mean_eisenberg_hydrophobicity,Mean hydrophobicity,-0.2188888888888888,-0.9878904083289493,-6.496707699998883e-05
197,DDYLKEQVLHMKQYVSDN,0,Inactive,XGBoost,stable_correct,hydrophobic_moment,Hydrophobic moment,0.2605061050069643,-0.662275388361515,-6.496707699998883e-05
197,DDYLKEQVLHMKQYVSDN,0,Inactive,XGBoost,stable_correct,boman_index,Boman index,2.77,1.0748232561541964,-6.496707699998883e-05
198,DEAAFQKLMSNLD,0,Inactive,XGBoost,stable_correct,length,Length,13.0,-0.7529565220381487,-6.430515999999997e-05
198,DEAAFQKLMSNLD,0,Inactive,XGBoost,stable_correct,molecular_weight,Molecular weight,1481.6262999999997,-0.7598515974123988,-6.430515999999997e-05
198,DEAAFQKLMSNLD,0,Inactive,XGBoost,stable_correct,net_charge_pH7_4,Net charge (pH 7.4),-2.441769684558424,-1.1475186089796974,-6.430515999999997e-05
198,DEAAFQKLMSNLD,0,Inactive,XGBoost,stable_correct,isoelectric_point,Isoelectric point,4.274371910095215,-1.3796805192475068,-6.430515999999997e-05
198,DEAAFQKLMSNLD,0,Inactive,XGBoost,stable_correct,mean_eisenberg_hydrophobicity,Mean hydrophobicity,-0.0438461538461538,-0.3092817068391035,-6.430515999999997e-05
198,DEAAFQKLMSNLD,0,Inactive,XGBoost,stable_correct,hydrophobic_moment,Hydrophobic moment,0.3080720028531845,-0.3736361441747983,-6.430515999999997e-05
198,DEAAFQKLMSNLD,0,Inactive,XGBoost,stable_correct,boman_index,Boman index,2.045384615384615,0.5797692573810367,-6.430515999999997e-05
212,DFPALIKQASLDALFK,0,Inactive,XGBoost,stable_correct,length,Length,16.0,-0.12970135211937614,0.00074114504
212,DFPALIKQASLDALFK,0,Inactive,XGBoost,stable_correct,molecular_weight,Molecular weight,1777.0681000000002,-0.22105044376104416,0.00074114504
212,DFPALIKQASLDALFK,0,Inactive,XGBoost,stable_correct,net_charge_pH7_4,Net charge (pH 7.4),-0.446665349457612,-0.4099301860022283,0.00074114504
212,DFPALIKQASLDALFK,0,Inactive,XGBoost,stable_correct,isoelectric_point,Isoelectric point,5.959761619567872,-0.7173092881089769,0.00074114504
212,DFPALIKQASLDALFK,0,Inactive,XGBoost,stable_correct,mean_eisenberg_hydrophobicity,Mean hydrophobicity,0.203125,0.6481803322227873,0.00074114504
212,DFPALIKQASLDALFK,0,Inactive,XGBoost,stable_correct,hydrophobic_moment,Hydrophobic moment,0.1660651992463658,-1.2353614204422543,0.00074114504
212,DFPALIKQASLDALFK,0,Inactive,XGBoost,stable_correct,boman_index,Boman index,0.400625,-0.5439231757418774,0.00074114504
216,DGGGFVISKHPVRLAKKLNR,0,Inactive,XGBoost,stable_correct,length,Length,20.0,0.7013055411056538,0.00119165053
216,DGGGFVISKHPVRLAKKLNR,0,Inactive,XGBoost,stable_correct,molecular_weight,Molecular weight,2192.5658000000008,0.536698256996548,0.00119165053
216,DGGGFVISKHPVRLAKKLNR,0,Inactive,XGBoost,stable_correct,net_charge_pH7_4,Net charge (pH 7.4),3.586958778429397,1.0812973187596788,0.00119165053
216,DGGGFVISKHPVRLAKKLNR,0,Inactive,XGBoost,stable_correct,isoelectric_point,Isoelectric point,11.097216987609862,1.3017505281005086,0.00119165053
216,DGGGFVISKHPVRLAKKLNR,0,Inactive,XGBoost,stable_correct,mean_eisenberg_hydrophobicity,Mean hydrophobicity,-0.1289999999999999,-0.639407609814852,0.00119165053
216,DGGGFVISKHPVRLAKKLNR,0,Inactive,XGBoost,stable_correct,hydrophobic_moment,Hydrophobic moment,0.4814575035363016,0.6785012512320518,0.00119165053
216,DGGGFVISKHPVRLAKKLNR,0,Inactive,XGBoost,stable_correct,boman_index,Boman index,1.9730000000000003,0.5303164110067755,0.00119165053
217,DHAVLEVLATPVREALLARFG,0,Inactive,XGBoost,stable_correct,length,Length,21.0,0.9090572644119114,-3.467380000010678e-06
217,DHAVLEVLATPVREALLARFG,0,Inactive,XGBoost,stable_correct,molecular_weight,Molecular weight,2277.6206,0.6918138309051313,-3.467380000010678e-06
217,DHAVLEVLATPVREALLARFG,0,Inactive,XGBoost,stable_correct,net_charge_pH7_4,Net charge (pH 7.4),-1.4032829216890566,-0.7635909114494882,-3.467380000010678e-06
217,DHAVLEVLATPVREALLARFG,0,Inactive,XGBoost,stable_correct,isoelectric_point,Isoelectric point,5.445482444763183,-0.9194249936041015,-3.467380000010678e-06
217,DHAVLEVLATPVREALLARFG,0,Inactive,XGBoost,stable_correct,mean_eisenberg_hydrophobicity,Mean hydrophobicity,0.1976190476190477,0.6268347608410857,-3.467380000010678e-06
217,DHAVLEVLATPVREALLARFG,0,Inactive,XGBoost,stable_correct,hydrophobic_moment,Hydrophobic moment,0.1084929838605369,-1.5847209718764554,-3.467380000010678e-06
217,DHAVLEVLATPVREALLARFG,0,Inactive,XGBoost,stable_correct,boman_index,Boman index,0.7833333333333333,-0.2824585493993919,-3.467380000010678e-06
229,DLESDALGWQYITG,0,Inactive,XGBoost,stable_correct,length,Length,14.0,-0.5452047987318911,-4.096311000001407e-05
229,DLESDALGWQYITG,0,Inactive,XGBoost,stable_correct,molecular_weight,Molecular weight,1567.6509,-0.6029673863007807,-4.096311000001407e-05
229,DLESDALGWQYITG,0,Inactive,XGBoost,stable_correct,net_charge_pH7_4,Net charge (pH 7.4),-3.4430389958504817,-1.5176870454360933,-4.096311000001407e-05
229,DLESDALGWQYITG,0,Inactive,XGBoost,stable_correct,isoelectric_point,Isoelectric point,4.0500284194946286,-1.4678492515186445,-4.096311000001407e-05
229,DLESDALGWQYITG,0,Inactive,XGBoost,stable_correct,mean_eisenberg_hydrophobicity,Mean hydrophobicity,0.1878571428571429,0.5889896396886629,-4.096311000001407e-05
229,DLESDALGWQYITG,0,Inactive,XGBoost,stable_correct,hydrophobic_moment,Hydrophobic moment,0.0644502163018232,-1.851981167009061,-4.096311000001407e-05
229,DLESDALGWQYITG,0,Inactive,XGBoost,stable_correct,boman_index,Boman index,1.0799999999999998,-0.07977720595263135,-4.096311000001407e-05
235,DLRELIARVRALIRRKS,0,Inactive,XGBoost,stable_correct,length,Length,17.0,0.07805037118688135,-0.0194177321999999
235,DLRELIARVRALIRRKS,0,Inactive,XGBoost,stable_correct,molecular_weight,Molecular weight,2065.4696000000004,0.3049112208198682,-0.0194177321999999
235,DLRELIARVRALIRRKS,0,Inactive,XGBoost,stable_correct,net_charge_pH7_4,Net charge (pH 7.4),3.556388928827646,1.069995670639469,-0.0194177321999999
235,DLRELIARVRALIRRKS,0,Inactive,XGBoost,stable_correct,isoelectric_point,Isoelectric point,11.82919101715088,1.5894220003917545,-0.0194177321999999
235,DLRELIARVRALIRRKS,0,Inactive,XGBoost,stable_correct,mean_eisenberg_hydrophobicity,Mean hydrophobicity,-0.4341176470588235,-1.822292979045827,-0.0194177321999999
235,DLRELIARVRALIRRKS,0,Inactive,XGBoost,stable_correct,hydrophobic_moment,Hydrophobic moment,0.496292472628917,0.7685227679133789,-0.0194177321999999
235,DLRELIARVRALIRRKS,0,Inactive,XGBoost,stable_correct,boman_index,Boman index,3.930588235294117,1.8677319619449273,-0.0194177321999999
239,DMNQVLDAYEN,0,Inactive,XGBoost,stable_correct,length,Length,11.0,-1.1684599686506636,-2.214565299996085e-05
239,DMNQVLDAYEN,0,Inactive,XGBoost,stable_correct,molecular_weight,Molecular weight,1311.3742,-1.0703426243813838,-2.214565299996085e-05
239,DMNQVLDAYEN,0,Inactive,XGBoost,stable_correct,net_charge_pH7_4,Net charge (pH 7.4),-3.4430389958504817,-1.5176870454360933,-2.214565299996085e-05
239,DMNQVLDAYEN,0,Inactive,XGBoost,stable_correct,isoelectric_point,Isoelectric point,4.0500284194946286,-1.4678492515186445,-2.214565299996085e-05
239,DMNQVLDAYEN,0,Inactive,XGBoost,stable_correct,mean_eisenberg_hydrophobicity,Mean hydrophobicity,-0.1118181818181818,-0.5727968400348233,-2.214565299996085e-05
239,DMNQVLDAYEN,0,Inactive,XGBoost,stable_correct,hydrophobic_moment,Hydrophobic moment,0.4310078018548522,0.3723625169258719,-2.214565299996085e-05
239,DMNQVLDAYEN,0,Inactive,XGBoost,stable_correct,boman_index,Boman index,2.735454545454546,1.0512219556915503,-2.214565299996085e-05
252,DPLWKKEMFEKYLSN,0,Inactive,XGBoost,stable_correct,length,Length,15.0,-0.33745307542563363,7.31195080000413e-05
252,DPLWKKEMFEKYLSN,0,Inactive,XGBoost,stable_correct,molecular_weight,Molecular weight,1928.2108000000003,0.054590515392266316,7.31195080000413e-05
252,DPLWKKEMFEKYLSN,0,Inactive,XGBoost,stable_correct,net_charge_pH7_4,Net charge (pH 7.4),-0.4498814970674991,-0.4111191931142396,7.31195080000413e-05
252,DPLWKKEMFEKYLSN,0,Inactive,XGBoost,stable_correct,isoelectric_point,Isoelectric point,6.179899024963378,-0.6307935799544004,7.31195080000413e-05
252,DPLWKKEMFEKYLSN,0,Inactive,XGBoost,stable_correct,mean_eisenberg_hydrophobicity,Mean hydrophobicity,-0.174,-0.8138643878101668,7.31195080000413e-05
252,DPLWKKEMFEKYLSN,0,Inactive,XGBoost,stable_correct,hydrophobic_moment,Hydrophobic moment,0.1309524671583278,-1.4484324000753515,7.31195080000413e-05
252,DPLWKKEMFEKYLSN,0,Inactive,XGBoost,stable_correct,boman_index,Boman index,2.111333333333333,0.6248251273330737,7.31195080000413e-05
261,DQNGEIYMWPVAQA,0,Inactive,XGBoost,stable_correct,length,Length,14.0,-0.5452047987318911,-0.0001111155099999
261,DQNGEIYMWPVAQA,0,Inactive,XGBoost,stable_correct,molecular_weight,Molecular weight,1621.7677,-0.5042738558933719,-0.0001111155099999
261,DQNGEIYMWPVAQA,0,Inactive,XGBoost,stable_correct,net_charge_pH7_4,Net charge (pH 7.4),-2.443485480005487,-1.1481529371377217,-0.0001111155099999
261,DQNGEIYMWPVAQA,0,Inactive,XGBoost,stable_correct,isoelectric_point,Isoelectric point,4.0500284194946286,-1.4678492515186445,-0.0001111155099999
261,DQNGEIYMWPVAQA,0,Inactive,XGBoost,stable_correct,mean_eisenberg_hydrophobicity,Mean hydrophobicity,0.1378571428571429,0.3951487752494247,-0.0001111155099999
261,DQNGEIYMWPVAQA,0,Inactive,XGBoost,stable_correct,hydrophobic_moment,Hydrophobic moment,0.1588075041909526,-1.2794025446549155,-0.0001111155099999
261,DQNGEIYMWPVAQA,0,Inactive,XGBoost,stable_correct,boman_index,Boman index,1.0850000000000002,-0.07636122825409021,-0.0001111155099999
271,DSVASLLDVVKSTG,0,Inactive,XGBoost,stable_correct,length,Length,14.0,-0.5452047987318911,-3.093274599996754e-05
271,DSVASLLDVVKSTG,0,Inactive,XGBoost,stable_correct,molecular_weight,Molecular weight,1390.5356,-0.9259749227066166,-3.093274599996754e-05
271,DSVASLLDVVKSTG,0,Inactive,XGBoost,stable_correct,net_charge_pH7_4,Net charge (pH 7.4),-1.4441597567903264,-0.778703043586243,-3.093274599996754e-05
271,DSVASLLDVVKSTG,0,Inactive,XGBoost,stable_correct,isoelectric_point,Isoelectric point,4.207813453674317,-1.4058385089838892,-3.093274599996754e-05
271,DSVASLLDVVKSTG,0,Inactive,XGBoost,stable_correct,mean_eisenberg_hydrophobicity,Mean hydrophobicity,0.1935714285714286,0.6111428813388615,-3.093274599996754e-05
271,DSVASLLDVVKSTG,0,Inactive,XGBoost,stable_correct,hydrophobic_moment,Hydrophobic moment,0.4098819957295438,0.2441669610980808,-3.093274599996754e-05
271,DSVASLLDVVKSTG,0,Inactive,XGBoost,stable_correct,boman_index,Boman index,0.7892857142857145,-0.2783919092820812,-3.093274599996754e-05
282,DWYRTYAELRETA,0,Inactive,XGBoost,stable_correct,length,Length,13.0,-0.7529565220381487,3.737904000000736e-05
282,DWYRTYAELRETA,0,Inactive,XGBoost,stable_correct,molecular_weight,Molecular weight,1673.7796,-0.4094190597081373,3.737904000000736e-05
282,DWYRTYAELRETA,0,Inactive,XGBoost,stable_correct,net_charge_pH7_4,Net charge (pH 7.4),-1.4449205481996747,-0.7789843075411969,3.737904000000736e-05
282,DWYRTYAELRETA,0,Inactive,XGBoost,stable_correct,isoelectric_point,Isoelectric point,4.679122352600097,-1.2206104552741672,3.737904000000736e-05
282,DWYRTYAELRETA,0,Inactive,XGBoost,stable_correct,mean_eisenberg_hydrophobicity,Mean hydrophobicity,-0.293076923076923,-1.2755038618900754,3.737904000000736e-05
282,DWYRTYAELRETA,0,Inactive,XGBoost,stable_correct,hydrophobic_moment,Hydrophobic moment,0.4073577608108996,0.22884940604166792,3.737904000000736e-05
282,DWYRTYAELRETA,0,Inactive,XGBoost,stable_correct,boman_index,Boman index,3.594615384615385,1.6381968088981747,3.737904000000736e-05
288,EDKEAVFDVVDTLTAVLQVATGVISTL,0,Inactive,XGBoost,stable_correct,length,Length,27.0,2.1555676042494563,-0.0059655855
288,EDKEAVFDVVDTLTAVLQVATGVISTL,0,Inactive,XGBoost,stable_correct,molecular_weight,Molecular weight,2834.1750999999995,1.7068097003787535,-0.0059655855
288,EDKEAVFDVVDTLTAVLQVATGVISTL,0,Inactive,XGBoost,stable_correct,net_charge_pH7_4,Net charge (pH 7.4),-4.332643959934803,-1.8465732650626607,-0.0059655855
288,EDKEAVFDVVDTLTAVLQVATGVISTL,0,Inactive,XGBoost,stable_correct,isoelectric_point,Isoelectric point,4.0500284194946286,-1.4678492515186445,-0.0059655855
288,EDKEAVFDVVDTLTAVLQVATGVISTL,0,Inactive,XGBoost,stable_correct,mean_eisenberg_hydrophobicity,Mean hydrophobicity,0.2937037037037037,0.9993374167370183,-0.0059655855
288,EDKEAVFDVVDTLTAVLQVATGVISTL,0,Inactive,XGBoost,stable_correct,hydrophobic_moment,Hydrophobic moment,0.3172138853343177,-0.3181613992571478,-0.0059655855
288,EDKEAVFDVVDTLTAVLQVATGVISTL,0,Inactive,XGBoost,stable_correct,boman_index,Boman index,0.417777777777778,-0.5322044744704939,-0.0059655855
301,EGKDRELYGKLHETLKKVTEDLEA,0,Inactive,XGBoost,stable_correct,length,Length,24.0,1.5323124343306838,-0.0002436022499999
301,EGKDRELYGKLHETLKKVTEDLEA,0,Inactive,XGBoost,stable_correct,molecular_weight,Molecular weight,2802.0972000000006,1.6483088060343778,-0.0002436022499999
301,EGKDRELYGKLHETLKKVTEDLEA,0,Inactive,XGBoost,stable_correct,net_charge_pH7_4,Net charge (pH 7.4),-2.303149208996744,-1.0962707337868642,-0.0002436022499999
301,EGKDRELYGKLHETLKKVTEDLEA,0,Inactive,XGBoost,stable_correct,isoelectric_point,Isoelectric point,5.094388008117675,-1.0574078310094266,-0.0002436022499999
301,EGKDRELYGKLHETLKKVTEDLEA,0,Inactive,XGBoost,stable_correct,mean_eisenberg_hydrophobicity,Mean hydrophobicity,-0.2983333333333333,-1.2958820040490724,-0.0002436022499999
301,EGKDRELYGKLHETLKKVTEDLEA,0,Inactive,XGBoost,stable_correct,hydrophobic_moment,Hydrophobic moment,0.3345743561016327,-0.21281464059396438,-0.0002436022499999
301,EGKDRELYGKLHETLKKVTEDLEA,0,Inactive,XGBoost,stable_correct,boman_index,Boman index,2.964166666666667,1.2074770567808686,-0.0002436022499999
302,EGNKRLDSVNSIVS,0,Inactive,XGBoost,stable_correct,length,Length,14.0,-0.5452047987318911,-3.097137610008627e-05
302,EGNKRLDSVNSIVS,0,Inactive,XGBoost,stable_correct,molecular_weight,Molecular weight,1517.6402999999998,-0.694172384966496,-3.097137610008627e-05
302,EGNKRLDSVNSIVS,0,Inactive,XGBoost,stable_correct,net_charge_pH7_4,Net charge (pH 7.4),-0.334682807418031,-0.36853033280617525,-3.097137610008627e-05
302,EGNKRLDSVNSIVS,0,Inactive,XGBoost,stable_correct,isoelectric_point,Isoelectric point,6.168474388122559,-0.635283550865598,-3.097137610008627e-05
302,EGNKRLDSVNSIVS,0,Inactive,XGBoost,stable_correct,mean_eisenberg_hydrophobicity,Mean hydrophobicity,-0.1828571428571428,-0.8482019123679745,-3.097137610008627e-05
302,EGNKRLDSVNSIVS,0,Inactive,XGBoost,stable_correct,hydrophobic_moment,Hydrophobic moment,0.3577945663180282,-0.07190982789841963,-3.097137610008627e-05
302,EGNKRLDSVNSIVS,0,Inactive,XGBoost,stable_correct,boman_index,Boman index,2.901428571428571,1.1646146699444142,-3.097137610008627e-05
309,EKETFREKFMQH,0,Inactive,XGBoost,stable_correct,length,Length,12.0,-0.9607082453444061,0.001094772891
309,EKETFREKFMQH,0,Inactive,XGBoost,stable_correct,molecular_weight,Molecular weight,1609.8036000000002,-0.5260929447372664,0.001094772891
309,EKETFREKFMQH,0,Inactive,XGBoost,stable_correct,net_charge_pH7_4,Net charge (pH 7.4),-0.2987669211845851,-0.35525225936375204,0.001094772891
309,EKETFREKFMQH,0,Inactive,XGBoost,stable_correct,isoelectric_point,Isoelectric point,6.861625862121582,-0.3628696440891793,0.001094772891
309,EKETFREKFMQH,0,Inactive,XGBoost,stable_correct,mean_eisenberg_hydrophobicity,Mean hydrophobicity,-0.4983333333333333,-2.071245461806025,0.001094772891
309,EKETFREKFMQH,0,Inactive,XGBoost,stable_correct,hydrophobic_moment,Hydrophobic moment,0.1208031557194723,-1.5100204224900202,0.001094772891
309,EKETFREKFMQH,0,Inactive,XGBoost,stable_correct,boman_index,Boman index,4.2425,2.0808286883744946,0.001094772891
315,EPGQRKIVMHK,0,Inactive,XGBoost,stable_correct,length,Length,11.0,-1.1684599686506636,-8.741787299992865e-05
315,EPGQRKIVMHK,0,Inactive,XGBoost,stable_correct,molecular_weight,Molecular weight,1322.5792,-1.0499079163385023,-8.741787299992865e-05
315,EPGQRKIVMHK,0,Inactive,XGBoost,stable_correct,net_charge_pH7_4,Net charge (pH 7.4),1.698991556935726,0.38331739809337134,-8.741787299992865e-05
315,EPGQRKIVMHK,0,Inactive,XGBoost,stable_correct,isoelectric_point,Isoelectric point,9.9959680557251,0.8689511543398049,-8.741787299992865e-05
315,EPGQRKIVMHK,0,Inactive,XGBoost,stable_correct,mean_eisenberg_hydrophobicity,Mean hydrophobicity,-0.3409090909090909,-1.4609404371018782,-8.741787299992865e-05
315,EPGQRKIVMHK,0,Inactive,XGBoost,stable_correct,hydrophobic_moment,Hydrophobic moment,0.2065639140782027,-0.989607235850032,-8.741787299992865e-05
315,EPGQRKIVMHK,0,Inactive,XGBoost,stable_correct,boman_index,Boman index,2.7981818181818183,1.0940769486368818,-8.741787299992865e-05
316,EQEILRQVKKAYDRAARLG,0,Inactive,XGBoost,stable_correct,length,Length,19.0,0.49355381779939633,-0.0002624724999999
316,EQEILRQVKKAYDRAARLG,0,Inactive,XGBoost,stable_correct,molecular_weight,Molecular weight,2244.5528,0.6315076427194636,-0.0002624724999999
316,EQEILRQVKKAYDRAARLG,0,Inactive,XGBoost,stable_correct,net_charge_pH7_4,Net charge (pH 7.4),1.6613765317204954,0.36941115437436417,-0.0002624724999999
316,EQEILRQVKKAYDRAARLG,0,Inactive,XGBoost,stable_correct,isoelectric_point,Isoelectric point,9.695803260803224,0.7509840612459134,-0.0002624724999999
316,EQEILRQVKKAYDRAARLG,0,Inactive,XGBoost,stable_correct,mean_eisenberg_hydrophobicity,Mean hydrophobicity,-0.3831578947368421,-1.62473133021178,-0.0002624724999999
316,EQEILRQVKKAYDRAARLG,0,Inactive,XGBoost,stable_correct,hydrophobic_moment,Hydrophobic moment,0.7098656176369683,2.064526710759223,-0.0002624724999999
316,EQEILRQVKKAYDRAARLG,0,Inactive,XGBoost,stable_correct,boman_index,Boman index,3.381578947368421,1.4926512651757264,-0.0002624724999999
326,EVNRNFGERINDLRILILLL,0,Inactive,XGBoost,stable_correct,length,Length,20.0,0.7013055411056538,-4.866163200001328e-05
326,EVNRNFGERINDLRILILLL,0,Inactive,XGBoost,stable_correct,molecular_weight,Molecular weight,2410.8125,0.9347176765255398,-4.866163200001328e-05
326,EVNRNFGERINDLRILILLL,0,Inactive,XGBoost,stable_correct,net_charge_pH7_4,Net charge (pH 7.4),-0.3311066902776476,-0.3672082452563906,-4.866163200001328e-05
326,EVNRNFGERINDLRILILLL,0,Inactive,XGBoost,stable_correct,isoelectric_point,Isoelectric point,6.281413459777832,-0.5908976195195754,-4.866163200001328e-05
326,EVNRNFGERINDLRILILLL,0,Inactive,XGBoost,stable_correct,mean_eisenberg_hydrophobicity,Mean hydrophobicity,0.013,-0.08889955480741597,-4.866163200001328e-05
326,EVNRNFGERINDLRILILLL,0,Inactive,XGBoost,stable_correct,hydrophobic_moment,Hydrophobic moment,0.319814792655498,-0.302378580948698,-4.866163200001328e-05
326,EVNRNFGERINDLRILILLL,0,Inactive,XGBoost,stable_correct,boman_index,Boman index,1.9849999999999997,0.5385147574832733,-4.866163200001328e-05
329,EYKYYKLKLAEMQR,0,Inactive,XGBoost,stable_correct,length,Length,14.0,-0.5452047987318911,-1.6534719999961034e-05
329,EYKYYKLKLAEMQR,0,Inactive,XGBoost,stable_correct,molecular_weight,Molecular weight,1863.1838,-0.06400009236359872,-1.6534719999961034e-05
329,EYKYYKLKLAEMQR,0,Inactive,XGBoost,stable_correct,net_charge_pH7_4,Net charge (pH 7.4),1.6534635060303802,0.36648571531984103,-1.6534719999961034e-05
329,EYKYYKLKLAEMQR,0,Inactive,XGBoost,stable_correct,isoelectric_point,Isoelectric point,9.31228084564209,0.6002567767064889,-1.6534719999961034e-05
329,EYKYYKLKLAEMQR,0,Inactive,XGBoost,stable_correct,mean_eisenberg_hydrophobicity,Mean hydrophobicity,-0.3635714285714285,-1.5487981795555068,-1.6534719999961034e-05
329,EYKYYKLKLAEMQR,0,Inactive,XGBoost,stable_correct,hydrophobic_moment,Hydrophobic moment,0.2397512106630324,-0.7882201783868277,-1.6534719999961034e-05
329,EYKYYKLKLAEMQR,0,Inactive,XGBoost,stable_correct,boman_index,Boman index,2.6535714285714285,0.9952797754596009,-1.6534719999961034e-05
341,FKSVQNSLQRILYLWAIRH,0,Inactive,XGBoost,stable_correct,length,Length,19.0,0.49355381779939633,-0.00011171341
341,FKSVQNSLQRILYLWAIRH,0,Inactive,XGBoost,stable_correct,molecular_weight,Molecular weight,2372.7677,0.8653348670164078,-0.00011171341
341,FKSVQNSLQRILYLWAIRH,0,Inactive,XGBoost,stable_correct,net_charge_pH7_4,Net charge (pH 7.4),2.589017886941678,0.7123593963527471,-0.00011171341
341,FKSVQNSLQRILYLWAIRH,0,Inactive,XGBoost,stable_correct,isoelectric_point,Isoelectric point,11.00044994354248,1.263720329059716,-0.00011171341
341,FKSVQNSLQRILYLWAIRH,0,Inactive,XGBoost,stable_correct,mean_eisenberg_hydrophobicity,Mean hydrophobicity,0.0184210526315789,-0.06788312424189874,-0.00011171341
341,FKSVQNSLQRILYLWAIRH,0,Inactive,XGBoost,stable_correct,hydrophobic_moment,Hydrophobic moment,0.332308528422048,-0.2265641295872568,-0.00011171341
341,FKSVQNSLQRILYLWAIRH,0,Inactive,XGBoost,stable_correct,boman_index,Boman index,1.5236842105263153,0.22334586771789341,-0.00011171341
345,FNQRRISSAKFLGELYNY,0,Inactive,XGBoost,stable_correct,length,Length,18.0,0.28580209449313887,-0.0003353034099999
345,FNQRRISSAKFLGELYNY,0,Inactive,XGBoost,stable_correct,molecular_weight,Molecular weight,2206.458000000001,0.5620336475430294,-0.0003353034099999
345,FNQRRISSAKFLGELYNY,0,Inactive,XGBoost,stable_correct,net_charge_pH7_4,Net charge (pH 7.4),1.5510066140381902,0.32860748706975124,-0.0003353034099999
345,FNQRRISSAKFLGELYNY,0,Inactive,XGBoost,stable_correct,isoelectric_point,Isoelectric point,9.696641349792484,0.7513134367206181,-0.0003353034099999
345,FNQRRISSAKFLGELYNY,0,Inactive,XGBoost,stable_correct,mean_eisenberg_hydrophobicity,Mean hydrophobicity,-0.1327777777777778,-0.6540533640169283,-0.0003353034099999
345,FNQRRISSAKFLGELYNY,0,Inactive,XGBoost,stable_correct,hydrophobic_moment,Hydrophobic moment,0.1555347226402029,-1.2992624282263487,-0.0003353034099999
345,FNQRRISSAKFLGELYNY,0,Inactive,XGBoost,stable_correct,boman_index,Boman index,2.4794444444444443,0.8763169965612079,-0.0003353034099999
349,FPQLTQNNSRE,0,Inactive,XGBoost,stable_correct,length,Length,11.0,-1.1684599686506636,-3.933788599996824e-05
349,FPQLTQNNSRE,0,Inactive,XGBoost,stable_correct,molecular_weight,Molecular weight,1333.4063999999998,-1.0301622071977719,-3.933788599996824e-05
349,FPQLTQNNSRE,0,Inactive,XGBoost,stable_correct,net_charge_pH7_4,Net charge (pH 7.4),-0.4393590030698826,-0.40722903578414704,-3.933788599996824e-05
349,FPQLTQNNSRE,0,Inactive,XGBoost,stable_correct,isoelectric_point,Isoelectric point,6.218208503723144,-0.6157376575954576,-3.933788599996824e-05
349,FPQLTQNNSRE,0,Inactive,XGBoost,stable_correct,mean_eisenberg_hydrophobicity,Mean hydrophobicity,-0.3918181818181818,-1.658305680894557,-3.933788599996824e-05
349,FPQLTQNNSRE,0,Inactive,XGBoost,stable_correct,hydrophobic_moment,Hydrophobic moment,0.4683122479772165,0.5987332493437604,-3.933788599996824e-05
349,FPQLTQNNSRE,0,Inactive,XGBoost,stable_correct,boman_index,Boman index,4.014545454545455,1.9250911596637432,-3.933788599996824e-05
352,FTELQRDFLRN,0,Inactive,XGBoost,stable_correct,length,Length,11.0,-1.1684599686506636,0.002177170845
352,FTELQRDFLRN,0,Inactive,XGBoost,stable_correct,molecular_weight,Molecular weight,1438.5866,-0.8383436727138895,0.002177170845
352,FTELQRDFLRN,0,Inactive,XGBoost,stable_correct,net_charge_pH7_4,Net charge (pH 7.4),-0.4410301238049481,-0.4078468477380866,0.002177170845
352,FTELQRDFLRN,0,Inactive,XGBoost,stable_correct,isoelectric_point,Isoelectric point,6.070427131652831,-0.6738168833124473,0.002177170845
352,FTELQRDFLRN,0,Inactive,XGBoost,stable_correct,mean_eisenberg_hydrophobicity,Mean hydrophobicity,-0.3381818181818182,-1.4503672990415564,0.002177170845
352,FTELQRDFLRN,0,Inactive,XGBoost,stable_correct,hydrophobic_moment,Hydrophobic moment,0.7164331025507301,2.1043795037800637,0.002177170845
352,FTELQRDFLRN,0,Inactive,XGBoost,stable_correct,boman_index,Boman index,4.029090909090909,1.935028549332226,0.002177170845
357,GAGTSVNMNTNEVLANIGLELM,0,Inactive,XGBoost,stable_correct,length,Length,22.0,1.1168089877181688,-4.805710000055363e-06
357,GAGTSVNMNTNEVLANIGLELM,0,Inactive,XGBoost,stable_correct,molecular_weight,Molecular weight,2248.5329,0.6387662042082166,-4.805710000055363e-06
357,GAGTSVNMNTNEVLANIGLELM,0,Inactive,XGBoost,stable_correct,net_charge_pH7_4,Net charge (pH 7.4),-2.440305610553361,-1.1469773420306373,-4.805710000055363e-06
357,GAGTSVNMNTNEVLANIGLELM,0,Inactive,XGBoost,stable_correct,isoelectric_point,Isoelectric point,4.0500284194946286,-1.4678492515186445,-4.805710000055363e-06
357,GAGTSVNMNTNEVLANIGLELM,0,Inactive,XGBoost,stable_correct,mean_eisenberg_hydrophobicity,Mean hydrophobicity,0.2718181818181818,0.9144912471171497,-4.805710000055363e-06
357,GAGTSVNMNTNEVLANIGLELM,0,Inactive,XGBoost,stable_correct,hydrophobic_moment,Hydrophobic moment,0.1553357327482075,-1.3004699381153042,-4.805710000055363e-06
357,GAGTSVNMNTNEVLANIGLELM,0,Inactive,XGBoost,stable_correct,boman_index,Boman index,0.4463636363636361,-0.5126747433859068,-4.805710000055363e-06
359,GAQYIQAAGVALGLKMR,0,Inactive,XGBoost,stable_correct,length,Length,17.0,0.07805037118688135,-0.0003767317259999
359,GAQYIQAAGVALGLKMR,0,Inactive,XGBoost,stable_correct,molecular_weight,Molecular weight,1747.0702,-0.2757580143455653,-0.0003767317259999
359,GAQYIQAAGVALGLKMR,0,Inactive,XGBoost,stable_correct,net_charge_pH7_4,Net charge (pH 7.4),1.5524165639990049,0.3291287444044068,-0.0003767317259999
359,GAQYIQAAGVALGLKMR,0,Inactive,XGBoost,stable_correct,isoelectric_point,Isoelectric point,9.994291877746583,0.8682924033903969,-0.0003767317259999
359,GAQYIQAAGVALGLKMR,0,Inactive,XGBoost,stable_correct,mean_eisenberg_hydrophobicity,Mean hydrophobicity,0.2247058823529412,0.7318454700358997,-0.0003767317259999
359,GAQYIQAAGVALGLKMR,0,Inactive,XGBoost,stable_correct,hydrophobic_moment,Hydrophobic moment,0.2329999443279909,-0.8291881932984699,-0.0003767317259999
359,GAQYIQAAGVALGLKMR,0,Inactive,XGBoost,stable_correct,boman_index,Boman index,0.028235294117647,-0.7983381618339428,-0.0003767317259999
364,GEGWAKSILFN,0,Inactive,XGBoost,stable_correct,length,Length,11.0,-1.1684599686506636,0.00014909875
364,GEGWAKSILFN,0,Inactive,XGBoost,stable_correct,molecular_weight,Molecular weight,1221.3609,-1.2345010809165304,0.00014909875
364,GEGWAKSILFN,0,Inactive,XGBoost,stable_correct,net_charge_pH7_4,Net charge (pH 7.4),-0.4439319641604915,-0.408919655718061,0.00014909875
364,GEGWAKSILFN,0,Inactive,XGBoost,stable_correct,isoelectric_point,Isoelectric point,6.001424598693848,-0.7009354140895334,0.00014909875
364,GEGWAKSILFN,0,Inactive,XGBoost,stable_correct,mean_eisenberg_hydrophobicity,Mean hydrophobicity,0.2627272727272727,0.8792474535827427,0.00014909875
364,GEGWAKSILFN,0,Inactive,XGBoost,stable_correct,hydrophobic_moment,Hydrophobic moment,0.2297971471715368,-0.8486233977701909,0.00014909875
364,GEGWAKSILFN,0,Inactive,XGBoost,stable_correct,boman_index,Boman index,0.3236363636363636,-0.596521468713729,0.00014909875
366,GFFGWFNRMFEKSTHHYTDSVGGI,0,Inactive,XGBoost,stable_correct,length,Length,24.0,1.5323124343306838,0.0106281839999999
366,GFFGWFNRMFEKSTHHYTDSVGGI,0,Inactive,XGBoost,stable_correct,molecular_weight,Molecular weight,2821.0864,1.682939663505853,0.0106281839999999
366,GFFGWFNRMFEKSTHHYTDSVGGI,0,Inactive,XGBoost,stable_correct,net_charge_pH7_4,Net charge (pH 7.4),-0.372763308554052,-0.3826086625882065,0.0106281839999999
366,GFFGWFNRMFEKSTHHYTDSVGGI,0,Inactive,XGBoost,stable_correct,isoelectric_point,Isoelectric point,6.921477317810059,-0.3393475576737986,0.0106281839999999
366,GFFGWFNRMFEKSTHHYTDSVGGI,0,Inactive,XGBoost,stable_correct,mean_eisenberg_hydrophobicity,Mean hydrophobicity,0.1354166666666666,0.38568749496131866,0.0106281839999999
366,GFFGWFNRMFEKSTHHYTDSVGGI,0,Inactive,XGBoost,stable_correct,hydrophobic_moment,Hydrophobic moment,0.3941535203514257,0.14872347215088005,0.0106281839999999
366,GFFGWFNRMFEKSTHHYTDSVGGI,0,Inactive,XGBoost,stable_correct,boman_index,Boman index,1.4466666666666663,0.17072782527370195,0.0106281839999999
369,GFSVQRRLWLAS,0,Inactive,XGBoost,stable_correct,length,Length,12.0,-0.9607082453444061,-6.300139000003924e-05
369,GFSVQRRLWLAS,0,Inactive,XGBoost,stable_correct,molecular_weight,Molecular weight,1419.6296,-0.8729158066156216,-6.300139000003924e-05
369,GFSVQRRLWLAS,0,Inactive,XGBoost,stable_correct,net_charge_pH7_4,Net charge (pH 7.4),1.5574026311002025,0.3309720892888468,-6.300139000003924e-05
369,GFSVQRRLWLAS,0,Inactive,XGBoost,stable_correct,isoelectric_point,Isoelectric point,11.999967765808105,1.6565385875063838,-6.300139000003924e-05
369,GFSVQRRLWLAS,0,Inactive,XGBoost,stable_correct,mean_eisenberg_hydrophobicity,Mean hydrophobicity,0.0166666666666666,-0.07468455808187209,-6.300139000003924e-05
369,GFSVQRRLWLAS,0,Inactive,XGBoost,stable_correct,hydrophobic_moment,Hydrophobic moment,0.293162921364036,-0.46410738948711516,-6.300139000003924e-05
369,GFSVQRRLWLAS,0,Inactive,XGBoost,stable_correct,boman_index,Boman index,1.6866666666666663,0.3346947548036656,-6.300139000003924e-05
370,GFYPMVAAQRI,0,Inactive,XGBoost,stable_correct,length,Length,11.0,-1.1684599686506636,-3.728568500005469e-05
370,GFYPMVAAQRI,0,Inactive,XGBoost,stable_correct,molecular_weight,Molecular weight,1252.4841,-1.17774128570366,-3.728568500005469e-05
370,GFYPMVAAQRI,0,Inactive,XGBoost,stable_correct,net_charge_pH7_4,Net charge (pH 7.4),0.5549221566662905,-0.03964411317960774,-3.728568500005469e-05
370,GFYPMVAAQRI,0,Inactive,XGBoost,stable_correct,isoelectric_point,Isoelectric point,8.747602272033692,0.378333716481105,-3.728568500005469e-05
370,GFYPMVAAQRI,0,Inactive,XGBoost,stable_correct,mean_eisenberg_hydrophobicity,Mean hydrophobicity,0.280909090909091,0.949735040651557,-3.728568500005469e-05
370,GFYPMVAAQRI,0,Inactive,XGBoost,stable_correct,hydrophobic_moment,Hydrophobic moment,0.2491472748820839,-0.7312030085799006,-3.728568500005469e-05
370,GFYPMVAAQRI,0,Inactive,XGBoost,stable_correct,boman_index,Boman index,0.1590909090909091,-0.7089381893384389,-3.728568500005469e-05
372,GGKEALAIENFADAL,0,Inactive,XGBoost,stable_correct,length,Length,15.0,-0.33745307542563363,3.3687055000064525e-05
372,GGKEALAIENFADAL,0,Inactive,XGBoost,stable_correct,molecular_weight,Molecular weight,1518.6664,-0.6923010727020779,3.3687055000064525e-05
372,GGKEALAIENFADAL,0,Inactive,XGBoost,stable_correct,net_charge_pH7_4,Net charge (pH 7.4),-2.442364719065642,-1.1477385927449946,3.3687055000064525e-05
372,GGKEALAIENFADAL,0,Inactive,XGBoost,stable_correct,isoelectric_point,Isoelectric point,4.137389945983887,-1.4335154938544084,3.3687055000064525e-05
372,GGKEALAIENFADAL,0,Inactive,XGBoost,stable_correct,mean_eisenberg_hydrophobicity,Mean hydrophobicity,0.2386666666666666,0.7859688800283455,3.3687055000064525e-05
372,GGKEALAIENFADAL,0,Inactive,XGBoost,stable_correct,hydrophobic_moment,Hydrophobic moment,0.3146187152095756,-0.33390940312671097,3.3687055000064525e-05
372,GGKEALAIENFADAL,0,Inactive,XGBoost,stable_correct,boman_index,Boman index,0.5113333333333332,-0.46828773620001757,3.3687055000064525e-05
388,GLGLVLKIAVNAFLKLVA,0,Inactive,XGBoost,regression,length,Length,18.0,0.28580209449313887,-0.5863437300000001
388,GLGLVLKIAVNAFLKLVA,0,Inactive,XGBoost,regression,molecular_weight,Molecular weight,1839.3112,-0.10753687158934559,-0.5863437300000001
388,GLGLVLKIAVNAFLKLVA,0,Inactive,XGBoost,regression,net_charge_pH7_4,Net charge (pH 7.4),1.552441682232378,0.32913803059451513,-0.5863437300000001
388,GLGLVLKIAVNAFLKLVA,0,Inactive,XGBoost,regression,isoelectric_point,Isoelectric point,10.002737236022949,0.8716114947124106,-0.5863437300000001
388,GLGLVLKIAVNAFLKLVA,0,Inactive,XGBoost,regression,mean_eisenberg_hydrophobicity,Mean hydrophobicity,0.58,2.109255847933545,-0.5863437300000001
388,GLGLVLKIAVNAFLKLVA,0,Inactive,XGBoost,regression,hydrophobic_moment,Hydrophobic moment,0.330250610350481,-0.2390519820965413,-0.5863437300000001
388,GLGLVLKIAVNAFLKLVA,0,Inactive,XGBoost,regression,boman_index,Boman index,-1.899444444444444,-2.1153203612053977,-0.5863437300000001
391,GLTSLMAIDKL,0,Inactive,XGBoost,stable_correct,length,Length,11.0,-1.1684599686506636,0.0008669036499999
391,GLTSLMAIDKL,0,Inactive,XGBoost,stable_correct,molecular_weight,Molecular weight,1161.4118,-1.34383105467231,0.0008669036499999
391,GLTSLMAIDKL,0,Inactive,XGBoost,stable_correct,net_charge_pH7_4,Net charge (pH 7.4),-0.4446062409453315,-0.4091689352878712,0.0008669036499999
391,GLTSLMAIDKL,0,Inactive,XGBoost,stable_correct,isoelectric_point,Isoelectric point,5.835682106018066,-0.7660734995475115,0.0008669036499999
391,GLTSLMAIDKL,0,Inactive,XGBoost,stable_correct,mean_eisenberg_hydrophobicity,Mean hydrophobicity,0.3463636363636364,1.2034903540992867,0.0008669036499999
391,GLTSLMAIDKL,0,Inactive,XGBoost,stable_correct,hydrophobic_moment,Hydrophobic moment,0.2906821832029579,-0.47916099764465825,0.0008669036499999
391,GLTSLMAIDKL,0,Inactive,XGBoost,stable_correct,boman_index,Boman index,-0.4127272727272727,-1.099601820680663,0.0008669036499999
392,GLWAIAVKAGKVILKLIVFIWIRV,0,Inactive,XGBoost,rescue,length,Length,24.0,1.5323124343306838,0.50307796
392,GLWAIAVKAGKVILKLIVFIWIRV,0,Inactive,XGBoost,rescue,molecular_weight,Molecular weight,2707.4326,1.4756677116125856,0.50307796
392,GLWAIAVKAGKVILKLIVFIWIRV,0,Inactive,XGBoost,rescue,net_charge_pH7_4,Net charge (pH 7.4),3.549910971331719,1.0676007751097103,0.50307796
392,GLWAIAVKAGKVILKLIVFIWIRV,0,Inactive,XGBoost,rescue,isoelectric_point,Isoelectric point,11.263867759704592,1.3672455744165983,0.50307796
392,GLWAIAVKAGKVILKLIVFIWIRV,0,Inactive,XGBoost,rescue,mean_eisenberg_hydrophobicity,Mean hydrophobicity,0.5558333333333333,2.0155660967879134,0.50307796
392,GLWAIAVKAGKVILKLIVFIWIRV,0,Inactive,XGBoost,rescue,hydrophobic_moment,Hydrophobic moment,0.3316589742159591,-0.23050575254810052,0.50307796
392,GLWAIAVKAGKVILKLIVFIWIRV,0,Inactive,XGBoost,rescue,boman_index,Boman index,-1.620833333333333,-1.924974492781146,0.50307796
394,GNFADLLAHSDGLIKNISDDLRALDKLI,0,Inactive,XGBoost,stable_correct,length,Length,28.0,2.363319327555714,0.00128674235
394,GNFADLLAHSDGLIKNISDDLRALDKLI,0,Inactive,XGBoost,stable_correct,molecular_weight,Molecular weight,3038.4102000000003,2.0792759779877446,0.00128674235
394,GNFADLLAHSDGLIKNISDDLRALDKLI,0,Inactive,XGBoost,stable_correct,net_charge_pH7_4,Net charge (pH 7.4),-2.4087245740499243,-1.1353018589490034,0.00128674235
394,GNFADLLAHSDGLIKNISDDLRALDKLI,0,Inactive,XGBoost,stable_correct,isoelectric_point,Isoelectric point,4.664969444274903,-1.2261726580447552,0.00128674235
394,GNFADLLAHSDGLIKNISDDLRALDKLI,0,Inactive,XGBoost,stable_correct,mean_eisenberg_hydrophobicity,Mean hydrophobicity,0.0892857142857143,0.20684622122273608,0.00128674235
394,GNFADLLAHSDGLIKNISDDLRALDKLI,0,Inactive,XGBoost,stable_correct,hydrophobic_moment,Hydrophobic moment,0.4204906217264806,0.30854219478997924,0.00128674235
394,GNFADLLAHSDGLIKNISDDLRALDKLI,0,Inactive,XGBoost,stable_correct,boman_index,Boman index,1.4210714285714283,0.15324127276926638,0.00128674235
396,GPDMTAMVALIASV,0,Inactive,XGBoost,stable_correct,length,Length,14.0,-0.5452047987318911,-2.709643400000683e-05
396,GPDMTAMVALIASV,0,Inactive,XGBoost,stable_correct,molecular_weight,Molecular weight,1375.6532999999995,-0.9531159718370571,-2.709643400000683e-05
396,GPDMTAMVALIASV,0,Inactive,XGBoost,stable_correct,net_charge_pH7_4,Net charge (pH 7.4),-1.4421006482780456,-0.7779417928718857,-2.709643400000683e-05
396,GPDMTAMVALIASV,0,Inactive,XGBoost,stable_correct,isoelectric_point,Isoelectric point,4.0500284194946286,-1.4678492515186445,-2.709643400000683e-05
396,GPDMTAMVALIASV,0,Inactive,XGBoost,stable_correct,mean_eisenberg_hydrophobicity,Mean hydrophobicity,0.5221428571428571,1.8849542762252838,-2.709643400000683e-05
396,GPDMTAMVALIASV,0,Inactive,XGBoost,stable_correct,hydrophobic_moment,Hydrophobic moment,0.1641131453540669,-1.2472068682440909,-2.709643400000683e-05
396,GPDMTAMVALIASV,0,Inactive,XGBoost,stable_correct,boman_index,Boman index,-1.0214285714285711,-1.515463832967968,-2.709643400000683e-05
397,GPKDAVVKVFNQWG,0,Inactive,XGBoost,stable_correct,length,Length,14.0,-0.5452047987318911,0.0199612058699999
397,GPKDAVVKVFNQWG,0,Inactive,XGBoost,stable_correct,molecular_weight,Molecular weight,1544.7515,-0.6447293276981179,0.0199612058699999
397,GPKDAVVKVFNQWG,0,Inactive,XGBoost,stable_correct,net_charge_pH7_4,Net charge (pH 7.4),0.5528881663873828,-0.04039607770385666,0.0199612058699999
397,GPKDAVVKVFNQWG,0,Inactive,XGBoost,stable_correct,isoelectric_point,Isoelectric point,8.59094409942627,0.3167658392864841,0.0199612058699999
397,GPKDAVVKVFNQWG,0,Inactive,XGBoost,stable_correct,mean_eisenberg_hydrophobicity,Mean hydrophobicity,0.1057142857142857,0.27053679096705713,0.0199612058699999
397,GPKDAVVKVFNQWG,0,Inactive,XGBoost,stable_correct,hydrophobic_moment,Hydrophobic moment,0.3871639800610008,0.10630956391007992,0.0199612058699999
397,GPKDAVVKVFNQWG,0,Inactive,XGBoost,stable_correct,boman_index,Boman index,0.777142857142857,-0.28668785512139505,0.0199612058699999
407,HALRTIVFELLTRH,0,Inactive,XGBoost,stable_correct,length,Length,14.0,-0.5452047987318911,4.7842760000360585e-06
407,HALRTIVFELLTRH,0,Inactive,XGBoost,stable_correct,molecular_weight,Molecular weight,1706.0002000000002,-0.35065792146927316,4.7842760000360585e-06
407,HALRTIVFELLTRH,0,Inactive,XGBoost,stable_correct,net_charge_pH7_4,Net charge (pH 7.4),0.6317762743921409,-0.01123120940539467,4.7842760000360585e-06
407,HALRTIVFELLTRH,0,Inactive,XGBoost,stable_correct,isoelectric_point,Isoelectric point,9.611736488342284,0.7179451674756305,4.7842760000360585e-06
407,HALRTIVFELLTRH,0,Inactive,XGBoost,stable_correct,mean_eisenberg_hydrophobicity,Mean hydrophobicity,0.07,0.1320790306533156,4.7842760000360585e-06
407,HALRTIVFELLTRH,0,Inactive,XGBoost,stable_correct,hydrophobic_moment,Hydrophobic moment,0.2421899210519722,-0.7734216030350157,4.7842760000360585e-06
407,HALRTIVFELLTRH,0,Inactive,XGBoost,stable_correct,boman_index,Boman index,1.614285714285714,0.28524441097716874,4.7842760000360585e-06
411,HGLVKAGHPLKRKLGH,0,Inactive,XGBoost,stable_correct,length,Length,16.0,-0.12970135211937614,-0.0133051012
411,HGLVKAGHPLKRKLGH,0,Inactive,XGBoost,stable_correct,molecular_weight,Molecular weight,1748.0866000000003,-0.27390439210060424,-0.0133051012
411,HGLVKAGHPLKRKLGH,0,Inactive,XGBoost,stable_correct,net_charge_pH7_4,Net charge (pH 7.4),3.65979029485986,1.1082230701611904,-0.0133051012
411,HGLVKAGHPLKRKLGH,0,Inactive,XGBoost,stable_correct,isoelectric_point,Isoelectric point,11.263932228088382,1.3672709109915762,-0.0133051012
411,HGLVKAGHPLKRKLGH,0,Inactive,XGBoost,stable_correct,mean_eisenberg_hydrophobicity,Mean hydrophobicity,-0.1012499999999999,-0.5318259300510748,-0.0133051012
411,HGLVKAGHPLKRKLGH,0,Inactive,XGBoost,stable_correct,hydrophobic_moment,Hydrophobic moment,0.4826549600408846,0.6857676533411158,-0.0133051012
411,HGLVKAGHPLKRKLGH,0,Inactive,XGBoost,stable_correct,boman_index,Boman index,1.3824999999999998,0.12688944480909373,-0.0133051012
416,HPAFIAHADRVLGGLDIAIST,0,Inactive,XGBoost,stable_correct,length,Length,21.0,0.9090572644119114,-0.0001556047359999
416,HPAFIAHADRVLGGLDIAIST,0,Inactive,XGBoost,stable_correct,molecular_weight,Molecular weight,2174.4578,0.5036744557256411,-0.0001556047359999
416,HPAFIAHADRVLGGLDIAIST,0,Inactive,XGBoost,stable_correct,net_charge_pH7_4,Net charge (pH 7.4),-1.36842640000432,-0.7507044842047568,-0.0001556047359999
416,HPAFIAHADRVLGGLDIAIST,0,Inactive,XGBoost,stable_correct,isoelectric_point,Isoelectric point,5.978120613098144,-0.7100940612218283,-0.0001556047359999
416,HPAFIAHADRVLGGLDIAIST,0,Inactive,XGBoost,stable_correct,mean_eisenberg_hydrophobicity,Mean hydrophobicity,0.33,1.1400515257373542,-0.0001556047359999
416,HPAFIAHADRVLGGLDIAIST,0,Inactive,XGBoost,stable_correct,hydrophobic_moment,Hydrophobic moment,0.2520638402499912,-0.7135047150222861,-0.0001556047359999
416,HPAFIAHADRVLGGLDIAIST,0,Inactive,XGBoost,stable_correct,boman_index,Boman index,0.3290476190476193,-0.5928245231525373,-0.0001556047359999
419,HSATRAAMLVRINT,0,Inactive,XGBoost,stable_correct,length,Length,14.0,-0.5452047987318911,-3.243980279998837e-05
419,HSATRAAMLVRINT,0,Inactive,XGBoost,stable_correct,molecular_weight,Molecular weight,1540.7896,-0.6519546976039717,-3.243980279998837e-05
419,HSATRAAMLVRINT,0,Inactive,XGBoost,stable_correct,net_charge_pH7_4,Net charge (pH 7.4),1.5940290722762491,0.3445128543060068,-3.243980279998837e-05
419,HSATRAAMLVRINT,0,Inactive,XGBoost,stable_correct,isoelectric_point,Isoelectric point,11.999967765808105,1.6565385875063838,-3.243980279998837e-05
419,HSATRAAMLVRINT,0,Inactive,XGBoost,stable_correct,mean_eisenberg_hydrophobicity,Mean hydrophobicity,-0.0257142857142857,-0.23898776698751178,-3.243980279998837e-05
419,HSATRAAMLVRINT,0,Inactive,XGBoost,stable_correct,hydrophobic_moment,Hydrophobic moment,0.205753066439374,-0.9945276191544481,-3.243980279998837e-05
419,HSATRAAMLVRINT,0,Inactive,XGBoost,stable_correct,boman_index,Boman index,2.001428571428572,0.5497386842070511,-3.243980279998837e-05
424,HWDKVADMVANFAHEIDTYG,0,Inactive,XGBoost,stable_correct,length,Length,20.0,0.7013055411056538,0.0005588641
424,HWDKVADMVANFAHEIDTYG,0,Inactive,XGBoost,stable_correct,molecular_weight,Molecular weight,2319.5064000000007,0.7682015233765761,0.0005588641
424,HWDKVADMVANFAHEIDTYG,0,Inactive,XGBoost,stable_correct,net_charge_pH7_4,Net charge (pH 7.4),-3.37184522201067,-1.491366766116131,0.0005588641
424,HWDKVADMVANFAHEIDTYG,0,Inactive,XGBoost,stable_correct,isoelectric_point,Isoelectric point,4.63615207672119,-1.237498107059569,0.0005588641
424,HWDKVADMVANFAHEIDTYG,0,Inactive,XGBoost,stable_correct,mean_eisenberg_hydrophobicity,Mean hydrophobicity,0.114,0.3026589913598452,0.0005588641
424,HWDKVADMVANFAHEIDTYG,0,Inactive,XGBoost,stable_correct,hydrophobic_moment,Hydrophobic moment,0.4711650077975259,0.6160443582613812,0.0005588641
424,HWDKVADMVANFAHEIDTYG,0,Inactive,XGBoost,stable_correct,boman_index,Boman index,1.508,0.21263048504247067,0.0005588641
428,IDDSVNNLIPFMQKH,0,Inactive,XGBoost,stable_correct,length,Length,15.0,-0.33745307542563363,-8.089380700004867e-05
428,IDDSVNNLIPFMQKH,0,Inactive,XGBoost,stable_correct,molecular_weight,Molecular weight,1771.0022,-0.23211290654706124,-8.089380700004867e-05
428,IDDSVNNLIPFMQKH,0,Inactive,XGBoost,stable_correct,net_charge_pH7_4,Net charge (pH 7.4),-1.4075333156142795,-0.7651622785690829,-8.089380700004867e-05
428,IDDSVNNLIPFMQKH,0,Inactive,XGBoost,stable_correct,isoelectric_point,Isoelectric point,5.210851097106932,-1.0116369335116915,-8.089380700004867e-05
428,IDDSVNNLIPFMQKH,0,Inactive,XGBoost,stable_correct,mean_eisenberg_hydrophobicity,Mean hydrophobicity,0.0446666666666666,0.03386632600410129,-8.089380700004867e-05
428,IDDSVNNLIPFMQKH,0,Inactive,XGBoost,stable_correct,hydrophobic_moment,Hydrophobic moment,0.4961086531802058,0.7674073152646271,-8.089380700004867e-05
428,IDDSVNNLIPFMQKH,0,Inactive,XGBoost,stable_correct,boman_index,Boman index,1.7160000000000002,0.3547351573017727,-8.089380700004867e-05
433,IKPLNNFAAEVGKIRDS,0,Inactive,XGBoost,stable_correct,length,Length,17.0,0.07805037118688135,-1.8363681000055365e-05
433,IKPLNNFAAEVGKIRDS,0,Inactive,XGBoost,stable_correct,molecular_weight,Molecular weight,1872.1294000000005,-0.04768588225486054,-1.8363681000055365e-05
433,IKPLNNFAAEVGKIRDS,0,Inactive,XGBoost,stable_correct,net_charge_pH7_4,Net charge (pH 7.4),0.5539838090938538,-0.039991019501237964,-1.8363681000055365e-05
433,IKPLNNFAAEVGKIRDS,0,Inactive,XGBoost,stable_correct,isoelectric_point,Isoelectric point,8.589977073669434,0.3163857906618259,-1.8363681000055365e-05
433,IKPLNNFAAEVGKIRDS,0,Inactive,XGBoost,stable_correct,mean_eisenberg_hydrophobicity,Mean hydrophobicity,-0.0494117647058823,-0.3308585632427472,-1.8363681000055365e-05
433,IKPLNNFAAEVGKIRDS,0,Inactive,XGBoost,stable_correct,hydrophobic_moment,Hydrophobic moment,0.3853742888367007,0.09544936478213224,-1.8363681000055365e-05
433,IKPLNNFAAEVGKIRDS,0,Inactive,XGBoost,stable_correct,boman_index,Boman index,1.875882352941176,0.46396606770923327,-1.8363681000055365e-05
434,IMELLGTVIQHEGIHQGQYYVALKQSG,0,Inactive,XGBoost,stable_correct,length,Length,27.0,2.1555676042494563,-0.0009857735599999
434,IMELLGTVIQHEGIHQGQYYVALKQSG,0,Inactive,XGBoost,stable_correct,molecular_weight,Molecular weight,3013.4253000000003,2.0337106824071474,-0.0009857735599999
434,IMELLGTVIQHEGIHQGQYYVALKQSG,0,Inactive,XGBoost,stable_correct,net_charge_pH7_4,Net charge (pH 7.4),-1.374569506203125,-0.7529755854868513,-0.0009857735599999
434,IMELLGTVIQHEGIHQGQYYVALKQSG,0,Inactive,XGBoost,stable_correct,isoelectric_point,Isoelectric point,6.003243446350097,-0.7002205928499403,-0.0009857735599999
434,IMELLGTVIQHEGIHQGQYYVALKQSG,0,Inactive,XGBoost,stable_correct,mean_eisenberg_hydrophobicity,Mean hydrophobicity,0.2218518518518518,0.7207809152465573,-0.0009857735599999
434,IMELLGTVIQHEGIHQGQYYVALKQSG,0,Inactive,XGBoost,stable_correct,hydrophobic_moment,Hydrophobic moment,0.1712161273138526,-1.204104573592307,-0.0009857735599999
434,IMELLGTVIQHEGIHQGQYYVALKQSG,0,Inactive,XGBoost,stable_correct,boman_index,Boman index,0.4214814814814814,-0.5296741206197231,-0.0009857735599999
439,KDAENHKAYLKSH,0,Inactive,XGBoost,stable_correct,length,Length,13.0,-0.7529565220381487,-2.1556437999947772e-05
439,KDAENHKAYLKSH,0,Inactive,XGBoost,stable_correct,molecular_weight,Molecular weight,1540.6786999999997,-0.6521569474140533,-2.1556437999947772e-05
439,KDAENHKAYLKSH,0,Inactive,XGBoost,stable_correct,net_charge_pH7_4,Net charge (pH 7.4),0.6222506243447499,-0.0147528343513579,-2.1556437999947772e-05
439,KDAENHKAYLKSH,0,Inactive,XGBoost,stable_correct,isoelectric_point,Isoelectric point,8.44601917266846,0.2598092187377166,-2.1556437999947772e-05
439,KDAENHKAYLKSH,0,Inactive,XGBoost,stable_correct,mean_eisenberg_hydrophobicity,Mean hydrophobicity,-0.4076923076923077,-1.719846766527714,-2.1556437999947772e-05
439,KDAENHKAYLKSH,0,Inactive,XGBoost,stable_correct,hydrophobic_moment,Hydrophobic moment,0.2159196508694192,-0.9328347808244368,-2.1556437999947772e-05
439,KDAENHKAYLKSH,0,Inactive,XGBoost,stable_correct,boman_index,Boman index,3.318461538461537,1.449529732932606,-2.1556437999947772e-05
451,KHHAAYVNNLNNALKK,0,Inactive,XGBoost,stable_correct,length,Length,16.0,-0.12970135211937614,2.5748269999903428e-05
451,KHHAAYVNNLNNALKK,0,Inactive,XGBoost,stable_correct,molecular_weight,Molecular weight,1835.0743,-0.11526376266537301,2.5748269999903428e-05
451,KHHAAYVNNLNNALKK,0,Inactive,XGBoost,stable_correct,net_charge_pH7_4,Net charge (pH 7.4),2.6206833792499005,0.7240661026755755,2.5748269999903428e-05
451,KHHAAYVNNLNNALKK,0,Inactive,XGBoost,stable_correct,isoelectric_point,Isoelectric point,10.001447868347167,0.8711047632128663,2.5748269999903428e-05
451,KHHAAYVNNLNNALKK,0,Inactive,XGBoost,stable_correct,mean_eisenberg_hydrophobicity,Mean hydrophobicity,-0.1875,-0.8662014212087611,2.5748269999903428e-05
451,KHHAAYVNNLNNALKK,0,Inactive,XGBoost,stable_correct,hydrophobic_moment,Hydrophobic moment,0.4443878337919169,0.45355518815420176,2.5748269999903428e-05
451,KHHAAYVNNLNNALKK,0,Inactive,XGBoost,stable_correct,boman_index,Boman index,2.085,0.6068343114540917,2.5748269999903428e-05
452,KIPDDLQADFNKFR,0,Inactive,XGBoost,stable_correct,length,Length,14.0,-0.5452047987318911,0.000830267494
452,KIPDDLQADFNKFR,0,Inactive,XGBoost,stable_correct,molecular_weight,Molecular weight,1706.8955,-0.3490251509105235,0.000830267494
452,KIPDDLQADFNKFR,0,Inactive,XGBoost,stable_correct,net_charge_pH7_4,Net charge (pH 7.4),-0.446243983535981,-0.40977440736941984,0.000830267494
452,KIPDDLQADFNKFR,0,Inactive,XGBoost,stable_correct,isoelectric_point,Isoelectric point,6.039222526550293,-0.6860805352042267,0.000830267494
452,KIPDDLQADFNKFR,0,Inactive,XGBoost,stable_correct,mean_eisenberg_hydrophobicity,Mean hydrophobicity,-0.2992857142857143,-1.2995742109907724,0.000830267494
452,KIPDDLQADFNKFR,0,Inactive,XGBoost,stable_correct,hydrophobic_moment,Hydrophobic moment,0.4651046411989659,0.5792688591389191,0.000830267494
452,KIPDDLQADFNKFR,0,Inactive,XGBoost,stable_correct,boman_index,Boman index,3.3392857142857144,1.4637567169737833,0.000830267494
453,KKAEAVATVVAAVDQARVR,0,Inactive,XGBoost,stable_correct,length,Length,19.0,0.49355381779939633,-0.0011883642425
453,KKAEAVATVVAAVDQARVR,0,Inactive,XGBoost,stable_correct,molecular_weight,Molecular weight,1982.2882,0.15321219149383875,-0.0011883642425
453,KKAEAVATVVAAVDQARVR,0,Inactive,XGBoost,stable_correct,net_charge_pH7_4,Net charge (pH 7.4),1.5539586908604806,0.3296988674299425,-0.0011883642425
453,KKAEAVATVVAAVDQARVR,0,Inactive,XGBoost,stable_correct,isoelectric_point,Isoelectric point,9.98616886138916,0.8650999949432678,-0.0011883642425
453,KKAEAVATVVAAVDQARVR,0,Inactive,XGBoost,stable_correct,mean_eisenberg_hydrophobicity,Mean hydrophobicity,-0.0694736842105262,-0.408634959624559,-0.0011883642425
453,KKAEAVATVVAAVDQARVR,0,Inactive,XGBoost,stable_correct,hydrophobic_moment,Hydrophobic moment,0.1993199611779528,-1.0335649699563474,-0.0011883642425
453,KKAEAVATVVAAVDQARVR,0,Inactive,XGBoost,stable_correct,boman_index,Boman index,1.7642105263157892,0.3876723738477037,-0.0011883642425
459,KLDSRFDNNLGKFRFVLLLFV,0,Inactive,XGBoost,stable_correct,length,Length,21.0,0.9090572644119114,-0.00035409645
459,KLDSRFDNNLGKFRFVLLLFV,0,Inactive,XGBoost,stable_correct,molecular_weight,Molecular weight,2541.9851,1.1739388977861993,-0.00035409645
459,KLDSRFDNNLGKFRFVLLLFV,0,Inactive,XGBoost,stable_correct,net_charge_pH7_4,Net charge (pH 7.4),1.553284414075641,0.32944958786013245,-0.00035409645
459,KLDSRFDNNLGKFRFVLLLFV,0,Inactive,XGBoost,stable_correct,isoelectric_point,Isoelectric point,9.98616886138916,0.8650999949432678,-0.00035409645
459,KLDSRFDNNLGKFRFVLLLFV,0,Inactive,XGBoost,stable_correct,mean_eisenberg_hydrophobicity,Mean hydrophobicity,0.0685714285714285,0.12654072024076565,-0.00035409645
459,KLDSRFDNNLGKFRFVLLLFV,0,Inactive,XGBoost,stable_correct,hydrophobic_moment,Hydrophobic moment,0.2840723680839046,-0.5192706586952187,-0.00035409645
459,KLDSRFDNNLGKFRFVLLLFV,0,Inactive,XGBoost,stable_correct,boman_index,Boman index,1.405714285714286,0.14274934126660532,-0.00035409645
461,KLKELALIFISNLVAN,0,Inactive,XGBoost,stable_correct,length,Length,16.0,-0.12970135211937614,0.0136201088999999
461,KLKELALIFISNLVAN,0,Inactive,XGBoost,stable_correct,molecular_weight,Molecular weight,1786.1626,-0.20446468273507493,0.0136201088999999
461,KLKELALIFISNLVAN,0,Inactive,XGBoost,stable_correct,net_charge_pH7_4,Net charge (pH 7.4),0.5535624431722228,-0.04014679813404643,0.0136201088999999
461,KLKELALIFISNLVAN,0,Inactive,XGBoost,stable_correct,isoelectric_point,Isoelectric point,8.591073036193851,0.31681651243643966,0.0136201088999999
461,KLKELALIFISNLVAN,0,Inactive,XGBoost,stable_correct,mean_eisenberg_hydrophobicity,Mean hydrophobicity,0.32875,1.135205504126373,0.0136201088999999
461,KLKELALIFISNLVAN,0,Inactive,XGBoost,stable_correct,hydrophobic_moment,Hydrophobic moment,0.2206984114455915,-0.9038363196723941,0.0136201088999999
461,KLKELALIFISNLVAN,0,Inactive,XGBoost,stable_correct,boman_index,Boman index,-0.3481250000000002,-1.0554658360983789,0.0136201088999999
464,KPEQYNIVGEHLLATLDEMFS,0,Inactive,XGBoost,stable_correct,length,Length,21.0,0.9090572644119114,-0.0010157382159999
464,KPEQYNIVGEHLLATLDEMFS,0,Inactive,XGBoost,stable_correct,molecular_weight,Molecular weight,2434.7181,0.9783146382917077,-0.0010157382159999
464,KPEQYNIVGEHLLATLDEMFS,0,Inactive,XGBoost,stable_correct,net_charge_pH7_4,Net charge (pH 7.4),-3.4071231096170376,-1.5044089719936709,-0.0010157382159999
464,KPEQYNIVGEHLLATLDEMFS,0,Inactive,XGBoost,stable_correct,isoelectric_point,Isoelectric point,4.396973609924316,-1.3314971000661426,-0.0010157382159999
464,KPEQYNIVGEHLLATLDEMFS,0,Inactive,XGBoost,stable_correct,mean_eisenberg_hydrophobicity,Mean hydrophobicity,0.1066666666666666,0.27422899790875666,-0.0010157382159999
464,KPEQYNIVGEHLLATLDEMFS,0,Inactive,XGBoost,stable_correct,hydrophobic_moment,Hydrophobic moment,0.2162805581553481,-0.9306447242723922,-0.0010157382159999
464,KPEQYNIVGEHLLATLDEMFS,0,Inactive,XGBoost,stable_correct,boman_index,Boman index,1.2309523809523806,0.0233527874223655,-0.0010157382159999
465,KPQELLSLIIERFE,0,Inactive,XGBoost,stable_correct,length,Length,14.0,-0.5452047987318911,2.3888293000040584e-05
465,KPQELLSLIIERFE,0,Inactive,XGBoost,stable_correct,molecular_weight,Molecular weight,1714.9988000000003,-0.3342470545531931,2.3888293000040584e-05
465,KPQELLSLIIERFE,0,Inactive,XGBoost,stable_correct,net_charge_pH7_4,Net charge (pH 7.4),-1.4396230738574791,-0.7770258356572558,2.3888293000040584e-05
465,KPQELLSLIIERFE,0,Inactive,XGBoost,stable_correct,isoelectric_point,Isoelectric point,5.0095842361450185,-1.0907363713054836,2.3888293000040584e-05
465,KPQELLSLIIERFE,0,Inactive,XGBoost,stable_correct,mean_eisenberg_hydrophobicity,Mean hydrophobicity,0.0121428571428571,-0.09222254105494593,2.3888293000040584e-05
465,KPQELLSLIIERFE,0,Inactive,XGBoost,stable_correct,hydrophobic_moment,Hydrophobic moment,0.4422275326894548,0.4404460552319913,2.3888293000040584e-05
465,KPQELLSLIIERFE,0,Inactive,XGBoost,stable_correct,boman_index,Boman index,1.59,0.26865251929854167,2.3888293000040584e-05
469,KQLTAIAALAE,0,Inactive,XGBoost,stable_correct,length,Length,11.0,-1.1684599686506636,-5.244564929995921e-05
469,KQLTAIAALAE,0,Inactive,XGBoost,stable_correct,molecular_weight,Molecular weight,1128.3191000000002,-1.4041826533202943,-5.244564929995921e-05
469,KQLTAIAALAE,0,Inactive,XGBoost,stable_correct,net_charge_pH7_4,Net charge (pH 7.4),-0.441839477503795,-0.40814606513131296,-5.244564929995921e-05
469,KQLTAIAALAE,0,Inactive,XGBoost,stable_correct,isoelectric_point,Isoelectric point,6.217469596862792,-0.6160280537240425,-5.244564929995921e-05
469,KQLTAIAALAE,0,Inactive,XGBoost,stable_correct,mean_eisenberg_hydrophobicity,Mean hydrophobicity,0.2672727272727272,0.8968693503499461,-5.244564929995921e-05
469,KQLTAIAALAE,0,Inactive,XGBoost,stable_correct,hydrophobic_moment,Hydrophobic moment,0.3183955093828917,-0.31099107161199563,-5.244564929995921e-05
469,KQLTAIAALAE,0,Inactive,XGBoost,stable_correct,boman_index,Boman index,-0.1390909090909091,-0.9126546775423332,-5.244564929995921e-05
478,KVRGLIEIISN,0,Inactive,XGBoost,stable_correct,length,Length,11.0,-1.1684599686506636,5.163979300004673e-05
478,KVRGLIEIISN,0,Inactive,XGBoost,stable_correct,molecular_weight,Molecular weight,1241.4799,-1.1978097921066475,5.163979300004673e-05
478,KVRGLIEIISN,0,Inactive,XGBoost,stable_correct,net_charge_pH7_4,Net charge (pH 7.4),0.5560429176061352,-0.03922976878688052,5.163979300004673e-05
478,KVRGLIEIISN,0,Inactive,XGBoost,stable_correct,isoelectric_point,Isoelectric point,8.74786014556885,0.3784350627810147,5.163979300004673e-05
478,KVRGLIEIISN,0,Inactive,XGBoost,stable_correct,mean_eisenberg_hydrophobicity,Mean hydrophobicity,0.1072727272727272,0.27657858414438374,5.163979300004673e-05
478,KVRGLIEIISN,0,Inactive,XGBoost,stable_correct,hydrophobic_moment,Hydrophobic moment,0.549649197471756,1.092301891787091,5.163979300004673e-05
478,KVRGLIEIISN,0,Inactive,XGBoost,stable_correct,boman_index,Boman index,1.1509090909090909,-0.03133243131877836,5.163979300004673e-05
490,LEPIKAWIEKR,0,Inactive,XGBoost,stable_correct,length,Length,11.0,-1.1684599686506636,-4.89190989999555e-05
490,LEPIKAWIEKR,0,Inactive,XGBoost,stable_correct,molecular_weight,Molecular weight,1382.6494,-0.9403570908965114,-4.89190989999555e-05
490,LEPIKAWIEKR,0,Inactive,XGBoost,stable_correct,net_charge_pH7_4,Net charge (pH 7.4),0.5546580858786934,-0.0397417399314279,-4.89190989999555e-05
490,LEPIKAWIEKR,0,Inactive,XGBoost,stable_correct,isoelectric_point,Isoelectric point,8.590106010437015,0.3164364638117815,-4.89190989999555e-05
490,LEPIKAWIEKR,0,Inactive,XGBoost,stable_correct,mean_eisenberg_hydrophobicity,Mean hydrophobicity,-0.1390909090909091,-0.6785282206380442,-4.89190989999555e-05
490,LEPIKAWIEKR,0,Inactive,XGBoost,stable_correct,hydrophobic_moment,Hydrophobic moment,0.2593703574686046,-0.6691673282996387,-4.89190989999555e-05
490,LEPIKAWIEKR,0,Inactive,XGBoost,stable_correct,boman_index,Boman index,1.8854545454545453,0.4705057469395953,-4.89190989999555e-05
491,LEQVEFKLNQLLENL,0,Inactive,XGBoost,stable_correct,length,Length,15.0,-0.33745307542563363,0.0004258018369999
491,LEQVEFKLNQLLENL,0,Inactive,XGBoost,stable_correct,molecular_weight,Molecular weight,1830.086,-0.12436099194964842,0.0004258018369999
491,LEQVEFKLNQLLENL,0,Inactive,XGBoost,stable_correct,net_charge_pH7_4,Net charge (pH 7.4),-2.4416904422808026,-1.1474893131751844,0.0004258018369999
491,LEQVEFKLNQLLENL,0,Inactive,XGBoost,stable_correct,isoelectric_point,Isoelectric point,4.25265941619873,-1.388213697795157,0.0004258018369999
491,LEQVEFKLNQLLENL,0,Inactive,XGBoost,stable_correct,mean_eisenberg_hydrophobicity,Mean hydrophobicity,0.0546666666666667,0.07263449889194931,0.0004258018369999
491,LEQVEFKLNQLLENL,0,Inactive,XGBoost,stable_correct,hydrophobic_moment,Hydrophobic moment,0.4718724480325304,0.6203372450560158,0.0004258018369999
491,LEQVEFKLNQLLENL,0,Inactive,XGBoost,stable_correct,boman_index,Boman index,1.248,0.03499964471834334,0.0004258018369999
493,LKRAEALIHLANAALE,0,Inactive,XGBoost,stable_correct,length,Length,16.0,-0.12970135211937614,-8.59508400000708e-05
493,LKRAEALIHLANAALE,0,Inactive,XGBoost,stable_correct,molecular_weight,Molecular weight,1733.0207000000005,-0.3013802750013848,-8.59508400000708e-05
493,LKRAEALIHLANAALE,0,Inactive,XGBoost,stable_correct,net_charge_pH7_4,Net charge (pH 7.4),-0.4041173936212767,-0.394200241911534,-8.59508400000708e-05
493,LKRAEALIHLANAALE,0,Inactive,XGBoost,stable_correct,isoelectric_point,Isoelectric point,6.771536064147949,-0.3982756336128057,-8.59508400000708e-05
493,LKRAEALIHLANAALE,0,Inactive,XGBoost,stable_correct,mean_eisenberg_hydrophobicity,Mean hydrophobicity,0.14,0.4034562408682491,-8.59508400000708e-05
493,LKRAEALIHLANAALE,0,Inactive,XGBoost,stable_correct,hydrophobic_moment,Hydrophobic moment,0.3376428658113105,-0.19419431881964574,-8.59508400000708e-05
493,LKRAEALIHLANAALE,0,Inactive,XGBoost,stable_correct,boman_index,Boman index,0.7337500000000001,-0.3163336615765892,-8.59508400000708e-05
497,LLTEVETYVLSI,0,Inactive,XGBoost,stable_correct,length,Length,12.0,-0.9607082453444061,-3.1840991999931845e-05
497,LLTEVETYVLSI,0,Inactive,XGBoost,stable_correct,molecular_weight,Molecular weight,1379.5939999999998,-0.9459292646541396,-3.1840991999931845e-05
497,LLTEVETYVLSI,0,Inactive,XGBoost,stable_correct,net_charge_pH7_4,Net charge (pH 7.4),-2.4428112032206477,-1.1479036575679116,-3.1840991999931845e-05
497,LLTEVETYVLSI,0,Inactive,XGBoost,stable_correct,isoelectric_point,Isoelectric point,4.0500284194946286,-1.4678492515186445,-3.1840991999931845e-05
497,LLTEVETYVLSI,0,Inactive,XGBoost,stable_correct,mean_eisenberg_hydrophobicity,Mean hydrophobicity,0.4499999999999999,1.6052696003915254,-3.1840991999931845e-05
497,LLTEVETYVLSI,0,Inactive,XGBoost,stable_correct,hydrophobic_moment,Hydrophobic moment,0.376505302978849,0.04163061036716793,-3.1840991999931845e-05
497,LLTEVETYVLSI,0,Inactive,XGBoost,stable_correct,boman_index,Boman index,-0.455,-1.1284823594046907,-3.1840991999931845e-05
501,LPEDQELLFQSASLELFVLRLAYRA,0,Inactive,XGBoost,stable_correct,length,Length,25.0,1.7400641576369413,0.0003184219599999
501,LPEDQELLFQSASLELFVLRLAYRA,0,Inactive,XGBoost,stable_correct,molecular_weight,Molecular weight,2922.333,1.8675844391715748,0.0003184219599999
501,LPEDQELLFQSASLELFVLRLAYRA,0,Inactive,XGBoost,stable_correct,net_charge_pH7_4,Net charge (pH 7.4),-2.4412941945925457,-1.1473428207324847,0.0003184219599999
501,LPEDQELLFQSASLELFVLRLAYRA,0,Inactive,XGBoost,stable_correct,isoelectric_point,Isoelectric point,4.407318305969238,-1.3274315542659536,0.0003184219599999
501,LPEDQELLFQSASLELFVLRLAYRA,0,Inactive,XGBoost,stable_correct,mean_eisenberg_hydrophobicity,Mean hydrophobicity,0.1304,0.36623879489591527,0.0003184219599999
501,LPEDQELLFQSASLELFVLRLAYRA,0,Inactive,XGBoost,stable_correct,hydrophobic_moment,Hydrophobic moment,0.2554841822329715,-0.6927494056613805,0.0003184219599999
501,LPEDQELLFQSASLELFVLRLAYRA,0,Inactive,XGBoost,stable_correct,boman_index,Boman index,1.0856,-0.0759513109302655,0.0003184219599999
507,LQWYVSEQHEEEALFRGIVDKIKLIG,0,Inactive,XGBoost,stable_correct,length,Length,26.0,1.947815880943199,-0.00096548054
507,LQWYVSEQHEEEALFRGIVDKIKLIG,0,Inactive,XGBoost,stable_correct,molecular_weight,Molecular weight,3101.509000000001,2.194350101669689,-0.00096548054
507,LQWYVSEQHEEEALFRGIVDKIKLIG,0,Inactive,XGBoost,stable_correct,net_charge_pH7_4,Net charge (pH 7.4),-2.408533059577852,-1.1352310562070371,-0.00096548054
507,LQWYVSEQHEEEALFRGIVDKIKLIG,0,Inactive,XGBoost,stable_correct,isoelectric_point,Isoelectric point,4.960589027404784,-1.1099918684470396,-0.00096548054
507,LQWYVSEQHEEEALFRGIVDKIKLIG,0,Inactive,XGBoost,stable_correct,mean_eisenberg_hydrophobicity,Mean hydrophobicity,0.0734615384615385,0.14549878280680142,-0.00096548054
507,LQWYVSEQHEEEALFRGIVDKIKLIG,0,Inactive,XGBoost,stable_correct,hydrophobic_moment,Hydrophobic moment,0.2798176482387999,-0.5450891373937101,-0.00096548054
507,LQWYVSEQHEEEALFRGIVDKIKLIG,0,Inactive,XGBoost,stable_correct,boman_index,Boman index,1.3330769230769224,0.09312381909659281,-0.00096548054
512,LVGALMHVMQKRSR,0,Inactive,XGBoost,stable_correct,length,Length,14.0,-0.5452047987318911,-6.197682999997678e-05
512,LVGALMHVMQKRSR,0,Inactive,XGBoost,stable_correct,molecular_weight,Molecular weight,1626.0031999999997,-0.49654951801603,-6.197682999997678e-05
512,LVGALMHVMQKRSR,0,Inactive,XGBoost,stable_correct,net_charge_pH7_4,Net charge (pH 7.4),2.591523479608964,0.7132857118900215,-6.197682999997678e-05
512,LVGALMHVMQKRSR,0,Inactive,XGBoost,stable_correct,isoelectric_point,Isoelectric point,11.999967765808105,1.6565385875063838,-6.197682999997678e-05
512,LVGALMHVMQKRSR,0,Inactive,XGBoost,stable_correct,mean_eisenberg_hydrophobicity,Mean hydrophobicity,-0.0821428571428571,-0.45775102828322334,-6.197682999997678e-05
512,LVGALMHVMQKRSR,0,Inactive,XGBoost,stable_correct,hydrophobic_moment,Hydrophobic moment,0.3555110079766958,-0.08576691004221491,-6.197682999997678e-05
512,LVGALMHVMQKRSR,0,Inactive,XGBoost,stable_correct,boman_index,Boman index,1.687142857142857,0.33502008601305067,-6.197682999997678e-05
513,LVLPIAQALKVLG,0,Inactive,XGBoost,stable_correct,length,Length,13.0,-0.7529565220381487,0.0023981492
513,LVLPIAQALKVLG,0,Inactive,XGBoost,stable_correct,molecular_weight,Molecular weight,1334.6890999999998,-1.0278229300887487,0.0023981492
513,LVLPIAQALKVLG,0,Inactive,XGBoost,stable_correct,net_charge_pH7_4,Net charge (pH 7.4),0.5549472748996638,-0.03963482698949938,0.0023981492
513,LVLPIAQALKVLG,0,Inactive,XGBoost,stable_correct,isoelectric_point,Isoelectric point,8.750052070617677,0.37929650633023926,0.0023981492
513,LVLPIAQALKVLG,0,Inactive,XGBoost,stable_correct,mean_eisenberg_hydrophobicity,Mean hydrophobicity,0.5761538461538461,2.09434501220745,0.0023981492
513,LVLPIAQALKVLG,0,Inactive,XGBoost,stable_correct,hydrophobic_moment,Hydrophobic moment,0.4079715284730888,0.2325738691999856,0.0023981492
513,LVLPIAQALKVLG,0,Inactive,XGBoost,stable_correct,boman_index,Boman index,-2.011538461538461,-2.191902493712003,0.0023981492
516,MLEEYRKHVAERAAE,0,Inactive,XGBoost,stable_correct,length,Length,15.0,-0.33745307542563363,-1.5125661600001727e-05
516,MLEEYRKHVAERAAE,0,Inactive,XGBoost,stable_correct,molecular_weight,Molecular weight,1832.0458000000003,-0.12078687853399062,-1.5125661600001727e-05
516,MLEEYRKHVAERAAE,0,Inactive,XGBoost,stable_correct,net_charge_pH7_4,Net charge (pH 7.4),-1.6769709674537387,-0.8647731556618725,-1.5125661600001727e-05
516,MLEEYRKHVAERAAE,0,Inactive,XGBoost,stable_correct,isoelectric_point,Isoelectric point,5.640838050842285,-0.8426487248389886,-1.5125661600001727e-05
516,MLEEYRKHVAERAAE,0,Inactive,XGBoost,stable_correct,mean_eisenberg_hydrophobicity,Mean hydrophobicity,-0.3266666666666667,-1.405725160564641,-1.5125661600001727e-05
516,MLEEYRKHVAERAAE,0,Inactive,XGBoost,stable_correct,hydrophobic_moment,Hydrophobic moment,0.2454356715945723,-0.7537257489493103,-1.5125661600001727e-05
516,MLEEYRKHVAERAAE,0,Inactive,XGBoost,stable_correct,boman_index,Boman index,3.3793333333333337,1.4911170716830489,-1.5125661600001727e-05
517,MPEVFNYLGIYLTQA,0,Inactive,XGBoost,stable_correct,length,Length,15.0,-0.33745307542563363,1.1147288000001865e-05
517,MPEVFNYLGIYLTQA,0,Inactive,XGBoost,stable_correct,molecular_weight,Molecular weight,1759.0294,-0.25394786169706685,1.1147288000001865e-05
517,MPEVFNYLGIYLTQA,0,Inactive,XGBoost,stable_correct,net_charge_pH7_4,Net charge (pH 7.4),-1.7190019416392683,-0.8803119720637452,1.1147288000001865e-05
517,MPEVFNYLGIYLTQA,0,Inactive,XGBoost,stable_correct,isoelectric_point,Isoelectric point,4.0500284194946286,-1.4678492515186445,1.1147288000001865e-05
517,MPEVFNYLGIYLTQA,0,Inactive,XGBoost,stable_correct,mean_eisenberg_hydrophobicity,Mean hydrophobicity,0.3906666666666668,1.3752451079236303,1.1147288000001865e-05
517,MPEVFNYLGIYLTQA,0,Inactive,XGBoost,stable_correct,hydrophobic_moment,Hydrophobic moment,0.3468446999799064,-0.13835577524496379,1.1147288000001865e-05
517,MPEVFNYLGIYLTQA,0,Inactive,XGBoost,stable_correct,boman_index,Boman index,-0.3360000000000002,-1.047182090179417,1.1147288000001865e-05
518,MPGTATHTVKMFS,0,Inactive,XGBoost,stable_correct,length,Length,13.0,-0.7529565220381487,-0.0005045997999999
518,MPGTATHTVKMFS,0,Inactive,XGBoost,stable_correct,molecular_weight,Molecular weight,1407.6571,-0.8947502146516236,-0.0005045997999999
518,MPGTATHTVKMFS,0,Inactive,XGBoost,stable_correct,net_charge_pH7_4,Net charge (pH 7.4),0.3190093312642195,-0.12686088965946038,-0.0005045997999999
518,MPGTATHTVKMFS,0,Inactive,XGBoost,stable_correct,isoelectric_point,Isoelectric point,8.521060371398928,0.28930099201118875,-0.0005045997999999
518,MPGTATHTVKMFS,0,Inactive,XGBoost,stable_correct,mean_eisenberg_hydrophobicity,Mean hydrophobicity,0.1976923076923076,0.6271187767596774,-0.0005045997999999
518,MPGTATHTVKMFS,0,Inactive,XGBoost,stable_correct,hydrophobic_moment,Hydrophobic moment,0.3145481885713802,-0.33433737266929264,-0.0005045997999999
518,MPGTATHTVKMFS,0,Inactive,XGBoost,stable_correct,boman_index,Boman index,0.5269230769230769,-0.4576368929143104,-0.0005045997999999
519,MPYTDAVVHEVQRYID,0,Inactive,XGBoost,stable_correct,length,Length,16.0,-0.12970135211937614,-4.9647398499996775e-05
519,MPYTDAVVHEVQRYID,0,Inactive,XGBoost,stable_correct,molecular_weight,Molecular weight,1936.1483,0.06906624007681501,-4.9647398499996775e-05
519,MPYTDAVVHEVQRYID,0,Inactive,XGBoost,stable_correct,net_charge_pH7_4,Net charge (pH 7.4),-2.680238339094528,-1.2356802733770411,-4.9647398499996775e-05
519,MPYTDAVVHEVQRYID,0,Inactive,XGBoost,stable_correct,isoelectric_point,Isoelectric point,4.745737648010253,-1.1944301273740476,-4.9647398499996775e-05
519,MPYTDAVVHEVQRYID,0,Inactive,XGBoost,stable_correct,mean_eisenberg_hydrophobicity,Mean hydrophobicity,0.01625,-0.07629989861886549,-4.9647398499996775e-05
519,MPYTDAVVHEVQRYID,0,Inactive,XGBoost,stable_correct,hydrophobic_moment,Hydrophobic moment,0.4594547873037933,0.5449844320197204,-4.9647398499996775e-05
519,MPYTDAVVHEVQRYID,0,Inactive,XGBoost,stable_correct,boman_index,Boman index,1.93875,0.5069169637717701,-4.9647398499996775e-05
532,NEQDLGIQYKALKPEVDKLNIMAAKRQQEL,0,Inactive,XGBoost,stable_correct,length,Length,30.0,2.778822774168229,1.3341919999909637e-05
532,NEQDLGIQYKALKPEVDKLNIMAAKRQQEL,0,Inactive,XGBoost,stable_correct,molecular_weight,Molecular weight,3484.9750000000004,2.893682163639491,1.3341919999909637e-05
532,NEQDLGIQYKALKPEVDKLNIMAAKRQQEL,0,Inactive,XGBoost,stable_correct,net_charge_pH7_4,Net charge (pH 7.4),-0.4508449628733091,-0.4114753856259782,1.3341919999909637e-05
532,NEQDLGIQYKALKPEVDKLNIMAAKRQQEL,0,Inactive,XGBoost,stable_correct,isoelectric_point,Isoelectric point,6.278059959411621,-0.5922155711800765,1.3341919999909637e-05
532,NEQDLGIQYKALKPEVDKLNIMAAKRQQEL,0,Inactive,XGBoost,stable_correct,mean_eisenberg_hydrophobicity,Mean hydrophobicity,-0.1939999999999999,-0.8914007335858617,1.3341919999909637e-05
532,NEQDLGIQYKALKPEVDKLNIMAAKRQQEL,0,Inactive,XGBoost,stable_correct,hydrophobic_moment,Hydrophobic moment,0.1521930471311745,-1.3195403739168003,1.3341919999909637e-05
532,NEQDLGIQYKALKPEVDKLNIMAAKRQQEL,0,Inactive,XGBoost,stable_correct,boman_index,Boman index,2.276333333333333,0.7375523913849238,1.3341919999909637e-05
534,NFKDVIETAKKVMNF,0,Inactive,XGBoost,stable_correct,length,Length,15.0,-0.33745307542563363,-0.12100022838
534,NFKDVIETAKKVMNF,0,Inactive,XGBoost,stable_correct,molecular_weight,Molecular weight,1784.0838,-0.20825581803891627,-0.12100022838
534,NFKDVIETAKKVMNF,0,Inactive,XGBoost,stable_correct,net_charge_pH7_4,Net charge (pH 7.4),0.5515033346599418,-0.04090804884840372,-0.12100022838
534,NFKDVIETAKKVMNF,0,Inactive,XGBoost,stable_correct,isoelectric_point,Isoelectric point,8.497658348083494,0.28010381529445977,-0.12100022838
534,NFKDVIETAKKVMNF,0,Inactive,XGBoost,stable_correct,mean_eisenberg_hydrophobicity,Mean hydrophobicity,-0.0326666666666666,-0.2659408776619199,-0.12100022838
534,NFKDVIETAKKVMNF,0,Inactive,XGBoost,stable_correct,hydrophobic_moment,Hydrophobic moment,0.5550814316006148,1.1252657592677024,-0.12100022838
534,NFKDVIETAKKVMNF,0,Inactive,XGBoost,stable_correct,boman_index,Boman index,1.660666666666667,0.31693167077125334,-0.12100022838
535,NGETFLTELLD,0,Inactive,XGBoost,stable_correct,length,Length,11.0,-1.1684599686506636,-1.8158917000077324e-05
535,NGETFLTELLD,0,Inactive,XGBoost,stable_correct,molecular_weight,Molecular weight,1251.339,-1.1798296198562617,-1.8158917000077324e-05
535,NGETFLTELLD,0,Inactive,XGBoost,stable_correct,net_charge_pH7_4,Net charge (pH 7.4),-3.4385898151062984,-1.5160421869939016,-1.8158917000077324e-05
535,NGETFLTELLD,0,Inactive,XGBoost,stable_correct,isoelectric_point,Isoelectric point,4.0500284194946286,-1.4678492515186445,-1.8158917000077324e-05
535,NGETFLTELLD,0,Inactive,XGBoost,stable_correct,mean_eisenberg_hydrophobicity,Mean hydrophobicity,0.1563636363636363,0.46689506923018126,-1.8158917000077324e-05
535,NGETFLTELLD,0,Inactive,XGBoost,stable_correct,hydrophobic_moment,Hydrophobic moment,0.4435198604363886,0.4482881547403922,-1.8158917000077324e-05
535,NGETFLTELLD,0,Inactive,XGBoost,stable_correct,boman_index,Boman index,1.4036363636363636,0.14132971417110762,-1.8158917000077324e-05
538,NIDSYLNAVNIINIFKIIG,0,Inactive,XGBoost,stable_correct,length,Length,19.0,0.49355381779939633,-0.0009517867299999
538,NIDSYLNAVNIINIFKIIG,0,Inactive,XGBoost,stable_correct,molecular_weight,Molecular weight,2134.4731000000006,0.4307538246964399,-0.0009517867299999
538,NIDSYLNAVNIINIFKIIG,0,Inactive,XGBoost,stable_correct,net_charge_pH7_4,Net charge (pH 7.4),-0.4471118336126172,-0.4100952508251455,-0.0009517867299999
538,NIDSYLNAVNIINIFKIIG,0,Inactive,XGBoost,stable_correct,isoelectric_point,Isoelectric point,5.834943199157714,-0.7663638956760964,-0.0009517867299999
538,NIDSYLNAVNIINIFKIIG,0,Inactive,XGBoost,stable_correct,mean_eisenberg_hydrophobicity,Mean hydrophobicity,0.3926315789473684,1.3828627138243998,-0.0009517867299999
538,NIDSYLNAVNIINIFKIIG,0,Inactive,XGBoost,stable_correct,hydrophobic_moment,Hydrophobic moment,0.081481661254616,-1.7486310018450404,-0.0009517867299999
538,NIDSYLNAVNIINIFKIIG,0,Inactive,XGBoost,stable_correct,boman_index,Boman index,0.008421052631579,-0.8118751632399251,-0.0009517867299999
544,NKEEMMDIVKAIYDMMG,0,Inactive,XGBoost,stable_correct,length,Length,17.0,0.07805037118688135,-0.0003059384489999
544,NKEEMMDIVKAIYDMMG,0,Inactive,XGBoost,stable_correct,molecular_weight,Molecular weight,2018.3979,0.21906593330696159,-0.0003059384489999
544,NKEEMMDIVKAIYDMMG,0,Inactive,XGBoost,stable_correct,net_charge_pH7_4,Net charge (pH 7.4),-2.4469294202452088,-1.149426158996626,-0.0003059384489999
544,NKEEMMDIVKAIYDMMG,0,Inactive,XGBoost,stable_correct,isoelectric_point,Isoelectric point,4.316716957092285,-1.3630385872632154,-0.0003059384489999
544,NKEEMMDIVKAIYDMMG,0,Inactive,XGBoost,stable_correct,mean_eisenberg_hydrophobicity,Mean hydrophobicity,0.0447058823529411,0.034018358054641845,-0.0003059384489999
544,NKEEMMDIVKAIYDMMG,0,Inactive,XGBoost,stable_correct,hydrophobic_moment,Hydrophobic moment,0.3634733170721414,-0.037450048943101506,-0.0003059384489999
544,NKEEMMDIVKAIYDMMG,0,Inactive,XGBoost,stable_correct,boman_index,Boman index,1.347647058823529,0.10307807085161719,-0.0003059384489999
546,NKQADSIKQMEERNKKRVENFKKTG,0,Inactive,XGBoost,stable_correct,length,Length,25.0,1.7400641576369413,-0.00014986479
546,NKQADSIKQMEERNKKRVENFKKTG,0,Inactive,XGBoost,stable_correct,molecular_weight,Molecular weight,3007.384900000001,2.022694724311457,-0.00014986479
546,NKQADSIKQMEERNKKRVENFKKTG,0,Inactive,XGBoost,stable_correct,net_charge_pH7_4,Net charge (pH 7.4),3.5461778420710264,1.066220640308877,-0.00014986479
546,NKQADSIKQMEERNKKRVENFKKTG,0,Inactive,XGBoost,stable_correct,isoelectric_point,Isoelectric point,9.99525890350342,0.868672452015055,-0.00014986479
546,NKQADSIKQMEERNKKRVENFKKTG,0,Inactive,XGBoost,stable_correct,mean_eisenberg_hydrophobicity,Mean hydrophobicity,-0.638,-2.6127076098062973,-0.00014986479
546,NKQADSIKQMEERNKKRVENFKKTG,0,Inactive,XGBoost,stable_correct,hydrophobic_moment,Hydrophobic moment,0.4100231054099912,0.24502324245417847,-0.00014986479
546,NKQADSIKQMEERNKKRVENFKKTG,0,Inactive,XGBoost,stable_correct,boman_index,Boman index,4.4888,2.2490997498046204,-0.00014986479
554,NLLYDIVKENG,0,Inactive,XGBoost,stable_correct,length,Length,11.0,-1.1684599686506636,-3.118686699998818e-05
554,NLLYDIVKENG,0,Inactive,XGBoost,stable_correct,molecular_weight,Molecular weight,1277.4225,-1.1322607927936557,-3.118686699998818e-05
554,NLLYDIVKENG,0,Inactive,XGBoost,stable_correct,net_charge_pH7_4,Net charge (pH 7.4),-1.4459910726727725,-0.779380079553707,-3.118686699998818e-05
554,NLLYDIVKENG,0,Inactive,XGBoost,stable_correct,isoelectric_point,Isoelectric point,4.3702592849731445,-1.3419960370226753,-3.118686699998818e-05
554,NLLYDIVKENG,0,Inactive,XGBoost,stable_correct,mean_eisenberg_hydrophobicity,Mean hydrophobicity,0.0672727272727272,0.12150589259299323,-3.118686699998818e-05
554,NLLYDIVKENG,0,Inactive,XGBoost,stable_correct,hydrophobic_moment,Hydrophobic moment,0.4484477452252622,0.4781915310100515,-3.118686699998818e-05
554,NLLYDIVKENG,0,Inactive,XGBoost,stable_correct,boman_index,Boman index,1.3418181818181818,0.0990958080800564,-3.118686699998818e-05
562,NPARALYQTVRELIENSLDA,0,Inactive,XGBoost,stable_correct,length,Length,20.0,0.7013055411056538,-0.0006243746099999
562,NPARALYQTVRELIENSLDA,0,Inactive,XGBoost,stable_correct,molecular_weight,Molecular weight,2273.5012,0.684301226147269,-0.0006243746099999
562,NPARALYQTVRELIENSLDA,0,Inactive,XGBoost,stable_correct,net_charge_pH7_4,Net charge (pH 7.4),-1.442414955532389,-0.7780579920039223,-0.0006243746099999
562,NPARALYQTVRELIENSLDA,0,Inactive,XGBoost,stable_correct,isoelectric_point,Isoelectric point,4.679122352600097,-1.2206104552741672,-0.0006243746099999
562,NPARALYQTVRELIENSLDA,0,Inactive,XGBoost,stable_correct,mean_eisenberg_hydrophobicity,Mean hydrophobicity,-0.0989999999999999,-0.5231030911513092,-0.0006243746099999
562,NPARALYQTVRELIENSLDA,0,Inactive,XGBoost,stable_correct,hydrophobic_moment,Hydrophobic moment,0.5428459902520462,1.0510186893488402,-0.0006243746099999
562,NPARALYQTVRELIENSLDA,0,Inactive,XGBoost,stable_correct,boman_index,Boman index,2.398,0.8206745153827528,-0.0006243746099999
563,NPEILLARVKRFLERE,0,Inactive,XGBoost,stable_correct,length,Length,16.0,-0.12970135211937614,-3.307527300000501e-05
563,NPEILLARVKRFLERE,0,Inactive,XGBoost,stable_correct,molecular_weight,Molecular weight,1983.3176000000003,0.1550895220122992,-3.307527300000501e-05
563,NPEILLARVKRFLERE,0,Inactive,XGBoost,stable_correct,net_charge_pH7_4,Net charge (pH 7.4),0.5603266896757733,-0.03764606179489526,-3.307527300000501e-05
563,NPEILLARVKRFLERE,0,Inactive,XGBoost,stable_correct,isoelectric_point,Isoelectric point,8.743927574157716,0.3768895317074043,-3.307527300000501e-05
563,NPEILLARVKRFLERE,0,Inactive,XGBoost,stable_correct,mean_eisenberg_hydrophobicity,Mean hydrophobicity,-0.26625,-1.1715007827005612,-3.307527300000501e-05
563,NPEILLARVKRFLERE,0,Inactive,XGBoost,stable_correct,hydrophobic_moment,Hydrophobic moment,0.4686730187477426,0.6009224774934312,-3.307527300000501e-05
563,NPEILLARVKRFLERE,0,Inactive,XGBoost,stable_correct,boman_index,Boman index,3.054375,1.2691069877587107,-3.307527300000501e-05
567,NPQVLADIGAEAT,0,Inactive,XGBoost,stable_correct,length,Length,13.0,-0.7529565220381487,-1.821108730004628e-05
567,NPQVLADIGAEAT,0,Inactive,XGBoost,stable_correct,molecular_weight,Molecular weight,1298.3988000000002,-1.0940060345321738,-1.821108730004628e-05
567,NPQVLADIGAEAT,0,Inactive,XGBoost,stable_correct,net_charge_pH7_4,Net charge (pH 7.4),-2.4409798873382007,-1.1472266216004472,-1.821108730004628e-05
567,NPQVLADIGAEAT,0,Inactive,XGBoost,stable_correct,isoelectric_point,Isoelectric point,4.0500284194946286,-1.4678492515186445,-1.821108730004628e-05
567,NPQVLADIGAEAT,0,Inactive,XGBoost,stable_correct,mean_eisenberg_hydrophobicity,Mean hydrophobicity,0.2107692307692308,0.6778156182284016,-1.821108730004628e-05
567,NPQVLADIGAEAT,0,Inactive,XGBoost,stable_correct,hydrophobic_moment,Hydrophobic moment,0.2650027820037613,-0.6349886659726425,-1.821108730004628e-05
567,NPQVLADIGAEAT,0,Inactive,XGBoost,stable_correct,boman_index,Boman index,0.7715384615384616,-0.2905167532010781,-1.821108730004628e-05
569,NPVLQQHFRNLEALAL,0,Inactive,XGBoost,stable_correct,length,Length,16.0,-0.12970135211937614,-4.12943380000419e-05
569,NPVLQQHFRNLEALAL,0,Inactive,XGBoost,stable_correct,molecular_weight,Molecular weight,1863.1241,-0.06410896805036002,-4.12943380000419e-05
569,NPVLQQHFRNLEALAL,0,Inactive,XGBoost,stable_correct,net_charge_pH7_4,Net charge (pH 7.4),-0.4048250485505322,-0.394461861353735,-4.12943380000419e-05
569,NPVLQQHFRNLEALAL,0,Inactive,XGBoost,stable_correct,isoelectric_point,Isoelectric point,6.749653053283692,-0.40687582665166766,-4.12943380000419e-05
569,NPVLQQHFRNLEALAL,0,Inactive,XGBoost,stable_correct,mean_eisenberg_hydrophobicity,Mean hydrophobicity,0.0724999999999999,0.1417710738752771,-4.12943380000419e-05
569,NPVLQQHFRNLEALAL,0,Inactive,XGBoost,stable_correct,hydrophobic_moment,Hydrophobic moment,0.361685385710996,-0.04829956887452752,-4.12943380000419e-05
569,NPVLQQHFRNLEALAL,0,Inactive,XGBoost,stable_correct,boman_index,Boman index,1.276875,0.05472691592741708,-4.12943380000419e-05
570,NQDELEGYNLFKGSG,0,Inactive,XGBoost,stable_correct,length,Length,15.0,-0.33745307542563363,5.367781999998655e-06
570,NQDELEGYNLFKGSG,0,Inactive,XGBoost,stable_correct,molecular_weight,Molecular weight,1670.7308000000005,-0.41497919695768026,5.367781999998655e-06
570,NQDELEGYNLFKGSG,0,Inactive,XGBoost,stable_correct,net_charge_pH7_4,Net charge (pH 7.4),-2.444870311732928,-1.1486649082822686,5.367781999998655e-06
570,NQDELEGYNLFKGSG,0,Inactive,XGBoost,stable_correct,isoelectric_point,Isoelectric point,4.137389945983887,-1.4335154938544084,5.367781999998655e-06
570,NQDELEGYNLFKGSG,0,Inactive,XGBoost,stable_correct,mean_eisenberg_hydrophobicity,Mean hydrophobicity,-0.0913333333333333,-0.4933808252706262,5.367781999998655e-06
570,NQDELEGYNLFKGSG,0,Inactive,XGBoost,stable_correct,hydrophobic_moment,Hydrophobic moment,0.1713134821568069,-1.2035138052149479,5.367781999998655e-06
570,NQDELEGYNLFKGSG,0,Inactive,XGBoost,stable_correct,boman_index,Boman index,2.307333333333333,0.7587314531158772,5.367781999998655e-06
573,NREANLQALIATG,0,Inactive,XGBoost,stable_correct,length,Length,13.0,-0.7529565220381487,-1.979548990005409e-05
573,NREANLQALIATG,0,Inactive,XGBoost,stable_correct,molecular_weight,Molecular weight,1370.5111,-0.9624938706052942,-1.979548990005409e-05
573,NREANLQALIATG,0,Inactive,XGBoost,stable_correct,net_charge_pH7_4,Net charge (pH 7.4),-0.4414514897265791,-0.40800262637089507,-1.979548990005409e-05
573,NREANLQALIATG,0,Inactive,XGBoost,stable_correct,isoelectric_point,Isoelectric point,6.0021066665649405,-0.7006673561246863,-1.979548990005409e-05
573,NREANLQALIATG,0,Inactive,XGBoost,stable_correct,mean_eisenberg_hydrophobicity,Mean hydrophobicity,0.0184615384615384,-0.06772616807636096,-1.979548990005409e-05
573,NREANLQALIATG,0,Inactive,XGBoost,stable_correct,hydrophobic_moment,Hydrophobic moment,0.1254424086067828,-1.4818685214933538,-1.979548990005409e-05
573,NREANLQALIATG,0,Inactive,XGBoost,stable_correct,boman_index,Boman index,1.6915384615384603,0.3380231433304485,-1.979548990005409e-05
576,NSNHQMLLVQQAEDKIKELLNT,0,Inactive,XGBoost,stable_correct,length,Length,22.0,1.1168089877181688,-4.107160700006496e-05
576,NSNHQMLLVQQAEDKIKELLNT,0,Inactive,XGBoost,stable_correct,molecular_weight,Molecular weight,2566.8841,1.2193475363903685,-4.107160700006496e-05
576,NSNHQMLLVQQAEDKIKELLNT,0,Inactive,XGBoost,stable_correct,net_charge_pH7_4,Net charge (pH 7.4),-1.408243870556881,-0.7654249701438197,-4.107160700006496e-05
576,NSNHQMLLVQQAEDKIKELLNT,0,Inactive,XGBoost,stable_correct,isoelectric_point,Isoelectric point,5.4454256057739245,-0.919447331767839,-4.107160700006496e-05
576,NSNHQMLLVQQAEDKIKELLNT,0,Inactive,XGBoost,stable_correct,mean_eisenberg_hydrophobicity,Mean hydrophobicity,-0.1245454545454545,-0.622138150982993,-4.107160700006496e-05
576,NSNHQMLLVQQAEDKIKELLNT,0,Inactive,XGBoost,stable_correct,hydrophobic_moment,Hydrophobic moment,0.2959314193363199,-0.4473075980727714,-4.107160700006496e-05
576,NSNHQMLLVQQAEDKIKELLNT,0,Inactive,XGBoost,stable_correct,boman_index,Boman index,2.173181818181817,0.667079736319267,-4.107160700006496e-05
578,NSREREMFVQEVRRYY,0,Inactive,XGBoost,stable_correct,length,Length,16.0,-0.12970135211937614,-1.5540085000043113e-05
578,NSREREMFVQEVRRYY,0,Inactive,XGBoost,stable_correct,molecular_weight,Molecular weight,2162.3874000000005,0.48166150615305825,-1.5540085000043113e-05
578,NSREREMFVQEVRRYY,0,Inactive,XGBoost,stable_correct,net_charge_pH7_4,Net charge (pH 7.4),0.5557034921184183,-0.03935525410902575,-1.5540085000043113e-05
578,NSREREMFVQEVRRYY,0,Inactive,XGBoost,stable_correct,isoelectric_point,Isoelectric point,8.586818122863772,0.31514429848794323,-1.5540085000043113e-05
578,NSREREMFVQEVRRYY,0,Inactive,XGBoost,stable_correct,mean_eisenberg_hydrophobicity,Mean hydrophobicity,-0.591875,-2.4338894123611,-1.5540085000043113e-05
578,NSREREMFVQEVRRYY,0,Inactive,XGBoost,stable_correct,hydrophobic_moment,Hydrophobic moment,0.383154531675848,0.08197944077779659,-1.5540085000043113e-05
578,NSREREMFVQEVRRYY,0,Inactive,XGBoost,stable_correct,boman_index,Boman index,5.16,2.7076605960567517,-1.5540085000043113e-05
580,NSVLRAVAEVYA,0,Inactive,XGBoost,stable_correct,length,Length,12.0,-0.9607082453444061,-2.938903010007987e-05
580,NSVLRAVAEVYA,0,Inactive,XGBoost,stable_correct,molecular_weight,Molecular weight,1291.4524,-1.1066742769194187,-2.938903010007987e-05
580,NSVLRAVAEVYA,0,Inactive,XGBoost,stable_correct,net_charge_pH7_4,Net charge (pH 7.4),-0.4439570823938648,-0.4089289419081693,-2.938903010007987e-05
580,NSVLRAVAEVYA,0,Inactive,XGBoost,stable_correct,isoelectric_point,Isoelectric point,6.00136775970459,-0.7009577522532708,-2.938903010007987e-05
580,NSVLRAVAEVYA,0,Inactive,XGBoost,stable_correct,mean_eisenberg_hydrophobicity,Mean hydrophobicity,0.1933333333333333,0.6102198296034363,-2.938903010007987e-05
580,NSVLRAVAEVYA,0,Inactive,XGBoost,stable_correct,hydrophobic_moment,Hydrophobic moment,0.5217633345470923,0.9230849787774501,-2.938903010007987e-05
580,NSVLRAVAEVYA,0,Inactive,XGBoost,stable_correct,boman_index,Boman index,0.7866666666666666,-0.280181230933698,-2.938903010007987e-05
581,NTDTLERVTEIFKALG,0,Inactive,XGBoost,stable_correct,length,Length,16.0,-0.12970135211937614,-8.470018600004181e-05
581,NTDTLERVTEIFKALG,0,Inactive,XGBoost,stable_correct,molecular_weight,Molecular weight,1807.0098000000005,-0.16644536586657252,-8.470018600004181e-05
581,NTDTLERVTEIFKALG,0,Inactive,XGBoost,stable_correct,net_charge_pH7_4,Net charge (pH 7.4),-1.4423898372990154,-0.778048705813814,-8.470018600004181e-05
581,NTDTLERVTEIFKALG,0,Inactive,XGBoost,stable_correct,isoelectric_point,Isoelectric point,4.679122352600097,-1.2206104552741672,-8.470018600004181e-05
581,NTDTLERVTEIFKALG,0,Inactive,XGBoost,stable_correct,mean_eisenberg_hydrophobicity,Mean hydrophobicity,-0.0193749999999999,-0.2144115145318223,-8.470018600004181e-05
581,NTDTLERVTEIFKALG,0,Inactive,XGBoost,stable_correct,hydrophobic_moment,Hydrophobic moment,0.4521742407256637,0.5008046402627881,-8.470018600004181e-05
581,NTDTLERVTEIFKALG,0,Inactive,XGBoost,stable_correct,boman_index,Boman index,2.039375,0.575663514954906,-8.470018600004181e-05
600,PEKEAVTLGIKALKSSL,0,Inactive,XGBoost,stable_correct,length,Length,17.0,0.07805037118688135,3.392533400004005e-05
600,PEKEAVTLGIKALKSSL,0,Inactive,XGBoost,stable_correct,molecular_weight,Molecular weight,1784.1023999999998,-0.20822189697067972,3.392533400004005e-05
600,PEKEAVTLGIKALKSSL,0,Inactive,XGBoost,stable_correct,net_charge_pH7_4,Net charge (pH 7.4),0.896052806804156,0.0864716061026888,3.392533400004005e-05
600,PEKEAVTLGIKALKSSL,0,Inactive,XGBoost,stable_correct,isoelectric_point,Isoelectric point,8.903615760803223,0.43964822792595376,3.392533400004005e-05
600,PEKEAVTLGIKALKSSL,0,Inactive,XGBoost,stable_correct,mean_eisenberg_hydrophobicity,Mean hydrophobicity,0.0735294117647059,0.14576191520196774,3.392533400004005e-05
600,PEKEAVTLGIKALKSSL,0,Inactive,XGBoost,stable_correct,hydrophobic_moment,Hydrophobic moment,0.3306973505163492,-0.23634107470988938,3.392533400004005e-05
600,PEKEAVTLGIKALKSSL,0,Inactive,XGBoost,stable_correct,boman_index,Boman index,0.6682352941176471,-0.3610930164207062,3.392533400004005e-05
602,PEYEHLYTELTGTIVLLIES,0,Inactive,XGBoost,stable_correct,length,Length,20.0,0.7013055411056538,-5.13640979999952e-05
602,PEYEHLYTELTGTIVLLIES,0,Inactive,XGBoost,stable_correct,molecular_weight,Molecular weight,2320.5891000000006,0.7701760578163821,-5.13640979999952e-05
602,PEYEHLYTELTGTIVLLIES,0,Inactive,XGBoost,stable_correct,net_charge_pH7_4,Net charge (pH 7.4),-4.062573637472822,-1.7467284901638664,-5.13640979999952e-05
602,PEYEHLYTELTGTIVLLIES,0,Inactive,XGBoost,stable_correct,isoelectric_point,Isoelectric point,4.088167381286621,-1.4528603436509135,-5.13640979999952e-05
602,PEYEHLYTELTGTIVLLIES,0,Inactive,XGBoost,stable_correct,mean_eisenberg_hydrophobicity,Mean hydrophobicity,0.2865,0.9714099736752169,-5.13640979999952e-05
602,PEYEHLYTELTGTIVLLIES,0,Inactive,XGBoost,stable_correct,hydrophobic_moment,Hydrophobic moment,0.236531283201438,-0.8077593329268175,-5.13640979999952e-05
602,PEYEHLYTELTGTIVLLIES,0,Inactive,XGBoost,stable_correct,boman_index,Boman index,0.4394999999999998,-0.517363949135722,-5.13640979999952e-05
608,PIKFIRKA,0,Inactive,XGBoost,stable_correct,length,Length,8.0,-1.791715138569436,8.50874000000168e-05
608,PIKFIRKA,0,Inactive,XGBoost,stable_correct,molecular_weight,Molecular weight,972.2277,-1.6888486227093755,8.50874000000168e-05
608,PIKFIRKA,0,Inactive,XGBoost,stable_correct,net_charge_pH7_4,Net charge (pH 7.4),2.89629175935838,0.8259582929069783,8.50874000000168e-05
608,PIKFIRKA,0,Inactive,XGBoost,stable_correct,isoelectric_point,Isoelectric point,11.16877689361572,1.3298741263252112,8.50874000000168e-05
608,PIKFIRKA,0,Inactive,XGBoost,stable_correct,mean_eisenberg_hydrophobicity,Mean hydrophobicity,-0.095,-0.5075958219961705,8.50874000000168e-05
608,PIKFIRKA,0,Inactive,XGBoost,stable_correct,hydrophobic_moment,Hydrophobic moment,0.7909744075127042,2.556710835661472,8.50874000000168e-05
608,PIKFIRKA,0,Inactive,XGBoost,stable_correct,boman_index,Boman index,1.4237499999999998,0.15507126082205624,8.50874000000168e-05
614,PNDMSRIFNIVKESL,0,Inactive,XGBoost,stable_correct,length,Length,15.0,-0.33745307542563363,-4.565676320000822e-05
614,PNDMSRIFNIVKESL,0,Inactive,XGBoost,stable_correct,molecular_weight,Molecular weight,1763.0232999999998,-0.24666413296413836,-4.565676320000822e-05
614,PNDMSRIFNIVKESL,0,Inactive,XGBoost,stable_correct,net_charge_pH7_4,Net charge (pH 7.4),-0.0996354028794854,-0.28163350170396984,-4.565676320000822e-05
614,PNDMSRIFNIVKESL,0,Inactive,XGBoost,stable_correct,isoelectric_point,Isoelectric point,6.492854499816894,-0.5077996504168061,-4.565676320000822e-05
614,PNDMSRIFNIVKESL,0,Inactive,XGBoost,stable_correct,mean_eisenberg_hydrophobicity,Mean hydrophobicity,-0.04,-0.29437087111300847,-4.565676320000822e-05
614,PNDMSRIFNIVKESL,0,Inactive,XGBoost,stable_correct,hydrophobic_moment,Hydrophobic moment,0.5507600388704277,1.0990426963601596,-4.565676320000822e-05
614,PNDMSRIFNIVKESL,0,Inactive,XGBoost,stable_correct,boman_index,Boman index,2.13,0.6375781107409598,-4.565676320000822e-05
615,PNGPTHAPWLLAHKIQ,0,Inactive,XGBoost,stable_correct,length,Length,16.0,-0.12970135211937614,-0.0001419740099999
615,PNGPTHAPWLLAHKIQ,0,Inactive,XGBoost,stable_correct,molecular_weight,Molecular weight,1780.0373000000004,-0.21563547409384837,-0.0001419740099999
615,PNGPTHAPWLLAHKIQ,0,Inactive,XGBoost,stable_correct,net_charge_pH7_4,Net charge (pH 7.4),0.9720753526111328,0.1145770784261034,-0.0001419740099999
615,PNGPTHAPWLLAHKIQ,0,Inactive,XGBoost,stable_correct,isoelectric_point,Isoelectric point,9.182377052307132,0.5492035781274117,-0.0001419740099999
615,PNGPTHAPWLLAHKIQ,0,Inactive,XGBoost,stable_correct,mean_eisenberg_hydrophobicity,Mean hydrophobicity,0.156875,0.4688775326164919,-0.0001419740099999
615,PNGPTHAPWLLAHKIQ,0,Inactive,XGBoost,stable_correct,hydrophobic_moment,Hydrophobic moment,0.2166905900937312,-0.9281565696459424,-0.0001419740099999
615,PNGPTHAPWLLAHKIQ,0,Inactive,XGBoost,stable_correct,boman_index,Boman index,0.498125,-0.47731161062032973,-0.0001419740099999
626,PSVVANTVKGG,0,Inactive,XGBoost,stable_correct,length,Length,11.0,-1.1684599686506636,-3.511144000001298e-05
626,PSVVANTVKGG,0,Inactive,XGBoost,stable_correct,molecular_weight,Molecular weight,1028.1600999999998,-1.5868439583508152,-3.511144000001298e-05
626,PSVVANTVKGG,0,Inactive,XGBoost,stable_correct,net_charge_pH7_4,Net charge (pH 7.4),0.8988224702590388,0.08749554839178322,-3.511144000001298e-05
626,PSVVANTVKGG,0,Inactive,XGBoost,stable_correct,isoelectric_point,Isoelectric point,9.179991722106934,0.5482661248532538,-3.511144000001298e-05
626,PSVVANTVKGG,0,Inactive,XGBoost,stable_correct,mean_eisenberg_hydrophobicity,Mean hydrophobicity,0.2263636363636363,0.7382722794451148,-3.511144000001298e-05
626,PSVVANTVKGG,0,Inactive,XGBoost,stable_correct,hydrophobic_moment,Hydrophobic moment,0.3687074397652358,-0.005688360705877279,-3.511144000001298e-05
626,PSVVANTVKGG,0,Inactive,XGBoost,stable_correct,boman_index,Boman index,0.2136363636363635,-0.6716729780816291,-3.511144000001298e-05
634,QASTGSLLNILR,0,Inactive,XGBoost,stable_correct,length,Length,12.0,-0.9607082453444061,-8.479364199998063e-05
634,QASTGSLLNILR,0,Inactive,XGBoost,stable_correct,molecular_weight,Molecular weight,1272.4509,-1.1413275660650513,-8.479364199998063e-05
634,QASTGSLLNILR,0,Inactive,XGBoost,stable_correct,net_charge_pH7_4,Net charge (pH 7.4),0.5574277493335762,-0.03871779764233346,-8.479364199998063e-05
634,QASTGSLLNILR,0,Inactive,XGBoost,stable_correct,isoelectric_point,Isoelectric point,9.750021171569824,0.7722921208017465,-8.479364199998063e-05
634,QASTGSLLNILR,0,Inactive,XGBoost,stable_correct,mean_eisenberg_hydrophobicity,Mean hydrophobicity,0.105,0.2677676357607823,-8.479364199998063e-05
634,QASTGSLLNILR,0,Inactive,XGBoost,stable_correct,hydrophobic_moment,Hydrophobic moment,0.3922364482356137,0.1370903006642753,-8.479364199998063e-05
634,QASTGSLLNILR,0,Inactive,XGBoost,stable_correct,boman_index,Boman index,1.1700000000000002,-0.01828960737889476,-8.479364199998063e-05
641,QGLAEKIFWSLK,0,Inactive,XGBoost,stable_correct,length,Length,12.0,-0.9607082453444061,0.00070316502
641,QGLAEKIFWSLK,0,Inactive,XGBoost,stable_correct,molecular_weight,Molecular weight,1419.6661,-0.8728492410784897,0.00070316502
641,QGLAEKIFWSLK,0,Inactive,XGBoost,stable_correct,net_charge_pH7_4,Net charge (pH 7.4),0.5535624431722228,-0.04014679813404643,0.00070316502
641,QGLAEKIFWSLK,0,Inactive,XGBoost,stable_correct,isoelectric_point,Isoelectric point,8.591073036193851,0.31681651243643966,0.00070316502
641,QGLAEKIFWSLK,0,Inactive,XGBoost,stable_correct,mean_eisenberg_hydrophobicity,Mean hydrophobicity,0.1616666666666666,0.48745394879191867,0.00070316502
641,QGLAEKIFWSLK,0,Inactive,XGBoost,stable_correct,hydrophobic_moment,Hydrophobic moment,0.3809026807271976,0.06831476534286726,0.00070316502
641,QGLAEKIFWSLK,0,Inactive,XGBoost,stable_correct,boman_index,Boman index,0.3358333333333334,-0.5881885534188034,0.00070316502
647,QLLRGVGAAATAVTQALNELLQHVKA,0,Inactive,XGBoost,stable_correct,length,Length,26.0,1.947815880943199,0.0030744106
647,QLLRGVGAAATAVTQALNELLQHVKA,0,Inactive,XGBoost,stable_correct,molecular_weight,Molecular weight,2673.0756,1.4130103921811459,0.0030744106
647,QLLRGVGAAATAVTQALNELLQHVKA,0,Inactive,XGBoost,stable_correct,net_charge_pH7_4,Net charge (pH 7.4),0.5926693587821821,-0.02568900376972047,0.0030744106
647,QLLRGVGAAATAVTQALNELLQHVKA,0,Inactive,XGBoost,stable_correct,isoelectric_point,Isoelectric point,8.755016136169434,0.38124742260348415,0.0030744106
647,QLLRGVGAAATAVTQALNELLQHVKA,0,Inactive,XGBoost,stable_correct,mean_eisenberg_hydrophobicity,Mean hydrophobicity,0.1888461538461538,0.5928238545896585,0.0030744106
647,QLLRGVGAAATAVTQALNELLQHVKA,0,Inactive,XGBoost,stable_correct,hydrophobic_moment,Hydrophobic moment,0.4874986903294202,0.715160363514426,0.0030744106
647,QLLRGVGAAATAVTQALNELLQHVKA,0,Inactive,XGBoost,stable_correct,boman_index,Boman index,0.4184615384615384,-0.531737332221121,0.0030744106
657,RAAAIEQLKIWGERVG,0,Inactive,XGBoost,stable_correct,length,Length,16.0,-0.12970135211937614,-3.6207394999987486e-05
657,RAAAIEQLKIWGERVG,0,Inactive,XGBoost,stable_correct,molecular_weight,Molecular weight,1797.0662000000002,-0.18457964189470313,-3.6207394999987486e-05
657,RAAAIEQLKIWGERVG,0,Inactive,XGBoost,stable_correct,net_charge_pH7_4,Net charge (pH 7.4),0.5571385603126058,-0.038824710584261984,-3.6207394999987486e-05
657,RAAAIEQLKIWGERVG,0,Inactive,XGBoost,stable_correct,isoelectric_point,Isoelectric point,8.74566822052002,0.37757361923178867,-3.6207394999987486e-05
657,RAAAIEQLKIWGERVG,0,Inactive,XGBoost,stable_correct,mean_eisenberg_hydrophobicity,Mean hydrophobicity,-0.0124999999999999,-0.18775839567142708,-3.6207394999987486e-05
657,RAAAIEQLKIWGERVG,0,Inactive,XGBoost,stable_correct,hydrophobic_moment,Hydrophobic moment,0.1648674682384478,-1.2426294882916644,-3.6207394999987486e-05
657,RAAAIEQLKIWGERVG,0,Inactive,XGBoost,stable_correct,boman_index,Boman index,1.6318749999999995,0.2972613325238214,-3.6207394999987486e-05
663,RFLIRVYHPLLLKVL,0,Inactive,XGBoost,stable_correct,length,Length,15.0,-0.33745307542563363,0.0002766996299999
663,RFLIRVYHPLLLKVL,0,Inactive,XGBoost,stable_correct,molecular_weight,Molecular weight,1880.3681,-0.032660855110471704,0.0002766996299999
663,RFLIRVYHPLLLKVL,0,Inactive,XGBoost,stable_correct,net_charge_pH7_4,Net charge (pH 7.4),2.589017886941678,0.7123593963527471,0.0002766996299999
663,RFLIRVYHPLLLKVL,0,Inactive,XGBoost,stable_correct,isoelectric_point,Isoelectric point,11.00044994354248,1.263720329059716,0.0002766996299999
663,RFLIRVYHPLLLKVL,0,Inactive,XGBoost,stable_correct,mean_eisenberg_hydrophobicity,Mean hydrophobicity,0.252,0.8376597772121426,0.0002766996299999
663,RFLIRVYHPLLLKVL,0,Inactive,XGBoost,stable_correct,hydrophobic_moment,Hydrophobic moment,0.4776500638691371,0.655396956819911,0.0002766996299999
663,RFLIRVYHPLLLKVL,0,Inactive,XGBoost,stable_correct,boman_index,Boman index,-0.0259999999999999,-0.8353914728698805,0.0002766996299999
671,RIENGLRKRLQSIYRHLEE,0,Inactive,XGBoost,stable_correct,length,Length,19.0,0.49355381779939633,-0.0002021691
671,RIENGLRKRLQSIYRHLEE,0,Inactive,XGBoost,stable_correct,molecular_weight,Molecular weight,2410.7333,0.9345732384285297,-0.0002021691
671,RIENGLRKRLQSIYRHLEE,0,Inactive,XGBoost,stable_correct,net_charge_pH7_4,Net charge (pH 7.4),1.5944224199511612,0.34465827461617093,-0.0002021691
671,RIENGLRKRLQSIYRHLEE,0,Inactive,XGBoost,stable_correct,isoelectric_point,Isoelectric point,9.970825386047364,0.8590698900986922,-0.0002021691
671,RIENGLRKRLQSIYRHLEE,0,Inactive,XGBoost,stable_correct,mean_eisenberg_hydrophobicity,Mean hydrophobicity,-0.478421052631579,-1.9940491877223288,-0.0002021691
671,RIENGLRKRLQSIYRHLEE,0,Inactive,XGBoost,stable_correct,hydrophobic_moment,Hydrophobic moment,0.6478311863857231,1.6880895538742484,-0.0002021691
671,RIENGLRKRLQSIYRHLEE,0,Inactive,XGBoost,stable_correct,boman_index,Boman index,4.2368421052631575,2.0769632399261453,-0.0002021691
675,RKQSLEQDLQFYYG,0,Inactive,XGBoost,stable_correct,length,Length,14.0,-0.5452047987318911,-3.375514500003618e-05
675,RKQSLEQDLQFYYG,0,Inactive,XGBoost,stable_correct,molecular_weight,Molecular weight,1774.9263000000003,-0.22495647300568863,-3.375514500003618e-05
675,RKQSLEQDLQFYYG,0,Inactive,XGBoost,stable_correct,net_charge_pH7_4,Net charge (pH 7.4),-0.4485217835734314,-0.4106165081598009,-3.375514500003618e-05
675,RKQSLEQDLQFYYG,0,Inactive,XGBoost,stable_correct,isoelectric_point,Isoelectric point,6.068267250061035,-0.6746657335344647,-3.375514500003618e-05
675,RKQSLEQDLQFYYG,0,Inactive,XGBoost,stable_correct,mean_eisenberg_hydrophobicity,Mean hydrophobicity,-0.2835714285714286,-1.238652796452726,-3.375514500003618e-05
675,RKQSLEQDLQFYYG,0,Inactive,XGBoost,stable_correct,hydrophobic_moment,Hydrophobic moment,0.0341946997768989,-2.0355776051645287,-3.375514500003618e-05
675,RKQSLEQDLQFYYG,0,Inactive,XGBoost,stable_correct,boman_index,Boman index,3.0385714285714287,1.258310058247251,-3.375514500003618e-05
679,RLLGKWSAILKNVRFFFFWL,0,Inactive,XGBoost,stable_correct,length,Length,20.0,0.7013055411056538,-0.0019067779999999
679,RLLGKWSAILKNVRFFFFWL,0,Inactive,XGBoost,stable_correct,molecular_weight,Molecular weight,2542.0744,1.1741017553880049,-0.0019067779999999
679,RLLGKWSAILKNVRFFFFWL,0,Inactive,XGBoost,stable_correct,net_charge_pH7_4,Net charge (pH 7.4),3.552391445765631,1.068517804456876,-0.0019067779999999
679,RLLGKWSAILKNVRFFFFWL,0,Inactive,XGBoost,stable_correct,isoelectric_point,Isoelectric point,11.999967765808105,1.6565385875063838,-0.0019067779999999
679,RLLGKWSAILKNVRFFFFWL,0,Inactive,XGBoost,stable_correct,mean_eisenberg_hydrophobicity,Mean hydrophobicity,0.2729999999999999,0.9190729402766223,-0.0019067779999999
679,RLLGKWSAILKNVRFFFFWL,0,Inactive,XGBoost,stable_correct,hydrophobic_moment,Hydrophobic moment,0.3487848324892858,-0.12658266874459206,-0.0019067779999999
679,RLLGKWSAILKNVRFFFFWL,0,Inactive,XGBoost,stable_correct,boman_index,Boman index,0.1504999999999999,-0.7148074601113866,-0.0019067779999999
694,SAAWAEWQKAR,0,Inactive,XGBoost,stable_correct,length,Length,11.0,-1.1684599686506636,-0.000231206533
694,SAAWAEWQKAR,0,Inactive,XGBoost,stable_correct,molecular_weight,Molecular weight,1303.4252,-1.084839321769413,-0.000231206533
694,SAAWAEWQKAR,0,Inactive,XGBoost,stable_correct,net_charge_pH7_4,Net charge (pH 7.4),0.2518183624148991,-0.1517013352842724,-0.000231206533
694,SAAWAEWQKAR,0,Inactive,XGBoost,stable_correct,isoelectric_point,Isoelectric point,8.463554573059085,0.2667007671315175,-0.000231206533
694,SAAWAEWQKAR,0,Inactive,XGBoost,stable_correct,mean_eisenberg_hydrophobicity,Mean hydrophobicity,-0.1518181818181818,-0.7278695315862138,-0.000231206533
694,SAAWAEWQKAR,0,Inactive,XGBoost,stable_correct,hydrophobic_moment,Hydrophobic moment,0.1774041001866899,-1.1665547344441412,-0.000231206533
694,SAAWAEWQKAR,0,Inactive,XGBoost,stable_correct,boman_index,Boman index,2.210909090909091,0.6928548407718946,-0.000231206533
701,SDIFNKNMRAHALEK,0,Inactive,XGBoost,stable_correct,length,Length,15.0,-0.33745307542563363,-1.6137136999994084e-05
701,SDIFNKNMRAHALEK,0,Inactive,XGBoost,stable_correct,molecular_weight,Molecular weight,1774.0096,-0.22662827103004507,-1.6137136999994084e-05
701,SDIFNKNMRAHALEK,0,Inactive,XGBoost,stable_correct,net_charge_pH7_4,Net charge (pH 7.4),0.2863856950786649,-0.13892182098146966,-1.6137136999994084e-05
701,SDIFNKNMRAHALEK,0,Inactive,XGBoost,stable_correct,isoelectric_point,Isoelectric point,8.334488868713382,0.21597694402714288,-1.6137136999994084e-05
701,SDIFNKNMRAHALEK,0,Inactive,XGBoost,stable_correct,mean_eisenberg_hydrophobicity,Mean hydrophobicity,-0.2466666666666666,-1.0955797774618594,-1.6137136999994084e-05
701,SDIFNKNMRAHALEK,0,Inactive,XGBoost,stable_correct,hydrophobic_moment,Hydrophobic moment,0.2003620100740218,-1.0272416118492564,-1.6137136999994084e-05
701,SDIFNKNMRAHALEK,0,Inactive,XGBoost,stable_correct,boman_index,Boman index,2.9399999999999995,1.190966497904587,-1.6137136999994084e-05
704,SDWYLKGRLTSLESQFINALGILET,0,Inactive,XGBoost,stable_correct,length,Length,25.0,1.7400641576369413,0.00041818761
704,SDWYLKGRLTSLESQFINALGILET,0,Inactive,XGBoost,stable_correct,molecular_weight,Molecular weight,2855.2008000000005,1.7451545500795331,0.00041818761
704,SDWYLKGRLTSLESQFINALGILET,0,Inactive,XGBoost,stable_correct,net_charge_pH7_4,Net charge (pH 7.4),-1.7491199851575372,-0.8914465878484802,0.00041818761
704,SDWYLKGRLTSLESQFINALGILET,0,Inactive,XGBoost,stable_correct,isoelectric_point,Isoelectric point,4.676564598083496,-1.221615672642346,0.00041818761
704,SDWYLKGRLTSLESQFINALGILET,0,Inactive,XGBoost,stable_correct,mean_eisenberg_hydrophobicity,Mean hydrophobicity,0.14,0.4034562408682491,0.00041818761
704,SDWYLKGRLTSLESQFINALGILET,0,Inactive,XGBoost,stable_correct,hydrophobic_moment,Hydrophobic moment,0.1219790650225701,-1.502884773046892,0.00041818761
704,SDWYLKGRLTSLESQFINALGILET,0,Inactive,XGBoost,stable_correct,boman_index,Boman index,1.0812,-0.07895737130498147,0.00041818761
705,SEAAKAYMKGLEYQMSGNEQWSKT,0,Inactive,XGBoost,stable_correct,length,Length,24.0,1.5323124343306838,0.0051370018500001
705,SEAAKAYMKGLEYQMSGNEQWSKT,0,Inactive,XGBoost,stable_correct,molecular_weight,Molecular weight,2738.0132000000003,1.5314379599638708,0.0051370018500001
705,SEAAKAYMKGLEYQMSGNEQWSKT,0,Inactive,XGBoost,stable_correct,net_charge_pH7_4,Net charge (pH 7.4),-0.7559373681411814,-0.5242677955790956,0.0051370018500001
705,SEAAKAYMKGLEYQMSGNEQWSKT,0,Inactive,XGBoost,stable_correct,isoelectric_point,Isoelectric point,5.951690483093262,-0.7204813073596741,0.0051370018500001
705,SEAAKAYMKGLEYQMSGNEQWSKT,0,Inactive,XGBoost,stable_correct,mean_eisenberg_hydrophobicity,Mean hydrophobicity,-0.1358333333333333,-0.6658991946215482,0.0051370018500001
705,SEAAKAYMKGLEYQMSGNEQWSKT,0,Inactive,XGBoost,stable_correct,hydrophobic_moment,Hydrophobic moment,0.3207305214098901,-0.296821758361173,0.0051370018500001
705,SEAAKAYMKGLEYQMSGNEQWSKT,0,Inactive,XGBoost,stable_correct,boman_index,Boman index,2.0245833333333327,0.5655579142633886,0.0051370018500001
708,SEERIRSGVKRLSKSRQ,0,Inactive,XGBoost,stable_correct,length,Length,17.0,0.07805037118688135,-0.000101317393
708,SEERIRSGVKRLSKSRQ,0,Inactive,XGBoost,stable_correct,molecular_weight,Molecular weight,2016.2666,0.21517905305245075,-0.000101317393
708,SEERIRSGVKRLSKSRQ,0,Inactive,XGBoost,stable_correct,net_charge_pH7_4,Net charge (pH 7.4),3.250358175987337,0.9568563543647213,-0.000101317393
708,SEERIRSGVKRLSKSRQ,0,Inactive,XGBoost,stable_correct,isoelectric_point,Isoelectric point,11.553846549987792,1.481209488664089,-0.000101317393
708,SEERIRSGVKRLSKSRQ,0,Inactive,XGBoost,stable_correct,mean_eisenberg_hydrophobicity,Mean hydrophobicity,-0.7041176470588235,-2.8690336470177136,-0.000101317393
708,SEERIRSGVKRLSKSRQ,0,Inactive,XGBoost,stable_correct,hydrophobic_moment,Hydrophobic moment,0.3976120195484663,0.16971032700814614,-0.000101317393
708,SEERIRSGVKRLSKSRQ,0,Inactive,XGBoost,stable_correct,boman_index,Boman index,5.2188235294117655,2.747848568980763,-0.000101317393
713,SESKLIEQAFR,0,Inactive,XGBoost,stable_correct,length,Length,11.0,-1.1684599686506636,6.201980000009044e-06
713,SESKLIEQAFR,0,Inactive,XGBoost,stable_correct,molecular_weight,Molecular weight,1307.4520000000002,-1.0774955928673977,6.201980000009044e-06
713,SESKLIEQAFR,0,Inactive,XGBoost,stable_correct,net_charge_pH7_4,Net charge (pH 7.4),-0.7470608766452567,-0.5209861640128342,6.201980000009044e-06
713,SESKLIEQAFR,0,Inactive,XGBoost,stable_correct,isoelectric_point,Isoelectric point,5.86364688873291,-0.755083122988758,6.201980000009044e-06
713,SESKLIEQAFR,0,Inactive,XGBoost,stable_correct,mean_eisenberg_hydrophobicity,Mean hydrophobicity,-0.2154545454545453,-0.9745760863270618,6.201980000009044e-06
713,SESKLIEQAFR,0,Inactive,XGBoost,stable_correct,hydrophobic_moment,Hydrophobic moment,0.6226606878207411,1.5353500070441328,6.201980000009044e-06
713,SESKLIEQAFR,0,Inactive,XGBoost,stable_correct,boman_index,Boman index,2.8909090909090907,1.1574278077734583,6.201980000009044e-06
720,SGRFWKLYIEAEIKA,0,Inactive,XGBoost,stable_correct,length,Length,15.0,-0.33745307542563363,0.000225013977
720,SGRFWKLYIEAEIKA,0,Inactive,XGBoost,stable_correct,molecular_weight,Molecular weight,1811.0877,-0.15900844521257362,0.000225013977
720,SGRFWKLYIEAEIKA,0,Inactive,XGBoost,stable_correct,net_charge_pH7_4,Net charge (pH 7.4),0.247927938020172,-0.1531396219660939,0.000225013977
720,SGRFWKLYIEAEIKA,0,Inactive,XGBoost,stable_correct,isoelectric_point,Isoelectric point,8.219993019104006,0.17097918686761693,0.000225013977
720,SGRFWKLYIEAEIKA,0,Inactive,XGBoost,stable_correct,mean_eisenberg_hydrophobicity,Mean hydrophobicity,0.0486666666666666,0.049373595159240356,0.000225013977
720,SGRFWKLYIEAEIKA,0,Inactive,XGBoost,stable_correct,hydrophobic_moment,Hydrophobic moment,0.3718684725053764,0.01349340905516928,0.000225013977
720,SGRFWKLYIEAEIKA,0,Inactive,XGBoost,stable_correct,boman_index,Boman index,1.2366666666666666,0.027256761934983883,0.000225013977
723,SIDEKYEAEVKKSEIDHHK,0,Inactive,XGBoost,stable_correct,length,Length,19.0,0.49355381779939633,-2.907434799992448e-05
723,SIDEKYEAEVKKSEIDHHK,0,Inactive,XGBoost,stable_correct,molecular_weight,Molecular weight,2285.4658,0.7061212268478363,-2.907434799992448e-05
723,SIDEKYEAEVKKSEIDHHK,0,Inactive,XGBoost,stable_correct,net_charge_pH7_4,Net charge (pH 7.4),-2.680670756539233,-1.235840137748792,-2.907434799992448e-05
723,SIDEKYEAEVKKSEIDHHK,0,Inactive,XGBoost,stable_correct,isoelectric_point,Isoelectric point,5.430874824523924,-0.9251659016845889,-2.907434799992448e-05
723,SIDEKYEAEVKKSEIDHHK,0,Inactive,XGBoost,stable_correct,mean_eisenberg_hydrophobicity,Mean hydrophobicity,-0.3757894736842106,-1.5961653080838927,-2.907434799992448e-05
723,SIDEKYEAEVKKSEIDHHK,0,Inactive,XGBoost,stable_correct,hydrophobic_moment,Hydrophobic moment,0.168866082264095,-1.2183651101884994,-2.907434799992448e-05
723,SIDEKYEAEVKKSEIDHHK,0,Inactive,XGBoost,stable_correct,boman_index,Boman index,3.5499999999999994,1.607715777126578,-2.907434799992448e-05
724,SIERLLEMESL,0,Inactive,XGBoost,stable_correct,length,Length,11.0,-1.1684599686506636,-1.7274679000034432e-05
724,SIERLLEMESL,0,Inactive,XGBoost,stable_correct,molecular_weight,Molecular weight,1319.524,-1.0554797253534611,-1.7274679000034432e-05
724,SIERLLEMESL,0,Inactive,XGBoost,stable_correct,net_charge_pH7_4,Net charge (pH 7.4),-2.7434345230381263,-1.2590438503254104,-1.7274679000034432e-05
724,SIERLLEMESL,0,Inactive,XGBoost,stable_correct,isoelectric_point,Isoelectric point,4.251863670349121,-1.3885264320874788,-1.7274679000034432e-05
724,SIERLLEMESL,0,Inactive,XGBoost,stable_correct,mean_eisenberg_hydrophobicity,Mean hydrophobicity,0.0236363636363636,-0.04766431637215998,-1.7274679000034432e-05
724,SIERLLEMESL,0,Inactive,XGBoost,stable_correct,hydrophobic_moment,Hydrophobic moment,0.3480212888123008,-0.13121600228411676,-1.7274679000034432e-05
724,SIERLLEMESL,0,Inactive,XGBoost,stable_correct,boman_index,Boman index,1.8290909090909089,0.431998361974225,-1.7274679000034432e-05
728,SKDLAQTSYFMATNSLHLT,0,Inactive,XGBoost,stable_correct,length,Length,19.0,0.49355381779939633,-4.987984999993422e-05
728,SKDLAQTSYFMATNSLHLT,0,Inactive,XGBoost,stable_correct,molecular_weight,Molecular weight,2128.3613,0.419607653467837,-4.987984999993422e-05
728,SKDLAQTSYFMATNSLHLT,0,Inactive,XGBoost,stable_correct,net_charge_pH7_4,Net charge (pH 7.4),-0.7147099476278063,-0.5090260523053772,-4.987984999993422e-05
728,SKDLAQTSYFMATNSLHLT,0,Inactive,XGBoost,stable_correct,isoelectric_point,Isoelectric point,6.460228919982909,-0.5206217564020185,-4.987984999993422e-05
728,SKDLAQTSYFMATNSLHLT,0,Inactive,XGBoost,stable_correct,mean_eisenberg_hydrophobicity,Mean hydrophobicity,0.08,0.17084720354116323,-4.987984999993422e-05
728,SKDLAQTSYFMATNSLHLT,0,Inactive,XGBoost,stable_correct,hydrophobic_moment,Hydrophobic moment,0.1977067052457943,-1.043354524953152,-4.987984999993422e-05
728,SKDLAQTSYFMATNSLHLT,0,Inactive,XGBoost,stable_correct,boman_index,Boman index,1.339473684210526,0.0974940577716494,-4.987984999993422e-05
730,SKEDVERVKLRINLARNWVKKY,0,Inactive,XGBoost,stable_correct,length,Length,22.0,1.1168089877181688,-7.08990299999046e-05
730,SKEDVERVKLRINLARNWVKKY,0,Inactive,XGBoost,stable_correct,molecular_weight,Molecular weight,2745.1863000000003,1.5445196381666726,-7.08990299999046e-05
730,SKEDVERVKLRINLARNWVKKY,0,Inactive,XGBoost,stable_correct,net_charge_pH7_4,Net charge (pH 7.4),3.2433130003738584,0.9542517587659242,-7.08990299999046e-05
730,SKEDVERVKLRINLARNWVKKY,0,Inactive,XGBoost,stable_correct,isoelectric_point,Isoelectric point,10.160878181457516,0.9337621131315061,-7.08990299999046e-05
730,SKEDVERVKLRINLARNWVKKY,0,Inactive,XGBoost,stable_correct,mean_eisenberg_hydrophobicity,Mean hydrophobicity,-0.4104545454545454,-1.7305554576400912,-7.08990299999046e-05
730,SKEDVERVKLRINLARNWVKKY,0,Inactive,XGBoost,stable_correct,hydrophobic_moment,Hydrophobic moment,0.3004274041904538,-0.4200250757420118,-7.08990299999046e-05
730,SKEDVERVKLRINLARNWVKKY,0,Inactive,XGBoost,stable_correct,boman_index,Boman index,3.413636363636364,1.514552748984554,-7.08990299999046e-05
735,SKYRLTVVVAKRAQQLLRH,0,Inactive,XGBoost,stable_correct,length,Length,19.0,0.49355381779939633,0.00079802643
735,SKYRLTVVVAKRAQQLLRH,0,Inactive,XGBoost,stable_correct,molecular_weight,Molecular weight,2266.6907,0.6718808264037575,0.00079802643
735,SKYRLTVVVAKRAQQLLRH,0,Inactive,XGBoost,stable_correct,net_charge_pH7_4,Net charge (pH 7.4),4.282262620849783,1.3383505743705504,0.00079802643
735,SKYRLTVVVAKRAQQLLRH,0,Inactive,XGBoost,stable_correct,isoelectric_point,Isoelectric point,11.733906745910645,1.5519745425754374,0.00079802643
735,SKYRLTVVVAKRAQQLLRH,0,Inactive,XGBoost,stable_correct,mean_eisenberg_hydrophobicity,Mean hydrophobicity,-0.2489473684210526,-1.1044216414538248,0.00079802643
735,SKYRLTVVVAKRAQQLLRH,0,Inactive,XGBoost,stable_correct,hydrophobic_moment,Hydrophobic moment,0.4236826042240079,0.32791177377957703,0.00079802643
735,SKYRLTVVVAKRAQQLLRH,0,Inactive,XGBoost,stable_correct,boman_index,Boman index,2.4847368421052627,0.8799327390374411,0.00079802643
736,SLAEALGWLFVSEGS,0,Inactive,XGBoost,stable_correct,length,Length,15.0,-0.33745307542563363,-7.413453999993713e-05
736,SLAEALGWLFVSEGS,0,Inactive,XGBoost,stable_correct,molecular_weight,Molecular weight,1565.7211000000002,-0.6064867883160552,-7.413453999993713e-05
736,SLAEALGWLFVSEGS,0,Inactive,XGBoost,stable_correct,net_charge_pH7_4,Net charge (pH 7.4),-2.7445301657445973,-1.259448908528029,-7.413453999993713e-05
736,SLAEALGWLFVSEGS,0,Inactive,XGBoost,stable_correct,isoelectric_point,Isoelectric point,4.0500284194946286,-1.4678492515186445,-7.413453999993713e-05
736,SLAEALGWLFVSEGS,0,Inactive,XGBoost,stable_correct,mean_eisenberg_hydrophobicity,Mean hydrophobicity,0.4393333333333334,1.5639168826444887,-7.413453999993713e-05
736,SLAEALGWLFVSEGS,0,Inactive,XGBoost,stable_correct,hydrophobic_moment,Hydrophobic moment,0.1675654293457721,-1.226257728477924,-7.413453999993713e-05
736,SLAEALGWLFVSEGS,0,Inactive,XGBoost,stable_correct,boman_index,Boman index,-0.3859999999999999,-1.081341867164826,-7.413453999993713e-05
742,SMDHRIERLEYYIQLLVK,0,Inactive,XGBoost,stable_correct,length,Length,18.0,0.28580209449313887,-0.000223701208
742,SMDHRIERLEYYIQLLVK,0,Inactive,XGBoost,stable_correct,molecular_weight,Molecular weight,2306.6816000000003,0.7448127644557055,-0.000223701208
742,SMDHRIERLEYYIQLLVK,0,Inactive,XGBoost,stable_correct,net_charge_pH7_4,Net charge (pH 7.4),-0.7150242548821497,-0.5091422514374141,-0.000223701208
742,SMDHRIERLEYYIQLLVK,0,Inactive,XGBoost,stable_correct,isoelectric_point,Isoelectric point,6.480861473083496,-0.5125130029653769,-0.000223701208
742,SMDHRIERLEYYIQLLVK,0,Inactive,XGBoost,stable_correct,mean_eisenberg_hydrophobicity,Mean hydrophobicity,-0.1083333333333333,-0.5592867191799671,-0.000223701208
742,SMDHRIERLEYYIQLLVK,0,Inactive,XGBoost,stable_correct,hydrophobic_moment,Hydrophobic moment,0.4114281888244293,0.25354956557907504,-0.000223701208
742,SMDHRIERLEYYIQLLVK,0,Inactive,XGBoost,stable_correct,boman_index,Boman index,2.256666666666666,0.7241162124373292,-0.000223701208
744,SNEVMRILISRSLLQE,0,Inactive,XGBoost,stable_correct,length,Length,16.0,-0.12970135211937614,-3.4619184999917785e-05
744,SNEVMRILISRSLLQE,0,Inactive,XGBoost,stable_correct,molecular_weight,Molecular weight,1888.1934,-0.01838975106335296,-3.4619184999917785e-05
744,SNEVMRILISRSLLQE,0,Inactive,XGBoost,stable_correct,net_charge_pH7_4,Net charge (pH 7.4),-0.7424879155546473,-0.5192955440789201,-3.4619184999917785e-05
744,SNEVMRILISRSLLQE,0,Inactive,XGBoost,stable_correct,isoelectric_point,Isoelectric point,6.006426429748534,-0.6989696556806514,-3.4619184999917785e-05
744,SNEVMRILISRSLLQE,0,Inactive,XGBoost,stable_correct,mean_eisenberg_hydrophobicity,Mean hydrophobicity,-0.050625,-0.3355620548063466,-3.4619184999917785e-05
744,SNEVMRILISRSLLQE,0,Inactive,XGBoost,stable_correct,hydrophobic_moment,Hydrophobic moment,0.0864887407336609,-1.7182470565847872,-3.4619184999917785e-05
744,SNEVMRILISRSLLQE,0,Inactive,XGBoost,stable_correct,boman_index,Boman index,2.178125,0.6704568960894163,-3.4619184999917785e-05
749,SPAVQMKIKELYRRR,0,Inactive,XGBoost,stable_correct,length,Length,15.0,-0.33745307542563363,1.2373329999482152e-06
749,SPAVQMKIKELYRRR,0,Inactive,XGBoost,stable_correct,molecular_weight,Molecular weight,1875.246,-0.04200209724045297,1.2373329999482152e-06
749,SPAVQMKIKELYRRR,0,Inactive,XGBoost,stable_correct,net_charge_pH7_4,Net charge (pH 7.4),3.2467569406135803,0.9555249806248284,1.2373329999482152e-06
749,SPAVQMKIKELYRRR,0,Inactive,XGBoost,stable_correct,isoelectric_point,Isoelectric point,11.000063133239744,1.2635683096098522,1.2373329999482152e-06
749,SPAVQMKIKELYRRR,0,Inactive,XGBoost,stable_correct,mean_eisenberg_hydrophobicity,Mean hydrophobicity,-0.4686666666666666,-1.9562332155720774,1.2373329999482152e-06
749,SPAVQMKIKELYRRR,0,Inactive,XGBoost,stable_correct,hydrophobic_moment,Hydrophobic moment,0.2244687825269776,-0.8809569647456118,1.2373329999482152e-06
749,SPAVQMKIKELYRRR,0,Inactive,XGBoost,stable_correct,boman_index,Boman index,3.5806666666666667,1.6286671070109628,1.2373329999482152e-06
760,SPVVIKKRIEGLIER,0,Inactive,XGBoost,stable_correct,length,Length,15.0,-0.33745307542563363,0.000231549154
760,SPVVIKKRIEGLIER,0,Inactive,XGBoost,stable_correct,molecular_weight,Molecular weight,1737.0955000000004,-0.2939490078587582,0.000231549154
760,SPVVIKKRIEGLIER,0,Inactive,XGBoost,stable_correct,net_charge_pH7_4,Net charge (pH 7.4),1.2504084124540835,0.2174765805023605,0.000231549154
760,SPVVIKKRIEGLIER,0,Inactive,XGBoost,stable_correct,isoelectric_point,Isoelectric point,9.9841703414917,0.8643145611189744,0.000231549154
760,SPVVIKKRIEGLIER,0,Inactive,XGBoost,stable_correct,mean_eisenberg_hydrophobicity,Mean hydrophobicity,-0.1039999999999999,-0.5424871775952329,0.000231549154
760,SPVVIKKRIEGLIER,0,Inactive,XGBoost,stable_correct,hydrophobic_moment,Hydrophobic moment,0.3637639334771729,-0.03568653131188305,0.000231549154
760,SPVVIKKRIEGLIER,0,Inactive,XGBoost,stable_correct,boman_index,Boman index,1.9506666666666663,0.5150583772866257,0.000231549154
771,SSREWFSTLYRLFIG,0,Inactive,XGBoost,stable_correct,length,Length,15.0,-0.33745307542563363,-0.0007411282
771,SSREWFSTLYRLFIG,0,Inactive,XGBoost,stable_correct,molecular_weight,Molecular weight,1862.0913,-0.06599249919419645,-0.0007411282
771,SSREWFSTLYRLFIG,0,Inactive,XGBoost,stable_correct,net_charge_pH7_4,Net charge (pH 7.4),0.2517932441815258,-0.15171062147438077,-0.0007411282
771,SSREWFSTLYRLFIG,0,Inactive,XGBoost,stable_correct,isoelectric_point,Isoelectric point,8.461298179626464,0.26581398700731373,-0.0007411282
771,SSREWFSTLYRLFIG,0,Inactive,XGBoost,stable_correct,mean_eisenberg_hydrophobicity,Mean hydrophobicity,0.0813333333333333,0.17601629325954277,-0.0007411282
771,SSREWFSTLYRLFIG,0,Inactive,XGBoost,stable_correct,hydrophobic_moment,Hydrophobic moment,0.4389863892446975,0.4207781579241343,-0.0007411282
771,SSREWFSTLYRLFIG,0,Inactive,XGBoost,stable_correct,boman_index,Boman index,1.7046666666666666,0.3469922745184131,-0.0007411282
776,SVADHSYRVAFITLLLAEELKKK,0,Inactive,XGBoost,stable_correct,length,Length,23.0,1.3245607110244264,-0.00590550167
776,SVADHSYRVAFITLLLAEELKKK,0,Inactive,XGBoost,stable_correct,molecular_weight,Molecular weight,2632.0618000000004,1.3382129777474885,-0.00590550167
776,SVADHSYRVAFITLLLAEELKKK,0,Inactive,XGBoost,stable_correct,net_charge_pH7_4,Net charge (pH 7.4),0.2824952706839378,-0.14036010766329116,-0.00590550167
776,SVADHSYRVAFITLLLAEELKKK,0,Inactive,XGBoost,stable_correct,isoelectric_point,Isoelectric point,8.180731773376465,0.15554921270649508,-0.00590550167
776,SVADHSYRVAFITLLLAEELKKK,0,Inactive,XGBoost,stable_correct,mean_eisenberg_hydrophobicity,Mean hydrophobicity,0.0491304347826087,0.05117153940911182,-0.00590550167
776,SVADHSYRVAFITLLLAEELKKK,0,Inactive,XGBoost,stable_correct,hydrophobic_moment,Hydrophobic moment,0.2742425318992822,-0.5789200422931384,-0.00590550167
776,SVADHSYRVAFITLLLAEELKKK,0,Inactive,XGBoost,stable_correct,boman_index,Boman index,1.1734782608695653,-0.015913275066866343,-0.00590550167
800,TDQQKVSEIFQSSKEKLQGDAKVVSDAFK,0,Inactive,XGBoost,stable_correct,length,Length,29.0,2.5710710508619714,-9.06712999992898e-06
800,TDQQKVSEIFQSSKEKLQGDAKVVSDAFK,0,Inactive,XGBoost,stable_correct,molecular_weight,Molecular weight,3241.5598,2.4497626147595586,-9.06712999992898e-06
800,TDQQKVSEIFQSSKEKLQGDAKVVSDAFK,0,Inactive,XGBoost,stable_correct,net_charge_pH7_4,Net charge (pH 7.4),-0.8005545926952529,-0.5407627466037028,-9.06712999992898e-06
800,TDQQKVSEIFQSSKEKLQGDAKVVSDAFK,0,Inactive,XGBoost,stable_correct,isoelectric_point,Isoelectric point,5.914745140075683,-0.7350011137889219,-9.06712999992898e-06
800,TDQQKVSEIFQSSKEKLQGDAKVVSDAFK,0,Inactive,XGBoost,stable_correct,mean_eisenberg_hydrophobicity,Mean hydrophobicity,-0.2044827586206896,-0.9320404734407091,-9.06712999992898e-06
800,TDQQKVSEIFQSSKEKLQGDAKVVSDAFK,0,Inactive,XGBoost,stable_correct,hydrophobic_moment,Hydrophobic moment,0.3653732135640386,-0.02592110252802232,-9.06712999992898e-06
800,TDQQKVSEIFQSSKEKLQGDAKVVSDAFK,0,Inactive,XGBoost,stable_correct,boman_index,Boman index,2.530344827586206,0.9110919112930971,-9.06712999992898e-06
806,TEREQALAAYAEKLTRH,0,Inactive,XGBoost,stable_correct,length,Length,17.0,0.07805037118688135,-4.1868694000024576e-05
806,TEREQALAAYAEKLTRH,0,Inactive,XGBoost,stable_correct,molecular_weight,Molecular weight,1987.1773,0.16212850841418275,-4.1868694000024576e-05
806,TEREQALAAYAEKLTRH,0,Inactive,XGBoost,stable_correct,net_charge_pH7_4,Net charge (pH 7.4),-0.7566803015092654,-0.5245424574309605,-4.1868694000024576e-05
806,TEREQALAAYAEKLTRH,0,Inactive,XGBoost,stable_correct,isoelectric_point,Isoelectric point,6.434310340881347,-0.5308079590662289,-4.1868694000024576e-05
806,TEREQALAAYAEKLTRH,0,Inactive,XGBoost,stable_correct,mean_eisenberg_hydrophobicity,Mean hydrophobicity,-0.3017647058823529,-1.3091848084713729,-4.1868694000024576e-05
806,TEREQALAAYAEKLTRH,0,Inactive,XGBoost,stable_correct,hydrophobic_moment,Hydrophobic moment,0.3020019261358289,-0.4104705662121432,-4.1868694000024576e-05
806,TEREQALAAYAEKLTRH,0,Inactive,XGBoost,stable_correct,boman_index,Boman index,3.1894117647058824,1.3613635031023927,-4.1868694000024576e-05
807,TESMKTVRIREKIKKFL,0,Inactive,XGBoost,stable_correct,length,Length,17.0,0.07805037118688135,-0.0025097003799999
807,TESMKTVRIREKIKKFL,0,Inactive,XGBoost,stable_correct,molecular_weight,Molecular weight,2107.5626,0.38167678669662075,-0.0025097003799999
807,TESMKTVRIREKIKKFL,0,Inactive,XGBoost,stable_correct,net_charge_pH7_4,Net charge (pH 7.4),3.2005613110402718,0.9384464945697589,-0.0025097003799999
807,TESMKTVRIREKIKKFL,0,Inactive,XGBoost,stable_correct,isoelectric_point,Isoelectric point,10.446344184875484,1.0459524671305926,-0.0025097003799999
807,TESMKTVRIREKIKKFL,0,Inactive,XGBoost,stable_correct,mean_eisenberg_hydrophobicity,Mean hydrophobicity,-0.348235294117647,-1.489342788361959,-0.0025097003799999
807,TESMKTVRIREKIKKFL,0,Inactive,XGBoost,stable_correct,hydrophobic_moment,Hydrophobic moment,0.300364596786848,-0.4204062034475101,-0.0025097003799999
807,TESMKTVRIREKIKKFL,0,Inactive,XGBoost,stable_correct,boman_index,Boman index,2.9452941176470584,1.1945834154677482,-0.0025097003799999
817,TIEEFHSKLQEATN,0,Inactive,XGBoost,stable_correct,length,Length,14.0,-0.5452047987318911,-2.279093500001661e-05
817,TIEEFHSKLQEATN,0,Inactive,XGBoost,stable_correct,molecular_weight,Molecular weight,1646.7527000000002,-0.45870837794143976,-2.279093500001661e-05
817,TIEEFHSKLQEATN,0,Inactive,XGBoost,stable_correct,net_charge_pH7_4,Net charge (pH 7.4),-2.7541244723752327,-1.2629959157560469,-2.279093500001661e-05
817,TIEEFHSKLQEATN,0,Inactive,XGBoost,stable_correct,isoelectric_point,Isoelectric point,4.748295402526855,-1.1934249100058685,-2.279093500001661e-05
817,TIEEFHSKLQEATN,0,Inactive,XGBoost,stable_correct,mean_eisenberg_hydrophobicity,Mean hydrophobicity,-0.1221428571428571,-0.6128237198346139,-2.279093500001661e-05
817,TIEEFHSKLQEATN,0,Inactive,XGBoost,stable_correct,hydrophobic_moment,Hydrophobic moment,0.4488485131216769,0.48062346960373514,-2.279093500001661e-05
817,TIEEFHSKLQEATN,0,Inactive,XGBoost,stable_correct,boman_index,Boman index,2.623571428571428,0.9747839092683552,-2.279093500001661e-05
824,TKGEREMIVVATSAAN,0,Inactive,XGBoost,stable_correct,length,Length,16.0,-0.12970135211937614,-5.360249170005549e-05
824,TKGEREMIVVATSAAN,0,Inactive,XGBoost,stable_correct,molecular_weight,Molecular weight,1676.8896,-0.4037473112018134,-5.360249170005549e-05
824,TKGEREMIVVATSAAN,0,Inactive,XGBoost,stable_correct,net_charge_pH7_4,Net charge (pH 7.4),-0.791896792724498,-0.5375619651134652,-5.360249170005549e-05
824,TKGEREMIVVATSAAN,0,Inactive,XGBoost,stable_correct,isoelectric_point,Isoelectric point,5.8100477218627935,-0.776148011393035,-5.360249170005549e-05
824,TKGEREMIVVATSAAN,0,Inactive,XGBoost,stable_correct,mean_eisenberg_hydrophobicity,Mean hydrophobicity,0.0024999999999999,-0.1296061363396564,-5.360249170005549e-05
824,TKGEREMIVVATSAAN,0,Inactive,XGBoost,stable_correct,hydrophobic_moment,Hydrophobic moment,0.3559372192468615,-0.08318057604128408,-5.360249170005549e-05
824,TKGEREMIVVATSAAN,0,Inactive,XGBoost,stable_correct,boman_index,Boman index,1.721875,0.3587489310975581,-5.360249170005549e-05
837,TPEKRVDRIFAMMD,0,Inactive,XGBoost,stable_correct,length,Length,14.0,-0.5452047987318911,-4.142616900004725e-05
837,TPEKRVDRIFAMMD,0,Inactive,XGBoost,stable_correct,molecular_weight,Molecular weight,1708.9991999999995,-0.34518860514436567,-4.142616900004725e-05
837,TPEKRVDRIFAMMD,0,Inactive,XGBoost,stable_correct,net_charge_pH7_4,Net charge (pH 7.4),-0.7908803922956475,-0.537186202715359,-4.142616900004725e-05
837,TPEKRVDRIFAMMD,0,Inactive,XGBoost,stable_correct,isoelectric_point,Isoelectric point,5.894453620910644,-0.7429758382431394,-4.142616900004725e-05
837,TPEKRVDRIFAMMD,0,Inactive,XGBoost,stable_correct,mean_eisenberg_hydrophobicity,Mean hydrophobicity,-0.2407142857142857,-1.072503484076236,-4.142616900004725e-05
837,TPEKRVDRIFAMMD,0,Inactive,XGBoost,stable_correct,hydrophobic_moment,Hydrophobic moment,0.4639904288196316,0.5725075987907118,-4.142616900004725e-05
837,TPEKRVDRIFAMMD,0,Inactive,XGBoost,stable_correct,boman_index,Boman index,3.125714285714285,1.3178456695646779,-4.142616900004725e-05
848,TQDLRSHLVHKLVQAIF,0,Inactive,XGBoost,stable_correct,length,Length,17.0,0.07805037118688135,-0.000154712704
848,TQDLRSHLVHKLVQAIF,0,Inactive,XGBoost,stable_correct,molecular_weight,Molecular weight,2005.323,0.19522106367823605,-0.000154712704
848,TQDLRSHLVHKLVQAIF,0,Inactive,XGBoost,stable_correct,net_charge_pH7_4,Net charge (pH 7.4),0.2795610519029115,-0.14144488592039356,-0.000154712704
848,TQDLRSHLVHKLVQAIF,0,Inactive,XGBoost,stable_correct,isoelectric_point,Isoelectric point,8.465617561340334,0.26751153753078794,-0.000154712704
848,TQDLRSHLVHKLVQAIF,0,Inactive,XGBoost,stable_correct,mean_eisenberg_hydrophobicity,Mean hydrophobicity,0.0641176470588235,0.10927422307222862,-0.000154712704
848,TQDLRSHLVHKLVQAIF,0,Inactive,XGBoost,stable_correct,hydrophobic_moment,Hydrophobic moment,0.2033235621471079,-1.009270330096964,-0.000154712704
848,TQDLRSHLVHKLVQAIF,0,Inactive,XGBoost,stable_correct,boman_index,Boman index,1.353529411764706,0.1070968681440187,-0.000154712704
852,TRELAYMIKKA,0,Inactive,XGBoost,stable_correct,length,Length,11.0,-1.1684599686506636,-3.1777604199922926e-05
852,TRELAYMIKKA,0,Inactive,XGBoost,stable_correct,molecular_weight,Molecular weight,1323.6037,-1.0480395220154384,-3.1777604199922926e-05
852,TRELAYMIKKA,0,Inactive,XGBoost,stable_correct,net_charge_pH7_4,Net charge (pH 7.4),1.2019712610010869,0.199569405661837,-3.1777604199922926e-05
852,TRELAYMIKKA,0,Inactive,XGBoost,stable_correct,isoelectric_point,Isoelectric point,9.696641349792484,0.7513134367206181,-3.1777604199922926e-05
852,TRELAYMIKKA,0,Inactive,XGBoost,stable_correct,mean_eisenberg_hydrophobicity,Mean hydrophobicity,-0.1499999999999999,-0.7208207728793321,-3.1777604199922926e-05
852,TRELAYMIKKA,0,Inactive,XGBoost,stable_correct,hydrophobic_moment,Hydrophobic moment,0.6474825656222266,1.6859740543622084,-3.1777604199922926e-05
852,TRELAYMIKKA,0,Inactive,XGBoost,stable_correct,boman_index,Boman index,1.7936363636363637,0.4077759746572987,-3.1777604199922926e-05
861,TVLAALFLAGS,0,Inactive,XGBoost,stable_correct,length,Length,11.0,-1.1684599686506636,0.0001756639
861,TVLAALFLAGS,0,Inactive,XGBoost,stable_correct,molecular_weight,Molecular weight,1062.2591,-1.524657156962665,0.0001756639
861,TVLAALFLAGS,0,Inactive,XGBoost,stable_correct,net_charge_pH7_4,Net charge (pH 7.4),-0.7916076037035273,-0.5374550521715366,0.0001756639
861,TVLAALFLAGS,0,Inactive,XGBoost,stable_correct,isoelectric_point,Isoelectric point,5.184989356994628,-1.0218007980121642,0.0001756639
861,TVLAALFLAGS,0,Inactive,XGBoost,stable_correct,mean_eisenberg_hydrophobicity,Mean hydrophobicity,0.700909090909091,2.577998301941158,0.0001756639
861,TVLAALFLAGS,0,Inactive,XGBoost,stable_correct,hydrophobic_moment,Hydrophobic moment,0.1322428000682591,-1.4406024056310984,0.0001756639
861,TVLAALFLAGS,0,Inactive,XGBoost,stable_correct,boman_index,Boman index,-2.016363636363636,-2.195199031630875,0.0001756639
862,TYYAKDIAFQFWKM,0,Inactive,XGBoost,stable_correct,length,Length,14.0,-0.5452047987318911,0.0071159497199999
862,TYYAKDIAFQFWKM,0,Inactive,XGBoost,stable_correct,molecular_weight,Molecular weight,1812.0937,-0.15717378958641245,0.0071159497199999
862,TYYAKDIAFQFWKM,0,Inactive,XGBoost,stable_correct,net_charge_pH7_4,Net charge (pH 7.4),0.1988165097823344,-0.171296076376428,0.0071159497199999
862,TYYAKDIAFQFWKM,0,Inactive,XGBoost,stable_correct,isoelectric_point,Isoelectric point,8.101113319396973,0.12425854260964042,0.0071159497199999
862,TYYAKDIAFQFWKM,0,Inactive,XGBoost,stable_correct,mean_eisenberg_hydrophobicity,Mean hydrophobicity,0.1578571428571428,0.4726851210251196,0.0071159497199999
862,TYYAKDIAFQFWKM,0,Inactive,XGBoost,stable_correct,hydrophobic_moment,Hydrophobic moment,0.3612813951474126,-0.05075106324783411,0.0071159497199999
862,TYYAKDIAFQFWKM,0,Inactive,XGBoost,stable_correct,boman_index,Boman index,0.6449999999999999,-0.3769672657256905,0.0071159497199999
866,VEAIEALLKGN,0,Inactive,XGBoost,stable_correct,length,Length,11.0,-1.1684599686506636,0.0001078625599999
866,VEAIEALLKGN,0,Inactive,XGBoost,stable_correct,molecular_weight,Molecular weight,1156.3291,-1.3531004424964561,0.0001078625599999
866,VEAIEALLKGN,0,Inactive,XGBoost,stable_correct,net_charge_pH7_4,Net charge (pH 7.4),-1.4771132496853774,-0.7908859226610016,0.0001078625599999
866,VEAIEALLKGN,0,Inactive,XGBoost,stable_correct,isoelectric_point,Isoelectric point,4.531284141540527,-1.278712019154894,0.0001078625599999
866,VEAIEALLKGN,0,Inactive,XGBoost,stable_correct,mean_eisenberg_hydrophobicity,Mean hydrophobicity,0.2418181818181818,0.7981867284536067,0.0001078625599999
866,VEAIEALLKGN,0,Inactive,XGBoost,stable_correct,hydrophobic_moment,Hydrophobic moment,0.3881093534819914,0.11204627617799778,0.0001078625599999
866,VEAIEALLKGN,0,Inactive,XGBoost,stable_correct,boman_index,Boman index,0.2227272727272725,-0.6654621095388276,0.0001078625599999
871,VIDPLHTHLTRLVAAYTG,0,Inactive,XGBoost,stable_correct,length,Length,18.0,0.28580209449313887,-0.000386898784
871,VIDPLHTHLTRLVAAYTG,0,Inactive,XGBoost,stable_correct,molecular_weight,Molecular weight,1977.2666000000004,0.14405423255513944,-0.000386898784
871,VIDPLHTHLTRLVAAYTG,0,Inactive,XGBoost,stable_correct,net_charge_pH7_4,Net charge (pH 7.4),-0.4056805232913409,-0.39477812965803816,-0.000386898784
871,VIDPLHTHLTRLVAAYTG,0,Inactive,XGBoost,stable_correct,isoelectric_point,Isoelectric point,6.890386390686037,-0.3515665332381031,-0.000386898784
871,VIDPLHTHLTRLVAAYTG,0,Inactive,XGBoost,stable_correct,mean_eisenberg_hydrophobicity,Mean hydrophobicity,0.2583333333333333,0.862212953374446,-0.000386898784
871,VIDPLHTHLTRLVAAYTG,0,Inactive,XGBoost,stable_correct,hydrophobic_moment,Hydrophobic moment,0.3725759883322091,0.01778675455591778,-0.000386898784
871,VIDPLHTHLTRLVAAYTG,0,Inactive,XGBoost,stable_correct,boman_index,Boman index,0.4716666666666665,-0.4953878259417755,-0.000386898784
872,VKYAVFEAALTKAITAMSEVQKVSQ,0,Inactive,XGBoost,stable_correct,length,Length,25.0,1.7400641576369413,-0.0005950720599999
872,VKYAVFEAALTKAITAMSEVQKVSQ,0,Inactive,XGBoost,stable_correct,molecular_weight,Molecular weight,2713.1527,1.486099534323526,-0.0005950720599999
872,VKYAVFEAALTKAITAMSEVQKVSQ,0,Inactive,XGBoost,stable_correct,net_charge_pH7_4,Net charge (pH 7.4),0.5153699723127652,-0.054266523030246844,-0.0005950720599999
872,VKYAVFEAALTKAITAMSEVQKVSQ,0,Inactive,XGBoost,stable_correct,isoelectric_point,Isoelectric point,8.402438545227053,0.24268169405312193,-0.0005950720599999
872,VKYAVFEAALTKAITAMSEVQKVSQ,0,Inactive,XGBoost,stable_correct,mean_eisenberg_hydrophobicity,Mean hydrophobicity,0.1584,0.4747896789818888,-0.0005950720599999
872,VKYAVFEAALTKAITAMSEVQKVSQ,0,Inactive,XGBoost,stable_correct,hydrophobic_moment,Hydrophobic moment,0.1890581515164004,-1.0958356537616738,-0.0005950720599999
872,VKYAVFEAALTKAITAMSEVQKVSQ,0,Inactive,XGBoost,stable_correct,boman_index,Boman index,0.522,-0.46100031710979683,-0.0005950720599999
873,VLSFKTGIISL,0,Inactive,XGBoost,stable_correct,length,Length,11.0,-1.1684599686506636,0.1304472428999999
873,VLSFKTGIISL,0,Inactive,XGBoost,stable_correct,molecular_weight,Molecular weight,1177.4326,-1.3146137078973525,0.1304472428999999
873,VLSFKTGIISL,0,Inactive,XGBoost,stable_correct,net_charge_pH7_4,Net charge (pH 7.4),0.5206452284349337,-0.05231626520387813,0.1304472428999999
873,VLSFKTGIISL,0,Inactive,XGBoost,stable_correct,isoelectric_point,Isoelectric point,8.720009803771973,0.36748966239085873,0.1304472428999999
873,VLSFKTGIISL,0,Inactive,XGBoost,stable_correct,mean_eisenberg_hydrophobicity,Mean hydrophobicity,0.5336363636363636,1.9295125009080696,0.1304472428999999
873,VLSFKTGIISL,0,Inactive,XGBoost,stable_correct,hydrophobic_moment,Hydrophobic moment,0.2458539503913091,-0.7511875507607727,0.1304472428999999
873,VLSFKTGIISL,0,Inactive,XGBoost,stable_correct,boman_index,Boman index,-1.1563636363636365,-1.6076508674818384,0.1304472428999999
875,VMGQNLILNMND,0,Inactive,XGBoost,stable_correct,length,Length,12.0,-0.9607082453444061,-0.000447713723
875,VMGQNLILNMND,0,Inactive,XGBoost,stable_correct,molecular_weight,Molecular weight,1361.5867999999998,-0.9787692356197601,-0.000447713723
875,VMGQNLILNMND,0,Inactive,XGBoost,stable_correct,net_charge_pH7_4,Net charge (pH 7.4),-1.4751333834507174,-0.7901539677511569,-0.000447713723
875,VMGQNLILNMND,0,Inactive,XGBoost,stable_correct,isoelectric_point,Isoelectric point,4.299324226379395,-1.3698740653668302,-0.000447713723
875,VMGQNLILNMND,0,Inactive,XGBoost,stable_correct,mean_eisenberg_hydrophobicity,Mean hydrophobicity,0.1974999999999999,0.6263732349733726,-0.000447713723
875,VMGQNLILNMND,0,Inactive,XGBoost,stable_correct,hydrophobic_moment,Hydrophobic moment,0.2327799261678554,-0.8305233068635325,-0.000447713723
875,VMGQNLILNMND,0,Inactive,XGBoost,stable_correct,boman_index,Boman index,0.8116666666666665,-0.26310134244099354,-0.000447713723
880,VPMQRVLKYHLLLQELVK,0,Inactive,XGBoost,stable_correct,length,Length,18.0,0.28580209449313887,-0.003991469693
880,VPMQRVLKYHLLLQELVK,0,Inactive,XGBoost,stable_correct,molecular_weight,Molecular weight,2207.7227000000003,0.5643400978118217,-0.003991469693
880,VPMQRVLKYHLLLQELVK,0,Inactive,XGBoost,stable_correct,net_charge_pH7_4,Net charge (pH 7.4),1.5533561269828802,0.3294761000626409,-0.003991469693
880,VPMQRVLKYHLLLQELVK,0,Inactive,XGBoost,stable_correct,isoelectric_point,Isoelectric point,9.69941349029541,0.7524029094446364,-0.003991469693
880,VPMQRVLKYHLLLQELVK,0,Inactive,XGBoost,stable_correct,mean_eisenberg_hydrophobicity,Mean hydrophobicity,0.0822222222222222,0.17946235307179592,-0.003991469693
880,VPMQRVLKYHLLLQELVK,0,Inactive,XGBoost,stable_correct,hydrophobic_moment,Hydrophobic moment,0.2871435926202673,-0.500633862817437,-0.003991469693
880,VPMQRVLKYHLLLQELVK,0,Inactive,XGBoost,stable_correct,boman_index,Boman index,0.5355555555555556,-0.45173922201597483,-0.003991469693
881,VQEVNRFIKAFEEMKALMKSL,0,Inactive,XGBoost,stable_correct,length,Length,21.0,0.9090572644119114,9.342325999994738e-05
881,VQEVNRFIKAFEEMKALMKSL,0,Inactive,XGBoost,stable_correct,molecular_weight,Molecular weight,2511.9992,1.119253211761832,9.342325999994738e-05
881,VQEVNRFIKAFEEMKALMKSL,0,Inactive,XGBoost,stable_correct,net_charge_pH7_4,Net charge (pH 7.4),0.5189712076865218,-0.05293514929035387,9.342325999994738e-05
881,VQEVNRFIKAFEEMKALMKSL,0,Inactive,XGBoost,stable_correct,isoelectric_point,Isoelectric point,8.468325233459474,0.2685756736798305,9.342325999994738e-05
881,VQEVNRFIKAFEEMKALMKSL,0,Inactive,XGBoost,stable_correct,mean_eisenberg_hydrophobicity,Mean hydrophobicity,-0.0147619047619047,-0.19652738715796417,9.342325999994738e-05
881,VQEVNRFIKAFEEMKALMKSL,0,Inactive,XGBoost,stable_correct,hydrophobic_moment,Hydrophobic moment,0.4074830468325435,0.229609666317031,9.342325999994738e-05
881,VQEVNRFIKAFEEMKALMKSL,0,Inactive,XGBoost,stable_correct,boman_index,Boman index,1.4504761904761905,0.17333047494878095,9.342325999994738e-05
894,YKEPLKAVVKKLLEKE,0,Inactive,XGBoost,stable_correct,length,Length,16.0,-0.12970135211937614,-0.00018656805
894,YKEPLKAVVKKLLEKE,0,Inactive,XGBoost,stable_correct,molecular_weight,Molecular weight,1915.3199,0.031081209019219534,-0.00018656805
894,YKEPLKAVVKKLLEKE,0,Inactive,XGBoost,stable_correct,net_charge_pH7_4,Net charge (pH 7.4),1.5478740810394656,0.3274493922103476,-0.00018656805
894,YKEPLKAVVKKLLEKE,0,Inactive,XGBoost,stable_correct,isoelectric_point,Isoelectric point,9.308992958068847,0.5989646113826513,-0.00018656805
894,YKEPLKAVVKKLLEKE,0,Inactive,XGBoost,stable_correct,mean_eisenberg_hydrophobicity,Mean hydrophobicity,-0.20125,-0.9195076589295517,-0.00018656805
894,YKEPLKAVVKKLLEKE,0,Inactive,XGBoost,stable_correct,hydrophobic_moment,Hydrophobic moment,0.3384863985687636,-0.1890755957726181,-0.00018656805
894,YKEPLKAVVKKLLEKE,0,Inactive,XGBoost,stable_correct,boman_index,Boman index,1.479375,0.19307401271832403,-0.00018656805
