dimension_index_zero_based,dimension_name,overall_mean,overall_sd,overall_variance,overall_minimum,overall_maximum,overall_range,development_mean,development_sd,constant_overall,near_zero_sd_overall
0,esm2_0001,0.009559109922783754,0.04864773912415086,0.0023666025218914383,-0.13220215,0.18823242,0.32043457,0.010828641884856754,0.04834026044718889,False,False
1,esm2_0002,0.02371717326252098,0.047084176195465774,0.002216919648005666,-0.17956543,0.1616211,0.34118652,0.025756149573458564,0.04644393711497257,False,False
2,esm2_0003,0.018844665353755972,0.08826449380546017,0.007790620866734117,-0.24291992,0.21472168,0.4576416,0.020684974723392063,0.08680904168484964,False,False
3,esm2_0004,0.06733887163833296,0.06257919525663662,0.003916155678968252,-0.1116333,0.24389648,0.3555298,0.06836507933007346,0.061978944453794135,False,False
4,esm2_0005,0.009351955534483035,0.07937536536898424,0.0063004486274597414,-0.2607422,0.28564453,0.5463867,0.008170197738541498,0.07838435461118777,False,False
5,esm2_0006,-0.042215673164045904,0.05243799040430533,0.0027497428376420177,-0.21057129,0.13000488,0.34057617,-0.04314988834990396,0.052368794230769296,False,False
6,esm2_0007,-0.10976541690635892,0.05126526551411336,0.0026281274482325406,-0.27270508,0.052215576,0.32492065,-0.11023700899548,0.05118734472099424,False,False
7,esm2_0008,0.11924829500232235,0.08724903571991434,0.007612394234054887,-0.17419434,0.45410156,0.6282959,0.12045618568857511,0.08906861824026686,False,False
8,esm2_0009,0.08598079639058002,0.08992932317285841,0.008087283166328408,-0.18444824,0.25732422,0.44177246,0.08710524638493856,0.08797060251074972,False,False
9,esm2_0010,-0.06583569138481403,0.053570149505142245,0.0028697609180032917,-0.2553711,0.10723877,0.36260986,-0.06623592608504825,0.053642692455639115,False,False
10,esm2_0011,0.01813669282773491,0.044535574987911504,0.0019834174395038885,-0.19946289,0.17224121,0.3717041,0.018997388167513743,0.043937846141988895,False,False
11,esm2_0012,-0.03371159879534147,0.05936444983529892,0.003524137904247722,-0.23596191,0.123535156,0.35949707,-0.032112845447328356,0.05758741142952077,False,False
12,esm2_0013,0.06815021925840473,0.05870793937533091,0.00344662214569753,-0.124816895,0.28955078,0.41436768,0.06874738542570008,0.05821982772090666,False,False
13,esm2_0014,0.11096278094292746,0.05362993099742249,0.0028761694987882976,-0.05508423,0.28393555,0.33901978,0.11104134586122301,0.054104364376147344,False,False
14,esm2_0015,-0.016679705909301384,0.0386856722412502,0.0014965812367574362,-0.2055664,0.088378906,0.2939453,-0.01622858221332232,0.03867357676459845,False,False
15,esm2_0016,0.02878872787251192,0.0668785355439546,0.004472738516504,-0.15478516,0.23510742,0.38989258,0.02898415368464258,0.0679287470788267,False,False
16,esm2_0017,0.009250382009012983,0.06817308942413015,0.004647570121630447,-0.26245117,0.1652832,0.42773438,0.010282727082570393,0.06811130279857813,False,False
17,esm2_0018,0.03478030789308622,0.04194556204591264,0.0017594301753475071,-0.10473633,0.15014648,0.2548828,0.034525084247191744,0.04184205372672081,False,False
18,esm2_0019,0.019237132964203017,0.04759744973569608,0.002265517221342115,-0.14404297,0.16210938,0.30615234,0.0189444517923726,0.04803116791127863,False,False
19,esm2_0020,0.0036475881355319513,0.06033758986599909,0.003640624750837516,-0.14782715,0.27783203,0.42565918,0.0031726145909892188,0.06127670153386719,False,False
20,esm2_0021,0.026341293416462516,0.0791583476910228,0.006266044009172854,-0.21691895,0.2220459,0.43896484,0.027928405503431956,0.07805315004787321,False,False
21,esm2_0022,0.0066627002715005995,0.05062337786206711,0.0025627263861656264,-0.16320801,0.14770508,0.3109131,0.006096578886111577,0.0506842193207898,False,False
22,esm2_0023,-0.042181410284074114,0.03896934841070326,0.0015186101155547805,-0.19335938,0.1427002,0.33605957,-0.04155072495341301,0.03954141081972565,False,False
23,esm2_0024,-0.0033953758111672184,0.04856261088409793,0.002358327175880307,-0.1586914,0.1965332,0.3552246,-0.003299272143178516,0.04910910642365604,False,False
24,esm2_0025,0.12241245374563135,0.06873457270428258,0.004724441484840308,-0.19592285,0.28686523,0.4827881,0.12243503597047593,0.0687878518759892,False,False
25,esm2_0026,0.0063474338406595615,0.08175893446968345,0.006684523365617994,-0.17773438,0.24328613,0.4210205,0.004600002202722761,0.08092961764173633,False,False
26,esm2_0027,-0.02968733649407322,0.050876032982055897,0.0025883707319912393,-0.19091797,0.12402344,0.3149414,-0.029306512739923265,0.05070527791931545,False,False
27,esm2_0028,-0.03291926399849099,0.05638997784799976,0.0031798296016979036,-0.23413086,0.1274414,0.36157227,-0.033302807807922365,0.05565910012611457,False,False
28,esm2_0029,-0.008207873221110556,0.04759392687942622,0.0022651818758041694,-0.2376709,0.15441895,0.39208984,-0.008484412812524371,0.04787696282156812,False,False
29,esm2_0030,-0.2061593482285308,0.05164985537232456,0.0026677075599820443,-0.4074707,0.028198242,0.43566895,-0.20664838155110676,0.0515040147299939,False,False
30,esm2_0031,-0.037381315535631086,0.05736233211886249,0.0032904371461146835,-0.2043457,0.15783691,0.36218262,-0.038077478855848314,0.0570370931158986,False,False
31,esm2_0032,0.09521222379178504,0.06543203518586545,0.004281351228564334,-0.17993164,0.26416016,0.4440918,0.09370130532317691,0.06604234927915617,False,False
32,esm2_0033,0.11755337222964067,0.04576817716403269,0.0020947260409182834,-0.057617188,0.25854492,0.3161621,0.11681778166029189,0.04557040004591072,False,False
33,esm2_0034,-0.05338188969467112,0.05656153171729355,0.0031992068702064043,-0.22229004,0.107055664,0.3293457,-0.0523298806614346,0.055941828846069526,False,False
34,esm2_0035,0.014177051421407854,0.04509642459649291,0.00203368751138717,-0.14111328,0.19360352,0.3347168,0.014120179745886061,0.04571834409850969,False,False
35,esm2_0036,0.04097420129342032,0.044281622752385535,0.001960862113584588,-0.15246582,0.21765137,0.3701172,0.04129955669244131,0.04412177708151527,False,False
36,esm2_0037,-0.08226065683311945,0.09686989434711675,0.00938377643082156,-0.3088379,0.20324707,0.51208496,-0.08339247703552247,0.0949715739014421,False,False
37,esm2_0038,0.0025567403776399567,0.08901539993503489,0.00792374142559421,-0.13977051,0.29003906,0.42980957,0.0005048779977692499,0.0873017584682047,False,False
38,esm2_0039,0.04017307140454071,0.05707748090100868,0.00325783882600501,-0.23046875,0.19372559,0.42419434,0.04070018223590321,0.05667597324056769,False,False
39,esm2_0040,-0.10640283033135993,0.07478386439804546,0.005592626374305252,-0.32910156,0.06817627,0.39727783,-0.10420585506492192,0.07395922339385216,False,False
40,esm2_0041,-0.0555760680504565,0.044734838715885065,0.0020012057949362495,-0.21520996,0.11273193,0.3279419,-0.055693444609642026,0.04517788542618613,False,False
41,esm2_0042,0.0006639968674137907,0.04143488497718153,0.0017168496930722635,-0.14355469,0.2052002,0.34875488,1.6125953859753077e-05,0.041949401469689764,False,False
42,esm2_0043,0.02384737481287661,0.05139208632106501,0.0026411465364317975,-0.20361328,0.24145508,0.44506836,0.023256678299771415,0.051905374019714505,False,False
43,esm2_0044,-0.025301885790089258,0.04878587364617379,0.002380061467420434,-0.20837402,0.15966797,0.368042,-0.024798103339142268,0.0483727373400062,False,False
44,esm2_0045,0.0042369530415296815,0.046753642641225224,0.0021859031002233937,-0.1862793,0.18615723,0.37243652,0.003985875265465843,0.045537849873332994,False,False
45,esm2_0046,-0.05719732312065912,0.04337938007319253,0.0018817706155344934,-0.23571777,0.10546875,0.34118652,-0.05678073035346137,0.044219865385639365,False,False
46,esm2_0047,0.0038075486774846795,0.06375495904688461,0.004064694803069934,-0.32543945,0.24865723,0.5740967,0.003802186581823561,0.06364282434811529,False,False
47,esm2_0048,0.07879246458758525,0.056717533704052456,0.003216878629470326,-0.20593262,0.23535156,0.44128418,0.07890538109673394,0.05765273532892681,False,False
48,esm2_0049,0.006903468504068457,0.05710685927816436,0.003261193376616067,-0.18603516,0.18786621,0.37390137,0.005672610633903079,0.05558343309182737,False,False
49,esm2_0050,-0.11595123496886496,0.06080009520994257,0.003696651577538081,-0.2722168,0.095825195,0.368042,-0.11592551403575474,0.06066584590346915,False,False
50,esm2_0051,0.021584099193788925,0.042485402634551056,0.0018050094370199176,-0.12866211,0.14208984,0.27075195,0.02175817506180869,0.04326752025224102,False,False
51,esm2_0052,0.05803797909210578,0.052970202978140465,0.002805842403545401,-0.12463379,0.3203125,0.4449463,0.05714357958899604,0.053114534312788925,False,False
52,esm2_0053,-0.02544061986772916,0.07444429197357846,0.005541952607447399,-0.20141602,0.28588867,0.4873047,-0.02654510537783305,0.07530058004147236,False,False
53,esm2_0054,0.03719229723319626,0.04232956961293317,0.001791792463616155,-0.12060547,0.21350098,0.33410645,0.0379336330625746,0.042417756640728645,False,False
54,esm2_0055,-0.008960109175111556,0.08619169938642338,0.007429009043119577,-0.22851562,0.24768066,0.4761963,-0.010383558604452345,0.08548268932210056,False,False
55,esm2_0056,0.04096521534745093,0.050468773221076395,0.002547097070440438,-0.2553711,0.20117188,0.45654297,0.040731790827380286,0.05105329281742069,False,False
56,esm2_0057,0.03503273938525133,0.060510361607580214,0.003661503861880117,-0.13317871,0.2397461,0.3729248,0.034325220187505084,0.06055794772133328,False,False
57,esm2_0058,0.11592114964018387,0.04232032542969908,0.0017910099444756345,-0.041259766,0.31152344,0.3527832,0.11656937864091661,0.042216585622090116,False,False
58,esm2_0059,-0.09226281992206298,0.06285817932898206,0.003951150708554467,-0.23474121,0.3713379,0.6060791,-0.09304292781485451,0.06421326743683449,False,False
59,esm2_0060,-0.01906795811309137,0.041605265154470626,0.0017309980885738074,-0.13623047,0.2442627,0.38049316,-0.019304977688524457,0.04175308149766868,False,False
60,esm2_0061,0.007631754901644657,0.1278010200473969,0.016333100725155147,-0.35375977,0.20568848,0.55944824,0.010916509893205431,0.12576141859722234,False,False
61,esm2_0062,0.11155620769708191,0.06206955946180943,0.003852630211783096,-0.051086426,0.31982422,0.37091064,0.1105656690067715,0.0619112535081334,False,False
62,esm2_0063,0.020118321880251665,0.03781620207423428,0.001430065139319321,-0.18188477,0.13330078,0.31518555,0.020089179939693873,0.03706225994379756,False,False
63,esm2_0064,0.04821741144347535,0.05105655866469221,0.0026067721826811578,-0.10229492,0.21350098,0.3157959,0.04776661263571845,0.049832863403611344,False,False
64,esm2_0065,-0.004524507414090647,0.0451511742241843,0.0020386285338226447,-0.15942383,0.11895752,0.27838135,-0.004871458063522975,0.045146545294149534,False,False
65,esm2_0066,0.04455799300980224,0.05160910345773034,0.002663499559710714,-0.103271484,0.32714844,0.43041992,0.04428253976835145,0.05303457683088733,False,False
66,esm2_0067,0.07958201774614103,0.052925786189378904,0.0028011388437638508,-0.1697998,0.24938965,0.41918945,0.07889109982384576,0.052171558032577815,False,False
67,esm2_0068,-0.051611674877170985,0.056871420811425155,0.003234358505110202,-0.2553711,0.111572266,0.36694336,-0.05211011701160007,0.05699597279454246,False,False
68,esm2_0069,-0.07397351803446187,0.05043690742495123,0.0025438816305931007,-0.2763672,0.1048584,0.3812256,-0.0738543474011951,0.05141076612370353,False,False
69,esm2_0070,0.0007340580588837178,0.04935129690143274,0.0024355505058533643,-0.15820312,0.17077637,0.3289795,-0.00037789237168100147,0.05045596346012652,False,False
70,esm2_0071,0.03963579851038316,0.037216154943441916,0.0013850421887742763,-0.09020996,0.18139648,0.27160645,0.03989653289318085,0.03734494684117375,False,False
71,esm2_0072,-0.0050552063326989105,0.04200188207639119,0.0017641580979590712,-0.16638184,0.1472168,0.31359863,-0.005492961075570848,0.041859298045677666,False,False
72,esm2_0073,-0.013716924402213653,0.044819187620324684,0.0020087595789458654,-0.31518555,0.1763916,0.49157715,-0.014540565262238184,0.044931760486284826,False,False
73,esm2_0074,0.06068497730809761,0.0903636934551156,0.008165597094850104,-0.2154541,0.2619629,0.477417,0.062350757254494564,0.0900483703615604,False,False
74,esm2_0075,0.02888256741416838,0.0468566965695143,0.002195550013407533,-0.2265625,0.1829834,0.4095459,0.02892348716656367,0.046705949405248956,False,False
75,esm2_0076,-0.010616082528587452,0.044132876075073976,0.0019477107506578372,-0.18200684,0.11022949,0.29223633,-0.010120189272695118,0.04420321396614676,False,False
76,esm2_0077,-0.08705432301223874,0.04301850319543515,0.0018505916171756638,-0.21704102,0.13232422,0.34936523,-0.08839242855707805,0.04206141967432825,False,False
77,esm2_0078,0.02594209815500579,0.10092439605335585,0.01018573371873463,-0.15075684,0.44189453,0.59265137,0.024961346553431615,0.10080829566400787,False,False
78,esm2_0079,-0.04999421148268417,0.055251325918341435,0.0030527090157347883,-0.21765137,0.18395996,0.40161133,-0.04914200570848253,0.05595821520105388,False,False
79,esm2_0080,0.030976203384992154,0.05200201514125139,0.0027042095787509386,-0.16662598,0.18664551,0.35327148,0.028868625230259366,0.051391158226816586,False,False
80,esm2_0081,-0.02408823361010451,0.05716944531547917,0.003268345477679563,-0.1932373,0.2409668,0.4342041,-0.025310160054100885,0.05722756867863321,False,False
81,esm2_0082,0.0028655208175904744,0.04234639426091759,0.001793217106901074,-0.11187744,0.13134766,0.2432251,0.003613184475236469,0.0417924352291998,False,False
82,esm2_0083,0.06559345883613951,0.053581470477056616,0.0028709739784836897,-0.19616699,0.24414062,0.44030762,0.0655700362390942,0.05274328580941811,False,False
83,esm2_0084,0.08655253790327234,0.04934328564569932,0.0024347598383130764,-0.10418701,0.23388672,0.33807373,0.08598005175590515,0.04914259279801652,False,False
84,esm2_0085,0.13698067913838682,0.0731277550521999,0.005347668558974548,-0.3425293,0.3071289,0.6496582,0.1364022864235772,0.07188274104642843,False,False
85,esm2_0086,-0.01387027868552425,0.04244950465065806,0.0018019604450862405,-0.15722656,0.1126709,0.26989746,-0.01286869015958574,0.04295403638781508,False,False
86,esm2_0087,-0.094488434468734,0.055153317168165274,0.0030418883946522345,-0.27392578,0.1706543,0.44458008,-0.09489745497703553,0.056348834888190466,False,False
87,esm2_0088,0.10668791934732062,0.05774572409760942,0.0033345686515572287,-0.17163086,0.30688477,0.47851562,0.10816061091091898,0.05696946530621484,False,False
88,esm2_0089,-0.02711321636786339,0.055839151588190895,0.0031180108500889615,-0.1796875,0.28466797,0.46435547,-0.027016801055934694,0.057136434951269785,False,False
89,esm2_0090,0.019001506740324504,0.07088268968703451,0.005024355697268429,-0.31591797,0.22888184,0.5447998,0.017291974110735787,0.07048758837672342,False,False
90,esm2_0091,-0.09585922010466208,0.05536381110125893,0.0030651515796558814,-0.26782227,0.061462402,0.32928467,-0.09383049209912618,0.05543233278658184,False,False
91,esm2_0092,-0.00502448268524153,0.07397241564521669,0.0054719182763886985,-0.26293945,0.19140625,0.4543457,-0.0028897408809926773,0.072929943898275,False,False
92,esm2_0093,-0.11951245848796477,0.060478329183807945,0.003657628300865036,-0.2692871,0.11138916,0.38067627,-0.12037536833021376,0.060637974786049896,False,False
93,esm2_0094,0.055778754802708094,0.04302535350263298,0.0018511810440265317,-0.16210938,0.19274902,0.3548584,0.05523061951001485,0.042676326366331105,False,False
94,esm2_0095,0.013437550155224732,0.06284528860543846,0.003949530299900853,-0.23034668,0.22131348,0.45166016,0.011151775552166832,0.06325580515496822,False,False
95,esm2_0096,-0.01611243950804648,0.08269314845875522,0.006838156802021732,-0.2758789,0.16833496,0.44421387,-0.01398629852467113,0.08149123533023665,False,False
96,esm2_0097,0.024893713579590658,0.03542887125096537,0.0012552049181174805,-0.094177246,0.26293945,0.3571167,0.026011685778697332,0.0356658284135848,False,False
97,esm2_0098,0.016555686637378823,0.04855421472989076,0.0023575117680363403,-0.2121582,0.15209961,0.3642578,0.016127964854240416,0.04952765777939318,False,False
98,esm2_0099,-0.04962363571226266,0.04983272796352673,0.002483300776286859,-0.18359375,0.1541748,0.33776855,-0.05080868038866255,0.04976558585132681,False,False
99,esm2_0100,-0.04242130813005894,0.050534027523955194,0.0025536879377918613,-0.29956055,0.14099121,0.44055176,-0.043169593811035155,0.05129318078008062,False,False
100,esm2_0101,-0.014097451502157502,0.051479403184908894,0.0026501289522744076,-0.2019043,0.15783691,0.3597412,-0.01341339432530933,0.05098450632088078,False,False
101,esm2_0102,-0.030882134752453497,0.04348359603526768,0.001890823124158347,-0.30029297,0.119262695,0.41955566,-0.03217778396275309,0.042554737220078076,False,False
102,esm2_0103,0.09601430887652025,0.051514221268528684,0.002653714992902933,-0.23095703,0.24182129,0.47277832,0.09648330410321554,0.052235346900944855,False,False
103,esm2_0104,-0.049385686494931,0.057410609230974845,0.003295978052271694,-0.2644043,0.16430664,0.42871094,-0.05073108383350902,0.05732550289466705,False,False
104,esm2_0105,-0.03989753679482971,0.06642239366880137,0.004411934380693225,-0.2746582,0.2010498,0.475708,-0.0390230687128173,0.06595958645949695,False,False
105,esm2_0106,0.07550473483103626,0.05006370454752551,0.0025063745130219266,-0.103149414,0.22741699,0.3305664,0.0741347332795461,0.05067319519438003,False,False
106,esm2_0107,-0.10934408344783211,0.06279272263751126,0.003942926016231418,-0.31225586,0.12658691,0.43884277,-0.10976004741258091,0.06342154200973182,False,False
107,esm2_0108,0.018226707285966776,0.05512696421123279,0.003038982183146541,-0.2064209,0.16894531,0.3753662,0.018701196544700198,0.05548694014951496,False,False
108,esm2_0109,0.03248183748433645,0.05072049802058898,0.0025725689194565702,-0.13049316,0.21594238,0.34643555,0.03127877281771766,0.05115613110285727,False,False
109,esm2_0110,-0.0028482426813783972,0.0392393962939354,0.0015397302215125112,-0.12023926,0.13378906,0.25402832,-0.002467377152707842,0.038911230581781996,False,False
110,esm2_0111,-0.09586892673098683,0.05935223113446632,0.003522687340639113,-0.32006836,0.13757324,0.4576416,-0.09616265429390801,0.0596332173888689,False,False
111,esm2_0112,0.033461946163008134,0.038473062275958474,0.0014801765208897792,-0.21472168,0.23156738,0.44628906,0.033896207395527095,0.039438174398905235,False,False
112,esm2_0113,-0.040685728837329724,0.04973261349724299,0.0024733328452661556,-0.1776123,0.20727539,0.3848877,-0.04080526762538486,0.04969196982531374,False,False
113,esm2_0114,-0.018094600702364093,0.0567635122696717,0.0032220963251891692,-0.1862793,0.13867188,0.32495117,-0.018521535727712844,0.0573886837470004,False,False
114,esm2_0115,-0.0641877746476185,0.047564351919732066,0.0022623675735441193,-0.21484375,0.06903076,0.2838745,-0.0635026882092158,0.047938016309108454,False,False
115,esm2_0116,0.10824166021654,0.04366544789743369,0.0019066713400834963,-0.03955078,0.3010254,0.34057617,0.1079554902182685,0.04366386169231189,False,False
116,esm2_0117,-0.007642952834858614,0.05519404544791543,0.003046382652906554,-0.27026367,0.18518066,0.45544434,-0.0093853370183044,0.055119123742480486,False,False
117,esm2_0118,0.054802656173706055,0.045122064041947144,0.0020360006634055792,-0.16271973,0.20617676,0.36889648,0.0536425640185674,0.04558253169172184,False,False
118,esm2_0119,-0.04537861024367558,0.03822368752773626,0.0014610502882180204,-0.17553711,0.12030029,0.2958374,-0.04429667111900118,0.03861694111237575,False,False
119,esm2_0120,0.08024990280777977,0.0572333712300653,0.0032756587823584665,-0.10443115,0.27783203,0.38226318,0.07952084011501737,0.058517686719944575,False,False
120,esm2_0121,0.12256838029021032,0.08080969206678298,0.006530206331928288,-0.2685547,0.3413086,0.6098633,0.12347082164552477,0.07941502409773758,False,False
121,esm2_0122,-0.07680932570509323,0.07367097939877891,0.0054274132055753075,-0.24621582,0.18151855,0.42773438,-0.07729581511682934,0.07348853583986911,False,False
122,esm2_0123,-0.02994031534343131,0.04675384035258907,0.002185921587715386,-0.203125,0.15783691,0.3609619,-0.030445403771267997,0.046964182023354395,False,False
123,esm2_0124,0.09227631147640791,0.06052651345427394,0.0036634588309304044,-0.17370605,0.32910156,0.5028076,0.09285094175073835,0.059974744925690535,False,False
124,esm2_0125,-0.03846217392552045,0.06402273925476971,0.0040989111416842305,-0.31298828,0.1751709,0.48815918,-0.0398508091767629,0.06302867616267609,False,False
125,esm2_0126,-0.007896937884712855,0.07365790831614039,0.005425487457508943,-0.23913574,0.1920166,0.43115234,-0.006883036428027683,0.07286104968764581,False,False
126,esm2_0127,0.0321096789162114,0.06143451100427009,0.003774199142333783,-0.1385498,0.22924805,0.36779785,0.03378612432214949,0.06063516053085902,False,False
127,esm2_0128,0.06710973021457516,0.056668044232500596,0.003211267237136644,-0.15673828,0.20690918,0.36364746,0.06639778465032578,0.056411151191708066,False,False
128,esm2_0129,-0.06502144900331487,0.09316592738559519,0.008679890025617996,-0.26416016,0.31860352,0.5827637,-0.06681870619455973,0.09328966929635317,False,False
129,esm2_0130,-0.023718693743270722,0.04929711355033484,0.0024302054043946063,-0.16381836,0.3310547,0.49487305,-0.024570596797598734,0.049097246096676136,False,False
130,esm2_0131,0.02717940372050007,0.06762002830826497,0.004572468228410556,-0.20678711,0.16638184,0.37316895,0.02810876311527358,0.06685659397277387,False,False
131,esm2_0132,0.030769840990928117,0.07672833245578688,0.005887237001445758,-0.23498535,0.2644043,0.49938965,0.029605563150511847,0.07655554061739268,False,False
132,esm2_0133,-0.00032653038562601073,0.0613264155121849,0.0037609292395731526,-0.19946289,0.13867188,0.33813477,0.0010048513611157735,0.06047358237048012,False,False
133,esm2_0134,0.08708298087252364,0.06570221659866873,0.00431678126597838,-0.22973633,0.25170898,0.4814453,0.08718792332543267,0.06487790870455426,False,False
134,esm2_0135,-0.004747982559669825,0.06135153627700666,0.0037640110035488637,-0.18896484,0.15344238,0.34240723,-0.004253690441449483,0.06021687119842109,False,False
135,esm2_0136,0.07998720879824657,0.06460196613627714,0.004173414028672699,-0.18786621,0.31567383,0.50354004,0.07976990855402416,0.06543635446193932,False,False
136,esm2_0137,-0.03703315733010973,0.056325995141972486,0.003172617728733508,-0.19519043,0.17199707,0.3671875,-0.03621628160278002,0.05631110877131194,False,False
137,esm2_0138,-0.04329031791856366,0.06646781910422038,0.004417970976471364,-0.2154541,0.14331055,0.35876465,-0.043753232889705236,0.06495491436701012,False,False
138,esm2_0139,0.020653680545773014,0.04948113167106006,0.002448382391448783,-0.15600586,0.22338867,0.37939453,0.02166065565413899,0.05034730744045924,False,False
139,esm2_0140,-0.020625130913233782,0.04928967041197093,0.0024294716093207227,-0.29736328,0.14453125,0.44189453,-0.020801188465621737,0.050486929655116315,False,False
140,esm2_0141,-0.03917737885664623,0.04440130846574101,0.001971476193469884,-0.15039062,0.22351074,0.37390137,-0.03876067764229245,0.045217441599281934,False,False
141,esm2_0142,0.10825085507645855,0.05630863520220737,0.003170662398335267,-0.15722656,0.25170898,0.40893555,0.1087130586306254,0.057019822977314394,False,False
142,esm2_0143,-0.03351234185708879,0.0932857907189644,0.008702238750062425,-0.2524414,0.29711914,0.54956055,-0.035497266550858816,0.0930340326532163,False,False
143,esm2_0144,0.01940218907482219,0.04708072306387842,0.0022165944842176136,-0.119384766,0.18786621,0.30725098,0.019515950977802277,0.04704665723532716,False,False
144,esm2_0145,-0.02159837665621369,0.037176175109898874,0.0013820679958018646,-0.12298584,0.1282959,0.25128174,-0.020927765965461732,0.03772508358272033,False,False
145,esm2_0146,0.17102504755627698,0.09190606150759167,0.008446724141837225,-0.070739746,0.44189453,0.5126343,0.17016202211380005,0.09154022545290205,False,False
146,esm2_0147,-0.01022477757255986,0.06000373977021182,0.0036004487864113,-0.21435547,0.20336914,0.4177246,-0.009825072603093253,0.061051423144877694,False,False
147,esm2_0148,-0.011872863795992802,0.05076345420310639,0.00257692828263088,-0.17443848,0.15454102,0.3289795,-0.011864586505624983,0.05085753365356806,False,False
148,esm2_0149,-0.007437475513538695,0.050520997607776286,0.0025523711992849374,-0.17504883,0.17822266,0.35327148,-0.007553486029307047,0.04981215175981015,False,False
149,esm2_0150,0.03900693318952334,0.061717010405385554,0.0038089893733784684,-0.19213867,0.2265625,0.41870117,0.04088929634955194,0.062354127758205896,False,False
150,esm2_0151,-0.013808270670332998,0.0500246914610791,0.0025024697557761606,-0.17565918,0.18920898,0.36486816,-0.01319955438375473,0.050590204354515715,False,False
151,esm2_0152,0.001981105775335653,0.0427565132164292,0.0018281194224266844,-0.23620605,0.14123535,0.3774414,0.0012223622037304772,0.04240482349393035,False,False
152,esm2_0153,-0.057704680767757914,0.05415808927036596,0.002933098633416928,-0.18981934,0.23352051,0.42333984,-0.056953953040970694,0.05453071847049364,False,False
153,esm2_0154,-0.09692510886409307,0.05936366636923159,0.003524044884797438,-0.25048828,0.06726074,0.31774902,-0.09663420915603638,0.05896291597453676,False,False
154,esm2_0155,0.1264942832845165,0.06849303403278573,0.004691295711016343,-0.103881836,0.44848633,0.55236816,0.1269619047641754,0.06920127923603461,False,False
155,esm2_0156,0.03249419132427423,0.05107056881119603,0.0026082029986991087,-0.28051758,0.20092773,0.4814453,0.03258756912416882,0.052191450597859845,False,False
156,esm2_0157,0.05928956079694725,0.059991531411943806,0.0035989838411502406,-0.16113281,0.27270508,0.4338379,0.05948401896489991,0.059747915336921406,False,False
157,esm2_0158,-0.013382245446415773,0.06257871264773816,0.003916095276648185,-0.13659668,0.39282227,0.52941895,-0.013778743065065808,0.06365500658822154,False,False
158,esm2_0159,0.028852263909995093,0.07475931408179136,0.005588955041979928,-0.18652344,0.25317383,0.43969727,0.02932445291015837,0.07467273380261771,False,False
159,esm2_0160,-0.11017506342219989,0.05354683776531705,0.0028672638346651847,-0.29418945,0.06640625,0.3605957,-0.1094708694352044,0.05384770679923492,False,False
160,esm2_0161,0.04089100875547538,0.03805653876415271,0.0014483001427074576,-0.15234375,0.15991211,0.31225586,0.04104740785227882,0.03843711970690713,False,False
161,esm2_0162,0.10730145112523493,0.07554989902173082,0.005707787242193722,-0.13220215,0.31201172,0.44421387,0.10684394505288866,0.07564617846221802,False,False
162,esm2_0163,-0.071176506041422,0.049814340760312006,0.002481468545384482,-0.2220459,0.14501953,0.36706543,-0.07063979754845301,0.05054690084383152,False,False
163,esm2_0164,-0.011293528281094364,0.04485649348201002,0.002012105007501607,-0.18652344,0.1194458,0.30596924,-0.011031496028105417,0.045220895554358105,False,False
164,esm2_0165,0.04523674172910548,0.054543898088615934,0.0029750368187013206,-0.13452148,0.20935059,0.34387207,0.04581327529417144,0.0550777352064799,False,False
165,esm2_0166,0.06804054029509177,0.04991804016983243,0.002491810734397004,-0.19824219,0.2758789,0.4741211,0.06710968216260274,0.04948406348330005,False,False
166,esm2_0167,-0.06641674564363689,0.0661765369567399,0.004379334043586762,-0.3647461,0.10687256,0.47161865,-0.06565574266844326,0.0663468785238316,False,False
167,esm2_0168,0.035781576286807046,0.04293515063758905,0.0018434271602724634,-0.18652344,0.16479492,0.35131836,0.03551404095358319,0.043842153834611215,False,False
168,esm2_0169,0.07856647367615018,0.046675991077738746,0.002178648143089147,-0.101379395,0.24169922,0.3430786,0.0787467105521096,0.04688703553872772,False,False
169,esm2_0170,0.046102193828163614,0.049483821199874725,0.0024486485605411715,-0.19238281,0.2088623,0.40124512,0.04674367275502947,0.04828393516439529,False,False
170,esm2_0171,0.015007283790791604,0.061219368807610024,0.0037478111172021752,-0.21130371,0.19030762,0.40161133,0.016373043755690257,0.061058740203173804,False,False
171,esm2_0172,0.022586606848120822,0.05933825557997094,0.003521028575273952,-0.25805664,0.1928711,0.45092773,0.024302751488155788,0.05851734580850297,False,False
172,esm2_0173,0.054909876528114375,0.04589004326560147,0.0021058960709187747,-0.12634277,0.27734375,0.40368652,0.05539324283599854,0.04626823112698877,False,False
173,esm2_0174,0.029132385497352524,0.04763316308789038,0.002268918225757563,-0.21655273,0.14160156,0.3581543,0.028583356075816684,0.048797061438565804,False,False
174,esm2_0175,0.0002991290521145396,0.0451390532629086,0.0020375341294717,-0.30541992,0.14331055,0.44873047,-0.0004503508408864339,0.045530794536353975,False,False
175,esm2_0176,-0.012259514495879247,0.06250349418958465,0.003906686785907442,-0.2409668,0.19384766,0.43481445,-0.010841966917117437,0.06247172831555176,False,False
176,esm2_0177,0.06903640993691973,0.0683051659974122,0.004665595701934035,-0.07299805,0.30029297,0.37329102,0.06740164524979061,0.06673053203569732,False,False
177,esm2_0178,-0.01620651210981786,0.04826682871530207,0.0023296867542323086,-0.19567871,0.122558594,0.3182373,-0.01600993424654007,0.04941539979164557,False,False
178,esm2_0179,0.04449604433464025,0.0845478867505448,0.007148345153982949,-0.21643066,0.31713867,0.53356934,0.04752269221676721,0.08322400873113162,False,False
179,esm2_0180,0.03742774967083524,0.06399247391255355,0.004095036717448847,-0.14550781,0.30444336,0.44995117,0.0384752298394839,0.06439899483045641,False,False
180,esm2_0181,-0.03091973549253271,0.055232167019210014,0.0030505922736379105,-0.20617676,0.12347412,0.32965088,-0.03235014776388804,0.05461650913590444,False,False
181,esm2_0182,-0.11285603615340593,0.06572213446115673,0.004319398958130365,-0.26049805,0.08514404,0.3456421,-0.1144110017352634,0.06518106966844557,False,False
182,esm2_0183,0.03574478189635621,0.04938485867872332,0.002438864266717474,-0.13879395,0.20825195,0.3470459,0.03632384969128503,0.04982337680500232,False,False
183,esm2_0184,0.013507775276006261,0.0637095301322806,0.0040589042296759695,-0.17675781,0.2010498,0.37780762,0.01466220219930013,0.06250377141198721,False,False
184,esm2_0185,-0.01670385214120778,0.056424919067469964,0.0031837714917705355,-0.21435547,0.20703125,0.42138672,-0.017013716532124412,0.058140015343113666,False,False
185,esm2_0186,-0.0001098213926139603,0.03901149653267959,0.0015218968617192717,-0.21679688,0.14685059,0.36364746,-0.0003932671414481269,0.03837153859090509,False,False
186,esm2_0187,0.038967157243756156,0.06641257005900078,0.004410629461841687,-0.09033203,0.26904297,0.359375,0.03781214728951454,0.06600146704655117,False,False
187,esm2_0188,-0.06965060477516098,0.0426978306257452,0.0018231047401448244,-0.18774414,0.13586426,0.3236084,-0.07004739261335796,0.042858167894332805,False,False
188,esm2_0189,0.0657128120765305,0.05342846878025233,0.0028546012762023973,-0.11230469,0.26220703,0.37451172,0.06541833182175955,0.05322181858204514,False,False
189,esm2_0190,0.043310755762487614,0.03698026429062985,0.0013675399470048334,-0.2019043,0.26953125,0.47143555,0.04449201226234436,0.03786055045656159,False,False
190,esm2_0191,-0.011791393905051144,0.05718770504761,0.0032704336086124383,-0.24633789,0.25439453,0.5007324,-0.01150583169526524,0.0581613531402277,False,False
191,esm2_0192,0.06503448462512729,0.06956925444520178,0.004839881164061226,-0.19482422,0.25683594,0.45166016,0.06472032301955753,0.06886369828326915,False,False
192,esm2_0193,-0.020798186218566557,0.04728517333090397,0.002235887616933632,-0.27392578,0.15075684,0.42468262,-0.020485464731852213,0.04792425909151318,False,False
193,esm2_0194,-0.00021117416259054339,0.06102252406181015,0.003723748442874199,-0.28100586,0.16625977,0.44726562,0.0014032584097650317,0.060270384850827814,False,False
194,esm2_0195,0.0885317378515144,0.04418265687717104,0.0019521071687258293,-0.05126953,0.35107422,0.40234375,0.08884698682361179,0.04490826524679083,False,False
195,esm2_0196,0.1254730028793894,0.05374985073477317,0.0028890464540103954,-0.17614746,0.2607422,0.43688965,0.12535850405693055,0.05338544037787732,False,False
196,esm2_0197,-0.04176708721823486,0.04791947806515615,0.0022962763780369814,-0.24243164,0.13598633,0.37841797,-0.04272381025883887,0.04767027829332786,False,False
197,esm2_0198,-0.047676678106073005,0.04855737971829525,0.0023578191251067107,-0.20751953,0.2524414,0.45996094,-0.04765850255886714,0.048549257533807476,False,False
198,esm2_0199,-0.012571971900719781,0.08242777508472475,0.00679433810541797,-0.47265625,0.2253418,0.69799805,-0.011200480163097382,0.08272183486084186,False,False
199,esm2_0200,-0.0384132875983379,0.04720217355698671,0.002228045188503895,-0.16882324,0.1809082,0.34973145,-0.038653259558810125,0.04728586160996264,False,False
200,esm2_0201,0.07878279818281879,0.06671608785980243,0.004451036379316877,-0.14587402,0.22680664,0.37268066,0.08087922467125787,0.0666016289650272,False,False
201,esm2_0202,0.00155312596891617,0.056863512080419974,0.0032334590061200686,-0.1538086,0.24145508,0.39526367,0.0014610749151971606,0.058022804575257485,False,False
202,esm2_0203,-0.04401261798549572,0.05219925553368297,0.0027247622782707323,-0.3149414,0.13464355,0.44958496,-0.04409866730372111,0.05291700085317187,False,False
203,esm2_0204,0.03459335173936054,0.04259185630856469,0.001814066223809422,-0.1071167,0.21276855,0.31988525,0.034074044641521244,0.04288465471952355,False,False
204,esm2_0205,-0.013060315070750313,0.047021124943738404,0.002210986190974658,-0.1875,0.124816895,0.3123169,-0.012862466275691986,0.046903010975836316,False,False
205,esm2_0206,-0.0792262514476374,0.041020597686011066,0.0016826894345175762,-0.27001953,0.15234375,0.42236328,-0.07856333388222589,0.042260684197323053,False,False
206,esm2_0207,-0.024861809350012674,0.06331684389139579,0.004009022720367384,-0.21862793,0.19787598,0.4165039,-0.023621661050452127,0.06321805802154677,False,False
207,esm2_0208,-0.012372655688591723,0.048111575557854815,0.002314723702659173,-0.15393066,0.19665527,0.35058594,-0.011956948704189724,0.048083100002084336,False,False
208,esm2_0209,-0.08731768901287253,0.048355294766665946,0.002338234531971151,-0.23937988,0.08905029,0.32843018,-0.08744630283779568,0.04758391251505538,False,False
209,esm2_0210,-0.18882923359082357,0.06589405263462558,0.004342026172614806,-0.41674805,0.046020508,0.46276855,-0.1897796842787001,0.06613776836347224,False,False
210,esm2_0211,0.04966639546257807,0.04901023586479479,0.0024020032195228177,-0.124938965,0.27294922,0.39788818,0.04933272898197174,0.048977662225724514,False,False
211,esm2_0212,0.03908459910012773,0.03973563874220683,0.0015789209862511681,-0.12219238,0.20202637,0.32421875,0.039816902081171675,0.040368080910968246,False,False
212,esm2_0213,0.015233806380950387,0.043829323221155486,0.0019210095740245195,-0.15185547,0.22033691,0.37219238,0.01524622994992468,0.04509231945096897,False,False
213,esm2_0214,-0.07639918766593298,0.03889816608948669,0.0015130673251252918,-0.21655273,0.09375,0.31030273,-0.07632799612151252,0.038771818832830617,False,False
214,esm2_0215,-0.04428592400333858,0.05856270171394726,0.003429590032036761,-0.2331543,0.15002441,0.3831787,-0.04520795908239153,0.05915539350924987,False,False
215,esm2_0216,-0.034416758656898694,0.05313994429853837,0.0028238536800517604,-0.19763184,0.1348877,0.33251953,-0.035255567232767744,0.05296811639018535,False,False
216,esm2_0217,0.1149611866037536,0.047055664521436544,0.002214235563553982,-0.055511475,0.37451172,0.4300232,0.11562407894266977,0.04796814173536464,False,False
217,esm2_0218,0.013284896243028714,0.048765112983259015,0.002378036244270017,-0.19091797,0.27368164,0.4645996,0.013236735264460247,0.048698225211906795,False,False
218,esm2_0219,0.04802915073526025,0.06352513643442831,0.0040354429590127305,-0.17565918,0.3239746,0.4996338,0.04825585352049933,0.06387166216100373,False,False
219,esm2_0220,-0.034091013187044335,0.06104726916899049,0.003726769072991177,-0.23815918,0.18554688,0.42370605,-0.03390860019458665,0.06097305653464674,False,False
220,esm2_0221,0.004491722213309031,0.07692403624155134,0.005917307351691503,-0.16430664,0.29223633,0.45654297,0.004208778424395455,0.07708874847288721,False,False
221,esm2_0222,0.009958421218143849,0.05554634710245181,0.0030853966764260565,-0.15222168,0.28393555,0.43615723,0.009357107679049174,0.05583128438228499,False,False
222,esm2_0223,0.012974822031671013,0.03871301453714632,0.0014986974945533022,-0.15893555,0.15136719,0.31030273,0.012850754625267453,0.03807397635059807,False,False
223,esm2_0224,-0.05680984820959703,0.05085081166853316,0.0025858050473486285,-0.38085938,0.12438965,0.505249,-0.05648061566882663,0.05146823804774621,False,False
224,esm2_0225,0.06559365782700685,0.09141474087687615,0.008356654849586411,-0.20300293,0.27514648,0.4781494,0.06695878472593096,0.08955819920381301,False,False
225,esm2_0226,-0.034062065242001005,0.045137874313230894,0.0020374276975170295,-0.1940918,0.12976074,0.32385254,-0.033108965390258364,0.04518354356636945,False,False
226,esm2_0227,0.09880400722749225,0.11421276888280879,0.013044556575877895,-0.29760742,0.33422852,0.63183594,0.10107271820306778,0.11213410152570848,False,False
227,esm2_0228,0.10726318613405894,0.04565740353805268,0.002084598497836585,-0.11395264,0.24890137,0.362854,0.10584858788384331,0.04578754419732428,False,False
228,esm2_0229,-0.1870922423097058,0.05941556690715782,0.0035302095908989473,-0.37817383,0.027938843,0.40611267,-0.1874271551767985,0.05963232245577493,False,False
229,esm2_0230,-0.040199514234502624,0.05315817434080998,0.0028257914992479488,-0.21582031,0.12054443,0.33636475,-0.039960835377375284,0.05365874895331732,False,False
230,esm2_0231,0.02326460981474865,0.07260453924972132,0.005271419119664324,-0.19592285,0.16845703,0.36437988,0.02417709090643459,0.07157096550315854,False,False
231,esm2_0232,-0.008934729702597056,0.040844972025570844,0.0016683117397696648,-0.18615723,0.13623047,0.3223877,-0.009497860074043274,0.040476405447352815,False,False
232,esm2_0233,-0.06777277896459835,0.060225401181118986,0.0036270989474267283,-0.23522949,0.39941406,0.63464355,-0.06744302436709404,0.06157226242509631,False,False
233,esm2_0234,-0.01170174997469429,0.040824509869556776,0.0016666406060895384,-0.20617676,0.12225342,0.32843018,-0.0121804421974553,0.04058743143733605,False,False
234,esm2_0235,-3.813755725517654,1.0911409928541445,1.1905886662867282,-5.1953125,0.7060547,5.901367,-3.8377232021755643,1.0810153497993973,False,False
235,esm2_0236,-0.010939795089747083,0.044282812394962956,0.001960967473607485,-0.19885254,0.12512207,0.3239746,-0.010818849752346675,0.04367657337185338,False,False
236,esm2_0237,0.06445636310005823,0.06347331252023636,0.004028861402291593,-0.14001465,0.45947266,0.5994873,0.06390610784292221,0.0634752053991459,False,False
237,esm2_0238,0.00691470123422265,0.06280242833027394,0.003944145004179195,-0.17736816,0.3947754,0.57214355,0.007506886290179359,0.06480807927480753,False,False
238,esm2_0239,-0.05415313304727535,0.0479455340357522,0.0022987742339734725,-0.1895752,0.15161133,0.34118652,-0.05513230231073168,0.04836554698637653,False,False
239,esm2_0240,-0.16116722442466067,0.10908633995854536,0.011899829565551329,-0.35742188,0.18164062,0.5390625,-0.16518063214090134,0.10764492900239006,False,False
240,esm2_0241,0.04404497126760282,0.048008935973876704,0.002304857933343793,-0.11279297,0.22094727,0.33374023,0.04290155876013968,0.0480375934627623,False,False
241,esm2_0242,0.03319893177024003,0.04946515898751397,0.002446801953660034,-0.16259766,0.25170898,0.41430664,0.033208271033234066,0.048958036879437145,False,False
242,esm2_0243,0.005812307044483316,0.05838394927732316,0.0034086855332170437,-0.17041016,0.16906738,0.33947754,0.004238688780201806,0.058380777051302894,False,False
243,esm2_0244,0.02721737313614569,0.06617540663764851,0.004379184443658134,-0.16467285,0.22143555,0.3861084,0.026339386320776408,0.06604082505764282,False,False
244,esm2_0245,-0.03793844028265442,0.09301838600032807,0.008652420134106028,-0.234375,0.2602539,0.4946289,-0.03969952199194166,0.09280615025267579,False,False
245,esm2_0246,-0.08665896785113708,0.04784461457763556,0.002289107144082497,-0.1928711,0.30664062,0.49951172,-0.08542282713784112,0.049222172481531205,False,False
246,esm2_0247,0.010630625797297132,0.04104545488155709,0.0016847293664339388,-0.18115234,0.15808105,0.3392334,0.010623001555601756,0.04121814624433102,False,False
247,esm2_0248,0.012041061091237804,0.06235548706974652,0.0038882067677053255,-0.2064209,0.21276855,0.41918945,0.01388934635453754,0.062218682687085435,False,False
248,esm2_0249,0.01266646444731362,0.04714210123687572,0.0022223777090278393,-0.234375,0.17028809,0.4046631,0.01353145084447331,0.04750942685667665,False,False
249,esm2_0250,-0.03846072290634341,0.058912871768037625,0.0034707264599572445,-0.26538086,0.16760254,0.4329834,-0.0373564374115732,0.059640383970304564,False,False
250,esm2_0251,-0.09508862214929917,0.05864915705286982,0.00343972362301219,-0.27954102,0.11114502,0.39068604,-0.09434053368038602,0.058143453105127633,False,False
251,esm2_0252,-0.056081592176651186,0.047233669288775586,0.0022310195144814218,-0.19299316,0.08917236,0.28216553,-0.055436244938108656,0.04649327719164054,False,False
252,esm2_0253,0.03327697747026247,0.05718840783454486,0.003270513990650232,-0.26513672,0.29492188,0.5600586,0.032481783462895285,0.057813745121477376,False,False
253,esm2_0254,0.02195744185019016,0.041169005721105496,0.0016948870320644168,-0.16833496,0.19726562,0.3656006,0.022740775263971752,0.041274981946017406,False,False
254,esm2_0255,0.16041829556921347,0.12891804520837835,0.016619862380349484,-0.27661133,0.39453125,0.6711426,0.16304640769958495,0.12754732313468753,False,False
255,esm2_0256,0.042928838703396845,0.04315783736332058,0.0018625989258788298,-0.12213135,0.21179199,0.33392334,0.04276893817716175,0.04340227857793192,False,False
256,esm2_0257,0.05207722830057938,0.057977372596635074,0.003361375733209052,-0.14904785,0.29833984,0.4473877,0.05119327108065287,0.057667765419742126,False,False
257,esm2_0258,0.04675987564630964,0.058647195009166035,0.0034394934824431493,-0.11999512,0.2232666,0.34326172,0.045152391741673154,0.05932221174683423,False,False
258,esm2_0259,-0.06248127203538071,0.05369157337526576,0.0028827850515115473,-0.20458984,0.20019531,0.40478516,-0.06237327183286349,0.05298386550094145,False,False
259,esm2_0260,-0.09530208285455566,0.06578220538158301,0.004327298544864769,-0.2932129,0.15576172,0.4489746,-0.09584389014376535,0.0657170692103464,False,False
260,esm2_0261,0.13804085326115378,0.06646721537103673,0.0044178907191797815,-0.10650635,0.35766602,0.46417236,0.13747980197270712,0.06681180409872,False,False
261,esm2_0262,-0.07085708402237802,0.085375707882178,0.007289011496382992,-0.25268555,0.17749023,0.43017578,-0.07291556066936916,0.08474754998679176,False,False
262,esm2_0263,0.01849118308407088,0.05134505502555996,0.00263631467557778,-0.17468262,0.18054199,0.3552246,0.01917190435859892,0.051607804536157716,False,False
263,esm2_0264,-0.025125351452271762,0.05582660503726266,0.0031166098299865207,-0.17382812,0.16662598,0.3404541,-0.025593710359599856,0.05593485671692334,False,False
264,esm2_0265,0.11712926791590142,0.07586074608192155,0.005754852796105775,-0.14929199,0.36791992,0.5172119,0.11714368694358401,0.07554390389773646,False,False
265,esm2_0266,0.005248914812831053,0.04502458939061671,0.0020272136497936346,-0.1673584,0.140625,0.3079834,0.00672506011194653,0.045903973114818385,False,False
266,esm2_0267,-0.04514622688293457,0.040177022262048404,0.001614193117845133,-0.17248535,0.15307617,0.32556152,-0.0446011162466473,0.04063409925697026,False,False
267,esm2_0268,-0.013248415554271024,0.03938536575447461,0.0015512070356137415,-0.14660645,0.116760254,0.2633667,-0.013396799233224658,0.0394054072134922,False,False
268,esm2_0269,-0.08412365934560355,0.055270711011238344,0.0030548514956878236,-0.2536621,0.117126465,0.37078857,-0.0841372162103653,0.05576951863524944,False,False
269,esm2_0270,0.03642732295291405,0.05226677222484188,0.0027318154788035023,-0.1730957,0.16638184,0.33947754,0.035700246691703796,0.053055067967691556,False,False
270,esm2_0271,-0.015701733008605924,0.03984664278229641,0.0015877549410199345,-0.124938965,0.2919922,0.41693115,-0.015622796697749032,0.040608072442102953,False,False
271,esm2_0272,-0.09462507186534005,0.05588454558274822,0.0031230824349902635,-0.30297852,0.10949707,0.4124756,-0.09433661434385511,0.056135121689977106,False,False
272,esm2_0273,-0.03701343771884762,0.06418064515415607,0.004119155212403696,-0.24597168,0.11566162,0.3616333,-0.036583307964934246,0.06308613919764049,False,False
273,esm2_0274,0.05450304188289071,0.05185792981879997,0.002689244885091583,-0.19677734,0.21203613,0.40881348,0.05460263772143258,0.05194118913784034,False,False
274,esm2_0275,0.11034135892573789,0.05923539806395301,0.0035088323837949684,-0.07885742,0.37231445,0.45117188,0.11015577846103244,0.05950912551661809,False,False
275,esm2_0276,0.007296053074573174,0.11096358810914862,0.012312917886056788,-0.30004883,0.2980957,0.59814453,0.009017792344093323,0.10939056172296986,False,False
276,esm2_0277,-0.06795050737992772,0.051163708823202564,0.002617725100545456,-0.2836914,0.16186523,0.44555664,-0.06864807258049647,0.05101383028943476,False,False
277,esm2_0278,-0.0658618407561697,0.05767063622974365,0.0033259022831434214,-0.20581055,0.1607666,0.36657715,-0.0661491592725118,0.05819329553035658,False,False
278,esm2_0279,0.016392611041582385,0.05084105453596179,0.002584812826328641,-0.11468506,0.15356445,0.2682495,0.015658894098467296,0.05014162140388319,False,False
279,esm2_0280,-0.03460997455524949,0.07761901028228017,0.006024710757200715,-0.2397461,0.23120117,0.47094727,-0.03650177717208862,0.07640983884484029,False,False
280,esm2_0281,-0.02582070618437874,0.044881959947138936,0.0020143903286965834,-0.1953125,0.14953613,0.34484863,-0.027387940221362643,0.04564046709960931,False,False
281,esm2_0282,-0.08212083161340306,0.0721717759504784,0.0052087652438460525,-0.31811523,0.17871094,0.49682617,-0.08254470262262556,0.07141802169418819,False,False
282,esm2_0283,0.11140596965838484,0.06630930276474048,0.00439692363314602,-0.21643066,0.27148438,0.48791504,0.11214411266975932,0.06611368838121107,False,False
283,esm2_0284,0.017258653431700813,0.047626305913661356,0.0022682650149816546,-0.1583252,0.2565918,0.414917,0.017365400244792304,0.047562415320975326,False,False
284,esm2_0285,-0.05039380856280057,0.05647310066024326,0.0031892110981819677,-0.38427734,0.16210938,0.5463867,-0.051497512227959105,0.0571765003734925,False,False
285,esm2_0286,-0.0979689895511335,0.07396391807330374,0.005470661176754388,-0.50683594,0.22229004,0.729126,-0.09765912956661649,0.07466291933378807,False,False
286,esm2_0287,0.03309855172689694,0.048746207971809744,0.002376192791630928,-0.16308594,0.18249512,0.34558105,0.03288588374853134,0.048087032689059485,False,False
287,esm2_0288,0.08118253913227381,0.04475919138162005,0.0020033852131364905,-0.13391113,0.20202637,0.3359375,0.08156673908233643,0.04499179268887207,False,False
288,esm2_0289,0.08202047181314687,0.06322987455019775,0.003998017035633746,-0.18151855,0.3935547,0.57507324,0.08263738569286135,0.06414695768411369,False,False
289,esm2_0290,0.019348385000599343,0.04296323704509645,0.0018458397373931476,-0.19873047,0.15039062,0.3491211,0.018617160038815604,0.04282897714447714,False,False
290,esm2_0291,-0.08149934476541229,0.04339581596959703,0.001883196843667133,-0.22619629,0.07513428,0.30133057,-0.08236707250277202,0.04370744535328794,False,False
291,esm2_0292,-0.03663767376432937,0.0434583915769343,0.001888631798454154,-0.20739746,0.17016602,0.37756348,-0.03662867711650001,0.04303216642935258,False,False
292,esm2_0293,-0.09748607629147274,0.0551276534819383,0.003039058178424664,-0.24804688,0.14453125,0.39257812,-0.09739004969596862,0.05613878022836612,False,False
293,esm2_0294,0.010587119963536914,0.039698321092101856,0.0015759566975316192,-0.13061523,0.14111328,0.27172852,0.010224909004237916,0.0395521147543447,False,False
294,esm2_0295,-0.004119260395803674,0.04354020110971956,0.0018957491126748243,-0.14929199,0.13720703,0.28649902,-0.0034135941829946306,0.04428629194072024,False,False
295,esm2_0296,0.05115052968362857,0.03825498740296111,0.0014634440612007137,-0.07965088,0.21557617,0.29522705,0.05114798976315393,0.03891342470126272,False,False
296,esm2_0297,-0.13909959541706082,0.06842830359648025,0.0046824327330920726,-0.29882812,0.0826416,0.38146973,-0.1380625249611007,0.06903881059975198,False,False
297,esm2_0298,-0.02940095549286007,0.04827842972450062,0.002330806776663545,-0.12390137,0.27172852,0.39562988,-0.02940556382139524,0.04857226182610499,False,False
298,esm2_0299,0.15749938532991228,0.06707902597105318,0.004499595725225227,-0.11999512,0.3737793,0.4937744,0.15778977341122097,0.06607658405496601,False,False
299,esm2_0300,0.036344887016880656,0.06803227890011049,0.004628390972342418,-0.14648438,0.32348633,0.4699707,0.03483445147673289,0.06838323900198323,False,False
300,esm2_0301,-0.049877220068073165,0.042220866779738776,0.0017826015916324494,-0.15246582,0.1907959,0.34326172,-0.04966686268647512,0.04324518284966988,False,False
301,esm2_0302,-0.001314597442068085,0.05042586023579931,0.0025427673805203657,-0.13317871,0.22973633,0.36291504,0.00038279957241482205,0.050921115374178455,False,False
302,esm2_0303,-0.01756563210460904,0.07990523551594798,0.006384846662859114,-0.23413086,0.1706543,0.40478516,-0.015598592989974552,0.0792720800002002,False,False
303,esm2_0304,-0.02901335826327613,0.060107447263495865,0.0036129052165339366,-0.2932129,0.1706543,0.4638672,-0.03042455381817288,0.05940402683590402,False,False
304,esm2_0305,0.007572933915717223,0.04759501913105447,0.0022652858460854406,-0.12237549,0.18859863,0.31097412,0.008960835304525164,0.04684431388662337,False,False
305,esm2_0306,-0.023282076092591957,0.04223487393761702,0.0017837845765264013,-0.17089844,0.1652832,0.33618164,-0.02315089777112007,0.04170955672252183,False,False
306,esm2_0307,0.021503473227878787,0.06038079673587304,0.0036458406144588163,-0.16210938,0.23876953,0.4008789,0.021549091570907168,0.06013561212287042,False,False
307,esm2_0308,-0.003962539343140631,0.05418396218215952,0.0029359017577576933,-0.15563965,0.16430664,0.3199463,-0.0034917371968428293,0.05452303184340565,False,False
308,esm2_0309,-0.024931111558031425,0.03656044144944788,0.0013366658789785069,-0.21020508,0.07745361,0.2876587,-0.0256166140238444,0.03631901007446141,False,False
309,esm2_0310,0.08407489044155582,0.05763922372610571,0.0033222801117480673,-0.18896484,0.20703125,0.3959961,0.08486449122428893,0.058547006589057704,False,False
310,esm2_0311,-0.0647784754650442,0.05246671765845082,0.002752756461851595,-0.21032715,0.119506836,0.32983398,-0.06400220178895527,0.05230912897266645,False,False
311,esm2_0312,-0.027101280289670075,0.041717199138360576,0.0017403247039496322,-0.2376709,0.15661621,0.3942871,-0.026808981928560467,0.0421318430507555,False,False
312,esm2_0313,0.0028596136069853483,0.053108135539354305,0.0028204740604664278,-0.23449707,0.22998047,0.46447754,0.003493677576382955,0.053967375227404316,False,False
313,esm2_0314,-0.058355866473469964,0.0418852385511739,0.0017543732084887448,-0.18493652,0.07562256,0.26055908,-0.058776006764835784,0.042310648784926644,False,False
314,esm2_0315,-0.04205917207302978,0.053311655883127446,0.002842132653000997,-0.25024414,0.14135742,0.39160156,-0.0424455759425958,0.05357568232615313,False,False
315,esm2_0316,0.01717011499881215,0.05160380571108207,0.002662952763867107,-0.1348877,0.20629883,0.34118652,0.017359006570445167,0.05212844453845468,False,False
316,esm2_0317,-0.02132641964826679,0.0531681988851213,0.002826857372687814,-0.24291992,0.17114258,0.4140625,-0.021333840820524426,0.05370316640585875,False,False
317,esm2_0318,-0.040710248904805076,0.0655547664483091,0.004297427404092352,-0.24645996,0.16088867,0.40734863,-0.04190484053558773,0.06378548515171611,False,False
318,esm2_0319,-0.007861635661151644,0.07959808979418954,0.006335855898883861,-0.31884766,0.2175293,0.53637695,-0.008544502986801995,0.07834455679834748,False,False
319,esm2_0320,0.08246718487649593,0.06311832970375482,0.003983923544591897,-0.22094727,0.2512207,0.47216797,0.08180486311515173,0.06325085074267418,False,False
320,esm2_0321,0.02884025684868985,0.05662917229750954,0.0032068631551010226,-0.2130127,0.20861816,0.42163086,0.02989378273487091,0.05672598221793966,False,False
321,esm2_0322,-0.02613046206327178,0.05417001918054178,0.002934390978020265,-0.2265625,0.1227417,0.3493042,-0.026891581383016373,0.052665925232918916,False,False
322,esm2_0323,-0.05806452968673621,0.0493057926782047,0.0024310611916261043,-0.21435547,0.17211914,0.3864746,-0.056656143731541105,0.04942155754900571,False,False
323,esm2_0324,-0.013489909494889034,0.038454547342474464,0.00147875221131461,-0.13110352,0.15795898,0.2890625,-0.013302024371094174,0.03791794732111047,False,False
324,esm2_0325,0.00868307446004548,0.04945982554321917,0.0024462743427656757,-0.28833008,0.14025879,0.42858887,0.008453877435790168,0.05049354341870538,False,False
325,esm2_0326,0.07525087540739782,0.05203303066280221,0.002707436279956115,-0.14892578,0.28125,0.43017578,0.07540720833672418,0.05186335264042962,False,False
326,esm2_0327,0.07408323827779519,0.046794531956282186,0.0021897282210075145,-0.1517334,0.22998047,0.38171387,0.07433343595928615,0.04629081675176066,False,False
327,esm2_0328,0.05478090663067376,0.04772029315047197,0.0022772263783669825,-0.08526611,0.28515625,0.37042236,0.05571606092982822,0.04852292967904467,False,False
328,esm2_0329,0.08142300292469155,0.05812970161069969,0.003379062209348982,-0.1340332,0.25683594,0.39086914,0.08213687903351254,0.05871024720325347,False,False
329,esm2_0330,-0.05383595562933817,0.07789265071874489,0.006067265035992389,-0.2956543,0.1418457,0.4375,-0.05611018008655972,0.07733677389560495,False,False
330,esm2_0331,-0.019735702200814435,0.053967593769937594,0.002912501177317007,-0.21594238,0.18200684,0.39794922,-0.020926701111925974,0.05360275704338567,False,False
331,esm2_0332,0.04541006654534038,0.06492659454238289,0.004215462678870984,-0.17565918,0.23303223,0.4086914,0.04598124325275421,0.06505236744654024,False,False
332,esm2_0333,0.08689870355396503,0.05309355476684946,0.0028189255577804433,-0.12017822,0.22375488,0.3439331,0.08720875498321322,0.0525979996188866,False,False
333,esm2_0334,0.026741318512174584,0.055253335303273414,0.0030529310621359605,-0.21716309,0.22937012,0.4465332,0.02757739739285575,0.054468351861280635,False,False
334,esm2_0335,-0.11435399971050639,0.04587308054849264,0.0021043395190084935,-0.26953125,0.03540039,0.30493164,-0.11459508803155687,0.04587803283522836,False,False
335,esm2_0336,0.03648460321500484,0.05775949918346282,0.003336159745924442,-0.15368652,0.25756836,0.41125488,0.03595312469535404,0.05834252179353194,False,False
336,esm2_0337,0.06280312262946837,0.07467675893525022,0.005576618325073473,-0.22143555,0.34814453,0.5695801,0.06101646944880486,0.0744926240106799,False,False
337,esm2_0338,0.0195259694650885,0.03679143578305669,0.0013536097469787844,-0.19555664,0.17016602,0.36572266,0.018496732082631855,0.03749909320908802,False,False
338,esm2_0339,-0.011401651503640194,0.04820420861380785,0.0023236457280835067,-0.15344238,0.16809082,0.3215332,-0.010859467999802695,0.0484677394396327,False,False
339,esm2_0340,0.003558490503906013,0.052176894758712684,0.002722428346661779,-0.17138672,0.21496582,0.38635254,0.003038208766116036,0.051850116868842167,False,False
340,esm2_0341,-0.019887712501923862,0.038690745617552126,0.0014969737964421292,-0.16357422,0.14465332,0.30822754,-0.019805771112442017,0.03843531896317667,False,False
341,esm2_0342,-0.03696756397315056,0.0452402290023578,0.002046678320185776,-0.18933105,0.13793945,0.3272705,-0.03599121156666014,0.046149509231513355,False,False
342,esm2_0343,-0.04493817716803852,0.044513454123881274,0.001981447598038883,-0.3166504,0.1505127,0.4671631,-0.044307860732078555,0.045677814888616546,False,False
343,esm2_0344,-0.01574211895928928,0.061068374966081,0.003729346420997869,-0.19091797,0.15820312,0.3491211,-0.015362481441762712,0.061082964025808366,False,False
344,esm2_0345,-0.03273748167347035,0.051322334762061654,0.0026339820454291223,-0.3569336,0.124572754,0.48150635,-0.032207925866047545,0.05171449129924386,False,False
345,esm2_0346,-0.02730921509527869,0.03509142903298609,0.0012314083915770993,-0.16137695,0.08770752,0.24908447,-0.027223970575465096,0.03467296718839423,False,False
346,esm2_0347,-0.06670975420504113,0.06995178648149881,0.0048932524319532,-0.21557617,0.21142578,0.42700195,-0.06755666269196405,0.06865125586170502,False,False
347,esm2_0348,-0.10632298762737448,0.05924934145847006,0.0035104844632623785,-0.25683594,0.08911133,0.34594727,-0.1072626637087928,0.058461335010346754,False,False
348,esm2_0349,0.0913310604010782,0.05152213422167833,0.0026545303147566374,-0.048187256,0.23925781,0.28744507,0.08899633056587643,0.05030832313842287,False,False
349,esm2_0350,0.023208211714631312,0.05007484024393535,0.0025074896254556472,-0.16015625,0.18200684,0.3421631,0.023785492446687487,0.050233975947879365,False,False
350,esm2_0351,0.0053919889818418035,0.05965410724117455,0.0035586125107415537,-0.17346191,0.24743652,0.42089844,0.00692278179857466,0.059596439990635935,False,False
351,esm2_0352,-0.04492480998298569,0.06202921552831312,0.0038476235790579215,-0.18725586,0.125,0.31225586,-0.04586057066917419,0.06169282889429939,False,False
352,esm2_0353,-0.012538192936371222,0.06294519916554239,0.003962098097989799,-0.2763672,0.2512207,0.5275879,-0.011682397292719946,0.06292728525195106,False,False
353,esm2_0354,0.030610402866156065,0.04715354248346312,0.002223456568739762,-0.16259766,0.19470215,0.3572998,0.030251320203145346,0.04732759736898505,False,False
354,esm2_0355,-0.019881526386565825,0.05323882173030001,0.002834372139230664,-0.17248535,0.21435547,0.38684082,-0.018257679955826864,0.0527193078559454,False,False
355,esm2_0356,-0.016269056765273727,0.05660922799128126,0.003204604693768861,-0.16174316,0.21166992,0.3734131,-0.015863716022835837,0.05734648196212696,False,False
356,esm2_0357,-0.07072895864535383,0.03963138014363093,0.0015706462920889836,-0.23046875,0.075927734,0.30639648,-0.07008489552471373,0.03981928335615823,False,False
357,esm2_0358,0.033124495822766775,0.04455506001274943,0.001985153372739703,-0.14013672,0.2064209,0.34655762,0.03259169492456648,0.04550115017550628,False,False
358,esm2_0359,-0.06029727304153781,0.050861906583823106,0.0025869335413415484,-0.2541504,0.1328125,0.3869629,-0.06127423842748006,0.05175387342164418,False,False
359,esm2_0360,-0.0034668614941087863,0.06827785050754474,0.0046618648699306275,-0.22546387,0.19311523,0.4185791,-0.0015964819325341119,0.06730258225464554,False,False
360,esm2_0361,0.04721991005007355,0.07892415695308677,0.006229022550755476,-0.20715332,0.3190918,0.5262451,0.044826342331038584,0.07896846511163559,False,False
361,esm2_0362,0.03247578559519845,0.08625022215864116,0.0074391008224149536,-0.24206543,0.18945312,0.43151855,0.03490225325028102,0.08491365344421528,False,False
362,esm2_0363,-0.0882016273502769,0.055209853363731826,0.0030481279084447702,-0.2467041,0.10253906,0.34924316,-0.08806518481837379,0.05491454205110307,False,False
363,esm2_0364,-0.0542244785501478,0.09997732021453613,0.009995464557279895,-0.24890137,0.29785156,0.5467529,-0.056738220155239105,0.09863252661434742,False,False
364,esm2_0365,0.02523411808744255,0.05030596739076953,0.002530690355121167,-0.25610352,0.25732422,0.51342773,0.024831317365169525,0.05094795944732196,False,False
365,esm2_0366,0.004569570576311084,0.050935219240666324,0.0025943965590947446,-0.13586426,0.16088867,0.29675293,0.005498916407426198,0.051623540815678305,False,False
366,esm2_0367,0.0066800274277368475,0.05965269588107752,0.003558444125880323,-0.19238281,0.17785645,0.37023926,0.005576312293608983,0.06045881401152789,False,False
367,esm2_0368,-0.06604467029709134,0.06563371914601729,0.004307785088938276,-0.23962402,0.14331055,0.38293457,-0.06359179450405969,0.06622102642372754,False,False
368,esm2_0369,0.1757304941642033,0.08922754601213186,0.007961554967347108,-0.08026123,0.38720703,0.46746826,0.1769957655833827,0.08766591697312236,False,False
369,esm2_0370,0.01339530931593443,0.059490733325385306,0.0035391473515921095,-0.2849121,0.18273926,0.46765137,0.013974544571505652,0.061236916434340496,False,False
370,esm2_0371,0.07158550716002164,0.08094789039163593,0.006552560958856304,-0.08099365,0.3876953,0.46868896,0.07054811467727025,0.08065751189621388,False,False
371,esm2_0372,0.11494700565983797,0.06470157996907648,0.0041862944504948,-0.114746094,0.3161621,0.4309082,0.11534195335374939,0.0640105848039898,False,False
372,esm2_0373,-0.021441703895882153,0.08275856436622983,0.006848979975959405,-0.31567383,0.16015625,0.47583008,-0.019518175390031603,0.0830099400322576,False,False
373,esm2_0374,0.009801619391594822,0.05098246752242528,0.0025992119946751484,-0.10974121,0.15185547,0.26159668,0.009245127025577757,0.05196159719258362,False,False
374,esm2_0375,-0.06081844342006298,0.04754969345155684,0.0022609733473370275,-0.19592285,0.12536621,0.32128906,-0.06143136090702481,0.047277598433258385,False,False
375,esm2_0376,0.01124158617394349,0.06526966689729918,0.004260129416884392,-0.16235352,0.27392578,0.4362793,0.0120701198776563,0.06451088661561544,False,False
376,esm2_0377,0.0011142631217456948,0.04348995691899574,0.001891376352816105,-0.113220215,0.23059082,0.34381104,0.0013561235533820258,0.044608169993947684,False,False
377,esm2_0378,0.07226680286981157,0.07226421366172638,0.0052221165761476415,-0.13195801,0.31445312,0.44641113,0.07070667255255911,0.0730129280488464,False,False
378,esm2_0379,0.1311047984810172,0.06807518697835896,0.004634231082138533,-0.105163574,0.3310547,0.43621826,0.13180325163735285,0.06792812650063113,False,False
379,esm2_0380,0.022944342282980052,0.060356540107131124,0.003642911933703728,-0.14208984,0.20703125,0.3491211,0.02392480555507872,0.059855455438682294,False,False
380,esm2_0381,0.02131448601776699,0.03779876346496579,0.0014287465194804325,-0.10699463,0.1730957,0.28009033,0.020422277516788906,0.03817237310147456,False,False
381,esm2_0382,-0.2260764330526303,0.07954028362809785,0.006326656719638251,-0.5083008,0.077941895,0.5862427,-0.22729627556271023,0.08110216409451473,False,False
382,esm2_0383,0.011814240940932296,0.0528918140009265,0.0027975439883086042,-0.21276855,0.19641113,0.4091797,0.013350020762946871,0.05369506942195309,False,False
383,esm2_0384,0.10942401896570948,0.06001136904980536,0.003601364415231937,-0.12286377,0.28076172,0.4036255,0.11079197393523323,0.060610161481423605,False,False
384,esm2_0385,0.13278524579271492,0.06242238694867212,0.003896554392369752,-0.05041504,0.3215332,0.37194824,0.13223841869168812,0.06265777382627055,False,False
385,esm2_0386,-0.019616413063531974,0.05005690700008597,0.002505693938415256,-0.18273926,0.1373291,0.32006836,-0.020099537240134344,0.04976706695652336,False,False
386,esm2_0387,-0.04371605676233967,0.057261727124416635,0.0032789053932711517,-0.25805664,0.2705078,0.52856445,-0.043751302361488345,0.05810197001801225,False,False
387,esm2_0388,0.01610088070542381,0.05157038874058636,0.002659504994855196,-0.17785645,0.15209961,0.32995605,0.015566909478770362,0.051979391388163,False,False
388,esm2_0389,-0.04850476351747502,0.05061114036548069,0.0025614875290943893,-0.23132324,0.11981201,0.35113525,-0.04796008335219489,0.050903461645986615,False,False
389,esm2_0390,-0.024689194364897023,0.05666314238252503,0.003210711704662305,-0.15991211,0.2919922,0.4519043,-0.02479546666145325,0.05690882458196863,False,False
390,esm2_0391,-0.10667501292403345,0.06998605072863677,0.004898047296591319,-0.3076172,0.14916992,0.4567871,-0.10509896195597118,0.06944284712452754,False,False
391,esm2_0392,0.005698433925256084,0.09517823581434466,0.009058896572731002,-0.35961914,0.24169922,0.60131836,0.007715805040465461,0.09260289341714012,False,False
392,esm2_0393,0.03419605344037766,0.04917090925701779,0.0024177783171618777,-0.14013672,0.17102051,0.31115723,0.03502665426996019,0.049247930994637056,False,False
393,esm2_0394,-0.006002999304666636,0.04978533660915315,0.002478579741286685,-0.14648438,0.17700195,0.32348633,-0.006883756981955634,0.05003509878598118,False,False
394,esm2_0395,0.0518609999816505,0.05846746246779786,0.0034184441674233517,-0.43774414,0.19360352,0.63134766,0.050637539393372004,0.05681353121841593,False,False
395,esm2_0396,-0.03992277363958158,0.044867897979830616,0.002013128269128488,-0.18737793,0.17041016,0.3577881,-0.03776548695233133,0.04526211675701315,False,False
396,esm2_0397,0.026302719089749387,0.053240627240521136,0.0028345643889641212,-0.11895752,0.1628418,0.28179932,0.026316722730795543,0.053544150624685594,False,False
397,esm2_0398,-0.004574154047801942,0.05720153469701979,0.0032720155716943586,-0.19641113,0.22753906,0.4239502,-0.0048289741906854845,0.0572623572989003,False,False
398,esm2_0399,-0.031295295693104325,0.04866562007231362,0.002368342577022774,-0.15124512,0.17297363,0.32421875,-0.031062994566228654,0.048869277519992586,False,False
399,esm2_0400,-0.04695358035567069,0.0784430409530769,0.0061533106739661,-0.25073242,0.16174316,0.4124756,-0.048594780928558776,0.07832775191373602,False,False
400,esm2_0401,0.1307572016573111,0.0618997768589451,0.003831582375187195,-0.08319092,0.3137207,0.39691162,0.12968796888987225,0.06313992384792322,False,False
401,esm2_0402,0.010139201841132093,0.04671745945929284,0.00218252101833067,-0.15686035,0.15722656,0.3140869,0.00958354448278745,0.04577396692316659,False,False
402,esm2_0403,-0.015940800888027653,0.04420352636355672,0.001953951742973654,-0.18188477,0.2565918,0.43847656,-0.015494833058781094,0.04513818160014126,False,False
403,esm2_0404,0.03523634739641873,0.09462752001625281,0.008954367544426326,-0.15979004,0.33496094,0.49475098,0.03319523649083243,0.0951716723267636,False,False
404,esm2_0405,-0.0017768637453940811,0.04790263181610702,0.002294662134909509,-0.12384033,0.1439209,0.26776123,-0.002551470283004973,0.04742577917426708,False,False
405,esm2_0406,-0.05260801070538266,0.04402545401542881,0.001938240601264637,-0.2010498,0.12878418,0.32983398,-0.05202882049812211,0.04504089734329119,False,False
406,esm2_0407,-0.036274964483940644,0.06281445819158848,0.003945656157902817,-0.21508789,0.19299316,0.40808105,-0.03717422021759881,0.06376935193519552,False,False
407,esm2_0408,0.02194316352776497,0.07436684363044552,0.0055304274315551355,-0.25927734,0.22021484,0.4794922,0.024539352456728617,0.07367569903201215,False,False
408,esm2_0409,0.0455374379004543,0.06830048940001217,0.004664956852281175,-0.1116333,0.27685547,0.38848877,0.04398006366358863,0.06836413122345146,False,False
409,esm2_0410,-0.027446199535132776,0.05579713314240694,0.0031133200669114865,-0.21313477,0.3725586,0.58569336,-0.026619960864384968,0.056585039730492774,False,False
410,esm2_0411,-0.03989120891170946,0.04689453087255193,0.002199097025756726,-0.18762207,0.13757324,0.3251953,-0.03929989909132322,0.04645157400389742,False,False
411,esm2_0412,0.006205085445852841,0.0388304290379217,0.0015078022192690727,-0.17346191,0.12359619,0.2970581,0.0067162822518083785,0.03920173585144807,False,False
412,esm2_0413,-0.047782738452217026,0.07788797891030616,0.006066537258732296,-0.20397949,0.20690918,0.41088867,-0.048776914427677794,0.07735864488185439,False,False
413,esm2_0414,-0.03463850831085781,0.0709995819772627,0.005040940640946045,-0.23205566,0.18688965,0.4189453,-0.0369713779952791,0.06988560526396141,False,False
414,esm2_0415,-0.07635932128781352,0.07393792006679724,0.005466816023804099,-0.2631836,0.17370605,0.43688965,-0.0772221473356088,0.07365728503785025,False,False
415,esm2_0416,-0.046330004368188245,0.06185490027387275,0.0038260286878907426,-0.25634766,0.24328613,0.4996338,-0.04476869569884406,0.06166095909893014,False,False
416,esm2_0417,0.0977601346773789,0.07705072271855305,0.005936813871451348,-0.15844727,0.2854004,0.44384766,0.09824537254042096,0.07734535423743184,False,False
417,esm2_0418,-0.07173636148825338,0.1092244345575115,0.011929977104408112,-0.46142578,0.28637695,0.74780273,-0.06973036130269368,0.10627384280570092,False,False
418,esm2_0419,-0.006977417955917206,0.08172104713301552,0.006678329544516545,-0.17004395,0.2932129,0.46325684,-0.007875185956557592,0.08309398142653217,False,False
419,esm2_0420,0.0502444350891452,0.05088440729252291,0.0025892229055113586,-0.1274414,0.21557617,0.34301758,0.049733831485112505,0.050732988685841904,False,False
420,esm2_0421,-0.004332867036516738,0.048684837931402894,0.002370213444406966,-0.18359375,0.13867188,0.32226562,-0.005083787358469433,0.048561284290576184,False,False
421,esm2_0422,0.05901875136033544,0.06879294157227461,0.004732468810166389,-0.13574219,0.21850586,0.35424805,0.061053129699495105,0.06846213083880763,False,False
422,esm2_0423,0.060094163102923696,0.06152675982999185,0.003785542175177499,-0.10784912,0.29101562,0.39886475,0.0596130672428343,0.06231767621562655,False,False
423,esm2_0424,0.016302460107898608,0.05202684432665825,0.0027067925305903316,-0.16040039,0.17346191,0.3338623,0.015228738304641512,0.052504731118907376,False,False
424,esm2_0425,0.0546774173550283,0.049374618522420866,0.0024378529542345853,-0.19641113,0.20654297,0.4029541,0.053842060764630634,0.04999873824944412,False,False
425,esm2_0426,-0.01736853972126985,0.06469586036262659,0.004185554348060478,-0.19140625,0.38134766,0.5727539,-0.01684436665640937,0.06563394506030178,False,False
426,esm2_0427,-0.0344516918741241,0.04709324567284554,0.0022177737880029855,-0.18701172,0.19458008,0.3815918,-0.03356084658039941,0.047870386123897574,False,False
427,esm2_0428,-0.08812627570081366,0.04313181947445508,0.0018603538511769823,-0.23071289,0.058502197,0.2892151,-0.08817075623406304,0.04328904104630869,False,False
428,esm2_0429,0.032507888021797236,0.06310832287263365,0.003982660415796577,-0.1315918,0.31811523,0.44970703,0.03177744224667549,0.06369257651590614,False,False
429,esm2_0430,-0.00638496578070485,0.04627895257653064,0.002141741451580772,-0.19140625,0.17492676,0.366333,-0.00605925793449084,0.04670497860396033,False,False
430,esm2_0431,-0.002849876285260843,0.06997068804753165,0.004895897185844988,-0.25854492,0.21374512,0.47229004,-0.0032647218969133166,0.07155516922112452,False,False
431,esm2_0432,0.10690293208872703,0.08233936482676336,0.006779771000074836,-0.16174316,0.31201172,0.47375488,0.10798097170061535,0.08282919126834232,False,False
432,esm2_0433,-0.09099067143938783,0.057089145581084966,0.0032591705431783127,-0.29516602,0.11828613,0.41345215,-0.09143985841009351,0.0582004457814267,False,False
433,esm2_0434,-0.04723153818196118,0.03764420311381095,0.0014170860280738537,-0.19873047,0.097229004,0.29595947,-0.04826723469628228,0.03737207125686789,False,False
434,esm2_0435,0.03902230503556466,0.06338640646994423,0.004017836525172988,-0.1381836,0.25805664,0.39624023,0.039977903664112094,0.06260603020542278,False,False
435,esm2_0436,-0.023316148052469607,0.049226423717241306,0.0024232407919893774,-0.1784668,0.22192383,0.40039062,-0.023760875314474107,0.05025343309010389,False,False
436,esm2_0437,0.08332656014640376,0.061067734689430414,0.003729268220098663,-0.1965332,0.2298584,0.4263916,0.08444934851593441,0.06142988036708239,False,False
437,esm2_0438,0.04935784847966574,0.07845664432686587,0.0061554450390323345,-0.24389648,0.23339844,0.47729492,0.05141778339942296,0.07773208668305034,False,False
438,esm2_0439,-0.006769876567425659,0.040366542102506765,0.0016294577213134512,-0.17810059,0.10632324,0.28442383,-0.005858542687363095,0.039798319690864434,False,False
439,esm2_0440,0.01647158210206111,0.05702225832092395,0.0032515379440181814,-0.16027832,0.18310547,0.3433838,0.017769704345199797,0.05611295791869017,False,False
440,esm2_0441,0.0024872345479823375,0.042887039938696046,0.0018392981947033095,-0.14672852,0.12646484,0.27319336,0.002426848891708586,0.04357450576239958,False,False
441,esm2_0442,-0.14812639630198082,0.051848710118092084,0.0026882887409099446,-0.30444336,0.021072388,0.32551575,-0.14849724173545836,0.051922542677369676,False,False
442,esm2_0443,-0.010260167846933718,0.06506996987490678,0.004234100979521275,-0.22045898,0.27856445,0.49902344,-0.010615087548891703,0.06581328875675356,False,False
443,esm2_0444,-0.0853535274289689,0.04443486553875649,0.0019744572754473687,-0.35839844,0.064575195,0.42297363,-0.08518794642554389,0.044276206566726144,False,False
444,esm2_0445,-0.05759753721800284,0.052003856806055355,0.00270440112270471,-0.22460938,0.10797119,0.33258057,-0.05756155360076162,0.052345847300958495,False,False
445,esm2_0446,0.09022699000435849,0.06394927145550613,0.004089509319690012,-0.22253418,0.23339844,0.45593262,0.0903116762638092,0.06383073901194884,False,False
446,esm2_0447,0.01899690977344238,0.04587202968335688,0.0021042431072707747,-0.12109375,0.20019531,0.32128906,0.01854679485162099,0.04669048012978762,False,False
447,esm2_0448,-0.044772732734150944,0.04425618125886247,0.00195860957961729,-0.18737793,0.19689941,0.38427734,-0.04467244156532817,0.04410229574761087,False,False
448,esm2_0449,-0.05197377474802845,0.059659048257731516,0.003559202039018338,-0.30664062,0.15893555,0.46557617,-0.052852069007025826,0.06012881205222304,False,False
449,esm2_0450,-0.05422781250717637,0.052943712716327536,0.0028030367161890222,-0.2121582,0.16088867,0.37304688,-0.054292869402302636,0.053519979633208675,False,False
450,esm2_0451,-0.04961467080322672,0.053982870786853404,0.0029141503383901105,-0.3671875,0.12298584,0.49017334,-0.04914025002055698,0.053815590987596196,False,False
451,esm2_0452,0.03139002751827769,0.052954625319220336,0.002804192342699011,-0.14355469,0.22570801,0.3692627,0.029618695875008903,0.05387486540141692,False,False
452,esm2_0453,0.019455495010337873,0.049003048358120235,0.0024012987483882703,-0.29101562,0.1538086,0.44482422,0.01973873426516851,0.04968140599375819,False,False
453,esm2_0454,0.1273516343780416,0.07595225075100266,0.005768744394143184,-0.20251465,0.3022461,0.50476074,0.12904863556226095,0.07547600342288112,False,False
454,esm2_0455,0.022770052215499964,0.052768153924238746,0.0027844780685721527,-0.24023438,0.19934082,0.4395752,0.022436886694696213,0.05339546195839908,False,False
455,esm2_0456,0.03229115799185174,0.044012204542661956,0.0019370741487051138,-0.122802734,0.2130127,0.33581543,0.03139056323303117,0.04372067864359545,False,False
456,esm2_0457,0.09667502656231709,0.054974995464989164,0.003022250126375579,-0.08666992,0.25830078,0.3449707,0.09716347919570076,0.05560372678495973,False,False
457,esm2_0458,-0.08095800784002001,0.05760957956912357,0.00331886365813118,-0.3203125,0.086242676,0.40655518,-0.08023185498184628,0.05752499296706643,False,False
458,esm2_0459,-0.033333212434914744,0.03519568536187698,0.0012387362680922412,-0.18371582,0.070617676,0.2543335,-0.03371182241373592,0.03555258039611512,False,False
459,esm2_0460,0.21414646906540477,0.06904281304818749,0.00476691003360697,-0.0041046143,0.48242188,0.4865265,0.2143429438273112,0.0693272674201069,False,False
460,esm2_0461,0.011516144617019297,0.0622246832900777,0.0038719112105504746,-0.21704102,0.21740723,0.43444824,0.011895199120044709,0.06286234989417104,False,False
461,esm2_0462,0.04464648301805164,0.0486677109673716,0.0023685460908036225,-0.18359375,0.1796875,0.36328125,0.044342121481895445,0.04941464282961243,False,False
462,esm2_0463,-0.0854939289151233,0.06598314799750786,0.0043537758196610255,-0.22436523,0.1842041,0.40856934,-0.08633547226587932,0.06613468538003534,False,False
463,esm2_0464,-0.0736582146236026,0.06154291686865605,0.0037875306167023098,-0.31054688,0.0892334,0.39978027,-0.07356661152508524,0.061593314784520486,False,False
464,esm2_0465,0.062012471845755965,0.05698339980427175,0.003247107853253478,-0.13781738,0.22546387,0.36328125,0.06267481711175707,0.057286434935289066,False,False
465,esm2_0466,-0.04079547177144346,0.05100337131944578,0.0026013438859492644,-0.19067383,0.13757324,0.32824707,-0.04169702066315545,0.05071616709920518,False,False
466,esm2_0467,0.011882912504024696,0.09639575248367191,0.009292141096893339,-0.2939453,0.19604492,0.48999023,0.01508833078874482,0.09639366001781079,False,False
467,esm2_0468,0.01997105196763355,0.0770256004277372,0.00593294312125343,-0.21435547,0.25830078,0.47265625,0.020793993439939287,0.0752145763459629,False,False
468,esm2_0469,-0.1713674859651318,0.06184516490566839,0.003824824422209317,-0.34277344,0.05883789,0.40161133,-0.17150816056463453,0.06246753436614297,False,False
469,esm2_0470,0.0637337621652855,0.04172480707248025,0.0017409595252356974,-0.15283203,0.2211914,0.37402344,0.06251099473900265,0.04247011906633,False,False
470,esm2_0471,0.030834519505897717,0.038820809939567005,0.0015070552843639844,-0.14477539,0.1463623,0.2911377,0.03131606611940596,0.03905511341033072,False,False
471,esm2_0472,-0.032858007822132,0.0617433583845924,0.0038122423046082162,-0.1887207,0.2088623,0.397583,-0.034507768270042205,0.06162389073367601,False,False
472,esm2_0473,-0.028563170401290573,0.05458881123265429,0.0029799383117943634,-0.20654297,0.25146484,0.4580078,-0.0274577796459198,0.05430773534832162,False,False
473,esm2_0474,0.0826307406832984,0.047087205738654776,0.002217204944274403,-0.1772461,0.19909668,0.37634277,0.08308737658792072,0.046392512917579794,False,False
474,esm2_0475,0.08671482395252562,0.07104562706885525,0.005047481125606859,-0.12719727,0.2709961,0.39819336,0.08855114380518596,0.07076922387890225,False,False
475,esm2_0476,-0.09919795873559407,0.05238832953460782,0.002744537071426662,-0.30737305,0.09057617,0.39794922,-0.09808886845906575,0.05290087839708259,False,False
476,esm2_0477,-0.08679179293201714,0.04283386244951016,0.0018347397723435565,-0.25439453,0.09655762,0.35095215,-0.0856358763244417,0.04338402273658803,False,False
477,esm2_0478,-0.03843060066379797,0.04718766690914021,0.002226675908327966,-0.17797852,0.108947754,0.28692627,-0.03839082370201747,0.047494057641529745,False,False
478,esm2_0479,0.049556992096324075,0.05160526095024894,0.0026631029577432884,-0.30200195,0.21264648,0.51464844,0.050280438363552095,0.05186049945097687,False,False
479,esm2_0480,-0.032738721727927966,0.04212589594171419,0.001774591108892132,-0.14941406,0.16003418,0.30944824,-0.032163396312130825,0.042209525199547536,False,False
480,esm2_0481,-0.07504181188430956,0.05576126390852107,0.0031093185526757344,-0.32470703,0.1204834,0.44519043,-0.07339280570546786,0.05610968017118516,False,False
481,esm2_0482,-0.0355866161752885,0.06669503065096041,0.00444822711353255,-0.28466797,0.2553711,0.54003906,-0.0354064361916648,0.06662731104484701,False,False
482,esm2_0483,0.04908030623204171,0.037751775835547584,0.0014251965787374344,-0.1161499,0.18225098,0.29840088,0.0481493353843689,0.03692474863210924,False,False
483,esm2_0484,0.07000752406961777,0.08576089245035133,0.007354930673880729,-0.3696289,0.37768555,0.74731445,0.07134081166651514,0.08711654537265733,False,False
484,esm2_0485,0.18244221419525994,0.06409512819533025,0.0041081854583758185,-0.07598877,0.33569336,0.41168213,0.1820919156074524,0.06498054930657418,False,False
485,esm2_0486,0.10692026453727357,0.06379888937874882,0.00407029828596183,-0.10479736,0.26586914,0.3706665,0.10677673154407077,0.06314538908390313,False,False
486,esm2_0487,0.007832166158928061,0.04135747103035241,0.001710440410026439,-0.12402344,0.13256836,0.2565918,0.008764937933948305,0.04148253281671826,False,False
487,esm2_0488,0.034722537496907596,0.04494857795523305,0.0020203746601976627,-0.21887207,0.16992188,0.38879395,0.03403904570473565,0.04537998189006674,False,False
488,esm2_0489,0.05147601245643031,0.05471116432824076,0.002993311502151764,-0.1517334,0.21472168,0.36645508,0.050880071024099985,0.05435097960953826,False,False
489,esm2_0490,0.02920573182428849,0.03791253043134233,0.0014373599637074583,-0.19592285,0.1459961,0.34191895,0.029714243859052657,0.03843221796241231,False,False
490,esm2_0491,-0.025355360417995812,0.04732562419469769,0.0022397147054177557,-0.18603516,0.14672852,0.33276367,-0.02573891638053788,0.04726508063879656,False,False
491,esm2_0492,0.07044174668526941,0.06162016700648648,0.0037970449819072854,-0.16699219,0.26782227,0.43481445,0.07064290543397268,0.06178622515605662,False,False
492,esm2_0493,-0.021596995098609375,0.05051547512315445,0.002551813226918036,-0.17272949,0.14941406,0.32214355,-0.022833295663197837,0.050813079291352106,False,False
493,esm2_0494,0.019893653252545523,0.06177548595833096,0.003816210665387946,-0.17333984,0.1743164,0.34765625,0.022077607611815136,0.060914510405307064,False,False
494,esm2_0495,0.012239819956937192,0.0435244028527658,0.0018943736436898475,-0.16125488,0.16357422,0.3248291,0.012662336809767617,0.042978644388931744,False,False
495,esm2_0496,-0.04128198314057074,0.06270936594608756,0.0039324645773603254,-0.2133789,0.17456055,0.38793945,-0.04045483056041929,0.06313753438317686,False,False
496,esm2_0497,0.030661318595877764,0.05545185236947367,0.0030749079312059023,-0.12005615,0.21936035,0.3394165,0.029080745577812196,0.05375758060066058,False,False
497,esm2_0498,-0.11097292100946593,0.053046505183468894,0.002813931712179792,-0.30859375,0.036499023,0.34509277,-0.11113454368379382,0.05328539520473561,False,False
498,esm2_0499,-0.05957965501537598,0.044752653812732766,0.002002800023282305,-0.2614746,0.11553955,0.37701416,-0.06007415917184618,0.04484918363528421,False,False
499,esm2_0500,0.06300072082536466,0.05153965485854019,0.002656336022937445,-0.114990234,0.25097656,0.3659668,0.062316486570570206,0.052289345671736716,False,False
500,esm2_0501,-0.11363011221509928,0.07381844248647174,0.005449162451128535,-0.30908203,0.14929199,0.45837402,-0.11463248464796279,0.07322518263935747,False,False
501,esm2_0502,0.011955221538141485,0.04509003409006931,0.0020331111742436124,-0.17687988,0.17675781,0.3536377,0.01115476820203993,0.045598651667521,False,False
502,esm2_0503,0.008439465447615308,0.05787892764240604,0.0033499702650348745,-0.20983887,0.15148926,0.36132812,0.008447022901640998,0.057456428512499054,False,False
503,esm2_0504,-0.07791288618771534,0.07211971762670512,0.005201253670555681,-0.39282227,0.1665039,0.5593262,-0.07718223200903998,0.07203513433899333,False,False
504,esm2_0505,0.03805755715523655,0.04765610728688548,0.002271104561739139,-0.1673584,0.22961426,0.39697266,0.03700328427884314,0.04838480222724612,False,False
505,esm2_0506,0.09966004893729477,0.038702081434004554,0.00149785110732432,-0.032958984,0.2553711,0.28833008,0.09933685072594219,0.038514666921117234,False,False
506,esm2_0507,0.060506215238412396,0.05710018016328498,0.0032604305746796037,-0.20202637,0.21520996,0.41723633,0.06159828901290894,0.05761083090784447,False,False
507,esm2_0508,0.13264468507417432,0.04666513072456996,0.0021776344255412033,-0.03842163,0.43017578,0.4685974,0.13138739003075495,0.046744257967330526,False,False
508,esm2_0509,0.08000142407602528,0.0566085284802952,0.0032045254967043926,-0.13867188,0.2734375,0.41210938,0.080836331182056,0.05736890010942329,False,False
509,esm2_0510,-0.03763452764356573,0.053885767718338196,0.002903675962594699,-0.2607422,0.20349121,0.4642334,-0.03717192427979575,0.054485258510399114,False,False
510,esm2_0511,-0.003284581625765886,0.08602964634443563,0.007401100050148667,-0.29418945,0.23034668,0.52453613,-0.0012394143475426569,0.0857883987684237,False,False
511,esm2_0512,-0.09635302388046214,0.053876758151613434,0.0029027050689274443,-0.27075195,0.18273926,0.4534912,-0.09473629395167033,0.054305233276637846,False,False
512,esm2_0513,0.03329860224707939,0.06382211657279545,0.004073262563831492,-0.10699463,0.25561523,0.36260986,0.032224740087985995,0.06226206043961642,False,False
513,esm2_0514,-0.052712090669011696,0.03961840264687886,0.0015696178282902178,-0.19348145,0.11602783,0.30950928,-0.051952464712990656,0.040038701600368584,False,False
514,esm2_0515,0.06796507565480359,0.05826128751962404,0.0033943776234442997,-0.15039062,0.2388916,0.38928223,0.06705157359441122,0.05835179639764769,False,False
515,esm2_0516,-0.0642996712874096,0.04407036976787046,0.0019421974914768307,-0.2133789,0.20043945,0.41381836,-0.06444395846790738,0.04386769150541036,False,False
516,esm2_0517,-0.06737250771030337,0.05584716816802502,0.003118906192387667,-0.21496582,0.21960449,0.4345703,-0.06606844200028314,0.05629222547627202,False,False
517,esm2_0518,-0.05082051120243644,0.06732121041154647,0.004532145371275714,-0.29003906,0.12585449,0.41589355,-0.04996883894006411,0.06658859905180199,False,False
518,esm2_0519,-0.011617142008359107,0.05278886401789065,0.0027866641642993505,-0.17175293,0.30029297,0.4720459,-0.01211046857966317,0.052599733248903886,False,False
519,esm2_0520,-0.039018906644658166,0.0545189206694533,0.002972312710962142,-0.27124023,0.097961426,0.36920166,-0.039328390939368144,0.054454662407765475,False,False
520,esm2_0521,-0.06525165504144378,0.056912011827732464,0.0032389770902799602,-0.24707031,0.17456055,0.42163086,-0.06403931222028203,0.05703066383605554,False,False
521,esm2_0522,-0.13770914236528098,0.05747644841621833,0.003303542122542207,-0.42871094,0.0236969,0.45240784,-0.13789874447716607,0.05588573103598401,False,False
522,esm2_0523,0.009800571183385648,0.07844788918591865,0.0061540713177261714,-0.23205566,0.1505127,0.38256836,0.0119896219836341,0.07747570807526899,False,False
523,esm2_0524,-0.0745513881086377,0.05581469312230565,0.0031152799683371534,-0.2265625,0.14379883,0.37036133,-0.07464872002601623,0.056138780389210254,False,False
524,esm2_0525,-0.06473955846123902,0.05352083446226128,0.002864479721536775,-0.23571777,0.12780762,0.3635254,-0.06363844060235553,0.05418184969754574,False,False
525,esm2_0526,-0.17196812772592085,0.04482088439451143,0.0020089116779061582,-0.30517578,0.030715942,0.33589172,-0.1712786144680447,0.0454324757516356,False,False
526,esm2_0527,-0.008354117682453794,0.05176782782089574,0.002679907997293907,-0.121276855,0.16564941,0.28692627,-0.009694933891296387,0.051254028016625826,False,False
527,esm2_0528,0.026105491884805255,0.06273663273849725,0.003935885087365085,-0.23986816,0.19604492,0.4359131,0.026326363782087962,0.06384931960758226,False,False
528,esm2_0529,0.0046133584902103945,0.059587842842924,0.003550711014673009,-0.13061523,0.20483398,0.33544922,0.0032162265645133124,0.05894862144298705,False,False
529,esm2_0530,0.0128597467641587,0.062432217507445986,0.0038977817828970453,-0.22473145,0.1538086,0.37854004,0.012452624986569088,0.06123618233563958,False,False
530,esm2_0531,0.03531293360956766,0.0448307361713115,0.0020097949056617375,-0.105651855,0.19396973,0.29962158,0.03524300323592292,0.045491568143834094,False,False
531,esm2_0532,0.10691668905243361,0.04098075122740501,0.0016794219711624573,-0.08758545,0.22485352,0.31243896,0.10675230688518948,0.04113659245522869,False,False
532,esm2_0533,-0.03536783788894839,0.052701002221351816,0.002777395635134929,-0.23327637,0.20922852,0.44250488,-0.035490984386867944,0.0533396202390963,False,False
533,esm2_0534,-0.010717395738544527,0.04166508087852233,0.0017359789646138075,-0.34985352,0.111328125,0.46118164,-0.009569744682974286,0.04066036114109916,False,False
534,esm2_0535,0.09465685404101169,0.06181416210072455,0.003820990636214652,-0.19274902,0.2626953,0.45544434,0.09334160718652937,0.061801956138518896,False,False
535,esm2_0536,0.037728132338952544,0.0451415501562224,0.0020377595505067427,-0.234375,0.15063477,0.38500977,0.03776916273766094,0.045628122900033416,False,False
536,esm2_0537,-0.060591454643520476,0.06576151492125831,0.00432457684473888,-0.21350098,0.21411133,0.4276123,-0.06200331631633971,0.06586865803702123,False,False
537,esm2_0538,0.03495198064850649,0.05825743061078021,0.0033939282213698713,-0.12182617,0.2956543,0.41748047,0.0344589082731141,0.05817050171931604,False,False
538,esm2_0539,0.005350747595352021,0.0706413741038127,0.00499020373527482,-0.31860352,0.17883301,0.49743652,0.0068635048137770755,0.07025957374926657,False,False
539,esm2_0540,0.01593924322879804,0.05445549064045456,0.002965400460892634,-0.19433594,0.20239258,0.39672852,0.015344187451733483,0.054487462343020564,False,False
540,esm2_0541,-0.04914313111532806,0.06001573949429382,0.0036018889870469387,-0.27685547,0.1517334,0.42858887,-0.049695325560039944,0.06006445228918826,False,False
541,esm2_0542,0.1103221809162813,0.06052793196707179,0.003663630548210471,-0.2541504,0.24865723,0.5028076,0.11019657618469662,0.06198877159716637,False,False
542,esm2_0543,0.03761002126994329,0.04378201412274338,0.0019168647606441008,-0.1227417,0.22033691,0.3430786,0.03766705203387472,0.044924846151733235,False,False
543,esm2_0544,0.023139369606839433,0.048706901139687106,0.002372362218631253,-0.1182251,0.21044922,0.32867432,0.022886466317706636,0.04893071931244542,False,False
544,esm2_0545,-0.09294273453732574,0.05720049388681218,0.0032718965008952374,-0.2524414,0.15148926,0.40393066,-0.09163160936699974,0.0569185339172138,False,False
545,esm2_0546,-0.05666063965756144,0.042775300224941186,0.0018297263093338533,-0.22802734,0.111572266,0.3395996,-0.05675460621714592,0.04350824788962546,False,False
546,esm2_0547,0.038243306728367274,0.050427268440419226,0.002542909402362101,-0.13842773,0.2607422,0.39916992,0.04097630381584168,0.0500734224500031,False,False
547,esm2_0548,-0.008777938196053119,0.05316024999347611,0.0028260121793688767,-0.18151855,0.16870117,0.35021973,-0.008114515410529242,0.05359385299059195,False,False
548,esm2_0549,-0.005351099004756068,0.06166667134321314,0.003802778354551864,-0.15795898,0.3112793,0.46923828,-0.005818732248412238,0.06153359151423709,False,False
549,esm2_0550,-0.020742262110990638,0.04624312272658806,0.002138426399506285,-0.20617676,0.1706543,0.37683105,-0.02134907775455051,0.04597091294488302,False,False
550,esm2_0551,-0.03432496194701878,0.05131657144234765,0.00263339050459757,-0.15185547,0.17834473,0.3302002,-0.03403918403718206,0.050910828287336216,False,False
551,esm2_0552,0.07256588025574678,0.04221949416465772,0.0017824856875195672,-0.03768921,0.24133301,0.27902222,0.07190933724244436,0.042472550524261674,False,False
552,esm2_0553,-0.00749655218420759,0.0474219467635887,0.0022488410348486406,-0.20825195,0.13232422,0.34057617,-0.0075783270100752516,0.04797431552452149,False,False
553,esm2_0554,-0.006592836417051055,0.0670480677083578,0.0044954433834245335,-0.19665527,0.26098633,0.4576416,-0.006921397480699751,0.06670644171888207,False,False
554,esm2_0555,0.06379235412648462,0.07937569297046214,0.006300500634541073,-0.20874023,0.2524414,0.46118164,0.06424702207247417,0.078312414831919,False,False
555,esm2_0556,-0.03340463249320857,0.059750985099268246,0.0035701802203329763,-0.24633789,0.24621582,0.4925537,-0.03592370566394594,0.059109701625631186,False,False
556,esm2_0557,-0.11677940995261883,0.05512723058758387,0.0030390115522566426,-0.3774414,0.05886841,0.4363098,-0.11736842526329888,0.05508949318396948,False,False
557,esm2_0558,-0.019570393779301618,0.07008564300039648,0.004911997354779024,-0.18225098,0.2019043,0.38415527,-0.02098027831978268,0.06932427268211379,False,False
558,esm2_0559,0.16302947437061982,0.06701473866658579,0.004490975198550788,-0.091796875,0.3388672,0.43066406,0.16381832361221313,0.06677278803769372,False,False
559,esm2_0560,0.04896331481743071,0.05945455225029665,0.003534843783283255,-0.19421387,0.19372559,0.38793945,0.04807418833176295,0.06003926025548384,False,False
560,esm2_0561,-0.00670390507489542,0.04422519029350328,0.0019558674564965767,-0.1538086,0.18847656,0.34228516,-0.006628674930996365,0.04482164155615951,False,False
561,esm2_0562,-0.04925631471267683,0.04548364197419877,0.0020687616872370963,-0.15576172,0.23596191,0.39172363,-0.04851534830199348,0.04602637961784561,False,False
562,esm2_0563,-0.07704059490220792,0.05355013774196603,0.0028676172521835343,-0.24169922,0.18188477,0.42358398,-0.07665012131134669,0.05322956166098704,False,False
563,esm2_0564,-0.011818868206290902,0.054594058535950556,0.0029805112274267956,-0.23999023,0.1270752,0.36706543,-0.011639919380346935,0.05469411424385017,False,False
564,esm2_0565,0.06292037455805398,0.057863586326749074,0.003348194622593142,-0.14331055,0.24816895,0.3914795,0.06290368768903944,0.05740050768935748,False,False
565,esm2_0566,-0.03209946052348045,0.06012740155485833,0.0036153044177391802,-0.28515625,0.15429688,0.43945312,-0.03176499174700843,0.06042534264853248,False,False
566,esm2_0567,-0.10045688980559794,0.048330817800562954,0.002335867949271213,-0.23291016,0.16564941,0.39855957,-0.09988378948635525,0.049415359191968766,False,False
567,esm2_0568,0.009664776454887433,0.07191115731280961,0.0051712145460676515,-0.15722656,0.29174805,0.4489746,0.010555693341626062,0.07209906609064973,False,False
568,esm2_0569,-0.047928961281241904,0.05836412573670376,0.0034063711730097667,-0.27905273,0.17382812,0.45288086,-0.047546953376796514,0.05808864645643369,False,False
569,esm2_0570,0.0804299747242647,0.05001761896648242,0.0025017622070762223,-0.109191895,0.28076172,0.3899536,0.08140785362985399,0.0508192741703979,False,False
570,esm2_0571,-0.04852626723269379,0.04196325680748969,0.0017609149218913297,-0.22753906,0.0826416,0.31018066,-0.048714475830396016,0.041813572738990966,False,False
571,esm2_0572,0.02057301277061149,0.07592954833217315,0.005765296309927817,-0.17114258,0.41259766,0.58374023,0.01931352002753152,0.07594259853375089,False,False
572,esm2_0573,0.01092833035794003,0.05762223395449365,0.003320321845906401,-0.17871094,0.2479248,0.42663574,0.01033967418803109,0.057951664274987255,False,False
573,esm2_0574,0.033869706367149734,0.0626577879895374,0.003925998395741817,-0.14953613,0.16442871,0.31396484,0.03444370850920677,0.06179830812785555,False,False
574,esm2_0575,0.02460762160467387,0.05331550758101467,0.002842543348621233,-0.20935059,0.17907715,0.38842773,0.02416103316677941,0.05284814859243382,False,False
575,esm2_0576,0.16788610951617344,0.058385455787962004,0.003408861447568066,-0.057647705,0.3461914,0.4038391,0.16784541341993545,0.05944852225755875,False,False
576,esm2_0577,0.014485837285976431,0.10261958798196825,0.010530779837588922,-0.28027344,0.24560547,0.5258789,0.015231233918004565,0.10130790392157937,False,False
577,esm2_0578,0.031795738142947116,0.0475076227730163,0.002256974221543217,-0.19702148,0.24353027,0.44055176,0.03159448686573241,0.04786340619210481,False,False
578,esm2_0579,-0.050674197544136004,0.04893019421074299,0.0023941639055010265,-0.23168945,0.09063721,0.32232666,-0.049872102671199375,0.04882688559710805,False,False
579,esm2_0580,-0.005286877480781039,0.05533078895391718,0.0030614962062629233,-0.16503906,0.20349121,0.36853027,-0.006018138262960646,0.055539932526825965,False,False
580,esm2_0581,-0.15189730763832288,0.05609751424302632,0.0031469311042465415,-0.34179688,0.11053467,0.45233154,-0.15317131678263346,0.05589113102564365,False,False
581,esm2_0582,-0.02805497035069947,0.04576773700485323,0.002094685750545412,-0.32177734,0.09893799,0.42071533,-0.02804095016585456,0.04599304755317533,False,False
582,esm2_0583,0.012483665006406828,0.041091223546338575,0.0016884886525351697,-0.11834717,0.1505127,0.26885986,0.01141241979267862,0.04101373758467714,False,False
583,esm2_0584,0.08354151619393606,0.11743190786559903,0.013790252984954537,-0.7597656,0.33789062,1.0976562,0.0829311630792088,0.11821719065909175,False,False
584,esm2_0585,0.03398672794792946,0.05105685899744038,0.0026068028506845086,-0.15136719,0.18640137,0.33776855,0.033530074937476055,0.051149051003923085,False,False
585,esm2_0586,0.08089277138323683,0.051928630287008955,0.002696582643484864,-0.08508301,0.3227539,0.4078369,0.0806632560160425,0.052827458243960325,False,False
586,esm2_0587,-0.021009411451951513,0.047881054616244166,0.002292595391163757,-0.28710938,0.1149292,0.40203857,-0.021926872101094987,0.04870951486057972,False,False
587,esm2_0588,0.036004047878045224,0.055487089475243556,0.0030788170984336846,-0.12322998,0.21435547,0.33758545,0.0351639825436804,0.05571632051543076,False,False
588,esm2_0589,0.008040346064657535,0.052052128054621796,0.0027094240350147452,-0.19909668,0.13769531,0.336792,0.00798008574379815,0.05230750096724,False,False
589,esm2_0590,0.041986852785061785,0.07148818739271803,0.005110560936696369,-0.119140625,0.31079102,0.42993164,0.040742492510212794,0.07079240381917516,False,False
590,esm2_0591,0.07580350374143476,0.04846081865192969,0.002348450944415216,-0.07562256,0.20959473,0.2852173,0.07590737872653537,0.04868257862214852,False,False
591,esm2_0592,0.049703139443773275,0.05262542186826101,0.0027694350268124444,-0.16149902,0.20922852,0.37072754,0.050618342889679806,0.05283336916221775,False,False
592,esm2_0593,-0.07205991078164019,0.04583398665629303,0.002100754332809247,-0.18896484,0.16369629,0.35266113,-0.07156677842140198,0.04578540183084281,False,False
593,esm2_0594,-0.1137331415889795,0.04885181198567867,0.002386499534284098,-0.2529297,0.20361328,0.45654297,-0.11461147235499489,0.048646554806289384,False,False
594,esm2_0595,0.1159270293969293,0.051000112826411044,0.002601011508306656,-0.07220459,0.2980957,0.3703003,0.11616724994447496,0.051612409533564794,False,False
595,esm2_0596,0.08120094353827202,0.08892475017553438,0.007907611193781201,-0.1772461,0.27026367,0.44750977,0.08212725851270887,0.08857005578521339,False,False
596,esm2_0597,-0.03310499465161238,0.04171858002933502,0.0017404399196640308,-0.16113281,0.09466553,0.25579834,-0.03266570924056901,0.04225695372064434,False,False
597,esm2_0598,0.0979245156215113,0.047312074817944534,0.0022384324235787813,-0.082458496,0.2783203,0.3607788,0.09725188215573628,0.0483133803064106,False,False
598,esm2_0599,0.034191994899914875,0.057734698856788856,0.0033332954520840967,-0.14025879,0.31860352,0.4588623,0.034906136161751214,0.05739168211143756,False,False
599,esm2_0600,-0.024674369809894795,0.04853136472556083,0.0023552933621254096,-0.16809082,0.16320801,0.33129883,-0.02361471876502037,0.04845889779184385,False,False
600,esm2_0601,-0.11273369117000127,0.08382483131108981,0.007026602344332662,-0.2902832,0.14477539,0.4350586,-0.1143897963894738,0.08376975408363793,False,False
601,esm2_0602,-0.0008564565607763157,0.04948474783138669,0.00244874026793593,-0.14404297,0.1652832,0.30932617,0.0001296768585840861,0.04906503970192276,False,False
602,esm2_0603,0.061856104187113334,0.05732265770031463,0.00328588708582744,-0.12414551,0.24523926,0.36938477,0.06274893350071377,0.05777609232978712,False,False
603,esm2_0604,0.02844352191613861,0.05712982047660686,0.0032638163876893287,-0.24682617,0.24780273,0.4946289,0.02821844509906239,0.057387680890048746,False,False
604,esm2_0605,0.006133902019983391,0.0811787236433519,0.006589985172363699,-0.18200684,0.24450684,0.42651367,0.004231206327676773,0.08077058105587866,False,False
605,esm2_0606,-0.09932944883120047,0.057566346663385615,0.003313884268169088,-0.26879883,0.111328125,0.38012695,-0.09927450683381822,0.05811978105397986,False,False
606,esm2_0607,-0.04915186733040508,0.05237716772549228,0.0027433676989443503,-0.18969727,0.16235352,0.35205078,-0.05016248499353727,0.05204015766480929,False,False
607,esm2_0608,0.0076763393082444065,0.049662763021063205,0.0024663900308862833,-0.16003418,0.31762695,0.47766113,0.00807824002371894,0.050492709925928615,False,False
608,esm2_0609,-0.05808792156596295,0.05395715494116418,0.0029113745693447983,-0.25195312,0.13256836,0.38452148,-0.05806936422983806,0.05332231243447342,False,False
609,esm2_0610,0.0008718497745204845,0.08432526242392653,0.007110749882864076,-0.1694336,0.26708984,0.43652344,-0.0008342246214548747,0.0833485411423118,False,False
610,esm2_0611,0.10874715258887288,0.048565787874047306,0.0023586357518269605,-0.13220215,0.29003906,0.4222412,0.11008438467979431,0.04788275094428055,False,False
611,esm2_0612,-0.055290266292605895,0.054064499586569344,0.002922970115546157,-0.34545898,0.20275879,0.5482178,-0.05465048394269413,0.05509148686228763,False,False
612,esm2_0613,-0.05497377059038948,0.04878396758085956,0.0023798754929303563,-0.2446289,0.13232422,0.37695312,-0.05587433162662718,0.04909204832391485,False,False
613,esm2_0614,-0.1247662767585983,0.04704423847507889,0.0022131603737000926,-0.27197266,0.07348633,0.34545898,-0.1237475315729777,0.047912310886018765,False,False
614,esm2_0615,0.011428987807888832,0.056217951533324234,0.0031604580746031922,-0.20629883,0.18786621,0.39416504,0.009986814194255405,0.055182515512751475,False,False
615,esm2_0616,0.0520963797161767,0.09326663774178234,0.00869866571565686,-0.2121582,0.24499512,0.45715332,0.053108778099219,0.09192240967005093,False,False
616,esm2_0617,0.10881524781937339,0.05338627898345272,0.002850094783699045,-0.15270996,0.25097656,0.40368652,0.10828232847981983,0.05375544354730302,False,False
617,esm2_0618,-0.02461066435232808,0.040783937492037084,0.001663329557354388,-0.14282227,0.1439209,0.28674316,-0.025066112644142574,0.040583701404236575,False,False
618,esm2_0619,-0.005937941397202266,0.0558060198358728,0.003114311849921828,-0.16223145,0.22888184,0.39111328,-0.006572431243128247,0.056034397739402934,False,False
619,esm2_0620,-0.08348076986552079,0.09454159319692516,0.008938112844212885,-0.30444336,0.23400879,0.53845215,-0.08469451599650912,0.09432847641413046,False,False
620,esm2_0621,0.060140779161294476,0.040917690379007624,0.0016742573859523328,-0.101989746,0.15039062,0.25238037,0.06072394433948729,0.04118931041165501,False,False
621,esm2_0622,-0.04138150940195437,0.045910572270537256,0.002107780646208224,-0.26782227,0.16455078,0.43237305,-0.04062029057078891,0.04573938366611858,False,False
622,esm2_0623,-0.05960157636003145,0.06590664568171242,0.004343685945014783,-0.33398438,0.095214844,0.42919922,-0.059561936143371796,0.06637500632468143,False,False
623,esm2_0624,-0.058853637365072334,0.04879101227293586,0.002380562878617778,-0.36791992,0.081604004,0.44952393,-0.059788301918241714,0.04857735262469665,False,False
624,esm2_0625,-0.024277900485166832,0.05031278667508185,0.002531376503012294,-0.17602539,0.11029053,0.28631592,-0.025834550129042733,0.04951899754250141,False,False
625,esm2_0626,0.021813067955923134,0.05846647728350448,0.0034183289659425456,-0.10406494,0.36206055,0.4661255,0.022386147412988874,0.05902820886904836,False,False
626,esm2_0627,0.07176610314753423,0.06863448233429174,0.004710692165296206,-0.32836914,0.21496582,0.54333496,0.07209614548418257,0.06916331225218755,False,False
627,esm2_0628,0.028748146569424544,0.048554260052571595,0.00235751616925275,-0.15625,0.24975586,0.40600586,0.028558107879426746,0.04891544627003256,False,False
628,esm2_0629,-0.02127311754967608,0.06229099797550481,0.003880168428784344,-0.2331543,0.14123535,0.37438965,-0.019189994782209396,0.06271418765299101,False,False
629,esm2_0630,-0.17007573516202157,0.0602010107886967,0.0036241616999807763,-0.31323242,0.09436035,0.40759277,-0.1702444076538086,0.0590677487899525,False,False
630,esm2_0631,0.08884168914896534,0.04398766729648114,0.0019349148741859164,-0.055480957,0.25097656,0.30645752,0.09014260768890381,0.04460225283151744,False,False
631,esm2_0632,-0.0821834854227589,0.05161313667189343,0.00266391587711155,-0.22729492,0.18225098,0.4095459,-0.08191152413686116,0.050692557397189454,False,False
632,esm2_0633,0.09175941496922094,0.05080827282686586,0.002581480587649236,-0.12512207,0.27368164,0.3988037,0.09179093705283271,0.051285004447157403,False,False
633,esm2_0634,0.09535593039187687,0.03894081976446864,0.0015163874439288315,-0.05847168,0.20495605,0.26342773,0.09604881074693468,0.03800069774379314,False,False
634,esm2_0635,0.02059860168630619,0.06358483553959944,0.0040430313105979075,-0.21252441,0.3178711,0.5303955,0.019097430341773563,0.06449758354363219,False,False
635,esm2_0636,0.07597613195732617,0.057069485739301935,0.0032569262025483867,-0.103881836,0.30371094,0.40759277,0.07712960930334198,0.05810404570107936,False,False
636,esm2_0637,0.031327944484587915,0.045187372667143295,0.002041898648559289,-0.14794922,0.24658203,0.39453125,0.03161715782350964,0.045868510658323494,False,False
637,esm2_0638,-0.03153930778111787,0.04263975110562642,0.0018181483743497698,-0.19067383,0.08148193,0.27215576,-0.0322940640979343,0.04199611772257999,False,False
638,esm2_0639,0.02584455968537156,0.04448605767886195,0.0019790093278070323,-0.13330078,0.20288086,0.33618164,0.024999846352471246,0.044374482295444884,False,False
639,esm2_0640,0.011534119750498138,0.12770825844403966,0.01630939927480963,-0.25952148,0.4880371,0.7475586,0.008657024883561664,0.12615029349410475,False,False
640,esm2_0641,0.07115263335580434,0.053448237393176216,0.00285671408043732,-0.20373535,0.23596191,0.43969727,0.0717613223526213,0.05379618424192447,False,False
641,esm2_0642,-0.007696653245953423,0.07043586888401383,0.004961211625445988,-0.2861328,0.123413086,0.4095459,-0.007944588942660227,0.07073415202652976,False,False
642,esm2_0643,0.029218717499922435,0.045412151137334565,0.002062263470920117,-0.116882324,0.26660156,0.3834839,0.028693683445453644,0.045264640418590726,False,False
643,esm2_0644,0.12102073517015056,0.05783284672399491,0.0033446381602010894,-0.060424805,0.34545898,0.4058838,0.12196232742733426,0.0570925693415532,False,False
644,esm2_0645,-0.008530941509644807,0.06166344792623723,0.0038023808101517705,-0.23510742,0.29223633,0.52734375,-0.007166594846381082,0.06184844115677049,False,False
645,esm2_0646,-0.0017976775418111143,0.04446410334941387,0.0019770564866673575,-0.18640137,0.11291504,0.2993164,-0.0028383935491244,0.044680926452318775,False,False
646,esm2_0647,0.1304747727549698,0.07776658047616973,0.006047641038956584,-0.14440918,0.33007812,0.4744873,0.13155055377218458,0.07917754007281232,False,False
647,esm2_0648,0.0013492908514829375,0.04469623319928668,0.0019977532622050165,-0.1361084,0.16320801,0.2993164,0.00035455524921417235,0.045338887950738836,False,False
648,esm2_0649,-0.15520454365987493,0.0633828325017265,0.004017383455941916,-0.37329102,0.01776123,0.39105225,-0.15388590412007438,0.06230172150571796,False,False
649,esm2_0650,0.008808120241704976,0.05416745425491672,0.0029341131004584956,-0.21777344,0.23400879,0.45178223,0.007971149186293285,0.05447760333886655,False,False
650,esm2_0651,0.09361504397037688,0.045796213306714524,0.0020972931532340965,-0.10601807,0.22351074,0.3295288,0.09239375061459011,0.04650568226488931,False,False
651,esm2_0652,0.13977946028460672,0.050995050667847826,0.002600495192616367,-0.03036499,0.3112793,0.3416443,0.1398670964770847,0.05074726202388096,False,False
652,esm2_0653,-0.0711776614189148,0.05206910211809676,0.0027111913953847887,-0.2758789,0.08087158,0.3567505,-0.07165750058160889,0.05245037616398732,False,False
653,esm2_0654,-0.009155491877607712,0.07591596354008551,0.005763233520219592,-0.20300293,0.20056152,0.40356445,-0.010976856615808274,0.0739661643770756,False,False
654,esm2_0655,0.017987584432671788,0.0448537167759919,0.0020118559086208967,-0.17175293,0.29492188,0.4666748,0.018132857150501676,0.04472220896560812,False,False
655,esm2_0656,-0.24034670071384884,0.11177174291487967,0.012492922514229954,-0.44726562,0.12927246,0.5765381,-0.24201713667975533,0.11069949466066765,False,False
656,esm2_0657,0.17512591591685778,0.07094773712856496,0.005033581403663954,-0.04650879,0.4033203,0.4498291,0.17429568767547607,0.06970511590032949,False,False
657,esm2_0658,-0.027731909206784127,0.05930763419748977,0.003517395474103258,-0.21960449,0.13183594,0.35144043,-0.02879576923118697,0.058885822721640745,False,False
658,esm2_0659,-0.03074416356134362,0.05909297722847185,0.0034919799577246926,-0.20861816,0.16699219,0.37561035,-0.03082900047302246,0.059468911280369935,False,False
659,esm2_0660,0.07514078509926664,0.06446253139876985,0.00415541795433739,-0.12731934,0.32250977,0.4498291,0.07497647909654512,0.06451111585015692,False,False
660,esm2_0661,0.06465835682427579,0.06386234730628085,0.004078399403468037,-0.1772461,0.20690918,0.38415527,0.06458766890896692,0.06286940720765351,False,False
661,esm2_0662,-0.009081766158176977,0.048817100305435984,0.002383109282230998,-0.38452148,0.13562012,0.5201416,-0.010271448890368145,0.049799616249182665,False,False
662,esm2_0663,-0.07166424813731,0.08476130572053271,0.007184478947449611,-0.25854492,0.15710449,0.4156494,-0.07360334429475997,0.08438410065122576,False,False
663,esm2_0664,0.01617720971229206,0.05958990587655395,0.0035509568823765595,-0.3935547,0.15686035,0.55041504,0.016155463457107545,0.06100817666606389,False,False
664,esm2_0665,-0.05492128747681799,0.0852002010397548,0.007259074257214636,-0.19348145,0.21520996,0.4086914,-0.05634072091844347,0.08483828463585517,False,False
665,esm2_0666,-0.04197392995561267,0.05523476654908846,0.0030508794357323016,-0.2775879,0.12646484,0.40405273,-0.043593964146243204,0.05558769586629348,False,False
666,esm2_0667,-0.031254652734601936,0.0583433833418451,0.003403950379773488,-0.18054199,0.13781738,0.31835938,-0.029718808664215935,0.058341579332045736,False,False
667,esm2_0668,-0.007280400405316453,0.049777710746016245,0.002477820487114061,-0.20800781,0.35253906,0.5605469,-0.007486718561914232,0.05058111344570993,False,False
668,esm2_0669,0.015558624108808816,0.05084330764681226,0.002585041932468398,-0.12310791,0.17883301,0.30194092,0.015243421743313472,0.05100678486962439,False,False
669,esm2_0670,0.0033560116732954054,0.05742947970793654,0.0032981451395242946,-0.1472168,0.18249512,0.3297119,0.002194176779852973,0.05841502925725883,False,False
670,esm2_0671,0.016908046540356634,0.06288376687453696,0.003954368136331113,-0.1842041,0.19165039,0.3758545,0.017798282702763877,0.06304333885915245,False,False
671,esm2_0672,-0.06186196436231065,0.04842960653273278,0.0023454267889153136,-0.25805664,0.087524414,0.34558105,-0.06165147225062052,0.04891008195113411,False,False
672,esm2_0673,0.04408086589914845,0.05481407976489445,0.003004583340472211,-0.14465332,0.27319336,0.41784668,0.04391931543747584,0.054901512664520334,False,False
673,esm2_0674,0.0007322516610699145,0.057986698236775866,0.003362457172402905,-0.23657227,0.16210938,0.39868164,0.00202737409207556,0.05875516041873685,False,False
674,esm2_0675,-0.06046105648383713,0.04476521551801019,0.0020039245203739,-0.22668457,0.1274414,0.35412598,-0.059937007559670345,0.045998531396809574,False,False
675,esm2_0676,0.012200038520398072,0.05187912807739849,0.002691443930071116,-0.18395996,0.19787598,0.38183594,0.010801067617204453,0.051664608588843676,False,False
676,esm2_0677,0.0794771670236704,0.07989525132306252,0.006383251183975324,-0.2763672,0.24438477,0.52075195,0.08074823452366722,0.0777512638967681,False,False
677,esm2_0678,0.07903257604444464,0.07193125022031172,0.005174104758257095,-0.1385498,0.2331543,0.3717041,0.08052024030023151,0.0711098813124997,False,False
678,esm2_0679,0.0938182158951754,0.07159725117295418,0.005126166375523089,-0.091674805,0.26391602,0.35559082,0.09354491233825683,0.07155716515416877,False,False
679,esm2_0680,0.10294588636214143,0.06571158983832821,0.00431801303908068,-0.11627197,0.26757812,0.3838501,0.10365057587623597,0.06525187489100841,False,False
680,esm2_0681,0.08738274791264508,0.048014978830857626,0.0023054381921277056,-0.10632324,0.24975586,0.3560791,0.08683225015799205,0.04842980631115764,False,False
681,esm2_0682,-0.018589277709363965,0.03650816157171696,0.0013328458613465913,-0.1574707,0.109436035,0.26690674,-0.019177995373805365,0.036828099741071325,False,False
682,esm2_0683,0.002752537931109904,0.067524232768344,0.004559522010953503,-0.33422852,0.19030762,0.52453613,0.002971835517221027,0.06870020993030597,False,False
683,esm2_0684,0.06390488610812747,0.08478572092475216,0.007188618472729957,-0.10998535,0.44067383,0.5506592,0.0623558587498135,0.084493767841626,False,False
684,esm2_0685,0.028429631520058552,0.042104969557160796,0.0017728284614094375,-0.15478516,0.17834473,0.33312988,0.028604884445667268,0.042373115560916295,False,False
685,esm2_0686,0.014968775154880097,0.04263456817310142,0.0018177064033068325,-0.16064453,0.17749023,0.33813477,0.014156245440244675,0.04256403003264846,False,False
686,esm2_0687,0.0589274222260707,0.08237687663112554,0.006785949803499677,-0.14208984,0.3359375,0.47802734,0.05638744897312588,0.08286076944697081,False,False
687,esm2_0688,0.06189669819174543,0.05691590976879123,0.003239420784809185,-0.09527588,0.22009277,0.31536865,0.061492313775751324,0.05779989029238922,False,False
688,esm2_0689,0.00765580355657986,0.055086905338938646,0.003034567139821187,-0.27905273,0.18688965,0.46594238,0.0072105399436420865,0.055085787787889244,False,False
689,esm2_0690,-0.07896583299922626,0.08230453784424707,0.006774036949755099,-0.32080078,0.18273926,0.50354004,-0.08017152316040463,0.08271213565383571,False,False
690,esm2_0691,0.31446250297385503,0.17170798219520558,0.029483631149549036,-0.28833008,0.76123047,1.0495605,0.3174362500508626,0.17164330016501175,False,False
691,esm2_0692,0.012897380978100573,0.0527917540184702,0.0027869692923466645,-0.103515625,0.17871094,0.28222656,0.011638504101170434,0.05241175345951234,False,False
692,esm2_0693,-0.04444376385039944,0.05078662558614549,0.0025792813384273275,-0.19873047,0.20239258,0.40112305,-0.044979767666922674,0.0514491663038727,False,False
693,esm2_0694,0.11348752308632769,0.04280266576319514,0.0018320681964357978,-0.06008911,0.25219727,0.31228638,0.11290880839029947,0.043317032856599665,False,False
694,esm2_0695,-0.021623653788677727,0.06595750884896873,0.004350392973561787,-0.23791504,0.23693848,0.47485352,-0.020963616834746467,0.06540637959468577,False,False
695,esm2_0696,-0.02404895712612207,0.045383299766046804,0.002059643897654864,-0.1459961,0.16821289,0.31420898,-0.023263839880625407,0.045060010503747916,False,False
696,esm2_0697,-0.03924961915688298,0.06176729833230299,0.0038151991432717196,-0.25048828,0.14099121,0.3914795,-0.04048581189579434,0.06138165241522862,False,False
697,esm2_0698,-0.05909799636402617,0.06724576709007195,0.004521993191532204,-0.29370117,0.15600586,0.44970703,-0.059307967705859076,0.06728720739318887,False,False
698,esm2_0699,0.11082542908443066,0.05345807051226501,0.0028577653028942977,-0.16784668,0.28759766,0.45544434,0.11125078135066563,0.054269459565185994,False,False
699,esm2_0700,0.07609442111257708,0.05048393889355291,0.002548628086207984,-0.17956543,0.17822266,0.3577881,0.07657988336351183,0.05124509051755003,False,False
700,esm2_0701,0.007680912525884055,0.05802856959435581,0.0033673148891669954,-0.18041992,0.28881836,0.46923828,0.006635652151372698,0.059210889939155464,False,False
701,esm2_0702,0.025206691549303266,0.05608691315974566,0.003145741827788851,-0.23339844,0.21923828,0.45263672,0.024069700804021623,0.05635546248526884,False,False
702,esm2_0703,0.015063320161499803,0.0552786446020883,0.003055728549043986,-0.15588379,0.19946289,0.35534668,0.016076438046163984,0.0560777519963293,False,False
703,esm2_0704,0.040840964404644894,0.0468901550228339,0.0021986866380653953,-0.11651611,0.24035645,0.35687256,0.04004429570502705,0.04568763184086971,False,False
704,esm2_0705,-0.03474126116152477,0.04565983647654097,0.002084820667064461,-0.2854004,0.11151123,0.39691162,-0.03452911972999573,0.04453749726469795,False,False
705,esm2_0706,-0.0034860969251321503,0.055766762193297445,0.0031099317655237896,-0.1928711,0.21813965,0.41101074,-0.0031256662474738227,0.05583741396018997,False,False
706,esm2_0707,-0.024691381610590927,0.07273468780081419,0.0052903348094819076,-0.20410156,0.2121582,0.41625977,-0.02669268043504821,0.07188724214295593,False,False
707,esm2_0708,-0.00906986242923038,0.04448947869553556,0.0019793137146005124,-0.1920166,0.15112305,0.34313965,-0.009112159742249383,0.04538573237331145,False,False
708,esm2_0709,0.012509734993107972,0.055819222567487996,0.0031157856080387615,-0.18286133,0.2709961,0.45385742,0.010782772964901394,0.05547587317768698,False,False
709,esm2_0710,0.1422101194400766,0.068109495722267,0.004638903407541506,-0.10845947,0.2956543,0.40411377,0.14201969901720682,0.06793444446917431,False,False
710,esm2_0711,0.035404571682446276,0.05237883176694075,0.0027435420172694813,-0.14050293,0.17041016,0.3109131,0.036018275055620406,0.05298019006031376,False,False
711,esm2_0712,0.020555273211094967,0.04712223496676424,0.0022205050282629382,-0.19311523,0.18762207,0.3807373,0.01975178031457795,0.04758948592440259,False,False
712,esm2_0713,-0.011994624376032381,0.0467612643046132,0.0021866158393658926,-0.18774414,0.1928711,0.38061523,-0.01001068933142556,0.04660218690784208,False,False
713,esm2_0714,-0.020350559371689978,0.04858146017026295,0.0023601582722748457,-0.20214844,0.12194824,0.32409668,-0.019793338494168387,0.04874671710522142,False,False
714,esm2_0715,-0.043528234257417565,0.07565104236785222,0.005723080211342572,-0.2849121,0.21484375,0.49975586,-0.04399140973885854,0.0761770923100862,False,False
715,esm2_0716,0.013185429784751495,0.07470266870979214,0.0055804887123649585,-0.16711426,0.2524414,0.41955566,0.012646449274486965,0.07521753142204249,False,False
716,esm2_0717,-0.04879125625258942,0.04362353464904942,0.001903012775276815,-0.17944336,0.1616211,0.34106445,-0.04864855259656906,0.044121234449744716,False,False
717,esm2_0718,0.029161526347106358,0.04970628455010953,0.0024707147237764578,-0.20544434,0.16882324,0.37426758,0.028685275465250015,0.04917503684180107,False,False
718,esm2_0719,-0.007374583153295994,0.042631318697926,0.0018174293339241353,-0.1965332,0.17285156,0.36938477,-0.00791976691948043,0.043095986931391994,False,False
719,esm2_0720,0.06058509666038538,0.060047784244538535,0.0036057363926786505,-0.119384766,0.26782227,0.38720703,0.0604145193265544,0.06020080051813744,False,False
720,esm2_0721,0.08194323993814111,0.05312305968956525,0.0028220594707811125,-0.23303223,0.23510742,0.46813965,0.08272214333216349,0.05198579991575324,False,False
721,esm2_0722,0.04051057506480836,0.057463378856045175,0.0033020399095533793,-0.15490723,0.17382812,0.32873535,0.04127452274163564,0.05720680232510711,False,False
722,esm2_0723,0.13740191528455795,0.05899922171347531,0.0034809081627958163,-0.022033691,0.3251953,0.347229,0.13683275646633572,0.05866575221984204,False,False
723,esm2_0724,0.07101565037133559,0.05806231451765082,0.0033712323671466053,-0.1227417,0.22839355,0.35113525,0.0736935920185513,0.05666187881136926,False,False
724,esm2_0725,0.0178359985086947,0.03739720688034004,0.0013985510824509524,-0.12310791,0.1628418,0.2859497,0.017003588378429413,0.037712720946751044,False,False
725,esm2_0726,0.039132300875956955,0.05307383046611754,0.0028168314803461865,-0.2133789,0.23461914,0.44799805,0.03990464814835125,0.05317376702344718,False,False
726,esm2_0727,-0.09123647530520795,0.0680332328544192,0.004628520772623624,-0.3022461,0.08355713,0.38580322,-0.08943511404924923,0.06737276458518207,False,False
727,esm2_0728,-0.01223781866979652,0.04439096200214282,0.0019705575074756877,-0.21838379,0.1459961,0.36437988,-0.012395691126585007,0.04396780881002059,False,False
728,esm2_0729,0.015708330998013206,0.05108402033731447,0.002609577133823158,-0.15209961,0.25463867,0.40673828,0.01568954454527961,0.05113179577191248,False,False
729,esm2_0730,0.07326467002800911,0.05896020251350887,0.0034763054804339776,-0.08453369,0.2697754,0.35430908,0.07376331753200954,0.05929260803165678,False,False
730,esm2_0731,-0.12356123887209199,0.06297316343032633,0.003965619312422589,-0.38305664,0.16931152,0.55236816,-0.12341785165998671,0.06395321728967415,False,False
731,esm2_0732,0.003560760045025113,0.04919939785669179,0.0024205807494610486,-0.24511719,0.16296387,0.40808105,0.003655980361832513,0.04930075146585109,False,False
732,esm2_0733,0.06765547550214118,0.05728735879800657,0.0032818414780515404,-0.042266846,0.36547852,0.40774536,0.06570744845602247,0.055686598646188405,False,False
733,esm2_0734,0.02907667810988347,0.061601119601427605,0.003794697936149388,-0.1796875,0.1854248,0.3651123,0.030289273460706076,0.06085678328951985,False,False
734,esm2_0735,0.03456142739900341,0.050270268360257477,0.0025270998810123036,-0.328125,0.24523926,0.57336426,0.03447604543632931,0.05060438950461378,False,False
735,esm2_0736,0.07566592418128722,0.0681832438538101,0.004648954742428131,-0.10424805,0.30273438,0.40698242,0.07489514135652119,0.06743624270361631,False,False
736,esm2_0737,1.0001967585708669,0.331606190132726,0.10996266533434164,-0.17980957,1.6289062,1.8087158,1.0063583374023437,0.3268721669251235,False,False
737,esm2_0738,0.006368215684753147,0.05571359807911547,0.0031040050109212187,-0.17907715,0.15698242,0.33605957,0.006564284529950884,0.0558984017954865,False,False
738,esm2_0739,-0.10083086046077039,0.07530146456990654,0.005670310566372889,-0.2290039,0.27563477,0.5046387,-0.10161754704184002,0.07440076558722566,False,False
739,esm2_0740,-0.07646743253650728,0.0449024030340562,0.0020162257982328196,-0.26953125,0.07800293,0.34753418,-0.07594748867882622,0.04429038077614281,False,False
740,esm2_0741,0.04620586926082395,0.050765676351790315,0.0025771538954547225,-0.15466309,0.22155762,0.3762207,0.04607001261578666,0.0509680596084472,False,False
741,esm2_0742,0.04433253708478481,0.08896231842189073,0.007914294098997878,-0.2232666,0.24316406,0.46643066,0.046492103735605875,0.0887204609915553,False,False
742,esm2_0743,0.06277008505163924,0.05411353064869726,0.002928274199267498,-0.13366699,0.26660156,0.40026855,0.0620852171546883,0.05492403427804612,False,False
743,esm2_0744,-0.11505525861014007,0.05891338562616705,0.0034707870059374657,-0.26513672,0.06866455,0.33380127,-0.11312712132930755,0.05877237413857667,False,False
744,esm2_0745,-0.04142243854213634,0.04927420499537006,0.0024279472779257516,-0.23046875,0.109558105,0.34002686,-0.041312488913536075,0.048360452881058835,False,False
745,esm2_0746,-0.04847590772478483,0.08304508208561234,0.0068964856586060915,-0.42797852,0.1751709,0.6031494,-0.050989269216855364,0.08325987725214824,False,False
746,esm2_0747,0.008724232360340249,0.06471250077003482,0.0041877077559117565,-0.24621582,0.32958984,0.57580566,0.008059518287579219,0.06595979166653519,False,False
747,esm2_0748,0.020168843597471384,0.047259672068985556,0.0022334766040680537,-0.11254883,0.16662598,0.2791748,0.01938157876332601,0.0469949693345797,False,False
748,esm2_0749,0.07384588768691254,0.053101969481304176,0.0028198191627933603,-0.14379883,0.36279297,0.5065918,0.07192699909210205,0.05371806903714203,False,False
749,esm2_0750,0.036825850854041706,0.07465295625177101,0.005573063877128836,-0.2722168,0.23376465,0.50598145,0.03724400020307965,0.07515404809985517,False,False
750,esm2_0751,0.031968532008150974,0.055764195473940036,0.0031096454968557946,-0.19238281,0.2109375,0.4033203,0.031607895178927314,0.05599989524308786,False,False
751,esm2_0752,0.03161326404681613,0.03962969052371196,0.0015705123710051856,-0.10003662,0.18005371,0.28009033,0.030232176350222694,0.03964203775035184,False,False
752,esm2_0753,0.04229279138668793,0.11155223959410968,0.012443902158461652,-0.37231445,0.27368164,0.6459961,0.04477199133899477,0.11076536740391135,False,False
753,esm2_0754,-0.03396370785350143,0.04040684474326352,0.0016327131021062027,-0.17895508,0.21582031,0.3947754,-0.03326942465371556,0.040780210531140275,False,False
754,esm2_0755,0.01315557831003187,0.08392472157317833,0.007043358891135505,-0.29467773,0.31396484,0.6086426,0.012038174188799329,0.08610013974621467,False,False
755,esm2_0756,0.07461140489207785,0.076571915204681,0.005863258198112857,-0.27001953,0.25610352,0.52612305,0.07502015762858921,0.07624150092057258,False,False
756,esm2_0757,-0.07053682277522791,0.058297963289380236,0.0033986525236899255,-0.18908691,0.1472168,0.3363037,-0.07087957693470849,0.05948394361746783,False,False
757,esm2_0758,0.04833964198066974,0.045429400013423084,0.002063830385579605,-0.103759766,0.22766113,0.3314209,0.04783038977119658,0.04626309698392633,False,False
758,esm2_0759,-0.09434395545595362,0.05660403474930055,0.003204016749900024,-0.29296875,0.15966797,0.45263672,-0.09370288517740037,0.05663353268724843,False,False
759,esm2_0760,0.005227377226826354,0.05794761125127662,0.003357925649729081,-0.22058105,0.19519043,0.41577148,0.0049297786421246,0.05754104668339746,False,False
760,esm2_0761,-0.07187932471720943,0.08567929404283364,0.0073409414276783495,-0.32641602,0.2388916,0.5653076,-0.07443333797984653,0.0849387071268234,False,False
761,esm2_0762,0.03480090179401021,0.052823955273820264,0.002790370250770564,-0.14221191,0.25390625,0.39611816,0.03466494944360521,0.05373905893781274,False,False
762,esm2_0763,0.052980467958270376,0.057486298686836426,0.0033046745367121717,-0.10839844,0.3251953,0.43359375,0.05146670805083381,0.05758350364082423,False,False
763,esm2_0764,-0.005875874637366664,0.06031665669112341,0.0036380990743948424,-0.18444824,0.18164062,0.36608887,-0.005480710003111098,0.05995439161661825,False,False
764,esm2_0765,0.03358994683997083,0.057212611452819445,0.0032732829092512864,-0.21520996,0.1965332,0.41174316,0.03318872650464376,0.058043789273017135,False,False
765,esm2_0766,-0.005756848792521724,0.04908629438705675,0.002409464296652799,-0.20227051,0.20227051,0.40454102,-0.004431105487876468,0.04884076835944441,False,False
766,esm2_0767,-0.040371157882216235,0.040794545087102854,0.0016641949088636678,-0.20812988,0.13012695,0.33825684,-0.03968696958488888,0.04075662983755583,False,False
767,esm2_0768,-0.04170916387428851,0.0661011044391382,0.004369356008073856,-0.26660156,0.18249512,0.44909668,-0.04283189235462083,0.06689188862658614,False,False
768,esm2_0769,-0.03538004241958178,0.0558082630593297,0.0031145622256993437,-0.24523926,0.19262695,0.4378662,-0.0354937370452616,0.05544021231713835,False,False
769,esm2_0770,-0.017612314846089626,0.05549116408353454,0.0030792692913457543,-0.28149414,0.1239624,0.40545654,-0.016467480195893183,0.05574620103258644,False,False
770,esm2_0771,0.05363064336194579,0.04594098089682871,0.0021105737257627803,-0.19641113,0.19384766,0.3902588,0.054432560006777445,0.045371049264032695,False,False
771,esm2_0772,-0.0002304920213468596,0.0440156763410891,0.0019373797637635107,-0.15246582,0.17236328,0.3248291,-0.00012756023142072889,0.044319865032328515,False,False
772,esm2_0773,0.06673868157622817,0.05914461070599797,0.0034980849755640495,-0.16455078,0.29248047,0.45703125,0.0665131785803371,0.05946776772021795,False,False
773,esm2_0774,-0.021220982802430215,0.04371797117106406,0.001911261003313988,-0.22741699,0.13452148,0.36193848,-0.02204720675945282,0.04423904695509491,False,False
774,esm2_0775,-0.0559495859484826,0.047476850860656936,0.0022540513676450615,-0.2265625,0.119140625,0.34570312,-0.05548291686508391,0.04747391813979576,False,False
775,esm2_0776,0.05451662400189568,0.04828317958609431,0.002331265430943034,-0.11956787,0.24902344,0.3685913,0.05613250599967109,0.048133720613751235,False,False
776,esm2_0777,0.04470876881337986,0.06721978064948839,0.004518498910565333,-0.15209961,0.30908203,0.46118164,0.04292820236749119,0.06668915971897052,False,False
777,esm2_0778,-0.08929183612785381,0.05017949718739503,0.0025179819379797853,-0.31811523,0.03918457,0.3572998,-0.08916722668541802,0.05018886846882176,False,False
778,esm2_0779,-0.0016465853903851948,0.05644779035422176,0.003186353035874171,-0.20666504,0.17797852,0.38464355,-0.002245344552728865,0.056672947292634265,False,False
779,esm2_0780,-0.0596538230396402,0.04277363687361643,0.0018295840113959991,-0.21875,0.1171875,0.3359375,-0.060478483306037056,0.043022259907867705,False,False
780,esm2_0781,-0.037378342315703465,0.05745212842195021,0.0033007470602122594,-0.31274414,0.1295166,0.44226074,-0.03545165451036559,0.05755047083512242,False,False
781,esm2_0782,0.025399220638084623,0.06971827981229504,0.004860638539985467,-0.18835449,0.22802734,0.41638184,0.02681992832157347,0.06919081153163473,False,False
782,esm2_0783,-0.04827208517658856,0.06928761774455208,0.004800773972715169,-0.2993164,0.09820557,0.39752197,-0.04753795862197876,0.06770639056485502,False,False
783,esm2_0784,-0.02472557641822146,0.0618123165098397,0.0038207624723126015,-0.20910645,0.1895752,0.39868164,-0.02587462431854672,0.062033967001194006,False,False
784,esm2_0785,0.046029073681339176,0.07441231007718195,0.005537191891022674,-0.17541504,0.3100586,0.48547363,0.04459191569023662,0.07353761678039196,False,False
785,esm2_0786,-0.020471679383721388,0.039046370452386896,0.0015246190455050323,-0.24694824,0.11053467,0.3574829,-0.01987323711315791,0.0395427671086677,False,False
786,esm2_0787,0.07969913128081225,0.09129376059617794,0.008334550723792253,-0.22583008,0.3791504,0.60498047,0.08178159031603072,0.0901503615074137,False,False
787,esm2_0788,0.10852226697644436,0.06059776243108196,0.0036720888116538487,-0.116760254,0.29833984,0.4151001,0.10814810858832466,0.06136325994841905,False,False
788,esm2_0789,0.048485308124804734,0.05877462378159805,0.0034544564006683907,-0.1262207,0.35791016,0.48413086,0.04692536186840799,0.05940362564407216,False,False
789,esm2_0790,-0.08444146787154423,0.04767140686212399,0.002272563032214162,-0.25708008,0.054016113,0.3110962,-0.08348913490772247,0.047114439472342104,False,False
790,esm2_0791,0.007697040378452009,0.04688254562696563,0.002197973084464514,-0.1809082,0.19604492,0.37695312,0.007837398184670342,0.04864085275329803,False,False
791,esm2_0792,-0.006862540620810184,0.042276985923501265,0.001787343538775924,-0.14086914,0.1809082,0.32177734,-0.005625584721565246,0.04277411045379926,False,False
792,esm2_0793,0.04572288329805042,0.05414739345621355,0.002931940218101998,-0.18408203,0.20898438,0.3930664,0.04471330237057474,0.05367008863533935,False,False
793,esm2_0794,-0.00397678372862601,0.05591876240688018,0.0031269079891171163,-0.21582031,0.23168945,0.44750977,-0.0029397553039921653,0.05592045120376914,False,False
794,esm2_0795,-0.021894936887061556,0.04499038862598999,0.002024135068717609,-0.29174805,0.08898926,0.3807373,-0.020776946428749297,0.046059655102235184,False,False
795,esm2_0796,0.10584064606953408,0.06646882389057032,0.004418104549395651,-0.13012695,0.28222656,0.41235352,0.10712788254022598,0.06524863485460046,False,False
796,esm2_0797,0.057578314422370325,0.054961942979150136,0.0030208151760433505,-0.12054443,0.22167969,0.34222412,0.059102912247180936,0.05597875458333997,False,False
797,esm2_0798,-0.12284235671146067,0.06148716701542672,0.003780671707582979,-0.2861328,0.12408447,0.4102173,-0.12195058912038803,0.06235470311840872,False,False
798,esm2_0799,-0.01770192470719891,0.054942740122108195,0.0030187046921255176,-0.22644043,0.16552734,0.39196777,-0.019579675296942392,0.05336962847583576,False,False
799,esm2_0800,0.03711334066041699,0.06931030591820875,0.0048039185064756825,-0.2006836,0.23852539,0.43920898,0.03514707568618986,0.06949289717356509,False,False
800,esm2_0801,0.012328425205243415,0.09776839870012143,0.009558659784385906,-0.2824707,0.17138672,0.45385742,0.013475869099299114,0.09602408729201288,False,False
801,esm2_0802,-0.055785021824259866,0.05568100348906046,0.003100374149548763,-0.19299316,0.19433594,0.3873291,-0.055716930992073484,0.05516359151284515,False,False
802,esm2_0803,0.0010761015952361146,0.07763042804150408,0.006026483357907143,-0.26611328,0.16442871,0.430542,0.0023129694991641573,0.07643560568356535,False,False
803,esm2_0804,-0.07924970908381963,0.05744644135440991,0.003300093624285657,-0.2565918,0.1027832,0.359375,-0.07994357215033637,0.057182113829204274,False,False
804,esm2_0805,0.13240603204572637,0.07396924899402323,0.005471449796739806,-0.17028809,0.32226562,0.4925537,0.13342588278982376,0.07338109915352635,False,False
805,esm2_0806,0.09557342899758596,0.0982202968954557,0.009647226722231462,-0.22058105,0.3305664,0.55114746,0.09571104513274299,0.09706003936602262,False,False
806,esm2_0807,0.03364836574262308,0.06630995254366971,0.004397009806343729,-0.24475098,0.1743164,0.41906738,0.034576063685947,0.06581495217141824,False,False
807,esm2_0808,0.032887743527563774,0.04475573150374001,0.002003075502434866,-0.12017822,0.20776367,0.3279419,0.03299246480067571,0.04370939322377391,False,False
808,esm2_0809,-0.026495979575814472,0.114904606664107,0.013203068632633142,-0.25708008,0.31201172,0.5690918,-0.029576483700010512,0.11327154402541025,False,False
809,esm2_0810,-0.0903650870201458,0.07933249320418931,0.006293644477992743,-0.31225586,0.17687988,0.48913574,-0.09130295117696126,0.07844748724749968,False,False
810,esm2_0811,0.03917444956289412,0.054470999576354096,0.002967089794847168,-0.22705078,0.19470215,0.42175293,0.0400959355963601,0.053654853054874184,False,False
811,esm2_0812,-0.08940360813373731,0.06809729424173372,0.004637241483045261,-0.27416992,0.11993408,0.394104,-0.09007306694984436,0.06775263558987667,False,False
812,esm2_0813,-0.01944297155185492,0.06108559525103882,0.003731449947173737,-0.24645996,0.1854248,0.43188477,-0.020570434712701372,0.060970374632165626,False,False
813,esm2_0814,-0.0986570057673142,0.052304813372534856,0.002735793501935701,-0.38671875,0.06463623,0.45135498,-0.09922884967592027,0.052393724581199334,False,False
814,esm2_0815,0.028492514089527195,0.046507881308001216,0.002162983023759129,-0.1607666,0.21862793,0.37939453,0.028972907033231524,0.04686156500013644,False,False
815,esm2_0816,0.01696620162134033,0.046870136885429695,0.002196809731658917,-0.16125488,0.19641113,0.35766602,0.01661883774730894,0.04695451224922067,False,False
816,esm2_0817,0.05574194995994441,0.05021277708396196,0.002521322982483656,-0.11175537,0.2644043,0.37615967,0.0559010946088367,0.04995060134138205,False,False
817,esm2_0818,0.013864566298092114,0.0641814651746575,0.004119260471965773,-0.22045898,0.20617676,0.42663574,0.013975149889787038,0.06498466069552424,False,False
818,esm2_0819,0.11502830222761723,0.06724626046355613,0.004522059546332433,-0.07672119,0.4020996,0.4788208,0.11501452691025205,0.06673481755018548,False,False
819,esm2_0820,-0.12843790911675557,0.08438362025256858,0.007120595366929702,-0.33935547,0.13110352,0.47045898,-0.1298482808801863,0.08431678063433701,False,False
820,esm2_0821,0.09533046802855226,0.0390596266728407,0.0015256544358216884,-0.030593872,0.2763672,0.30696106,0.09481496546003554,0.03868522613631301,False,False
821,esm2_0822,0.14844073466005653,0.060400625404660645,0.0036482355492741367,-0.02178955,0.31030273,0.3320923,0.14875765376620823,0.060229222548612626,False,False
822,esm2_0823,-0.15204688526284812,0.07596818265963323,0.0057711647766073996,-0.37524414,0.07318115,0.4484253,-0.1528887218899197,0.07715111606279158,False,False
823,esm2_0824,-0.0410965431014388,0.04655911184383839,0.0021677508956870523,-0.16833496,0.15393066,0.32226562,-0.04143865572081672,0.047645986668434205,False,False
824,esm2_0825,-0.031132085011087433,0.053821807907977526,0.002896787006483232,-0.19506836,0.12237549,0.31744385,-0.031548512313101025,0.05370114177988926,False,False
825,esm2_0826,0.08605624713855367,0.1018256048350411,0.010368453800021946,-0.21618652,0.24938965,0.46557617,0.08878375209040112,0.10000202179342055,False,False
826,esm2_0827,-0.04430783919568332,0.07188795814372226,0.005167878526073563,-0.1809082,0.17834473,0.35925293,-0.046008745498127404,0.07052255899789722,False,False
827,esm2_0828,0.07586761214227708,0.07626223611729908,0.0058159286576106774,-0.21240234,0.27368164,0.48608398,0.07483794225586785,0.07605335505509987,False,False
828,esm2_0829,-0.00899669928238474,0.04238978766689526,0.0017968940984444655,-0.2578125,0.113708496,0.371521,-0.0095776686237918,0.04251934050888723,False,False
829,esm2_0830,0.03195036396996163,0.04683759063612411,0.0021937598965971407,-0.13378906,0.20947266,0.34326172,0.032066399190160966,0.04681837900961644,False,False
830,esm2_0831,0.016500486253236694,0.05106503332084506,0.002607637628059016,-0.15771484,0.16308594,0.32080078,0.015101209614011976,0.05110079783529812,False,False
831,esm2_0832,0.03073432542110786,0.05761152414975836,0.003319087714858191,-0.15100098,0.22351074,0.37451172,0.031010229306088554,0.05795882120849733,False,False
832,esm2_0833,-0.08127908780757383,0.03778013664956468,0.0014273387252597802,-0.24523926,0.0736084,0.31884766,-0.08274380101097954,0.037691139614311336,False,False
833,esm2_0834,-0.018918791105691654,0.05288070175517703,0.0027963686181199827,-0.16870117,0.22277832,0.3914795,-0.019038921346267064,0.05226265429627853,False,False
834,esm2_0835,0.026765036926946945,0.05513365120518359,0.0030397194952148424,-0.14794922,0.16101074,0.30895996,0.02785977456304762,0.054801363113277275,False,False
835,esm2_0836,-0.07912361079394883,0.04996232026937896,0.002496233446699996,-0.2529297,0.07159424,0.32452393,-0.07835011978944142,0.04985416033136757,False,False
836,esm2_0837,0.14754975761610448,0.1352407847240751,0.018290069852783624,-0.41357422,0.35668945,0.7702637,0.14991481610470347,0.13465950058320877,False,False
837,esm2_0838,-0.007884868175684413,0.061108460667962446,0.003734243965207913,-0.2512207,0.20202637,0.45324707,-0.0071593023836612705,0.0603045381823634,False,False
838,esm2_0839,0.0052867314791705845,0.03927277200992737,0.0015423506213437343,-0.1394043,0.13696289,0.2763672,0.005916809207863278,0.03984616341005407,False,False
839,esm2_0840,-0.0629253022281761,0.07382109529739943,0.005449554110907729,-0.24780273,0.21386719,0.46166992,-0.06335831946796841,0.07425267935191834,False,False
840,esm2_0841,-0.02747610075756924,0.041444836531705866,0.0017176744751398211,-0.16015625,0.14990234,0.3100586,-0.026975443545315,0.04183885393314149,False,False
841,esm2_0842,-0.09939226074832658,0.05508848861519079,0.0030347415779060057,-0.27856445,0.09490967,0.37347412,-0.09861226297087139,0.056292846728915956,False,False
842,esm2_0843,0.025156657518477867,0.04982835421243073,0.0024828648835194633,-0.25805664,0.17980957,0.4378662,0.02540259634455045,0.04929084538737258,False,False
843,esm2_0844,0.026482577858436916,0.08980828422589095,0.008065527915598412,-0.27807617,0.24047852,0.5185547,0.028201185994678073,0.08816050144971616,False,False
844,esm2_0845,0.058971284100006474,0.05928089773695205,0.0035142248364989667,-0.083984375,0.33154297,0.41552734,0.05734390252166324,0.05949371596823893,False,False
845,esm2_0846,0.04569723960694409,0.056934932125038175,0.003241586496082704,-0.18103027,0.25585938,0.43688965,0.046421299874782565,0.05597065206812837,False,False
846,esm2_0847,0.03234525182006362,0.05499177257851967,0.003024095051327628,-0.24633789,0.2310791,0.477417,0.032198897666401334,0.05616388987084402,False,False
847,esm2_0848,0.05362721764948736,0.048386399891906434,0.002341243694499483,-0.106933594,0.33032227,0.43725586,0.053018302387661406,0.049034754592767266,False,False
848,esm2_0849,0.03329698835705282,0.04711241939615343,0.002219580061359054,-0.10058594,0.35351562,0.45410156,0.03221493429607815,0.04795681784438452,False,False
849,esm2_0850,0.024901625318876516,0.05861941744965489,0.0034362361021369045,-0.17333984,0.40185547,0.5751953,0.025544570883115132,0.05846847143261107,False,False
850,esm2_0851,0.0075513012004348465,0.07860330978459876,0.006178480309093599,-0.17858887,0.21948242,0.3980713,0.005264305406146579,0.0775567318256961,False,False
851,esm2_0852,0.08001178205344045,0.05546348942876264,0.003076198659614465,-0.10290527,0.23999023,0.3428955,0.07905043082104789,0.05575398888797699,False,False
852,esm2_0853,0.001564971747064961,0.06169587625469518,0.00380638114683466,-0.16772461,0.19006348,0.3577881,0.001274264438284768,0.061713849825338646,False,False
853,esm2_0854,-0.006675091223764367,0.05686236133752446,0.0032333281368791965,-0.17358398,0.2064209,0.38000488,-0.00777761009004381,0.05610863272820865,False,False
854,esm2_0855,0.0033566799597787803,0.04778170377818319,0.002283091215946046,-0.18579102,0.20922852,0.39501953,0.0031889014773898655,0.047612026695091104,False,False
855,esm2_0856,-0.07570621758269416,0.08545243164904102,0.007302118074734029,-0.37890625,0.23962402,0.6185303,-0.07631291747093201,0.0852511670764474,False,False
856,esm2_0857,0.06693729311723953,0.04427541195812971,0.0019603121040620954,-0.10668945,0.24206543,0.34875488,0.06607698731952244,0.04469466749013709,False,False
857,esm2_0858,0.07631946906662411,0.041723671853824355,0.0017408647929656148,-0.080444336,0.2142334,0.29467773,0.0768216159608629,0.042021047381364744,False,False
858,esm2_0859,0.09310885248385312,0.046386787766448674,0.0021517340792895526,-0.068847656,0.26000977,0.32885742,0.09376609126726786,0.04735550247917616,False,False
859,esm2_0860,-0.04989063157622478,0.04381217142008743,0.0019195063645431256,-0.20129395,0.116882324,0.31817627,-0.05043329414394167,0.04261188197256146,False,False
860,esm2_0861,-0.026419306436468837,0.07506002946681124,0.005634008023558572,-0.25512695,0.15930176,0.4144287,-0.023344035943349203,0.07397376932688271,False,False
861,esm2_0862,0.08664119997776044,0.05748342561844781,0.003304344220831622,-0.22387695,0.22973633,0.45361328,0.08799106809828017,0.05786708703800075,False,False
862,esm2_0863,0.08325161554175661,0.04693336679617477,0.0022027409188242805,-0.09710693,0.2097168,0.30682373,0.08312186805738343,0.04715961960234379,False,False
863,esm2_0864,-0.11573869935944925,0.0710949727325591,0.005054495147843323,-0.32421875,0.25317383,0.5773926,-0.1162689381175571,0.07096358933501501,False,False
864,esm2_0865,-0.05987167503936971,0.05007119908980269,0.0025071249782906576,-0.2619629,0.12426758,0.38623047,-0.06088883926471075,0.050327020910657855,False,False
865,esm2_0866,0.009534567164527986,0.04785890730899747,0.002290475008811212,-0.23132324,0.17773438,0.40905762,0.009017130318615172,0.04739298186881435,False,False
866,esm2_0867,0.12124504656691133,0.07260515868136738,0.005271509067146538,-0.1763916,0.3630371,0.5394287,0.11929597324795194,0.07120295589235805,False,False
867,esm2_0868,0.028124242987934412,0.04762687570438205,0.0022683192893606574,-0.11999512,0.15344238,0.2734375,0.02907307032081816,0.04778220726663349,False,False
868,esm2_0869,-0.05696106823647062,0.05265554089076328,0.0027726059864988445,-0.2512207,0.06628418,0.31750488,-0.05468139292465316,0.052964607897084216,False,False
869,esm2_0870,-0.14699886059522893,0.07064549410238302,0.004990785836969834,-0.3474121,0.13110352,0.47851562,-0.14604683584637113,0.07138682570664248,False,False
870,esm2_0871,0.10464329566066458,0.04701344354836069,0.0022102638742748973,-0.09716797,0.21508789,0.31225586,0.10472472773657905,0.04737916185956757,False,False
871,esm2_0872,0.050978566115757205,0.06290950746532009,0.003957606129529164,-0.18652344,0.27612305,0.46264648,0.05061820911036597,0.06430385518762406,False,False
872,esm2_0873,0.19144835138691385,0.06265591201207406,0.003925763310064766,-0.03793335,0.5283203,0.56625366,0.19352895948621962,0.06260314065336404,False,False
873,esm2_0874,0.13779028618375416,0.05583259937070274,0.0031172791524893967,-0.025939941,0.27490234,0.3008423,0.1368788825141059,0.05625825274443312,False,False
874,esm2_0875,0.09958405896905524,0.05052416509797032,0.0025526912588469627,-0.09729004,0.29711914,0.39440918,0.09966270956728193,0.051985381845552465,False,False
875,esm2_0876,-0.054931062175484,0.05499277405016806,0.0030242051977328373,-0.21716309,0.18054199,0.39770508,-0.054521728886498345,0.05578959332913175,False,False
876,esm2_0877,-0.16627227558809168,0.19620654438719684,0.038497008060365046,-0.9946289,0.5024414,1.4970703,-0.16887414190504285,0.19689696217033575,False,False
877,esm2_0878,0.0015963436363804486,0.045047356798228966,0.0020292643545069453,-0.20166016,0.15454102,0.35620117,0.003042911489804586,0.04444135054914815,False,False
878,esm2_0879,0.018694317565774016,0.048586736696840535,0.0023606709828481107,-0.14160156,0.22753906,0.36914062,0.019061014884048037,0.04911673602627921,False,False
879,esm2_0880,0.054021078923698534,0.05417460269117697,0.0029348875767468796,-0.087524414,0.26513672,0.35266113,0.052940995660093096,0.05344842047172486,False,False
880,esm2_0881,0.14253523611731322,0.06100788709411104,0.0037219622876878008,-0.08416748,0.31591797,0.40008545,0.14166708522372776,0.06093959764484742,False,False
881,esm2_0882,-0.03251805865142771,0.06456202044984007,0.004168254484565566,-0.2244873,0.13464355,0.35913086,-0.03228975931803386,0.06455263784812104,False,False
882,esm2_0883,-0.12177733284784077,0.05512413530550038,0.0030386702931791136,-0.28833008,0.052978516,0.3413086,-0.1212113446659512,0.054957249516328494,False,False
883,esm2_0884,-0.012970595460356142,0.07561057714871586,0.005716959376761913,-0.26049805,0.1998291,0.46032715,-0.014016869333055284,0.07441629419936314,False,False
884,esm2_0885,-0.041275916300656135,0.050822976926087726,0.0025829749836296457,-0.2084961,0.093322754,0.30181885,-0.040553925103611416,0.05090684462124497,False,False
885,esm2_0886,-0.06591951159076077,0.04555642600130651,0.0020753879500125154,-0.26171875,0.11090088,0.37261963,-0.06577206916279263,0.04594159311415993,False,False
886,esm2_0887,0.021407873662277543,0.048111850499525044,0.0023147501584886484,-0.18566895,0.18371582,0.36938477,0.02126372249590026,0.048774593705530216,False,False
887,esm2_0888,0.011686812891944266,0.06610614449156828,0.004370022339540102,-0.2265625,0.22619629,0.4527588,0.013554163608286115,0.06541805822549042,False,False
888,esm2_0889,-0.015717699048786397,0.06883667921395042,0.0047384884052043144,-0.20495605,0.22631836,0.4312744,-0.016865314377678766,0.06773285274877576,False,False
889,esm2_0890,-0.003163009915050206,0.0451026705139135,0.0020342508874866424,-0.20654297,0.15979004,0.366333,-0.0023603753083282046,0.04504017011246437,False,False
890,esm2_0891,0.06024584971310428,0.05330524812939331,0.0028414494781361884,-0.12805176,0.18566895,0.3137207,0.0614384800195694,0.052085695788987,False,False
891,esm2_0892,0.024359961461015336,0.07125258808511138,0.005076931308826557,-0.114746094,0.23474121,0.3494873,0.024189090894328222,0.07053752578727251,False,False
892,esm2_0893,-0.03099653829348074,0.06263633504249431,0.003923310467555601,-0.18066406,0.20935059,0.39001465,-0.029951454202334086,0.062010049054193196,False,False
893,esm2_0894,-0.00512602663992777,0.06793294022895634,0.004614884368150955,-0.20654297,0.33984375,0.5463867,-0.0032453248070345984,0.06807609283204205,False,False
894,esm2_0895,0.10661488447284592,0.07076068970371732,0.005007075207345767,-0.16540527,0.25952148,0.42492676,0.10775284700923496,0.07100625940447149,False,False
895,esm2_0896,0.07131431303860478,0.041222139511021265,0.0016992647858661003,-0.10369873,0.234375,0.33807373,0.0711688808268971,0.041417850106834485,False,False
896,esm2_0897,-0.017871153010644607,0.06679585218062832,0.00446168586853635,-0.23742676,0.25976562,0.49719238,-0.017711331364181307,0.06537624796100693,False,False
897,esm2_0898,-0.07817525736632014,0.05898067190596947,0.0034787196584796167,-0.30371094,0.1772461,0.48095703,-0.07909840676519606,0.06038328721510762,False,False
898,esm2_0899,0.028130424935598086,0.05999463783484097,0.003599356568933732,-0.17260742,0.18493652,0.35754395,0.027091696858406067,0.06050145886218945,False,False
899,esm2_0900,0.0019094265922986707,0.03923985818897279,0.001539766470690695,-0.140625,0.15283203,0.29345703,0.0016808709336651696,0.04014520901772618,False,False
900,esm2_0901,0.040055441406537905,0.05364779551931742,0.0028780859640824947,-0.14343262,0.24035645,0.38378906,0.04094821214675903,0.05310915034743045,False,False
901,esm2_0902,-0.03957216496208267,0.06688739264924451,0.004473923295414209,-0.1940918,0.17456055,0.36865234,-0.04140505939722061,0.06659729148116522,False,False
902,esm2_0903,-0.05663162992479534,0.06312796089443283,0.003985139446689041,-0.2409668,0.19482422,0.43579102,-0.0558301352792316,0.06198993286893593,False,False
903,esm2_0904,0.04191651943653458,0.04145087238570697,0.001718174821536165,-0.099975586,0.21643066,0.31640625,0.040601270149151485,0.04189841774216236,False,False
904,esm2_0905,-0.07928590848628476,0.0567614130993949,0.0032218580170401585,-0.32128906,0.1282959,0.44958496,-0.07873231569925944,0.05617460262882846,False,False
905,esm2_0906,-0.04388859481049431,0.04958574067318551,0.002458745678108404,-0.19848633,0.28515625,0.48364258,-0.04425564739439222,0.04979585548284507,False,False
906,esm2_0907,-0.016408397473981987,0.0600169400764715,0.0036020330961427705,-0.20373535,0.17529297,0.37902832,-0.01825397718283865,0.05991460524475499,False,False
907,esm2_0908,0.11330396935889511,0.06578266608075758,0.004327359156692454,-0.1517334,0.3137207,0.4654541,0.11319364640447828,0.06701104387476015,False,False
908,esm2_0909,0.01832916681033525,0.07804604975123029,0.006091185881771513,-0.2322998,0.20166016,0.43395996,0.020898108349906075,0.07709392850296998,False,False
909,esm2_0910,0.03368501598377207,0.05281543274235378,0.0027894699357620956,-0.21716309,0.21228027,0.42944336,0.0327355849246184,0.05155252585388634,False,False
910,esm2_0911,0.03382608430102451,0.05669233210675238,0.003214020519702307,-0.21984863,0.1920166,0.41186523,0.03399856140216192,0.05643652103113127,False,False
911,esm2_0912,-0.008217726245969038,0.04767370174305686,0.0022727818378859422,-0.1829834,0.1307373,0.3137207,-0.008362259964148204,0.04733297010077754,False,False
912,esm2_0913,-0.018947470730602677,0.0611266990435607,0.0037364733359620448,-0.20593262,0.16247559,0.3684082,-0.019272578590446048,0.060523583375105335,False,False
913,esm2_0914,-0.06738272623534208,0.052193343796184,0.0027241451366266586,-0.22949219,0.14001465,0.36950684,-0.06740835309028625,0.05157440782288813,False,False
914,esm2_0915,-0.057064903496902075,0.06311426626604785,0.003983410606301586,-0.25317383,0.13549805,0.38867188,-0.05630998545222812,0.062498748887885994,False,False
915,esm2_0916,-0.05569849162466915,0.04507606388921764,0.0020318515357448303,-0.18347168,0.12145996,0.30493164,-0.056268450948927136,0.04461979565345749,False,False
916,esm2_0917,0.04156436130288703,0.047383901078945134,0.0022452340814592578,-0.2055664,0.1616211,0.3671875,0.04210316662987073,0.047754583290664405,False,False
917,esm2_0918,0.04717512777722239,0.05768174889424084,0.003327184155498254,-0.16015625,0.25170898,0.41186523,0.04655584833688206,0.05731252578148119,False,False
918,esm2_0919,0.08894336250063846,0.05487665180409108,0.0030114469132274525,-0.02670288,0.36010742,0.3868103,0.087655052377118,0.05505609554167347,False,False
919,esm2_0920,0.11890197938078649,0.04444457030679768,0.0019753198297558817,-0.025497437,0.27929688,0.3047943,0.1195885545677609,0.04451693910888382,False,False
920,esm2_0921,0.048587385478215527,0.06822312096559234,0.004654394234285845,-0.21899414,0.27270508,0.49169922,0.048095950732628505,0.06927966306672141,False,False
921,esm2_0922,-0.024362044382042414,0.05436096984376014,0.002955115042354199,-0.17370605,0.18408203,0.3577881,-0.02334422402911716,0.05444180858714812,False,False
922,esm2_0923,-0.03418868733828393,0.0538176051419967,0.002896334623219869,-0.2211914,0.20532227,0.42651367,-0.03324308113919364,0.053866706201389926,False,False
923,esm2_0924,-0.02879531957730072,0.08244738569354011,0.006797571407699363,-0.26342773,0.1665039,0.42993164,-0.026796199215783013,0.08219874766741643,False,False
924,esm2_0925,0.0769648025356043,0.04165865944465926,0.0017354439067260984,-0.116760254,0.21398926,0.3307495,0.077025063501464,0.04233656559489238,False,False
925,esm2_0926,-0.05583236961068377,0.062016222351616954,0.0038460118347651943,-0.23815918,0.14941406,0.38757324,-0.05344657235675388,0.0632012163606229,False,False
926,esm2_0927,0.01968953929651326,0.07998750201783023,0.006398000479052394,-0.25463867,0.32495117,0.57958984,0.021080245574315388,0.07905283499516973,False,False
927,esm2_0928,-0.011414939634807896,0.06817457985405542,0.004647773338276979,-0.26611328,0.1394043,0.40551758,-0.010716242343187332,0.06781932946213397,False,False
928,esm2_0929,0.03175435955331275,0.05532728431281056,0.0030611083894305736,-0.13891602,0.17321777,0.3121338,0.03021044499344296,0.05559747539629193,False,False
929,esm2_0930,0.08590795303158437,0.06487685712327784,0.004209006590194206,-0.17236328,0.2927246,0.4650879,0.08339184655083551,0.0642815246025393,False,False
930,esm2_0931,0.09060452985975243,0.06802021248267714,0.004626749306188548,-0.2322998,0.3713379,0.6036377,0.09083486025532087,0.06735268797740278,False,False
931,esm2_0932,-0.09105009323484228,0.058938231838079384,0.003473715172199194,-0.3400879,0.11090088,0.45098877,-0.09043864872720507,0.05914979264933595,False,False
932,esm2_0933,-0.02416597209151392,0.05203242469003192,0.0027073732191238435,-0.17712402,0.19177246,0.36889648,-0.02482472111781438,0.051914096676961285,False,False
933,esm2_0934,0.004090036126008706,0.07441412898035435,0.005537462591904813,-0.23864746,0.22924805,0.4678955,0.002956904388136334,0.07382242729543412,False,False
934,esm2_0935,-0.11946316061750237,0.057137708080277884,0.003264717684667053,-0.3017578,0.13452148,0.4362793,-0.11957876549826728,0.058059827863312506,False,False
935,esm2_0936,-0.03057652129714153,0.05781470823066286,0.003342540487796676,-0.3857422,0.16394043,0.5496826,-0.03149347744054264,0.05791873140119041,False,False
936,esm2_0937,0.05416234510720239,0.08564182728044277,0.0073345225799331904,-0.25390625,0.2746582,0.52856445,0.0566252522998386,0.0865949240269251,False,False
937,esm2_0938,0.15881891970364553,0.07527230705957857,0.0056659202100714815,-0.10345459,0.4050293,0.5084839,0.15693700379795497,0.07566235031066873,False,False
938,esm2_0939,-0.07347563871665218,0.0600727314086632,0.0036087330588973903,-0.26586914,0.16821289,0.43408203,-0.07325839665200976,0.0607863945495972,False,False
939,esm2_0940,-0.08831960432537388,0.05729286322146985,0.0032824721761140524,-0.25708008,0.123413086,0.38049316,-0.08955479330486721,0.05576199780346296,False,False
940,esm2_0941,-0.07693041178018484,0.07349560569980343,0.005401604057180978,-0.24841309,0.13928223,0.3876953,-0.0790593167146047,0.07271566061022226,False,False
941,esm2_0942,0.044823756294695045,0.04696156169713916,0.0022053882770342076,-0.124938965,0.21374512,0.33868408,0.04466980364587572,0.04738508211193608,False,False
942,esm2_0943,0.13090960537553759,0.05442304744343327,0.0029618680930301885,-0.051239014,0.40966797,0.46090698,0.12972861660851373,0.05494168245406708,False,False
943,esm2_0944,0.012183127141289917,0.05618954129865232,0.0031572645513529545,-0.14648438,0.24804688,0.39453125,0.011914187669754028,0.0565282348697922,False,False
944,esm2_0945,-0.05002619185537662,0.09168202107807652,0.008405592988960868,-0.30371094,0.2133789,0.51708984,-0.053350003560384114,0.09052733437129212,False,False
945,esm2_0946,0.04975003156228018,0.05011248813849677,0.00251126146743098,-0.106933594,0.20874023,0.31567383,0.04995094256268607,0.049869624983301476,False,False
946,esm2_0947,0.03532548941729733,0.04831667999010406,0.002334501565266122,-0.11199951,0.33544922,0.44744873,0.035298619253767864,0.04890804477618491,False,False
947,esm2_0948,0.05571604145486135,0.05441468293837387,0.0029609577192837564,-0.16967773,0.16125488,0.33093262,0.05662166674931844,0.05424162017646301,False,False
948,esm2_0949,-0.05217762733008568,0.041937195395278556,0.001758728357621773,-0.2109375,0.08227539,0.2932129,-0.05255455465780364,0.042795103615051525,False,False
949,esm2_0950,0.01749602658105611,0.04920335999633484,0.002420970634928924,-0.13562012,0.1772461,0.3128662,0.01767496814330419,0.049120029691848956,False,False
950,esm2_0951,0.07344859276177748,0.051074147844148855,0.002608568578005975,-0.06640625,0.21594238,0.28234863,0.07392005705171162,0.05092475780460262,False,False
951,esm2_0952,0.005462273376498714,0.048379825051834434,0.0023406074720461064,-0.14086914,0.15576172,0.29663086,0.007313295867707994,0.04910123815350585,False,False
952,esm2_0953,-0.003924927290748148,0.07305973037008638,0.005337724201749721,-0.23168945,0.2763672,0.50805664,-0.005484142816729016,0.074528724954135,False,False
953,esm2_0954,0.056246103113155387,0.06437459862959415,0.004144088948721344,-0.1373291,0.24450684,0.38183594,0.057031278808911644,0.06475641994820534,False,False
954,esm2_0955,0.07625928980925768,0.0534352747389913,0.0028553285864314814,-0.13464355,0.24719238,0.38183594,0.07661401513550016,0.05382284316520668,False,False
955,esm2_0956,-0.0026114199322945005,0.05654275588902986,0.0031970832435264203,-0.27856445,0.21691895,0.4954834,-0.0034512106743123795,0.05744263069920931,False,False
956,esm2_0957,-0.10269848011706963,0.05958486640784188,0.003550356304840363,-0.28076172,0.088256836,0.36901855,-0.1012689040766822,0.059137429326858115,False,False
957,esm2_0958,-0.10448086460210904,0.05589607904749807,0.0031243716528841525,-0.28442383,0.13476562,0.41918945,-0.10535716811815897,0.055671183872518105,False,False
958,esm2_0959,0.004793064509591834,0.051110870242817144,0.002612321056978091,-0.18041992,0.15527344,0.33569336,0.005282431178622775,0.051033163071428654,False,False
959,esm2_0960,0.08767830703684545,0.04612506831926026,0.002127521927456427,-0.11114502,0.2397461,0.3508911,0.08667060401704577,0.04624650167052213,False,False
960,esm2_0961,0.06477638745016845,0.054014111598562314,0.0029175242517819437,-0.13317871,0.31225586,0.44543457,0.06564849242568016,0.054606931690037136,False,False
961,esm2_0962,0.07408991333647123,0.06364875629010926,0.004051164177277723,-0.17822266,0.2467041,0.42492676,0.07377933462460835,0.0635822252500477,False,False
962,esm2_0963,-0.047332481260966515,0.05757539543412925,0.003314926159396351,-0.2211914,0.21240234,0.43359375,-0.04716620999905798,0.05730244608687326,False,False
963,esm2_0964,0.01486318933050852,0.03833217703296789,0.0014693557960867908,-0.16394043,0.18249512,0.34643555,0.014912028362353643,0.03853038203271843,False,False
964,esm2_0965,0.050305604339307475,0.05864707809848692,0.003439479769490024,-0.12573242,0.2199707,0.34570312,0.04863181801305877,0.059034898690914224,False,False
965,esm2_0966,-0.05482791028462028,0.05667181419940329,0.003211694524651689,-0.21618652,0.12194824,0.33813477,-0.055482031239403616,0.05598262415590742,False,False
966,esm2_0967,-0.042789193885307865,0.0589253598724857,0.003472198036101948,-0.25610352,0.14001465,0.39611816,-0.041618444273869196,0.058415919593170065,False,False
967,esm2_0968,0.12341669000081561,0.05152939728885372,0.002655278784952526,-0.15588379,0.24633789,0.40222168,0.12424567010667589,0.051604053702805276,False,False
968,esm2_0969,-0.013639962435033293,0.039149556712469724,0.0015326877907828834,-0.18481445,0.12756348,0.31237793,-0.01483270956410302,0.03940062864137194,False,False
969,esm2_0970,-0.09460938558991291,0.0678647307496427,0.004605621679721498,-0.34936523,0.11779785,0.4671631,-0.09516011757983102,0.0679866972719848,False,False
970,esm2_0971,0.12512110420125439,0.09356243619678774,0.008753929467077976,-0.24353027,0.2993164,0.5428467,0.12645877798398336,0.09278318101343966,False,False
971,esm2_0972,0.07368693533007234,0.0653733498987783,0.004273674876988097,-0.16040039,0.37646484,0.53686523,0.07353411126467917,0.06621025070247118,False,False
972,esm2_0973,0.03529883496107722,0.05486654309823252,0.0030103375515502066,-0.12475586,0.39013672,0.5148926,0.03671909645199776,0.05524566228628762,False,False
973,esm2_0974,-0.03250479512950292,0.05304685799801394,0.0028139691434614553,-0.18725586,0.12200928,0.30926514,-0.03204489085409376,0.052605030233405646,False,False
974,esm2_0975,-0.06682533588049547,0.04498206242708775,0.0020233859401944197,-0.22058105,0.124694824,0.34527588,-0.06805924044715034,0.045004710052253705,False,False
975,esm2_0976,0.07549868730805426,0.042566389935891,0.0018118975521743224,-0.043518066,0.22155762,0.26507568,0.07620284822252062,0.04269040293354737,False,False
976,esm2_0977,-0.06523219177646192,0.048914187112644995,0.0023925977008908456,-0.23828125,0.22241211,0.46069336,-0.06602980064021216,0.04962485855816162,False,False
977,esm2_0978,-0.023211947225704046,0.04861255860001034,0.002363180853639439,-0.20361328,0.17993164,0.38354492,-0.023051572094360987,0.048339288399442404,False,False
978,esm2_0979,-0.00236810113693051,0.07922657547059161,0.006276850260797349,-0.22399902,0.1772461,0.40124512,-7.610552840762669e-05,0.07823067514462498,False,False
979,esm2_0980,0.062435135989554316,0.04720073748602764,0.002227909619224895,-0.12371826,0.17504883,0.2987671,0.06247247639629576,0.04755066994322691,False,False
980,esm2_0981,0.1310413288620283,0.050768420245927474,0.0025774324942670988,-0.23205566,0.27075195,0.5028076,0.13085714975992838,0.051231773858369384,False,False
981,esm2_0982,0.017004654687993667,0.04145925078425244,0.001718869475591536,-0.1772461,0.14099121,0.3182373,0.01687058491839303,0.041935762616512086,False,False
982,esm2_0983,0.005045027830756861,0.05426441871693189,0.0029446271386865085,-0.29101562,0.24768066,0.5386963,0.005181635336743461,0.05405397991506229,False,False
983,esm2_0984,-0.02219925180788707,0.049517761749085766,0.0024520087286392218,-0.1829834,0.15319824,0.33618164,-0.021590887010097502,0.04907691087154096,False,False
984,esm2_0985,-0.0782677386365376,0.0695436558338231,0.004836320066733238,-0.23205566,0.23046875,0.4625244,-0.07990514056550133,0.06891403287509058,False,False
985,esm2_0986,0.05712526831589846,0.059491098593066824,0.003539190811809997,-0.09387207,0.2565918,0.35046387,0.055848399798075356,0.05854139690443936,False,False
986,esm2_0987,-0.001439788100722098,0.04471143519760147,0.001999112437429316,-0.18383789,0.17529297,0.35913086,-0.0015647111667527092,0.0442019606732085,False,False
987,esm2_0988,-0.004762312680582095,0.04130058073877376,0.00170573796935997,-0.13415527,0.13842773,0.272583,-0.004942433370484246,0.041031499016815964,False,False
988,esm2_0989,0.047083551690528185,0.07606820618159467,0.005786371991685598,-0.19006348,0.20959473,0.3996582,0.04898757106728024,0.0756937745870967,False,False
989,esm2_0990,0.10764590365508288,0.0558588734237309,0.0031202137401683903,-0.06695557,0.2854004,0.35235596,0.1072118373380767,0.056351736954876955,False,False
990,esm2_0991,-0.06935942662542853,0.04744243924116744,0.0022507850411518644,-0.23168945,0.10089111,0.33258057,-0.06946285367012024,0.0468443822001938,False,False
991,esm2_0992,0.06067065519180467,0.0536213904088119,0.0028752535093742246,-0.09753418,0.24841309,0.34594727,0.06000931594106886,0.05414467045157602,False,False
992,esm2_0993,-0.007222010345755354,0.061823536161453016,0.0038221496235064886,-0.1809082,0.19836426,0.37927246,-0.009044636951552497,0.06074376458611885,False,False
993,esm2_0994,0.09397276471907502,0.0471873060379861,0.0022266418511225593,-0.07373047,0.33007812,0.4038086,0.09369769857989417,0.0462477602008781,False,False
994,esm2_0995,0.03939163287921698,0.05422177445101882,0.0029400008246171574,-0.23327637,0.18920898,0.42248535,0.03937227990892198,0.054607643621280316,False,False
995,esm2_0996,-0.017664401367157863,0.04681840169466333,0.002191962737242854,-0.15490723,0.17871094,0.33361816,-0.01762839431564013,0.047516152085879254,False,False
996,esm2_0997,0.0006373363250368311,0.05273147982502449,0.002780608964536965,-0.15393066,0.21020508,0.36413574,0.0003300596442487505,0.05327992473906301,False,False
997,esm2_0998,0.06475536063826176,0.04512279243573696,0.002036066397198601,-0.1184082,0.23779297,0.35620117,0.06490359471903907,0.04576723832845237,False,False
998,esm2_0999,0.01708141792892219,0.06713052790162263,0.004506507776350534,-0.19873047,0.21362305,0.41235352,0.0173716985517078,0.0670559987563406,False,False
999,esm2_1000,-0.033091278174079614,0.04398635854625678,0.001934799738159857,-0.20739746,0.1517334,0.35913086,-0.03304706124795808,0.04479429557742838,False,False
1000,esm2_1001,-0.06718313442615505,0.047061170581491285,0.0022147537765002208,-0.2368164,0.18798828,0.4248047,-0.0671527538034651,0.0469330167720747,False,False
1001,esm2_1002,-0.020089435987546627,0.058566529114460135,0.0034300383325149065,-0.2998047,0.1776123,0.477417,-0.020437460558282005,0.06010532113823139,False,False
1002,esm2_1003,-0.018973020284739503,0.054160172665563396,0.0029333243031636406,-0.20263672,0.20129395,0.40393066,-0.019328415393829346,0.054450794952269926,False,False
1003,esm2_1004,0.03616897935475678,0.04539350604805218,0.0020605703913345497,-0.14477539,0.24584961,0.390625,0.03522351384162903,0.045525442085436234,False,False
1004,esm2_1005,0.006946267483633975,0.04150046268590194,0.0017222884031439394,-0.18847656,0.15112305,0.3395996,0.0076859262254503034,0.04188359042558327,False,False
1005,esm2_1006,-0.06366403114782454,0.05906868496332724,0.003489109543296802,-0.26123047,0.17211914,0.4333496,-0.06320544174975819,0.058271681850850625,False,False
1006,esm2_1007,-0.11929876637644032,0.10211177650482232,0.010426814900970784,-0.28051758,0.3696289,0.6501465,-0.120666480395529,0.10241599074497965,False,False
1007,esm2_1008,0.008309784197516235,0.053766705136985525,0.002890858581287546,-0.1418457,0.20300293,0.34484863,0.008814109861850739,0.05381120675864976,False,False
1008,esm2_1009,0.009356493558259174,0.0658837260406908,0.004340665357004799,-0.18835449,0.15759277,0.34594727,0.008164280156294505,0.0649337309088189,False,False
1009,esm2_1010,-0.010345783006073235,0.048532838147363644,0.0023554363786381957,-0.18981934,0.1505127,0.34033203,-0.010962134434117211,0.049022866201833847,False,False
1010,esm2_1011,0.1483610009776633,0.06925996965119346,0.004796943396084241,-0.055358887,0.33032227,0.38568115,0.1487733989953995,0.0702586553874842,False,False
1011,esm2_1012,-0.017670611562527774,0.04908941721578258,0.0024097708825851715,-0.1895752,0.1628418,0.352417,-0.017664864824877845,0.049670203977684756,False,False
1012,esm2_1013,0.1648713370142184,0.060379909244303295,0.003645733440350302,-0.14929199,0.42504883,0.5743408,0.16476682358317904,0.06031765585656717,False,False
1013,esm2_1014,0.07637443658911296,0.08519388353622288,0.007257997791983509,-0.1842041,0.28515625,0.46936035,0.0789297534359826,0.08461656541042696,False,False
1014,esm2_1015,-0.006337769486663344,0.04795159766839913,0.002299355718952021,-0.15905762,0.22058105,0.37963867,-0.006095682664049996,0.048148786944224795,False,False
1015,esm2_1016,0.0920750425340862,0.05519409123205442,0.0030463877069323462,-0.06414795,0.34350586,0.4076538,0.09136824938986036,0.055049375694818194,False,False
1016,esm2_1017,-0.012508576704844518,0.05518027568597604,0.003044862824780319,-0.18786621,0.1673584,0.3552246,-0.01141353737976816,0.05569197907327389,False,False
1017,esm2_1018,0.0996816303833211,0.043682671937367086,0.0019081758275876378,-0.113708496,0.2290039,0.3427124,0.09975142214033339,0.04380701602362182,False,False
1018,esm2_1019,-0.049020162300846555,0.05103495791585625,0.002604566929473219,-0.36010742,0.08532715,0.44543457,-0.049229537116156685,0.05115963306952412,False,False
1019,esm2_1020,0.05785295965933509,0.054057435200727116,0.002922206300480811,-0.1505127,0.24902344,0.39953613,0.057096951868799,0.054991738661638125,False,False
1020,esm2_1021,-0.08841993237176825,0.054904936741404724,0.0030145520785776546,-0.26171875,0.113708496,0.37542725,-0.0880409566892518,0.05481158696101628,False,False
1021,esm2_1022,0.04923477944205789,0.03882857282478905,0.0015076580676099465,-0.1628418,0.17773438,0.34057617,0.04827667905224694,0.03925540111284546,False,False
1022,esm2_1023,0.052546705972076654,0.03908586939498885,0.0015277051863621261,-0.13671875,0.16430664,0.3010254,0.052353097332848444,0.03996133991696134,False,False
1023,esm2_1024,-0.030435765358504657,0.04830207505728437,0.0023330904548395327,-0.22875977,0.33398438,0.56274414,-0.029957282543182372,0.049300114345403566,False,False
1024,esm2_1025,0.07827307381455298,0.04903664306408668,0.00240459236299464,-0.10058594,0.23937988,0.33996582,0.07724865112039778,0.04968791174169231,False,False
1025,esm2_1026,-0.01445037708695271,0.05441339534615036,0.0029608175930964575,-0.14807129,0.24108887,0.38916016,-0.013448675556315317,0.054783183046267184,False,False
1026,esm2_1027,0.002781836359402977,0.06388866221527567,0.004081761159657593,-0.21765137,0.1694336,0.38708496,0.0026381418108940126,0.06429819037657171,False,False
1027,esm2_1028,-0.02871206253932398,0.05650929478798673,0.003193300397435585,-0.25195312,0.13708496,0.3890381,-0.029661437537935046,0.05622899737473752,False,False
1028,esm2_1029,-0.01985124954240568,0.05193042370632327,0.0026967689063182618,-0.22253418,0.18920898,0.41174316,-0.019136081056462393,0.05327959165717562,False,False
1029,esm2_1030,0.01026632783150964,0.04981816258660473,0.0024818493235053835,-0.24719238,0.17834473,0.4255371,0.009884879986445109,0.04942535623757011,False,False
1030,esm2_1031,0.06813164245539845,0.07610441806757513,0.005791882449404257,-0.22216797,0.2154541,0.43762207,0.06946334946486685,0.07569316029962031,False,False
1031,esm2_1032,-0.08966060563276929,0.06276367606478361,0.003939279033165092,-0.34204102,0.10015869,0.4421997,-0.08955326444572873,0.0634583002391545,False,False
1032,esm2_1033,0.011800933492831994,0.06275156949204322,0.003937759473714729,-0.2064209,0.20288086,0.40930176,0.009730180435710483,0.06307191444956177,False,False
1033,esm2_1034,0.10268298476173664,0.10514909831478203,0.011056332876411697,-0.28515625,0.28955078,0.57470703,0.10445981687969631,0.1041443365504274,False,False
1034,esm2_1035,-0.03004031652351066,0.03973043743773007,0.0015785076589933827,-0.16015625,0.13439941,0.29455566,-0.030303737024466197,0.03971289805865982,False,False
1035,esm2_1036,0.10718546326496492,0.055637389837536584,0.0030955191479340193,-0.1652832,0.31567383,0.48095703,0.10724679364098443,0.056723347693900625,False,False
1036,esm2_1037,0.08867678340611262,0.056924660460125655,0.0032404169685005934,-0.09033203,0.28393555,0.37426758,0.08873744606971741,0.057130342979608985,False,False
1037,esm2_1038,0.0519845173440948,0.0550349864489788,0.0030288497334392804,-0.15161133,0.20837402,0.35998535,0.05081745187441508,0.055517216302114425,False,False
1038,esm2_1039,0.14190514423738707,0.053685238904832344,0.0028821048762689245,-0.056121826,0.29541016,0.35153198,0.14150464534759521,0.054213027190379286,False,False
1039,esm2_1040,0.0326859405911326,0.06836450268126369,0.004673705226856511,-0.16027832,0.2290039,0.38928223,0.03444055881765154,0.06880697001683615,False,False
1040,esm2_1041,-0.07859871099050778,0.05603555159442429,0.003139983042491387,-0.24157715,0.08380127,0.32537842,-0.077178998125924,0.055880499980259644,False,False
1041,esm2_1042,-0.04479420575396996,0.06329200636538154,0.004005878069755497,-0.18676758,0.16430664,0.35107422,-0.04669599574473169,0.06322532776395538,False,False
1042,esm2_1043,0.07202993619455217,0.047537916493604095,0.002259853504552876,-0.12939453,0.22521973,0.35461426,0.072107552157508,0.048121823270245064,False,False
1043,esm2_1044,0.053466589350282284,0.053180864484807785,0.00282820434735149,-0.12176514,0.23144531,0.35321045,0.05260222247905201,0.05355273030083903,False,False
1044,esm2_1045,0.03425497994174174,0.04960916870324202,0.0024610696194267275,-0.16113281,0.13916016,0.30029297,0.03476779328452216,0.0496892045279644,False,False
1045,esm2_1046,-0.026815084188548097,0.04955199041574187,0.0024553997541617743,-0.2088623,0.14367676,0.35253906,-0.02497798005739848,0.04969338035076387,False,False
1046,esm2_1047,-0.05486305598810431,0.04957589414353318,0.0024577692801308077,-0.24291992,0.15393066,0.3968506,-0.0547651920053694,0.049960117271963304,False,False
1047,esm2_1048,0.09589441158663023,0.07451568274065508,0.005552586974305961,-0.114868164,0.29858398,0.41345215,0.09633427957693735,0.07515262337047303,False,False
1048,esm2_1049,0.03507440680272042,0.056841460446823956,0.0032309516257278525,-0.22924805,0.22009277,0.44934082,0.03530233535501692,0.05693998100409514,False,False
1049,esm2_1050,-0.1142683034467115,0.058505992710001696,0.0034229511829827713,-0.27807617,0.15539551,0.43347168,-0.11443872385554843,0.05825928138701667,False,False
1050,esm2_1051,0.02944403615564141,0.05361900933813159,0.0028749981624026427,-0.15930176,0.22998047,0.38928223,0.02984309262699551,0.053796470840035936,False,False
1051,esm2_1052,-0.043593382068003186,0.0505265407983195,0.0025529313250442455,-0.22033691,0.18737793,0.40771484,-0.042672845721244815,0.05070864352436549,False,False
1052,esm2_1053,0.07126010999033904,0.041476412986814835,0.0017202928342528224,-0.08972168,0.2310791,0.32080078,0.07152406060033374,0.04146697810974436,False,False
1053,esm2_1054,-0.020653442127193913,0.0472043415465857,0.0022282498608467162,-0.17602539,0.18054199,0.35656738,-0.02090721676747004,0.04665706640406723,False,False
1054,esm2_1055,-0.0097972714279124,0.09423195757243677,0.008879661827933524,-0.33642578,0.12939453,0.4658203,-0.008873260683483548,0.09299326123927641,False,False
1055,esm2_1056,-0.06850769847929147,0.10860789191601264,0.011795674186440282,-0.23059082,0.3100586,0.5406494,-0.07047527763578627,0.10777689146423039,False,False
1056,esm2_1057,0.004066348935867123,0.04960129057441924,0.0024602880266479713,-0.17883301,0.15881348,0.33764648,0.004998081343041526,0.04956180760626636,False,False
1057,esm2_1058,0.04755912841887903,0.04770765221328344,0.0022760200797036084,-0.13439941,0.1842041,0.31860352,0.0475471624897586,0.04818136653875855,False,False
1058,esm2_1059,-0.0016899974840991901,0.05167526290056441,0.0026703327958424485,-0.44189453,0.16931152,0.61120605,-0.0016962691313690608,0.05241052123777264,False,False
1059,esm2_1060,0.04433618242812077,0.08895585494887179,0.007913144129684717,-0.33984375,0.22888184,0.5687256,0.04618375168906318,0.08856801357484877,False,False
1060,esm2_1061,-0.1028308497946482,0.043912122514030566,0.0019282745036872304,-0.2631836,0.089538574,0.35272217,-0.10250284274419148,0.04420530621082663,False,False
1061,esm2_1062,0.04147086688601614,0.062193907207839634,0.003868082093777367,-0.15454102,0.27294922,0.42749023,0.04082517425219218,0.06199590834930123,False,False
1062,esm2_1063,-0.02232179101907982,0.04994980750880686,0.002494983270166858,-0.16748047,0.13171387,0.29919434,-0.022553776370154488,0.05016563579371232,False,False
1063,esm2_1064,0.07397196851215934,0.06248449889453239,0.0039043126021008193,-0.13745117,0.27514648,0.41259766,0.07286518812179565,0.06266182638219499,False,False
1064,esm2_1065,0.06972236876747055,0.0785917180997654,0.006176658153872991,-0.15185547,0.3010254,0.45288086,0.07086978554725647,0.07950234696503485,False,False
1065,esm2_1066,0.023643053729049904,0.046257347617531974,0.0021397422086091907,-0.1706543,0.17333984,0.34399414,0.02372917135556539,0.04610026390268646,False,False
1066,esm2_1067,0.08374336120423413,0.04914445442243706,0.002415177400478994,-0.0670166,0.31152344,0.37854004,0.08248737785551283,0.04856896894642842,False,False
1067,esm2_1068,0.11278339496066382,0.051888676646811537,0.0026924347641573646,-0.050048828,0.31176758,0.3618164,0.11242058409584893,0.0524660155571454,False,False
1068,esm2_1069,0.04623566470320825,0.04674113087433426,0.0021847333154116433,-0.24267578,0.18359375,0.42626953,0.04523232678572337,0.04705220121051914,False,False
1069,esm2_1070,0.006536921041787134,0.05233333427128373,0.00273877787594992,-0.20739746,0.16064453,0.368042,0.005605151421493954,0.05236454830086245,False,False
1070,esm2_1071,-0.07108732399744676,0.07607595906048185,0.005787551546972112,-0.41796875,0.16516113,0.5831299,-0.06929958934585254,0.0762543120308196,False,False
1071,esm2_1072,-0.05614648172249408,0.06403147754050863,0.004100030116020661,-0.28881836,0.103637695,0.39245605,-0.05746885240077972,0.06336057495979924,False,False
1072,esm2_1073,-0.1592959031942285,0.07610709198725958,0.005792289450757191,-0.32836914,0.05569458,0.38406372,-0.16077567603853013,0.07528595448257967,False,False
1073,esm2_1074,-0.03295372448009868,0.047947612074065254,0.002298973503605048,-0.17919922,0.12213135,0.30133057,-0.033309508860111234,0.048473354605273855,False,False
1074,esm2_1075,0.01196087306400515,0.05697026232840631,0.003245610789767431,-0.16687012,0.29125977,0.45812988,0.011885789864593082,0.056926182537904935,False,False
1075,esm2_1076,-0.0773588774868439,0.07838514990475394,0.006144231725590747,-0.39892578,0.1161499,0.5150757,-0.07564840151204003,0.07866271492238196,False,False
1076,esm2_1077,0.03238152299948723,0.05814903256047668,0.003381309987719377,-0.16235352,0.22180176,0.38415527,0.033252846615182026,0.05644935146626368,False,False
1077,esm2_1078,-0.0840682729367543,0.11062354460769915,0.012237568621571602,-0.2607422,0.23413086,0.49487305,-0.08661621941460504,0.11010914045186732,False,False
1078,esm2_1079,-0.040846349594992615,0.07504729205114506,0.005632096044209861,-0.26708984,0.2199707,0.48706055,-0.039003885040680565,0.07467082825597524,False,False
1079,esm2_1080,0.10061640665348574,0.05443749656424577,0.00296344103218227,-0.28930664,0.26782227,0.5571289,0.1011965596013599,0.056368538614969155,False,False
1080,esm2_1081,0.038266469384404055,0.06420828702211398,0.0041227041223141705,-0.13244629,0.5551758,0.6876221,0.0397600333723757,0.06462228675693203,False,False
1081,esm2_1082,0.10135212378549523,0.049956144915629934,0.0024956164148314183,-0.1977539,0.23510742,0.43286133,0.1011027197043101,0.05040564368327235,False,False
1082,esm2_1083,-0.09007527481570228,0.048373098643035205,0.0023399566723288144,-0.25024414,0.2211914,0.47143555,-0.08930194709036085,0.04874505713946361,False,False
1083,esm2_1084,0.024779407483226847,0.04731956877212334,0.00223914158877971,-0.2915039,0.20019531,0.49169922,0.02493648628393809,0.04811561777740352,False,False
1084,esm2_1085,0.11501782411475822,0.058433982422267265,0.00341453030172584,-0.13781738,0.35058594,0.48840332,0.11575944953494602,0.05869018178029226,False,False
1085,esm2_1086,0.06219749743083738,0.06318751494289575,0.003992662044658673,-0.16540527,0.24145508,0.40686035,0.06050693003667725,0.0623376426208097,False,False
1086,esm2_1087,0.0016666624310543218,0.059879544415949656,0.0035855598394616875,-0.19384766,0.22631836,0.42016602,0.001204064322842492,0.060495892854412286,False,False
1087,esm2_1088,0.03025556583118756,0.06872035103043427,0.004722486645746107,-0.1854248,0.21643066,0.40185547,0.031373841067155205,0.06788052473820357,False,False
1088,esm2_1089,0.02370330502799031,0.12666900009289053,0.016045035584532703,-0.18920898,0.43847656,0.62768555,0.02233006763789389,0.12536976347298587,False,False
1089,esm2_1090,0.03522036766238536,0.04877338990275462,0.0023788435626061265,-0.14660645,0.20544434,0.35205078,0.03435922529962328,0.04794746557878748,False,False
1090,esm2_1091,0.06355812494021806,0.07589784797253481,0.005760483326862006,-0.21887207,0.26513672,0.4840088,0.06179621120293935,0.07690853167638853,False,False
1091,esm2_1092,0.04439071062270068,0.042820412695398366,0.0018335877434042336,-0.13867188,0.17102051,0.30969238,0.043634160690837434,0.04261572675983063,False,False
1092,esm2_1093,0.03765157655658785,0.05488277132291609,0.0030121185880835006,-0.13415527,0.41308594,0.5472412,0.03772581203116311,0.05418928011011759,False,False
1093,esm2_1094,0.05535303018201602,0.04948591542757169,0.002448855825704778,-0.21325684,0.20031738,0.41357422,0.055329496496253544,0.049860915376302085,False,False
1094,esm2_1095,0.00879054368534575,0.06072121808760962,0.00368706632604305,-0.14685059,0.21948242,0.366333,0.007636861503124237,0.06208369656719698,False,False
1095,esm2_1096,0.11217734399566905,0.0828633539361508,0.006866335425547797,-0.12609863,0.44555664,0.5716553,0.11222294709748692,0.08286660103386609,False,False
1096,esm2_1097,-0.02758331806889914,0.05190110029904677,0.002693724212251713,-0.29956055,0.15344238,0.45300293,-0.027416945828331842,0.052925125514737145,False,False
1097,esm2_1098,0.11525761498992107,0.07318081853636939,0.005355432201653025,-0.12365723,0.33374023,0.45739746,0.11487050768401888,0.0722487946104176,False,False
1098,esm2_1099,0.21223518202757333,0.10192727092289915,0.010389168557790082,-0.07128906,0.3930664,0.46435547,0.21479149013757706,0.09983514174700718,False,False
1099,esm2_1100,0.04420100861992873,0.054490917965872694,0.0029692601407634678,-0.14367676,0.2006836,0.34436035,0.04508135351869795,0.05353786416351199,False,False
1100,esm2_1101,-0.016534242526804833,0.04199041746216106,0.0017631951586465607,-0.18859863,0.117004395,0.30560303,-0.01655001077387068,0.04203693249536023,False,False
1101,esm2_1102,0.029484285101641826,0.05663368598773013,0.0032073743885568198,-0.14660645,0.17858887,0.3251953,0.027389721241262224,0.05742233838513045,False,False
1102,esm2_1103,0.047705218477069204,0.044760395784706676,0.0020034930308035874,-0.13879395,0.34887695,0.4876709,0.048635202646255496,0.04602380448603013,False,False
1103,esm2_1104,-0.04906194151837077,0.06124560451172027,0.003751024072006051,-0.3334961,0.17382812,0.5073242,-0.04860214408901003,0.0615266025728824,False,False
1104,esm2_1105,0.005407472495630499,0.08365981031297476,0.006998963861602917,-0.20495605,0.23754883,0.44250488,0.006862435075971816,0.0838640748532983,False,False
1105,esm2_1106,-0.08717644942322793,0.059034515040345674,0.0034850739660487995,-0.28076172,0.18383789,0.4645996,-0.08747005396419101,0.05942252459712106,False,False
1106,esm2_1107,0.0027689899376838506,0.041042986129749354,0.001684526710446798,-0.1739502,0.16027832,0.33422852,0.003969883753193749,0.040622569600628475,False,False
1107,esm2_1108,0.01003898433786915,0.07322717303729663,0.005362218871034183,-0.26611328,0.19091797,0.45703125,0.009429027471277449,0.07381640232559473,False,False
1108,esm2_1109,-0.07348811136895624,0.054667513450048714,0.002988537026811257,-0.23999023,0.15881348,0.3988037,-0.07456962764263153,0.05405377918330102,False,False
1109,esm2_1110,0.08153808130143618,0.05120682690679847,0.002622139121862819,-0.11834717,0.21081543,0.3291626,0.08093036346965365,0.05112489935815757,False,False
1110,esm2_1111,-0.0234284174693676,0.06507250966688138,0.004234431514346371,-0.23547363,0.19848633,0.43395996,-0.025472971714205213,0.06430988807698008,False,False
1111,esm2_1112,0.01711132689136247,0.05519634057458596,0.0030466360128256842,-0.12402344,0.20788574,0.33190918,0.016955086009369957,0.05431872796212159,False,False
1112,esm2_1113,0.07650176375343586,0.040868319882108414,0.001670219569986338,-0.06781006,0.19763184,0.2654419,0.07623764673868814,0.04143750194396975,False,False
1113,esm2_1114,-0.013235727504937683,0.07077997046017791,0.005009804218343658,-0.20690918,0.21032715,0.41723633,-0.014190956950187683,0.0698234989959728,False,False
1114,esm2_1115,0.051837041295990434,0.051616348988944905,0.0026642474829485538,-0.105651855,0.22265625,0.3283081,0.05281113386154175,0.0504964272523945,False,False
1115,esm2_1116,0.04710759703776945,0.059029813633324664,0.0034845188975850426,-0.13500977,0.25268555,0.3876953,0.048573316136995955,0.060822556078361414,False,False
1116,esm2_1117,0.05532689741528391,0.046782175598875146,0.002188571953763989,-0.08654785,0.22167969,0.30822754,0.053711571627193026,0.04653247290631612,False,False
1117,esm2_1118,0.03718289749471514,0.06288992082404174,0.003955142141254239,-0.20092773,0.26245117,0.4633789,0.03641011135445701,0.06279721177369539,False,False
1118,esm2_1119,-0.019403697515565997,0.033880845964613375,0.0011479117232778586,-0.14538574,0.123413086,0.26879883,-0.01871747523546219,0.03458560379827242,False,False
1119,esm2_1120,-0.001460229318493876,0.044594997615910674,0.0019887138123630787,-0.18432617,0.17077637,0.35510254,-0.001960682703389062,0.04565724564384077,False,False
1120,esm2_1121,-0.0235695560420393,0.06398097292526714,0.004093564896463766,-0.32739258,0.15234375,0.47973633,-0.025148000733719932,0.063595411947084,False,False
1121,esm2_1122,-0.05768332040799445,0.056991054095597675,0.0032479802469273403,-0.35327148,0.06201172,0.4152832,-0.05798260130816036,0.05713736537118786,False,False
1122,esm2_1123,0.005462086624098935,0.046358294458665614,0.002149091465116347,-0.18652344,0.11895752,0.30548096,0.005802134755584928,0.047065343058413464,False,False
1123,esm2_1124,-0.07451419395029743,0.058719306853746725,0.003447956997384467,-0.30615234,0.111083984,0.41723633,-0.07379933165179359,0.05986380207296889,False,False
1124,esm2_1125,-0.027794889750147236,0.06555192465840678,0.00429705482642144,-0.2475586,0.22741699,0.4749756,-0.02598481302460035,0.06556344260657543,False,False
1125,esm2_1126,0.027446367036753832,0.06036716941837182,0.003644195143586406,-0.17480469,0.19799805,0.37280273,0.025858820560905667,0.05947749928003501,False,False
1126,esm2_1127,-0.008177647447744829,0.05360351060668224,0.0028733363493606955,-0.18066406,0.1743164,0.35498047,-0.007660201191902161,0.05367619819232902,False,False
1127,esm2_1128,-0.06086976877460205,0.06054379086971478,0.0036655506128757584,-0.35888672,0.15112305,0.51000977,-0.06176659580734041,0.06056198789420706,False,False
1128,esm2_1129,-0.006647296010058675,0.09529788744080128,0.009081687350679631,-0.3840332,0.18225098,0.5662842,-0.0048913038439220855,0.09541886871275139,False,False
1129,esm2_1130,0.012382622431967817,0.045396787902086524,0.0020608683518270297,-0.15649414,0.21459961,0.37109375,0.012746008237202962,0.04628145080652209,False,False
1130,esm2_1131,0.0009881398918626047,0.048507427744172354,0.0023529705463561017,-0.18835449,0.171875,0.3602295,0.0003033592469162411,0.04842215540861015,False,False
1131,esm2_1132,-0.026272895664274362,0.05768533896513376,0.0033275983315223796,-0.19519043,0.1673584,0.36254883,-0.023981469372908275,0.057751163901595494,False,False
1132,esm2_1133,0.03328557575450224,0.051920256932081785,0.0026957130798933864,-0.12524414,0.23608398,0.36132812,0.03454230129718781,0.052975426860126525,False,False
1133,esm2_1134,0.021173643880626074,0.05768177256673951,0.0033271868864410627,-0.2915039,0.35229492,0.6437988,0.02053412695725759,0.056724540346526575,False,False
1134,esm2_1135,-0.054383543831659074,0.06321738897098486,0.003996438268308798,-0.20117188,0.17114258,0.37231445,-0.054803191290961374,0.06371921712166378,False,False
1135,esm2_1136,-0.022096940666668688,0.05101875887827577,0.002602913757479643,-0.27978516,0.14221191,0.42199707,-0.02218240805798107,0.05267985913221666,False,False
1136,esm2_1137,0.07502942344589318,0.06724509318705574,0.004521902557735809,-0.16345215,0.2722168,0.43566895,0.07459874269035127,0.06848486932186752,False,False
1137,esm2_1138,0.02107356834358698,0.042288490978644074,0.0017883164692508613,-0.20483398,0.17102051,0.3758545,0.02154669968618287,0.042834153844581994,False,False
1138,esm2_1139,0.03158025967823414,0.04865975289055483,0.0023677715513698593,-0.10223389,0.19128418,0.29351807,0.03152136231462161,0.04843942464110024,False,False
1139,esm2_1140,-0.07766670352478536,0.08414621047112253,0.007080584736650452,-0.3857422,0.26635742,0.6520996,-0.07578158726294836,0.08281972380287057,False,False
1140,esm2_1141,0.009751642980797838,0.06365656725971099,0.004052158555290109,-0.25439453,0.17016602,0.42456055,0.011164322164323595,0.06420353670142247,False,False
1141,esm2_1142,0.12306350661435482,0.07033696762649135,0.004947289014890092,-0.21862793,0.3005371,0.51916504,0.12376699580086602,0.0703496331677934,False,False
1142,esm2_1143,-0.00935851720541087,0.04168379842167204,0.0017375390508585886,-0.16394043,0.11645508,0.2803955,-0.008080801367759705,0.042110744305628084,False,False
1143,esm2_1144,0.03432372017256031,0.053837927485065676,0.0028985224358871902,-0.12194824,0.2244873,0.34643555,0.035151856889327364,0.05360131583460396,False,False
1144,esm2_1145,-0.006398169697984871,0.09646173175145834,0.009304865692490305,-0.33691406,0.16027832,0.49719238,-0.0030608790616194407,0.09629335766482215,False,False
1145,esm2_1146,0.05897829455884791,0.08050078854174772,0.00648037695584318,-0.11657715,0.31225586,0.428833,0.05830332967970106,0.07996940868804,False,False
1146,esm2_1147,0.0007621725312083728,0.07324500646977478,0.005364830972757348,-0.18664551,0.23254395,0.41918945,-2.9444777303271822e-05,0.07395782418068454,False,False
1147,esm2_1148,0.051901863629492485,0.05474439552695121,0.0029969488416112756,-0.2364502,0.17749023,0.41394043,0.051775780154599084,0.05521867269805665,False,False
1148,esm2_1149,0.13661511809659188,0.05856309062938284,0.0034296355840653086,-0.09265137,0.33325195,0.42590332,0.13515338367886012,0.058645343059597045,False,False
1149,esm2_1150,-0.05415030510126552,0.09749108565922596,0.009504511783014534,-0.27124023,0.2631836,0.5344238,-0.05597161054611206,0.09501009741835031,False,False
1150,esm2_1151,-0.05208589498792981,0.052682050046170256,0.0027753983970671874,-0.23181152,0.11303711,0.34484863,-0.051760483450359766,0.05331644438225135,False,False
1151,esm2_1152,0.025534719791052478,0.045939123744458944,0.0021104030904087116,-0.14758301,0.22839355,0.37597656,0.025448295142915515,0.046610279844460305,False,False
1152,esm2_1153,0.022863493907729477,0.04969097266197515,0.0024691927640931614,-0.1270752,0.29492188,0.42199707,0.023218431737687853,0.04927423010733486,False,False
1153,esm2_1154,0.008530085213837958,0.07369595486253867,0.005431093763101338,-0.20629883,0.22290039,0.42919922,0.00809976491663191,0.07216403799899146,False,False
1154,esm2_1155,0.10884804572169973,0.059135509464918586,0.003497008479675476,-0.07611084,0.38183594,0.45794678,0.10958014196819729,0.06064711137570771,False,False
1155,esm2_1156,0.012001281308545653,0.06570800010688274,0.004317541278046102,-0.20178223,0.28637695,0.48815918,0.010804933392339282,0.06593002088084601,False,False
1156,esm2_1157,0.08416529520767246,0.05115666495132589,0.0026170043689422145,-0.12756348,0.25170898,0.37927246,0.08471688487463527,0.05092540977308626,False,False
1157,esm2_1158,0.07701798337413521,0.055285674393306374,0.0030565057931226922,-0.15466309,0.2166748,0.3713379,0.07755137814415826,0.055864403342936166,False,False
1158,esm2_1159,0.04671354385115595,0.05889578304075893,0.0034687132599841475,-0.14050293,0.24316406,0.383667,0.04614479583170679,0.05957317966884795,False,False
1159,esm2_1160,-0.07097560187158786,0.0602150445075569,0.0036258515850470584,-0.26464844,0.13793945,0.4025879,-0.07092462148931292,0.06031883264430173,False,False
1160,esm2_1161,-8.17636653718091,0.33609421485929014,0.11295932126188267,-8.8984375,-4.1210938,4.7773438,-8.173041449652779,0.32979873937567744,False,False
1161,esm2_1162,0.01607861046521169,0.04207575700032616,0.001770369327150496,-0.1303711,0.16772461,0.2980957,0.01600112873646948,0.04112856242674185,False,False
1162,esm2_1163,-0.01883931972342776,0.04437859931431501,0.0019694600771005205,-0.13366699,0.26831055,0.40197754,-0.018206392890877193,0.045156460485039,False,False
1163,esm2_1164,-0.04258546845100564,0.08830685984127302,0.007798101495026239,-0.28515625,0.15820312,0.44335938,-0.04078301654921638,0.08765326924532435,False,False
1164,esm2_1165,0.03753403421247442,0.04939388604312266,0.002439755978440988,-0.11987305,0.22399902,0.34387207,0.038438492351108126,0.049958688639802365,False,False
1165,esm2_1166,-0.04134402932655004,0.059842193909593715,0.0035810881719134154,-0.24157715,0.22241211,0.46398926,-0.040169670267237556,0.061084245055084974,False,False
1166,esm2_1167,-0.0788942032992906,0.04311899993491429,0.0018592481553871387,-0.27783203,0.084106445,0.36193848,-0.07863036642471949,0.0431911365103452,False,False
1167,esm2_1168,0.008189177341122475,0.04623622504397632,0.0021377885063172232,-0.16772461,0.17687988,0.3446045,0.009550089720222685,0.04695610327176971,False,False
1168,esm2_1169,-0.009722180953962557,0.03960483659239243,0.0015685430815101065,-0.14489746,0.21032715,0.3552246,-0.007900274462170072,0.03921852366937988,False,False
1169,esm2_1170,-0.04855421605570599,0.046812674823882613,0.002191426524166573,-0.22399902,0.14440918,0.3684082,-0.04890547692775726,0.04635108485446614,False,False
1170,esm2_1171,-0.039671923555888555,0.07206581024915748,0.005193481006867572,-0.29736328,0.24450684,0.5418701,-0.0406907535261578,0.071701031284093,False,False
1171,esm2_1172,0.09681243028545486,0.05687418966107258,0.0032346734496036546,-0.16125488,0.28076172,0.4420166,0.09619387057092454,0.05622548564988075,False,False
1172,esm2_1173,0.007509241292002992,0.04994222723017929,0.0024942260607108617,-0.118896484,0.19470215,0.31359863,0.00633428618311882,0.049400434007760556,False,False
1173,esm2_1174,-0.004700412760828761,0.06729651136295103,0.004528820441623798,-0.20373535,0.13342285,0.3371582,-0.003487791783279843,0.06695906180612946,False,False
1174,esm2_1175,-0.052226104693989646,0.05282429143472287,0.002790405765580536,-0.2763672,0.12780762,0.4041748,-0.05236694481637743,0.05266898679088263,False,False
1175,esm2_1176,0.13659571860394917,0.05867866898462797,0.0034431861938075408,-0.07873535,0.34594727,0.42468262,0.13697395589616562,0.059038515688179465,False,False
1176,esm2_1177,0.03811185341431748,0.06227797761893885,0.0038785464963050484,-0.12561035,0.23828125,0.3638916,0.03752643797132704,0.06324827568714478,False,False
1177,esm2_1178,-0.011169733204666967,0.07900367064796568,0.006241579975852233,-0.20898438,0.30273438,0.51171875,-0.012858173002799352,0.0794707651427373,False,False
1178,esm2_1179,-0.04470760311588198,0.051830018255661234,0.002686350792382177,-0.2286377,0.2319336,0.4605713,-0.044031646516588,0.05190718470461633,False,False
1179,esm2_1180,0.02444104302868859,0.05251718991751352,0.0027580552368321838,-0.13696289,0.3359375,0.4729004,0.0252409058312575,0.05359003602967195,False,False
1180,esm2_1181,0.010017442716477845,0.05990578329502817,0.003588702872190877,-0.31298828,0.20666504,0.5196533,0.009227070626285342,0.05948925664489475,False,False
1181,esm2_1182,-0.07194198593579969,0.07090007884892251,0.005026821180783429,-0.26464844,0.12646484,0.39111328,-0.0729759587181939,0.07015311241021015,False,False
1182,esm2_1183,0.08548296701894881,0.075233856945173,0.005660133230846756,-0.17358398,0.3232422,0.49682617,0.08671461244424185,0.07450786028941947,False,False
1183,esm2_1184,0.005537609678262082,0.07378056711072595,0.005443572083180336,-0.23474121,0.33569336,0.5704346,0.007740594281090631,0.07236578687755181,False,False
1184,esm2_1185,0.056164735893033585,0.049685624593603095,0.002468661291256457,-0.27563477,0.23913574,0.5147705,0.056305916690164146,0.049804971249907494,False,False
1185,esm2_1186,-0.016822891812213386,0.05286339285908262,0.0027945383045737075,-0.1517334,0.25463867,0.40637207,-0.016698310607009464,0.052801989961468725,False,False
1186,esm2_1187,-0.010677874683672263,0.06006780916673285,0.003608141698091035,-0.19921875,0.18029785,0.3795166,-0.011724651356538137,0.06002914429610727,False,False
1187,esm2_1188,-0.0816114109575947,0.03785551713499886,0.0014330401775581923,-0.22045898,0.14746094,0.36791992,-0.08166747879650858,0.03744420608409986,False,False
1188,esm2_1189,0.10720286861508589,0.06600592761605943,0.004356782480456477,-0.16320801,0.3125,0.475708,0.10561737219492594,0.06568545256151292,False,False
1189,esm2_1190,0.08465026201603812,0.10021612439880272,0.0100432715895163,-0.12145996,0.39526367,0.51672363,0.08256395070089234,0.09772186140529344,False,False
1190,esm2_1191,0.009747819485066337,0.0715352463016908,0.005117291463443567,-0.2631836,0.2364502,0.4996338,0.009864341881540086,0.07085901274691103,False,False
1191,esm2_1192,0.02849867208948675,0.0874484974767808,0.007647239710946537,-0.20910645,0.21044922,0.41955566,0.031090189350975884,0.08634214536116903,False,False
1192,esm2_1193,0.0531104011884937,0.08458386766969839,0.007154430669965048,-0.18554688,0.30615234,0.49169922,0.05137715289990107,0.08386133187946423,False,False
1193,esm2_1194,-0.004339097210358038,0.05023369691844409,0.0025234243060940995,-0.16210938,0.19519043,0.3572998,-0.004118649827109443,0.049546269170018184,False,False
1194,esm2_1195,-0.07072183374030212,0.09278398276926866,0.008608867458527944,-0.23828125,0.22875977,0.46704102,-0.07272346549563938,0.09031552618228661,False,False
1195,esm2_1196,0.04580039427627072,0.06770423749959036,0.004583863775400937,-0.1743164,0.28271484,0.45703125,0.04762876662943098,0.06705372566228163,False,False
1196,esm2_1197,0.055138898808736514,0.053011246013696736,0.0028101922039246783,-0.07977295,0.33325195,0.4130249,0.055143895000219344,0.05348352673586555,False,False
1197,esm2_1198,0.02273995630219827,0.04683684186476532,0.0021936897558650333,-0.18493652,0.23754883,0.42248535,0.021500458982255725,0.047276138567236475,False,False
1198,esm2_1199,0.08821924306973236,0.04916384367597831,0.0024170835249960323,-0.081970215,0.2841797,0.3661499,0.08847434719403585,0.04963125997269374,False,False
1199,esm2_1200,0.042900506981734296,0.03906723558340192,0.0015262488961290256,-0.1451416,0.16552734,0.31066895,0.04273447493712108,0.03982893360581288,False,False
1200,esm2_1201,0.19038769672237146,0.07674087558491863,0.005889161985539959,-0.08087158,0.3293457,0.4102173,0.19187314841482375,0.07583380199094994,False,False
1201,esm2_1202,0.10117814278893678,0.0646760490021344,0.00418299131452649,-0.21801758,0.29711914,0.5151367,0.10015013217926025,0.06229426119829259,False,False
1202,esm2_1203,0.12051960524919957,0.04984680918532119,0.0024847043859578207,-0.121276855,0.28076172,0.40203857,0.12190412150488959,0.05052829221916484,False,False
1203,esm2_1204,-0.0005370515432791757,0.05225535059371987,0.00273062166567258,-0.15722656,0.19873047,0.35595703,-0.0001491491993268331,0.05207849394476021,False,False
1204,esm2_1205,-0.06288156816353412,0.06804663717367669,0.004630344830645998,-0.3840332,0.13354492,0.5175781,-0.06221865548027886,0.06878335871306575,False,False
1205,esm2_1206,-0.07259287500751932,0.042068780151745776,0.001769782263455919,-0.34155273,0.09448242,0.43603516,-0.07275697125328912,0.0420279725537449,False,False
1206,esm2_1207,0.13194357449153685,0.062122880260781686,0.0038592522518954187,-0.097229004,0.2980957,0.3953247,0.1295672165022956,0.062380809751718516,False,False
1207,esm2_1208,-0.0779492364210241,0.04868774528479665,0.0023704965409172382,-0.22680664,0.10430908,0.33111572,-0.07906688236527973,0.048587993856706424,False,False
1208,esm2_1209,0.055103149781878066,0.06582095690386655,0.004332398367740658,-0.16296387,0.22460938,0.38757324,0.05704613427321116,0.06583806793782253,False,False
1209,esm2_1210,-0.03179158738397732,0.06571345664301871,0.004318258383973901,-0.18725586,0.28344727,0.47070312,-0.03274913214974933,0.06557397508577145,False,False
1210,esm2_1211,0.03358470143276896,0.055065864118371895,0.003032249391102997,-0.12084961,0.2631836,0.3840332,0.032117386741770636,0.05501955563323515,False,False
1211,esm2_1212,0.092305936771016,0.0497787463345485,0.0024779235866393256,-0.15063477,0.28515625,0.43579102,0.09157277577453189,0.0509486817344181,False,False
1212,esm2_1213,-0.07636677656533583,0.06873915157351058,0.004725070959046063,-0.26000977,0.14379883,0.4038086,-0.07743784959117571,0.06976510590064494,False,False
1213,esm2_1214,0.0591981032580038,0.04102519673469592,0.0016830667671205051,-0.06817627,0.21838379,0.28656006,0.05939315226342943,0.041899115998998836,False,False
1214,esm2_1215,-0.0003210726244732754,0.04682575542668211,0.0021926513712794493,-0.15136719,0.16394043,0.31530762,8.735971318350898e-05,0.04763549862851704,False,False
1215,esm2_1216,-0.08488328819401918,0.05886681183003683,0.003465301535032964,-0.25634766,0.13269043,0.3890381,-0.08333946797582838,0.05925918731732873,False,False
1216,esm2_1217,0.038160179550454566,0.04714916031946549,0.0022230433188306594,-0.21533203,0.2310791,0.44641113,0.037724584258264963,0.046516272904152306,False,False
1217,esm2_1218,0.13000067701350307,0.07088852215666133,0.005025182573555465,-0.11364746,0.39868164,0.5123291,0.13081338471836515,0.07090374739610844,False,False
1218,esm2_1219,-0.0254832654364498,0.05530191664992922,0.003058301985155719,-0.20910645,0.20300293,0.41210938,-0.026216504805617862,0.054406762243669075,False,False
1219,esm2_1220,-0.044197599578247745,0.04290072137245845,0.0018404718942773132,-0.14465332,0.19836426,0.34301758,-0.0447576277785831,0.04289563641330555,False,False
1220,esm2_1221,-0.08054458605462518,0.05375522158900668,0.00288962384808321,-0.21728516,0.101623535,0.3189087,-0.0807148814201355,0.05474512518982182,False,False
1221,esm2_1222,-0.07888957530623933,0.06526752990868566,0.0042598504603811775,-0.22460938,0.24841309,0.47302246,-0.07968628605206808,0.06483465062206996,False,False
1222,esm2_1223,-0.07944662113168528,0.06327520253289658,0.004003751255579081,-0.3647461,0.10803223,0.47277832,-0.08019513090451559,0.0648925263123134,False,False
1223,esm2_1224,0.008036268273416025,0.043483399296661056,0.0018908060143928633,-0.10614014,0.17382812,0.27996826,0.008740688363711039,0.04295919030844067,False,False
1224,esm2_1225,0.12362230789912793,0.054904761996057,0.0030145328898436644,-0.061340332,0.2998047,0.36114502,0.12281922499338786,0.05488677918841999,False,False
1225,esm2_1226,0.03472024539731584,0.03853612572809855,0.0014850329861318188,-0.0859375,0.18237305,0.26831055,0.03537991874747806,0.03825926000303224,False,False
1226,esm2_1227,-0.11374419907750882,0.04826249369319966,0.002329268297486137,-0.25024414,0.1352539,0.38549805,-0.11376281181971232,0.049223476926621657,False,False
1227,esm2_1228,-0.006920286870823055,0.06942036268384759,0.004819186755156938,-0.30908203,0.23413086,0.5432129,-0.005986488527721829,0.06864293326494687,False,False
1228,esm2_1229,-0.059647140439421965,0.043503975160925745,0.001892595854802444,-0.19091797,0.15344238,0.34436035,-0.05979699790477753,0.04371350880439427,False,False
1229,esm2_1230,0.01019127116219185,0.050746712081075944,0.0025752287870396194,-0.12524414,0.20166016,0.3269043,0.011222027987241746,0.05119062050339944,False,False
1230,esm2_1231,0.11750324134953676,0.10525820223107347,0.011079289136917561,-0.22253418,0.46850586,0.69104004,0.11874862511952718,0.10219968676680546,False,False
1231,esm2_1232,0.1160070184332946,0.058698832399014675,0.0034455529250076145,-0.09429932,0.27172852,0.36602783,0.11631340980529785,0.05887657737476741,False,False
1232,esm2_1233,0.018216202976171766,0.053768190313606225,0.0028910182896001784,-0.2199707,0.1875,0.4074707,0.018299365705913968,0.05378182796601756,False,False
1233,esm2_1234,0.08708148553024783,0.08142934938253163,0.006630738940862405,-0.21582031,0.31811523,0.53393555,0.08910483486122556,0.08087019912279204,False,False
1234,esm2_1235,0.07408928547000779,0.0542083184203685,0.0029385417859640627,-0.113342285,0.33569336,0.44903564,0.07460887589388424,0.05466880212646986,False,False
1235,esm2_1236,0.05526880207125275,0.05285986932479507,0.002794165785034411,-0.13391113,0.22741699,0.36132812,0.05577638016806708,0.05234586947914884,False,False
1236,esm2_1237,0.0231396682916021,0.04794073019318765,0.0022983136114560136,-0.12585449,0.21203613,0.33789062,0.024331934501727423,0.04731893326514165,False,False
1237,esm2_1238,-0.016348128379648188,0.04894843200501232,0.002395948995749314,-0.22521973,0.15319824,0.37841797,-0.016265143040153716,0.04885159117091415,False,False
1238,esm2_1239,0.06761815710681657,0.06185419915246295,0.0038259419527925487,-0.14758301,0.30517578,0.4527588,0.0691711290842957,0.0626770650469144,False,False
1239,esm2_1240,0.07316599139627421,0.04810358812887757,0.0023139551908726913,-0.10614014,0.20361328,0.30975342,0.07255953873197238,0.048846865619471116,False,False
1240,esm2_1241,0.026427211692674576,0.0734549660598792,0.005395632038858005,-0.3251953,0.19152832,0.51672363,0.028878564139207204,0.07251248926575726,False,False
1241,esm2_1242,0.05312434153075223,0.060459220830994226,0.0036553173834909265,-0.13183594,0.29077148,0.42260742,0.05346459878815545,0.05909162816659098,False,False
1242,esm2_1243,-0.07666823019859662,0.04467509351557068,0.001995863980624986,-0.29174805,0.096191406,0.38793945,-0.07635517650180393,0.044993326503556245,False,False
1243,esm2_1244,-0.02822188207761826,0.04481610984419062,0.0020084837015665593,-0.15722656,0.21081543,0.368042,-0.028338389512565402,0.04521018230923508,False,False
1244,esm2_1245,0.11394625630945,0.05001862555497913,0.0025018629024092113,-0.012245178,0.27905273,0.2912979,0.11295233302646213,0.05007978427600653,False,False
1245,esm2_1246,-0.032768283845581836,0.04424609928482241,0.0019577173019223624,-0.17456055,0.13562012,0.31018066,-0.033093709995349246,0.044492905750656085,False,False
1246,esm2_1247,0.006042556281095075,0.04478946581048773,0.0020060962475888493,-0.14538574,0.2705078,0.41589355,0.004956176545884874,0.04581623396483794,False,False
1247,esm2_1248,-0.009204116500045828,0.05982253463397197,0.003578735650032776,-0.19165039,0.23657227,0.42822266,-0.01040722711218728,0.05871399431932484,False,False
1248,esm2_1249,0.06577998895888588,0.05484072849958861,0.0030075055023655903,-0.17285156,0.25024414,0.4230957,0.06574085801839828,0.055565195840194245,False,False
1249,esm2_1250,0.04163976475083735,0.04985356777239976,0.0024853782196372553,-0.121398926,0.29907227,0.4204712,0.04086640957329008,0.05007357508083704,False,False
1250,esm2_1251,-0.007616489629502037,0.05689121003468434,0.003236609779210568,-0.18151855,0.21276855,0.3942871,-0.007642957237031725,0.056674896738784036,False,False
1251,esm2_1252,0.020617393092495225,0.07104812300795338,0.005047835782953275,-0.24951172,0.2619629,0.5114746,0.019807955125967662,0.0705846216511924,False,False
1252,esm2_1253,0.029702477595385385,0.046465770479995006,0.0021590678262995754,-0.1274414,0.19921875,0.32666016,0.030414899438619615,0.04575906818646753,False,False
1253,esm2_1254,-0.0004767027335214562,0.0427355665983452,0.0018263286524815984,-0.13378906,0.18481445,0.31860352,-0.0002830432520972358,0.042036997357903026,False,False
1254,esm2_1255,0.015020229840252164,0.04946843191647217,0.0024471257562746424,-0.14892578,0.1583252,0.30725098,0.01408110972907808,0.04957613553096278,False,False
1255,esm2_1256,-0.006405889987945557,0.044427155420473784,0.001973772138754933,-0.13085938,0.15026855,0.28112793,-0.006677180114719603,0.044137944820393175,False,False
1256,esm2_1257,-0.20203083813124306,0.04596497746126115,0.0021127791530142458,-0.34179688,-0.033569336,0.30822754,-0.2018540276421441,0.04590548212122899,False,False
1257,esm2_1258,0.054093264250062015,0.060003106740287394,0.0036003728184863227,-0.3095703,0.2467041,0.5562744,0.054667419526312086,0.0596701629412674,False,False
1258,esm2_1259,0.01970871386596815,0.048083523363528474,0.002312025219050989,-0.18835449,0.18835449,0.37670898,0.019233784410688612,0.04740664102778755,False,False
1259,esm2_1260,0.11059503206005372,0.05971994933061119,0.003566472348050768,-0.048339844,0.32495117,0.37329102,0.11066181924608019,0.05971915559291205,False,False
1260,esm2_1261,-0.05429124818922545,0.07017930728200636,0.004925135170582271,-0.24938965,0.16479492,0.41418457,-0.053665990796354084,0.06934419466270428,False,False
1261,esm2_1262,0.09877751875135399,0.04526852528987522,0.0020492393819200724,-0.1895752,0.29296875,0.48254395,0.098883542087343,0.046147146123656224,False,False
1262,esm2_1263,0.07522313311679514,0.052598019470632904,0.0027665516522330778,-0.12768555,0.31347656,0.4411621,0.0741594460275438,0.053192480743857976,False,False
1263,esm2_1264,-0.0010749614331354443,0.0510280278359121,0.0026038596248226203,-0.16223145,0.14538574,0.3076172,0.00017759096291330124,0.05119037198327069,False,False
1264,esm2_1265,-0.06557804385776922,0.05115100606960973,0.0026164254219332513,-0.23962402,0.13024902,0.36987305,-0.0658769583536519,0.051132678263139955,False,False
1265,esm2_1266,-0.05434668103809759,0.03955062027659251,0.0015642515642632102,-0.1875,0.059906006,0.247406,-0.05442441768116421,0.039701300867119226,False,False
1266,esm2_1267,0.04901882844018883,0.05429345768484918,0.002947779547376509,-0.17016602,0.23852539,0.4086914,0.049600533809926774,0.05473821373130061,False,False
1267,esm2_1268,-0.020768056566786687,0.043607511839835154,0.0019016150888613629,-0.15026855,0.16308594,0.3133545,-0.01964790423711141,0.043349979410055486,False,False
1268,esm2_1269,0.03417747511583216,0.07413410763745601,0.005495865915201914,-0.1640625,0.28222656,0.44628906,0.03520226321286625,0.07294680220733184,False,False
1269,esm2_1270,0.07465550584613152,0.053918890938485974,0.002907246800036345,-0.09667969,0.30029297,0.39697266,0.07432812650998434,0.05475898152341847,False,False
1270,esm2_1271,0.039417256128774766,0.051698836043744534,0.002672769648277979,-0.14025879,0.17456055,0.31481934,0.03978077918291092,0.05227278323001793,False,False
1271,esm2_1272,-0.07712774311133415,0.061508459034941794,0.0037832905328531127,-0.2849121,0.060577393,0.3454895,-0.07555525716808108,0.060920539553384535,False,False
1272,esm2_1273,-0.08819863110879947,0.050399553498773446,0.002540114992875727,-0.29223633,0.107421875,0.3996582,-0.08775224288304646,0.050887608300866166,False,False
1273,esm2_1274,0.11716199318126885,0.0552399515414831,0.003051452246305401,-0.11798096,0.36987305,0.487854,0.11652745935651991,0.0560548937696239,False,False
1274,esm2_1275,0.013474032167059996,0.039840909083004764,0.0015872980365602516,-0.117004395,0.13842773,0.25543213,0.012695680227544573,0.039859858234238606,False,False
1275,esm2_1276,0.08802899086515065,0.06499481040348921,0.004224325379385509,-0.14221191,0.24597168,0.3881836,0.08887964023484124,0.06614890852080273,False,False
1276,esm2_1277,0.01473015553414094,0.05431886574300087,0.002950539175606153,-0.10888672,0.25708008,0.3659668,0.013234453565544552,0.05293267427044907,False,False
1277,esm2_1278,0.01529707793522622,0.06206208554537799,0.003851702462241816,-0.24707031,0.22021484,0.46728516,0.01454470165901714,0.061414053227031085,False,False
1278,esm2_1279,-0.05017891245068244,0.05194365087717675,0.0026981428664500247,-0.23913574,0.18188477,0.4210205,-0.05108067078722848,0.05184572552777007,False,False
1279,esm2_1280,-0.019618634973858358,0.0531776505318114,0.0028278625160834616,-0.22827148,0.17810059,0.40637207,-0.018756543182664447,0.052741035043278435,False,False
