descriptive_rank,n,motif,hard_peptides_with_motif,hard_peptide_prevalence,reference_peptides_with_motif,reference_peptide_prevalence,prevalence_difference,descriptive_prevalence_ratio_smoothed,hard_occurrences,hard_occurrences_per_100_windows,reference_occurrences,reference_occurrences_per_100_windows
1,2,KK,11,0.7333333333333333,32,0.1927710843373494,0.5405622489959838,3.6932692307692307,15,6.3559322033898304,47,1.8132716049382716
2,2,KL,11,0.7333333333333333,34,0.20481927710843373,0.5285140562248996,3.479166666666667,21,8.898305084745763,55,2.121913580246914
3,2,AK,10,0.6666666666666666,28,0.1686746987951807,0.4979919678714859,3.845394736842105,20,8.474576271186441,49,1.8904320987654322
4,2,LA,10,0.6666666666666666,41,0.2469879518072289,0.41967871485943775,2.6408132530120483,16,6.779661016949152,55,2.121913580246914
5,3,LAK,8,0.5333333333333333,12,0.07228915662650602,0.4610441767068273,7.097500000000001,13,5.882352941176471,22,0.9068425391591096
6,2,FA,8,0.5333333333333333,16,0.0963855421686747,0.43694779116465865,5.3768939393939394,9,3.8135593220338984,16,0.6172839506172839
7,2,KA,8,0.5333333333333333,27,0.16265060240963855,0.37068273092369475,3.2261363636363636,14,5.932203389830509,32,1.2345679012345678
8,2,LK,8,0.5333333333333333,32,0.1927710843373494,0.3405622489959839,2.729807692307692,14,5.932203389830509,38,1.4660493827160495
9,3,AKL,7,0.4666666666666667,7,0.04216867469879518,0.4244979919678715,10.4375,12,5.429864253393665,14,0.5770816158285244
10,3,KLL,7,0.4666666666666667,9,0.05421686746987952,0.41244979919678715,8.240131578947368,7,3.167420814479638,9,0.37098103874690846
11,2,AL,7,0.4666666666666667,43,0.25903614457831325,0.20763052208835342,1.7995689655172413,16,6.779661016949152,54,2.0833333333333335
12,2,LL,7,0.4666666666666667,43,0.25903614457831325,0.20763052208835342,1.7995689655172413,7,2.9661016949152543,50,1.9290123456790123
13,3,KAL,6,0.4,7,0.04216867469879518,0.3578313253012049,9.045833333333333,11,4.97737556561086,10,0.41220115416323166
14,3,KLA,6,0.4,10,0.060240963855421686,0.33975903614457836,6.461309523809525,7,3.167420814479638,19,0.7831821929101401
15,3,KKA,5,0.3333333333333333,7,0.04216867469879518,0.2911646586345381,7.654166666666667,7,3.167420814479638,8,0.3297609233305853
16,3,ALK,5,0.3333333333333333,8,0.04819277108433735,0.285140562248996,6.7536764705882355,9,4.072398190045249,10,0.41220115416323166
17,3,FAK,5,0.3333333333333333,9,0.05421686746987952,0.2791164658634538,6.042763157894737,5,2.262443438914027,9,0.37098103874690846
18,3,LKK,5,0.3333333333333333,10,0.060240963855421686,0.2730923694779116,5.467261904761905,8,3.6199095022624435,11,0.4534212695795548
19,3,LLA,5,0.3333333333333333,10,0.060240963855421686,0.2730923694779116,5.467261904761905,5,2.262443438914027,10,0.41220115416323166
20,2,KV,5,0.3333333333333333,15,0.09036144578313253,0.24297188755020077,3.7036290322580645,6,2.542372881355932,17,0.6558641975308642
21,3,KKL,4,0.26666666666666666,9,0.05421686746987952,0.21244979919678714,4.944078947368421,4,1.8099547511312217,17,0.7007419620774938
22,3,AKK,4,0.26666666666666666,12,0.07228915662650602,0.19437751004016063,3.7575000000000003,4,1.8099547511312217,19,0.7831821929101401
23,2,FK,4,0.26666666666666666,15,0.09036144578313253,0.17630522088353412,3.030241935483871,5,2.1186440677966103,16,0.6172839506172839
24,2,AV,4,0.26666666666666666,16,0.0963855421686747,0.17028112449799196,2.846590909090909,5,2.1186440677966103,19,0.7330246913580247
25,2,VL,4,0.26666666666666666,23,0.13855421686746988,0.12811244979919678,1.9986702127659575,4,1.694915254237288,25,0.9645061728395061
26,3,IAV,3,0.2,0,0.0,0.2,73.0625,3,1.3574660633484164,0,0.0
27,3,FAL,3,0.2,1,0.006024096385542169,0.19397590361445785,24.354166666666668,3,1.3574660633484164,1,0.041220115416323165
28,3,LKL,3,0.2,2,0.012048192771084338,0.18795180722891566,14.6125,3,1.3574660633484164,2,0.08244023083264633
29,2,IA,3,0.2,7,0.04216867469879518,0.15783132530120483,4.870833333333334,3,1.271186440677966,8,0.30864197530864196
30,2,IR,3,0.2,7,0.04216867469879518,0.15783132530120483,4.870833333333334,3,1.271186440677966,7,0.2700617283950617
31,2,KI,3,0.2,15,0.09036144578313253,0.10963855421686748,2.3568548387096775,4,1.694915254237288,15,0.5787037037037037
32,2,GL,3,0.2,17,0.10240963855421686,0.09759036144578315,2.0875,4,1.694915254237288,18,0.6944444444444444
33,2,VA,3,0.2,24,0.14457831325301204,0.05542168674698797,1.4910714285714286,3,1.271186440677966,27,1.0416666666666667
34,3,AFL,2,0.13333333333333333,0,0.0,0.13333333333333333,52.1875,2,0.9049773755656109,0,0.0
35,3,AIA,2,0.13333333333333333,1,0.006024096385542169,0.12730923694779117,17.395833333333336,2,0.9049773755656109,1,0.041220115416323165
36,3,KAG,2,0.13333333333333333,1,0.006024096385542169,0.12730923694779117,17.395833333333336,2,0.9049773755656109,1,0.041220115416323165
37,3,KVL,2,0.13333333333333333,3,0.018072289156626505,0.11526104417670682,7.455357142857143,2,0.9049773755656109,3,0.1236603462489695
38,3,LKA,2,0.13333333333333333,3,0.018072289156626505,0.11526104417670682,7.455357142857143,2,0.9049773755656109,3,0.1236603462489695
39,3,VKA,2,0.13333333333333333,3,0.018072289156626505,0.11526104417670682,7.455357142857143,2,0.9049773755656109,3,0.1236603462489695
40,3,AKA,2,0.13333333333333333,4,0.024096385542168676,0.10923694779116466,5.798611111111111,2,0.9049773755656109,4,0.16488046166529266
41,3,KLK,2,0.13333333333333333,4,0.024096385542168676,0.10923694779116466,5.798611111111111,2,0.9049773755656109,4,0.16488046166529266
42,3,KKV,2,0.13333333333333333,5,0.030120481927710843,0.10321285140562249,4.744318181818182,2,0.9049773755656109,5,0.20610057708161583
43,3,LAL,2,0.13333333333333333,5,0.030120481927710843,0.10321285140562249,4.744318181818182,2,0.9049773755656109,5,0.20610057708161583
44,2,VF,2,0.13333333333333333,6,0.03614457831325301,0.09718875502008031,4.014423076923077,2,0.847457627118644,6,0.23148148148148148
45,3,ALA,2,0.13333333333333333,6,0.03614457831325301,0.09718875502008031,4.014423076923077,2,0.9049773755656109,6,0.247320692497939
46,2,AG,2,0.13333333333333333,7,0.04216867469879518,0.09116465863453815,3.4791666666666665,2,0.847457627118644,7,0.2700617283950617
47,2,VI,2,0.13333333333333333,8,0.04819277108433735,0.08514056224899598,3.0698529411764706,3,1.271186440677966,10,0.38580246913580246
48,2,AF,2,0.13333333333333333,10,0.060240963855421686,0.07309236947791165,2.485119047619048,3,1.271186440677966,10,0.38580246913580246
49,2,IV,2,0.13333333333333333,10,0.060240963855421686,0.07309236947791165,2.485119047619048,2,0.847457627118644,10,0.38580246913580246
50,2,AI,2,0.13333333333333333,15,0.09036144578313253,0.0429718875502008,1.683467741935484,2,0.847457627118644,15,0.5787037037037037
51,2,FL,2,0.13333333333333333,15,0.09036144578313253,0.0429718875502008,1.683467741935484,2,0.847457627118644,16,0.6172839506172839
52,2,LF,2,0.13333333333333333,15,0.09036144578313253,0.0429718875502008,1.683467741935484,2,0.847457627118644,16,0.6172839506172839
53,2,RL,2,0.13333333333333333,15,0.09036144578313253,0.0429718875502008,1.683467741935484,3,1.271186440677966,15,0.5787037037037037
54,2,IK,2,0.13333333333333333,17,0.10240963855421686,0.030923694779116467,1.4910714285714286,3,1.271186440677966,18,0.6944444444444444
55,2,LG,2,0.13333333333333333,18,0.10843373493975904,0.024899598393574293,1.410472972972973,3,1.271186440677966,18,0.6944444444444444
56,2,VK,2,0.13333333333333333,20,0.12048192771084337,0.012851405622489959,1.2728658536585367,2,0.847457627118644,21,0.8101851851851852
57,3,AGK,1,0.06666666666666667,0,0.0,0.06666666666666667,31.312499999999996,1,0.45248868778280543,0,0.0
58,3,AGP,1,0.06666666666666667,0,0.0,0.06666666666666667,31.312499999999996,1,0.45248868778280543,0,0.0
59,3,AKI,1,0.06666666666666667,0,0.0,0.06666666666666667,31.312499999999996,2,0.9049773755656109,0,0.0
60,3,AVK,1,0.06666666666666667,0,0.0,0.06666666666666667,31.312499999999996,1,0.45248868778280543,0,0.0
61,3,EAK,1,0.06666666666666667,0,0.0,0.06666666666666667,31.312499999999996,1,0.45248868778280543,0,0.0
62,3,EKV,1,0.06666666666666667,0,0.0,0.06666666666666667,31.312499999999996,1,0.45248868778280543,0,0.0
63,3,FIW,1,0.06666666666666667,0,0.0,0.06666666666666667,31.312499999999996,1,0.45248868778280543,0,0.0
64,3,FKR,1,0.06666666666666667,0,0.0,0.06666666666666667,31.312499999999996,1,0.45248868778280543,0,0.0
65,3,GEA,1,0.06666666666666667,0,0.0,0.06666666666666667,31.312499999999996,1,0.45248868778280543,0,0.0
66,3,GLG,1,0.06666666666666667,0,0.0,0.06666666666666667,31.312499999999996,1,0.45248868778280543,0,0.0
67,3,GLW,1,0.06666666666666667,0,0.0,0.06666666666666667,31.312499999999996,1,0.45248868778280543,0,0.0
68,3,GPA,1,0.06666666666666667,0,0.0,0.06666666666666667,31.312499999999996,1,0.45248868778280543,0,0.0
69,3,GRN,1,0.06666666666666667,0,0.0,0.06666666666666667,31.312499999999996,1,0.45248868778280543,0,0.0
70,3,IKR,1,0.06666666666666667,0,0.0,0.06666666666666667,31.312499999999996,1,0.45248868778280543,0,0.0
71,3,IKV,1,0.06666666666666667,0,0.0,0.06666666666666667,31.312499999999996,1,0.45248868778280543,0,0.0
72,3,IRN,1,0.06666666666666667,0,0.0,0.06666666666666667,31.312499999999996,1,0.45248868778280543,0,0.0
73,3,IWI,1,0.06666666666666667,0,0.0,0.06666666666666667,31.312499999999996,1,0.45248868778280543,0,0.0
74,3,KIA,1,0.06666666666666667,0,0.0,0.06666666666666667,31.312499999999996,1,0.45248868778280543,0,0.0
75,3,KIE,1,0.06666666666666667,0,0.0,0.06666666666666667,31.312499999999996,1,0.45248868778280543,0,0.0
76,3,KVI,1,0.06666666666666667,0,0.0,0.06666666666666667,31.312499999999996,1,0.45248868778280543,0,0.0
77,3,KYK,1,0.06666666666666667,0,0.0,0.06666666666666667,31.312499999999996,1,0.45248868778280543,0,0.0
78,3,LIV,1,0.06666666666666667,0,0.0,0.06666666666666667,31.312499999999996,1,0.45248868778280543,0,0.0
79,3,MPK,1,0.06666666666666667,0,0.0,0.06666666666666667,31.312499999999996,1,0.45248868778280543,0,0.0
80,3,NAF,1,0.06666666666666667,0,0.0,0.06666666666666667,31.312499999999996,1,0.45248868778280543,0,0.0
81,3,NGI,1,0.06666666666666667,0,0.0,0.06666666666666667,31.312499999999996,1,0.45248868778280543,0,0.0
82,3,NIR,1,0.06666666666666667,0,0.0,0.06666666666666667,31.312499999999996,1,0.45248868778280543,0,0.0
83,3,PAI,1,0.06666666666666667,0,0.0,0.06666666666666667,31.312499999999996,1,0.45248868778280543,0,0.0
84,3,PKW,1,0.06666666666666667,0,0.0,0.06666666666666667,31.312499999999996,1,0.45248868778280543,0,0.0
85,3,RNG,1,0.06666666666666667,0,0.0,0.06666666666666667,31.312499999999996,1,0.45248868778280543,0,0.0
86,3,RNI,1,0.06666666666666667,0,0.0,0.06666666666666667,31.312499999999996,1,0.45248868778280543,0,0.0
87,3,VFI,1,0.06666666666666667,0,0.0,0.06666666666666667,31.312499999999996,1,0.45248868778280543,0,0.0
88,3,VGR,1,0.06666666666666667,0,0.0,0.06666666666666667,31.312499999999996,1,0.45248868778280543,0,0.0
89,3,VIL,1,0.06666666666666667,0,0.0,0.06666666666666667,31.312499999999996,1,0.45248868778280543,0,0.0
90,3,VIR,1,0.06666666666666667,0,0.0,0.06666666666666667,31.312499999999996,1,0.45248868778280543,0,0.0
91,3,VNA,1,0.06666666666666667,0,0.0,0.06666666666666667,31.312499999999996,1,0.45248868778280543,0,0.0
92,3,WIR,1,0.06666666666666667,0,0.0,0.06666666666666667,31.312499999999996,1,0.45248868778280543,0,0.0
93,3,WKV,1,0.06666666666666667,0,0.0,0.06666666666666667,31.312499999999996,1,0.45248868778280543,0,0.0
94,3,YKK,1,0.06666666666666667,0,0.0,0.06666666666666667,31.312499999999996,1,0.45248868778280543,0,0.0
95,2,IW,1,0.06666666666666667,1,0.006024096385542169,0.0606425702811245,10.4375,1,0.423728813559322,1,0.038580246913580245
96,2,PK,1,0.06666666666666667,1,0.006024096385542169,0.0606425702811245,10.4375,1,0.423728813559322,1,0.038580246913580245
97,2,WI,1,0.06666666666666667,1,0.006024096385542169,0.0606425702811245,10.4375,1,0.423728813559322,1,0.038580246913580245
98,3,AFK,1,0.06666666666666667,1,0.006024096385542169,0.0606425702811245,10.4375,1,0.45248868778280543,1,0.041220115416323165
99,3,AVI,1,0.06666666666666667,1,0.006024096385542169,0.0606425702811245,10.4375,2,0.9049773755656109,2,0.08244023083264633
100,3,AVN,1,0.06666666666666667,1,0.006024096385542169,0.0606425702811245,10.4375,1,0.45248868778280543,1,0.041220115416323165
101,3,FAV,1,0.06666666666666667,1,0.006024096385542169,0.0606425702811245,10.4375,1,0.45248868778280543,1,0.041220115416323165
102,3,FKL,1,0.06666666666666667,1,0.006024096385542169,0.0606425702811245,10.4375,2,0.9049773755656109,1,0.041220115416323165
103,3,GIV,1,0.06666666666666667,1,0.006024096385542169,0.0606425702811245,10.4375,1,0.45248868778280543,1,0.041220115416323165
104,3,GKV,1,0.06666666666666667,1,0.006024096385542169,0.0606425702811245,10.4375,1,0.45248868778280543,1,0.041220115416323165
105,3,GLV,1,0.06666666666666667,1,0.006024096385542169,0.0606425702811245,10.4375,1,0.45248868778280543,1,0.041220115416323165
106,3,IEK,1,0.06666666666666667,1,0.006024096385542169,0.0606425702811245,10.4375,1,0.45248868778280543,1,0.041220115416323165
107,3,ILK,1,0.06666666666666667,1,0.006024096385542169,0.0606425702811245,10.4375,1,0.45248868778280543,1,0.041220115416323165
108,3,IRR,1,0.06666666666666667,1,0.006024096385542169,0.0606425702811245,10.4375,1,0.45248868778280543,1,0.041220115416323165
109,3,IRV,1,0.06666666666666667,1,0.006024096385542169,0.0606425702811245,10.4375,1,0.45248868778280543,1,0.041220115416323165
110,3,IVF,1,0.06666666666666667,1,0.006024096385542169,0.0606425702811245,10.4375,1,0.45248868778280543,1,0.041220115416323165
111,3,KFA,1,0.06666666666666667,1,0.006024096385542169,0.0606425702811245,10.4375,1,0.45248868778280543,1,0.041220115416323165
112,3,KKI,1,0.06666666666666667,1,0.006024096385542169,0.0606425702811245,10.4375,1,0.45248868778280543,1,0.041220115416323165
113,3,KLV,1,0.06666666666666667,1,0.006024096385542169,0.0606425702811245,10.4375,1,0.45248868778280543,1,0.041220115416323165
114,3,KVF,1,0.06666666666666667,1,0.006024096385542169,0.0606425702811245,10.4375,1,0.45248868778280543,1,0.041220115416323165
115,3,KVG,1,0.06666666666666667,1,0.006024096385542169,0.0606425702811245,10.4375,1,0.45248868778280543,1,0.041220115416323165
116,3,LAF,1,0.06666666666666667,1,0.006024096385542169,0.0606425702811245,10.4375,1,0.45248868778280543,1,0.041220115416323165
117,3,LFA,1,0.06666666666666667,1,0.006024096385542169,0.0606425702811245,10.4375,1,0.45248868778280543,1,0.041220115416323165
118,3,LGE,1,0.06666666666666667,1,0.006024096385542169,0.0606425702811245,10.4375,1,0.45248868778280543,1,0.041220115416323165
119,3,LGL,1,0.06666666666666667,1,0.006024096385542169,0.0606425702811245,10.4375,1,0.45248868778280543,1,0.041220115416323165
120,3,LKI,1,0.06666666666666667,1,0.006024096385542169,0.0606425702811245,10.4375,1,0.45248868778280543,1,0.041220115416323165
121,3,LRL,1,0.06666666666666667,1,0.006024096385542169,0.0606425702811245,10.4375,1,0.45248868778280543,1,0.041220115416323165
122,3,LVL,1,0.06666666666666667,1,0.006024096385542169,0.0606425702811245,10.4375,1,0.45248868778280543,1,0.041220115416323165
123,3,RRL,1,0.06666666666666667,1,0.006024096385542169,0.0606425702811245,10.4375,1,0.45248868778280543,1,0.041220115416323165
124,3,VFK,1,0.06666666666666667,1,0.006024096385542169,0.0606425702811245,10.4375,1,0.45248868778280543,1,0.041220115416323165
125,3,WAI,1,0.06666666666666667,1,0.006024096385542169,0.0606425702811245,10.4375,1,0.45248868778280543,1,0.041220115416323165
126,3,AAV,1,0.06666666666666667,2,0.012048192771084338,0.05461847389558233,6.2625,1,0.45248868778280543,2,0.08244023083264633
127,3,FKA,1,0.06666666666666667,2,0.012048192771084338,0.05461847389558233,6.2625,1,0.45248868778280543,2,0.08244023083264633
128,3,FKK,1,0.06666666666666667,2,0.012048192771084338,0.05461847389558233,6.2625,1,0.45248868778280543,2,0.08244023083264633
129,3,GLF,1,0.06666666666666667,2,0.012048192771084338,0.05461847389558233,6.2625,1,0.45248868778280543,2,0.08244023083264633
130,3,KVA,1,0.06666666666666667,2,0.012048192771084338,0.05461847389558233,6.2625,1,0.45248868778280543,2,0.08244023083264633
131,3,LLF,1,0.06666666666666667,2,0.012048192771084338,0.05461847389558233,6.2625,1,0.45248868778280543,2,0.08244023083264633
132,3,LVA,1,0.06666666666666667,2,0.012048192771084338,0.05461847389558233,6.2625,1,0.45248868778280543,2,0.08244023083264633
133,3,LWA,1,0.06666666666666667,2,0.012048192771084338,0.05461847389558233,6.2625,1,0.45248868778280543,2,0.08244023083264633
134,3,VAK,1,0.06666666666666667,2,0.012048192771084338,0.05461847389558233,6.2625,1,0.45248868778280543,2,0.08244023083264633
135,3,VLG,1,0.06666666666666667,2,0.012048192771084338,0.05461847389558233,6.2625,1,0.45248868778280543,2,0.08244023083264633
136,3,VLK,1,0.06666666666666667,2,0.012048192771084338,0.05461847389558233,6.2625,1,0.45248868778280543,2,0.08244023083264633
137,3,VLR,1,0.06666666666666667,2,0.012048192771084338,0.05461847389558233,6.2625,1,0.45248868778280543,2,0.08244023083264633
138,2,GP,1,0.06666666666666667,3,0.018072289156626505,0.04859437751004016,4.473214285714286,1,0.423728813559322,3,0.11574074074074074
139,2,GR,1,0.06666666666666667,3,0.018072289156626505,0.04859437751004016,4.473214285714286,1,0.423728813559322,3,0.11574074074074074
140,2,MP,1,0.06666666666666667,3,0.018072289156626505,0.04859437751004016,4.473214285714286,1,0.423728813559322,3,0.11574074074074074
141,3,AVL,1,0.06666666666666667,3,0.018072289156626505,0.04859437751004016,4.473214285714286,1,0.45248868778280543,3,0.1236603462489695
142,3,IVK,1,0.06666666666666667,3,0.018072289156626505,0.04859437751004016,4.473214285714286,1,0.45248868778280543,3,0.1236603462489695
143,3,KAF,1,0.06666666666666667,3,0.018072289156626505,0.04859437751004016,4.473214285714286,1,0.45248868778280543,3,0.1236603462489695
144,3,KRL,1,0.06666666666666667,3,0.018072289156626505,0.04859437751004016,4.473214285714286,1,0.45248868778280543,3,0.1236603462489695
145,3,KWK,1,0.06666666666666667,3,0.018072289156626505,0.04859437751004016,4.473214285714286,1,0.45248868778280543,3,0.1236603462489695
146,3,RLA,1,0.06666666666666667,3,0.018072289156626505,0.04859437751004016,4.473214285714286,2,0.9049773755656109,3,0.1236603462489695
147,3,VIK,1,0.06666666666666667,3,0.018072289156626505,0.04859437751004016,4.473214285714286,1,0.45248868778280543,4,0.16488046166529266
148,2,LW,1,0.06666666666666667,4,0.024096385542168676,0.04257028112449799,3.4791666666666665,1,0.423728813559322,4,0.15432098765432098
149,2,NA,1,0.06666666666666667,4,0.024096385542168676,0.04257028112449799,3.4791666666666665,1,0.423728813559322,4,0.15432098765432098
150,2,PA,1,0.06666666666666667,4,0.024096385542168676,0.04257028112449799,3.4791666666666665,1,0.423728813559322,4,0.15432098765432098
151,2,YK,1,0.06666666666666667,4,0.024096385542168676,0.04257028112449799,3.4791666666666665,1,0.423728813559322,5,0.19290123456790123
152,3,FLK,1,0.06666666666666667,4,0.024096385542168676,0.04257028112449799,3.4791666666666665,1,0.45248868778280543,4,0.16488046166529266
153,3,IKK,1,0.06666666666666667,4,0.024096385542168676,0.04257028112449799,3.4791666666666665,1,0.45248868778280543,5,0.20610057708161583
154,3,KIK,1,0.06666666666666667,4,0.024096385542168676,0.04257028112449799,3.4791666666666665,2,0.9049773755656109,4,0.16488046166529266
155,3,KKF,1,0.06666666666666667,4,0.024096385542168676,0.04257028112449799,3.4791666666666665,1,0.45248868778280543,4,0.16488046166529266
156,3,KLI,1,0.06666666666666667,4,0.024096385542168676,0.04257028112449799,3.4791666666666665,1,0.45248868778280543,4,0.16488046166529266
157,3,VAA,1,0.06666666666666667,4,0.024096385542168676,0.04257028112449799,3.4791666666666665,1,0.45248868778280543,4,0.16488046166529266
158,2,NG,1,0.06666666666666667,5,0.030120481927710843,0.03654618473895582,2.8465909090909087,1,0.423728813559322,5,0.19290123456790123
159,2,RN,1,0.06666666666666667,5,0.030120481927710843,0.03654618473895582,2.8465909090909087,2,0.847457627118644,5,0.19290123456790123
160,2,RR,1,0.06666666666666667,5,0.030120481927710843,0.03654618473895582,2.8465909090909087,1,0.423728813559322,6,0.23148148148148148
161,3,ALG,1,0.06666666666666667,5,0.030120481927710843,0.03654618473895582,2.8465909090909087,1,0.45248868778280543,5,0.20610057708161583
162,3,LFK,1,0.06666666666666667,5,0.030120481927710843,0.03654618473895582,2.8465909090909087,1,0.45248868778280543,5,0.20610057708161583
163,2,KW,1,0.06666666666666667,6,0.03614457831325301,0.030522088353413655,2.4086538461538463,1,0.423728813559322,7,0.2700617283950617
164,2,WK,1,0.06666666666666667,6,0.03614457831325301,0.030522088353413655,2.4086538461538463,1,0.423728813559322,6,0.23148148148148148
165,2,KY,1,0.06666666666666667,7,0.04216867469879518,0.024497991967871488,2.0875,1,0.423728813559322,7,0.2700617283950617
166,2,NI,1,0.06666666666666667,7,0.04216867469879518,0.024497991967871488,2.0875,1,0.423728813559322,9,0.3472222222222222
167,2,VN,1,0.06666666666666667,7,0.04216867469879518,0.024497991967871488,2.0875,1,0.423728813559322,7,0.2700617283950617
168,2,WA,1,0.06666666666666667,7,0.04216867469879518,0.024497991967871488,2.0875,1,0.423728813559322,8,0.30864197530864196
169,2,FI,1,0.06666666666666667,8,0.04819277108433735,0.018473895582329314,1.8419117647058825,1,0.423728813559322,8,0.30864197530864196
170,2,GK,1,0.06666666666666667,9,0.05421686746987952,0.012449799196787147,1.6480263157894737,1,0.423728813559322,13,0.5015432098765432
171,2,VG,1,0.06666666666666667,9,0.05421686746987952,0.012449799196787147,1.6480263157894737,1,0.423728813559322,9,0.3472222222222222
172,2,GE,1,0.06666666666666667,10,0.060240963855421686,0.006425702811244979,1.4910714285714286,1,0.423728813559322,10,0.38580246913580246
173,2,GI,1,0.06666666666666667,11,0.06626506024096386,0.00040160642570280514,1.3614130434782608,1,0.423728813559322,11,0.4243827160493827
174,2,IL,1,0.06666666666666667,11,0.06626506024096386,0.00040160642570280514,1.3614130434782608,1,0.423728813559322,12,0.46296296296296297
175,2,KF,1,0.06666666666666667,11,0.06626506024096386,0.00040160642570280514,1.3614130434782608,1,0.423728813559322,14,0.5401234567901234
176,2,LV,1,0.06666666666666667,11,0.06626506024096386,0.00040160642570280514,1.3614130434782608,2,0.847457627118644,12,0.46296296296296297
177,2,RV,1,0.06666666666666667,12,0.07228915662650602,-0.005622489959839355,1.2525000000000002,1,0.423728813559322,12,0.46296296296296297
178,2,KR,1,0.06666666666666667,13,0.0783132530120482,-0.01164658634538153,1.1597222222222223,2,0.847457627118644,13,0.5015432098765432
179,2,EK,1,0.06666666666666667,14,0.08433734939759036,-0.01767068273092369,1.0797413793103448,1,0.423728813559322,15,0.5787037037037037
180,2,IE,1,0.06666666666666667,16,0.0963855421686747,-0.029718875502008038,0.9488636363636364,1,0.423728813559322,17,0.6558641975308642
181,2,LR,1,0.06666666666666667,16,0.0963855421686747,-0.029718875502008038,0.9488636363636364,1,0.423728813559322,16,0.6172839506172839
182,2,EA,1,0.06666666666666667,19,0.1144578313253012,-0.04779116465863453,0.8028846153846153,1,0.423728813559322,20,0.7716049382716049
183,2,LI,1,0.06666666666666667,22,0.13253012048192772,-0.06586345381526106,0.6958333333333333,1,0.423728813559322,24,0.9259259259259259
184,2,AA,1,0.06666666666666667,28,0.1686746987951807,-0.10200803212851405,0.5493421052631579,1,0.423728813559322,30,1.1574074074074074
185,2,CK,0,0.0,1,0.006024096385542169,-0.006024096385542169,3.479166666666667,0,0.0,1,0.038580246913580245
186,2,DY,0,0.0,1,0.006024096385542169,-0.006024096385542169,3.479166666666667,0,0.0,1,0.038580246913580245
187,2,FT,0,0.0,1,0.006024096385542169,-0.006024096385542169,3.479166666666667,0,0.0,1,0.038580246913580245
188,2,GD,0,0.0,1,0.006024096385542169,-0.006024096385542169,3.479166666666667,0,0.0,1,0.038580246913580245
189,2,GH,0,0.0,1,0.006024096385542169,-0.006024096385542169,3.479166666666667,0,0.0,2,0.07716049382716049
190,2,GM,0,0.0,1,0.006024096385542169,-0.006024096385542169,3.479166666666667,0,0.0,1,0.038580246913580245
191,2,GY,0,0.0,1,0.006024096385542169,-0.006024096385542169,3.479166666666667,0,0.0,1,0.038580246913580245
192,2,HF,0,0.0,1,0.006024096385542169,-0.006024096385542169,3.479166666666667,0,0.0,1,0.038580246913580245
193,2,HG,0,0.0,1,0.006024096385542169,-0.006024096385542169,3.479166666666667,0,0.0,1,0.038580246913580245
194,2,HM,0,0.0,1,0.006024096385542169,-0.006024096385542169,3.479166666666667,0,0.0,1,0.038580246913580245
195,2,HR,0,0.0,1,0.006024096385542169,-0.006024096385542169,3.479166666666667,0,0.0,1,0.038580246913580245
196,2,HW,0,0.0,1,0.006024096385542169,-0.006024096385542169,3.479166666666667,0,0.0,1,0.038580246913580245
197,2,HY,0,0.0,1,0.006024096385542169,-0.006024096385542169,3.479166666666667,0,0.0,1,0.038580246913580245
198,2,IC,0,0.0,1,0.006024096385542169,-0.006024096385542169,3.479166666666667,0,0.0,1,0.038580246913580245
199,2,KC,0,0.0,1,0.006024096385542169,-0.006024096385542169,3.479166666666667,0,0.0,1,0.038580246913580245
200,2,MW,0,0.0,1,0.006024096385542169,-0.006024096385542169,3.479166666666667,0,0.0,1,0.038580246913580245
201,2,NV,0,0.0,1,0.006024096385542169,-0.006024096385542169,3.479166666666667,0,0.0,1,0.038580246913580245
202,2,NW,0,0.0,1,0.006024096385542169,-0.006024096385542169,3.479166666666667,0,0.0,1,0.038580246913580245
203,2,PF,0,0.0,1,0.006024096385542169,-0.006024096385542169,3.479166666666667,0,0.0,1,0.038580246913580245
204,2,PS,0,0.0,1,0.006024096385542169,-0.006024096385542169,3.479166666666667,0,0.0,1,0.038580246913580245
205,2,PW,0,0.0,1,0.006024096385542169,-0.006024096385542169,3.479166666666667,0,0.0,1,0.038580246913580245
206,2,PY,0,0.0,1,0.006024096385542169,-0.006024096385542169,3.479166666666667,0,0.0,1,0.038580246913580245
207,2,QI,0,0.0,1,0.006024096385542169,-0.006024096385542169,3.479166666666667,0,0.0,1,0.038580246913580245
208,2,RW,0,0.0,1,0.006024096385542169,-0.006024096385542169,3.479166666666667,0,0.0,1,0.038580246913580245
209,2,VP,0,0.0,1,0.006024096385542169,-0.006024096385542169,3.479166666666667,0,0.0,1,0.038580246913580245
210,2,WD,0,0.0,1,0.006024096385542169,-0.006024096385542169,3.479166666666667,0,0.0,1,0.038580246913580245
211,2,WP,0,0.0,1,0.006024096385542169,-0.006024096385542169,3.479166666666667,0,0.0,1,0.038580246913580245
212,2,WV,0,0.0,1,0.006024096385542169,-0.006024096385542169,3.479166666666667,0,0.0,1,0.038580246913580245
213,2,YF,0,0.0,1,0.006024096385542169,-0.006024096385542169,3.479166666666667,0,0.0,1,0.038580246913580245
214,2,YP,0,0.0,1,0.006024096385542169,-0.006024096385542169,3.479166666666667,0,0.0,1,0.038580246913580245
215,2,YW,0,0.0,1,0.006024096385542169,-0.006024096385542169,3.479166666666667,0,0.0,1,0.038580246913580245
216,3,AAF,0,0.0,1,0.006024096385542169,-0.006024096385542169,3.479166666666667,0,0.0,1,0.041220115416323165
217,3,AAI,0,0.0,1,0.006024096385542169,-0.006024096385542169,3.479166666666667,0,0.0,1,0.041220115416323165
218,3,AAN,0,0.0,1,0.006024096385542169,-0.006024096385542169,3.479166666666667,0,0.0,1,0.041220115416323165
219,3,AAQ,0,0.0,1,0.006024096385542169,-0.006024096385542169,3.479166666666667,0,0.0,1,0.041220115416323165
220,3,AAR,0,0.0,1,0.006024096385542169,-0.006024096385542169,3.479166666666667,0,0.0,1,0.041220115416323165
221,3,AAS,0,0.0,1,0.006024096385542169,-0.006024096385542169,3.479166666666667,0,0.0,1,0.041220115416323165
222,3,AAT,0,0.0,1,0.006024096385542169,-0.006024096385542169,3.479166666666667,0,0.0,1,0.041220115416323165
223,3,AAW,0,0.0,1,0.006024096385542169,-0.006024096385542169,3.479166666666667,0,0.0,1,0.041220115416323165
224,3,ADA,0,0.0,1,0.006024096385542169,-0.006024096385542169,3.479166666666667,0,0.0,1,0.041220115416323165
225,3,ADF,0,0.0,1,0.006024096385542169,-0.006024096385542169,3.479166666666667,0,0.0,1,0.041220115416323165
226,3,ADH,0,0.0,1,0.006024096385542169,-0.006024096385542169,3.479166666666667,0,0.0,1,0.041220115416323165
227,3,ADI,0,0.0,1,0.006024096385542169,-0.006024096385542169,3.479166666666667,0,0.0,1,0.041220115416323165
228,3,ADL,0,0.0,1,0.006024096385542169,-0.006024096385542169,3.479166666666667,0,0.0,1,0.041220115416323165
229,3,ADM,0,0.0,1,0.006024096385542169,-0.006024096385542169,3.479166666666667,0,0.0,1,0.041220115416323165
230,3,ADP,0,0.0,1,0.006024096385542169,-0.006024096385542169,3.479166666666667,0,0.0,1,0.041220115416323165
231,3,ADR,0,0.0,1,0.006024096385542169,-0.006024096385542169,3.479166666666667,0,0.0,1,0.041220115416323165
232,3,ADS,0,0.0,1,0.006024096385542169,-0.006024096385542169,3.479166666666667,0,0.0,1,0.041220115416323165
233,3,AED,0,0.0,1,0.006024096385542169,-0.006024096385542169,3.479166666666667,0,0.0,1,0.041220115416323165
234,3,AEE,0,0.0,1,0.006024096385542169,-0.006024096385542169,3.479166666666667,0,0.0,1,0.041220115416323165
235,3,AEI,0,0.0,1,0.006024096385542169,-0.006024096385542169,3.479166666666667,0,0.0,1,0.041220115416323165
236,3,AEL,0,0.0,1,0.006024096385542169,-0.006024096385542169,3.479166666666667,0,0.0,1,0.041220115416323165
237,3,AEM,0,0.0,1,0.006024096385542169,-0.006024096385542169,3.479166666666667,0,0.0,1,0.041220115416323165
238,3,AEN,0,0.0,1,0.006024096385542169,-0.006024096385542169,3.479166666666667,0,0.0,1,0.041220115416323165
239,3,AEW,0,0.0,1,0.006024096385542169,-0.006024096385542169,3.479166666666667,0,0.0,1,0.041220115416323165
240,3,AFE,0,0.0,1,0.006024096385542169,-0.006024096385542169,3.479166666666667,0,0.0,1,0.041220115416323165
241,3,AFG,0,0.0,1,0.006024096385542169,-0.006024096385542169,3.479166666666667,0,0.0,1,0.041220115416323165
242,3,AFR,0,0.0,1,0.006024096385542169,-0.006024096385542169,3.479166666666667,0,0.0,1,0.041220115416323165
243,3,AGH,0,0.0,1,0.006024096385542169,-0.006024096385542169,3.479166666666667,0,0.0,1,0.041220115416323165
244,3,AGN,0,0.0,1,0.006024096385542169,-0.006024096385542169,3.479166666666667,0,0.0,1,0.041220115416323165
245,3,AGS,0,0.0,1,0.006024096385542169,-0.006024096385542169,3.479166666666667,0,0.0,1,0.041220115416323165
246,3,AGT,0,0.0,1,0.006024096385542169,-0.006024096385542169,3.479166666666667,0,0.0,1,0.041220115416323165
247,3,AGV,0,0.0,1,0.006024096385542169,-0.006024096385542169,3.479166666666667,0,0.0,1,0.041220115416323165
248,3,AHE,0,0.0,1,0.006024096385542169,-0.006024096385542169,3.479166666666667,0,0.0,1,0.041220115416323165
249,3,AHK,0,0.0,1,0.006024096385542169,-0.006024096385542169,3.479166666666667,0,0.0,1,0.041220115416323165
250,3,AHS,0,0.0,1,0.006024096385542169,-0.006024096385542169,3.479166666666667,0,0.0,1,0.041220115416323165
251,3,AID,0,0.0,1,0.006024096385542169,-0.006024096385542169,3.479166666666667,0,0.0,1,0.041220115416323165
252,3,AIF,0,0.0,1,0.006024096385542169,-0.006024096385542169,3.479166666666667,0,0.0,1,0.041220115416323165
253,3,AIL,0,0.0,1,0.006024096385542169,-0.006024096385542169,3.479166666666667,0,0.0,1,0.041220115416323165
254,3,AIQ,0,0.0,1,0.006024096385542169,-0.006024096385542169,3.479166666666667,0,0.0,1,0.041220115416323165
255,3,AIR,0,0.0,1,0.006024096385542169,-0.006024096385542169,3.479166666666667,0,0.0,1,0.041220115416323165
256,3,AIT,0,0.0,1,0.006024096385542169,-0.006024096385542169,3.479166666666667,0,0.0,1,0.041220115416323165
257,3,AIY,0,0.0,1,0.006024096385542169,-0.006024096385542169,3.479166666666667,0,0.0,1,0.041220115416323165
258,3,AKD,0,0.0,1,0.006024096385542169,-0.006024096385542169,3.479166666666667,0,0.0,1,0.041220115416323165
259,3,AKE,0,0.0,1,0.006024096385542169,-0.006024096385542169,3.479166666666667,0,0.0,1,0.041220115416323165
260,3,AKS,0,0.0,1,0.006024096385542169,-0.006024096385542169,3.479166666666667,0,0.0,1,0.041220115416323165
261,3,ALD,0,0.0,1,0.006024096385542169,-0.006024096385542169,3.479166666666667,0,0.0,1,0.041220115416323165
262,3,ALR,0,0.0,1,0.006024096385542169,-0.006024096385542169,3.479166666666667,0,0.0,1,0.041220115416323165
263,3,ALT,0,0.0,1,0.006024096385542169,-0.006024096385542169,3.479166666666667,0,0.0,1,0.041220115416323165
264,3,AMQ,0,0.0,1,0.006024096385542169,-0.006024096385542169,3.479166666666667,0,0.0,1,0.041220115416323165
265,3,AMS,0,0.0,1,0.006024096385542169,-0.006024096385542169,3.479166666666667,0,0.0,1,0.041220115416323165
266,3,AMV,0,0.0,1,0.006024096385542169,-0.006024096385542169,3.479166666666667,0,0.0,1,0.041220115416323165
267,3,ANA,0,0.0,1,0.006024096385542169,-0.006024096385542169,3.479166666666667,0,0.0,1,0.041220115416323165
268,3,ANF,0,0.0,1,0.006024096385542169,-0.006024096385542169,3.479166666666667,0,0.0,1,0.041220115416323165
269,3,ANI,0,0.0,1,0.006024096385542169,-0.006024096385542169,3.479166666666667,0,0.0,1,0.041220115416323165
270,3,ANK,0,0.0,1,0.006024096385542169,-0.006024096385542169,3.479166666666667,0,0.0,1,0.041220115416323165
271,3,ANL,0,0.0,1,0.006024096385542169,-0.006024096385542169,3.479166666666667,0,0.0,1,0.041220115416323165
272,3,ANT,0,0.0,1,0.006024096385542169,-0.006024096385542169,3.479166666666667,0,0.0,1,0.041220115416323165
273,3,APD,0,0.0,1,0.006024096385542169,-0.006024096385542169,3.479166666666667,0,0.0,1,0.041220115416323165
274,3,APE,0,0.0,1,0.006024096385542169,-0.006024096385542169,3.479166666666667,0,0.0,1,0.041220115416323165
275,3,APW,0,0.0,1,0.006024096385542169,-0.006024096385542169,3.479166666666667,0,0.0,1,0.041220115416323165
276,3,AQQ,0,0.0,1,0.006024096385542169,-0.006024096385542169,3.479166666666667,0,0.0,1,0.041220115416323165
277,3,AQR,0,0.0,1,0.006024096385542169,-0.006024096385542169,3.479166666666667,0,0.0,1,0.041220115416323165
278,3,AQS,0,0.0,1,0.006024096385542169,-0.006024096385542169,3.479166666666667,0,0.0,1,0.041220115416323165
279,3,AQY,0,0.0,1,0.006024096385542169,-0.006024096385542169,3.479166666666667,0,0.0,1,0.041220115416323165
280,3,ARA,0,0.0,1,0.006024096385542169,-0.006024096385542169,3.479166666666667,0,0.0,1,0.041220115416323165
281,3,ARF,0,0.0,1,0.006024096385542169,-0.006024096385542169,3.479166666666667,0,0.0,1,0.041220115416323165
282,3,ARL,0,0.0,1,0.006024096385542169,-0.006024096385542169,3.479166666666667,0,0.0,1,0.041220115416323165
283,3,ARN,0,0.0,1,0.006024096385542169,-0.006024096385542169,3.479166666666667,0,0.0,1,0.041220115416323165
284,3,ASR,0,0.0,1,0.006024096385542169,-0.006024096385542169,3.479166666666667,0,0.0,1,0.041220115416323165
285,3,AST,0,0.0,1,0.006024096385542169,-0.006024096385542169,3.479166666666667,0,0.0,1,0.041220115416323165
286,3,ATH,0,0.0,1,0.006024096385542169,-0.006024096385542169,3.479166666666667,0,0.0,1,0.041220115416323165
287,3,ATL,0,0.0,1,0.006024096385542169,-0.006024096385542169,3.479166666666667,0,0.0,1,0.041220115416323165
288,3,ATP,0,0.0,1,0.006024096385542169,-0.006024096385542169,3.479166666666667,0,0.0,1,0.041220115416323165
289,3,ATQ,0,0.0,1,0.006024096385542169,-0.006024096385542169,3.479166666666667,0,0.0,1,0.041220115416323165
290,3,ATR,0,0.0,1,0.006024096385542169,-0.006024096385542169,3.479166666666667,0,0.0,1,0.041220115416323165
291,3,ATS,0,0.0,1,0.006024096385542169,-0.006024096385542169,3.479166666666667,0,0.0,1,0.041220115416323165
292,3,ATV,0,0.0,1,0.006024096385542169,-0.006024096385542169,3.479166666666667,0,0.0,1,0.041220115416323165
293,3,AVD,0,0.0,1,0.006024096385542169,-0.006024096385542169,3.479166666666667,0,0.0,1,0.041220115416323165
294,3,AVQ,0,0.0,1,0.006024096385542169,-0.006024096385542169,3.479166666666667,0,0.0,1,0.041220115416323165
295,3,AVY,0,0.0,1,0.006024096385542169,-0.006024096385542169,3.479166666666667,0,0.0,1,0.041220115416323165
296,3,AWA,0,0.0,1,0.006024096385542169,-0.006024096385542169,3.479166666666667,0,0.0,1,0.041220115416323165
297,3,AWI,0,0.0,1,0.006024096385542169,-0.006024096385542169,3.479166666666667,0,0.0,1,0.041220115416323165
298,3,AYA,0,0.0,1,0.006024096385542169,-0.006024096385542169,3.479166666666667,0,0.0,1,0.041220115416323165
299,3,AYD,0,0.0,1,0.006024096385542169,-0.006024096385542169,3.479166666666667,0,0.0,1,0.041220115416323165
300,3,AYE,0,0.0,1,0.006024096385542169,-0.006024096385542169,3.479166666666667,0,0.0,1,0.041220115416323165
301,3,AYL,0,0.0,1,0.006024096385542169,-0.006024096385542169,3.479166666666667,0,0.0,1,0.041220115416323165
302,3,AYR,0,0.0,1,0.006024096385542169,-0.006024096385542169,3.479166666666667,0,0.0,1,0.041220115416323165
303,3,AYT,0,0.0,1,0.006024096385542169,-0.006024096385542169,3.479166666666667,0,0.0,1,0.041220115416323165
304,3,AYV,0,0.0,1,0.006024096385542169,-0.006024096385542169,3.479166666666667,0,0.0,1,0.041220115416323165
305,3,CKI,0,0.0,1,0.006024096385542169,-0.006024096385542169,3.479166666666667,0,0.0,1,0.041220115416323165
306,3,DAF,0,0.0,1,0.006024096385542169,-0.006024096385542169,3.479166666666667,0,0.0,1,0.041220115416323165
307,3,DAK,0,0.0,1,0.006024096385542169,-0.006024096385542169,3.479166666666667,0,0.0,1,0.041220115416323165
308,3,DAM,0,0.0,1,0.006024096385542169,-0.006024096385542169,3.479166666666667,0,0.0,1,0.041220115416323165
309,3,DAY,0,0.0,1,0.006024096385542169,-0.006024096385542169,3.479166666666667,0,0.0,1,0.041220115416323165
310,3,DDE,0,0.0,1,0.006024096385542169,-0.006024096385542169,3.479166666666667,0,0.0,1,0.041220115416323165
311,3,DDS,0,0.0,1,0.006024096385542169,-0.006024096385542169,3.479166666666667,0,0.0,1,0.041220115416323165
312,3,DDY,0,0.0,1,0.006024096385542169,-0.006024096385542169,3.479166666666667,0,0.0,1,0.041220115416323165
313,3,DEA,0,0.0,1,0.006024096385542169,-0.006024096385542169,3.479166666666667,0,0.0,1,0.041220115416323165
314,3,DEK,0,0.0,1,0.006024096385542169,-0.006024096385542169,3.479166666666667,0,0.0,1,0.041220115416323165
315,3,DEL,0,0.0,1,0.006024096385542169,-0.006024096385542169,3.479166666666667,0,0.0,1,0.041220115416323165
316,3,DEM,0,0.0,1,0.006024096385542169,-0.006024096385542169,3.479166666666667,0,0.0,1,0.041220115416323165
317,3,DET,0,0.0,1,0.006024096385542169,-0.006024096385542169,3.479166666666667,0,0.0,1,0.041220115416323165
318,3,DFL,0,0.0,1,0.006024096385542169,-0.006024096385542169,3.479166666666667,0,0.0,1,0.041220115416323165
319,3,DFN,0,0.0,1,0.006024096385542169,-0.006024096385542169,3.479166666666667,0,0.0,1,0.041220115416323165
320,3,DFP,0,0.0,1,0.006024096385542169,-0.006024096385542169,3.479166666666667,0,0.0,1,0.041220115416323165
321,3,DGG,0,0.0,1,0.006024096385542169,-0.006024096385542169,3.479166666666667,0,0.0,1,0.041220115416323165
322,3,DGL,0,0.0,1,0.006024096385542169,-0.006024096385542169,3.479166666666667,0,0.0,1,0.041220115416323165
323,3,DHA,0,0.0,1,0.006024096385542169,-0.006024096385542169,3.479166666666667,0,0.0,1,0.041220115416323165
324,3,DHH,0,0.0,1,0.006024096385542169,-0.006024096385542169,3.479166666666667,0,0.0,1,0.041220115416323165
325,3,DHR,0,0.0,1,0.006024096385542169,-0.006024096385542169,3.479166666666667,0,0.0,1,0.041220115416323165
326,3,DHS,0,0.0,1,0.006024096385542169,-0.006024096385542169,3.479166666666667,0,0.0,1,0.041220115416323165
327,3,DIF,0,0.0,1,0.006024096385542169,-0.006024096385542169,3.479166666666667,0,0.0,1,0.041220115416323165
328,3,DIG,0,0.0,1,0.006024096385542169,-0.006024096385542169,3.479166666666667,0,0.0,1,0.041220115416323165
329,3,DIM,0,0.0,1,0.006024096385542169,-0.006024096385542169,3.479166666666667,0,0.0,1,0.041220115416323165
330,3,DIT,0,0.0,1,0.006024096385542169,-0.006024096385542169,3.479166666666667,0,0.0,1,0.041220115416323165
331,3,DKE,0,0.0,1,0.006024096385542169,-0.006024096385542169,3.479166666666667,0,0.0,1,0.041220115416323165
332,3,DKV,0,0.0,1,0.006024096385542169,-0.006024096385542169,3.479166666666667,0,0.0,1,0.041220115416323165
333,3,DLA,0,0.0,1,0.006024096385542169,-0.006024096385542169,3.479166666666667,0,0.0,1,0.041220115416323165
334,3,DLG,0,0.0,1,0.006024096385542169,-0.006024096385542169,3.479166666666667,0,0.0,1,0.041220115416323165
335,3,DLL,0,0.0,1,0.006024096385542169,-0.006024096385542169,3.479166666666667,0,0.0,1,0.041220115416323165
336,3,DMM,0,0.0,1,0.006024096385542169,-0.006024096385542169,3.479166666666667,0,0.0,1,0.041220115416323165
337,3,DMN,0,0.0,1,0.006024096385542169,-0.006024096385542169,3.479166666666667,0,0.0,1,0.041220115416323165
338,3,DMS,0,0.0,1,0.006024096385542169,-0.006024096385542169,3.479166666666667,0,0.0,1,0.041220115416323165
339,3,DMT,0,0.0,1,0.006024096385542169,-0.006024096385542169,3.479166666666667,0,0.0,1,0.041220115416323165
340,3,DMV,0,0.0,1,0.006024096385542169,-0.006024096385542169,3.479166666666667,0,0.0,1,0.041220115416323165
341,3,DNL,0,0.0,1,0.006024096385542169,-0.006024096385542169,3.479166666666667,0,0.0,1,0.041220115416323165
342,3,DNN,0,0.0,1,0.006024096385542169,-0.006024096385542169,3.479166666666667,0,0.0,1,0.041220115416323165
343,3,DQA,0,0.0,1,0.006024096385542169,-0.006024096385542169,3.479166666666667,0,0.0,1,0.041220115416323165
344,3,DQE,0,0.0,1,0.006024096385542169,-0.006024096385542169,3.479166666666667,0,0.0,1,0.041220115416323165
345,3,DQN,0,0.0,1,0.006024096385542169,-0.006024096385542169,3.479166666666667,0,0.0,1,0.041220115416323165
346,3,DQQ,0,0.0,1,0.006024096385542169,-0.006024096385542169,3.479166666666667,0,0.0,1,0.041220115416323165
347,3,DRA,0,0.0,1,0.006024096385542169,-0.006024096385542169,3.479166666666667,0,0.0,1,0.041220115416323165
348,3,DRE,0,0.0,1,0.006024096385542169,-0.006024096385542169,3.479166666666667,0,0.0,1,0.041220115416323165
349,3,DRI,0,0.0,1,0.006024096385542169,-0.006024096385542169,3.479166666666667,0,0.0,1,0.041220115416323165
350,3,DRV,0,0.0,1,0.006024096385542169,-0.006024096385542169,3.479166666666667,0,0.0,1,0.041220115416323165
351,3,DSI,0,0.0,1,0.006024096385542169,-0.006024096385542169,3.479166666666667,0,0.0,1,0.041220115416323165
352,3,DSR,0,0.0,1,0.006024096385542169,-0.006024096385542169,3.479166666666667,0,0.0,1,0.041220115416323165
353,3,DSY,0,0.0,1,0.006024096385542169,-0.006024096385542169,3.479166666666667,0,0.0,1,0.041220115416323165
354,3,DTY,0,0.0,1,0.006024096385542169,-0.006024096385542169,3.479166666666667,0,0.0,1,0.041220115416323165
355,3,DVE,0,0.0,1,0.006024096385542169,-0.006024096385542169,3.479166666666667,0,0.0,1,0.041220115416323165
356,3,DVR,0,0.0,1,0.006024096385542169,-0.006024096385542169,3.479166666666667,0,0.0,1,0.041220115416323165
357,3,DYL,0,0.0,1,0.006024096385542169,-0.006024096385542169,3.479166666666667,0,0.0,1,0.041220115416323165
358,3,EAI,0,0.0,1,0.006024096385542169,-0.006024096385542169,3.479166666666667,0,0.0,1,0.041220115416323165
359,3,EAN,0,0.0,1,0.006024096385542169,-0.006024096385542169,3.479166666666667,0,0.0,1,0.041220115416323165
360,3,EDA,0,0.0,1,0.006024096385542169,-0.006024096385542169,3.479166666666667,0,0.0,1,0.041220115416323165
361,3,EDL,0,0.0,1,0.006024096385542169,-0.006024096385542169,3.479166666666667,0,0.0,1,0.041220115416323165
362,3,EDQ,0,0.0,1,0.006024096385542169,-0.006024096385542169,3.479166666666667,0,0.0,1,0.041220115416323165
363,3,EEA,0,0.0,1,0.006024096385542169,-0.006024096385542169,3.479166666666667,0,0.0,1,0.041220115416323165
364,3,EEE,0,0.0,1,0.006024096385542169,-0.006024096385542169,3.479166666666667,0,0.0,1,0.041220115416323165
365,3,EEF,0,0.0,1,0.006024096385542169,-0.006024096385542169,3.479166666666667,0,0.0,1,0.041220115416323165
366,3,EEY,0,0.0,1,0.006024096385542169,-0.006024096385542169,3.479166666666667,0,0.0,1,0.041220115416323165
367,3,EFH,0,0.0,1,0.006024096385542169,-0.006024096385542169,3.479166666666667,0,0.0,1,0.041220115416323165
368,3,EFK,0,0.0,1,0.006024096385542169,-0.006024096385542169,3.479166666666667,0,0.0,1,0.041220115416323165
369,3,EGI,0,0.0,1,0.006024096385542169,-0.006024096385542169,3.479166666666667,0,0.0,1,0.041220115416323165
370,3,EGK,0,0.0,1,0.006024096385542169,-0.006024096385542169,3.479166666666667,0,0.0,1,0.041220115416323165
371,3,EGL,0,0.0,1,0.006024096385542169,-0.006024096385542169,3.479166666666667,0,0.0,1,0.041220115416323165
372,3,EGN,0,0.0,1,0.006024096385542169,-0.006024096385542169,3.479166666666667,0,0.0,1,0.041220115416323165
373,3,EGR,0,0.0,1,0.006024096385542169,-0.006024096385542169,3.479166666666667,0,0.0,1,0.041220115416323165
374,3,EGS,0,0.0,1,0.006024096385542169,-0.006024096385542169,3.479166666666667,0,0.0,1,0.041220115416323165
375,3,EGV,0,0.0,1,0.006024096385542169,-0.006024096385542169,3.479166666666667,0,0.0,1,0.041220115416323165
376,3,EGW,0,0.0,1,0.006024096385542169,-0.006024096385542169,3.479166666666667,0,0.0,1,0.041220115416323165
377,3,EGY,0,0.0,1,0.006024096385542169,-0.006024096385542169,3.479166666666667,0,0.0,1,0.041220115416323165
378,3,EII,0,0.0,1,0.006024096385542169,-0.006024096385542169,3.479166666666667,0,0.0,1,0.041220115416323165
379,3,EIK,0,0.0,1,0.006024096385542169,-0.006024096385542169,3.479166666666667,0,0.0,1,0.041220115416323165
380,3,EIM,0,0.0,1,0.006024096385542169,-0.006024096385542169,3.479166666666667,0,0.0,1,0.041220115416323165
381,3,EIY,0,0.0,1,0.006024096385542169,-0.006024096385542169,3.479166666666667,0,0.0,1,0.041220115416323165
382,3,EKF,0,0.0,1,0.006024096385542169,-0.006024096385542169,3.479166666666667,0,0.0,1,0.041220115416323165
383,3,EKS,0,0.0,1,0.006024096385542169,-0.006024096385542169,3.479166666666667,0,0.0,1,0.041220115416323165
384,3,ELF,0,0.0,1,0.006024096385542169,-0.006024096385542169,3.479166666666667,0,0.0,1,0.041220115416323165
385,3,ELK,0,0.0,1,0.006024096385542169,-0.006024096385542169,3.479166666666667,0,0.0,1,0.041220115416323165
386,3,ELM,0,0.0,1,0.006024096385542169,-0.006024096385542169,3.479166666666667,0,0.0,1,0.041220115416323165
387,3,ELQ,0,0.0,1,0.006024096385542169,-0.006024096385542169,3.479166666666667,0,0.0,1,0.041220115416323165
388,3,ELR,0,0.0,1,0.006024096385542169,-0.006024096385542169,3.479166666666667,0,0.0,1,0.041220115416323165
389,3,ELT,0,0.0,1,0.006024096385542169,-0.006024096385542169,3.479166666666667,0,0.0,1,0.041220115416323165
390,3,ELV,0,0.0,1,0.006024096385542169,-0.006024096385542169,3.479166666666667,0,0.0,1,0.041220115416323165
391,3,EME,0,0.0,1,0.006024096385542169,-0.006024096385542169,3.479166666666667,0,0.0,1,0.041220115416323165
392,3,EMG,0,0.0,1,0.006024096385542169,-0.006024096385542169,3.479166666666667,0,0.0,1,0.041220115416323165
393,3,EMI,0,0.0,1,0.006024096385542169,-0.006024096385542169,3.479166666666667,0,0.0,1,0.041220115416323165
394,3,EMK,0,0.0,1,0.006024096385542169,-0.006024096385542169,3.479166666666667,0,0.0,1,0.041220115416323165
395,3,EMM,0,0.0,1,0.006024096385542169,-0.006024096385542169,3.479166666666667,0,0.0,1,0.041220115416323165
396,3,EMQ,0,0.0,1,0.006024096385542169,-0.006024096385542169,3.479166666666667,0,0.0,1,0.041220115416323165
397,3,ENH,0,0.0,1,0.006024096385542169,-0.006024096385542169,3.479166666666667,0,0.0,1,0.041220115416323165
398,3,ENL,0,0.0,1,0.006024096385542169,-0.006024096385542169,3.479166666666667,0,0.0,1,0.041220115416323165
399,3,ENS,0,0.0,1,0.006024096385542169,-0.006024096385542169,3.479166666666667,0,0.0,1,0.041220115416323165
400,3,EPG,0,0.0,1,0.006024096385542169,-0.006024096385542169,3.479166666666667,0,0.0,1,0.041220115416323165
401,3,EPI,0,0.0,1,0.006024096385542169,-0.006024096385542169,3.479166666666667,0,0.0,1,0.041220115416323165
402,3,EPL,0,0.0,1,0.006024096385542169,-0.006024096385542169,3.479166666666667,0,0.0,1,0.041220115416323165
403,3,EQE,0,0.0,1,0.006024096385542169,-0.006024096385542169,3.479166666666667,0,0.0,1,0.041220115416323165
404,3,EQG,0,0.0,1,0.006024096385542169,-0.006024096385542169,3.479166666666667,0,0.0,1,0.041220115416323165
405,3,EQH,0,0.0,1,0.006024096385542169,-0.006024096385542169,3.479166666666667,0,0.0,1,0.041220115416323165
406,3,EQL,0,0.0,1,0.006024096385542169,-0.006024096385542169,3.479166666666667,0,0.0,1,0.041220115416323165
407,3,EQW,0,0.0,1,0.006024096385542169,-0.006024096385542169,3.479166666666667,0,0.0,1,0.041220115416323165
408,3,EQY,0,0.0,1,0.006024096385542169,-0.006024096385542169,3.479166666666667,0,0.0,1,0.041220115416323165
409,3,ERA,0,0.0,1,0.006024096385542169,-0.006024096385542169,3.479166666666667,0,0.0,1,0.041220115416323165
410,3,ERF,0,0.0,1,0.006024096385542169,-0.006024096385542169,3.479166666666667,0,0.0,1,0.041220115416323165
411,3,ERM,0,0.0,1,0.006024096385542169,-0.006024096385542169,3.479166666666667,0,0.0,1,0.041220115416323165
412,3,ERN,0,0.0,1,0.006024096385542169,-0.006024096385542169,3.479166666666667,0,0.0,1,0.041220115416323165
413,3,ESD,0,0.0,1,0.006024096385542169,-0.006024096385542169,3.479166666666667,0,0.0,1,0.041220115416323165
414,3,ESK,0,0.0,1,0.006024096385542169,-0.006024096385542169,3.479166666666667,0,0.0,1,0.041220115416323165
415,3,ESM,0,0.0,1,0.006024096385542169,-0.006024096385542169,3.479166666666667,0,0.0,1,0.041220115416323165
416,3,ESQ,0,0.0,1,0.006024096385542169,-0.006024096385542169,3.479166666666667,0,0.0,1,0.041220115416323165
417,3,ETL,0,0.0,1,0.006024096385542169,-0.006024096385542169,3.479166666666667,0,0.0,1,0.041220115416323165
418,3,ETR,0,0.0,1,0.006024096385542169,-0.006024096385542169,3.479166666666667,0,0.0,1,0.041220115416323165
419,3,ETY,0,0.0,1,0.006024096385542169,-0.006024096385542169,3.479166666666667,0,0.0,1,0.041220115416323165
420,3,EVD,0,0.0,1,0.006024096385542169,-0.006024096385542169,3.479166666666667,0,0.0,1,0.041220115416323165
421,3,EVE,0,0.0,1,0.006024096385542169,-0.006024096385542169,3.479166666666667,0,0.0,1,0.041220115416323165
422,3,EVF,0,0.0,1,0.006024096385542169,-0.006024096385542169,3.479166666666667,0,0.0,1,0.041220115416323165
423,3,EVG,0,0.0,1,0.006024096385542169,-0.006024096385542169,3.479166666666667,0,0.0,1,0.041220115416323165
424,3,EVK,0,0.0,1,0.006024096385542169,-0.006024096385542169,3.479166666666667,0,0.0,1,0.041220115416323165
425,3,EVM,0,0.0,1,0.006024096385542169,-0.006024096385542169,3.479166666666667,0,0.0,1,0.041220115416323165
426,3,EVR,0,0.0,1,0.006024096385542169,-0.006024096385542169,3.479166666666667,0,0.0,1,0.041220115416323165
427,3,EVY,0,0.0,1,0.006024096385542169,-0.006024096385542169,3.479166666666667,0,0.0,1,0.041220115416323165
428,3,EWF,0,0.0,1,0.006024096385542169,-0.006024096385542169,3.479166666666667,0,0.0,1,0.041220115416323165
429,3,EWQ,0,0.0,1,0.006024096385542169,-0.006024096385542169,3.479166666666667,0,0.0,1,0.041220115416323165
430,3,EYE,0,0.0,1,0.006024096385542169,-0.006024096385542169,3.479166666666667,0,0.0,1,0.041220115416323165
431,3,EYK,0,0.0,1,0.006024096385542169,-0.006024096385542169,3.479166666666667,0,0.0,1,0.041220115416323165
432,3,EYQ,0,0.0,1,0.006024096385542169,-0.006024096385542169,3.479166666666667,0,0.0,1,0.041220115416323165
433,3,EYR,0,0.0,1,0.006024096385542169,-0.006024096385542169,3.479166666666667,0,0.0,1,0.041220115416323165
434,3,EYY,0,0.0,1,0.006024096385542169,-0.006024096385542169,3.479166666666667,0,0.0,1,0.041220115416323165
435,3,FAA,0,0.0,1,0.006024096385542169,-0.006024096385542169,3.479166666666667,0,0.0,1,0.041220115416323165
436,3,FAH,0,0.0,1,0.006024096385542169,-0.006024096385542169,3.479166666666667,0,0.0,1,0.041220115416323165
437,3,FAM,0,0.0,1,0.006024096385542169,-0.006024096385542169,3.479166666666667,0,0.0,1,0.041220115416323165
438,3,FDN,0,0.0,1,0.006024096385542169,-0.006024096385542169,3.479166666666667,0,0.0,1,0.041220115416323165
439,3,FEA,0,0.0,1,0.006024096385542169,-0.006024096385542169,3.479166666666667,0,0.0,1,0.041220115416323165
440,3,FEE,0,0.0,1,0.006024096385542169,-0.006024096385542169,3.479166666666667,0,0.0,1,0.041220115416323165
441,3,FEL,0,0.0,1,0.006024096385542169,-0.006024096385542169,3.479166666666667,0,0.0,1,0.041220115416323165
442,3,FFF,0,0.0,1,0.006024096385542169,-0.006024096385542169,3.479166666666667,0,0.0,2,0.08244023083264633
443,3,FFG,0,0.0,1,0.006024096385542169,-0.006024096385542169,3.479166666666667,0,0.0,1,0.041220115416323165
444,3,FFW,0,0.0,1,0.006024096385542169,-0.006024096385542169,3.479166666666667,0,0.0,1,0.041220115416323165
445,3,FGE,0,0.0,1,0.006024096385542169,-0.006024096385542169,3.479166666666667,0,0.0,1,0.041220115416323165
446,3,FGW,0,0.0,1,0.006024096385542169,-0.006024096385542169,3.479166666666667,0,0.0,1,0.041220115416323165
447,3,FHA,0,0.0,1,0.006024096385542169,-0.006024096385542169,3.479166666666667,0,0.0,1,0.041220115416323165
448,3,FHS,0,0.0,1,0.006024096385542169,-0.006024096385542169,3.479166666666667,0,0.0,1,0.041220115416323165
449,3,FIA,0,0.0,1,0.006024096385542169,-0.006024096385542169,3.479166666666667,0,0.0,1,0.041220115416323165
450,3,FIG,0,0.0,1,0.006024096385542169,-0.006024096385542169,3.479166666666667,0,0.0,1,0.041220115416323165
451,3,FIK,0,0.0,1,0.006024096385542169,-0.006024096385542169,3.479166666666667,0,0.0,1,0.041220115416323165
452,3,FIN,0,0.0,1,0.006024096385542169,-0.006024096385542169,3.479166666666667,0,0.0,1,0.041220115416323165
453,3,FIR,0,0.0,1,0.006024096385542169,-0.006024096385542169,3.479166666666667,0,0.0,1,0.041220115416323165
454,3,FIT,0,0.0,1,0.006024096385542169,-0.006024096385542169,3.479166666666667,0,0.0,1,0.041220115416323165
455,3,FKD,0,0.0,1,0.006024096385542169,-0.006024096385542169,3.479166666666667,0,0.0,1,0.041220115416323165
456,3,FKG,0,0.0,1,0.006024096385542169,-0.006024096385542169,3.479166666666667,0,0.0,1,0.041220115416323165
457,3,FKI,0,0.0,1,0.006024096385542169,-0.006024096385542169,3.479166666666667,0,0.0,1,0.041220115416323165
458,3,FKT,0,0.0,1,0.006024096385542169,-0.006024096385542169,3.479166666666667,0,0.0,1,0.041220115416323165
459,3,FKV,0,0.0,1,0.006024096385542169,-0.006024096385542169,3.479166666666667,0,0.0,1,0.041220115416323165
460,3,FKW,0,0.0,1,0.006024096385542169,-0.006024096385542169,3.479166666666667,0,0.0,1,0.041220115416323165
461,3,FLA,0,0.0,1,0.006024096385542169,-0.006024096385542169,3.479166666666667,0,0.0,1,0.041220115416323165
462,3,FLE,0,0.0,1,0.006024096385542169,-0.006024096385542169,3.479166666666667,0,0.0,1,0.041220115416323165
463,3,FLI,0,0.0,1,0.006024096385542169,-0.006024096385542169,3.479166666666667,0,0.0,1,0.041220115416323165
464,3,FLP,0,0.0,1,0.006024096385542169,-0.006024096385542169,3.479166666666667,0,0.0,1,0.041220115416323165
465,3,FLR,0,0.0,1,0.006024096385542169,-0.006024096385542169,3.479166666666667,0,0.0,1,0.041220115416323165
466,3,FLT,0,0.0,1,0.006024096385542169,-0.006024096385542169,3.479166666666667,0,0.0,1,0.041220115416323165
467,3,FMA,0,0.0,1,0.006024096385542169,-0.006024096385542169,3.479166666666667,0,0.0,1,0.041220115416323165
468,3,FNI,0,0.0,1,0.006024096385542169,-0.006024096385542169,3.479166666666667,0,0.0,1,0.041220115416323165
469,3,FNR,0,0.0,1,0.006024096385542169,-0.006024096385542169,3.479166666666667,0,0.0,1,0.041220115416323165
470,3,FNY,0,0.0,1,0.006024096385542169,-0.006024096385542169,3.479166666666667,0,0.0,1,0.041220115416323165
471,3,FPA,0,0.0,1,0.006024096385542169,-0.006024096385542169,3.479166666666667,0,0.0,1,0.041220115416323165
472,3,FPQ,0,0.0,1,0.006024096385542169,-0.006024096385542169,3.479166666666667,0,0.0,1,0.041220115416323165
473,3,FQF,0,0.0,1,0.006024096385542169,-0.006024096385542169,3.479166666666667,0,0.0,1,0.041220115416323165
474,3,FQK,0,0.0,1,0.006024096385542169,-0.006024096385542169,3.479166666666667,0,0.0,1,0.041220115416323165
475,3,FRE,0,0.0,1,0.006024096385542169,-0.006024096385542169,3.479166666666667,0,0.0,1,0.041220115416323165
476,3,FRF,0,0.0,1,0.006024096385542169,-0.006024096385542169,3.479166666666667,0,0.0,1,0.041220115416323165
477,3,FRG,0,0.0,1,0.006024096385542169,-0.006024096385542169,3.479166666666667,0,0.0,1,0.041220115416323165
478,3,FRN,0,0.0,1,0.006024096385542169,-0.006024096385542169,3.479166666666667,0,0.0,1,0.041220115416323165
479,3,FST,0,0.0,1,0.006024096385542169,-0.006024096385542169,3.479166666666667,0,0.0,1,0.041220115416323165
480,3,FSV,0,0.0,1,0.006024096385542169,-0.006024096385542169,3.479166666666667,0,0.0,1,0.041220115416323165
481,3,FTE,0,0.0,1,0.006024096385542169,-0.006024096385542169,3.479166666666667,0,0.0,1,0.041220115416323165
482,3,FVG,0,0.0,1,0.006024096385542169,-0.006024096385542169,3.479166666666667,0,0.0,1,0.041220115416323165
483,3,FVI,0,0.0,1,0.006024096385542169,-0.006024096385542169,3.479166666666667,0,0.0,1,0.041220115416323165
484,3,FVK,0,0.0,1,0.006024096385542169,-0.006024096385542169,3.479166666666667,0,0.0,1,0.041220115416323165
485,3,FVQ,0,0.0,1,0.006024096385542169,-0.006024096385542169,3.479166666666667,0,0.0,1,0.041220115416323165
486,3,FVS,0,0.0,1,0.006024096385542169,-0.006024096385542169,3.479166666666667,0,0.0,1,0.041220115416323165
487,3,FWL,0,0.0,1,0.006024096385542169,-0.006024096385542169,3.479166666666667,0,0.0,1,0.041220115416323165
488,3,FWS,0,0.0,1,0.006024096385542169,-0.006024096385542169,3.479166666666667,0,0.0,1,0.041220115416323165
489,3,FYP,0,0.0,1,0.006024096385542169,-0.006024096385542169,3.479166666666667,0,0.0,1,0.041220115416323165
490,3,FYY,0,0.0,1,0.006024096385542169,-0.006024096385542169,3.479166666666667,0,0.0,1,0.041220115416323165
491,3,GAA,0,0.0,1,0.006024096385542169,-0.006024096385542169,3.479166666666667,0,0.0,1,0.041220115416323165
492,3,GAE,0,0.0,1,0.006024096385542169,-0.006024096385542169,3.479166666666667,0,0.0,1,0.041220115416323165
493,3,GAG,0,0.0,1,0.006024096385542169,-0.006024096385542169,3.479166666666667,0,0.0,1,0.041220115416323165
494,3,GAQ,0,0.0,1,0.006024096385542169,-0.006024096385542169,3.479166666666667,0,0.0,1,0.041220115416323165
495,3,GAV,0,0.0,1,0.006024096385542169,-0.006024096385542169,3.479166666666667,0,0.0,1,0.041220115416323165
496,3,GDA,0,0.0,1,0.006024096385542169,-0.006024096385542169,3.479166666666667,0,0.0,1,0.041220115416323165
497,3,GEG,0,0.0,1,0.006024096385542169,-0.006024096385542169,3.479166666666667,0,0.0,1,0.041220115416323165
498,3,GEH,0,0.0,1,0.006024096385542169,-0.006024096385542169,3.479166666666667,0,0.0,1,0.041220115416323165
499,3,GEL,0,0.0,1,0.006024096385542169,-0.006024096385542169,3.479166666666667,0,0.0,1,0.041220115416323165
500,3,GET,0,0.0,1,0.006024096385542169,-0.006024096385542169,3.479166666666667,0,0.0,1,0.041220115416323165
501,3,GFF,0,0.0,1,0.006024096385542169,-0.006024096385542169,3.479166666666667,0,0.0,1,0.041220115416323165
502,3,GFS,0,0.0,1,0.006024096385542169,-0.006024096385542169,3.479166666666667,0,0.0,1,0.041220115416323165
503,3,GFV,0,0.0,1,0.006024096385542169,-0.006024096385542169,3.479166666666667,0,0.0,1,0.041220115416323165
504,3,GFY,0,0.0,1,0.006024096385542169,-0.006024096385542169,3.479166666666667,0,0.0,1,0.041220115416323165
505,3,GGF,0,0.0,1,0.006024096385542169,-0.006024096385542169,3.479166666666667,0,0.0,1,0.041220115416323165
506,3,GGG,0,0.0,1,0.006024096385542169,-0.006024096385542169,3.479166666666667,0,0.0,1,0.041220115416323165
507,3,GGI,0,0.0,1,0.006024096385542169,-0.006024096385542169,3.479166666666667,0,0.0,1,0.041220115416323165
508,3,GGK,0,0.0,1,0.006024096385542169,-0.006024096385542169,3.479166666666667,0,0.0,1,0.041220115416323165
509,3,GHP,0,0.0,1,0.006024096385542169,-0.006024096385542169,3.479166666666667,0,0.0,1,0.041220115416323165
510,3,GIH,0,0.0,1,0.006024096385542169,-0.006024096385542169,3.479166666666667,0,0.0,1,0.041220115416323165
511,3,GII,0,0.0,1,0.006024096385542169,-0.006024096385542169,3.479166666666667,0,0.0,1,0.041220115416323165
512,3,GIK,0,0.0,1,0.006024096385542169,-0.006024096385542169,3.479166666666667,0,0.0,1,0.041220115416323165
513,3,GIL,0,0.0,1,0.006024096385542169,-0.006024096385542169,3.479166666666667,0,0.0,1,0.041220115416323165
514,3,GIQ,0,0.0,1,0.006024096385542169,-0.006024096385542169,3.479166666666667,0,0.0,1,0.041220115416323165
515,3,GIY,0,0.0,1,0.006024096385542169,-0.006024096385542169,3.479166666666667,0,0.0,1,0.041220115416323165
516,3,GKA,0,0.0,1,0.006024096385542169,-0.006024096385542169,3.479166666666667,0,0.0,1,0.041220115416323165
517,3,GKD,0,0.0,1,0.006024096385542169,-0.006024096385542169,3.479166666666667,0,0.0,1,0.041220115416323165
518,3,GKE,0,0.0,1,0.006024096385542169,-0.006024096385542169,3.479166666666667,0,0.0,1,0.041220115416323165
519,3,GKG,0,0.0,1,0.006024096385542169,-0.006024096385542169,3.479166666666667,0,0.0,1,0.041220115416323165
520,3,GKI,0,0.0,1,0.006024096385542169,-0.006024096385542169,3.479166666666667,0,0.0,1,0.041220115416323165
521,3,GKK,0,0.0,1,0.006024096385542169,-0.006024096385542169,3.479166666666667,0,0.0,1,0.041220115416323165
522,3,GKL,0,0.0,1,0.006024096385542169,-0.006024096385542169,3.479166666666667,0,0.0,1,0.041220115416323165
523,3,GKW,0,0.0,1,0.006024096385542169,-0.006024096385542169,3.479166666666667,0,0.0,1,0.041220115416323165
524,3,GLD,0,0.0,1,0.006024096385542169,-0.006024096385542169,3.479166666666667,0,0.0,1,0.041220115416323165
525,3,GLK,0,0.0,1,0.006024096385542169,-0.006024096385542169,3.479166666666667,0,0.0,1,0.041220115416323165
526,3,GLR,0,0.0,1,0.006024096385542169,-0.006024096385542169,3.479166666666667,0,0.0,1,0.041220115416323165
527,3,GLT,0,0.0,1,0.006024096385542169,-0.006024096385542169,3.479166666666667,0,0.0,1,0.041220115416323165
528,3,GMS,0,0.0,1,0.006024096385542169,-0.006024096385542169,3.479166666666667,0,0.0,1,0.041220115416323165
529,3,GNE,0,0.0,1,0.006024096385542169,-0.006024096385542169,3.479166666666667,0,0.0,1,0.041220115416323165
530,3,GNF,0,0.0,1,0.006024096385542169,-0.006024096385542169,3.479166666666667,0,0.0,1,0.041220115416323165
531,3,GNK,0,0.0,1,0.006024096385542169,-0.006024096385542169,3.479166666666667,0,0.0,1,0.041220115416323165
532,3,GNL,0,0.0,1,0.006024096385542169,-0.006024096385542169,3.479166666666667,0,0.0,1,0.041220115416323165
533,3,GPD,0,0.0,1,0.006024096385542169,-0.006024096385542169,3.479166666666667,0,0.0,1,0.041220115416323165
534,3,GPK,0,0.0,1,0.006024096385542169,-0.006024096385542169,3.479166666666667,0,0.0,1,0.041220115416323165
535,3,GPT,0,0.0,1,0.006024096385542169,-0.006024096385542169,3.479166666666667,0,0.0,1,0.041220115416323165
536,3,GQN,0,0.0,1,0.006024096385542169,-0.006024096385542169,3.479166666666667,0,0.0,1,0.041220115416323165
537,3,GQR,0,0.0,1,0.006024096385542169,-0.006024096385542169,3.479166666666667,0,0.0,1,0.041220115416323165
538,3,GQY,0,0.0,1,0.006024096385542169,-0.006024096385542169,3.479166666666667,0,0.0,1,0.041220115416323165
539,3,GRA,0,0.0,1,0.006024096385542169,-0.006024096385542169,3.479166666666667,0,0.0,1,0.041220115416323165
540,3,GRF,0,0.0,1,0.006024096385542169,-0.006024096385542169,3.479166666666667,0,0.0,1,0.041220115416323165
541,3,GRL,0,0.0,1,0.006024096385542169,-0.006024096385542169,3.479166666666667,0,0.0,1,0.041220115416323165
542,3,GSG,0,0.0,1,0.006024096385542169,-0.006024096385542169,3.479166666666667,0,0.0,1,0.041220115416323165
543,3,GSL,0,0.0,1,0.006024096385542169,-0.006024096385542169,3.479166666666667,0,0.0,1,0.041220115416323165
544,3,GTA,0,0.0,1,0.006024096385542169,-0.006024096385542169,3.479166666666667,0,0.0,1,0.041220115416323165
545,3,GTI,0,0.0,1,0.006024096385542169,-0.006024096385542169,3.479166666666667,0,0.0,1,0.041220115416323165
546,3,GTS,0,0.0,1,0.006024096385542169,-0.006024096385542169,3.479166666666667,0,0.0,1,0.041220115416323165
547,3,GTV,0,0.0,1,0.006024096385542169,-0.006024096385542169,3.479166666666667,0,0.0,1,0.041220115416323165
548,3,GVG,0,0.0,1,0.006024096385542169,-0.006024096385542169,3.479166666666667,0,0.0,1,0.041220115416323165
549,3,GVI,0,0.0,1,0.006024096385542169,-0.006024096385542169,3.479166666666667,0,0.0,1,0.041220115416323165
550,3,GVK,0,0.0,1,0.006024096385542169,-0.006024096385542169,3.479166666666667,0,0.0,1,0.041220115416323165
551,3,GVL,0,0.0,1,0.006024096385542169,-0.006024096385542169,3.479166666666667,0,0.0,1,0.041220115416323165
552,3,GWA,0,0.0,1,0.006024096385542169,-0.006024096385542169,3.479166666666667,0,0.0,1,0.041220115416323165
553,3,GWF,0,0.0,1,0.006024096385542169,-0.006024096385542169,3.479166666666667,0,0.0,1,0.041220115416323165
554,3,GWL,0,0.0,1,0.006024096385542169,-0.006024096385542169,3.479166666666667,0,0.0,1,0.041220115416323165
555,3,GWQ,0,0.0,1,0.006024096385542169,-0.006024096385542169,3.479166666666667,0,0.0,1,0.041220115416323165
556,3,GYN,0,0.0,1,0.006024096385542169,-0.006024096385542169,3.479166666666667,0,0.0,1,0.041220115416323165
557,3,HAA,0,0.0,1,0.006024096385542169,-0.006024096385542169,3.479166666666667,0,0.0,1,0.041220115416323165
558,3,HAD,0,0.0,1,0.006024096385542169,-0.006024096385542169,3.479166666666667,0,0.0,1,0.041220115416323165
559,3,HAI,0,0.0,1,0.006024096385542169,-0.006024096385542169,3.479166666666667,0,0.0,1,0.041220115416323165
560,3,HAP,0,0.0,1,0.006024096385542169,-0.006024096385542169,3.479166666666667,0,0.0,1,0.041220115416323165
561,3,HAV,0,0.0,1,0.006024096385542169,-0.006024096385542169,3.479166666666667,0,0.0,1,0.041220115416323165
562,3,HEE,0,0.0,1,0.006024096385542169,-0.006024096385542169,3.479166666666667,0,0.0,1,0.041220115416323165
563,3,HEG,0,0.0,1,0.006024096385542169,-0.006024096385542169,3.479166666666667,0,0.0,1,0.041220115416323165
564,3,HEI,0,0.0,1,0.006024096385542169,-0.006024096385542169,3.479166666666667,0,0.0,1,0.041220115416323165
565,3,HET,0,0.0,1,0.006024096385542169,-0.006024096385542169,3.479166666666667,0,0.0,1,0.041220115416323165
566,3,HEV,0,0.0,1,0.006024096385542169,-0.006024096385542169,3.479166666666667,0,0.0,1,0.041220115416323165
567,3,HFR,0,0.0,1,0.006024096385542169,-0.006024096385542169,3.479166666666667,0,0.0,1,0.041220115416323165
568,3,HGL,0,0.0,1,0.006024096385542169,-0.006024096385542169,3.479166666666667,0,0.0,1,0.041220115416323165
569,3,HHA,0,0.0,1,0.006024096385542169,-0.006024096385542169,3.479166666666667,0,0.0,1,0.041220115416323165
570,3,HHK,0,0.0,1,0.006024096385542169,-0.006024096385542169,3.479166666666667,0,0.0,1,0.041220115416323165
571,3,HHY,0,0.0,1,0.006024096385542169,-0.006024096385542169,3.479166666666667,0,0.0,1,0.041220115416323165
572,3,HKA,0,0.0,1,0.006024096385542169,-0.006024096385542169,3.479166666666667,0,0.0,1,0.041220115416323165
573,3,HKG,0,0.0,1,0.006024096385542169,-0.006024096385542169,3.479166666666667,0,0.0,1,0.041220115416323165
574,3,HKI,0,0.0,1,0.006024096385542169,-0.006024096385542169,3.479166666666667,0,0.0,1,0.041220115416323165
575,3,HKL,0,0.0,1,0.006024096385542169,-0.006024096385542169,3.479166666666667,0,0.0,1,0.041220115416323165
576,3,HLE,0,0.0,1,0.006024096385542169,-0.006024096385542169,3.479166666666667,0,0.0,1,0.041220115416323165
577,3,HLV,0,0.0,1,0.006024096385542169,-0.006024096385542169,3.479166666666667,0,0.0,1,0.041220115416323165
578,3,HLY,0,0.0,1,0.006024096385542169,-0.006024096385542169,3.479166666666667,0,0.0,1,0.041220115416323165
579,3,HMK,0,0.0,1,0.006024096385542169,-0.006024096385542169,3.479166666666667,0,0.0,1,0.041220115416323165
580,3,HPA,0,0.0,1,0.006024096385542169,-0.006024096385542169,3.479166666666667,0,0.0,1,0.041220115416323165
581,3,HPV,0,0.0,1,0.006024096385542169,-0.006024096385542169,3.479166666666667,0,0.0,1,0.041220115416323165
582,3,HQG,0,0.0,1,0.006024096385542169,-0.006024096385542169,3.479166666666667,0,0.0,1,0.041220115416323165
583,3,HQM,0,0.0,1,0.006024096385542169,-0.006024096385542169,3.479166666666667,0,0.0,1,0.041220115416323165
584,3,HRI,0,0.0,1,0.006024096385542169,-0.006024096385542169,3.479166666666667,0,0.0,1,0.041220115416323165
585,3,HSD,0,0.0,1,0.006024096385542169,-0.006024096385542169,3.479166666666667,0,0.0,1,0.041220115416323165
586,3,HSK,0,0.0,1,0.006024096385542169,-0.006024096385542169,3.479166666666667,0,0.0,1,0.041220115416323165
587,3,HSY,0,0.0,1,0.006024096385542169,-0.006024096385542169,3.479166666666667,0,0.0,1,0.041220115416323165
588,3,HTA,0,0.0,1,0.006024096385542169,-0.006024096385542169,3.479166666666667,0,0.0,1,0.041220115416323165
589,3,HTH,0,0.0,1,0.006024096385542169,-0.006024096385542169,3.479166666666667,0,0.0,1,0.041220115416323165
590,3,HTV,0,0.0,1,0.006024096385542169,-0.006024096385542169,3.479166666666667,0,0.0,1,0.041220115416323165
591,3,HVA,0,0.0,1,0.006024096385542169,-0.006024096385542169,3.479166666666667,0,0.0,1,0.041220115416323165
592,3,HVK,0,0.0,1,0.006024096385542169,-0.006024096385542169,3.479166666666667,0,0.0,1,0.041220115416323165
593,3,HVM,0,0.0,1,0.006024096385542169,-0.006024096385542169,3.479166666666667,0,0.0,1,0.041220115416323165
594,3,HVV,0,0.0,1,0.006024096385542169,-0.006024096385542169,3.479166666666667,0,0.0,1,0.041220115416323165
595,3,HWD,0,0.0,1,0.006024096385542169,-0.006024096385542169,3.479166666666667,0,0.0,1,0.041220115416323165
596,3,HYT,0,0.0,1,0.006024096385542169,-0.006024096385542169,3.479166666666667,0,0.0,1,0.041220115416323165
597,3,IAA,0,0.0,1,0.006024096385542169,-0.006024096385542169,3.479166666666667,0,0.0,1,0.041220115416323165
598,3,IAF,0,0.0,1,0.006024096385542169,-0.006024096385542169,3.479166666666667,0,0.0,1,0.041220115416323165
599,3,IAH,0,0.0,1,0.006024096385542169,-0.006024096385542169,3.479166666666667,0,0.0,1,0.041220115416323165
600,3,IAI,0,0.0,1,0.006024096385542169,-0.006024096385542169,3.479166666666667,0,0.0,1,0.041220115416323165
601,3,IAQ,0,0.0,1,0.006024096385542169,-0.006024096385542169,3.479166666666667,0,0.0,1,0.041220115416323165
602,3,IAR,0,0.0,1,0.006024096385542169,-0.006024096385542169,3.479166666666667,0,0.0,1,0.041220115416323165
603,3,IAS,0,0.0,1,0.006024096385542169,-0.006024096385542169,3.479166666666667,0,0.0,1,0.041220115416323165
604,3,IAT,0,0.0,1,0.006024096385542169,-0.006024096385542169,3.479166666666667,0,0.0,1,0.041220115416323165
605,3,ICK,0,0.0,1,0.006024096385542169,-0.006024096385542169,3.479166666666667,0,0.0,1,0.041220115416323165
606,3,IDD,0,0.0,1,0.006024096385542169,-0.006024096385542169,3.479166666666667,0,0.0,1,0.041220115416323165
607,3,IDE,0,0.0,1,0.006024096385542169,-0.006024096385542169,3.479166666666667,0,0.0,1,0.041220115416323165
608,3,IDH,0,0.0,1,0.006024096385542169,-0.006024096385542169,3.479166666666667,0,0.0,1,0.041220115416323165
609,3,IDK,0,0.0,1,0.006024096385542169,-0.006024096385542169,3.479166666666667,0,0.0,1,0.041220115416323165
610,3,IDP,0,0.0,1,0.006024096385542169,-0.006024096385542169,3.479166666666667,0,0.0,1,0.041220115416323165
611,3,IDS,0,0.0,1,0.006024096385542169,-0.006024096385542169,3.479166666666667,0,0.0,1,0.041220115416323165
612,3,IDT,0,0.0,1,0.006024096385542169,-0.006024096385542169,3.479166666666667,0,0.0,1,0.041220115416323165
613,3,IEE,0,0.0,1,0.006024096385542169,-0.006024096385542169,3.479166666666667,0,0.0,1,0.041220115416323165
614,3,IEG,0,0.0,1,0.006024096385542169,-0.006024096385542169,3.479166666666667,0,0.0,1,0.041220115416323165
615,3,IEI,0,0.0,1,0.006024096385542169,-0.006024096385542169,3.479166666666667,0,0.0,1,0.041220115416323165
616,3,IES,0,0.0,1,0.006024096385542169,-0.006024096385542169,3.479166666666667,0,0.0,1,0.041220115416323165
617,3,IET,0,0.0,1,0.006024096385542169,-0.006024096385542169,3.479166666666667,0,0.0,1,0.041220115416323165
618,3,IFA,0,0.0,1,0.006024096385542169,-0.006024096385542169,3.479166666666667,0,0.0,1,0.041220115416323165
619,3,IFI,0,0.0,1,0.006024096385542169,-0.006024096385542169,3.479166666666667,0,0.0,1,0.041220115416323165
620,3,IFQ,0,0.0,1,0.006024096385542169,-0.006024096385542169,3.479166666666667,0,0.0,1,0.041220115416323165
621,3,IFW,0,0.0,1,0.006024096385542169,-0.006024096385542169,3.479166666666667,0,0.0,1,0.041220115416323165
622,3,IGG,0,0.0,1,0.006024096385542169,-0.006024096385542169,3.479166666666667,0,0.0,1,0.041220115416323165
623,3,IGI,0,0.0,1,0.006024096385542169,-0.006024096385542169,3.479166666666667,0,0.0,1,0.041220115416323165
624,3,IGL,0,0.0,1,0.006024096385542169,-0.006024096385542169,3.479166666666667,0,0.0,1,0.041220115416323165
625,3,IGM,0,0.0,1,0.006024096385542169,-0.006024096385542169,3.479166666666667,0,0.0,1,0.041220115416323165
626,3,IGV,0,0.0,1,0.006024096385542169,-0.006024096385542169,3.479166666666667,0,0.0,1,0.041220115416323165
627,3,IHL,0,0.0,1,0.006024096385542169,-0.006024096385542169,3.479166666666667,0,0.0,1,0.041220115416323165
628,3,IHQ,0,0.0,1,0.006024096385542169,-0.006024096385542169,3.479166666666667,0,0.0,1,0.041220115416323165
629,3,IIC,0,0.0,1,0.006024096385542169,-0.006024096385542169,3.479166666666667,0,0.0,1,0.041220115416323165
630,3,IIE,0,0.0,1,0.006024096385542169,-0.006024096385542169,3.479166666666667,0,0.0,1,0.041220115416323165
631,3,IIG,0,0.0,1,0.006024096385542169,-0.006024096385542169,3.479166666666667,0,0.0,1,0.041220115416323165
632,3,III,0,0.0,1,0.006024096385542169,-0.006024096385542169,3.479166666666667,0,0.0,1,0.041220115416323165
633,3,IIQ,0,0.0,1,0.006024096385542169,-0.006024096385542169,3.479166666666667,0,0.0,1,0.041220115416323165
634,3,IKF,0,0.0,1,0.006024096385542169,-0.006024096385542169,3.479166666666667,0,0.0,1,0.041220115416323165
635,3,IKL,0,0.0,1,0.006024096385542169,-0.006024096385542169,3.479166666666667,0,0.0,1,0.041220115416323165
636,3,IKN,0,0.0,1,0.006024096385542169,-0.006024096385542169,3.479166666666667,0,0.0,1,0.041220115416323165
637,3,IKP,0,0.0,1,0.006024096385542169,-0.006024096385542169,3.479166666666667,0,0.0,1,0.041220115416323165
638,3,ILA,0,0.0,1,0.006024096385542169,-0.006024096385542169,3.479166666666667,0,0.0,1,0.041220115416323165
639,3,ILE,0,0.0,1,0.006024096385542169,-0.006024096385542169,3.479166666666667,0,0.0,1,0.041220115416323165
640,3,ILF,0,0.0,1,0.006024096385542169,-0.006024096385542169,3.479166666666667,0,0.0,1,0.041220115416323165
641,3,ILN,0,0.0,1,0.006024096385542169,-0.006024096385542169,3.479166666666667,0,0.0,1,0.041220115416323165
642,3,ILY,0,0.0,1,0.006024096385542169,-0.006024096385542169,3.479166666666667,0,0.0,1,0.041220115416323165
643,3,IMA,0,0.0,1,0.006024096385542169,-0.006024096385542169,3.479166666666667,0,0.0,1,0.041220115416323165
644,3,IME,0,0.0,1,0.006024096385542169,-0.006024096385542169,3.479166666666667,0,0.0,1,0.041220115416323165
645,3,IMN,0,0.0,1,0.006024096385542169,-0.006024096385542169,3.479166666666667,0,0.0,1,0.041220115416323165
646,3,IMT,0,0.0,1,0.006024096385542169,-0.006024096385542169,3.479166666666667,0,0.0,1,0.041220115416323165
647,3,INA,0,0.0,1,0.006024096385542169,-0.006024096385542169,3.479166666666667,0,0.0,1,0.041220115416323165
648,3,IND,0,0.0,1,0.006024096385542169,-0.006024096385542169,3.479166666666667,0,0.0,1,0.041220115416323165
649,3,INI,0,0.0,1,0.006024096385542169,-0.006024096385542169,3.479166666666667,0,0.0,1,0.041220115416323165
650,3,INL,0,0.0,1,0.006024096385542169,-0.006024096385542169,3.479166666666667,0,0.0,1,0.041220115416323165
651,3,INN,0,0.0,1,0.006024096385542169,-0.006024096385542169,3.479166666666667,0,0.0,1,0.041220115416323165
652,3,INT,0,0.0,1,0.006024096385542169,-0.006024096385542169,3.479166666666667,0,0.0,1,0.041220115416323165
653,3,IPD,0,0.0,1,0.006024096385542169,-0.006024096385542169,3.479166666666667,0,0.0,1,0.041220115416323165
654,3,IPF,0,0.0,1,0.006024096385542169,-0.006024096385542169,3.479166666666667,0,0.0,1,0.041220115416323165
655,3,IQH,0,0.0,1,0.006024096385542169,-0.006024096385542169,3.479166666666667,0,0.0,1,0.041220115416323165
656,3,IQL,0,0.0,1,0.006024096385542169,-0.006024096385542169,3.479166666666667,0,0.0,1,0.041220115416323165
657,3,IQV,0,0.0,1,0.006024096385542169,-0.006024096385542169,3.479166666666667,0,0.0,1,0.041220115416323165
658,3,IQY,0,0.0,1,0.006024096385542169,-0.006024096385542169,3.479166666666667,0,0.0,1,0.041220115416323165
659,3,IRD,0,0.0,1,0.006024096385542169,-0.006024096385542169,3.479166666666667,0,0.0,1,0.041220115416323165
660,3,IRE,0,0.0,1,0.006024096385542169,-0.006024096385542169,3.479166666666667,0,0.0,1,0.041220115416323165
661,3,IRH,0,0.0,1,0.006024096385542169,-0.006024096385542169,3.479166666666667,0,0.0,1,0.041220115416323165
662,3,IRK,0,0.0,1,0.006024096385542169,-0.006024096385542169,3.479166666666667,0,0.0,1,0.041220115416323165
663,3,IRS,0,0.0,1,0.006024096385542169,-0.006024096385542169,3.479166666666667,0,0.0,1,0.041220115416323165
664,3,ISA,0,0.0,1,0.006024096385542169,-0.006024096385542169,3.479166666666667,0,0.0,1,0.041220115416323165
665,3,ISD,0,0.0,1,0.006024096385542169,-0.006024096385542169,3.479166666666667,0,0.0,1,0.041220115416323165
666,3,ISK,0,0.0,1,0.006024096385542169,-0.006024096385542169,3.479166666666667,0,0.0,1,0.041220115416323165
667,3,ISL,0,0.0,1,0.006024096385542169,-0.006024096385542169,3.479166666666667,0,0.0,1,0.041220115416323165
668,3,ISR,0,0.0,1,0.006024096385542169,-0.006024096385542169,3.479166666666667,0,0.0,1,0.041220115416323165
669,3,ISY,0,0.0,1,0.006024096385542169,-0.006024096385542169,3.479166666666667,0,0.0,1,0.041220115416323165
670,3,ITA,0,0.0,1,0.006024096385542169,-0.006024096385542169,3.479166666666667,0,0.0,1,0.041220115416323165
671,3,ITG,0,0.0,1,0.006024096385542169,-0.006024096385542169,3.479166666666667,0,0.0,1,0.041220115416323165
672,3,ITH,0,0.0,1,0.006024096385542169,-0.006024096385542169,3.479166666666667,0,0.0,1,0.041220115416323165
673,3,ITL,0,0.0,1,0.006024096385542169,-0.006024096385542169,3.479166666666667,0,0.0,1,0.041220115416323165
674,3,IVD,0,0.0,1,0.006024096385542169,-0.006024096385542169,3.479166666666667,0,0.0,1,0.041220115416323165
675,3,IVG,0,0.0,1,0.006024096385542169,-0.006024096385542169,3.479166666666667,0,0.0,1,0.041220115416323165
676,3,IVL,0,0.0,1,0.006024096385542169,-0.006024096385542169,3.479166666666667,0,0.0,1,0.041220115416323165
677,3,IVM,0,0.0,1,0.006024096385542169,-0.006024096385542169,3.479166666666667,0,0.0,1,0.041220115416323165
678,3,IVS,0,0.0,1,0.006024096385542169,-0.006024096385542169,3.479166666666667,0,0.0,1,0.041220115416323165
679,3,IVV,0,0.0,1,0.006024096385542169,-0.006024096385542169,3.479166666666667,0,0.0,1,0.041220115416323165
680,3,IWG,0,0.0,1,0.006024096385542169,-0.006024096385542169,3.479166666666667,0,0.0,1,0.041220115416323165
681,3,IYD,0,0.0,1,0.006024096385542169,-0.006024096385542169,3.479166666666667,0,0.0,1,0.041220115416323165
682,3,IYL,0,0.0,1,0.006024096385542169,-0.006024096385542169,3.479166666666667,0,0.0,1,0.041220115416323165
683,3,IYM,0,0.0,1,0.006024096385542169,-0.006024096385542169,3.479166666666667,0,0.0,1,0.041220115416323165
684,3,IYR,0,0.0,1,0.006024096385542169,-0.006024096385542169,3.479166666666667,0,0.0,1,0.041220115416323165
685,3,KAA,0,0.0,1,0.006024096385542169,-0.006024096385542169,3.479166666666667,0,0.0,1,0.041220115416323165
686,3,KAE,0,0.0,1,0.006024096385542169,-0.006024096385542169,3.479166666666667,0,0.0,1,0.041220115416323165
687,3,KAR,0,0.0,1,0.006024096385542169,-0.006024096385542169,3.479166666666667,0,0.0,1,0.041220115416323165
688,3,KAW,0,0.0,1,0.006024096385542169,-0.006024096385542169,3.479166666666667,0,0.0,1,0.041220115416323165
689,3,KDI,0,0.0,1,0.006024096385542169,-0.006024096385542169,3.479166666666667,0,0.0,1,0.041220115416323165
690,3,KDL,0,0.0,1,0.006024096385542169,-0.006024096385542169,3.479166666666667,0,0.0,1,0.041220115416323165
691,3,KDR,0,0.0,1,0.006024096385542169,-0.006024096385542169,3.479166666666667,0,0.0,1,0.041220115416323165
692,3,KDV,0,0.0,1,0.006024096385542169,-0.006024096385542169,3.479166666666667,0,0.0,1,0.041220115416323165
693,3,KED,0,0.0,1,0.006024096385542169,-0.006024096385542169,3.479166666666667,0,0.0,1,0.041220115416323165
694,3,KEK,0,0.0,1,0.006024096385542169,-0.006024096385542169,3.479166666666667,0,0.0,1,0.041220115416323165
695,3,KEM,0,0.0,1,0.006024096385542169,-0.006024096385542169,3.479166666666667,0,0.0,1,0.041220115416323165
696,3,KEN,0,0.0,1,0.006024096385542169,-0.006024096385542169,3.479166666666667,0,0.0,1,0.041220115416323165
697,3,KEP,0,0.0,1,0.006024096385542169,-0.006024096385542169,3.479166666666667,0,0.0,1,0.041220115416323165
698,3,KES,0,0.0,1,0.006024096385542169,-0.006024096385542169,3.479166666666667,0,0.0,1,0.041220115416323165
699,3,KET,0,0.0,1,0.006024096385542169,-0.006024096385542169,3.479166666666667,0,0.0,1,0.041220115416323165
700,3,KEV,0,0.0,1,0.006024096385542169,-0.006024096385542169,3.479166666666667,0,0.0,1,0.041220115416323165
701,3,KFG,0,0.0,1,0.006024096385542169,-0.006024096385542169,3.479166666666667,0,0.0,1,0.041220115416323165
702,3,KFI,0,0.0,1,0.006024096385542169,-0.006024096385542169,3.479166666666667,0,0.0,1,0.041220115416323165
703,3,KFK,0,0.0,1,0.006024096385542169,-0.006024096385542169,3.479166666666667,0,0.0,1,0.041220115416323165
704,3,KFM,0,0.0,1,0.006024096385542169,-0.006024096385542169,3.479166666666667,0,0.0,1,0.041220115416323165
705,3,KGE,0,0.0,1,0.006024096385542169,-0.006024096385542169,3.479166666666667,0,0.0,1,0.041220115416323165
706,3,KGG,0,0.0,1,0.006024096385542169,-0.006024096385542169,3.479166666666667,0,0.0,1,0.041220115416323165
707,3,KGI,0,0.0,1,0.006024096385542169,-0.006024096385542169,3.479166666666667,0,0.0,1,0.041220115416323165
708,3,KGL,0,0.0,1,0.006024096385542169,-0.006024096385542169,3.479166666666667,0,0.0,1,0.041220115416323165
709,3,KGN,0,0.0,1,0.006024096385542169,-0.006024096385542169,3.479166666666667,0,0.0,1,0.041220115416323165
710,3,KGR,0,0.0,1,0.006024096385542169,-0.006024096385542169,3.479166666666667,0,0.0,1,0.041220115416323165
711,3,KGS,0,0.0,1,0.006024096385542169,-0.006024096385542169,3.479166666666667,0,0.0,1,0.041220115416323165
712,3,KHH,0,0.0,1,0.006024096385542169,-0.006024096385542169,3.479166666666667,0,0.0,1,0.041220115416323165
713,3,KHP,0,0.0,1,0.006024096385542169,-0.006024096385542169,3.479166666666667,0,0.0,1,0.041220115416323165
714,3,KHV,0,0.0,1,0.006024096385542169,-0.006024096385542169,3.479166666666667,0,0.0,1,0.041220115416323165
715,3,KIF,0,0.0,1,0.006024096385542169,-0.006024096385542169,3.479166666666667,0,0.0,1,0.041220115416323165
716,3,KIG,0,0.0,1,0.006024096385542169,-0.006024096385542169,3.479166666666667,0,0.0,1,0.041220115416323165
717,3,KIP,0,0.0,1,0.006024096385542169,-0.006024096385542169,3.479166666666667,0,0.0,1,0.041220115416323165
718,3,KIQ,0,0.0,1,0.006024096385542169,-0.006024096385542169,3.479166666666667,0,0.0,1,0.041220115416323165
719,3,KIR,0,0.0,1,0.006024096385542169,-0.006024096385542169,3.479166666666667,0,0.0,1,0.041220115416323165
720,3,KIS,0,0.0,1,0.006024096385542169,-0.006024096385542169,3.479166666666667,0,0.0,1,0.041220115416323165
721,3,KIV,0,0.0,1,0.006024096385542169,-0.006024096385542169,3.479166666666667,0,0.0,1,0.041220115416323165
722,3,KIW,0,0.0,1,0.006024096385542169,-0.006024096385542169,3.479166666666667,0,0.0,1,0.041220115416323165
723,3,KKE,0,0.0,1,0.006024096385542169,-0.006024096385542169,3.479166666666667,0,0.0,1,0.041220115416323165
724,3,KKK,0,0.0,1,0.006024096385542169,-0.006024096385542169,3.479166666666667,0,0.0,1,0.041220115416323165
725,3,KKS,0,0.0,1,0.006024096385542169,-0.006024096385542169,3.479166666666667,0,0.0,1,0.041220115416323165
726,3,KKW,0,0.0,1,0.006024096385542169,-0.006024096385542169,3.479166666666667,0,0.0,1,0.041220115416323165
727,3,KKY,0,0.0,1,0.006024096385542169,-0.006024096385542169,3.479166666666667,0,0.0,1,0.041220115416323165
728,3,KLD,0,0.0,1,0.006024096385542169,-0.006024096385542169,3.479166666666667,0,0.0,1,0.041220115416323165
729,3,KLF,0,0.0,1,0.006024096385542169,-0.006024096385542169,3.479166666666667,0,0.0,1,0.041220115416323165
730,3,KLG,0,0.0,1,0.006024096385542169,-0.006024096385542169,3.479166666666667,0,0.0,1,0.041220115416323165
731,3,KLH,0,0.0,1,0.006024096385542169,-0.006024096385542169,3.479166666666667,0,0.0,1,0.041220115416323165
732,3,KLM,0,0.0,1,0.006024096385542169,-0.006024096385542169,3.479166666666667,0,0.0,1,0.041220115416323165
733,3,KLR,0,0.0,1,0.006024096385542169,-0.006024096385542169,3.479166666666667,0,0.0,1,0.041220115416323165
734,3,KLT,0,0.0,1,0.006024096385542169,-0.006024096385542169,3.479166666666667,0,0.0,1,0.041220115416323165
735,3,KLW,0,0.0,1,0.006024096385542169,-0.006024096385542169,3.479166666666667,0,0.0,1,0.041220115416323165
736,3,KLY,0,0.0,1,0.006024096385542169,-0.006024096385542169,3.479166666666667,0,0.0,1,0.041220115416323165
737,3,KMF,0,0.0,1,0.006024096385542169,-0.006024096385542169,3.479166666666667,0,0.0,1,0.041220115416323165
738,3,KMR,0,0.0,1,0.006024096385542169,-0.006024096385542169,3.479166666666667,0,0.0,1,0.041220115416323165
739,3,KNI,0,0.0,1,0.006024096385542169,-0.006024096385542169,3.479166666666667,0,0.0,1,0.041220115416323165
740,3,KNM,0,0.0,1,0.006024096385542169,-0.006024096385542169,3.479166666666667,0,0.0,1,0.041220115416323165
741,3,KNV,0,0.0,1,0.006024096385542169,-0.006024096385542169,3.479166666666667,0,0.0,1,0.041220115416323165
742,3,KPL,0,0.0,1,0.006024096385542169,-0.006024096385542169,3.479166666666667,0,0.0,1,0.041220115416323165
743,3,KPQ,0,0.0,1,0.006024096385542169,-0.006024096385542169,3.479166666666667,0,0.0,1,0.041220115416323165
744,3,KQE,0,0.0,1,0.006024096385542169,-0.006024096385542169,3.479166666666667,0,0.0,1,0.041220115416323165
745,3,KQM,0,0.0,1,0.006024096385542169,-0.006024096385542169,3.479166666666667,0,0.0,1,0.041220115416323165
746,3,KQY,0,0.0,1,0.006024096385542169,-0.006024096385542169,3.479166666666667,0,0.0,1,0.041220115416323165
747,3,KRF,0,0.0,1,0.006024096385542169,-0.006024096385542169,3.479166666666667,0,0.0,1,0.041220115416323165
748,3,KRI,0,0.0,1,0.006024096385542169,-0.006024096385542169,3.479166666666667,0,0.0,1,0.041220115416323165
749,3,KRK,0,0.0,1,0.006024096385542169,-0.006024096385542169,3.479166666666667,0,0.0,1,0.041220115416323165
750,3,KRQ,0,0.0,1,0.006024096385542169,-0.006024096385542169,3.479166666666667,0,0.0,1,0.041220115416323165
751,3,KRS,0,0.0,1,0.006024096385542169,-0.006024096385542169,3.479166666666667,0,0.0,1,0.041220115416323165
752,3,KSE,0,0.0,1,0.006024096385542169,-0.006024096385542169,3.479166666666667,0,0.0,1,0.041220115416323165
753,3,KSF,0,0.0,1,0.006024096385542169,-0.006024096385542169,3.479166666666667,0,0.0,1,0.041220115416323165
754,3,KSH,0,0.0,1,0.006024096385542169,-0.006024096385542169,3.479166666666667,0,0.0,1,0.041220115416323165
755,3,KSI,0,0.0,1,0.006024096385542169,-0.006024096385542169,3.479166666666667,0,0.0,1,0.041220115416323165
756,3,KSR,0,0.0,1,0.006024096385542169,-0.006024096385542169,3.479166666666667,0,0.0,1,0.041220115416323165
757,3,KSV,0,0.0,1,0.006024096385542169,-0.006024096385542169,3.479166666666667,0,0.0,1,0.041220115416323165
758,3,KTF,0,0.0,1,0.006024096385542169,-0.006024096385542169,3.479166666666667,0,0.0,1,0.041220115416323165
759,3,KVK,0,0.0,1,0.006024096385542169,-0.006024096385542169,3.479166666666667,0,0.0,1,0.041220115416323165
760,3,KVM,0,0.0,1,0.006024096385542169,-0.006024096385542169,3.479166666666667,0,0.0,1,0.041220115416323165
761,3,KVR,0,0.0,1,0.006024096385542169,-0.006024096385542169,3.479166666666667,0,0.0,1,0.041220115416323165
762,3,KVT,0,0.0,1,0.006024096385542169,-0.006024096385542169,3.479166666666667,0,0.0,1,0.041220115416323165
763,3,KWL,0,0.0,1,0.006024096385542169,-0.006024096385542169,3.479166666666667,0,0.0,1,0.041220115416323165
764,3,KWS,0,0.0,1,0.006024096385542169,-0.006024096385542169,3.479166666666667,0,0.0,1,0.041220115416323165
765,3,KYA,0,0.0,1,0.006024096385542169,-0.006024096385542169,3.479166666666667,0,0.0,1,0.041220115416323165
766,3,KYE,0,0.0,1,0.006024096385542169,-0.006024096385542169,3.479166666666667,0,0.0,1,0.041220115416323165
767,3,KYH,0,0.0,1,0.006024096385542169,-0.006024096385542169,3.479166666666667,0,0.0,1,0.041220115416323165
768,3,KYL,0,0.0,1,0.006024096385542169,-0.006024096385542169,3.479166666666667,0,0.0,1,0.041220115416323165
769,3,KYR,0,0.0,1,0.006024096385542169,-0.006024096385542169,3.479166666666667,0,0.0,1,0.041220115416323165
770,3,KYY,0,0.0,1,0.006024096385542169,-0.006024096385542169,3.479166666666667,0,0.0,1,0.041220115416323165
771,3,LAD,0,0.0,1,0.006024096385542169,-0.006024096385542169,3.479166666666667,0,0.0,1,0.041220115416323165
772,3,LAG,0,0.0,1,0.006024096385542169,-0.006024096385542169,3.479166666666667,0,0.0,1,0.041220115416323165
773,3,LAI,0,0.0,1,0.006024096385542169,-0.006024096385542169,3.479166666666667,0,0.0,1,0.041220115416323165
774,3,LAM,0,0.0,1,0.006024096385542169,-0.006024096385542169,3.479166666666667,0,0.0,1,0.041220115416323165
775,3,LAQ,0,0.0,1,0.006024096385542169,-0.006024096385542169,3.479166666666667,0,0.0,1,0.041220115416323165
776,3,LDE,0,0.0,1,0.006024096385542169,-0.006024096385542169,3.479166666666667,0,0.0,1,0.041220115416323165
777,3,LDK,0,0.0,1,0.006024096385542169,-0.006024096385542169,3.479166666666667,0,0.0,1,0.041220115416323165
778,3,LDN,0,0.0,1,0.006024096385542169,-0.006024096385542169,3.479166666666667,0,0.0,1,0.041220115416323165
779,3,LDV,0,0.0,1,0.006024096385542169,-0.006024096385542169,3.479166666666667,0,0.0,1,0.041220115416323165
780,3,LED,0,0.0,1,0.006024096385542169,-0.006024096385542169,3.479166666666667,0,0.0,1,0.041220115416323165
781,3,LEG,0,0.0,1,0.006024096385542169,-0.006024096385542169,3.479166666666667,0,0.0,1,0.041220115416323165
782,3,LEM,0,0.0,1,0.006024096385542169,-0.006024096385542169,3.479166666666667,0,0.0,1,0.041220115416323165
783,3,LEN,0,0.0,1,0.006024096385542169,-0.006024096385542169,3.479166666666667,0,0.0,1,0.041220115416323165
784,3,LEP,0,0.0,1,0.006024096385542169,-0.006024096385542169,3.479166666666667,0,0.0,1,0.041220115416323165
785,3,LET,0,0.0,1,0.006024096385542169,-0.006024096385542169,3.479166666666667,0,0.0,1,0.041220115416323165
786,3,LEV,0,0.0,1,0.006024096385542169,-0.006024096385542169,3.479166666666667,0,0.0,1,0.041220115416323165
787,3,LFD,0,0.0,1,0.006024096385542169,-0.006024096385542169,3.479166666666667,0,0.0,1,0.041220115416323165
788,3,LFH,0,0.0,1,0.006024096385542169,-0.006024096385542169,3.479166666666667,0,0.0,1,0.041220115416323165
789,3,LFI,0,0.0,1,0.006024096385542169,-0.006024096385542169,3.479166666666667,0,0.0,1,0.041220115416323165
790,3,LFL,0,0.0,1,0.006024096385542169,-0.006024096385542169,3.479166666666667,0,0.0,1,0.041220115416323165
791,3,LFN,0,0.0,1,0.006024096385542169,-0.006024096385542169,3.479166666666667,0,0.0,1,0.041220115416323165
792,3,LFQ,0,0.0,1,0.006024096385542169,-0.006024096385542169,3.479166666666667,0,0.0,1,0.041220115416323165
793,3,LFR,0,0.0,1,0.006024096385542169,-0.006024096385542169,3.479166666666667,0,0.0,1,0.041220115416323165
794,3,LGG,0,0.0,1,0.006024096385542169,-0.006024096385542169,3.479166666666667,0,0.0,1,0.041220115416323165
795,3,LGH,0,0.0,1,0.006024096385542169,-0.006024096385542169,3.479166666666667,0,0.0,1,0.041220115416323165
796,3,LGT,0,0.0,1,0.006024096385542169,-0.006024096385542169,3.479166666666667,0,0.0,1,0.041220115416323165
797,3,LHE,0,0.0,1,0.006024096385542169,-0.006024096385542169,3.479166666666667,0,0.0,1,0.041220115416323165
798,3,LHM,0,0.0,1,0.006024096385542169,-0.006024096385542169,3.479166666666667,0,0.0,1,0.041220115416323165
799,3,LHS,0,0.0,1,0.006024096385542169,-0.006024096385542169,3.479166666666667,0,0.0,1,0.041220115416323165
800,3,LIF,0,0.0,1,0.006024096385542169,-0.006024096385542169,3.479166666666667,0,0.0,1,0.041220115416323165
801,3,LIH,0,0.0,1,0.006024096385542169,-0.006024096385542169,3.479166666666667,0,0.0,1,0.041220115416323165
802,3,LII,0,0.0,1,0.006024096385542169,-0.006024096385542169,3.479166666666667,0,0.0,1,0.041220115416323165
803,3,LIP,0,0.0,1,0.006024096385542169,-0.006024096385542169,3.479166666666667,0,0.0,1,0.041220115416323165
804,3,LIQ,0,0.0,1,0.006024096385542169,-0.006024096385542169,3.479166666666667,0,0.0,1,0.041220115416323165
805,3,LIS,0,0.0,1,0.006024096385542169,-0.006024096385542169,3.479166666666667,0,0.0,1,0.041220115416323165
806,3,LIT,0,0.0,1,0.006024096385542169,-0.006024096385542169,3.479166666666667,0,0.0,1,0.041220115416323165
807,3,LKM,0,0.0,1,0.006024096385542169,-0.006024096385542169,3.479166666666667,0,0.0,1,0.041220115416323165
808,3,LKN,0,0.0,1,0.006024096385542169,-0.006024096385542169,3.479166666666667,0,0.0,1,0.041220115416323165
809,3,LKP,0,0.0,1,0.006024096385542169,-0.006024096385542169,3.479166666666667,0,0.0,1,0.041220115416323165
810,3,LKQ,0,0.0,1,0.006024096385542169,-0.006024096385542169,3.479166666666667,0,0.0,1,0.041220115416323165
811,3,LKT,0,0.0,1,0.006024096385542169,-0.006024096385542169,3.479166666666667,0,0.0,1,0.041220115416323165
812,3,LKW,0,0.0,1,0.006024096385542169,-0.006024096385542169,3.479166666666667,0,0.0,1,0.041220115416323165
813,3,LKY,0,0.0,1,0.006024096385542169,-0.006024096385542169,3.479166666666667,0,0.0,1,0.041220115416323165
814,3,LLS,0,0.0,1,0.006024096385542169,-0.006024096385542169,3.479166666666667,0,0.0,1,0.041220115416323165
815,3,LLY,0,0.0,1,0.006024096385542169,-0.006024096385542169,3.479166666666667,0,0.0,1,0.041220115416323165
816,3,LMA,0,0.0,1,0.006024096385542169,-0.006024096385542169,3.479166666666667,0,0.0,1,0.041220115416323165
817,3,LMH,0,0.0,1,0.006024096385542169,-0.006024096385542169,3.479166666666667,0,0.0,1,0.041220115416323165
818,3,LMK,0,0.0,1,0.006024096385542169,-0.006024096385542169,3.479166666666667,0,0.0,1,0.041220115416323165
819,3,LMR,0,0.0,1,0.006024096385542169,-0.006024096385542169,3.479166666666667,0,0.0,1,0.041220115416323165
820,3,LMS,0,0.0,1,0.006024096385542169,-0.006024096385542169,3.479166666666667,0,0.0,1,0.041220115416323165
821,3,LNA,0,0.0,1,0.006024096385542169,-0.006024096385542169,3.479166666666667,0,0.0,1,0.041220115416323165
822,3,LND,0,0.0,1,0.006024096385542169,-0.006024096385542169,3.479166666666667,0,0.0,1,0.041220115416323165
823,3,LNE,0,0.0,1,0.006024096385542169,-0.006024096385542169,3.479166666666667,0,0.0,1,0.041220115416323165
824,3,LNM,0,0.0,1,0.006024096385542169,-0.006024096385542169,3.479166666666667,0,0.0,1,0.041220115416323165
825,3,LNQ,0,0.0,1,0.006024096385542169,-0.006024096385542169,3.479166666666667,0,0.0,1,0.041220115416323165
826,3,LNR,0,0.0,1,0.006024096385542169,-0.006024096385542169,3.479166666666667,0,0.0,1,0.041220115416323165
827,3,LNT,0,0.0,1,0.006024096385542169,-0.006024096385542169,3.479166666666667,0,0.0,1,0.041220115416323165
828,3,LPE,0,0.0,1,0.006024096385542169,-0.006024096385542169,3.479166666666667,0,0.0,1,0.041220115416323165
829,3,LPI,0,0.0,1,0.006024096385542169,-0.006024096385542169,3.479166666666667,0,0.0,1,0.041220115416323165
830,3,LPT,0,0.0,1,0.006024096385542169,-0.006024096385542169,3.479166666666667,0,0.0,1,0.041220115416323165
831,3,LQF,0,0.0,1,0.006024096385542169,-0.006024096385542169,3.479166666666667,0,0.0,1,0.041220115416323165
832,3,LQG,0,0.0,1,0.006024096385542169,-0.006024096385542169,3.479166666666667,0,0.0,1,0.041220115416323165
833,3,LQH,0,0.0,1,0.006024096385542169,-0.006024096385542169,3.479166666666667,0,0.0,1,0.041220115416323165
834,3,LQQ,0,0.0,1,0.006024096385542169,-0.006024096385542169,3.479166666666667,0,0.0,1,0.041220115416323165
835,3,LQS,0,0.0,1,0.006024096385542169,-0.006024096385542169,3.479166666666667,0,0.0,1,0.041220115416323165
836,3,LQV,0,0.0,1,0.006024096385542169,-0.006024096385542169,3.479166666666667,0,0.0,1,0.041220115416323165
837,3,LQW,0,0.0,1,0.006024096385542169,-0.006024096385542169,3.479166666666667,0,0.0,1,0.041220115416323165
838,3,LRG,0,0.0,1,0.006024096385542169,-0.006024096385542169,3.479166666666667,0,0.0,1,0.041220115416323165
839,3,LRH,0,0.0,1,0.006024096385542169,-0.006024096385542169,3.479166666666667,0,0.0,1,0.041220115416323165
840,3,LRK,0,0.0,1,0.006024096385542169,-0.006024096385542169,3.479166666666667,0,0.0,1,0.041220115416323165
841,3,LRN,0,0.0,1,0.006024096385542169,-0.006024096385542169,3.479166666666667,0,0.0,1,0.041220115416323165
842,3,LRQ,0,0.0,1,0.006024096385542169,-0.006024096385542169,3.479166666666667,0,0.0,1,0.041220115416323165
843,3,LRS,0,0.0,1,0.006024096385542169,-0.006024096385542169,3.479166666666667,0,0.0,1,0.041220115416323165
844,3,LSF,0,0.0,1,0.006024096385542169,-0.006024096385542169,3.479166666666667,0,0.0,1,0.041220115416323165
845,3,LSI,0,0.0,1,0.006024096385542169,-0.006024096385542169,3.479166666666667,0,0.0,1,0.041220115416323165
846,3,LSL,0,0.0,1,0.006024096385542169,-0.006024096385542169,3.479166666666667,0,0.0,1,0.041220115416323165
847,3,LSN,0,0.0,1,0.006024096385542169,-0.006024096385542169,3.479166666666667,0,0.0,1,0.041220115416323165
848,3,LTG,0,0.0,1,0.006024096385542169,-0.006024096385542169,3.479166666666667,0,0.0,1,0.041220115416323165
849,3,LTK,0,0.0,1,0.006024096385542169,-0.006024096385542169,3.479166666666667,0,0.0,1,0.041220115416323165
850,3,LTV,0,0.0,1,0.006024096385542169,-0.006024096385542169,3.479166666666667,0,0.0,1,0.041220115416323165
851,3,LVH,0,0.0,1,0.006024096385542169,-0.006024096385542169,3.479166666666667,0,0.0,1,0.041220115416323165
852,3,LVR,0,0.0,1,0.006024096385542169,-0.006024096385542169,3.479166666666667,0,0.0,1,0.041220115416323165
853,3,LWK,0,0.0,1,0.006024096385542169,-0.006024096385542169,3.479166666666667,0,0.0,1,0.041220115416323165
854,3,LWL,0,0.0,1,0.006024096385542169,-0.006024096385542169,3.479166666666667,0,0.0,1,0.041220115416323165
855,3,LYD,0,0.0,1,0.006024096385542169,-0.006024096385542169,3.479166666666667,0,0.0,1,0.041220115416323165
856,3,LYI,0,0.0,1,0.006024096385542169,-0.006024096385542169,3.479166666666667,0,0.0,1,0.041220115416323165
857,3,LYL,0,0.0,1,0.006024096385542169,-0.006024096385542169,3.479166666666667,0,0.0,1,0.041220115416323165
858,3,LYN,0,0.0,1,0.006024096385542169,-0.006024096385542169,3.479166666666667,0,0.0,1,0.041220115416323165
859,3,LYQ,0,0.0,1,0.006024096385542169,-0.006024096385542169,3.479166666666667,0,0.0,1,0.041220115416323165
860,3,LYT,0,0.0,1,0.006024096385542169,-0.006024096385542169,3.479166666666667,0,0.0,1,0.041220115416323165
861,3,MAA,0,0.0,1,0.006024096385542169,-0.006024096385542169,3.479166666666667,0,0.0,1,0.041220115416323165
862,3,MAI,0,0.0,1,0.006024096385542169,-0.006024096385542169,3.479166666666667,0,0.0,1,0.041220115416323165
863,3,MAQ,0,0.0,1,0.006024096385542169,-0.006024096385542169,3.479166666666667,0,0.0,1,0.041220115416323165
864,3,MAT,0,0.0,1,0.006024096385542169,-0.006024096385542169,3.479166666666667,0,0.0,1,0.041220115416323165
865,3,MDH,0,0.0,1,0.006024096385542169,-0.006024096385542169,3.479166666666667,0,0.0,1,0.041220115416323165
866,3,MDI,0,0.0,1,0.006024096385542169,-0.006024096385542169,3.479166666666667,0,0.0,1,0.041220115416323165
867,3,MEE,0,0.0,1,0.006024096385542169,-0.006024096385542169,3.479166666666667,0,0.0,1,0.041220115416323165
868,3,MEL,0,0.0,1,0.006024096385542169,-0.006024096385542169,3.479166666666667,0,0.0,1,0.041220115416323165
869,3,MES,0,0.0,1,0.006024096385542169,-0.006024096385542169,3.479166666666667,0,0.0,1,0.041220115416323165
870,3,MFV,0,0.0,1,0.006024096385542169,-0.006024096385542169,3.479166666666667,0,0.0,1,0.041220115416323165
871,3,MGE,0,0.0,1,0.006024096385542169,-0.006024096385542169,3.479166666666667,0,0.0,1,0.041220115416323165
872,3,MGQ,0,0.0,1,0.006024096385542169,-0.006024096385542169,3.479166666666667,0,0.0,1,0.041220115416323165
873,3,MHK,0,0.0,1,0.006024096385542169,-0.006024096385542169,3.479166666666667,0,0.0,1,0.041220115416323165
874,3,MHV,0,0.0,1,0.006024096385542169,-0.006024096385542169,3.479166666666667,0,0.0,1,0.041220115416323165
875,3,MIK,0,0.0,1,0.006024096385542169,-0.006024096385542169,3.479166666666667,0,0.0,1,0.041220115416323165
876,3,MIV,0,0.0,1,0.006024096385542169,-0.006024096385542169,3.479166666666667,0,0.0,1,0.041220115416323165
877,3,MKA,0,0.0,1,0.006024096385542169,-0.006024096385542169,3.479166666666667,0,0.0,1,0.041220115416323165
878,3,MKG,0,0.0,1,0.006024096385542169,-0.006024096385542169,3.479166666666667,0,0.0,1,0.041220115416323165
879,3,MKI,0,0.0,1,0.006024096385542169,-0.006024096385542169,3.479166666666667,0,0.0,1,0.041220115416323165
880,3,MKQ,0,0.0,1,0.006024096385542169,-0.006024096385542169,3.479166666666667,0,0.0,1,0.041220115416323165
881,3,MKS,0,0.0,1,0.006024096385542169,-0.006024096385542169,3.479166666666667,0,0.0,1,0.041220115416323165
882,3,MKT,0,0.0,1,0.006024096385542169,-0.006024096385542169,3.479166666666667,0,0.0,1,0.041220115416323165
883,3,MLE,0,0.0,1,0.006024096385542169,-0.006024096385542169,3.479166666666667,0,0.0,1,0.041220115416323165
884,3,MLL,0,0.0,1,0.006024096385542169,-0.006024096385542169,3.479166666666667,0,0.0,1,0.041220115416323165
885,3,MLN,0,0.0,1,0.006024096385542169,-0.006024096385542169,3.479166666666667,0,0.0,1,0.041220115416323165
886,3,MLR,0,0.0,1,0.006024096385542169,-0.006024096385542169,3.479166666666667,0,0.0,1,0.041220115416323165
887,3,MLV,0,0.0,1,0.006024096385542169,-0.006024096385542169,3.479166666666667,0,0.0,1,0.041220115416323165
888,3,MMG,0,0.0,1,0.006024096385542169,-0.006024096385542169,3.479166666666667,0,0.0,1,0.041220115416323165
889,3,MMR,0,0.0,1,0.006024096385542169,-0.006024096385542169,3.479166666666667,0,0.0,1,0.041220115416323165
890,3,MND,0,0.0,1,0.006024096385542169,-0.006024096385542169,3.479166666666667,0,0.0,1,0.041220115416323165
891,3,MNF,0,0.0,1,0.006024096385542169,-0.006024096385542169,3.479166666666667,0,0.0,1,0.041220115416323165
892,3,MNQ,0,0.0,1,0.006024096385542169,-0.006024096385542169,3.479166666666667,0,0.0,1,0.041220115416323165
893,3,MNS,0,0.0,1,0.006024096385542169,-0.006024096385542169,3.479166666666667,0,0.0,1,0.041220115416323165
894,3,MNT,0,0.0,1,0.006024096385542169,-0.006024096385542169,3.479166666666667,0,0.0,1,0.041220115416323165
895,3,MPE,0,0.0,1,0.006024096385542169,-0.006024096385542169,3.479166666666667,0,0.0,1,0.041220115416323165
896,3,MPG,0,0.0,1,0.006024096385542169,-0.006024096385542169,3.479166666666667,0,0.0,1,0.041220115416323165
897,3,MPY,0,0.0,1,0.006024096385542169,-0.006024096385542169,3.479166666666667,0,0.0,1,0.041220115416323165
898,3,MQH,0,0.0,1,0.006024096385542169,-0.006024096385542169,3.479166666666667,0,0.0,1,0.041220115416323165
899,3,MQI,0,0.0,1,0.006024096385542169,-0.006024096385542169,3.479166666666667,0,0.0,1,0.041220115416323165
900,3,MRA,0,0.0,1,0.006024096385542169,-0.006024096385542169,3.479166666666667,0,0.0,1,0.041220115416323165
901,3,MRI,0,0.0,1,0.006024096385542169,-0.006024096385542169,3.479166666666667,0,0.0,1,0.041220115416323165
902,3,MRL,0,0.0,1,0.006024096385542169,-0.006024096385542169,3.479166666666667,0,0.0,1,0.041220115416323165
903,3,MRY,0,0.0,1,0.006024096385542169,-0.006024096385542169,3.479166666666667,0,0.0,1,0.041220115416323165
904,3,MSE,0,0.0,1,0.006024096385542169,-0.006024096385542169,3.479166666666667,0,0.0,1,0.041220115416323165
905,3,MSF,0,0.0,1,0.006024096385542169,-0.006024096385542169,3.479166666666667,0,0.0,1,0.041220115416323165
906,3,MSG,0,0.0,1,0.006024096385542169,-0.006024096385542169,3.479166666666667,0,0.0,1,0.041220115416323165
907,3,MSN,0,0.0,1,0.006024096385542169,-0.006024096385542169,3.479166666666667,0,0.0,1,0.041220115416323165
908,3,MSR,0,0.0,1,0.006024096385542169,-0.006024096385542169,3.479166666666667,0,0.0,1,0.041220115416323165
909,3,MTA,0,0.0,1,0.006024096385542169,-0.006024096385542169,3.479166666666667,0,0.0,1,0.041220115416323165
910,3,MTS,0,0.0,1,0.006024096385542169,-0.006024096385542169,3.479166666666667,0,0.0,1,0.041220115416323165
911,3,MWP,0,0.0,1,0.006024096385542169,-0.006024096385542169,3.479166666666667,0,0.0,1,0.041220115416323165
912,3,NAA,0,0.0,1,0.006024096385542169,-0.006024096385542169,3.479166666666667,0,0.0,1,0.041220115416323165
913,3,NAV,0,0.0,1,0.006024096385542169,-0.006024096385542169,3.479166666666667,0,0.0,1,0.041220115416323165
914,3,NDI,0,0.0,1,0.006024096385542169,-0.006024096385542169,3.479166666666667,0,0.0,1,0.041220115416323165
915,3,NDL,0,0.0,1,0.006024096385542169,-0.006024096385542169,3.479166666666667,0,0.0,1,0.041220115416323165
916,3,NDM,0,0.0,1,0.006024096385542169,-0.006024096385542169,3.479166666666667,0,0.0,1,0.041220115416323165
917,3,NEL,0,0.0,1,0.006024096385542169,-0.006024096385542169,3.479166666666667,0,0.0,1,0.041220115416323165
918,3,NFG,0,0.0,1,0.006024096385542169,-0.006024096385542169,3.479166666666667,0,0.0,1,0.041220115416323165
919,3,NGL,0,0.0,1,0.006024096385542169,-0.006024096385542169,3.479166666666667,0,0.0,1,0.041220115416323165
920,3,NGP,0,0.0,1,0.006024096385542169,-0.006024096385542169,3.479166666666667,0,0.0,1,0.041220115416323165
921,3,NHK,0,0.0,1,0.006024096385542169,-0.006024096385542169,3.479166666666667,0,0.0,1,0.041220115416323165
922,3,NHQ,0,0.0,1,0.006024096385542169,-0.006024096385542169,3.479166666666667,0,0.0,1,0.041220115416323165
923,3,NID,0,0.0,1,0.006024096385542169,-0.006024096385542169,3.479166666666667,0,0.0,1,0.041220115416323165
924,3,NIF,0,0.0,1,0.006024096385542169,-0.006024096385542169,3.479166666666667,0,0.0,1,0.041220115416323165
925,3,NIG,0,0.0,1,0.006024096385542169,-0.006024096385542169,3.479166666666667,0,0.0,1,0.041220115416323165
926,3,NII,0,0.0,1,0.006024096385542169,-0.006024096385542169,3.479166666666667,0,0.0,1,0.041220115416323165
927,3,NIL,0,0.0,1,0.006024096385542169,-0.006024096385542169,3.479166666666667,0,0.0,1,0.041220115416323165
928,3,NIM,0,0.0,1,0.006024096385542169,-0.006024096385542169,3.479166666666667,0,0.0,1,0.041220115416323165
929,3,NIS,0,0.0,1,0.006024096385542169,-0.006024096385542169,3.479166666666667,0,0.0,1,0.041220115416323165
930,3,NKE,0,0.0,1,0.006024096385542169,-0.006024096385542169,3.479166666666667,0,0.0,1,0.041220115416323165
931,3,NKF,0,0.0,1,0.006024096385542169,-0.006024096385542169,3.479166666666667,0,0.0,1,0.041220115416323165
932,3,NKK,0,0.0,1,0.006024096385542169,-0.006024096385542169,3.479166666666667,0,0.0,1,0.041220115416323165
933,3,NKN,0,0.0,1,0.006024096385542169,-0.006024096385542169,3.479166666666667,0,0.0,1,0.041220115416323165
934,3,NKQ,0,0.0,1,0.006024096385542169,-0.006024096385542169,3.479166666666667,0,0.0,1,0.041220115416323165
935,3,NKR,0,0.0,1,0.006024096385542169,-0.006024096385542169,3.479166666666667,0,0.0,1,0.041220115416323165
936,3,NKW,0,0.0,1,0.006024096385542169,-0.006024096385542169,3.479166666666667,0,0.0,1,0.041220115416323165
937,3,NLA,0,0.0,1,0.006024096385542169,-0.006024096385542169,3.479166666666667,0,0.0,1,0.041220115416323165
938,3,NLE,0,0.0,1,0.006024096385542169,-0.006024096385542169,3.479166666666667,0,0.0,1,0.041220115416323165
939,3,NLF,0,0.0,1,0.006024096385542169,-0.006024096385542169,3.479166666666667,0,0.0,1,0.041220115416323165
940,3,NLG,0,0.0,1,0.006024096385542169,-0.006024096385542169,3.479166666666667,0,0.0,1,0.041220115416323165
941,3,NLL,0,0.0,1,0.006024096385542169,-0.006024096385542169,3.479166666666667,0,0.0,1,0.041220115416323165
942,3,NLN,0,0.0,1,0.006024096385542169,-0.006024096385542169,3.479166666666667,0,0.0,1,0.041220115416323165
943,3,NLQ,0,0.0,1,0.006024096385542169,-0.006024096385542169,3.479166666666667,0,0.0,1,0.041220115416323165
944,3,NLV,0,0.0,1,0.006024096385542169,-0.006024096385542169,3.479166666666667,0,0.0,1,0.041220115416323165
945,3,NMR,0,0.0,1,0.006024096385542169,-0.006024096385542169,3.479166666666667,0,0.0,1,0.041220115416323165
946,3,NNA,0,0.0,1,0.006024096385542169,-0.006024096385542169,3.479166666666667,0,0.0,1,0.041220115416323165
947,3,NNF,0,0.0,1,0.006024096385542169,-0.006024096385542169,3.479166666666667,0,0.0,1,0.041220115416323165
948,3,NNS,0,0.0,1,0.006024096385542169,-0.006024096385542169,3.479166666666667,0,0.0,1,0.041220115416323165
949,3,NPA,0,0.0,1,0.006024096385542169,-0.006024096385542169,3.479166666666667,0,0.0,1,0.041220115416323165
950,3,NPE,0,0.0,1,0.006024096385542169,-0.006024096385542169,3.479166666666667,0,0.0,1,0.041220115416323165
951,3,NPQ,0,0.0,1,0.006024096385542169,-0.006024096385542169,3.479166666666667,0,0.0,1,0.041220115416323165
952,3,NPV,0,0.0,1,0.006024096385542169,-0.006024096385542169,3.479166666666667,0,0.0,1,0.041220115416323165
953,3,NQD,0,0.0,1,0.006024096385542169,-0.006024096385542169,3.479166666666667,0,0.0,1,0.041220115416323165
954,3,NQL,0,0.0,1,0.006024096385542169,-0.006024096385542169,3.479166666666667,0,0.0,1,0.041220115416323165
955,3,NQR,0,0.0,1,0.006024096385542169,-0.006024096385542169,3.479166666666667,0,0.0,1,0.041220115416323165
956,3,NQV,0,0.0,1,0.006024096385542169,-0.006024096385542169,3.479166666666667,0,0.0,1,0.041220115416323165
957,3,NQW,0,0.0,1,0.006024096385542169,-0.006024096385542169,3.479166666666667,0,0.0,1,0.041220115416323165
958,3,NRE,0,0.0,1,0.006024096385542169,-0.006024096385542169,3.479166666666667,0,0.0,1,0.041220115416323165
959,3,NRF,0,0.0,1,0.006024096385542169,-0.006024096385542169,3.479166666666667,0,0.0,1,0.041220115416323165
960,3,NRM,0,0.0,1,0.006024096385542169,-0.006024096385542169,3.479166666666667,0,0.0,1,0.041220115416323165
961,3,NRN,0,0.0,1,0.006024096385542169,-0.006024096385542169,3.479166666666667,0,0.0,1,0.041220115416323165
962,3,NSI,0,0.0,1,0.006024096385542169,-0.006024096385542169,3.479166666666667,0,0.0,1,0.041220115416323165
963,3,NSN,0,0.0,1,0.006024096385542169,-0.006024096385542169,3.479166666666667,0,0.0,1,0.041220115416323165
964,3,NSV,0,0.0,1,0.006024096385542169,-0.006024096385542169,3.479166666666667,0,0.0,1,0.041220115416323165
965,3,NTD,0,0.0,1,0.006024096385542169,-0.006024096385542169,3.479166666666667,0,0.0,1,0.041220115416323165
966,3,NTN,0,0.0,1,0.006024096385542169,-0.006024096385542169,3.479166666666667,0,0.0,1,0.041220115416323165
967,3,NTV,0,0.0,1,0.006024096385542169,-0.006024096385542169,3.479166666666667,0,0.0,1,0.041220115416323165
968,3,NVR,0,0.0,1,0.006024096385542169,-0.006024096385542169,3.479166666666667,0,0.0,1,0.041220115416323165
969,3,NWV,0,0.0,1,0.006024096385542169,-0.006024096385542169,3.479166666666667,0,0.0,1,0.041220115416323165
970,3,NYL,0,0.0,1,0.006024096385542169,-0.006024096385542169,3.479166666666667,0,0.0,1,0.041220115416323165
971,3,PAF,0,0.0,1,0.006024096385542169,-0.006024096385542169,3.479166666666667,0,0.0,1,0.041220115416323165
972,3,PAL,0,0.0,1,0.006024096385542169,-0.006024096385542169,3.479166666666667,0,0.0,1,0.041220115416323165
973,3,PAR,0,0.0,1,0.006024096385542169,-0.006024096385542169,3.479166666666667,0,0.0,1,0.041220115416323165
974,3,PAV,0,0.0,1,0.006024096385542169,-0.006024096385542169,3.479166666666667,0,0.0,1,0.041220115416323165
975,3,PDA,0,0.0,1,0.006024096385542169,-0.006024096385542169,3.479166666666667,0,0.0,1,0.041220115416323165
976,3,PDD,0,0.0,1,0.006024096385542169,-0.006024096385542169,3.479166666666667,0,0.0,1,0.041220115416323165
977,3,PDM,0,0.0,1,0.006024096385542169,-0.006024096385542169,3.479166666666667,0,0.0,1,0.041220115416323165
978,3,PEI,0,0.0,1,0.006024096385542169,-0.006024096385542169,3.479166666666667,0,0.0,1,0.041220115416323165
979,3,PEQ,0,0.0,1,0.006024096385542169,-0.006024096385542169,3.479166666666667,0,0.0,1,0.041220115416323165
980,3,PEY,0,0.0,1,0.006024096385542169,-0.006024096385542169,3.479166666666667,0,0.0,1,0.041220115416323165
981,3,PFM,0,0.0,1,0.006024096385542169,-0.006024096385542169,3.479166666666667,0,0.0,1,0.041220115416323165
982,3,PGQ,0,0.0,1,0.006024096385542169,-0.006024096385542169,3.479166666666667,0,0.0,1,0.041220115416323165
983,3,PGT,0,0.0,1,0.006024096385542169,-0.006024096385542169,3.479166666666667,0,0.0,1,0.041220115416323165
984,3,PIA,0,0.0,1,0.006024096385542169,-0.006024096385542169,3.479166666666667,0,0.0,1,0.041220115416323165
985,3,PKD,0,0.0,1,0.006024096385542169,-0.006024096385542169,3.479166666666667,0,0.0,1,0.041220115416323165
986,3,PLH,0,0.0,1,0.006024096385542169,-0.006024096385542169,3.479166666666667,0,0.0,1,0.041220115416323165
987,3,PLL,0,0.0,1,0.006024096385542169,-0.006024096385542169,3.479166666666667,0,0.0,1,0.041220115416323165
988,3,PLM,0,0.0,1,0.006024096385542169,-0.006024096385542169,3.479166666666667,0,0.0,1,0.041220115416323165
989,3,PLN,0,0.0,1,0.006024096385542169,-0.006024096385542169,3.479166666666667,0,0.0,1,0.041220115416323165
990,3,PLW,0,0.0,1,0.006024096385542169,-0.006024096385542169,3.479166666666667,0,0.0,1,0.041220115416323165
991,3,PMQ,0,0.0,1,0.006024096385542169,-0.006024096385542169,3.479166666666667,0,0.0,1,0.041220115416323165
992,3,PMV,0,0.0,1,0.006024096385542169,-0.006024096385542169,3.479166666666667,0,0.0,1,0.041220115416323165
993,3,PND,0,0.0,1,0.006024096385542169,-0.006024096385542169,3.479166666666667,0,0.0,1,0.041220115416323165
994,3,PNG,0,0.0,1,0.006024096385542169,-0.006024096385542169,3.479166666666667,0,0.0,1,0.041220115416323165
995,3,PQE,0,0.0,1,0.006024096385542169,-0.006024096385542169,3.479166666666667,0,0.0,1,0.041220115416323165
996,3,PQL,0,0.0,1,0.006024096385542169,-0.006024096385542169,3.479166666666667,0,0.0,1,0.041220115416323165
997,3,PQV,0,0.0,1,0.006024096385542169,-0.006024096385542169,3.479166666666667,0,0.0,1,0.041220115416323165
998,3,PSV,0,0.0,1,0.006024096385542169,-0.006024096385542169,3.479166666666667,0,0.0,1,0.041220115416323165
999,3,PTH,0,0.0,1,0.006024096385542169,-0.006024096385542169,3.479166666666667,0,0.0,1,0.041220115416323165
1000,3,PTI,0,0.0,1,0.006024096385542169,-0.006024096385542169,3.479166666666667,0,0.0,1,0.041220115416323165
1001,3,PVA,0,0.0,1,0.006024096385542169,-0.006024096385542169,3.479166666666667,0,0.0,1,0.041220115416323165
1002,3,PVL,0,0.0,1,0.006024096385542169,-0.006024096385542169,3.479166666666667,0,0.0,1,0.041220115416323165
1003,3,PVV,0,0.0,1,0.006024096385542169,-0.006024096385542169,3.479166666666667,0,0.0,1,0.041220115416323165
1004,3,PWL,0,0.0,1,0.006024096385542169,-0.006024096385542169,3.479166666666667,0,0.0,1,0.041220115416323165
1005,3,PYT,0,0.0,1,0.006024096385542169,-0.006024096385542169,3.479166666666667,0,0.0,1,0.041220115416323165
1006,3,QAA,0,0.0,1,0.006024096385542169,-0.006024096385542169,3.479166666666667,0,0.0,1,0.041220115416323165
1007,3,QAE,0,0.0,1,0.006024096385542169,-0.006024096385542169,3.479166666666667,0,0.0,1,0.041220115416323165
1008,3,QAF,0,0.0,1,0.006024096385542169,-0.006024096385542169,3.479166666666667,0,0.0,1,0.041220115416323165
1009,3,QAI,0,0.0,1,0.006024096385542169,-0.006024096385542169,3.479166666666667,0,0.0,1,0.041220115416323165
1010,3,QAR,0,0.0,1,0.006024096385542169,-0.006024096385542169,3.479166666666667,0,0.0,1,0.041220115416323165
1011,3,QAV,0,0.0,1,0.006024096385542169,-0.006024096385542169,3.479166666666667,0,0.0,1,0.041220115416323165
1012,3,QDE,0,0.0,1,0.006024096385542169,-0.006024096385542169,3.479166666666667,0,0.0,1,0.041220115416323165
1013,3,QEA,0,0.0,1,0.006024096385542169,-0.006024096385542169,3.479166666666667,0,0.0,1,0.041220115416323165
1014,3,QEI,0,0.0,1,0.006024096385542169,-0.006024096385542169,3.479166666666667,0,0.0,1,0.041220115416323165
1015,3,QEK,0,0.0,1,0.006024096385542169,-0.006024096385542169,3.479166666666667,0,0.0,1,0.041220115416323165
1016,3,QFI,0,0.0,1,0.006024096385542169,-0.006024096385542169,3.479166666666667,0,0.0,1,0.041220115416323165
1017,3,QFW,0,0.0,1,0.006024096385542169,-0.006024096385542169,3.479166666666667,0,0.0,1,0.041220115416323165
1018,3,QFY,0,0.0,1,0.006024096385542169,-0.006024096385542169,3.479166666666667,0,0.0,1,0.041220115416323165
1019,3,QGD,0,0.0,1,0.006024096385542169,-0.006024096385542169,3.479166666666667,0,0.0,1,0.041220115416323165
1020,3,QGL,0,0.0,1,0.006024096385542169,-0.006024096385542169,3.479166666666667,0,0.0,1,0.041220115416323165
1021,3,QGQ,0,0.0,1,0.006024096385542169,-0.006024096385542169,3.479166666666667,0,0.0,1,0.041220115416323165
1022,3,QHF,0,0.0,1,0.006024096385542169,-0.006024096385542169,3.479166666666667,0,0.0,1,0.041220115416323165
1023,3,QHV,0,0.0,1,0.006024096385542169,-0.006024096385542169,3.479166666666667,0,0.0,1,0.041220115416323165
1024,3,QIG,0,0.0,1,0.006024096385542169,-0.006024096385542169,3.479166666666667,0,0.0,1,0.041220115416323165
1025,3,QKA,0,0.0,1,0.006024096385542169,-0.006024096385542169,3.479166666666667,0,0.0,1,0.041220115416323165
1026,3,QKH,0,0.0,1,0.006024096385542169,-0.006024096385542169,3.479166666666667,0,0.0,1,0.041220115416323165
1027,3,QKL,0,0.0,1,0.006024096385542169,-0.006024096385542169,3.479166666666667,0,0.0,1,0.041220115416323165
1028,3,QKR,0,0.0,1,0.006024096385542169,-0.006024096385542169,3.479166666666667,0,0.0,1,0.041220115416323165
1029,3,QLV,0,0.0,1,0.006024096385542169,-0.006024096385542169,3.479166666666667,0,0.0,1,0.041220115416323165
1030,3,QME,0,0.0,1,0.006024096385542169,-0.006024096385542169,3.479166666666667,0,0.0,1,0.041220115416323165
1031,3,QMK,0,0.0,1,0.006024096385542169,-0.006024096385542169,3.479166666666667,0,0.0,1,0.041220115416323165
1032,3,QML,0,0.0,1,0.006024096385542169,-0.006024096385542169,3.479166666666667,0,0.0,1,0.041220115416323165
1033,3,QMS,0,0.0,1,0.006024096385542169,-0.006024096385542169,3.479166666666667,0,0.0,1,0.041220115416323165
1034,3,QNG,0,0.0,1,0.006024096385542169,-0.006024096385542169,3.479166666666667,0,0.0,1,0.041220115416323165
1035,3,QNL,0,0.0,1,0.006024096385542169,-0.006024096385542169,3.479166666666667,0,0.0,1,0.041220115416323165
1036,3,QNN,0,0.0,1,0.006024096385542169,-0.006024096385542169,3.479166666666667,0,0.0,1,0.041220115416323165
1037,3,QNS,0,0.0,1,0.006024096385542169,-0.006024096385542169,3.479166666666667,0,0.0,1,0.041220115416323165
1038,3,QQA,0,0.0,1,0.006024096385542169,-0.006024096385542169,3.479166666666667,0,0.0,1,0.041220115416323165
1039,3,QQE,0,0.0,1,0.006024096385542169,-0.006024096385542169,3.479166666666667,0,0.0,1,0.041220115416323165
1040,3,QQH,0,0.0,1,0.006024096385542169,-0.006024096385542169,3.479166666666667,0,0.0,1,0.041220115416323165
1041,3,QQK,0,0.0,1,0.006024096385542169,-0.006024096385542169,3.479166666666667,0,0.0,1,0.041220115416323165
1042,3,QQL,0,0.0,1,0.006024096385542169,-0.006024096385542169,3.479166666666667,0,0.0,1,0.041220115416323165
1043,3,QRD,0,0.0,1,0.006024096385542169,-0.006024096385542169,3.479166666666667,0,0.0,1,0.041220115416323165
1044,3,QRK,0,0.0,1,0.006024096385542169,-0.006024096385542169,3.479166666666667,0,0.0,1,0.041220115416323165
1045,3,QRV,0,0.0,1,0.006024096385542169,-0.006024096385542169,3.479166666666667,0,0.0,1,0.041220115416323165
1046,3,QRY,0,0.0,1,0.006024096385542169,-0.006024096385542169,3.479166666666667,0,0.0,1,0.041220115416323165
1047,3,QSA,0,0.0,1,0.006024096385542169,-0.006024096385542169,3.479166666666667,0,0.0,1,0.041220115416323165
1048,3,QSG,0,0.0,1,0.006024096385542169,-0.006024096385542169,3.479166666666667,0,0.0,1,0.041220115416323165
1049,3,QSI,0,0.0,1,0.006024096385542169,-0.006024096385542169,3.479166666666667,0,0.0,1,0.041220115416323165
1050,3,QSL,0,0.0,1,0.006024096385542169,-0.006024096385542169,3.479166666666667,0,0.0,1,0.041220115416323165
1051,3,QSM,0,0.0,1,0.006024096385542169,-0.006024096385542169,3.479166666666667,0,0.0,1,0.041220115416323165
1052,3,QSS,0,0.0,1,0.006024096385542169,-0.006024096385542169,3.479166666666667,0,0.0,1,0.041220115416323165
1053,3,QTV,0,0.0,1,0.006024096385542169,-0.006024096385542169,3.479166666666667,0,0.0,1,0.041220115416323165
1054,3,QVE,0,0.0,1,0.006024096385542169,-0.006024096385542169,3.479166666666667,0,0.0,1,0.041220115416323165
1055,3,QVK,0,0.0,1,0.006024096385542169,-0.006024096385542169,3.479166666666667,0,0.0,1,0.041220115416323165
1056,3,QWG,0,0.0,1,0.006024096385542169,-0.006024096385542169,3.479166666666667,0,0.0,1,0.041220115416323165
1057,3,QWS,0,0.0,1,0.006024096385542169,-0.006024096385542169,3.479166666666667,0,0.0,1,0.041220115416323165
1058,3,QWY,0,0.0,1,0.006024096385542169,-0.006024096385542169,3.479166666666667,0,0.0,1,0.041220115416323165
1059,3,QYK,0,0.0,1,0.006024096385542169,-0.006024096385542169,3.479166666666667,0,0.0,1,0.041220115416323165
1060,3,QYN,0,0.0,1,0.006024096385542169,-0.006024096385542169,3.479166666666667,0,0.0,1,0.041220115416323165
1061,3,QYV,0,0.0,1,0.006024096385542169,-0.006024096385542169,3.479166666666667,0,0.0,1,0.041220115416323165
1062,3,QYY,0,0.0,1,0.006024096385542169,-0.006024096385542169,3.479166666666667,0,0.0,1,0.041220115416323165
1063,3,RAE,0,0.0,1,0.006024096385542169,-0.006024096385542169,3.479166666666667,0,0.0,1,0.041220115416323165
1064,3,RAH,0,0.0,1,0.006024096385542169,-0.006024096385542169,3.479166666666667,0,0.0,1,0.041220115416323165
1065,3,RAI,0,0.0,1,0.006024096385542169,-0.006024096385542169,3.479166666666667,0,0.0,1,0.041220115416323165
1066,3,RAQ,0,0.0,1,0.006024096385542169,-0.006024096385542169,3.479166666666667,0,0.0,1,0.041220115416323165
1067,3,RAV,0,0.0,1,0.006024096385542169,-0.006024096385542169,3.479166666666667,0,0.0,1,0.041220115416323165
1068,3,RDF,0,0.0,1,0.006024096385542169,-0.006024096385542169,3.479166666666667,0,0.0,1,0.041220115416323165
1069,3,RDS,0,0.0,1,0.006024096385542169,-0.006024096385542169,3.479166666666667,0,0.0,1,0.041220115416323165
1070,3,REE,0,0.0,1,0.006024096385542169,-0.006024096385542169,3.479166666666667,0,0.0,1,0.041220115416323165
1071,3,REQ,0,0.0,1,0.006024096385542169,-0.006024096385542169,3.479166666666667,0,0.0,1,0.041220115416323165
1072,3,RER,0,0.0,1,0.006024096385542169,-0.006024096385542169,3.479166666666667,0,0.0,1,0.041220115416323165
1073,3,RET,0,0.0,1,0.006024096385542169,-0.006024096385542169,3.479166666666667,0,0.0,1,0.041220115416323165
1074,3,REW,0,0.0,1,0.006024096385542169,-0.006024096385542169,3.479166666666667,0,0.0,1,0.041220115416323165
1075,3,RFD,0,0.0,1,0.006024096385542169,-0.006024096385542169,3.479166666666667,0,0.0,1,0.041220115416323165
1076,3,RFE,0,0.0,1,0.006024096385542169,-0.006024096385542169,3.479166666666667,0,0.0,1,0.041220115416323165
1077,3,RFF,0,0.0,1,0.006024096385542169,-0.006024096385542169,3.479166666666667,0,0.0,1,0.041220115416323165
1078,3,RFG,0,0.0,1,0.006024096385542169,-0.006024096385542169,3.479166666666667,0,0.0,1,0.041220115416323165
1079,3,RFI,0,0.0,1,0.006024096385542169,-0.006024096385542169,3.479166666666667,0,0.0,1,0.041220115416323165
1080,3,RFV,0,0.0,1,0.006024096385542169,-0.006024096385542169,3.479166666666667,0,0.0,1,0.041220115416323165
1081,3,RFW,0,0.0,1,0.006024096385542169,-0.006024096385542169,3.479166666666667,0,0.0,1,0.041220115416323165
1082,3,RGI,0,0.0,1,0.006024096385542169,-0.006024096385542169,3.479166666666667,0,0.0,1,0.041220115416323165
1083,3,RGL,0,0.0,1,0.006024096385542169,-0.006024096385542169,3.479166666666667,0,0.0,1,0.041220115416323165
1084,3,RGV,0,0.0,1,0.006024096385542169,-0.006024096385542169,3.479166666666667,0,0.0,1,0.041220115416323165
1085,3,RHK,0,0.0,1,0.006024096385542169,-0.006024096385542169,3.479166666666667,0,0.0,1,0.041220115416323165
1086,3,RHL,0,0.0,1,0.006024096385542169,-0.006024096385542169,3.479166666666667,0,0.0,1,0.041220115416323165
1087,3,RIS,0,0.0,1,0.006024096385542169,-0.006024096385542169,3.479166666666667,0,0.0,1,0.041220115416323165
1088,3,RKA,0,0.0,1,0.006024096385542169,-0.006024096385542169,3.479166666666667,0,0.0,1,0.041220115416323165
1089,3,RKH,0,0.0,1,0.006024096385542169,-0.006024096385542169,3.479166666666667,0,0.0,1,0.041220115416323165
1090,3,RKI,0,0.0,1,0.006024096385542169,-0.006024096385542169,3.479166666666667,0,0.0,1,0.041220115416323165
1091,3,RKL,0,0.0,1,0.006024096385542169,-0.006024096385542169,3.479166666666667,0,0.0,1,0.041220115416323165
1092,3,RKQ,0,0.0,1,0.006024096385542169,-0.006024096385542169,3.479166666666667,0,0.0,1,0.041220115416323165
1093,3,RKR,0,0.0,1,0.006024096385542169,-0.006024096385542169,3.479166666666667,0,0.0,1,0.041220115416323165
1094,3,RLD,0,0.0,1,0.006024096385542169,-0.006024096385542169,3.479166666666667,0,0.0,1,0.041220115416323165
1095,3,RLE,0,0.0,1,0.006024096385542169,-0.006024096385542169,3.479166666666667,0,0.0,1,0.041220115416323165
1096,3,RLF,0,0.0,1,0.006024096385542169,-0.006024096385542169,3.479166666666667,0,0.0,1,0.041220115416323165
1097,3,RLG,0,0.0,1,0.006024096385542169,-0.006024096385542169,3.479166666666667,0,0.0,1,0.041220115416323165
1098,3,RLQ,0,0.0,1,0.006024096385542169,-0.006024096385542169,3.479166666666667,0,0.0,1,0.041220115416323165
1099,3,RLS,0,0.0,1,0.006024096385542169,-0.006024096385542169,3.479166666666667,0,0.0,1,0.041220115416323165
1100,3,RLV,0,0.0,1,0.006024096385542169,-0.006024096385542169,3.479166666666667,0,0.0,1,0.041220115416323165
1101,3,RLW,0,0.0,1,0.006024096385542169,-0.006024096385542169,3.479166666666667,0,0.0,1,0.041220115416323165
1102,3,RMA,0,0.0,1,0.006024096385542169,-0.006024096385542169,3.479166666666667,0,0.0,1,0.041220115416323165
1103,3,RMF,0,0.0,1,0.006024096385542169,-0.006024096385542169,3.479166666666667,0,0.0,1,0.041220115416323165
1104,3,RNF,0,0.0,1,0.006024096385542169,-0.006024096385542169,3.479166666666667,0,0.0,1,0.041220115416323165
1105,3,RNK,0,0.0,1,0.006024096385542169,-0.006024096385542169,3.479166666666667,0,0.0,1,0.041220115416323165
1106,3,RNL,0,0.0,1,0.006024096385542169,-0.006024096385542169,3.479166666666667,0,0.0,1,0.041220115416323165
1107,3,RNW,0,0.0,1,0.006024096385542169,-0.006024096385542169,3.479166666666667,0,0.0,1,0.041220115416323165
1108,3,RQQ,0,0.0,1,0.006024096385542169,-0.006024096385542169,3.479166666666667,0,0.0,1,0.041220115416323165
1109,3,RQV,0,0.0,1,0.006024096385542169,-0.006024096385542169,3.479166666666667,0,0.0,1,0.041220115416323165
1110,3,RRI,0,0.0,1,0.006024096385542169,-0.006024096385542169,3.479166666666667,0,0.0,1,0.041220115416323165
1111,3,RRK,0,0.0,1,0.006024096385542169,-0.006024096385542169,3.479166666666667,0,0.0,1,0.041220115416323165
1112,3,RRR,0,0.0,1,0.006024096385542169,-0.006024096385542169,3.479166666666667,0,0.0,1,0.041220115416323165
1113,3,RRY,0,0.0,1,0.006024096385542169,-0.006024096385542169,3.479166666666667,0,0.0,1,0.041220115416323165
1114,3,RSG,0,0.0,1,0.006024096385542169,-0.006024096385542169,3.479166666666667,0,0.0,1,0.041220115416323165
1115,3,RSH,0,0.0,1,0.006024096385542169,-0.006024096385542169,3.479166666666667,0,0.0,1,0.041220115416323165
1116,3,RSL,0,0.0,1,0.006024096385542169,-0.006024096385542169,3.479166666666667,0,0.0,1,0.041220115416323165
1117,3,RSR,0,0.0,1,0.006024096385542169,-0.006024096385542169,3.479166666666667,0,0.0,1,0.041220115416323165
1118,3,RTA,0,0.0,1,0.006024096385542169,-0.006024096385542169,3.479166666666667,0,0.0,1,0.041220115416323165
1119,3,RTI,0,0.0,1,0.006024096385542169,-0.006024096385542169,3.479166666666667,0,0.0,1,0.041220115416323165
1120,3,RTS,0,0.0,1,0.006024096385542169,-0.006024096385542169,3.479166666666667,0,0.0,1,0.041220115416323165
1121,3,RTY,0,0.0,1,0.006024096385542169,-0.006024096385542169,3.479166666666667,0,0.0,1,0.041220115416323165
1122,3,RVA,0,0.0,1,0.006024096385542169,-0.006024096385542169,3.479166666666667,0,0.0,1,0.041220115416323165
1123,3,RVD,0,0.0,1,0.006024096385542169,-0.006024096385542169,3.479166666666667,0,0.0,1,0.041220115416323165
1124,3,RVE,0,0.0,1,0.006024096385542169,-0.006024096385542169,3.479166666666667,0,0.0,1,0.041220115416323165
1125,3,RVG,0,0.0,1,0.006024096385542169,-0.006024096385542169,3.479166666666667,0,0.0,1,0.041220115416323165
1126,3,RVT,0,0.0,1,0.006024096385542169,-0.006024096385542169,3.479166666666667,0,0.0,1,0.041220115416323165
1127,3,RVY,0,0.0,1,0.006024096385542169,-0.006024096385542169,3.479166666666667,0,0.0,1,0.041220115416323165
1128,3,RWA,0,0.0,1,0.006024096385542169,-0.006024096385542169,3.479166666666667,0,0.0,1,0.041220115416323165
1129,3,RYI,0,0.0,1,0.006024096385542169,-0.006024096385542169,3.479166666666667,0,0.0,1,0.041220115416323165
1130,3,RYV,0,0.0,1,0.006024096385542169,-0.006024096385542169,3.479166666666667,0,0.0,1,0.041220115416323165
1131,3,RYY,0,0.0,1,0.006024096385542169,-0.006024096385542169,3.479166666666667,0,0.0,1,0.041220115416323165
1132,3,SAI,0,0.0,1,0.006024096385542169,-0.006024096385542169,3.479166666666667,0,0.0,1,0.041220115416323165
1133,3,SAS,0,0.0,1,0.006024096385542169,-0.006024096385542169,3.479166666666667,0,0.0,1,0.041220115416323165
1134,3,SAT,0,0.0,1,0.006024096385542169,-0.006024096385542169,3.479166666666667,0,0.0,1,0.041220115416323165
1135,3,SAY,0,0.0,1,0.006024096385542169,-0.006024096385542169,3.479166666666667,0,0.0,1,0.041220115416323165
1136,3,SDD,0,0.0,1,0.006024096385542169,-0.006024096385542169,3.479166666666667,0,0.0,1,0.041220115416323165
1137,3,SDG,0,0.0,1,0.006024096385542169,-0.006024096385542169,3.479166666666667,0,0.0,1,0.041220115416323165
1138,3,SDI,0,0.0,1,0.006024096385542169,-0.006024096385542169,3.479166666666667,0,0.0,1,0.041220115416323165
1139,3,SDN,0,0.0,1,0.006024096385542169,-0.006024096385542169,3.479166666666667,0,0.0,1,0.041220115416323165
1140,3,SDW,0,0.0,1,0.006024096385542169,-0.006024096385542169,3.479166666666667,0,0.0,1,0.041220115416323165
1141,3,SEA,0,0.0,1,0.006024096385542169,-0.006024096385542169,3.479166666666667,0,0.0,1,0.041220115416323165
1142,3,SEE,0,0.0,1,0.006024096385542169,-0.006024096385542169,3.479166666666667,0,0.0,1,0.041220115416323165
1143,3,SEG,0,0.0,1,0.006024096385542169,-0.006024096385542169,3.479166666666667,0,0.0,1,0.041220115416323165
1144,3,SEQ,0,0.0,1,0.006024096385542169,-0.006024096385542169,3.479166666666667,0,0.0,1,0.041220115416323165
1145,3,SES,0,0.0,1,0.006024096385542169,-0.006024096385542169,3.479166666666667,0,0.0,1,0.041220115416323165
1146,3,SEV,0,0.0,1,0.006024096385542169,-0.006024096385542169,3.479166666666667,0,0.0,1,0.041220115416323165
1147,3,SFI,0,0.0,1,0.006024096385542169,-0.006024096385542169,3.479166666666667,0,0.0,1,0.041220115416323165
1148,3,SFK,0,0.0,1,0.006024096385542169,-0.006024096385542169,3.479166666666667,0,0.0,1,0.041220115416323165
1149,3,SFL,0,0.0,1,0.006024096385542169,-0.006024096385542169,3.479166666666667,0,0.0,1,0.041220115416323165
1150,3,SGN,0,0.0,1,0.006024096385542169,-0.006024096385542169,3.479166666666667,0,0.0,1,0.041220115416323165
1151,3,SGR,0,0.0,1,0.006024096385542169,-0.006024096385542169,3.479166666666667,0,0.0,1,0.041220115416323165
1152,3,SGV,0,0.0,1,0.006024096385542169,-0.006024096385542169,3.479166666666667,0,0.0,1,0.041220115416323165
1153,3,SHL,0,0.0,1,0.006024096385542169,-0.006024096385542169,3.479166666666667,0,0.0,1,0.041220115416323165
1154,3,SID,0,0.0,1,0.006024096385542169,-0.006024096385542169,3.479166666666667,0,0.0,1,0.041220115416323165
1155,3,SIE,0,0.0,1,0.006024096385542169,-0.006024096385542169,3.479166666666667,0,0.0,1,0.041220115416323165
1156,3,SIK,0,0.0,1,0.006024096385542169,-0.006024096385542169,3.479166666666667,0,0.0,1,0.041220115416323165
1157,3,SIL,0,0.0,1,0.006024096385542169,-0.006024096385542169,3.479166666666667,0,0.0,1,0.041220115416323165
1158,3,SIV,0,0.0,1,0.006024096385542169,-0.006024096385542169,3.479166666666667,0,0.0,1,0.041220115416323165
1159,3,SIY,0,0.0,1,0.006024096385542169,-0.006024096385542169,3.479166666666667,0,0.0,1,0.041220115416323165
1160,3,SKD,0,0.0,1,0.006024096385542169,-0.006024096385542169,3.479166666666667,0,0.0,1,0.041220115416323165
1161,3,SKH,0,0.0,1,0.006024096385542169,-0.006024096385542169,3.479166666666667,0,0.0,1,0.041220115416323165
1162,3,SKS,0,0.0,1,0.006024096385542169,-0.006024096385542169,3.479166666666667,0,0.0,1,0.041220115416323165
1163,3,SKT,0,0.0,1,0.006024096385542169,-0.006024096385542169,3.479166666666667,0,0.0,1,0.041220115416323165
1164,3,SKY,0,0.0,1,0.006024096385542169,-0.006024096385542169,3.479166666666667,0,0.0,1,0.041220115416323165
1165,3,SLA,0,0.0,1,0.006024096385542169,-0.006024096385542169,3.479166666666667,0,0.0,1,0.041220115416323165
1166,3,SLH,0,0.0,1,0.006024096385542169,-0.006024096385542169,3.479166666666667,0,0.0,1,0.041220115416323165
1167,3,SLI,0,0.0,1,0.006024096385542169,-0.006024096385542169,3.479166666666667,0,0.0,1,0.041220115416323165
1168,3,SLM,0,0.0,1,0.006024096385542169,-0.006024096385542169,3.479166666666667,0,0.0,1,0.041220115416323165
1169,3,SLQ,0,0.0,1,0.006024096385542169,-0.006024096385542169,3.479166666666667,0,0.0,1,0.041220115416323165
1170,3,SMD,0,0.0,1,0.006024096385542169,-0.006024096385542169,3.479166666666667,0,0.0,1,0.041220115416323165
1171,3,SMK,0,0.0,1,0.006024096385542169,-0.006024096385542169,3.479166666666667,0,0.0,1,0.041220115416323165
1172,3,SML,0,0.0,1,0.006024096385542169,-0.006024096385542169,3.479166666666667,0,0.0,1,0.041220115416323165
1173,3,SMV,0,0.0,1,0.006024096385542169,-0.006024096385542169,3.479166666666667,0,0.0,1,0.041220115416323165
1174,3,SNE,0,0.0,1,0.006024096385542169,-0.006024096385542169,3.479166666666667,0,0.0,1,0.041220115416323165
1175,3,SNH,0,0.0,1,0.006024096385542169,-0.006024096385542169,3.479166666666667,0,0.0,1,0.041220115416323165
1176,3,SPA,0,0.0,1,0.006024096385542169,-0.006024096385542169,3.479166666666667,0,0.0,1,0.041220115416323165
1177,3,SPV,0,0.0,1,0.006024096385542169,-0.006024096385542169,3.479166666666667,0,0.0,1,0.041220115416323165
1178,3,SQF,0,0.0,1,0.006024096385542169,-0.006024096385542169,3.479166666666667,0,0.0,1,0.041220115416323165
1179,3,SRF,0,0.0,1,0.006024096385542169,-0.006024096385542169,3.479166666666667,0,0.0,1,0.041220115416323165
1180,3,SRH,0,0.0,1,0.006024096385542169,-0.006024096385542169,3.479166666666667,0,0.0,1,0.041220115416323165
1181,3,SRI,0,0.0,1,0.006024096385542169,-0.006024096385542169,3.479166666666667,0,0.0,1,0.041220115416323165
1182,3,SRQ,0,0.0,1,0.006024096385542169,-0.006024096385542169,3.479166666666667,0,0.0,1,0.041220115416323165
1183,3,SRS,0,0.0,1,0.006024096385542169,-0.006024096385542169,3.479166666666667,0,0.0,1,0.041220115416323165
1184,3,SRW,0,0.0,1,0.006024096385542169,-0.006024096385542169,3.479166666666667,0,0.0,1,0.041220115416323165
1185,3,SSA,0,0.0,1,0.006024096385542169,-0.006024096385542169,3.479166666666667,0,0.0,1,0.041220115416323165
1186,3,SSL,0,0.0,1,0.006024096385542169,-0.006024096385542169,3.479166666666667,0,0.0,1,0.041220115416323165
1187,3,SSR,0,0.0,1,0.006024096385542169,-0.006024096385542169,3.479166666666667,0,0.0,1,0.041220115416323165
1188,3,STH,0,0.0,1,0.006024096385542169,-0.006024096385542169,3.479166666666667,0,0.0,1,0.041220115416323165
1189,3,SVG,0,0.0,1,0.006024096385542169,-0.006024096385542169,3.479166666666667,0,0.0,1,0.041220115416323165
1190,3,SVI,0,0.0,1,0.006024096385542169,-0.006024096385542169,3.479166666666667,0,0.0,1,0.041220115416323165
1191,3,SVL,0,0.0,1,0.006024096385542169,-0.006024096385542169,3.479166666666667,0,0.0,1,0.041220115416323165
1192,3,SVV,0,0.0,1,0.006024096385542169,-0.006024096385542169,3.479166666666667,0,0.0,1,0.041220115416323165
1193,3,SYF,0,0.0,1,0.006024096385542169,-0.006024096385542169,3.479166666666667,0,0.0,1,0.041220115416323165
1194,3,SYK,0,0.0,1,0.006024096385542169,-0.006024096385542169,3.479166666666667,0,0.0,1,0.041220115416323165
1195,3,SYL,0,0.0,1,0.006024096385542169,-0.006024096385542169,3.479166666666667,0,0.0,1,0.041220115416323165
1196,3,SYR,0,0.0,1,0.006024096385542169,-0.006024096385542169,3.479166666666667,0,0.0,1,0.041220115416323165
1197,3,TAD,0,0.0,1,0.006024096385542169,-0.006024096385542169,3.479166666666667,0,0.0,1,0.041220115416323165
1198,3,TAE,0,0.0,1,0.006024096385542169,-0.006024096385542169,3.479166666666667,0,0.0,1,0.041220115416323165
1199,3,TAI,0,0.0,1,0.006024096385542169,-0.006024096385542169,3.479166666666667,0,0.0,1,0.041220115416323165
1200,3,TAK,0,0.0,1,0.006024096385542169,-0.006024096385542169,3.479166666666667,0,0.0,1,0.041220115416323165
1201,3,TAT,0,0.0,1,0.006024096385542169,-0.006024096385542169,3.479166666666667,0,0.0,1,0.041220115416323165
1202,3,TDA,0,0.0,1,0.006024096385542169,-0.006024096385542169,3.479166666666667,0,0.0,1,0.041220115416323165
1203,3,TDQ,0,0.0,1,0.006024096385542169,-0.006024096385542169,3.479166666666667,0,0.0,1,0.041220115416323165
1204,3,TDS,0,0.0,1,0.006024096385542169,-0.006024096385542169,3.479166666666667,0,0.0,1,0.041220115416323165
1205,3,TDT,0,0.0,1,0.006024096385542169,-0.006024096385542169,3.479166666666667,0,0.0,1,0.041220115416323165
1206,3,TED,0,0.0,1,0.006024096385542169,-0.006024096385542169,3.479166666666667,0,0.0,1,0.041220115416323165
1207,3,TEI,0,0.0,1,0.006024096385542169,-0.006024096385542169,3.479166666666667,0,0.0,1,0.041220115416323165
1208,3,TER,0,0.0,1,0.006024096385542169,-0.006024096385542169,3.479166666666667,0,0.0,1,0.041220115416323165
1209,3,TES,0,0.0,1,0.006024096385542169,-0.006024096385542169,3.479166666666667,0,0.0,1,0.041220115416323165
1210,3,TEV,0,0.0,1,0.006024096385542169,-0.006024096385542169,3.479166666666667,0,0.0,1,0.041220115416323165
1211,3,TFK,0,0.0,1,0.006024096385542169,-0.006024096385542169,3.479166666666667,0,0.0,1,0.041220115416323165
1212,3,TFL,0,0.0,1,0.006024096385542169,-0.006024096385542169,3.479166666666667,0,0.0,1,0.041220115416323165
1213,3,TFR,0,0.0,1,0.006024096385542169,-0.006024096385542169,3.479166666666667,0,0.0,1,0.041220115416323165
1214,3,TGI,0,0.0,1,0.006024096385542169,-0.006024096385542169,3.479166666666667,0,0.0,1,0.041220115416323165
1215,3,TGS,0,0.0,1,0.006024096385542169,-0.006024096385542169,3.479166666666667,0,0.0,1,0.041220115416323165
1216,3,TGT,0,0.0,1,0.006024096385542169,-0.006024096385542169,3.479166666666667,0,0.0,1,0.041220115416323165
1217,3,TGV,0,0.0,1,0.006024096385542169,-0.006024096385542169,3.479166666666667,0,0.0,1,0.041220115416323165
1218,3,THA,0,0.0,1,0.006024096385542169,-0.006024096385542169,3.479166666666667,0,0.0,1,0.041220115416323165
1219,3,THH,0,0.0,1,0.006024096385542169,-0.006024096385542169,3.479166666666667,0,0.0,1,0.041220115416323165
1220,3,THL,0,0.0,1,0.006024096385542169,-0.006024096385542169,3.479166666666667,0,0.0,1,0.041220115416323165
1221,3,THT,0,0.0,1,0.006024096385542169,-0.006024096385542169,3.479166666666667,0,0.0,1,0.041220115416323165
1222,3,THV,0,0.0,1,0.006024096385542169,-0.006024096385542169,3.479166666666667,0,0.0,1,0.041220115416323165
1223,3,TIE,0,0.0,1,0.006024096385542169,-0.006024096385542169,3.479166666666667,0,0.0,1,0.041220115416323165
1224,3,TII,0,0.0,1,0.006024096385542169,-0.006024096385542169,3.479166666666667,0,0.0,1,0.041220115416323165
1225,3,TKA,0,0.0,1,0.006024096385542169,-0.006024096385542169,3.479166666666667,0,0.0,1,0.041220115416323165
1226,3,TKG,0,0.0,1,0.006024096385542169,-0.006024096385542169,3.479166666666667,0,0.0,1,0.041220115416323165
1227,3,TLD,0,0.0,1,0.006024096385542169,-0.006024096385542169,3.479166666666667,0,0.0,1,0.041220115416323165
1228,3,TLE,0,0.0,1,0.006024096385542169,-0.006024096385542169,3.479166666666667,0,0.0,1,0.041220115416323165
1229,3,TLG,0,0.0,1,0.006024096385542169,-0.006024096385542169,3.479166666666667,0,0.0,1,0.041220115416323165
1230,3,TLK,0,0.0,1,0.006024096385542169,-0.006024096385542169,3.479166666666667,0,0.0,1,0.041220115416323165
1231,3,TLL,0,0.0,1,0.006024096385542169,-0.006024096385542169,3.479166666666667,0,0.0,1,0.041220115416323165
1232,3,TLT,0,0.0,1,0.006024096385542169,-0.006024096385542169,3.479166666666667,0,0.0,1,0.041220115416323165
1233,3,TLY,0,0.0,1,0.006024096385542169,-0.006024096385542169,3.479166666666667,0,0.0,1,0.041220115416323165
1234,3,TNE,0,0.0,1,0.006024096385542169,-0.006024096385542169,3.479166666666667,0,0.0,1,0.041220115416323165
1235,3,TNS,0,0.0,1,0.006024096385542169,-0.006024096385542169,3.479166666666667,0,0.0,1,0.041220115416323165
1236,3,TPE,0,0.0,1,0.006024096385542169,-0.006024096385542169,3.479166666666667,0,0.0,1,0.041220115416323165
1237,3,TPV,0,0.0,1,0.006024096385542169,-0.006024096385542169,3.479166666666667,0,0.0,1,0.041220115416323165
1238,3,TQD,0,0.0,1,0.006024096385542169,-0.006024096385542169,3.479166666666667,0,0.0,1,0.041220115416323165
1239,3,TQL,0,0.0,1,0.006024096385542169,-0.006024096385542169,3.479166666666667,0,0.0,1,0.041220115416323165
1240,3,TQN,0,0.0,1,0.006024096385542169,-0.006024096385542169,3.479166666666667,0,0.0,1,0.041220115416323165
1241,3,TRA,0,0.0,1,0.006024096385542169,-0.006024096385542169,3.479166666666667,0,0.0,1,0.041220115416323165
1242,3,TRL,0,0.0,1,0.006024096385542169,-0.006024096385542169,3.479166666666667,0,0.0,1,0.041220115416323165
1243,3,TSM,0,0.0,1,0.006024096385542169,-0.006024096385542169,3.479166666666667,0,0.0,1,0.041220115416323165
1244,3,TSR,0,0.0,1,0.006024096385542169,-0.006024096385542169,3.479166666666667,0,0.0,1,0.041220115416323165
1245,3,TSV,0,0.0,1,0.006024096385542169,-0.006024096385542169,3.479166666666667,0,0.0,1,0.041220115416323165
1246,3,TSY,0,0.0,1,0.006024096385542169,-0.006024096385542169,3.479166666666667,0,0.0,1,0.041220115416323165
1247,3,TVI,0,0.0,1,0.006024096385542169,-0.006024096385542169,3.479166666666667,0,0.0,1,0.041220115416323165
1248,3,TYA,0,0.0,1,0.006024096385542169,-0.006024096385542169,3.479166666666667,0,0.0,1,0.041220115416323165
1249,3,TYG,0,0.0,1,0.006024096385542169,-0.006024096385542169,3.479166666666667,0,0.0,1,0.041220115416323165
1250,3,TYV,0,0.0,1,0.006024096385542169,-0.006024096385542169,3.479166666666667,0,0.0,1,0.041220115416323165
1251,3,TYY,0,0.0,1,0.006024096385542169,-0.006024096385542169,3.479166666666667,0,0.0,1,0.041220115416323165
1252,3,VAF,0,0.0,1,0.006024096385542169,-0.006024096385542169,3.479166666666667,0,0.0,1,0.041220115416323165
1253,3,VAG,0,0.0,1,0.006024096385542169,-0.006024096385542169,3.479166666666667,0,0.0,1,0.041220115416323165
1254,3,VAQ,0,0.0,1,0.006024096385542169,-0.006024096385542169,3.479166666666667,0,0.0,1,0.041220115416323165
1255,3,VDQ,0,0.0,1,0.006024096385542169,-0.006024096385542169,3.479166666666667,0,0.0,1,0.041220115416323165
1256,3,VDR,0,0.0,1,0.006024096385542169,-0.006024096385542169,3.479166666666667,0,0.0,1,0.041220115416323165
1257,3,VDT,0,0.0,1,0.006024096385542169,-0.006024096385542169,3.479166666666667,0,0.0,1,0.041220115416323165
1258,3,VEA,0,0.0,1,0.006024096385542169,-0.006024096385542169,3.479166666666667,0,0.0,1,0.041220115416323165
1259,3,VEF,0,0.0,1,0.006024096385542169,-0.006024096385542169,3.479166666666667,0,0.0,1,0.041220115416323165
1260,3,VEL,0,0.0,1,0.006024096385542169,-0.006024096385542169,3.479166666666667,0,0.0,1,0.041220115416323165
1261,3,VEN,0,0.0,1,0.006024096385542169,-0.006024096385542169,3.479166666666667,0,0.0,1,0.041220115416323165
1262,3,VER,0,0.0,1,0.006024096385542169,-0.006024096385542169,3.479166666666667,0,0.0,1,0.041220115416323165
1263,3,VET,0,0.0,1,0.006024096385542169,-0.006024096385542169,3.479166666666667,0,0.0,1,0.041220115416323165
1264,3,VFD,0,0.0,1,0.006024096385542169,-0.006024096385542169,3.479166666666667,0,0.0,1,0.041220115416323165
1265,3,VGG,0,0.0,1,0.006024096385542169,-0.006024096385542169,3.479166666666667,0,0.0,1,0.041220115416323165
1266,3,VGL,0,0.0,1,0.006024096385542169,-0.006024096385542169,3.479166666666667,0,0.0,1,0.041220115416323165
1267,3,VHE,0,0.0,1,0.006024096385542169,-0.006024096385542169,3.479166666666667,0,0.0,1,0.041220115416323165
1268,3,VHK,0,0.0,1,0.006024096385542169,-0.006024096385542169,3.479166666666667,0,0.0,1,0.041220115416323165
1269,3,VID,0,0.0,1,0.006024096385542169,-0.006024096385542169,3.479166666666667,0,0.0,1,0.041220115416323165
1270,3,VIE,0,0.0,1,0.006024096385542169,-0.006024096385542169,3.479166666666667,0,0.0,1,0.041220115416323165
1271,3,VIG,0,0.0,1,0.006024096385542169,-0.006024096385542169,3.479166666666667,0,0.0,1,0.041220115416323165
1272,3,VIQ,0,0.0,1,0.006024096385542169,-0.006024096385542169,3.479166666666667,0,0.0,1,0.041220115416323165
1273,3,VKF,0,0.0,1,0.006024096385542169,-0.006024096385542169,3.479166666666667,0,0.0,1,0.041220115416323165
1274,3,VKG,0,0.0,1,0.006024096385542169,-0.006024096385542169,3.479166666666667,0,0.0,1,0.041220115416323165
1275,3,VKI,0,0.0,1,0.006024096385542169,-0.006024096385542169,3.479166666666667,0,0.0,1,0.041220115416323165
1276,3,VKL,0,0.0,1,0.006024096385542169,-0.006024096385542169,3.479166666666667,0,0.0,1,0.041220115416323165
1277,3,VKM,0,0.0,1,0.006024096385542169,-0.006024096385542169,3.479166666666667,0,0.0,1,0.041220115416323165
1278,3,VKS,0,0.0,1,0.006024096385542169,-0.006024096385542169,3.479166666666667,0,0.0,1,0.041220115416323165
1279,3,VKV,0,0.0,1,0.006024096385542169,-0.006024096385542169,3.479166666666667,0,0.0,1,0.041220115416323165
1280,3,VKY,0,0.0,1,0.006024096385542169,-0.006024096385542169,3.479166666666667,0,0.0,1,0.041220115416323165
1281,3,VLD,0,0.0,1,0.006024096385542169,-0.006024096385542169,3.479166666666667,0,0.0,1,0.041220115416323165
1282,3,VLE,0,0.0,1,0.006024096385542169,-0.006024096385542169,3.479166666666667,0,0.0,1,0.041220115416323165
1283,3,VLP,0,0.0,1,0.006024096385542169,-0.006024096385542169,3.479166666666667,0,0.0,1,0.041220115416323165
1284,3,VMG,0,0.0,1,0.006024096385542169,-0.006024096385542169,3.479166666666667,0,0.0,1,0.041220115416323165
1285,3,VMH,0,0.0,1,0.006024096385542169,-0.006024096385542169,3.479166666666667,0,0.0,1,0.041220115416323165
1286,3,VMN,0,0.0,1,0.006024096385542169,-0.006024096385542169,3.479166666666667,0,0.0,1,0.041220115416323165
1287,3,VMQ,0,0.0,1,0.006024096385542169,-0.006024096385542169,3.479166666666667,0,0.0,1,0.041220115416323165
1288,3,VMR,0,0.0,1,0.006024096385542169,-0.006024096385542169,3.479166666666667,0,0.0,1,0.041220115416323165
1289,3,VNI,0,0.0,1,0.006024096385542169,-0.006024096385542169,3.479166666666667,0,0.0,1,0.041220115416323165
1290,3,VNM,0,0.0,1,0.006024096385542169,-0.006024096385542169,3.479166666666667,0,0.0,1,0.041220115416323165
1291,3,VNS,0,0.0,1,0.006024096385542169,-0.006024096385542169,3.479166666666667,0,0.0,1,0.041220115416323165
1292,3,VPM,0,0.0,1,0.006024096385542169,-0.006024096385542169,3.479166666666667,0,0.0,1,0.041220115416323165
1293,3,VQA,0,0.0,1,0.006024096385542169,-0.006024096385542169,3.479166666666667,0,0.0,1,0.041220115416323165
1294,3,VQK,0,0.0,1,0.006024096385542169,-0.006024096385542169,3.479166666666667,0,0.0,1,0.041220115416323165
1295,3,VQM,0,0.0,1,0.006024096385542169,-0.006024096385542169,3.479166666666667,0,0.0,1,0.041220115416323165
1296,3,VQN,0,0.0,1,0.006024096385542169,-0.006024096385542169,3.479166666666667,0,0.0,1,0.041220115416323165
1297,3,VQQ,0,0.0,1,0.006024096385542169,-0.006024096385542169,3.479166666666667,0,0.0,1,0.041220115416323165
1298,3,VRA,0,0.0,1,0.006024096385542169,-0.006024096385542169,3.479166666666667,0,0.0,1,0.041220115416323165
1299,3,VRF,0,0.0,1,0.006024096385542169,-0.006024096385542169,3.479166666666667,0,0.0,1,0.041220115416323165
1300,3,VRG,0,0.0,1,0.006024096385542169,-0.006024096385542169,3.479166666666667,0,0.0,1,0.041220115416323165
1301,3,VRK,0,0.0,1,0.006024096385542169,-0.006024096385542169,3.479166666666667,0,0.0,1,0.041220115416323165
1302,3,VRL,0,0.0,1,0.006024096385542169,-0.006024096385542169,3.479166666666667,0,0.0,1,0.041220115416323165
1303,3,VRR,0,0.0,1,0.006024096385542169,-0.006024096385542169,3.479166666666667,0,0.0,1,0.041220115416323165
1304,3,VRT,0,0.0,1,0.006024096385542169,-0.006024096385542169,3.479166666666667,0,0.0,1,0.041220115416323165
1305,3,VSQ,0,0.0,1,0.006024096385542169,-0.006024096385542169,3.479166666666667,0,0.0,1,0.041220115416323165
1306,3,VTL,0,0.0,1,0.006024096385542169,-0.006024096385542169,3.479166666666667,0,0.0,1,0.041220115416323165
1307,3,VTQ,0,0.0,1,0.006024096385542169,-0.006024096385542169,3.479166666666667,0,0.0,1,0.041220115416323165
1308,3,VVD,0,0.0,1,0.006024096385542169,-0.006024096385542169,3.479166666666667,0,0.0,1,0.041220115416323165
1309,3,VVE,0,0.0,1,0.006024096385542169,-0.006024096385542169,3.479166666666667,0,0.0,1,0.041220115416323165
1310,3,VVF,0,0.0,1,0.006024096385542169,-0.006024096385542169,3.479166666666667,0,0.0,1,0.041220115416323165
1311,3,VVH,0,0.0,1,0.006024096385542169,-0.006024096385542169,3.479166666666667,0,0.0,1,0.041220115416323165
1312,3,VVI,0,0.0,1,0.006024096385542169,-0.006024096385542169,3.479166666666667,0,0.0,1,0.041220115416323165
1313,3,VVR,0,0.0,1,0.006024096385542169,-0.006024096385542169,3.479166666666667,0,0.0,1,0.041220115416323165
1314,3,VVS,0,0.0,1,0.006024096385542169,-0.006024096385542169,3.479166666666667,0,0.0,1,0.041220115416323165
1315,3,VVV,0,0.0,1,0.006024096385542169,-0.006024096385542169,3.479166666666667,0,0.0,1,0.041220115416323165
1316,3,VYA,0,0.0,1,0.006024096385542169,-0.006024096385542169,3.479166666666667,0,0.0,1,0.041220115416323165
1317,3,VYH,0,0.0,1,0.006024096385542169,-0.006024096385542169,3.479166666666667,0,0.0,1,0.041220115416323165
1318,3,VYW,0,0.0,1,0.006024096385542169,-0.006024096385542169,3.479166666666667,0,0.0,1,0.041220115416323165
1319,3,WAA,0,0.0,1,0.006024096385542169,-0.006024096385542169,3.479166666666667,0,0.0,1,0.041220115416323165
1320,3,WAE,0,0.0,1,0.006024096385542169,-0.006024096385542169,3.479166666666667,0,0.0,1,0.041220115416323165
1321,3,WAN,0,0.0,1,0.006024096385542169,-0.006024096385542169,3.479166666666667,0,0.0,1,0.041220115416323165
1322,3,WDK,0,0.0,1,0.006024096385542169,-0.006024096385542169,3.479166666666667,0,0.0,1,0.041220115416323165
1323,3,WFN,0,0.0,1,0.006024096385542169,-0.006024096385542169,3.479166666666667,0,0.0,1,0.041220115416323165
1324,3,WFS,0,0.0,1,0.006024096385542169,-0.006024096385542169,3.479166666666667,0,0.0,1,0.041220115416323165
1325,3,WGE,0,0.0,1,0.006024096385542169,-0.006024096385542169,3.479166666666667,0,0.0,1,0.041220115416323165
1326,3,WIE,0,0.0,1,0.006024096385542169,-0.006024096385542169,3.479166666666667,0,0.0,1,0.041220115416323165
1327,3,WKK,0,0.0,1,0.006024096385542169,-0.006024096385542169,3.479166666666667,0,0.0,1,0.041220115416323165
1328,3,WKM,0,0.0,1,0.006024096385542169,-0.006024096385542169,3.479166666666667,0,0.0,1,0.041220115416323165
1329,3,WKS,0,0.0,1,0.006024096385542169,-0.006024096385542169,3.479166666666667,0,0.0,1,0.041220115416323165
1330,3,WLA,0,0.0,1,0.006024096385542169,-0.006024096385542169,3.479166666666667,0,0.0,1,0.041220115416323165
1331,3,WLL,0,0.0,1,0.006024096385542169,-0.006024096385542169,3.479166666666667,0,0.0,1,0.041220115416323165
1332,3,WPV,0,0.0,1,0.006024096385542169,-0.006024096385542169,3.479166666666667,0,0.0,1,0.041220115416323165
1333,3,WQK,0,0.0,1,0.006024096385542169,-0.006024096385542169,3.479166666666667,0,0.0,1,0.041220115416323165
1334,3,WQY,0,0.0,1,0.006024096385542169,-0.006024096385542169,3.479166666666667,0,0.0,1,0.041220115416323165
1335,3,WSA,0,0.0,1,0.006024096385542169,-0.006024096385542169,3.479166666666667,0,0.0,1,0.041220115416323165
1336,3,WSK,0,0.0,1,0.006024096385542169,-0.006024096385542169,3.479166666666667,0,0.0,1,0.041220115416323165
1337,3,WSL,0,0.0,1,0.006024096385542169,-0.006024096385542169,3.479166666666667,0,0.0,1,0.041220115416323165
1338,3,WVK,0,0.0,1,0.006024096385542169,-0.006024096385542169,3.479166666666667,0,0.0,1,0.041220115416323165
1339,3,WYL,0,0.0,1,0.006024096385542169,-0.006024096385542169,3.479166666666667,0,0.0,1,0.041220115416323165
1340,3,WYR,0,0.0,1,0.006024096385542169,-0.006024096385542169,3.479166666666667,0,0.0,1,0.041220115416323165
1341,3,WYV,0,0.0,1,0.006024096385542169,-0.006024096385542169,3.479166666666667,0,0.0,1,0.041220115416323165
1342,3,YAK,0,0.0,1,0.006024096385542169,-0.006024096385542169,3.479166666666667,0,0.0,1,0.041220115416323165
1343,3,YAV,0,0.0,1,0.006024096385542169,-0.006024096385542169,3.479166666666667,0,0.0,1,0.041220115416323165
1344,3,YDI,0,0.0,1,0.006024096385542169,-0.006024096385542169,3.479166666666667,0,0.0,1,0.041220115416323165
1345,3,YDM,0,0.0,1,0.006024096385542169,-0.006024096385542169,3.479166666666667,0,0.0,1,0.041220115416323165
1346,3,YDR,0,0.0,1,0.006024096385542169,-0.006024096385542169,3.479166666666667,0,0.0,1,0.041220115416323165
1347,3,YEA,0,0.0,1,0.006024096385542169,-0.006024096385542169,3.479166666666667,0,0.0,1,0.041220115416323165
1348,3,YEH,0,0.0,1,0.006024096385542169,-0.006024096385542169,3.479166666666667,0,0.0,1,0.041220115416323165
1349,3,YEN,0,0.0,1,0.006024096385542169,-0.006024096385542169,3.479166666666667,0,0.0,1,0.041220115416323165
1350,3,YFM,0,0.0,1,0.006024096385542169,-0.006024096385542169,3.479166666666667,0,0.0,1,0.041220115416323165
1351,3,YGK,0,0.0,1,0.006024096385542169,-0.006024096385542169,3.479166666666667,0,0.0,1,0.041220115416323165
1352,3,YGL,0,0.0,1,0.006024096385542169,-0.006024096385542169,3.479166666666667,0,0.0,1,0.041220115416323165
1353,3,YHL,0,0.0,1,0.006024096385542169,-0.006024096385542169,3.479166666666667,0,0.0,1,0.041220115416323165
1354,3,YHP,0,0.0,1,0.006024096385542169,-0.006024096385542169,3.479166666666667,0,0.0,1,0.041220115416323165
1355,3,YID,0,0.0,1,0.006024096385542169,-0.006024096385542169,3.479166666666667,0,0.0,1,0.041220115416323165
1356,3,YIE,0,0.0,1,0.006024096385542169,-0.006024096385542169,3.479166666666667,0,0.0,1,0.041220115416323165
1357,3,YIT,0,0.0,1,0.006024096385542169,-0.006024096385542169,3.479166666666667,0,0.0,1,0.041220115416323165
1358,3,YKA,0,0.0,1,0.006024096385542169,-0.006024096385542169,3.479166666666667,0,0.0,1,0.041220115416323165
1359,3,YKC,0,0.0,1,0.006024096385542169,-0.006024096385542169,3.479166666666667,0,0.0,1,0.041220115416323165
1360,3,YKE,0,0.0,1,0.006024096385542169,-0.006024096385542169,3.479166666666667,0,0.0,1,0.041220115416323165
1361,3,YKL,0,0.0,1,0.006024096385542169,-0.006024096385542169,3.479166666666667,0,0.0,1,0.041220115416323165
1362,3,YKY,0,0.0,1,0.006024096385542169,-0.006024096385542169,3.479166666666667,0,0.0,1,0.041220115416323165
1363,3,YLG,0,0.0,1,0.006024096385542169,-0.006024096385542169,3.479166666666667,0,0.0,1,0.041220115416323165
1364,3,YLN,0,0.0,1,0.006024096385542169,-0.006024096385542169,3.479166666666667,0,0.0,1,0.041220115416323165
1365,3,YLS,0,0.0,1,0.006024096385542169,-0.006024096385542169,3.479166666666667,0,0.0,1,0.041220115416323165
1366,3,YLT,0,0.0,1,0.006024096385542169,-0.006024096385542169,3.479166666666667,0,0.0,1,0.041220115416323165
1367,3,YLW,0,0.0,1,0.006024096385542169,-0.006024096385542169,3.479166666666667,0,0.0,1,0.041220115416323165
1368,3,YMI,0,0.0,1,0.006024096385542169,-0.006024096385542169,3.479166666666667,0,0.0,1,0.041220115416323165
1369,3,YMK,0,0.0,1,0.006024096385542169,-0.006024096385542169,3.479166666666667,0,0.0,1,0.041220115416323165
1370,3,YMW,0,0.0,1,0.006024096385542169,-0.006024096385542169,3.479166666666667,0,0.0,1,0.041220115416323165
1371,3,YNI,0,0.0,1,0.006024096385542169,-0.006024096385542169,3.479166666666667,0,0.0,1,0.041220115416323165
1372,3,YNL,0,0.0,1,0.006024096385542169,-0.006024096385542169,3.479166666666667,0,0.0,1,0.041220115416323165
1373,3,YNY,0,0.0,1,0.006024096385542169,-0.006024096385542169,3.479166666666667,0,0.0,1,0.041220115416323165
1374,3,YPM,0,0.0,1,0.006024096385542169,-0.006024096385542169,3.479166666666667,0,0.0,1,0.041220115416323165
1375,3,YQM,0,0.0,1,0.006024096385542169,-0.006024096385542169,3.479166666666667,0,0.0,1,0.041220115416323165
1376,3,YQT,0,0.0,1,0.006024096385542169,-0.006024096385542169,3.479166666666667,0,0.0,1,0.041220115416323165
1377,3,YRA,0,0.0,1,0.006024096385542169,-0.006024096385542169,3.479166666666667,0,0.0,1,0.041220115416323165
1378,3,YRH,0,0.0,1,0.006024096385542169,-0.006024096385542169,3.479166666666667,0,0.0,1,0.041220115416323165
1379,3,YRK,0,0.0,1,0.006024096385542169,-0.006024096385542169,3.479166666666667,0,0.0,1,0.041220115416323165
1380,3,YRR,0,0.0,1,0.006024096385542169,-0.006024096385542169,3.479166666666667,0,0.0,1,0.041220115416323165
1381,3,YRT,0,0.0,1,0.006024096385542169,-0.006024096385542169,3.479166666666667,0,0.0,1,0.041220115416323165
1382,3,YRV,0,0.0,1,0.006024096385542169,-0.006024096385542169,3.479166666666667,0,0.0,1,0.041220115416323165
1383,3,YTE,0,0.0,1,0.006024096385542169,-0.006024096385542169,3.479166666666667,0,0.0,1,0.041220115416323165
1384,3,YTG,0,0.0,1,0.006024096385542169,-0.006024096385542169,3.479166666666667,0,0.0,1,0.041220115416323165
1385,3,YVA,0,0.0,1,0.006024096385542169,-0.006024096385542169,3.479166666666667,0,0.0,1,0.041220115416323165
1386,3,YVL,0,0.0,1,0.006024096385542169,-0.006024096385542169,3.479166666666667,0,0.0,1,0.041220115416323165
1387,3,YVN,0,0.0,1,0.006024096385542169,-0.006024096385542169,3.479166666666667,0,0.0,1,0.041220115416323165
1388,3,YWA,0,0.0,1,0.006024096385542169,-0.006024096385542169,3.479166666666667,0,0.0,1,0.041220115416323165
1389,3,YYA,0,0.0,1,0.006024096385542169,-0.006024096385542169,3.479166666666667,0,0.0,1,0.041220115416323165
1390,3,YYG,0,0.0,1,0.006024096385542169,-0.006024096385542169,3.479166666666667,0,0.0,1,0.041220115416323165
1391,3,YYI,0,0.0,1,0.006024096385542169,-0.006024096385542169,3.479166666666667,0,0.0,1,0.041220115416323165
1392,3,YYK,0,0.0,1,0.006024096385542169,-0.006024096385542169,3.479166666666667,0,0.0,1,0.041220115416323165
1393,3,YYV,0,0.0,1,0.006024096385542169,-0.006024096385542169,3.479166666666667,0,0.0,1,0.041220115416323165
1394,2,AW,0,0.0,2,0.012048192771084338,-0.012048192771084338,2.0875,0,0.0,2,0.07716049382716049
1395,2,DG,0,0.0,2,0.012048192771084338,-0.012048192771084338,2.0875,0,0.0,2,0.07716049382716049
1396,2,DW,0,0.0,2,0.012048192771084338,-0.012048192771084338,2.0875,0,0.0,2,0.07716049382716049
1397,2,EF,0,0.0,2,0.012048192771084338,-0.012048192771084338,2.0875,0,0.0,2,0.07716049382716049
1398,2,EH,0,0.0,2,0.012048192771084338,-0.012048192771084338,2.0875,0,0.0,2,0.07716049382716049
1399,2,EW,0,0.0,2,0.012048192771084338,-0.012048192771084338,2.0875,0,0.0,2,0.07716049382716049
1400,2,FF,0,0.0,2,0.012048192771084338,-0.012048192771084338,2.0875,0,0.0,4,0.15432098765432098
1401,2,FH,0,0.0,2,0.012048192771084338,-0.012048192771084338,2.0875,0,0.0,2,0.07716049382716049
1402,2,FP,0,0.0,2,0.012048192771084338,-0.012048192771084338,2.0875,0,0.0,2,0.07716049382716049
1403,2,FY,0,0.0,2,0.012048192771084338,-0.012048192771084338,2.0875,0,0.0,2,0.07716049382716049
1404,2,HQ,0,0.0,2,0.012048192771084338,-0.012048192771084338,2.0875,0,0.0,2,0.07716049382716049
1405,2,IH,0,0.0,2,0.012048192771084338,-0.012048192771084338,2.0875,0,0.0,2,0.07716049382716049
1406,2,IP,0,0.0,2,0.012048192771084338,-0.012048192771084338,2.0875,0,0.0,2,0.07716049382716049
1407,2,MH,0,0.0,2,0.012048192771084338,-0.012048192771084338,2.0875,0,0.0,2,0.07716049382716049
1408,2,MI,0,0.0,2,0.012048192771084338,-0.012048192771084338,2.0875,0,0.0,2,0.07716049382716049
1409,2,MT,0,0.0,2,0.012048192771084338,-0.012048192771084338,2.0875,0,0.0,2,0.07716049382716049
1410,2,NH,0,0.0,2,0.012048192771084338,-0.012048192771084338,2.0875,0,0.0,2,0.07716049382716049
1411,2,NY,0,0.0,2,0.012048192771084338,-0.012048192771084338,2.0875,0,0.0,2,0.07716049382716049
1412,2,PG,0,0.0,2,0.012048192771084338,-0.012048192771084338,2.0875,0,0.0,2,0.07716049382716049
1413,2,PM,0,0.0,2,0.012048192771084338,-0.012048192771084338,2.0875,0,0.0,2,0.07716049382716049
1414,2,PN,0,0.0,2,0.012048192771084338,-0.012048192771084338,2.0875,0,0.0,2,0.07716049382716049
1415,2,PT,0,0.0,2,0.012048192771084338,-0.012048192771084338,2.0875,0,0.0,2,0.07716049382716049
1416,2,RD,0,0.0,2,0.012048192771084338,-0.012048192771084338,2.0875,0,0.0,2,0.07716049382716049
1417,2,RM,0,0.0,2,0.012048192771084338,-0.012048192771084338,2.0875,0,0.0,2,0.07716049382716049
1418,2,SH,0,0.0,2,0.012048192771084338,-0.012048192771084338,2.0875,0,0.0,2,0.07716049382716049
1419,2,SP,0,0.0,2,0.012048192771084338,-0.012048192771084338,2.0875,0,0.0,2,0.07716049382716049
1420,2,SQ,0,0.0,2,0.012048192771084338,-0.012048192771084338,2.0875,0,0.0,2,0.07716049382716049
1421,2,TK,0,0.0,2,0.012048192771084338,-0.012048192771084338,2.0875,0,0.0,2,0.07716049382716049
1422,2,TP,0,0.0,2,0.012048192771084338,-0.012048192771084338,2.0875,0,0.0,2,0.07716049382716049
1423,2,VH,0,0.0,2,0.012048192771084338,-0.012048192771084338,2.0875,0,0.0,2,0.07716049382716049
1424,2,WF,0,0.0,2,0.012048192771084338,-0.012048192771084338,2.0875,0,0.0,2,0.07716049382716049
1425,2,WG,0,0.0,2,0.012048192771084338,-0.012048192771084338,2.0875,0,0.0,2,0.07716049382716049
1426,2,WQ,0,0.0,2,0.012048192771084338,-0.012048192771084338,2.0875,0,0.0,2,0.07716049382716049
1427,2,YH,0,0.0,2,0.012048192771084338,-0.012048192771084338,2.0875,0,0.0,2,0.07716049382716049
1428,2,YQ,0,0.0,2,0.012048192771084338,-0.012048192771084338,2.0875,0,0.0,2,0.07716049382716049
1429,3,AAA,0,0.0,2,0.012048192771084338,-0.012048192771084338,2.0875,0,0.0,2,0.08244023083264633
1430,3,AAE,0,0.0,2,0.012048192771084338,-0.012048192771084338,2.0875,0,0.0,2,0.08244023083264633
1431,3,AAG,0,0.0,2,0.012048192771084338,-0.012048192771084338,2.0875,0,0.0,2,0.08244023083264633
1432,3,AAM,0,0.0,2,0.012048192771084338,-0.012048192771084338,2.0875,0,0.0,2,0.08244023083264633
1433,3,AEG,0,0.0,2,0.012048192771084338,-0.012048192771084338,2.0875,0,0.0,2,0.08244023083264633
1434,3,AEK,0,0.0,2,0.012048192771084338,-0.012048192771084338,2.0875,0,0.0,2,0.08244023083264633
1435,3,AER,0,0.0,2,0.012048192771084338,-0.012048192771084338,2.0875,0,0.0,2,0.08244023083264633
1436,3,AFI,0,0.0,2,0.012048192771084338,-0.012048192771084338,2.0875,0,0.0,2,0.08244023083264633
1437,3,AFQ,0,0.0,2,0.012048192771084338,-0.012048192771084338,2.0875,0,0.0,2,0.08244023083264633
1438,3,AFV,0,0.0,2,0.012048192771084338,-0.012048192771084338,2.0875,0,0.0,2,0.08244023083264633
1439,3,AGL,0,0.0,2,0.012048192771084338,-0.012048192771084338,2.0875,0,0.0,2,0.08244023083264633
1440,3,AIG,0,0.0,2,0.012048192771084338,-0.012048192771084338,2.0875,0,0.0,2,0.08244023083264633
1441,3,AIS,0,0.0,2,0.012048192771084338,-0.012048192771084338,2.0875,0,0.0,2,0.08244023083264633
1442,3,AKF,0,0.0,2,0.012048192771084338,-0.012048192771084338,2.0875,0,0.0,2,0.08244023083264633
1443,3,AKQ,0,0.0,2,0.012048192771084338,-0.012048192771084338,2.0875,0,0.0,2,0.08244023083264633
1444,3,AKR,0,0.0,2,0.012048192771084338,-0.012048192771084338,2.0875,0,0.0,2,0.08244023083264633
1445,3,AKV,0,0.0,2,0.012048192771084338,-0.012048192771084338,2.0875,0,0.0,2,0.08244023083264633
1446,3,ALL,0,0.0,2,0.012048192771084338,-0.012048192771084338,2.0875,0,0.0,2,0.08244023083264633
1447,3,ALM,0,0.0,2,0.012048192771084338,-0.012048192771084338,2.0875,0,0.0,2,0.08244023083264633
1448,3,ALN,0,0.0,2,0.012048192771084338,-0.012048192771084338,2.0875,0,0.0,2,0.08244023083264633
1449,3,ALS,0,0.0,2,0.012048192771084338,-0.012048192771084338,2.0875,0,0.0,2,0.08244023083264633
1450,3,ALY,0,0.0,2,0.012048192771084338,-0.012048192771084338,2.0875,0,0.0,2,0.08244023083264633
1451,3,AML,0,0.0,2,0.012048192771084338,-0.012048192771084338,2.0875,0,0.0,2,0.08244023083264633
1452,3,AMM,0,0.0,2,0.012048192771084338,-0.012048192771084338,2.0875,0,0.0,2,0.08244023083264633
1453,3,AQA,0,0.0,2,0.012048192771084338,-0.012048192771084338,2.0875,0,0.0,2,0.08244023083264633
1454,3,AQT,0,0.0,2,0.012048192771084338,-0.012048192771084338,2.0875,0,0.0,2,0.08244023083264633
1455,3,ATG,0,0.0,2,0.012048192771084338,-0.012048192771084338,2.0875,0,0.0,2,0.08244023083264633
1456,3,ATN,0,0.0,2,0.012048192771084338,-0.012048192771084338,2.0875,0,0.0,2,0.08244023083264633
1457,3,AVF,0,0.0,2,0.012048192771084338,-0.012048192771084338,2.0875,0,0.0,2,0.08244023083264633
1458,3,AVT,0,0.0,2,0.012048192771084338,-0.012048192771084338,2.0875,0,0.0,2,0.08244023083264633
1459,3,AYM,0,0.0,2,0.012048192771084338,-0.012048192771084338,2.0875,0,0.0,2,0.08244023083264633
1460,3,DAA,0,0.0,2,0.012048192771084338,-0.012048192771084338,2.0875,0,0.0,2,0.08244023083264633
1461,3,DAE,0,0.0,2,0.012048192771084338,-0.012048192771084338,2.0875,0,0.0,2,0.08244023083264633
1462,3,DAV,0,0.0,2,0.012048192771084338,-0.012048192771084338,2.0875,0,0.0,2,0.08244023083264633
1463,3,DDL,0,0.0,2,0.012048192771084338,-0.012048192771084338,2.0875,0,0.0,2,0.08244023083264633
1464,3,DIA,0,0.0,2,0.012048192771084338,-0.012048192771084338,2.0875,0,0.0,2,0.08244023083264633
1465,3,DIV,0,0.0,2,0.012048192771084338,-0.012048192771084338,2.0875,0,0.0,2,0.08244023083264633
1466,3,DKI,0,0.0,2,0.012048192771084338,-0.012048192771084338,2.0875,0,0.0,2,0.08244023083264633
1467,3,DLE,0,0.0,2,0.012048192771084338,-0.012048192771084338,2.0875,0,0.0,2,0.08244023083264633
1468,3,DLQ,0,0.0,2,0.012048192771084338,-0.012048192771084338,2.0875,0,0.0,2,0.08244023083264633
1469,3,DTL,0,0.0,2,0.012048192771084338,-0.012048192771084338,2.0875,0,0.0,2,0.08244023083264633
1470,3,DVI,0,0.0,2,0.012048192771084338,-0.012048192771084338,2.0875,0,0.0,2,0.08244023083264633
1471,3,DVV,0,0.0,2,0.012048192771084338,-0.012048192771084338,2.0875,0,0.0,2,0.08244023083264633
1472,3,DWY,0,0.0,2,0.012048192771084338,-0.012048192771084338,2.0875,0,0.0,2,0.08244023083264633
1473,3,EAE,0,0.0,2,0.012048192771084338,-0.012048192771084338,2.0875,0,0.0,2,0.08244023083264633
1474,3,EAT,0,0.0,2,0.012048192771084338,-0.012048192771084338,2.0875,0,0.0,2,0.08244023083264633
1475,3,EDK,0,0.0,2,0.012048192771084338,-0.012048192771084338,2.0875,0,0.0,2,0.08244023083264633
1476,3,EDV,0,0.0,2,0.012048192771084338,-0.012048192771084338,2.0875,0,0.0,2,0.08244023083264633
1477,3,EEL,0,0.0,2,0.012048192771084338,-0.012048192771084338,2.0875,0,0.0,3,0.1236603462489695
1478,3,EER,0,0.0,2,0.012048192771084338,-0.012048192771084338,2.0875,0,0.0,2,0.08244023083264633
1479,3,EHL,0,0.0,2,0.012048192771084338,-0.012048192771084338,2.0875,0,0.0,2,0.08244023083264633
1480,3,EID,0,0.0,2,0.012048192771084338,-0.012048192771084338,2.0875,0,0.0,2,0.08244023083264633
1481,3,EIF,0,0.0,2,0.012048192771084338,-0.012048192771084338,2.0875,0,0.0,2,0.08244023083264633
1482,3,EKL,0,0.0,2,0.012048192771084338,-0.012048192771084338,2.0875,0,0.0,2,0.08244023083264633
1483,3,EKR,0,0.0,2,0.012048192771084338,-0.012048192771084338,2.0875,0,0.0,2,0.08244023083264633
1484,3,EKY,0,0.0,2,0.012048192771084338,-0.012048192771084338,2.0875,0,0.0,2,0.08244023083264633
1485,3,ELA,0,0.0,2,0.012048192771084338,-0.012048192771084338,2.0875,0,0.0,2,0.08244023083264633
1486,3,ELE,0,0.0,2,0.012048192771084338,-0.012048192771084338,2.0875,0,0.0,2,0.08244023083264633
1487,3,ELI,0,0.0,2,0.012048192771084338,-0.012048192771084338,2.0875,0,0.0,2,0.08244023083264633
1488,3,ENF,0,0.0,2,0.012048192771084338,-0.012048192771084338,2.0875,0,0.0,2,0.08244023083264633
1489,3,ENG,0,0.0,2,0.012048192771084338,-0.012048192771084338,2.0875,0,0.0,2,0.08244023083264633
1490,3,EQA,0,0.0,2,0.012048192771084338,-0.012048192771084338,2.0875,0,0.0,2,0.08244023083264633
1491,3,EQD,0,0.0,2,0.012048192771084338,-0.012048192771084338,2.0875,0,0.0,2,0.08244023083264633
1492,3,EQV,0,0.0,2,0.012048192771084338,-0.012048192771084338,2.0875,0,0.0,2,0.08244023083264633
1493,3,ERI,0,0.0,2,0.012048192771084338,-0.012048192771084338,2.0875,0,0.0,2,0.08244023083264633
1494,3,ERL,0,0.0,2,0.012048192771084338,-0.012048192771084338,2.0875,0,0.0,2,0.08244023083264633
1495,3,ESL,0,0.0,2,0.012048192771084338,-0.012048192771084338,2.0875,0,0.0,2,0.08244023083264633
1496,3,ETA,0,0.0,2,0.012048192771084338,-0.012048192771084338,2.0875,0,0.0,2,0.08244023083264633
1497,3,ETF,0,0.0,2,0.012048192771084338,-0.012048192771084338,2.0875,0,0.0,2,0.08244023083264633
1498,3,EVN,0,0.0,2,0.012048192771084338,-0.012048192771084338,2.0875,0,0.0,2,0.08244023083264633
1499,3,EVQ,0,0.0,2,0.012048192771084338,-0.012048192771084338,2.0875,0,0.0,2,0.08244023083264633
1500,3,FAD,0,0.0,2,0.012048192771084338,-0.012048192771084338,2.0875,0,0.0,2,0.08244023083264633
1501,3,FDV,0,0.0,2,0.012048192771084338,-0.012048192771084338,2.0875,0,0.0,2,0.08244023083264633
1502,3,FEK,0,0.0,2,0.012048192771084338,-0.012048192771084338,2.0875,0,0.0,2,0.08244023083264633
1503,3,FGK,0,0.0,2,0.012048192771084338,-0.012048192771084338,2.0875,0,0.0,2,0.08244023083264633
1504,3,FIS,0,0.0,2,0.012048192771084338,-0.012048192771084338,2.0875,0,0.0,2,0.08244023083264633
1505,3,FKS,0,0.0,2,0.012048192771084338,-0.012048192771084338,2.0875,0,0.0,2,0.08244023083264633
1506,3,FLH,0,0.0,2,0.012048192771084338,-0.012048192771084338,2.0875,0,0.0,2,0.08244023083264633
1507,3,FMQ,0,0.0,2,0.012048192771084338,-0.012048192771084338,2.0875,0,0.0,2,0.08244023083264633
1508,3,FNK,0,0.0,2,0.012048192771084338,-0.012048192771084338,2.0875,0,0.0,2,0.08244023083264633
1509,3,FNQ,0,0.0,2,0.012048192771084338,-0.012048192771084338,2.0875,0,0.0,2,0.08244023083264633
1510,3,FQS,0,0.0,2,0.012048192771084338,-0.012048192771084338,2.0875,0,0.0,2,0.08244023083264633
1511,3,FVL,0,0.0,2,0.012048192771084338,-0.012048192771084338,2.0875,0,0.0,2,0.08244023083264633
1512,3,FWK,0,0.0,2,0.012048192771084338,-0.012048192771084338,2.0875,0,0.0,2,0.08244023083264633
1513,3,GGL,0,0.0,2,0.012048192771084338,-0.012048192771084338,2.0875,0,0.0,2,0.08244023083264633
1514,3,GLE,0,0.0,2,0.012048192771084338,-0.012048192771084338,2.0875,0,0.0,2,0.08244023083264633
1515,3,GLL,0,0.0,2,0.012048192771084338,-0.012048192771084338,2.0875,0,0.0,2,0.08244023083264633
1516,3,GVA,0,0.0,2,0.012048192771084338,-0.012048192771084338,2.0875,0,0.0,2,0.08244023083264633
1517,3,HLA,0,0.0,2,0.012048192771084338,-0.012048192771084338,2.0875,0,0.0,2,0.08244023083264633
1518,3,HLL,0,0.0,2,0.012048192771084338,-0.012048192771084338,2.0875,0,0.0,2,0.08244023083264633
1519,3,HLT,0,0.0,2,0.012048192771084338,-0.012048192771084338,2.0875,0,0.0,2,0.08244023083264633
1520,3,HPL,0,0.0,2,0.012048192771084338,-0.012048192771084338,2.0875,0,0.0,2,0.08244023083264633
1521,3,HSA,0,0.0,2,0.012048192771084338,-0.012048192771084338,2.0875,0,0.0,2,0.08244023083264633
1522,3,IEA,0,0.0,2,0.012048192771084338,-0.012048192771084338,2.0875,0,0.0,2,0.08244023083264633
1523,3,IEQ,0,0.0,2,0.012048192771084338,-0.012048192771084338,2.0875,0,0.0,2,0.08244023083264633
1524,3,IFK,0,0.0,2,0.012048192771084338,-0.012048192771084338,2.0875,0,0.0,2,0.08244023083264633
1525,3,IFN,0,0.0,2,0.012048192771084338,-0.012048192771084338,2.0875,0,0.0,2,0.08244023083264633
1526,3,IGA,0,0.0,2,0.012048192771084338,-0.012048192771084338,2.0875,0,0.0,2,0.08244023083264633
1527,3,IIN,0,0.0,2,0.012048192771084338,-0.012048192771084338,2.0875,0,0.0,2,0.08244023083264633
1528,3,IIS,0,0.0,2,0.012048192771084338,-0.012048192771084338,2.0875,0,0.0,2,0.08244023083264633
1529,3,IKE,0,0.0,2,0.012048192771084338,-0.012048192771084338,2.0875,0,0.0,2,0.08244023083264633
1530,3,IKQ,0,0.0,2,0.012048192771084338,-0.012048192771084338,2.0875,0,0.0,2,0.08244023083264633
1531,3,ILI,0,0.0,2,0.012048192771084338,-0.012048192771084338,2.0875,0,0.0,2,0.08244023083264633
1532,3,ILL,0,0.0,2,0.012048192771084338,-0.012048192771084338,2.0875,0,0.0,2,0.08244023083264633
1533,3,ILR,0,0.0,2,0.012048192771084338,-0.012048192771084338,2.0875,0,0.0,2,0.08244023083264633
1534,3,ISN,0,0.0,2,0.012048192771084338,-0.012048192771084338,2.0875,0,0.0,2,0.08244023083264633
1535,3,ISS,0,0.0,2,0.012048192771084338,-0.012048192771084338,2.0875,0,0.0,2,0.08244023083264633
1536,3,IST,0,0.0,2,0.012048192771084338,-0.012048192771084338,2.0875,0,0.0,2,0.08244023083264633
1537,3,KAK,0,0.0,2,0.012048192771084338,-0.012048192771084338,2.0875,0,0.0,2,0.08244023083264633
1538,3,KAV,0,0.0,2,0.012048192771084338,-0.012048192771084338,2.0875,0,0.0,2,0.08244023083264633
1539,3,KDA,0,0.0,2,0.012048192771084338,-0.012048192771084338,2.0875,0,0.0,2,0.08244023083264633
1540,3,KEE,0,0.0,2,0.012048192771084338,-0.012048192771084338,2.0875,0,0.0,2,0.08244023083264633
1541,3,KEQ,0,0.0,2,0.012048192771084338,-0.012048192771084338,2.0875,0,0.0,2,0.08244023083264633
1542,3,KFR,0,0.0,2,0.012048192771084338,-0.012048192771084338,2.0875,0,0.0,2,0.08244023083264633
1543,3,KKR,0,0.0,2,0.012048192771084338,-0.012048192771084338,2.0875,0,0.0,2,0.08244023083264633
1544,3,KKT,0,0.0,2,0.012048192771084338,-0.012048192771084338,2.0875,0,0.0,2,0.08244023083264633
1545,3,KLQ,0,0.0,2,0.012048192771084338,-0.012048192771084338,2.0875,0,0.0,2,0.08244023083264633
1546,3,KPE,0,0.0,2,0.012048192771084338,-0.012048192771084338,2.0875,0,0.0,2,0.08244023083264633
1547,3,KQA,0,0.0,2,0.012048192771084338,-0.012048192771084338,2.0875,0,0.0,2,0.08244023083264633
1548,3,KQL,0,0.0,2,0.012048192771084338,-0.012048192771084338,2.0875,0,0.0,2,0.08244023083264633
1549,3,KQS,0,0.0,2,0.012048192771084338,-0.012048192771084338,2.0875,0,0.0,2,0.08244023083264633
1550,3,KRA,0,0.0,2,0.012048192771084338,-0.012048192771084338,2.0875,0,0.0,2,0.08244023083264633
1551,3,KRV,0,0.0,2,0.012048192771084338,-0.012048192771084338,2.0875,0,0.0,2,0.08244023083264633
1552,3,KSL,0,0.0,2,0.012048192771084338,-0.012048192771084338,2.0875,0,0.0,2,0.08244023083264633
1553,3,KSS,0,0.0,2,0.012048192771084338,-0.012048192771084338,2.0875,0,0.0,2,0.08244023083264633
1554,3,KST,0,0.0,2,0.012048192771084338,-0.012048192771084338,2.0875,0,0.0,2,0.08244023083264633
1555,3,KTG,0,0.0,2,0.012048192771084338,-0.012048192771084338,2.0875,0,0.0,2,0.08244023083264633
1556,3,KTV,0,0.0,2,0.012048192771084338,-0.012048192771084338,2.0875,0,0.0,2,0.08244023083264633
1557,3,KVS,0,0.0,2,0.012048192771084338,-0.012048192771084338,2.0875,0,0.0,2,0.08244023083264633
1558,3,KWA,0,0.0,2,0.012048192771084338,-0.012048192771084338,2.0875,0,0.0,2,0.08244023083264633
1559,3,LAH,0,0.0,2,0.012048192771084338,-0.012048192771084338,2.0875,0,0.0,2,0.08244023083264633
1560,3,LAN,0,0.0,2,0.012048192771084338,-0.012048192771084338,2.0875,0,0.0,2,0.08244023083264633
1561,3,LAS,0,0.0,2,0.012048192771084338,-0.012048192771084338,2.0875,0,0.0,2,0.08244023083264633
1562,3,LAY,0,0.0,2,0.012048192771084338,-0.012048192771084338,2.0875,0,0.0,2,0.08244023083264633
1563,3,LDI,0,0.0,2,0.012048192771084338,-0.012048192771084338,2.0875,0,0.0,2,0.08244023083264633
1564,3,LDS,0,0.0,2,0.012048192771084338,-0.012048192771084338,2.0875,0,0.0,2,0.08244023083264633
1565,3,LEA,0,0.0,2,0.012048192771084338,-0.012048192771084338,2.0875,0,0.0,2,0.08244023083264633
1566,3,LEK,0,0.0,2,0.012048192771084338,-0.012048192771084338,2.0875,0,0.0,2,0.08244023083264633
1567,3,LEL,0,0.0,2,0.012048192771084338,-0.012048192771084338,2.0875,0,0.0,2,0.08244023083264633
1568,3,LEQ,0,0.0,2,0.012048192771084338,-0.012048192771084338,2.0875,0,0.0,2,0.08244023083264633
1569,3,LER,0,0.0,2,0.012048192771084338,-0.012048192771084338,2.0875,0,0.0,2,0.08244023083264633
1570,3,LES,0,0.0,2,0.012048192771084338,-0.012048192771084338,2.0875,0,0.0,2,0.08244023083264633
1571,3,LEY,0,0.0,2,0.012048192771084338,-0.012048192771084338,2.0875,0,0.0,2,0.08244023083264633
1572,3,LGA,0,0.0,2,0.012048192771084338,-0.012048192771084338,2.0875,0,0.0,2,0.08244023083264633
1573,3,LGK,0,0.0,2,0.012048192771084338,-0.012048192771084338,2.0875,0,0.0,2,0.08244023083264633
1574,3,LGW,0,0.0,2,0.012048192771084338,-0.012048192771084338,2.0875,0,0.0,2,0.08244023083264633
1575,3,LHL,0,0.0,2,0.012048192771084338,-0.012048192771084338,2.0875,0,0.0,2,0.08244023083264633
1576,3,LHT,0,0.0,2,0.012048192771084338,-0.012048192771084338,2.0875,0,0.0,2,0.08244023083264633
1577,3,LIG,0,0.0,2,0.012048192771084338,-0.012048192771084338,2.0875,0,0.0,2,0.08244023083264633
1578,3,LIK,0,0.0,2,0.012048192771084338,-0.012048192771084338,2.0875,0,0.0,2,0.08244023083264633
1579,3,LIL,0,0.0,2,0.012048192771084338,-0.012048192771084338,2.0875,0,0.0,2,0.08244023083264633
1580,3,LIR,0,0.0,2,0.012048192771084338,-0.012048192771084338,2.0875,0,0.0,2,0.08244023083264633
1581,3,LKG,0,0.0,2,0.012048192771084338,-0.012048192771084338,2.0875,0,0.0,2,0.08244023083264633
1582,3,LKR,0,0.0,2,0.012048192771084338,-0.012048192771084338,2.0875,0,0.0,2,0.08244023083264633
1583,3,LKS,0,0.0,2,0.012048192771084338,-0.012048192771084338,2.0875,0,0.0,2,0.08244023083264633
1584,3,LLG,0,0.0,2,0.012048192771084338,-0.012048192771084338,2.0875,0,0.0,2,0.08244023083264633
1585,3,LLN,0,0.0,2,0.012048192771084338,-0.012048192771084338,2.0875,0,0.0,2,0.08244023083264633
1586,3,LLR,0,0.0,2,0.012048192771084338,-0.012048192771084338,2.0875,0,0.0,2,0.08244023083264633
1587,3,LLT,0,0.0,2,0.012048192771084338,-0.012048192771084338,2.0875,0,0.0,2,0.08244023083264633
1588,3,LLV,0,0.0,2,0.012048192771084338,-0.012048192771084338,2.0875,0,0.0,2,0.08244023083264633
1589,3,LNI,0,0.0,2,0.012048192771084338,-0.012048192771084338,2.0875,0,0.0,2,0.08244023083264633
1590,3,LNN,0,0.0,2,0.012048192771084338,-0.012048192771084338,2.0875,0,0.0,2,0.08244023083264633
1591,3,LQA,0,0.0,2,0.012048192771084338,-0.012048192771084338,2.0875,0,0.0,2,0.08244023083264633
1592,3,LQR,0,0.0,2,0.012048192771084338,-0.012048192771084338,2.0875,0,0.0,2,0.08244023083264633
1593,3,LRA,0,0.0,2,0.012048192771084338,-0.012048192771084338,2.0875,0,0.0,2,0.08244023083264633
1594,3,LRE,0,0.0,2,0.012048192771084338,-0.012048192771084338,2.0875,0,0.0,2,0.08244023083264633
1595,3,LRI,0,0.0,2,0.012048192771084338,-0.012048192771084338,2.0875,0,0.0,2,0.08244023083264633
1596,3,LRT,0,0.0,2,0.012048192771084338,-0.012048192771084338,2.0875,0,0.0,2,0.08244023083264633
1597,3,LTA,0,0.0,2,0.012048192771084338,-0.012048192771084338,2.0875,0,0.0,2,0.08244023083264633
1598,3,LTE,0,0.0,2,0.012048192771084338,-0.012048192771084338,2.0875,0,0.0,2,0.08244023083264633
1599,3,LTQ,0,0.0,2,0.012048192771084338,-0.012048192771084338,2.0875,0,0.0,2,0.08244023083264633
1600,3,LTS,0,0.0,2,0.012048192771084338,-0.012048192771084338,2.0875,0,0.0,2,0.08244023083264633
1601,3,LVG,0,0.0,2,0.012048192771084338,-0.012048192771084338,2.0875,0,0.0,2,0.08244023083264633
1602,3,LVQ,0,0.0,2,0.012048192771084338,-0.012048192771084338,2.0875,0,0.0,2,0.08244023083264633
1603,3,LYG,0,0.0,2,0.012048192771084338,-0.012048192771084338,2.0875,0,0.0,2,0.08244023083264633
1604,3,LYR,0,0.0,2,0.012048192771084338,-0.012048192771084338,2.0875,0,0.0,2,0.08244023083264633
1605,3,MFE,0,0.0,2,0.012048192771084338,-0.012048192771084338,2.0875,0,0.0,2,0.08244023083264633
1606,3,MFS,0,0.0,2,0.012048192771084338,-0.012048192771084338,2.0875,0,0.0,2,0.08244023083264633
1607,3,MMD,0,0.0,2,0.012048192771084338,-0.012048192771084338,2.0875,0,0.0,2,0.08244023083264633
1608,3,MQK,0,0.0,2,0.012048192771084338,-0.012048192771084338,2.0875,0,0.0,2,0.08244023083264633
1609,3,MQR,0,0.0,2,0.012048192771084338,-0.012048192771084338,2.0875,0,0.0,2,0.08244023083264633
1610,3,NAL,0,0.0,2,0.012048192771084338,-0.012048192771084338,2.0875,0,0.0,2,0.08244023083264633
1611,3,NEQ,0,0.0,2,0.012048192771084338,-0.012048192771084338,2.0875,0,0.0,2,0.08244023083264633
1612,3,NEV,0,0.0,2,0.012048192771084338,-0.012048192771084338,2.0875,0,0.0,2,0.08244023083264633
1613,3,NFK,0,0.0,2,0.012048192771084338,-0.012048192771084338,2.0875,0,0.0,2,0.08244023083264633
1614,3,NGE,0,0.0,2,0.012048192771084338,-0.012048192771084338,2.0875,0,0.0,2,0.08244023083264633
1615,3,NIV,0,0.0,2,0.012048192771084338,-0.012048192771084338,2.0875,0,0.0,2,0.08244023083264633
1616,3,NLD,0,0.0,2,0.012048192771084338,-0.012048192771084338,2.0875,0,0.0,2,0.08244023083264633
1617,3,NLI,0,0.0,2,0.012048192771084338,-0.012048192771084338,2.0875,0,0.0,2,0.08244023083264633
1618,3,NMN,0,0.0,2,0.012048192771084338,-0.012048192771084338,2.0875,0,0.0,2,0.08244023083264633
1619,3,NSR,0,0.0,2,0.012048192771084338,-0.012048192771084338,2.0875,0,0.0,2,0.08244023083264633
1620,3,PED,0,0.0,2,0.012048192771084338,-0.012048192771084338,2.0875,0,0.0,2,0.08244023083264633
1621,3,PEK,0,0.0,2,0.012048192771084338,-0.012048192771084338,2.0875,0,0.0,2,0.08244023083264633
1622,3,PEV,0,0.0,2,0.012048192771084338,-0.012048192771084338,2.0875,0,0.0,2,0.08244023083264633
1623,3,PIK,0,0.0,2,0.012048192771084338,-0.012048192771084338,2.0875,0,0.0,2,0.08244023083264633
1624,3,PLK,0,0.0,2,0.012048192771084338,-0.012048192771084338,2.0875,0,0.0,2,0.08244023083264633
1625,3,PVR,0,0.0,2,0.012048192771084338,-0.012048192771084338,2.0875,0,0.0,2,0.08244023083264633
1626,3,QAD,0,0.0,2,0.012048192771084338,-0.012048192771084338,2.0875,0,0.0,2,0.08244023083264633
1627,3,QAS,0,0.0,2,0.012048192771084338,-0.012048192771084338,2.0875,0,0.0,2,0.08244023083264633
1628,3,QEV,0,0.0,2,0.012048192771084338,-0.012048192771084338,2.0875,0,0.0,2,0.08244023083264633
1629,3,QHE,0,0.0,2,0.012048192771084338,-0.012048192771084338,2.0875,0,0.0,2,0.08244023083264633
1630,3,QKV,0,0.0,2,0.012048192771084338,-0.012048192771084338,2.0875,0,0.0,2,0.08244023083264633
1631,3,QLK,0,0.0,2,0.012048192771084338,-0.012048192771084338,2.0875,0,0.0,2,0.08244023083264633
1632,3,QLT,0,0.0,2,0.012048192771084338,-0.012048192771084338,2.0875,0,0.0,2,0.08244023083264633
1633,3,QRI,0,0.0,2,0.012048192771084338,-0.012048192771084338,2.0875,0,0.0,2,0.08244023083264633
1634,3,QRR,0,0.0,2,0.012048192771084338,-0.012048192771084338,2.0875,0,0.0,2,0.08244023083264633
1635,3,QTS,0,0.0,2,0.012048192771084338,-0.012048192771084338,2.0875,0,0.0,2,0.08244023083264633
1636,3,QVA,0,0.0,2,0.012048192771084338,-0.012048192771084338,2.0875,0,0.0,2,0.08244023083264633
1637,3,QYI,0,0.0,2,0.012048192771084338,-0.012048192771084338,2.0875,0,0.0,2,0.08244023083264633
1638,3,REA,0,0.0,2,0.012048192771084338,-0.012048192771084338,2.0875,0,0.0,2,0.08244023083264633
1639,3,REK,0,0.0,2,0.012048192771084338,-0.012048192771084338,2.0875,0,0.0,2,0.08244023083264633
1640,3,REM,0,0.0,2,0.012048192771084338,-0.012048192771084338,2.0875,0,0.0,2,0.08244023083264633
1641,3,RFL,0,0.0,2,0.012048192771084338,-0.012048192771084338,2.0875,0,0.0,2,0.08244023083264633
1642,3,RIF,0,0.0,2,0.012048192771084338,-0.012048192771084338,2.0875,0,0.0,2,0.08244023083264633
1643,3,RIR,0,0.0,2,0.012048192771084338,-0.012048192771084338,2.0875,0,0.0,2,0.08244023083264633
1644,3,RKS,0,0.0,2,0.012048192771084338,-0.012048192771084338,2.0875,0,0.0,2,0.08244023083264633
1645,3,RLL,0,0.0,2,0.012048192771084338,-0.012048192771084338,2.0875,0,0.0,2,0.08244023083264633
1646,3,RLT,0,0.0,2,0.012048192771084338,-0.012048192771084338,2.0875,0,0.0,2,0.08244023083264633
1647,3,RVK,0,0.0,2,0.012048192771084338,-0.012048192771084338,2.0875,0,0.0,2,0.08244023083264633
1648,3,RVL,0,0.0,2,0.012048192771084338,-0.012048192771084338,2.0875,0,0.0,2,0.08244023083264633
1649,3,RVR,0,0.0,2,0.012048192771084338,-0.012048192771084338,2.0875,0,0.0,2,0.08244023083264633
1650,3,SAK,0,0.0,2,0.012048192771084338,-0.012048192771084338,2.0875,0,0.0,2,0.08244023083264633
1651,3,SDA,0,0.0,2,0.012048192771084338,-0.012048192771084338,2.0875,0,0.0,2,0.08244023083264633
1652,3,SEI,0,0.0,2,0.012048192771084338,-0.012048192771084338,2.0875,0,0.0,2,0.08244023083264633
1653,3,SLD,0,0.0,2,0.012048192771084338,-0.012048192771084338,2.0875,0,0.0,2,0.08244023083264633
1654,3,SLK,0,0.0,2,0.012048192771084338,-0.012048192771084338,2.0875,0,0.0,2,0.08244023083264633
1655,3,SNL,0,0.0,2,0.012048192771084338,-0.012048192771084338,2.0875,0,0.0,2,0.08244023083264633
1656,3,SSK,0,0.0,2,0.012048192771084338,-0.012048192771084338,2.0875,0,0.0,2,0.08244023083264633
1657,3,STG,0,0.0,2,0.012048192771084338,-0.012048192771084338,2.0875,0,0.0,2,0.08244023083264633
1658,3,STL,0,0.0,2,0.012048192771084338,-0.012048192771084338,2.0875,0,0.0,2,0.08244023083264633
1659,3,SVQ,0,0.0,2,0.012048192771084338,-0.012048192771084338,2.0875,0,0.0,2,0.08244023083264633
1660,3,TAL,0,0.0,2,0.012048192771084338,-0.012048192771084338,2.0875,0,0.0,2,0.08244023083264633
1661,3,TAM,0,0.0,2,0.012048192771084338,-0.012048192771084338,2.0875,0,0.0,2,0.08244023083264633
1662,3,TAV,0,0.0,2,0.012048192771084338,-0.012048192771084338,2.0875,0,0.0,2,0.08244023083264633
1663,3,TIV,0,0.0,2,0.012048192771084338,-0.012048192771084338,2.0875,0,0.0,2,0.08244023083264633
1664,3,TQA,0,0.0,2,0.012048192771084338,-0.012048192771084338,2.0875,0,0.0,2,0.08244023083264633
1665,3,TRE,0,0.0,2,0.012048192771084338,-0.012048192771084338,2.0875,0,0.0,2,0.08244023083264633
1666,3,TRH,0,0.0,2,0.012048192771084338,-0.012048192771084338,2.0875,0,0.0,2,0.08244023083264633
1667,3,TSA,0,0.0,2,0.012048192771084338,-0.012048192771084338,2.0875,0,0.0,2,0.08244023083264633
1668,3,TSL,0,0.0,2,0.012048192771084338,-0.012048192771084338,2.0875,0,0.0,2,0.08244023083264633
1669,3,TVK,0,0.0,2,0.012048192771084338,-0.012048192771084338,2.0875,0,0.0,2,0.08244023083264633
1670,3,TVL,0,0.0,2,0.012048192771084338,-0.012048192771084338,2.0875,0,0.0,2,0.08244023083264633
1671,3,TVR,0,0.0,2,0.012048192771084338,-0.012048192771084338,2.0875,0,0.0,2,0.08244023083264633
1672,3,TVV,0,0.0,2,0.012048192771084338,-0.012048192771084338,2.0875,0,0.0,2,0.08244023083264633
1673,3,VAD,0,0.0,2,0.012048192771084338,-0.012048192771084338,2.0875,0,0.0,2,0.08244023083264633
1674,3,VAE,0,0.0,2,0.012048192771084338,-0.012048192771084338,2.0875,0,0.0,2,0.08244023083264633
1675,3,VAS,0,0.0,2,0.012048192771084338,-0.012048192771084338,2.0875,0,0.0,2,0.08244023083264633
1676,3,VDK,0,0.0,2,0.012048192771084338,-0.012048192771084338,2.0875,0,0.0,2,0.08244023083264633
1677,3,VFE,0,0.0,2,0.012048192771084338,-0.012048192771084338,2.0875,0,0.0,2,0.08244023083264633
1678,3,VFN,0,0.0,2,0.012048192771084338,-0.012048192771084338,2.0875,0,0.0,2,0.08244023083264633
1679,3,VGA,0,0.0,2,0.012048192771084338,-0.012048192771084338,2.0875,0,0.0,2,0.08244023083264633
1680,3,VGE,0,0.0,2,0.012048192771084338,-0.012048192771084338,2.0875,0,0.0,2,0.08244023083264633
1681,3,VGK,0,0.0,2,0.012048192771084338,-0.012048192771084338,2.0875,0,0.0,2,0.08244023083264633
1682,3,VIS,0,0.0,2,0.012048192771084338,-0.012048192771084338,2.0875,0,0.0,2,0.08244023083264633
1683,3,VKE,0,0.0,2,0.012048192771084338,-0.012048192771084338,2.0875,0,0.0,2,0.08244023083264633
1684,3,VKR,0,0.0,2,0.012048192771084338,-0.012048192771084338,2.0875,0,0.0,2,0.08244023083264633
1685,3,VLH,0,0.0,2,0.012048192771084338,-0.012048192771084338,2.0875,0,0.0,2,0.08244023083264633
1686,3,VLQ,0,0.0,2,0.012048192771084338,-0.012048192771084338,2.0875,0,0.0,2,0.08244023083264633
1687,3,VLS,0,0.0,2,0.012048192771084338,-0.012048192771084338,2.0875,0,0.0,2,0.08244023083264633
1688,3,VNN,0,0.0,2,0.012048192771084338,-0.012048192771084338,2.0875,0,0.0,2,0.08244023083264633
1689,3,VNR,0,0.0,2,0.012048192771084338,-0.012048192771084338,2.0875,0,0.0,2,0.08244023083264633
1690,3,VQE,0,0.0,2,0.012048192771084338,-0.012048192771084338,2.0875,0,0.0,2,0.08244023083264633
1691,3,VQR,0,0.0,2,0.012048192771084338,-0.012048192771084338,2.0875,0,0.0,2,0.08244023083264633
1692,3,VRE,0,0.0,2,0.012048192771084338,-0.012048192771084338,2.0875,0,0.0,2,0.08244023083264633
1693,3,VRI,0,0.0,2,0.012048192771084338,-0.012048192771084338,2.0875,0,0.0,2,0.08244023083264633
1694,3,VSD,0,0.0,2,0.012048192771084338,-0.012048192771084338,2.0875,0,0.0,2,0.08244023083264633
1695,3,VTE,0,0.0,2,0.012048192771084338,-0.012048192771084338,2.0875,0,0.0,2,0.08244023083264633
1696,3,WLF,0,0.0,2,0.012048192771084338,-0.012048192771084338,2.0875,0,0.0,2,0.08244023083264633
1697,3,YAE,0,0.0,2,0.012048192771084338,-0.012048192771084338,2.0875,0,0.0,2,0.08244023083264633
1698,3,YIQ,0,0.0,2,0.012048192771084338,-0.012048192771084338,2.0875,0,0.0,2,0.08244023083264633
1699,3,YRL,0,0.0,2,0.012048192771084338,-0.012048192771084338,2.0875,0,0.0,2,0.08244023083264633
1700,3,YTD,0,0.0,2,0.012048192771084338,-0.012048192771084338,2.0875,0,0.0,2,0.08244023083264633
1701,3,YVS,0,0.0,2,0.012048192771084338,-0.012048192771084338,2.0875,0,0.0,2,0.08244023083264633
1702,2,AP,0,0.0,3,0.018072289156626505,-0.018072289156626505,1.4910714285714286,0,0.0,3,0.11574074074074074
1703,2,DF,0,0.0,3,0.018072289156626505,-0.018072289156626505,1.4910714285714286,0,0.0,3,0.11574074074074074
1704,2,DN,0,0.0,3,0.018072289156626505,-0.018072289156626505,1.4910714285714286,0,0.0,3,0.11574074074074074
1705,2,DP,0,0.0,3,0.018072289156626505,-0.018072289156626505,1.4910714285714286,0,0.0,3,0.11574074074074074
1706,2,DT,0,0.0,3,0.018072289156626505,-0.018072289156626505,1.4910714285714286,0,0.0,3,0.11574074074074074
1707,2,EP,0,0.0,3,0.018072289156626505,-0.018072289156626505,1.4910714285714286,0,0.0,3,0.11574074074074074
1708,2,FD,0,0.0,3,0.018072289156626505,-0.018072289156626505,1.4910714285714286,0,0.0,3,0.11574074074074074
1709,2,FM,0,0.0,3,0.018072289156626505,-0.018072289156626505,1.4910714285714286,0,0.0,3,0.11574074074074074
1710,2,GQ,0,0.0,3,0.018072289156626505,-0.018072289156626505,1.4910714285714286,0,0.0,3,0.11574074074074074
1711,2,HH,0,0.0,3,0.018072289156626505,-0.018072289156626505,1.4910714285714286,0,0.0,3,0.11574074074074074
1712,2,HT,0,0.0,3,0.018072289156626505,-0.018072289156626505,1.4910714285714286,0,0.0,3,0.11574074074074074
1713,2,KM,0,0.0,3,0.018072289156626505,-0.018072289156626505,1.4910714285714286,0,0.0,3,0.11574074074074074
1714,2,KN,0,0.0,3,0.018072289156626505,-0.018072289156626505,1.4910714285714286,0,0.0,3,0.11574074074074074
1715,2,LP,0,0.0,3,0.018072289156626505,-0.018072289156626505,1.4910714285714286,0,0.0,3,0.11574074074074074
1716,2,MD,0,0.0,3,0.018072289156626505,-0.018072289156626505,1.4910714285714286,0,0.0,3,0.11574074074074074
1717,2,ME,0,0.0,3,0.018072289156626505,-0.018072289156626505,1.4910714285714286,0,0.0,3,0.11574074074074074
1718,2,MG,0,0.0,3,0.018072289156626505,-0.018072289156626505,1.4910714285714286,0,0.0,3,0.11574074074074074
1719,2,MM,0,0.0,3,0.018072289156626505,-0.018072289156626505,1.4910714285714286,0,0.0,4,0.15432098765432098
1720,2,NM,0,0.0,3,0.018072289156626505,-0.018072289156626505,1.4910714285714286,0,0.0,3,0.11574074074074074
1721,2,PD,0,0.0,3,0.018072289156626505,-0.018072289156626505,1.4910714285714286,0,0.0,3,0.11574074074074074
1722,2,PI,0,0.0,3,0.018072289156626505,-0.018072289156626505,1.4910714285714286,0,0.0,3,0.11574074074074074
1723,2,PQ,0,0.0,3,0.018072289156626505,-0.018072289156626505,1.4910714285714286,0,0.0,3,0.11574074074074074
1724,2,QF,0,0.0,3,0.018072289156626505,-0.018072289156626505,1.4910714285714286,0,0.0,3,0.11574074074074074
1725,2,QT,0,0.0,3,0.018072289156626505,-0.018072289156626505,1.4910714285714286,0,0.0,3,0.11574074074074074
1726,2,QW,0,0.0,3,0.018072289156626505,-0.018072289156626505,1.4910714285714286,0,0.0,3,0.11574074074074074
1727,2,RG,0,0.0,3,0.018072289156626505,-0.018072289156626505,1.4910714285714286,0,0.0,3,0.11574074074074074
1728,2,RQ,0,0.0,3,0.018072289156626505,-0.018072289156626505,1.4910714285714286,0,0.0,3,0.11574074074074074
1729,2,RY,0,0.0,3,0.018072289156626505,-0.018072289156626505,1.4910714285714286,0,0.0,3,0.11574074074074074
1730,2,SF,0,0.0,3,0.018072289156626505,-0.018072289156626505,1.4910714285714286,0,0.0,3,0.11574074074074074
1731,2,TF,0,0.0,3,0.018072289156626505,-0.018072289156626505,1.4910714285714286,0,0.0,3,0.11574074074074074
1732,2,TN,0,0.0,3,0.018072289156626505,-0.018072289156626505,1.4910714285714286,0,0.0,3,0.11574074074074074
1733,2,VY,0,0.0,3,0.018072289156626505,-0.018072289156626505,1.4910714285714286,0,0.0,3,0.11574074074074074
1734,2,WS,0,0.0,3,0.018072289156626505,-0.018072289156626505,1.4910714285714286,0,0.0,3,0.11574074074074074
1735,2,WY,0,0.0,3,0.018072289156626505,-0.018072289156626505,1.4910714285714286,0,0.0,3,0.11574074074074074
1736,2,YD,0,0.0,3,0.018072289156626505,-0.018072289156626505,1.4910714285714286,0,0.0,3,0.11574074074074074
1737,2,YE,0,0.0,3,0.018072289156626505,-0.018072289156626505,1.4910714285714286,0,0.0,3,0.11574074074074074
1738,2,YM,0,0.0,3,0.018072289156626505,-0.018072289156626505,1.4910714285714286,0,0.0,3,0.11574074074074074
1739,2,YN,0,0.0,3,0.018072289156626505,-0.018072289156626505,1.4910714285714286,0,0.0,3,0.11574074074074074
1740,3,AAK,0,0.0,3,0.018072289156626505,-0.018072289156626505,1.4910714285714286,0,0.0,3,0.1236603462489695
1741,3,AAY,0,0.0,3,0.018072289156626505,-0.018072289156626505,1.4910714285714286,0,0.0,3,0.1236603462489695
1742,3,AEV,0,0.0,3,0.018072289156626505,-0.018072289156626505,1.4910714285714286,0,0.0,3,0.1236603462489695
1743,3,AHA,0,0.0,3,0.018072289156626505,-0.018072289156626505,1.4910714285714286,0,0.0,3,0.1236603462489695
1744,3,AIE,0,0.0,3,0.018072289156626505,-0.018072289156626505,1.4910714285714286,0,0.0,3,0.1236603462489695
1745,3,ALE,0,0.0,3,0.018072289156626505,-0.018072289156626505,1.4910714285714286,0,0.0,3,0.1236603462489695
1746,3,ARV,0,0.0,3,0.018072289156626505,-0.018072289156626505,1.4910714285714286,0,0.0,3,0.1236603462489695
1747,3,ASL,0,0.0,3,0.018072289156626505,-0.018072289156626505,1.4910714285714286,0,0.0,3,0.1236603462489695
1748,3,ASV,0,0.0,3,0.018072289156626505,-0.018072289156626505,1.4910714285714286,0,0.0,3,0.1236603462489695
1749,3,ATA,0,0.0,3,0.018072289156626505,-0.018072289156626505,1.4910714285714286,0,0.0,3,0.1236603462489695
1750,3,AVA,0,0.0,3,0.018072289156626505,-0.018072289156626505,1.4910714285714286,0,0.0,3,0.1236603462489695
1751,3,AVV,0,0.0,3,0.018072289156626505,-0.018072289156626505,1.4910714285714286,0,0.0,3,0.1236603462489695
1752,3,DAL,0,0.0,3,0.018072289156626505,-0.018072289156626505,1.4910714285714286,0,0.0,3,0.1236603462489695
1753,3,DKL,0,0.0,3,0.018072289156626505,-0.018072289156626505,1.4910714285714286,0,0.0,3,0.1236603462489695
1754,3,DPL,0,0.0,3,0.018072289156626505,-0.018072289156626505,1.4910714285714286,0,0.0,3,0.1236603462489695
1755,3,EAA,0,0.0,3,0.018072289156626505,-0.018072289156626505,1.4910714285714286,0,0.0,3,0.1236603462489695
1756,3,EAV,0,0.0,3,0.018072289156626505,-0.018072289156626505,1.4910714285714286,0,0.0,3,0.1236603462489695
1757,3,EEM,0,0.0,3,0.018072289156626505,-0.018072289156626505,1.4910714285714286,0,0.0,3,0.1236603462489695
1758,3,EIL,0,0.0,3,0.018072289156626505,-0.018072289156626505,1.4910714285714286,0,0.0,3,0.1236603462489695
1759,3,EKE,0,0.0,3,0.018072289156626505,-0.018072289156626505,1.4910714285714286,0,0.0,3,0.1236603462489695
1760,3,EKI,0,0.0,3,0.018072289156626505,-0.018072289156626505,1.4910714285714286,0,0.0,3,0.1236603462489695
1761,3,ELY,0,0.0,3,0.018072289156626505,-0.018072289156626505,1.4910714285714286,0,0.0,3,0.1236603462489695
1762,3,EMF,0,0.0,3,0.018072289156626505,-0.018072289156626505,1.4910714285714286,0,0.0,3,0.1236603462489695
1763,3,ERV,0,0.0,3,0.018072289156626505,-0.018072289156626505,1.4910714285714286,0,0.0,3,0.1236603462489695
1764,3,EVL,0,0.0,3,0.018072289156626505,-0.018072289156626505,1.4910714285714286,0,0.0,3,0.1236603462489695
1765,3,FLG,0,0.0,3,0.018072289156626505,-0.018072289156626505,1.4910714285714286,0,0.0,3,0.1236603462489695
1766,3,GAL,0,0.0,3,0.018072289156626505,-0.018072289156626505,1.4910714285714286,0,0.0,3,0.1236603462489695
1767,3,GEI,0,0.0,3,0.018072289156626505,-0.018072289156626505,1.4910714285714286,0,0.0,3,0.1236603462489695
1768,3,GER,0,0.0,3,0.018072289156626505,-0.018072289156626505,1.4910714285714286,0,0.0,3,0.1236603462489695
1769,3,GIG,0,0.0,3,0.018072289156626505,-0.018072289156626505,1.4910714285714286,0,0.0,3,0.1236603462489695
1770,3,GLA,0,0.0,3,0.018072289156626505,-0.018072289156626505,1.4910714285714286,0,0.0,3,0.1236603462489695
1771,3,GLI,0,0.0,3,0.018072289156626505,-0.018072289156626505,1.4910714285714286,0,0.0,3,0.1236603462489695
1772,3,HAL,0,0.0,3,0.018072289156626505,-0.018072289156626505,1.4910714285714286,0,0.0,3,0.1236603462489695
1773,3,IEN,0,0.0,3,0.018072289156626505,-0.018072289156626505,1.4910714285714286,0,0.0,3,0.1236603462489695
1774,3,IQA,0,0.0,3,0.018072289156626505,-0.018072289156626505,1.4910714285714286,0,0.0,3,0.1236603462489695
1775,3,KAI,0,0.0,3,0.018072289156626505,-0.018072289156626505,1.4910714285714286,0,0.0,3,0.1236603462489695
1776,3,KAY,0,0.0,3,0.018072289156626505,-0.018072289156626505,1.4910714285714286,0,0.0,3,0.1236603462489695
1777,3,KEA,0,0.0,3,0.018072289156626505,-0.018072289156626505,1.4910714285714286,0,0.0,3,0.1236603462489695
1778,3,KEL,0,0.0,3,0.018072289156626505,-0.018072289156626505,1.4910714285714286,0,0.0,3,0.1236603462489695
1779,3,KII,0,0.0,3,0.018072289156626505,-0.018072289156626505,1.4910714285714286,0,0.0,3,0.1236603462489695
1780,3,KLN,0,0.0,3,0.018072289156626505,-0.018072289156626505,1.4910714285714286,0,0.0,3,0.1236603462489695
1781,3,KVV,0,0.0,3,0.018072289156626505,-0.018072289156626505,1.4910714285714286,0,0.0,3,0.1236603462489695
1782,3,LAA,0,0.0,3,0.018072289156626505,-0.018072289156626505,1.4910714285714286,0,0.0,3,0.1236603462489695
1783,3,LAR,0,0.0,3,0.018072289156626505,-0.018072289156626505,1.4910714285714286,0,0.0,3,0.1236603462489695
1784,3,LAT,0,0.0,3,0.018072289156626505,-0.018072289156626505,1.4910714285714286,0,0.0,3,0.1236603462489695
1785,3,LDA,0,0.0,3,0.018072289156626505,-0.018072289156626505,1.4910714285714286,0,0.0,3,0.1236603462489695
1786,3,LEE,0,0.0,3,0.018072289156626505,-0.018072289156626505,1.4910714285714286,0,0.0,3,0.1236603462489695
1787,3,LFV,0,0.0,3,0.018072289156626505,-0.018072289156626505,1.4910714285714286,0,0.0,3,0.1236603462489695
1788,3,LIA,0,0.0,3,0.018072289156626505,-0.018072289156626505,1.4910714285714286,0,0.0,3,0.1236603462489695
1789,3,LKE,0,0.0,3,0.018072289156626505,-0.018072289156626505,1.4910714285714286,0,0.0,3,0.1236603462489695
1790,3,LKV,0,0.0,3,0.018072289156626505,-0.018072289156626505,1.4910714285714286,0,0.0,3,0.1236603462489695
1791,3,LLD,0,0.0,3,0.018072289156626505,-0.018072289156626505,1.4910714285714286,0,0.0,3,0.1236603462489695
1792,3,LLE,0,0.0,3,0.018072289156626505,-0.018072289156626505,1.4910714285714286,0,0.0,3,0.1236603462489695
1793,3,LLI,0,0.0,3,0.018072289156626505,-0.018072289156626505,1.4910714285714286,0,0.0,3,0.1236603462489695
1794,3,LLQ,0,0.0,3,0.018072289156626505,-0.018072289156626505,1.4910714285714286,0,0.0,3,0.1236603462489695
1795,3,LQE,0,0.0,3,0.018072289156626505,-0.018072289156626505,1.4910714285714286,0,0.0,3,0.1236603462489695
1796,3,LSK,0,0.0,3,0.018072289156626505,-0.018072289156626505,1.4910714285714286,0,0.0,3,0.1236603462489695
1797,3,LTR,0,0.0,3,0.018072289156626505,-0.018072289156626505,1.4910714285714286,0,0.0,3,0.1236603462489695
1798,3,LVK,0,0.0,3,0.018072289156626505,-0.018072289156626505,1.4910714285714286,0,0.0,3,0.1236603462489695
1799,3,NNL,0,0.0,3,0.018072289156626505,-0.018072289156626505,1.4910714285714286,0,0.0,3,0.1236603462489695
1800,3,NSL,0,0.0,3,0.018072289156626505,-0.018072289156626505,1.4910714285714286,0,0.0,3,0.1236603462489695
1801,3,QDL,0,0.0,3,0.018072289156626505,-0.018072289156626505,1.4910714285714286,0,0.0,3,0.1236603462489695
1802,3,QVL,0,0.0,3,0.018072289156626505,-0.018072289156626505,1.4910714285714286,0,0.0,3,0.1236603462489695
1803,3,RAL,0,0.0,3,0.018072289156626505,-0.018072289156626505,1.4910714285714286,0,0.0,3,0.1236603462489695
1804,3,RIE,0,0.0,3,0.018072289156626505,-0.018072289156626505,1.4910714285714286,0,0.0,3,0.1236603462489695
1805,3,RIL,0,0.0,3,0.018072289156626505,-0.018072289156626505,1.4910714285714286,0,0.0,3,0.1236603462489695
1806,3,RIN,0,0.0,3,0.018072289156626505,-0.018072289156626505,1.4910714285714286,0,0.0,3,0.1236603462489695
1807,3,SAA,0,0.0,3,0.018072289156626505,-0.018072289156626505,1.4910714285714286,0,0.0,3,0.1236603462489695
1808,3,SKE,0,0.0,3,0.018072289156626505,-0.018072289156626505,1.4910714285714286,0,0.0,3,0.1236603462489695
1809,3,SLE,0,0.0,3,0.018072289156626505,-0.018072289156626505,1.4910714285714286,0,0.0,3,0.1236603462489695
1810,3,SLL,0,0.0,3,0.018072289156626505,-0.018072289156626505,1.4910714285714286,0,0.0,3,0.1236603462489695
1811,3,SRE,0,0.0,3,0.018072289156626505,-0.018072289156626505,1.4910714285714286,0,0.0,3,0.1236603462489695
1812,3,SVA,0,0.0,3,0.018072289156626505,-0.018072289156626505,1.4910714285714286,0,0.0,3,0.1236603462489695
1813,3,SVN,0,0.0,3,0.018072289156626505,-0.018072289156626505,1.4910714285714286,0,0.0,3,0.1236603462489695
1814,3,TEL,0,0.0,3,0.018072289156626505,-0.018072289156626505,1.4910714285714286,0,0.0,3,0.1236603462489695
1815,3,VAN,0,0.0,3,0.018072289156626505,-0.018072289156626505,1.4910714285714286,0,0.0,3,0.1236603462489695
1816,3,VLL,0,0.0,3,0.018072289156626505,-0.018072289156626505,1.4910714285714286,0,0.0,3,0.1236603462489695
1817,3,VSE,0,0.0,3,0.018072289156626505,-0.018072289156626505,1.4910714285714286,0,0.0,3,0.1236603462489695
1818,3,VVK,0,0.0,3,0.018072289156626505,-0.018072289156626505,1.4910714285714286,0,0.0,3,0.1236603462489695
1819,3,WKL,0,0.0,3,0.018072289156626505,-0.018072289156626505,1.4910714285714286,0,0.0,3,0.1236603462489695
1820,3,YLK,0,0.0,3,0.018072289156626505,-0.018072289156626505,1.4910714285714286,0,0.0,3,0.1236603462489695
1821,2,DH,0,0.0,4,0.024096385542168676,-0.024096385542168676,1.159722222222222,0,0.0,4,0.15432098765432098
1822,2,DQ,0,0.0,4,0.024096385542168676,-0.024096385542168676,1.159722222222222,0,0.0,4,0.15432098765432098
1823,2,DR,0,0.0,4,0.024096385542168676,-0.024096385542168676,1.159722222222222,0,0.0,4,0.15432098765432098
1824,2,FQ,0,0.0,4,0.024096385542168676,-0.024096385542168676,1.159722222222222,0,0.0,4,0.15432098765432098
1825,2,FS,0,0.0,4,0.024096385542168676,-0.024096385542168676,1.159722222222222,0,0.0,4,0.15432098765432098
1826,2,FW,0,0.0,4,0.024096385542168676,-0.024096385542168676,1.159722222222222,0,0.0,4,0.15432098765432098
1827,2,GF,0,0.0,4,0.024096385542168676,-0.024096385542168676,1.159722222222222,0,0.0,4,0.15432098765432098
1828,2,GS,0,0.0,4,0.024096385542168676,-0.024096385542168676,1.159722222222222,0,0.0,4,0.15432098765432098
1829,2,GT,0,0.0,4,0.024096385542168676,-0.024096385542168676,1.159722222222222,0,0.0,4,0.15432098765432098
1830,2,GW,0,0.0,4,0.024096385542168676,-0.024096385542168676,1.159722222222222,0,0.0,4,0.15432098765432098
1831,2,HP,0,0.0,4,0.024096385542168676,-0.024096385542168676,1.159722222222222,0,0.0,4,0.15432098765432098
1832,2,HV,0,0.0,4,0.024096385542168676,-0.024096385542168676,1.159722222222222,0,0.0,4,0.15432098765432098
1833,2,IM,0,0.0,4,0.024096385542168676,-0.024096385542168676,1.159722222222222,0,0.0,4,0.15432098765432098
1834,2,IY,0,0.0,4,0.024096385542168676,-0.024096385542168676,1.159722222222222,0,0.0,4,0.15432098765432098
1835,2,KH,0,0.0,4,0.024096385542168676,-0.024096385542168676,1.159722222222222,0,0.0,4,0.15432098765432098
1836,2,KP,0,0.0,4,0.024096385542168676,-0.024096385542168676,1.159722222222222,0,0.0,4,0.15432098765432098
1837,2,MA,0,0.0,4,0.024096385542168676,-0.024096385542168676,1.159722222222222,0,0.0,4,0.15432098765432098
1838,2,MV,0,0.0,4,0.024096385542168676,-0.024096385542168676,1.159722222222222,0,0.0,4,0.15432098765432098
1839,2,ND,0,0.0,4,0.024096385542168676,-0.024096385542168676,1.159722222222222,0,0.0,4,0.15432098765432098
1840,2,NP,0,0.0,4,0.024096385542168676,-0.024096385542168676,1.159722222222222,0,0.0,4,0.15432098765432098
1841,2,QD,0,0.0,4,0.024096385542168676,-0.024096385542168676,1.159722222222222,0,0.0,4,0.15432098765432098
1842,2,QG,0,0.0,4,0.024096385542168676,-0.024096385542168676,1.159722222222222,0,0.0,4,0.15432098765432098
1843,2,QM,0,0.0,4,0.024096385542168676,-0.024096385542168676,1.159722222222222,0,0.0,4,0.15432098765432098
1844,2,QN,0,0.0,4,0.024096385542168676,-0.024096385542168676,1.159722222222222,0,0.0,4,0.15432098765432098
1845,2,RS,0,0.0,4,0.024096385542168676,-0.024096385542168676,1.159722222222222,0,0.0,4,0.15432098765432098
1846,2,RT,0,0.0,4,0.024096385542168676,-0.024096385542168676,1.159722222222222,0,0.0,4,0.15432098765432098
1847,2,SM,0,0.0,4,0.024096385542168676,-0.024096385542168676,1.159722222222222,0,0.0,4,0.15432098765432098
1848,2,SY,0,0.0,4,0.024096385542168676,-0.024096385542168676,1.159722222222222,0,0.0,4,0.15432098765432098
1849,2,TD,0,0.0,4,0.024096385542168676,-0.024096385542168676,1.159722222222222,0,0.0,4,0.15432098765432098
1850,2,TI,0,0.0,4,0.024096385542168676,-0.024096385542168676,1.159722222222222,0,0.0,4,0.15432098765432098
1851,2,TY,0,0.0,4,0.024096385542168676,-0.024096385542168676,1.159722222222222,0,0.0,4,0.15432098765432098
1852,2,VT,0,0.0,4,0.024096385542168676,-0.024096385542168676,1.159722222222222,0,0.0,4,0.15432098765432098
1853,2,YG,0,0.0,4,0.024096385542168676,-0.024096385542168676,1.159722222222222,0,0.0,4,0.15432098765432098
1854,2,YT,0,0.0,4,0.024096385542168676,-0.024096385542168676,1.159722222222222,0,0.0,4,0.15432098765432098
1855,3,AEA,0,0.0,4,0.024096385542168676,-0.024096385542168676,1.159722222222222,0,0.0,4,0.16488046166529266
1856,3,DLR,0,0.0,4,0.024096385542168676,-0.024096385542168676,1.159722222222222,0,0.0,4,0.16488046166529266
1857,3,DSV,0,0.0,4,0.024096385542168676,-0.024096385542168676,1.159722222222222,0,0.0,4,0.16488046166529266
1858,3,ERE,0,0.0,4,0.024096385542168676,-0.024096385542168676,1.159722222222222,0,0.0,4,0.16488046166529266
1859,3,GKF,0,0.0,4,0.024096385542168676,-0.024096385542168676,1.159722222222222,0,0.0,4,0.16488046166529266
1860,3,IER,0,0.0,4,0.024096385542168676,-0.024096385542168676,1.159722222222222,0,0.0,4,0.16488046166529266
1861,3,IGK,0,0.0,4,0.024096385542168676,-0.024096385542168676,1.159722222222222,0,0.0,4,0.16488046166529266
1862,3,LGI,0,0.0,4,0.024096385542168676,-0.024096385542168676,1.159722222222222,0,0.0,4,0.16488046166529266
1863,3,LLK,0,0.0,4,0.024096385542168676,-0.024096385542168676,1.159722222222222,0,0.0,4,0.16488046166529266
1864,3,MVA,0,0.0,4,0.024096385542168676,-0.024096385542168676,1.159722222222222,0,0.0,4,0.16488046166529266
1865,3,NFA,0,0.0,4,0.024096385542168676,-0.024096385542168676,1.159722222222222,0,0.0,4,0.16488046166529266
1866,3,QAL,0,0.0,4,0.024096385542168676,-0.024096385542168676,1.159722222222222,0,0.0,4,0.16488046166529266
1867,3,QEL,0,0.0,4,0.024096385542168676,-0.024096385542168676,1.159722222222222,0,0.0,4,0.16488046166529266
1868,3,QLL,0,0.0,4,0.024096385542168676,-0.024096385542168676,1.159722222222222,0,0.0,4,0.16488046166529266
1869,3,RAA,0,0.0,4,0.024096385542168676,-0.024096385542168676,1.159722222222222,0,0.0,4,0.16488046166529266
1870,3,REL,0,0.0,4,0.024096385542168676,-0.024096385542168676,1.159722222222222,0,0.0,4,0.16488046166529266
1871,3,SKL,0,0.0,4,0.024096385542168676,-0.024096385542168676,1.159722222222222,0,0.0,4,0.16488046166529266
1872,3,VAL,0,0.0,4,0.024096385542168676,-0.024096385542168676,1.159722222222222,0,0.0,4,0.16488046166529266
1873,3,VKK,0,0.0,4,0.024096385542168676,-0.024096385542168676,1.159722222222222,0,0.0,4,0.16488046166529266
1874,3,VLA,0,0.0,4,0.024096385542168676,-0.024096385542168676,1.159722222222222,0,0.0,4,0.16488046166529266
1875,3,VVA,0,0.0,4,0.024096385542168676,-0.024096385542168676,1.159722222222222,0,0.0,4,0.16488046166529266
1876,3,WAK,0,0.0,4,0.024096385542168676,-0.024096385542168676,1.159722222222222,0,0.0,4,0.16488046166529266
1877,2,DD,0,0.0,5,0.030120481927710843,-0.030120481927710843,0.9488636363636362,0,0.0,5,0.19290123456790123
1878,2,DE,0,0.0,5,0.030120481927710843,-0.030120481927710843,0.9488636363636362,0,0.0,5,0.19290123456790123
1879,2,DM,0,0.0,5,0.030120481927710843,-0.030120481927710843,0.9488636363636362,0,0.0,5,0.19290123456790123
1880,2,EY,0,0.0,5,0.030120481927710843,-0.030120481927710843,0.9488636363636362,0,0.0,5,0.19290123456790123
1881,2,FG,0,0.0,5,0.030120481927710843,-0.030120481927710843,0.9488636363636362,0,0.0,5,0.19290123456790123
1882,2,GN,0,0.0,5,0.030120481927710843,-0.030120481927710843,0.9488636363636362,0,0.0,5,0.19290123456790123
1883,2,HE,0,0.0,5,0.030120481927710843,-0.030120481927710843,0.9488636363636362,0,0.0,5,0.19290123456790123
1884,2,HS,0,0.0,5,0.030120481927710843,-0.030120481927710843,0.9488636363636362,0,0.0,5,0.19290123456790123
1885,2,IT,0,0.0,5,0.030120481927710843,-0.030120481927710843,0.9488636363636362,0,0.0,5,0.19290123456790123
1886,2,KT,0,0.0,5,0.030120481927710843,-0.030120481927710843,0.9488636363636362,0,0.0,6,0.23148148148148148
1887,2,MF,0,0.0,5,0.030120481927710843,-0.030120481927710843,0.9488636363636362,0,0.0,5,0.19290123456790123
1888,2,MK,0,0.0,5,0.030120481927710843,-0.030120481927710843,0.9488636363636362,0,0.0,6,0.23148148148148148
1889,2,ML,0,0.0,5,0.030120481927710843,-0.030120481927710843,0.9488636363636362,0,0.0,5,0.19290123456790123
1890,2,MN,0,0.0,5,0.030120481927710843,-0.030120481927710843,0.9488636363636362,0,0.0,5,0.19290123456790123
1891,2,MR,0,0.0,5,0.030120481927710843,-0.030120481927710843,0.9488636363636362,0,0.0,5,0.19290123456790123
1892,2,MS,0,0.0,5,0.030120481927710843,-0.030120481927710843,0.9488636363636362,0,0.0,5,0.19290123456790123
1893,2,NE,0,0.0,5,0.030120481927710843,-0.030120481927710843,0.9488636363636362,0,0.0,5,0.19290123456790123
1894,2,NQ,0,0.0,5,0.030120481927710843,-0.030120481927710843,0.9488636363636362,0,0.0,5,0.19290123456790123
1895,2,NR,0,0.0,5,0.030120481927710843,-0.030120481927710843,0.9488636363636362,0,0.0,5,0.19290123456790123
1896,2,NT,0,0.0,5,0.030120481927710843,-0.030120481927710843,0.9488636363636362,0,0.0,5,0.19290123456790123
1897,2,PV,0,0.0,5,0.030120481927710843,-0.030120481927710843,0.9488636363636362,0,0.0,5,0.19290123456790123
1898,2,QH,0,0.0,5,0.030120481927710843,-0.030120481927710843,0.9488636363636362,0,0.0,5,0.19290123456790123
1899,2,QQ,0,0.0,5,0.030120481927710843,-0.030120481927710843,0.9488636363636362,0,0.0,5,0.19290123456790123
1900,2,SG,0,0.0,5,0.030120481927710843,-0.030120481927710843,0.9488636363636362,0,0.0,5,0.19290123456790123
1901,2,TH,0,0.0,5,0.030120481927710843,-0.030120481927710843,0.9488636363636362,0,0.0,5,0.19290123456790123
1902,2,TQ,0,0.0,5,0.030120481927710843,-0.030120481927710843,0.9488636363636362,0,0.0,5,0.19290123456790123
1903,2,VD,0,0.0,5,0.030120481927710843,-0.030120481927710843,0.9488636363636362,0,0.0,5,0.19290123456790123
1904,2,VM,0,0.0,5,0.030120481927710843,-0.030120481927710843,0.9488636363636362,0,0.0,5,0.19290123456790123
1905,2,WL,0,0.0,5,0.030120481927710843,-0.030120481927710843,0.9488636363636362,0,0.0,5,0.19290123456790123
1906,2,YA,0,0.0,5,0.030120481927710843,-0.030120481927710843,0.9488636363636362,0,0.0,5,0.19290123456790123
1907,2,YI,0,0.0,5,0.030120481927710843,-0.030120481927710843,0.9488636363636362,0,0.0,5,0.19290123456790123
1908,3,AAL,0,0.0,5,0.030120481927710843,-0.030120481927710843,0.9488636363636362,0,0.0,5,0.20610057708161583
1909,3,ALF,0,0.0,5,0.030120481927710843,-0.030120481927710843,0.9488636363636362,0,0.0,5,0.20610057708161583
1910,3,IKA,0,0.0,5,0.030120481927710843,-0.030120481927710843,0.9488636363636362,0,0.0,5,0.20610057708161583
1911,3,LAE,0,0.0,5,0.030120481927710843,-0.030120481927710843,0.9488636363636362,0,0.0,5,0.20610057708161583
1912,3,LIE,0,0.0,5,0.030120481927710843,-0.030120481927710843,0.9488636363636362,0,0.0,5,0.20610057708161583
1913,3,LLL,0,0.0,5,0.030120481927710843,-0.030120481927710843,0.9488636363636362,0,0.0,5,0.20610057708161583
1914,3,VAT,0,0.0,5,0.030120481927710843,-0.030120481927710843,0.9488636363636362,0,0.0,5,0.20610057708161583
1915,2,AH,0,0.0,6,0.03614457831325301,-0.03614457831325301,0.8028846153846153,0,0.0,6,0.23148148148148148
1916,2,AM,0,0.0,6,0.03614457831325301,-0.03614457831325301,0.8028846153846153,0,0.0,7,0.2700617283950617
1917,2,DV,0,0.0,6,0.03614457831325301,-0.03614457831325301,0.8028846153846153,0,0.0,6,0.23148148148148148
1918,2,FE,0,0.0,6,0.03614457831325301,-0.03614457831325301,0.8028846153846153,0,0.0,6,0.23148148148148148
1919,2,FR,0,0.0,6,0.03614457831325301,-0.03614457831325301,0.8028846153846153,0,0.0,6,0.23148148148148148
1920,2,GG,0,0.0,6,0.03614457831325301,-0.03614457831325301,0.8028846153846153,0,0.0,7,0.2700617283950617
1921,2,GV,0,0.0,6,0.03614457831325301,-0.03614457831325301,0.8028846153846153,0,0.0,6,0.23148148148148148
1922,2,HK,0,0.0,6,0.03614457831325301,-0.03614457831325301,0.8028846153846153,0,0.0,6,0.23148148148148148
1923,2,IN,0,0.0,6,0.03614457831325301,-0.03614457831325301,0.8028846153846153,0,0.0,6,0.23148148148148148
1924,2,KD,0,0.0,6,0.03614457831325301,-0.03614457831325301,0.8028846153846153,0,0.0,6,0.23148148148148148
1925,2,LM,0,0.0,6,0.03614457831325301,-0.03614457831325301,0.8028846153846153,0,0.0,6,0.23148148148148148
1926,2,MQ,0,0.0,6,0.03614457831325301,-0.03614457831325301,0.8028846153846153,0,0.0,6,0.23148148148148148
1927,2,NK,0,0.0,6,0.03614457831325301,-0.03614457831325301,0.8028846153846153,0,0.0,7,0.2700617283950617
1928,2,NN,0,0.0,6,0.03614457831325301,-0.03614457831325301,0.8028846153846153,0,0.0,7,0.2700617283950617
1929,2,QK,0,0.0,6,0.03614457831325301,-0.03614457831325301,0.8028846153846153,0,0.0,6,0.23148148148148148
1930,2,QS,0,0.0,6,0.03614457831325301,-0.03614457831325301,0.8028846153846153,0,0.0,6,0.23148148148148148
1931,2,QY,0,0.0,6,0.03614457831325301,-0.03614457831325301,0.8028846153846153,0,0.0,6,0.23148148148148148
1932,2,RH,0,0.0,6,0.03614457831325301,-0.03614457831325301,0.8028846153846153,0,0.0,6,0.23148148148148148
1933,2,SD,0,0.0,6,0.03614457831325301,-0.03614457831325301,0.8028846153846153,0,0.0,7,0.2700617283950617
1934,2,SN,0,0.0,6,0.03614457831325301,-0.03614457831325301,0.8028846153846153,0,0.0,6,0.23148148148148148
1935,2,SS,0,0.0,6,0.03614457831325301,-0.03614457831325301,0.8028846153846153,0,0.0,6,0.23148148148148148
1936,2,ST,0,0.0,6,0.03614457831325301,-0.03614457831325301,0.8028846153846153,0,0.0,6,0.23148148148148148
1937,2,TR,0,0.0,6,0.03614457831325301,-0.03614457831325301,0.8028846153846153,0,0.0,6,0.23148148148148148
1938,2,VE,0,0.0,6,0.03614457831325301,-0.03614457831325301,0.8028846153846153,0,0.0,6,0.23148148148148148
1939,2,VS,0,0.0,6,0.03614457831325301,-0.03614457831325301,0.8028846153846153,0,0.0,7,0.2700617283950617
1940,2,YV,0,0.0,6,0.03614457831325301,-0.03614457831325301,0.8028846153846153,0,0.0,6,0.23148148148148148
1941,2,YY,0,0.0,6,0.03614457831325301,-0.03614457831325301,0.8028846153846153,0,0.0,6,0.23148148148148148
1942,3,ALI,0,0.0,6,0.03614457831325301,-0.03614457831325301,0.8028846153846153,0,0.0,6,0.247320692497939
1943,3,KFL,0,0.0,6,0.03614457831325301,-0.03614457831325301,0.8028846153846153,0,0.0,6,0.247320692497939
1944,2,DK,0,0.0,7,0.04216867469879518,-0.04216867469879518,0.6958333333333333,0,0.0,7,0.2700617283950617
1945,2,ED,0,0.0,7,0.04216867469879518,-0.04216867469879518,0.6958333333333333,0,0.0,7,0.2700617283950617
1946,2,ES,0,0.0,7,0.04216867469879518,-0.04216867469879518,0.6958333333333333,0,0.0,7,0.2700617283950617
1947,2,FV,0,0.0,7,0.04216867469879518,-0.04216867469879518,0.6958333333333333,0,0.0,8,0.30864197530864196
1948,2,ID,0,0.0,7,0.04216867469879518,-0.04216867469879518,0.6958333333333333,0,0.0,8,0.30864197530864196
1949,2,II,0,0.0,7,0.04216867469879518,-0.04216867469879518,0.6958333333333333,0,0.0,9,0.3472222222222222
1950,2,LH,0,0.0,7,0.04216867469879518,-0.04216867469879518,0.6958333333333333,0,0.0,7,0.2700617283950617
1951,2,LS,0,0.0,7,0.04216867469879518,-0.04216867469879518,0.6958333333333333,0,0.0,7,0.2700617283950617
1952,2,NF,0,0.0,7,0.04216867469879518,-0.04216867469879518,0.6958333333333333,0,0.0,8,0.30864197530864196
1953,2,PL,0,0.0,7,0.04216867469879518,-0.04216867469879518,0.6958333333333333,0,0.0,7,0.2700617283950617
1954,2,QV,0,0.0,7,0.04216867469879518,-0.04216867469879518,0.6958333333333333,0,0.0,7,0.2700617283950617
1955,2,SI,0,0.0,7,0.04216867469879518,-0.04216867469879518,0.6958333333333333,0,0.0,7,0.2700617283950617
1956,2,TL,0,0.0,7,0.04216867469879518,-0.04216867469879518,0.6958333333333333,0,0.0,8,0.30864197530864196
1957,2,YL,0,0.0,7,0.04216867469879518,-0.04216867469879518,0.6958333333333333,0,0.0,8,0.30864197530864196
1958,3,EAL,0,0.0,7,0.04216867469879518,-0.04216867469879518,0.6958333333333333,0,0.0,7,0.2885408079142622
1959,2,AN,0,0.0,8,0.04819277108433735,-0.04819277108433735,0.6139705882352942,0,0.0,8,0.30864197530864196
1960,2,AQ,0,0.0,8,0.04819277108433735,-0.04819277108433735,0.6139705882352942,0,0.0,8,0.30864197530864196
1961,2,AR,0,0.0,8,0.04819277108433735,-0.04819277108433735,0.6139705882352942,0,0.0,8,0.30864197530864196
1962,2,DI,0,0.0,8,0.04819277108433735,-0.04819277108433735,0.6139705882352942,0,0.0,8,0.30864197530864196
1963,2,DS,0,0.0,8,0.04819277108433735,-0.04819277108433735,0.6139705882352942,0,0.0,8,0.30864197530864196
1964,2,EN,0,0.0,8,0.04819277108433735,-0.04819277108433735,0.6139705882352942,0,0.0,8,0.30864197530864196
1965,2,ET,0,0.0,8,0.04819277108433735,-0.04819277108433735,0.6139705882352942,0,0.0,8,0.30864197530864196
1966,2,FN,0,0.0,8,0.04819277108433735,-0.04819277108433735,0.6139705882352942,0,0.0,8,0.30864197530864196
1967,2,GA,0,0.0,8,0.04819277108433735,-0.04819277108433735,0.6139705882352942,0,0.0,8,0.30864197530864196
1968,2,HA,0,0.0,8,0.04819277108433735,-0.04819277108433735,0.6139705882352942,0,0.0,8,0.30864197530864196
1969,2,IQ,0,0.0,8,0.04819277108433735,-0.04819277108433735,0.6139705882352942,0,0.0,8,0.30864197530864196
1970,2,KG,0,0.0,8,0.04819277108433735,-0.04819277108433735,0.6139705882352942,0,0.0,8,0.30864197530864196
1971,2,KQ,0,0.0,8,0.04819277108433735,-0.04819277108433735,0.6139705882352942,0,0.0,9,0.3472222222222222
1972,2,RF,0,0.0,8,0.04819277108433735,-0.04819277108433735,0.6139705882352942,0,0.0,9,0.3472222222222222
1973,2,RK,0,0.0,8,0.04819277108433735,-0.04819277108433735,0.6139705882352942,0,0.0,8,0.30864197530864196
1974,2,SE,0,0.0,8,0.04819277108433735,-0.04819277108433735,0.6139705882352942,0,0.0,8,0.30864197530864196
1975,2,TE,0,0.0,8,0.04819277108433735,-0.04819277108433735,0.6139705882352942,0,0.0,8,0.30864197530864196
1976,2,TS,0,0.0,8,0.04819277108433735,-0.04819277108433735,0.6139705882352942,0,0.0,8,0.30864197530864196
1977,2,YR,0,0.0,8,0.04819277108433735,-0.04819277108433735,0.6139705882352942,0,0.0,8,0.30864197530864196
1978,2,AD,0,0.0,9,0.05421686746987952,-0.05421686746987952,0.549342105263158,0,0.0,9,0.3472222222222222
1979,2,AS,0,0.0,9,0.05421686746987952,-0.05421686746987952,0.549342105263158,0,0.0,9,0.3472222222222222
1980,2,EG,0,0.0,9,0.05421686746987952,-0.05421686746987952,0.549342105263158,0,0.0,9,0.3472222222222222
1981,2,EM,0,0.0,9,0.05421686746987952,-0.05421686746987952,0.549342105263158,0,0.0,9,0.3472222222222222
1982,2,HL,0,0.0,9,0.05421686746987952,-0.05421686746987952,0.549342105263158,0,0.0,9,0.3472222222222222
1983,2,IF,0,0.0,9,0.05421686746987952,-0.05421686746987952,0.549342105263158,0,0.0,9,0.3472222222222222
1984,2,NS,0,0.0,9,0.05421686746987952,-0.05421686746987952,0.549342105263158,0,0.0,9,0.3472222222222222
1985,2,PE,0,0.0,9,0.05421686746987952,-0.05421686746987952,0.549342105263158,0,0.0,9,0.3472222222222222
1986,2,QL,0,0.0,9,0.05421686746987952,-0.05421686746987952,0.549342105263158,0,0.0,9,0.3472222222222222
1987,2,QR,0,0.0,9,0.05421686746987952,-0.05421686746987952,0.549342105263158,0,0.0,9,0.3472222222222222
1988,2,SA,0,0.0,9,0.05421686746987952,-0.05421686746987952,0.549342105263158,0,0.0,9,0.3472222222222222
1989,2,TG,0,0.0,9,0.05421686746987952,-0.05421686746987952,0.549342105263158,0,0.0,9,0.3472222222222222
1990,2,TV,0,0.0,9,0.05421686746987952,-0.05421686746987952,0.549342105263158,0,0.0,9,0.3472222222222222
1991,2,VQ,0,0.0,9,0.05421686746987952,-0.05421686746987952,0.549342105263158,0,0.0,9,0.3472222222222222
1992,3,ELL,0,0.0,9,0.05421686746987952,-0.05421686746987952,0.549342105263158,0,0.0,9,0.37098103874690846
1993,2,AY,0,0.0,10,0.060240963855421686,-0.060240963855421686,0.49702380952380953,0,0.0,10,0.38580246913580246
1994,2,DL,0,0.0,10,0.060240963855421686,-0.060240963855421686,0.49702380952380953,0,0.0,11,0.4243827160493827
1995,2,LY,0,0.0,10,0.060240963855421686,-0.060240963855421686,0.49702380952380953,0,0.0,10,0.38580246913580246
1996,2,QE,0,0.0,10,0.060240963855421686,-0.060240963855421686,0.49702380952380953,0,0.0,10,0.38580246913580246
1997,2,SR,0,0.0,10,0.060240963855421686,-0.060240963855421686,0.49702380952380953,0,0.0,10,0.38580246913580246
1998,2,EE,0,0.0,11,0.06626506024096386,-0.06626506024096386,0.453804347826087,0,0.0,13,0.5015432098765432
1999,2,EI,0,0.0,11,0.06626506024096386,-0.06626506024096386,0.453804347826087,0,0.0,11,0.4243827160493827
2000,2,EQ,0,0.0,12,0.07228915662650602,-0.07228915662650602,0.41750000000000004,0,0.0,12,0.46296296296296297
2001,2,IS,0,0.0,12,0.07228915662650602,-0.07228915662650602,0.41750000000000004,0,0.0,12,0.46296296296296297
2002,2,KS,0,0.0,12,0.07228915662650602,-0.07228915662650602,0.41750000000000004,0,0.0,13,0.5015432098765432
2003,2,LN,0,0.0,12,0.07228915662650602,-0.07228915662650602,0.41750000000000004,0,0.0,12,0.46296296296296297
2004,2,SK,0,0.0,12,0.07228915662650602,-0.07228915662650602,0.41750000000000004,0,0.0,12,0.46296296296296297
2005,2,TA,0,0.0,12,0.07228915662650602,-0.07228915662650602,0.41750000000000004,0,0.0,12,0.46296296296296297
2006,2,VR,0,0.0,12,0.07228915662650602,-0.07228915662650602,0.41750000000000004,0,0.0,12,0.46296296296296297
2007,2,DA,0,0.0,13,0.0783132530120482,-0.0783132530120482,0.38657407407407407,0,0.0,14,0.5401234567901234
2008,2,IG,0,0.0,13,0.0783132530120482,-0.0783132530120482,0.38657407407407407,0,0.0,14,0.5401234567901234
2009,2,LD,0,0.0,13,0.0783132530120482,-0.0783132530120482,0.38657407407407407,0,0.0,13,0.5015432098765432
2010,2,RA,0,0.0,13,0.0783132530120482,-0.0783132530120482,0.38657407407407407,0,0.0,13,0.5015432098765432
2011,2,SV,0,0.0,13,0.0783132530120482,-0.0783132530120482,0.38657407407407407,0,0.0,13,0.5015432098765432
2012,2,LQ,0,0.0,14,0.08433734939759036,-0.08433734939759036,0.35991379310344823,0,0.0,14,0.5401234567901234
2013,2,NL,0,0.0,14,0.08433734939759036,-0.08433734939759036,0.35991379310344823,0,0.0,14,0.5401234567901234
2014,2,RI,0,0.0,14,0.08433734939759036,-0.08433734939759036,0.35991379310344823,0,0.0,15,0.5787037037037037
2015,2,VV,0,0.0,14,0.08433734939759036,-0.08433734939759036,0.35991379310344823,0,0.0,15,0.5787037037037037
2016,2,AT,0,0.0,15,0.09036144578313253,-0.09036144578313253,0.3366935483870968,0,0.0,15,0.5787037037037037
2017,2,EV,0,0.0,15,0.09036144578313253,-0.09036144578313253,0.3366935483870968,0,0.0,15,0.5787037037037037
2018,2,LT,0,0.0,15,0.09036144578313253,-0.09036144578313253,0.3366935483870968,0,0.0,15,0.5787037037037037
2019,2,ER,0,0.0,16,0.0963855421686747,-0.0963855421686747,0.3162878787878788,0,0.0,16,0.6172839506172839
2020,2,RE,0,0.0,16,0.0963855421686747,-0.0963855421686747,0.3162878787878788,0,0.0,17,0.6558641975308642
2021,2,QA,0,0.0,17,0.10240963855421686,-0.10240963855421686,0.2982142857142857,0,0.0,17,0.6558641975308642
2022,2,KE,0,0.0,18,0.10843373493975904,-0.10843373493975904,0.28209459459459457,0,0.0,19,0.7330246913580247
2023,2,SL,0,0.0,20,0.12048192771084337,-0.12048192771084337,0.2545731707317073,0,0.0,20,0.7716049382716049
2024,2,AE,0,0.0,21,0.12650602409638553,-0.12650602409638553,0.2427325581395349,0,0.0,22,0.8487654320987654
2025,2,LE,0,0.0,23,0.13855421686746988,-0.13855421686746988,0.2220744680851064,0,0.0,25,0.9645061728395061
2026,2,EL,0,0.0,24,0.14457831325301204,-0.14457831325301204,0.21301020408163265,0,0.0,26,1.0030864197530864
