threshold,family_id,family_minimum_member_ID,family_size,development_count,test_count,active_count,inactive_count,split_composition,label_composition,cross_split_family,mixed_label_family,member_IDs
0.8,1,1,4,3,1,4,0,cross_split,Active_only,True,False,1;85;86;87
0.8,2,2,51,37,14,17,34,cross_split,mixed_label,True,True,2;4;7;8;9;10;11;12;13;16;17;19;20;21;22;23;24;25;26;27;29;30;31;32;33;34;35;36;37;38;39;40;41;42;43;44;45;46;47;48;49;51;54;55;57;62;64;65;147;148;149
0.8,3,3,1,1,0,1,0,development_only,Active_only,False,False,3
0.8,4,5,1,1,0,0,1,development_only,Inactive_only,False,False,5
0.8,5,6,1,1,0,1,0,development_only,Active_only,False,False,6
0.8,6,14,1,1,0,1,0,development_only,Active_only,False,False,14
0.8,7,15,1,0,1,1,0,test_only,Active_only,False,False,15
0.8,8,18,1,1,0,0,1,development_only,Inactive_only,False,False,18
0.8,9,28,1,1,0,0,1,development_only,Inactive_only,False,False,28
0.8,10,50,1,0,1,1,0,test_only,Active_only,False,False,50
0.8,11,52,8,6,2,6,2,cross_split,mixed_label,True,True,52;56;58;59;60;61;63;150
0.8,12,53,1,1,0,1,0,development_only,Active_only,False,False,53
0.8,13,66,1,1,0,0,1,development_only,Inactive_only,False,False,66
0.8,14,67,1,0,1,0,1,test_only,Inactive_only,False,False,67
0.8,15,68,1,0,1,1,0,test_only,Active_only,False,False,68
0.8,16,69,1,1,0,0,1,development_only,Inactive_only,False,False,69
0.8,17,70,3,1,2,3,0,cross_split,Active_only,True,False,70;71;72
0.8,18,73,1,1,0,1,0,development_only,Active_only,False,False,73
0.8,19,74,1,1,0,1,0,development_only,Active_only,False,False,74
0.8,20,75,4,3,1,4,0,cross_split,Active_only,True,False,75;76;80;83
0.8,21,77,1,1,0,1,0,development_only,Active_only,False,False,77
0.8,22,78,1,0,1,1,0,test_only,Active_only,False,False,78
0.8,23,79,1,1,0,1,0,development_only,Active_only,False,False,79
0.8,24,81,1,1,0,1,0,development_only,Active_only,False,False,81
0.8,25,82,1,1,0,0,1,development_only,Inactive_only,False,False,82
0.8,26,84,1,1,0,1,0,development_only,Active_only,False,False,84
0.8,27,88,2,1,1,1,1,cross_split,mixed_label,True,True,88;89
0.8,28,90,14,11,3,14,0,cross_split,Active_only,True,False,90;91;92;93;94;95;102;103;104;105;106;107;108;109
0.8,29,96,1,1,0,1,0,development_only,Active_only,False,False,96
0.8,30,97,1,1,0,1,0,development_only,Active_only,False,False,97
0.8,31,98,3,3,0,3,0,development_only,Active_only,False,False,98;99;100
0.8,32,101,1,1,0,1,0,development_only,Active_only,False,False,101
0.8,33,110,1,1,0,0,1,development_only,Inactive_only,False,False,110
0.8,34,111,1,1,0,1,0,development_only,Active_only,False,False,111
0.8,35,112,2,2,0,2,0,development_only,Active_only,False,False,112;113
0.8,36,114,1,0,1,0,1,test_only,Inactive_only,False,False,114
0.8,37,115,1,1,0,1,0,development_only,Active_only,False,False,115
0.8,38,116,1,1,0,0,1,development_only,Inactive_only,False,False,116
0.8,39,117,1,1,0,1,0,development_only,Active_only,False,False,117
0.8,40,118,10,9,1,9,1,cross_split,mixed_label,True,True,118;120;123;124;127;128;129;130;131;132
0.8,41,119,1,1,0,0,1,development_only,Inactive_only,False,False,119
0.8,42,121,1,1,0,1,0,development_only,Active_only,False,False,121
0.8,43,122,1,1,0,1,0,development_only,Active_only,False,False,122
0.8,44,125,2,2,0,2,0,development_only,Active_only,False,False,125;126
0.8,45,133,1,1,0,1,0,development_only,Active_only,False,False,133
0.8,46,134,8,7,1,8,0,cross_split,Active_only,True,False,134;135;136;137;138;139;140;141
0.8,47,142,1,0,1,0,1,test_only,Inactive_only,False,False,142
0.8,48,143,1,1,0,1,0,development_only,Active_only,False,False,143
0.8,49,144,2,1,1,1,1,cross_split,mixed_label,True,True,144;145
0.8,50,146,1,1,0,1,0,development_only,Active_only,False,False,146
0.8,51,151,1,1,0,0,1,development_only,Inactive_only,False,False,151
0.8,52,152,1,1,0,0,1,development_only,Inactive_only,False,False,152
0.8,53,153,1,1,0,0,1,development_only,Inactive_only,False,False,153
0.8,54,154,1,1,0,0,1,development_only,Inactive_only,False,False,154
0.8,55,155,1,1,0,0,1,development_only,Inactive_only,False,False,155
0.8,56,156,1,1,0,0,1,development_only,Inactive_only,False,False,156
0.8,57,157,1,1,0,0,1,development_only,Inactive_only,False,False,157
0.8,58,158,1,0,1,0,1,test_only,Inactive_only,False,False,158
0.8,59,159,1,1,0,0,1,development_only,Inactive_only,False,False,159
0.8,60,160,1,1,0,0,1,development_only,Inactive_only,False,False,160
0.8,61,161,1,1,0,0,1,development_only,Inactive_only,False,False,161
0.8,62,162,1,1,0,0,1,development_only,Inactive_only,False,False,162
0.8,63,163,1,1,0,0,1,development_only,Inactive_only,False,False,163
0.8,64,164,1,1,0,0,1,development_only,Inactive_only,False,False,164
0.8,65,165,1,1,0,0,1,development_only,Inactive_only,False,False,165
0.8,66,166,1,0,1,0,1,test_only,Inactive_only,False,False,166
0.8,67,167,1,0,1,0,1,test_only,Inactive_only,False,False,167
0.8,68,168,1,1,0,0,1,development_only,Inactive_only,False,False,168
0.8,69,169,1,0,1,0,1,test_only,Inactive_only,False,False,169
0.8,70,170,1,0,1,0,1,test_only,Inactive_only,False,False,170
0.8,71,171,1,1,0,0,1,development_only,Inactive_only,False,False,171
0.8,72,172,1,1,0,0,1,development_only,Inactive_only,False,False,172
0.8,73,173,1,0,1,0,1,test_only,Inactive_only,False,False,173
0.8,74,174,1,1,0,0,1,development_only,Inactive_only,False,False,174
0.8,75,175,1,0,1,0,1,test_only,Inactive_only,False,False,175
0.8,76,176,1,1,0,0,1,development_only,Inactive_only,False,False,176
0.8,77,177,1,0,1,0,1,test_only,Inactive_only,False,False,177
0.8,78,178,1,1,0,0,1,development_only,Inactive_only,False,False,178
0.8,79,179,1,0,1,0,1,test_only,Inactive_only,False,False,179
0.8,80,180,1,1,0,0,1,development_only,Inactive_only,False,False,180
0.8,81,181,1,1,0,0,1,development_only,Inactive_only,False,False,181
0.8,82,182,1,1,0,0,1,development_only,Inactive_only,False,False,182
0.8,83,183,1,1,0,0,1,development_only,Inactive_only,False,False,183
0.8,84,184,1,1,0,0,1,development_only,Inactive_only,False,False,184
0.8,85,185,1,0,1,0,1,test_only,Inactive_only,False,False,185
0.8,86,186,1,1,0,0,1,development_only,Inactive_only,False,False,186
0.8,87,187,1,1,0,0,1,development_only,Inactive_only,False,False,187
0.8,88,188,1,1,0,0,1,development_only,Inactive_only,False,False,188
0.8,89,189,1,0,1,0,1,test_only,Inactive_only,False,False,189
0.8,90,190,1,1,0,0,1,development_only,Inactive_only,False,False,190
0.8,91,191,1,1,0,0,1,development_only,Inactive_only,False,False,191
0.8,92,192,1,1,0,0,1,development_only,Inactive_only,False,False,192
0.8,93,193,1,1,0,0,1,development_only,Inactive_only,False,False,193
0.8,94,194,1,1,0,0,1,development_only,Inactive_only,False,False,194
0.8,95,195,1,0,1,0,1,test_only,Inactive_only,False,False,195
0.8,96,196,1,1,0,0,1,development_only,Inactive_only,False,False,196
0.8,97,197,1,0,1,0,1,test_only,Inactive_only,False,False,197
0.8,98,198,1,0,1,0,1,test_only,Inactive_only,False,False,198
0.8,99,199,1,1,0,0,1,development_only,Inactive_only,False,False,199
0.8,100,200,1,1,0,0,1,development_only,Inactive_only,False,False,200
0.8,101,201,1,1,0,0,1,development_only,Inactive_only,False,False,201
0.8,102,202,1,1,0,0,1,development_only,Inactive_only,False,False,202
0.8,103,203,1,1,0,0,1,development_only,Inactive_only,False,False,203
0.8,104,204,1,1,0,0,1,development_only,Inactive_only,False,False,204
0.8,105,205,1,1,0,0,1,development_only,Inactive_only,False,False,205
0.8,106,206,1,1,0,0,1,development_only,Inactive_only,False,False,206
0.8,107,207,1,1,0,0,1,development_only,Inactive_only,False,False,207
0.8,108,208,1,1,0,0,1,development_only,Inactive_only,False,False,208
0.8,109,209,1,1,0,0,1,development_only,Inactive_only,False,False,209
0.8,110,210,1,1,0,0,1,development_only,Inactive_only,False,False,210
0.8,111,211,1,1,0,0,1,development_only,Inactive_only,False,False,211
0.8,112,212,1,0,1,0,1,test_only,Inactive_only,False,False,212
0.8,113,213,1,1,0,0,1,development_only,Inactive_only,False,False,213
0.8,114,214,1,1,0,0,1,development_only,Inactive_only,False,False,214
0.8,115,215,1,1,0,0,1,development_only,Inactive_only,False,False,215
0.8,116,216,1,0,1,0,1,test_only,Inactive_only,False,False,216
0.8,117,217,1,0,1,0,1,test_only,Inactive_only,False,False,217
0.8,118,218,1,1,0,0,1,development_only,Inactive_only,False,False,218
0.8,119,219,1,1,0,0,1,development_only,Inactive_only,False,False,219
0.8,120,220,1,1,0,0,1,development_only,Inactive_only,False,False,220
0.8,121,221,1,1,0,0,1,development_only,Inactive_only,False,False,221
0.8,122,222,1,1,0,0,1,development_only,Inactive_only,False,False,222
0.8,123,223,1,1,0,0,1,development_only,Inactive_only,False,False,223
0.8,124,224,1,1,0,0,1,development_only,Inactive_only,False,False,224
0.8,125,225,1,1,0,0,1,development_only,Inactive_only,False,False,225
0.8,126,226,1,1,0,0,1,development_only,Inactive_only,False,False,226
0.8,127,227,1,1,0,0,1,development_only,Inactive_only,False,False,227
0.8,128,228,1,1,0,0,1,development_only,Inactive_only,False,False,228
0.8,129,229,1,0,1,0,1,test_only,Inactive_only,False,False,229
0.8,130,230,1,1,0,0,1,development_only,Inactive_only,False,False,230
0.8,131,231,1,1,0,0,1,development_only,Inactive_only,False,False,231
0.8,132,232,1,1,0,0,1,development_only,Inactive_only,False,False,232
0.8,133,233,1,1,0,0,1,development_only,Inactive_only,False,False,233
0.8,134,234,1,1,0,0,1,development_only,Inactive_only,False,False,234
0.8,135,235,1,0,1,0,1,test_only,Inactive_only,False,False,235
0.8,136,236,1,1,0,0,1,development_only,Inactive_only,False,False,236
0.8,137,237,1,1,0,0,1,development_only,Inactive_only,False,False,237
0.8,138,238,1,1,0,0,1,development_only,Inactive_only,False,False,238
0.8,139,239,1,0,1,0,1,test_only,Inactive_only,False,False,239
0.8,140,240,1,1,0,0,1,development_only,Inactive_only,False,False,240
0.8,141,241,1,1,0,0,1,development_only,Inactive_only,False,False,241
0.8,142,242,1,1,0,0,1,development_only,Inactive_only,False,False,242
0.8,143,243,1,1,0,0,1,development_only,Inactive_only,False,False,243
0.8,144,244,1,1,0,0,1,development_only,Inactive_only,False,False,244
0.8,145,245,1,1,0,0,1,development_only,Inactive_only,False,False,245
0.8,146,246,1,1,0,0,1,development_only,Inactive_only,False,False,246
0.8,147,247,1,1,0,0,1,development_only,Inactive_only,False,False,247
0.8,148,248,1,1,0,0,1,development_only,Inactive_only,False,False,248
0.8,149,249,1,1,0,0,1,development_only,Inactive_only,False,False,249
0.8,150,250,1,1,0,0,1,development_only,Inactive_only,False,False,250
0.8,151,251,1,1,0,0,1,development_only,Inactive_only,False,False,251
0.8,152,252,1,0,1,0,1,test_only,Inactive_only,False,False,252
0.8,153,253,1,1,0,0,1,development_only,Inactive_only,False,False,253
0.8,154,254,1,1,0,0,1,development_only,Inactive_only,False,False,254
0.8,155,255,1,1,0,0,1,development_only,Inactive_only,False,False,255
0.8,156,256,1,1,0,0,1,development_only,Inactive_only,False,False,256
0.8,157,257,1,1,0,0,1,development_only,Inactive_only,False,False,257
0.8,158,258,1,1,0,0,1,development_only,Inactive_only,False,False,258
0.8,159,259,1,1,0,0,1,development_only,Inactive_only,False,False,259
0.8,160,260,1,1,0,0,1,development_only,Inactive_only,False,False,260
0.8,161,261,1,0,1,0,1,test_only,Inactive_only,False,False,261
0.8,162,262,1,1,0,0,1,development_only,Inactive_only,False,False,262
0.8,163,263,1,1,0,0,1,development_only,Inactive_only,False,False,263
0.8,164,264,1,1,0,0,1,development_only,Inactive_only,False,False,264
0.8,165,265,1,1,0,0,1,development_only,Inactive_only,False,False,265
0.8,166,266,1,1,0,0,1,development_only,Inactive_only,False,False,266
0.8,167,267,1,1,0,0,1,development_only,Inactive_only,False,False,267
0.8,168,268,1,1,0,0,1,development_only,Inactive_only,False,False,268
0.8,169,269,1,1,0,0,1,development_only,Inactive_only,False,False,269
0.8,170,270,1,1,0,0,1,development_only,Inactive_only,False,False,270
0.8,171,271,1,0,1,0,1,test_only,Inactive_only,False,False,271
0.8,172,272,1,1,0,0,1,development_only,Inactive_only,False,False,272
0.8,173,273,1,1,0,0,1,development_only,Inactive_only,False,False,273
0.8,174,274,1,1,0,0,1,development_only,Inactive_only,False,False,274
0.8,175,275,1,1,0,0,1,development_only,Inactive_only,False,False,275
0.8,176,276,1,1,0,0,1,development_only,Inactive_only,False,False,276
0.8,177,277,1,1,0,0,1,development_only,Inactive_only,False,False,277
0.8,178,278,1,1,0,0,1,development_only,Inactive_only,False,False,278
0.8,179,279,1,1,0,0,1,development_only,Inactive_only,False,False,279
0.8,180,280,1,1,0,0,1,development_only,Inactive_only,False,False,280
0.8,181,281,1,1,0,0,1,development_only,Inactive_only,False,False,281
0.8,182,282,1,0,1,0,1,test_only,Inactive_only,False,False,282
0.8,183,283,1,1,0,0,1,development_only,Inactive_only,False,False,283
0.8,184,284,1,1,0,0,1,development_only,Inactive_only,False,False,284
0.8,185,285,1,1,0,0,1,development_only,Inactive_only,False,False,285
0.8,186,286,1,1,0,0,1,development_only,Inactive_only,False,False,286
0.8,187,287,1,1,0,0,1,development_only,Inactive_only,False,False,287
0.8,188,288,1,0,1,0,1,test_only,Inactive_only,False,False,288
0.8,189,289,1,1,0,0,1,development_only,Inactive_only,False,False,289
0.8,190,290,1,1,0,0,1,development_only,Inactive_only,False,False,290
0.8,191,291,1,1,0,0,1,development_only,Inactive_only,False,False,291
0.8,192,292,1,1,0,0,1,development_only,Inactive_only,False,False,292
0.8,193,293,1,1,0,0,1,development_only,Inactive_only,False,False,293
0.8,194,294,1,1,0,0,1,development_only,Inactive_only,False,False,294
0.8,195,295,1,1,0,0,1,development_only,Inactive_only,False,False,295
0.8,196,296,1,1,0,0,1,development_only,Inactive_only,False,False,296
0.8,197,297,1,1,0,0,1,development_only,Inactive_only,False,False,297
0.8,198,298,1,1,0,0,1,development_only,Inactive_only,False,False,298
0.8,199,299,1,1,0,0,1,development_only,Inactive_only,False,False,299
0.8,200,300,1,1,0,0,1,development_only,Inactive_only,False,False,300
0.8,201,301,1,0,1,0,1,test_only,Inactive_only,False,False,301
0.8,202,302,1,0,1,0,1,test_only,Inactive_only,False,False,302
0.8,203,303,1,1,0,0,1,development_only,Inactive_only,False,False,303
0.8,204,304,1,1,0,0,1,development_only,Inactive_only,False,False,304
0.8,205,305,1,1,0,0,1,development_only,Inactive_only,False,False,305
0.8,206,306,1,1,0,0,1,development_only,Inactive_only,False,False,306
0.8,207,307,1,1,0,0,1,development_only,Inactive_only,False,False,307
0.8,208,308,1,1,0,0,1,development_only,Inactive_only,False,False,308
0.8,209,309,1,0,1,0,1,test_only,Inactive_only,False,False,309
0.8,210,310,1,1,0,0,1,development_only,Inactive_only,False,False,310
0.8,211,311,1,1,0,0,1,development_only,Inactive_only,False,False,311
0.8,212,312,1,1,0,0,1,development_only,Inactive_only,False,False,312
0.8,213,313,1,1,0,0,1,development_only,Inactive_only,False,False,313
0.8,214,314,1,1,0,0,1,development_only,Inactive_only,False,False,314
0.8,215,315,1,0,1,0,1,test_only,Inactive_only,False,False,315
0.8,216,316,1,0,1,0,1,test_only,Inactive_only,False,False,316
0.8,217,317,1,1,0,0,1,development_only,Inactive_only,False,False,317
0.8,218,318,1,1,0,0,1,development_only,Inactive_only,False,False,318
0.8,219,319,1,1,0,0,1,development_only,Inactive_only,False,False,319
0.8,220,320,1,1,0,0,1,development_only,Inactive_only,False,False,320
0.8,221,321,1,1,0,0,1,development_only,Inactive_only,False,False,321
0.8,222,322,1,1,0,0,1,development_only,Inactive_only,False,False,322
0.8,223,323,1,1,0,0,1,development_only,Inactive_only,False,False,323
0.8,224,324,1,1,0,0,1,development_only,Inactive_only,False,False,324
0.8,225,325,1,1,0,0,1,development_only,Inactive_only,False,False,325
0.8,226,326,1,0,1,0,1,test_only,Inactive_only,False,False,326
0.8,227,327,1,1,0,0,1,development_only,Inactive_only,False,False,327
0.8,228,328,1,1,0,0,1,development_only,Inactive_only,False,False,328
0.8,229,329,1,0,1,0,1,test_only,Inactive_only,False,False,329
0.8,230,330,1,1,0,0,1,development_only,Inactive_only,False,False,330
0.8,231,331,1,1,0,0,1,development_only,Inactive_only,False,False,331
0.8,232,332,1,1,0,0,1,development_only,Inactive_only,False,False,332
0.8,233,333,1,1,0,0,1,development_only,Inactive_only,False,False,333
0.8,234,334,1,1,0,0,1,development_only,Inactive_only,False,False,334
0.8,235,335,1,1,0,0,1,development_only,Inactive_only,False,False,335
0.8,236,336,1,1,0,0,1,development_only,Inactive_only,False,False,336
0.8,237,337,1,1,0,0,1,development_only,Inactive_only,False,False,337
0.8,238,338,1,1,0,0,1,development_only,Inactive_only,False,False,338
0.8,239,339,1,1,0,0,1,development_only,Inactive_only,False,False,339
0.8,240,340,1,1,0,0,1,development_only,Inactive_only,False,False,340
0.8,241,341,1,0,1,0,1,test_only,Inactive_only,False,False,341
0.8,242,342,1,1,0,0,1,development_only,Inactive_only,False,False,342
0.8,243,343,1,1,0,0,1,development_only,Inactive_only,False,False,343
0.8,244,344,1,1,0,0,1,development_only,Inactive_only,False,False,344
0.8,245,345,1,0,1,0,1,test_only,Inactive_only,False,False,345
0.8,246,346,1,1,0,0,1,development_only,Inactive_only,False,False,346
0.8,247,347,1,1,0,0,1,development_only,Inactive_only,False,False,347
0.8,248,348,1,1,0,0,1,development_only,Inactive_only,False,False,348
0.8,249,349,1,0,1,0,1,test_only,Inactive_only,False,False,349
0.8,250,350,1,1,0,0,1,development_only,Inactive_only,False,False,350
0.8,251,351,1,1,0,0,1,development_only,Inactive_only,False,False,351
0.8,252,352,1,0,1,0,1,test_only,Inactive_only,False,False,352
0.8,253,353,1,1,0,0,1,development_only,Inactive_only,False,False,353
0.8,254,354,1,1,0,0,1,development_only,Inactive_only,False,False,354
0.8,255,355,1,1,0,0,1,development_only,Inactive_only,False,False,355
0.8,256,356,1,1,0,0,1,development_only,Inactive_only,False,False,356
0.8,257,357,1,0,1,0,1,test_only,Inactive_only,False,False,357
0.8,258,358,1,1,0,0,1,development_only,Inactive_only,False,False,358
0.8,259,359,1,0,1,0,1,test_only,Inactive_only,False,False,359
0.8,260,360,1,1,0,0,1,development_only,Inactive_only,False,False,360
0.8,261,361,1,1,0,0,1,development_only,Inactive_only,False,False,361
0.8,262,362,1,1,0,0,1,development_only,Inactive_only,False,False,362
0.8,263,363,1,1,0,0,1,development_only,Inactive_only,False,False,363
0.8,264,364,1,0,1,0,1,test_only,Inactive_only,False,False,364
0.8,265,365,1,1,0,0,1,development_only,Inactive_only,False,False,365
0.8,266,366,1,0,1,0,1,test_only,Inactive_only,False,False,366
0.8,267,367,1,1,0,0,1,development_only,Inactive_only,False,False,367
0.8,268,368,1,1,0,0,1,development_only,Inactive_only,False,False,368
0.8,269,369,1,0,1,0,1,test_only,Inactive_only,False,False,369
0.8,270,370,1,0,1,0,1,test_only,Inactive_only,False,False,370
0.8,271,371,1,1,0,0,1,development_only,Inactive_only,False,False,371
0.8,272,372,1,0,1,0,1,test_only,Inactive_only,False,False,372
0.8,273,373,1,1,0,0,1,development_only,Inactive_only,False,False,373
0.8,274,374,1,1,0,0,1,development_only,Inactive_only,False,False,374
0.8,275,375,1,1,0,0,1,development_only,Inactive_only,False,False,375
0.8,276,376,1,1,0,0,1,development_only,Inactive_only,False,False,376
0.8,277,377,1,1,0,0,1,development_only,Inactive_only,False,False,377
0.8,278,378,1,1,0,0,1,development_only,Inactive_only,False,False,378
0.8,279,379,1,1,0,0,1,development_only,Inactive_only,False,False,379
0.8,280,380,1,1,0,0,1,development_only,Inactive_only,False,False,380
0.8,281,381,1,1,0,0,1,development_only,Inactive_only,False,False,381
0.8,282,382,1,1,0,0,1,development_only,Inactive_only,False,False,382
0.8,283,383,1,1,0,0,1,development_only,Inactive_only,False,False,383
0.8,284,384,1,1,0,0,1,development_only,Inactive_only,False,False,384
0.8,285,385,1,1,0,0,1,development_only,Inactive_only,False,False,385
0.8,286,386,1,1,0,0,1,development_only,Inactive_only,False,False,386
0.8,287,387,1,1,0,0,1,development_only,Inactive_only,False,False,387
0.8,288,388,1,0,1,0,1,test_only,Inactive_only,False,False,388
0.8,289,389,1,1,0,0,1,development_only,Inactive_only,False,False,389
0.8,290,390,1,1,0,0,1,development_only,Inactive_only,False,False,390
0.8,291,391,1,0,1,0,1,test_only,Inactive_only,False,False,391
0.8,292,392,1,0,1,0,1,test_only,Inactive_only,False,False,392
0.8,293,393,1,1,0,0,1,development_only,Inactive_only,False,False,393
0.8,294,394,1,0,1,0,1,test_only,Inactive_only,False,False,394
0.8,295,395,1,1,0,0,1,development_only,Inactive_only,False,False,395
0.8,296,396,1,0,1,0,1,test_only,Inactive_only,False,False,396
0.8,297,397,1,0,1,0,1,test_only,Inactive_only,False,False,397
0.8,298,398,1,1,0,0,1,development_only,Inactive_only,False,False,398
0.8,299,399,1,1,0,0,1,development_only,Inactive_only,False,False,399
0.8,300,400,1,1,0,0,1,development_only,Inactive_only,False,False,400
0.8,301,401,1,1,0,0,1,development_only,Inactive_only,False,False,401
0.8,302,402,1,1,0,0,1,development_only,Inactive_only,False,False,402
0.8,303,403,1,1,0,0,1,development_only,Inactive_only,False,False,403
0.8,304,404,1,1,0,0,1,development_only,Inactive_only,False,False,404
0.8,305,405,1,1,0,0,1,development_only,Inactive_only,False,False,405
0.8,306,406,1,1,0,0,1,development_only,Inactive_only,False,False,406
0.8,307,407,1,0,1,0,1,test_only,Inactive_only,False,False,407
0.8,308,408,1,1,0,0,1,development_only,Inactive_only,False,False,408
0.8,309,409,1,1,0,0,1,development_only,Inactive_only,False,False,409
0.8,310,410,1,1,0,0,1,development_only,Inactive_only,False,False,410
0.8,311,411,1,0,1,0,1,test_only,Inactive_only,False,False,411
0.8,312,412,1,1,0,0,1,development_only,Inactive_only,False,False,412
0.8,313,413,1,1,0,0,1,development_only,Inactive_only,False,False,413
0.8,314,414,1,1,0,0,1,development_only,Inactive_only,False,False,414
0.8,315,415,1,1,0,0,1,development_only,Inactive_only,False,False,415
0.8,316,416,1,0,1,0,1,test_only,Inactive_only,False,False,416
0.8,317,417,1,1,0,0,1,development_only,Inactive_only,False,False,417
0.8,318,418,1,1,0,0,1,development_only,Inactive_only,False,False,418
0.8,319,419,1,0,1,0,1,test_only,Inactive_only,False,False,419
0.8,320,420,1,1,0,0,1,development_only,Inactive_only,False,False,420
0.8,321,421,1,1,0,0,1,development_only,Inactive_only,False,False,421
0.8,322,422,1,1,0,0,1,development_only,Inactive_only,False,False,422
0.8,323,423,1,1,0,0,1,development_only,Inactive_only,False,False,423
0.8,324,424,1,0,1,0,1,test_only,Inactive_only,False,False,424
0.8,325,425,1,1,0,0,1,development_only,Inactive_only,False,False,425
0.8,326,426,1,1,0,0,1,development_only,Inactive_only,False,False,426
0.8,327,427,1,1,0,0,1,development_only,Inactive_only,False,False,427
0.8,328,428,1,0,1,0,1,test_only,Inactive_only,False,False,428
0.8,329,429,1,1,0,0,1,development_only,Inactive_only,False,False,429
0.8,330,430,1,1,0,0,1,development_only,Inactive_only,False,False,430
0.8,331,431,1,1,0,0,1,development_only,Inactive_only,False,False,431
0.8,332,432,1,1,0,0,1,development_only,Inactive_only,False,False,432
0.8,333,433,1,0,1,0,1,test_only,Inactive_only,False,False,433
0.8,334,434,1,0,1,0,1,test_only,Inactive_only,False,False,434
0.8,335,435,1,1,0,0,1,development_only,Inactive_only,False,False,435
0.8,336,436,1,1,0,0,1,development_only,Inactive_only,False,False,436
0.8,337,437,1,1,0,0,1,development_only,Inactive_only,False,False,437
0.8,338,438,1,1,0,0,1,development_only,Inactive_only,False,False,438
0.8,339,439,1,0,1,0,1,test_only,Inactive_only,False,False,439
0.8,340,440,1,1,0,0,1,development_only,Inactive_only,False,False,440
0.8,341,441,1,1,0,0,1,development_only,Inactive_only,False,False,441
0.8,342,442,1,1,0,0,1,development_only,Inactive_only,False,False,442
0.8,343,443,1,1,0,0,1,development_only,Inactive_only,False,False,443
0.8,344,444,1,1,0,0,1,development_only,Inactive_only,False,False,444
0.8,345,445,1,1,0,0,1,development_only,Inactive_only,False,False,445
0.8,346,446,1,1,0,0,1,development_only,Inactive_only,False,False,446
0.8,347,447,1,1,0,0,1,development_only,Inactive_only,False,False,447
0.8,348,448,1,1,0,0,1,development_only,Inactive_only,False,False,448
0.8,349,449,1,1,0,0,1,development_only,Inactive_only,False,False,449
0.8,350,450,1,1,0,0,1,development_only,Inactive_only,False,False,450
0.8,351,451,1,0,1,0,1,test_only,Inactive_only,False,False,451
0.8,352,452,1,0,1,0,1,test_only,Inactive_only,False,False,452
0.8,353,453,1,0,1,0,1,test_only,Inactive_only,False,False,453
0.8,354,454,1,1,0,0,1,development_only,Inactive_only,False,False,454
0.8,355,455,1,1,0,0,1,development_only,Inactive_only,False,False,455
0.8,356,456,1,1,0,0,1,development_only,Inactive_only,False,False,456
0.8,357,457,1,1,0,0,1,development_only,Inactive_only,False,False,457
0.8,358,458,1,1,0,0,1,development_only,Inactive_only,False,False,458
0.8,359,459,1,0,1,0,1,test_only,Inactive_only,False,False,459
0.8,360,460,1,1,0,0,1,development_only,Inactive_only,False,False,460
0.8,361,461,1,0,1,0,1,test_only,Inactive_only,False,False,461
0.8,362,462,1,1,0,0,1,development_only,Inactive_only,False,False,462
0.8,363,463,1,1,0,0,1,development_only,Inactive_only,False,False,463
0.8,364,464,1,0,1,0,1,test_only,Inactive_only,False,False,464
0.8,365,465,1,0,1,0,1,test_only,Inactive_only,False,False,465
0.8,366,466,1,1,0,0,1,development_only,Inactive_only,False,False,466
0.8,367,467,1,1,0,0,1,development_only,Inactive_only,False,False,467
0.8,368,468,1,1,0,0,1,development_only,Inactive_only,False,False,468
0.8,369,469,1,0,1,0,1,test_only,Inactive_only,False,False,469
0.8,370,470,1,1,0,0,1,development_only,Inactive_only,False,False,470
0.8,371,471,1,1,0,0,1,development_only,Inactive_only,False,False,471
0.8,372,472,1,1,0,0,1,development_only,Inactive_only,False,False,472
0.8,373,473,1,1,0,0,1,development_only,Inactive_only,False,False,473
0.8,374,474,1,1,0,0,1,development_only,Inactive_only,False,False,474
0.8,375,475,1,1,0,0,1,development_only,Inactive_only,False,False,475
0.8,376,476,1,1,0,0,1,development_only,Inactive_only,False,False,476
0.8,377,477,1,1,0,0,1,development_only,Inactive_only,False,False,477
0.8,378,478,1,0,1,0,1,test_only,Inactive_only,False,False,478
0.8,379,479,1,1,0,0,1,development_only,Inactive_only,False,False,479
0.8,380,480,1,1,0,0,1,development_only,Inactive_only,False,False,480
0.8,381,481,1,1,0,0,1,development_only,Inactive_only,False,False,481
0.8,382,482,1,1,0,0,1,development_only,Inactive_only,False,False,482
0.8,383,483,1,1,0,0,1,development_only,Inactive_only,False,False,483
0.8,384,484,1,1,0,0,1,development_only,Inactive_only,False,False,484
0.8,385,485,1,1,0,0,1,development_only,Inactive_only,False,False,485
0.8,386,486,1,1,0,0,1,development_only,Inactive_only,False,False,486
0.8,387,487,1,1,0,0,1,development_only,Inactive_only,False,False,487
0.8,388,488,1,1,0,0,1,development_only,Inactive_only,False,False,488
0.8,389,489,1,1,0,0,1,development_only,Inactive_only,False,False,489
0.8,390,490,1,0,1,0,1,test_only,Inactive_only,False,False,490
0.8,391,491,1,0,1,0,1,test_only,Inactive_only,False,False,491
0.8,392,492,1,1,0,0,1,development_only,Inactive_only,False,False,492
0.8,393,493,1,0,1,0,1,test_only,Inactive_only,False,False,493
0.8,394,494,1,1,0,0,1,development_only,Inactive_only,False,False,494
0.8,395,495,1,1,0,0,1,development_only,Inactive_only,False,False,495
0.8,396,496,1,1,0,0,1,development_only,Inactive_only,False,False,496
0.8,397,497,1,0,1,0,1,test_only,Inactive_only,False,False,497
0.8,398,498,1,1,0,0,1,development_only,Inactive_only,False,False,498
0.8,399,499,1,1,0,0,1,development_only,Inactive_only,False,False,499
0.8,400,500,1,1,0,0,1,development_only,Inactive_only,False,False,500
0.8,401,501,1,0,1,0,1,test_only,Inactive_only,False,False,501
0.8,402,502,1,1,0,0,1,development_only,Inactive_only,False,False,502
0.8,403,503,1,1,0,0,1,development_only,Inactive_only,False,False,503
0.8,404,504,1,1,0,0,1,development_only,Inactive_only,False,False,504
0.8,405,505,1,1,0,0,1,development_only,Inactive_only,False,False,505
0.8,406,506,1,1,0,0,1,development_only,Inactive_only,False,False,506
0.8,407,507,1,0,1,0,1,test_only,Inactive_only,False,False,507
0.8,408,508,1,1,0,0,1,development_only,Inactive_only,False,False,508
0.8,409,509,1,1,0,0,1,development_only,Inactive_only,False,False,509
0.8,410,510,1,1,0,0,1,development_only,Inactive_only,False,False,510
0.8,411,511,1,1,0,0,1,development_only,Inactive_only,False,False,511
0.8,412,512,1,0,1,0,1,test_only,Inactive_only,False,False,512
0.8,413,513,1,0,1,0,1,test_only,Inactive_only,False,False,513
0.8,414,514,1,1,0,0,1,development_only,Inactive_only,False,False,514
0.8,415,515,1,1,0,0,1,development_only,Inactive_only,False,False,515
0.8,416,516,1,0,1,0,1,test_only,Inactive_only,False,False,516
0.8,417,517,1,0,1,0,1,test_only,Inactive_only,False,False,517
0.8,418,518,1,0,1,0,1,test_only,Inactive_only,False,False,518
0.8,419,519,1,0,1,0,1,test_only,Inactive_only,False,False,519
0.8,420,520,1,1,0,0,1,development_only,Inactive_only,False,False,520
0.8,421,521,1,1,0,0,1,development_only,Inactive_only,False,False,521
0.8,422,522,1,1,0,0,1,development_only,Inactive_only,False,False,522
0.8,423,523,1,1,0,0,1,development_only,Inactive_only,False,False,523
0.8,424,524,1,1,0,0,1,development_only,Inactive_only,False,False,524
0.8,425,525,1,1,0,0,1,development_only,Inactive_only,False,False,525
0.8,426,526,1,1,0,0,1,development_only,Inactive_only,False,False,526
0.8,427,527,1,1,0,0,1,development_only,Inactive_only,False,False,527
0.8,428,528,1,1,0,0,1,development_only,Inactive_only,False,False,528
0.8,429,529,1,1,0,0,1,development_only,Inactive_only,False,False,529
0.8,430,530,1,1,0,0,1,development_only,Inactive_only,False,False,530
0.8,431,531,1,1,0,0,1,development_only,Inactive_only,False,False,531
0.8,432,532,1,0,1,0,1,test_only,Inactive_only,False,False,532
0.8,433,533,1,1,0,0,1,development_only,Inactive_only,False,False,533
0.8,434,534,1,0,1,0,1,test_only,Inactive_only,False,False,534
0.8,435,535,1,0,1,0,1,test_only,Inactive_only,False,False,535
0.8,436,536,1,1,0,0,1,development_only,Inactive_only,False,False,536
0.8,437,537,1,1,0,0,1,development_only,Inactive_only,False,False,537
0.8,438,538,1,0,1,0,1,test_only,Inactive_only,False,False,538
0.8,439,539,1,1,0,0,1,development_only,Inactive_only,False,False,539
0.8,440,540,1,1,0,0,1,development_only,Inactive_only,False,False,540
0.8,441,541,1,1,0,0,1,development_only,Inactive_only,False,False,541
0.8,442,542,1,1,0,0,1,development_only,Inactive_only,False,False,542
0.8,443,543,1,1,0,0,1,development_only,Inactive_only,False,False,543
0.8,444,544,1,0,1,0,1,test_only,Inactive_only,False,False,544
0.8,445,545,1,1,0,0,1,development_only,Inactive_only,False,False,545
0.8,446,546,1,0,1,0,1,test_only,Inactive_only,False,False,546
0.8,447,547,1,1,0,0,1,development_only,Inactive_only,False,False,547
0.8,448,548,1,1,0,0,1,development_only,Inactive_only,False,False,548
0.8,449,549,1,1,0,0,1,development_only,Inactive_only,False,False,549
0.8,450,550,1,1,0,0,1,development_only,Inactive_only,False,False,550
0.8,451,551,1,1,0,0,1,development_only,Inactive_only,False,False,551
0.8,452,552,1,1,0,0,1,development_only,Inactive_only,False,False,552
0.8,453,553,1,1,0,0,1,development_only,Inactive_only,False,False,553
0.8,454,554,1,0,1,0,1,test_only,Inactive_only,False,False,554
0.8,455,555,1,1,0,0,1,development_only,Inactive_only,False,False,555
0.8,456,556,1,1,0,0,1,development_only,Inactive_only,False,False,556
0.8,457,557,1,1,0,0,1,development_only,Inactive_only,False,False,557
0.8,458,558,1,1,0,0,1,development_only,Inactive_only,False,False,558
0.8,459,559,1,1,0,0,1,development_only,Inactive_only,False,False,559
0.8,460,560,1,1,0,0,1,development_only,Inactive_only,False,False,560
0.8,461,561,1,1,0,0,1,development_only,Inactive_only,False,False,561
0.8,462,562,1,0,1,0,1,test_only,Inactive_only,False,False,562
0.8,463,563,1,0,1,0,1,test_only,Inactive_only,False,False,563
0.8,464,564,1,1,0,0,1,development_only,Inactive_only,False,False,564
0.8,465,565,1,1,0,0,1,development_only,Inactive_only,False,False,565
0.8,466,566,1,1,0,0,1,development_only,Inactive_only,False,False,566
0.8,467,567,1,0,1,0,1,test_only,Inactive_only,False,False,567
0.8,468,568,1,1,0,0,1,development_only,Inactive_only,False,False,568
0.8,469,569,1,0,1,0,1,test_only,Inactive_only,False,False,569
0.8,470,570,1,0,1,0,1,test_only,Inactive_only,False,False,570
0.8,471,571,1,1,0,0,1,development_only,Inactive_only,False,False,571
0.8,472,572,1,1,0,0,1,development_only,Inactive_only,False,False,572
0.8,473,573,1,0,1,0,1,test_only,Inactive_only,False,False,573
0.8,474,574,1,1,0,0,1,development_only,Inactive_only,False,False,574
0.8,475,575,1,1,0,0,1,development_only,Inactive_only,False,False,575
0.8,476,576,1,0,1,0,1,test_only,Inactive_only,False,False,576
0.8,477,577,1,1,0,0,1,development_only,Inactive_only,False,False,577
0.8,478,578,1,0,1,0,1,test_only,Inactive_only,False,False,578
0.8,479,579,1,1,0,0,1,development_only,Inactive_only,False,False,579
0.8,480,580,1,0,1,0,1,test_only,Inactive_only,False,False,580
0.8,481,581,1,0,1,0,1,test_only,Inactive_only,False,False,581
0.8,482,582,1,1,0,0,1,development_only,Inactive_only,False,False,582
0.8,483,583,1,1,0,0,1,development_only,Inactive_only,False,False,583
0.8,484,584,1,1,0,0,1,development_only,Inactive_only,False,False,584
0.8,485,585,1,1,0,0,1,development_only,Inactive_only,False,False,585
0.8,486,586,1,1,0,0,1,development_only,Inactive_only,False,False,586
0.8,487,587,1,1,0,0,1,development_only,Inactive_only,False,False,587
0.8,488,588,1,1,0,0,1,development_only,Inactive_only,False,False,588
0.8,489,589,1,1,0,0,1,development_only,Inactive_only,False,False,589
0.8,490,590,1,1,0,0,1,development_only,Inactive_only,False,False,590
0.8,491,591,1,1,0,0,1,development_only,Inactive_only,False,False,591
0.8,492,592,1,1,0,0,1,development_only,Inactive_only,False,False,592
0.8,493,593,1,1,0,0,1,development_only,Inactive_only,False,False,593
0.8,494,594,1,1,0,0,1,development_only,Inactive_only,False,False,594
0.8,495,595,1,1,0,0,1,development_only,Inactive_only,False,False,595
0.8,496,596,1,1,0,0,1,development_only,Inactive_only,False,False,596
0.8,497,597,1,1,0,0,1,development_only,Inactive_only,False,False,597
0.8,498,598,1,1,0,0,1,development_only,Inactive_only,False,False,598
0.8,499,599,1,1,0,0,1,development_only,Inactive_only,False,False,599
0.8,500,600,1,0,1,0,1,test_only,Inactive_only,False,False,600
0.8,501,601,1,1,0,0,1,development_only,Inactive_only,False,False,601
0.8,502,602,1,0,1,0,1,test_only,Inactive_only,False,False,602
0.8,503,603,1,1,0,0,1,development_only,Inactive_only,False,False,603
0.8,504,604,1,1,0,0,1,development_only,Inactive_only,False,False,604
0.8,505,605,1,1,0,0,1,development_only,Inactive_only,False,False,605
0.8,506,606,1,1,0,0,1,development_only,Inactive_only,False,False,606
0.8,507,607,1,1,0,0,1,development_only,Inactive_only,False,False,607
0.8,508,608,1,0,1,0,1,test_only,Inactive_only,False,False,608
0.8,509,609,1,1,0,0,1,development_only,Inactive_only,False,False,609
0.8,510,610,1,1,0,0,1,development_only,Inactive_only,False,False,610
0.8,511,611,1,1,0,0,1,development_only,Inactive_only,False,False,611
0.8,512,612,1,1,0,0,1,development_only,Inactive_only,False,False,612
0.8,513,613,1,1,0,0,1,development_only,Inactive_only,False,False,613
0.8,514,614,1,0,1,0,1,test_only,Inactive_only,False,False,614
0.8,515,615,1,0,1,0,1,test_only,Inactive_only,False,False,615
0.8,516,616,1,1,0,0,1,development_only,Inactive_only,False,False,616
0.8,517,617,1,1,0,0,1,development_only,Inactive_only,False,False,617
0.8,518,618,1,1,0,0,1,development_only,Inactive_only,False,False,618
0.8,519,619,1,1,0,0,1,development_only,Inactive_only,False,False,619
0.8,520,620,1,1,0,0,1,development_only,Inactive_only,False,False,620
0.8,521,621,1,1,0,0,1,development_only,Inactive_only,False,False,621
0.8,522,622,1,1,0,0,1,development_only,Inactive_only,False,False,622
0.8,523,623,1,1,0,0,1,development_only,Inactive_only,False,False,623
0.8,524,624,1,1,0,0,1,development_only,Inactive_only,False,False,624
0.8,525,625,1,1,0,0,1,development_only,Inactive_only,False,False,625
0.8,526,626,1,0,1,0,1,test_only,Inactive_only,False,False,626
0.8,527,627,1,1,0,0,1,development_only,Inactive_only,False,False,627
0.8,528,628,1,1,0,0,1,development_only,Inactive_only,False,False,628
0.8,529,629,1,1,0,0,1,development_only,Inactive_only,False,False,629
0.8,530,630,1,1,0,0,1,development_only,Inactive_only,False,False,630
0.8,531,631,1,1,0,0,1,development_only,Inactive_only,False,False,631
0.8,532,632,1,1,0,0,1,development_only,Inactive_only,False,False,632
0.8,533,633,1,1,0,0,1,development_only,Inactive_only,False,False,633
0.8,534,634,1,0,1,0,1,test_only,Inactive_only,False,False,634
0.8,535,635,1,1,0,0,1,development_only,Inactive_only,False,False,635
0.8,536,636,1,1,0,0,1,development_only,Inactive_only,False,False,636
0.8,537,637,1,1,0,0,1,development_only,Inactive_only,False,False,637
0.8,538,638,1,1,0,0,1,development_only,Inactive_only,False,False,638
0.8,539,639,1,1,0,0,1,development_only,Inactive_only,False,False,639
0.8,540,640,1,1,0,0,1,development_only,Inactive_only,False,False,640
0.8,541,641,1,0,1,0,1,test_only,Inactive_only,False,False,641
0.8,542,642,1,1,0,0,1,development_only,Inactive_only,False,False,642
0.8,543,643,1,1,0,0,1,development_only,Inactive_only,False,False,643
0.8,544,644,1,1,0,0,1,development_only,Inactive_only,False,False,644
0.8,545,645,1,1,0,0,1,development_only,Inactive_only,False,False,645
0.8,546,646,1,1,0,0,1,development_only,Inactive_only,False,False,646
0.8,547,647,1,0,1,0,1,test_only,Inactive_only,False,False,647
0.8,548,648,1,1,0,0,1,development_only,Inactive_only,False,False,648
0.8,549,649,1,1,0,0,1,development_only,Inactive_only,False,False,649
0.8,550,650,1,1,0,0,1,development_only,Inactive_only,False,False,650
0.8,551,651,1,1,0,0,1,development_only,Inactive_only,False,False,651
0.8,552,652,1,1,0,0,1,development_only,Inactive_only,False,False,652
0.8,553,653,1,1,0,0,1,development_only,Inactive_only,False,False,653
0.8,554,654,1,1,0,0,1,development_only,Inactive_only,False,False,654
0.8,555,655,1,1,0,0,1,development_only,Inactive_only,False,False,655
0.8,556,656,1,1,0,0,1,development_only,Inactive_only,False,False,656
0.8,557,657,1,0,1,0,1,test_only,Inactive_only,False,False,657
0.8,558,658,1,1,0,0,1,development_only,Inactive_only,False,False,658
0.8,559,659,1,1,0,0,1,development_only,Inactive_only,False,False,659
0.8,560,660,1,1,0,0,1,development_only,Inactive_only,False,False,660
0.8,561,661,1,1,0,0,1,development_only,Inactive_only,False,False,661
0.8,562,662,1,1,0,0,1,development_only,Inactive_only,False,False,662
0.8,563,663,1,0,1,0,1,test_only,Inactive_only,False,False,663
0.8,564,664,1,1,0,0,1,development_only,Inactive_only,False,False,664
0.8,565,665,1,1,0,0,1,development_only,Inactive_only,False,False,665
0.8,566,666,1,1,0,0,1,development_only,Inactive_only,False,False,666
0.8,567,667,1,1,0,0,1,development_only,Inactive_only,False,False,667
0.8,568,668,1,1,0,0,1,development_only,Inactive_only,False,False,668
0.8,569,669,1,1,0,0,1,development_only,Inactive_only,False,False,669
0.8,570,670,1,1,0,0,1,development_only,Inactive_only,False,False,670
0.8,571,671,1,0,1,0,1,test_only,Inactive_only,False,False,671
0.8,572,672,1,1,0,0,1,development_only,Inactive_only,False,False,672
0.8,573,673,1,1,0,0,1,development_only,Inactive_only,False,False,673
0.8,574,674,1,1,0,0,1,development_only,Inactive_only,False,False,674
0.8,575,675,1,0,1,0,1,test_only,Inactive_only,False,False,675
0.8,576,676,1,1,0,0,1,development_only,Inactive_only,False,False,676
0.8,577,677,1,1,0,0,1,development_only,Inactive_only,False,False,677
0.8,578,678,1,1,0,0,1,development_only,Inactive_only,False,False,678
0.8,579,679,1,0,1,0,1,test_only,Inactive_only,False,False,679
0.8,580,680,1,1,0,0,1,development_only,Inactive_only,False,False,680
0.8,581,681,1,1,0,0,1,development_only,Inactive_only,False,False,681
0.8,582,682,1,1,0,0,1,development_only,Inactive_only,False,False,682
0.8,583,683,1,1,0,0,1,development_only,Inactive_only,False,False,683
0.8,584,684,1,1,0,0,1,development_only,Inactive_only,False,False,684
0.8,585,685,1,1,0,0,1,development_only,Inactive_only,False,False,685
0.8,586,686,1,1,0,0,1,development_only,Inactive_only,False,False,686
0.8,587,687,1,1,0,0,1,development_only,Inactive_only,False,False,687
0.8,588,688,1,1,0,0,1,development_only,Inactive_only,False,False,688
0.8,589,689,1,1,0,0,1,development_only,Inactive_only,False,False,689
0.8,590,690,1,1,0,0,1,development_only,Inactive_only,False,False,690
0.8,591,691,1,1,0,0,1,development_only,Inactive_only,False,False,691
0.8,592,692,1,1,0,0,1,development_only,Inactive_only,False,False,692
0.8,593,693,1,1,0,0,1,development_only,Inactive_only,False,False,693
0.8,594,694,1,0,1,0,1,test_only,Inactive_only,False,False,694
0.8,595,695,1,1,0,0,1,development_only,Inactive_only,False,False,695
0.8,596,696,1,1,0,0,1,development_only,Inactive_only,False,False,696
0.8,597,697,1,1,0,0,1,development_only,Inactive_only,False,False,697
0.8,598,698,1,1,0,0,1,development_only,Inactive_only,False,False,698
0.8,599,699,1,1,0,0,1,development_only,Inactive_only,False,False,699
0.8,600,700,1,1,0,0,1,development_only,Inactive_only,False,False,700
0.8,601,701,1,0,1,0,1,test_only,Inactive_only,False,False,701
0.8,602,702,1,1,0,0,1,development_only,Inactive_only,False,False,702
0.8,603,703,1,1,0,0,1,development_only,Inactive_only,False,False,703
0.8,604,704,1,0,1,0,1,test_only,Inactive_only,False,False,704
0.8,605,705,1,0,1,0,1,test_only,Inactive_only,False,False,705
0.8,606,706,1,1,0,0,1,development_only,Inactive_only,False,False,706
0.8,607,707,1,1,0,0,1,development_only,Inactive_only,False,False,707
0.8,608,708,1,0,1,0,1,test_only,Inactive_only,False,False,708
0.8,609,709,1,1,0,0,1,development_only,Inactive_only,False,False,709
0.8,610,710,1,1,0,0,1,development_only,Inactive_only,False,False,710
0.8,611,711,1,1,0,0,1,development_only,Inactive_only,False,False,711
0.8,612,712,1,1,0,0,1,development_only,Inactive_only,False,False,712
0.8,613,713,1,0,1,0,1,test_only,Inactive_only,False,False,713
0.8,614,714,1,1,0,0,1,development_only,Inactive_only,False,False,714
0.8,615,715,1,1,0,0,1,development_only,Inactive_only,False,False,715
0.8,616,716,1,1,0,0,1,development_only,Inactive_only,False,False,716
0.8,617,717,1,1,0,0,1,development_only,Inactive_only,False,False,717
0.8,618,718,1,1,0,0,1,development_only,Inactive_only,False,False,718
0.8,619,719,1,1,0,0,1,development_only,Inactive_only,False,False,719
0.8,620,720,1,0,1,0,1,test_only,Inactive_only,False,False,720
0.8,621,721,1,1,0,0,1,development_only,Inactive_only,False,False,721
0.8,622,722,1,1,0,0,1,development_only,Inactive_only,False,False,722
0.8,623,723,1,0,1,0,1,test_only,Inactive_only,False,False,723
0.8,624,724,1,0,1,0,1,test_only,Inactive_only,False,False,724
0.8,625,725,1,1,0,0,1,development_only,Inactive_only,False,False,725
0.8,626,726,1,1,0,0,1,development_only,Inactive_only,False,False,726
0.8,627,727,1,1,0,0,1,development_only,Inactive_only,False,False,727
0.8,628,728,1,0,1,0,1,test_only,Inactive_only,False,False,728
0.8,629,729,1,1,0,0,1,development_only,Inactive_only,False,False,729
0.8,630,730,1,0,1,0,1,test_only,Inactive_only,False,False,730
0.8,631,731,1,1,0,0,1,development_only,Inactive_only,False,False,731
0.8,632,732,1,1,0,0,1,development_only,Inactive_only,False,False,732
0.8,633,733,1,1,0,0,1,development_only,Inactive_only,False,False,733
0.8,634,734,1,1,0,0,1,development_only,Inactive_only,False,False,734
0.8,635,735,1,0,1,0,1,test_only,Inactive_only,False,False,735
0.8,636,736,1,0,1,0,1,test_only,Inactive_only,False,False,736
0.8,637,737,1,1,0,0,1,development_only,Inactive_only,False,False,737
0.8,638,738,1,1,0,0,1,development_only,Inactive_only,False,False,738
0.8,639,739,1,1,0,0,1,development_only,Inactive_only,False,False,739
0.8,640,740,1,1,0,0,1,development_only,Inactive_only,False,False,740
0.8,641,741,1,1,0,0,1,development_only,Inactive_only,False,False,741
0.8,642,742,1,0,1,0,1,test_only,Inactive_only,False,False,742
0.8,643,743,1,1,0,0,1,development_only,Inactive_only,False,False,743
0.8,644,744,1,0,1,0,1,test_only,Inactive_only,False,False,744
0.8,645,745,1,1,0,0,1,development_only,Inactive_only,False,False,745
0.8,646,746,1,1,0,0,1,development_only,Inactive_only,False,False,746
0.8,647,747,1,1,0,0,1,development_only,Inactive_only,False,False,747
0.8,648,748,1,1,0,0,1,development_only,Inactive_only,False,False,748
0.8,649,749,1,0,1,0,1,test_only,Inactive_only,False,False,749
0.8,650,750,1,1,0,0,1,development_only,Inactive_only,False,False,750
0.8,651,751,1,1,0,0,1,development_only,Inactive_only,False,False,751
0.8,652,752,1,1,0,0,1,development_only,Inactive_only,False,False,752
0.8,653,753,1,1,0,0,1,development_only,Inactive_only,False,False,753
0.8,654,754,1,1,0,0,1,development_only,Inactive_only,False,False,754
0.8,655,755,1,1,0,0,1,development_only,Inactive_only,False,False,755
0.8,656,756,1,1,0,0,1,development_only,Inactive_only,False,False,756
0.8,657,757,1,1,0,0,1,development_only,Inactive_only,False,False,757
0.8,658,758,1,1,0,0,1,development_only,Inactive_only,False,False,758
0.8,659,759,1,1,0,0,1,development_only,Inactive_only,False,False,759
0.8,660,760,1,0,1,0,1,test_only,Inactive_only,False,False,760
0.8,661,761,1,1,0,0,1,development_only,Inactive_only,False,False,761
0.8,662,762,1,1,0,0,1,development_only,Inactive_only,False,False,762
0.8,663,763,1,1,0,0,1,development_only,Inactive_only,False,False,763
0.8,664,764,1,1,0,0,1,development_only,Inactive_only,False,False,764
0.8,665,765,1,1,0,0,1,development_only,Inactive_only,False,False,765
0.8,666,766,1,1,0,0,1,development_only,Inactive_only,False,False,766
0.8,667,767,1,1,0,0,1,development_only,Inactive_only,False,False,767
0.8,668,768,1,1,0,0,1,development_only,Inactive_only,False,False,768
0.8,669,769,1,1,0,0,1,development_only,Inactive_only,False,False,769
0.8,670,770,1,1,0,0,1,development_only,Inactive_only,False,False,770
0.8,671,771,1,0,1,0,1,test_only,Inactive_only,False,False,771
0.8,672,772,1,1,0,0,1,development_only,Inactive_only,False,False,772
0.8,673,773,1,1,0,0,1,development_only,Inactive_only,False,False,773
0.8,674,774,1,1,0,0,1,development_only,Inactive_only,False,False,774
0.8,675,775,1,1,0,0,1,development_only,Inactive_only,False,False,775
0.8,676,776,1,0,1,0,1,test_only,Inactive_only,False,False,776
0.8,677,777,1,1,0,0,1,development_only,Inactive_only,False,False,777
0.8,678,778,1,1,0,0,1,development_only,Inactive_only,False,False,778
0.8,679,779,1,1,0,0,1,development_only,Inactive_only,False,False,779
0.8,680,780,1,1,0,0,1,development_only,Inactive_only,False,False,780
0.8,681,781,1,1,0,0,1,development_only,Inactive_only,False,False,781
0.8,682,782,1,1,0,0,1,development_only,Inactive_only,False,False,782
0.8,683,783,1,1,0,0,1,development_only,Inactive_only,False,False,783
0.8,684,784,1,1,0,0,1,development_only,Inactive_only,False,False,784
0.8,685,785,1,1,0,0,1,development_only,Inactive_only,False,False,785
0.8,686,786,1,1,0,0,1,development_only,Inactive_only,False,False,786
0.8,687,787,1,1,0,0,1,development_only,Inactive_only,False,False,787
0.8,688,788,1,1,0,0,1,development_only,Inactive_only,False,False,788
0.8,689,789,1,1,0,0,1,development_only,Inactive_only,False,False,789
0.8,690,790,1,1,0,0,1,development_only,Inactive_only,False,False,790
0.8,691,791,1,1,0,0,1,development_only,Inactive_only,False,False,791
0.8,692,792,1,1,0,0,1,development_only,Inactive_only,False,False,792
0.8,693,793,1,1,0,0,1,development_only,Inactive_only,False,False,793
0.8,694,794,1,1,0,0,1,development_only,Inactive_only,False,False,794
0.8,695,795,1,1,0,0,1,development_only,Inactive_only,False,False,795
0.8,696,796,1,1,0,0,1,development_only,Inactive_only,False,False,796
0.8,697,797,1,1,0,0,1,development_only,Inactive_only,False,False,797
0.8,698,798,1,1,0,0,1,development_only,Inactive_only,False,False,798
0.8,699,799,1,1,0,0,1,development_only,Inactive_only,False,False,799
0.8,700,800,1,0,1,0,1,test_only,Inactive_only,False,False,800
0.8,701,801,1,1,0,0,1,development_only,Inactive_only,False,False,801
0.8,702,802,1,1,0,0,1,development_only,Inactive_only,False,False,802
0.8,703,803,1,1,0,0,1,development_only,Inactive_only,False,False,803
0.8,704,804,1,1,0,0,1,development_only,Inactive_only,False,False,804
0.8,705,805,1,1,0,0,1,development_only,Inactive_only,False,False,805
0.8,706,806,1,0,1,0,1,test_only,Inactive_only,False,False,806
0.8,707,807,1,0,1,0,1,test_only,Inactive_only,False,False,807
0.8,708,808,1,1,0,0,1,development_only,Inactive_only,False,False,808
0.8,709,809,1,1,0,0,1,development_only,Inactive_only,False,False,809
0.8,710,810,1,1,0,0,1,development_only,Inactive_only,False,False,810
0.8,711,811,1,1,0,0,1,development_only,Inactive_only,False,False,811
0.8,712,812,1,1,0,0,1,development_only,Inactive_only,False,False,812
0.8,713,813,1,1,0,0,1,development_only,Inactive_only,False,False,813
0.8,714,814,1,1,0,0,1,development_only,Inactive_only,False,False,814
0.8,715,815,1,1,0,0,1,development_only,Inactive_only,False,False,815
0.8,716,816,1,1,0,0,1,development_only,Inactive_only,False,False,816
0.8,717,817,1,0,1,0,1,test_only,Inactive_only,False,False,817
0.8,718,818,1,1,0,0,1,development_only,Inactive_only,False,False,818
0.8,719,819,1,1,0,0,1,development_only,Inactive_only,False,False,819
0.8,720,820,1,1,0,0,1,development_only,Inactive_only,False,False,820
0.8,721,821,1,1,0,0,1,development_only,Inactive_only,False,False,821
0.8,722,822,1,1,0,0,1,development_only,Inactive_only,False,False,822
0.8,723,823,1,1,0,0,1,development_only,Inactive_only,False,False,823
0.8,724,824,1,0,1,0,1,test_only,Inactive_only,False,False,824
0.8,725,825,1,1,0,0,1,development_only,Inactive_only,False,False,825
0.8,726,826,1,1,0,0,1,development_only,Inactive_only,False,False,826
0.8,727,827,1,1,0,0,1,development_only,Inactive_only,False,False,827
0.8,728,828,1,1,0,0,1,development_only,Inactive_only,False,False,828
0.8,729,829,1,1,0,0,1,development_only,Inactive_only,False,False,829
0.8,730,830,1,1,0,0,1,development_only,Inactive_only,False,False,830
0.8,731,831,1,1,0,0,1,development_only,Inactive_only,False,False,831
0.8,732,832,1,1,0,0,1,development_only,Inactive_only,False,False,832
0.8,733,833,1,1,0,0,1,development_only,Inactive_only,False,False,833
0.8,734,834,1,1,0,0,1,development_only,Inactive_only,False,False,834
0.8,735,835,1,1,0,0,1,development_only,Inactive_only,False,False,835
0.8,736,836,1,1,0,0,1,development_only,Inactive_only,False,False,836
0.8,737,837,1,0,1,0,1,test_only,Inactive_only,False,False,837
0.8,738,838,1,1,0,0,1,development_only,Inactive_only,False,False,838
0.8,739,839,1,1,0,0,1,development_only,Inactive_only,False,False,839
0.8,740,840,1,1,0,0,1,development_only,Inactive_only,False,False,840
0.8,741,841,1,1,0,0,1,development_only,Inactive_only,False,False,841
0.8,742,842,1,1,0,0,1,development_only,Inactive_only,False,False,842
0.8,743,843,1,1,0,0,1,development_only,Inactive_only,False,False,843
0.8,744,844,1,1,0,0,1,development_only,Inactive_only,False,False,844
0.8,745,845,1,1,0,0,1,development_only,Inactive_only,False,False,845
0.8,746,846,1,1,0,0,1,development_only,Inactive_only,False,False,846
0.8,747,847,1,1,0,0,1,development_only,Inactive_only,False,False,847
0.8,748,848,1,0,1,0,1,test_only,Inactive_only,False,False,848
0.8,749,849,1,1,0,0,1,development_only,Inactive_only,False,False,849
0.8,750,850,1,1,0,0,1,development_only,Inactive_only,False,False,850
0.8,751,851,1,1,0,0,1,development_only,Inactive_only,False,False,851
0.8,752,852,1,0,1,0,1,test_only,Inactive_only,False,False,852
0.8,753,853,1,1,0,0,1,development_only,Inactive_only,False,False,853
0.8,754,854,1,1,0,0,1,development_only,Inactive_only,False,False,854
0.8,755,855,1,1,0,0,1,development_only,Inactive_only,False,False,855
0.8,756,856,1,1,0,0,1,development_only,Inactive_only,False,False,856
0.8,757,857,1,1,0,0,1,development_only,Inactive_only,False,False,857
0.8,758,858,1,1,0,0,1,development_only,Inactive_only,False,False,858
0.8,759,859,1,1,0,0,1,development_only,Inactive_only,False,False,859
0.8,760,860,1,1,0,0,1,development_only,Inactive_only,False,False,860
0.8,761,861,1,0,1,0,1,test_only,Inactive_only,False,False,861
0.8,762,862,1,0,1,0,1,test_only,Inactive_only,False,False,862
0.8,763,863,1,1,0,0,1,development_only,Inactive_only,False,False,863
0.8,764,864,1,1,0,0,1,development_only,Inactive_only,False,False,864
0.8,765,865,1,1,0,0,1,development_only,Inactive_only,False,False,865
0.8,766,866,1,0,1,0,1,test_only,Inactive_only,False,False,866
0.8,767,867,1,1,0,0,1,development_only,Inactive_only,False,False,867
0.8,768,868,1,1,0,0,1,development_only,Inactive_only,False,False,868
0.8,769,869,1,1,0,0,1,development_only,Inactive_only,False,False,869
0.8,770,870,1,1,0,0,1,development_only,Inactive_only,False,False,870
0.8,771,871,1,0,1,0,1,test_only,Inactive_only,False,False,871
0.8,772,872,1,0,1,0,1,test_only,Inactive_only,False,False,872
0.8,773,873,1,0,1,0,1,test_only,Inactive_only,False,False,873
0.8,774,874,1,1,0,0,1,development_only,Inactive_only,False,False,874
0.8,775,875,1,0,1,0,1,test_only,Inactive_only,False,False,875
0.8,776,876,1,1,0,0,1,development_only,Inactive_only,False,False,876
0.8,777,877,1,1,0,0,1,development_only,Inactive_only,False,False,877
0.8,778,878,1,1,0,0,1,development_only,Inactive_only,False,False,878
0.8,779,879,1,1,0,0,1,development_only,Inactive_only,False,False,879
0.8,780,880,1,0,1,0,1,test_only,Inactive_only,False,False,880
0.8,781,881,1,0,1,0,1,test_only,Inactive_only,False,False,881
0.8,782,882,1,1,0,0,1,development_only,Inactive_only,False,False,882
0.8,783,883,1,1,0,0,1,development_only,Inactive_only,False,False,883
0.8,784,884,1,1,0,0,1,development_only,Inactive_only,False,False,884
0.8,785,885,1,1,0,0,1,development_only,Inactive_only,False,False,885
0.8,786,886,1,1,0,0,1,development_only,Inactive_only,False,False,886
0.8,787,887,1,1,0,0,1,development_only,Inactive_only,False,False,887
0.8,788,888,1,1,0,0,1,development_only,Inactive_only,False,False,888
0.8,789,889,1,1,0,0,1,development_only,Inactive_only,False,False,889
0.8,790,890,1,1,0,0,1,development_only,Inactive_only,False,False,890
0.8,791,891,1,1,0,0,1,development_only,Inactive_only,False,False,891
0.8,792,892,1,1,0,0,1,development_only,Inactive_only,False,False,892
0.8,793,893,1,1,0,0,1,development_only,Inactive_only,False,False,893
0.8,794,894,1,0,1,0,1,test_only,Inactive_only,False,False,894
0.8,795,895,1,1,0,0,1,development_only,Inactive_only,False,False,895
0.8,796,896,1,1,0,0,1,development_only,Inactive_only,False,False,896
0.8,797,897,1,1,0,0,1,development_only,Inactive_only,False,False,897
0.8,798,898,1,1,0,0,1,development_only,Inactive_only,False,False,898
0.8,799,899,1,1,0,0,1,development_only,Inactive_only,False,False,899
0.8,800,900,1,1,0,0,1,development_only,Inactive_only,False,False,900
0.8,801,901,1,1,0,0,1,development_only,Inactive_only,False,False,901
0.9,1,1,4,3,1,4,0,cross_split,Active_only,True,False,1;85;86;87
0.9,2,2,17,10,7,4,13,cross_split,mixed_label,True,True,2;20;29;37;38;39;40;41;42;43;44;45;46;47;51;148;149
0.9,3,3,1,1,0,1,0,development_only,Active_only,False,False,3
0.9,4,4,9,6,3,6,3,cross_split,mixed_label,True,True,4;30;31;32;33;34;35;36;48
0.9,5,5,1,1,0,0,1,development_only,Inactive_only,False,False,5
0.9,6,6,1,1,0,1,0,development_only,Active_only,False,False,6
0.9,7,7,4,4,0,0,4,development_only,Inactive_only,False,False,7;8;9;10
0.9,8,11,1,1,0,0,1,development_only,Inactive_only,False,False,11
0.9,9,12,1,0,1,1,0,test_only,Active_only,False,False,12
0.9,10,13,1,1,0,0,1,development_only,Inactive_only,False,False,13
0.9,11,14,1,1,0,1,0,development_only,Active_only,False,False,14
0.9,12,15,1,0,1,1,0,test_only,Active_only,False,False,15
0.9,13,16,2,2,0,0,2,development_only,Inactive_only,False,False,16;17
0.9,14,18,1,1,0,0,1,development_only,Inactive_only,False,False,18
0.9,15,19,2,2,0,1,1,development_only,mixed_label,False,True,19;23
0.9,16,21,2,0,2,2,0,test_only,Active_only,False,False,21;147
0.9,17,22,1,1,0,1,0,development_only,Active_only,False,False,22
0.9,18,24,1,1,0,1,0,development_only,Active_only,False,False,24
0.9,19,25,1,1,0,0,1,development_only,Inactive_only,False,False,25
0.9,20,26,1,1,0,0,1,development_only,Inactive_only,False,False,26
0.9,21,27,1,1,0,0,1,development_only,Inactive_only,False,False,27
0.9,22,28,1,1,0,0,1,development_only,Inactive_only,False,False,28
0.9,23,49,1,1,0,0,1,development_only,Inactive_only,False,False,49
0.9,24,50,1,0,1,1,0,test_only,Active_only,False,False,50
0.9,25,52,3,3,0,3,0,development_only,Active_only,False,False,52;58;60
0.9,26,53,1,1,0,1,0,development_only,Active_only,False,False,53
0.9,27,54,5,4,1,1,4,cross_split,mixed_label,True,True,54;55;57;64;65
0.9,28,56,2,1,1,0,2,cross_split,Inactive_only,True,False,56;150
0.9,29,59,1,1,0,1,0,development_only,Active_only,False,False,59
0.9,30,61,1,0,1,1,0,test_only,Active_only,False,False,61
0.9,31,62,1,1,0,0,1,development_only,Inactive_only,False,False,62
0.9,32,63,1,1,0,1,0,development_only,Active_only,False,False,63
0.9,33,66,1,1,0,0,1,development_only,Inactive_only,False,False,66
0.9,34,67,1,0,1,0,1,test_only,Inactive_only,False,False,67
0.9,35,68,1,0,1,1,0,test_only,Active_only,False,False,68
0.9,36,69,1,1,0,0,1,development_only,Inactive_only,False,False,69
0.9,37,70,3,1,2,3,0,cross_split,Active_only,True,False,70;71;72
0.9,38,73,1,1,0,1,0,development_only,Active_only,False,False,73
0.9,39,74,1,1,0,1,0,development_only,Active_only,False,False,74
0.9,40,75,4,3,1,4,0,cross_split,Active_only,True,False,75;76;80;83
0.9,41,77,1,1,0,1,0,development_only,Active_only,False,False,77
0.9,42,78,1,0,1,1,0,test_only,Active_only,False,False,78
0.9,43,79,1,1,0,1,0,development_only,Active_only,False,False,79
0.9,44,81,1,1,0,1,0,development_only,Active_only,False,False,81
0.9,45,82,1,1,0,0,1,development_only,Inactive_only,False,False,82
0.9,46,84,1,1,0,1,0,development_only,Active_only,False,False,84
0.9,47,88,1,0,1,1,0,test_only,Active_only,False,False,88
0.9,48,89,1,1,0,0,1,development_only,Inactive_only,False,False,89
0.9,49,90,13,11,2,13,0,cross_split,Active_only,True,False,90;92;93;94;95;102;103;104;105;106;107;108;109
0.9,50,91,1,0,1,1,0,test_only,Active_only,False,False,91
0.9,51,96,1,1,0,1,0,development_only,Active_only,False,False,96
0.9,52,97,1,1,0,1,0,development_only,Active_only,False,False,97
0.9,53,98,3,3,0,3,0,development_only,Active_only,False,False,98;99;100
0.9,54,101,1,1,0,1,0,development_only,Active_only,False,False,101
0.9,55,110,1,1,0,0,1,development_only,Inactive_only,False,False,110
0.9,56,111,1,1,0,1,0,development_only,Active_only,False,False,111
0.9,57,112,2,2,0,2,0,development_only,Active_only,False,False,112;113
0.9,58,114,1,0,1,0,1,test_only,Inactive_only,False,False,114
0.9,59,115,1,1,0,1,0,development_only,Active_only,False,False,115
0.9,60,116,1,1,0,0,1,development_only,Inactive_only,False,False,116
0.9,61,117,1,1,0,1,0,development_only,Active_only,False,False,117
0.9,62,118,8,7,1,8,0,cross_split,Active_only,True,False,118;120;123;124;127;128;129;130
0.9,63,119,1,1,0,0,1,development_only,Inactive_only,False,False,119
0.9,64,121,1,1,0,1,0,development_only,Active_only,False,False,121
0.9,65,122,1,1,0,1,0,development_only,Active_only,False,False,122
0.9,66,125,2,2,0,2,0,development_only,Active_only,False,False,125;126
0.9,67,131,2,2,0,1,1,development_only,mixed_label,False,True,131;132
0.9,68,133,1,1,0,1,0,development_only,Active_only,False,False,133
0.9,69,134,8,7,1,8,0,cross_split,Active_only,True,False,134;135;136;137;138;139;140;141
0.9,70,142,1,0,1,0,1,test_only,Inactive_only,False,False,142
0.9,71,143,1,1,0,1,0,development_only,Active_only,False,False,143
0.9,72,144,2,1,1,1,1,cross_split,mixed_label,True,True,144;145
0.9,73,146,1,1,0,1,0,development_only,Active_only,False,False,146
0.9,74,151,1,1,0,0,1,development_only,Inactive_only,False,False,151
0.9,75,152,1,1,0,0,1,development_only,Inactive_only,False,False,152
0.9,76,153,1,1,0,0,1,development_only,Inactive_only,False,False,153
0.9,77,154,1,1,0,0,1,development_only,Inactive_only,False,False,154
0.9,78,155,1,1,0,0,1,development_only,Inactive_only,False,False,155
0.9,79,156,1,1,0,0,1,development_only,Inactive_only,False,False,156
0.9,80,157,1,1,0,0,1,development_only,Inactive_only,False,False,157
0.9,81,158,1,0,1,0,1,test_only,Inactive_only,False,False,158
0.9,82,159,1,1,0,0,1,development_only,Inactive_only,False,False,159
0.9,83,160,1,1,0,0,1,development_only,Inactive_only,False,False,160
0.9,84,161,1,1,0,0,1,development_only,Inactive_only,False,False,161
0.9,85,162,1,1,0,0,1,development_only,Inactive_only,False,False,162
0.9,86,163,1,1,0,0,1,development_only,Inactive_only,False,False,163
0.9,87,164,1,1,0,0,1,development_only,Inactive_only,False,False,164
0.9,88,165,1,1,0,0,1,development_only,Inactive_only,False,False,165
0.9,89,166,1,0,1,0,1,test_only,Inactive_only,False,False,166
0.9,90,167,1,0,1,0,1,test_only,Inactive_only,False,False,167
0.9,91,168,1,1,0,0,1,development_only,Inactive_only,False,False,168
0.9,92,169,1,0,1,0,1,test_only,Inactive_only,False,False,169
0.9,93,170,1,0,1,0,1,test_only,Inactive_only,False,False,170
0.9,94,171,1,1,0,0,1,development_only,Inactive_only,False,False,171
0.9,95,172,1,1,0,0,1,development_only,Inactive_only,False,False,172
0.9,96,173,1,0,1,0,1,test_only,Inactive_only,False,False,173
0.9,97,174,1,1,0,0,1,development_only,Inactive_only,False,False,174
0.9,98,175,1,0,1,0,1,test_only,Inactive_only,False,False,175
0.9,99,176,1,1,0,0,1,development_only,Inactive_only,False,False,176
0.9,100,177,1,0,1,0,1,test_only,Inactive_only,False,False,177
0.9,101,178,1,1,0,0,1,development_only,Inactive_only,False,False,178
0.9,102,179,1,0,1,0,1,test_only,Inactive_only,False,False,179
0.9,103,180,1,1,0,0,1,development_only,Inactive_only,False,False,180
0.9,104,181,1,1,0,0,1,development_only,Inactive_only,False,False,181
0.9,105,182,1,1,0,0,1,development_only,Inactive_only,False,False,182
0.9,106,183,1,1,0,0,1,development_only,Inactive_only,False,False,183
0.9,107,184,1,1,0,0,1,development_only,Inactive_only,False,False,184
0.9,108,185,1,0,1,0,1,test_only,Inactive_only,False,False,185
0.9,109,186,1,1,0,0,1,development_only,Inactive_only,False,False,186
0.9,110,187,1,1,0,0,1,development_only,Inactive_only,False,False,187
0.9,111,188,1,1,0,0,1,development_only,Inactive_only,False,False,188
0.9,112,189,1,0,1,0,1,test_only,Inactive_only,False,False,189
0.9,113,190,1,1,0,0,1,development_only,Inactive_only,False,False,190
0.9,114,191,1,1,0,0,1,development_only,Inactive_only,False,False,191
0.9,115,192,1,1,0,0,1,development_only,Inactive_only,False,False,192
0.9,116,193,1,1,0,0,1,development_only,Inactive_only,False,False,193
0.9,117,194,1,1,0,0,1,development_only,Inactive_only,False,False,194
0.9,118,195,1,0,1,0,1,test_only,Inactive_only,False,False,195
0.9,119,196,1,1,0,0,1,development_only,Inactive_only,False,False,196
0.9,120,197,1,0,1,0,1,test_only,Inactive_only,False,False,197
0.9,121,198,1,0,1,0,1,test_only,Inactive_only,False,False,198
0.9,122,199,1,1,0,0,1,development_only,Inactive_only,False,False,199
0.9,123,200,1,1,0,0,1,development_only,Inactive_only,False,False,200
0.9,124,201,1,1,0,0,1,development_only,Inactive_only,False,False,201
0.9,125,202,1,1,0,0,1,development_only,Inactive_only,False,False,202
0.9,126,203,1,1,0,0,1,development_only,Inactive_only,False,False,203
0.9,127,204,1,1,0,0,1,development_only,Inactive_only,False,False,204
0.9,128,205,1,1,0,0,1,development_only,Inactive_only,False,False,205
0.9,129,206,1,1,0,0,1,development_only,Inactive_only,False,False,206
0.9,130,207,1,1,0,0,1,development_only,Inactive_only,False,False,207
0.9,131,208,1,1,0,0,1,development_only,Inactive_only,False,False,208
0.9,132,209,1,1,0,0,1,development_only,Inactive_only,False,False,209
0.9,133,210,1,1,0,0,1,development_only,Inactive_only,False,False,210
0.9,134,211,1,1,0,0,1,development_only,Inactive_only,False,False,211
0.9,135,212,1,0,1,0,1,test_only,Inactive_only,False,False,212
0.9,136,213,1,1,0,0,1,development_only,Inactive_only,False,False,213
0.9,137,214,1,1,0,0,1,development_only,Inactive_only,False,False,214
0.9,138,215,1,1,0,0,1,development_only,Inactive_only,False,False,215
0.9,139,216,1,0,1,0,1,test_only,Inactive_only,False,False,216
0.9,140,217,1,0,1,0,1,test_only,Inactive_only,False,False,217
0.9,141,218,1,1,0,0,1,development_only,Inactive_only,False,False,218
0.9,142,219,1,1,0,0,1,development_only,Inactive_only,False,False,219
0.9,143,220,1,1,0,0,1,development_only,Inactive_only,False,False,220
0.9,144,221,1,1,0,0,1,development_only,Inactive_only,False,False,221
0.9,145,222,1,1,0,0,1,development_only,Inactive_only,False,False,222
0.9,146,223,1,1,0,0,1,development_only,Inactive_only,False,False,223
0.9,147,224,1,1,0,0,1,development_only,Inactive_only,False,False,224
0.9,148,225,1,1,0,0,1,development_only,Inactive_only,False,False,225
0.9,149,226,1,1,0,0,1,development_only,Inactive_only,False,False,226
0.9,150,227,1,1,0,0,1,development_only,Inactive_only,False,False,227
0.9,151,228,1,1,0,0,1,development_only,Inactive_only,False,False,228
0.9,152,229,1,0,1,0,1,test_only,Inactive_only,False,False,229
0.9,153,230,1,1,0,0,1,development_only,Inactive_only,False,False,230
0.9,154,231,1,1,0,0,1,development_only,Inactive_only,False,False,231
0.9,155,232,1,1,0,0,1,development_only,Inactive_only,False,False,232
0.9,156,233,1,1,0,0,1,development_only,Inactive_only,False,False,233
0.9,157,234,1,1,0,0,1,development_only,Inactive_only,False,False,234
0.9,158,235,1,0,1,0,1,test_only,Inactive_only,False,False,235
0.9,159,236,1,1,0,0,1,development_only,Inactive_only,False,False,236
0.9,160,237,1,1,0,0,1,development_only,Inactive_only,False,False,237
0.9,161,238,1,1,0,0,1,development_only,Inactive_only,False,False,238
0.9,162,239,1,0,1,0,1,test_only,Inactive_only,False,False,239
0.9,163,240,1,1,0,0,1,development_only,Inactive_only,False,False,240
0.9,164,241,1,1,0,0,1,development_only,Inactive_only,False,False,241
0.9,165,242,1,1,0,0,1,development_only,Inactive_only,False,False,242
0.9,166,243,1,1,0,0,1,development_only,Inactive_only,False,False,243
0.9,167,244,1,1,0,0,1,development_only,Inactive_only,False,False,244
0.9,168,245,1,1,0,0,1,development_only,Inactive_only,False,False,245
0.9,169,246,1,1,0,0,1,development_only,Inactive_only,False,False,246
0.9,170,247,1,1,0,0,1,development_only,Inactive_only,False,False,247
0.9,171,248,1,1,0,0,1,development_only,Inactive_only,False,False,248
0.9,172,249,1,1,0,0,1,development_only,Inactive_only,False,False,249
0.9,173,250,1,1,0,0,1,development_only,Inactive_only,False,False,250
0.9,174,251,1,1,0,0,1,development_only,Inactive_only,False,False,251
0.9,175,252,1,0,1,0,1,test_only,Inactive_only,False,False,252
0.9,176,253,1,1,0,0,1,development_only,Inactive_only,False,False,253
0.9,177,254,1,1,0,0,1,development_only,Inactive_only,False,False,254
0.9,178,255,1,1,0,0,1,development_only,Inactive_only,False,False,255
0.9,179,256,1,1,0,0,1,development_only,Inactive_only,False,False,256
0.9,180,257,1,1,0,0,1,development_only,Inactive_only,False,False,257
0.9,181,258,1,1,0,0,1,development_only,Inactive_only,False,False,258
0.9,182,259,1,1,0,0,1,development_only,Inactive_only,False,False,259
0.9,183,260,1,1,0,0,1,development_only,Inactive_only,False,False,260
0.9,184,261,1,0,1,0,1,test_only,Inactive_only,False,False,261
0.9,185,262,1,1,0,0,1,development_only,Inactive_only,False,False,262
0.9,186,263,1,1,0,0,1,development_only,Inactive_only,False,False,263
0.9,187,264,1,1,0,0,1,development_only,Inactive_only,False,False,264
0.9,188,265,1,1,0,0,1,development_only,Inactive_only,False,False,265
0.9,189,266,1,1,0,0,1,development_only,Inactive_only,False,False,266
0.9,190,267,1,1,0,0,1,development_only,Inactive_only,False,False,267
0.9,191,268,1,1,0,0,1,development_only,Inactive_only,False,False,268
0.9,192,269,1,1,0,0,1,development_only,Inactive_only,False,False,269
0.9,193,270,1,1,0,0,1,development_only,Inactive_only,False,False,270
0.9,194,271,1,0,1,0,1,test_only,Inactive_only,False,False,271
0.9,195,272,1,1,0,0,1,development_only,Inactive_only,False,False,272
0.9,196,273,1,1,0,0,1,development_only,Inactive_only,False,False,273
0.9,197,274,1,1,0,0,1,development_only,Inactive_only,False,False,274
0.9,198,275,1,1,0,0,1,development_only,Inactive_only,False,False,275
0.9,199,276,1,1,0,0,1,development_only,Inactive_only,False,False,276
0.9,200,277,1,1,0,0,1,development_only,Inactive_only,False,False,277
0.9,201,278,1,1,0,0,1,development_only,Inactive_only,False,False,278
0.9,202,279,1,1,0,0,1,development_only,Inactive_only,False,False,279
0.9,203,280,1,1,0,0,1,development_only,Inactive_only,False,False,280
0.9,204,281,1,1,0,0,1,development_only,Inactive_only,False,False,281
0.9,205,282,1,0,1,0,1,test_only,Inactive_only,False,False,282
0.9,206,283,1,1,0,0,1,development_only,Inactive_only,False,False,283
0.9,207,284,1,1,0,0,1,development_only,Inactive_only,False,False,284
0.9,208,285,1,1,0,0,1,development_only,Inactive_only,False,False,285
0.9,209,286,1,1,0,0,1,development_only,Inactive_only,False,False,286
0.9,210,287,1,1,0,0,1,development_only,Inactive_only,False,False,287
0.9,211,288,1,0,1,0,1,test_only,Inactive_only,False,False,288
0.9,212,289,1,1,0,0,1,development_only,Inactive_only,False,False,289
0.9,213,290,1,1,0,0,1,development_only,Inactive_only,False,False,290
0.9,214,291,1,1,0,0,1,development_only,Inactive_only,False,False,291
0.9,215,292,1,1,0,0,1,development_only,Inactive_only,False,False,292
0.9,216,293,1,1,0,0,1,development_only,Inactive_only,False,False,293
0.9,217,294,1,1,0,0,1,development_only,Inactive_only,False,False,294
0.9,218,295,1,1,0,0,1,development_only,Inactive_only,False,False,295
0.9,219,296,1,1,0,0,1,development_only,Inactive_only,False,False,296
0.9,220,297,1,1,0,0,1,development_only,Inactive_only,False,False,297
0.9,221,298,1,1,0,0,1,development_only,Inactive_only,False,False,298
0.9,222,299,1,1,0,0,1,development_only,Inactive_only,False,False,299
0.9,223,300,1,1,0,0,1,development_only,Inactive_only,False,False,300
0.9,224,301,1,0,1,0,1,test_only,Inactive_only,False,False,301
0.9,225,302,1,0,1,0,1,test_only,Inactive_only,False,False,302
0.9,226,303,1,1,0,0,1,development_only,Inactive_only,False,False,303
0.9,227,304,1,1,0,0,1,development_only,Inactive_only,False,False,304
0.9,228,305,1,1,0,0,1,development_only,Inactive_only,False,False,305
0.9,229,306,1,1,0,0,1,development_only,Inactive_only,False,False,306
0.9,230,307,1,1,0,0,1,development_only,Inactive_only,False,False,307
0.9,231,308,1,1,0,0,1,development_only,Inactive_only,False,False,308
0.9,232,309,1,0,1,0,1,test_only,Inactive_only,False,False,309
0.9,233,310,1,1,0,0,1,development_only,Inactive_only,False,False,310
0.9,234,311,1,1,0,0,1,development_only,Inactive_only,False,False,311
0.9,235,312,1,1,0,0,1,development_only,Inactive_only,False,False,312
0.9,236,313,1,1,0,0,1,development_only,Inactive_only,False,False,313
0.9,237,314,1,1,0,0,1,development_only,Inactive_only,False,False,314
0.9,238,315,1,0,1,0,1,test_only,Inactive_only,False,False,315
0.9,239,316,1,0,1,0,1,test_only,Inactive_only,False,False,316
0.9,240,317,1,1,0,0,1,development_only,Inactive_only,False,False,317
0.9,241,318,1,1,0,0,1,development_only,Inactive_only,False,False,318
0.9,242,319,1,1,0,0,1,development_only,Inactive_only,False,False,319
0.9,243,320,1,1,0,0,1,development_only,Inactive_only,False,False,320
0.9,244,321,1,1,0,0,1,development_only,Inactive_only,False,False,321
0.9,245,322,1,1,0,0,1,development_only,Inactive_only,False,False,322
0.9,246,323,1,1,0,0,1,development_only,Inactive_only,False,False,323
0.9,247,324,1,1,0,0,1,development_only,Inactive_only,False,False,324
0.9,248,325,1,1,0,0,1,development_only,Inactive_only,False,False,325
0.9,249,326,1,0,1,0,1,test_only,Inactive_only,False,False,326
0.9,250,327,1,1,0,0,1,development_only,Inactive_only,False,False,327
0.9,251,328,1,1,0,0,1,development_only,Inactive_only,False,False,328
0.9,252,329,1,0,1,0,1,test_only,Inactive_only,False,False,329
0.9,253,330,1,1,0,0,1,development_only,Inactive_only,False,False,330
0.9,254,331,1,1,0,0,1,development_only,Inactive_only,False,False,331
0.9,255,332,1,1,0,0,1,development_only,Inactive_only,False,False,332
0.9,256,333,1,1,0,0,1,development_only,Inactive_only,False,False,333
0.9,257,334,1,1,0,0,1,development_only,Inactive_only,False,False,334
0.9,258,335,1,1,0,0,1,development_only,Inactive_only,False,False,335
0.9,259,336,1,1,0,0,1,development_only,Inactive_only,False,False,336
0.9,260,337,1,1,0,0,1,development_only,Inactive_only,False,False,337
0.9,261,338,1,1,0,0,1,development_only,Inactive_only,False,False,338
0.9,262,339,1,1,0,0,1,development_only,Inactive_only,False,False,339
0.9,263,340,1,1,0,0,1,development_only,Inactive_only,False,False,340
0.9,264,341,1,0,1,0,1,test_only,Inactive_only,False,False,341
0.9,265,342,1,1,0,0,1,development_only,Inactive_only,False,False,342
0.9,266,343,1,1,0,0,1,development_only,Inactive_only,False,False,343
0.9,267,344,1,1,0,0,1,development_only,Inactive_only,False,False,344
0.9,268,345,1,0,1,0,1,test_only,Inactive_only,False,False,345
0.9,269,346,1,1,0,0,1,development_only,Inactive_only,False,False,346
0.9,270,347,1,1,0,0,1,development_only,Inactive_only,False,False,347
0.9,271,348,1,1,0,0,1,development_only,Inactive_only,False,False,348
0.9,272,349,1,0,1,0,1,test_only,Inactive_only,False,False,349
0.9,273,350,1,1,0,0,1,development_only,Inactive_only,False,False,350
0.9,274,351,1,1,0,0,1,development_only,Inactive_only,False,False,351
0.9,275,352,1,0,1,0,1,test_only,Inactive_only,False,False,352
0.9,276,353,1,1,0,0,1,development_only,Inactive_only,False,False,353
0.9,277,354,1,1,0,0,1,development_only,Inactive_only,False,False,354
0.9,278,355,1,1,0,0,1,development_only,Inactive_only,False,False,355
0.9,279,356,1,1,0,0,1,development_only,Inactive_only,False,False,356
0.9,280,357,1,0,1,0,1,test_only,Inactive_only,False,False,357
0.9,281,358,1,1,0,0,1,development_only,Inactive_only,False,False,358
0.9,282,359,1,0,1,0,1,test_only,Inactive_only,False,False,359
0.9,283,360,1,1,0,0,1,development_only,Inactive_only,False,False,360
0.9,284,361,1,1,0,0,1,development_only,Inactive_only,False,False,361
0.9,285,362,1,1,0,0,1,development_only,Inactive_only,False,False,362
0.9,286,363,1,1,0,0,1,development_only,Inactive_only,False,False,363
0.9,287,364,1,0,1,0,1,test_only,Inactive_only,False,False,364
0.9,288,365,1,1,0,0,1,development_only,Inactive_only,False,False,365
0.9,289,366,1,0,1,0,1,test_only,Inactive_only,False,False,366
0.9,290,367,1,1,0,0,1,development_only,Inactive_only,False,False,367
0.9,291,368,1,1,0,0,1,development_only,Inactive_only,False,False,368
0.9,292,369,1,0,1,0,1,test_only,Inactive_only,False,False,369
0.9,293,370,1,0,1,0,1,test_only,Inactive_only,False,False,370
0.9,294,371,1,1,0,0,1,development_only,Inactive_only,False,False,371
0.9,295,372,1,0,1,0,1,test_only,Inactive_only,False,False,372
0.9,296,373,1,1,0,0,1,development_only,Inactive_only,False,False,373
0.9,297,374,1,1,0,0,1,development_only,Inactive_only,False,False,374
0.9,298,375,1,1,0,0,1,development_only,Inactive_only,False,False,375
0.9,299,376,1,1,0,0,1,development_only,Inactive_only,False,False,376
0.9,300,377,1,1,0,0,1,development_only,Inactive_only,False,False,377
0.9,301,378,1,1,0,0,1,development_only,Inactive_only,False,False,378
0.9,302,379,1,1,0,0,1,development_only,Inactive_only,False,False,379
0.9,303,380,1,1,0,0,1,development_only,Inactive_only,False,False,380
0.9,304,381,1,1,0,0,1,development_only,Inactive_only,False,False,381
0.9,305,382,1,1,0,0,1,development_only,Inactive_only,False,False,382
0.9,306,383,1,1,0,0,1,development_only,Inactive_only,False,False,383
0.9,307,384,1,1,0,0,1,development_only,Inactive_only,False,False,384
0.9,308,385,1,1,0,0,1,development_only,Inactive_only,False,False,385
0.9,309,386,1,1,0,0,1,development_only,Inactive_only,False,False,386
0.9,310,387,1,1,0,0,1,development_only,Inactive_only,False,False,387
0.9,311,388,1,0,1,0,1,test_only,Inactive_only,False,False,388
0.9,312,389,1,1,0,0,1,development_only,Inactive_only,False,False,389
0.9,313,390,1,1,0,0,1,development_only,Inactive_only,False,False,390
0.9,314,391,1,0,1,0,1,test_only,Inactive_only,False,False,391
0.9,315,392,1,0,1,0,1,test_only,Inactive_only,False,False,392
0.9,316,393,1,1,0,0,1,development_only,Inactive_only,False,False,393
0.9,317,394,1,0,1,0,1,test_only,Inactive_only,False,False,394
0.9,318,395,1,1,0,0,1,development_only,Inactive_only,False,False,395
0.9,319,396,1,0,1,0,1,test_only,Inactive_only,False,False,396
0.9,320,397,1,0,1,0,1,test_only,Inactive_only,False,False,397
0.9,321,398,1,1,0,0,1,development_only,Inactive_only,False,False,398
0.9,322,399,1,1,0,0,1,development_only,Inactive_only,False,False,399
0.9,323,400,1,1,0,0,1,development_only,Inactive_only,False,False,400
0.9,324,401,1,1,0,0,1,development_only,Inactive_only,False,False,401
0.9,325,402,1,1,0,0,1,development_only,Inactive_only,False,False,402
0.9,326,403,1,1,0,0,1,development_only,Inactive_only,False,False,403
0.9,327,404,1,1,0,0,1,development_only,Inactive_only,False,False,404
0.9,328,405,1,1,0,0,1,development_only,Inactive_only,False,False,405
0.9,329,406,1,1,0,0,1,development_only,Inactive_only,False,False,406
0.9,330,407,1,0,1,0,1,test_only,Inactive_only,False,False,407
0.9,331,408,1,1,0,0,1,development_only,Inactive_only,False,False,408
0.9,332,409,1,1,0,0,1,development_only,Inactive_only,False,False,409
0.9,333,410,1,1,0,0,1,development_only,Inactive_only,False,False,410
0.9,334,411,1,0,1,0,1,test_only,Inactive_only,False,False,411
0.9,335,412,1,1,0,0,1,development_only,Inactive_only,False,False,412
0.9,336,413,1,1,0,0,1,development_only,Inactive_only,False,False,413
0.9,337,414,1,1,0,0,1,development_only,Inactive_only,False,False,414
0.9,338,415,1,1,0,0,1,development_only,Inactive_only,False,False,415
0.9,339,416,1,0,1,0,1,test_only,Inactive_only,False,False,416
0.9,340,417,1,1,0,0,1,development_only,Inactive_only,False,False,417
0.9,341,418,1,1,0,0,1,development_only,Inactive_only,False,False,418
0.9,342,419,1,0,1,0,1,test_only,Inactive_only,False,False,419
0.9,343,420,1,1,0,0,1,development_only,Inactive_only,False,False,420
0.9,344,421,1,1,0,0,1,development_only,Inactive_only,False,False,421
0.9,345,422,1,1,0,0,1,development_only,Inactive_only,False,False,422
0.9,346,423,1,1,0,0,1,development_only,Inactive_only,False,False,423
0.9,347,424,1,0,1,0,1,test_only,Inactive_only,False,False,424
0.9,348,425,1,1,0,0,1,development_only,Inactive_only,False,False,425
0.9,349,426,1,1,0,0,1,development_only,Inactive_only,False,False,426
0.9,350,427,1,1,0,0,1,development_only,Inactive_only,False,False,427
0.9,351,428,1,0,1,0,1,test_only,Inactive_only,False,False,428
0.9,352,429,1,1,0,0,1,development_only,Inactive_only,False,False,429
0.9,353,430,1,1,0,0,1,development_only,Inactive_only,False,False,430
0.9,354,431,1,1,0,0,1,development_only,Inactive_only,False,False,431
0.9,355,432,1,1,0,0,1,development_only,Inactive_only,False,False,432
0.9,356,433,1,0,1,0,1,test_only,Inactive_only,False,False,433
0.9,357,434,1,0,1,0,1,test_only,Inactive_only,False,False,434
0.9,358,435,1,1,0,0,1,development_only,Inactive_only,False,False,435
0.9,359,436,1,1,0,0,1,development_only,Inactive_only,False,False,436
0.9,360,437,1,1,0,0,1,development_only,Inactive_only,False,False,437
0.9,361,438,1,1,0,0,1,development_only,Inactive_only,False,False,438
0.9,362,439,1,0,1,0,1,test_only,Inactive_only,False,False,439
0.9,363,440,1,1,0,0,1,development_only,Inactive_only,False,False,440
0.9,364,441,1,1,0,0,1,development_only,Inactive_only,False,False,441
0.9,365,442,1,1,0,0,1,development_only,Inactive_only,False,False,442
0.9,366,443,1,1,0,0,1,development_only,Inactive_only,False,False,443
0.9,367,444,1,1,0,0,1,development_only,Inactive_only,False,False,444
0.9,368,445,1,1,0,0,1,development_only,Inactive_only,False,False,445
0.9,369,446,1,1,0,0,1,development_only,Inactive_only,False,False,446
0.9,370,447,1,1,0,0,1,development_only,Inactive_only,False,False,447
0.9,371,448,1,1,0,0,1,development_only,Inactive_only,False,False,448
0.9,372,449,1,1,0,0,1,development_only,Inactive_only,False,False,449
0.9,373,450,1,1,0,0,1,development_only,Inactive_only,False,False,450
0.9,374,451,1,0,1,0,1,test_only,Inactive_only,False,False,451
0.9,375,452,1,0,1,0,1,test_only,Inactive_only,False,False,452
0.9,376,453,1,0,1,0,1,test_only,Inactive_only,False,False,453
0.9,377,454,1,1,0,0,1,development_only,Inactive_only,False,False,454
0.9,378,455,1,1,0,0,1,development_only,Inactive_only,False,False,455
0.9,379,456,1,1,0,0,1,development_only,Inactive_only,False,False,456
0.9,380,457,1,1,0,0,1,development_only,Inactive_only,False,False,457
0.9,381,458,1,1,0,0,1,development_only,Inactive_only,False,False,458
0.9,382,459,1,0,1,0,1,test_only,Inactive_only,False,False,459
0.9,383,460,1,1,0,0,1,development_only,Inactive_only,False,False,460
0.9,384,461,1,0,1,0,1,test_only,Inactive_only,False,False,461
0.9,385,462,1,1,0,0,1,development_only,Inactive_only,False,False,462
0.9,386,463,1,1,0,0,1,development_only,Inactive_only,False,False,463
0.9,387,464,1,0,1,0,1,test_only,Inactive_only,False,False,464
0.9,388,465,1,0,1,0,1,test_only,Inactive_only,False,False,465
0.9,389,466,1,1,0,0,1,development_only,Inactive_only,False,False,466
0.9,390,467,1,1,0,0,1,development_only,Inactive_only,False,False,467
0.9,391,468,1,1,0,0,1,development_only,Inactive_only,False,False,468
0.9,392,469,1,0,1,0,1,test_only,Inactive_only,False,False,469
0.9,393,470,1,1,0,0,1,development_only,Inactive_only,False,False,470
0.9,394,471,1,1,0,0,1,development_only,Inactive_only,False,False,471
0.9,395,472,1,1,0,0,1,development_only,Inactive_only,False,False,472
0.9,396,473,1,1,0,0,1,development_only,Inactive_only,False,False,473
0.9,397,474,1,1,0,0,1,development_only,Inactive_only,False,False,474
0.9,398,475,1,1,0,0,1,development_only,Inactive_only,False,False,475
0.9,399,476,1,1,0,0,1,development_only,Inactive_only,False,False,476
0.9,400,477,1,1,0,0,1,development_only,Inactive_only,False,False,477
0.9,401,478,1,0,1,0,1,test_only,Inactive_only,False,False,478
0.9,402,479,1,1,0,0,1,development_only,Inactive_only,False,False,479
0.9,403,480,1,1,0,0,1,development_only,Inactive_only,False,False,480
0.9,404,481,1,1,0,0,1,development_only,Inactive_only,False,False,481
0.9,405,482,1,1,0,0,1,development_only,Inactive_only,False,False,482
0.9,406,483,1,1,0,0,1,development_only,Inactive_only,False,False,483
0.9,407,484,1,1,0,0,1,development_only,Inactive_only,False,False,484
0.9,408,485,1,1,0,0,1,development_only,Inactive_only,False,False,485
0.9,409,486,1,1,0,0,1,development_only,Inactive_only,False,False,486
0.9,410,487,1,1,0,0,1,development_only,Inactive_only,False,False,487
0.9,411,488,1,1,0,0,1,development_only,Inactive_only,False,False,488
0.9,412,489,1,1,0,0,1,development_only,Inactive_only,False,False,489
0.9,413,490,1,0,1,0,1,test_only,Inactive_only,False,False,490
0.9,414,491,1,0,1,0,1,test_only,Inactive_only,False,False,491
0.9,415,492,1,1,0,0,1,development_only,Inactive_only,False,False,492
0.9,416,493,1,0,1,0,1,test_only,Inactive_only,False,False,493
0.9,417,494,1,1,0,0,1,development_only,Inactive_only,False,False,494
0.9,418,495,1,1,0,0,1,development_only,Inactive_only,False,False,495
0.9,419,496,1,1,0,0,1,development_only,Inactive_only,False,False,496
0.9,420,497,1,0,1,0,1,test_only,Inactive_only,False,False,497
0.9,421,498,1,1,0,0,1,development_only,Inactive_only,False,False,498
0.9,422,499,1,1,0,0,1,development_only,Inactive_only,False,False,499
0.9,423,500,1,1,0,0,1,development_only,Inactive_only,False,False,500
0.9,424,501,1,0,1,0,1,test_only,Inactive_only,False,False,501
0.9,425,502,1,1,0,0,1,development_only,Inactive_only,False,False,502
0.9,426,503,1,1,0,0,1,development_only,Inactive_only,False,False,503
0.9,427,504,1,1,0,0,1,development_only,Inactive_only,False,False,504
0.9,428,505,1,1,0,0,1,development_only,Inactive_only,False,False,505
0.9,429,506,1,1,0,0,1,development_only,Inactive_only,False,False,506
0.9,430,507,1,0,1,0,1,test_only,Inactive_only,False,False,507
0.9,431,508,1,1,0,0,1,development_only,Inactive_only,False,False,508
0.9,432,509,1,1,0,0,1,development_only,Inactive_only,False,False,509
0.9,433,510,1,1,0,0,1,development_only,Inactive_only,False,False,510
0.9,434,511,1,1,0,0,1,development_only,Inactive_only,False,False,511
0.9,435,512,1,0,1,0,1,test_only,Inactive_only,False,False,512
0.9,436,513,1,0,1,0,1,test_only,Inactive_only,False,False,513
0.9,437,514,1,1,0,0,1,development_only,Inactive_only,False,False,514
0.9,438,515,1,1,0,0,1,development_only,Inactive_only,False,False,515
0.9,439,516,1,0,1,0,1,test_only,Inactive_only,False,False,516
0.9,440,517,1,0,1,0,1,test_only,Inactive_only,False,False,517
0.9,441,518,1,0,1,0,1,test_only,Inactive_only,False,False,518
0.9,442,519,1,0,1,0,1,test_only,Inactive_only,False,False,519
0.9,443,520,1,1,0,0,1,development_only,Inactive_only,False,False,520
0.9,444,521,1,1,0,0,1,development_only,Inactive_only,False,False,521
0.9,445,522,1,1,0,0,1,development_only,Inactive_only,False,False,522
0.9,446,523,1,1,0,0,1,development_only,Inactive_only,False,False,523
0.9,447,524,1,1,0,0,1,development_only,Inactive_only,False,False,524
0.9,448,525,1,1,0,0,1,development_only,Inactive_only,False,False,525
0.9,449,526,1,1,0,0,1,development_only,Inactive_only,False,False,526
0.9,450,527,1,1,0,0,1,development_only,Inactive_only,False,False,527
0.9,451,528,1,1,0,0,1,development_only,Inactive_only,False,False,528
0.9,452,529,1,1,0,0,1,development_only,Inactive_only,False,False,529
0.9,453,530,1,1,0,0,1,development_only,Inactive_only,False,False,530
0.9,454,531,1,1,0,0,1,development_only,Inactive_only,False,False,531
0.9,455,532,1,0,1,0,1,test_only,Inactive_only,False,False,532
0.9,456,533,1,1,0,0,1,development_only,Inactive_only,False,False,533
0.9,457,534,1,0,1,0,1,test_only,Inactive_only,False,False,534
0.9,458,535,1,0,1,0,1,test_only,Inactive_only,False,False,535
0.9,459,536,1,1,0,0,1,development_only,Inactive_only,False,False,536
0.9,460,537,1,1,0,0,1,development_only,Inactive_only,False,False,537
0.9,461,538,1,0,1,0,1,test_only,Inactive_only,False,False,538
0.9,462,539,1,1,0,0,1,development_only,Inactive_only,False,False,539
0.9,463,540,1,1,0,0,1,development_only,Inactive_only,False,False,540
0.9,464,541,1,1,0,0,1,development_only,Inactive_only,False,False,541
0.9,465,542,1,1,0,0,1,development_only,Inactive_only,False,False,542
0.9,466,543,1,1,0,0,1,development_only,Inactive_only,False,False,543
0.9,467,544,1,0,1,0,1,test_only,Inactive_only,False,False,544
0.9,468,545,1,1,0,0,1,development_only,Inactive_only,False,False,545
0.9,469,546,1,0,1,0,1,test_only,Inactive_only,False,False,546
0.9,470,547,1,1,0,0,1,development_only,Inactive_only,False,False,547
0.9,471,548,1,1,0,0,1,development_only,Inactive_only,False,False,548
0.9,472,549,1,1,0,0,1,development_only,Inactive_only,False,False,549
0.9,473,550,1,1,0,0,1,development_only,Inactive_only,False,False,550
0.9,474,551,1,1,0,0,1,development_only,Inactive_only,False,False,551
0.9,475,552,1,1,0,0,1,development_only,Inactive_only,False,False,552
0.9,476,553,1,1,0,0,1,development_only,Inactive_only,False,False,553
0.9,477,554,1,0,1,0,1,test_only,Inactive_only,False,False,554
0.9,478,555,1,1,0,0,1,development_only,Inactive_only,False,False,555
0.9,479,556,1,1,0,0,1,development_only,Inactive_only,False,False,556
0.9,480,557,1,1,0,0,1,development_only,Inactive_only,False,False,557
0.9,481,558,1,1,0,0,1,development_only,Inactive_only,False,False,558
0.9,482,559,1,1,0,0,1,development_only,Inactive_only,False,False,559
0.9,483,560,1,1,0,0,1,development_only,Inactive_only,False,False,560
0.9,484,561,1,1,0,0,1,development_only,Inactive_only,False,False,561
0.9,485,562,1,0,1,0,1,test_only,Inactive_only,False,False,562
0.9,486,563,1,0,1,0,1,test_only,Inactive_only,False,False,563
0.9,487,564,1,1,0,0,1,development_only,Inactive_only,False,False,564
0.9,488,565,1,1,0,0,1,development_only,Inactive_only,False,False,565
0.9,489,566,1,1,0,0,1,development_only,Inactive_only,False,False,566
0.9,490,567,1,0,1,0,1,test_only,Inactive_only,False,False,567
0.9,491,568,1,1,0,0,1,development_only,Inactive_only,False,False,568
0.9,492,569,1,0,1,0,1,test_only,Inactive_only,False,False,569
0.9,493,570,1,0,1,0,1,test_only,Inactive_only,False,False,570
0.9,494,571,1,1,0,0,1,development_only,Inactive_only,False,False,571
0.9,495,572,1,1,0,0,1,development_only,Inactive_only,False,False,572
0.9,496,573,1,0,1,0,1,test_only,Inactive_only,False,False,573
0.9,497,574,1,1,0,0,1,development_only,Inactive_only,False,False,574
0.9,498,575,1,1,0,0,1,development_only,Inactive_only,False,False,575
0.9,499,576,1,0,1,0,1,test_only,Inactive_only,False,False,576
0.9,500,577,1,1,0,0,1,development_only,Inactive_only,False,False,577
0.9,501,578,1,0,1,0,1,test_only,Inactive_only,False,False,578
0.9,502,579,1,1,0,0,1,development_only,Inactive_only,False,False,579
0.9,503,580,1,0,1,0,1,test_only,Inactive_only,False,False,580
0.9,504,581,1,0,1,0,1,test_only,Inactive_only,False,False,581
0.9,505,582,1,1,0,0,1,development_only,Inactive_only,False,False,582
0.9,506,583,1,1,0,0,1,development_only,Inactive_only,False,False,583
0.9,507,584,1,1,0,0,1,development_only,Inactive_only,False,False,584
0.9,508,585,1,1,0,0,1,development_only,Inactive_only,False,False,585
0.9,509,586,1,1,0,0,1,development_only,Inactive_only,False,False,586
0.9,510,587,1,1,0,0,1,development_only,Inactive_only,False,False,587
0.9,511,588,1,1,0,0,1,development_only,Inactive_only,False,False,588
0.9,512,589,1,1,0,0,1,development_only,Inactive_only,False,False,589
0.9,513,590,1,1,0,0,1,development_only,Inactive_only,False,False,590
0.9,514,591,1,1,0,0,1,development_only,Inactive_only,False,False,591
0.9,515,592,1,1,0,0,1,development_only,Inactive_only,False,False,592
0.9,516,593,1,1,0,0,1,development_only,Inactive_only,False,False,593
0.9,517,594,1,1,0,0,1,development_only,Inactive_only,False,False,594
0.9,518,595,1,1,0,0,1,development_only,Inactive_only,False,False,595
0.9,519,596,1,1,0,0,1,development_only,Inactive_only,False,False,596
0.9,520,597,1,1,0,0,1,development_only,Inactive_only,False,False,597
0.9,521,598,1,1,0,0,1,development_only,Inactive_only,False,False,598
0.9,522,599,1,1,0,0,1,development_only,Inactive_only,False,False,599
0.9,523,600,1,0,1,0,1,test_only,Inactive_only,False,False,600
0.9,524,601,1,1,0,0,1,development_only,Inactive_only,False,False,601
0.9,525,602,1,0,1,0,1,test_only,Inactive_only,False,False,602
0.9,526,603,1,1,0,0,1,development_only,Inactive_only,False,False,603
0.9,527,604,1,1,0,0,1,development_only,Inactive_only,False,False,604
0.9,528,605,1,1,0,0,1,development_only,Inactive_only,False,False,605
0.9,529,606,1,1,0,0,1,development_only,Inactive_only,False,False,606
0.9,530,607,1,1,0,0,1,development_only,Inactive_only,False,False,607
0.9,531,608,1,0,1,0,1,test_only,Inactive_only,False,False,608
0.9,532,609,1,1,0,0,1,development_only,Inactive_only,False,False,609
0.9,533,610,1,1,0,0,1,development_only,Inactive_only,False,False,610
0.9,534,611,1,1,0,0,1,development_only,Inactive_only,False,False,611
0.9,535,612,1,1,0,0,1,development_only,Inactive_only,False,False,612
0.9,536,613,1,1,0,0,1,development_only,Inactive_only,False,False,613
0.9,537,614,1,0,1,0,1,test_only,Inactive_only,False,False,614
0.9,538,615,1,0,1,0,1,test_only,Inactive_only,False,False,615
0.9,539,616,1,1,0,0,1,development_only,Inactive_only,False,False,616
0.9,540,617,1,1,0,0,1,development_only,Inactive_only,False,False,617
0.9,541,618,1,1,0,0,1,development_only,Inactive_only,False,False,618
0.9,542,619,1,1,0,0,1,development_only,Inactive_only,False,False,619
0.9,543,620,1,1,0,0,1,development_only,Inactive_only,False,False,620
0.9,544,621,1,1,0,0,1,development_only,Inactive_only,False,False,621
0.9,545,622,1,1,0,0,1,development_only,Inactive_only,False,False,622
0.9,546,623,1,1,0,0,1,development_only,Inactive_only,False,False,623
0.9,547,624,1,1,0,0,1,development_only,Inactive_only,False,False,624
0.9,548,625,1,1,0,0,1,development_only,Inactive_only,False,False,625
0.9,549,626,1,0,1,0,1,test_only,Inactive_only,False,False,626
0.9,550,627,1,1,0,0,1,development_only,Inactive_only,False,False,627
0.9,551,628,1,1,0,0,1,development_only,Inactive_only,False,False,628
0.9,552,629,1,1,0,0,1,development_only,Inactive_only,False,False,629
0.9,553,630,1,1,0,0,1,development_only,Inactive_only,False,False,630
0.9,554,631,1,1,0,0,1,development_only,Inactive_only,False,False,631
0.9,555,632,1,1,0,0,1,development_only,Inactive_only,False,False,632
0.9,556,633,1,1,0,0,1,development_only,Inactive_only,False,False,633
0.9,557,634,1,0,1,0,1,test_only,Inactive_only,False,False,634
0.9,558,635,1,1,0,0,1,development_only,Inactive_only,False,False,635
0.9,559,636,1,1,0,0,1,development_only,Inactive_only,False,False,636
0.9,560,637,1,1,0,0,1,development_only,Inactive_only,False,False,637
0.9,561,638,1,1,0,0,1,development_only,Inactive_only,False,False,638
0.9,562,639,1,1,0,0,1,development_only,Inactive_only,False,False,639
0.9,563,640,1,1,0,0,1,development_only,Inactive_only,False,False,640
0.9,564,641,1,0,1,0,1,test_only,Inactive_only,False,False,641
0.9,565,642,1,1,0,0,1,development_only,Inactive_only,False,False,642
0.9,566,643,1,1,0,0,1,development_only,Inactive_only,False,False,643
0.9,567,644,1,1,0,0,1,development_only,Inactive_only,False,False,644
0.9,568,645,1,1,0,0,1,development_only,Inactive_only,False,False,645
0.9,569,646,1,1,0,0,1,development_only,Inactive_only,False,False,646
0.9,570,647,1,0,1,0,1,test_only,Inactive_only,False,False,647
0.9,571,648,1,1,0,0,1,development_only,Inactive_only,False,False,648
0.9,572,649,1,1,0,0,1,development_only,Inactive_only,False,False,649
0.9,573,650,1,1,0,0,1,development_only,Inactive_only,False,False,650
0.9,574,651,1,1,0,0,1,development_only,Inactive_only,False,False,651
0.9,575,652,1,1,0,0,1,development_only,Inactive_only,False,False,652
0.9,576,653,1,1,0,0,1,development_only,Inactive_only,False,False,653
0.9,577,654,1,1,0,0,1,development_only,Inactive_only,False,False,654
0.9,578,655,1,1,0,0,1,development_only,Inactive_only,False,False,655
0.9,579,656,1,1,0,0,1,development_only,Inactive_only,False,False,656
0.9,580,657,1,0,1,0,1,test_only,Inactive_only,False,False,657
0.9,581,658,1,1,0,0,1,development_only,Inactive_only,False,False,658
0.9,582,659,1,1,0,0,1,development_only,Inactive_only,False,False,659
0.9,583,660,1,1,0,0,1,development_only,Inactive_only,False,False,660
0.9,584,661,1,1,0,0,1,development_only,Inactive_only,False,False,661
0.9,585,662,1,1,0,0,1,development_only,Inactive_only,False,False,662
0.9,586,663,1,0,1,0,1,test_only,Inactive_only,False,False,663
0.9,587,664,1,1,0,0,1,development_only,Inactive_only,False,False,664
0.9,588,665,1,1,0,0,1,development_only,Inactive_only,False,False,665
0.9,589,666,1,1,0,0,1,development_only,Inactive_only,False,False,666
0.9,590,667,1,1,0,0,1,development_only,Inactive_only,False,False,667
0.9,591,668,1,1,0,0,1,development_only,Inactive_only,False,False,668
0.9,592,669,1,1,0,0,1,development_only,Inactive_only,False,False,669
0.9,593,670,1,1,0,0,1,development_only,Inactive_only,False,False,670
0.9,594,671,1,0,1,0,1,test_only,Inactive_only,False,False,671
0.9,595,672,1,1,0,0,1,development_only,Inactive_only,False,False,672
0.9,596,673,1,1,0,0,1,development_only,Inactive_only,False,False,673
0.9,597,674,1,1,0,0,1,development_only,Inactive_only,False,False,674
0.9,598,675,1,0,1,0,1,test_only,Inactive_only,False,False,675
0.9,599,676,1,1,0,0,1,development_only,Inactive_only,False,False,676
0.9,600,677,1,1,0,0,1,development_only,Inactive_only,False,False,677
0.9,601,678,1,1,0,0,1,development_only,Inactive_only,False,False,678
0.9,602,679,1,0,1,0,1,test_only,Inactive_only,False,False,679
0.9,603,680,1,1,0,0,1,development_only,Inactive_only,False,False,680
0.9,604,681,1,1,0,0,1,development_only,Inactive_only,False,False,681
0.9,605,682,1,1,0,0,1,development_only,Inactive_only,False,False,682
0.9,606,683,1,1,0,0,1,development_only,Inactive_only,False,False,683
0.9,607,684,1,1,0,0,1,development_only,Inactive_only,False,False,684
0.9,608,685,1,1,0,0,1,development_only,Inactive_only,False,False,685
0.9,609,686,1,1,0,0,1,development_only,Inactive_only,False,False,686
0.9,610,687,1,1,0,0,1,development_only,Inactive_only,False,False,687
0.9,611,688,1,1,0,0,1,development_only,Inactive_only,False,False,688
0.9,612,689,1,1,0,0,1,development_only,Inactive_only,False,False,689
0.9,613,690,1,1,0,0,1,development_only,Inactive_only,False,False,690
0.9,614,691,1,1,0,0,1,development_only,Inactive_only,False,False,691
0.9,615,692,1,1,0,0,1,development_only,Inactive_only,False,False,692
0.9,616,693,1,1,0,0,1,development_only,Inactive_only,False,False,693
0.9,617,694,1,0,1,0,1,test_only,Inactive_only,False,False,694
0.9,618,695,1,1,0,0,1,development_only,Inactive_only,False,False,695
0.9,619,696,1,1,0,0,1,development_only,Inactive_only,False,False,696
0.9,620,697,1,1,0,0,1,development_only,Inactive_only,False,False,697
0.9,621,698,1,1,0,0,1,development_only,Inactive_only,False,False,698
0.9,622,699,1,1,0,0,1,development_only,Inactive_only,False,False,699
0.9,623,700,1,1,0,0,1,development_only,Inactive_only,False,False,700
0.9,624,701,1,0,1,0,1,test_only,Inactive_only,False,False,701
0.9,625,702,1,1,0,0,1,development_only,Inactive_only,False,False,702
0.9,626,703,1,1,0,0,1,development_only,Inactive_only,False,False,703
0.9,627,704,1,0,1,0,1,test_only,Inactive_only,False,False,704
0.9,628,705,1,0,1,0,1,test_only,Inactive_only,False,False,705
0.9,629,706,1,1,0,0,1,development_only,Inactive_only,False,False,706
0.9,630,707,1,1,0,0,1,development_only,Inactive_only,False,False,707
0.9,631,708,1,0,1,0,1,test_only,Inactive_only,False,False,708
0.9,632,709,1,1,0,0,1,development_only,Inactive_only,False,False,709
0.9,633,710,1,1,0,0,1,development_only,Inactive_only,False,False,710
0.9,634,711,1,1,0,0,1,development_only,Inactive_only,False,False,711
0.9,635,712,1,1,0,0,1,development_only,Inactive_only,False,False,712
0.9,636,713,1,0,1,0,1,test_only,Inactive_only,False,False,713
0.9,637,714,1,1,0,0,1,development_only,Inactive_only,False,False,714
0.9,638,715,1,1,0,0,1,development_only,Inactive_only,False,False,715
0.9,639,716,1,1,0,0,1,development_only,Inactive_only,False,False,716
0.9,640,717,1,1,0,0,1,development_only,Inactive_only,False,False,717
0.9,641,718,1,1,0,0,1,development_only,Inactive_only,False,False,718
0.9,642,719,1,1,0,0,1,development_only,Inactive_only,False,False,719
0.9,643,720,1,0,1,0,1,test_only,Inactive_only,False,False,720
0.9,644,721,1,1,0,0,1,development_only,Inactive_only,False,False,721
0.9,645,722,1,1,0,0,1,development_only,Inactive_only,False,False,722
0.9,646,723,1,0,1,0,1,test_only,Inactive_only,False,False,723
0.9,647,724,1,0,1,0,1,test_only,Inactive_only,False,False,724
0.9,648,725,1,1,0,0,1,development_only,Inactive_only,False,False,725
0.9,649,726,1,1,0,0,1,development_only,Inactive_only,False,False,726
0.9,650,727,1,1,0,0,1,development_only,Inactive_only,False,False,727
0.9,651,728,1,0,1,0,1,test_only,Inactive_only,False,False,728
0.9,652,729,1,1,0,0,1,development_only,Inactive_only,False,False,729
0.9,653,730,1,0,1,0,1,test_only,Inactive_only,False,False,730
0.9,654,731,1,1,0,0,1,development_only,Inactive_only,False,False,731
0.9,655,732,1,1,0,0,1,development_only,Inactive_only,False,False,732
0.9,656,733,1,1,0,0,1,development_only,Inactive_only,False,False,733
0.9,657,734,1,1,0,0,1,development_only,Inactive_only,False,False,734
0.9,658,735,1,0,1,0,1,test_only,Inactive_only,False,False,735
0.9,659,736,1,0,1,0,1,test_only,Inactive_only,False,False,736
0.9,660,737,1,1,0,0,1,development_only,Inactive_only,False,False,737
0.9,661,738,1,1,0,0,1,development_only,Inactive_only,False,False,738
0.9,662,739,1,1,0,0,1,development_only,Inactive_only,False,False,739
0.9,663,740,1,1,0,0,1,development_only,Inactive_only,False,False,740
0.9,664,741,1,1,0,0,1,development_only,Inactive_only,False,False,741
0.9,665,742,1,0,1,0,1,test_only,Inactive_only,False,False,742
0.9,666,743,1,1,0,0,1,development_only,Inactive_only,False,False,743
0.9,667,744,1,0,1,0,1,test_only,Inactive_only,False,False,744
0.9,668,745,1,1,0,0,1,development_only,Inactive_only,False,False,745
0.9,669,746,1,1,0,0,1,development_only,Inactive_only,False,False,746
0.9,670,747,1,1,0,0,1,development_only,Inactive_only,False,False,747
0.9,671,748,1,1,0,0,1,development_only,Inactive_only,False,False,748
0.9,672,749,1,0,1,0,1,test_only,Inactive_only,False,False,749
0.9,673,750,1,1,0,0,1,development_only,Inactive_only,False,False,750
0.9,674,751,1,1,0,0,1,development_only,Inactive_only,False,False,751
0.9,675,752,1,1,0,0,1,development_only,Inactive_only,False,False,752
0.9,676,753,1,1,0,0,1,development_only,Inactive_only,False,False,753
0.9,677,754,1,1,0,0,1,development_only,Inactive_only,False,False,754
0.9,678,755,1,1,0,0,1,development_only,Inactive_only,False,False,755
0.9,679,756,1,1,0,0,1,development_only,Inactive_only,False,False,756
0.9,680,757,1,1,0,0,1,development_only,Inactive_only,False,False,757
0.9,681,758,1,1,0,0,1,development_only,Inactive_only,False,False,758
0.9,682,759,1,1,0,0,1,development_only,Inactive_only,False,False,759
0.9,683,760,1,0,1,0,1,test_only,Inactive_only,False,False,760
0.9,684,761,1,1,0,0,1,development_only,Inactive_only,False,False,761
0.9,685,762,1,1,0,0,1,development_only,Inactive_only,False,False,762
0.9,686,763,1,1,0,0,1,development_only,Inactive_only,False,False,763
0.9,687,764,1,1,0,0,1,development_only,Inactive_only,False,False,764
0.9,688,765,1,1,0,0,1,development_only,Inactive_only,False,False,765
0.9,689,766,1,1,0,0,1,development_only,Inactive_only,False,False,766
0.9,690,767,1,1,0,0,1,development_only,Inactive_only,False,False,767
0.9,691,768,1,1,0,0,1,development_only,Inactive_only,False,False,768
0.9,692,769,1,1,0,0,1,development_only,Inactive_only,False,False,769
0.9,693,770,1,1,0,0,1,development_only,Inactive_only,False,False,770
0.9,694,771,1,0,1,0,1,test_only,Inactive_only,False,False,771
0.9,695,772,1,1,0,0,1,development_only,Inactive_only,False,False,772
0.9,696,773,1,1,0,0,1,development_only,Inactive_only,False,False,773
0.9,697,774,1,1,0,0,1,development_only,Inactive_only,False,False,774
0.9,698,775,1,1,0,0,1,development_only,Inactive_only,False,False,775
0.9,699,776,1,0,1,0,1,test_only,Inactive_only,False,False,776
0.9,700,777,1,1,0,0,1,development_only,Inactive_only,False,False,777
0.9,701,778,1,1,0,0,1,development_only,Inactive_only,False,False,778
0.9,702,779,1,1,0,0,1,development_only,Inactive_only,False,False,779
0.9,703,780,1,1,0,0,1,development_only,Inactive_only,False,False,780
0.9,704,781,1,1,0,0,1,development_only,Inactive_only,False,False,781
0.9,705,782,1,1,0,0,1,development_only,Inactive_only,False,False,782
0.9,706,783,1,1,0,0,1,development_only,Inactive_only,False,False,783
0.9,707,784,1,1,0,0,1,development_only,Inactive_only,False,False,784
0.9,708,785,1,1,0,0,1,development_only,Inactive_only,False,False,785
0.9,709,786,1,1,0,0,1,development_only,Inactive_only,False,False,786
0.9,710,787,1,1,0,0,1,development_only,Inactive_only,False,False,787
0.9,711,788,1,1,0,0,1,development_only,Inactive_only,False,False,788
0.9,712,789,1,1,0,0,1,development_only,Inactive_only,False,False,789
0.9,713,790,1,1,0,0,1,development_only,Inactive_only,False,False,790
0.9,714,791,1,1,0,0,1,development_only,Inactive_only,False,False,791
0.9,715,792,1,1,0,0,1,development_only,Inactive_only,False,False,792
0.9,716,793,1,1,0,0,1,development_only,Inactive_only,False,False,793
0.9,717,794,1,1,0,0,1,development_only,Inactive_only,False,False,794
0.9,718,795,1,1,0,0,1,development_only,Inactive_only,False,False,795
0.9,719,796,1,1,0,0,1,development_only,Inactive_only,False,False,796
0.9,720,797,1,1,0,0,1,development_only,Inactive_only,False,False,797
0.9,721,798,1,1,0,0,1,development_only,Inactive_only,False,False,798
0.9,722,799,1,1,0,0,1,development_only,Inactive_only,False,False,799
0.9,723,800,1,0,1,0,1,test_only,Inactive_only,False,False,800
0.9,724,801,1,1,0,0,1,development_only,Inactive_only,False,False,801
0.9,725,802,1,1,0,0,1,development_only,Inactive_only,False,False,802
0.9,726,803,1,1,0,0,1,development_only,Inactive_only,False,False,803
0.9,727,804,1,1,0,0,1,development_only,Inactive_only,False,False,804
0.9,728,805,1,1,0,0,1,development_only,Inactive_only,False,False,805
0.9,729,806,1,0,1,0,1,test_only,Inactive_only,False,False,806
0.9,730,807,1,0,1,0,1,test_only,Inactive_only,False,False,807
0.9,731,808,1,1,0,0,1,development_only,Inactive_only,False,False,808
0.9,732,809,1,1,0,0,1,development_only,Inactive_only,False,False,809
0.9,733,810,1,1,0,0,1,development_only,Inactive_only,False,False,810
0.9,734,811,1,1,0,0,1,development_only,Inactive_only,False,False,811
0.9,735,812,1,1,0,0,1,development_only,Inactive_only,False,False,812
0.9,736,813,1,1,0,0,1,development_only,Inactive_only,False,False,813
0.9,737,814,1,1,0,0,1,development_only,Inactive_only,False,False,814
0.9,738,815,1,1,0,0,1,development_only,Inactive_only,False,False,815
0.9,739,816,1,1,0,0,1,development_only,Inactive_only,False,False,816
0.9,740,817,1,0,1,0,1,test_only,Inactive_only,False,False,817
0.9,741,818,1,1,0,0,1,development_only,Inactive_only,False,False,818
0.9,742,819,1,1,0,0,1,development_only,Inactive_only,False,False,819
0.9,743,820,1,1,0,0,1,development_only,Inactive_only,False,False,820
0.9,744,821,1,1,0,0,1,development_only,Inactive_only,False,False,821
0.9,745,822,1,1,0,0,1,development_only,Inactive_only,False,False,822
0.9,746,823,1,1,0,0,1,development_only,Inactive_only,False,False,823
0.9,747,824,1,0,1,0,1,test_only,Inactive_only,False,False,824
0.9,748,825,1,1,0,0,1,development_only,Inactive_only,False,False,825
0.9,749,826,1,1,0,0,1,development_only,Inactive_only,False,False,826
0.9,750,827,1,1,0,0,1,development_only,Inactive_only,False,False,827
0.9,751,828,1,1,0,0,1,development_only,Inactive_only,False,False,828
0.9,752,829,1,1,0,0,1,development_only,Inactive_only,False,False,829
0.9,753,830,1,1,0,0,1,development_only,Inactive_only,False,False,830
0.9,754,831,1,1,0,0,1,development_only,Inactive_only,False,False,831
0.9,755,832,1,1,0,0,1,development_only,Inactive_only,False,False,832
0.9,756,833,1,1,0,0,1,development_only,Inactive_only,False,False,833
0.9,757,834,1,1,0,0,1,development_only,Inactive_only,False,False,834
0.9,758,835,1,1,0,0,1,development_only,Inactive_only,False,False,835
0.9,759,836,1,1,0,0,1,development_only,Inactive_only,False,False,836
0.9,760,837,1,0,1,0,1,test_only,Inactive_only,False,False,837
0.9,761,838,1,1,0,0,1,development_only,Inactive_only,False,False,838
0.9,762,839,1,1,0,0,1,development_only,Inactive_only,False,False,839
0.9,763,840,1,1,0,0,1,development_only,Inactive_only,False,False,840
0.9,764,841,1,1,0,0,1,development_only,Inactive_only,False,False,841
0.9,765,842,1,1,0,0,1,development_only,Inactive_only,False,False,842
0.9,766,843,1,1,0,0,1,development_only,Inactive_only,False,False,843
0.9,767,844,1,1,0,0,1,development_only,Inactive_only,False,False,844
0.9,768,845,1,1,0,0,1,development_only,Inactive_only,False,False,845
0.9,769,846,1,1,0,0,1,development_only,Inactive_only,False,False,846
0.9,770,847,1,1,0,0,1,development_only,Inactive_only,False,False,847
0.9,771,848,1,0,1,0,1,test_only,Inactive_only,False,False,848
0.9,772,849,1,1,0,0,1,development_only,Inactive_only,False,False,849
0.9,773,850,1,1,0,0,1,development_only,Inactive_only,False,False,850
0.9,774,851,1,1,0,0,1,development_only,Inactive_only,False,False,851
0.9,775,852,1,0,1,0,1,test_only,Inactive_only,False,False,852
0.9,776,853,1,1,0,0,1,development_only,Inactive_only,False,False,853
0.9,777,854,1,1,0,0,1,development_only,Inactive_only,False,False,854
0.9,778,855,1,1,0,0,1,development_only,Inactive_only,False,False,855
0.9,779,856,1,1,0,0,1,development_only,Inactive_only,False,False,856
0.9,780,857,1,1,0,0,1,development_only,Inactive_only,False,False,857
0.9,781,858,1,1,0,0,1,development_only,Inactive_only,False,False,858
0.9,782,859,1,1,0,0,1,development_only,Inactive_only,False,False,859
0.9,783,860,1,1,0,0,1,development_only,Inactive_only,False,False,860
0.9,784,861,1,0,1,0,1,test_only,Inactive_only,False,False,861
0.9,785,862,1,0,1,0,1,test_only,Inactive_only,False,False,862
0.9,786,863,1,1,0,0,1,development_only,Inactive_only,False,False,863
0.9,787,864,1,1,0,0,1,development_only,Inactive_only,False,False,864
0.9,788,865,1,1,0,0,1,development_only,Inactive_only,False,False,865
0.9,789,866,1,0,1,0,1,test_only,Inactive_only,False,False,866
0.9,790,867,1,1,0,0,1,development_only,Inactive_only,False,False,867
0.9,791,868,1,1,0,0,1,development_only,Inactive_only,False,False,868
0.9,792,869,1,1,0,0,1,development_only,Inactive_only,False,False,869
0.9,793,870,1,1,0,0,1,development_only,Inactive_only,False,False,870
0.9,794,871,1,0,1,0,1,test_only,Inactive_only,False,False,871
0.9,795,872,1,0,1,0,1,test_only,Inactive_only,False,False,872
0.9,796,873,1,0,1,0,1,test_only,Inactive_only,False,False,873
0.9,797,874,1,1,0,0,1,development_only,Inactive_only,False,False,874
0.9,798,875,1,0,1,0,1,test_only,Inactive_only,False,False,875
0.9,799,876,1,1,0,0,1,development_only,Inactive_only,False,False,876
0.9,800,877,1,1,0,0,1,development_only,Inactive_only,False,False,877
0.9,801,878,1,1,0,0,1,development_only,Inactive_only,False,False,878
0.9,802,879,1,1,0,0,1,development_only,Inactive_only,False,False,879
0.9,803,880,1,0,1,0,1,test_only,Inactive_only,False,False,880
0.9,804,881,1,0,1,0,1,test_only,Inactive_only,False,False,881
0.9,805,882,1,1,0,0,1,development_only,Inactive_only,False,False,882
0.9,806,883,1,1,0,0,1,development_only,Inactive_only,False,False,883
0.9,807,884,1,1,0,0,1,development_only,Inactive_only,False,False,884
0.9,808,885,1,1,0,0,1,development_only,Inactive_only,False,False,885
0.9,809,886,1,1,0,0,1,development_only,Inactive_only,False,False,886
0.9,810,887,1,1,0,0,1,development_only,Inactive_only,False,False,887
0.9,811,888,1,1,0,0,1,development_only,Inactive_only,False,False,888
0.9,812,889,1,1,0,0,1,development_only,Inactive_only,False,False,889
0.9,813,890,1,1,0,0,1,development_only,Inactive_only,False,False,890
0.9,814,891,1,1,0,0,1,development_only,Inactive_only,False,False,891
0.9,815,892,1,1,0,0,1,development_only,Inactive_only,False,False,892
0.9,816,893,1,1,0,0,1,development_only,Inactive_only,False,False,893
0.9,817,894,1,0,1,0,1,test_only,Inactive_only,False,False,894
0.9,818,895,1,1,0,0,1,development_only,Inactive_only,False,False,895
0.9,819,896,1,1,0,0,1,development_only,Inactive_only,False,False,896
0.9,820,897,1,1,0,0,1,development_only,Inactive_only,False,False,897
0.9,821,898,1,1,0,0,1,development_only,Inactive_only,False,False,898
0.9,822,899,1,1,0,0,1,development_only,Inactive_only,False,False,899
0.9,823,900,1,1,0,0,1,development_only,Inactive_only,False,False,900
0.9,824,901,1,1,0,0,1,development_only,Inactive_only,False,False,901
0.95,1,1,2,1,1,2,0,cross_split,Active_only,True,False,1;87
0.95,2,2,1,1,0,1,0,development_only,Active_only,False,False,2
0.95,3,3,1,1,0,1,0,development_only,Active_only,False,False,3
0.95,4,4,1,1,0,1,0,development_only,Active_only,False,False,4
0.95,5,5,1,1,0,0,1,development_only,Inactive_only,False,False,5
0.95,6,6,1,1,0,1,0,development_only,Active_only,False,False,6
0.95,7,7,1,1,0,0,1,development_only,Inactive_only,False,False,7
0.95,8,8,1,1,0,0,1,development_only,Inactive_only,False,False,8
0.95,9,9,1,1,0,0,1,development_only,Inactive_only,False,False,9
0.95,10,10,1,1,0,0,1,development_only,Inactive_only,False,False,10
0.95,11,11,1,1,0,0,1,development_only,Inactive_only,False,False,11
0.95,12,12,1,0,1,1,0,test_only,Active_only,False,False,12
0.95,13,13,1,1,0,0,1,development_only,Inactive_only,False,False,13
0.95,14,14,1,1,0,1,0,development_only,Active_only,False,False,14
0.95,15,15,1,0,1,1,0,test_only,Active_only,False,False,15
0.95,16,16,1,1,0,0,1,development_only,Inactive_only,False,False,16
0.95,17,17,1,1,0,0,1,development_only,Inactive_only,False,False,17
0.95,18,18,1,1,0,0,1,development_only,Inactive_only,False,False,18
0.95,19,19,1,1,0,0,1,development_only,Inactive_only,False,False,19
0.95,20,20,1,1,0,0,1,development_only,Inactive_only,False,False,20
0.95,21,21,1,0,1,1,0,test_only,Active_only,False,False,21
0.95,22,22,1,1,0,1,0,development_only,Active_only,False,False,22
0.95,23,23,1,1,0,1,0,development_only,Active_only,False,False,23
0.95,24,24,1,1,0,1,0,development_only,Active_only,False,False,24
0.95,25,25,1,1,0,0,1,development_only,Inactive_only,False,False,25
0.95,26,26,1,1,0,0,1,development_only,Inactive_only,False,False,26
0.95,27,27,1,1,0,0,1,development_only,Inactive_only,False,False,27
0.95,28,28,1,1,0,0,1,development_only,Inactive_only,False,False,28
0.95,29,29,1,1,0,0,1,development_only,Inactive_only,False,False,29
0.95,30,30,1,0,1,1,0,test_only,Active_only,False,False,30
0.95,31,31,1,1,0,1,0,development_only,Active_only,False,False,31
0.95,32,32,1,1,0,1,0,development_only,Active_only,False,False,32
0.95,33,33,1,0,1,0,1,test_only,Inactive_only,False,False,33
0.95,34,34,1,1,0,1,0,development_only,Active_only,False,False,34
0.95,35,35,1,1,0,0,1,development_only,Inactive_only,False,False,35
0.95,36,36,1,1,0,1,0,development_only,Active_only,False,False,36
0.95,37,37,1,0,1,0,1,test_only,Inactive_only,False,False,37
0.95,38,38,1,0,1,0,1,test_only,Inactive_only,False,False,38
0.95,39,39,1,1,0,0,1,development_only,Inactive_only,False,False,39
0.95,40,40,1,0,1,0,1,test_only,Inactive_only,False,False,40
0.95,41,41,1,1,0,0,1,development_only,Inactive_only,False,False,41
0.95,42,42,1,1,0,0,1,development_only,Inactive_only,False,False,42
0.95,43,43,1,0,1,0,1,test_only,Inactive_only,False,False,43
0.95,44,44,1,1,0,1,0,development_only,Active_only,False,False,44
0.95,45,45,1,1,0,0,1,development_only,Inactive_only,False,False,45
0.95,46,46,1,0,1,1,0,test_only,Active_only,False,False,46
0.95,47,47,1,0,1,0,1,test_only,Inactive_only,False,False,47
0.95,48,48,1,0,1,0,1,test_only,Inactive_only,False,False,48
0.95,49,49,1,1,0,0,1,development_only,Inactive_only,False,False,49
0.95,50,50,1,0,1,1,0,test_only,Active_only,False,False,50
0.95,51,51,1,1,0,0,1,development_only,Inactive_only,False,False,51
0.95,52,52,3,3,0,3,0,development_only,Active_only,False,False,52;58;60
0.95,53,53,1,1,0,1,0,development_only,Active_only,False,False,53
0.95,54,54,1,1,0,0,1,development_only,Inactive_only,False,False,54
0.95,55,55,1,0,1,0,1,test_only,Inactive_only,False,False,55
0.95,56,56,2,1,1,0,2,cross_split,Inactive_only,True,False,56;150
0.95,57,57,1,1,0,1,0,development_only,Active_only,False,False,57
0.95,58,59,1,1,0,1,0,development_only,Active_only,False,False,59
0.95,59,61,1,0,1,1,0,test_only,Active_only,False,False,61
0.95,60,62,1,1,0,0,1,development_only,Inactive_only,False,False,62
0.95,61,63,1,1,0,1,0,development_only,Active_only,False,False,63
0.95,62,64,1,1,0,0,1,development_only,Inactive_only,False,False,64
0.95,63,65,1,1,0,0,1,development_only,Inactive_only,False,False,65
0.95,64,66,1,1,0,0,1,development_only,Inactive_only,False,False,66
0.95,65,67,1,0,1,0,1,test_only,Inactive_only,False,False,67
0.95,66,68,1,0,1,1,0,test_only,Active_only,False,False,68
0.95,67,69,1,1,0,0,1,development_only,Inactive_only,False,False,69
0.95,68,70,1,0,1,1,0,test_only,Active_only,False,False,70
0.95,69,71,1,1,0,1,0,development_only,Active_only,False,False,71
0.95,70,72,1,0,1,1,0,test_only,Active_only,False,False,72
0.95,71,73,1,1,0,1,0,development_only,Active_only,False,False,73
0.95,72,74,1,1,0,1,0,development_only,Active_only,False,False,74
0.95,73,75,1,1,0,1,0,development_only,Active_only,False,False,75
0.95,74,76,1,1,0,1,0,development_only,Active_only,False,False,76
0.95,75,77,1,1,0,1,0,development_only,Active_only,False,False,77
0.95,76,78,1,0,1,1,0,test_only,Active_only,False,False,78
0.95,77,79,1,1,0,1,0,development_only,Active_only,False,False,79
0.95,78,80,1,0,1,1,0,test_only,Active_only,False,False,80
0.95,79,81,1,1,0,1,0,development_only,Active_only,False,False,81
0.95,80,82,1,1,0,0,1,development_only,Inactive_only,False,False,82
0.95,81,83,1,1,0,1,0,development_only,Active_only,False,False,83
0.95,82,84,1,1,0,1,0,development_only,Active_only,False,False,84
0.95,83,85,2,2,0,2,0,development_only,Active_only,False,False,85;86
0.95,84,88,1,0,1,1,0,test_only,Active_only,False,False,88
0.95,85,89,1,1,0,0,1,development_only,Inactive_only,False,False,89
0.95,86,90,1,0,1,1,0,test_only,Active_only,False,False,90
0.95,87,91,1,0,1,1,0,test_only,Active_only,False,False,91
0.95,88,92,1,1,0,1,0,development_only,Active_only,False,False,92
0.95,89,93,1,1,0,1,0,development_only,Active_only,False,False,93
0.95,90,94,1,1,0,1,0,development_only,Active_only,False,False,94
0.95,91,95,1,1,0,1,0,development_only,Active_only,False,False,95
0.95,92,96,1,1,0,1,0,development_only,Active_only,False,False,96
0.95,93,97,1,1,0,1,0,development_only,Active_only,False,False,97
0.95,94,98,1,1,0,1,0,development_only,Active_only,False,False,98
0.95,95,99,1,1,0,1,0,development_only,Active_only,False,False,99
0.95,96,100,1,1,0,1,0,development_only,Active_only,False,False,100
0.95,97,101,1,1,0,1,0,development_only,Active_only,False,False,101
0.95,98,102,1,1,0,1,0,development_only,Active_only,False,False,102
0.95,99,103,1,0,1,1,0,test_only,Active_only,False,False,103
0.95,100,104,1,1,0,1,0,development_only,Active_only,False,False,104
0.95,101,105,1,1,0,1,0,development_only,Active_only,False,False,105
0.95,102,106,1,1,0,1,0,development_only,Active_only,False,False,106
0.95,103,107,1,1,0,1,0,development_only,Active_only,False,False,107
0.95,104,108,1,1,0,1,0,development_only,Active_only,False,False,108
0.95,105,109,1,1,0,1,0,development_only,Active_only,False,False,109
0.95,106,110,1,1,0,0,1,development_only,Inactive_only,False,False,110
0.95,107,111,1,1,0,1,0,development_only,Active_only,False,False,111
0.95,108,112,1,1,0,1,0,development_only,Active_only,False,False,112
0.95,109,113,1,1,0,1,0,development_only,Active_only,False,False,113
0.95,110,114,1,0,1,0,1,test_only,Inactive_only,False,False,114
0.95,111,115,1,1,0,1,0,development_only,Active_only,False,False,115
0.95,112,116,1,1,0,0,1,development_only,Inactive_only,False,False,116
0.95,113,117,1,1,0,1,0,development_only,Active_only,False,False,117
0.95,114,118,1,1,0,1,0,development_only,Active_only,False,False,118
0.95,115,119,1,1,0,0,1,development_only,Inactive_only,False,False,119
0.95,116,120,5,4,1,5,0,cross_split,Active_only,True,False,120;123;124;128;129
0.95,117,121,1,1,0,1,0,development_only,Active_only,False,False,121
0.95,118,122,1,1,0,1,0,development_only,Active_only,False,False,122
0.95,119,125,1,1,0,1,0,development_only,Active_only,False,False,125
0.95,120,126,1,1,0,1,0,development_only,Active_only,False,False,126
0.95,121,127,1,1,0,1,0,development_only,Active_only,False,False,127
0.95,122,130,1,1,0,1,0,development_only,Active_only,False,False,130
0.95,123,131,1,1,0,0,1,development_only,Inactive_only,False,False,131
0.95,124,132,1,1,0,1,0,development_only,Active_only,False,False,132
0.95,125,133,1,1,0,1,0,development_only,Active_only,False,False,133
0.95,126,134,8,7,1,8,0,cross_split,Active_only,True,False,134;135;136;137;138;139;140;141
0.95,127,142,1,0,1,0,1,test_only,Inactive_only,False,False,142
0.95,128,143,1,1,0,1,0,development_only,Active_only,False,False,143
0.95,129,144,2,1,1,1,1,cross_split,mixed_label,True,True,144;145
0.95,130,146,1,1,0,1,0,development_only,Active_only,False,False,146
0.95,131,147,1,0,1,1,0,test_only,Active_only,False,False,147
0.95,132,148,1,1,0,1,0,development_only,Active_only,False,False,148
0.95,133,149,1,0,1,0,1,test_only,Inactive_only,False,False,149
0.95,134,151,1,1,0,0,1,development_only,Inactive_only,False,False,151
0.95,135,152,1,1,0,0,1,development_only,Inactive_only,False,False,152
0.95,136,153,1,1,0,0,1,development_only,Inactive_only,False,False,153
0.95,137,154,1,1,0,0,1,development_only,Inactive_only,False,False,154
0.95,138,155,1,1,0,0,1,development_only,Inactive_only,False,False,155
0.95,139,156,1,1,0,0,1,development_only,Inactive_only,False,False,156
0.95,140,157,1,1,0,0,1,development_only,Inactive_only,False,False,157
0.95,141,158,1,0,1,0,1,test_only,Inactive_only,False,False,158
0.95,142,159,1,1,0,0,1,development_only,Inactive_only,False,False,159
0.95,143,160,1,1,0,0,1,development_only,Inactive_only,False,False,160
0.95,144,161,1,1,0,0,1,development_only,Inactive_only,False,False,161
0.95,145,162,1,1,0,0,1,development_only,Inactive_only,False,False,162
0.95,146,163,1,1,0,0,1,development_only,Inactive_only,False,False,163
0.95,147,164,1,1,0,0,1,development_only,Inactive_only,False,False,164
0.95,148,165,1,1,0,0,1,development_only,Inactive_only,False,False,165
0.95,149,166,1,0,1,0,1,test_only,Inactive_only,False,False,166
0.95,150,167,1,0,1,0,1,test_only,Inactive_only,False,False,167
0.95,151,168,1,1,0,0,1,development_only,Inactive_only,False,False,168
0.95,152,169,1,0,1,0,1,test_only,Inactive_only,False,False,169
0.95,153,170,1,0,1,0,1,test_only,Inactive_only,False,False,170
0.95,154,171,1,1,0,0,1,development_only,Inactive_only,False,False,171
0.95,155,172,1,1,0,0,1,development_only,Inactive_only,False,False,172
0.95,156,173,1,0,1,0,1,test_only,Inactive_only,False,False,173
0.95,157,174,1,1,0,0,1,development_only,Inactive_only,False,False,174
0.95,158,175,1,0,1,0,1,test_only,Inactive_only,False,False,175
0.95,159,176,1,1,0,0,1,development_only,Inactive_only,False,False,176
0.95,160,177,1,0,1,0,1,test_only,Inactive_only,False,False,177
0.95,161,178,1,1,0,0,1,development_only,Inactive_only,False,False,178
0.95,162,179,1,0,1,0,1,test_only,Inactive_only,False,False,179
0.95,163,180,1,1,0,0,1,development_only,Inactive_only,False,False,180
0.95,164,181,1,1,0,0,1,development_only,Inactive_only,False,False,181
0.95,165,182,1,1,0,0,1,development_only,Inactive_only,False,False,182
0.95,166,183,1,1,0,0,1,development_only,Inactive_only,False,False,183
0.95,167,184,1,1,0,0,1,development_only,Inactive_only,False,False,184
0.95,168,185,1,0,1,0,1,test_only,Inactive_only,False,False,185
0.95,169,186,1,1,0,0,1,development_only,Inactive_only,False,False,186
0.95,170,187,1,1,0,0,1,development_only,Inactive_only,False,False,187
0.95,171,188,1,1,0,0,1,development_only,Inactive_only,False,False,188
0.95,172,189,1,0,1,0,1,test_only,Inactive_only,False,False,189
0.95,173,190,1,1,0,0,1,development_only,Inactive_only,False,False,190
0.95,174,191,1,1,0,0,1,development_only,Inactive_only,False,False,191
0.95,175,192,1,1,0,0,1,development_only,Inactive_only,False,False,192
0.95,176,193,1,1,0,0,1,development_only,Inactive_only,False,False,193
0.95,177,194,1,1,0,0,1,development_only,Inactive_only,False,False,194
0.95,178,195,1,0,1,0,1,test_only,Inactive_only,False,False,195
0.95,179,196,1,1,0,0,1,development_only,Inactive_only,False,False,196
0.95,180,197,1,0,1,0,1,test_only,Inactive_only,False,False,197
0.95,181,198,1,0,1,0,1,test_only,Inactive_only,False,False,198
0.95,182,199,1,1,0,0,1,development_only,Inactive_only,False,False,199
0.95,183,200,1,1,0,0,1,development_only,Inactive_only,False,False,200
0.95,184,201,1,1,0,0,1,development_only,Inactive_only,False,False,201
0.95,185,202,1,1,0,0,1,development_only,Inactive_only,False,False,202
0.95,186,203,1,1,0,0,1,development_only,Inactive_only,False,False,203
0.95,187,204,1,1,0,0,1,development_only,Inactive_only,False,False,204
0.95,188,205,1,1,0,0,1,development_only,Inactive_only,False,False,205
0.95,189,206,1,1,0,0,1,development_only,Inactive_only,False,False,206
0.95,190,207,1,1,0,0,1,development_only,Inactive_only,False,False,207
0.95,191,208,1,1,0,0,1,development_only,Inactive_only,False,False,208
0.95,192,209,1,1,0,0,1,development_only,Inactive_only,False,False,209
0.95,193,210,1,1,0,0,1,development_only,Inactive_only,False,False,210
0.95,194,211,1,1,0,0,1,development_only,Inactive_only,False,False,211
0.95,195,212,1,0,1,0,1,test_only,Inactive_only,False,False,212
0.95,196,213,1,1,0,0,1,development_only,Inactive_only,False,False,213
0.95,197,214,1,1,0,0,1,development_only,Inactive_only,False,False,214
0.95,198,215,1,1,0,0,1,development_only,Inactive_only,False,False,215
0.95,199,216,1,0,1,0,1,test_only,Inactive_only,False,False,216
0.95,200,217,1,0,1,0,1,test_only,Inactive_only,False,False,217
0.95,201,218,1,1,0,0,1,development_only,Inactive_only,False,False,218
0.95,202,219,1,1,0,0,1,development_only,Inactive_only,False,False,219
0.95,203,220,1,1,0,0,1,development_only,Inactive_only,False,False,220
0.95,204,221,1,1,0,0,1,development_only,Inactive_only,False,False,221
0.95,205,222,1,1,0,0,1,development_only,Inactive_only,False,False,222
0.95,206,223,1,1,0,0,1,development_only,Inactive_only,False,False,223
0.95,207,224,1,1,0,0,1,development_only,Inactive_only,False,False,224
0.95,208,225,1,1,0,0,1,development_only,Inactive_only,False,False,225
0.95,209,226,1,1,0,0,1,development_only,Inactive_only,False,False,226
0.95,210,227,1,1,0,0,1,development_only,Inactive_only,False,False,227
0.95,211,228,1,1,0,0,1,development_only,Inactive_only,False,False,228
0.95,212,229,1,0,1,0,1,test_only,Inactive_only,False,False,229
0.95,213,230,1,1,0,0,1,development_only,Inactive_only,False,False,230
0.95,214,231,1,1,0,0,1,development_only,Inactive_only,False,False,231
0.95,215,232,1,1,0,0,1,development_only,Inactive_only,False,False,232
0.95,216,233,1,1,0,0,1,development_only,Inactive_only,False,False,233
0.95,217,234,1,1,0,0,1,development_only,Inactive_only,False,False,234
0.95,218,235,1,0,1,0,1,test_only,Inactive_only,False,False,235
0.95,219,236,1,1,0,0,1,development_only,Inactive_only,False,False,236
0.95,220,237,1,1,0,0,1,development_only,Inactive_only,False,False,237
0.95,221,238,1,1,0,0,1,development_only,Inactive_only,False,False,238
0.95,222,239,1,0,1,0,1,test_only,Inactive_only,False,False,239
0.95,223,240,1,1,0,0,1,development_only,Inactive_only,False,False,240
0.95,224,241,1,1,0,0,1,development_only,Inactive_only,False,False,241
0.95,225,242,1,1,0,0,1,development_only,Inactive_only,False,False,242
0.95,226,243,1,1,0,0,1,development_only,Inactive_only,False,False,243
0.95,227,244,1,1,0,0,1,development_only,Inactive_only,False,False,244
0.95,228,245,1,1,0,0,1,development_only,Inactive_only,False,False,245
0.95,229,246,1,1,0,0,1,development_only,Inactive_only,False,False,246
0.95,230,247,1,1,0,0,1,development_only,Inactive_only,False,False,247
0.95,231,248,1,1,0,0,1,development_only,Inactive_only,False,False,248
0.95,232,249,1,1,0,0,1,development_only,Inactive_only,False,False,249
0.95,233,250,1,1,0,0,1,development_only,Inactive_only,False,False,250
0.95,234,251,1,1,0,0,1,development_only,Inactive_only,False,False,251
0.95,235,252,1,0,1,0,1,test_only,Inactive_only,False,False,252
0.95,236,253,1,1,0,0,1,development_only,Inactive_only,False,False,253
0.95,237,254,1,1,0,0,1,development_only,Inactive_only,False,False,254
0.95,238,255,1,1,0,0,1,development_only,Inactive_only,False,False,255
0.95,239,256,1,1,0,0,1,development_only,Inactive_only,False,False,256
0.95,240,257,1,1,0,0,1,development_only,Inactive_only,False,False,257
0.95,241,258,1,1,0,0,1,development_only,Inactive_only,False,False,258
0.95,242,259,1,1,0,0,1,development_only,Inactive_only,False,False,259
0.95,243,260,1,1,0,0,1,development_only,Inactive_only,False,False,260
0.95,244,261,1,0,1,0,1,test_only,Inactive_only,False,False,261
0.95,245,262,1,1,0,0,1,development_only,Inactive_only,False,False,262
0.95,246,263,1,1,0,0,1,development_only,Inactive_only,False,False,263
0.95,247,264,1,1,0,0,1,development_only,Inactive_only,False,False,264
0.95,248,265,1,1,0,0,1,development_only,Inactive_only,False,False,265
0.95,249,266,1,1,0,0,1,development_only,Inactive_only,False,False,266
0.95,250,267,1,1,0,0,1,development_only,Inactive_only,False,False,267
0.95,251,268,1,1,0,0,1,development_only,Inactive_only,False,False,268
0.95,252,269,1,1,0,0,1,development_only,Inactive_only,False,False,269
0.95,253,270,1,1,0,0,1,development_only,Inactive_only,False,False,270
0.95,254,271,1,0,1,0,1,test_only,Inactive_only,False,False,271
0.95,255,272,1,1,0,0,1,development_only,Inactive_only,False,False,272
0.95,256,273,1,1,0,0,1,development_only,Inactive_only,False,False,273
0.95,257,274,1,1,0,0,1,development_only,Inactive_only,False,False,274
0.95,258,275,1,1,0,0,1,development_only,Inactive_only,False,False,275
0.95,259,276,1,1,0,0,1,development_only,Inactive_only,False,False,276
0.95,260,277,1,1,0,0,1,development_only,Inactive_only,False,False,277
0.95,261,278,1,1,0,0,1,development_only,Inactive_only,False,False,278
0.95,262,279,1,1,0,0,1,development_only,Inactive_only,False,False,279
0.95,263,280,1,1,0,0,1,development_only,Inactive_only,False,False,280
0.95,264,281,1,1,0,0,1,development_only,Inactive_only,False,False,281
0.95,265,282,1,0,1,0,1,test_only,Inactive_only,False,False,282
0.95,266,283,1,1,0,0,1,development_only,Inactive_only,False,False,283
0.95,267,284,1,1,0,0,1,development_only,Inactive_only,False,False,284
0.95,268,285,1,1,0,0,1,development_only,Inactive_only,False,False,285
0.95,269,286,1,1,0,0,1,development_only,Inactive_only,False,False,286
0.95,270,287,1,1,0,0,1,development_only,Inactive_only,False,False,287
0.95,271,288,1,0,1,0,1,test_only,Inactive_only,False,False,288
0.95,272,289,1,1,0,0,1,development_only,Inactive_only,False,False,289
0.95,273,290,1,1,0,0,1,development_only,Inactive_only,False,False,290
0.95,274,291,1,1,0,0,1,development_only,Inactive_only,False,False,291
0.95,275,292,1,1,0,0,1,development_only,Inactive_only,False,False,292
0.95,276,293,1,1,0,0,1,development_only,Inactive_only,False,False,293
0.95,277,294,1,1,0,0,1,development_only,Inactive_only,False,False,294
0.95,278,295,1,1,0,0,1,development_only,Inactive_only,False,False,295
0.95,279,296,1,1,0,0,1,development_only,Inactive_only,False,False,296
0.95,280,297,1,1,0,0,1,development_only,Inactive_only,False,False,297
0.95,281,298,1,1,0,0,1,development_only,Inactive_only,False,False,298
0.95,282,299,1,1,0,0,1,development_only,Inactive_only,False,False,299
0.95,283,300,1,1,0,0,1,development_only,Inactive_only,False,False,300
0.95,284,301,1,0,1,0,1,test_only,Inactive_only,False,False,301
0.95,285,302,1,0,1,0,1,test_only,Inactive_only,False,False,302
0.95,286,303,1,1,0,0,1,development_only,Inactive_only,False,False,303
0.95,287,304,1,1,0,0,1,development_only,Inactive_only,False,False,304
0.95,288,305,1,1,0,0,1,development_only,Inactive_only,False,False,305
0.95,289,306,1,1,0,0,1,development_only,Inactive_only,False,False,306
0.95,290,307,1,1,0,0,1,development_only,Inactive_only,False,False,307
0.95,291,308,1,1,0,0,1,development_only,Inactive_only,False,False,308
0.95,292,309,1,0,1,0,1,test_only,Inactive_only,False,False,309
0.95,293,310,1,1,0,0,1,development_only,Inactive_only,False,False,310
0.95,294,311,1,1,0,0,1,development_only,Inactive_only,False,False,311
0.95,295,312,1,1,0,0,1,development_only,Inactive_only,False,False,312
0.95,296,313,1,1,0,0,1,development_only,Inactive_only,False,False,313
0.95,297,314,1,1,0,0,1,development_only,Inactive_only,False,False,314
0.95,298,315,1,0,1,0,1,test_only,Inactive_only,False,False,315
0.95,299,316,1,0,1,0,1,test_only,Inactive_only,False,False,316
0.95,300,317,1,1,0,0,1,development_only,Inactive_only,False,False,317
0.95,301,318,1,1,0,0,1,development_only,Inactive_only,False,False,318
0.95,302,319,1,1,0,0,1,development_only,Inactive_only,False,False,319
0.95,303,320,1,1,0,0,1,development_only,Inactive_only,False,False,320
0.95,304,321,1,1,0,0,1,development_only,Inactive_only,False,False,321
0.95,305,322,1,1,0,0,1,development_only,Inactive_only,False,False,322
0.95,306,323,1,1,0,0,1,development_only,Inactive_only,False,False,323
0.95,307,324,1,1,0,0,1,development_only,Inactive_only,False,False,324
0.95,308,325,1,1,0,0,1,development_only,Inactive_only,False,False,325
0.95,309,326,1,0,1,0,1,test_only,Inactive_only,False,False,326
0.95,310,327,1,1,0,0,1,development_only,Inactive_only,False,False,327
0.95,311,328,1,1,0,0,1,development_only,Inactive_only,False,False,328
0.95,312,329,1,0,1,0,1,test_only,Inactive_only,False,False,329
0.95,313,330,1,1,0,0,1,development_only,Inactive_only,False,False,330
0.95,314,331,1,1,0,0,1,development_only,Inactive_only,False,False,331
0.95,315,332,1,1,0,0,1,development_only,Inactive_only,False,False,332
0.95,316,333,1,1,0,0,1,development_only,Inactive_only,False,False,333
0.95,317,334,1,1,0,0,1,development_only,Inactive_only,False,False,334
0.95,318,335,1,1,0,0,1,development_only,Inactive_only,False,False,335
0.95,319,336,1,1,0,0,1,development_only,Inactive_only,False,False,336
0.95,320,337,1,1,0,0,1,development_only,Inactive_only,False,False,337
0.95,321,338,1,1,0,0,1,development_only,Inactive_only,False,False,338
0.95,322,339,1,1,0,0,1,development_only,Inactive_only,False,False,339
0.95,323,340,1,1,0,0,1,development_only,Inactive_only,False,False,340
0.95,324,341,1,0,1,0,1,test_only,Inactive_only,False,False,341
0.95,325,342,1,1,0,0,1,development_only,Inactive_only,False,False,342
0.95,326,343,1,1,0,0,1,development_only,Inactive_only,False,False,343
0.95,327,344,1,1,0,0,1,development_only,Inactive_only,False,False,344
0.95,328,345,1,0,1,0,1,test_only,Inactive_only,False,False,345
0.95,329,346,1,1,0,0,1,development_only,Inactive_only,False,False,346
0.95,330,347,1,1,0,0,1,development_only,Inactive_only,False,False,347
0.95,331,348,1,1,0,0,1,development_only,Inactive_only,False,False,348
0.95,332,349,1,0,1,0,1,test_only,Inactive_only,False,False,349
0.95,333,350,1,1,0,0,1,development_only,Inactive_only,False,False,350
0.95,334,351,1,1,0,0,1,development_only,Inactive_only,False,False,351
0.95,335,352,1,0,1,0,1,test_only,Inactive_only,False,False,352
0.95,336,353,1,1,0,0,1,development_only,Inactive_only,False,False,353
0.95,337,354,1,1,0,0,1,development_only,Inactive_only,False,False,354
0.95,338,355,1,1,0,0,1,development_only,Inactive_only,False,False,355
0.95,339,356,1,1,0,0,1,development_only,Inactive_only,False,False,356
0.95,340,357,1,0,1,0,1,test_only,Inactive_only,False,False,357
0.95,341,358,1,1,0,0,1,development_only,Inactive_only,False,False,358
0.95,342,359,1,0,1,0,1,test_only,Inactive_only,False,False,359
0.95,343,360,1,1,0,0,1,development_only,Inactive_only,False,False,360
0.95,344,361,1,1,0,0,1,development_only,Inactive_only,False,False,361
0.95,345,362,1,1,0,0,1,development_only,Inactive_only,False,False,362
0.95,346,363,1,1,0,0,1,development_only,Inactive_only,False,False,363
0.95,347,364,1,0,1,0,1,test_only,Inactive_only,False,False,364
0.95,348,365,1,1,0,0,1,development_only,Inactive_only,False,False,365
0.95,349,366,1,0,1,0,1,test_only,Inactive_only,False,False,366
0.95,350,367,1,1,0,0,1,development_only,Inactive_only,False,False,367
0.95,351,368,1,1,0,0,1,development_only,Inactive_only,False,False,368
0.95,352,369,1,0,1,0,1,test_only,Inactive_only,False,False,369
0.95,353,370,1,0,1,0,1,test_only,Inactive_only,False,False,370
0.95,354,371,1,1,0,0,1,development_only,Inactive_only,False,False,371
0.95,355,372,1,0,1,0,1,test_only,Inactive_only,False,False,372
0.95,356,373,1,1,0,0,1,development_only,Inactive_only,False,False,373
0.95,357,374,1,1,0,0,1,development_only,Inactive_only,False,False,374
0.95,358,375,1,1,0,0,1,development_only,Inactive_only,False,False,375
0.95,359,376,1,1,0,0,1,development_only,Inactive_only,False,False,376
0.95,360,377,1,1,0,0,1,development_only,Inactive_only,False,False,377
0.95,361,378,1,1,0,0,1,development_only,Inactive_only,False,False,378
0.95,362,379,1,1,0,0,1,development_only,Inactive_only,False,False,379
0.95,363,380,1,1,0,0,1,development_only,Inactive_only,False,False,380
0.95,364,381,1,1,0,0,1,development_only,Inactive_only,False,False,381
0.95,365,382,1,1,0,0,1,development_only,Inactive_only,False,False,382
0.95,366,383,1,1,0,0,1,development_only,Inactive_only,False,False,383
0.95,367,384,1,1,0,0,1,development_only,Inactive_only,False,False,384
0.95,368,385,1,1,0,0,1,development_only,Inactive_only,False,False,385
0.95,369,386,1,1,0,0,1,development_only,Inactive_only,False,False,386
0.95,370,387,1,1,0,0,1,development_only,Inactive_only,False,False,387
0.95,371,388,1,0,1,0,1,test_only,Inactive_only,False,False,388
0.95,372,389,1,1,0,0,1,development_only,Inactive_only,False,False,389
0.95,373,390,1,1,0,0,1,development_only,Inactive_only,False,False,390
0.95,374,391,1,0,1,0,1,test_only,Inactive_only,False,False,391
0.95,375,392,1,0,1,0,1,test_only,Inactive_only,False,False,392
0.95,376,393,1,1,0,0,1,development_only,Inactive_only,False,False,393
0.95,377,394,1,0,1,0,1,test_only,Inactive_only,False,False,394
0.95,378,395,1,1,0,0,1,development_only,Inactive_only,False,False,395
0.95,379,396,1,0,1,0,1,test_only,Inactive_only,False,False,396
0.95,380,397,1,0,1,0,1,test_only,Inactive_only,False,False,397
0.95,381,398,1,1,0,0,1,development_only,Inactive_only,False,False,398
0.95,382,399,1,1,0,0,1,development_only,Inactive_only,False,False,399
0.95,383,400,1,1,0,0,1,development_only,Inactive_only,False,False,400
0.95,384,401,1,1,0,0,1,development_only,Inactive_only,False,False,401
0.95,385,402,1,1,0,0,1,development_only,Inactive_only,False,False,402
0.95,386,403,1,1,0,0,1,development_only,Inactive_only,False,False,403
0.95,387,404,1,1,0,0,1,development_only,Inactive_only,False,False,404
0.95,388,405,1,1,0,0,1,development_only,Inactive_only,False,False,405
0.95,389,406,1,1,0,0,1,development_only,Inactive_only,False,False,406
0.95,390,407,1,0,1,0,1,test_only,Inactive_only,False,False,407
0.95,391,408,1,1,0,0,1,development_only,Inactive_only,False,False,408
0.95,392,409,1,1,0,0,1,development_only,Inactive_only,False,False,409
0.95,393,410,1,1,0,0,1,development_only,Inactive_only,False,False,410
0.95,394,411,1,0,1,0,1,test_only,Inactive_only,False,False,411
0.95,395,412,1,1,0,0,1,development_only,Inactive_only,False,False,412
0.95,396,413,1,1,0,0,1,development_only,Inactive_only,False,False,413
0.95,397,414,1,1,0,0,1,development_only,Inactive_only,False,False,414
0.95,398,415,1,1,0,0,1,development_only,Inactive_only,False,False,415
0.95,399,416,1,0,1,0,1,test_only,Inactive_only,False,False,416
0.95,400,417,1,1,0,0,1,development_only,Inactive_only,False,False,417
0.95,401,418,1,1,0,0,1,development_only,Inactive_only,False,False,418
0.95,402,419,1,0,1,0,1,test_only,Inactive_only,False,False,419
0.95,403,420,1,1,0,0,1,development_only,Inactive_only,False,False,420
0.95,404,421,1,1,0,0,1,development_only,Inactive_only,False,False,421
0.95,405,422,1,1,0,0,1,development_only,Inactive_only,False,False,422
0.95,406,423,1,1,0,0,1,development_only,Inactive_only,False,False,423
0.95,407,424,1,0,1,0,1,test_only,Inactive_only,False,False,424
0.95,408,425,1,1,0,0,1,development_only,Inactive_only,False,False,425
0.95,409,426,1,1,0,0,1,development_only,Inactive_only,False,False,426
0.95,410,427,1,1,0,0,1,development_only,Inactive_only,False,False,427
0.95,411,428,1,0,1,0,1,test_only,Inactive_only,False,False,428
0.95,412,429,1,1,0,0,1,development_only,Inactive_only,False,False,429
0.95,413,430,1,1,0,0,1,development_only,Inactive_only,False,False,430
0.95,414,431,1,1,0,0,1,development_only,Inactive_only,False,False,431
0.95,415,432,1,1,0,0,1,development_only,Inactive_only,False,False,432
0.95,416,433,1,0,1,0,1,test_only,Inactive_only,False,False,433
0.95,417,434,1,0,1,0,1,test_only,Inactive_only,False,False,434
0.95,418,435,1,1,0,0,1,development_only,Inactive_only,False,False,435
0.95,419,436,1,1,0,0,1,development_only,Inactive_only,False,False,436
0.95,420,437,1,1,0,0,1,development_only,Inactive_only,False,False,437
0.95,421,438,1,1,0,0,1,development_only,Inactive_only,False,False,438
0.95,422,439,1,0,1,0,1,test_only,Inactive_only,False,False,439
0.95,423,440,1,1,0,0,1,development_only,Inactive_only,False,False,440
0.95,424,441,1,1,0,0,1,development_only,Inactive_only,False,False,441
0.95,425,442,1,1,0,0,1,development_only,Inactive_only,False,False,442
0.95,426,443,1,1,0,0,1,development_only,Inactive_only,False,False,443
0.95,427,444,1,1,0,0,1,development_only,Inactive_only,False,False,444
0.95,428,445,1,1,0,0,1,development_only,Inactive_only,False,False,445
0.95,429,446,1,1,0,0,1,development_only,Inactive_only,False,False,446
0.95,430,447,1,1,0,0,1,development_only,Inactive_only,False,False,447
0.95,431,448,1,1,0,0,1,development_only,Inactive_only,False,False,448
0.95,432,449,1,1,0,0,1,development_only,Inactive_only,False,False,449
0.95,433,450,1,1,0,0,1,development_only,Inactive_only,False,False,450
0.95,434,451,1,0,1,0,1,test_only,Inactive_only,False,False,451
0.95,435,452,1,0,1,0,1,test_only,Inactive_only,False,False,452
0.95,436,453,1,0,1,0,1,test_only,Inactive_only,False,False,453
0.95,437,454,1,1,0,0,1,development_only,Inactive_only,False,False,454
0.95,438,455,1,1,0,0,1,development_only,Inactive_only,False,False,455
0.95,439,456,1,1,0,0,1,development_only,Inactive_only,False,False,456
0.95,440,457,1,1,0,0,1,development_only,Inactive_only,False,False,457
0.95,441,458,1,1,0,0,1,development_only,Inactive_only,False,False,458
0.95,442,459,1,0,1,0,1,test_only,Inactive_only,False,False,459
0.95,443,460,1,1,0,0,1,development_only,Inactive_only,False,False,460
0.95,444,461,1,0,1,0,1,test_only,Inactive_only,False,False,461
0.95,445,462,1,1,0,0,1,development_only,Inactive_only,False,False,462
0.95,446,463,1,1,0,0,1,development_only,Inactive_only,False,False,463
0.95,447,464,1,0,1,0,1,test_only,Inactive_only,False,False,464
0.95,448,465,1,0,1,0,1,test_only,Inactive_only,False,False,465
0.95,449,466,1,1,0,0,1,development_only,Inactive_only,False,False,466
0.95,450,467,1,1,0,0,1,development_only,Inactive_only,False,False,467
0.95,451,468,1,1,0,0,1,development_only,Inactive_only,False,False,468
0.95,452,469,1,0,1,0,1,test_only,Inactive_only,False,False,469
0.95,453,470,1,1,0,0,1,development_only,Inactive_only,False,False,470
0.95,454,471,1,1,0,0,1,development_only,Inactive_only,False,False,471
0.95,455,472,1,1,0,0,1,development_only,Inactive_only,False,False,472
0.95,456,473,1,1,0,0,1,development_only,Inactive_only,False,False,473
0.95,457,474,1,1,0,0,1,development_only,Inactive_only,False,False,474
0.95,458,475,1,1,0,0,1,development_only,Inactive_only,False,False,475
0.95,459,476,1,1,0,0,1,development_only,Inactive_only,False,False,476
0.95,460,477,1,1,0,0,1,development_only,Inactive_only,False,False,477
0.95,461,478,1,0,1,0,1,test_only,Inactive_only,False,False,478
0.95,462,479,1,1,0,0,1,development_only,Inactive_only,False,False,479
0.95,463,480,1,1,0,0,1,development_only,Inactive_only,False,False,480
0.95,464,481,1,1,0,0,1,development_only,Inactive_only,False,False,481
0.95,465,482,1,1,0,0,1,development_only,Inactive_only,False,False,482
0.95,466,483,1,1,0,0,1,development_only,Inactive_only,False,False,483
0.95,467,484,1,1,0,0,1,development_only,Inactive_only,False,False,484
0.95,468,485,1,1,0,0,1,development_only,Inactive_only,False,False,485
0.95,469,486,1,1,0,0,1,development_only,Inactive_only,False,False,486
0.95,470,487,1,1,0,0,1,development_only,Inactive_only,False,False,487
0.95,471,488,1,1,0,0,1,development_only,Inactive_only,False,False,488
0.95,472,489,1,1,0,0,1,development_only,Inactive_only,False,False,489
0.95,473,490,1,0,1,0,1,test_only,Inactive_only,False,False,490
0.95,474,491,1,0,1,0,1,test_only,Inactive_only,False,False,491
0.95,475,492,1,1,0,0,1,development_only,Inactive_only,False,False,492
0.95,476,493,1,0,1,0,1,test_only,Inactive_only,False,False,493
0.95,477,494,1,1,0,0,1,development_only,Inactive_only,False,False,494
0.95,478,495,1,1,0,0,1,development_only,Inactive_only,False,False,495
0.95,479,496,1,1,0,0,1,development_only,Inactive_only,False,False,496
0.95,480,497,1,0,1,0,1,test_only,Inactive_only,False,False,497
0.95,481,498,1,1,0,0,1,development_only,Inactive_only,False,False,498
0.95,482,499,1,1,0,0,1,development_only,Inactive_only,False,False,499
0.95,483,500,1,1,0,0,1,development_only,Inactive_only,False,False,500
0.95,484,501,1,0,1,0,1,test_only,Inactive_only,False,False,501
0.95,485,502,1,1,0,0,1,development_only,Inactive_only,False,False,502
0.95,486,503,1,1,0,0,1,development_only,Inactive_only,False,False,503
0.95,487,504,1,1,0,0,1,development_only,Inactive_only,False,False,504
0.95,488,505,1,1,0,0,1,development_only,Inactive_only,False,False,505
0.95,489,506,1,1,0,0,1,development_only,Inactive_only,False,False,506
0.95,490,507,1,0,1,0,1,test_only,Inactive_only,False,False,507
0.95,491,508,1,1,0,0,1,development_only,Inactive_only,False,False,508
0.95,492,509,1,1,0,0,1,development_only,Inactive_only,False,False,509
0.95,493,510,1,1,0,0,1,development_only,Inactive_only,False,False,510
0.95,494,511,1,1,0,0,1,development_only,Inactive_only,False,False,511
0.95,495,512,1,0,1,0,1,test_only,Inactive_only,False,False,512
0.95,496,513,1,0,1,0,1,test_only,Inactive_only,False,False,513
0.95,497,514,1,1,0,0,1,development_only,Inactive_only,False,False,514
0.95,498,515,1,1,0,0,1,development_only,Inactive_only,False,False,515
0.95,499,516,1,0,1,0,1,test_only,Inactive_only,False,False,516
0.95,500,517,1,0,1,0,1,test_only,Inactive_only,False,False,517
0.95,501,518,1,0,1,0,1,test_only,Inactive_only,False,False,518
0.95,502,519,1,0,1,0,1,test_only,Inactive_only,False,False,519
0.95,503,520,1,1,0,0,1,development_only,Inactive_only,False,False,520
0.95,504,521,1,1,0,0,1,development_only,Inactive_only,False,False,521
0.95,505,522,1,1,0,0,1,development_only,Inactive_only,False,False,522
0.95,506,523,1,1,0,0,1,development_only,Inactive_only,False,False,523
0.95,507,524,1,1,0,0,1,development_only,Inactive_only,False,False,524
0.95,508,525,1,1,0,0,1,development_only,Inactive_only,False,False,525
0.95,509,526,1,1,0,0,1,development_only,Inactive_only,False,False,526
0.95,510,527,1,1,0,0,1,development_only,Inactive_only,False,False,527
0.95,511,528,1,1,0,0,1,development_only,Inactive_only,False,False,528
0.95,512,529,1,1,0,0,1,development_only,Inactive_only,False,False,529
0.95,513,530,1,1,0,0,1,development_only,Inactive_only,False,False,530
0.95,514,531,1,1,0,0,1,development_only,Inactive_only,False,False,531
0.95,515,532,1,0,1,0,1,test_only,Inactive_only,False,False,532
0.95,516,533,1,1,0,0,1,development_only,Inactive_only,False,False,533
0.95,517,534,1,0,1,0,1,test_only,Inactive_only,False,False,534
0.95,518,535,1,0,1,0,1,test_only,Inactive_only,False,False,535
0.95,519,536,1,1,0,0,1,development_only,Inactive_only,False,False,536
0.95,520,537,1,1,0,0,1,development_only,Inactive_only,False,False,537
0.95,521,538,1,0,1,0,1,test_only,Inactive_only,False,False,538
0.95,522,539,1,1,0,0,1,development_only,Inactive_only,False,False,539
0.95,523,540,1,1,0,0,1,development_only,Inactive_only,False,False,540
0.95,524,541,1,1,0,0,1,development_only,Inactive_only,False,False,541
0.95,525,542,1,1,0,0,1,development_only,Inactive_only,False,False,542
0.95,526,543,1,1,0,0,1,development_only,Inactive_only,False,False,543
0.95,527,544,1,0,1,0,1,test_only,Inactive_only,False,False,544
0.95,528,545,1,1,0,0,1,development_only,Inactive_only,False,False,545
0.95,529,546,1,0,1,0,1,test_only,Inactive_only,False,False,546
0.95,530,547,1,1,0,0,1,development_only,Inactive_only,False,False,547
0.95,531,548,1,1,0,0,1,development_only,Inactive_only,False,False,548
0.95,532,549,1,1,0,0,1,development_only,Inactive_only,False,False,549
0.95,533,550,1,1,0,0,1,development_only,Inactive_only,False,False,550
0.95,534,551,1,1,0,0,1,development_only,Inactive_only,False,False,551
0.95,535,552,1,1,0,0,1,development_only,Inactive_only,False,False,552
0.95,536,553,1,1,0,0,1,development_only,Inactive_only,False,False,553
0.95,537,554,1,0,1,0,1,test_only,Inactive_only,False,False,554
0.95,538,555,1,1,0,0,1,development_only,Inactive_only,False,False,555
0.95,539,556,1,1,0,0,1,development_only,Inactive_only,False,False,556
0.95,540,557,1,1,0,0,1,development_only,Inactive_only,False,False,557
0.95,541,558,1,1,0,0,1,development_only,Inactive_only,False,False,558
0.95,542,559,1,1,0,0,1,development_only,Inactive_only,False,False,559
0.95,543,560,1,1,0,0,1,development_only,Inactive_only,False,False,560
0.95,544,561,1,1,0,0,1,development_only,Inactive_only,False,False,561
0.95,545,562,1,0,1,0,1,test_only,Inactive_only,False,False,562
0.95,546,563,1,0,1,0,1,test_only,Inactive_only,False,False,563
0.95,547,564,1,1,0,0,1,development_only,Inactive_only,False,False,564
0.95,548,565,1,1,0,0,1,development_only,Inactive_only,False,False,565
0.95,549,566,1,1,0,0,1,development_only,Inactive_only,False,False,566
0.95,550,567,1,0,1,0,1,test_only,Inactive_only,False,False,567
0.95,551,568,1,1,0,0,1,development_only,Inactive_only,False,False,568
0.95,552,569,1,0,1,0,1,test_only,Inactive_only,False,False,569
0.95,553,570,1,0,1,0,1,test_only,Inactive_only,False,False,570
0.95,554,571,1,1,0,0,1,development_only,Inactive_only,False,False,571
0.95,555,572,1,1,0,0,1,development_only,Inactive_only,False,False,572
0.95,556,573,1,0,1,0,1,test_only,Inactive_only,False,False,573
0.95,557,574,1,1,0,0,1,development_only,Inactive_only,False,False,574
0.95,558,575,1,1,0,0,1,development_only,Inactive_only,False,False,575
0.95,559,576,1,0,1,0,1,test_only,Inactive_only,False,False,576
0.95,560,577,1,1,0,0,1,development_only,Inactive_only,False,False,577
0.95,561,578,1,0,1,0,1,test_only,Inactive_only,False,False,578
0.95,562,579,1,1,0,0,1,development_only,Inactive_only,False,False,579
0.95,563,580,1,0,1,0,1,test_only,Inactive_only,False,False,580
0.95,564,581,1,0,1,0,1,test_only,Inactive_only,False,False,581
0.95,565,582,1,1,0,0,1,development_only,Inactive_only,False,False,582
0.95,566,583,1,1,0,0,1,development_only,Inactive_only,False,False,583
0.95,567,584,1,1,0,0,1,development_only,Inactive_only,False,False,584
0.95,568,585,1,1,0,0,1,development_only,Inactive_only,False,False,585
0.95,569,586,1,1,0,0,1,development_only,Inactive_only,False,False,586
0.95,570,587,1,1,0,0,1,development_only,Inactive_only,False,False,587
0.95,571,588,1,1,0,0,1,development_only,Inactive_only,False,False,588
0.95,572,589,1,1,0,0,1,development_only,Inactive_only,False,False,589
0.95,573,590,1,1,0,0,1,development_only,Inactive_only,False,False,590
0.95,574,591,1,1,0,0,1,development_only,Inactive_only,False,False,591
0.95,575,592,1,1,0,0,1,development_only,Inactive_only,False,False,592
0.95,576,593,1,1,0,0,1,development_only,Inactive_only,False,False,593
0.95,577,594,1,1,0,0,1,development_only,Inactive_only,False,False,594
0.95,578,595,1,1,0,0,1,development_only,Inactive_only,False,False,595
0.95,579,596,1,1,0,0,1,development_only,Inactive_only,False,False,596
0.95,580,597,1,1,0,0,1,development_only,Inactive_only,False,False,597
0.95,581,598,1,1,0,0,1,development_only,Inactive_only,False,False,598
0.95,582,599,1,1,0,0,1,development_only,Inactive_only,False,False,599
0.95,583,600,1,0,1,0,1,test_only,Inactive_only,False,False,600
0.95,584,601,1,1,0,0,1,development_only,Inactive_only,False,False,601
0.95,585,602,1,0,1,0,1,test_only,Inactive_only,False,False,602
0.95,586,603,1,1,0,0,1,development_only,Inactive_only,False,False,603
0.95,587,604,1,1,0,0,1,development_only,Inactive_only,False,False,604
0.95,588,605,1,1,0,0,1,development_only,Inactive_only,False,False,605
0.95,589,606,1,1,0,0,1,development_only,Inactive_only,False,False,606
0.95,590,607,1,1,0,0,1,development_only,Inactive_only,False,False,607
0.95,591,608,1,0,1,0,1,test_only,Inactive_only,False,False,608
0.95,592,609,1,1,0,0,1,development_only,Inactive_only,False,False,609
0.95,593,610,1,1,0,0,1,development_only,Inactive_only,False,False,610
0.95,594,611,1,1,0,0,1,development_only,Inactive_only,False,False,611
0.95,595,612,1,1,0,0,1,development_only,Inactive_only,False,False,612
0.95,596,613,1,1,0,0,1,development_only,Inactive_only,False,False,613
0.95,597,614,1,0,1,0,1,test_only,Inactive_only,False,False,614
0.95,598,615,1,0,1,0,1,test_only,Inactive_only,False,False,615
0.95,599,616,1,1,0,0,1,development_only,Inactive_only,False,False,616
0.95,600,617,1,1,0,0,1,development_only,Inactive_only,False,False,617
0.95,601,618,1,1,0,0,1,development_only,Inactive_only,False,False,618
0.95,602,619,1,1,0,0,1,development_only,Inactive_only,False,False,619
0.95,603,620,1,1,0,0,1,development_only,Inactive_only,False,False,620
0.95,604,621,1,1,0,0,1,development_only,Inactive_only,False,False,621
0.95,605,622,1,1,0,0,1,development_only,Inactive_only,False,False,622
0.95,606,623,1,1,0,0,1,development_only,Inactive_only,False,False,623
0.95,607,624,1,1,0,0,1,development_only,Inactive_only,False,False,624
0.95,608,625,1,1,0,0,1,development_only,Inactive_only,False,False,625
0.95,609,626,1,0,1,0,1,test_only,Inactive_only,False,False,626
0.95,610,627,1,1,0,0,1,development_only,Inactive_only,False,False,627
0.95,611,628,1,1,0,0,1,development_only,Inactive_only,False,False,628
0.95,612,629,1,1,0,0,1,development_only,Inactive_only,False,False,629
0.95,613,630,1,1,0,0,1,development_only,Inactive_only,False,False,630
0.95,614,631,1,1,0,0,1,development_only,Inactive_only,False,False,631
0.95,615,632,1,1,0,0,1,development_only,Inactive_only,False,False,632
0.95,616,633,1,1,0,0,1,development_only,Inactive_only,False,False,633
0.95,617,634,1,0,1,0,1,test_only,Inactive_only,False,False,634
0.95,618,635,1,1,0,0,1,development_only,Inactive_only,False,False,635
0.95,619,636,1,1,0,0,1,development_only,Inactive_only,False,False,636
0.95,620,637,1,1,0,0,1,development_only,Inactive_only,False,False,637
0.95,621,638,1,1,0,0,1,development_only,Inactive_only,False,False,638
0.95,622,639,1,1,0,0,1,development_only,Inactive_only,False,False,639
0.95,623,640,1,1,0,0,1,development_only,Inactive_only,False,False,640
0.95,624,641,1,0,1,0,1,test_only,Inactive_only,False,False,641
0.95,625,642,1,1,0,0,1,development_only,Inactive_only,False,False,642
0.95,626,643,1,1,0,0,1,development_only,Inactive_only,False,False,643
0.95,627,644,1,1,0,0,1,development_only,Inactive_only,False,False,644
0.95,628,645,1,1,0,0,1,development_only,Inactive_only,False,False,645
0.95,629,646,1,1,0,0,1,development_only,Inactive_only,False,False,646
0.95,630,647,1,0,1,0,1,test_only,Inactive_only,False,False,647
0.95,631,648,1,1,0,0,1,development_only,Inactive_only,False,False,648
0.95,632,649,1,1,0,0,1,development_only,Inactive_only,False,False,649
0.95,633,650,1,1,0,0,1,development_only,Inactive_only,False,False,650
0.95,634,651,1,1,0,0,1,development_only,Inactive_only,False,False,651
0.95,635,652,1,1,0,0,1,development_only,Inactive_only,False,False,652
0.95,636,653,1,1,0,0,1,development_only,Inactive_only,False,False,653
0.95,637,654,1,1,0,0,1,development_only,Inactive_only,False,False,654
0.95,638,655,1,1,0,0,1,development_only,Inactive_only,False,False,655
0.95,639,656,1,1,0,0,1,development_only,Inactive_only,False,False,656
0.95,640,657,1,0,1,0,1,test_only,Inactive_only,False,False,657
0.95,641,658,1,1,0,0,1,development_only,Inactive_only,False,False,658
0.95,642,659,1,1,0,0,1,development_only,Inactive_only,False,False,659
0.95,643,660,1,1,0,0,1,development_only,Inactive_only,False,False,660
0.95,644,661,1,1,0,0,1,development_only,Inactive_only,False,False,661
0.95,645,662,1,1,0,0,1,development_only,Inactive_only,False,False,662
0.95,646,663,1,0,1,0,1,test_only,Inactive_only,False,False,663
0.95,647,664,1,1,0,0,1,development_only,Inactive_only,False,False,664
0.95,648,665,1,1,0,0,1,development_only,Inactive_only,False,False,665
0.95,649,666,1,1,0,0,1,development_only,Inactive_only,False,False,666
0.95,650,667,1,1,0,0,1,development_only,Inactive_only,False,False,667
0.95,651,668,1,1,0,0,1,development_only,Inactive_only,False,False,668
0.95,652,669,1,1,0,0,1,development_only,Inactive_only,False,False,669
0.95,653,670,1,1,0,0,1,development_only,Inactive_only,False,False,670
0.95,654,671,1,0,1,0,1,test_only,Inactive_only,False,False,671
0.95,655,672,1,1,0,0,1,development_only,Inactive_only,False,False,672
0.95,656,673,1,1,0,0,1,development_only,Inactive_only,False,False,673
0.95,657,674,1,1,0,0,1,development_only,Inactive_only,False,False,674
0.95,658,675,1,0,1,0,1,test_only,Inactive_only,False,False,675
0.95,659,676,1,1,0,0,1,development_only,Inactive_only,False,False,676
0.95,660,677,1,1,0,0,1,development_only,Inactive_only,False,False,677
0.95,661,678,1,1,0,0,1,development_only,Inactive_only,False,False,678
0.95,662,679,1,0,1,0,1,test_only,Inactive_only,False,False,679
0.95,663,680,1,1,0,0,1,development_only,Inactive_only,False,False,680
0.95,664,681,1,1,0,0,1,development_only,Inactive_only,False,False,681
0.95,665,682,1,1,0,0,1,development_only,Inactive_only,False,False,682
0.95,666,683,1,1,0,0,1,development_only,Inactive_only,False,False,683
0.95,667,684,1,1,0,0,1,development_only,Inactive_only,False,False,684
0.95,668,685,1,1,0,0,1,development_only,Inactive_only,False,False,685
0.95,669,686,1,1,0,0,1,development_only,Inactive_only,False,False,686
0.95,670,687,1,1,0,0,1,development_only,Inactive_only,False,False,687
0.95,671,688,1,1,0,0,1,development_only,Inactive_only,False,False,688
0.95,672,689,1,1,0,0,1,development_only,Inactive_only,False,False,689
0.95,673,690,1,1,0,0,1,development_only,Inactive_only,False,False,690
0.95,674,691,1,1,0,0,1,development_only,Inactive_only,False,False,691
0.95,675,692,1,1,0,0,1,development_only,Inactive_only,False,False,692
0.95,676,693,1,1,0,0,1,development_only,Inactive_only,False,False,693
0.95,677,694,1,0,1,0,1,test_only,Inactive_only,False,False,694
0.95,678,695,1,1,0,0,1,development_only,Inactive_only,False,False,695
0.95,679,696,1,1,0,0,1,development_only,Inactive_only,False,False,696
0.95,680,697,1,1,0,0,1,development_only,Inactive_only,False,False,697
0.95,681,698,1,1,0,0,1,development_only,Inactive_only,False,False,698
0.95,682,699,1,1,0,0,1,development_only,Inactive_only,False,False,699
0.95,683,700,1,1,0,0,1,development_only,Inactive_only,False,False,700
0.95,684,701,1,0,1,0,1,test_only,Inactive_only,False,False,701
0.95,685,702,1,1,0,0,1,development_only,Inactive_only,False,False,702
0.95,686,703,1,1,0,0,1,development_only,Inactive_only,False,False,703
0.95,687,704,1,0,1,0,1,test_only,Inactive_only,False,False,704
0.95,688,705,1,0,1,0,1,test_only,Inactive_only,False,False,705
0.95,689,706,1,1,0,0,1,development_only,Inactive_only,False,False,706
0.95,690,707,1,1,0,0,1,development_only,Inactive_only,False,False,707
0.95,691,708,1,0,1,0,1,test_only,Inactive_only,False,False,708
0.95,692,709,1,1,0,0,1,development_only,Inactive_only,False,False,709
0.95,693,710,1,1,0,0,1,development_only,Inactive_only,False,False,710
0.95,694,711,1,1,0,0,1,development_only,Inactive_only,False,False,711
0.95,695,712,1,1,0,0,1,development_only,Inactive_only,False,False,712
0.95,696,713,1,0,1,0,1,test_only,Inactive_only,False,False,713
0.95,697,714,1,1,0,0,1,development_only,Inactive_only,False,False,714
0.95,698,715,1,1,0,0,1,development_only,Inactive_only,False,False,715
0.95,699,716,1,1,0,0,1,development_only,Inactive_only,False,False,716
0.95,700,717,1,1,0,0,1,development_only,Inactive_only,False,False,717
0.95,701,718,1,1,0,0,1,development_only,Inactive_only,False,False,718
0.95,702,719,1,1,0,0,1,development_only,Inactive_only,False,False,719
0.95,703,720,1,0,1,0,1,test_only,Inactive_only,False,False,720
0.95,704,721,1,1,0,0,1,development_only,Inactive_only,False,False,721
0.95,705,722,1,1,0,0,1,development_only,Inactive_only,False,False,722
0.95,706,723,1,0,1,0,1,test_only,Inactive_only,False,False,723
0.95,707,724,1,0,1,0,1,test_only,Inactive_only,False,False,724
0.95,708,725,1,1,0,0,1,development_only,Inactive_only,False,False,725
0.95,709,726,1,1,0,0,1,development_only,Inactive_only,False,False,726
0.95,710,727,1,1,0,0,1,development_only,Inactive_only,False,False,727
0.95,711,728,1,0,1,0,1,test_only,Inactive_only,False,False,728
0.95,712,729,1,1,0,0,1,development_only,Inactive_only,False,False,729
0.95,713,730,1,0,1,0,1,test_only,Inactive_only,False,False,730
0.95,714,731,1,1,0,0,1,development_only,Inactive_only,False,False,731
0.95,715,732,1,1,0,0,1,development_only,Inactive_only,False,False,732
0.95,716,733,1,1,0,0,1,development_only,Inactive_only,False,False,733
0.95,717,734,1,1,0,0,1,development_only,Inactive_only,False,False,734
0.95,718,735,1,0,1,0,1,test_only,Inactive_only,False,False,735
0.95,719,736,1,0,1,0,1,test_only,Inactive_only,False,False,736
0.95,720,737,1,1,0,0,1,development_only,Inactive_only,False,False,737
0.95,721,738,1,1,0,0,1,development_only,Inactive_only,False,False,738
0.95,722,739,1,1,0,0,1,development_only,Inactive_only,False,False,739
0.95,723,740,1,1,0,0,1,development_only,Inactive_only,False,False,740
0.95,724,741,1,1,0,0,1,development_only,Inactive_only,False,False,741
0.95,725,742,1,0,1,0,1,test_only,Inactive_only,False,False,742
0.95,726,743,1,1,0,0,1,development_only,Inactive_only,False,False,743
0.95,727,744,1,0,1,0,1,test_only,Inactive_only,False,False,744
0.95,728,745,1,1,0,0,1,development_only,Inactive_only,False,False,745
0.95,729,746,1,1,0,0,1,development_only,Inactive_only,False,False,746
0.95,730,747,1,1,0,0,1,development_only,Inactive_only,False,False,747
0.95,731,748,1,1,0,0,1,development_only,Inactive_only,False,False,748
0.95,732,749,1,0,1,0,1,test_only,Inactive_only,False,False,749
0.95,733,750,1,1,0,0,1,development_only,Inactive_only,False,False,750
0.95,734,751,1,1,0,0,1,development_only,Inactive_only,False,False,751
0.95,735,752,1,1,0,0,1,development_only,Inactive_only,False,False,752
0.95,736,753,1,1,0,0,1,development_only,Inactive_only,False,False,753
0.95,737,754,1,1,0,0,1,development_only,Inactive_only,False,False,754
0.95,738,755,1,1,0,0,1,development_only,Inactive_only,False,False,755
0.95,739,756,1,1,0,0,1,development_only,Inactive_only,False,False,756
0.95,740,757,1,1,0,0,1,development_only,Inactive_only,False,False,757
0.95,741,758,1,1,0,0,1,development_only,Inactive_only,False,False,758
0.95,742,759,1,1,0,0,1,development_only,Inactive_only,False,False,759
0.95,743,760,1,0,1,0,1,test_only,Inactive_only,False,False,760
0.95,744,761,1,1,0,0,1,development_only,Inactive_only,False,False,761
0.95,745,762,1,1,0,0,1,development_only,Inactive_only,False,False,762
0.95,746,763,1,1,0,0,1,development_only,Inactive_only,False,False,763
0.95,747,764,1,1,0,0,1,development_only,Inactive_only,False,False,764
0.95,748,765,1,1,0,0,1,development_only,Inactive_only,False,False,765
0.95,749,766,1,1,0,0,1,development_only,Inactive_only,False,False,766
0.95,750,767,1,1,0,0,1,development_only,Inactive_only,False,False,767
0.95,751,768,1,1,0,0,1,development_only,Inactive_only,False,False,768
0.95,752,769,1,1,0,0,1,development_only,Inactive_only,False,False,769
0.95,753,770,1,1,0,0,1,development_only,Inactive_only,False,False,770
0.95,754,771,1,0,1,0,1,test_only,Inactive_only,False,False,771
0.95,755,772,1,1,0,0,1,development_only,Inactive_only,False,False,772
0.95,756,773,1,1,0,0,1,development_only,Inactive_only,False,False,773
0.95,757,774,1,1,0,0,1,development_only,Inactive_only,False,False,774
0.95,758,775,1,1,0,0,1,development_only,Inactive_only,False,False,775
0.95,759,776,1,0,1,0,1,test_only,Inactive_only,False,False,776
0.95,760,777,1,1,0,0,1,development_only,Inactive_only,False,False,777
0.95,761,778,1,1,0,0,1,development_only,Inactive_only,False,False,778
0.95,762,779,1,1,0,0,1,development_only,Inactive_only,False,False,779
0.95,763,780,1,1,0,0,1,development_only,Inactive_only,False,False,780
0.95,764,781,1,1,0,0,1,development_only,Inactive_only,False,False,781
0.95,765,782,1,1,0,0,1,development_only,Inactive_only,False,False,782
0.95,766,783,1,1,0,0,1,development_only,Inactive_only,False,False,783
0.95,767,784,1,1,0,0,1,development_only,Inactive_only,False,False,784
0.95,768,785,1,1,0,0,1,development_only,Inactive_only,False,False,785
0.95,769,786,1,1,0,0,1,development_only,Inactive_only,False,False,786
0.95,770,787,1,1,0,0,1,development_only,Inactive_only,False,False,787
0.95,771,788,1,1,0,0,1,development_only,Inactive_only,False,False,788
0.95,772,789,1,1,0,0,1,development_only,Inactive_only,False,False,789
0.95,773,790,1,1,0,0,1,development_only,Inactive_only,False,False,790
0.95,774,791,1,1,0,0,1,development_only,Inactive_only,False,False,791
0.95,775,792,1,1,0,0,1,development_only,Inactive_only,False,False,792
0.95,776,793,1,1,0,0,1,development_only,Inactive_only,False,False,793
0.95,777,794,1,1,0,0,1,development_only,Inactive_only,False,False,794
0.95,778,795,1,1,0,0,1,development_only,Inactive_only,False,False,795
0.95,779,796,1,1,0,0,1,development_only,Inactive_only,False,False,796
0.95,780,797,1,1,0,0,1,development_only,Inactive_only,False,False,797
0.95,781,798,1,1,0,0,1,development_only,Inactive_only,False,False,798
0.95,782,799,1,1,0,0,1,development_only,Inactive_only,False,False,799
0.95,783,800,1,0,1,0,1,test_only,Inactive_only,False,False,800
0.95,784,801,1,1,0,0,1,development_only,Inactive_only,False,False,801
0.95,785,802,1,1,0,0,1,development_only,Inactive_only,False,False,802
0.95,786,803,1,1,0,0,1,development_only,Inactive_only,False,False,803
0.95,787,804,1,1,0,0,1,development_only,Inactive_only,False,False,804
0.95,788,805,1,1,0,0,1,development_only,Inactive_only,False,False,805
0.95,789,806,1,0,1,0,1,test_only,Inactive_only,False,False,806
0.95,790,807,1,0,1,0,1,test_only,Inactive_only,False,False,807
0.95,791,808,1,1,0,0,1,development_only,Inactive_only,False,False,808
0.95,792,809,1,1,0,0,1,development_only,Inactive_only,False,False,809
0.95,793,810,1,1,0,0,1,development_only,Inactive_only,False,False,810
0.95,794,811,1,1,0,0,1,development_only,Inactive_only,False,False,811
0.95,795,812,1,1,0,0,1,development_only,Inactive_only,False,False,812
0.95,796,813,1,1,0,0,1,development_only,Inactive_only,False,False,813
0.95,797,814,1,1,0,0,1,development_only,Inactive_only,False,False,814
0.95,798,815,1,1,0,0,1,development_only,Inactive_only,False,False,815
0.95,799,816,1,1,0,0,1,development_only,Inactive_only,False,False,816
0.95,800,817,1,0,1,0,1,test_only,Inactive_only,False,False,817
0.95,801,818,1,1,0,0,1,development_only,Inactive_only,False,False,818
0.95,802,819,1,1,0,0,1,development_only,Inactive_only,False,False,819
0.95,803,820,1,1,0,0,1,development_only,Inactive_only,False,False,820
0.95,804,821,1,1,0,0,1,development_only,Inactive_only,False,False,821
0.95,805,822,1,1,0,0,1,development_only,Inactive_only,False,False,822
0.95,806,823,1,1,0,0,1,development_only,Inactive_only,False,False,823
0.95,807,824,1,0,1,0,1,test_only,Inactive_only,False,False,824
0.95,808,825,1,1,0,0,1,development_only,Inactive_only,False,False,825
0.95,809,826,1,1,0,0,1,development_only,Inactive_only,False,False,826
0.95,810,827,1,1,0,0,1,development_only,Inactive_only,False,False,827
0.95,811,828,1,1,0,0,1,development_only,Inactive_only,False,False,828
0.95,812,829,1,1,0,0,1,development_only,Inactive_only,False,False,829
0.95,813,830,1,1,0,0,1,development_only,Inactive_only,False,False,830
0.95,814,831,1,1,0,0,1,development_only,Inactive_only,False,False,831
0.95,815,832,1,1,0,0,1,development_only,Inactive_only,False,False,832
0.95,816,833,1,1,0,0,1,development_only,Inactive_only,False,False,833
0.95,817,834,1,1,0,0,1,development_only,Inactive_only,False,False,834
0.95,818,835,1,1,0,0,1,development_only,Inactive_only,False,False,835
0.95,819,836,1,1,0,0,1,development_only,Inactive_only,False,False,836
0.95,820,837,1,0,1,0,1,test_only,Inactive_only,False,False,837
0.95,821,838,1,1,0,0,1,development_only,Inactive_only,False,False,838
0.95,822,839,1,1,0,0,1,development_only,Inactive_only,False,False,839
0.95,823,840,1,1,0,0,1,development_only,Inactive_only,False,False,840
0.95,824,841,1,1,0,0,1,development_only,Inactive_only,False,False,841
0.95,825,842,1,1,0,0,1,development_only,Inactive_only,False,False,842
0.95,826,843,1,1,0,0,1,development_only,Inactive_only,False,False,843
0.95,827,844,1,1,0,0,1,development_only,Inactive_only,False,False,844
0.95,828,845,1,1,0,0,1,development_only,Inactive_only,False,False,845
0.95,829,846,1,1,0,0,1,development_only,Inactive_only,False,False,846
0.95,830,847,1,1,0,0,1,development_only,Inactive_only,False,False,847
0.95,831,848,1,0,1,0,1,test_only,Inactive_only,False,False,848
0.95,832,849,1,1,0,0,1,development_only,Inactive_only,False,False,849
0.95,833,850,1,1,0,0,1,development_only,Inactive_only,False,False,850
0.95,834,851,1,1,0,0,1,development_only,Inactive_only,False,False,851
0.95,835,852,1,0,1,0,1,test_only,Inactive_only,False,False,852
0.95,836,853,1,1,0,0,1,development_only,Inactive_only,False,False,853
0.95,837,854,1,1,0,0,1,development_only,Inactive_only,False,False,854
0.95,838,855,1,1,0,0,1,development_only,Inactive_only,False,False,855
0.95,839,856,1,1,0,0,1,development_only,Inactive_only,False,False,856
0.95,840,857,1,1,0,0,1,development_only,Inactive_only,False,False,857
0.95,841,858,1,1,0,0,1,development_only,Inactive_only,False,False,858
0.95,842,859,1,1,0,0,1,development_only,Inactive_only,False,False,859
0.95,843,860,1,1,0,0,1,development_only,Inactive_only,False,False,860
0.95,844,861,1,0,1,0,1,test_only,Inactive_only,False,False,861
0.95,845,862,1,0,1,0,1,test_only,Inactive_only,False,False,862
0.95,846,863,1,1,0,0,1,development_only,Inactive_only,False,False,863
0.95,847,864,1,1,0,0,1,development_only,Inactive_only,False,False,864
0.95,848,865,1,1,0,0,1,development_only,Inactive_only,False,False,865
0.95,849,866,1,0,1,0,1,test_only,Inactive_only,False,False,866
0.95,850,867,1,1,0,0,1,development_only,Inactive_only,False,False,867
0.95,851,868,1,1,0,0,1,development_only,Inactive_only,False,False,868
0.95,852,869,1,1,0,0,1,development_only,Inactive_only,False,False,869
0.95,853,870,1,1,0,0,1,development_only,Inactive_only,False,False,870
0.95,854,871,1,0,1,0,1,test_only,Inactive_only,False,False,871
0.95,855,872,1,0,1,0,1,test_only,Inactive_only,False,False,872
0.95,856,873,1,0,1,0,1,test_only,Inactive_only,False,False,873
0.95,857,874,1,1,0,0,1,development_only,Inactive_only,False,False,874
0.95,858,875,1,0,1,0,1,test_only,Inactive_only,False,False,875
0.95,859,876,1,1,0,0,1,development_only,Inactive_only,False,False,876
0.95,860,877,1,1,0,0,1,development_only,Inactive_only,False,False,877
0.95,861,878,1,1,0,0,1,development_only,Inactive_only,False,False,878
0.95,862,879,1,1,0,0,1,development_only,Inactive_only,False,False,879
0.95,863,880,1,0,1,0,1,test_only,Inactive_only,False,False,880
0.95,864,881,1,0,1,0,1,test_only,Inactive_only,False,False,881
0.95,865,882,1,1,0,0,1,development_only,Inactive_only,False,False,882
0.95,866,883,1,1,0,0,1,development_only,Inactive_only,False,False,883
0.95,867,884,1,1,0,0,1,development_only,Inactive_only,False,False,884
0.95,868,885,1,1,0,0,1,development_only,Inactive_only,False,False,885
0.95,869,886,1,1,0,0,1,development_only,Inactive_only,False,False,886
0.95,870,887,1,1,0,0,1,development_only,Inactive_only,False,False,887
0.95,871,888,1,1,0,0,1,development_only,Inactive_only,False,False,888
0.95,872,889,1,1,0,0,1,development_only,Inactive_only,False,False,889
0.95,873,890,1,1,0,0,1,development_only,Inactive_only,False,False,890
0.95,874,891,1,1,0,0,1,development_only,Inactive_only,False,False,891
0.95,875,892,1,1,0,0,1,development_only,Inactive_only,False,False,892
0.95,876,893,1,1,0,0,1,development_only,Inactive_only,False,False,893
0.95,877,894,1,0,1,0,1,test_only,Inactive_only,False,False,894
0.95,878,895,1,1,0,0,1,development_only,Inactive_only,False,False,895
0.95,879,896,1,1,0,0,1,development_only,Inactive_only,False,False,896
0.95,880,897,1,1,0,0,1,development_only,Inactive_only,False,False,897
0.95,881,898,1,1,0,0,1,development_only,Inactive_only,False,False,898
0.95,882,899,1,1,0,0,1,development_only,Inactive_only,False,False,899
0.95,883,900,1,1,0,0,1,development_only,Inactive_only,False,False,900
0.95,884,901,1,1,0,0,1,development_only,Inactive_only,False,False,901
