traditional_descriptor,esm2_pc,esm2_pc_number,spearman_rho,absolute_spearman_rho,descriptive_unadjusted_p_value,development_rows
length,ESM2_PC01,1,-0.21839473171832313,0.21839473171832313,3.1884470506123498e-09,720
length,ESM2_PC02,2,-0.44137821393874227,0.44137821393874227,1.1042253185853794e-35,720
length,ESM2_PC03,3,-0.4606962944050114,0.4606962944050114,4.1049446351825873e-39,720
length,ESM2_PC04,4,0.02072341432903541,0.02072341432903541,0.5787845351871641,720
length,ESM2_PC05,5,0.41833070956787516,0.41833070956787516,7.18233558932147e-32,720
length,ESM2_PC06,6,-0.32523091644710284,0.32523091644710284,3.357024826016682e-19,720
length,ESM2_PC07,7,0.07250779781489361,0.07250779781489361,0.05180287782051999,720
length,ESM2_PC08,8,0.10983839435041123,0.10983839435041123,0.00316658843532771,720
length,ESM2_PC09,9,0.027948864790762876,0.027948864790762876,0.4539837974347113,720
length,ESM2_PC10,10,0.04511045437428674,0.04511045437428674,0.22668096122463496,720
length,ESM2_PC11,11,0.13898262245571694,0.13898262245571694,0.00018329989170678604,720
length,ESM2_PC12,12,0.07840203209873409,0.07840203209873409,0.035436894381423466,720
length,ESM2_PC13,13,0.20152812955323568,0.20152812955323568,4.918616560566937e-08,720
length,ESM2_PC14,14,-0.0162660989731513,0.0162660989731513,0.6630284962952051,720
length,ESM2_PC15,15,-0.23107914234192303,0.23107914234192303,3.4997326599568754e-10,720
length,ESM2_PC16,16,-0.08845869105835362,0.08845869105835362,0.017590490848323776,720
length,ESM2_PC17,17,-0.0045277731072268694,0.0045277731072268694,0.9034673366968994,720
length,ESM2_PC18,18,0.029375529455594757,0.029375529455594757,0.4312651995662461,720
length,ESM2_PC19,19,-0.009135452076159623,0.009135452076159623,0.8066816850000564,720
length,ESM2_PC20,20,-0.11015035934600186,0.11015035934600186,0.003081197790499441,720
length,ESM2_PC21,21,-0.07434481035831235,0.07434481035831235,0.04613295566361144,720
length,ESM2_PC22,22,-0.01371273908598915,0.01371273908598915,0.7133733588607201,720
length,ESM2_PC23,23,0.01331625703489767,0.01331625703489767,0.7213106731805871,720
length,ESM2_PC24,24,-0.04086770463736589,0.04086770463736589,0.2734518902214994,720
length,ESM2_PC25,25,0.05554450568760879,0.05554450568760879,0.13649381984411355,720
length,ESM2_PC26,26,0.014611760645456471,0.014611760645456471,0.6954909891005883,720
length,ESM2_PC27,27,-0.04076461382224333,0.04076461382224333,0.2746648211699885,720
length,ESM2_PC28,28,-0.024664517825711038,0.024664517825711038,0.5087604180291686,720
length,ESM2_PC29,29,-0.0205662467866809,0.0205662467866809,0.5816681264346579,720
length,ESM2_PC30,30,-0.027771688536871446,0.027771688536871446,0.45685146456547987,720
length,ESM2_PC31,31,-0.14310964090221712,0.14310964090221712,0.00011657797172293723,720
length,ESM2_PC32,32,0.00825002225224881,0.00825002225224881,0.8250998649886773,720
length,ESM2_PC33,33,0.032731607893352305,0.032731607893352305,0.38049197010927244,720
length,ESM2_PC34,34,0.07909316298410221,0.07909316298410221,0.03384363341956045,720
length,ESM2_PC35,35,-0.09989843406452599,0.09989843406452599,0.007304966788311075,720
length,ESM2_PC36,36,-0.07230638860899574,0.07230638860899574,0.05245849830324335,720
length,ESM2_PC37,37,-0.10406917823680227,0.10406917823680227,0.005186594697972881,720
length,ESM2_PC38,38,-0.019852495254829055,0.019852495254829055,0.5948470697052529,720
length,ESM2_PC39,39,0.12046166583987941,0.12046166583987941,0.0012015601306858707,720
length,ESM2_PC40,40,-0.07275920461505096,0.07275920461505096,0.05099412010821767,720
length,ESM2_PC41,41,0.008731875880768184,0.008731875880768184,0.8150640277583295,720
length,ESM2_PC42,42,0.07599664961244697,0.07599664961244697,0.04148898757710066,720
length,ESM2_PC43,43,-0.13994512048361363,0.13994512048361363,0.00016512159451681705,720
length,ESM2_PC44,44,-0.14828086902050536,0.14828086902050536,6.49735545718605e-05,720
length,ESM2_PC45,45,-0.09840516505855065,0.09840516505855065,0.008234131676040292,720
length,ESM2_PC46,46,-0.03367393597915982,0.03367393597915982,0.36692277279460883,720
length,ESM2_PC47,47,0.05404175632515987,0.05404175632515987,0.1474404731311899,720
length,ESM2_PC48,48,0.02122493808493194,0.02122493808493194,0.5696280610239152,720
length,ESM2_PC49,49,-0.04949281364641971,0.04949281364641971,0.1846618479087525,720
length,ESM2_PC50,50,0.047267299964246966,0.047267299964246966,0.20521995283913816,720
length,ESM2_PC51,51,-0.002192558157288409,0.002192558157288409,0.9531668787620348,720
length,ESM2_PC52,52,0.04359046946579997,0.04359046946579997,0.24273495079408375,720
AAC_A,ESM2_PC01,1,-0.38586286272419934,0.38586286272419934,5.60722402381e-27,720
AAC_A,ESM2_PC02,2,-0.07473856872364545,0.07473856872364545,0.04498804074958542,720
AAC_A,ESM2_PC03,3,0.6076968025668805,0.6076968025668805,6.707304800088939e-74,720
AAC_A,ESM2_PC04,4,-0.5777501251461313,0.5777501251461313,2.432059368080804e-65,720
AAC_A,ESM2_PC05,5,0.16796601812270615,0.16796601812270615,5.859359527275371e-06,720
AAC_A,ESM2_PC06,6,0.11728995374190143,0.11728995374190143,0.0016180166944403023,720
AAC_A,ESM2_PC07,7,-0.08895524479920824,0.08895524479920824,0.016963078613262548,720
AAC_A,ESM2_PC08,8,-0.04757441079349721,0.04757441079349721,0.20228821370706104,720
AAC_A,ESM2_PC09,9,-0.044524717149123184,0.044524717149123184,0.23277559111140608,720
AAC_A,ESM2_PC10,10,0.18060359603193835,0.18060359603193835,1.0724911964753508e-06,720
AAC_A,ESM2_PC11,11,0.15289381029110383,0.15289381029110383,3.7938532860006365e-05,720
AAC_A,ESM2_PC12,12,0.02290358783925699,0.02290358783925699,0.5394926190875561,720
AAC_A,ESM2_PC13,13,0.04228074148941114,0.04228074148941114,0.2571945873167301,720
AAC_A,ESM2_PC14,14,0.06447572157275573,0.06447572157275573,0.08383445382980037,720
AAC_A,ESM2_PC15,15,0.13941565928021077,0.13941565928021077,0.00017490052994617022,720
AAC_A,ESM2_PC16,16,0.07366009331183916,0.07366009331183916,0.04818217923667214,720
AAC_A,ESM2_PC17,17,0.07070849423053738,0.07070849423053738,0.0579090876475572,720
AAC_A,ESM2_PC18,18,0.15324615356872884,0.15324615356872884,3.6387623405914214e-05,720
AAC_A,ESM2_PC19,19,0.03248861592091663,0.03248861592091663,0.3840402439233845,720
AAC_A,ESM2_PC20,20,0.13065666519816757,0.13065666519816757,0.00043996496916153124,720
AAC_A,ESM2_PC21,21,-0.07443144027834951,0.07443144027834951,0.04587898636148616,720
AAC_A,ESM2_PC22,22,0.030331729643817015,0.030331729643817015,0.41641383953755307,720
AAC_A,ESM2_PC23,23,0.018655830231188466,0.018655830231188466,0.6172425462755269,720
AAC_A,ESM2_PC24,24,0.09050946028479245,0.09050946028479245,0.015124177313047481,720
AAC_A,ESM2_PC25,25,0.13007069581688077,0.13007069581688077,0.0004670529540754303,720
AAC_A,ESM2_PC26,26,-0.010448369965767432,0.010448369965767432,0.779569800858269,720
AAC_A,ESM2_PC27,27,-0.0032992304634806595,0.0032992304634806595,0.9295793722909426,720
AAC_A,ESM2_PC28,28,-0.008162455209259087,0.008162455209259087,0.8269267915437075,720
AAC_A,ESM2_PC29,29,-0.052974485024199235,0.052974485024199235,0.1556129292414915,720
AAC_A,ESM2_PC30,30,0.043370157535164294,0.043370157535164294,0.24512647719424102,720
AAC_A,ESM2_PC31,31,0.009876116718484814,0.009876116718484814,0.7913561210341021,720
AAC_A,ESM2_PC32,32,0.05077438485667233,0.05077438485667233,0.1735356841769057,720
AAC_A,ESM2_PC33,33,0.01706351616632913,0.01706351616632913,0.6475992212852578,720
AAC_A,ESM2_PC34,34,-0.016892419497098167,0.016892419497098167,0.6508973627250964,720
AAC_A,ESM2_PC35,35,0.011321393826819346,0.011321393826819346,0.7616865700455427,720
AAC_A,ESM2_PC36,36,0.0369368388616133,0.0369368388616133,0.32230362560421555,720
AAC_A,ESM2_PC37,37,-0.005501751125243592,0.005501751125243592,0.8828383364350321,720
AAC_A,ESM2_PC38,38,-0.009759448896308085,0.009759448896308085,0.7937650000021541,720
AAC_A,ESM2_PC39,39,-0.01970790611919377,0.01970790611919377,0.5975332991282557,720
AAC_A,ESM2_PC40,40,0.004175336420526456,0.004175336420526456,0.9109487980382166,720
AAC_A,ESM2_PC41,41,0.007556137539761383,0.007556137539761383,0.8396016415431371,720
AAC_A,ESM2_PC42,42,-0.007660896530296835,0.007660896530296835,0.837408627262855,720
AAC_A,ESM2_PC43,43,-0.04524166754183577,0.04524166754183577,0.22533139520942308,720
AAC_A,ESM2_PC44,44,-0.009674570231764573,0.009674570231764573,0.7955187537150169,720
AAC_A,ESM2_PC45,45,-0.08350966527686882,0.08350966527686882,0.025037652742833278,720
AAC_A,ESM2_PC46,46,0.015254890599909754,0.015254890599909754,0.6828007644385446,720
AAC_A,ESM2_PC47,47,0.0174751131428522,0.0174751131428522,0.6396934055656204,720
AAC_A,ESM2_PC48,48,-0.03576302825016384,0.03576302825016384,0.3379306826797786,720
AAC_A,ESM2_PC49,49,0.0015805988727569456,0.0015805988727569456,0.9662290502893538,720
AAC_A,ESM2_PC50,50,-0.009448673573029856,0.009448673573029856,0.8001912088813566,720
AAC_A,ESM2_PC51,51,0.024833706079696913,0.024833706079696913,0.5058566689608677,720
AAC_A,ESM2_PC52,52,0.04366862061109525,0.04366862061109525,0.24189055251303904,720
AAC_C,ESM2_PC01,1,-0.04835627845988783,0.04835627845988783,0.19496208694729594,720
AAC_C,ESM2_PC02,2,0.04189681269159112,0.04189681269159112,0.2615440457741234,720
AAC_C,ESM2_PC03,3,-0.06432551327595469,0.06432551327595469,0.08455950964501024,720
AAC_C,ESM2_PC04,4,-0.0625312172292056,0.0625312172292056,0.09361792533160972,720
AAC_C,ESM2_PC05,5,-0.06360779485725505,0.06360779485725505,0.0880941151426121,720
AAC_C,ESM2_PC06,6,0.06145463960115615,0.06145463960115615,0.0994155868004594,720
AAC_C,ESM2_PC07,7,-0.06414608367127977,0.06414608367127977,0.0854322437374133,720
AAC_C,ESM2_PC08,8,0.027183585108248632,0.027183585108248632,0.46644259348412526,720
AAC_C,ESM2_PC09,9,-0.06306950604323032,0.06306950604323032,0.09082232035058037,720
AAC_C,ESM2_PC10,10,-0.02951616996902244,0.02951616996902244,0.42906179126815197,720
AAC_C,ESM2_PC11,11,-0.06450494288062959,0.06450494288062959,0.08369398781493427,720
AAC_C,ESM2_PC12,12,0.06432551327595469,0.06432551327595469,0.08455950964501024,720
AAC_C,ESM2_PC13,13,0.06450494288062959,0.06450494288062959,0.08369398781493427,720
AAC_C,ESM2_PC14,14,0.0033194476864858067,0.0033194476864858067,0.9291489747236781,720
AAC_C,ESM2_PC15,15,0.03956422783081732,0.03956422783081732,0.2890580807042309,720
AAC_C,ESM2_PC16,16,0.03902593901679259,0.03902593901679259,0.2956742715741713,720
AAC_C,ESM2_PC17,17,-0.04315281992431549,0.04315281992431549,0.24750183345834822,720
AAC_C,ESM2_PC18,18,-0.06414608367127977,0.06414608367127977,0.0854322437374133,720
AAC_C,ESM2_PC19,19,-0.029875029178372262,0.029875029178372262,0.42346924464312363,720
AAC_C,ESM2_PC20,20,-0.06271064683388052,0.06271064683388052,0.09267850242268964,720
AAC_C,ESM2_PC21,21,0.0625312172292056,0.0625312172292056,0.09361792533160972,720
AAC_C,ESM2_PC22,22,-0.001884010849086539,0.001884010849086539,0.9597514219509006,720
AAC_C,ESM2_PC23,23,0.05930148434505725,0.05930148434505725,0.11186627584791944,720
AAC_C,ESM2_PC24,24,-0.025389289061499547,0.025389289061499547,0.49638285643620117,720
AAC_C,ESM2_PC25,25,-0.03310476206252061,0.03310476206252061,0.375082294785774,720
AAC_C,ESM2_PC26,26,0.06450494288062959,0.06450494288062959,0.08369398781493427,720
AAC_C,ESM2_PC27,27,-0.013546935152955589,0.013546935152955589,0.7166889386170797,720
AAC_C,ESM2_PC28,28,0.037411072574718415,0.037411072574718415,0.3161257359254681,720
AAC_C,ESM2_PC29,29,-0.06306950604323032,0.06306950604323032,0.09082232035058037,720
AAC_C,ESM2_PC30,30,0.06306950604323032,0.06306950604323032,0.09082232035058037,720
AAC_C,ESM2_PC31,31,-0.06109578039180633,0.06109578039180633,0.10141046234460337,720
AAC_C,ESM2_PC32,32,0.057148329088958345,0.057148329088958345,0.12551295018773104,720
AAC_C,ESM2_PC33,33,-0.027183585108248632,0.027183585108248632,0.46644259348412526,720
AAC_C,ESM2_PC34,34,-0.06414608367127977,0.06414608367127977,0.0854322437374133,720
AAC_C,ESM2_PC35,35,-0.040999664668216584,0.040999664668216584,0.27190463394654596,720
AAC_C,ESM2_PC36,36,0.015879520013729397,0.015879520013729397,0.6705606160946866,720
AAC_C,ESM2_PC37,37,-0.06432551327595469,0.06432551327595469,0.08455950964501024,720
AAC_C,ESM2_PC38,38,0.06396665406660487,0.06396665406660487,0.08631222965270301,720
AAC_C,ESM2_PC39,39,0.05284201857676055,0.05284201857676055,0.15665074810045224,720
AAC_C,ESM2_PC40,40,0.055712892251559086,0.055712892251559086,0.13530728644640183,720
AAC_C,ESM2_PC41,41,-0.05373916660013508,0.05373916660013508,0.149723520246343,720
AAC_C,ESM2_PC42,42,-0.06324893564790524,0.06324893564790524,0.08990548235315796,720
AAC_C,ESM2_PC43,43,-0.06306950604323032,0.06306950604323032,0.09082232035058037,720
AAC_C,ESM2_PC44,44,-0.060019202763756885,0.060019202763756885,0.10758642405006665,720
AAC_C,ESM2_PC45,45,-0.06306950604323032,0.06306950604323032,0.09082232035058037,720
AAC_C,ESM2_PC46,46,-0.044588256761714753,0.044588256761714753,0.23210890325125444,720
AAC_C,ESM2_PC47,47,0.05822490671700779,0.05822490671700779,0.1185360080133585,720
AAC_C,ESM2_PC48,48,-0.04279396071496567,0.04279396071496567,0.25145903516967016,720
AAC_C,ESM2_PC49,49,-0.020185830525927203,0.020185830525927203,0.5886753155672683,720
AAC_C,ESM2_PC50,50,0.05912205474038233,0.05912205474038233,0.11295690949708015,720
AAC_C,ESM2_PC51,51,-0.057148329088958345,0.057148329088958345,0.12551295018773104,720
AAC_C,ESM2_PC52,52,0.06271064683388052,0.06271064683388052,0.09267850242268964,720
AAC_D,ESM2_PC01,1,0.14905455089144146,0.14905455089144146,5.943223401901354e-05,720
AAC_D,ESM2_PC02,2,-0.3018944872381871,0.3018944872381871,1.2258074675045925e-16,720
AAC_D,ESM2_PC03,3,0.174746237934876,0.174746237934876,2.391975378068846e-06,720
AAC_D,ESM2_PC04,4,0.1669341564330447,0.1669341564330447,6.694866412619049e-06,720
AAC_D,ESM2_PC05,5,-0.05397955627657439,0.05397955627657439,0.14790759252018337,720
AAC_D,ESM2_PC06,6,-0.1322705946735307,0.1322705946735307,0.00037273328921661397,720
AAC_D,ESM2_PC07,7,-0.055252544591803204,0.055252544591803204,0.13857009062160267,720
AAC_D,ESM2_PC08,8,0.15951650041778104,0.15951650041778104,1.70485914690334e-05,720
AAC_D,ESM2_PC09,9,-0.20779202289197338,0.20779202289197338,1.828475571986831e-08,720
AAC_D,ESM2_PC10,10,0.05665664625839616,0.05665664625839616,0.12880377075471047,720
AAC_D,ESM2_PC11,11,-0.18402837404798114,0.18402837404798114,6.62849760741791e-07,720
AAC_D,ESM2_PC12,12,0.18083155143051544,0.18083155143051544,1.0389763167400616e-06,720
AAC_D,ESM2_PC13,13,0.05425758205199662,0.05425758205199662,0.14582835661421467,720
AAC_D,ESM2_PC14,14,-0.01269273724091602,0.01269273724091602,0.7338536549632927,720
AAC_D,ESM2_PC15,15,0.11024363778978893,0.11024363778978893,0.0030560757507749597,720
AAC_D,ESM2_PC16,16,-0.06523156281213266,0.06523156281213266,0.08026188765824856,720
AAC_D,ESM2_PC17,17,-0.1269903447218062,0.1269903447218062,0.0006368264230113964,720
AAC_D,ESM2_PC18,18,0.09969776538112415,0.09969776538112415,0.007424109824801057,720
AAC_D,ESM2_PC19,19,-0.5008790353613499,0.5008790353613499,5.447542082813538e-47,720
AAC_D,ESM2_PC20,20,-0.10682376741322196,0.10682376741322196,0.004109692263922699,720
AAC_D,ESM2_PC21,21,0.07693269718518903,0.07693269718518903,0.0390373008981168,720
AAC_D,ESM2_PC22,22,-0.10473499906202195,0.10473499906202195,0.00490522803455547,720
AAC_D,ESM2_PC23,23,0.0027329983688357683,0.0027329983688357683,0.9416415867471897,720
AAC_D,ESM2_PC24,24,0.059175555993322464,0.059175555993322464,0.11263083943017667,720
AAC_D,ESM2_PC25,25,0.05265348514458436,0.05265348514458436,0.15813684867803166,720
AAC_D,ESM2_PC26,26,-0.21239332621594403,0.21239332621594403,8.664440191291499e-09,720
AAC_D,ESM2_PC27,27,0.05611973622310563,0.05611973622310563,0.1324732917263092,720
AAC_D,ESM2_PC28,28,-0.29523024196429043,0.29523024196429043,6.011647053747898e-16,720
AAC_D,ESM2_PC29,29,0.15956031398578616,0.15956031398578616,1.695677136079067e-05,720
AAC_D,ESM2_PC30,30,-0.021017642514541482,0.021017642514541482,0.5734043512999876,720
AAC_D,ESM2_PC31,31,0.05034937043613068,0.05034937043613068,0.1771687156436497,720
AAC_D,ESM2_PC32,32,-0.03419708423150031,0.03419708423150031,0.3595212461387106,720
AAC_D,ESM2_PC33,33,-0.18426682461077745,0.18426682461077745,6.407946434061192e-07,720
AAC_D,ESM2_PC34,34,-0.019451966470932378,0.019451966470932378,0.6023016763322283,720
AAC_D,ESM2_PC35,35,0.027144891607713134,0.027144891607713134,0.467077515789783,720
AAC_D,ESM2_PC36,36,0.031123811396246422,0.031123811396246422,0.40434270925693583,720
AAC_D,ESM2_PC37,37,0.0499250180256052,0.0499250180256052,0.1808521930930399,720
AAC_D,ESM2_PC38,38,-0.01902671814788772,0.01902671814788772,0.6102620045253834,720
AAC_D,ESM2_PC39,39,0.041527009736232294,0.041527009736232294,0.26578119406394113,720
AAC_D,ESM2_PC40,40,-0.16516841623226866,0.16516841623226866,8.394601955827958e-06,720
AAC_D,ESM2_PC41,41,0.01833173124022322,0.01833173124022322,0.6233708776972879,720
AAC_D,ESM2_PC42,42,-0.0067016323924854295,0.0067016323924854295,0.8575347226753354,720
AAC_D,ESM2_PC43,43,-0.034461946984525406,0.034461946984525406,0.35580990240302746,720
AAC_D,ESM2_PC44,44,-0.08463265178942794,0.08463265178942794,0.023143204717483514,720
AAC_D,ESM2_PC45,45,-0.0328739248151976,0.0328739248151976,0.37842316096386375,720
AAC_D,ESM2_PC46,46,0.02460101692585821,0.02460101692585821,0.5098525188791329,720
AAC_D,ESM2_PC47,47,0.044133839501646295,0.044133839501646295,0.23690669179117252,720
AAC_D,ESM2_PC48,48,0.001966975935852688,0.001966975935852688,0.9579806203244151,720
AAC_D,ESM2_PC49,49,-0.08976693691687425,0.08976693691687425,0.01597963509566039,720
AAC_D,ESM2_PC50,50,-0.07656609667397664,0.07656609667397664,0.03998246389197435,720
AAC_D,ESM2_PC51,51,-0.07382737824828765,0.07382737824828765,0.04767461172090173,720
AAC_D,ESM2_PC52,52,-0.020813650125559687,0.020813650125559687,0.577131991287899,720
AAC_E,ESM2_PC01,1,0.19925704291993815,0.19925704291993815,6.98749222646021e-08,720
AAC_E,ESM2_PC02,2,-0.5606858594478378,0.5606858594478378,7.590225007504041e-61,720
AAC_E,ESM2_PC03,3,0.019194343250632583,0.019194343250632583,0.6071186222306036,720
AAC_E,ESM2_PC04,4,0.08165396677207373,0.08165396677207373,0.02846204527058586,720
AAC_E,ESM2_PC05,5,-0.3146936214140355,0.3146936214140355,5.142371240991064e-18,720
AAC_E,ESM2_PC06,6,-0.028894586641947193,0.028894586641947193,0.43884940378545406,720
AAC_E,ESM2_PC07,7,0.1666768828236512,0.1666768828236512,6.920250381186673e-06,720
AAC_E,ESM2_PC08,8,0.2117406782721665,0.2117406782721665,9.642615482397129e-09,720
AAC_E,ESM2_PC09,9,-0.0426475269634485,0.0426475269634485,0.2530863708883526,720
AAC_E,ESM2_PC10,10,-0.14428960274110078,0.14428960274110078,0.00010219586725172172,720
AAC_E,ESM2_PC11,11,-0.25440852389451035,0.25440852389451035,4.239474875794211e-12,720
AAC_E,ESM2_PC12,12,-0.024961241183727466,0.024961241183727466,0.5036735730891905,720
AAC_E,ESM2_PC13,13,-0.226234902739418,0.226234902739418,8.265210729977726e-10,720
AAC_E,ESM2_PC14,14,0.058360804887485365,0.058360804887485365,0.11767730261436214,720
AAC_E,ESM2_PC15,15,0.022650183705575214,0.022650183705575214,0.5439902489873994,720
AAC_E,ESM2_PC16,16,-0.01665062886851041,0.01665062886851041,0.655569875079271,720
AAC_E,ESM2_PC17,17,0.0896958772128251,0.0896958772128251,0.01606368673869005,720
AAC_E,ESM2_PC18,18,0.10096822314865903,0.10096822314865903,0.006698227484741152,720
AAC_E,ESM2_PC19,19,0.3054063093368743,0.3054063093368743,5.214931758319039e-17,720
AAC_E,ESM2_PC20,20,-0.012430839877569967,0.012430839877569967,0.7391435293472961,720
AAC_E,ESM2_PC21,21,-0.002163821537717437,0.002163821537717437,0.9537800038242142,720
AAC_E,ESM2_PC22,22,0.11002251489868307,0.11002251489868307,0.0031159345564515735,720
AAC_E,ESM2_PC23,23,-0.008799251282799446,0.008799251282799446,0.813663132072692,720
AAC_E,ESM2_PC24,24,-0.0455519058005817,0.0455519058005817,0.22216330234487008,720
AAC_E,ESM2_PC25,25,-0.031031795692282097,0.031031795692282097,0.40573418513239834,720
AAC_E,ESM2_PC26,26,0.1013495036087932,0.1013495036087932,0.006493161894085452,720
AAC_E,ESM2_PC27,27,0.030709703650702615,0.030709703650702615,0.41062734610129176,720
AAC_E,ESM2_PC28,28,0.09702311599520877,0.09702311599520877,0.00918666956420968,720
AAC_E,ESM2_PC29,29,-0.0849920085631276,0.0849920085631276,0.022563812421812757,720
AAC_E,ESM2_PC30,30,0.04302350474918802,0.04302350474918802,0.24892276956031933,720
AAC_E,ESM2_PC31,31,-0.011669484861447432,0.011669484861447432,0.7545908652136534,720
AAC_E,ESM2_PC32,32,0.0023834778038412706,0.0023834778038412706,0.9490941331207132,720
AAC_E,ESM2_PC33,33,0.0205683636497739,0.0205683636497739,0.5816292433429732,720
AAC_E,ESM2_PC34,34,0.027838974495008398,0.027838974495008398,0.4557612205172956,720
AAC_E,ESM2_PC35,35,-0.04127327529501894,0.04127327529501894,0.26871558600560425,720
AAC_E,ESM2_PC36,36,-0.07033536697859175,0.07033536697859175,0.05924734913653904,720
AAC_E,ESM2_PC37,37,-0.06702241790531197,0.06702241790531197,0.07228852641268758,720
AAC_E,ESM2_PC38,38,0.05542044715679589,0.05542044715679589,0.1373731112213995,720
AAC_E,ESM2_PC39,39,0.013755616437550942,0.013755616437550942,0.7125168164082123,720
AAC_E,ESM2_PC40,40,0.03134343105818615,0.03134343105818615,0.4010331225773232,720
AAC_E,ESM2_PC41,41,-0.042594285469448566,0.042594285469448566,0.25367986068878623,720
AAC_E,ESM2_PC42,42,0.013707958444938528,0.013707958444938528,0.7134688820457744,720
AAC_E,ESM2_PC43,43,0.05418049686789455,0.05418049686789455,0.14640259377732828,720
AAC_E,ESM2_PC44,44,-0.005743093715640989,0.005743093715640989,0.8777383464181097,720
AAC_E,ESM2_PC45,45,0.02951448744984093,0.02951448744984093,0.42908811255886725,720
AAC_E,ESM2_PC46,46,0.034509970152774815,0.034509970152774815,0.35513957738071217,720
AAC_E,ESM2_PC47,47,0.02116254400896832,0.02116254400896832,0.5707634434863376,720
AAC_E,ESM2_PC48,48,0.011836808191489422,0.011836808191489422,0.751187342481145,720
AAC_E,ESM2_PC49,49,0.0675446735158636,0.0675446735158636,0.0700892182763617,720
AAC_E,ESM2_PC50,50,-0.009537710639386177,0.009537710639386177,0.7983487006030359,720
AAC_E,ESM2_PC51,51,-0.027177379138291876,0.027177379138291876,0.46654439515120205,720
AAC_E,ESM2_PC52,52,-0.003625988574148129,0.003625988574148129,0.9226257365273062,720
AAC_F,ESM2_PC01,1,-0.10688036051413269,0.10688036051413269,0.004089865079043763,720
AAC_F,ESM2_PC02,2,0.3042877946747085,0.3042877946747085,6.855118264771323e-17,720
AAC_F,ESM2_PC03,3,-0.18015524775440628,0.18015524775440628,1.1414633099132624e-06,720
AAC_F,ESM2_PC04,4,0.16331564825612382,0.16331564825612382,1.0617149989031481e-05,720
AAC_F,ESM2_PC05,5,-0.10045767472884551,0.10045767472884551,0.006981911157372003,720
AAC_F,ESM2_PC06,6,0.013219058810457674,0.013219058810457674,0.7232611377925158,720
AAC_F,ESM2_PC07,7,-0.12825564460651726,0.12825564460651726,0.0005611319172171364,720
AAC_F,ESM2_PC08,8,0.058492061776064724,0.058492061776064724,0.11685255641353914,720
AAC_F,ESM2_PC09,9,-0.020140611968972478,0.020140611968972478,0.5895108121798687,720
AAC_F,ESM2_PC10,10,0.39672195376152497,0.39672195376152497,1.4870803948023735e-28,720
AAC_F,ESM2_PC11,11,-0.06949916525884584,0.06949916525884584,0.06233964889898399,720
AAC_F,ESM2_PC12,12,0.06396709822434352,0.06396709822434352,0.08631004236103924,720
AAC_F,ESM2_PC13,13,-0.05256001266171943,0.05256001266171943,0.15887757768394276,720
AAC_F,ESM2_PC14,14,0.018364349618074535,0.018364349618074535,0.6227529138945425,720
AAC_F,ESM2_PC15,15,-0.15843959991455703,0.15843959991455703,1.9459864876047357e-05,720
AAC_F,ESM2_PC16,16,0.04697230073732159,0.04697230073732159,0.208064977856547,720
AAC_F,ESM2_PC17,17,0.40924038447436634,0.40924038447436634,1.909503026837226e-30,720
AAC_F,ESM2_PC18,18,0.33125713484335423,0.33125713484335423,6.71237870392073e-20,720
AAC_F,ESM2_PC19,19,-0.020196039822093715,0.020196039822093715,0.588486755439935,720
AAC_F,ESM2_PC20,20,0.08856835014893016,0.08856835014893016,0.017450212879678042,720
AAC_F,ESM2_PC21,21,0.04329853595439123,0.04329853595439123,0.24590748397378004,720
AAC_F,ESM2_PC22,22,0.02223807205065341,0.02223807205065341,0.551344268847739,720
AAC_F,ESM2_PC23,23,-0.244856965374244,0.244856965374244,2.7302115735787945e-11,720
AAC_F,ESM2_PC24,24,-0.01632422063507382,0.01632422063507382,0.6618989623018663,720
AAC_F,ESM2_PC25,25,-0.14635177016186712,0.14635177016186712,8.099118568406765e-05,720
AAC_F,ESM2_PC26,26,-0.06922683419254654,0.06922683419254654,0.06337504936285293,720
AAC_F,ESM2_PC27,27,0.003166065682503581,0.003166065682503581,0.9324147796898359,720
AAC_F,ESM2_PC28,28,-0.011005717786453087,0.011005717786453087,0.7681388608507133,720
AAC_F,ESM2_PC29,29,-0.027525755677327818,0.027525755677327818,0.46084876522828283,720
AAC_F,ESM2_PC30,30,-0.04437936239511892,0.04437936239511892,0.23430581722964977,720
AAC_F,ESM2_PC31,31,-0.19328086388597254,0.19328086388597254,1.726363015403664e-07,720
AAC_F,ESM2_PC32,32,-0.09285081960800523,0.09285081960800523,0.012684505043295812,720
AAC_F,ESM2_PC33,33,-0.09350157933294884,0.09350157933294884,0.012071332545924934,720
AAC_F,ESM2_PC34,34,0.003608069420872503,0.003608069420872503,0.9230069203301176,720
AAC_F,ESM2_PC35,35,-0.062393915513616276,0.062393915513616276,0.09434191876644632,720
AAC_F,ESM2_PC36,36,-0.0017294491882015714,0.0017294491882015714,0.9630508982448776,720
AAC_F,ESM2_PC37,37,0.05031059344777658,0.05031059344777658,0.17750297573626894,720
AAC_F,ESM2_PC38,38,0.044445274793951044,0.044445274793951044,0.23361104366339278,720
AAC_F,ESM2_PC39,39,-0.013423106768544356,0.013423106768544356,0.7191686184767226,720
AAC_F,ESM2_PC40,40,0.15733177743813748,0.15733177743813748,2.2276647859965234e-05,720
AAC_F,ESM2_PC41,41,-0.057604681881757464,0.057604681881757464,0.12251744856115745,720
AAC_F,ESM2_PC42,42,0.030184873540546324,0.030184873540546324,0.4186749829389286,720
AAC_F,ESM2_PC43,43,-0.06422427010671689,0.06422427010671689,0.08505106074615829,720
AAC_F,ESM2_PC44,44,-0.010696690810165693,0.010696690810165693,0.774470818385824,720
AAC_F,ESM2_PC45,45,-0.010947051076854281,0.010947051076854281,0.769339768332665,720
AAC_F,ESM2_PC46,46,-0.025952840088784304,0.025952840088784304,0.4868704985282553,720
AAC_F,ESM2_PC47,47,0.0695761799234387,0.0695761799234387,0.06204938574069302,720
AAC_F,ESM2_PC48,48,0.09112135372466716,0.09112135372466716,0.014449737013509214,720
AAC_F,ESM2_PC49,49,0.048932910785257105,0.048932910785257105,0.1896847919353518,720
AAC_F,ESM2_PC50,50,0.021320006495491674,0.021320006495491674,0.5679001755567836,720
AAC_F,ESM2_PC51,51,0.004139342054012288,0.004139342054012288,0.9117133347992887,720
AAC_F,ESM2_PC52,52,0.021274512248577404,0.021274512248577404,0.5687267293616827,720
AAC_G,ESM2_PC01,1,-0.03735108795976887,0.03735108795976887,0.3169028475101981,720
AAC_G,ESM2_PC02,2,0.09822409851375434,0.09822409851375434,0.008353688196852048,720
AAC_G,ESM2_PC03,3,0.02058897812999509,0.02058897812999509,0.5812506546289434,720
AAC_G,ESM2_PC04,4,0.12673813376374754,0.12673813376374754,0.000653004667812781,720
AAC_G,ESM2_PC05,5,0.22621994609905716,0.22621994609905716,8.286922008829771e-10,720
AAC_G,ESM2_PC06,6,0.027599946406882302,0.027599946406882302,0.45964084594725974,720
AAC_G,ESM2_PC07,7,-0.30175108522615024,0.30175108522615024,1.2690295990921876e-16,720
AAC_G,ESM2_PC08,8,0.208693083607728,0.208693083607728,1.5818037164349874e-08,720
AAC_G,ESM2_PC09,9,0.2789015330463779,0.2789015330463779,2.4886842995786983e-14,720
AAC_G,ESM2_PC10,10,-0.004939990647776599,0.004939990647776599,0.8947277451386717,720
AAC_G,ESM2_PC11,11,-0.05288323701843183,0.05288323701843183,0.1563272591722429,720
AAC_G,ESM2_PC12,12,0.05475389030354249,0.05475389030354249,0.14217228542373822,720
AAC_G,ESM2_PC13,13,0.07805942283442581,0.07805942283442581,0.03625010422852522,720
AAC_G,ESM2_PC14,14,-0.2642394272919369,0.2642394272919369,5.743428431471281e-13,720
AAC_G,ESM2_PC15,15,-0.08793406633397902,0.08793406633397902,0.0182753341574745,720
AAC_G,ESM2_PC16,16,-0.2130995388683936,0.2130995388683936,7.714467578620729e-09,720
AAC_G,ESM2_PC17,17,0.2047539471537289,0.2047539471537289,2.9663152062114876e-08,720
AAC_G,ESM2_PC18,18,-0.27263947848082387,0.27263947848082387,9.734472840524296e-14,720
AAC_G,ESM2_PC19,19,0.18325988116995626,0.18325988116995626,7.390085090454494e-07,720
AAC_G,ESM2_PC20,20,-0.30583374908370475,0.30583374908370475,4.695984147629274e-17,720
AAC_G,ESM2_PC21,21,-0.36067505015769175,0.36067505015769175,1.5295971659525887e-23,720
AAC_G,ESM2_PC22,22,-0.07887866985775896,0.07887866985775896,0.03433143078751235,720
AAC_G,ESM2_PC23,23,0.13001955257663564,0.13001955257663564,0.00046948941305172094,720
AAC_G,ESM2_PC24,24,0.07091356182398308,0.07091356182398308,0.05718432921392939,720
AAC_G,ESM2_PC25,25,-0.06829430881553926,0.06829430881553926,0.06702843689101566,720
AAC_G,ESM2_PC26,26,-0.10112679546730921,0.10112679546730921,0.006612246476555926,720
AAC_G,ESM2_PC27,27,-0.07565394332264862,0.07565394332264862,0.04241856296121581,720
AAC_G,ESM2_PC28,28,0.02046922659555067,0.02046922659555067,0.5834515184839392,720
AAC_G,ESM2_PC29,29,0.09197427203642251,0.09197427203642251,0.013553838981983198,720
AAC_G,ESM2_PC30,30,-0.05715919537754192,0.05715919537754192,0.12544096787156414,720
AAC_G,ESM2_PC31,31,0.10891861701264066,0.10891861701264066,0.003431026339375757,720
AAC_G,ESM2_PC32,32,0.020245963683772947,0.020245963683772947,0.5875650901765969,720
AAC_G,ESM2_PC33,33,0.011115872951108458,0.011115872951108458,0.7658854865862961,720
AAC_G,ESM2_PC34,34,-0.0738673864902046,0.0738673864902046,0.04755388760235824,720
AAC_G,ESM2_PC35,35,0.10596549009753028,0.10596549009753028,0.004421247347314983,720
AAC_G,ESM2_PC36,36,0.030383502358214968,0.030383502358214968,0.4156184126157125,720
AAC_G,ESM2_PC37,37,0.0543901177617648,0.0543901177617648,0.14484507152034243,720
AAC_G,ESM2_PC38,38,-0.002496762800888293,0.002496762800888293,0.9466781296458257,720
AAC_G,ESM2_PC39,39,0.054949330389764656,0.054949330389764656,0.1407520008733028,720
AAC_G,ESM2_PC40,40,-0.01038838019888641,0.01038838019888641,0.7808030515500934,720
AAC_G,ESM2_PC41,41,-0.047977488506433,0.047977488506433,0.1984867407909772,720
AAC_G,ESM2_PC42,42,0.038659842275101886,0.038659842275101886,0.3002313890941241,720
AAC_G,ESM2_PC43,43,0.04545911286487805,0.04545911286487805,0.22310753091892732,720
AAC_G,ESM2_PC44,44,-0.001297032096666357,0.001297032096666357,0.9722850173479051,720
AAC_G,ESM2_PC45,45,-0.03633814522799133,0.03633814522799133,0.3302143649170311,720
AAC_G,ESM2_PC46,46,-0.034004481749325216,0.034004481749325216,0.36223523871326957,720
AAC_G,ESM2_PC47,47,-0.03572321717376926,0.03572321717376926,0.33846906968861834,720
AAC_G,ESM2_PC48,48,-0.02253601771799462,0.02253601771799462,0.5460226259509476,720
AAC_G,ESM2_PC49,49,0.04592864703132238,0.04592864703132238,0.2183590551369226,720
AAC_G,ESM2_PC50,50,0.12603180031396993,0.12603180031396993,0.0007003651884195858,720
AAC_G,ESM2_PC51,51,-0.007660905993109283,0.007660905993109283,0.8374084292259394,720
AAC_G,ESM2_PC52,52,-0.0672125503804284,0.0672125503804284,0.07148140631854183,720
AAC_H,ESM2_PC01,1,0.17016973428717339,0.17016973428717339,4.395866558598584e-06,720
AAC_H,ESM2_PC02,2,-0.0014978307468438545,0.0014978307468438545,0.9679964946264771,720
AAC_H,ESM2_PC03,3,-0.0763928527590101,0.0763928527590101,0.04043581608534907,720
AAC_H,ESM2_PC04,4,0.20369401207711976,0.20369401207711976,3.5057186402699084e-08,720
AAC_H,ESM2_PC05,5,0.05813765649647632,0.05813765649647632,0.11908989899931122,720
AAC_H,ESM2_PC06,6,-0.047197297992089875,0.047197297992089875,0.20589249709306615,720
AAC_H,ESM2_PC07,7,0.06928154859440501,0.06928154859440501,0.06316589501760113,720
AAC_H,ESM2_PC08,8,-0.13781591384070038,0.13781591384070038,0.00020785178419995928,720
AAC_H,ESM2_PC09,9,-0.10195022649943238,0.10195022649943238,0.006181490055361627,720
AAC_H,ESM2_PC10,10,0.006680937113200598,0.006680937113200598,0.8579699949061655,720
AAC_H,ESM2_PC11,11,0.11325839295049155,0.11325839295049155,0.002337972425080314,720
AAC_H,ESM2_PC12,12,0.21062869089856986,0.21062869089856986,1.1561174559423669e-08,720
AAC_H,ESM2_PC13,13,0.07496001420007477,0.07496001420007477,0.04435472339167825,720
AAC_H,ESM2_PC14,14,-0.22810210454544622,0.22810210454544622,5.948295075212695e-10,720
AAC_H,ESM2_PC15,15,0.006826282903989704,0.006826282903989704,0.8549139369921058,720
AAC_H,ESM2_PC16,16,-0.2862810822172299,0.2862810822172299,4.767281219846101e-15,720
AAC_H,ESM2_PC17,17,0.037657220094637615,0.037657220094637615,0.3129499324723898,720
AAC_H,ESM2_PC18,18,0.381690500698965,0.381690500698965,2.1824241229423997e-26,720
AAC_H,ESM2_PC19,19,0.047443245586434105,0.047443245586434105,0.2035365939129665,720
AAC_H,ESM2_PC20,20,-0.13530893091726404,0.13530893091726404,0.0002714027376330508,720
AAC_H,ESM2_PC21,21,0.03830965753429557,0.03830965753429557,0.3046339341121892,720
AAC_H,ESM2_PC22,22,-0.2153570581430564,0.2153570581430564,5.307788376700033e-09,720
AAC_H,ESM2_PC23,23,0.08534744424286374,0.08534744424286374,0.02200316000787884,720
AAC_H,ESM2_PC24,24,-0.07996550549452666,0.07996550549452666,0.03192023745289937,720
AAC_H,ESM2_PC25,25,0.22453448293107486,0.22453448293107486,1.1124294652873684e-09,720
AAC_H,ESM2_PC26,26,0.27705349055320205,0.27705349055320205,3.735629724932888e-14,720
AAC_H,ESM2_PC27,27,0.06214576926258945,0.06214576926258945,0.0956617532513398,720
AAC_H,ESM2_PC28,28,0.2974947708113738,0.2974947708113738,3.518447406745082e-16,720
AAC_H,ESM2_PC29,29,0.05221645991489942,0.05221645991489942,0.16162260898190903,720
AAC_H,ESM2_PC30,30,0.15862865167031004,0.15862865167031004,1.9014340677336647e-05,720
AAC_H,ESM2_PC31,31,0.06638518988528821,0.06638518988528821,0.07504804337910494,720
AAC_H,ESM2_PC32,32,-0.027550151339600037,0.027550151339600037,0.4604513775737963,720
AAC_H,ESM2_PC33,33,-0.03494435297187806,0.03494435297187806,0.349112479939904,720
AAC_H,ESM2_PC34,34,-0.08268433160913442,0.08268433160913442,0.026514049847037934,720
AAC_H,ESM2_PC35,35,-0.07571276477240248,0.07571276477240248,0.04225777388698453,720
AAC_H,ESM2_PC36,36,-0.1340412945821622,0.1340412945821622,0.0003100628681317033,720
AAC_H,ESM2_PC37,37,0.04872824341335667,0.04872824341335667,0.19154573497279792,720
AAC_H,ESM2_PC38,38,-0.14826402662746613,0.14826402662746613,6.509944544503785e-05,720
AAC_H,ESM2_PC39,39,-0.015103776206834306,0.015103776206834306,0.6857746800006842,720
AAC_H,ESM2_PC40,40,0.0037824546111413556,0.0037824546111413556,0.9192980877994681,720
AAC_H,ESM2_PC41,41,0.09029373738646364,0.09029373738646364,0.015368463213201403,720
AAC_H,ESM2_PC42,42,-0.04111366217943955,0.04111366217943955,0.27057281596299465,720
AAC_H,ESM2_PC43,43,0.04287663713450544,0.04287663713450544,0.2505434664174141,720
AAC_H,ESM2_PC44,44,0.03439717730863923,0.03439717730863923,0.35671524162962764,720
AAC_H,ESM2_PC45,45,-0.039446629055064776,0.039446629055064776,0.29049493922998887,720
AAC_H,ESM2_PC46,46,-0.04381176584834678,0.04381176584834678,0.24034926718458838,720
AAC_H,ESM2_PC47,47,-0.027723044580594037,0.027723044580594037,0.45764055944690846,720
AAC_H,ESM2_PC48,48,-0.013161474773900226,0.013161474773900226,0.7244175171504659,720
AAC_H,ESM2_PC49,49,-0.01319335228738582,0.01319335228738582,0.7237772880770331,720
AAC_H,ESM2_PC50,50,-0.10163382258970632,0.10163382258970632,0.006343932535408954,720
AAC_H,ESM2_PC51,51,0.014342447985341013,0.014342447985341013,0.7008306987812691,720
AAC_H,ESM2_PC52,52,-0.011707027137259277,0.011707027137259277,0.7538268014630002,720
AAC_I,ESM2_PC01,1,0.10605098773719927,0.10605098773719927,0.004389280603845671,720
AAC_I,ESM2_PC02,2,0.04152329507530302,0.04152329507530302,0.2658239940039084,720
AAC_I,ESM2_PC03,3,-0.21672976845650122,0.21672976845650122,4.2198344525257464e-09,720
AAC_I,ESM2_PC04,4,0.42355026244538735,0.42355026244538735,1.0430405412800562e-32,720
AAC_I,ESM2_PC05,5,-0.03308406542063102,0.03308406542063102,0.37538108921931657,720
AAC_I,ESM2_PC06,6,-0.303137773103033,0.303137773103033,9.069694197520023e-17,720
AAC_I,ESM2_PC07,7,-0.08461976953569506,0.08461976953569506,0.023164212018533487,720
AAC_I,ESM2_PC08,8,0.19812224254427566,0.19812224254427566,8.314736980983736e-08,720
AAC_I,ESM2_PC09,9,-0.09714132782706811,0.09714132782706811,0.009101517399795367,720
AAC_I,ESM2_PC10,10,-0.14077268957820352,0.14077268957820352,0.00015085893838784044,720
AAC_I,ESM2_PC11,11,0.26290874147618787,0.26290874147618787,7.565117372380808e-13,720
AAC_I,ESM2_PC12,12,0.07079620565710955,0.07079620565710955,0.05759816721962919,720
AAC_I,ESM2_PC13,13,-0.03376167663543868,0.03376167663543868,0.3656748418020251,720
AAC_I,ESM2_PC14,14,0.16249406390922022,0.16249406390922022,1.1772925418964309e-05,720
AAC_I,ESM2_PC15,15,0.23250035589344206,0.23250035589344206,2.7098256277003706e-10,720
AAC_I,ESM2_PC16,16,0.3479069805742552,0.3479069805742552,6.501735370759042e-22,720
AAC_I,ESM2_PC17,17,-0.09521608835934128,0.09521608835934128,0.010579595711600612,720
AAC_I,ESM2_PC18,18,-0.12590416906613033,0.12590416906613033,0.0007092555917206957,720
AAC_I,ESM2_PC19,19,0.09512760914192568,0.09512760914192568,0.010652375609281372,720
AAC_I,ESM2_PC20,20,-0.10441580492825146,0.10441580492825146,0.005038348906570869,720
AAC_I,ESM2_PC21,21,-0.21770141515942648,0.21770141515942648,3.58411795175212e-09,720
AAC_I,ESM2_PC22,22,-0.2913788900820343,0.2913788900820343,1.4788445215523485e-15,720
AAC_I,ESM2_PC23,23,-0.03247876942905119,0.03247876942905119,0.3841844513766338,720
AAC_I,ESM2_PC24,24,0.21880446270125667,0.21880446270125667,2.974927292234816e-09,720
AAC_I,ESM2_PC25,25,0.07002943550820762,0.07002943550820762,0.060363624152217625,720
AAC_I,ESM2_PC26,26,0.13803376293229122,0.13803376293229122,0.0002030452409146432,720
AAC_I,ESM2_PC27,27,0.05633350915911111,0.05633350915911111,0.1310026921027682,720
AAC_I,ESM2_PC28,28,-0.04712333158473171,0.04712333158473171,0.20660486428982938,720
AAC_I,ESM2_PC29,29,0.11208471664452799,0.11208471664452799,0.0025968799778562294,720
AAC_I,ESM2_PC30,30,0.01825956070811536,0.01825956070811536,0.6247391078263228,720
AAC_I,ESM2_PC31,31,-0.09895192727447846,0.09895192727447846,0.00788232880562951,720
AAC_I,ESM2_PC32,32,-0.08381735570730209,0.08381735570730209,0.024505708280218034,720
AAC_I,ESM2_PC33,33,0.009545626044528846,0.009545626044528846,0.7981849554808164,720
AAC_I,ESM2_PC34,34,-0.12561389688742886,0.12561389688742886,0.0007298661039151764,720
AAC_I,ESM2_PC35,35,0.011780037130315222,0.011780037130315222,0.7523415846515432,720
AAC_I,ESM2_PC36,36,-0.03298618621890312,0.03298618621890312,0.3767961440057234,720
AAC_I,ESM2_PC37,37,-0.0023329368472817867,0.0023329368472817867,0.9501721606633926,720
AAC_I,ESM2_PC38,38,-0.0013141244382393912,0.0013141244382393912,0.9719199377114242,720
AAC_I,ESM2_PC39,39,0.04714843136647562,0.04714843136647562,0.2063629295082928,720
AAC_I,ESM2_PC40,40,-0.0018457789301452164,0.0018457789301452164,0.9605675088749099,720
AAC_I,ESM2_PC41,41,-0.0017818689838950386,0.0017818689838950386,0.9619318028193561,720
AAC_I,ESM2_PC42,42,0.021373906480573773,0.021373906480573773,0.5669216467068835,720
AAC_I,ESM2_PC43,43,0.013594118053396796,0.013594118053396796,0.7157448767787074,720
AAC_I,ESM2_PC44,44,-0.02226680551950719,0.02226680551950719,0.5508299503605579,720
AAC_I,ESM2_PC45,45,-0.06065975661271979,0.06065975661271979,0.10387695389123269,720
AAC_I,ESM2_PC46,46,-0.04137536551618749,0.04137536551618749,0.2675322731979979,720
AAC_I,ESM2_PC47,47,0.05286101901081805,0.05286101901081805,0.156501566776065,720
AAC_I,ESM2_PC48,48,-0.046920925220589445,0.046920925220589445,0.2085633563412962,720
AAC_I,ESM2_PC49,49,0.04519655032063621,0.04519655032063621,0.2257947916718329,720
AAC_I,ESM2_PC50,50,-0.02053437349014342,0.02053437349014342,0.5822537299639772,720
AAC_I,ESM2_PC51,51,0.06690209222657666,0.06690209222657666,0.07280315051005873,720
AAC_I,ESM2_PC52,52,-0.015260103632807075,0.015260103632807075,0.6826982597950095,720
AAC_K,ESM2_PC01,1,-0.5844759710720193,0.5844759710720193,3.473533760633671e-67,720
AAC_K,ESM2_PC02,2,0.09554211880810622,0.09554211880810622,0.010315209362217519,720
AAC_K,ESM2_PC03,3,-0.22941549268135789,0.22941549268135789,4.711473723726585e-10,720
AAC_K,ESM2_PC04,4,-0.21163900058990948,0.21163900058990948,9.804347729969438e-09,720
AAC_K,ESM2_PC05,5,-0.42182570728394997,0.42182570728394997,1.9805934970038167e-32,720
AAC_K,ESM2_PC06,6,-0.20438762407132033,0.20438762407132033,3.1429569411062173e-08,720
AAC_K,ESM2_PC07,7,-0.06761977167235415,0.06761977167235415,0.0697775210098314,720
AAC_K,ESM2_PC08,8,-0.018408973428622445,0.018408973428622445,0.6219079334344729,720
AAC_K,ESM2_PC09,9,0.2541885425665345,0.2541885425665345,4.4291741680473904e-12,720
AAC_K,ESM2_PC10,10,-0.055407713095008505,0.055407713095008505,0.1374636127291856,720
AAC_K,ESM2_PC11,11,0.16573383450422488,0.16573383450422488,7.809928408405825e-06,720
AAC_K,ESM2_PC12,12,-0.21668039372417544,0.21668039372417544,4.2549066421529204e-09,720
AAC_K,ESM2_PC13,13,0.008763200947121769,0.008763200947121769,0.8144126310559701,720
AAC_K,ESM2_PC14,14,-0.013260536211382871,0.013260536211382871,0.722428595686419,720
AAC_K,ESM2_PC15,15,-0.0842845379960479,0.0842845379960479,0.02371671910099272,720
AAC_K,ESM2_PC16,16,-0.11236251891275707,0.11236251891275707,0.002533338733382312,720
AAC_K,ESM2_PC17,17,0.05968284016996803,0.05968284016996803,0.10957580753544893,720
AAC_K,ESM2_PC18,18,-0.05438703594253565,0.05438703594253565,0.14486787789086972,720
AAC_K,ESM2_PC19,19,-0.012247913861193177,0.012247913861193177,0.7428456564726745,720
AAC_K,ESM2_PC20,20,0.0691732234495283,0.0691732234495283,0.06358053837462867,720
AAC_K,ESM2_PC21,21,0.07621991994167905,0.07621991994167905,0.04089268429982465,720
AAC_K,ESM2_PC22,22,-0.0011589295179768272,0.0011589295179768272,0.975234991140003,720
AAC_K,ESM2_PC23,23,0.042504457911214134,0.042504457911214134,0.25468337050616924,720
AAC_K,ESM2_PC24,24,0.056342461486282414,0.056342461486282414,0.1309413834539212,720
AAC_K,ESM2_PC25,25,0.1476137741153907,0.1476137741153907,7.01398114132501e-05,720
AAC_K,ESM2_PC26,26,-0.047696984572529987,0.047696984572529987,0.20112664535802618,720
AAC_K,ESM2_PC27,27,0.0012882629020053063,0.0012882629020053063,0.9724723230434127,720
AAC_K,ESM2_PC28,28,-0.04087945861902273,0.04087945861902273,0.27331382936893667,720
AAC_K,ESM2_PC29,29,0.03294194012699655,0.03294194012699655,0.3774368927603794,720
AAC_K,ESM2_PC30,30,0.06482098876323862,0.06482098876323862,0.08218688371751366,720
AAC_K,ESM2_PC31,31,0.02097384096617058,0.02097384096617058,0.5742037945897591,720
AAC_K,ESM2_PC32,32,-0.06336634690880939,0.06336634690880939,0.0893095763722935,720
AAC_K,ESM2_PC33,33,-0.07243528793206808,0.07243528793206808,0.052038117034359725,720
AAC_K,ESM2_PC34,34,-0.03355410510051712,0.03355410510051712,0.3686313953732899,720
AAC_K,ESM2_PC35,35,0.10009950637359992,0.10009950637359992,0.007187304137095804,720
AAC_K,ESM2_PC36,36,0.0876699681346088,0.0876699681346088,0.018628819132700626,720
AAC_K,ESM2_PC37,37,0.06401544331385096,0.06401544331385096,0.08607222991721349,720
AAC_K,ESM2_PC38,38,0.061678099482900574,0.061678099482900574,0.09818925605511454,720
AAC_K,ESM2_PC39,39,0.04079819316440877,0.04079819316440877,0.27426933624785405,720
AAC_K,ESM2_PC40,40,0.033578465170579976,0.033578465170579976,0.3682836549926115,720
AAC_K,ESM2_PC41,41,0.01624082936142188,0.01624082936142188,0.66351982364424,720
AAC_K,ESM2_PC42,42,0.019423291526661227,0.019423291526661227,0.6028369795330875,720
AAC_K,ESM2_PC43,43,-0.09608860616301022,0.09608860616301022,0.009885190835654149,720
AAC_K,ESM2_PC44,44,-0.020418777040414466,0.020418777040414466,0.5843798688015068,720
AAC_K,ESM2_PC45,45,-0.02635544351265968,0.02635544351265968,0.4801354857750434,720
AAC_K,ESM2_PC46,46,-0.009175544864002278,0.009175544864002278,0.8058501430777529,720
AAC_K,ESM2_PC47,47,-0.0457803492608311,0.0457803492608311,0.21985091966253895,720
AAC_K,ESM2_PC48,48,0.04720929401323955,0.04720929401323955,0.20577713196097708,720
AAC_K,ESM2_PC49,49,0.01563642569536443,0.01563642569536443,0.6753141136560172,720
AAC_K,ESM2_PC50,50,-0.012559898854889714,0.012559898854889714,0.7365352034866557,720
AAC_K,ESM2_PC51,51,-0.007695532012907851,0.007695532012907851,0.8366838478351896,720
AAC_K,ESM2_PC52,52,-0.0077944723777949925,0.0077944723777949925,0.834614193340496,720
AAC_L,ESM2_PC01,1,-0.14778290685353335,0.14778290685353335,6.879446598078321e-05,720
AAC_L,ESM2_PC02,2,0.20990096868929037,0.20990096868929037,1.3011962800576996e-08,720
AAC_L,ESM2_PC03,3,-0.026673078232826546,0.026673078232826546,0.47485786258326546,720
AAC_L,ESM2_PC04,4,-0.12234649240232084,0.12234649240232084,0.0010034325071310501,720
AAC_L,ESM2_PC05,5,0.22194517766077565,0.22194517766077565,1.7408432417075094e-09,720
AAC_L,ESM2_PC06,6,0.04104175813305015,0.04104175813305015,0.2714123408855438,720
AAC_L,ESM2_PC07,7,0.5979557008397711,0.5979557008397711,5.129246773639658e-71,720
AAC_L,ESM2_PC08,8,-0.2173554180216163,0.2173554180216163,3.799024367264629e-09,720
AAC_L,ESM2_PC09,9,-0.11065851919247964,0.11065851919247964,0.0029465816995489272,720
AAC_L,ESM2_PC10,10,0.18191017696477246,0.18191017696477246,8.935707844297618e-07,720
AAC_L,ESM2_PC11,11,-0.2449692972170791,0.2449692972170791,2.6722637136552484e-11,720
AAC_L,ESM2_PC12,12,-0.17896508119631188,0.17896508119631188,1.345833815872438e-06,720
AAC_L,ESM2_PC13,13,-0.26987915405213725,0.26987915405213725,1.75632587440305e-13,720
AAC_L,ESM2_PC14,14,-0.12558774062541167,0.12558774062541167,0.0007317503164824121,720
AAC_L,ESM2_PC15,15,0.009148286900462866,0.009148286900462866,0.8064154613618831,720
AAC_L,ESM2_PC16,16,-0.1490797183056395,0.1490797183056395,5.9259705577112615e-05,720
AAC_L,ESM2_PC17,17,-0.05908430537590755,0.05908430537590755,0.11318742406855785,720
AAC_L,ESM2_PC18,18,-0.12011204988888576,0.12011204988888576,0.0012420580356938206,720
AAC_L,ESM2_PC19,19,-0.02487733718763588,0.02487733718763588,0.5051092499641111,720
AAC_L,ESM2_PC20,20,-0.14383993580803422,0.14383993580803422,0.00010746746211186568,720
AAC_L,ESM2_PC21,21,0.0619140457003451,0.0619140457003451,0.09690751980682608,720
AAC_L,ESM2_PC22,22,0.021357539921235947,0.021357539921235947,0.5672186886095093,720
AAC_L,ESM2_PC23,23,0.0035636448860069596,0.0035636448860069596,0.9239520137328859,720
AAC_L,ESM2_PC24,24,-0.0435856602502586,0.0435856602502586,0.2427869803076042,720
AAC_L,ESM2_PC25,25,0.1031825724583941,0.1031825724583941,0.005583837096182816,720
AAC_L,ESM2_PC26,26,-0.08035207433575355,0.08035207433575355,0.031098274855217097,720
AAC_L,ESM2_PC27,27,0.008783876977071888,0.008783876977071888,0.8139827484419421,720
AAC_L,ESM2_PC28,28,-0.018252130819144223,0.018252130819144223,0.6248800392614394,720
AAC_L,ESM2_PC29,29,0.01454027293343071,0.01454027293343071,0.6969069332518119,720
AAC_L,ESM2_PC30,30,0.014546146100827615,0.014546146100827615,0.6967905646747383,720
AAC_L,ESM2_PC31,31,0.0754061754801676,0.0754061754801676,0.04310151908795189,720
AAC_L,ESM2_PC32,32,0.08128515168099115,0.08128515168099115,0.029188616049660034,720
AAC_L,ESM2_PC33,33,0.018388050394491227,0.018388050394491227,0.6223040626677585,720
AAC_L,ESM2_PC34,34,-0.07025199640873088,0.07025199640873088,0.059549841525636256,720
AAC_L,ESM2_PC35,35,0.04682401211682493,0.04682401211682493,0.20950583070235565,720
AAC_L,ESM2_PC36,36,0.015268207782385732,0.015268207782385732,0.6825389182893242,720
AAC_L,ESM2_PC37,37,-0.096625591376924,0.096625591376924,0.009478249489102484,720
AAC_L,ESM2_PC38,38,0.018933225146750228,0.018933225146750228,0.6120183539009796,720
AAC_L,ESM2_PC39,39,-0.02026810759628403,0.02026810759628403,0.5871564956408798,720
AAC_L,ESM2_PC40,40,-0.03059453578569645,0.03059453578569645,0.4123854092259096,720
AAC_L,ESM2_PC41,41,0.050780435129293394,0.050780435129293394,0.1734843704181655,720
AAC_L,ESM2_PC42,42,-0.04217260835630243,0.04217260835630243,0.25841450878421834,720
AAC_L,ESM2_PC43,43,-0.05386140220049225,0.05386140220049225,0.1487980305260823,720
AAC_L,ESM2_PC44,44,0.056269980104528175,0.056269980104528175,0.13143839952446168,720
AAC_L,ESM2_PC45,45,0.07683251843239733,0.07683251843239733,0.03929368035666347,720
AAC_L,ESM2_PC46,46,-0.04371469293342513,0.04371469293342513,0.2413937232016375,720
AAC_L,ESM2_PC47,47,-0.06888710448742934,0.06888710448742934,0.06468653577813943,720
AAC_L,ESM2_PC48,48,-0.030224992874909273,0.030224992874909273,0.41805655077096476,720
AAC_L,ESM2_PC49,49,0.034925634696348296,0.034925634696348296,0.34937085346035524,720
AAC_L,ESM2_PC50,50,0.029962019793354156,0.029962019793354156,0.42212000078313033,720
AAC_L,ESM2_PC51,51,0.0015054456670877553,0.0015054456670877553,0.9678338776671981,720
AAC_L,ESM2_PC52,52,0.03324252973822155,0.03324252973822155,0.3730971021461024,720
AAC_M,ESM2_PC01,1,0.17681197638642324,0.17681197638642324,1.8079962688530068e-06,720
AAC_M,ESM2_PC02,2,-0.2298321697736729,0.2298321697736729,4.3743164703418374e-10,720
AAC_M,ESM2_PC03,3,-0.004234085240768818,0.004234085240768818,0.9097011233325485,720
AAC_M,ESM2_PC04,4,0.04041715326581923,0.04041715326581923,0.2787798975852267,720
AAC_M,ESM2_PC05,5,0.043789704044498175,0.043789704044498175,0.24058636168036912,720
AAC_M,ESM2_PC06,6,-0.04871719898343038,0.04871719898343038,0.19164653651478147,720
AAC_M,ESM2_PC07,7,0.09260801777893213,0.09260801777893213,0.012920235251491786,720
AAC_M,ESM2_PC08,8,-0.003317075603899397,0.003317075603899397,0.9291994721126005,720
AAC_M,ESM2_PC09,9,-0.012835396141777368,0.012835396141777368,0.7309774684575455,720
AAC_M,ESM2_PC10,10,-0.13831522373856714,0.13831522373856714,0.00019698938861279644,720
AAC_M,ESM2_PC11,11,-0.038517323442395966,0.038517323442395966,0.3020180110615355,720
AAC_M,ESM2_PC12,12,-0.18512637568078816,0.18512637568078816,5.670021301410267e-07,720
AAC_M,ESM2_PC13,13,0.41638304798752995,0.41638304798752995,1.4628427962753047e-31,720
AAC_M,ESM2_PC14,14,0.1300038430933524,0.1300038430933524,0.00047024018352206687,720
AAC_M,ESM2_PC15,15,0.24470409456595194,0.24470409456595194,2.8110476601243993e-11,720
AAC_M,ESM2_PC16,16,-0.25087871141603635,0.25087871141603635,8.514895221030001e-12,720
AAC_M,ESM2_PC17,17,0.3429692607628356,0.3429692607628356,2.6487481460134953e-21,720
AAC_M,ESM2_PC18,18,-0.10614857835860997,0.10614857835860997,0.004353048022384271,720
AAC_M,ESM2_PC19,19,-0.05788721538790868,0.05788721538790868,0.1206910231297901,720
AAC_M,ESM2_PC20,20,0.11401577777556282,0.11401577777556282,0.00218365526236544,720
AAC_M,ESM2_PC21,21,0.023559137252216485,0.023559137252216485,0.5279442714388323,720
AAC_M,ESM2_PC22,22,-0.19344743199612663,0.19344743199612663,1.6840246115376206e-07,720
AAC_M,ESM2_PC23,23,0.0015069056575522676,0.0015069056575522676,0.9678026996584081,720
AAC_M,ESM2_PC24,24,-0.34510294593565394,0.34510294593565394,1.4480333164495303e-21,720
AAC_M,ESM2_PC25,25,-0.16610602731402152,0.16610602731402152,7.446490047470395e-06,720
AAC_M,ESM2_PC26,26,0.08456913519044532,0.08456913519044532,0.023246942456616196,720
AAC_M,ESM2_PC27,27,-0.07810668714523447,0.07810668714523447,0.03613698335816939,720
AAC_M,ESM2_PC28,28,-0.10616457120178965,0.10616457120178965,0.004347136212368013,720
AAC_M,ESM2_PC29,29,0.003976280608712223,0.003976280608712223,0.9151778456629841,720
AAC_M,ESM2_PC30,30,-0.10902489120447711,0.10902489120447711,0.003399479175750169,720
AAC_M,ESM2_PC31,31,0.04369288737009913,0.04369288737009913,0.24162877805614383,720
AAC_M,ESM2_PC32,32,-0.010960595117930318,0.010960595117930318,0.7690624726831169,720
AAC_M,ESM2_PC33,33,0.01749173242459794,0.01749173242459794,0.6393750362132001,720
AAC_M,ESM2_PC34,34,0.03772697712350968,0.03772697712350968,0.3120537507181265,720
AAC_M,ESM2_PC35,35,-0.08122247282666349,0.08122247282666349,0.029313664561439825,720
AAC_M,ESM2_PC36,36,0.01911260708085947,0.01911260708085947,0.6086504751021626,720
AAC_M,ESM2_PC37,37,-0.090999437620865,0.090999437620865,0.014581964014968595,720
AAC_M,ESM2_PC38,38,-0.028428598161460397,0.028428598161460397,0.44627019017909075,720
AAC_M,ESM2_PC39,39,-0.0181377633248415,0.0181377633248415,0.6270511064911571,720
AAC_M,ESM2_PC40,40,0.0027396340098427333,0.0027396340098427333,0.9415001475382905,720
AAC_M,ESM2_PC41,41,0.03396130226841999,0.03396130226841999,0.3628454407446827,720
AAC_M,ESM2_PC42,42,-0.03876171407723559,0.03876171407723559,0.2989586375964219,720
AAC_M,ESM2_PC43,43,0.07666249342400056,0.07666249342400056,0.039732077184467536,720
AAC_M,ESM2_PC44,44,0.06374707309316281,0.06374707309316281,0.08739905735999612,720
AAC_M,ESM2_PC45,45,0.024038682654959474,0.024038682654959474,0.5195768140220415,720
AAC_M,ESM2_PC46,46,0.005901599025953117,0.005901599025953117,0.874391592072983,720
AAC_M,ESM2_PC47,47,-0.0030827204781550223,0.0030827204781550223,0.9341898429753047,720
AAC_M,ESM2_PC48,48,-0.05316342928897778,0.05316342928897778,0.15414165301606234,720
AAC_M,ESM2_PC49,49,-0.015133587697752722,0.015133587697752722,0.6851876064562635,720
AAC_M,ESM2_PC50,50,0.02508431473310155,0.02508431473310155,0.5015715637084868,720
AAC_M,ESM2_PC51,51,0.02755764791294848,0.02755764791294848,0.4603293022554723,720
AAC_M,ESM2_PC52,52,0.01452983787666547,0.01452983787666547,0.6971137068248333,720
AAC_N,ESM2_PC01,1,0.31015050062480665,0.31015050062480665,1.613538357184023e-17,720
AAC_N,ESM2_PC02,2,-0.00794778868817178,0.00794778868817178,0.8314093538746217,720
AAC_N,ESM2_PC03,3,-0.08006457112011874,0.08006457112011874,0.031707842289003814,720
AAC_N,ESM2_PC04,4,0.21150636916023988,0.21150636916023988,1.0019275133435767e-08,720
AAC_N,ESM2_PC05,5,-0.04578191128125332,0.04578191128125332,0.21983516791219357,720
AAC_N,ESM2_PC06,6,-0.2548046055813535,0.2548046055813535,3.917754989057815e-12,720
AAC_N,ESM2_PC07,7,-0.04642992622034748,0.04642992622034748,0.21336999551294167,720
AAC_N,ESM2_PC08,8,-0.08423524086553806,0.08423524086553806,0.023798922184307715,720
AAC_N,ESM2_PC09,9,-0.12971228320646894,0.12971228320646894,0.00048437856370676436,720
AAC_N,ESM2_PC10,10,0.0036092971679339407,0.0036092971679339407,0.9229808026115687,720
AAC_N,ESM2_PC11,11,0.09827485436261967,0.09827485436261967,0.008320019256922467,720
AAC_N,ESM2_PC12,12,0.07715287425291426,0.07715287425291426,0.03847879840047156,720
AAC_N,ESM2_PC13,13,0.06120343220535616,0.06120343220535616,0.10080872044637715,720
AAC_N,ESM2_PC14,14,-0.06489077669608438,0.06489077669608438,0.08185706917475372,720
AAC_N,ESM2_PC15,15,0.01905365321634477,0.01905365321634477,0.6097564198518506,720
AAC_N,ESM2_PC16,16,0.034522902099627224,0.034522902099627224,0.3549592045273542,720
AAC_N,ESM2_PC17,17,-0.02884766352580022,0.02884766352580022,0.43959342773719723,720
AAC_N,ESM2_PC18,18,-0.048785167163625714,0.048785167163625714,0.19102681412322067,720
AAC_N,ESM2_PC19,19,-0.18015612897283928,0.18015612897283928,1.1413236594789263e-06,720
AAC_N,ESM2_PC20,20,0.09768148711734391,0.09768148711734391,0.008721303120643752,720
AAC_N,ESM2_PC21,21,-0.08367916734799975,0.08367916734799975,0.024743391356635933,720
AAC_N,ESM2_PC22,22,-0.0323104626274999,0.0323104626274999,0.3866545098177076,720
AAC_N,ESM2_PC23,23,0.012261569471817961,0.012261569471817961,0.7425690826708118,720
AAC_N,ESM2_PC24,24,0.053133419151669845,0.053133419151669845,0.15437462943367947,720
AAC_N,ESM2_PC25,25,0.07657764399632332,0.07657764399632332,0.039952399932694393,720
AAC_N,ESM2_PC26,26,-0.302316031696259,0.302316031696259,1.1069659426605085e-16,720
AAC_N,ESM2_PC27,27,-0.07291399049181892,0.07291399049181892,0.05050145318728453,720
AAC_N,ESM2_PC28,28,0.38561346641996175,0.38561346641996175,6.0850666304854204e-27,720
AAC_N,ESM2_PC29,29,-0.4139354668409783,0.4139354668409783,3.5527061152660867e-31,720
AAC_N,ESM2_PC30,30,-0.09840350679741708,0.09840350679741708,0.008235219641179299,720
AAC_N,ESM2_PC31,31,-0.0015855479335094606,0.0015855479335094606,0.9661233723817274,720
AAC_N,ESM2_PC32,32,0.11771397321800073,0.11771397321800073,0.0015555469980483984,720
AAC_N,ESM2_PC33,33,0.0803921295061252,0.0803921295061252,0.031014151175980262,720
AAC_N,ESM2_PC34,34,0.21566583986144117,0.21566583986144117,5.0415356986773405e-09,720
AAC_N,ESM2_PC35,35,-0.08899976952158906,0.08899976952158906,0.01690778949090235,720
AAC_N,ESM2_PC36,36,0.014816991054265042,0.014816991054265042,0.6914319259355293,720
AAC_N,ESM2_PC37,37,-0.3227659234742585,0.3227659234742585,6.418368271002614e-19,720
AAC_N,ESM2_PC38,38,0.08124161798217597,0.08124161798217597,0.029275419994354,720
AAC_N,ESM2_PC39,39,0.003004494150676189,0.003004494150676189,0.9358561830960455,720
AAC_N,ESM2_PC40,40,0.07667470237954625,0.07667470237954625,0.039700459852968294,720
AAC_N,ESM2_PC41,41,0.06483738548039776,0.06483738548039776,0.08210929710505381,720
AAC_N,ESM2_PC42,42,-0.03792854055124494,0.03792854055124494,0.30947372091621794,720
AAC_N,ESM2_PC43,43,0.037299099636707515,0.037299099636707515,0.31757737633792765,720
AAC_N,ESM2_PC44,44,-0.06555059160372047,0.06555059160372047,0.0787914796544717,720
AAC_N,ESM2_PC45,45,0.0653546356446469,0.0653546356446469,0.07969202901471083,720
AAC_N,ESM2_PC46,46,0.051113166204220746,0.051113166204220746,0.1706797926967995,720
AAC_N,ESM2_PC47,47,-0.039841574031448876,0.039841574031448876,0.2856883296296945,720
AAC_N,ESM2_PC48,48,0.01497563507577317,0.01497563507577317,0.6883002976164593,720
AAC_N,ESM2_PC49,49,-0.07096410031974945,0.07096410031974945,0.05700687498263193,720
AAC_N,ESM2_PC50,50,0.16067973459954876,0.16067973459954876,1.4764196607104645e-05,720
AAC_N,ESM2_PC51,51,-0.022842535707983162,0.022842535707983162,0.5405745222117381,720
AAC_N,ESM2_PC52,52,-0.0218711870629778,0.0218711870629778,0.557932005245204,720
AAC_P,ESM2_PC01,1,0.07642823319381815,0.07642823319381815,0.0403428792452073,720
AAC_P,ESM2_PC02,2,0.003555116540125587,0.003555116540125587,0.924133459184456,720
AAC_P,ESM2_PC03,3,-0.010274141586714818,0.010274141586714818,0.7831530526636042,720
AAC_P,ESM2_PC04,4,0.015467737663060503,0.015467737663060503,0.6786202867672596,720
AAC_P,ESM2_PC05,5,0.0021070502482704967,0.0021070502482704967,0.954991357026277,720
AAC_P,ESM2_PC06,6,0.10935783558315253,0.10935783558315253,0.0033023442493295635,720
AAC_P,ESM2_PC07,7,-0.14913008620136373,0.14913008620136373,5.891584243837997e-05,720
AAC_P,ESM2_PC08,8,-0.12158243380787623,0.12158243380787623,0.0010797986067485794,720
AAC_P,ESM2_PC09,9,0.05406343441913944,0.05406343441913944,0.14727793640094122,720
AAC_P,ESM2_PC10,10,0.05367899880435947,0.05367899880435947,0.1501806786551976,720
AAC_P,ESM2_PC11,11,-0.09635249847321048,0.09635249847321048,0.009683304654900665,720
AAC_P,ESM2_PC12,12,0.08960203156968018,0.08960203156968018,0.01617528447425985,720
AAC_P,ESM2_PC13,13,-0.03826197997737745,0.03826197997737745,0.30523663031086945,720
AAC_P,ESM2_PC14,14,-0.1385226524390121,0.1385226524390121,0.00019263524277291256,720
AAC_P,ESM2_PC15,15,-0.0651616031735188,0.0651616031735188,0.08058728854965447,720
AAC_P,ESM2_PC16,16,0.07425101728910588,0.07425101728910588,0.04640925583027637,720
AAC_P,ESM2_PC17,17,-0.11742072932951927,0.11742072932951927,0.0015985083776979571,720
AAC_P,ESM2_PC18,18,-0.11584014442117113,0.11584014442117113,0.0018494292554783209,720
AAC_P,ESM2_PC19,19,0.0731875352231034,0.0731875352231034,0.04964052171290337,720
AAC_P,ESM2_PC20,20,-0.11773569988291424,0.11773569988291424,0.0015524065608436323,720
AAC_P,ESM2_PC21,21,0.11860787703811584,0.11860787703811584,0.0014310484454536328,720
AAC_P,ESM2_PC22,22,-0.1016355584152886,0.1016355584152886,0.00634303099833732,720
AAC_P,ESM2_PC23,23,-0.24386287259381384,0.24386287259381384,3.29948321362101e-11,720
AAC_P,ESM2_PC24,24,-0.020072345598206684,0.020072345598206684,0.5907731924433952,720
AAC_P,ESM2_PC25,25,0.12168733199501053,0.12168733199501053,0.0010690056908394473,720
AAC_P,ESM2_PC26,26,0.36575378052819507,0.36575378052819507,3.2809010062362126e-24,720
AAC_P,ESM2_PC27,27,0.13549472306401883,0.13549472306401883,0.00026613091210125076,720
AAC_P,ESM2_PC28,28,-0.1246350963113883,0.1246350963113883,0.0008035280935977952,720
AAC_P,ESM2_PC29,29,-0.26976427521499724,0.26976427521499724,1.799732553583958e-13,720
AAC_P,ESM2_PC30,30,-0.4109015696359762,0.4109015696359762,1.0564123059467954e-30,720
AAC_P,ESM2_PC31,31,-0.18446793102291395,0.18446793102291395,6.227438309216176e-07,720
AAC_P,ESM2_PC32,32,-0.1617607111067074,0.1617607111067074,1.2904946497353272e-05,720
AAC_P,ESM2_PC33,33,-0.1076838804608767,0.1076838804608767,0.00381754987447049,720
AAC_P,ESM2_PC34,34,0.2410334239214149,0.2410334239214149,5.630753879902999e-11,720
AAC_P,ESM2_PC35,35,0.13594450509045622,0.13594450509045622,0.00025376242104991795,720
AAC_P,ESM2_PC36,36,0.23324499359607062,0.23324499359607062,2.3683397324710303e-10,720
AAC_P,ESM2_PC37,37,-0.14243443555348625,0.14243443555348625,0.00012564353747963425,720
AAC_P,ESM2_PC38,38,-0.21235673074873518,0.21235673074873518,8.716642708406315e-09,720
AAC_P,ESM2_PC39,39,-0.05259836277454308,0.05259836277454308,0.1585733532352972,720
AAC_P,ESM2_PC40,40,-0.0898040364777115,0.0898040364777115,0.015935906081638997,720
AAC_P,ESM2_PC41,41,-0.10923085803665379,0.10923085803665379,0.003339087759752732,720
AAC_P,ESM2_PC42,42,0.07107373378610415,0.07107373378610415,0.05662349364278843,720
AAC_P,ESM2_PC43,43,0.08786943876416917,0.08786943876416917,0.01836128966202033,720
AAC_P,ESM2_PC44,44,-0.011970324679427734,0.011970324679427734,0.7484749418224605,720
AAC_P,ESM2_PC45,45,-0.15081378596397443,0.15081378596397443,4.844849929171761e-05,720
AAC_P,ESM2_PC46,46,-0.1270718720695521,0.1270718720695521,0.0006316768917112007,720
AAC_P,ESM2_PC47,47,-0.09871012822011406,0.09871012822011406,0.008036217952612766,720
AAC_P,ESM2_PC48,48,0.05723698141517178,0.05723698141517178,0.12492662151281689,720
AAC_P,ESM2_PC49,49,0.005985905395077093,0.005985905395077093,0.8726124176372484,720
AAC_P,ESM2_PC50,50,-0.041947428428212905,0.041947428428212905,0.26096774362512454,720
AAC_P,ESM2_PC51,51,0.08258833199618867,0.08258833199618867,0.02669055637923543,720
AAC_P,ESM2_PC52,52,-0.02541654838160168,0.02541654838160168,0.4959204724062289,720
AAC_Q,ESM2_PC01,1,0.26148803534981613,0.26148803534981613,1.0134752127064544e-12,720
AAC_Q,ESM2_PC02,2,-0.20596775158484845,0.20596775158484845,2.4470773591829562e-08,720
AAC_Q,ESM2_PC03,3,0.07831101340234575,0.07831101340234575,0.03565140452558078,720
AAC_Q,ESM2_PC04,4,0.028244000145836064,0.028244000145836064,0.4492294820919301,720
AAC_Q,ESM2_PC05,5,0.06941982947746285,0.06941982947746285,0.06263983130961163,720
AAC_Q,ESM2_PC06,6,0.13186091165374395,0.13186091165374395,0.00038882713439753516,720
AAC_Q,ESM2_PC07,7,0.17818908577889406,0.17818908577889406,1.4975293039761874e-06,720
AAC_Q,ESM2_PC08,8,-0.41673080462081363,0.41673080462081363,1.2888019963039742e-31,720
AAC_Q,ESM2_PC09,9,0.05117251467024535,0.05117251467024535,0.17018312876253155,720
AAC_Q,ESM2_PC10,10,-0.2721328291021035,0.2721328291021035,1.085360380994322e-13,720
AAC_Q,ESM2_PC11,11,-0.11051038184961458,0.11051038184961458,0.0029852607292023114,720
AAC_Q,ESM2_PC12,12,0.05881201313894745,0.05881201313894745,0.11486113578363502,720
AAC_Q,ESM2_PC13,13,0.27168656454275275,0.27168656454275275,1.1943200044377588e-13,720
AAC_Q,ESM2_PC14,14,-0.29007060773946514,0.29007060773946514,2.0015616172564887e-15,720
AAC_Q,ESM2_PC15,15,-0.1391967022973324,0.1391967022973324,0.00017910130548750322,720
AAC_Q,ESM2_PC16,16,0.2702552568971016,0.2702552568971016,1.6212754974071872e-13,720
AAC_Q,ESM2_PC17,17,0.11960495915853556,0.11960495915853556,0.0013030357323125619,720
AAC_Q,ESM2_PC18,18,0.02230597335111995,0.02230597335111995,0.550129240254009,720
AAC_Q,ESM2_PC19,19,-0.05101273702616594,0.05101273702616594,0.1715227118473373,720
AAC_Q,ESM2_PC20,20,0.05893481336925489,0.05893481336925489,0.11410392386279876,720
AAC_Q,ESM2_PC21,21,-0.08450642060520697,0.08450642060520697,0.02334976534844514,720
AAC_Q,ESM2_PC22,22,0.0772642532516307,0.0772642532516307,0.03819886466826554,720
AAC_Q,ESM2_PC23,23,-0.029468850564593783,0.029468850564593783,0.42980241213552806,720
AAC_Q,ESM2_PC24,24,0.14506931428625666,0.14506931428625666,9.36278725498776e-05,720
AAC_Q,ESM2_PC25,25,-0.12562967157610846,0.12562967157610846,0.0007287319214559872,720
AAC_Q,ESM2_PC26,26,-0.046452576710054365,0.046452576710054365,0.21314651770847312,720
AAC_Q,ESM2_PC27,27,-0.02695130497695293,0.02695130497695293,0.47026125394630897,720
AAC_Q,ESM2_PC28,28,-0.1506734174263197,0.1506734174263197,4.924898358750577e-05,720
AAC_Q,ESM2_PC29,29,0.0806055851849417,0.0806055851849417,0.030569132273502934,720
AAC_Q,ESM2_PC30,30,-0.018687064298427453,0.018687064298427453,0.6166533402892217,720
AAC_Q,ESM2_PC31,31,-0.07151452953447521,0.07151452953447521,0.05510360771174847,720
AAC_Q,ESM2_PC32,32,-0.04271829812639336,0.04271829812639336,0.25229897074504554,720
AAC_Q,ESM2_PC33,33,0.05602819495556395,0.05602819495556395,0.13310691612233955,720
AAC_Q,ESM2_PC34,34,0.014561775976566388,0.014561775976566388,0.696480915292483,720
AAC_Q,ESM2_PC35,35,-0.02608876277999132,0.02608876277999132,0.4845910159822356,720
AAC_Q,ESM2_PC36,36,0.006656691635520262,0.006656691635520262,0.8584799912820814,720
AAC_Q,ESM2_PC37,37,0.03955628904158409,0.03955628904158409,0.2891549286433756,720
AAC_Q,ESM2_PC38,38,0.0656946895974912,0.0656946895974912,0.07813453839003486,720
AAC_Q,ESM2_PC39,39,0.005788866950876936,0.005788866950876936,0.876771642499511,720
AAC_Q,ESM2_PC40,40,0.09063576149546228,0.09063576149546228,0.014982742551682953,720
AAC_Q,ESM2_PC41,41,0.03284980115551759,0.03284980115551759,0.37877335048571753,720
AAC_Q,ESM2_PC42,42,0.015511813777829368,0.015511813777829368,0.6777558252061828,720
AAC_Q,ESM2_PC43,43,-0.009856241599454205,0.009856241599454205,0.7917663493739148,720
AAC_Q,ESM2_PC44,44,0.03726969381538753,0.03726969381538753,0.31795932128399407,720
AAC_Q,ESM2_PC45,45,-0.042524448436766935,0.042524448436766935,0.2544598080535163,720
AAC_Q,ESM2_PC46,46,0.07427630213593371,0.07427630213593371,0.04633463398200867,720
AAC_Q,ESM2_PC47,47,0.04627399340982808,0.04627399340982808,0.2149130650043588,720
AAC_Q,ESM2_PC48,48,-0.02588713022518051,0.02588713022518051,0.48797455088730396,720
AAC_Q,ESM2_PC49,49,-0.05207953541348695,0.05207953541348695,0.16272655819718312,720
AAC_Q,ESM2_PC50,50,-0.08170150768768118,0.08170150768768118,0.028369529824074587,720
AAC_Q,ESM2_PC51,51,-0.0337645871556513,0.0337645871556513,0.36563349097088355,720
AAC_Q,ESM2_PC52,52,-0.005009770450994041,0.005009770450994041,0.8932495467686359,720
AAC_R,ESM2_PC01,1,0.3484609960576724,0.3484609960576724,5.545039378125259e-22,720
AAC_R,ESM2_PC02,2,-0.17648855256363868,0.17648855256363868,1.8893953132725014e-06,720
AAC_R,ESM2_PC03,3,-0.17573171228548332,0.17573171228548332,2.0938342245706103e-06,720
AAC_R,ESM2_PC04,4,-0.045459640426382036,0.045459640426382036,0.22310215454985233,720
AAC_R,ESM2_PC05,5,0.21233614421148084,0.21233614421148084,8.746142857020149e-09,720
AAC_R,ESM2_PC06,6,0.2794381417628628,0.2794381417628628,2.210556333641291e-14,720
AAC_R,ESM2_PC07,7,0.0038927434447199086,0.0038927434447199086,0.9169533585783839,720
AAC_R,ESM2_PC08,8,-0.1312084538613218,0.1312084538613218,0.00041580164061009366,720
AAC_R,ESM2_PC09,9,0.4530479834980205,0.4530479834980205,9.94384578584007e-38,720
AAC_R,ESM2_PC10,10,-0.11449041170770785,0.11449041170770785,0.0020917574512977133,720
AAC_R,ESM2_PC11,11,0.04566134633657894,0.04566134633657894,0.22105334811386032,720
AAC_R,ESM2_PC12,12,0.29195852676718853,0.29195852676718853,1.2926071761592972e-15,720
AAC_R,ESM2_PC13,13,-0.27910345073587534,0.27910345073587534,2.3802155478245362e-14,720
AAC_R,ESM2_PC14,14,0.2581798682075934,0.2581798682075934,1.988734155572537e-12,720
AAC_R,ESM2_PC15,15,-0.012549790954243129,0.012549790954243129,0.7367393787407281,720
AAC_R,ESM2_PC16,16,0.08675459145329713,0.08675459145329713,0.019900626063046524,720
AAC_R,ESM2_PC17,17,-0.0076818064391569975,0.0076818064391569975,0.8369710516168268,720
AAC_R,ESM2_PC18,18,-0.004370801137980973,0.004370801137980973,0.9067984927088457,720
AAC_R,ESM2_PC19,19,-0.038738203276949906,0.038738203276949906,0.29925205404475363,720
AAC_R,ESM2_PC20,20,-0.013090931331110006,0.013090931331110006,0.7258349974362537,720
AAC_R,ESM2_PC21,21,0.12936499452338862,0.12936499452338862,0.0005017354009959268,720
AAC_R,ESM2_PC22,22,-0.11942471997550665,0.11942471997550665,0.0013253654309007272,720
AAC_R,ESM2_PC23,23,0.00026181761378810424,0.00026181761378810424,0.9944044036950275,720
AAC_R,ESM2_PC24,24,-0.06311698492052631,0.06311698492052631,0.09057898878028824,720
AAC_R,ESM2_PC25,25,-0.038396017277652766,0.038396017277652766,0.3035442614255102,720
AAC_R,ESM2_PC26,26,-0.08724144392262419,0.08724144392262419,0.01921508831198807,720
AAC_R,ESM2_PC27,27,-0.15281578380717215,0.15281578380717215,3.8290350470216136e-05,720
AAC_R,ESM2_PC28,28,-0.01139418101196679,0.01139418101196679,0.7602011538628791,720
AAC_R,ESM2_PC29,29,-0.007782195178628167,0.007782195178628167,0.8348709484579451,720
AAC_R,ESM2_PC30,30,0.013446216651380686,0.013446216651380686,0.7187056151298205,720
AAC_R,ESM2_PC31,31,-0.043381507428430645,0.043381507428430645,0.2450028704081044,720
AAC_R,ESM2_PC32,32,-0.04401381975449608,0.04401381975449608,0.2381854689040795,720
AAC_R,ESM2_PC33,33,-0.03265967945045356,0.03265967945045356,0.381540200258728,720
AAC_R,ESM2_PC34,34,0.014721205972426172,0.014721205972426172,0.6933252782334333,720
AAC_R,ESM2_PC35,35,-0.022459697359816597,0.022459697359816597,0.5473833687310399,720
AAC_R,ESM2_PC36,36,-0.012010439917612328,0.012010439917612328,0.7476606014975601,720
AAC_R,ESM2_PC37,37,-0.060895367092323544,0.060895367092323544,0.10253831459949354,720
AAC_R,ESM2_PC38,38,-0.0630624438044625,0.0630624438044625,0.09085855945094341,720
AAC_R,ESM2_PC39,39,-0.051931430851745015,0.051931430851745015,0.1639270259139436,720
AAC_R,ESM2_PC40,40,-0.06114415290741117,0.06114415290741117,0.10113972202289859,720
AAC_R,ESM2_PC41,41,-0.012981089473410508,0.012981089473410508,0.7280439942950264,720
AAC_R,ESM2_PC42,42,-0.00939165607927375,0.00939165607927375,0.8013716968065326,720
AAC_R,ESM2_PC43,43,-0.0074681997283333554,0.0074681997283333554,0.8414434835284773,720
AAC_R,ESM2_PC44,44,-0.030647954608056166,0.030647954608056166,0.4115694059373686,720
AAC_R,ESM2_PC45,45,0.029514593254752922,0.029514593254752922,0.4290864573216989,720
AAC_R,ESM2_PC46,46,0.026389291085058712,0.026389291085058712,0.47957158051980775,720
AAC_R,ESM2_PC47,47,0.020919396147352175,0.020919396147352175,0.5751982268936721,720
AAC_R,ESM2_PC48,48,0.03987907648313102,0.03987907648313102,0.28523471749431845,720
AAC_R,ESM2_PC49,49,-0.03053892301763338,0.03053892301763338,0.41323594233464195,720
AAC_R,ESM2_PC50,50,0.001209408313336475,0.001209408313336475,0.9741566852018191,720
AAC_R,ESM2_PC51,51,-0.08437238877919068,0.08437238877919068,0.023570836974083458,720
AAC_R,ESM2_PC52,52,0.0323545462984978,0.0323545462984978,0.3860066081146606,720
AAC_S,ESM2_PC01,1,0.2044053291057687,0.2044053291057687,3.13419019759056e-08,720
AAC_S,ESM2_PC02,2,0.03165127056397469,0.03165127056397469,0.39642151894516764,720
AAC_S,ESM2_PC03,3,0.004374447047256987,0.004374447047256987,0.906721102825471,720
AAC_S,ESM2_PC04,4,0.2763932046973072,0.2763932046973072,4.315839918166602e-14,720
AAC_S,ESM2_PC05,5,0.08816903748196725,0.08816903748196725,0.01796577513414843,720
AAC_S,ESM2_PC06,6,-0.05617890668006339,0.05617890668006339,0.13206497155334987,720
AAC_S,ESM2_PC07,7,-0.20822652732822272,0.20822652732822272,1.70520037134349e-08,720
AAC_S,ESM2_PC08,8,-0.1527893080796801,0.1527893080796801,3.8410428843043175e-05,720
AAC_S,ESM2_PC09,9,-0.1504068147740475,0.1504068147740475,5.080391506488444e-05,720
AAC_S,ESM2_PC10,10,-0.018421872243659227,0.018421872243659227,0.6216637786600615,720
AAC_S,ESM2_PC11,11,-0.11229014653809814,0.11229014653809814,0.0025497542021436187,720
AAC_S,ESM2_PC12,12,-0.1526402272257299,0.1526402272257299,3.9093258741442104e-05,720
AAC_S,ESM2_PC13,13,0.026945804279986715,0.026945804279986715,0.47035189318262244,720
AAC_S,ESM2_PC14,14,0.48914088386576804,0.48914088386576804,1.4010545737809424e-44,720
AAC_S,ESM2_PC15,15,-0.42297164215040095,0.42297164215040095,1.293960615651037e-32,720
AAC_S,ESM2_PC16,16,-0.09209944964968196,0.09209944964968196,0.01342656097775527,720
AAC_S,ESM2_PC17,17,-0.09443942843583081,0.09443942843583081,0.011233781231425814,720
AAC_S,ESM2_PC18,18,-0.014271674436297975,0.014271674436297975,0.702236402336773,720
AAC_S,ESM2_PC19,19,-0.032584129072327765,0.032584129072327765,0.38264311586364746,720
AAC_S,ESM2_PC20,20,-0.014346859794107566,0.014346859794107566,0.7007431052560272,720
AAC_S,ESM2_PC21,21,-0.20311903152825428,0.20311903152825428,3.836863364367331e-08,720
AAC_S,ESM2_PC22,22,0.07223179522188604,0.07223179522188604,0.05270306244293086,720
AAC_S,ESM2_PC23,23,0.2511864054969146,0.2511864054969146,8.016094430150696e-12,720
AAC_S,ESM2_PC24,24,0.0033010784763067105,0.0033010784763067105,0.9295400297205013,720
AAC_S,ESM2_PC25,25,-0.0958255714896418,0.0958255714896418,0.010090136272427924,720
AAC_S,ESM2_PC26,26,0.2266383352564912,0.2266383352564912,7.700029343630954e-10,720
AAC_S,ESM2_PC27,27,0.006647386970347634,0.006647386970347634,0.8586757277942221,720
AAC_S,ESM2_PC28,28,0.01965163654197189,0.01965163654197189,0.5985801809182305,720
AAC_S,ESM2_PC29,29,0.02137073362501731,0.02137073362501731,0.5669792260594726,720
AAC_S,ESM2_PC30,30,-0.0113812302110529,0.0113812302110529,0.7604653850630266,720
AAC_S,ESM2_PC31,31,-0.04209154668751533,0.04209154668751533,0.25933164015349186,720
AAC_S,ESM2_PC32,32,0.031478836425070524,0.031478836425070524,0.39900072861320035,720
AAC_S,ESM2_PC33,33,0.05788804127890242,0.05788804127890242,0.12068571553747405,720
AAC_S,ESM2_PC34,34,-0.029650457509308187,0.029650457509308187,0.42696402275451606,720
AAC_S,ESM2_PC35,35,-0.04703349892539017,0.04703349892539017,0.2074724378843051,720
AAC_S,ESM2_PC36,36,-0.004943717311737636,0.004943717311737636,0.8946487911279009,720
AAC_S,ESM2_PC37,37,-0.0019795473089925905,0.0019795473089925905,0.9577123155574262,720
AAC_S,ESM2_PC38,38,-0.011065808117397996,0.011065808117397996,0.7669093873507253,720
AAC_S,ESM2_PC39,39,0.06345135043207455,0.06345135043207455,0.08888013608880557,720
AAC_S,ESM2_PC40,40,-0.06239571745907257,0.06239571745907257,0.09433238816725827,720
AAC_S,ESM2_PC41,41,0.02222701508270743,0.02222701508270743,0.5515422472449379,720
AAC_S,ESM2_PC42,42,-0.01730880648266005,0.01730880648266005,0.642882919186181,720
AAC_S,ESM2_PC43,43,0.016656713521540394,0.016656713521540394,0.6554521253128622,720
AAC_S,ESM2_PC44,44,0.06983570745313707,0.06983570745313707,0.06107944941360152,720
AAC_S,ESM2_PC45,45,0.015035866559569405,0.015035866559569405,0.6871127216552231,720
AAC_S,ESM2_PC46,46,0.03178034159019183,0.03178034159019183,0.3944975081421985,720
AAC_S,ESM2_PC47,47,-0.04047799762709245,0.04047799762709245,0.27805629341684013,720
AAC_S,ESM2_PC48,48,0.042700208648491694,0.042700208648491694,0.25250007201678315,720
AAC_S,ESM2_PC49,49,1.6547567463735997e-05,1.6547567463735997e-05,0.9996463405940594,720
AAC_S,ESM2_PC50,50,-0.010897192647908541,0.010897192647908541,0.7703608046546506,720
AAC_S,ESM2_PC51,51,0.011182880035720918,0.011182880035720918,0.7645157301338232,720
AAC_S,ESM2_PC52,52,-0.01811045550992375,0.01811045550992375,0.6275699756725555,720
AAC_T,ESM2_PC01,1,0.18903156853616734,0.18903156853616734,3.2289010527761654e-07,720
AAC_T,ESM2_PC02,2,-0.06012069833414415,0.06012069833414415,0.106991777163574,720
AAC_T,ESM2_PC03,3,0.12908143422800405,0.12908143422800405,0.0005163344804180193,720
AAC_T,ESM2_PC04,4,-0.0015990047771185913,0.0015990047771185913,0.9658360297397769,720
AAC_T,ESM2_PC05,5,0.029262991795641905,0.029262991795641905,0.43303302774210567,720
AAC_T,ESM2_PC06,6,-0.2100335015758817,0.2100335015758817,1.2735216604171148e-08,720
AAC_T,ESM2_PC07,7,-0.12108936413649053,0.12108936413649053,0.0011318907651620342,720
AAC_T,ESM2_PC08,8,-0.00237666139696526,0.00237666139696526,0.9492395202066468,720
AAC_T,ESM2_PC09,9,-0.16702487079253311,0.16702487079253311,6.617080579683463e-06,720
AAC_T,ESM2_PC10,10,0.0033878259880573197,0.0033878259880573197,0.9276934463686023,720
AAC_T,ESM2_PC11,11,0.18640965432006934,0.18640965432006934,4.71841267817108e-07,720
AAC_T,ESM2_PC12,12,-0.0883795583817403,0.0883795583817403,0.017692330652740434,720
AAC_T,ESM2_PC13,13,0.18003327442580183,0.18003327442580183,1.160952066082977e-06,720
AAC_T,ESM2_PC14,14,0.026969458603484125,0.026969458603484125,0.4699621909299861,720
AAC_T,ESM2_PC15,15,-0.07721534201629247,0.07721534201629247,0.03832158191488465,720
AAC_T,ESM2_PC16,16,-0.12089392142823333,0.12089392142823333,0.0011531731874116532,720
AAC_T,ESM2_PC17,17,-0.20422525232500335,0.20422525232500335,3.224471152332378e-08,720
AAC_T,ESM2_PC18,18,-0.15360434255675012,0.15360434255675012,3.487267781342299e-05,720
AAC_T,ESM2_PC19,19,0.23858251914546133,0.23858251914546133,8.897499055566547e-11,720
AAC_T,ESM2_PC20,20,-0.2843574835768641,0.2843574835768641,7.369091826459028e-15,720
AAC_T,ESM2_PC21,21,0.2615493933681018,0.2615493933681018,1.0007926307731131e-12,720
AAC_T,ESM2_PC22,22,0.14893001617233736,0.14893001617233736,6.0292956304897465e-05,720
AAC_T,ESM2_PC23,23,-0.42279261663857937,0.42279261663857937,1.383089466166126e-32,720
AAC_T,ESM2_PC24,24,-0.17144420387019393,0.17144420387019393,3.716535955852199e-06,720
AAC_T,ESM2_PC25,25,-0.11998643852575164,0.11998643852575164,0.001256912805684067,720
AAC_T,ESM2_PC26,26,-0.2061846903082458,0.2061846903082458,2.3640571401451492e-08,720
AAC_T,ESM2_PC27,27,-0.012856757955082478,0.012856757955082478,0.7305471104269561,720
AAC_T,ESM2_PC28,28,-0.08274203139581139,0.08274203139581139,0.026408446921349565,720
AAC_T,ESM2_PC29,29,0.06945523267055415,0.06945523267055415,0.0625057293641116,720
AAC_T,ESM2_PC30,30,0.07345475776467264,0.07345475776467264,0.048811383706037687,720
AAC_T,ESM2_PC31,31,0.035149692410701885,0.035149692410701885,0.34628607727729865,720
AAC_T,ESM2_PC32,32,0.03609951302832243,0.03609951302832243,0.33340215951821905,720
AAC_T,ESM2_PC33,33,0.0012636436564548933,0.0012636436564548933,0.9729981861137186,720
AAC_T,ESM2_PC34,34,-0.11430641558571532,0.11430641558571532,0.00212695393847636,720
AAC_T,ESM2_PC35,35,0.07075187794300389,0.07075187794300389,0.05775512704680159,720
AAC_T,ESM2_PC36,36,-0.2152494096211838,0.2152494096211838,5.4037808758685024e-09,720
AAC_T,ESM2_PC37,37,0.02878115413643101,0.02878115413643101,0.44064925317173476,720
AAC_T,ESM2_PC38,38,0.04333736344944111,0.04333736344944111,0.24548386872717481,720
AAC_T,ESM2_PC39,39,-0.03269683015932977,0.03269683015932977,0.3809985735939168,720
AAC_T,ESM2_PC40,40,0.016062749786177232,0.016062749786177232,0.6669863823055777,720
AAC_T,ESM2_PC41,41,-0.02817719115772079,0.02817719115772079,0.45030322887668844,720
AAC_T,ESM2_PC42,42,-0.02257372071424367,0.02257372071424367,0.545351023938637,720
AAC_T,ESM2_PC43,43,0.04405747383106128,0.04405747383106128,0.23771978527044044,720
AAC_T,ESM2_PC44,44,0.002339404910927388,0.002339404910927388,0.9500341931616016,720
AAC_T,ESM2_PC45,45,0.015507893634037932,0.015507893634037932,0.6778326935644426,720
AAC_T,ESM2_PC46,46,-0.03785770620779444,0.03785770620779444,0.3103787993478776,720
AAC_T,ESM2_PC47,47,0.07217244190992977,0.07217244190992977,0.052898338762248774,720
AAC_T,ESM2_PC48,48,0.06305742018710299,0.06305742018710299,0.09088434465285149,720
AAC_T,ESM2_PC49,49,-0.045814524173538276,0.045814524173538276,0.21950647705505416,720
AAC_T,ESM2_PC50,50,-0.013928914877493734,0.013928914877493734,0.7090586032269934,720
AAC_T,ESM2_PC51,51,0.001412194883700756,0.001412194883700756,0.9698253421381126,720
AAC_T,ESM2_PC52,52,0.05948352275414769,0.05948352275414769,0.11076827342065237,720
AAC_V,ESM2_PC01,1,0.1728723957070773,0.1728723957070773,3.074704839950504e-06,720
AAC_V,ESM2_PC02,2,0.016731637106738702,0.016731637106738702,0.6540029108373623,720
AAC_V,ESM2_PC03,3,0.07335063799168759,0.07335063799168759,0.04913305644282394,720
AAC_V,ESM2_PC04,4,0.11271732247123062,0.11271732247123062,0.002454249318081775,720
AAC_V,ESM2_PC05,5,0.2861183969257632,0.2861183969257632,4.946794058584805e-15,720
AAC_V,ESM2_PC06,6,0.06989221517590787,0.06989221517590787,0.06086993217397311,720
AAC_V,ESM2_PC07,7,-0.2035866701545784,0.2035866701545784,3.565362869969035e-08,720
AAC_V,ESM2_PC08,8,0.41710401569110467,0.41710401569110467,1.124802646566088e-31,720
AAC_V,ESM2_PC09,9,-0.13022660245922577,0.13022660245922577,0.0004596980233627164,720
AAC_V,ESM2_PC10,10,-0.26765314123040934,0.26765314123040934,2.8129171323396955e-13,720
AAC_V,ESM2_PC11,11,0.21731028168478939,0.21731028168478939,3.827966240622444e-09,720
AAC_V,ESM2_PC12,12,-0.10065555069186008,0.10065555069186008,0.006870708700359684,720
AAC_V,ESM2_PC13,13,-0.05348940364388639,0.05348940364388639,0.15162818190554006,720
AAC_V,ESM2_PC14,14,-0.2388738186917503,0.2388738186917503,8.42880760706008e-11,720
AAC_V,ESM2_PC15,15,-0.30145703230590293,0.30145703230590293,1.3624019998855457e-16,720
AAC_V,ESM2_PC16,16,0.03152742423761963,0.03152742423761963,0.39827295107442456,720
AAC_V,ESM2_PC17,17,0.021569956523036202,0.021569956523036202,0.5633692681904456,720
AAC_V,ESM2_PC18,18,-0.12986241965348239,0.12986241965348239,0.0004770494366442937,720
AAC_V,ESM2_PC19,19,-0.1211650563780427,0.1211650563780427,0.0011237461673600042,720
AAC_V,ESM2_PC20,20,0.10379191669728176,0.10379191669728176,0.00530799313773205,720
AAC_V,ESM2_PC21,21,0.31645683032718724,0.31645683032718724,3.281738057592835e-18,720
AAC_V,ESM2_PC22,22,0.11005786331289528,0.11005786331289528,0.0031062945317555544,720
AAC_V,ESM2_PC23,23,0.16995692092578032,0.16995692092578032,4.520292182942824e-06,720
AAC_V,ESM2_PC24,24,-0.04936245308925966,0.04936245308925966,0.18582246028452357,720
AAC_V,ESM2_PC25,25,0.02763505211367197,0.02763505211367197,0.4590698976029777,720
AAC_V,ESM2_PC26,26,0.10810993932493732,0.10810993932493732,0.0036799266822599807,720
AAC_V,ESM2_PC27,27,-0.010070640789434265,0.010070640789434265,0.7873441469456622,720
AAC_V,ESM2_PC28,28,0.04467825195138137,0.04467825195138137,0.23116694718009045,720
AAC_V,ESM2_PC29,29,0.005158812924813367,0.005158812924813367,0.8900935126610726,720
AAC_V,ESM2_PC30,30,-0.018865610644785744,0.018865610644785744,0.6132899415059356,720
AAC_V,ESM2_PC31,31,0.011550322613920458,0.011550322613920458,0.7570176507224997,720
AAC_V,ESM2_PC32,32,0.02550415528669729,0.02550415528669729,0.49443600175398417,720
AAC_V,ESM2_PC33,33,-0.04550668551163775,0.04550668551163775,0.2226230908916276,720
AAC_V,ESM2_PC34,34,0.09628993051237159,0.09628993051237159,0.00973083657748407,720
AAC_V,ESM2_PC35,35,-0.10341384711453613,0.10341384711453613,0.005477656780864292,720
AAC_V,ESM2_PC36,36,-0.01515429880972876,0.01515429880972876,0.6847798570382556,720
AAC_V,ESM2_PC37,37,-0.09991344798120705,0.09991344798120705,0.00729612179134784,720
AAC_V,ESM2_PC38,38,-0.007316635131388859,0.007316635131388859,0.8446200051291324,720
AAC_V,ESM2_PC39,39,-0.00290064004466698,0.00290064004466698,0.9380688660777152,720
AAC_V,ESM2_PC40,40,-0.09436613791774333,0.09436613791774333,0.01129732766308538,720
AAC_V,ESM2_PC41,41,-0.030473858581219863,0.030473858581219863,0.41423234265526154,720
AAC_V,ESM2_PC42,42,-0.02829694413512508,0.02829694413512508,0.4483796024489464,720
AAC_V,ESM2_PC43,43,0.0570091444797947,0.0570091444797947,0.1264378037771621,720
AAC_V,ESM2_PC44,44,-0.02679402898432491,0.02679402898432491,0.4728566060410225,720
AAC_V,ESM2_PC45,45,-0.03546381827620802,0.03546381827620802,0.3419905082487203,720
AAC_V,ESM2_PC46,46,0.05766308694507165,0.05766308694507165,0.12213813520580515,720
AAC_V,ESM2_PC47,47,0.06590632766623115,0.06590632766623115,0.07717775668615662,720
AAC_V,ESM2_PC48,48,-0.05256274816150377,0.05256274816150377,0.1588558628738557,720
AAC_V,ESM2_PC49,49,-0.08909308754235679,0.08909308754235679,0.016792422512223824,720
AAC_V,ESM2_PC50,50,-0.009886187802928662,0.009886187802928662,0.7911482728731163,720
AAC_V,ESM2_PC51,51,-0.06685723095803808,0.06685723095803808,0.07299578295660104,720
AAC_V,ESM2_PC52,52,-0.05607485542777849,0.05607485542777849,0.13278365279876164,720
AAC_W,ESM2_PC01,1,0.08369645947065626,0.08369645947065626,0.02471354035971968,720
AAC_W,ESM2_PC02,2,0.18564032639725497,0.18564032639725497,5.268607164527811e-07,720
AAC_W,ESM2_PC03,3,-0.30976237591670075,0.30976237591670075,1.7774944630172147e-17,720
AAC_W,ESM2_PC04,4,-0.10707923409961023,0.10707923409961023,0.0040208756738631495,720
AAC_W,ESM2_PC05,5,0.18974873122097646,0.18974873122097646,2.907971194781508e-07,720
AAC_W,ESM2_PC06,6,0.11981458836117719,0.11981458836117719,0.0012775010043457095,720
AAC_W,ESM2_PC07,7,-0.08323122563788446,0.08323122563788446,0.025527597131690005,720
AAC_W,ESM2_PC08,8,0.12415496922448305,0.12415496922448305,0.0008421250098181875,720
AAC_W,ESM2_PC09,9,0.2810750640016983,0.2810750640016983,1.5374567182702524e-14,720
AAC_W,ESM2_PC10,10,0.10784824353629494,0.10784824353629494,0.0037639146250313116,720
AAC_W,ESM2_PC11,11,-0.11784318723207075,0.11784318723207075,0.0015369555560910669,720
AAC_W,ESM2_PC12,12,-0.15613737057697835,0.15613737057697835,2.5745717779312795e-05,720
AAC_W,ESM2_PC13,13,0.3192215679689793,0.3192215679689793,1.6129437106625241e-18,720
AAC_W,ESM2_PC14,14,-0.00780972470312762,0.00780972470312762,0.834295243419375,720
AAC_W,ESM2_PC15,15,0.07498322665276831,0.07498322665276831,0.044288774406555355,720
AAC_W,ESM2_PC16,16,-0.006825316573457443,0.006825316573457443,0.8549342480557464,720
AAC_W,ESM2_PC17,17,-0.1611629769164523,0.1611629769164523,1.3903540859770482e-05,720
AAC_W,ESM2_PC18,18,0.15550215485388766,0.15550215485388766,2.7793663310742094e-05,720
AAC_W,ESM2_PC19,19,0.03925804069180956,0.03925804069180956,0.29280916684014047,720
AAC_W,ESM2_PC20,20,0.025776129044170624,0.025776129044170624,0.4898426419926489,720
AAC_W,ESM2_PC21,21,-0.012230193804061441,0.012230193804061441,0.7432045988897804,720
AAC_W,ESM2_PC22,22,0.08653661182932144,0.08653661182932144,0.02021440627094737,720
AAC_W,ESM2_PC23,23,0.04810498177305129,0.04810498177305129,0.1972952573625715,720
AAC_W,ESM2_PC24,24,0.2662943300655713,0.2662943300655713,3.741870184128371e-13,720
AAC_W,ESM2_PC25,25,0.09425387937255209,0.09425387937255209,0.01139527887365117,720
AAC_W,ESM2_PC26,26,-0.03936673339734464,0.03936673339734464,0.2914738605722847,720
AAC_W,ESM2_PC27,27,0.1717159106807376,0.1717159106807376,3.585306126078109e-06,720
AAC_W,ESM2_PC28,28,-0.00411994060614855,0.00411994060614855,0.9121254642765719,720
AAC_W,ESM2_PC29,29,-0.06450469868513763,0.06450469868513763,0.08369516086740247,720
AAC_W,ESM2_PC30,30,0.18925581151037968,0.18925581151037968,3.125053620502202e-07,720
AAC_W,ESM2_PC31,31,-0.011617686482304029,0.011617686482304029,0.7556454638908712,720
AAC_W,ESM2_PC32,32,0.06942539349220538,0.06942539349220538,0.06261873995147947,720
AAC_W,ESM2_PC33,33,-0.04498060055291908,0.04498060055291908,0.2280222003885393,720
AAC_W,ESM2_PC34,34,-0.005711494055003558,0.005711494055003558,0.878405819006665,720
AAC_W,ESM2_PC35,35,-0.0011722063950708977,0.0011722063950708977,0.9749513718432794,720
AAC_W,ESM2_PC36,36,-0.045509131651119424,0.045509131651119424,0.22259820178166145,720
AAC_W,ESM2_PC37,37,-0.05867171575112898,0.05867171575112898,0.11573106086062351,720
AAC_W,ESM2_PC38,38,-0.06722082002015174,0.06722082002015174,0.07144646927882406,720
AAC_W,ESM2_PC39,39,0.006413830941771781,0.006413830941771781,0.8635917109733168,720
AAC_W,ESM2_PC40,40,0.03730808757299347,0.03730808757299347,0.317460694165187,720
AAC_W,ESM2_PC41,41,0.07653901917609941,0.07653901917609941,0.04005303646141954,720
AAC_W,ESM2_PC42,42,-0.06061487557584912,0.06061487557584912,0.10413351330275476,720
AAC_W,ESM2_PC43,43,0.09117143285779832,0.09117143285779832,0.014395728968678387,720
AAC_W,ESM2_PC44,44,0.12661307355921164,0.12661307355921164,0.0006611674319256898,720
AAC_W,ESM2_PC45,45,-0.03780664699944348,0.03780664699944348,0.31103228342560435,720
AAC_W,ESM2_PC46,46,0.010800824911107045,0.010800824911107045,0.7723354162925545,720
AAC_W,ESM2_PC47,47,0.05672011771518902,0.05672011771518902,0.12837523499666792,720
AAC_W,ESM2_PC48,48,-0.041249608077603306,0.041249608077603306,0.26899042056847433,720
AAC_W,ESM2_PC49,49,-0.07269933399524856,0.07269933399524856,0.05118575610569689,720
AAC_W,ESM2_PC50,50,-0.04848837563827103,0.04848837563827103,0.19374375563318763,720
AAC_W,ESM2_PC51,51,-0.023038516973746082,0.023038516973746082,0.5371053886350575,720
AAC_W,ESM2_PC52,52,0.041806401842749974,0.041806401842749974,0.26257563141153406,720
AAC_Y,ESM2_PC01,1,0.2979848748896117,0.2979848748896117,3.1313286568552116e-16,720
AAC_Y,ESM2_PC02,2,-0.14089469638463534,0.14089469638463534,0.00014885683667498296,720
AAC_Y,ESM2_PC03,3,-0.12381976212090366,0.12381976212090366,0.00087008155201452,720
AAC_Y,ESM2_PC04,4,0.25765885424816776,0.25765885424816776,2.209578055405651e-12,720
AAC_Y,ESM2_PC05,5,-0.07804559477583013,0.07804559477583013,0.036283256752832525,720
AAC_Y,ESM2_PC06,6,-0.0683862835574002,0.0683862835574002,0.0666605809561252,720
AAC_Y,ESM2_PC07,7,0.03533524307159436,0.03533524307159436,0.34374460348191566,720
AAC_Y,ESM2_PC08,8,-0.11854781452719151,0.11854781452719151,0.0014391174115594755,720
AAC_Y,ESM2_PC09,9,0.003020523097023552,0.003020523097023552,0.9355147190025122,720
AAC_Y,ESM2_PC10,10,0.2495151679147827,0.2495151679147827,1.1115641919656198e-11,720
AAC_Y,ESM2_PC11,11,-0.021197796651510028,0.021197796651510028,0.5701218204154523,720
AAC_Y,ESM2_PC12,12,0.23833614178488693,0.23833614178488693,9.313681308603595e-11,720
AAC_Y,ESM2_PC13,13,0.14562847753017627,0.14562847753017627,8.790527211273471e-05,720
AAC_Y,ESM2_PC14,14,-0.03529306949727272,0.03529306949727272,0.344321205539403,720
AAC_Y,ESM2_PC15,15,0.1398090451733811,0.1398090451733811,0.00016758463464552117,720
AAC_Y,ESM2_PC16,16,-0.014829297540280298,0.014829297540280298,0.6911888068785065,720
AAC_Y,ESM2_PC17,17,-0.23043172199712722,0.23043172199712722,3.9300822255907436e-10,720
AAC_Y,ESM2_PC18,18,-0.0937427882056042,0.0937427882056042,0.011850804633023598,720
AAC_Y,ESM2_PC19,19,0.22927353069463358,0.22927353069463358,4.832022736643029e-10,720
AAC_Y,ESM2_PC20,20,0.184136114868538,0.184136114868538,6.527955116508498e-07,720
AAC_Y,ESM2_PC21,21,0.09321585003751318,0.09321585003751318,0.01233725412294203,720
AAC_Y,ESM2_PC22,22,0.32106398723186963,0.32106398723186963,1.0005875812516914e-18,720
AAC_Y,ESM2_PC23,23,0.28313200181967857,0.28313200181967857,9.708500834082307e-15,720
AAC_Y,ESM2_PC24,24,-0.13391732352885344,0.13391732352885344,0.0003141079798260877,720
AAC_Y,ESM2_PC25,25,0.002071849185716105,0.002071849185716105,0.9557425093914378,720
AAC_Y,ESM2_PC26,26,-0.09791235792340665,0.09791235792340665,0.008563162184514132,720
AAC_Y,ESM2_PC27,27,-0.15942814950413833,0.15942814950413833,1.723518852163131e-05,720
AAC_Y,ESM2_PC28,28,-0.060853207300538455,0.060853207300538455,0.10277683745681417,720
AAC_Y,ESM2_PC29,29,0.18758198142076252,0.18758198142076252,3.9849409527547147e-07,720
AAC_Y,ESM2_PC30,30,-0.1710632328725471,0.1710632328725471,3.908298978047284e-06,720
AAC_Y,ESM2_PC31,31,0.10872391833047337,0.10872391833047337,0.0034895127625030275,720
AAC_Y,ESM2_PC32,32,-0.11390546090622067,0.11390546090622067,0.0022055368697730263,720
AAC_Y,ESM2_PC33,33,0.14241796113035332,0.14241796113035332,0.00012587280326886304,720
AAC_Y,ESM2_PC34,34,0.094096363272664,0.094096363272664,0.011533987836914051,720
AAC_Y,ESM2_PC35,35,-0.018390977434980908,0.018390977434980908,0.6222486393592593,720
AAC_Y,ESM2_PC36,36,0.13385863550822838,0.13385863550822838,0.00031604008560321475,720
AAC_Y,ESM2_PC37,37,0.12168224100152292,0.12168224100152292,0.001069527192501764,720
AAC_Y,ESM2_PC38,38,-0.024273207131399577,0.024273207131399577,0.515509667992189,720
AAC_Y,ESM2_PC39,39,-0.021827699305490632,0.021827699305490632,0.5587153910602322,720
AAC_Y,ESM2_PC40,40,-0.1322716280865915,0.1322716280865915,0.00037269349041331147,720
AAC_Y,ESM2_PC41,41,-0.14079777047548991,0.14079777047548991,0.00015044531269652826,720
AAC_Y,ESM2_PC42,42,0.08893154736157222,0.08893154736157222,0.01699256970899733,720
AAC_Y,ESM2_PC43,43,-0.010657046154211295,0.010657046154211295,0.7752842311090506,720
AAC_Y,ESM2_PC44,44,-0.0634269143036511,0.0634269143036511,0.08900341773453439,720
AAC_Y,ESM2_PC45,45,-0.01656645909226729,0.01656645909226729,0.6571995980106448,720
AAC_Y,ESM2_PC46,46,0.014181356326377128,0.014181356326377128,0.7040317765153088,720
AAC_Y,ESM2_PC47,47,0.05787489636299145,0.05787489636299145,0.12077021304190629,720
AAC_Y,ESM2_PC48,48,-0.020705816633771613,0.020705816633771613,0.5791070709736291,720
AAC_Y,ESM2_PC49,49,0.05055099023092169,0.05055099023092169,0.17543827840833068,720
AAC_Y,ESM2_PC50,50,0.05591397949765478,0.05591397949765478,0.13390076486451338,720
AAC_Y,ESM2_PC51,51,-0.01894538823337112,0.01894538823337112,0.6117897332156481,720
AAC_Y,ESM2_PC52,52,-0.031658000637924566,0.031658000637924566,0.3963210569177562,720
molecular_weight,ESM2_PC01,1,-0.13383384989851657,0.13383384989851657,0.00031685939825160185,720
molecular_weight,ESM2_PC02,2,-0.4328177830312892,0.4328177830312892,3.1175555400161877e-34,720
molecular_weight,ESM2_PC03,3,-0.5931131263957975,0.5931131263957975,1.279589596808219e-69,720
molecular_weight,ESM2_PC04,4,0.06105604219865348,0.06105604219865348,0.1016333071410898,720
molecular_weight,ESM2_PC05,5,0.3378521055002724,0.3378521055002724,1.1060999734327943e-20,720
molecular_weight,ESM2_PC06,6,-0.2974204652210907,0.2974204652210907,3.581109055198008e-16,720
molecular_weight,ESM2_PC07,7,0.12726472872252745,0.12726472872252745,0.000619648926414,720
molecular_weight,ESM2_PC08,8,0.08188416434067043,0.08188416434067043,0.028016477784289014,720
molecular_weight,ESM2_PC09,9,0.1016472121463066,0.1016472121463066,0.006336981369777723,720
molecular_weight,ESM2_PC10,10,0.05758016335699984,0.05758016335699984,0.12267695829338233,720
molecular_weight,ESM2_PC11,11,0.10134631771518529,0.10134631771518529,0.006494851764939701,720
molecular_weight,ESM2_PC12,12,0.1058266193979413,0.1058266193979413,0.004473618728243344,720
molecular_weight,ESM2_PC13,13,0.19530164067921632,0.19530164067921632,1.2754679610323217e-07,720
molecular_weight,ESM2_PC14,14,-0.0070207521751532494,0.0070207521751532494,0.8508284053685625,720
molecular_weight,ESM2_PC15,15,-0.18077559952247435,0.18077559952247435,1.0471081838133278e-06,720
molecular_weight,ESM2_PC16,16,-0.06832200452725928,0.06832200452725928,0.06691749194710761,720
molecular_weight,ESM2_PC17,17,-0.014974762555947067,0.014974762555947067,0.6883175066160979,720
molecular_weight,ESM2_PC18,18,0.08997090713506448,0.08997090713506448,0.01574051244518647,720
molecular_weight,ESM2_PC19,19,-0.0046154292919026165,0.0046154292919026165,0.9016078884633512,720
molecular_weight,ESM2_PC20,20,-0.061434917123704164,0.061434917123704164,0.09952440529952657,720
molecular_weight,ESM2_PC21,21,-0.010725540980433764,0.010725540980433764,0.773879037682341,720
molecular_weight,ESM2_PC22,22,0.002420112010114166,0.002420112010114166,0.9483127915280496,720
molecular_weight,ESM2_PC23,23,-0.006948767707658786,0.006948767707658786,0.8523402402325384,720
molecular_weight,ESM2_PC24,24,-0.030301313429591505,0.030301313429591505,0.41688156664103293,720
molecular_weight,ESM2_PC25,25,0.0485059409168449,0.0485059409168449,0.19358217232848518,720
molecular_weight,ESM2_PC26,26,-0.003378254529216423,0.003378254529216423,0.9278971739167794,720
molecular_weight,ESM2_PC27,27,-0.0432010328854816,0.0432010328854816,0.24697351467172513,720
molecular_weight,ESM2_PC28,28,-0.017575575191140565,0.017575575191140565,0.6377699033902514,720
molecular_weight,ESM2_PC29,29,-0.006425441593482324,0.006425441593482324,0.8633471990526363,720
molecular_weight,ESM2_PC30,30,-0.018469304632696974,0.018469304632696974,0.620766313815234,720
molecular_weight,ESM2_PC31,31,-0.1483435426400192,0.1483435426400192,6.450710854387077e-05,720
molecular_weight,ESM2_PC32,32,-0.014782246704514803,0.014782246704514803,0.6921184843445681,720
molecular_weight,ESM2_PC33,33,0.0222068384938699,0.0222068384938699,0.5519036050787018,720
molecular_weight,ESM2_PC34,34,0.09873643870221892,0.09873643870221892,0.008019343890984007,720
molecular_weight,ESM2_PC35,35,-0.10989290590420787,0.10989290590420787,0.0031515141222350626,720
molecular_weight,ESM2_PC36,36,-0.06478968587645577,0.06478968587645577,0.082335168648985,720
molecular_weight,ESM2_PC37,37,-0.09671634042348756,0.09671634042348756,0.009410970025089437,720
molecular_weight,ESM2_PC38,38,-0.024773025282037255,0.024773025282037255,0.5068971210692687,720
molecular_weight,ESM2_PC39,39,0.11297320775253776,0.11297320775253776,0.002398616421464019,720
molecular_weight,ESM2_PC40,40,-0.05324913540473814,0.05324913540473814,0.153477762539617,720
molecular_weight,ESM2_PC41,41,0.008513457329820676,0.008513457329820676,0.8196095079324884,720
molecular_weight,ESM2_PC42,42,0.07090867104110504,0.07090867104110504,0.057201526371352035,720
molecular_weight,ESM2_PC43,43,-0.1349483874342007,0.1349483874342007,0.00028191293165400356,720
molecular_weight,ESM2_PC44,44,-0.13185054761042722,0.13185054761042722,0.00038924255311075743,720
molecular_weight,ESM2_PC45,45,-0.07076782068286779,0.07076782068286779,0.05769863465533704,720
molecular_weight,ESM2_PC46,46,-0.021937676384953583,0.021937676384953583,0.5567353024067747,720
molecular_weight,ESM2_PC47,47,0.06506593712118386,0.06506593712118386,0.08103398665886766,720
molecular_weight,ESM2_PC48,48,0.030126785657463906,0.030126785657463906,0.4195713484512997,720
molecular_weight,ESM2_PC49,49,-0.04200578208242594,0.04200578208242594,0.2603044271760165,720
molecular_weight,ESM2_PC50,50,0.026643624778343762,0.026643624778343762,0.4753459023774714,720
molecular_weight,ESM2_PC51,51,-0.017503365671715572,0.017503365671715572,0.6391522218896402,720
molecular_weight,ESM2_PC52,52,0.05054166422961035,0.05054166422961035,0.17551804188930586,720
net_charge_pH7_4,ESM2_PC01,1,-0.33798704858597295,0.33798704858597295,1.0655476032194788e-20,720
net_charge_pH7_4,ESM2_PC02,2,0.3811787607114981,0.3811787607114981,2.574785253731748e-26,720
net_charge_pH7_4,ESM2_PC03,3,-0.30674206643268176,0.30674206643268176,3.756144364823432e-17,720
net_charge_pH7_4,ESM2_PC04,4,-0.24383553387232468,0.24383553387232468,3.3166737782349766e-11,720
net_charge_pH7_4,ESM2_PC05,5,0.07430347538794953,0.07430347538794953,0.046254551388565754,720
net_charge_pH7_4,ESM2_PC06,6,0.05420635997982164,0.05420635997982164,0.14620973738029616,720
net_charge_pH7_4,ESM2_PC07,7,-0.08586204277554857,0.08586204277554857,0.021212893084470396,720
net_charge_pH7_4,ESM2_PC08,8,-0.24900777700289664,0.24900777700289664,1.2269659807992244e-11,720
net_charge_pH7_4,ESM2_PC09,9,0.4304144822560972,0.4304144822560972,7.82900639738156e-34,720
net_charge_pH7_4,ESM2_PC10,10,-0.04895844877644772,0.04895844877644772,0.1894535232464877,720
net_charge_pH7_4,ESM2_PC11,11,0.33548366837839083,0.33548366837839083,2.1242454833801778e-20,720
net_charge_pH7_4,ESM2_PC12,12,0.0012020404664745477,0.0012020404664745477,0.9743140710315769,720
net_charge_pH7_4,ESM2_PC13,13,-0.023546756454746225,0.023546756454746225,0.5281612046293157,720
net_charge_pH7_4,ESM2_PC14,14,0.07744991364699229,0.07744991364699229,0.03773607723697878,720
net_charge_pH7_4,ESM2_PC15,15,-0.11290911071784618,0.11290911071784618,0.002412442782836251,720
net_charge_pH7_4,ESM2_PC16,16,-0.0293854637795448,0.0293854637795448,0.4311093444008251,720
net_charge_pH7_4,ESM2_PC17,17,0.034269309793892484,0.034269309793892484,0.3585067992485831,720
net_charge_pH7_4,ESM2_PC18,18,-0.08137764445038376,0.08137764445038376,0.02900492364422421,720
net_charge_pH7_4,ESM2_PC19,19,-0.018064815975007024,0.018064815975007024,0.6284375716714276,720
net_charge_pH7_4,ESM2_PC20,20,0.0700931990040253,0.0700931990040253,0.06012954137310223,720
net_charge_pH7_4,ESM2_PC21,21,0.05514662460233879,0.05514662460233879,0.13932930977823435,720
net_charge_pH7_4,ESM2_PC22,22,-0.09255806438174292,0.09255806438174292,0.012969210699900873,720
net_charge_pH7_4,ESM2_PC23,23,0.007769006774505664,0.007769006774505664,0.835146779326213,720
net_charge_pH7_4,ESM2_PC24,24,0.02189209005714512,0.02189209005714512,0.5575556498080191,720
net_charge_pH7_4,ESM2_PC25,25,0.057076377480030735,0.057076377480030735,0.12599039508052556,720
net_charge_pH7_4,ESM2_PC26,26,-0.03760990972349025,0.03760990972349025,0.3135586992803787,720
net_charge_pH7_4,ESM2_PC27,27,-0.10476436783422627,0.10476436783422627,0.004893140630166582,720
net_charge_pH7_4,ESM2_PC28,28,0.03064777184851237,0.03064777184851237,0.41157219606375567,720
net_charge_pH7_4,ESM2_PC29,29,0.012875548733728193,0.012875548733728193,0.7301686187773962,720
net_charge_pH7_4,ESM2_PC30,30,0.031126118815645552,0.031126118815645552,0.4043078527587046,720
net_charge_pH7_4,ESM2_PC31,31,-0.026587079364614165,0.026587079364614165,0.47628362151337444,720
net_charge_pH7_4,ESM2_PC32,32,-0.04372741700295312,0.04372741700295312,0.24125663729033536,720
net_charge_pH7_4,ESM2_PC33,33,0.026242256725650365,0.026242256725650365,0.48202381074127515,720
net_charge_pH7_4,ESM2_PC34,34,-0.02218322003344509,0.02218322003344509,0.5523267533702105,720
net_charge_pH7_4,ESM2_PC35,35,0.004934677211755771,0.004934677211755771,0.894840318688572,720
net_charge_pH7_4,ESM2_PC36,36,0.06338558685598046,0.06338558685598046,0.08921222987080855,720
net_charge_pH7_4,ESM2_PC37,37,0.02248978263134904,0.02248978263134904,0.546846767901327,720
net_charge_pH7_4,ESM2_PC38,38,0.0002512623704897047,0.0002512623704897047,0.9946299881044016,720
net_charge_pH7_4,ESM2_PC39,39,-0.008926292638328686,0.008926292638328686,0.8110232595531603,720
net_charge_pH7_4,ESM2_PC40,40,0.03573814170634574,0.03573814170634574,0.33826717269819684,720
net_charge_pH7_4,ESM2_PC41,41,-0.009080940367318512,0.009080940367318512,0.8078126313505681,720
net_charge_pH7_4,ESM2_PC42,42,-0.022951861043208028,0.022951861043208028,0.5386379377423391,720
net_charge_pH7_4,ESM2_PC43,43,-0.06081324212060554,0.06081324212060554,0.10300335050198722,720
net_charge_pH7_4,ESM2_PC44,44,-0.0017839146035343912,0.0017839146035343912,0.9618881329659495,720
net_charge_pH7_4,ESM2_PC45,45,0.016872436972682467,0.016872436972682467,0.6512830022024773,720
net_charge_pH7_4,ESM2_PC46,46,-0.026871939838387524,0.026871939838387524,0.47156994686790554,720
net_charge_pH7_4,ESM2_PC47,47,-0.05284439897197591,0.05284439897197591,0.15663205260657942,720
net_charge_pH7_4,ESM2_PC48,48,0.02193525317069374,0.02193525317069374,0.5567788945096279,720
net_charge_pH7_4,ESM2_PC49,49,-0.034474804795937904,0.034474804795937904,0.35563035033812407,720
net_charge_pH7_4,ESM2_PC50,50,0.02773835293627064,0.02773835293627064,0.45739214733121897,720
net_charge_pH7_4,ESM2_PC51,51,0.008202679517224842,0.008202679517224842,0.8260874680485194,720
net_charge_pH7_4,ESM2_PC52,52,0.05498303881333665,0.05498303881333665,0.14050814263862094,720
isoelectric_point,ESM2_PC01,1,-0.3001476652777826,0.3001476652777826,1.867129699718639e-16,720
isoelectric_point,ESM2_PC02,2,0.34730092717344974,0.34730092717344974,7.735508321687238e-22,720
isoelectric_point,ESM2_PC03,3,-0.3380211511830078,0.3380211511830078,1.0555337226647978e-20,720
isoelectric_point,ESM2_PC04,4,-0.21994627297792957,0.21994627297792957,2.4506161379022763e-09,720
isoelectric_point,ESM2_PC05,5,0.10089991975668282,0.10089991975668282,0.00673557096434074,720
isoelectric_point,ESM2_PC06,6,0.09154003852917339,0.09154003852917339,0.014003641975776181,720
isoelectric_point,ESM2_PC07,7,-0.08650392632631339,0.08650392632631339,0.02026182632183701,720
isoelectric_point,ESM2_PC08,8,-0.2361585211871493,0.2361585211871493,1.3919961777429182e-10,720
isoelectric_point,ESM2_PC09,9,0.46564579267422934,0.46564579267422934,4.996130283435772e-40,720
isoelectric_point,ESM2_PC10,10,-0.06829271392279987,0.06829271392279987,0.06703483039505931,720
isoelectric_point,ESM2_PC11,11,0.343898681977189,0.343898681977189,2.0372761708516187e-21,720
isoelectric_point,ESM2_PC12,12,0.026155027312157995,0.026155027312157995,0.4834818273437052,720
isoelectric_point,ESM2_PC13,13,-0.051164892284250876,0.051164892284250876,0.1702468569458106,720
isoelectric_point,ESM2_PC14,14,0.09157828190474988,0.09157828190474988,0.0139635059997525,720
isoelectric_point,ESM2_PC15,15,-0.11357193784010178,0.11357193784010178,0.0022729172774347078,720
isoelectric_point,ESM2_PC16,16,-0.017714370164211582,0.017714370164211582,0.6351164592810216,720
isoelectric_point,ESM2_PC17,17,0.02423345046995595,0.02423345046995595,0.5161979691621658,720
isoelectric_point,ESM2_PC18,18,-0.05714665155492964,0.05714665155492964,0.1255240656554994,720
isoelectric_point,ESM2_PC19,19,-0.016883051169131795,0.016883051169131795,0.6510781489557032,720
isoelectric_point,ESM2_PC20,20,0.04332337599294953,0.04332337599294953,0.24563641560280647,720
isoelectric_point,ESM2_PC21,21,0.08193953602942876,0.08193953602942876,0.027910200642035598,720
isoelectric_point,ESM2_PC22,22,-0.12099194072776152,0.12099194072776152,0.001142453821792548,720
isoelectric_point,ESM2_PC23,23,0.004488595078595314,0.004488595078595314,0.904298590632032,720
isoelectric_point,ESM2_PC24,24,0.002011299210722327,0.002011299210722327,0.9570346713538689,720
isoelectric_point,ESM2_PC25,25,0.0773042234086197,0.0773042234086197,0.03809882812154862,720
isoelectric_point,ESM2_PC26,26,-0.023974752850307767,0.023974752850307767,0.5206883497964943,720
isoelectric_point,ESM2_PC27,27,-0.08602041619733648,0.08602041619733648,0.020974697831771822,720
isoelectric_point,ESM2_PC28,28,0.08172170317737512,0.08172170317737512,0.02833030736148148,720
isoelectric_point,ESM2_PC29,29,0.021934168026917326,0.021934168026917326,0.5567984161028303,720
isoelectric_point,ESM2_PC30,30,0.056665650242853464,0.056665650242853464,0.12874291176136166,720
isoelectric_point,ESM2_PC31,31,-0.03238924432455236,0.03238924432455236,0.3854971136732646,720
isoelectric_point,ESM2_PC32,32,-0.06127918761953697,0.06127918761953697,0.10038697455430623,720
isoelectric_point,ESM2_PC33,33,0.005135548195790813,0.005135548195790813,0.8905860394620931,720
isoelectric_point,ESM2_PC34,34,-0.014212495989104628,0.014212495989104628,0.7034125851299073,720
isoelectric_point,ESM2_PC35,35,0.01328658173113969,0.01328658173113969,0.7219059726893845,720
isoelectric_point,ESM2_PC36,36,0.036536672468967864,0.036536672468967864,0.327577371866354,720
isoelectric_point,ESM2_PC37,37,0.028910882266809927,0.028910882266809927,0.4385911855374564,720
isoelectric_point,ESM2_PC38,38,-0.02534554788984224,0.02534554788984224,0.4971252917432868,720
isoelectric_point,ESM2_PC39,39,-0.002870070452273545,0.002870070452273545,0.9387202639042982,720
isoelectric_point,ESM2_PC40,40,0.055701685595227486,0.055701685595227486,0.13538600615908825,720
isoelectric_point,ESM2_PC41,41,0.014162737787240184,0.014162737787240184,0.7044020873058621,720
isoelectric_point,ESM2_PC42,42,-0.012368901538900216,0.012368901538900216,0.7403963907406584,720
isoelectric_point,ESM2_PC43,43,-0.08506867399102175,0.08506867399102175,0.022441845809533026,720
isoelectric_point,ESM2_PC44,44,-0.02457942596986215,0.02457942596986215,0.5102241230398753,720
isoelectric_point,ESM2_PC45,45,0.004119461268836234,0.004119461268836234,0.9121356467556888,720
isoelectric_point,ESM2_PC46,46,-0.03208360288097325,0.03208360288097325,0.38999914869484453,720
isoelectric_point,ESM2_PC47,47,-0.0427083137982806,0.0427083137982806,0.2524099530414005,720
isoelectric_point,ESM2_PC48,48,0.021748917630253935,0.021748917630253935,0.560135915931922,720
isoelectric_point,ESM2_PC49,49,-0.01898791638452359,0.01898791638452359,0.6109906592347244,720
isoelectric_point,ESM2_PC50,50,0.02276592124030686,0.02276592124030686,0.5419337348716239,720
isoelectric_point,ESM2_PC51,51,0.0009985734551283402,0.0009985734551283402,0.97866073737243,720
isoelectric_point,ESM2_PC52,52,0.03819389077133548,0.03819389077133548,0.30609871975962166,720
aromaticity,ESM2_PC01,1,0.16147812149717702,0.16147812149717702,1.3368226090759117e-05,720
aromaticity,ESM2_PC02,2,0.30111084249932524,0.30111084249932524,1.48101886309919e-16,720
aromaticity,ESM2_PC03,3,-0.3378208020257472,0.3378208020257472,1.1157226089828853e-20,720
aromaticity,ESM2_PC04,4,0.2188252583370857,0.2188252583370857,2.9644690900190467e-09,720
aromaticity,ESM2_PC05,5,-0.06570765469187868,0.06570765469187868,0.07807564950394524,720
aromaticity,ESM2_PC06,6,0.08261853606104154,0.08261853606104154,0.026634913799299855,720
aromaticity,ESM2_PC07,7,-0.13202802025553156,0.13202802025553156,0.00038218579067892603,720
aromaticity,ESM2_PC08,8,0.05225389402453284,0.05225389402453284,0.1613217821955713,720
aromaticity,ESM2_PC09,9,0.10975372053688724,0.10975372053688724,0.00319013373890114,720
aromaticity,ESM2_PC10,10,0.5111033324136296,0.5111033324136296,3.622961454295022e-49,720
aromaticity,ESM2_PC11,11,-0.12137270440588727,0.12137270440588727,0.0011016797361033475,720
aromaticity,ESM2_PC12,12,0.09417595359550517,0.09417595359550517,0.011463714673377598,720
aromaticity,ESM2_PC13,13,0.1791451587801381,0.1791451587801381,1.3128012035920955e-06,720
aromaticity,ESM2_PC14,14,-0.020993619931126514,0.020993619931126514,0.5738427339031091,720
aromaticity,ESM2_PC15,15,0.034577676646091925,0.034577676646091925,0.3541958573774517,720
aromaticity,ESM2_PC16,16,0.06097032208087232,0.06097032208087232,0.10211533534513619,720
aromaticity,ESM2_PC17,17,0.0799894470645216,0.0799894470645216,0.03186879588327382,720
aromaticity,ESM2_PC18,18,0.2689532261730619,0.2689532261730619,2.1375714773613895e-13,720
aromaticity,ESM2_PC19,19,0.13575328364078562,0.13575328364078562,0.00025895356430580984,720
aromaticity,ESM2_PC20,20,0.21818954075853766,0.21818954075853766,3.300899570540931e-09,720
aromaticity,ESM2_PC21,21,0.09072531865534528,0.09072531865534528,0.014883160346613224,720
aromaticity,ESM2_PC22,22,0.24059595963690916,0.24059595963690916,6.112144069946682e-11,720
aromaticity,ESM2_PC23,23,-0.021138629945490643,0.021138629945490643,0.571198891653827,720
aromaticity,ESM2_PC24,24,0.02643435114095878,0.02643435114095878,0.4788214336122338,720
aromaticity,ESM2_PC25,25,-0.07154482404956981,0.07154482404956981,0.05500040915135676,720
aromaticity,ESM2_PC26,26,-0.15104369261979125,0.15104369261979125,4.7163935265011984e-05,720
aromaticity,ESM2_PC27,27,-0.017623605267087852,0.017623605267087852,0.636851151146804,720
aromaticity,ESM2_PC28,28,-0.02033712210129887,0.02033712210129887,0.5858838983625105,720
aromaticity,ESM2_PC29,29,0.05545308469746254,0.05545308469746254,0.13714136422617312,720
aromaticity,ESM2_PC30,30,-0.06214932706748642,0.06214932706748642,0.09564272638275437,720
aromaticity,ESM2_PC31,31,-0.07383875082552896,0.07383875082552896,0.047640269057874676,720
aromaticity,ESM2_PC32,32,-0.11423512370220397,0.11423512370220397,0.0021407363674570547,720
aromaticity,ESM2_PC33,33,0.0024011354481275455,0.0024011354481275455,0.9487175212485928,720
aromaticity,ESM2_PC34,34,0.04427064744268864,0.04427064744268864,0.23545495606114972,720
aromaticity,ESM2_PC35,35,-0.06119225774593607,0.06119225774593607,0.10087105001449369,720
aromaticity,ESM2_PC36,36,0.06898375488177252,0.06898375488177252,0.06431117349722415,720
aromaticity,ESM2_PC37,37,0.11172995792779473,0.11172995792779473,0.0026801367931818085,720
aromaticity,ESM2_PC38,38,0.00400347351962153,0.00400347351962153,0.9145999736335448,720
aromaticity,ESM2_PC39,39,-0.01795962257562832,0.01795962257562832,0.6304392217573138,720
aromaticity,ESM2_PC40,40,0.046404947039951884,0.046404947039951884,0.2136166446231341,720
aromaticity,ESM2_PC41,41,-0.09226625172965748,0.09226625172965748,0.013258598703283851,720
aromaticity,ESM2_PC42,42,0.03287382511104886,0.03287382511104886,0.37842460790307353,720
aromaticity,ESM2_PC43,43,-0.012487930727437705,0.012487930727437705,0.7379893323861756,720
aromaticity,ESM2_PC44,44,0.004469528736014123,0.004469528736014123,0.9047031658117071,720
aromaticity,ESM2_PC45,45,0.0007446202929403307,0.0007446202929403307,0.9840868117613549,720
aromaticity,ESM2_PC46,46,-0.03304868253602421,0.03304868253602421,0.3758922465555073,720
aromaticity,ESM2_PC47,47,0.10135690178011977,0.10135690178011977,0.006489239257057628,720
aromaticity,ESM2_PC48,48,0.024540218329835328,0.024540218329835328,0.5108992910133211,720
aromaticity,ESM2_PC49,49,0.015364527359734243,0.015364527359734243,0.6806461927872768,720
aromaticity,ESM2_PC50,50,0.030119393123697265,0.030119393123697265,0.4196855047927157,720
aromaticity,ESM2_PC51,51,-0.032364596018550525,0.032364596018550525,0.3858589991232002,720
aromaticity,ESM2_PC52,52,0.03492998902745257,0.03492998902745257,0.3493107386164357,720
instability_index,ESM2_PC01,1,0.3716792490551955,0.3716792490551955,5.256164818038144e-25,720
instability_index,ESM2_PC02,2,-0.23531438842195868,0.23531438842195868,1.6248942237486715e-10,720
instability_index,ESM2_PC03,3,-0.09910310985121168,0.09910310985121168,0.0077874546264635304,720
instability_index,ESM2_PC04,4,0.16510433408711922,0.16510433408711922,8.463440647869618e-06,720
instability_index,ESM2_PC05,5,0.020875039829242888,0.020875039829242888,0.5760089932050341,720
instability_index,ESM2_PC06,6,0.07411905058098106,0.07411905058098106,0.04680036272500918,720
instability_index,ESM2_PC07,7,0.09036958886772277,0.09036958886772277,0.015282176289114031,720
instability_index,ESM2_PC08,8,-0.14247025398469176,0.14247025398469176,0.0001251464260848761,720
instability_index,ESM2_PC09,9,-0.015592598132288747,0.015592598132288747,0.6761725069839898,720
instability_index,ESM2_PC10,10,-0.20897233192805098,0.20897233192805098,1.5121353445870497e-08,720
instability_index,ESM2_PC11,11,-0.12720611956214276,0.12720611956214276,0.000623281543219356,720
instability_index,ESM2_PC12,12,0.08184711863768039,0.08184711863768039,0.0280877753074293,720
instability_index,ESM2_PC13,13,-0.06557140665302588,0.06557140665302588,0.07869630787777057,720
instability_index,ESM2_PC14,14,0.11134350699572793,0.11134350699572793,0.0027735958031161944,720
instability_index,ESM2_PC15,15,0.012291098193824665,0.012291098193824665,0.7419711363573888,720
instability_index,ESM2_PC16,16,0.1597233034442524,0.1597233034442524,1.6619306118752564e-05,720
instability_index,ESM2_PC17,17,-0.06842121071814895,0.06842121071814895,0.06652132399641221,720
instability_index,ESM2_PC18,18,0.02002574099027263,0.02002574099027263,0.5916357160552153,720
instability_index,ESM2_PC19,19,0.08727282214548955,0.08727282214548955,0.019171619797416058,720
instability_index,ESM2_PC20,20,-0.007569566995766845,0.007569566995766845,0.839320440821933,720
instability_index,ESM2_PC21,21,-0.040080722693510394,0.040080722693510394,0.28280403376187413,720
instability_index,ESM2_PC22,22,-0.06059871718153911,0.06059871718153911,0.10422600455820777,720
instability_index,ESM2_PC23,23,-0.014893441271930005,0.014893441271930005,0.6899221392820385,720
instability_index,ESM2_PC24,24,0.012816804096022996,0.012816804096022996,0.7313520951577447,720
instability_index,ESM2_PC25,25,-0.005340328342026952,0.005340328342026952,0.8862522017310414,720
instability_index,ESM2_PC26,26,0.15452106071210475,0.15452106071210475,3.126304801519263e-05,720
instability_index,ESM2_PC27,27,0.03515217560674175,0.03515217560674175,0.3462519864744676,720
instability_index,ESM2_PC28,28,0.01245408422392554,0.01245408422392554,0.7386735310123673,720
instability_index,ESM2_PC29,29,-0.05303549987330455,0.05303549987330455,0.15513665892967782,720
instability_index,ESM2_PC30,30,-0.09386058277234023,0.09386058277234023,0.011744411053784572,720
instability_index,ESM2_PC31,31,-0.06092025249804741,0.06092025249804741,0.1023977295444237,720
instability_index,ESM2_PC32,32,-0.008848538741193979,0.008848538741193979,0.8126387043033408,720
instability_index,ESM2_PC33,33,0.04146151449167043,0.04146151449167043,0.26653651786858185,720
instability_index,ESM2_PC34,34,0.04863592194587108,0.04863592194587108,0.19238954280028198,720
instability_index,ESM2_PC35,35,0.030688393497019798,0.030688393497019798,0.4109523149428077,720
instability_index,ESM2_PC36,36,-0.0181443044617189,0.0181443044617189,0.6269268472459945,720
instability_index,ESM2_PC37,37,-0.00471995583254348,0.00471995583254348,0.8993912746953897,720
instability_index,ESM2_PC38,38,-0.0011240875951142911,0.0011240875951142911,0.9759792955160973,720
instability_index,ESM2_PC39,39,-0.018050907791940216,0.018050907791940216,0.6287020646367323,720
instability_index,ESM2_PC40,40,-0.014995598902987411,0.014995598902987411,0.6879065884028662,720
instability_index,ESM2_PC41,41,0.018828640026116207,0.018828640026116207,0.6139857186880943,720
instability_index,ESM2_PC42,42,-0.003925746561100166,0.003925746561100166,0.9162518549056589,720
instability_index,ESM2_PC43,43,-0.06236010442783686,0.06236010442783686,0.09452089051882961,720
instability_index,ESM2_PC44,44,-0.053739800784322354,0.053739800784322354,0.1497187073265289,720
instability_index,ESM2_PC45,45,-0.05851212948263846,0.05851212948263846,0.11672686216515485,720
instability_index,ESM2_PC46,46,0.031747360625821966,0.031747360625821966,0.3949886053719185,720
instability_index,ESM2_PC47,47,0.00970479812371229,0.00970479812371229,0.7948940696043538,720
instability_index,ESM2_PC48,48,0.011690144475579171,0.011690144475579171,0.7541703691926847,720
instability_index,ESM2_PC49,49,0.002052010033376727,0.002052010033376727,0.9561658726371789,720
instability_index,ESM2_PC50,50,-0.036536600390679755,0.036536600390679755,0.32757832678428594,720
instability_index,ESM2_PC51,51,0.00991735994203992,0.00991735994203992,0.7905050327744155,720
instability_index,ESM2_PC52,52,0.06278733391023068,0.06278733391023068,0.09227930969260968,720
mean_eisenberg_hydrophobicity,ESM2_PC01,1,-0.01784700604619889,0.01784700604619889,0.6325851249204885,720
mean_eisenberg_hydrophobicity,ESM2_PC02,2,0.42533246242515327,0.42533246242515327,5.355482999303316e-33,720
mean_eisenberg_hydrophobicity,ESM2_PC03,3,0.19223848202970273,0.19223848202970273,2.015591704721019e-07,720
mean_eisenberg_hydrophobicity,ESM2_PC04,4,0.1787226491341883,0.1787226491341883,1.391566371768021e-06,720
mean_eisenberg_hydrophobicity,ESM2_PC05,5,0.3812956295858515,0.3812956295858515,2.4794448261912155e-26,720
mean_eisenberg_hydrophobicity,ESM2_PC06,6,-0.008713786748835231,0.008713786748835231,0.81544024474976,720
mean_eisenberg_hydrophobicity,ESM2_PC07,7,0.009187826547377112,0.009187826547377112,0.8055954593831417,720
mean_eisenberg_hydrophobicity,ESM2_PC08,8,0.2763517637330149,0.2763517637330149,4.355068204740091e-14,720
mean_eisenberg_hydrophobicity,ESM2_PC09,9,-0.40564883950272906,0.40564883950272906,6.789366091630153e-30,720
mean_eisenberg_hydrophobicity,ESM2_PC10,10,0.2947360491778595,0.2947360491778595,6.752879133602264e-16,720
mean_eisenberg_hydrophobicity,ESM2_PC11,11,0.012529253338530102,0.012529253338530102,0.7371542868782933,720
mean_eisenberg_hydrophobicity,ESM2_PC12,12,-0.23492532462581053,0.23492532462581053,1.7446366645737786e-10,720
mean_eisenberg_hydrophobicity,ESM2_PC13,13,0.1056542102069269,0.1056542102069269,0.00453941845003107,720
mean_eisenberg_hydrophobicity,ESM2_PC14,14,-0.14387819210683644,0.14387819210683644,0.00010700919371555792,720
mean_eisenberg_hydrophobicity,ESM2_PC15,15,0.11560203721533907,0.11560203721533907,0.0018902149359214685,720
mean_eisenberg_hydrophobicity,ESM2_PC16,16,0.08435833113492977,0.08435833113492977,0.02359412828506985,720
mean_eisenberg_hydrophobicity,ESM2_PC17,17,0.0945700958642636,0.0945700958642636,0.011121271683157798,720
mean_eisenberg_hydrophobicity,ESM2_PC18,18,-0.09917007750323921,0.09917007750323921,0.007745756554567509,720
mean_eisenberg_hydrophobicity,ESM2_PC19,19,0.13309821940981773,0.13309821940981773,0.00034209910042350746,720
mean_eisenberg_hydrophobicity,ESM2_PC20,20,0.020161376078267505,0.020161376078267505,0.5891270890426145,720
mean_eisenberg_hydrophobicity,ESM2_PC21,21,-0.06848890486615367,0.06848890486615367,0.06625210363159866,720
mean_eisenberg_hydrophobicity,ESM2_PC22,22,-0.020652134022235934,0.020652134022235934,0.5800915017832864,720
mean_eisenberg_hydrophobicity,ESM2_PC23,23,-0.026382214066626858,0.026382214066626858,0.4796894548066309,720
mean_eisenberg_hydrophobicity,ESM2_PC24,24,0.050012910748560464,0.050012910748560464,0.18008464178196903,720
mean_eisenberg_hydrophobicity,ESM2_PC25,25,0.03205413425510119,0.03205413425510119,0.3904348950599851,720
mean_eisenberg_hydrophobicity,ESM2_PC26,26,0.08388887275124035,0.08388887275124035,0.024383476533245695,720
mean_eisenberg_hydrophobicity,ESM2_PC27,27,0.10043316554049478,0.10043316554049478,0.0069957965275196324,720
mean_eisenberg_hydrophobicity,ESM2_PC28,28,0.0022472080978454146,0.0022472080978454146,0.9520009432073864,720
mean_eisenberg_hydrophobicity,ESM2_PC29,29,-0.006948591718888974,0.006948591718888974,0.852343937056291,720
mean_eisenberg_hydrophobicity,ESM2_PC30,30,-0.017715398876384302,0.017715398876384302,0.6350968100386954,720
mean_eisenberg_hydrophobicity,ESM2_PC31,31,0.018266454669867146,0.018266454669867146,0.6246083542000707,720
mean_eisenberg_hydrophobicity,ESM2_PC32,32,0.024688553408938437,0.024688553408938437,0.5083473688122602,720
mean_eisenberg_hydrophobicity,ESM2_PC33,33,0.022272202689767866,0.022272202689767866,0.5507333692902745,720
mean_eisenberg_hydrophobicity,ESM2_PC34,34,-0.06588352657768423,0.06588352657768423,0.07728037662230107,720
mean_eisenberg_hydrophobicity,ESM2_PC35,35,0.019529574857402383,0.019529574857402383,0.600853957907024,720
mean_eisenberg_hydrophobicity,ESM2_PC36,36,0.0063431376522105065,0.0063431376522105065,0.8650807410079158,720
mean_eisenberg_hydrophobicity,ESM2_PC37,37,-0.022599235334534933,0.022599235334534933,0.5448967652095228,720
mean_eisenberg_hydrophobicity,ESM2_PC38,38,-0.018211124038561198,0.018211124038561198,0.6256581092150704,720
mean_eisenberg_hydrophobicity,ESM2_PC39,39,0.005041019175439872,0.005041019175439872,0.8925877010250095,720
mean_eisenberg_hydrophobicity,ESM2_PC40,40,-4.5749847965349364e-05,4.5749847965349364e-05,0.9990222212070629,720
mean_eisenberg_hydrophobicity,ESM2_PC41,41,0.028664224842211195,0.028664224842211195,0.44250899908618996,720
mean_eisenberg_hydrophobicity,ESM2_PC42,42,0.02548858096815822,0.02548858096815822,0.4946997301259854,720
mean_eisenberg_hydrophobicity,ESM2_PC43,43,0.017400663713589653,0.017400663713589653,0.6411204175682077,720
mean_eisenberg_hydrophobicity,ESM2_PC44,44,0.061059521789992854,0.061059521789992854,0.10161377867487038,720
mean_eisenberg_hydrophobicity,ESM2_PC45,45,-0.06620202332319985,0.06620202332319985,0.07585694095368546,720
mean_eisenberg_hydrophobicity,ESM2_PC46,46,-0.06605567525015821,0.06605567525015821,0.0765083309419472,720
mean_eisenberg_hydrophobicity,ESM2_PC47,47,-0.003728355406938642,0.003728355406938642,0.9204484886181634,720
mean_eisenberg_hydrophobicity,ESM2_PC48,48,-0.06983624271127516,0.06983624271127516,0.06107746201042617,720
mean_eisenberg_hydrophobicity,ESM2_PC49,49,0.023340347506265957,0.023340347506265957,0.5317845134380618,720
mean_eisenberg_hydrophobicity,ESM2_PC50,50,0.037989333083764024,0.037989333083764024,0.3086983396503561,720
mean_eisenberg_hydrophobicity,ESM2_PC51,51,0.07778536720852368,0.07778536720852368,0.0369119732252988,720
mean_eisenberg_hydrophobicity,ESM2_PC52,52,0.029141769021236722,0.029141769021236722,0.43494196106722144,720
hydrophobic_moment,ESM2_PC01,1,-0.3092039786599382,0.3092039786599382,2.0425193644593536e-17,720
hydrophobic_moment,ESM2_PC02,2,0.12685968401430814,0.12685968401430814,0.0006451607123234485,720
hydrophobic_moment,ESM2_PC03,3,-0.08085001449977076,0.08085001449977076,0.030066270910220926,720
hydrophobic_moment,ESM2_PC04,4,0.06117405061866759,0.06117405061866759,0.10097267245180244,720
hydrophobic_moment,ESM2_PC05,5,-0.11408757218538872,0.11408757218538872,0.002169521536910814,720
hydrophobic_moment,ESM2_PC06,6,-0.029298442576728215,0.029298442576728215,0.4324756886491345,720
hydrophobic_moment,ESM2_PC07,7,0.12539983680524075,0.12539983680524075,0.0007454194157262758,720
hydrophobic_moment,ESM2_PC08,8,0.05579097053299357,0.05579097053299357,0.13475981465101136,720
hydrophobic_moment,ESM2_PC09,9,0.14594536897897822,0.14594536897897822,8.481021682292128e-05,720
hydrophobic_moment,ESM2_PC10,10,-0.07399290893693854,0.07399290893693854,0.047176789410777235,720
hydrophobic_moment,ESM2_PC11,11,-0.0628639329936979,0.0628639329936979,0.09188195191992315,720
hydrophobic_moment,ESM2_PC12,12,0.048384127541398286,0.048384127541398286,0.1947047697252043,720
hydrophobic_moment,ESM2_PC13,13,-0.2121503256500623,0.2121503256500623,9.016837387231683e-09,720
hydrophobic_moment,ESM2_PC14,14,0.16217495275518148,0.16217495275518148,1.22533737211181e-05,720
hydrophobic_moment,ESM2_PC15,15,0.01717901333400206,0.01717901333400206,0.645376733988154,720
hydrophobic_moment,ESM2_PC16,16,0.030854740589134365,0.030854740589134365,0.40841965720031304,720
hydrophobic_moment,ESM2_PC17,17,0.021554536177731825,0.021554536177731825,0.5636482925775212,720
hydrophobic_moment,ESM2_PC18,18,-0.0010417651268617414,0.0010417651268617414,0.9777379763448295,720
hydrophobic_moment,ESM2_PC19,19,-0.12066689943460539,0.12066689943460539,0.0011783574463304232,720
hydrophobic_moment,ESM2_PC20,20,0.030194052586263988,0.030194052586263988,0.418533442255211,720
hydrophobic_moment,ESM2_PC21,21,0.16977913409040782,0.16977913409040782,4.626813322117655e-06,720
hydrophobic_moment,ESM2_PC22,22,-0.03603819966216498,0.03603819966216498,0.33422441022061034,720
hydrophobic_moment,ESM2_PC23,23,-0.005748210676846727,0.005748210676846727,0.8776302701338831,720
hydrophobic_moment,ESM2_PC24,24,0.15039413013270986,0.15039413013270986,5.087904198256419e-05,720
hydrophobic_moment,ESM2_PC25,25,-0.09346786934388376,0.09346786934388376,0.01210243961288016,720
hydrophobic_moment,ESM2_PC26,26,-0.008598846319790998,0.008598846319790998,0.8178317595699718,720
hydrophobic_moment,ESM2_PC27,27,-0.047757358071035365,0.047757358071035365,0.20055630501118035,720
hydrophobic_moment,ESM2_PC28,28,0.09290472525345662,0.09290472525345662,0.012632687670502997,720
hydrophobic_moment,ESM2_PC29,29,-0.0007505801515820825,0.0007505801515820825,0.9839594614156472,720
hydrophobic_moment,ESM2_PC30,30,-0.00825551361017286,0.00825551361017286,0.8249853292098096,720
hydrophobic_moment,ESM2_PC31,31,0.07449699298545458,0.07449699298545458,0.04568759029160189,720
hydrophobic_moment,ESM2_PC32,32,-0.2344041944525356,0.2344041944525356,1.918585645637618e-10,720
hydrophobic_moment,ESM2_PC33,33,0.11269495118624842,0.11269495118624842,0.002459168717895811,720
hydrophobic_moment,ESM2_PC34,34,-0.05781675890578492,0.05781675890578492,0.12114448355025496,720
hydrophobic_moment,ESM2_PC35,35,-0.07139079486393042,0.07139079486393042,0.05552678505661345,720
hydrophobic_moment,ESM2_PC36,36,0.07646892965971512,0.07646892965971512,0.040236201921726264,720
hydrophobic_moment,ESM2_PC37,37,0.060957357813833234,0.060957357813833234,0.10218839485520013,720
hydrophobic_moment,ESM2_PC38,38,-0.03139357907712013,0.03139357907712013,0.400279693528103,720
hydrophobic_moment,ESM2_PC39,39,-0.1834894228834032,0.1834894228834032,7.154210034437795e-07,720
hydrophobic_moment,ESM2_PC40,40,0.13206773804219013,0.13206773804219013,0.00038062293707031105,720
hydrophobic_moment,ESM2_PC41,41,-0.020891533355581318,0.020891533355581318,0.5757074536597476,720
hydrophobic_moment,ESM2_PC42,42,0.1524169606808655,0.1524169606808655,4.013741715900937e-05,720
hydrophobic_moment,ESM2_PC43,43,0.030490767407601732,0.030490767407601732,0.41397326366520776,720
hydrophobic_moment,ESM2_PC44,44,0.0706320806946001,0.0706320806946001,0.05818109257724712,720
hydrophobic_moment,ESM2_PC45,45,-0.06025400640561935,0.06025400640561935,0.10621469739683793,720
hydrophobic_moment,ESM2_PC46,46,0.01590927065831531,0.01590927065831531,0.6699797661761442,720
hydrophobic_moment,ESM2_PC47,47,0.11944480345576797,0.11944480345576797,0.0013228599750319573,720
hydrophobic_moment,ESM2_PC48,48,-0.0002474606110994298,0.0002474606110994298,0.9947112386014179,720
hydrophobic_moment,ESM2_PC49,49,-0.02408749502474606,0.02408749502474606,0.5187289456693177,720
hydrophobic_moment,ESM2_PC50,50,0.019791126140289623,0.019791126140289623,0.5959865351387804,720
hydrophobic_moment,ESM2_PC51,51,-0.10750281154091731,0.10750281154091731,0.00387743810569301,720
hydrophobic_moment,ESM2_PC52,52,-0.06509438997117406,0.06509438997117406,0.0809009213087924,720
charge_density,ESM2_PC01,1,-0.3702751340661981,0.3702751340661981,8.140095203754653e-25,720
charge_density,ESM2_PC02,2,0.3783966831896775,0.3783966831896775,6.2931700533413e-26,720
charge_density,ESM2_PC03,3,-0.3005369428014841,0.3005369428014841,1.700418416647276e-16,720
charge_density,ESM2_PC04,4,-0.23334106788946998,0.23334106788946998,2.3274588987844844e-10,720
charge_density,ESM2_PC05,5,0.04609610559275279,0.04609610559275279,0.2166831771845097,720
charge_density,ESM2_PC06,6,0.05167445423054998,0.05167445423054998,0.16602574347680993,720
charge_density,ESM2_PC07,7,-0.0787881121697778,0.0787881121697778,0.034539168669134146,720
charge_density,ESM2_PC08,8,-0.265478096156005,0.265478096156005,4.438084289028302e-13,720
charge_density,ESM2_PC09,9,0.43498604874333824,0.43498604874333824,1.3497803869857143e-34,720
charge_density,ESM2_PC10,10,-0.019743621850605596,0.019743621850605596,0.5968692477717705,720
charge_density,ESM2_PC11,11,0.33875796339590036,0.33875796339590036,8.604935718659584e-21,720
charge_density,ESM2_PC12,12,-0.005014432546614545,0.005014432546614545,0.8931507991978141,720
charge_density,ESM2_PC13,13,-0.03162902153011672,0.03162902153011672,0.3967537467607525,720
charge_density,ESM2_PC14,14,0.07361463213724077,0.07361463213724077,0.048320895519471135,720
charge_density,ESM2_PC15,15,-0.1144422696648796,0.1144422696648796,0.002100914647526402,720
charge_density,ESM2_PC16,16,-0.014503108462873813,0.014503108462873813,0.6976434600325117,720
charge_density,ESM2_PC17,17,0.031237527445605266,0.031237527445605266,0.4026270193802478,720
charge_density,ESM2_PC18,18,-0.10765953900360507,0.10765953900360507,0.0038255516720180627,720
charge_density,ESM2_PC19,19,-0.01932656828533643,0.01932656828533643,0.60464418077936,720
charge_density,ESM2_PC20,20,0.07155267327133437,0.07155267327133437,0.05497369694518161,720
charge_density,ESM2_PC21,21,0.06669326942435964,0.06669326942435964,0.07370337022384232,720
charge_density,ESM2_PC22,22,-0.08161286882242307,0.08161286882242307,0.02854223148518925,720
charge_density,ESM2_PC23,23,0.02655057775559199,0.02655057775559199,0.4768894816602862,720
charge_density,ESM2_PC24,24,-0.004961609619715283,0.004961609619715283,0.8942697348492014,720
charge_density,ESM2_PC25,25,0.07364636447372865,0.07364636447372865,0.048224034991710844,720
charge_density,ESM2_PC26,26,-0.039381726448573705,0.039381726448573705,0.29128998978345527,720
charge_density,ESM2_PC27,27,-0.09805182663765345,0.09805182663765345,0.008468873728437498,720
charge_density,ESM2_PC28,28,0.03623022639600319,0.03623022639600319,0.3316535639268493,720
charge_density,ESM2_PC29,29,0.0029353054257086186,0.0029353054257086186,0.9373302424408307,720
charge_density,ESM2_PC30,30,0.047268449851984785,0.047268449851984785,0.20520891860686313,720
charge_density,ESM2_PC31,31,-0.023159927768913038,0.023159927768913038,0.5349618693798828,720
charge_density,ESM2_PC32,32,-0.04250006347673972,0.04250006347673972,0.2547325335880191,720
charge_density,ESM2_PC33,33,0.020137816559499002,0.020137816559499002,0.589562480451942,720
charge_density,ESM2_PC34,34,-0.022065387212113312,0.022065387212113312,0.554440216893084,720
charge_density,ESM2_PC35,35,0.033230797216368485,0.033230797216368485,0.3732659110519762,720
charge_density,ESM2_PC36,36,0.06452359101093287,0.06452359101093287,0.08360444622082978,720
charge_density,ESM2_PC37,37,0.03192520607914866,0.03192520607914866,0.3923447978817181,720
charge_density,ESM2_PC38,38,-0.007550849321051614,0.007550849321051614,0.8397123776922025,720
charge_density,ESM2_PC39,39,-0.009746553394444898,0.009746553394444898,0.7940313786665405,720
charge_density,ESM2_PC40,40,0.04933979660264749,0.04933979660264749,0.18602472087634772,720
charge_density,ESM2_PC41,41,0.0033700577257666123,0.0033700577257666123,0.9280716458116358,720
charge_density,ESM2_PC42,42,0.0010145345594845664,0.0010145345594845664,0.9783197357239134,720
charge_density,ESM2_PC43,43,-0.06163149557533539,0.06163149557533539,0.09844401459425907,720
charge_density,ESM2_PC44,44,-1.3342370458426132e-06,1.3342370458426132e-06,0.9999714842983799,720
charge_density,ESM2_PC45,45,0.006712723404230623,0.006712723404230623,0.8573014694115899,720
charge_density,ESM2_PC46,46,-0.031369118583644634,0.031369118583644634,0.4006470844085852,720
charge_density,ESM2_PC47,47,-0.04110162230124536,0.04110162230124536,0.270713265148203,720
charge_density,ESM2_PC48,48,0.028517130635148095,0.028517130635148095,0.4448548646792039,720
charge_density,ESM2_PC49,49,-0.020805465562209618,0.020805465562209618,0.5772817887353444,720
charge_density,ESM2_PC50,50,0.04938467840785222,0.04938467840785222,0.18562420653593537,720
charge_density,ESM2_PC51,51,0.0019082322530221579,0.0019082322530221579,0.9592344209471123,720
charge_density,ESM2_PC52,52,0.02276983222202795,0.02276983222202795,0.5418643091890865,720
aliphatic_index,ESM2_PC01,1,-0.14053975650853873,0.14053975650853873,0.00015475175726089002,720
aliphatic_index,ESM2_PC02,2,0.29715325228682643,0.29715325228682643,3.81565257349673e-16,720
aliphatic_index,ESM2_PC03,3,0.016502773342458473,0.016502773342458473,0.6584337849804948,720
aliphatic_index,ESM2_PC04,4,0.06358396198731533,0.06358396198731533,0.08821349578803231,720
aliphatic_index,ESM2_PC05,5,0.32569251392579823,0.32569251392579823,2.971377690065486e-19,720
aliphatic_index,ESM2_PC06,6,-0.03798752782485292,0.03798752782485292,0.3087213464281076,720
aliphatic_index,ESM2_PC07,7,0.402461272161062,0.402461272161062,2.0662155603818883e-29,720
aliphatic_index,ESM2_PC08,8,0.11371772428180107,0.11371772428180107,0.0022432363817296943,720
aliphatic_index,ESM2_PC09,9,-0.27193470054585533,0.27193470054585533,1.1324759423070357e-13,720
aliphatic_index,ESM2_PC10,10,-0.008929756911826589,0.008929756911826589,0.8109513031085084,720
aliphatic_index,ESM2_PC11,11,0.10814055461692719,0.10814055461692719,0.0036702130132517012,720
aliphatic_index,ESM2_PC12,12,-0.15280721492595156,0.15280721492595156,3.8329174917162004e-05,720
aliphatic_index,ESM2_PC13,13,-0.34032006966363665,0.34032006966363665,5.569976614538007e-21,720
aliphatic_index,ESM2_PC14,14,-0.09582244288305033,0.09582244288305033,0.010092596504722532,720
aliphatic_index,ESM2_PC15,15,0.12772739315041498,0.12772739315041498,0.0005916554122692649,720
aliphatic_index,ESM2_PC16,16,0.16328586055499134,0.16328586055499134,1.0657095213933927e-05,720
aliphatic_index,ESM2_PC17,17,-0.10310891683003554,0.10310891683003554,0.005618040089859377,720
aliphatic_index,ESM2_PC18,18,-0.23681176164110732,0.23681176164110732,1.2344327610295932e-10,720
aliphatic_index,ESM2_PC19,19,-0.036699300334699016,0.036699300334699016,0.32542741360664146,720
aliphatic_index,ESM2_PC20,20,-0.04878126569635877,0.04878126569635877,0.19106234717814113,720
aliphatic_index,ESM2_PC21,21,0.005214253361322279,0.005214253361322279,0.888919979813078,720
aliphatic_index,ESM2_PC22,22,-0.11880315007151357,0.11880315007151357,0.001405101653566755,720
aliphatic_index,ESM2_PC23,23,0.05884563439153828,0.05884563439153828,0.11465342898743944,720
aliphatic_index,ESM2_PC24,24,0.08570729226888962,0.08570729226888962,0.021447907219543663,720
aliphatic_index,ESM2_PC25,25,0.16748407365382337,0.16748407365382337,6.236380567532083e-06,720
aliphatic_index,ESM2_PC26,26,0.0761977791341897,0.0761977791341897,0.04095149172309604,720
aliphatic_index,ESM2_PC27,27,0.05306474226409754,0.05306474226409754,0.15490879028140078,720
aliphatic_index,ESM2_PC28,28,-0.02830821114149887,0.02830821114149887,0.44819885727960485,720
aliphatic_index,ESM2_PC29,29,-0.005277574025730932,0.005277574025730932,0.8875799398750214,720
aliphatic_index,ESM2_PC30,30,0.0672570267071421,0.0672570267071421,0.07129366998653777,720
aliphatic_index,ESM2_PC31,31,0.011517287783928664,0.011517287783928664,0.7576908424966188,720
aliphatic_index,ESM2_PC32,32,0.03249648969587688,0.03249648969587688,0.38392495181635417,720
aliphatic_index,ESM2_PC33,33,0.021165064699938275,0.021165064699938275,0.5707175537349432,720
aliphatic_index,ESM2_PC34,34,-0.10172328900841375,0.10172328900841375,0.006297615884704585,720
aliphatic_index,ESM2_PC35,35,-0.0016848376532131394,0.0016848376532131394,0.9640033546205949,720
aliphatic_index,ESM2_PC36,36,0.010497341219978362,0.010497341219978362,0.7785634754073459,720
aliphatic_index,ESM2_PC37,37,-0.1060024413165115,0.1060024413165115,0.004407405896239722,720
aliphatic_index,ESM2_PC38,38,0.006633382138675903,0.006633382138675903,0.858970355154759,720
aliphatic_index,ESM2_PC39,39,-0.0025912603451010126,0.0025912603451010126,0.944663175248086,720
aliphatic_index,ESM2_PC40,40,-0.060277012558655654,0.060277012558655654,0.10608104283989839,720
aliphatic_index,ESM2_PC41,41,0.043365636868408615,0.043365636868408615,0.24517572198005924,720
aliphatic_index,ESM2_PC42,42,-0.019072830347535364,0.019072830347535364,0.6093965687638614,720
aliphatic_index,ESM2_PC43,43,-0.012119051112558657,0.012119051112558657,0.7454572038648406,720
aliphatic_index,ESM2_PC44,44,0.039798797827792914,0.039798797827792914,0.2862063243119723,720
aliphatic_index,ESM2_PC45,45,-0.0006257316227740124,0.0006257316227740124,0.9866273068620036,720
aliphatic_index,ESM2_PC46,46,-0.026043327909748684,0.026043327909748684,0.4853523356678877,720
aliphatic_index,ESM2_PC47,47,-0.013292356178275537,0.013292356178275537,0.7217901215830029,720
aliphatic_index,ESM2_PC48,48,-0.07107904529252121,0.07107904529252121,0.056604974155141895,720
aliphatic_index,ESM2_PC49,49,0.0074731244253931515,0.0074731244253931515,0.841340313624453,720
aliphatic_index,ESM2_PC50,50,0.033497483463854144,0.033497483463854144,0.3694404574638426,720
aliphatic_index,ESM2_PC51,51,0.04143883357907487,0.04143883357907487,0.26679842869830234,720
aliphatic_index,ESM2_PC52,52,0.007391124245360518,0.007391124245360518,0.8430585287090603,720
boman_index,ESM2_PC01,1,0.2699447318361611,0.2699447318361611,1.7320094313223358e-13,720
boman_index,ESM2_PC02,2,-0.4840079369694606,0.4840079369694606,1.4837929776079997e-43,720
boman_index,ESM2_PC03,3,-0.11339178611543828,0.11339178611543828,0.0023100904505371084,720
boman_index,ESM2_PC04,4,0.012288910465828615,0.012288910465828615,0.7420154317599919,720
boman_index,ESM2_PC05,5,-0.29585468315590935,0.29585468315590935,5.188585482674712e-16,720
boman_index,ESM2_PC06,6,0.03404224974765868,0.03404224974765868,0.36170203672594187,720
boman_index,ESM2_PC07,7,-0.05507106660588464,0.05507106660588464,0.1398728485664748,720
boman_index,ESM2_PC08,8,-0.18984088581904604,0.18984088581904604,2.869031756672639e-07,720
boman_index,ESM2_PC09,9,0.28168879166575717,0.28168879166575717,1.3409325736328436e-14,720
boman_index,ESM2_PC10,10,-0.24514822476373244,0.24514822476373244,2.5824337338254322e-11,720
boman_index,ESM2_PC11,11,-0.07539664451965833,0.07539664451965833,0.04312797472949394,720
boman_index,ESM2_PC12,12,0.28534289497385207,0.28534289497385207,5.897977791761566e-15,720
boman_index,ESM2_PC13,13,-0.10479055991536933,0.10479055991536933,0.004882383356581606,720
boman_index,ESM2_PC14,14,0.17800079313110181,0.17800079313110181,1.5367388063145353e-06,720
boman_index,ESM2_PC15,15,-0.09743171662294976,0.09743171662294976,0.008895318117349095,720
boman_index,ESM2_PC16,16,-0.04338478081259649,0.04338478081259649,0.2449672295049406,720
boman_index,ESM2_PC17,17,-0.07705820265567856,0.07705820265567856,0.03871810688919769,720
boman_index,ESM2_PC18,18,0.13988881745188117,0.13988881745188117,0.0001661365605290869,720
boman_index,ESM2_PC19,19,-0.1279646839565308,0.1279646839565308,0.0005777582693085858,720
boman_index,ESM2_PC20,20,-0.04209510485686198,0.04209510485686198,0.2592913358926816,720
boman_index,ESM2_PC21,21,0.06906633660984537,0.06906633660984537,0.06399187310214205,720
boman_index,ESM2_PC22,22,-0.001816024111224061,0.001816024111224061,0.9612026747757261,720
boman_index,ESM2_PC23,23,-0.0014400749217046524,0.0014400749217046524,0.9692299155844891,720
boman_index,ESM2_PC24,24,-0.04651896601932624,0.04651896601932624,0.2124924685965013,720
boman_index,ESM2_PC25,25,-0.05395804031208321,0.05395804031208321,0.1480694388006208,720
boman_index,ESM2_PC26,26,-0.10444042739315947,0.10444042739315947,0.005027965195905061,720
boman_index,ESM2_PC27,27,-0.0795169267517735,0.0795169267517735,0.032897281707749505,720
boman_index,ESM2_PC28,28,0.022368406109101274,0.022368406109101274,0.5490132286064463,720
boman_index,ESM2_PC29,29,-0.010904551963112043,0.010904551963112043,0.7702100703355936,720
boman_index,ESM2_PC30,30,0.0229264544314242,0.0229264544314242,0.5390876795787609,720
boman_index,ESM2_PC31,31,-0.015526651694232115,0.015526651694232115,0.6774649054146726,720
boman_index,ESM2_PC32,32,-0.02671420641449511,0.02671420641449511,0.47417683366502494,720
boman_index,ESM2_PC33,33,-0.03294087792695775,0.03294087792695775,0.377452283218853,720
boman_index,ESM2_PC34,34,0.06335355502300621,0.06335355502300621,0.08937434547801161,720
boman_index,ESM2_PC35,35,-0.0404099001967992,0.0404099001967992,0.2788662414113906,720
boman_index,ESM2_PC36,36,-0.02647352948861814,0.02647352948861814,0.4781697237725907,720
boman_index,ESM2_PC37,37,-0.003897127203727254,0.003897127203727254,0.9168601750724181,720
boman_index,ESM2_PC38,38,0.009444383122268585,0.009444383122268585,0.8002800223939371,720
boman_index,ESM2_PC39,39,0.009781784137312108,0.009781784137312108,0.7933036841789188,720
boman_index,ESM2_PC40,40,-0.00903189515018717,0.00903189515018717,0.8088305079248843,720
boman_index,ESM2_PC41,41,-0.013508450606201039,0.013508450606201039,0.7174592790461303,720
boman_index,ESM2_PC42,42,-0.019114011040515532,0.019114011040515532,0.6086241483960587,720
boman_index,ESM2_PC43,43,-0.01498585199209794,0.01498585199209794,0.6880987979523069,720
boman_index,ESM2_PC44,44,-0.0742077918125947,0.0742077918125947,0.04653705874396351,720
boman_index,ESM2_PC45,45,0.06986633179373485,0.06986633179373485,0.0609658277521677,720
boman_index,ESM2_PC46,46,0.07802566859923848,0.07802566859923848,0.036331074758791784,720
boman_index,ESM2_PC47,47,0.015523726019605505,0.015523726019605505,0.6775222638928045,720
boman_index,ESM2_PC48,48,0.05011436293326518,0.05011436293326518,0.17920168425344804,720
boman_index,ESM2_PC49,49,-0.035376550279016664,0.035376550279016664,0.34318044332268227,720
boman_index,ESM2_PC50,50,-0.0426345220973594,0.0426345220973594,0.2532312486475653,720
boman_index,ESM2_PC51,51,-0.08344900129966698,0.08344900129966698,0.025143699711354453,720
boman_index,ESM2_PC52,52,-0.009704961065660624,0.009704961065660624,0.7948907026309217,720
hydrophobic_ratio,ESM2_PC01,1,-0.272993190414228,0.272993190414228,9.021081746207045e-14,720
hydrophobic_ratio,ESM2_PC02,2,0.30599500408586516,0.30599500408586516,4.5137094091301926e-17,720
hydrophobic_ratio,ESM2_PC03,3,0.24508065549898667,0.24508065549898667,2.616004548128055e-11,720
hydrophobic_ratio,ESM2_PC04,4,-0.18911222706261208,0.18911222706261208,3.191170736441787e-07,720
hydrophobic_ratio,ESM2_PC05,5,0.35502599533282925,0.35502599533282925,8.207896051352755e-23,720
hydrophobic_ratio,ESM2_PC06,6,0.06626839206492564,0.06626839206492564,0.07556302799323794,720
hydrophobic_ratio,ESM2_PC07,7,0.17083471243744194,0.17083471243744194,4.027828544401603e-06,720
hydrophobic_ratio,ESM2_PC08,8,0.18465114333703805,0.18465114333703805,6.067256641438606e-07,720
hydrophobic_ratio,ESM2_PC09,9,-0.2933120132207595,0.2933120132207595,9.428555699375168e-16,720
hydrophobic_ratio,ESM2_PC10,10,0.18829612514921878,0.18829612514921878,3.593338024534976e-07,720
hydrophobic_ratio,ESM2_PC11,11,0.16256159890334443,0.16256159890334443,1.16735724813667e-05,720
hydrophobic_ratio,ESM2_PC12,12,-0.16716340371951238,0.16716340371951238,6.499953910579197e-06,720
hydrophobic_ratio,ESM2_PC13,13,-0.13079724629636477,0.13079724629636477,0.0004336875954281185,720
hydrophobic_ratio,ESM2_PC14,14,-0.02051819644768507,0.02051819644768507,0.5825510535316964,720
hydrophobic_ratio,ESM2_PC15,15,0.15023282312627675,0.15023282312627675,5.184362015108171e-05,720
hydrophobic_ratio,ESM2_PC16,16,0.1452120232731665,0.1452120232731665,9.213488036839278e-05,720
hydrophobic_ratio,ESM2_PC17,17,0.26132056089717676,0.26132056089717676,1.048898365002279e-12,720
hydrophobic_ratio,ESM2_PC18,18,0.017813472756827434,0.017813472756827434,0.6332246982852624,720
hydrophobic_ratio,ESM2_PC19,19,-0.06661701047416056,0.06661701047416056,0.07403437261636106,720
hydrophobic_ratio,ESM2_PC20,20,0.136415636353394,0.136415636353394,0.0002413850607985003,720
hydrophobic_ratio,ESM2_PC21,21,0.037444659943870195,0.037444659943870195,0.31569115109750273,720
hydrophobic_ratio,ESM2_PC22,22,-0.14518365390130275,0.14518365390130275,9.242987624638539e-05,720
hydrophobic_ratio,ESM2_PC23,23,-0.0335517999409095,0.0335517999409095,0.3686643121183882,720
hydrophobic_ratio,ESM2_PC24,24,0.0008886335840880179,0.0008886335840880179,0.981009654520165,720
hydrophobic_ratio,ESM2_PC25,25,0.060883566853461725,0.060883566853461725,0.10260503119303517,720
hydrophobic_ratio,ESM2_PC26,26,0.06815254293231168,0.06815254293231168,0.06759869878505505,720
hydrophobic_ratio,ESM2_PC27,27,0.018124249254500346,0.018124249254500346,0.6273078610815013,720
hydrophobic_ratio,ESM2_PC28,28,-0.04962267920628325,0.04962267920628325,0.1835109743132689,720
hydrophobic_ratio,ESM2_PC29,29,-0.013570997235189885,0.013570997235189885,0.7162074369396574,720
hydrophobic_ratio,ESM2_PC30,30,0.0055872705929949995,0.0055872705929949995,0.8810305951972941,720
hydrophobic_ratio,ESM2_PC31,31,-0.02701515249992095,0.02701515249992095,0.4692098936186418,720
hydrophobic_ratio,ESM2_PC32,32,0.020107146121457475,0.020107146121457475,0.5901295068293746,720
hydrophobic_ratio,ESM2_PC33,33,-0.018773753479040728,0.018773753479040728,0.615019308678027,720
hydrophobic_ratio,ESM2_PC34,34,-0.04329632536307834,0.04329632536307834,0.24593161731791155,720
hydrophobic_ratio,ESM2_PC35,35,-0.04976063412229641,0.04976063412229641,0.18229422989357344,720
hydrophobic_ratio,ESM2_PC36,36,0.00535304636860521,0.00535304636860521,0.8859831560119225,720
hydrophobic_ratio,ESM2_PC37,37,-0.068273177092374,0.068273177092374,0.06711318905392652,720
hydrophobic_ratio,ESM2_PC38,38,0.03410517959876643,0.03410517959876643,0.3608146952148062,720
hydrophobic_ratio,ESM2_PC39,39,-0.03750228322016714,0.03750228322016714,0.31494647968964,720
hydrophobic_ratio,ESM2_PC40,40,0.015719977153868615,0.015719977153868615,0.6736788678414061,720
hydrophobic_ratio,ESM2_PC41,41,0.018672611200326955,0.018672611200326955,0.6169259559649919,720
hydrophobic_ratio,ESM2_PC42,42,-0.018611144227955505,0.018611144227955505,0.6180859399899915,720
hydrophobic_ratio,ESM2_PC43,43,-0.031414109874299,0.031414109874299,0.3999714818011398,720
hydrophobic_ratio,ESM2_PC44,44,0.013683043388123397,0.013683043388123397,0.713966788564275,720
hydrophobic_ratio,ESM2_PC45,45,-0.05186358618254315,0.05186358618254315,0.16447916255889425,720
hydrophobic_ratio,ESM2_PC46,46,-0.03498712290014735,0.03498712290014735,0.3485225694059892,720
hydrophobic_ratio,ESM2_PC47,47,0.029161301914377442,0.029161301914377442,0.43463404320586124,720
hydrophobic_ratio,ESM2_PC48,48,-0.07110329533675866,0.07110329533675866,0.05652048607528493,720
hydrophobic_ratio,ESM2_PC49,49,0.01273691518702127,0.01273691518702127,0.7329625702465822,720
hydrophobic_ratio,ESM2_PC50,50,0.03849633700412299,0.03849633700412299,0.30228169308853725,720
hydrophobic_ratio,ESM2_PC51,51,0.048502201594537775,0.048502201594537775,0.1936165621433697,720
hydrophobic_ratio,ESM2_PC52,52,0.04391520867830547,0.04391520867830547,0.23923977576548935,720
